timestamp,open,high,low,close,volume,oi
2025-11-17 09:15:00+05:30,1518.9,1519.0,1510.2,1512.2,65358,0
2025-11-17 09:20:00+05:30,1512.2,1514.0,1511.4,1512.5,23360,0
2025-11-17 09:25:00+05:30,1512.5,1515.8,1512.3,1513.5,31718,0
2025-11-17 09:30:00+05:30,1513.8,1514.8,1512.6,1513.2,18690,0
2025-11-17 09:35:00+05:30,1513.0,1514.7,1512.0,1513.5,17120,0
2025-11-17 09:40:00+05:30,1513.4,1513.5,1508.1,1509.0,39132,0
2025-11-17 09:45:00+05:30,1509.2,1512.0,1508.1,1510.9,36325,0
2025-11-17 09:50:00+05:30,1511.3,1511.7,1510.1,1510.1,17665,0
2025-11-17 09:55:00+05:30,1510.3,1510.4,1509.0,1509.6,18453,0
2025-11-17 10:00:00+05:30,1509.6,1511.5,1509.6,1510.5,15040,0
2025-11-17 10:05:00+05:30,1510.5,1510.7,1509.1,1509.9,12143,0
2025-11-17 10:10:00+05:30,1509.9,1511.9,1509.8,1510.8,13746,0
2025-11-17 10:15:00+05:30,1511.0,1511.2,1510.0,1510.2,12470,0
2025-11-17 10:20:00+05:30,1510.0,1510.2,1509.0,1509.1,9621,0
2025-11-17 10:25:00+05:30,1509.1,1509.2,1507.3,1507.8,15312,0
2025-11-17 10:30:00+05:30,1507.5,1510.0,1506.6,1509.3,17500,0
2025-11-17 10:35:00+05:30,1509.3,1509.8,1506.5,1507.4,11530,0
2025-11-17 10:40:00+05:30,1507.4,1507.4,1504.7,1507.2,58661,0
2025-11-17 10:45:00+05:30,1507.0,1507.9,1505.5,1506.1,42179,0
2025-11-17 10:50:00+05:30,1506.3,1506.4,1503.2,1505.0,18481,0
2025-11-17 10:55:00+05:30,1504.9,1506.4,1504.4,1506.3,37138,0
2025-11-17 11:00:00+05:30,1506.3,1508.0,1506.2,1506.9,18222,0
2025-11-17 11:05:00+05:30,1506.9,1507.9,1505.2,1506.0,45514,0
2025-11-17 11:10:00+05:30,1506.0,1507.4,1504.4,1507.4,34776,0
2025-11-17 11:15:00+05:30,1507.4,1508.0,1504.6,1504.8,64397,0
2025-11-17 11:20:00+05:30,1504.6,1505.5,1504.1,1504.9,14145,0
2025-11-17 11:25:00+05:30,1504.7,1505.2,1503.0,1503.6,23771,0
2025-11-17 11:30:00+05:30,1503.6,1506.7,1503.5,1506.7,70489,0
2025-11-17 11:35:00+05:30,1506.7,1507.3,1504.4,1506.3,51817,0
2025-11-17 11:40:00+05:30,1506.4,1508.8,1506.3,1508.7,18333,0
2025-11-17 11:45:00+05:30,1508.7,1508.9,1506.3,1508.0,14021,0
2025-11-17 11:50:00+05:30,1508.0,1509.6,1507.5,1508.6,26558,0
2025-11-17 11:55:00+05:30,1508.4,1508.6,1507.5,1508.4,15429,0
2025-11-17 12:00:00+05:30,1508.3,1509.7,1506.9,1509.3,24666,0
2025-11-17 12:05:00+05:30,1509.2,1509.8,1508.5,1509.1,11891,0
2025-11-17 12:10:00+05:30,1509.1,1509.8,1508.3,1508.8,19593,0
2025-11-17 12:15:00+05:30,1508.8,1509.9,1508.5,1509.2,15324,0
2025-11-17 12:20:00+05:30,1509.1,1509.6,1507.9,1509.2,9972,0
2025-11-17 12:25:00+05:30,1509.5,1510.5,1508.9,1510.0,19922,0
2025-11-17 12:30:00+05:30,1510.0,1510.8,1509.0,1509.9,19684,0
2025-11-17 12:35:00+05:30,1509.9,1510.0,1509.2,1509.6,7179,0
2025-11-17 12:40:00+05:30,1509.6,1510.0,1508.7,1509.5,12821,0
2025-11-17 12:45:00+05:30,1509.6,1510.3,1509.3,1510.0,10989,0
2025-11-17 12:50:00+05:30,1509.9,1510.7,1509.7,1510.0,9169,0
2025-11-17 12:55:00+05:30,1509.8,1510.4,1509.8,1510.1,6452,0
2025-11-17 13:00:00+05:30,1510.1,1510.5,1510.0,1510.5,12473,0
2025-11-17 13:05:00+05:30,1510.5,1510.5,1507.9,1508.1,59533,0
2025-11-17 13:10:00+05:30,1508.3,1508.5,1506.8,1507.6,19603,0
2025-11-17 13:15:00+05:30,1507.6,1508.3,1507.2,1508.1,8440,0
2025-11-17 13:20:00+05:30,1508.2,1508.3,1507.7,1507.7,9030,0
2025-11-17 13:25:00+05:30,1507.9,1508.7,1507.6,1508.3,5846,0
2025-11-17 13:30:00+05:30,1508.3,1508.6,1507.8,1508.2,8433,0
2025-11-17 13:35:00+05:30,1508.2,1509.6,1507.8,1507.9,28866,0
2025-11-17 13:40:00+05:30,1507.9,1508.0,1507.2,1507.7,10610,0
2025-11-17 13:45:00+05:30,1507.7,1507.9,1507.3,1507.8,6051,0
2025-11-17 13:50:00+05:30,1507.8,1508.9,1507.6,1508.3,14244,0
2025-11-17 13:55:00+05:30,1508.3,1508.5,1507.7,1508.0,10014,0
2025-11-17 14:00:00+05:30,1508.0,1508.5,1507.3,1508.4,15830,0
2025-11-17 14:05:00+05:30,1508.4,1508.7,1507.2,1507.5,11345,0
2025-11-17 14:10:00+05:30,1507.6,1507.8,1507.1,1507.3,6674,0
2025-11-17 14:15:00+05:30,1507.3,1508.0,1506.0,1506.0,15848,0
2025-11-17 14:20:00+05:30,1506.1,1507.7,1505.8,1507.4,42904,0
2025-11-17 14:25:00+05:30,1507.4,1507.6,1506.1,1506.5,11744,0
2025-11-17 14:30:00+05:30,1506.5,1507.4,1506.4,1507.0,10934,0
2025-11-17 14:35:00+05:30,1506.8,1507.5,1506.3,1506.3,13185,0
2025-11-17 14:40:00+05:30,1506.9,1507.5,1505.6,1505.9,10525,0
2025-11-17 14:45:00+05:30,1505.9,1507.0,1505.4,1506.1,35889,0
2025-11-17 14:50:00+05:30,1506.0,1506.9,1505.0,1506.9,15933,0
2025-11-17 14:55:00+05:30,1506.6,1506.9,1506.0,1506.3,8365,0
2025-11-17 15:00:00+05:30,1506.3,1507.1,1506.3,1506.9,24693,0
2025-11-17 15:05:00+05:30,1506.9,1508.5,1505.6,1508.3,44545,0
2025-11-17 15:10:00+05:30,1508.0,1508.4,1506.4,1506.7,41434,0
2025-11-17 15:15:00+05:30,1506.7,1508.2,1506.0,1507.9,69811,0
2025-11-17 15:20:00+05:30,1507.9,1509.5,1507.2,1509.4,43277,0
2025-11-17 15:25:00+05:30,1509.0,1509.9,1509.0,1509.8,36769,0
2025-11-18 09:15:00+05:30,1518.9,1518.9,1502.0,1505.8,110479,0
2025-11-18 09:20:00+05:30,1506.0,1509.0,1504.3,1508.4,27627,0
2025-11-18 09:25:00+05:30,1508.6,1514.9,1508.6,1513.9,39027,0
2025-11-18 09:30:00+05:30,1514.0,1515.9,1511.5,1511.8,45479,0
2025-11-18 09:35:00+05:30,1511.5,1511.6,1509.0,1509.0,24223,0
2025-11-18 09:40:00+05:30,1508.6,1511.3,1507.8,1510.8,11889,0
2025-11-18 09:45:00+05:30,1510.5,1511.0,1507.5,1507.8,13764,0
2025-11-18 09:50:00+05:30,1507.5,1507.6,1505.3,1505.6,11877,0
2025-11-18 09:55:00+05:30,1506.0,1506.5,1504.8,1504.8,14423,0
2025-11-18 10:00:00+05:30,1504.8,1506.3,1504.2,1506.3,12164,0
2025-11-18 10:05:00+05:30,1506.1,1507.3,1506.1,1506.1,8556,0
2025-11-18 10:10:00+05:30,1506.1,1506.5,1505.6,1505.8,3907,0
2025-11-18 10:15:00+05:30,1505.8,1506.8,1505.1,1505.4,13543,0
2025-11-18 10:20:00+05:30,1505.3,1506.9,1505.3,1505.8,10460,0
2025-11-18 10:25:00+05:30,1505.6,1505.6,1502.9,1503.3,19167,0
2025-11-18 10:30:00+05:30,1503.0,1503.3,1500.4,1500.7,13259,0
2025-11-18 10:35:00+05:30,1500.5,1500.9,1495.5,1497.5,36535,0
2025-11-18 10:40:00+05:30,1496.9,1498.0,1495.2,1496.9,13546,0
2025-11-18 10:45:00+05:30,1497.0,1499.0,1497.0,1499.0,6279,0
2025-11-18 10:50:00+05:30,1499.0,1499.6,1496.0,1496.2,13231,0
2025-11-18 10:55:00+05:30,1496.2,1497.3,1495.5,1495.9,11561,0
2025-11-18 11:00:00+05:30,1495.9,1498.9,1495.5,1498.3,11472,0
2025-11-18 11:05:00+05:30,1497.7,1498.0,1496.8,1497.2,5091,0
2025-11-18 11:10:00+05:30,1497.2,1498.3,1496.5,1497.1,10722,0
2025-11-18 11:15:00+05:30,1497.1,1499.0,1496.8,1499.0,9298,0
2025-11-18 11:20:00+05:30,1499.0,1499.0,1496.3,1496.5,10614,0
2025-11-18 11:25:00+05:30,1496.5,1497.3,1495.2,1495.2,18378,0
2025-11-18 11:30:00+05:30,1495.3,1496.7,1495.1,1496.7,15074,0
2025-11-18 11:35:00+05:30,1496.7,1497.9,1496.4,1497.0,5755,0
2025-11-18 11:40:00+05:30,1497.0,1498.1,1496.9,1497.7,4475,0
2025-11-18 11:45:00+05:30,1497.5,1499.0,1497.2,1498.9,14919,0
2025-11-18 11:50:00+05:30,1498.9,1500.1,1498.0,1499.1,24856,0
2025-11-18 11:55:00+05:30,1499.2,1499.5,1498.1,1498.8,11837,0
2025-11-18 12:00:00+05:30,1498.9,1499.0,1496.0,1496.2,29917,0
2025-11-18 12:05:00+05:30,1496.0,1496.3,1495.1,1495.6,16454,0
2025-11-18 12:10:00+05:30,1495.8,1496.5,1494.0,1494.0,40182,0
2025-11-18 12:15:00+05:30,1494.0,1494.4,1492.7,1494.0,18839,0
2025-11-18 12:20:00+05:30,1494.0,1494.3,1493.0,1493.0,10132,0
2025-11-18 12:25:00+05:30,1493.2,1493.9,1492.1,1493.2,20352,0
2025-11-18 12:30:00+05:30,1493.7,1494.1,1492.1,1492.2,9952,0
2025-11-18 12:35:00+05:30,1492.2,1492.6,1490.4,1491.3,20803,0
2025-11-18 12:40:00+05:30,1491.3,1493.0,1490.9,1490.9,10442,0
2025-11-18 12:45:00+05:30,1491.1,1491.6,1490.2,1490.3,16762,0
2025-11-18 12:50:00+05:30,1490.7,1491.8,1490.2,1491.7,8324,0
2025-11-18 12:55:00+05:30,1492.0,1493.3,1491.8,1492.0,7634,0
2025-11-18 13:00:00+05:30,1492.3,1494.0,1492.0,1493.8,7401,0
2025-11-18 13:05:00+05:30,1493.8,1495.0,1493.6,1494.6,13188,0
2025-11-18 13:10:00+05:30,1494.6,1495.6,1494.1,1495.2,12961,0
2025-11-18 13:15:00+05:30,1495.2,1496.8,1495.2,1496.1,7097,0
2025-11-18 13:20:00+05:30,1496.6,1498.6,1496.1,1497.1,17580,0
2025-11-18 13:25:00+05:30,1497.1,1497.8,1496.2,1496.9,13160,0
2025-11-18 13:30:00+05:30,1496.5,1499.0,1496.5,1498.9,24711,0
2025-11-18 13:35:00+05:30,1498.9,1501.4,1498.2,1500.2,60760,0
2025-11-18 13:40:00+05:30,1500.3,1500.9,1498.4,1500.5,35731,0
2025-11-18 13:45:00+05:30,1500.5,1501.8,1500.2,1501.0,17512,0
2025-11-18 13:50:00+05:30,1501.2,1502.8,1501.0,1501.8,14297,0
2025-11-18 13:55:00+05:30,1501.9,1501.9,1499.4,1500.0,21181,0
2025-11-18 14:00:00+05:30,1500.3,1500.6,1498.6,1500.6,88047,0
2025-11-18 14:05:00+05:30,1500.6,1501.5,1497.5,1498.6,110969,0
2025-11-18 14:10:00+05:30,1498.5,1499.0,1497.9,1498.3,35287,0
2025-11-18 14:15:00+05:30,1498.9,1499.0,1496.1,1498.3,32608,0
2025-11-18 14:20:00+05:30,1498.4,1498.9,1497.5,1498.7,19294,0
2025-11-18 14:25:00+05:30,1498.8,1499.0,1497.6,1498.0,27492,0
2025-11-18 14:30:00+05:30,1498.2,1498.5,1496.8,1497.0,10702,0
2025-11-18 14:35:00+05:30,1497.0,1497.8,1496.0,1497.1,26398,0
2025-11-18 14:40:00+05:30,1496.8,1497.9,1496.7,1497.0,28121,0
2025-11-18 14:45:00+05:30,1497.0,1498.0,1495.8,1497.2,26657,0
2025-11-18 14:50:00+05:30,1497.2,1499.0,1496.7,1498.1,43464,0
2025-11-18 14:55:00+05:30,1497.9,1499.0,1497.5,1497.5,23819,0
2025-11-18 15:00:00+05:30,1498.0,1498.2,1494.3,1494.5,27017,0
2025-11-18 15:05:00+05:30,1494.5,1496.4,1494.0,1495.6,34062,0
2025-11-18 15:10:00+05:30,1495.6,1496.6,1495.5,1496.0,35568,0
2025-11-18 15:15:00+05:30,1496.3,1497.9,1494.3,1494.6,58741,0
2025-11-18 15:20:00+05:30,1494.6,1494.9,1492.3,1493.5,62593,0
2025-11-18 15:25:00+05:30,1493.8,1495.0,1491.2,1491.2,68375,0
2025-11-19 09:15:00+05:30,1499.0,1499.5,1484.9,1485.0,68584,0
2025-11-19 09:20:00+05:30,1485.0,1493.4,1483.0,1492.1,41821,0
2025-11-19 09:25:00+05:30,1492.2,1493.9,1491.0,1491.4,22491,0
2025-11-19 09:30:00+05:30,1492.0,1492.0,1487.5,1487.5,23479,0
2025-11-19 09:35:00+05:30,1487.9,1489.7,1487.2,1489.6,15781,0
2025-11-19 09:40:00+05:30,1489.6,1489.8,1486.6,1487.0,17237,0
2025-11-19 09:45:00+05:30,1487.0,1487.0,1484.6,1486.1,25660,0
2025-11-19 09:50:00+05:30,1486.1,1488.2,1485.5,1488.2,24271,0
2025-11-19 09:55:00+05:30,1488.2,1489.1,1487.6,1488.6,13196,0
2025-11-19 10:00:00+05:30,1488.9,1489.2,1486.8,1488.3,15873,0
2025-11-19 10:05:00+05:30,1488.0,1490.0,1487.5,1489.7,12252,0
2025-11-19 10:10:00+05:30,1490.0,1494.8,1489.4,1494.0,32874,0
2025-11-19 10:15:00+05:30,1494.5,1495.0,1493.2,1493.2,21250,0
2025-11-19 10:20:00+05:30,1494.1,1494.2,1491.0,1491.3,14367,0
2025-11-19 10:25:00+05:30,1491.1,1492.0,1488.9,1489.3,12988,0
2025-11-19 10:30:00+05:30,1489.3,1490.9,1489.1,1490.1,7159,0
2025-11-19 10:35:00+05:30,1490.1,1490.1,1488.1,1488.8,8060,0
2025-11-19 10:40:00+05:30,1488.8,1489.0,1485.7,1486.0,11952,0
2025-11-19 10:45:00+05:30,1486.0,1486.5,1483.8,1485.2,27977,0
2025-11-19 10:50:00+05:30,1485.2,1486.3,1484.1,1484.3,13479,0
2025-11-19 10:55:00+05:30,1484.3,1484.9,1481.1,1481.9,23076,0
2025-11-19 11:00:00+05:30,1481.9,1482.2,1481.0,1481.4,13349,0
2025-11-19 11:05:00+05:30,1481.2,1482.3,1480.0,1480.5,25739,0
2025-11-19 11:10:00+05:30,1480.0,1481.0,1479.4,1480.2,10272,0
2025-11-19 11:15:00+05:30,1480.2,1480.5,1479.1,1479.9,16314,0
2025-11-19 11:20:00+05:30,1479.5,1479.9,1478.0,1478.7,17117,0
2025-11-19 11:25:00+05:30,1478.7,1480.3,1478.1,1479.6,19950,0
2025-11-19 11:30:00+05:30,1479.6,1481.4,1479.5,1481.3,11139,0
2025-11-19 11:35:00+05:30,1481.3,1481.7,1479.3,1480.3,14800,0
2025-11-19 11:40:00+05:30,1480.3,1480.8,1479.5,1479.5,13558,0
2025-11-19 11:45:00+05:30,1480.5,1480.6,1479.7,1480.1,9981,0
2025-11-19 11:50:00+05:30,1480.1,1480.9,1479.7,1480.2,11586,0
2025-11-19 11:55:00+05:30,1480.2,1480.7,1479.4,1480.5,6197,0
2025-11-19 12:00:00+05:30,1480.5,1482.6,1479.5,1482.5,14042,0
2025-11-19 12:05:00+05:30,1482.5,1483.0,1481.9,1482.6,8459,0
2025-11-19 12:10:00+05:30,1482.7,1483.5,1481.9,1483.2,12533,0
2025-11-19 12:15:00+05:30,1483.2,1484.3,1481.9,1482.5,12556,0
2025-11-19 12:20:00+05:30,1482.5,1483.8,1481.9,1483.8,17814,0
2025-11-19 12:25:00+05:30,1483.8,1486.4,1483.3,1485.8,17954,0
2025-11-19 12:30:00+05:30,1485.8,1488.8,1485.5,1487.7,16716,0
2025-11-19 12:35:00+05:30,1487.5,1488.5,1486.4,1488.5,20847,0
2025-11-19 12:40:00+05:30,1488.2,1489.8,1487.1,1487.4,15264,0
2025-11-19 12:45:00+05:30,1488.0,1488.2,1486.3,1486.5,10562,0
2025-11-19 12:50:00+05:30,1487.0,1487.0,1484.1,1485.0,24186,0
2025-11-19 12:55:00+05:30,1485.0,1485.0,1484.1,1484.4,9868,0
2025-11-19 13:00:00+05:30,1484.3,1485.5,1483.3,1485.0,26496,0
2025-11-19 13:05:00+05:30,1485.0,1488.7,1485.0,1486.5,45074,0
2025-11-19 13:10:00+05:30,1486.5,1487.0,1485.4,1486.7,59422,0
2025-11-19 13:15:00+05:30,1486.7,1487.4,1485.1,1485.5,72182,0
2025-11-19 13:20:00+05:30,1485.7,1488.6,1484.8,1486.8,62607,0
2025-11-19 13:25:00+05:30,1486.8,1486.8,1484.7,1485.7,21094,0
2025-11-19 13:30:00+05:30,1485.6,1485.9,1484.8,1484.9,6223,0
2025-11-19 13:35:00+05:30,1484.8,1484.9,1482.9,1483.8,10036,0
2025-11-19 13:40:00+05:30,1483.7,1484.2,1482.2,1482.8,10441,0
2025-11-19 13:45:00+05:30,1482.8,1483.1,1482.1,1483.0,7850,0
2025-11-19 13:50:00+05:30,1482.4,1483.2,1482.0,1482.6,8377,0
2025-11-19 13:55:00+05:30,1482.6,1484.2,1482.0,1484.0,13746,0
2025-11-19 14:00:00+05:30,1484.0,1485.0,1482.6,1484.7,39369,0
2025-11-19 14:05:00+05:30,1484.9,1485.4,1483.8,1484.1,6899,0
2025-11-19 14:10:00+05:30,1484.0,1485.0,1483.3,1485.0,7778,0
2025-11-19 14:15:00+05:30,1485.0,1485.1,1484.0,1484.4,17152,0
2025-11-19 14:20:00+05:30,1484.5,1484.5,1482.8,1484.0,13861,0
2025-11-19 14:25:00+05:30,1483.7,1484.6,1483.3,1483.9,9966,0
2025-11-19 14:30:00+05:30,1483.9,1485.0,1483.3,1483.6,17502,0
2025-11-19 14:35:00+05:30,1483.6,1483.9,1482.8,1483.6,7302,0
2025-11-19 14:40:00+05:30,1483.6,1485.0,1482.3,1484.4,36003,0
2025-11-19 14:45:00+05:30,1484.4,1485.0,1482.3,1482.6,15285,0
2025-11-19 14:50:00+05:30,1482.6,1485.6,1482.2,1485.4,36971,0
2025-11-19 14:55:00+05:30,1485.4,1486.0,1483.0,1484.0,51500,0
2025-11-19 15:00:00+05:30,1484.0,1485.0,1482.4,1482.4,57380,0
2025-11-19 15:05:00+05:30,1482.4,1484.2,1482.1,1484.0,27828,0
2025-11-19 15:10:00+05:30,1483.9,1485.4,1483.0,1485.2,67877,0
2025-11-19 15:15:00+05:30,1484.7,1485.8,1484.3,1485.2,52225,0
2025-11-19 15:20:00+05:30,1485.0,1485.7,1483.3,1483.4,68721,0
2025-11-19 15:25:00+05:30,1483.5,1486.0,1482.1,1484.0,64224,0
2025-11-20 09:15:00+05:30,1500.0,1500.9,1492.1,1498.3,128953,0
2025-11-20 09:20:00+05:30,1498.8,1499.0,1495.4,1497.9,39469,0
2025-11-20 09:25:00+05:30,1498.0,1504.0,1497.5,1503.5,74504,0
2025-11-20 09:30:00+05:30,1504.0,1505.0,1498.0,1498.1,58727,0
2025-11-20 09:35:00+05:30,1498.9,1501.5,1495.5,1497.3,37186,0
2025-11-20 09:40:00+05:30,1497.3,1500.0,1496.4,1498.0,36917,0
2025-11-20 09:45:00+05:30,1497.4,1499.5,1496.6,1497.7,19574,0
2025-11-20 09:50:00+05:30,1497.7,1499.0,1496.7,1497.2,13022,0
2025-11-20 09:55:00+05:30,1497.4,1497.4,1495.3,1495.5,18015,0
2025-11-20 10:00:00+05:30,1495.9,1497.5,1494.1,1497.2,26479,0
2025-11-20 10:05:00+05:30,1497.2,1498.0,1496.4,1497.0,8919,0
2025-11-20 10:10:00+05:30,1496.5,1500.0,1496.5,1499.8,19884,0
2025-11-20 10:15:00+05:30,1499.7,1500.0,1498.5,1499.2,9190,0
2025-11-20 10:20:00+05:30,1498.7,1499.7,1497.8,1499.3,8470,0
2025-11-20 10:25:00+05:30,1498.6,1500.0,1498.2,1500.0,9055,0
2025-11-20 10:30:00+05:30,1500.0,1500.0,1498.7,1499.6,12140,0
2025-11-20 10:35:00+05:30,1499.4,1500.0,1498.9,1499.6,9732,0
2025-11-20 10:40:00+05:30,1499.5,1501.2,1498.4,1498.4,22497,0
2025-11-20 10:45:00+05:30,1498.6,1499.0,1497.4,1499.0,9875,0
2025-11-20 10:50:00+05:30,1499.0,1499.0,1498.0,1498.0,6932,0
2025-11-20 10:55:00+05:30,1498.0,1498.9,1497.3,1498.1,6336,0
2025-11-20 11:00:00+05:30,1498.4,1498.7,1497.0,1498.7,8653,0
2025-11-20 11:05:00+05:30,1498.3,1498.7,1497.0,1497.9,8078,0
2025-11-20 11:10:00+05:30,1497.9,1499.0,1497.9,1498.5,4841,0
2025-11-20 11:15:00+05:30,1498.2,1498.8,1497.2,1497.3,8127,0
2025-11-20 11:20:00+05:30,1497.3,1498.4,1497.0,1498.2,6119,0
2025-11-20 11:25:00+05:30,1497.9,1498.4,1497.0,1497.1,5486,0
2025-11-20 11:30:00+05:30,1497.7,1499.0,1496.2,1499.0,10590,0
2025-11-20 11:35:00+05:30,1499.0,1499.0,1498.1,1498.4,5632,0
2025-11-20 11:40:00+05:30,1498.4,1499.0,1497.3,1498.4,7242,0
2025-11-20 11:45:00+05:30,1497.7,1498.5,1496.8,1497.2,5336,0
2025-11-20 11:50:00+05:30,1497.5,1498.0,1496.9,1497.3,4763,0
2025-11-20 11:55:00+05:30,1497.3,1498.8,1497.3,1498.7,5575,0
2025-11-20 12:00:00+05:30,1498.7,1498.9,1497.2,1497.6,6556,0
2025-11-20 12:05:00+05:30,1498.2,1498.3,1497.2,1498.0,4715,0
2025-11-20 12:10:00+05:30,1498.0,1498.0,1497.3,1497.6,7828,0
2025-11-20 12:15:00+05:30,1497.8,1498.0,1497.4,1497.6,7275,0
2025-11-20 12:20:00+05:30,1497.9,1498.8,1497.1,1498.0,16658,0
2025-11-20 12:25:00+05:30,1498.0,1498.7,1497.8,1497.9,18119,0
2025-11-20 12:30:00+05:30,1497.9,1498.7,1497.6,1498.0,7168,0
2025-11-20 12:35:00+05:30,1497.8,1498.0,1496.7,1496.8,5743,0
2025-11-20 12:40:00+05:30,1497.0,1497.0,1495.5,1496.0,13489,0
2025-11-20 12:45:00+05:30,1496.0,1496.8,1495.7,1496.1,13372,0
2025-11-20 12:50:00+05:30,1496.3,1497.0,1495.8,1495.9,8251,0
2025-11-20 12:55:00+05:30,1495.9,1496.6,1495.5,1496.1,7384,0
2025-11-20 13:00:00+05:30,1496.1,1496.6,1495.6,1496.6,7592,0
2025-11-20 13:05:00+05:30,1496.6,1496.6,1495.3,1495.9,7068,0
2025-11-20 13:10:00+05:30,1496.0,1498.0,1495.9,1497.6,16407,0
2025-11-20 13:15:00+05:30,1497.5,1498.0,1496.6,1496.7,15200,0
2025-11-20 13:20:00+05:30,1496.9,1498.0,1496.3,1497.0,39917,0
2025-11-20 13:25:00+05:30,1497.0,1499.8,1496.7,1499.6,24149,0
2025-11-20 13:30:00+05:30,1499.8,1499.8,1498.7,1498.8,9310,0
2025-11-20 13:35:00+05:30,1498.8,1499.0,1498.0,1498.9,7102,0
2025-11-20 13:40:00+05:30,1498.7,1499.0,1498.4,1498.5,13021,0
2025-11-20 13:45:00+05:30,1498.8,1499.0,1497.2,1497.9,10593,0
2025-11-20 13:50:00+05:30,1498.3,1498.9,1497.9,1498.2,7305,0
2025-11-20 13:55:00+05:30,1498.6,1499.0,1497.7,1498.4,6343,0
2025-11-20 14:00:00+05:30,1498.3,1498.3,1493.5,1494.1,20838,0
2025-11-20 14:05:00+05:30,1493.7,1495.0,1493.3,1494.5,9865,0
2025-11-20 14:10:00+05:30,1494.5,1496.4,1494.4,1494.8,11914,0
2025-11-20 14:15:00+05:30,1495.4,1496.0,1494.1,1494.9,18650,0
2025-11-20 14:20:00+05:30,1494.7,1495.0,1493.5,1494.8,18550,0
2025-11-20 14:25:00+05:30,1494.2,1495.0,1492.4,1493.5,34548,0
2025-11-20 14:30:00+05:30,1493.1,1494.0,1492.8,1493.8,17444,0
2025-11-20 14:35:00+05:30,1493.8,1494.0,1493.0,1493.6,17974,0
2025-11-20 14:40:00+05:30,1493.6,1494.0,1490.0,1490.2,26843,0
2025-11-20 14:45:00+05:30,1490.3,1491.3,1488.5,1489.6,76265,0
2025-11-20 14:50:00+05:30,1489.7,1490.4,1487.6,1488.4,27005,0
2025-11-20 14:55:00+05:30,1488.5,1491.4,1488.1,1490.9,25476,0
2025-11-20 15:00:00+05:30,1491.0,1492.4,1488.4,1490.4,34103,0
2025-11-20 15:05:00+05:30,1490.3,1490.9,1489.1,1489.7,25435,0
2025-11-20 15:10:00+05:30,1490.6,1493.3,1489.7,1493.2,37956,0
2025-11-20 15:15:00+05:30,1492.6,1493.8,1491.7,1491.9,34382,0
2025-11-20 15:20:00+05:30,1491.7,1494.0,1490.3,1491.3,30652,0
2025-11-20 15:25:00+05:30,1490.5,1492.9,1489.0,1490.4,54514,0
2025-11-21 09:15:00+05:30,1492.0,1492.3,1474.6,1484.1,95003,0
2025-11-21 09:20:00+05:30,1483.6,1484.5,1480.0,1480.8,45585,0
2025-11-21 09:25:00+05:30,1481.1,1484.9,1480.6,1483.6,16276,0
2025-11-21 09:30:00+05:30,1483.5,1483.8,1479.5,1480.1,23004,0
2025-11-21 09:35:00+05:30,1479.6,1480.1,1477.6,1479.8,25876,0
2025-11-21 09:40:00+05:30,1479.8,1480.8,1478.3,1480.2,17196,0
2025-11-21 09:45:00+05:30,1480.0,1480.0,1478.0,1479.2,11279,0
2025-11-21 09:50:00+05:30,1479.2,1479.5,1477.0,1477.0,10602,0
2025-11-21 09:55:00+05:30,1477.2,1478.7,1474.4,1477.7,41618,0
2025-11-21 10:00:00+05:30,1477.7,1478.8,1476.1,1476.6,10377,0
2025-11-21 10:05:00+05:30,1476.6,1477.4,1474.9,1475.0,22002,0
2025-11-21 10:10:00+05:30,1474.9,1475.0,1472.3,1472.4,24054,0
2025-11-21 10:15:00+05:30,1472.4,1473.2,1468.2,1469.4,51760,0
2025-11-21 10:20:00+05:30,1469.4,1470.3,1467.1,1468.7,26982,0
2025-11-21 10:25:00+05:30,1468.3,1470.6,1468.1,1470.0,13028,0
2025-11-21 10:30:00+05:30,1469.5,1470.8,1469.0,1470.3,13169,0
2025-11-21 10:35:00+05:30,1470.4,1472.4,1469.0,1472.2,30213,0
2025-11-21 10:40:00+05:30,1472.4,1473.4,1471.7,1473.0,14383,0
2025-11-21 10:45:00+05:30,1473.0,1473.2,1470.1,1471.9,16770,0
2025-11-21 10:50:00+05:30,1472.0,1472.4,1470.0,1471.6,9821,0
2025-11-21 10:55:00+05:30,1471.6,1475.0,1470.8,1474.2,12514,0
2025-11-21 11:00:00+05:30,1474.8,1475.3,1473.0,1473.0,11618,0
2025-11-21 11:05:00+05:30,1473.4,1474.1,1471.7,1473.2,9106,0
2025-11-21 11:10:00+05:30,1473.2,1476.0,1473.1,1475.4,10105,0
2025-11-21 11:15:00+05:30,1475.4,1475.9,1474.5,1475.0,5576,0
2025-11-21 11:20:00+05:30,1475.1,1475.9,1474.5,1475.0,4813,0
2025-11-21 11:25:00+05:30,1475.0,1477.0,1473.4,1476.7,8073,0
2025-11-21 11:30:00+05:30,1476.7,1477.0,1475.2,1476.2,6068,0
2025-11-21 11:35:00+05:30,1476.2,1476.2,1474.6,1475.1,6969,0
2025-11-21 11:40:00+05:30,1475.4,1475.9,1474.9,1475.0,3845,0
2025-11-21 11:45:00+05:30,1475.1,1476.7,1474.5,1475.9,5750,0
2025-11-21 11:50:00+05:30,1476.1,1478.0,1476.0,1477.7,7797,0
2025-11-21 11:55:00+05:30,1477.9,1478.5,1476.2,1476.8,5057,0
2025-11-21 12:00:00+05:30,1476.4,1479.7,1476.0,1478.8,7682,0
2025-11-21 12:05:00+05:30,1479.5,1479.9,1478.0,1478.2,10656,0
2025-11-21 12:10:00+05:30,1478.3,1479.8,1477.8,1478.7,6435,0
2025-11-21 12:15:00+05:30,1479.4,1479.8,1478.5,1479.5,6664,0
2025-11-21 12:20:00+05:30,1479.5,1482.6,1478.8,1482.3,27936,0
2025-11-21 12:25:00+05:30,1482.3,1482.6,1480.9,1481.5,7924,0
2025-11-21 12:30:00+05:30,1481.5,1481.9,1480.4,1481.9,8157,0
2025-11-21 12:35:00+05:30,1481.9,1483.1,1481.2,1482.9,12639,0
2025-11-21 12:40:00+05:30,1482.9,1483.6,1482.2,1482.7,6591,0
2025-11-21 12:45:00+05:30,1482.8,1483.8,1481.7,1483.7,6127,0
2025-11-21 12:50:00+05:30,1483.8,1484.7,1483.2,1483.9,5450,0
2025-11-21 12:55:00+05:30,1483.9,1484.5,1482.9,1483.6,5340,0
2025-11-21 13:00:00+05:30,1483.6,1483.7,1481.2,1481.7,9201,0
2025-11-21 13:05:00+05:30,1481.7,1482.6,1480.9,1481.8,8835,0
2025-11-21 13:10:00+05:30,1481.8,1482.1,1479.6,1479.8,11103,0
2025-11-21 13:15:00+05:30,1479.8,1482.0,1479.6,1479.6,12486,0
2025-11-21 13:20:00+05:30,1479.8,1480.6,1479.2,1480.0,6692,0
2025-11-21 13:25:00+05:30,1479.6,1480.4,1478.6,1480.3,7001,0
2025-11-21 13:30:00+05:30,1480.3,1480.4,1479.2,1480.2,4885,0
2025-11-21 13:35:00+05:30,1480.2,1481.8,1479.8,1481.0,8669,0
2025-11-21 13:40:00+05:30,1481.0,1481.0,1479.0,1480.0,6414,0
2025-11-21 13:45:00+05:30,1480.1,1480.1,1477.6,1478.5,13341,0
2025-11-21 13:50:00+05:30,1479.0,1480.5,1478.3,1480.5,5235,0
2025-11-21 13:55:00+05:30,1480.5,1481.5,1480.2,1481.4,3798,0
2025-11-21 14:00:00+05:30,1481.4,1481.8,1481.0,1481.3,2654,0
2025-11-21 14:05:00+05:30,1481.1,1482.7,1481.1,1482.3,7618,0
2025-11-21 14:10:00+05:30,1481.9,1482.8,1481.8,1482.6,4043,0
2025-11-21 14:15:00+05:30,1482.0,1483.0,1482.0,1482.6,5350,0
2025-11-21 14:20:00+05:30,1482.7,1483.5,1482.1,1482.3,8164,0
2025-11-21 14:25:00+05:30,1482.4,1483.0,1482.0,1482.4,4218,0
2025-11-21 14:30:00+05:30,1482.1,1483.0,1481.5,1482.3,5885,0
2025-11-21 14:35:00+05:30,1482.2,1485.9,1481.9,1484.0,25625,0
2025-11-21 14:40:00+05:30,1483.6,1484.5,1481.9,1482.1,11062,0
2025-11-21 14:45:00+05:30,1482.2,1482.6,1480.4,1480.7,7328,0
2025-11-21 14:50:00+05:30,1480.5,1481.2,1478.7,1478.9,12037,0
2025-11-21 14:55:00+05:30,1479.2,1479.8,1477.0,1477.7,24826,0
2025-11-21 15:00:00+05:30,1477.8,1480.4,1477.3,1479.1,30954,0
2025-11-21 15:05:00+05:30,1479.2,1481.0,1478.8,1479.5,37665,0
2025-11-21 15:10:00+05:30,1479.6,1480.9,1478.7,1480.0,30566,0
2025-11-21 15:15:00+05:30,1479.8,1482.1,1479.0,1479.0,34719,0
2025-11-21 15:20:00+05:30,1478.8,1480.7,1478.0,1478.5,41519,0
2025-11-21 15:25:00+05:30,1478.8,1480.2,1477.0,1479.3,45409,0
2025-11-24 09:15:00+05:30,1482.0,1483.1,1474.7,1477.5,33003,0
2025-11-24 09:20:00+05:30,1478.1,1479.5,1476.4,1477.4,17597,0
2025-11-24 09:25:00+05:30,1476.8,1478.4,1476.5,1477.8,6600,0
2025-11-24 09:30:00+05:30,1477.8,1478.0,1473.7,1474.6,15999,0
2025-11-24 09:35:00+05:30,1474.5,1474.9,1472.0,1473.0,18859,0
2025-11-24 09:40:00+05:30,1473.2,1476.0,1471.3,1475.0,18934,0
2025-11-24 09:45:00+05:30,1475.3,1479.4,1475.0,1478.6,19416,0
2025-11-24 09:50:00+05:30,1478.8,1480.0,1475.3,1475.3,20719,0
2025-11-24 09:55:00+05:30,1475.3,1478.0,1473.6,1473.6,14032,0
2025-11-24 10:00:00+05:30,1474.4,1477.1,1474.4,1477.1,6566,0
2025-11-24 10:05:00+05:30,1476.8,1483.9,1476.8,1483.7,16100,0
2025-11-24 10:10:00+05:30,1483.7,1484.7,1480.8,1482.7,18363,0
2025-11-24 10:15:00+05:30,1482.7,1483.4,1479.0,1483.2,10240,0
2025-11-24 10:20:00+05:30,1483.0,1486.8,1483.0,1484.4,29817,0
2025-11-24 10:25:00+05:30,1484.7,1485.8,1484.0,1484.0,8888,0
2025-11-24 10:30:00+05:30,1484.3,1485.0,1482.7,1484.0,19514,0
2025-11-24 10:35:00+05:30,1484.0,1484.6,1481.2,1481.6,42138,0
2025-11-24 10:40:00+05:30,1481.1,1483.2,1481.1,1482.2,5538,0
2025-11-24 10:45:00+05:30,1482.2,1483.4,1481.0,1482.1,11766,0
2025-11-24 10:50:00+05:30,1481.6,1483.0,1481.5,1481.8,7866,0
2025-11-24 10:55:00+05:30,1481.8,1482.2,1480.4,1481.2,5243,0
2025-11-24 11:00:00+05:30,1481.1,1481.4,1478.0,1479.1,11698,0
2025-11-24 11:05:00+05:30,1479.1,1480.0,1478.7,1479.5,6674,0
2025-11-24 11:10:00+05:30,1479.5,1480.1,1478.7,1479.3,5832,0
2025-11-24 11:15:00+05:30,1479.6,1480.4,1478.0,1478.7,11241,0
2025-11-24 11:20:00+05:30,1478.7,1480.6,1478.7,1479.7,10601,0
2025-11-24 11:25:00+05:30,1479.7,1482.4,1479.5,1480.0,22788,0
2025-11-24 11:30:00+05:30,1479.8,1480.5,1478.9,1479.3,34815,0
2025-11-24 11:35:00+05:30,1479.4,1479.6,1478.6,1478.8,7915,0
2025-11-24 11:40:00+05:30,1478.6,1479.9,1477.2,1479.5,13587,0
2025-11-24 11:45:00+05:30,1479.5,1480.0,1478.6,1480.0,8993,0
2025-11-24 11:50:00+05:30,1479.9,1480.0,1478.2,1478.5,13075,0
2025-11-24 11:55:00+05:30,1478.8,1479.8,1477.5,1479.3,20779,0
2025-11-24 12:00:00+05:30,1479.8,1479.9,1478.0,1479.7,12711,0
2025-11-24 12:05:00+05:30,1479.6,1479.8,1478.1,1479.2,10456,0
2025-11-24 12:10:00+05:30,1478.9,1479.8,1478.4,1479.6,8595,0
2025-11-24 12:15:00+05:30,1479.5,1481.0,1478.8,1479.9,25715,0
2025-11-24 12:20:00+05:30,1479.7,1479.9,1477.6,1479.1,9131,0
2025-11-24 12:25:00+05:30,1479.1,1480.0,1477.9,1479.8,10717,0
2025-11-24 12:30:00+05:30,1479.8,1480.0,1478.0,1479.7,11619,0
2025-11-24 12:35:00+05:30,1479.7,1479.8,1477.5,1478.5,13336,0
2025-11-24 12:40:00+05:30,1478.5,1479.3,1477.2,1478.9,11507,0
2025-11-24 12:45:00+05:30,1478.9,1480.0,1478.4,1479.9,10596,0
2025-11-24 12:50:00+05:30,1479.7,1480.0,1479.0,1479.5,8759,0
2025-11-24 12:55:00+05:30,1479.4,1480.0,1479.2,1480.0,4504,0
2025-11-24 13:00:00+05:30,1480.0,1480.5,1479.2,1480.4,23503,0
2025-11-24 13:05:00+05:30,1480.2,1483.0,1479.9,1480.9,17845,0
2025-11-24 13:10:00+05:30,1480.3,1481.6,1480.1,1480.7,5047,0
2025-11-24 13:15:00+05:30,1480.5,1480.9,1479.9,1480.8,5938,0
2025-11-24 13:20:00+05:30,1480.4,1481.0,1479.7,1480.5,5652,0
2025-11-24 13:25:00+05:30,1480.4,1480.6,1479.0,1480.1,5100,0
2025-11-24 13:30:00+05:30,1480.0,1480.8,1479.1,1480.6,7081,0
2025-11-24 13:35:00+05:30,1480.6,1481.0,1480.0,1480.5,5237,0
2025-11-24 13:40:00+05:30,1480.2,1481.6,1479.6,1481.0,14919,0
2025-11-24 13:45:00+05:30,1480.9,1482.8,1480.9,1482.7,17445,0
2025-11-24 13:50:00+05:30,1482.7,1483.9,1482.6,1483.5,12425,0
2025-11-24 13:55:00+05:30,1483.4,1485.0,1483.4,1485.0,13347,0
2025-11-24 14:00:00+05:30,1484.9,1485.0,1483.3,1484.0,12453,0
2025-11-24 14:05:00+05:30,1484.0,1484.7,1482.6,1483.3,16381,0
2025-11-24 14:10:00+05:30,1483.4,1484.0,1482.7,1484.0,13497,0
2025-11-24 14:15:00+05:30,1483.9,1484.0,1482.9,1483.3,11858,0
2025-11-24 14:20:00+05:30,1483.2,1483.8,1481.5,1482.3,11489,0
2025-11-24 14:25:00+05:30,1482.5,1483.0,1482.0,1482.3,10117,0
2025-11-24 14:30:00+05:30,1482.2,1482.6,1481.1,1482.0,6662,0
2025-11-24 14:35:00+05:30,1482.0,1482.1,1481.0,1481.0,16217,0
2025-11-24 14:40:00+05:30,1481.0,1481.1,1478.3,1479.8,56386,0
2025-11-24 14:45:00+05:30,1479.8,1480.9,1478.5,1479.2,41609,0
2025-11-24 14:50:00+05:30,1479.1,1479.6,1478.3,1479.1,24210,0
2025-11-24 14:55:00+05:30,1479.1,1480.0,1477.5,1479.2,59502,0
2025-11-24 15:00:00+05:30,1479.1,1484.8,1478.8,1481.6,296185,0
2025-11-24 15:05:00+05:30,1481.6,1484.0,1480.4,1483.3,181681,0
2025-11-24 15:10:00+05:30,1483.2,1487.1,1483.2,1487.0,196335,0
2025-11-24 15:15:00+05:30,1486.9,1489.5,1486.2,1489.3,303749,0
2025-11-24 15:20:00+05:30,1489.3,1489.6,1485.8,1489.2,238310,0
2025-11-24 15:25:00+05:30,1489.3,1490.2,1482.7,1485.3,202361,0
2025-11-25 09:15:00+05:30,1490.0,1492.4,1480.0,1485.5,53217,0
2025-11-25 09:20:00+05:30,1485.5,1485.9,1480.1,1483.6,13884,0
2025-11-25 09:25:00+05:30,1482.9,1483.5,1479.9,1480.5,20610,0
2025-11-25 09:30:00+05:30,1481.0,1481.9,1479.0,1481.9,10548,0
2025-11-25 09:35:00+05:30,1482.0,1484.9,1481.3,1482.7,9805,0
2025-11-25 09:40:00+05:30,1482.7,1483.7,1481.6,1482.4,5871,0
2025-11-25 09:45:00+05:30,1482.3,1482.7,1480.3,1480.5,9287,0
2025-11-25 09:50:00+05:30,1480.2,1482.0,1479.0,1481.5,12979,0
2025-11-25 09:55:00+05:30,1481.5,1482.0,1480.0,1480.9,6461,0
2025-11-25 10:00:00+05:30,1481.5,1482.8,1480.4,1482.0,10726,0
2025-11-25 10:05:00+05:30,1482.0,1482.4,1481.2,1482.1,3987,0
2025-11-25 10:10:00+05:30,1482.0,1484.3,1481.7,1483.2,15532,0
2025-11-25 10:15:00+05:30,1483.5,1485.6,1483.2,1484.0,16324,0
2025-11-25 10:20:00+05:30,1484.0,1485.9,1483.8,1485.5,12192,0
2025-11-25 10:25:00+05:30,1485.6,1486.7,1485.2,1486.5,8892,0
2025-11-25 10:30:00+05:30,1486.0,1487.0,1485.2,1485.2,8951,0
2025-11-25 10:35:00+05:30,1485.4,1485.6,1483.7,1485.0,13004,0
2025-11-25 10:40:00+05:30,1485.0,1485.4,1484.0,1484.1,5687,0
2025-11-25 10:45:00+05:30,1484.1,1484.5,1479.1,1479.8,19289,0
2025-11-25 10:50:00+05:30,1479.8,1481.3,1479.1,1479.1,16346,0
2025-11-25 10:55:00+05:30,1479.3,1480.6,1478.6,1479.1,7827,0
2025-11-25 11:00:00+05:30,1479.1,1479.8,1478.3,1478.5,6526,0
2025-11-25 11:05:00+05:30,1478.5,1479.0,1476.6,1477.7,14549,0
2025-11-25 11:10:00+05:30,1477.5,1478.0,1476.6,1477.6,36789,0
2025-11-25 11:15:00+05:30,1477.1,1477.6,1476.9,1477.1,7571,0
2025-11-25 11:20:00+05:30,1476.8,1479.0,1476.8,1477.8,11621,0
2025-11-25 11:25:00+05:30,1477.8,1479.6,1477.7,1479.5,5770,0
2025-11-25 11:30:00+05:30,1479.0,1479.4,1479.0,1479.4,1848,0
2025-11-25 11:35:00+05:30,1479.2,1480.8,1479.2,1479.8,5850,0
2025-11-25 11:40:00+05:30,1479.8,1480.3,1477.8,1477.9,5748,0
2025-11-25 11:45:00+05:30,1477.8,1478.6,1477.5,1477.5,4518,0
2025-11-25 11:50:00+05:30,1477.5,1479.5,1477.5,1479.4,10245,0
2025-11-25 11:55:00+05:30,1479.4,1479.5,1477.5,1478.1,24117,0
2025-11-25 12:00:00+05:30,1478.1,1478.4,1476.9,1477.3,17749,0
2025-11-25 12:05:00+05:30,1477.2,1477.7,1476.9,1477.3,12126,0
2025-11-25 12:10:00+05:30,1477.0,1477.3,1475.9,1476.5,9188,0
2025-11-25 12:15:00+05:30,1476.5,1476.9,1475.0,1475.5,9252,0
2025-11-25 12:20:00+05:30,1475.3,1476.5,1475.0,1476.2,11444,0
2025-11-25 12:25:00+05:30,1476.2,1477.0,1475.9,1476.4,6730,0
2025-11-25 12:30:00+05:30,1475.9,1476.9,1475.6,1476.3,4996,0
2025-11-25 12:35:00+05:30,1475.9,1476.2,1474.6,1475.2,10002,0
2025-11-25 12:40:00+05:30,1474.9,1475.5,1474.5,1475.3,8342,0
2025-11-25 12:45:00+05:30,1475.1,1480.5,1474.7,1480.4,23271,0
2025-11-25 12:50:00+05:30,1479.9,1482.0,1479.7,1481.4,44754,0
2025-11-25 12:55:00+05:30,1481.4,1483.1,1480.0,1480.5,29269,0
2025-11-25 13:00:00+05:30,1480.4,1482.6,1480.0,1482.6,43004,0
2025-11-25 13:05:00+05:30,1482.6,1482.9,1480.8,1481.0,18662,0
2025-11-25 13:10:00+05:30,1480.8,1482.5,1480.8,1482.3,36736,0
2025-11-25 13:15:00+05:30,1482.3,1482.7,1481.5,1481.6,11406,0
2025-11-25 13:20:00+05:30,1481.5,1481.8,1480.6,1481.6,5332,0
2025-11-25 13:25:00+05:30,1481.2,1482.0,1481.0,1481.6,4374,0
2025-11-25 13:30:00+05:30,1481.1,1481.9,1480.7,1481.6,4629,0
2025-11-25 13:35:00+05:30,1481.2,1481.6,1480.4,1481.0,4738,0
2025-11-25 13:40:00+05:30,1481.0,1483.7,1480.0,1483.3,39257,0
2025-11-25 13:45:00+05:30,1483.0,1484.0,1482.0,1482.5,16324,0
2025-11-25 13:50:00+05:30,1482.2,1483.0,1481.3,1481.9,26659,0
2025-11-25 13:55:00+05:30,1481.9,1482.6,1481.2,1482.6,7573,0
2025-11-25 14:00:00+05:30,1482.5,1483.9,1482.4,1483.9,8035,0
2025-11-25 14:05:00+05:30,1483.9,1486.0,1483.4,1485.5,26425,0
2025-11-25 14:10:00+05:30,1485.5,1485.5,1482.7,1485.4,38904,0
2025-11-25 14:15:00+05:30,1485.4,1488.4,1485.0,1486.7,43821,0
2025-11-25 14:20:00+05:30,1486.1,1487.7,1484.4,1485.4,16278,0
2025-11-25 14:25:00+05:30,1485.4,1485.7,1484.3,1485.2,10166,0
2025-11-25 14:30:00+05:30,1485.0,1485.0,1482.6,1484.1,23428,0
2025-11-25 14:35:00+05:30,1483.4,1485.0,1482.0,1483.9,18612,0
2025-11-25 14:40:00+05:30,1483.8,1484.8,1480.7,1484.5,38436,0
2025-11-25 14:45:00+05:30,1484.5,1486.0,1483.2,1485.8,24609,0
2025-11-25 14:50:00+05:30,1485.8,1486.6,1484.1,1485.1,18928,0
2025-11-25 14:55:00+05:30,1485.0,1485.9,1483.1,1483.9,21636,0
2025-11-25 15:00:00+05:30,1483.3,1485.9,1482.4,1484.7,44850,0
2025-11-25 15:05:00+05:30,1484.7,1485.3,1482.6,1484.0,32350,0
2025-11-25 15:10:00+05:30,1484.0,1484.9,1483.2,1484.6,37866,0
2025-11-25 15:15:00+05:30,1484.6,1484.6,1483.1,1483.9,40075,0
2025-11-25 15:20:00+05:30,1483.9,1484.5,1483.0,1483.3,47620,0
2025-11-25 15:25:00+05:30,1483.3,1483.9,1480.0,1480.5,40490,0
2025-11-26 09:15:00+05:30,1484.3,1507.6,1484.3,1502.9,130827,0
2025-11-26 09:20:00+05:30,1503.9,1515.0,1501.0,1513.9,167130,0
2025-11-26 09:25:00+05:30,1513.1,1516.9,1510.8,1516.1,127495,0
2025-11-26 09:30:00+05:30,1516.0,1523.0,1515.6,1520.9,173659,0
2025-11-26 09:35:00+05:30,1520.9,1521.2,1512.2,1515.7,132786,0
2025-11-26 09:40:00+05:30,1516.0,1523.0,1516.0,1516.3,100828,0
2025-11-26 09:45:00+05:30,1516.3,1518.6,1515.1,1517.0,42655,0
2025-11-26 09:50:00+05:30,1517.0,1521.0,1516.8,1518.5,47126,0
2025-11-26 09:55:00+05:30,1518.6,1519.6,1515.4,1517.0,38326,0
2025-11-26 10:00:00+05:30,1516.6,1518.3,1514.0,1516.5,45147,0
2025-11-26 10:05:00+05:30,1516.6,1519.0,1516.4,1518.5,22528,0
2025-11-26 10:10:00+05:30,1518.5,1518.7,1515.2,1515.4,25427,0
2025-11-26 10:15:00+05:30,1516.0,1517.3,1509.3,1511.7,406488,0
2025-11-26 10:20:00+05:30,1511.7,1512.3,1509.0,1510.1,620176,0
2025-11-26 10:25:00+05:30,1510.7,1514.0,1509.8,1513.8,73694,0
2025-11-26 10:30:00+05:30,1513.8,1517.0,1513.2,1516.3,43353,0
2025-11-26 10:35:00+05:30,1516.6,1518.0,1515.8,1516.7,19983,0
2025-11-26 10:40:00+05:30,1517.1,1517.4,1514.0,1514.9,88735,0
2025-11-26 10:45:00+05:30,1515.0,1516.9,1513.2,1513.2,116984,0
2025-11-26 10:50:00+05:30,1513.3,1515.2,1511.6,1512.8,27301,0
2025-11-26 10:55:00+05:30,1512.8,1513.7,1512.5,1513.5,17548,0
2025-11-26 11:00:00+05:30,1513.5,1513.9,1512.0,1513.3,13619,0
2025-11-26 11:05:00+05:30,1513.3,1513.8,1509.8,1510.0,34196,0
2025-11-26 11:10:00+05:30,1510.0,1511.1,1510.0,1510.7,11201,0
2025-11-26 11:15:00+05:30,1510.8,1511.5,1510.5,1510.6,9904,0
2025-11-26 11:20:00+05:30,1510.6,1511.0,1510.1,1510.5,13313,0
2025-11-26 11:25:00+05:30,1510.9,1512.1,1509.0,1511.9,19203,0
2025-11-26 11:30:00+05:30,1512.0,1512.4,1509.5,1511.0,38346,0
2025-11-26 11:35:00+05:30,1511.0,1511.0,1509.8,1510.5,27909,0
2025-11-26 11:40:00+05:30,1510.5,1512.0,1509.9,1510.9,24570,0
2025-11-26 11:45:00+05:30,1510.8,1515.9,1510.0,1515.6,83997,0
2025-11-26 11:50:00+05:30,1515.6,1516.9,1515.0,1516.4,62315,0
2025-11-26 11:55:00+05:30,1516.4,1520.0,1516.4,1519.1,193696,0
2025-11-26 12:00:00+05:30,1519.5,1520.0,1515.9,1516.7,24671,0
2025-11-26 12:05:00+05:30,1516.6,1518.3,1512.0,1516.2,78910,0
2025-11-26 12:10:00+05:30,1515.7,1516.1,1513.2,1514.2,21293,0
2025-11-26 12:15:00+05:30,1514.1,1514.6,1513.1,1514.6,9617,0
2025-11-26 12:20:00+05:30,1514.2,1514.6,1512.5,1513.4,7843,0
2025-11-26 12:25:00+05:30,1513.4,1513.5,1511.9,1512.1,16559,0
2025-11-26 12:30:00+05:30,1512.0,1512.1,1510.8,1511.5,14421,0
2025-11-26 12:35:00+05:30,1511.6,1512.8,1510.0,1510.6,18507,0
2025-11-26 12:40:00+05:30,1510.6,1511.0,1509.0,1509.7,14836,0
2025-11-26 12:45:00+05:30,1509.7,1510.7,1509.0,1510.0,9254,0
2025-11-26 12:50:00+05:30,1510.0,1511.0,1509.6,1510.2,12812,0
2025-11-26 12:55:00+05:30,1510.0,1510.8,1509.5,1510.1,5674,0
2025-11-26 13:00:00+05:30,1510.5,1512.3,1510.1,1511.3,15033,0
2025-11-26 13:05:00+05:30,1511.8,1512.0,1510.3,1511.9,11880,0
2025-11-26 13:10:00+05:30,1511.8,1513.0,1509.5,1509.8,11893,0
2025-11-26 13:15:00+05:30,1509.8,1510.6,1509.5,1509.9,7747,0
2025-11-26 13:20:00+05:30,1509.9,1510.1,1509.1,1510.1,7527,0
2025-11-26 13:25:00+05:30,1510.0,1510.8,1509.2,1509.8,11220,0
2025-11-26 13:30:00+05:30,1509.2,1511.0,1509.2,1510.3,7033,0
2025-11-26 13:35:00+05:30,1510.0,1511.2,1509.6,1510.2,8197,0
2025-11-26 13:40:00+05:30,1510.9,1511.0,1510.0,1510.7,3544,0
2025-11-26 13:45:00+05:30,1510.2,1511.3,1509.8,1510.9,7583,0
2025-11-26 13:50:00+05:30,1510.3,1511.7,1510.0,1511.0,13294,0
2025-11-26 13:55:00+05:30,1510.5,1511.3,1509.0,1509.0,11989,0
2025-11-26 14:00:00+05:30,1509.6,1512.3,1509.0,1510.5,31293,0
2025-11-26 14:05:00+05:30,1510.5,1511.5,1510.2,1511.5,10886,0
2025-11-26 14:10:00+05:30,1510.8,1512.2,1510.8,1511.9,13123,0
2025-11-26 14:15:00+05:30,1511.8,1511.9,1508.8,1509.4,21053,0
2025-11-26 14:20:00+05:30,1508.7,1510.0,1508.2,1509.0,22011,0
2025-11-26 14:25:00+05:30,1508.6,1509.8,1507.1,1508.1,39813,0
2025-11-26 14:30:00+05:30,1508.1,1508.6,1507.2,1508.3,24093,0
2025-11-26 14:35:00+05:30,1508.3,1509.0,1506.0,1507.2,31446,0
2025-11-26 14:40:00+05:30,1507.2,1508.2,1506.4,1506.4,27357,0
2025-11-26 14:45:00+05:30,1506.5,1507.8,1505.2,1505.5,15372,0
2025-11-26 14:50:00+05:30,1505.7,1505.8,1502.7,1504.5,54938,0
2025-11-26 14:55:00+05:30,1504.5,1505.5,1503.8,1504.5,16673,0
2025-11-26 15:00:00+05:30,1504.5,1505.0,1503.7,1504.7,32212,0
2025-11-26 15:05:00+05:30,1504.7,1506.6,1502.9,1506.6,59261,0
2025-11-26 15:10:00+05:30,1506.1,1506.7,1504.9,1506.2,40581,0
2025-11-26 15:15:00+05:30,1506.3,1506.8,1505.6,1506.4,43915,0
2025-11-26 15:20:00+05:30,1506.6,1507.5,1505.3,1506.9,64099,0
2025-11-26 15:25:00+05:30,1507.1,1509.5,1506.3,1508.1,85500,0
2025-11-27 09:15:00+05:30,1511.8,1513.3,1504.0,1504.2,65515,0
2025-11-27 09:20:00+05:30,1504.2,1507.1,1503.5,1504.9,26461,0
2025-11-27 09:25:00+05:30,1505.0,1505.9,1503.0,1503.1,39025,0
2025-11-27 09:30:00+05:30,1503.1,1504.3,1503.0,1503.8,18391,0
2025-11-27 09:35:00+05:30,1503.8,1506.2,1503.0,1505.0,20446,0
2025-11-27 09:40:00+05:30,1505.0,1505.4,1501.5,1503.1,22322,0
2025-11-27 09:45:00+05:30,1503.1,1503.9,1502.0,1503.0,7770,0
2025-11-27 09:50:00+05:30,1503.0,1504.1,1502.5,1502.6,9757,0
2025-11-27 09:55:00+05:30,1502.6,1504.4,1502.2,1503.5,6220,0
2025-11-27 10:00:00+05:30,1503.1,1503.9,1503.0,1503.1,6264,0
2025-11-27 10:05:00+05:30,1503.5,1504.4,1501.4,1501.9,15631,0
2025-11-27 10:10:00+05:30,1502.0,1502.4,1501.0,1501.0,9984,0
2025-11-27 10:15:00+05:30,1501.5,1504.8,1501.0,1503.5,10043,0
2025-11-27 10:20:00+05:30,1503.5,1504.8,1502.8,1504.5,9758,0
2025-11-27 10:25:00+05:30,1504.5,1505.0,1503.9,1504.9,8017,0
2025-11-27 10:30:00+05:30,1505.0,1507.7,1504.5,1507.7,23393,0
2025-11-27 10:35:00+05:30,1507.6,1509.6,1507.6,1508.7,16069,0
2025-11-27 10:40:00+05:30,1508.9,1509.6,1508.1,1509.4,8323,0
2025-11-27 10:45:00+05:30,1509.6,1511.5,1509.0,1510.2,14811,0
2025-11-27 10:50:00+05:30,1510.5,1510.9,1508.5,1509.4,13538,0
2025-11-27 10:55:00+05:30,1509.3,1509.5,1508.2,1509.4,9998,0
2025-11-27 11:00:00+05:30,1509.4,1510.8,1509.0,1509.9,9560,0
2025-11-27 11:05:00+05:30,1509.9,1511.0,1509.2,1511.0,6741,0
2025-11-27 11:10:00+05:30,1511.0,1512.2,1510.7,1512.2,12435,0
2025-11-27 11:15:00+05:30,1512.0,1513.9,1510.0,1510.1,13434,0
2025-11-27 11:20:00+05:30,1510.4,1510.5,1508.6,1509.5,7949,0
2025-11-27 11:25:00+05:30,1509.0,1510.5,1508.9,1510.0,4302,0
2025-11-27 11:30:00+05:30,1509.7,1510.1,1508.0,1508.2,4612,0
2025-11-27 11:35:00+05:30,1508.2,1509.0,1508.0,1508.5,3374,0
2025-11-27 11:40:00+05:30,1508.9,1510.8,1508.5,1510.5,8251,0
2025-11-27 11:45:00+05:30,1510.5,1510.5,1506.5,1506.5,10225,0
2025-11-27 11:50:00+05:30,1507.0,1509.0,1506.4,1508.8,6506,0
2025-11-27 11:55:00+05:30,1508.5,1509.8,1507.6,1508.9,4769,0
2025-11-27 12:00:00+05:30,1509.4,1509.7,1508.0,1508.5,3537,0
2025-11-27 12:05:00+05:30,1509.0,1509.1,1507.1,1508.1,4083,0
2025-11-27 12:10:00+05:30,1508.1,1508.2,1507.2,1507.5,3048,0
2025-11-27 12:15:00+05:30,1507.5,1508.0,1506.8,1507.8,7271,0
2025-11-27 12:20:00+05:30,1507.8,1508.0,1506.1,1506.9,5762,0
2025-11-27 12:25:00+05:30,1506.9,1507.0,1506.0,1506.7,5484,0
2025-11-27 12:30:00+05:30,1507.0,1507.0,1506.0,1506.4,4871,0
2025-11-27 12:35:00+05:30,1506.7,1506.8,1505.5,1505.9,3473,0
2025-11-27 12:40:00+05:30,1505.9,1509.5,1505.7,1509.4,5441,0
2025-11-27 12:45:00+05:30,1509.4,1510.0,1508.6,1509.0,6488,0
2025-11-27 12:50:00+05:30,1509.0,1509.5,1508.0,1508.3,2640,0
2025-11-27 12:55:00+05:30,1508.3,1508.5,1508.0,1508.3,1413,0
2025-11-27 13:00:00+05:30,1508.5,1508.5,1506.7,1507.2,4403,0
2025-11-27 13:05:00+05:30,1507.2,1507.3,1505.8,1506.0,2086,0
2025-11-27 13:10:00+05:30,1506.0,1506.0,1503.0,1503.7,9269,0
2025-11-27 13:15:00+05:30,1503.7,1504.8,1503.0,1503.7,6871,0
2025-11-27 13:20:00+05:30,1504.0,1504.9,1502.8,1502.8,11223,0
2025-11-27 13:25:00+05:30,1503.2,1504.4,1502.6,1503.9,2519,0
2025-11-27 13:30:00+05:30,1504.2,1504.9,1502.5,1504.1,9907,0
2025-11-27 13:35:00+05:30,1504.1,1504.3,1502.5,1503.7,8005,0
2025-11-27 13:40:00+05:30,1504.0,1504.8,1503.8,1504.6,4429,0
2025-11-27 13:45:00+05:30,1504.6,1505.0,1503.5,1505.0,6576,0
2025-11-27 13:50:00+05:30,1504.8,1508.0,1504.0,1507.7,11109,0
2025-11-27 13:55:00+05:30,1507.5,1508.5,1506.5,1508.0,11467,0
2025-11-27 14:00:00+05:30,1507.9,1509.6,1506.8,1507.0,15332,0
2025-11-27 14:05:00+05:30,1507.2,1508.0,1506.4,1507.4,3589,0
2025-11-27 14:10:00+05:30,1507.5,1508.9,1507.2,1508.0,5673,0
2025-11-27 14:15:00+05:30,1507.9,1508.8,1507.1,1507.6,6167,0
2025-11-27 14:20:00+05:30,1507.8,1509.3,1507.4,1509.0,15751,0
2025-11-27 14:25:00+05:30,1508.8,1510.0,1508.7,1509.2,19297,0
2025-11-27 14:30:00+05:30,1509.4,1509.6,1507.3,1507.9,19974,0
2025-11-27 14:35:00+05:30,1508.0,1508.8,1507.5,1508.2,4319,0
2025-11-27 14:40:00+05:30,1508.4,1508.9,1506.5,1508.0,15886,0
2025-11-27 14:45:00+05:30,1507.9,1508.0,1506.4,1507.8,8469,0
2025-11-27 14:50:00+05:30,1507.8,1507.9,1505.1,1505.3,6617,0
2025-11-27 14:55:00+05:30,1505.4,1507.3,1505.1,1506.0,18656,0
2025-11-27 15:00:00+05:30,1506.1,1507.9,1505.8,1507.6,8158,0
2025-11-27 15:05:00+05:30,1507.7,1509.0,1507.7,1508.7,18798,0
2025-11-27 15:10:00+05:30,1508.8,1509.8,1508.6,1509.0,18314,0
2025-11-27 15:15:00+05:30,1509.1,1510.0,1508.6,1509.7,25192,0
2025-11-27 15:20:00+05:30,1509.8,1510.8,1509.0,1509.3,25071,0
2025-11-27 15:25:00+05:30,1509.3,1510.4,1505.5,1505.6,31367,0
2025-11-28 09:15:00+05:30,1510.0,1510.0,1504.8,1505.0,28544,0
2025-11-28 09:20:00+05:30,1505.0,1505.9,1503.2,1504.8,12570,0
2025-11-28 09:25:00+05:30,1504.3,1507.5,1503.1,1505.0,9126,0
2025-11-28 09:30:00+05:30,1505.2,1506.0,1503.5,1505.8,5210,0
2025-11-28 09:35:00+05:30,1505.7,1506.5,1504.2,1505.6,10301,0
2025-11-28 09:40:00+05:30,1505.5,1511.8,1505.0,1511.7,22836,0
2025-11-28 09:45:00+05:30,1511.7,1515.0,1510.0,1514.6,75923,0
2025-11-28 09:50:00+05:30,1514.8,1519.6,1514.4,1518.0,90474,0
2025-11-28 09:55:00+05:30,1518.0,1521.3,1517.4,1519.5,111901,0
2025-11-28 10:00:00+05:30,1519.9,1520.8,1517.7,1517.7,46691,0
2025-11-28 10:05:00+05:30,1517.7,1524.0,1517.7,1522.3,88245,0
2025-11-28 10:10:00+05:30,1522.0,1522.8,1517.2,1518.5,43267,0
2025-11-28 10:15:00+05:30,1518.3,1518.7,1515.2,1516.8,22835,0
2025-11-28 10:20:00+05:30,1516.4,1517.8,1514.4,1517.1,19294,0
2025-11-28 10:25:00+05:30,1516.4,1519.0,1515.8,1518.4,14770,0
2025-11-28 10:30:00+05:30,1518.2,1522.0,1518.2,1519.5,44654,0
2025-11-28 10:35:00+05:30,1519.0,1521.0,1518.7,1520.0,28730,0
2025-11-28 10:40:00+05:30,1519.7,1520.0,1518.8,1519.7,10564,0
2025-11-28 10:45:00+05:30,1519.7,1521.5,1519.1,1520.2,28478,0
2025-11-28 10:50:00+05:30,1520.1,1520.9,1517.9,1519.0,16578,0
2025-11-28 10:55:00+05:30,1518.9,1519.3,1517.7,1517.8,18755,0
2025-11-28 11:00:00+05:30,1518.3,1519.0,1517.8,1518.5,17672,0
2025-11-28 11:05:00+05:30,1518.7,1519.0,1517.6,1518.0,10834,0
2025-11-28 11:10:00+05:30,1518.3,1519.0,1518.0,1518.7,6393,0
2025-11-28 11:15:00+05:30,1518.9,1519.3,1518.4,1519.0,13482,0
2025-11-28 11:20:00+05:30,1519.0,1519.1,1517.8,1517.8,8715,0
2025-11-28 11:25:00+05:30,1517.8,1519.0,1517.2,1518.2,10904,0
2025-11-28 11:30:00+05:30,1517.9,1520.0,1517.8,1519.0,34054,0
2025-11-28 11:35:00+05:30,1518.9,1519.0,1518.4,1519.0,44940,0
2025-11-28 11:40:00+05:30,1518.9,1523.0,1518.3,1519.0,141641,0
2025-11-28 11:45:00+05:30,1518.8,1519.0,1517.2,1518.0,12805,0
2025-11-28 11:50:00+05:30,1517.7,1522.4,1517.7,1521.8,27888,0
2025-11-28 11:55:00+05:30,1521.8,1529.6,1521.8,1529.6,190369,0
2025-11-28 12:00:00+05:30,1529.6,1531.0,1526.2,1530.0,115844,0
2025-11-28 12:05:00+05:30,1529.7,1531.0,1528.6,1529.8,44126,0
2025-11-28 12:10:00+05:30,1530.0,1530.0,1528.2,1529.8,29924,0
2025-11-28 12:15:00+05:30,1529.5,1529.8,1527.4,1528.0,23962,0
2025-11-28 12:20:00+05:30,1528.0,1528.8,1526.9,1528.0,16360,0
2025-11-28 12:25:00+05:30,1528.0,1528.9,1527.4,1528.0,8520,0
2025-11-28 12:30:00+05:30,1527.5,1530.0,1527.3,1529.9,22911,0
2025-11-28 12:35:00+05:30,1529.5,1530.0,1528.4,1528.9,17664,0
2025-11-28 12:40:00+05:30,1528.7,1530.0,1528.0,1529.4,22456,0
2025-11-28 12:45:00+05:30,1529.4,1529.7,1525.2,1525.8,29343,0
2025-11-28 12:50:00+05:30,1525.3,1528.7,1524.8,1528.5,33898,0
2025-11-28 12:55:00+05:30,1528.5,1529.7,1527.9,1529.7,19102,0
2025-11-28 13:00:00+05:30,1529.7,1530.0,1528.0,1528.5,21332,0
2025-11-28 13:05:00+05:30,1528.3,1528.9,1526.5,1527.5,11001,0
2025-11-28 13:10:00+05:30,1527.1,1528.8,1526.4,1528.5,23105,0
2025-11-28 13:15:00+05:30,1528.2,1528.5,1526.7,1527.0,9807,0
2025-11-28 13:20:00+05:30,1527.4,1528.0,1526.6,1528.0,10271,0
2025-11-28 13:25:00+05:30,1527.7,1529.8,1527.6,1529.8,22528,0
2025-11-28 13:30:00+05:30,1529.1,1530.5,1528.2,1530.4,25675,0
2025-11-28 13:35:00+05:30,1530.3,1532.9,1529.6,1532.3,57766,0
2025-11-28 13:40:00+05:30,1532.0,1532.3,1530.0,1530.9,12946,0
2025-11-28 13:45:00+05:30,1530.9,1531.0,1529.3,1530.7,21294,0
2025-11-28 13:50:00+05:30,1530.1,1534.3,1530.1,1534.3,40900,0
2025-11-28 13:55:00+05:30,1534.2,1534.3,1532.3,1533.0,39285,0
2025-11-28 14:00:00+05:30,1533.0,1533.5,1530.4,1530.6,20804,0
2025-11-28 14:05:00+05:30,1530.4,1531.0,1524.0,1526.6,70676,0
2025-11-28 14:10:00+05:30,1526.1,1526.9,1524.5,1525.6,23988,0
2025-11-28 14:15:00+05:30,1525.3,1526.8,1525.0,1526.2,17702,0
2025-11-28 14:20:00+05:30,1526.0,1526.4,1523.2,1524.6,19176,0
2025-11-28 14:25:00+05:30,1524.1,1524.9,1520.0,1521.4,68987,0
2025-11-28 14:30:00+05:30,1521.0,1521.5,1520.1,1521.2,18371,0
2025-11-28 14:35:00+05:30,1521.3,1521.5,1519.0,1520.1,23687,0
2025-11-28 14:40:00+05:30,1519.6,1520.6,1519.1,1519.5,13500,0
2025-11-28 14:45:00+05:30,1519.6,1520.6,1519.2,1519.6,15251,0
2025-11-28 14:50:00+05:30,1519.6,1520.2,1518.0,1519.4,23090,0
2025-11-28 14:55:00+05:30,1519.4,1520.6,1518.7,1519.5,15497,0
2025-11-28 15:00:00+05:30,1519.5,1520.4,1518.4,1519.1,39119,0
2025-11-28 15:05:00+05:30,1518.6,1519.2,1516.1,1516.8,55440,0
2025-11-28 15:10:00+05:30,1516.6,1517.4,1515.4,1516.3,51885,0
2025-11-28 15:15:00+05:30,1516.3,1517.8,1515.6,1516.4,61874,0
2025-11-28 15:20:00+05:30,1516.1,1516.7,1515.2,1516.7,75037,0
2025-11-28 15:25:00+05:30,1516.6,1518.0,1515.0,1516.5,48321,0
2025-12-01 09:15:00+05:30,1530.0,1538.0,1523.2,1538.0,136852,0
2025-12-01 09:20:00+05:30,1537.2,1541.0,1535.0,1538.6,174855,0
2025-12-01 09:25:00+05:30,1538.5,1538.7,1535.9,1537.3,131205,0
2025-12-01 09:30:00+05:30,1537.2,1538.5,1536.0,1538.4,78089,0
2025-12-01 09:35:00+05:30,1538.5,1544.9,1538.1,1542.8,236001,0
2025-12-01 09:40:00+05:30,1542.8,1546.5,1542.6,1545.0,143303,0
2025-12-01 09:45:00+05:30,1545.9,1547.7,1542.0,1545.5,140385,0
2025-12-01 09:50:00+05:30,1545.5,1547.4,1539.0,1539.9,114987,0
2025-12-01 09:55:00+05:30,1539.6,1541.0,1538.9,1540.4,40030,0
2025-12-01 10:00:00+05:30,1540.4,1541.9,1538.4,1541.2,30176,0
2025-12-01 10:05:00+05:30,1541.5,1542.3,1539.2,1540.7,38999,0
2025-12-01 10:10:00+05:30,1540.3,1542.9,1539.2,1542.9,30994,0
2025-12-01 10:15:00+05:30,1542.8,1549.0,1541.5,1544.2,118520,0
2025-12-01 10:20:00+05:30,1544.6,1546.8,1544.1,1546.0,26145,0
2025-12-01 10:25:00+05:30,1546.0,1546.3,1543.1,1543.9,39156,0
2025-12-01 10:30:00+05:30,1543.9,1545.6,1543.0,1544.6,22246,0
2025-12-01 10:35:00+05:30,1544.0,1544.9,1540.6,1541.2,31345,0
2025-12-01 10:40:00+05:30,1541.2,1547.5,1541.0,1546.8,70958,0
2025-12-01 10:45:00+05:30,1546.7,1547.0,1545.5,1546.7,43285,0
2025-12-01 10:50:00+05:30,1546.0,1546.7,1540.0,1540.5,57093,0
2025-12-01 10:55:00+05:30,1540.5,1540.6,1537.0,1539.0,57108,0
2025-12-01 11:00:00+05:30,1538.4,1538.8,1537.0,1537.8,23363,0
2025-12-01 11:05:00+05:30,1537.8,1540.5,1535.1,1537.0,50672,0
2025-12-01 11:10:00+05:30,1537.0,1541.7,1536.0,1540.1,37056,0
2025-12-01 11:15:00+05:30,1539.8,1541.8,1539.7,1540.6,13005,0
2025-12-01 11:20:00+05:30,1540.0,1543.4,1540.0,1543.2,24500,0
2025-12-01 11:25:00+05:30,1543.2,1544.5,1541.3,1543.4,22428,0
2025-12-01 11:30:00+05:30,1543.4,1544.0,1542.5,1543.7,15372,0
2025-12-01 11:35:00+05:30,1544.0,1545.4,1542.0,1545.1,82365,0
2025-12-01 11:40:00+05:30,1544.8,1546.0,1541.0,1542.3,24693,0
2025-12-01 11:45:00+05:30,1542.4,1542.5,1540.0,1541.0,133041,0
2025-12-01 11:50:00+05:30,1541.0,1542.0,1539.1,1539.7,123922,0
2025-12-01 11:55:00+05:30,1539.7,1540.9,1536.1,1536.1,114100,0
2025-12-01 12:00:00+05:30,1536.2,1537.1,1533.0,1534.7,70303,0
2025-12-01 12:05:00+05:30,1534.6,1534.9,1532.0,1532.3,46855,0
2025-12-01 12:10:00+05:30,1532.4,1533.7,1531.0,1532.7,33795,0
2025-12-01 12:15:00+05:30,1532.5,1533.0,1531.1,1531.4,26177,0
2025-12-01 12:20:00+05:30,1531.4,1534.0,1531.4,1532.4,45773,0
2025-12-01 12:25:00+05:30,1532.4,1534.0,1531.9,1532.4,40933,0
2025-12-01 12:30:00+05:30,1532.6,1532.9,1531.4,1532.0,19947,0
2025-12-01 12:35:00+05:30,1532.2,1534.9,1531.5,1534.8,30075,0
2025-12-01 12:40:00+05:30,1534.6,1534.8,1530.0,1530.6,51866,0
2025-12-01 12:45:00+05:30,1531.0,1533.8,1530.6,1532.0,26406,0
2025-12-01 12:50:00+05:30,1531.7,1533.1,1531.7,1533.0,23918,0
2025-12-01 12:55:00+05:30,1533.0,1535.0,1532.8,1534.2,23373,0
2025-12-01 13:00:00+05:30,1534.2,1535.3,1533.2,1535.0,23671,0
2025-12-01 13:05:00+05:30,1535.1,1535.9,1533.2,1534.7,25480,0
2025-12-01 13:10:00+05:30,1534.7,1535.0,1533.2,1534.5,21278,0
2025-12-01 13:15:00+05:30,1534.5,1535.8,1533.7,1534.5,26923,0
2025-12-01 13:20:00+05:30,1534.2,1534.5,1528.1,1529.0,68707,0
2025-12-01 13:25:00+05:30,1529.0,1530.2,1528.3,1529.1,21722,0
2025-12-01 13:30:00+05:30,1529.2,1530.7,1526.4,1527.5,32479,0
2025-12-01 13:35:00+05:30,1527.5,1530.0,1527.5,1529.5,34827,0
2025-12-01 13:40:00+05:30,1529.5,1530.6,1529.1,1529.7,18746,0
2025-12-01 13:45:00+05:30,1529.7,1530.3,1527.7,1529.5,19455,0
2025-12-01 13:50:00+05:30,1529.5,1530.0,1528.1,1528.8,22503,0
2025-12-01 13:55:00+05:30,1528.8,1529.5,1526.0,1526.3,27345,0
2025-12-01 14:00:00+05:30,1526.1,1529.4,1525.9,1528.7,42051,0
2025-12-01 14:05:00+05:30,1528.7,1529.7,1527.3,1528.2,26299,0
2025-12-01 14:10:00+05:30,1528.2,1528.4,1524.6,1524.9,40607,0
2025-12-01 14:15:00+05:30,1525.2,1527.0,1524.6,1527.0,36963,0
2025-12-01 14:20:00+05:30,1527.0,1527.4,1525.8,1526.9,11294,0
2025-12-01 14:25:00+05:30,1526.7,1529.8,1526.0,1528.4,26987,0
2025-12-01 14:30:00+05:30,1528.4,1528.5,1526.8,1528.0,17505,0
2025-12-01 14:35:00+05:30,1528.0,1528.9,1525.0,1526.7,61887,0
2025-12-01 14:40:00+05:30,1526.7,1528.2,1525.2,1526.2,13900,0
2025-12-01 14:45:00+05:30,1526.2,1527.5,1525.0,1525.0,20503,0
2025-12-01 14:50:00+05:30,1525.0,1525.5,1523.0,1524.2,41741,0
2025-12-01 14:55:00+05:30,1524.2,1525.5,1523.0,1524.9,35588,0
2025-12-01 15:00:00+05:30,1525.0,1529.0,1524.5,1528.5,66849,0
2025-12-01 15:05:00+05:30,1528.5,1531.3,1527.4,1529.0,64026,0
2025-12-01 15:10:00+05:30,1529.0,1531.9,1528.5,1531.2,54290,0
2025-12-01 15:15:00+05:30,1531.1,1532.0,1529.0,1531.3,80407,0
2025-12-01 15:20:00+05:30,1531.3,1534.9,1530.0,1533.3,141193,0
2025-12-01 15:25:00+05:30,1532.7,1533.6,1529.7,1531.5,67923,0
2025-12-02 09:15:00+05:30,1528.1,1530.0,1520.5,1525.9,74115,0
2025-12-02 09:20:00+05:30,1525.9,1529.1,1525.5,1526.4,24896,0
2025-12-02 09:25:00+05:30,1526.5,1529.8,1526.0,1528.2,18690,0
2025-12-02 09:30:00+05:30,1528.7,1529.2,1522.1,1522.1,26729,0
2025-12-02 09:35:00+05:30,1522.6,1523.1,1519.0,1521.5,70830,0
2025-12-02 09:40:00+05:30,1521.0,1521.7,1519.0,1519.5,40068,0
2025-12-02 09:45:00+05:30,1519.5,1520.0,1518.5,1519.0,17709,0
2025-12-02 09:50:00+05:30,1519.0,1520.0,1518.9,1519.6,16573,0
2025-12-02 09:55:00+05:30,1519.4,1520.0,1517.1,1517.3,28473,0
2025-12-02 10:00:00+05:30,1517.2,1520.4,1516.9,1519.4,33551,0
2025-12-02 10:05:00+05:30,1519.0,1520.0,1518.1,1518.5,12011,0
2025-12-02 10:10:00+05:30,1518.3,1519.0,1516.5,1517.0,14766,0
2025-12-02 10:15:00+05:30,1517.0,1518.0,1517.0,1518.0,8069,0
2025-12-02 10:20:00+05:30,1517.6,1522.8,1517.6,1522.8,18468,0
2025-12-02 10:25:00+05:30,1522.5,1525.0,1522.4,1524.6,19102,0
2025-12-02 10:30:00+05:30,1524.0,1524.6,1522.2,1522.7,11233,0
2025-12-02 10:35:00+05:30,1522.3,1523.0,1522.0,1522.8,9552,0
2025-12-02 10:40:00+05:30,1522.4,1522.8,1520.8,1521.5,17541,0
2025-12-02 10:45:00+05:30,1521.1,1521.7,1520.0,1521.1,12204,0
2025-12-02 10:50:00+05:30,1521.1,1523.0,1520.5,1521.8,36460,0
2025-12-02 10:55:00+05:30,1521.7,1522.0,1520.6,1521.6,10820,0
2025-12-02 11:00:00+05:30,1521.5,1521.9,1520.3,1521.5,13386,0
2025-12-02 11:05:00+05:30,1521.1,1521.6,1521.1,1521.6,6884,0
2025-12-02 11:10:00+05:30,1521.5,1521.6,1520.0,1520.6,9661,0
2025-12-02 11:15:00+05:30,1520.3,1521.3,1520.1,1520.9,9582,0
2025-12-02 11:20:00+05:30,1520.5,1521.0,1518.2,1519.3,31190,0
2025-12-02 11:25:00+05:30,1519.0,1519.9,1518.5,1518.6,6506,0
2025-12-02 11:30:00+05:30,1518.6,1518.6,1518.0,1518.4,7488,0
2025-12-02 11:35:00+05:30,1518.3,1520.0,1518.0,1519.1,9705,0
2025-12-02 11:40:00+05:30,1519.0,1519.1,1517.7,1518.0,8599,0
2025-12-02 11:45:00+05:30,1518.0,1519.5,1517.4,1519.5,7575,0
2025-12-02 11:50:00+05:30,1519.5,1520.0,1517.7,1519.0,19459,0
2025-12-02 11:55:00+05:30,1518.3,1519.0,1517.9,1518.0,7901,0
2025-12-02 12:00:00+05:30,1518.0,1518.1,1516.0,1516.7,22209,0
2025-12-02 12:05:00+05:30,1516.7,1517.9,1516.2,1517.9,15460,0
2025-12-02 12:10:00+05:30,1517.7,1517.9,1516.3,1516.4,11805,0
2025-12-02 12:15:00+05:30,1516.4,1517.0,1515.2,1516.7,14041,0
2025-12-02 12:20:00+05:30,1517.0,1519.1,1516.6,1517.5,25880,0
2025-12-02 12:25:00+05:30,1517.5,1518.0,1517.0,1518.0,7460,0
2025-12-02 12:30:00+05:30,1517.7,1518.0,1517.0,1517.9,6256,0
2025-12-02 12:35:00+05:30,1517.8,1518.0,1517.5,1517.9,23548,0
2025-12-02 12:40:00+05:30,1517.8,1518.0,1515.9,1516.9,11448,0
2025-12-02 12:45:00+05:30,1516.7,1517.0,1515.8,1516.5,8488,0
2025-12-02 12:50:00+05:30,1516.5,1516.7,1513.1,1513.1,24458,0
2025-12-02 12:55:00+05:30,1513.3,1514.9,1512.3,1513.5,25862,0
2025-12-02 13:00:00+05:30,1513.1,1513.9,1512.0,1513.4,23271,0
2025-12-02 13:05:00+05:30,1513.1,1515.0,1512.0,1514.7,12927,0
2025-12-02 13:10:00+05:30,1514.7,1514.7,1512.6,1513.1,9560,0
2025-12-02 13:15:00+05:30,1513.1,1513.3,1512.2,1512.8,10569,0
2025-12-02 13:20:00+05:30,1512.8,1513.4,1511.5,1512.6,11172,0
2025-12-02 13:25:00+05:30,1512.9,1513.0,1510.7,1511.0,17371,0
2025-12-02 13:30:00+05:30,1510.7,1511.0,1510.0,1510.7,9895,0
2025-12-02 13:35:00+05:30,1510.6,1512.9,1510.0,1512.4,38113,0
2025-12-02 13:40:00+05:30,1512.4,1513.7,1511.5,1513.3,15407,0
2025-12-02 13:45:00+05:30,1513.0,1516.2,1512.3,1516.0,35478,0
2025-12-02 13:50:00+05:30,1515.8,1516.5,1515.0,1516.4,25532,0
2025-12-02 13:55:00+05:30,1516.0,1517.3,1515.1,1516.4,11424,0
2025-12-02 14:00:00+05:30,1516.1,1516.1,1515.0,1515.8,8687,0
2025-12-02 14:05:00+05:30,1515.5,1516.7,1514.9,1516.6,19893,0
2025-12-02 14:10:00+05:30,1516.5,1517.4,1515.8,1516.1,12917,0
2025-12-02 14:15:00+05:30,1516.0,1516.8,1516.0,1516.6,6303,0
2025-12-02 14:20:00+05:30,1516.6,1516.7,1514.7,1515.4,9862,0
2025-12-02 14:25:00+05:30,1515.1,1516.7,1515.0,1515.6,18330,0
2025-12-02 14:30:00+05:30,1515.5,1516.6,1514.8,1515.0,33508,0
2025-12-02 14:35:00+05:30,1515.0,1515.9,1514.1,1515.1,118883,0
2025-12-02 14:40:00+05:30,1515.0,1515.3,1513.2,1514.0,103023,0
2025-12-02 14:45:00+05:30,1514.5,1515.2,1514.0,1514.9,85960,0
2025-12-02 14:50:00+05:30,1514.9,1516.0,1513.0,1514.2,41775,0
2025-12-02 14:55:00+05:30,1514.2,1515.2,1513.4,1514.9,32041,0
2025-12-02 15:00:00+05:30,1514.8,1516.6,1514.7,1514.9,84684,0
2025-12-02 15:05:00+05:30,1514.8,1515.9,1514.6,1515.0,40838,0
2025-12-02 15:10:00+05:30,1515.1,1518.0,1515.0,1517.9,32444,0
2025-12-02 15:15:00+05:30,1517.8,1520.3,1517.7,1519.8,125866,0
2025-12-02 15:20:00+05:30,1519.8,1522.0,1519.3,1519.9,85054,0
2025-12-02 15:25:00+05:30,1520.0,1520.2,1516.3,1519.0,36730,0
2025-12-03 09:15:00+05:30,1514.0,1519.0,1514.0,1518.3,23951,0
2025-12-03 09:20:00+05:30,1517.6,1520.9,1516.6,1519.5,23305,0
2025-12-03 09:25:00+05:30,1519.5,1521.0,1514.8,1516.0,21656,0
2025-12-03 09:30:00+05:30,1516.6,1517.7,1514.2,1514.8,11719,0
2025-12-03 09:35:00+05:30,1514.4,1520.7,1514.2,1520.0,45219,0
2025-12-03 09:40:00+05:30,1520.3,1520.7,1517.0,1520.0,33288,0
2025-12-03 09:45:00+05:30,1520.2,1524.0,1518.9,1518.9,57502,0
2025-12-03 09:50:00+05:30,1519.0,1519.4,1516.4,1518.2,21621,0
2025-12-03 09:55:00+05:30,1518.2,1518.2,1515.0,1516.1,32933,0
2025-12-03 10:00:00+05:30,1516.2,1516.3,1511.3,1511.3,40283,0
2025-12-03 10:05:00+05:30,1511.3,1511.9,1508.1,1508.5,31954,0
2025-12-03 10:10:00+05:30,1508.2,1509.9,1508.1,1508.9,19347,0
2025-12-03 10:15:00+05:30,1509.0,1509.5,1505.4,1506.3,22808,0
2025-12-03 10:20:00+05:30,1506.3,1509.5,1506.3,1508.5,12123,0
2025-12-03 10:25:00+05:30,1508.5,1509.5,1506.7,1507.4,10987,0
2025-12-03 10:30:00+05:30,1507.4,1508.0,1504.2,1507.0,15699,0
2025-12-03 10:35:00+05:30,1507.0,1508.5,1505.8,1507.5,33252,0
2025-12-03 10:40:00+05:30,1507.2,1507.9,1505.1,1506.7,15328,0
2025-12-03 10:45:00+05:30,1507.4,1509.9,1507.2,1508.7,22642,0
2025-12-03 10:50:00+05:30,1508.1,1509.1,1507.8,1509.1,9967,0
2025-12-03 10:55:00+05:30,1509.0,1509.1,1501.9,1504.2,60777,0
2025-12-03 11:00:00+05:30,1503.9,1505.0,1503.3,1503.5,17722,0
2025-12-03 11:05:00+05:30,1504.0,1506.2,1502.0,1504.6,49855,0
2025-12-03 11:10:00+05:30,1504.1,1505.0,1504.0,1505.0,10371,0
2025-12-03 11:15:00+05:30,1504.8,1505.0,1502.1,1502.4,13842,0
2025-12-03 11:20:00+05:30,1502.1,1502.5,1500.0,1502.0,25598,0
2025-12-03 11:25:00+05:30,1501.7,1504.0,1501.7,1503.4,15311,0
2025-12-03 11:30:00+05:30,1503.8,1504.8,1501.0,1504.5,12049,0
2025-12-03 11:35:00+05:30,1504.6,1505.0,1504.2,1504.5,10692,0
2025-12-03 11:40:00+05:30,1504.8,1507.4,1503.3,1506.8,61206,0
2025-12-03 11:45:00+05:30,1506.2,1507.2,1505.5,1507.0,11246,0
2025-12-03 11:50:00+05:30,1507.0,1507.0,1504.1,1505.6,13514,0
2025-12-03 11:55:00+05:30,1505.7,1506.7,1504.8,1505.7,9818,0
2025-12-03 12:00:00+05:30,1505.1,1506.7,1504.6,1506.1,13886,0
2025-12-03 12:05:00+05:30,1506.1,1506.4,1505.0,1505.7,12574,0
2025-12-03 12:10:00+05:30,1505.7,1507.5,1505.0,1507.0,15240,0
2025-12-03 12:15:00+05:30,1507.0,1508.0,1506.4,1508.0,7852,0
2025-12-03 12:20:00+05:30,1507.9,1509.5,1507.6,1508.9,10216,0
2025-12-03 12:25:00+05:30,1509.3,1509.9,1507.1,1508.6,10034,0
2025-12-03 12:30:00+05:30,1508.6,1508.6,1501.0,1501.7,29789,0
2025-12-03 12:35:00+05:30,1501.5,1503.6,1501.2,1502.0,9672,0
2025-12-03 12:40:00+05:30,1502.2,1502.2,1498.4,1499.7,33083,0
2025-12-03 12:45:00+05:30,1499.4,1499.7,1497.8,1499.5,14905,0
2025-12-03 12:50:00+05:30,1499.2,1500.6,1495.0,1496.8,161411,0
2025-12-03 12:55:00+05:30,1496.8,1497.4,1495.6,1497.4,8793,0
2025-12-03 13:00:00+05:30,1497.2,1498.0,1496.7,1498.0,8368,0
2025-12-03 13:05:00+05:30,1498.1,1498.6,1497.3,1497.7,5125,0
2025-12-03 13:10:00+05:30,1497.7,1499.5,1497.5,1498.3,15906,0
2025-12-03 13:15:00+05:30,1498.1,1499.2,1494.1,1495.4,20057,0
2025-12-03 13:20:00+05:30,1495.7,1495.7,1494.1,1495.3,8512,0
2025-12-03 13:25:00+05:30,1495.3,1496.9,1494.7,1496.6,9002,0
2025-12-03 13:30:00+05:30,1496.7,1496.8,1495.7,1496.3,7580,0
2025-12-03 13:35:00+05:30,1496.6,1496.7,1494.0,1495.0,8729,0
2025-12-03 13:40:00+05:30,1494.6,1496.4,1494.1,1496.3,7378,0
2025-12-03 13:45:00+05:30,1496.2,1496.3,1492.0,1493.0,57420,0
2025-12-03 13:50:00+05:30,1493.0,1494.4,1491.6,1494.1,17533,0
2025-12-03 13:55:00+05:30,1493.6,1494.5,1493.1,1494.1,6203,0
2025-12-03 14:00:00+05:30,1494.1,1494.3,1488.6,1490.3,57698,0
2025-12-03 14:05:00+05:30,1490.2,1494.0,1489.3,1493.3,37017,0
2025-12-03 14:10:00+05:30,1493.3,1494.6,1492.3,1494.4,14834,0
2025-12-03 14:15:00+05:30,1494.0,1494.5,1493.0,1493.0,14193,0
2025-12-03 14:20:00+05:30,1493.1,1494.5,1492.2,1494.0,15982,0
2025-12-03 14:25:00+05:30,1494.0,1494.4,1492.4,1493.6,28224,0
2025-12-03 14:30:00+05:30,1493.3,1493.9,1492.1,1492.9,13772,0
2025-12-03 14:35:00+05:30,1492.8,1493.3,1491.5,1492.5,11316,0
2025-12-03 14:40:00+05:30,1492.3,1492.8,1490.9,1491.9,11589,0
2025-12-03 14:45:00+05:30,1491.5,1491.7,1489.1,1490.4,12881,0
2025-12-03 14:50:00+05:30,1490.1,1492.2,1489.2,1492.2,15194,0
2025-12-03 14:55:00+05:30,1492.0,1492.1,1490.1,1491.0,16768,0
2025-12-03 15:00:00+05:30,1491.0,1493.4,1491.0,1492.6,60069,0
2025-12-03 15:05:00+05:30,1492.6,1499.0,1491.2,1498.3,125804,0
2025-12-03 15:10:00+05:30,1498.3,1501.8,1498.3,1501.3,57611,0
2025-12-03 15:15:00+05:30,1501.1,1503.9,1501.1,1502.7,58174,0
2025-12-03 15:20:00+05:30,1502.6,1503.0,1499.4,1500.0,53814,0
2025-12-03 15:25:00+05:30,1500.0,1500.9,1497.9,1500.3,36210,0
2025-12-04 09:15:00+05:30,1497.7,1497.8,1490.2,1495.4,51254,0
2025-12-04 09:20:00+05:30,1495.4,1501.4,1495.0,1500.2,28546,0
2025-12-04 09:25:00+05:30,1500.2,1501.9,1498.8,1501.5,31413,0
2025-12-04 09:30:00+05:30,1501.1,1503.5,1500.3,1502.9,19922,0
2025-12-04 09:35:00+05:30,1503.4,1504.0,1499.5,1501.5,36354,0
2025-12-04 09:40:00+05:30,1501.5,1503.7,1500.0,1503.5,20983,0
2025-12-04 09:45:00+05:30,1503.5,1503.6,1501.0,1501.1,15567,0
2025-12-04 09:50:00+05:30,1501.2,1503.8,1501.2,1503.0,13956,0
2025-12-04 09:55:00+05:30,1503.0,1505.0,1501.8,1503.5,20806,0
2025-12-04 10:00:00+05:30,1503.9,1505.9,1503.6,1504.9,16284,0
2025-12-04 10:05:00+05:30,1504.9,1505.7,1501.1,1501.1,18360,0
2025-12-04 10:10:00+05:30,1501.1,1505.8,1501.1,1505.1,23747,0
2025-12-04 10:15:00+05:30,1505.4,1505.6,1501.2,1503.0,25367,0
2025-12-04 10:20:00+05:30,1503.0,1503.5,1501.6,1502.0,15525,0
2025-12-04 10:25:00+05:30,1502.0,1505.7,1500.0,1505.3,31656,0
2025-12-04 10:30:00+05:30,1505.6,1505.8,1503.1,1505.8,13959,0
2025-12-04 10:35:00+05:30,1505.8,1506.7,1505.0,1506.1,19258,0
2025-12-04 10:40:00+05:30,1506.1,1507.9,1506.0,1506.9,10603,0
2025-12-04 10:45:00+05:30,1506.8,1507.0,1505.4,1505.4,10275,0
2025-12-04 10:50:00+05:30,1505.5,1507.0,1501.2,1504.0,60504,0
2025-12-04 10:55:00+05:30,1504.0,1505.7,1502.9,1503.7,38010,0
2025-12-04 11:00:00+05:30,1503.5,1503.7,1501.4,1502.2,38282,0
2025-12-04 11:05:00+05:30,1502.2,1502.8,1497.5,1497.5,18972,0
2025-12-04 11:10:00+05:30,1497.7,1498.6,1497.0,1498.5,11152,0
2025-12-04 11:15:00+05:30,1498.6,1498.6,1495.9,1496.5,12224,0
2025-12-04 11:20:00+05:30,1496.5,1497.4,1494.3,1495.3,17926,0
2025-12-04 11:25:00+05:30,1495.3,1496.7,1494.7,1495.9,9618,0
2025-12-04 11:30:00+05:30,1495.9,1497.0,1495.1,1496.5,10893,0
2025-12-04 11:35:00+05:30,1496.5,1496.9,1493.0,1494.5,14007,0
2025-12-04 11:40:00+05:30,1494.5,1496.9,1493.7,1496.2,11582,0
2025-12-04 11:45:00+05:30,1496.5,1498.0,1495.3,1497.6,26852,0
2025-12-04 11:50:00+05:30,1497.6,1498.7,1496.0,1496.2,18714,0
2025-12-04 11:55:00+05:30,1496.2,1497.0,1495.3,1497.0,8347,0
2025-12-04 12:00:00+05:30,1497.0,1497.0,1496.0,1496.8,7536,0
2025-12-04 12:05:00+05:30,1496.8,1497.3,1496.0,1496.3,8660,0
2025-12-04 12:10:00+05:30,1496.3,1496.3,1494.2,1495.0,7362,0
2025-12-04 12:15:00+05:30,1495.0,1496.0,1494.5,1495.6,7237,0
2025-12-04 12:20:00+05:30,1495.6,1496.2,1494.2,1496.2,9839,0
2025-12-04 12:25:00+05:30,1496.2,1497.0,1495.7,1496.6,10042,0
2025-12-04 12:30:00+05:30,1496.6,1497.8,1496.5,1497.2,19377,0
2025-12-04 12:35:00+05:30,1497.2,1498.4,1497.0,1497.6,19512,0
2025-12-04 12:40:00+05:30,1497.6,1498.2,1497.0,1497.4,10777,0
2025-12-04 12:45:00+05:30,1497.4,1497.9,1496.2,1497.0,9536,0
2025-12-04 12:50:00+05:30,1497.3,1499.9,1497.1,1498.9,10849,0
2025-12-04 12:55:00+05:30,1498.8,1502.0,1498.3,1502.0,11437,0
2025-12-04 13:00:00+05:30,1502.0,1503.6,1500.9,1503.5,13180,0
2025-12-04 13:05:00+05:30,1503.5,1503.7,1501.9,1502.5,9719,0
2025-12-04 13:10:00+05:30,1502.5,1502.6,1500.0,1502.1,9644,0
2025-12-04 13:15:00+05:30,1502.1,1503.3,1501.6,1502.5,10258,0
2025-12-04 13:20:00+05:30,1502.6,1503.0,1499.9,1502.0,26321,0
2025-12-04 13:25:00+05:30,1502.0,1504.1,1501.7,1503.6,16044,0
2025-12-04 13:30:00+05:30,1504.1,1505.0,1503.6,1503.7,10395,0
2025-12-04 13:35:00+05:30,1503.7,1503.8,1501.4,1502.5,9158,0
2025-12-04 13:40:00+05:30,1502.5,1502.6,1500.0,1502.1,12279,0
2025-12-04 13:45:00+05:30,1502.1,1503.7,1501.4,1502.9,9463,0
2025-12-04 13:50:00+05:30,1503.5,1503.8,1502.6,1503.6,12433,0
2025-12-04 13:55:00+05:30,1503.6,1504.0,1502.5,1503.8,10412,0
2025-12-04 14:00:00+05:30,1503.8,1505.0,1503.5,1505.0,13587,0
2025-12-04 14:05:00+05:30,1505.0,1507.2,1503.6,1506.9,47832,0
2025-12-04 14:10:00+05:30,1506.9,1508.0,1506.1,1507.0,25153,0
2025-12-04 14:15:00+05:30,1507.0,1509.1,1506.1,1507.0,29632,0
2025-12-04 14:20:00+05:30,1506.6,1508.8,1505.9,1507.1,19469,0
2025-12-04 14:25:00+05:30,1507.1,1508.0,1506.9,1507.3,12322,0
2025-12-04 14:30:00+05:30,1507.8,1508.0,1506.2,1506.5,14163,0
2025-12-04 14:35:00+05:30,1506.5,1506.9,1503.3,1503.9,20066,0
2025-12-04 14:40:00+05:30,1503.9,1504.3,1502.0,1502.0,20959,0
2025-12-04 14:45:00+05:30,1502.1,1503.9,1501.3,1503.9,32916,0
2025-12-04 14:50:00+05:30,1503.9,1504.9,1502.9,1504.8,21390,0
2025-12-04 14:55:00+05:30,1504.8,1506.4,1504.7,1506.0,18882,0
2025-12-04 15:00:00+05:30,1506.0,1506.2,1503.0,1504.1,37503,0
2025-12-04 15:05:00+05:30,1504.1,1505.8,1504.0,1504.7,35125,0
2025-12-04 15:10:00+05:30,1504.7,1505.0,1504.0,1504.8,43519,0
2025-12-04 15:15:00+05:30,1504.7,1505.4,1504.5,1505.4,47849,0
2025-12-04 15:20:00+05:30,1505.3,1508.3,1503.4,1508.2,95957,0
2025-12-04 15:25:00+05:30,1508.3,1509.0,1503.6,1507.7,52868,0
2025-12-05 09:15:00+05:30,1504.6,1506.0,1500.1,1504.0,23173,0
2025-12-05 09:20:00+05:30,1504.9,1505.3,1501.1,1502.3,17656,0
2025-12-05 09:25:00+05:30,1502.7,1506.1,1500.5,1501.5,18386,0
2025-12-05 09:30:00+05:30,1501.4,1502.5,1498.7,1502.5,27012,0
2025-12-05 09:35:00+05:30,1502.5,1502.5,1498.0,1498.0,7759,0
2025-12-05 09:40:00+05:30,1498.3,1501.0,1498.0,1499.9,8786,0
2025-12-05 09:45:00+05:30,1499.5,1500.0,1497.3,1497.3,7963,0
2025-12-05 09:50:00+05:30,1497.9,1497.9,1495.5,1495.7,8053,0
2025-12-05 09:55:00+05:30,1495.7,1495.7,1493.9,1495.4,11014,0
2025-12-05 10:00:00+05:30,1495.4,1502.5,1495.0,1501.0,18924,0
2025-12-05 10:05:00+05:30,1501.0,1501.8,1497.2,1498.6,17787,0
2025-12-05 10:10:00+05:30,1498.0,1499.3,1497.4,1498.9,4039,0
2025-12-05 10:15:00+05:30,1499.3,1502.5,1498.5,1500.8,11995,0
2025-12-05 10:20:00+05:30,1501.6,1501.7,1500.1,1500.8,6325,0
2025-12-05 10:25:00+05:30,1500.7,1501.1,1495.7,1495.7,8209,0
2025-12-05 10:30:00+05:30,1496.0,1497.5,1493.5,1497.2,18591,0
2025-12-05 10:35:00+05:30,1497.2,1498.3,1493.3,1493.3,42848,0
2025-12-05 10:40:00+05:30,1493.3,1497.0,1493.3,1496.9,20943,0
2025-12-05 10:45:00+05:30,1497.0,1500.7,1495.5,1500.5,11530,0
2025-12-05 10:50:00+05:30,1500.2,1500.2,1494.9,1499.1,76355,0
2025-12-05 10:55:00+05:30,1499.5,1501.9,1498.9,1499.2,12504,0
2025-12-05 11:00:00+05:30,1500.1,1503.5,1499.8,1501.0,65137,0
2025-12-05 11:05:00+05:30,1501.1,1502.5,1499.2,1501.0,14451,0
2025-12-05 11:10:00+05:30,1501.0,1501.8,1499.5,1500.0,16675,0
2025-12-05 11:15:00+05:30,1500.0,1500.5,1498.5,1499.2,12299,0
2025-12-05 11:20:00+05:30,1499.2,1500.0,1499.1,1499.6,4448,0
2025-12-05 11:25:00+05:30,1499.5,1500.0,1499.2,1499.9,4658,0
2025-12-05 11:30:00+05:30,1499.9,1499.9,1499.2,1499.8,2266,0
2025-12-05 11:35:00+05:30,1499.2,1499.8,1498.0,1499.1,9567,0
2025-12-05 11:40:00+05:30,1498.5,1500.0,1498.2,1500.0,7862,0
2025-12-05 11:45:00+05:30,1500.0,1500.4,1499.7,1500.4,9542,0
2025-12-05 11:50:00+05:30,1500.4,1501.5,1499.2,1499.8,24043,0
2025-12-05 11:55:00+05:30,1499.8,1500.0,1498.9,1499.3,2469,0
2025-12-05 12:00:00+05:30,1499.3,1500.0,1499.1,1500.0,1798,0
2025-12-05 12:05:00+05:30,1500.0,1500.0,1499.1,1499.8,2222,0
2025-12-05 12:10:00+05:30,1499.8,1499.9,1498.0,1498.8,9368,0
2025-12-05 12:15:00+05:30,1498.8,1500.0,1498.5,1499.8,5421,0
2025-12-05 12:20:00+05:30,1499.8,1500.0,1499.0,1500.0,6400,0
2025-12-05 12:25:00+05:30,1500.0,1502.0,1500.0,1501.7,15560,0
2025-12-05 12:30:00+05:30,1501.7,1504.5,1501.4,1504.5,25111,0
2025-12-05 12:35:00+05:30,1504.5,1507.0,1502.9,1506.3,25546,0
2025-12-05 12:40:00+05:30,1506.9,1506.9,1504.2,1505.6,11499,0
2025-12-05 12:45:00+05:30,1505.6,1507.0,1505.1,1507.0,7389,0
2025-12-05 12:50:00+05:30,1507.0,1511.2,1506.5,1509.8,24312,0
2025-12-05 12:55:00+05:30,1509.7,1509.9,1507.5,1508.8,9373,0
2025-12-05 13:00:00+05:30,1508.8,1509.9,1507.9,1508.6,6466,0
2025-12-05 13:05:00+05:30,1507.9,1509.3,1507.9,1509.3,3965,0
2025-12-05 13:10:00+05:30,1509.3,1509.6,1508.1,1509.0,3868,0
2025-12-05 13:15:00+05:30,1509.0,1509.9,1508.6,1509.7,5548,0
2025-12-05 13:20:00+05:30,1509.8,1513.0,1508.2,1509.5,21230,0
2025-12-05 13:25:00+05:30,1509.1,1511.0,1509.1,1510.1,6857,0
2025-12-05 13:30:00+05:30,1510.1,1511.5,1509.4,1511.1,9101,0
2025-12-05 13:35:00+05:30,1511.5,1512.3,1507.7,1509.5,11089,0
2025-12-05 13:40:00+05:30,1509.5,1511.3,1509.4,1510.0,48450,0
2025-12-05 13:45:00+05:30,1510.0,1513.0,1510.0,1511.2,19008,0
2025-12-05 13:50:00+05:30,1511.1,1514.0,1511.0,1511.7,17000,0
2025-12-05 13:55:00+05:30,1511.7,1512.8,1511.0,1511.7,5897,0
2025-12-05 14:00:00+05:30,1511.6,1513.2,1511.0,1513.0,13912,0
2025-12-05 14:05:00+05:30,1513.2,1513.3,1509.1,1510.8,9380,0
2025-12-05 14:10:00+05:30,1510.9,1511.9,1510.3,1511.6,3652,0
2025-12-05 14:15:00+05:30,1511.6,1512.5,1511.1,1512.5,11672,0
2025-12-05 14:20:00+05:30,1512.5,1512.8,1511.4,1511.9,3720,0
2025-12-05 14:25:00+05:30,1511.9,1512.8,1511.0,1512.0,3299,0
2025-12-05 14:30:00+05:30,1512.0,1512.3,1510.0,1510.9,4380,0
2025-12-05 14:35:00+05:30,1511.0,1511.9,1510.0,1510.9,4204,0
2025-12-05 14:40:00+05:30,1511.3,1511.5,1508.9,1509.3,11407,0
2025-12-05 14:45:00+05:30,1509.0,1509.6,1505.1,1508.1,18841,0
2025-12-05 14:50:00+05:30,1507.7,1508.6,1506.7,1507.6,7409,0
2025-12-05 14:55:00+05:30,1507.5,1508.0,1506.3,1508.0,8832,0
2025-12-05 15:00:00+05:30,1508.0,1511.3,1507.8,1510.3,20686,0
2025-12-05 15:05:00+05:30,1510.3,1510.4,1508.7,1509.4,22522,0
2025-12-05 15:10:00+05:30,1509.4,1510.0,1508.9,1509.2,25521,0
2025-12-05 15:15:00+05:30,1509.2,1510.0,1509.1,1509.7,27785,0
2025-12-05 15:20:00+05:30,1509.7,1510.0,1508.3,1509.0,45448,0
2025-12-05 15:25:00+05:30,1508.8,1511.0,1508.3,1511.0,42935,0
2025-12-08 09:15:00+05:30,1509.4,1510.9,1504.0,1504.9,19296,0
2025-12-08 09:20:00+05:30,1505.4,1509.0,1503.0,1506.3,58547,0
2025-12-08 09:25:00+05:30,1506.6,1507.1,1501.5,1502.2,14056,0
2025-12-08 09:30:00+05:30,1502.6,1506.6,1501.8,1503.9,10085,0
2025-12-08 09:35:00+05:30,1503.7,1504.0,1501.0,1501.8,8730,0
2025-12-08 09:40:00+05:30,1501.8,1506.1,1501.0,1504.4,12109,0
2025-12-08 09:45:00+05:30,1504.5,1504.5,1501.1,1501.1,9129,0
2025-12-08 09:50:00+05:30,1501.4,1501.4,1499.0,1500.3,15394,0
2025-12-08 09:55:00+05:30,1500.1,1501.2,1499.0,1500.0,6573,0
2025-12-08 10:00:00+05:30,1500.0,1501.0,1496.1,1496.8,15501,0
2025-12-08 10:05:00+05:30,1497.2,1498.0,1495.7,1495.7,12299,0
2025-12-08 10:10:00+05:30,1495.9,1496.1,1492.1,1494.0,35243,0
2025-12-08 10:15:00+05:30,1494.0,1495.0,1493.0,1494.5,7930,0
2025-12-08 10:20:00+05:30,1494.5,1497.5,1494.2,1496.6,11343,0
2025-12-08 10:25:00+05:30,1496.7,1497.5,1496.0,1497.2,8183,0
2025-12-08 10:30:00+05:30,1497.4,1498.0,1496.3,1497.3,6506,0
2025-12-08 10:35:00+05:30,1497.0,1497.9,1496.5,1497.4,4400,0
2025-12-08 10:40:00+05:30,1497.5,1498.8,1496.6,1498.3,4948,0
2025-12-08 10:45:00+05:30,1498.3,1498.9,1497.5,1497.9,7102,0
2025-12-08 10:50:00+05:30,1497.9,1498.8,1497.0,1498.0,3863,0
2025-12-08 10:55:00+05:30,1498.6,1499.2,1497.7,1498.0,6986,0
2025-12-08 11:00:00+05:30,1498.0,1498.2,1496.9,1498.0,3594,0
2025-12-08 11:05:00+05:30,1498.0,1498.4,1497.0,1498.0,5000,0
2025-12-08 11:10:00+05:30,1498.0,1498.9,1497.1,1497.5,7191,0
2025-12-08 11:15:00+05:30,1497.5,1498.0,1495.8,1496.0,5420,0
2025-12-08 11:20:00+05:30,1496.7,1497.5,1495.9,1497.0,6517,0
2025-12-08 11:25:00+05:30,1497.0,1498.2,1496.4,1496.7,6391,0
2025-12-08 11:30:00+05:30,1496.9,1497.6,1496.0,1496.3,5045,0
2025-12-08 11:35:00+05:30,1496.9,1497.5,1496.1,1497.0,4258,0
2025-12-08 11:40:00+05:30,1497.1,1497.2,1494.0,1496.3,8730,0
2025-12-08 11:45:00+05:30,1496.3,1497.5,1495.5,1497.5,4342,0
2025-12-08 11:50:00+05:30,1497.5,1497.5,1495.8,1496.9,2968,0
2025-12-08 11:55:00+05:30,1496.5,1496.9,1494.0,1494.8,9211,0
2025-12-08 12:00:00+05:30,1494.8,1495.4,1494.1,1495.0,5538,0
2025-12-08 12:05:00+05:30,1494.7,1495.0,1493.7,1494.9,8089,0
2025-12-08 12:10:00+05:30,1494.2,1494.9,1493.0,1493.2,4988,0
2025-12-08 12:15:00+05:30,1493.2,1493.5,1492.0,1492.8,11475,0
2025-12-08 12:20:00+05:30,1492.8,1492.8,1490.2,1491.8,13581,0
2025-12-08 12:25:00+05:30,1491.8,1492.2,1490.0,1490.5,10673,0
2025-12-08 12:30:00+05:30,1490.6,1491.5,1488.0,1488.5,12882,0
2025-12-08 12:35:00+05:30,1488.1,1488.6,1485.8,1486.4,13038,0
2025-12-08 12:40:00+05:30,1486.2,1489.0,1486.0,1487.8,7558,0
2025-12-08 12:45:00+05:30,1487.6,1487.6,1486.0,1487.1,6885,0
2025-12-08 12:50:00+05:30,1487.0,1487.2,1485.2,1486.0,10724,0
2025-12-08 12:55:00+05:30,1486.0,1486.0,1485.0,1485.9,11116,0
2025-12-08 13:00:00+05:30,1485.8,1486.8,1483.6,1484.4,14616,0
2025-12-08 13:05:00+05:30,1484.9,1487.9,1483.1,1486.9,13421,0
2025-12-08 13:10:00+05:30,1487.0,1488.4,1486.4,1486.8,5422,0
2025-12-08 13:15:00+05:30,1486.9,1486.9,1483.5,1484.4,17665,0
2025-12-08 13:20:00+05:30,1483.9,1483.9,1480.0,1480.8,23085,0
2025-12-08 13:25:00+05:30,1480.8,1482.8,1480.1,1480.8,9564,0
2025-12-08 13:30:00+05:30,1481.0,1481.5,1478.9,1479.9,16967,0
2025-12-08 13:35:00+05:30,1479.9,1480.0,1478.0,1479.2,9844,0
2025-12-08 13:40:00+05:30,1479.0,1480.6,1478.4,1480.2,8071,0
2025-12-08 13:45:00+05:30,1480.4,1481.5,1479.7,1481.0,8351,0
2025-12-08 13:50:00+05:30,1481.0,1481.0,1479.7,1480.4,7460,0
2025-12-08 13:55:00+05:30,1480.4,1481.6,1479.2,1481.0,11795,0
2025-12-08 14:00:00+05:30,1480.8,1480.8,1478.0,1479.8,6651,0
2025-12-08 14:05:00+05:30,1479.8,1479.8,1477.0,1478.3,7731,0
2025-12-08 14:10:00+05:30,1478.3,1478.8,1476.3,1476.9,10631,0
2025-12-08 14:15:00+05:30,1476.7,1477.5,1474.4,1476.5,24346,0
2025-12-08 14:20:00+05:30,1476.5,1477.0,1475.0,1475.6,6416,0
2025-12-08 14:25:00+05:30,1475.8,1476.8,1475.0,1475.9,7878,0
2025-12-08 14:30:00+05:30,1475.9,1476.7,1475.5,1475.8,8114,0
2025-12-08 14:35:00+05:30,1475.6,1475.8,1474.0,1474.4,13433,0
2025-12-08 14:40:00+05:30,1474.2,1475.9,1472.6,1475.9,18825,0
2025-12-08 14:45:00+05:30,1475.8,1478.0,1475.2,1478.0,10534,0
2025-12-08 14:50:00+05:30,1478.0,1482.9,1477.6,1478.4,57863,0
2025-12-08 14:55:00+05:30,1478.5,1479.0,1474.1,1475.9,20046,0
2025-12-08 15:00:00+05:30,1476.0,1482.4,1476.0,1480.3,42676,0
2025-12-08 15:05:00+05:30,1480.3,1483.0,1479.6,1482.2,30019,0
2025-12-08 15:10:00+05:30,1482.2,1483.6,1479.6,1480.3,35157,0
2025-12-08 15:15:00+05:30,1480.3,1480.5,1476.6,1478.3,41703,0
2025-12-08 15:20:00+05:30,1478.3,1480.9,1478.0,1480.9,33516,0
2025-12-08 15:25:00+05:30,1480.9,1482.4,1478.0,1480.3,85165,0
2025-12-09 09:15:00+05:30,1476.9,1480.3,1472.0,1474.2,43501,0
2025-12-09 09:20:00+05:30,1474.5,1476.0,1472.6,1473.8,22876,0
2025-12-09 09:25:00+05:30,1473.7,1473.9,1471.1,1471.7,12718,0
2025-12-09 09:30:00+05:30,1471.9,1472.0,1468.9,1470.7,32970,0
2025-12-09 09:35:00+05:30,1470.7,1472.7,1468.2,1470.1,28620,0
2025-12-09 09:40:00+05:30,1470.1,1471.8,1464.1,1465.5,25328,0
2025-12-09 09:45:00+05:30,1465.0,1467.0,1464.1,1466.5,17827,0
2025-12-09 09:50:00+05:30,1466.9,1467.5,1462.3,1462.7,17638,0
2025-12-09 09:55:00+05:30,1462.7,1465.5,1460.9,1464.0,25316,0
2025-12-09 10:00:00+05:30,1464.0,1469.0,1463.2,1467.0,26006,0
2025-12-09 10:05:00+05:30,1467.8,1475.0,1467.3,1472.9,23474,0
2025-12-09 10:10:00+05:30,1472.4,1475.0,1471.5,1472.5,17331,0
2025-12-09 10:15:00+05:30,1472.7,1480.6,1472.2,1480.3,24360,0
2025-12-09 10:20:00+05:30,1480.2,1480.2,1478.0,1479.0,11073,0
2025-12-09 10:25:00+05:30,1479.0,1480.0,1477.0,1478.4,15243,0
2025-12-09 10:30:00+05:30,1478.6,1479.6,1476.2,1476.6,11153,0
2025-12-09 10:35:00+05:30,1476.7,1477.3,1474.5,1477.0,8118,0
2025-12-09 10:40:00+05:30,1477.0,1479.0,1476.1,1479.0,11817,0
2025-12-09 10:45:00+05:30,1478.8,1481.0,1478.2,1478.8,21439,0
2025-12-09 10:50:00+05:30,1478.6,1478.7,1475.8,1477.6,5386,0
2025-12-09 10:55:00+05:30,1477.5,1478.5,1476.0,1478.0,11457,0
2025-12-09 11:00:00+05:30,1477.6,1478.0,1474.3,1477.0,15989,0
2025-12-09 11:05:00+05:30,1477.0,1479.8,1476.2,1478.9,8932,0
2025-12-09 11:10:00+05:30,1479.1,1484.0,1477.5,1482.7,15876,0
2025-12-09 11:15:00+05:30,1482.1,1486.2,1481.4,1484.2,21203,0
2025-12-09 11:20:00+05:30,1484.5,1484.9,1482.5,1483.0,6642,0
2025-12-09 11:25:00+05:30,1483.0,1484.7,1481.1,1483.2,8269,0
2025-12-09 11:30:00+05:30,1483.0,1484.7,1482.4,1484.7,5541,0
2025-12-09 11:35:00+05:30,1484.7,1486.7,1483.5,1486.2,9400,0
2025-12-09 11:40:00+05:30,1486.1,1487.1,1484.8,1484.8,14129,0
2025-12-09 11:45:00+05:30,1484.9,1487.7,1484.6,1486.2,13722,0
2025-12-09 11:50:00+05:30,1486.1,1487.6,1486.0,1487.4,5327,0
2025-12-09 11:55:00+05:30,1487.5,1491.3,1487.5,1489.7,12269,0
2025-12-09 12:00:00+05:30,1489.7,1490.6,1488.6,1490.3,7036,0
2025-12-09 12:05:00+05:30,1490.4,1493.7,1490.0,1493.2,7588,0
2025-12-09 12:10:00+05:30,1493.2,1493.9,1491.2,1493.9,7123,0
2025-12-09 12:15:00+05:30,1493.9,1495.0,1492.4,1492.9,8936,0
2025-12-09 12:20:00+05:30,1492.6,1494.7,1492.5,1494.0,5781,0
2025-12-09 12:25:00+05:30,1494.0,1494.1,1492.2,1492.5,5438,0
2025-12-09 12:30:00+05:30,1492.5,1492.7,1488.7,1489.8,10452,0
2025-12-09 12:35:00+05:30,1489.5,1490.0,1487.7,1488.0,4013,0
2025-12-09 12:40:00+05:30,1487.8,1489.8,1487.4,1489.5,5910,0
2025-12-09 12:45:00+05:30,1489.0,1490.0,1487.3,1489.7,16041,0
2025-12-09 12:50:00+05:30,1489.8,1492.9,1489.8,1492.4,10563,0
2025-12-09 12:55:00+05:30,1492.4,1492.5,1490.0,1491.6,10825,0
2025-12-09 13:00:00+05:30,1491.1,1492.8,1490.2,1492.8,6150,0
2025-12-09 13:05:00+05:30,1492.7,1493.9,1491.7,1492.8,13062,0
2025-12-09 13:10:00+05:30,1492.8,1493.0,1491.0,1492.9,4299,0
2025-12-09 13:15:00+05:30,1492.5,1492.8,1491.0,1491.8,8856,0
2025-12-09 13:20:00+05:30,1491.4,1492.8,1490.5,1492.8,6067,0
2025-12-09 13:25:00+05:30,1492.8,1494.0,1492.3,1493.9,7110,0
2025-12-09 13:30:00+05:30,1493.5,1495.9,1493.5,1495.3,13382,0
2025-12-09 13:35:00+05:30,1495.3,1495.7,1493.5,1495.6,6436,0
2025-12-09 13:40:00+05:30,1495.6,1496.6,1494.0,1494.6,8501,0
2025-12-09 13:45:00+05:30,1494.5,1496.4,1494.5,1496.4,15623,0
2025-12-09 13:50:00+05:30,1496.0,1497.0,1495.0,1496.2,8494,0
2025-12-09 13:55:00+05:30,1496.2,1497.0,1495.7,1496.8,5451,0
2025-12-09 14:00:00+05:30,1496.8,1496.9,1494.1,1494.8,5438,0
2025-12-09 14:05:00+05:30,1494.7,1496.0,1493.0,1495.9,9838,0
2025-12-09 14:10:00+05:30,1495.7,1497.5,1494.9,1496.9,7580,0
2025-12-09 14:15:00+05:30,1496.5,1496.9,1495.3,1496.8,32629,0
2025-12-09 14:20:00+05:30,1496.7,1497.5,1494.0,1496.5,60354,0
2025-12-09 14:25:00+05:30,1496.5,1498.0,1496.0,1497.0,15656,0
2025-12-09 14:30:00+05:30,1497.0,1497.3,1495.1,1496.1,23024,0
2025-12-09 14:35:00+05:30,1496.1,1496.3,1493.1,1495.9,25805,0
2025-12-09 14:40:00+05:30,1495.9,1497.9,1495.1,1496.1,46139,0
2025-12-09 14:45:00+05:30,1496.1,1496.8,1494.3,1496.1,20326,0
2025-12-09 14:50:00+05:30,1495.7,1496.3,1492.8,1493.5,22614,0
2025-12-09 14:55:00+05:30,1493.5,1495.8,1491.9,1495.4,30912,0
2025-12-09 15:00:00+05:30,1495.3,1497.0,1494.2,1496.4,42698,0
2025-12-09 15:05:00+05:30,1496.4,1498.0,1496.3,1496.8,39269,0
2025-12-09 15:10:00+05:30,1496.6,1497.7,1496.0,1496.6,44711,0
2025-12-09 15:15:00+05:30,1496.6,1499.2,1496.4,1498.6,59962,0
2025-12-09 15:20:00+05:30,1498.5,1498.6,1496.2,1497.4,45957,0
2025-12-09 15:25:00+05:30,1497.3,1499.0,1496.0,1496.7,40704,0
2025-12-10 09:15:00+05:30,1500.0,1509.8,1496.0,1506.6,69323,0
2025-12-10 09:20:00+05:30,1506.6,1507.8,1500.7,1504.5,25985,0
2025-12-10 09:25:00+05:30,1504.5,1509.8,1503.5,1508.8,25166,0
2025-12-10 09:30:00+05:30,1509.0,1518.0,1509.0,1518.0,69159,0
2025-12-10 09:35:00+05:30,1517.5,1521.0,1515.0,1519.9,59157,0
2025-12-10 09:40:00+05:30,1520.0,1520.5,1515.9,1517.4,35407,0
2025-12-10 09:45:00+05:30,1517.4,1518.0,1515.4,1515.8,20793,0
2025-12-10 09:50:00+05:30,1515.8,1517.2,1514.6,1516.5,20203,0
2025-12-10 09:55:00+05:30,1516.5,1516.6,1514.1,1514.6,12859,0
2025-12-10 10:00:00+05:30,1514.7,1517.0,1514.0,1515.6,14196,0
2025-12-10 10:05:00+05:30,1515.6,1515.9,1512.2,1512.6,19723,0
2025-12-10 10:10:00+05:30,1512.6,1513.1,1512.0,1512.8,11404,0
2025-12-10 10:15:00+05:30,1512.8,1519.0,1512.4,1518.9,28705,0
2025-12-10 10:20:00+05:30,1518.9,1519.4,1517.2,1518.7,20530,0
2025-12-10 10:25:00+05:30,1519.0,1519.5,1516.0,1516.6,15753,0
2025-12-10 10:30:00+05:30,1516.4,1517.5,1513.8,1514.4,25370,0
2025-12-10 10:35:00+05:30,1514.5,1514.9,1508.9,1510.0,50667,0
2025-12-10 10:40:00+05:30,1510.0,1511.6,1509.2,1511.1,12335,0
2025-12-10 10:45:00+05:30,1511.1,1511.5,1509.0,1509.8,12701,0
2025-12-10 10:50:00+05:30,1509.8,1510.0,1505.3,1505.3,20830,0
2025-12-10 10:55:00+05:30,1505.3,1506.6,1504.7,1504.9,18123,0
2025-12-10 11:00:00+05:30,1504.8,1509.4,1504.0,1509.4,25204,0
2025-12-10 11:05:00+05:30,1509.4,1510.1,1506.5,1507.9,14758,0
2025-12-10 11:10:00+05:30,1507.8,1509.2,1506.7,1509.2,9795,0
2025-12-10 11:15:00+05:30,1509.2,1509.6,1507.8,1509.5,10292,0
2025-12-10 11:20:00+05:30,1509.5,1509.8,1508.2,1509.1,7710,0
2025-12-10 11:25:00+05:30,1509.0,1509.3,1508.1,1508.9,7889,0
2025-12-10 11:30:00+05:30,1508.9,1509.4,1507.4,1508.1,9529,0
2025-12-10 11:35:00+05:30,1508.1,1510.5,1508.1,1510.2,56617,0
2025-12-10 11:40:00+05:30,1510.3,1513.8,1510.3,1513.3,25274,0
2025-12-10 11:45:00+05:30,1513.6,1513.9,1509.1,1509.7,41010,0
2025-12-10 11:50:00+05:30,1510.0,1512.0,1509.5,1512.0,55398,0
2025-12-10 11:55:00+05:30,1512.0,1514.5,1511.7,1512.5,24863,0
2025-12-10 12:00:00+05:30,1512.5,1515.0,1511.1,1514.9,27092,0
2025-12-10 12:05:00+05:30,1515.0,1517.3,1514.9,1516.3,28102,0
2025-12-10 12:10:00+05:30,1516.4,1517.0,1513.1,1514.0,40567,0
2025-12-10 12:15:00+05:30,1514.0,1514.8,1511.9,1514.8,25483,0
2025-12-10 12:20:00+05:30,1514.4,1516.2,1514.3,1515.9,21784,0
2025-12-10 12:25:00+05:30,1515.9,1516.6,1509.5,1510.4,60437,0
2025-12-10 12:30:00+05:30,1510.3,1511.0,1505.4,1506.2,18879,0
2025-12-10 12:35:00+05:30,1506.2,1506.3,1504.4,1504.5,16497,0
2025-12-10 12:40:00+05:30,1504.8,1506.2,1504.3,1505.8,7939,0
2025-12-10 12:45:00+05:30,1505.8,1507.6,1505.2,1506.9,8316,0
2025-12-10 12:50:00+05:30,1506.9,1507.3,1506.0,1506.5,6846,0
2025-12-10 12:55:00+05:30,1507.0,1507.6,1506.6,1506.9,5129,0
2025-12-10 13:00:00+05:30,1507.3,1508.3,1507.0,1507.7,6140,0
2025-12-10 13:05:00+05:30,1507.5,1508.7,1507.0,1508.4,7053,0
2025-12-10 13:10:00+05:30,1508.3,1509.0,1507.2,1508.6,7148,0
2025-12-10 13:15:00+05:30,1508.5,1510.0,1508.1,1510.0,9850,0
2025-12-10 13:20:00+05:30,1510.0,1510.0,1509.4,1510.0,9176,0
2025-12-10 13:25:00+05:30,1510.0,1510.0,1509.0,1510.0,5595,0
2025-12-10 13:30:00+05:30,1510.0,1510.0,1509.2,1509.9,7904,0
2025-12-10 13:35:00+05:30,1509.9,1511.9,1509.5,1511.4,16280,0
2025-12-10 13:40:00+05:30,1511.4,1512.0,1509.4,1509.9,9315,0
2025-12-10 13:45:00+05:30,1509.9,1510.0,1509.0,1509.5,6086,0
2025-12-10 13:50:00+05:30,1509.7,1509.9,1508.1,1509.9,10039,0
2025-12-10 13:55:00+05:30,1509.9,1510.0,1507.7,1508.2,5624,0
2025-12-10 14:00:00+05:30,1508.3,1508.7,1504.1,1505.6,20172,0
2025-12-10 14:05:00+05:30,1505.2,1505.5,1502.8,1503.8,16124,0
2025-12-10 14:10:00+05:30,1503.8,1505.0,1503.0,1503.5,10532,0
2025-12-10 14:15:00+05:30,1503.4,1503.5,1499.1,1499.8,52551,0
2025-12-10 14:20:00+05:30,1499.6,1499.7,1497.0,1497.3,12801,0
2025-12-10 14:25:00+05:30,1497.6,1499.7,1497.0,1498.8,12358,0
2025-12-10 14:30:00+05:30,1498.9,1504.8,1498.4,1504.4,53487,0
2025-12-10 14:35:00+05:30,1504.5,1504.7,1499.6,1501.4,15040,0
2025-12-10 14:40:00+05:30,1501.4,1501.7,1499.6,1500.4,9505,0
2025-12-10 14:45:00+05:30,1500.4,1502.0,1500.1,1502.0,8122,0
2025-12-10 14:50:00+05:30,1502.0,1502.0,1498.6,1498.7,12474,0
2025-12-10 14:55:00+05:30,1499.0,1501.2,1498.6,1501.2,12223,0
2025-12-10 15:00:00+05:30,1501.1,1501.3,1498.6,1498.9,31477,0
2025-12-10 15:05:00+05:30,1498.9,1499.0,1497.6,1497.7,19795,0
2025-12-10 15:10:00+05:30,1497.8,1499.9,1497.8,1498.7,33655,0
2025-12-10 15:15:00+05:30,1498.7,1499.0,1497.5,1497.9,46676,0
2025-12-10 15:20:00+05:30,1498.0,1499.0,1496.9,1497.1,30597,0
2025-12-10 15:25:00+05:30,1496.9,1497.0,1493.6,1496.0,35687,0
2025-12-11 09:15:00+05:30,1496.0,1503.0,1495.0,1502.7,45544,0
2025-12-11 09:20:00+05:30,1502.3,1506.9,1502.3,1504.5,25428,0
2025-12-11 09:25:00+05:30,1504.7,1510.0,1504.3,1509.8,17350,0
2025-12-11 09:30:00+05:30,1510.0,1512.3,1508.3,1510.3,31751,0
2025-12-11 09:35:00+05:30,1510.5,1510.5,1501.0,1501.5,25286,0
2025-12-11 09:40:00+05:30,1501.5,1502.0,1498.0,1498.9,28051,0
2025-12-11 09:45:00+05:30,1498.8,1503.8,1498.0,1503.0,27944,0
2025-12-11 09:50:00+05:30,1502.8,1502.9,1500.1,1500.5,10679,0
2025-12-11 09:55:00+05:30,1501.0,1501.5,1499.0,1500.2,9050,0
2025-12-11 10:00:00+05:30,1499.6,1501.5,1499.3,1501.5,8553,0
2025-12-11 10:05:00+05:30,1501.0,1504.2,1500.9,1503.4,8042,0
2025-12-11 10:10:00+05:30,1503.4,1506.0,1502.7,1506.0,22703,0
2025-12-11 10:15:00+05:30,1506.0,1509.7,1506.0,1509.5,20932,0
2025-12-11 10:20:00+05:30,1509.5,1509.9,1504.7,1505.0,33029,0
2025-12-11 10:25:00+05:30,1505.0,1505.1,1504.1,1504.6,11389,0
2025-12-11 10:30:00+05:30,1504.6,1506.7,1504.1,1506.3,32278,0
2025-12-11 10:35:00+05:30,1506.3,1508.5,1504.4,1504.9,24673,0
2025-12-11 10:40:00+05:30,1504.5,1507.4,1503.9,1506.9,49493,0
2025-12-11 10:45:00+05:30,1507.1,1509.0,1505.1,1506.9,47024,0
2025-12-11 10:50:00+05:30,1506.4,1508.7,1506.2,1507.8,28933,0
2025-12-11 10:55:00+05:30,1507.8,1507.9,1503.9,1504.0,9511,0
2025-12-11 11:00:00+05:30,1504.0,1505.6,1500.1,1500.2,16240,0
2025-12-11 11:05:00+05:30,1500.9,1502.9,1500.1,1502.5,12466,0
2025-12-11 11:10:00+05:30,1502.5,1504.8,1502.4,1503.6,6817,0
2025-12-11 11:15:00+05:30,1503.6,1504.6,1501.8,1504.3,10112,0
2025-12-11 11:20:00+05:30,1504.2,1505.5,1503.3,1505.3,5386,0
2025-12-11 11:25:00+05:30,1505.1,1505.4,1503.5,1504.3,3879,0
2025-12-11 11:30:00+05:30,1504.3,1506.0,1503.5,1504.8,10028,0
2025-12-11 11:35:00+05:30,1504.7,1504.7,1503.2,1503.8,4736,0
2025-12-11 11:40:00+05:30,1503.8,1505.0,1503.7,1504.4,2667,0
2025-12-11 11:45:00+05:30,1504.2,1506.0,1503.3,1506.0,24780,0
2025-12-11 11:50:00+05:30,1505.9,1507.0,1505.9,1506.9,36714,0
2025-12-11 11:55:00+05:30,1506.9,1507.6,1505.7,1506.2,15746,0
2025-12-11 12:00:00+05:30,1506.3,1507.0,1505.5,1506.7,7386,0
2025-12-11 12:05:00+05:30,1506.7,1511.0,1506.3,1510.9,29773,0
2025-12-11 12:10:00+05:30,1510.9,1513.2,1510.5,1511.0,28484,0
2025-12-11 12:15:00+05:30,1511.0,1511.9,1509.7,1510.0,8127,0
2025-12-11 12:20:00+05:30,1510.0,1510.0,1507.3,1508.6,10332,0
2025-12-11 12:25:00+05:30,1509.1,1510.7,1508.1,1509.3,7559,0
2025-12-11 12:30:00+05:30,1509.6,1510.3,1507.9,1508.7,6444,0
2025-12-11 12:35:00+05:30,1508.7,1509.9,1507.0,1509.3,5865,0
2025-12-11 12:40:00+05:30,1509.3,1511.0,1509.0,1511.0,6429,0
2025-12-11 12:45:00+05:30,1511.0,1511.4,1510.0,1510.0,4504,0
2025-12-11 12:50:00+05:30,1509.9,1510.8,1508.9,1510.6,9710,0
2025-12-11 12:55:00+05:30,1510.6,1510.8,1508.1,1508.6,5272,0
2025-12-11 13:00:00+05:30,1508.6,1510.6,1508.5,1509.4,38546,0
2025-12-11 13:05:00+05:30,1509.0,1509.4,1507.1,1507.1,3521,0
2025-12-11 13:10:00+05:30,1507.1,1507.1,1505.0,1506.9,12342,0
2025-12-11 13:15:00+05:30,1506.5,1508.9,1506.5,1508.7,4449,0
2025-12-11 13:20:00+05:30,1508.7,1509.0,1507.5,1509.0,3347,0
2025-12-11 13:25:00+05:30,1509.0,1509.0,1507.8,1508.6,7169,0
2025-12-11 13:30:00+05:30,1508.6,1511.0,1508.4,1511.0,13924,0
2025-12-11 13:35:00+05:30,1511.0,1511.0,1508.8,1509.0,7581,0
2025-12-11 13:40:00+05:30,1509.0,1510.1,1508.4,1509.6,3966,0
2025-12-11 13:45:00+05:30,1509.1,1515.0,1508.7,1514.4,31586,0
2025-12-11 13:50:00+05:30,1514.2,1514.8,1512.6,1514.2,17324,0
2025-12-11 13:55:00+05:30,1514.0,1515.0,1513.2,1514.4,11095,0
2025-12-11 14:00:00+05:30,1514.4,1514.5,1509.6,1509.6,9942,0
2025-12-11 14:05:00+05:30,1509.3,1510.0,1509.0,1509.4,3844,0
2025-12-11 14:10:00+05:30,1509.7,1509.8,1506.8,1507.7,6139,0
2025-12-11 14:15:00+05:30,1507.7,1509.4,1507.6,1508.9,5550,0
2025-12-11 14:20:00+05:30,1508.9,1511.1,1508.9,1509.5,4551,0
2025-12-11 14:25:00+05:30,1509.5,1511.2,1509.0,1510.9,18984,0
2025-12-11 14:30:00+05:30,1510.9,1511.6,1509.4,1510.0,8940,0
2025-12-11 14:35:00+05:30,1510.0,1510.0,1507.7,1508.5,5972,0
2025-12-11 14:40:00+05:30,1508.7,1508.9,1503.5,1504.0,25631,0
2025-12-11 14:45:00+05:30,1504.0,1504.9,1502.6,1503.0,24744,0
2025-12-11 14:50:00+05:30,1502.9,1504.8,1502.3,1503.0,18010,0
2025-12-11 14:55:00+05:30,1502.8,1503.7,1502.5,1502.9,22485,0
2025-12-11 15:00:00+05:30,1503.0,1504.1,1502.3,1502.9,104112,0
2025-12-11 15:05:00+05:30,1502.9,1503.4,1502.4,1502.4,22032,0
2025-12-11 15:10:00+05:30,1502.4,1502.9,1501.0,1501.6,37510,0
2025-12-11 15:15:00+05:30,1501.3,1505.9,1501.1,1505.4,72103,0
2025-12-11 15:20:00+05:30,1505.2,1509.4,1504.3,1509.1,65405,0
2025-12-11 15:25:00+05:30,1509.1,1510.0,1505.7,1509.1,43725,0
2025-12-12 09:15:00+05:30,1512.0,1518.7,1509.5,1517.0,46414,0
2025-12-12 09:20:00+05:30,1517.0,1524.9,1517.0,1519.8,59706,0
2025-12-12 09:25:00+05:30,1519.2,1521.0,1517.0,1517.5,20691,0
2025-12-12 09:30:00+05:30,1517.9,1523.0,1517.6,1521.5,22393,0
2025-12-12 09:35:00+05:30,1521.6,1522.8,1520.6,1521.3,13547,0
2025-12-12 09:40:00+05:30,1521.2,1521.4,1519.1,1520.0,5659,0
2025-12-12 09:45:00+05:30,1520.0,1521.2,1518.2,1519.0,4899,0
2025-12-12 09:50:00+05:30,1518.7,1520.5,1518.2,1520.5,6880,0
2025-12-12 09:55:00+05:30,1520.5,1520.9,1516.9,1517.9,7717,0
2025-12-12 10:00:00+05:30,1517.6,1518.3,1515.2,1515.7,15956,0
2025-12-12 10:05:00+05:30,1515.7,1515.9,1513.0,1514.6,11548,0
2025-12-12 10:10:00+05:30,1514.6,1516.7,1513.4,1516.6,6131,0
2025-12-12 10:15:00+05:30,1516.5,1519.0,1516.5,1518.8,7772,0
2025-12-12 10:20:00+05:30,1518.8,1518.9,1514.5,1515.5,6184,0
2025-12-12 10:25:00+05:30,1515.1,1517.9,1515.1,1516.6,11917,0
2025-12-12 10:30:00+05:30,1516.6,1518.9,1516.3,1518.3,7375,0
2025-12-12 10:35:00+05:30,1518.4,1518.6,1515.4,1515.7,25467,0
2025-12-12 10:40:00+05:30,1515.6,1515.9,1514.1,1515.0,10772,0
2025-12-12 10:45:00+05:30,1515.0,1515.7,1513.1,1513.4,14850,0
2025-12-12 10:50:00+05:30,1513.0,1515.9,1513.0,1515.7,34146,0
2025-12-12 10:55:00+05:30,1515.7,1516.6,1514.5,1515.3,10500,0
2025-12-12 11:00:00+05:30,1515.4,1516.9,1514.6,1516.8,4030,0
2025-12-12 11:05:00+05:30,1516.8,1517.3,1515.8,1517.3,4182,0
2025-12-12 11:10:00+05:30,1517.3,1517.8,1514.1,1515.0,34469,0
2025-12-12 11:15:00+05:30,1515.0,1517.0,1515.0,1516.5,21753,0
2025-12-12 11:20:00+05:30,1516.5,1518.5,1516.0,1517.6,5784,0
2025-12-12 11:25:00+05:30,1517.5,1518.5,1516.2,1517.2,4327,0
2025-12-12 11:30:00+05:30,1517.2,1517.7,1514.3,1515.9,12869,0
2025-12-12 11:35:00+05:30,1515.8,1517.0,1515.5,1516.4,2931,0
2025-12-12 11:40:00+05:30,1516.4,1516.9,1515.4,1516.8,3232,0
2025-12-12 11:45:00+05:30,1516.8,1518.5,1515.2,1516.5,8529,0
2025-12-12 11:50:00+05:30,1516.9,1518.0,1516.0,1517.9,4122,0
2025-12-12 11:55:00+05:30,1517.9,1518.0,1515.8,1516.6,50082,0
2025-12-12 12:00:00+05:30,1516.6,1517.2,1515.0,1515.1,2434,0
2025-12-12 12:05:00+05:30,1515.6,1515.8,1514.8,1515.8,6820,0
2025-12-12 12:10:00+05:30,1515.8,1515.8,1515.0,1515.7,1853,0
2025-12-12 12:15:00+05:30,1515.7,1516.0,1515.3,1516.0,3023,0
2025-12-12 12:20:00+05:30,1516.0,1516.0,1515.0,1516.0,1981,0
2025-12-12 12:25:00+05:30,1516.0,1516.2,1515.0,1515.7,10883,0
2025-12-12 12:30:00+05:30,1515.7,1516.0,1515.3,1516.0,1629,0
2025-12-12 12:35:00+05:30,1515.9,1516.0,1515.0,1515.3,3233,0
2025-12-12 12:40:00+05:30,1515.0,1516.0,1515.0,1515.8,4831,0
2025-12-12 12:45:00+05:30,1515.8,1516.0,1515.0,1515.8,3143,0
2025-12-12 12:50:00+05:30,1515.8,1516.2,1515.0,1516.2,4738,0
2025-12-12 12:55:00+05:30,1516.0,1516.2,1515.8,1516.0,17218,0
2025-12-12 13:00:00+05:30,1516.0,1517.7,1515.9,1516.0,22697,0
2025-12-12 13:05:00+05:30,1516.0,1516.0,1514.3,1515.9,4900,0
2025-12-12 13:10:00+05:30,1516.0,1516.2,1515.6,1516.1,5669,0
2025-12-12 13:15:00+05:30,1516.1,1516.2,1515.2,1516.0,5105,0
2025-12-12 13:20:00+05:30,1515.6,1516.0,1515.0,1515.3,3768,0
2025-12-12 13:25:00+05:30,1515.3,1516.0,1515.0,1515.9,4057,0
2025-12-12 13:30:00+05:30,1515.9,1516.0,1515.0,1516.0,2721,0
2025-12-12 13:35:00+05:30,1516.0,1516.0,1515.0,1516.0,7109,0
2025-12-12 13:40:00+05:30,1516.0,1516.9,1515.4,1515.6,13386,0
2025-12-12 13:45:00+05:30,1516.0,1516.2,1515.4,1516.0,6484,0
2025-12-12 13:50:00+05:30,1516.0,1516.0,1515.1,1515.9,6313,0
2025-12-12 13:55:00+05:30,1515.9,1518.6,1515.1,1518.2,15479,0
2025-12-12 14:00:00+05:30,1518.2,1520.5,1518.0,1519.7,31600,0
2025-12-12 14:05:00+05:30,1519.7,1522.7,1519.7,1522.7,23476,0
2025-12-12 14:10:00+05:30,1522.7,1524.5,1521.6,1524.0,40397,0
2025-12-12 14:15:00+05:30,1523.9,1524.3,1523.3,1524.3,21105,0
2025-12-12 14:20:00+05:30,1524.3,1526.8,1524.3,1526.0,38705,0
2025-12-12 14:25:00+05:30,1526.0,1527.4,1525.0,1526.0,25637,0
2025-12-12 14:30:00+05:30,1525.8,1526.0,1525.0,1525.1,10011,0
2025-12-12 14:35:00+05:30,1525.3,1526.0,1521.4,1524.2,54635,0
2025-12-12 14:40:00+05:30,1524.2,1524.5,1521.8,1523.5,41478,0
2025-12-12 14:45:00+05:30,1523.4,1523.9,1520.8,1521.6,10233,0
2025-12-12 14:50:00+05:30,1521.6,1521.6,1519.0,1520.0,12356,0
2025-12-12 14:55:00+05:30,1520.0,1523.1,1519.9,1522.9,13119,0
2025-12-12 15:00:00+05:30,1523.0,1524.9,1522.3,1523.3,19508,0
2025-12-12 15:05:00+05:30,1523.3,1525.0,1523.1,1524.9,17357,0
2025-12-12 15:10:00+05:30,1525.0,1526.0,1523.5,1524.5,25329,0
2025-12-12 15:15:00+05:30,1524.5,1524.6,1522.0,1522.9,35820,0
2025-12-12 15:20:00+05:30,1522.9,1522.9,1520.2,1521.3,30178,0
2025-12-12 15:25:00+05:30,1521.3,1522.4,1519.5,1521.0,35273,0
2025-12-15 09:15:00+05:30,1522.8,1522.8,1513.0,1516.1,39076,0
2025-12-15 09:20:00+05:30,1516.0,1520.6,1515.5,1517.9,48366,0
2025-12-15 09:25:00+05:30,1517.9,1521.4,1515.7,1516.2,26948,0
2025-12-15 09:30:00+05:30,1516.1,1516.7,1513.2,1513.8,36696,0
2025-12-15 09:35:00+05:30,1513.3,1514.2,1513.0,1513.0,17088,0
2025-12-15 09:40:00+05:30,1513.2,1513.5,1511.0,1512.0,20341,0
2025-12-15 09:45:00+05:30,1511.5,1512.5,1510.0,1510.8,24816,0
2025-12-15 09:50:00+05:30,1510.3,1511.8,1509.9,1509.9,13530,0
2025-12-15 09:55:00+05:30,1510.1,1511.0,1509.1,1511.0,9630,0
2025-12-15 10:00:00+05:30,1510.9,1512.8,1510.1,1512.8,13445,0
2025-12-15 10:05:00+05:30,1512.8,1513.4,1511.0,1511.9,9134,0
2025-12-15 10:10:00+05:30,1511.7,1511.9,1508.1,1509.9,14801,0
2025-12-15 10:15:00+05:30,1509.9,1512.7,1509.4,1512.7,7792,0
2025-12-15 10:20:00+05:30,1512.7,1515.5,1512.0,1514.6,13034,0
2025-12-15 10:25:00+05:30,1514.6,1515.9,1513.4,1515.0,12644,0
2025-12-15 10:30:00+05:30,1514.9,1515.6,1514.0,1515.4,8456,0
2025-12-15 10:35:00+05:30,1515.4,1515.4,1512.2,1513.3,9198,0
2025-12-15 10:40:00+05:30,1513.3,1513.5,1511.0,1511.5,5898,0
2025-12-15 10:45:00+05:30,1511.4,1513.2,1510.3,1512.3,7401,0
2025-12-15 10:50:00+05:30,1512.9,1514.9,1512.3,1514.6,7488,0
2025-12-15 10:55:00+05:30,1514.6,1515.7,1514.1,1515.2,12743,0
2025-12-15 11:00:00+05:30,1515.2,1516.6,1515.0,1515.7,8461,0
2025-12-15 11:05:00+05:30,1515.7,1515.7,1514.3,1514.4,2721,0
2025-12-15 11:10:00+05:30,1514.4,1515.0,1514.1,1514.6,3738,0
2025-12-15 11:15:00+05:30,1514.6,1515.9,1514.5,1515.6,2849,0
2025-12-15 11:20:00+05:30,1515.5,1516.4,1515.2,1516.4,3495,0
2025-12-15 11:25:00+05:30,1516.4,1516.9,1514.0,1514.8,9455,0
2025-12-15 11:30:00+05:30,1514.9,1515.0,1513.0,1513.6,6386,0
2025-12-15 11:35:00+05:30,1513.6,1513.7,1511.7,1512.8,7119,0
2025-12-15 11:40:00+05:30,1512.2,1513.6,1512.1,1513.3,5922,0
2025-12-15 11:45:00+05:30,1513.3,1515.8,1513.1,1515.8,3805,0
2025-12-15 11:50:00+05:30,1515.8,1518.7,1515.4,1516.7,15224,0
2025-12-15 11:55:00+05:30,1516.7,1517.1,1515.1,1516.2,9375,0
2025-12-15 12:00:00+05:30,1516.1,1516.5,1514.9,1515.9,5669,0
2025-12-15 12:05:00+05:30,1516.2,1516.6,1515.2,1516.1,4443,0
2025-12-15 12:10:00+05:30,1516.2,1517.5,1515.4,1517.0,4569,0
2025-12-15 12:15:00+05:30,1517.3,1517.5,1516.0,1516.4,1486,0
2025-12-15 12:20:00+05:30,1516.4,1517.5,1516.2,1517.5,3893,0
2025-12-15 12:25:00+05:30,1517.5,1517.5,1516.5,1516.7,3187,0
2025-12-15 12:30:00+05:30,1516.7,1519.6,1516.6,1518.6,29300,0
2025-12-15 12:35:00+05:30,1518.6,1519.5,1518.0,1518.5,6253,0
2025-12-15 12:40:00+05:30,1518.5,1518.7,1516.9,1517.7,3946,0
2025-12-15 12:45:00+05:30,1517.7,1517.7,1515.0,1515.5,6531,0
2025-12-15 12:50:00+05:30,1515.5,1516.6,1515.4,1516.3,3110,0
2025-12-15 12:55:00+05:30,1516.3,1516.4,1512.9,1513.4,11557,0
2025-12-15 13:00:00+05:30,1513.4,1515.2,1513.4,1515.1,12317,0
2025-12-15 13:05:00+05:30,1515.1,1515.7,1514.4,1515.2,2808,0
2025-12-15 13:10:00+05:30,1515.2,1516.0,1514.5,1516.0,2904,0
2025-12-15 13:15:00+05:30,1516.0,1516.4,1514.2,1514.9,3865,0
2025-12-15 13:20:00+05:30,1514.9,1515.3,1513.9,1515.0,7492,0
2025-12-15 13:25:00+05:30,1515.0,1515.0,1512.7,1513.1,3759,0
2025-12-15 13:30:00+05:30,1513.1,1513.9,1512.5,1513.9,4254,0
2025-12-15 13:35:00+05:30,1513.9,1514.0,1512.9,1513.9,4888,0
2025-12-15 13:40:00+05:30,1513.9,1514.1,1512.8,1513.5,5970,0
2025-12-15 13:45:00+05:30,1513.5,1514.3,1512.6,1514.2,2301,0
2025-12-15 13:50:00+05:30,1514.2,1515.7,1513.6,1515.4,6965,0
2025-12-15 13:55:00+05:30,1515.4,1515.5,1513.5,1514.7,7225,0
2025-12-15 14:00:00+05:30,1514.6,1515.0,1513.7,1514.5,6247,0
2025-12-15 14:05:00+05:30,1514.4,1514.5,1510.5,1510.9,29654,0
2025-12-15 14:10:00+05:30,1510.5,1511.9,1510.0,1511.7,20735,0
2025-12-15 14:15:00+05:30,1511.6,1512.3,1511.1,1511.5,3235,0
2025-12-15 14:20:00+05:30,1511.5,1513.2,1511.0,1512.5,3977,0
2025-12-15 14:25:00+05:30,1512.7,1513.3,1512.1,1512.7,6065,0
2025-12-15 14:30:00+05:30,1512.7,1513.6,1512.1,1513.0,7998,0
2025-12-15 14:35:00+05:30,1513.0,1513.5,1512.5,1513.0,4734,0
2025-12-15 14:40:00+05:30,1513.2,1514.5,1512.6,1514.5,9735,0
2025-12-15 14:45:00+05:30,1514.4,1515.9,1513.8,1514.2,23672,0
2025-12-15 14:50:00+05:30,1514.2,1514.2,1512.9,1514.0,7156,0
2025-12-15 14:55:00+05:30,1514.0,1515.0,1513.6,1515.0,11592,0
2025-12-15 15:00:00+05:30,1514.8,1515.8,1513.6,1514.6,11081,0
2025-12-15 15:05:00+05:30,1514.6,1514.9,1513.8,1514.9,10173,0
2025-12-15 15:10:00+05:30,1514.9,1515.0,1512.0,1512.8,39658,0
2025-12-15 15:15:00+05:30,1512.8,1513.2,1511.5,1512.3,16936,0
2025-12-15 15:20:00+05:30,1512.3,1512.3,1510.2,1511.8,23363,0
2025-12-15 15:25:00+05:30,1511.6,1512.0,1510.0,1510.0,28416,0
2025-12-16 09:15:00+05:30,1512.6,1512.6,1506.5,1508.2,40283,0
2025-12-16 09:20:00+05:30,1508.2,1508.2,1505.9,1506.1,19069,0
2025-12-16 09:25:00+05:30,1505.9,1506.9,1505.0,1506.8,13023,0
2025-12-16 09:30:00+05:30,1506.8,1506.9,1504.0,1504.6,10078,0
2025-12-16 09:35:00+05:30,1504.3,1504.6,1502.6,1503.4,14362,0
2025-12-16 09:40:00+05:30,1503.4,1505.9,1503.1,1505.1,11339,0
2025-12-16 09:45:00+05:30,1505.4,1509.8,1505.0,1507.8,21110,0
2025-12-16 09:50:00+05:30,1507.3,1509.0,1505.5,1509.0,13224,0
2025-12-16 09:55:00+05:30,1509.0,1509.0,1503.3,1503.9,14390,0
2025-12-16 10:00:00+05:30,1503.9,1504.0,1502.6,1504.0,11054,0
2025-12-16 10:05:00+05:30,1504.0,1506.1,1503.9,1506.0,8737,0
2025-12-16 10:10:00+05:30,1506.0,1506.0,1504.0,1504.3,5111,0
2025-12-16 10:15:00+05:30,1504.3,1505.8,1504.0,1505.4,7300,0
2025-12-16 10:20:00+05:30,1505.4,1507.0,1505.0,1506.0,6804,0
2025-12-16 10:25:00+05:30,1505.9,1505.9,1504.2,1504.9,3670,0
2025-12-16 10:30:00+05:30,1504.9,1506.1,1504.1,1505.0,8496,0
2025-12-16 10:35:00+05:30,1505.0,1505.9,1504.5,1505.5,5058,0
2025-12-16 10:40:00+05:30,1505.5,1505.8,1504.2,1505.2,4372,0
2025-12-16 10:45:00+05:30,1505.2,1505.2,1503.1,1503.5,11146,0
2025-12-16 10:50:00+05:30,1503.5,1503.5,1502.2,1502.7,6208,0
2025-12-16 10:55:00+05:30,1502.7,1502.8,1501.0,1502.3,51578,0
2025-12-16 11:00:00+05:30,1502.3,1503.1,1501.1,1502.0,25087,0
2025-12-16 11:05:00+05:30,1502.0,1503.0,1501.5,1501.9,49086,0
2025-12-16 11:10:00+05:30,1501.9,1501.9,1501.0,1501.5,6965,0
2025-12-16 11:15:00+05:30,1501.5,1501.5,1498.1,1498.6,38894,0
2025-12-16 11:20:00+05:30,1498.7,1500.8,1497.7,1499.7,12069,0
2025-12-16 11:25:00+05:30,1499.1,1500.0,1499.0,1499.4,6128,0
2025-12-16 11:30:00+05:30,1499.3,1499.5,1498.0,1498.4,4080,0
2025-12-16 11:35:00+05:30,1498.3,1499.9,1498.0,1499.9,12365,0
2025-12-16 11:40:00+05:30,1499.7,1500.0,1499.5,1500.0,15875,0
2025-12-16 11:45:00+05:30,1500.0,1500.0,1499.5,1499.8,3368,0
2025-12-16 11:50:00+05:30,1499.8,1501.2,1499.5,1501.2,7537,0
2025-12-16 11:55:00+05:30,1501.2,1501.8,1500.8,1501.8,6534,0
2025-12-16 12:00:00+05:30,1501.8,1502.0,1501.4,1501.6,6895,0
2025-12-16 12:05:00+05:30,1501.6,1502.9,1501.5,1502.3,7138,0
2025-12-16 12:10:00+05:30,1501.9,1502.4,1501.5,1501.8,4217,0
2025-12-16 12:15:00+05:30,1501.8,1502.1,1501.5,1501.9,3540,0
2025-12-16 12:20:00+05:30,1501.5,1503.6,1501.5,1502.5,9370,0
2025-12-16 12:25:00+05:30,1502.5,1502.9,1502.2,1502.9,5043,0
2025-12-16 12:30:00+05:30,1502.9,1503.0,1502.5,1502.9,5716,0
2025-12-16 12:35:00+05:30,1502.8,1502.9,1500.6,1502.7,9885,0
2025-12-16 12:40:00+05:30,1502.7,1502.7,1501.4,1501.9,7522,0
2025-12-16 12:45:00+05:30,1501.9,1502.5,1500.7,1501.1,10948,0
2025-12-16 12:50:00+05:30,1501.1,1502.4,1500.0,1501.5,12016,0
2025-12-16 12:55:00+05:30,1501.3,1502.7,1500.4,1502.7,7482,0
2025-12-16 13:00:00+05:30,1502.7,1503.5,1501.4,1502.7,16652,0
2025-12-16 13:05:00+05:30,1502.7,1502.7,1500.5,1501.4,18521,0
2025-12-16 13:10:00+05:30,1501.4,1502.5,1500.8,1502.5,9600,0
2025-12-16 13:15:00+05:30,1502.2,1502.5,1500.1,1501.2,10136,0
2025-12-16 13:20:00+05:30,1501.2,1501.3,1498.3,1499.9,19102,0
2025-12-16 13:25:00+05:30,1499.9,1502.1,1499.3,1501.3,25717,0
2025-12-16 13:30:00+05:30,1501.3,1502.9,1501.1,1502.7,6935,0
2025-12-16 13:35:00+05:30,1502.7,1503.5,1502.4,1502.9,3782,0
2025-12-16 13:40:00+05:30,1502.9,1503.5,1502.5,1503.4,4383,0
2025-12-16 13:45:00+05:30,1502.7,1504.6,1502.7,1504.6,7430,0
2025-12-16 13:50:00+05:30,1504.6,1505.9,1503.9,1505.2,7526,0
2025-12-16 13:55:00+05:30,1505.3,1505.3,1502.7,1503.3,6313,0
2025-12-16 14:00:00+05:30,1503.3,1503.5,1502.5,1503.5,3586,0
2025-12-16 14:05:00+05:30,1503.5,1503.6,1501.2,1502.7,39758,0
2025-12-16 14:10:00+05:30,1502.7,1503.1,1501.0,1501.8,20699,0
2025-12-16 14:15:00+05:30,1501.8,1502.0,1500.0,1500.1,13550,0
2025-12-16 14:20:00+05:30,1500.1,1501.6,1500.0,1500.1,32336,0
2025-12-16 14:25:00+05:30,1500.1,1501.9,1500.1,1500.9,10583,0
2025-12-16 14:30:00+05:30,1501.0,1501.7,1498.3,1498.9,67779,0
2025-12-16 14:35:00+05:30,1499.4,1500.0,1498.6,1499.9,9267,0
2025-12-16 14:40:00+05:30,1500.0,1500.0,1499.1,1500.0,15064,0
2025-12-16 14:45:00+05:30,1500.0,1501.7,1499.5,1501.6,12555,0
2025-12-16 14:50:00+05:30,1501.6,1503.7,1500.1,1503.5,18250,0
2025-12-16 14:55:00+05:30,1503.5,1504.5,1502.5,1503.2,15701,0
2025-12-16 15:00:00+05:30,1503.2,1505.4,1502.5,1503.2,14434,0
2025-12-16 15:05:00+05:30,1503.2,1503.4,1501.6,1502.0,14780,0
2025-12-16 15:10:00+05:30,1502.0,1502.2,1499.9,1500.6,16289,0
2025-12-16 15:15:00+05:30,1500.3,1500.9,1498.2,1498.6,33431,0
2025-12-16 15:20:00+05:30,1498.9,1498.9,1495.8,1496.9,38686,0
2025-12-16 15:25:00+05:30,1496.9,1498.9,1494.2,1497.9,45186,0
2025-12-17 09:15:00+05:30,1494.1,1498.6,1493.0,1496.2,42705,0
2025-12-17 09:20:00+05:30,1496.1,1500.0,1494.1,1499.5,32184,0
2025-12-17 09:25:00+05:30,1499.5,1499.9,1497.5,1497.9,11835,0
2025-12-17 09:30:00+05:30,1497.9,1498.9,1496.2,1498.8,12270,0
2025-12-17 09:35:00+05:30,1498.8,1499.9,1497.6,1498.2,12235,0
2025-12-17 09:40:00+05:30,1498.2,1499.7,1495.0,1495.3,13715,0
2025-12-17 09:45:00+05:30,1495.0,1497.8,1495.0,1496.0,16317,0
2025-12-17 09:50:00+05:30,1496.0,1496.3,1494.0,1496.3,11679,0
2025-12-17 09:55:00+05:30,1496.3,1496.7,1494.9,1495.3,6875,0
2025-12-17 10:00:00+05:30,1495.3,1496.5,1490.3,1490.7,19107,0
2025-12-17 10:05:00+05:30,1490.7,1491.6,1490.0,1491.1,16833,0
2025-12-17 10:10:00+05:30,1491.0,1492.2,1490.3,1491.1,10629,0
2025-12-17 10:15:00+05:30,1491.6,1492.3,1490.2,1491.8,10780,0
2025-12-17 10:20:00+05:30,1491.9,1492.1,1488.4,1488.5,18044,0
2025-12-17 10:25:00+05:30,1488.4,1489.5,1488.0,1488.0,10374,0
2025-12-17 10:30:00+05:30,1488.2,1490.0,1488.0,1489.2,8602,0
2025-12-17 10:35:00+05:30,1489.2,1489.2,1486.1,1487.1,13825,0
2025-12-17 10:40:00+05:30,1487.2,1487.7,1486.0,1486.1,12351,0
2025-12-17 10:45:00+05:30,1486.1,1487.7,1486.0,1487.2,8337,0
2025-12-17 10:50:00+05:30,1487.2,1487.2,1485.5,1485.5,8658,0
2025-12-17 10:55:00+05:30,1485.6,1485.6,1483.6,1484.1,16636,0
2025-12-17 11:00:00+05:30,1484.7,1485.0,1484.0,1484.8,8470,0
2025-12-17 11:05:00+05:30,1484.8,1486.9,1484.5,1485.7,9608,0
2025-12-17 11:10:00+05:30,1485.6,1486.9,1485.4,1486.6,9929,0
2025-12-17 11:15:00+05:30,1486.7,1488.7,1486.7,1487.7,8282,0
2025-12-17 11:20:00+05:30,1488.1,1488.2,1487.0,1487.5,6248,0
2025-12-17 11:25:00+05:30,1487.5,1487.6,1486.0,1487.2,6857,0
2025-12-17 11:30:00+05:30,1487.2,1487.9,1486.5,1487.6,7565,0
2025-12-17 11:35:00+05:30,1487.7,1488.2,1486.8,1488.0,16352,0
2025-12-17 11:40:00+05:30,1487.9,1490.9,1487.5,1489.9,13098,0
2025-12-17 11:45:00+05:30,1489.9,1490.4,1488.5,1488.9,10688,0
2025-12-17 11:50:00+05:30,1489.0,1491.8,1489.0,1490.1,10985,0
2025-12-17 11:55:00+05:30,1490.0,1490.9,1489.0,1489.5,8444,0
2025-12-17 12:00:00+05:30,1489.1,1489.5,1485.7,1486.5,10639,0
2025-12-17 12:05:00+05:30,1486.1,1487.0,1486.1,1486.9,6849,0
2025-12-17 12:10:00+05:30,1486.8,1488.3,1486.0,1486.2,5171,0
2025-12-17 12:15:00+05:30,1486.2,1487.0,1486.0,1486.7,4846,0
2025-12-17 12:20:00+05:30,1486.6,1486.7,1485.4,1485.6,5787,0
2025-12-17 12:25:00+05:30,1485.4,1485.6,1484.5,1484.6,10298,0
2025-12-17 12:30:00+05:30,1484.5,1485.1,1484.0,1485.0,7324,0
2025-12-17 12:35:00+05:30,1485.0,1485.0,1484.0,1485.0,4136,0
2025-12-17 12:40:00+05:30,1485.0,1485.4,1484.2,1485.2,6672,0
2025-12-17 12:45:00+05:30,1485.2,1485.5,1484.1,1484.4,5389,0
2025-12-17 12:50:00+05:30,1484.4,1486.0,1484.2,1484.5,7310,0
2025-12-17 12:55:00+05:30,1484.5,1485.3,1484.2,1485.0,3852,0
2025-12-17 13:00:00+05:30,1484.8,1486.7,1484.7,1486.7,7846,0
2025-12-17 13:05:00+05:30,1486.7,1487.0,1485.9,1485.9,5719,0
2025-12-17 13:10:00+05:30,1485.9,1486.2,1484.8,1485.7,4624,0
2025-12-17 13:15:00+05:30,1485.7,1485.7,1485.1,1485.7,3361,0
2025-12-17 13:20:00+05:30,1485.7,1486.9,1485.2,1486.6,5233,0
2025-12-17 13:25:00+05:30,1486.6,1487.8,1486.6,1487.3,10112,0
2025-12-17 13:30:00+05:30,1487.3,1487.8,1485.1,1485.8,6152,0
2025-12-17 13:35:00+05:30,1485.5,1486.0,1485.0,1485.1,4465,0
2025-12-17 13:40:00+05:30,1485.0,1485.4,1484.0,1484.7,7004,0
2025-12-17 13:45:00+05:30,1484.7,1485.8,1484.2,1484.7,5948,0
2025-12-17 13:50:00+05:30,1484.6,1486.5,1484.6,1486.4,10531,0
2025-12-17 13:55:00+05:30,1486.4,1486.4,1484.8,1486.3,6832,0
2025-12-17 14:00:00+05:30,1486.2,1486.2,1484.7,1485.9,5853,0
2025-12-17 14:05:00+05:30,1485.9,1486.5,1484.2,1485.0,9487,0
2025-12-17 14:10:00+05:30,1485.0,1486.3,1484.5,1486.2,6620,0
2025-12-17 14:15:00+05:30,1486.1,1487.1,1484.8,1486.2,21006,0
2025-12-17 14:20:00+05:30,1486.9,1487.4,1485.1,1485.7,9791,0
2025-12-17 14:25:00+05:30,1485.7,1485.7,1484.0,1484.6,17596,0
2025-12-17 14:30:00+05:30,1484.6,1484.9,1484.1,1484.7,4857,0
2025-12-17 14:35:00+05:30,1484.6,1484.7,1479.9,1480.9,46887,0
2025-12-17 14:40:00+05:30,1480.5,1482.5,1479.3,1482.5,18174,0
2025-12-17 14:45:00+05:30,1481.8,1485.0,1481.6,1484.8,19239,0
2025-12-17 14:50:00+05:30,1484.8,1485.9,1484.2,1484.6,11713,0
2025-12-17 14:55:00+05:30,1484.6,1485.5,1483.2,1485.5,11351,0
2025-12-17 15:00:00+05:30,1485.4,1488.9,1485.4,1486.1,44421,0
2025-12-17 15:05:00+05:30,1486.0,1487.0,1485.2,1485.6,19926,0
2025-12-17 15:10:00+05:30,1485.6,1486.4,1485.5,1485.7,21998,0
2025-12-17 15:15:00+05:30,1485.6,1486.8,1485.0,1485.8,35687,0
2025-12-17 15:20:00+05:30,1485.7,1487.4,1485.0,1487.4,35439,0
2025-12-17 15:25:00+05:30,1487.4,1488.5,1485.3,1487.1,37651,0
2025-12-18 09:15:00+05:30,1486.4,1486.9,1482.8,1483.7,20069,0
2025-12-18 09:20:00+05:30,1484.1,1485.2,1482.2,1484.6,12201,0
2025-12-18 09:25:00+05:30,1484.5,1486.8,1483.0,1483.0,10837,0
2025-12-18 09:30:00+05:30,1483.5,1484.0,1482.3,1482.6,8784,0
2025-12-18 09:35:00+05:30,1482.3,1482.5,1481.0,1481.9,8054,0
2025-12-18 09:40:00+05:30,1481.9,1482.2,1480.0,1480.0,12319,0
2025-12-18 09:45:00+05:30,1480.0,1480.3,1478.0,1478.6,10504,0
2025-12-18 09:50:00+05:30,1478.7,1478.8,1477.1,1478.3,9952,0
2025-12-18 09:55:00+05:30,1478.3,1478.7,1477.2,1478.4,4234,0
2025-12-18 10:00:00+05:30,1478.4,1478.4,1476.8,1476.9,6862,0
2025-12-18 10:05:00+05:30,1476.9,1480.0,1476.0,1479.9,8251,0
2025-12-18 10:10:00+05:30,1479.9,1481.5,1479.0,1481.2,18674,0
2025-12-18 10:15:00+05:30,1481.0,1484.4,1479.7,1484.4,11499,0
2025-12-18 10:20:00+05:30,1484.4,1486.8,1483.0,1486.3,18440,0
2025-12-18 10:25:00+05:30,1486.3,1486.7,1484.3,1485.2,6222,0
2025-12-18 10:30:00+05:30,1485.2,1487.9,1484.4,1487.7,9819,0
2025-12-18 10:35:00+05:30,1487.7,1487.8,1484.6,1485.7,5883,0
2025-12-18 10:40:00+05:30,1485.7,1490.5,1485.5,1487.9,14442,0
2025-12-18 10:45:00+05:30,1487.9,1489.1,1486.1,1486.7,9428,0
2025-12-18 10:50:00+05:30,1486.6,1486.7,1484.1,1485.0,6416,0
2025-12-18 10:55:00+05:30,1485.0,1486.2,1484.9,1486.0,4123,0
2025-12-18 11:00:00+05:30,1486.0,1486.0,1483.5,1484.0,3963,0
2025-12-18 11:05:00+05:30,1483.7,1485.7,1483.4,1484.8,8470,0
2025-12-18 11:10:00+05:30,1484.2,1484.8,1484.0,1484.3,2678,0
2025-12-18 11:15:00+05:30,1484.3,1484.3,1481.8,1482.8,5878,0
2025-12-18 11:20:00+05:30,1482.6,1485.7,1482.6,1485.7,3309,0
2025-12-18 11:25:00+05:30,1485.7,1485.7,1484.1,1485.0,4815,0
2025-12-18 11:30:00+05:30,1485.6,1485.7,1483.9,1485.5,3403,0
2025-12-18 11:35:00+05:30,1485.7,1487.9,1485.2,1487.7,6624,0
2025-12-18 11:40:00+05:30,1487.6,1487.7,1485.9,1486.7,3914,0
2025-12-18 11:45:00+05:30,1486.8,1487.5,1485.2,1487.3,3709,0
2025-12-18 11:50:00+05:30,1487.3,1491.2,1486.9,1490.2,22024,0
2025-12-18 11:55:00+05:30,1490.3,1490.3,1488.4,1489.5,7474,0
2025-12-18 12:00:00+05:30,1489.5,1491.4,1488.9,1490.9,6228,0
2025-12-18 12:05:00+05:30,1491.0,1491.2,1489.5,1491.0,5671,0
2025-12-18 12:10:00+05:30,1491.0,1491.7,1490.0,1490.0,5114,0
2025-12-18 12:15:00+05:30,1490.0,1490.9,1489.8,1490.4,2949,0
2025-12-18 12:20:00+05:30,1490.4,1492.0,1489.2,1491.6,18459,0
2025-12-18 12:25:00+05:30,1491.6,1491.7,1490.8,1491.5,2646,0
2025-12-18 12:30:00+05:30,1491.5,1491.5,1490.8,1491.4,2746,0
2025-12-18 12:35:00+05:30,1491.4,1492.0,1490.2,1492.0,4997,0
2025-12-18 12:40:00+05:30,1492.0,1492.5,1491.4,1492.4,5411,0
2025-12-18 12:45:00+05:30,1492.4,1493.0,1491.8,1492.9,3872,0
2025-12-18 12:50:00+05:30,1492.9,1493.1,1490.6,1492.0,5844,0
2025-12-18 12:55:00+05:30,1492.0,1492.0,1490.4,1492.0,5080,0
2025-12-18 13:00:00+05:30,1492.0,1492.4,1491.1,1491.5,3332,0
2025-12-18 13:05:00+05:30,1491.1,1491.5,1490.8,1491.4,2234,0
2025-12-18 13:10:00+05:30,1491.4,1492.8,1490.7,1491.7,5276,0
2025-12-18 13:15:00+05:30,1491.1,1491.9,1491.0,1491.5,2587,0
2025-12-18 13:20:00+05:30,1491.4,1491.4,1490.0,1490.4,4397,0
2025-12-18 13:25:00+05:30,1490.4,1490.8,1488.8,1489.8,13348,0
2025-12-18 13:30:00+05:30,1489.9,1489.9,1488.1,1489.0,3938,0
2025-12-18 13:35:00+05:30,1488.7,1491.0,1488.3,1490.9,4456,0
2025-12-18 13:40:00+05:30,1490.9,1491.0,1489.7,1490.4,5347,0
2025-12-18 13:45:00+05:30,1490.4,1492.7,1489.7,1491.6,8830,0
2025-12-18 13:50:00+05:30,1491.3,1492.1,1490.0,1491.4,5390,0
2025-12-18 13:55:00+05:30,1491.4,1491.5,1490.0,1491.5,3212,0
2025-12-18 14:00:00+05:30,1491.5,1491.5,1489.3,1490.0,3026,0
2025-12-18 14:05:00+05:30,1490.0,1490.0,1488.7,1489.5,5057,0
2025-12-18 14:10:00+05:30,1489.1,1489.6,1487.3,1489.0,9354,0
2025-12-18 14:15:00+05:30,1488.9,1489.0,1487.5,1487.8,4470,0
2025-12-18 14:20:00+05:30,1487.8,1488.3,1487.0,1487.2,4532,0
2025-12-18 14:25:00+05:30,1487.0,1487.0,1484.2,1485.7,12554,0
2025-12-18 14:30:00+05:30,1485.7,1490.0,1485.5,1489.0,29276,0
2025-12-18 14:35:00+05:30,1488.8,1489.0,1486.0,1486.6,5412,0
2025-12-18 14:40:00+05:30,1486.5,1487.6,1486.0,1486.7,9866,0
2025-12-18 14:45:00+05:30,1486.7,1488.9,1486.5,1488.0,9271,0
2025-12-18 14:50:00+05:30,1487.7,1488.1,1486.2,1487.6,28996,0
2025-12-18 14:55:00+05:30,1487.6,1490.6,1486.9,1489.2,15022,0
2025-12-18 15:00:00+05:30,1489.9,1496.0,1489.9,1496.0,30943,0
2025-12-18 15:05:00+05:30,1496.0,1496.7,1494.7,1496.1,13736,0
2025-12-18 15:10:00+05:30,1496.0,1497.0,1495.1,1496.2,15155,0
2025-12-18 15:15:00+05:30,1496.2,1497.5,1495.8,1497.3,25486,0
2025-12-18 15:20:00+05:30,1496.9,1498.0,1496.0,1496.4,16599,0
2025-12-18 15:25:00+05:30,1496.3,1497.5,1496.0,1497.4,20252,0
2025-12-19 09:15:00+05:30,1495.0,1502.8,1495.0,1501.1,41309,0
2025-12-19 09:20:00+05:30,1501.6,1502.0,1499.8,1501.9,11446,0
2025-12-19 09:25:00+05:30,1501.9,1502.1,1500.1,1502.0,8994,0
2025-12-19 09:30:00+05:30,1502.0,1503.7,1501.0,1501.4,9726,0
2025-12-19 09:35:00+05:30,1501.4,1502.7,1499.3,1500.0,9919,0
2025-12-19 09:40:00+05:30,1500.0,1500.0,1497.7,1499.0,10722,0
2025-12-19 09:45:00+05:30,1499.2,1503.4,1499.2,1501.0,11670,0
2025-12-19 09:50:00+05:30,1501.6,1502.2,1500.3,1500.8,3917,0
2025-12-19 09:55:00+05:30,1500.8,1502.5,1499.5,1502.5,12954,0
2025-12-19 10:00:00+05:30,1502.5,1502.9,1500.5,1502.8,6191,0
2025-12-19 10:05:00+05:30,1502.5,1502.8,1498.6,1500.6,7101,0
2025-12-19 10:10:00+05:30,1500.8,1501.0,1498.2,1499.0,3581,0
2025-12-19 10:15:00+05:30,1499.0,1500.0,1498.0,1499.5,5664,0
2025-12-19 10:20:00+05:30,1499.5,1499.9,1498.1,1498.9,8761,0
2025-12-19 10:25:00+05:30,1498.9,1500.0,1498.1,1499.9,4657,0
2025-12-19 10:30:00+05:30,1499.9,1500.0,1499.0,1499.9,2549,0
2025-12-19 10:35:00+05:30,1499.9,1500.0,1499.0,1499.6,3052,0
2025-12-19 10:40:00+05:30,1499.7,1501.0,1497.0,1497.4,28093,0
2025-12-19 10:45:00+05:30,1497.6,1498.0,1496.3,1496.9,4813,0
2025-12-19 10:50:00+05:30,1496.9,1497.9,1496.5,1497.2,3974,0
2025-12-19 10:55:00+05:30,1497.2,1497.4,1495.1,1496.0,6332,0
2025-12-19 11:00:00+05:30,1496.0,1496.8,1495.3,1495.9,5441,0
2025-12-19 11:05:00+05:30,1496.3,1496.3,1494.6,1495.0,13831,0
2025-12-19 11:10:00+05:30,1495.0,1495.0,1494.3,1495.0,6664,0
2025-12-19 11:15:00+05:30,1495.0,1495.1,1494.3,1494.8,7987,0
2025-12-19 11:20:00+05:30,1494.8,1496.8,1494.0,1495.4,23531,0
2025-12-19 11:25:00+05:30,1494.9,1495.4,1494.0,1494.3,2378,0
2025-12-19 11:30:00+05:30,1494.3,1494.7,1493.1,1494.4,5581,0
2025-12-19 11:35:00+05:30,1494.3,1496.2,1494.2,1494.9,6595,0
2025-12-19 11:40:00+05:30,1495.0,1495.7,1493.1,1493.6,6863,0
2025-12-19 11:45:00+05:30,1493.6,1495.0,1492.3,1493.6,6225,0
2025-12-19 11:50:00+05:30,1493.6,1493.7,1491.9,1492.0,20904,0
2025-12-19 11:55:00+05:30,1491.9,1492.0,1490.7,1491.9,7694,0
2025-12-19 12:00:00+05:30,1491.9,1493.3,1491.7,1493.1,24601,0
2025-12-19 12:05:00+05:30,1493.1,1494.4,1491.2,1493.8,48965,0
2025-12-19 12:10:00+05:30,1494.2,1495.0,1493.6,1494.1,48869,0
2025-12-19 12:15:00+05:30,1494.3,1495.8,1494.2,1495.5,6564,0
2025-12-19 12:20:00+05:30,1495.4,1496.0,1493.7,1494.3,16566,0
2025-12-19 12:25:00+05:30,1494.4,1495.7,1493.8,1495.4,25141,0
2025-12-19 12:30:00+05:30,1495.4,1496.7,1494.7,1496.7,24477,0
2025-12-19 12:35:00+05:30,1496.7,1497.9,1495.0,1495.7,10830,0
2025-12-19 12:40:00+05:30,1495.7,1497.4,1494.4,1495.1,11596,0
2025-12-19 12:45:00+05:30,1495.1,1495.9,1494.4,1495.1,5316,0
2025-12-19 12:50:00+05:30,1495.1,1495.1,1494.0,1494.1,4849,0
2025-12-19 12:55:00+05:30,1494.1,1494.1,1493.0,1493.8,5579,0
2025-12-19 13:00:00+05:30,1493.8,1494.9,1493.2,1494.7,6261,0
2025-12-19 13:05:00+05:30,1494.8,1494.9,1493.3,1494.0,4384,0
2025-12-19 13:10:00+05:30,1494.1,1494.8,1493.1,1494.2,7141,0
2025-12-19 13:15:00+05:30,1494.2,1494.2,1493.4,1494.0,2503,0
2025-12-19 13:20:00+05:30,1494.0,1494.2,1493.2,1494.0,4587,0
2025-12-19 13:25:00+05:30,1494.0,1495.9,1493.7,1495.4,4738,0
2025-12-19 13:30:00+05:30,1495.4,1495.8,1494.6,1495.4,19434,0
2025-12-19 13:35:00+05:30,1495.5,1496.0,1494.4,1494.8,4631,0
2025-12-19 13:40:00+05:30,1494.8,1496.6,1494.4,1496.6,5002,0
2025-12-19 13:45:00+05:30,1496.6,1497.0,1495.7,1496.8,6182,0
2025-12-19 13:50:00+05:30,1496.7,1496.9,1496.1,1496.6,3460,0
2025-12-19 13:55:00+05:30,1496.6,1497.1,1495.5,1496.7,5591,0
2025-12-19 14:00:00+05:30,1496.8,1497.5,1496.4,1497.0,6320,0
2025-12-19 14:05:00+05:30,1497.0,1497.4,1495.0,1495.0,6851,0
2025-12-19 14:10:00+05:30,1495.1,1495.1,1493.3,1494.6,13907,0
2025-12-19 14:15:00+05:30,1494.5,1495.0,1493.6,1494.9,6751,0
2025-12-19 14:20:00+05:30,1494.9,1495.1,1494.5,1495.0,22854,0
2025-12-19 14:25:00+05:30,1495.0,1495.0,1492.5,1493.2,10837,0
2025-12-19 14:30:00+05:30,1493.2,1494.1,1492.3,1492.3,10286,0
2025-12-19 14:35:00+05:30,1493.1,1493.5,1491.2,1493.3,24514,0
2025-12-19 14:40:00+05:30,1493.5,1494.5,1492.6,1494.4,11029,0
2025-12-19 14:45:00+05:30,1494.4,1497.6,1494.2,1497.5,23461,0
2025-12-19 14:50:00+05:30,1497.3,1497.5,1493.7,1495.1,17507,0
2025-12-19 14:55:00+05:30,1495.1,1496.1,1495.0,1495.9,10413,0
2025-12-19 15:00:00+05:30,1495.9,1496.1,1492.9,1496.0,128483,0
2025-12-19 15:05:00+05:30,1496.0,1498.2,1495.8,1498.2,73871,0
2025-12-19 15:10:00+05:30,1498.1,1498.2,1497.1,1497.3,64643,0
2025-12-19 15:15:00+05:30,1497.1,1497.4,1495.7,1496.7,91742,0
2025-12-19 15:20:00+05:30,1496.6,1496.8,1496.0,1496.6,70945,0
2025-12-19 15:25:00+05:30,1496.6,1499.7,1496.4,1497.0,55187,0
2025-12-22 09:15:00+05:30,1497.5,1508.0,1497.5,1507.8,45187,0
2025-12-22 09:20:00+05:30,1507.6,1509.0,1507.0,1507.8,18590,0
2025-12-22 09:25:00+05:30,1507.6,1509.0,1507.5,1507.9,12801,0
2025-12-22 09:30:00+05:30,1507.9,1508.8,1507.0,1508.1,10961,0
2025-12-22 09:35:00+05:30,1508.4,1510.9,1507.0,1507.3,20099,0
2025-12-22 09:40:00+05:30,1507.5,1509.4,1507.3,1508.4,6120,0
2025-12-22 09:45:00+05:30,1508.4,1508.6,1506.5,1506.7,6851,0
2025-12-22 09:50:00+05:30,1506.7,1506.9,1505.2,1505.9,10939,0
2025-12-22 09:55:00+05:30,1505.4,1506.9,1505.0,1506.6,6197,0
2025-12-22 10:00:00+05:30,1506.7,1507.0,1504.9,1505.1,9943,0
2025-12-22 10:05:00+05:30,1505.6,1506.5,1505.0,1505.9,4443,0
2025-12-22 10:10:00+05:30,1505.9,1507.7,1505.7,1507.2,3407,0
2025-12-22 10:15:00+05:30,1507.2,1507.5,1506.2,1506.6,4072,0
2025-12-22 10:20:00+05:30,1506.7,1508.0,1506.5,1507.6,4520,0
2025-12-22 10:25:00+05:30,1507.7,1508.0,1506.7,1507.5,5194,0
2025-12-22 10:30:00+05:30,1507.5,1510.0,1506.5,1509.8,11009,0
2025-12-22 10:35:00+05:30,1509.8,1512.8,1509.4,1512.3,42591,0
2025-12-22 10:40:00+05:30,1512.3,1513.7,1511.0,1511.6,25471,0
2025-12-22 10:45:00+05:30,1511.5,1512.6,1510.6,1512.6,12909,0
2025-12-22 10:50:00+05:30,1512.6,1512.9,1511.7,1512.0,15932,0
2025-12-22 10:55:00+05:30,1512.5,1514.6,1512.0,1513.6,9639,0
2025-12-22 11:00:00+05:30,1514.0,1515.0,1511.7,1511.7,21075,0
2025-12-22 11:05:00+05:30,1512.0,1513.0,1510.8,1510.9,16382,0
2025-12-22 11:10:00+05:30,1510.9,1511.4,1509.4,1511.2,12318,0
2025-12-22 11:15:00+05:30,1511.2,1511.2,1509.0,1509.4,10191,0
2025-12-22 11:20:00+05:30,1509.9,1510.0,1509.1,1509.1,5386,0
2025-12-22 11:25:00+05:30,1509.4,1510.0,1509.1,1509.5,3853,0
2025-12-22 11:30:00+05:30,1509.5,1509.9,1508.0,1509.4,7780,0
2025-12-22 11:35:00+05:30,1509.3,1510.0,1508.9,1509.5,4794,0
2025-12-22 11:40:00+05:30,1509.8,1510.0,1509.1,1510.0,4943,0
2025-12-22 11:45:00+05:30,1510.0,1510.0,1509.1,1510.0,2608,0
2025-12-22 11:50:00+05:30,1510.0,1511.0,1509.9,1510.4,26257,0
2025-12-22 11:55:00+05:30,1510.4,1510.9,1509.9,1510.0,2910,0
2025-12-22 12:00:00+05:30,1510.0,1510.0,1508.7,1508.7,2884,0
2025-12-22 12:05:00+05:30,1508.8,1509.9,1508.4,1509.2,7331,0
2025-12-22 12:10:00+05:30,1509.1,1509.4,1508.0,1508.3,6596,0
2025-12-22 12:15:00+05:30,1508.6,1509.0,1508.1,1508.1,3500,0
2025-12-22 12:20:00+05:30,1508.1,1509.0,1508.1,1508.4,2460,0
2025-12-22 12:25:00+05:30,1509.0,1509.0,1508.1,1508.7,2439,0
2025-12-22 12:30:00+05:30,1508.7,1508.8,1507.3,1508.2,7395,0
2025-12-22 12:35:00+05:30,1508.2,1508.5,1507.5,1508.3,1652,0
2025-12-22 12:40:00+05:30,1508.3,1508.4,1507.0,1507.3,6036,0
2025-12-22 12:45:00+05:30,1507.5,1507.6,1506.3,1506.9,4546,0
2025-12-22 12:50:00+05:30,1506.8,1507.5,1506.4,1507.1,4780,0
2025-12-22 12:55:00+05:30,1507.5,1508.5,1507.2,1508.0,4534,0
2025-12-22 13:00:00+05:30,1507.9,1508.0,1505.4,1506.2,7402,0
2025-12-22 13:05:00+05:30,1506.2,1506.4,1504.2,1504.9,8316,0
2025-12-22 13:10:00+05:30,1504.9,1505.7,1504.5,1505.0,4222,0
2025-12-22 13:15:00+05:30,1505.5,1506.0,1504.3,1504.7,4623,0
2025-12-22 13:20:00+05:30,1504.7,1505.9,1504.5,1505.2,4597,0
2025-12-22 13:25:00+05:30,1505.7,1505.7,1504.6,1504.8,4439,0
2025-12-22 13:30:00+05:30,1505.0,1506.0,1504.8,1505.7,46041,0
2025-12-22 13:35:00+05:30,1505.7,1505.9,1504.4,1504.5,7262,0
2025-12-22 13:40:00+05:30,1504.7,1505.4,1504.0,1505.1,5981,0
2025-12-22 13:45:00+05:30,1505.1,1505.2,1504.0,1504.8,2477,0
2025-12-22 13:50:00+05:30,1504.8,1505.0,1503.6,1503.8,6483,0
2025-12-22 13:55:00+05:30,1503.8,1505.5,1503.8,1505.0,8193,0
2025-12-22 14:00:00+05:30,1505.0,1505.0,1504.1,1505.0,8996,0
2025-12-22 14:05:00+05:30,1505.0,1505.0,1503.6,1504.5,10721,0
2025-12-22 14:10:00+05:30,1503.9,1505.0,1503.4,1505.0,42383,0
2025-12-22 14:15:00+05:30,1504.5,1505.5,1504.0,1505.5,13465,0
2025-12-22 14:20:00+05:30,1505.5,1507.3,1504.3,1507.3,35189,0
2025-12-22 14:25:00+05:30,1507.3,1508.0,1504.8,1507.3,90181,0
2025-12-22 14:30:00+05:30,1507.2,1508.4,1505.2,1507.0,27403,0
2025-12-22 14:35:00+05:30,1507.0,1509.3,1506.9,1508.5,66256,0
2025-12-22 14:40:00+05:30,1508.5,1509.5,1506.9,1508.5,33031,0
2025-12-22 14:45:00+05:30,1508.6,1509.2,1508.0,1509.0,9837,0
2025-12-22 14:50:00+05:30,1509.0,1509.4,1508.3,1509.4,9077,0
2025-12-22 14:55:00+05:30,1509.4,1509.4,1508.4,1509.4,9364,0
2025-12-22 15:00:00+05:30,1509.4,1510.9,1509.1,1510.0,34879,0
2025-12-22 15:05:00+05:30,1509.7,1510.0,1508.3,1509.9,23478,0
2025-12-22 15:10:00+05:30,1509.8,1510.0,1508.5,1509.3,35167,0
2025-12-22 15:15:00+05:30,1509.4,1509.4,1507.9,1508.3,30086,0
2025-12-22 15:20:00+05:30,1508.3,1508.4,1506.7,1506.9,38136,0
2025-12-22 15:25:00+05:30,1506.7,1508.2,1505.0,1507.5,29569,0
2025-12-23 09:15:00+05:30,1508.7,1512.4,1505.7,1511.0,20671,0
2025-12-23 09:20:00+05:30,1510.7,1512.5,1509.3,1512.5,12516,0
2025-12-23 09:25:00+05:30,1512.7,1513.8,1510.7,1511.3,7374,0
2025-12-23 09:30:00+05:30,1511.3,1511.3,1508.1,1509.4,12064,0
2025-12-23 09:35:00+05:30,1509.3,1510.8,1508.1,1509.4,10295,0
2025-12-23 09:40:00+05:30,1509.4,1509.9,1506.3,1506.9,10954,0
2025-12-23 09:45:00+05:30,1506.2,1507.9,1506.0,1507.6,11881,0
2025-12-23 09:50:00+05:30,1507.4,1508.5,1507.0,1507.8,6173,0
2025-12-23 09:55:00+05:30,1508.4,1510.0,1507.0,1509.8,10100,0
2025-12-23 10:00:00+05:30,1509.8,1511.7,1509.2,1510.5,9418,0
2025-12-23 10:05:00+05:30,1511.0,1511.0,1510.1,1510.5,4588,0
2025-12-23 10:10:00+05:30,1510.7,1510.8,1509.5,1509.9,5222,0
2025-12-23 10:15:00+05:30,1510.2,1510.2,1508.0,1508.0,3657,0
2025-12-23 10:20:00+05:30,1508.5,1508.5,1507.0,1507.9,10635,0
2025-12-23 10:25:00+05:30,1508.0,1508.0,1507.3,1507.5,5208,0
2025-12-23 10:30:00+05:30,1507.5,1508.4,1507.0,1507.2,7179,0
2025-12-23 10:35:00+05:30,1507.2,1507.9,1506.5,1506.5,2990,0
2025-12-23 10:40:00+05:30,1506.8,1507.7,1503.4,1504.4,57260,0
2025-12-23 10:45:00+05:30,1504.9,1505.6,1503.5,1503.6,23393,0
2025-12-23 10:50:00+05:30,1503.6,1505.7,1503.6,1504.3,17472,0
2025-12-23 10:55:00+05:30,1504.8,1505.5,1504.3,1505.0,3716,0
2025-12-23 11:00:00+05:30,1505.4,1505.5,1503.0,1504.2,33587,0
2025-12-23 11:05:00+05:30,1504.6,1505.2,1504.0,1504.5,2882,0
2025-12-23 11:10:00+05:30,1505.0,1505.8,1504.7,1505.0,4597,0
2025-12-23 11:15:00+05:30,1505.5,1506.6,1505.0,1506.1,3507,0
2025-12-23 11:20:00+05:30,1506.6,1506.6,1503.9,1504.3,16549,0
2025-12-23 11:25:00+05:30,1504.4,1504.5,1503.6,1504.1,12341,0
2025-12-23 11:30:00+05:30,1504.1,1504.7,1502.4,1503.1,16920,0
2025-12-23 11:35:00+05:30,1503.1,1504.1,1501.8,1503.5,14136,0
2025-12-23 11:40:00+05:30,1503.5,1504.3,1502.6,1503.0,6808,0
2025-12-23 11:45:00+05:30,1503.2,1503.6,1499.8,1501.0,52440,0
2025-12-23 11:50:00+05:30,1501.2,1503.4,1500.7,1501.6,37490,0
2025-12-23 11:55:00+05:30,1502.0,1503.3,1500.5,1500.5,39529,0
2025-12-23 12:00:00+05:30,1500.7,1501.6,1500.5,1501.3,9425,0
2025-12-23 12:05:00+05:30,1501.3,1502.2,1500.5,1501.8,5209,0
2025-12-23 12:10:00+05:30,1502.1,1502.1,1501.8,1501.8,2373,0
2025-12-23 12:15:00+05:30,1502.0,1503.3,1501.8,1502.7,3954,0
2025-12-23 12:20:00+05:30,1503.0,1503.1,1502.2,1502.2,2031,0
2025-12-23 12:25:00+05:30,1502.8,1502.9,1500.5,1500.6,8769,0
2025-12-23 12:30:00+05:30,1500.6,1500.8,1500.2,1500.7,6286,0
2025-12-23 12:35:00+05:30,1500.7,1502.4,1500.4,1500.7,9233,0
2025-12-23 12:40:00+05:30,1501.1,1501.2,1500.2,1500.2,8915,0
2025-12-23 12:45:00+05:30,1500.6,1501.0,1499.1,1499.1,13773,0
2025-12-23 12:50:00+05:30,1499.4,1499.4,1498.0,1498.6,9565,0
2025-12-23 12:55:00+05:30,1498.7,1499.2,1498.0,1498.9,10660,0
2025-12-23 13:00:00+05:30,1498.9,1499.4,1498.0,1498.1,6388,0
2025-12-23 13:05:00+05:30,1498.1,1498.4,1497.0,1497.4,15667,0
2025-12-23 13:10:00+05:30,1497.5,1499.1,1497.4,1498.5,3516,0
2025-12-23 13:15:00+05:30,1498.6,1500.0,1498.5,1499.2,11779,0
2025-12-23 13:20:00+05:30,1499.4,1499.9,1498.5,1498.5,2875,0
2025-12-23 13:25:00+05:30,1498.6,1499.6,1498.5,1498.9,2365,0
2025-12-23 13:30:00+05:30,1498.9,1499.3,1497.8,1497.8,4798,0
2025-12-23 13:35:00+05:30,1497.9,1499.1,1497.8,1498.4,2250,0
2025-12-23 13:40:00+05:30,1498.9,1499.5,1498.1,1498.6,4351,0
2025-12-23 13:45:00+05:30,1498.7,1499.9,1498.3,1499.0,7647,0
2025-12-23 13:50:00+05:30,1499.2,1500.0,1498.8,1499.6,7224,0
2025-12-23 13:55:00+05:30,1499.8,1501.4,1499.6,1501.0,12953,0
2025-12-23 14:00:00+05:30,1501.1,1501.6,1500.3,1500.5,4502,0
2025-12-23 14:05:00+05:30,1501.0,1501.3,1500.3,1500.9,7055,0
2025-12-23 14:10:00+05:30,1500.9,1501.7,1500.0,1501.0,14619,0
2025-12-23 14:15:00+05:30,1501.4,1503.0,1500.7,1501.0,20989,0
2025-12-23 14:20:00+05:30,1501.1,1501.5,1500.4,1501.0,2801,0
2025-12-23 14:25:00+05:30,1501.2,1501.2,1499.0,1499.2,3575,0
2025-12-23 14:30:00+05:30,1499.3,1500.0,1498.7,1498.7,4582,0
2025-12-23 14:35:00+05:30,1498.9,1499.0,1497.7,1498.2,5944,0
2025-12-23 14:40:00+05:30,1498.3,1498.4,1492.6,1493.0,37321,0
2025-12-23 14:45:00+05:30,1493.0,1495.6,1491.6,1494.7,21941,0
2025-12-23 14:50:00+05:30,1495.0,1495.3,1493.6,1494.2,5783,0
2025-12-23 14:55:00+05:30,1494.8,1495.5,1494.3,1495.2,3383,0
2025-12-23 15:00:00+05:30,1495.0,1498.5,1495.0,1495.9,16100,0
2025-12-23 15:05:00+05:30,1495.9,1496.5,1495.1,1495.5,8184,0
2025-12-23 15:10:00+05:30,1495.6,1495.9,1494.2,1494.8,12737,0
2025-12-23 15:15:00+05:30,1494.8,1494.8,1491.7,1492.0,35761,0
2025-12-23 15:20:00+05:30,1492.0,1493.9,1491.8,1493.1,29445,0
2025-12-23 15:25:00+05:30,1493.0,1493.9,1491.2,1492.8,28076,0
2025-12-24 09:15:00+05:30,1503.0,1503.5,1495.0,1502.0,116908,0
2025-12-24 09:20:00+05:30,1502.1,1504.0,1501.0,1503.8,36920,0
2025-12-24 09:25:00+05:30,1503.8,1505.7,1500.6,1501.6,26836,0
2025-12-24 09:30:00+05:30,1501.5,1502.4,1499.8,1501.5,12121,0
2025-12-24 09:35:00+05:30,1501.4,1502.4,1500.3,1502.0,12981,0
2025-12-24 09:40:00+05:30,1501.5,1502.3,1500.0,1502.0,13069,0
2025-12-24 09:45:00+05:30,1502.0,1502.0,1497.5,1498.0,16194,0
2025-12-24 09:50:00+05:30,1498.0,1500.6,1496.8,1500.1,13802,0
2025-12-24 09:55:00+05:30,1500.1,1501.4,1499.2,1500.8,19609,0
2025-12-24 10:00:00+05:30,1500.7,1501.0,1498.0,1499.1,9621,0
2025-12-24 10:05:00+05:30,1499.1,1500.1,1497.2,1499.7,7551,0
2025-12-24 10:10:00+05:30,1499.5,1501.4,1499.2,1501.0,4548,0
2025-12-24 10:15:00+05:30,1500.9,1501.9,1500.8,1501.2,8364,0
2025-12-24 10:20:00+05:30,1501.3,1501.7,1500.0,1501.7,13938,0
2025-12-24 10:25:00+05:30,1501.7,1503.4,1501.5,1502.2,12742,0
2025-12-24 10:30:00+05:30,1502.2,1503.3,1501.0,1503.1,5064,0
2025-12-24 10:35:00+05:30,1503.0,1503.2,1500.5,1501.1,14432,0
2025-12-24 10:40:00+05:30,1501.2,1502.4,1501.0,1501.8,4807,0
2025-12-24 10:45:00+05:30,1501.8,1502.5,1500.5,1500.9,12176,0
2025-12-24 10:50:00+05:30,1500.9,1500.9,1499.4,1500.1,15923,0
2025-12-24 10:55:00+05:30,1500.3,1501.4,1499.1,1499.6,12692,0
2025-12-24 11:00:00+05:30,1499.8,1501.8,1499.0,1500.5,19432,0
2025-12-24 11:05:00+05:30,1500.5,1504.0,1500.5,1503.3,17442,0
2025-12-24 11:10:00+05:30,1503.6,1504.7,1503.0,1503.9,10866,0
2025-12-24 11:15:00+05:30,1503.9,1504.2,1503.0,1503.1,6259,0
2025-12-24 11:20:00+05:30,1503.4,1504.0,1503.0,1503.2,16182,0
2025-12-24 11:25:00+05:30,1503.5,1503.8,1501.8,1503.0,38846,0
2025-12-24 11:30:00+05:30,1503.4,1507.0,1503.0,1506.6,27618,0
2025-12-24 11:35:00+05:30,1506.6,1507.1,1505.0,1506.9,13445,0
2025-12-24 11:40:00+05:30,1506.4,1507.0,1504.2,1505.0,67342,0
2025-12-24 11:45:00+05:30,1505.1,1505.9,1505.0,1505.2,35867,0
2025-12-24 11:50:00+05:30,1505.2,1505.7,1504.6,1505.1,3544,0
2025-12-24 11:55:00+05:30,1505.1,1507.0,1505.0,1506.8,12031,0
2025-12-24 12:00:00+05:30,1506.8,1507.2,1506.0,1506.0,9904,0
2025-12-24 12:05:00+05:30,1506.0,1506.5,1505.1,1506.5,46854,0
2025-12-24 12:10:00+05:30,1506.5,1507.0,1506.0,1506.5,4360,0
2025-12-24 12:15:00+05:30,1506.8,1507.2,1506.0,1507.0,8447,0
2025-12-24 12:20:00+05:30,1506.9,1507.0,1505.8,1506.2,4600,0
2025-12-24 12:25:00+05:30,1506.2,1507.0,1506.0,1506.4,15347,0
2025-12-24 12:30:00+05:30,1506.4,1506.4,1505.3,1506.1,4235,0
2025-12-24 12:35:00+05:30,1506.1,1506.2,1504.5,1506.1,11335,0
2025-12-24 12:40:00+05:30,1506.1,1506.5,1504.9,1506.3,19132,0
2025-12-24 12:45:00+05:30,1506.5,1507.0,1505.8,1506.0,8229,0
2025-12-24 12:50:00+05:30,1506.0,1506.8,1505.7,1506.6,5063,0
2025-12-24 12:55:00+05:30,1506.6,1506.6,1505.3,1506.4,41588,0
2025-12-24 13:00:00+05:30,1506.4,1506.4,1504.5,1505.1,12112,0
2025-12-24 13:05:00+05:30,1505.1,1506.4,1504.8,1506.4,20853,0
2025-12-24 13:10:00+05:30,1506.4,1506.4,1505.5,1505.6,7426,0
2025-12-24 13:15:00+05:30,1506.1,1506.3,1505.0,1505.4,7561,0
2025-12-24 13:20:00+05:30,1505.9,1506.1,1504.6,1505.4,8056,0
2025-12-24 13:25:00+05:30,1505.3,1505.5,1503.9,1504.3,12366,0
2025-12-24 13:30:00+05:30,1504.0,1505.0,1504.0,1504.0,16508,0
2025-12-24 13:35:00+05:30,1504.3,1506.1,1503.1,1505.5,20941,0
2025-12-24 13:40:00+05:30,1505.5,1506.1,1504.0,1506.1,18540,0
2025-12-24 13:45:00+05:30,1505.7,1506.1,1504.5,1505.8,20999,0
2025-12-24 13:50:00+05:30,1505.9,1506.0,1504.9,1505.9,2060,0
2025-12-24 13:55:00+05:30,1505.5,1506.0,1503.6,1504.5,3184,0
2025-12-24 14:00:00+05:30,1504.5,1504.6,1501.8,1502.0,17661,0
2025-12-24 14:05:00+05:30,1502.0,1503.9,1501.8,1503.7,32996,0
2025-12-24 14:10:00+05:30,1503.7,1504.4,1500.1,1501.6,30850,0
2025-12-24 14:15:00+05:30,1501.7,1501.7,1498.1,1498.5,26975,0
2025-12-24 14:20:00+05:30,1498.5,1499.0,1497.0,1497.3,6132,0
2025-12-24 14:25:00+05:30,1497.7,1497.7,1494.0,1494.1,55168,0
2025-12-24 14:30:00+05:30,1494.1,1496.0,1494.0,1494.7,15715,0
2025-12-24 14:35:00+05:30,1494.7,1495.0,1492.0,1494.0,17372,0
2025-12-24 14:40:00+05:30,1494.0,1494.4,1493.0,1493.4,6133,0
2025-12-24 14:45:00+05:30,1493.6,1495.0,1493.2,1494.5,5212,0
2025-12-24 14:50:00+05:30,1494.5,1494.5,1493.1,1494.5,9806,0
2025-12-24 14:55:00+05:30,1494.5,1495.3,1494.1,1495.0,9007,0
2025-12-24 15:00:00+05:30,1495.0,1496.6,1493.7,1494.6,16464,0
2025-12-24 15:05:00+05:30,1494.1,1494.3,1493.2,1493.9,8247,0
2025-12-24 15:10:00+05:30,1493.9,1495.0,1493.4,1494.9,10227,0
2025-12-24 15:15:00+05:30,1494.4,1495.5,1493.0,1493.7,21539,0
2025-12-24 15:20:00+05:30,1493.7,1495.3,1492.3,1495.0,25711,0
2025-12-24 15:25:00+05:30,1495.0,1496.5,1494.2,1496.5,13658,0
2025-12-26 09:15:00+05:30,1499.6,1501.4,1490.3,1495.5,67229,0
2025-12-26 09:20:00+05:30,1495.5,1498.4,1495.2,1498.4,14299,0
2025-12-26 09:25:00+05:30,1497.7,1499.8,1496.0,1499.6,12484,0
2025-12-26 09:30:00+05:30,1499.5,1500.0,1497.0,1498.4,10359,0
2025-12-26 09:35:00+05:30,1498.4,1498.4,1495.7,1496.2,6350,0
2025-12-26 09:40:00+05:30,1496.2,1496.2,1493.0,1494.4,8245,0
2025-12-26 09:45:00+05:30,1493.7,1495.8,1493.5,1495.7,9474,0
2025-12-26 09:50:00+05:30,1495.6,1495.9,1494.0,1494.2,5600,0
2025-12-26 09:55:00+05:30,1494.2,1494.4,1493.0,1494.4,11814,0
2025-12-26 10:00:00+05:30,1493.8,1494.4,1492.0,1493.4,10710,0
2025-12-26 10:05:00+05:30,1493.7,1493.7,1492.2,1492.7,3151,0
2025-12-26 10:10:00+05:30,1492.6,1493.7,1492.0,1493.5,2930,0
2025-12-26 10:15:00+05:30,1493.7,1494.4,1492.7,1494.3,2592,0
2025-12-26 10:20:00+05:30,1494.4,1496.5,1494.0,1495.7,9465,0
2025-12-26 10:25:00+05:30,1495.9,1497.9,1495.5,1497.6,5987,0
2025-12-26 10:30:00+05:30,1497.8,1500.0,1497.1,1500.0,14133,0
2025-12-26 10:35:00+05:30,1499.7,1500.7,1499.5,1499.9,7792,0
2025-12-26 10:40:00+05:30,1500.0,1501.4,1497.9,1498.6,27168,0
2025-12-26 10:45:00+05:30,1498.0,1498.7,1494.2,1494.7,49675,0
2025-12-26 10:50:00+05:30,1494.7,1495.0,1492.0,1493.7,29821,0
2025-12-26 10:55:00+05:30,1493.9,1494.9,1491.1,1492.9,60640,0
2025-12-26 11:00:00+05:30,1492.9,1493.4,1490.0,1492.0,75094,0
2025-12-26 11:05:00+05:30,1492.0,1492.3,1490.1,1490.2,12111,0
2025-12-26 11:10:00+05:30,1490.4,1490.4,1487.1,1488.9,28750,0
2025-12-26 11:15:00+05:30,1488.8,1489.3,1488.1,1488.2,6188,0
2025-12-26 11:20:00+05:30,1488.1,1488.8,1488.0,1488.5,5077,0
2025-12-26 11:25:00+05:30,1488.5,1490.5,1488.5,1490.5,6094,0
2025-12-26 11:30:00+05:30,1490.6,1494.0,1490.0,1493.0,17507,0
2025-12-26 11:35:00+05:30,1493.2,1493.4,1490.4,1490.4,26470,0
2025-12-26 11:40:00+05:30,1490.4,1491.9,1490.3,1491.5,22993,0
2025-12-26 11:45:00+05:30,1491.4,1492.7,1491.4,1492.0,14671,0
2025-12-26 11:50:00+05:30,1492.0,1492.5,1489.0,1489.7,8225,0
2025-12-26 11:55:00+05:30,1489.7,1490.0,1489.2,1490.0,18660,0
2025-12-26 12:00:00+05:30,1489.9,1490.0,1489.3,1489.3,1579,0
2025-12-26 12:05:00+05:30,1489.3,1489.7,1488.5,1488.9,4198,0
2025-12-26 12:10:00+05:30,1488.9,1490.0,1488.5,1489.8,3962,0
2025-12-26 12:15:00+05:30,1489.6,1490.9,1489.3,1490.1,14706,0
2025-12-26 12:20:00+05:30,1490.1,1490.8,1489.5,1490.1,974,0
2025-12-26 12:25:00+05:30,1490.1,1491.0,1490.0,1490.3,2380,0
2025-12-26 12:30:00+05:30,1490.3,1490.3,1488.0,1488.3,6220,0
2025-12-26 12:35:00+05:30,1488.2,1488.8,1487.7,1488.1,3317,0
2025-12-26 12:40:00+05:30,1488.2,1490.0,1487.6,1489.5,5216,0
2025-12-26 12:45:00+05:30,1489.5,1490.3,1489.5,1490.1,4019,0
2025-12-26 12:50:00+05:30,1490.2,1491.1,1490.0,1491.1,4093,0
2025-12-26 12:55:00+05:30,1491.1,1492.5,1491.0,1491.4,15951,0
2025-12-26 13:00:00+05:30,1491.4,1492.2,1491.0,1492.0,5777,0
2025-12-26 13:05:00+05:30,1492.2,1492.2,1491.5,1492.0,9826,0
2025-12-26 13:10:00+05:30,1492.2,1492.2,1491.5,1491.6,4677,0
2025-12-26 13:15:00+05:30,1491.7,1492.0,1491.5,1491.5,1405,0
2025-12-26 13:20:00+05:30,1491.5,1492.8,1491.5,1492.8,3029,0
2025-12-26 13:25:00+05:30,1492.7,1492.8,1491.7,1492.3,1596,0
2025-12-26 13:30:00+05:30,1492.3,1492.8,1490.8,1491.2,2142,0
2025-12-26 13:35:00+05:30,1491.2,1491.4,1490.5,1491.0,1648,0
2025-12-26 13:40:00+05:30,1491.2,1492.0,1490.7,1492.0,1809,0
2025-12-26 13:45:00+05:30,1491.9,1492.0,1490.9,1491.0,1753,0
2025-12-26 13:50:00+05:30,1491.3,1491.7,1489.6,1490.5,2074,0
2025-12-26 13:55:00+05:30,1490.5,1490.8,1489.2,1490.5,1555,0
2025-12-26 14:00:00+05:30,1490.5,1491.0,1489.8,1490.9,1922,0
2025-12-26 14:05:00+05:30,1490.8,1490.8,1489.3,1489.9,3131,0
2025-12-26 14:10:00+05:30,1489.9,1490.2,1488.6,1489.4,3843,0
2025-12-26 14:15:00+05:30,1489.4,1490.6,1488.7,1489.5,4749,0
2025-12-26 14:20:00+05:30,1489.5,1489.5,1488.3,1489.0,2006,0
2025-12-26 14:25:00+05:30,1489.0,1489.6,1488.5,1489.6,1735,0
2025-12-26 14:30:00+05:30,1489.6,1490.3,1488.2,1488.7,8933,0
2025-12-26 14:35:00+05:30,1489.2,1489.5,1488.5,1488.8,2471,0
2025-12-26 14:40:00+05:30,1488.8,1489.0,1486.5,1486.5,11584,0
2025-12-26 14:45:00+05:30,1487.0,1487.0,1485.1,1486.2,8419,0
2025-12-26 14:50:00+05:30,1486.4,1487.4,1485.6,1486.8,5699,0
2025-12-26 14:55:00+05:30,1487.3,1490.8,1486.9,1490.8,8159,0
2025-12-26 15:00:00+05:30,1490.6,1492.0,1489.0,1489.8,9140,0
2025-12-26 15:05:00+05:30,1489.1,1489.9,1488.0,1488.5,5620,0
2025-12-26 15:10:00+05:30,1488.5,1489.4,1487.6,1488.3,14930,0
2025-12-26 15:15:00+05:30,1488.3,1488.3,1486.0,1486.7,21399,0
2025-12-26 15:20:00+05:30,1486.7,1486.7,1485.0,1486.3,21047,0
2025-12-26 15:25:00+05:30,1486.4,1490.0,1485.0,1487.1,26056,0
2025-12-29 09:15:00+05:30,1487.1,1487.1,1473.1,1476.5,72769,0
2025-12-29 09:20:00+05:30,1476.4,1477.6,1474.6,1475.4,19963,0
2025-12-29 09:25:00+05:30,1475.2,1476.3,1472.6,1472.8,22677,0
2025-12-29 09:30:00+05:30,1472.8,1476.5,1471.5,1472.3,39968,0
2025-12-29 09:35:00+05:30,1471.6,1473.7,1471.0,1472.6,19028,0
2025-12-29 09:40:00+05:30,1472.9,1473.1,1471.6,1472.4,23637,0
2025-12-29 09:45:00+05:30,1472.4,1472.6,1470.2,1470.5,20039,0
2025-12-29 09:50:00+05:30,1470.7,1475.0,1470.4,1472.9,28290,0
2025-12-29 09:55:00+05:30,1472.8,1473.1,1468.7,1468.8,35176,0
2025-12-29 10:00:00+05:30,1468.7,1470.3,1468.0,1469.9,17334,0
2025-12-29 10:05:00+05:30,1469.8,1470.0,1467.2,1467.5,17145,0
2025-12-29 10:10:00+05:30,1467.8,1468.0,1465.1,1466.8,26576,0
2025-12-29 10:15:00+05:30,1466.8,1467.0,1463.7,1463.9,28930,0
2025-12-29 10:20:00+05:30,1464.0,1465.5,1463.0,1464.6,11844,0
2025-12-29 10:25:00+05:30,1464.6,1464.8,1462.8,1463.5,18478,0
2025-12-29 10:30:00+05:30,1464.1,1464.1,1462.0,1463.9,17001,0
2025-12-29 10:35:00+05:30,1463.9,1465.7,1463.4,1465.4,11017,0
2025-12-29 10:40:00+05:30,1465.4,1467.5,1463.2,1463.2,15909,0
2025-12-29 10:45:00+05:30,1463.8,1463.8,1462.0,1462.3,11420,0
2025-12-29 10:50:00+05:30,1462.7,1463.6,1461.1,1463.6,11490,0
2025-12-29 10:55:00+05:30,1463.6,1466.9,1463.1,1466.3,17729,0
2025-12-29 11:00:00+05:30,1466.3,1466.9,1464.0,1465.1,10597,0
2025-12-29 11:05:00+05:30,1465.1,1466.9,1464.5,1465.5,12308,0
2025-12-29 11:10:00+05:30,1465.1,1466.8,1465.0,1466.8,12526,0
2025-12-29 11:15:00+05:30,1466.5,1466.8,1464.5,1464.5,15051,0
2025-12-29 11:20:00+05:30,1464.8,1465.0,1463.8,1464.3,6757,0
2025-12-29 11:25:00+05:30,1464.3,1464.3,1462.6,1462.6,25288,0
2025-12-29 11:30:00+05:30,1463.0,1463.0,1461.7,1462.4,12169,0
2025-12-29 11:35:00+05:30,1462.5,1464.0,1462.4,1463.5,14022,0
2025-12-29 11:40:00+05:30,1463.5,1464.1,1462.6,1463.7,7320,0
2025-12-29 11:45:00+05:30,1463.6,1466.7,1463.2,1466.5,8927,0
2025-12-29 11:50:00+05:30,1465.9,1468.0,1465.3,1465.7,18301,0
2025-12-29 11:55:00+05:30,1465.6,1466.4,1463.6,1463.6,7519,0
2025-12-29 12:00:00+05:30,1464.0,1465.5,1463.6,1464.1,4848,0
2025-12-29 12:05:00+05:30,1464.0,1464.6,1463.5,1463.7,3162,0
2025-12-29 12:10:00+05:30,1463.7,1466.0,1463.7,1465.5,6462,0
2025-12-29 12:15:00+05:30,1465.3,1466.9,1464.8,1465.6,5914,0
2025-12-29 12:20:00+05:30,1465.5,1466.1,1465.0,1465.0,6170,0
2025-12-29 12:25:00+05:30,1465.0,1465.4,1464.5,1465.2,5907,0
2025-12-29 12:30:00+05:30,1465.1,1466.5,1465.0,1465.2,7061,0
2025-12-29 12:35:00+05:30,1465.1,1467.0,1465.0,1465.2,5178,0
2025-12-29 12:40:00+05:30,1465.2,1465.8,1464.4,1464.8,3761,0
2025-12-29 12:45:00+05:30,1464.8,1465.5,1464.8,1465.1,2783,0
2025-12-29 12:50:00+05:30,1464.8,1465.6,1464.0,1465.6,3588,0
2025-12-29 12:55:00+05:30,1465.1,1465.8,1464.1,1464.2,10564,0
2025-12-29 13:00:00+05:30,1464.2,1465.0,1464.0,1464.5,2683,0
2025-12-29 13:05:00+05:30,1464.1,1464.5,1464.0,1464.0,2148,0
2025-12-29 13:10:00+05:30,1464.4,1464.4,1462.5,1462.8,7709,0
2025-12-29 13:15:00+05:30,1462.5,1463.4,1461.7,1461.7,18782,0
2025-12-29 13:20:00+05:30,1461.7,1462.0,1461.5,1461.7,5342,0
2025-12-29 13:25:00+05:30,1461.5,1462.0,1461.2,1461.9,11119,0
2025-12-29 13:30:00+05:30,1461.7,1462.8,1461.7,1462.0,15383,0
2025-12-29 13:35:00+05:30,1462.4,1462.4,1461.1,1461.3,8614,0
2025-12-29 13:40:00+05:30,1461.6,1462.0,1461.3,1462.0,25770,0
2025-12-29 13:45:00+05:30,1462.0,1462.0,1461.5,1461.8,16037,0
2025-12-29 13:50:00+05:30,1461.9,1464.2,1461.9,1463.9,14079,0
2025-12-29 13:55:00+05:30,1463.9,1463.9,1462.1,1462.3,4800,0
2025-12-29 14:00:00+05:30,1462.3,1463.1,1462.1,1462.8,3317,0
2025-12-29 14:05:00+05:30,1462.8,1462.9,1462.6,1462.7,3904,0
2025-12-29 14:10:00+05:30,1462.8,1462.8,1460.1,1460.3,25408,0
2025-12-29 14:15:00+05:30,1460.3,1460.8,1458.2,1458.7,30717,0
2025-12-29 14:20:00+05:30,1459.0,1459.4,1457.4,1458.5,34897,0
2025-12-29 14:25:00+05:30,1458.5,1460.6,1458.0,1458.2,29716,0
2025-12-29 14:30:00+05:30,1458.2,1458.9,1457.3,1457.9,18508,0
2025-12-29 14:35:00+05:30,1457.8,1457.9,1453.3,1455.0,72613,0
2025-12-29 14:40:00+05:30,1454.5,1455.0,1451.3,1452.5,33068,0
2025-12-29 14:45:00+05:30,1452.5,1453.9,1451.1,1453.4,20823,0
2025-12-29 14:50:00+05:30,1453.4,1453.8,1451.2,1451.7,36628,0
2025-12-29 14:55:00+05:30,1451.6,1454.9,1451.0,1454.4,52988,0
2025-12-29 15:00:00+05:30,1454.3,1457.0,1454.3,1455.9,39193,0
2025-12-29 15:05:00+05:30,1455.7,1456.8,1454.1,1455.9,42453,0
2025-12-29 15:10:00+05:30,1455.5,1456.0,1454.0,1454.7,49796,0
2025-12-29 15:15:00+05:30,1454.2,1455.4,1454.0,1454.9,87369,0
2025-12-29 15:20:00+05:30,1454.9,1455.0,1453.3,1453.5,65527,0
2025-12-29 15:25:00+05:30,1454.0,1454.1,1452.1,1453.4,86113,0
2025-12-30 09:15:00+05:30,1450.0,1458.8,1447.3,1458.0,72644,0
2025-12-30 09:20:00+05:30,1458.3,1458.3,1455.2,1456.9,23152,0
2025-12-30 09:25:00+05:30,1457.0,1459.0,1455.9,1458.9,17542,0
2025-12-30 09:30:00+05:30,1459.0,1459.7,1457.8,1459.7,22523,0
2025-12-30 09:35:00+05:30,1459.8,1463.0,1459.7,1462.4,26957,0
2025-12-30 09:40:00+05:30,1462.4,1463.9,1460.2,1463.9,31158,0
2025-12-30 09:45:00+05:30,1463.8,1464.4,1460.1,1460.2,16735,0
2025-12-30 09:50:00+05:30,1460.6,1461.8,1460.2,1461.5,16872,0
2025-12-30 09:55:00+05:30,1461.5,1463.4,1460.5,1461.2,19201,0
2025-12-30 10:00:00+05:30,1461.3,1462.0,1460.5,1461.8,10037,0
2025-12-30 10:05:00+05:30,1461.9,1462.6,1460.5,1460.7,8683,0
2025-12-30 10:10:00+05:30,1460.6,1462.2,1459.8,1461.5,14438,0
2025-12-30 10:15:00+05:30,1461.8,1465.2,1460.7,1464.9,29744,0
2025-12-30 10:20:00+05:30,1464.9,1465.9,1464.2,1465.9,12031,0
2025-12-30 10:25:00+05:30,1465.9,1466.7,1465.4,1466.2,6843,0
2025-12-30 10:30:00+05:30,1466.2,1466.2,1464.6,1466.0,8755,0
2025-12-30 10:35:00+05:30,1465.9,1467.0,1464.4,1465.6,10494,0
2025-12-30 10:40:00+05:30,1465.5,1466.6,1464.8,1465.6,7167,0
2025-12-30 10:45:00+05:30,1465.7,1466.7,1464.8,1466.6,9201,0
2025-12-30 10:50:00+05:30,1466.6,1468.0,1466.0,1466.7,18491,0
2025-12-30 10:55:00+05:30,1466.6,1467.5,1466.0,1466.5,8612,0
2025-12-30 11:00:00+05:30,1466.3,1467.3,1464.3,1465.0,10641,0
2025-12-30 11:05:00+05:30,1465.0,1465.0,1463.1,1463.1,9640,0
2025-12-30 11:10:00+05:30,1463.5,1464.8,1462.0,1463.1,17740,0
2025-12-30 11:15:00+05:30,1463.3,1465.0,1462.0,1463.8,15273,0
2025-12-30 11:20:00+05:30,1463.6,1464.9,1463.1,1464.6,12569,0
2025-12-30 11:25:00+05:30,1464.6,1464.9,1463.1,1464.2,9629,0
2025-12-30 11:30:00+05:30,1464.2,1464.5,1460.2,1460.8,15491,0
2025-12-30 11:35:00+05:30,1460.8,1462.9,1460.3,1462.5,16871,0
2025-12-30 11:40:00+05:30,1462.5,1463.4,1462.0,1463.3,6492,0
2025-12-30 11:45:00+05:30,1463.2,1463.3,1461.3,1462.3,9474,0
2025-12-30 11:50:00+05:30,1462.2,1463.0,1461.5,1462.4,9927,0
2025-12-30 11:55:00+05:30,1462.6,1463.0,1461.2,1462.6,9880,0
2025-12-30 12:00:00+05:30,1462.6,1463.0,1461.7,1461.8,11480,0
2025-12-30 12:05:00+05:30,1462.2,1462.9,1461.6,1462.9,7281,0
2025-12-30 12:10:00+05:30,1462.8,1463.0,1460.1,1461.0,13906,0
2025-12-30 12:15:00+05:30,1461.2,1462.9,1461.0,1462.3,15154,0
2025-12-30 12:20:00+05:30,1462.2,1462.3,1460.3,1461.2,18291,0
2025-12-30 12:25:00+05:30,1461.3,1462.5,1460.8,1461.3,9440,0
2025-12-30 12:30:00+05:30,1461.2,1462.9,1460.9,1462.7,7086,0
2025-12-30 12:35:00+05:30,1462.5,1462.9,1461.6,1462.6,7493,0
2025-12-30 12:40:00+05:30,1462.5,1462.8,1461.3,1462.4,10825,0
2025-12-30 12:45:00+05:30,1462.4,1463.8,1462.0,1463.5,9581,0
2025-12-30 12:50:00+05:30,1463.5,1464.1,1462.9,1463.9,10457,0
2025-12-30 12:55:00+05:30,1463.9,1464.4,1462.7,1462.7,8773,0
2025-12-30 13:00:00+05:30,1463.0,1463.6,1462.3,1463.3,8409,0
2025-12-30 13:05:00+05:30,1463.3,1464.4,1462.4,1463.7,8233,0
2025-12-30 13:10:00+05:30,1463.7,1466.1,1463.1,1466.1,9001,0
2025-12-30 13:15:00+05:30,1466.1,1466.8,1464.8,1466.1,12967,0
2025-12-30 13:20:00+05:30,1466.1,1466.6,1465.6,1466.5,10027,0
2025-12-30 13:25:00+05:30,1466.4,1466.9,1465.2,1466.1,9587,0
2025-12-30 13:30:00+05:30,1466.2,1467.7,1465.5,1467.5,16011,0
2025-12-30 13:35:00+05:30,1467.4,1468.5,1467.2,1468.2,14888,0
2025-12-30 13:40:00+05:30,1468.3,1468.8,1465.7,1468.4,14357,0
2025-12-30 13:45:00+05:30,1468.4,1470.5,1468.0,1469.7,34486,0
2025-12-30 13:50:00+05:30,1469.7,1469.9,1467.3,1468.2,14973,0
2025-12-30 13:55:00+05:30,1468.1,1469.3,1467.5,1469.3,8221,0
2025-12-30 14:00:00+05:30,1468.9,1469.4,1466.6,1468.9,13657,0
2025-12-30 14:05:00+05:30,1468.9,1469.1,1466.6,1467.4,9121,0
2025-12-30 14:10:00+05:30,1467.2,1468.5,1466.8,1467.9,12266,0
2025-12-30 14:15:00+05:30,1467.8,1468.9,1467.1,1467.5,9497,0
2025-12-30 14:20:00+05:30,1467.4,1468.3,1465.4,1465.9,14494,0
2025-12-30 14:25:00+05:30,1466.0,1466.2,1464.5,1464.9,26542,0
2025-12-30 14:30:00+05:30,1465.0,1466.4,1464.7,1465.3,12235,0
2025-12-30 14:35:00+05:30,1465.3,1465.3,1463.1,1464.1,14718,0
2025-12-30 14:40:00+05:30,1464.1,1467.3,1463.9,1466.4,16630,0
2025-12-30 14:45:00+05:30,1466.3,1466.8,1464.5,1466.0,11117,0
2025-12-30 14:50:00+05:30,1465.9,1466.7,1464.6,1464.8,10345,0
2025-12-30 14:55:00+05:30,1464.7,1467.2,1464.5,1464.8,23228,0
2025-12-30 15:00:00+05:30,1464.8,1464.9,1458.1,1461.2,496270,0
2025-12-30 15:05:00+05:30,1461.4,1462.4,1458.0,1459.0,401415,0
2025-12-30 15:10:00+05:30,1458.9,1462.0,1458.0,1461.7,444647,0
2025-12-30 15:15:00+05:30,1461.7,1462.8,1459.2,1462.5,422467,0
2025-12-30 15:20:00+05:30,1462.5,1463.8,1460.6,1463.4,440330,0
2025-12-30 15:25:00+05:30,1463.4,1469.0,1461.6,1468.5,258323,0
2025-12-31 09:15:00+05:30,1468.5,1473.7,1465.4,1470.8,33893,0
2025-12-31 09:20:00+05:30,1470.6,1471.8,1469.0,1469.3,23597,0
2025-12-31 09:25:00+05:30,1469.5,1473.3,1468.3,1471.9,20037,0
2025-12-31 09:30:00+05:30,1471.6,1472.0,1470.4,1470.4,9742,0
2025-12-31 09:35:00+05:30,1470.4,1470.4,1468.0,1468.3,5621,0
2025-12-31 09:40:00+05:30,1468.0,1468.0,1465.0,1465.5,9244,0
2025-12-31 09:45:00+05:30,1466.0,1467.9,1465.2,1467.7,8710,0
2025-12-31 09:50:00+05:30,1467.7,1467.7,1465.0,1465.7,7550,0
2025-12-31 09:55:00+05:30,1465.5,1466.0,1461.3,1462.9,19714,0
2025-12-31 10:00:00+05:30,1462.9,1464.6,1462.5,1464.4,6909,0
2025-12-31 10:05:00+05:30,1464.2,1466.3,1463.7,1466.3,8987,0
2025-12-31 10:10:00+05:30,1466.0,1467.9,1465.8,1467.5,5702,0
2025-12-31 10:15:00+05:30,1467.5,1468.0,1466.7,1467.9,4247,0
2025-12-31 10:20:00+05:30,1467.9,1468.5,1466.8,1467.9,4966,0
2025-12-31 10:25:00+05:30,1468.2,1468.3,1467.0,1468.2,3536,0
2025-12-31 10:30:00+05:30,1468.2,1471.5,1468.1,1471.3,14404,0
2025-12-31 10:35:00+05:30,1470.8,1471.8,1470.0,1470.9,4991,0
2025-12-31 10:40:00+05:30,1471.2,1472.6,1470.4,1472.6,4421,0
2025-12-31 10:45:00+05:30,1472.5,1472.9,1470.8,1471.8,3928,0
2025-12-31 10:50:00+05:30,1471.6,1471.9,1470.1,1470.8,1393,0
2025-12-31 10:55:00+05:30,1470.8,1472.0,1470.1,1471.6,4150,0
2025-12-31 11:00:00+05:30,1471.5,1472.5,1470.9,1472.0,4802,0
2025-12-31 11:05:00+05:30,1472.0,1472.5,1471.5,1471.7,3217,0
2025-12-31 11:10:00+05:30,1471.6,1472.5,1470.9,1471.9,3176,0
2025-12-31 11:15:00+05:30,1471.8,1471.9,1470.2,1470.9,3078,0
2025-12-31 11:20:00+05:30,1470.9,1471.2,1469.3,1470.6,5731,0
2025-12-31 11:25:00+05:30,1470.1,1471.1,1469.6,1470.4,3266,0
2025-12-31 11:30:00+05:30,1470.3,1471.0,1470.0,1470.8,2914,0
2025-12-31 11:35:00+05:30,1470.3,1471.2,1468.5,1469.5,8423,0
2025-12-31 11:40:00+05:30,1469.8,1470.9,1468.2,1468.5,5369,0
2025-12-31 11:45:00+05:30,1468.4,1469.0,1463.9,1465.2,17920,0
2025-12-31 11:50:00+05:30,1465.1,1465.6,1464.2,1464.9,10574,0
2025-12-31 11:55:00+05:30,1464.9,1465.8,1463.8,1463.8,11119,0
2025-12-31 12:00:00+05:30,1463.8,1464.3,1463.0,1463.2,11092,0
2025-12-31 12:05:00+05:30,1463.1,1465.2,1463.0,1464.7,12194,0
2025-12-31 12:10:00+05:30,1464.9,1466.0,1464.1,1465.4,13971,0
2025-12-31 12:15:00+05:30,1465.0,1468.0,1464.6,1466.5,16280,0
2025-12-31 12:20:00+05:30,1466.0,1467.0,1464.9,1466.6,11910,0
2025-12-31 12:25:00+05:30,1466.6,1468.2,1465.1,1467.5,12090,0
2025-12-31 12:30:00+05:30,1468.0,1468.7,1467.6,1468.5,4374,0
2025-12-31 12:35:00+05:30,1468.5,1470.9,1467.6,1469.6,6952,0
2025-12-31 12:40:00+05:30,1470.0,1470.3,1468.7,1469.5,3925,0
2025-12-31 12:45:00+05:30,1469.7,1470.2,1469.0,1469.6,2757,0
2025-12-31 12:50:00+05:30,1470.0,1470.3,1469.4,1469.9,6439,0
2025-12-31 12:55:00+05:30,1470.3,1472.0,1470.0,1471.4,8621,0
2025-12-31 13:00:00+05:30,1471.4,1471.9,1469.2,1470.1,8053,0
2025-12-31 13:05:00+05:30,1470.5,1471.5,1470.1,1471.5,3100,0
2025-12-31 13:10:00+05:30,1471.2,1472.2,1471.0,1472.0,2596,0
2025-12-31 13:15:00+05:30,1472.2,1473.2,1472.0,1472.3,8751,0
2025-12-31 13:20:00+05:30,1472.6,1475.0,1472.1,1474.3,26363,0
2025-12-31 13:25:00+05:30,1474.4,1475.0,1473.7,1474.8,11159,0
2025-12-31 13:30:00+05:30,1474.9,1475.0,1473.1,1473.4,5252,0
2025-12-31 13:35:00+05:30,1473.0,1474.0,1472.0,1472.3,2944,0
2025-12-31 13:40:00+05:30,1472.3,1473.7,1472.2,1473.7,2570,0
2025-12-31 13:45:00+05:30,1473.4,1474.2,1473.0,1473.5,3984,0
2025-12-31 13:50:00+05:30,1473.5,1473.7,1473.1,1473.7,2804,0
2025-12-31 13:55:00+05:30,1473.4,1474.7,1472.9,1474.2,9437,0
2025-12-31 14:00:00+05:30,1473.5,1474.1,1472.5,1472.5,5644,0
2025-12-31 14:05:00+05:30,1472.6,1472.7,1470.7,1472.7,10480,0
2025-12-31 14:10:00+05:30,1472.7,1473.0,1472.0,1472.4,2440,0
2025-12-31 14:15:00+05:30,1472.4,1472.6,1470.9,1471.3,5009,0
2025-12-31 14:20:00+05:30,1471.8,1472.4,1469.2,1469.7,14578,0
2025-12-31 14:25:00+05:30,1469.7,1470.7,1469.6,1470.2,5377,0
2025-12-31 14:30:00+05:30,1470.2,1470.9,1469.5,1469.5,9587,0
2025-12-31 14:35:00+05:30,1469.5,1469.7,1468.0,1469.3,8898,0
2025-12-31 14:40:00+05:30,1469.7,1469.7,1468.2,1468.4,8092,0
2025-12-31 14:45:00+05:30,1468.8,1470.7,1467.8,1470.6,8095,0
2025-12-31 14:50:00+05:30,1470.1,1471.3,1469.1,1470.6,9020,0
2025-12-31 14:55:00+05:30,1470.9,1472.0,1470.8,1471.9,6974,0
2025-12-31 15:00:00+05:30,1471.9,1473.0,1470.4,1470.6,17765,0
2025-12-31 15:05:00+05:30,1470.5,1471.5,1469.0,1469.8,32293,0
2025-12-31 15:10:00+05:30,1470.3,1470.3,1468.8,1469.5,21085,0
2025-12-31 15:15:00+05:30,1469.5,1470.5,1468.8,1469.5,21692,0
2025-12-31 15:20:00+05:30,1469.9,1470.0,1468.2,1469.5,18931,0
2025-12-31 15:25:00+05:30,1469.6,1470.5,1468.0,1469.7,18002,0
2026-01-01 09:15:00+05:30,1472.8,1473.6,1470.4,1471.8,13347,0
2026-01-01 09:20:00+05:30,1471.1,1474.6,1471.1,1472.9,8420,0
2026-01-01 09:25:00+05:30,1472.9,1474.0,1471.9,1473.9,5117,0
2026-01-01 09:30:00+05:30,1473.9,1477.0,1473.2,1476.7,15484,0
2026-01-01 09:35:00+05:30,1476.7,1480.0,1476.2,1478.1,19234,0
2026-01-01 09:40:00+05:30,1478.6,1484.9,1478.6,1483.1,37511,0
2026-01-01 09:45:00+05:30,1483.1,1487.6,1482.4,1487.6,71502,0
2026-01-01 09:50:00+05:30,1487.6,1490.9,1486.1,1487.9,67701,0
2026-01-01 09:55:00+05:30,1488.0,1488.8,1484.1,1485.2,36847,0
2026-01-01 10:00:00+05:30,1485.0,1490.0,1484.3,1489.7,40150,0
2026-01-01 10:05:00+05:30,1489.7,1489.7,1484.3,1485.5,23319,0
2026-01-01 10:10:00+05:30,1485.3,1485.3,1481.1,1483.6,17961,0
2026-01-01 10:15:00+05:30,1483.9,1485.0,1480.0,1480.3,16412,0
2026-01-01 10:20:00+05:30,1480.4,1481.0,1479.0,1480.7,11886,0
2026-01-01 10:25:00+05:30,1480.7,1483.9,1480.6,1482.2,9156,0
2026-01-01 10:30:00+05:30,1482.2,1484.6,1481.3,1484.2,12966,0
2026-01-01 10:35:00+05:30,1484.1,1484.4,1482.3,1483.0,4118,0
2026-01-01 10:40:00+05:30,1483.0,1483.3,1480.5,1482.9,3605,0
2026-01-01 10:45:00+05:30,1482.9,1487.0,1482.2,1486.0,19194,0
2026-01-01 10:50:00+05:30,1485.6,1486.9,1485.0,1486.5,15745,0
2026-01-01 10:55:00+05:30,1486.3,1487.5,1485.1,1485.8,18545,0
2026-01-01 11:00:00+05:30,1485.8,1487.8,1485.1,1487.5,8579,0
2026-01-01 11:05:00+05:30,1487.5,1488.8,1486.0,1487.2,18113,0
2026-01-01 11:10:00+05:30,1487.4,1487.4,1485.3,1485.9,4893,0
2026-01-01 11:15:00+05:30,1485.8,1486.0,1485.0,1485.8,5659,0
2026-01-01 11:20:00+05:30,1485.8,1485.9,1483.8,1485.4,8162,0
2026-01-01 11:25:00+05:30,1485.4,1485.5,1483.8,1484.1,3532,0
2026-01-01 11:30:00+05:30,1484.1,1486.6,1483.4,1485.2,17855,0
2026-01-01 11:35:00+05:30,1485.8,1485.8,1484.6,1484.7,3598,0
2026-01-01 11:40:00+05:30,1485.3,1485.3,1484.1,1484.9,1880,0
2026-01-01 11:45:00+05:30,1484.1,1485.0,1483.9,1484.7,1351,0
2026-01-01 11:50:00+05:30,1484.7,1484.9,1483.4,1484.3,3181,0
2026-01-01 11:55:00+05:30,1484.5,1485.4,1484.4,1485.1,2122,0
2026-01-01 12:00:00+05:30,1485.1,1486.2,1484.6,1485.6,8615,0
2026-01-01 12:05:00+05:30,1485.5,1485.7,1483.8,1484.1,5808,0
2026-01-01 12:10:00+05:30,1484.1,1488.8,1484.1,1488.7,16068,0
2026-01-01 12:15:00+05:30,1488.7,1488.9,1484.6,1485.0,15305,0
2026-01-01 12:20:00+05:30,1485.0,1485.0,1484.2,1485.0,1662,0
2026-01-01 12:25:00+05:30,1485.0,1485.3,1484.4,1485.1,1462,0
2026-01-01 12:30:00+05:30,1485.1,1487.0,1484.1,1484.6,13260,0
2026-01-01 12:35:00+05:30,1485.4,1485.6,1482.4,1483.3,6734,0
2026-01-01 12:40:00+05:30,1483.3,1484.7,1483.1,1484.0,5354,0
2026-01-01 12:45:00+05:30,1483.8,1484.0,1482.3,1482.3,6677,0
2026-01-01 12:50:00+05:30,1482.1,1482.3,1480.2,1481.3,68086,0
2026-01-01 12:55:00+05:30,1481.3,1483.1,1480.5,1480.7,13729,0
2026-01-01 13:00:00+05:30,1481.1,1482.1,1480.8,1481.4,12740,0
2026-01-01 13:05:00+05:30,1481.0,1482.5,1480.8,1482.3,7395,0
2026-01-01 13:10:00+05:30,1482.4,1482.6,1481.5,1481.7,2031,0
2026-01-01 13:15:00+05:30,1481.7,1482.5,1481.1,1482.3,3454,0
2026-01-01 13:20:00+05:30,1482.3,1482.3,1481.0,1481.9,2017,0
2026-01-01 13:25:00+05:30,1481.9,1482.6,1481.1,1482.5,1934,0
2026-01-01 13:30:00+05:30,1482.5,1483.5,1482.2,1482.9,5912,0
2026-01-01 13:35:00+05:30,1482.9,1483.1,1481.2,1481.6,5638,0
2026-01-01 13:40:00+05:30,1481.6,1482.8,1481.0,1482.2,1933,0
2026-01-01 13:45:00+05:30,1482.8,1483.0,1481.5,1481.8,1629,0
2026-01-01 13:50:00+05:30,1482.4,1482.7,1481.5,1482.1,8484,0
2026-01-01 13:55:00+05:30,1482.4,1483.0,1481.4,1481.9,6315,0
2026-01-01 14:00:00+05:30,1481.5,1482.9,1481.5,1482.5,4634,0
2026-01-01 14:05:00+05:30,1482.9,1483.7,1481.5,1481.7,6813,0
2026-01-01 14:10:00+05:30,1481.7,1482.3,1481.6,1482.3,2140,0
2026-01-01 14:15:00+05:30,1482.1,1483.0,1482.0,1483.0,1897,0
2026-01-01 14:20:00+05:30,1482.8,1483.0,1481.0,1482.2,10402,0
2026-01-01 14:25:00+05:30,1482.3,1482.3,1481.0,1481.5,2405,0
2026-01-01 14:30:00+05:30,1481.5,1482.5,1481.2,1482.0,6708,0
2026-01-01 14:35:00+05:30,1482.1,1482.4,1480.5,1481.1,5141,0
2026-01-01 14:40:00+05:30,1481.5,1482.3,1480.7,1481.6,3841,0
2026-01-01 14:45:00+05:30,1481.6,1481.6,1480.0,1480.0,5875,0
2026-01-01 14:50:00+05:30,1480.2,1481.0,1480.0,1481.0,4942,0
2026-01-01 14:55:00+05:30,1481.0,1482.5,1480.5,1482.0,11517,0
2026-01-01 15:00:00+05:30,1482.0,1484.4,1481.0,1481.5,15227,0
2026-01-01 15:05:00+05:30,1481.5,1481.5,1480.1,1480.9,15789,0
2026-01-01 15:10:00+05:30,1480.4,1481.8,1480.1,1481.5,11833,0
2026-01-01 15:15:00+05:30,1480.7,1482.0,1480.0,1481.7,28099,0
2026-01-01 15:20:00+05:30,1481.7,1482.0,1481.0,1481.9,17139,0
2026-01-01 15:25:00+05:30,1481.7,1482.5,1477.3,1478.3,57301,0
2026-01-02 09:15:00+05:30,1480.1,1486.7,1478.3,1486.7,33063,0
2026-01-02 09:20:00+05:30,1486.1,1486.6,1485.0,1486.0,13231,0
2026-01-02 09:25:00+05:30,1485.5,1488.9,1484.3,1487.5,18945,0
2026-01-02 09:30:00+05:30,1488.0,1488.2,1486.4,1487.1,11847,0
2026-01-02 09:35:00+05:30,1486.7,1491.9,1486.7,1491.5,39448,0
2026-01-02 09:40:00+05:30,1491.5,1491.9,1489.9,1491.3,25250,0
2026-01-02 09:45:00+05:30,1491.3,1491.7,1490.2,1491.5,17415,0
2026-01-02 09:50:00+05:30,1491.5,1491.9,1490.1,1491.9,19535,0
2026-01-02 09:55:00+05:30,1491.9,1491.9,1489.4,1489.7,15903,0
2026-01-02 10:00:00+05:30,1489.6,1489.7,1488.0,1489.0,29283,0
2026-01-02 10:05:00+05:30,1489.0,1491.0,1488.9,1490.1,9604,0
2026-01-02 10:10:00+05:30,1490.1,1495.0,1490.1,1494.5,37332,0
2026-01-02 10:15:00+05:30,1494.5,1494.6,1491.9,1492.4,15614,0
2026-01-02 10:20:00+05:30,1492.4,1492.8,1490.6,1491.5,10116,0
2026-01-02 10:25:00+05:30,1491.5,1491.6,1490.1,1490.2,6153,0
2026-01-02 10:30:00+05:30,1490.2,1491.2,1489.7,1490.0,11448,0
2026-01-02 10:35:00+05:30,1489.9,1491.5,1489.9,1491.3,4900,0
2026-01-02 10:40:00+05:30,1491.3,1492.0,1491.0,1491.7,11298,0
2026-01-02 10:45:00+05:30,1491.7,1492.0,1489.4,1489.9,23283,0
2026-01-02 10:50:00+05:30,1490.0,1493.0,1489.9,1491.6,42752,0
2026-01-02 10:55:00+05:30,1491.5,1492.9,1491.4,1492.9,17902,0
2026-01-02 11:00:00+05:30,1492.9,1493.0,1492.3,1492.4,25459,0
2026-01-02 11:05:00+05:30,1492.3,1492.4,1490.3,1490.8,11486,0
2026-01-02 11:10:00+05:30,1490.8,1492.0,1490.3,1490.6,9141,0
2026-01-02 11:15:00+05:30,1490.5,1491.9,1490.5,1491.9,5021,0
2026-01-02 11:20:00+05:30,1491.8,1492.0,1491.6,1492.0,3537,0
2026-01-02 11:25:00+05:30,1492.0,1492.0,1490.1,1491.4,10746,0
2026-01-02 11:30:00+05:30,1491.4,1491.4,1490.5,1491.1,6761,0
2026-01-02 11:35:00+05:30,1491.1,1491.2,1489.3,1490.0,15936,0
2026-01-02 11:40:00+05:30,1490.0,1490.5,1488.7,1489.7,10315,0
2026-01-02 11:45:00+05:30,1489.7,1490.0,1489.6,1489.7,8927,0
2026-01-02 11:50:00+05:30,1489.7,1490.0,1489.3,1490.0,8693,0
2026-01-02 11:55:00+05:30,1490.0,1490.0,1489.7,1490.0,5121,0
2026-01-02 12:00:00+05:30,1489.9,1490.0,1489.0,1489.2,7878,0
2026-01-02 12:05:00+05:30,1489.1,1489.6,1488.8,1488.8,8696,0
2026-01-02 12:10:00+05:30,1488.8,1489.2,1488.1,1489.0,8390,0
2026-01-02 12:15:00+05:30,1488.9,1489.8,1488.7,1489.1,4456,0
2026-01-02 12:20:00+05:30,1489.0,1489.6,1487.4,1488.5,22366,0
2026-01-02 12:25:00+05:30,1488.4,1489.4,1488.3,1489.0,5931,0
2026-01-02 12:30:00+05:30,1488.9,1490.9,1488.5,1490.4,5120,0
2026-01-02 12:35:00+05:30,1490.3,1490.4,1489.3,1489.5,5853,0
2026-01-02 12:40:00+05:30,1489.5,1490.0,1489.1,1489.1,10735,0
2026-01-02 12:45:00+05:30,1489.1,1489.9,1489.0,1489.3,4476,0
2026-01-02 12:50:00+05:30,1489.2,1489.6,1489.2,1489.6,3633,0
2026-01-02 12:55:00+05:30,1489.5,1490.0,1489.4,1489.8,4155,0
2026-01-02 13:00:00+05:30,1489.7,1489.8,1489.3,1489.7,5591,0
2026-01-02 13:05:00+05:30,1489.6,1490.0,1489.6,1490.0,2851,0
2026-01-02 13:10:00+05:30,1489.9,1490.0,1487.9,1489.1,26169,0
2026-01-02 13:15:00+05:30,1489.0,1489.2,1487.3,1488.0,20429,0
2026-01-02 13:20:00+05:30,1487.9,1488.1,1487.5,1488.0,11274,0
2026-01-02 13:25:00+05:30,1487.9,1488.8,1486.7,1487.3,21380,0
2026-01-02 13:30:00+05:30,1487.3,1487.6,1486.8,1487.4,5557,0
2026-01-02 13:35:00+05:30,1487.4,1488.0,1487.1,1488.0,7144,0
2026-01-02 13:40:00+05:30,1487.9,1488.0,1486.9,1487.4,14575,0
2026-01-02 13:45:00+05:30,1487.8,1488.0,1487.4,1487.9,4696,0
2026-01-02 13:50:00+05:30,1487.9,1488.5,1487.6,1488.5,11875,0
2026-01-02 13:55:00+05:30,1488.3,1488.5,1487.9,1488.0,10396,0
2026-01-02 14:00:00+05:30,1488.0,1488.0,1487.0,1487.3,8902,0
2026-01-02 14:05:00+05:30,1487.3,1488.0,1487.2,1488.0,6338,0
2026-01-02 14:10:00+05:30,1487.9,1490.3,1487.6,1489.6,17176,0
2026-01-02 14:15:00+05:30,1489.5,1490.4,1488.7,1489.2,9515,0
2026-01-02 14:20:00+05:30,1489.2,1490.1,1488.9,1489.9,31196,0
2026-01-02 14:25:00+05:30,1489.8,1490.9,1488.6,1489.6,17563,0
2026-01-02 14:30:00+05:30,1489.6,1490.0,1489.1,1489.7,16316,0
2026-01-02 14:35:00+05:30,1489.7,1489.8,1488.6,1489.0,16215,0
2026-01-02 14:40:00+05:30,1488.8,1488.8,1487.5,1488.4,17223,0
2026-01-02 14:45:00+05:30,1488.4,1489.4,1485.5,1487.0,48138,0
2026-01-02 14:50:00+05:30,1487.3,1490.2,1487.0,1487.5,58332,0
2026-01-02 14:55:00+05:30,1487.5,1489.1,1487.3,1488.8,22434,0
2026-01-02 15:00:00+05:30,1488.9,1491.9,1488.8,1489.8,36675,0
2026-01-02 15:05:00+05:30,1489.8,1490.8,1489.2,1490.1,22039,0
2026-01-02 15:10:00+05:30,1489.9,1490.2,1488.0,1489.5,44688,0
2026-01-02 15:15:00+05:30,1489.5,1490.5,1488.0,1489.7,51320,0
2026-01-02 15:20:00+05:30,1489.7,1490.2,1488.0,1488.5,33586,0
2026-01-02 15:25:00+05:30,1488.4,1490.0,1487.1,1490.0,24357,0
2026-01-05 09:15:00+05:30,1488.0,1492.0,1485.1,1488.0,41976,0
2026-01-05 09:20:00+05:30,1488.0,1488.1,1484.4,1484.9,28308,0
2026-01-05 09:25:00+05:30,1484.7,1487.1,1484.5,1484.7,14737,0
2026-01-05 09:30:00+05:30,1484.5,1486.0,1483.9,1484.5,26954,0
2026-01-05 09:35:00+05:30,1484.1,1484.5,1482.5,1484.3,9876,0
2026-01-05 09:40:00+05:30,1484.3,1484.9,1482.9,1483.1,8717,0
2026-01-05 09:45:00+05:30,1483.1,1483.5,1481.3,1482.8,11469,0
2026-01-05 09:50:00+05:30,1482.7,1484.9,1482.0,1482.3,7203,0
2026-01-05 09:55:00+05:30,1482.3,1483.0,1482.0,1482.5,6336,0
2026-01-05 10:00:00+05:30,1482.2,1482.6,1479.3,1479.8,17006,0
2026-01-05 10:05:00+05:30,1479.8,1481.0,1479.1,1480.7,9903,0
2026-01-05 10:10:00+05:30,1480.6,1484.0,1480.6,1484.0,6515,0
2026-01-05 10:15:00+05:30,1483.8,1484.0,1483.0,1484.0,4871,0
2026-01-05 10:20:00+05:30,1483.9,1486.9,1483.2,1485.9,11851,0
2026-01-05 10:25:00+05:30,1486.4,1487.5,1485.1,1485.6,14346,0
2026-01-05 10:30:00+05:30,1485.6,1486.2,1484.7,1485.6,4656,0
2026-01-05 10:35:00+05:30,1485.6,1486.8,1485.1,1485.7,5336,0
2026-01-05 10:40:00+05:30,1485.4,1485.9,1484.0,1485.1,6236,0
2026-01-05 10:45:00+05:30,1484.9,1486.4,1484.8,1485.9,5666,0
2026-01-05 10:50:00+05:30,1485.8,1488.0,1485.8,1486.8,12145,0
2026-01-05 10:55:00+05:30,1486.8,1487.0,1485.2,1485.3,17836,0
2026-01-05 11:00:00+05:30,1485.3,1486.7,1485.3,1486.5,6640,0
2026-01-05 11:05:00+05:30,1486.6,1486.7,1484.5,1484.9,5029,0
2026-01-05 11:10:00+05:30,1484.9,1485.5,1484.5,1484.8,3940,0
2026-01-05 11:15:00+05:30,1484.9,1484.9,1483.8,1484.2,5277,0
2026-01-05 11:20:00+05:30,1483.8,1484.1,1481.0,1481.2,8150,0
2026-01-05 11:25:00+05:30,1481.5,1483.0,1481.4,1482.5,5825,0
2026-01-05 11:30:00+05:30,1482.7,1482.8,1481.8,1482.0,3791,0
2026-01-05 11:35:00+05:30,1481.9,1483.1,1481.3,1482.6,2537,0
2026-01-05 11:40:00+05:30,1482.8,1484.9,1482.6,1484.8,3788,0
2026-01-05 11:45:00+05:30,1484.8,1486.0,1484.8,1486.0,4025,0
2026-01-05 11:50:00+05:30,1486.0,1486.4,1483.5,1483.5,6797,0
2026-01-05 11:55:00+05:30,1483.5,1484.6,1483.0,1484.4,5010,0
2026-01-05 12:00:00+05:30,1484.4,1484.5,1483.2,1483.4,3459,0
2026-01-05 12:05:00+05:30,1483.6,1483.8,1483.0,1483.3,2364,0
2026-01-05 12:10:00+05:30,1483.0,1485.0,1483.0,1484.6,3533,0
2026-01-05 12:15:00+05:30,1484.7,1487.0,1484.6,1486.4,3749,0
2026-01-05 12:20:00+05:30,1486.3,1489.0,1486.0,1488.9,9340,0
2026-01-05 12:25:00+05:30,1488.9,1488.9,1486.0,1486.5,6248,0
2026-01-05 12:30:00+05:30,1486.5,1488.0,1486.4,1486.8,3122,0
2026-01-05 12:35:00+05:30,1486.8,1487.5,1486.5,1486.6,4919,0
2026-01-05 12:40:00+05:30,1486.7,1488.9,1486.5,1488.9,5788,0
2026-01-05 12:45:00+05:30,1488.9,1491.0,1488.5,1491.0,17749,0
2026-01-05 12:50:00+05:30,1491.0,1496.0,1491.0,1495.7,25166,0
2026-01-05 12:55:00+05:30,1495.7,1496.8,1494.5,1494.9,28769,0
2026-01-05 13:00:00+05:30,1495.3,1495.7,1494.8,1495.1,7260,0
2026-01-05 13:05:00+05:30,1495.1,1495.2,1492.7,1493.6,5588,0
2026-01-05 13:10:00+05:30,1493.3,1493.6,1491.8,1492.5,6311,0
2026-01-05 13:15:00+05:30,1493.0,1493.0,1490.9,1492.6,21423,0
2026-01-05 13:20:00+05:30,1492.7,1493.6,1491.7,1493.3,8268,0
2026-01-05 13:25:00+05:30,1493.3,1493.7,1491.7,1492.1,3476,0
2026-01-05 13:30:00+05:30,1492.1,1493.5,1491.2,1492.8,6250,0
2026-01-05 13:35:00+05:30,1492.9,1493.0,1492.2,1493.0,4024,0
2026-01-05 13:40:00+05:30,1492.9,1493.9,1492.9,1493.3,4975,0
2026-01-05 13:45:00+05:30,1493.7,1493.9,1490.1,1490.1,5195,0
2026-01-05 13:50:00+05:30,1490.7,1492.6,1489.4,1489.7,8699,0
2026-01-05 13:55:00+05:30,1489.7,1490.7,1489.2,1489.5,3799,0
2026-01-05 14:00:00+05:30,1489.6,1490.6,1489.0,1489.6,5102,0
2026-01-05 14:05:00+05:30,1490.0,1490.5,1488.3,1489.1,11638,0
2026-01-05 14:10:00+05:30,1489.3,1490.5,1489.3,1489.8,4818,0
2026-01-05 14:15:00+05:30,1490.2,1491.0,1489.6,1490.9,8902,0
2026-01-05 14:20:00+05:30,1490.9,1492.0,1489.7,1491.5,6225,0
2026-01-05 14:25:00+05:30,1492.0,1493.6,1491.6,1492.4,8526,0
2026-01-05 14:30:00+05:30,1492.4,1493.5,1492.0,1493.2,4626,0
2026-01-05 14:35:00+05:30,1493.2,1493.2,1490.8,1490.8,7217,0
2026-01-05 14:40:00+05:30,1490.9,1491.4,1490.5,1490.8,10110,0
2026-01-05 14:45:00+05:30,1490.6,1492.0,1490.3,1491.5,12479,0
2026-01-05 14:50:00+05:30,1491.3,1493.9,1491.2,1492.4,14872,0
2026-01-05 14:55:00+05:30,1492.3,1493.9,1491.3,1493.9,7668,0
2026-01-05 15:00:00+05:30,1493.8,1495.3,1493.8,1495.0,25499,0
2026-01-05 15:05:00+05:30,1494.9,1495.4,1492.3,1493.0,21698,0
2026-01-05 15:10:00+05:30,1492.5,1493.0,1492.2,1492.9,17890,0
2026-01-05 15:15:00+05:30,1492.9,1493.4,1491.5,1492.0,31158,0
2026-01-05 15:20:00+05:30,1492.0,1492.3,1491.0,1491.5,31330,0
2026-01-05 15:25:00+05:30,1491.5,1493.7,1489.3,1491.5,27661,0
2026-01-06 09:15:00+05:30,1490.0,1493.0,1483.0,1484.2,73859,0
2026-01-06 09:20:00+05:30,1484.2,1485.6,1481.4,1482.6,32736,0
2026-01-06 09:25:00+05:30,1482.8,1485.0,1480.3,1481.7,26909,0
2026-01-06 09:30:00+05:30,1481.3,1481.5,1479.0,1479.9,24620,0
2026-01-06 09:35:00+05:30,1479.9,1481.1,1477.0,1478.3,28440,0
2026-01-06 09:40:00+05:30,1478.0,1478.9,1476.1,1477.7,20840,0
2026-01-06 09:45:00+05:30,1477.4,1479.8,1477.0,1479.3,18475,0
2026-01-06 09:50:00+05:30,1479.1,1479.8,1478.5,1478.5,13687,0
2026-01-06 09:55:00+05:30,1478.7,1479.0,1478.0,1478.7,13782,0
2026-01-06 10:00:00+05:30,1478.7,1480.2,1478.2,1478.6,23644,0
2026-01-06 10:05:00+05:30,1478.4,1478.5,1476.8,1477.6,17342,0
2026-01-06 10:10:00+05:30,1477.6,1477.7,1476.1,1477.7,15681,0
2026-01-06 10:15:00+05:30,1477.5,1481.3,1477.5,1478.6,23753,0
2026-01-06 10:20:00+05:30,1479.0,1480.7,1476.2,1479.3,36426,0
2026-01-06 10:25:00+05:30,1479.3,1480.0,1478.9,1480.0,10799,0
2026-01-06 10:30:00+05:30,1480.0,1482.1,1479.5,1481.5,18187,0
2026-01-06 10:35:00+05:30,1481.3,1481.7,1479.5,1481.5,15257,0
2026-01-06 10:40:00+05:30,1481.7,1483.6,1480.8,1483.6,20965,0
2026-01-06 10:45:00+05:30,1483.6,1483.9,1482.3,1483.2,19586,0
2026-01-06 10:50:00+05:30,1483.2,1484.2,1481.9,1482.6,17123,0
2026-01-06 10:55:00+05:30,1482.5,1482.9,1478.9,1479.4,28263,0
2026-01-06 11:00:00+05:30,1479.4,1482.0,1478.0,1482.0,56007,0
2026-01-06 11:05:00+05:30,1482.0,1483.1,1481.8,1482.5,69722,0
2026-01-06 11:10:00+05:30,1482.6,1484.0,1482.1,1483.5,18705,0
2026-01-06 11:15:00+05:30,1483.5,1485.0,1482.9,1483.5,38128,0
2026-01-06 11:20:00+05:30,1483.5,1483.5,1477.7,1478.0,35732,0
2026-01-06 11:25:00+05:30,1478.0,1480.0,1477.8,1479.6,8450,0
2026-01-06 11:30:00+05:30,1479.6,1481.1,1479.6,1480.9,14707,0
2026-01-06 11:35:00+05:30,1480.7,1481.1,1479.6,1479.6,9446,0
2026-01-06 11:40:00+05:30,1479.9,1481.8,1479.6,1481.8,18154,0
2026-01-06 11:45:00+05:30,1481.7,1482.3,1479.0,1479.4,18049,0
2026-01-06 11:50:00+05:30,1479.4,1480.5,1478.5,1479.4,8588,0
2026-01-06 11:55:00+05:30,1479.4,1479.7,1478.6,1479.2,9483,0
2026-01-06 12:00:00+05:30,1479.1,1479.3,1478.0,1478.6,15348,0
2026-01-06 12:05:00+05:30,1478.6,1478.6,1478.0,1478.3,6611,0
2026-01-06 12:10:00+05:30,1478.0,1478.2,1478.0,1478.1,6827,0
2026-01-06 12:15:00+05:30,1478.1,1478.1,1477.1,1477.7,13000,0
2026-01-06 12:20:00+05:30,1477.8,1479.4,1477.4,1478.5,17039,0
2026-01-06 12:25:00+05:30,1478.8,1479.0,1477.9,1478.4,7105,0
2026-01-06 12:30:00+05:30,1478.5,1479.5,1478.1,1478.6,11085,0
2026-01-06 12:35:00+05:30,1478.7,1481.3,1478.3,1480.7,24324,0
2026-01-06 12:40:00+05:30,1480.9,1481.3,1480.7,1480.9,4755,0
2026-01-06 12:45:00+05:30,1481.0,1481.0,1480.0,1480.0,4966,0
2026-01-06 12:50:00+05:30,1480.1,1481.0,1479.9,1480.0,5841,0
2026-01-06 12:55:00+05:30,1480.1,1480.1,1478.6,1478.8,13104,0
2026-01-06 13:00:00+05:30,1478.7,1479.5,1478.2,1478.6,9082,0
2026-01-06 13:05:00+05:30,1478.9,1480.0,1478.6,1479.3,15917,0
2026-01-06 13:10:00+05:30,1479.3,1479.6,1478.0,1478.2,5058,0
2026-01-06 13:15:00+05:30,1478.2,1479.9,1478.1,1479.9,5547,0
2026-01-06 13:20:00+05:30,1479.9,1481.1,1479.5,1481.1,42442,0
2026-01-06 13:25:00+05:30,1481.1,1482.9,1480.1,1482.6,59072,0
2026-01-06 13:30:00+05:30,1482.4,1484.0,1482.4,1483.4,14844,0
2026-01-06 13:35:00+05:30,1483.4,1483.6,1482.4,1482.9,7222,0
2026-01-06 13:40:00+05:30,1483.0,1483.5,1482.5,1483.4,6917,0
2026-01-06 13:45:00+05:30,1483.4,1483.6,1483.1,1483.3,7017,0
2026-01-06 13:50:00+05:30,1483.5,1484.1,1482.2,1482.6,11946,0
2026-01-06 13:55:00+05:30,1482.6,1483.2,1482.1,1482.5,12821,0
2026-01-06 14:00:00+05:30,1482.5,1482.5,1480.6,1480.6,20028,0
2026-01-06 14:05:00+05:30,1480.6,1480.6,1474.1,1474.7,35959,0
2026-01-06 14:10:00+05:30,1474.6,1475.9,1474.2,1475.6,18034,0
2026-01-06 14:15:00+05:30,1475.6,1475.8,1473.2,1473.7,10872,0
2026-01-06 14:20:00+05:30,1473.7,1474.0,1472.8,1473.5,9767,0
2026-01-06 14:25:00+05:30,1473.5,1473.5,1470.7,1471.8,19975,0
2026-01-06 14:30:00+05:30,1471.8,1473.4,1470.9,1472.8,28451,0
2026-01-06 14:35:00+05:30,1472.8,1472.8,1471.1,1472.5,37553,0
2026-01-06 14:40:00+05:30,1472.5,1473.4,1471.3,1472.2,19767,0
2026-01-06 14:45:00+05:30,1472.1,1472.9,1471.5,1472.5,12739,0
2026-01-06 14:50:00+05:30,1472.4,1474.5,1471.8,1472.3,38454,0
2026-01-06 14:55:00+05:30,1472.5,1474.4,1472.3,1474.4,12301,0
2026-01-06 15:00:00+05:30,1474.4,1475.1,1472.7,1473.3,27959,0
2026-01-06 15:05:00+05:30,1473.3,1473.6,1472.5,1473.0,41462,0
2026-01-06 15:10:00+05:30,1473.0,1473.0,1471.6,1472.1,35798,0
2026-01-06 15:15:00+05:30,1472.1,1472.1,1471.0,1472.1,62105,0
2026-01-06 15:20:00+05:30,1472.1,1475.4,1471.3,1475.3,70426,0
2026-01-06 15:25:00+05:30,1475.3,1476.8,1474.1,1475.0,40425,0
2026-01-07 09:15:00+05:30,1473.2,1476.6,1470.3,1474.4,30328,0
2026-01-07 09:20:00+05:30,1474.3,1478.0,1472.5,1477.2,17898,0
2026-01-07 09:25:00+05:30,1477.2,1478.1,1474.0,1476.5,21498,0
2026-01-07 09:30:00+05:30,1476.2,1479.9,1476.1,1477.4,17355,0
2026-01-07 09:35:00+05:30,1477.4,1480.0,1477.4,1478.8,9795,0
2026-01-07 09:40:00+05:30,1478.4,1479.8,1478.0,1478.7,14400,0
2026-01-07 09:45:00+05:30,1479.0,1479.0,1475.1,1475.1,12075,0
2026-01-07 09:50:00+05:30,1475.1,1475.2,1473.0,1475.0,9254,0
2026-01-07 09:55:00+05:30,1475.1,1478.0,1475.0,1477.0,10276,0
2026-01-07 10:00:00+05:30,1477.1,1480.4,1476.0,1478.6,15614,0
2026-01-07 10:05:00+05:30,1479.1,1480.4,1476.4,1476.9,15550,0
2026-01-07 10:10:00+05:30,1476.9,1479.2,1476.5,1478.0,8706,0
2026-01-07 10:15:00+05:30,1478.7,1479.5,1474.3,1474.3,10892,0
2026-01-07 10:20:00+05:30,1474.6,1476.3,1474.0,1474.6,9066,0
2026-01-07 10:25:00+05:30,1474.3,1474.3,1471.3,1472.0,11495,0
2026-01-07 10:30:00+05:30,1471.9,1472.1,1471.0,1471.7,8358,0
2026-01-07 10:35:00+05:30,1471.5,1472.0,1471.0,1471.9,5774,0
2026-01-07 10:40:00+05:30,1471.6,1473.8,1471.6,1471.8,15411,0
2026-01-07 10:45:00+05:30,1471.8,1473.7,1470.3,1472.2,25518,0
2026-01-07 10:50:00+05:30,1471.6,1474.1,1471.0,1473.2,22937,0
2026-01-07 10:55:00+05:30,1473.0,1473.2,1470.6,1471.3,16239,0
2026-01-07 11:00:00+05:30,1471.0,1472.1,1470.1,1470.2,16943,0
2026-01-07 11:05:00+05:30,1470.2,1472.1,1470.2,1471.2,13056,0
2026-01-07 11:10:00+05:30,1471.0,1471.2,1468.0,1469.5,37032,0
2026-01-07 11:15:00+05:30,1469.4,1469.5,1468.1,1468.7,9620,0
2026-01-07 11:20:00+05:30,1468.6,1469.4,1465.8,1468.6,50408,0
2026-01-07 11:25:00+05:30,1468.8,1469.8,1468.0,1469.0,62345,0
2026-01-07 11:30:00+05:30,1469.0,1469.2,1466.2,1467.3,15500,0
2026-01-07 11:35:00+05:30,1467.0,1468.0,1465.0,1466.3,34886,0
2026-01-07 11:40:00+05:30,1465.8,1467.6,1465.5,1466.2,6023,0
2026-01-07 11:45:00+05:30,1466.1,1466.6,1464.0,1466.0,11299,0
2026-01-07 11:50:00+05:30,1465.9,1465.9,1464.1,1464.2,4816,0
2026-01-07 11:55:00+05:30,1464.2,1465.0,1463.1,1464.2,9183,0
2026-01-07 12:00:00+05:30,1464.1,1464.9,1462.2,1462.3,14144,0
2026-01-07 12:05:00+05:30,1462.3,1463.4,1462.2,1463.3,25528,0
2026-01-07 12:10:00+05:30,1463.2,1464.2,1462.2,1462.2,9948,0
2026-01-07 12:15:00+05:30,1462.4,1463.0,1461.0,1461.5,10806,0
2026-01-07 12:20:00+05:30,1461.5,1462.6,1461.0,1462.2,9108,0
2026-01-07 12:25:00+05:30,1462.1,1462.8,1460.0,1460.2,15833,0
2026-01-07 12:30:00+05:30,1460.5,1461.0,1459.1,1460.1,20600,0
2026-01-07 12:35:00+05:30,1459.8,1460.8,1459.0,1460.0,9723,0
2026-01-07 12:40:00+05:30,1460.3,1460.5,1459.0,1459.9,14114,0
2026-01-07 12:45:00+05:30,1459.9,1461.0,1459.0,1460.7,8218,0
2026-01-07 12:50:00+05:30,1460.6,1462.0,1460.2,1461.6,6040,0
2026-01-07 12:55:00+05:30,1461.4,1462.5,1461.1,1462.5,4182,0
2026-01-07 13:00:00+05:30,1462.2,1463.0,1462.0,1462.9,7715,0
2026-01-07 13:05:00+05:30,1462.6,1463.0,1462.0,1462.9,7840,0
2026-01-07 13:10:00+05:30,1462.8,1462.9,1462.0,1462.9,6538,0
2026-01-07 13:15:00+05:30,1462.8,1463.0,1461.1,1461.2,11117,0
2026-01-07 13:20:00+05:30,1461.2,1462.3,1461.0,1462.0,4109,0
2026-01-07 13:25:00+05:30,1462.1,1462.9,1461.6,1462.9,3116,0
2026-01-07 13:30:00+05:30,1462.7,1463.0,1461.3,1462.0,3527,0
2026-01-07 13:35:00+05:30,1462.0,1463.0,1461.9,1462.9,4743,0
2026-01-07 13:40:00+05:30,1462.8,1465.4,1461.6,1465.0,26760,0
2026-01-07 13:45:00+05:30,1465.2,1466.1,1464.1,1465.0,698218,0
2026-01-07 13:50:00+05:30,1465.0,1467.9,1464.9,1465.9,36211,0
2026-01-07 13:55:00+05:30,1465.9,1466.0,1464.5,1465.3,32671,0
2026-01-07 14:00:00+05:30,1465.2,1465.8,1464.0,1465.5,6605,0
2026-01-07 14:05:00+05:30,1465.4,1466.0,1465.1,1465.6,35246,0
2026-01-07 14:10:00+05:30,1465.6,1465.6,1465.0,1465.1,6731,0
2026-01-07 14:15:00+05:30,1465.1,1465.2,1464.0,1464.5,6622,0
2026-01-07 14:20:00+05:30,1464.7,1464.9,1463.8,1464.0,5301,0
2026-01-07 14:25:00+05:30,1464.0,1464.1,1463.1,1464.0,5993,0
2026-01-07 14:30:00+05:30,1463.7,1464.0,1462.0,1462.6,10427,0
2026-01-07 14:35:00+05:30,1462.6,1465.5,1462.5,1465.3,62661,0
2026-01-07 14:40:00+05:30,1465.2,1466.3,1465.0,1465.4,31557,0
2026-01-07 14:45:00+05:30,1465.4,1465.6,1464.9,1465.3,11913,0
2026-01-07 14:50:00+05:30,1465.3,1466.9,1465.0,1465.6,55638,0
2026-01-07 14:55:00+05:30,1465.6,1466.9,1465.0,1466.9,34988,0
2026-01-07 15:00:00+05:30,1466.9,1467.3,1465.0,1465.2,36163,0
2026-01-07 15:05:00+05:30,1465.3,1466.1,1465.1,1465.6,25109,0
2026-01-07 15:10:00+05:30,1465.6,1466.2,1465.3,1465.6,69736,0
2026-01-07 15:15:00+05:30,1465.5,1466.4,1464.1,1465.3,43381,0
2026-01-07 15:20:00+05:30,1465.3,1465.5,1464.6,1464.9,55261,0
2026-01-07 15:25:00+05:30,1465.0,1466.0,1464.0,1464.8,49897,0
2026-01-08 09:15:00+05:30,1468.0,1473.9,1465.5,1473.8,56678,0
2026-01-08 09:20:00+05:30,1473.2,1474.0,1471.0,1472.8,27177,0
2026-01-08 09:25:00+05:30,1472.7,1475.5,1470.6,1473.6,32237,0
2026-01-08 09:30:00+05:30,1473.6,1475.0,1472.1,1474.5,33139,0
2026-01-08 09:35:00+05:30,1474.0,1479.5,1472.7,1479.5,37099,0
2026-01-08 09:40:00+05:30,1479.5,1483.0,1477.1,1482.2,45670,0
2026-01-08 09:45:00+05:30,1482.7,1486.7,1480.4,1484.3,71444,0
2026-01-08 09:50:00+05:30,1484.4,1487.7,1483.1,1487.5,50032,0
2026-01-08 09:55:00+05:30,1487.0,1488.0,1485.9,1487.8,41975,0
2026-01-08 10:00:00+05:30,1487.7,1488.0,1484.9,1487.0,48772,0
2026-01-08 10:05:00+05:30,1487.1,1489.0,1482.8,1485.0,48941,0
2026-01-08 10:10:00+05:30,1484.8,1485.1,1483.2,1484.0,15902,0
2026-01-08 10:15:00+05:30,1484.3,1484.6,1481.1,1481.4,32614,0
2026-01-08 10:20:00+05:30,1481.5,1484.0,1481.1,1483.9,38952,0
2026-01-08 10:25:00+05:30,1483.9,1485.9,1483.9,1485.7,19143,0
2026-01-08 10:30:00+05:30,1486.0,1488.8,1485.5,1487.3,33379,0
2026-01-08 10:35:00+05:30,1487.3,1487.3,1483.6,1484.4,20848,0
2026-01-08 10:40:00+05:30,1484.4,1484.7,1482.0,1484.4,20086,0
2026-01-08 10:45:00+05:30,1484.5,1484.6,1482.9,1484.2,16959,0
2026-01-08 10:50:00+05:30,1484.2,1486.6,1483.6,1484.7,18604,0
2026-01-08 10:55:00+05:30,1484.7,1488.8,1484.7,1486.3,26421,0
2026-01-08 11:00:00+05:30,1486.3,1487.0,1483.1,1484.0,31040,0
2026-01-08 11:05:00+05:30,1484.0,1485.0,1483.8,1484.8,16157,0
2026-01-08 11:10:00+05:30,1484.7,1484.8,1482.0,1483.1,21285,0
2026-01-08 11:15:00+05:30,1483.1,1484.0,1479.0,1479.8,35238,0
2026-01-08 11:20:00+05:30,1479.9,1480.3,1476.5,1476.7,35864,0
2026-01-08 11:25:00+05:30,1477.0,1477.6,1475.2,1476.7,23714,0
2026-01-08 11:30:00+05:30,1475.9,1477.5,1474.2,1477.2,30150,0
2026-01-08 11:35:00+05:30,1477.3,1481.3,1476.5,1481.0,20911,0
2026-01-08 11:40:00+05:30,1480.9,1481.8,1479.0,1479.6,17316,0
2026-01-08 11:45:00+05:30,1479.6,1480.5,1476.1,1477.1,17442,0
2026-01-08 11:50:00+05:30,1476.4,1477.2,1475.0,1477.2,20076,0
2026-01-08 11:55:00+05:30,1477.1,1477.2,1470.4,1470.6,40333,0
2026-01-08 12:00:00+05:30,1470.6,1471.7,1469.0,1470.2,49741,0
2026-01-08 12:05:00+05:30,1469.7,1472.1,1467.2,1471.0,33514,0
2026-01-08 12:10:00+05:30,1470.8,1472.3,1468.2,1471.6,21611,0
2026-01-08 12:15:00+05:30,1472.0,1475.0,1471.4,1472.6,10782,0
2026-01-08 12:20:00+05:30,1472.8,1473.4,1471.6,1472.5,8240,0
2026-01-08 12:25:00+05:30,1472.6,1475.0,1472.3,1474.2,10304,0
2026-01-08 12:30:00+05:30,1474.2,1474.4,1471.2,1471.2,10267,0
2026-01-08 12:35:00+05:30,1471.5,1472.4,1470.4,1471.1,7365,0
2026-01-08 12:40:00+05:30,1471.2,1472.0,1469.6,1471.9,9874,0
2026-01-08 12:45:00+05:30,1471.9,1472.0,1469.4,1470.4,13042,0
2026-01-08 12:50:00+05:30,1470.4,1470.8,1468.5,1470.1,12158,0
2026-01-08 12:55:00+05:30,1470.1,1471.4,1470.0,1470.2,8499,0
2026-01-08 13:00:00+05:30,1470.2,1471.9,1468.1,1471.9,10890,0
2026-01-08 13:05:00+05:30,1471.8,1472.4,1470.0,1471.0,11935,0
2026-01-08 13:10:00+05:30,1471.0,1471.8,1469.3,1469.5,12054,0
2026-01-08 13:15:00+05:30,1469.8,1470.3,1468.9,1469.9,8925,0
2026-01-08 13:20:00+05:30,1469.9,1471.9,1469.1,1470.2,15938,0
2026-01-08 13:25:00+05:30,1470.6,1470.8,1469.0,1469.3,12454,0
2026-01-08 13:30:00+05:30,1469.3,1471.4,1468.3,1471.0,17792,0
2026-01-08 13:35:00+05:30,1470.8,1471.0,1467.2,1468.0,14016,0
2026-01-08 13:40:00+05:30,1468.5,1469.6,1467.5,1469.1,7381,0
2026-01-08 13:45:00+05:30,1469.4,1473.8,1469.4,1472.1,23666,0
2026-01-08 13:50:00+05:30,1472.1,1472.9,1470.6,1472.2,11154,0
2026-01-08 13:55:00+05:30,1472.2,1473.3,1471.6,1472.0,4640,0
2026-01-08 14:00:00+05:30,1472.0,1473.4,1470.6,1471.7,7069,0
2026-01-08 14:05:00+05:30,1471.9,1472.8,1470.5,1471.1,20394,0
2026-01-08 14:10:00+05:30,1471.3,1471.5,1469.8,1470.8,11373,0
2026-01-08 14:15:00+05:30,1470.6,1472.0,1469.9,1470.9,10787,0
2026-01-08 14:20:00+05:30,1470.8,1472.4,1469.5,1469.6,9701,0
2026-01-08 14:25:00+05:30,1469.8,1470.7,1466.9,1467.3,31423,0
2026-01-08 14:30:00+05:30,1467.4,1471.4,1467.4,1470.0,22592,0
2026-01-08 14:35:00+05:30,1469.9,1471.4,1469.5,1470.1,10589,0
2026-01-08 14:40:00+05:30,1470.1,1473.0,1468.9,1473.0,16449,0
2026-01-08 14:45:00+05:30,1473.0,1474.8,1471.3,1473.9,42825,0
2026-01-08 14:50:00+05:30,1473.7,1474.4,1471.4,1473.1,31826,0
2026-01-08 14:55:00+05:30,1473.5,1474.5,1473.1,1473.9,31266,0
2026-01-08 15:00:00+05:30,1473.9,1474.4,1466.4,1466.6,53513,0
2026-01-08 15:05:00+05:30,1466.5,1466.5,1460.3,1463.0,104150,0
2026-01-08 15:10:00+05:30,1463.4,1466.8,1462.6,1466.7,35177,0
2026-01-08 15:15:00+05:30,1466.0,1466.7,1463.8,1464.9,44012,0
2026-01-08 15:20:00+05:30,1464.9,1465.4,1464.0,1464.9,37525,0
2026-01-08 15:25:00+05:30,1464.8,1465.4,1460.5,1464.0,61695,0
2026-01-09 09:15:00+05:30,1463.0,1463.0,1451.4,1459.3,59112,0
2026-01-09 09:20:00+05:30,1459.3,1459.7,1452.5,1452.5,30479,0
2026-01-09 09:25:00+05:30,1452.5,1452.5,1445.5,1447.6,36729,0
2026-01-09 09:30:00+05:30,1447.1,1451.4,1444.1,1445.7,83053,0
2026-01-09 09:35:00+05:30,1445.6,1447.7,1444.1,1445.3,61719,0
2026-01-09 09:40:00+05:30,1445.0,1445.7,1440.4,1445.4,47491,0
2026-01-09 09:45:00+05:30,1445.4,1451.1,1444.2,1450.9,43780,0
2026-01-09 09:50:00+05:30,1450.2,1451.9,1447.2,1449.6,107339,0
2026-01-09 09:55:00+05:30,1449.9,1453.3,1449.7,1452.2,27422,0
2026-01-09 10:00:00+05:30,1452.2,1454.5,1448.5,1449.8,28901,0
2026-01-09 10:05:00+05:30,1449.8,1452.0,1448.6,1449.7,16008,0
2026-01-09 10:10:00+05:30,1450.2,1451.4,1444.0,1445.9,24489,0
2026-01-09 10:15:00+05:30,1446.0,1447.3,1444.2,1445.5,20376,0
2026-01-09 10:20:00+05:30,1445.9,1452.5,1444.5,1449.8,64220,0
2026-01-09 10:25:00+05:30,1449.7,1452.4,1448.4,1451.2,13116,0
2026-01-09 10:30:00+05:30,1451.2,1452.0,1448.0,1448.3,11238,0
2026-01-09 10:35:00+05:30,1448.3,1449.7,1445.7,1447.7,25771,0
2026-01-09 10:40:00+05:30,1447.8,1451.9,1447.8,1451.2,11940,0
2026-01-09 10:45:00+05:30,1451.2,1455.0,1451.2,1454.2,23750,0
2026-01-09 10:50:00+05:30,1454.2,1455.0,1449.0,1449.5,12262,0
2026-01-09 10:55:00+05:30,1449.5,1451.3,1447.6,1451.1,16478,0
2026-01-09 11:00:00+05:30,1451.1,1451.8,1447.2,1448.3,22564,0
2026-01-09 11:05:00+05:30,1448.3,1452.8,1448.2,1452.8,13503,0
2026-01-09 11:10:00+05:30,1452.6,1454.0,1450.5,1450.9,9514,0
2026-01-09 11:15:00+05:30,1450.9,1451.7,1445.1,1446.0,33146,0
2026-01-09 11:20:00+05:30,1445.9,1446.6,1443.0,1443.6,79266,0
2026-01-09 11:25:00+05:30,1443.5,1446.1,1443.3,1443.9,25556,0
2026-01-09 11:30:00+05:30,1443.6,1446.5,1443.5,1443.7,22373,0
2026-01-09 11:35:00+05:30,1443.7,1444.3,1441.1,1442.2,55077,0
2026-01-09 11:40:00+05:30,1442.0,1442.8,1441.0,1441.6,21552,0
2026-01-09 11:45:00+05:30,1441.5,1441.7,1438.5,1439.3,44965,0
2026-01-09 11:50:00+05:30,1439.1,1440.3,1437.5,1439.4,38296,0
2026-01-09 11:55:00+05:30,1439.4,1439.5,1437.3,1438.4,31853,0
2026-01-09 12:00:00+05:30,1438.4,1441.4,1436.0,1440.6,54101,0
2026-01-09 12:05:00+05:30,1440.5,1440.5,1438.5,1438.8,16160,0
2026-01-09 12:10:00+05:30,1438.5,1439.4,1437.5,1437.8,20461,0
2026-01-09 12:15:00+05:30,1437.8,1442.1,1437.8,1441.1,33552,0
2026-01-09 12:20:00+05:30,1441.1,1442.5,1440.3,1440.9,25164,0
2026-01-09 12:25:00+05:30,1440.9,1441.2,1439.0,1439.3,29861,0
2026-01-09 12:30:00+05:30,1439.4,1444.9,1439.4,1443.7,22370,0
2026-01-09 12:35:00+05:30,1443.7,1443.8,1440.0,1442.9,8552,0
2026-01-09 12:40:00+05:30,1442.9,1442.9,1439.0,1441.0,14913,0
2026-01-09 12:45:00+05:30,1441.1,1442.4,1439.7,1440.7,7121,0
2026-01-09 12:50:00+05:30,1440.7,1443.8,1440.2,1443.1,6450,0
2026-01-09 12:55:00+05:30,1443.1,1444.0,1442.2,1442.8,13292,0
2026-01-09 13:00:00+05:30,1442.8,1443.1,1441.0,1441.8,5996,0
2026-01-09 13:05:00+05:30,1441.8,1441.9,1440.1,1440.2,7388,0
2026-01-09 13:10:00+05:30,1440.2,1441.4,1439.9,1440.0,10121,0
2026-01-09 13:15:00+05:30,1439.9,1441.1,1439.0,1441.1,12397,0
2026-01-09 13:20:00+05:30,1441.1,1443.2,1440.6,1442.1,9974,0
2026-01-09 13:25:00+05:30,1442.1,1446.7,1441.9,1446.2,25072,0
2026-01-09 13:30:00+05:30,1446.2,1446.6,1443.9,1445.1,22100,0
2026-01-09 13:35:00+05:30,1445.1,1449.0,1445.0,1447.4,20093,0
2026-01-09 13:40:00+05:30,1447.4,1447.4,1444.1,1445.1,32588,0
2026-01-09 13:45:00+05:30,1445.1,1446.0,1442.9,1444.3,33466,0
2026-01-09 13:50:00+05:30,1444.3,1445.3,1442.0,1443.1,31895,0
2026-01-09 13:55:00+05:30,1443.1,1445.3,1442.4,1445.2,8397,0
2026-01-09 14:00:00+05:30,1445.2,1445.4,1443.2,1444.5,11563,0
2026-01-09 14:05:00+05:30,1444.5,1444.5,1443.2,1444.1,18882,0
2026-01-09 14:10:00+05:30,1444.1,1444.1,1440.6,1441.1,19909,0
2026-01-09 14:15:00+05:30,1441.1,1442.0,1439.0,1440.8,26494,0
2026-01-09 14:20:00+05:30,1440.8,1441.0,1435.0,1436.1,34203,0
2026-01-09 14:25:00+05:30,1436.1,1438.3,1435.0,1435.5,24868,0
2026-01-09 14:30:00+05:30,1435.4,1436.6,1435.0,1436.3,22228,0
2026-01-09 14:35:00+05:30,1436.3,1437.8,1434.2,1434.8,25732,0
2026-01-09 14:40:00+05:30,1434.8,1440.3,1434.1,1440.1,26332,0
2026-01-09 14:45:00+05:30,1439.9,1441.9,1438.5,1441.7,23465,0
2026-01-09 14:50:00+05:30,1441.7,1442.4,1439.2,1441.1,28267,0
2026-01-09 14:55:00+05:30,1441.6,1442.8,1440.0,1440.9,27704,0
2026-01-09 15:00:00+05:30,1441.6,1442.2,1435.8,1436.6,50575,0
2026-01-09 15:05:00+05:30,1437.0,1438.8,1436.4,1437.2,37792,0
2026-01-09 15:10:00+05:30,1437.3,1438.8,1435.0,1436.0,96014,0
2026-01-09 15:15:00+05:30,1436.0,1436.8,1431.5,1432.7,84438,0
2026-01-09 15:20:00+05:30,1432.7,1435.2,1432.6,1435.1,46293,0
2026-01-09 15:25:00+05:30,1435.1,1435.7,1431.0,1434.4,40595,0
2026-01-12 09:15:00+05:30,1435.9,1435.9,1422.8,1427.6,46401,0
2026-01-12 09:20:00+05:30,1427.4,1428.3,1416.6,1419.0,43804,0
2026-01-12 09:25:00+05:30,1419.0,1420.0,1413.9,1414.4,36519,0
2026-01-12 09:30:00+05:30,1414.5,1418.3,1413.1,1417.1,52480,0
2026-01-12 09:35:00+05:30,1417.1,1422.6,1415.3,1419.7,27141,0
2026-01-12 09:40:00+05:30,1419.0,1419.3,1414.8,1415.4,27262,0
2026-01-12 09:45:00+05:30,1414.8,1418.9,1413.0,1418.7,37323,0
2026-01-12 09:50:00+05:30,1418.8,1427.2,1418.8,1425.4,39423,0
2026-01-12 09:55:00+05:30,1425.0,1426.1,1418.7,1419.1,13818,0
2026-01-12 10:00:00+05:30,1419.0,1422.0,1417.0,1421.8,14183,0
2026-01-12 10:05:00+05:30,1421.9,1424.8,1421.4,1423.6,11900,0
2026-01-12 10:10:00+05:30,1423.0,1423.4,1418.7,1418.7,9507,0
2026-01-12 10:15:00+05:30,1419.0,1422.0,1417.2,1421.3,8648,0
2026-01-12 10:20:00+05:30,1421.4,1425.9,1420.3,1425.8,13646,0
2026-01-12 10:25:00+05:30,1425.8,1426.5,1423.1,1425.4,7423,0
2026-01-12 10:30:00+05:30,1425.2,1425.6,1421.6,1422.4,8474,0
2026-01-12 10:35:00+05:30,1422.4,1423.1,1419.2,1419.6,8576,0
2026-01-12 10:40:00+05:30,1419.5,1421.0,1416.6,1417.4,10825,0
2026-01-12 10:45:00+05:30,1417.2,1421.5,1415.5,1421.5,14164,0
2026-01-12 10:50:00+05:30,1421.2,1422.4,1418.1,1418.9,13381,0
2026-01-12 10:55:00+05:30,1418.9,1420.2,1416.1,1416.5,6408,0
2026-01-12 11:00:00+05:30,1416.4,1417.0,1415.0,1416.6,27926,0
2026-01-12 11:05:00+05:30,1416.5,1419.7,1415.7,1416.2,28438,0
2026-01-12 11:10:00+05:30,1416.3,1418.0,1414.5,1414.6,54799,0
2026-01-12 11:15:00+05:30,1414.6,1415.8,1413.0,1414.0,49907,0
2026-01-12 11:20:00+05:30,1414.0,1414.0,1409.0,1409.4,31069,0
2026-01-12 11:25:00+05:30,1409.5,1409.7,1407.6,1407.9,10823,0
2026-01-12 11:30:00+05:30,1407.9,1408.3,1405.5,1405.8,16222,0
2026-01-12 11:35:00+05:30,1405.8,1407.0,1405.0,1405.1,10975,0
2026-01-12 11:40:00+05:30,1405.7,1406.8,1403.9,1406.2,18702,0
2026-01-12 11:45:00+05:30,1406.2,1409.3,1405.1,1407.6,12205,0
2026-01-12 11:50:00+05:30,1407.8,1409.4,1406.5,1406.6,10799,0
2026-01-12 11:55:00+05:30,1407.0,1408.9,1406.0,1408.5,18744,0
2026-01-12 12:00:00+05:30,1408.0,1408.9,1405.3,1405.3,30355,0
2026-01-12 12:05:00+05:30,1405.9,1409.7,1405.5,1408.5,8484,0
2026-01-12 12:10:00+05:30,1408.2,1414.5,1408.0,1414.4,11977,0
2026-01-12 12:15:00+05:30,1414.8,1419.4,1412.3,1417.0,42937,0
2026-01-12 12:20:00+05:30,1417.0,1422.0,1416.6,1421.6,22537,0
2026-01-12 12:25:00+05:30,1421.7,1425.3,1420.5,1423.0,38701,0
2026-01-12 12:30:00+05:30,1422.7,1427.4,1422.7,1426.6,27493,0
2026-01-12 12:35:00+05:30,1426.5,1427.9,1425.4,1427.1,20886,0
2026-01-12 12:40:00+05:30,1427.0,1429.6,1424.0,1427.7,24263,0
2026-01-12 12:45:00+05:30,1427.7,1429.9,1427.2,1428.7,18646,0
2026-01-12 12:50:00+05:30,1429.2,1433.0,1428.9,1433.0,20809,0
2026-01-12 12:55:00+05:30,1433.3,1435.0,1431.8,1433.1,14541,0
2026-01-12 13:00:00+05:30,1433.1,1433.1,1428.0,1432.0,15608,0
2026-01-12 13:05:00+05:30,1431.9,1434.0,1431.0,1433.6,12821,0
2026-01-12 13:10:00+05:30,1434.0,1436.0,1432.3,1435.6,21794,0
2026-01-12 13:15:00+05:30,1435.5,1436.2,1433.7,1434.1,13950,0
2026-01-12 13:20:00+05:30,1434.3,1435.8,1434.1,1435.2,10172,0
2026-01-12 13:25:00+05:30,1434.4,1435.6,1433.2,1433.3,9888,0
2026-01-12 13:30:00+05:30,1433.4,1438.7,1433.3,1438.5,24859,0
2026-01-12 13:35:00+05:30,1438.3,1439.2,1437.1,1437.8,9927,0
2026-01-12 13:40:00+05:30,1438.1,1439.5,1435.3,1435.4,14548,0
2026-01-12 13:45:00+05:30,1435.6,1438.2,1435.6,1436.3,10975,0
2026-01-12 13:50:00+05:30,1436.3,1437.6,1435.0,1436.6,8106,0
2026-01-12 13:55:00+05:30,1436.9,1437.9,1434.5,1435.8,7547,0
2026-01-12 14:00:00+05:30,1436.6,1436.9,1434.4,1436.0,5853,0
2026-01-12 14:05:00+05:30,1436.0,1436.5,1434.1,1436.1,8953,0
2026-01-12 14:10:00+05:30,1436.0,1436.5,1434.5,1435.0,9444,0
2026-01-12 14:15:00+05:30,1435.0,1436.4,1433.3,1433.3,15625,0
2026-01-12 14:20:00+05:30,1433.3,1436.9,1433.2,1435.9,7846,0
2026-01-12 14:25:00+05:30,1435.9,1436.8,1434.0,1434.9,9161,0
2026-01-12 14:30:00+05:30,1434.9,1436.2,1432.5,1433.5,12473,0
2026-01-12 14:35:00+05:30,1434.1,1437.5,1429.9,1436.3,38688,0
2026-01-12 14:40:00+05:30,1436.3,1441.0,1435.6,1439.9,26173,0
2026-01-12 14:45:00+05:30,1439.9,1441.3,1438.5,1440.6,11707,0
2026-01-12 14:50:00+05:30,1440.9,1442.8,1440.5,1442.2,9884,0
2026-01-12 14:55:00+05:30,1442.1,1445.3,1441.3,1444.1,35006,0
2026-01-12 15:00:00+05:30,1444.1,1444.1,1441.0,1441.3,42988,0
2026-01-12 15:05:00+05:30,1441.9,1443.8,1441.7,1443.6,16727,0
2026-01-12 15:10:00+05:30,1443.4,1443.9,1442.3,1443.6,27254,0
2026-01-12 15:15:00+05:30,1443.5,1445.1,1442.4,1443.7,25554,0
2026-01-12 15:20:00+05:30,1443.7,1446.3,1442.0,1446.3,30341,0
2026-01-12 15:25:00+05:30,1446.3,1447.1,1441.7,1445.6,21480,0
2026-01-13 09:15:00+05:30,1443.5,1446.8,1441.7,1445.7,44838,0
2026-01-13 09:20:00+05:30,1445.8,1449.0,1442.0,1447.5,48572,0
2026-01-13 09:25:00+05:30,1447.7,1447.7,1440.2,1440.8,30075,0
2026-01-13 09:30:00+05:30,1440.6,1441.2,1435.6,1437.0,30053,0
2026-01-13 09:35:00+05:30,1437.2,1438.7,1434.0,1434.5,10557,0
2026-01-13 09:40:00+05:30,1434.6,1436.2,1433.1,1434.9,15851,0
2026-01-13 09:45:00+05:30,1435.2,1441.4,1435.2,1437.1,29799,0
2026-01-13 09:50:00+05:30,1437.6,1440.3,1436.9,1437.7,9312,0
2026-01-13 09:55:00+05:30,1437.6,1438.2,1434.1,1434.2,5553,0
2026-01-13 10:00:00+05:30,1434.4,1439.9,1432.3,1439.9,12829,0
2026-01-13 10:05:00+05:30,1439.5,1443.6,1438.6,1443.0,24427,0
2026-01-13 10:10:00+05:30,1442.5,1442.5,1436.2,1436.9,8890,0
2026-01-13 10:15:00+05:30,1436.5,1437.9,1434.0,1435.2,10397,0
2026-01-13 10:20:00+05:30,1435.6,1440.5,1435.6,1437.5,5768,0
2026-01-13 10:25:00+05:30,1437.4,1440.5,1437.3,1440.4,5579,0
2026-01-13 10:30:00+05:30,1440.4,1442.9,1439.6,1440.6,10914,0
2026-01-13 10:35:00+05:30,1440.3,1440.7,1435.5,1436.1,7372,0
2026-01-13 10:40:00+05:30,1435.8,1435.9,1434.0,1435.2,8244,0
2026-01-13 10:45:00+05:30,1435.3,1436.0,1434.0,1435.9,7661,0
2026-01-13 10:50:00+05:30,1435.6,1438.6,1435.5,1435.7,8431,0
2026-01-13 10:55:00+05:30,1435.6,1437.4,1434.0,1436.6,5057,0
2026-01-13 11:00:00+05:30,1436.7,1437.1,1434.6,1436.3,3812,0
2026-01-13 11:05:00+05:30,1436.4,1437.3,1434.6,1436.8,7986,0
2026-01-13 11:10:00+05:30,1437.1,1437.8,1435.9,1437.6,4714,0
2026-01-13 11:15:00+05:30,1437.5,1438.3,1436.2,1437.8,5593,0
2026-01-13 11:20:00+05:30,1437.8,1438.9,1437.2,1437.5,3467,0
2026-01-13 11:25:00+05:30,1437.0,1439.4,1437.0,1438.8,4648,0
2026-01-13 11:30:00+05:30,1438.6,1439.5,1438.0,1438.9,3248,0
2026-01-13 11:35:00+05:30,1439.0,1439.4,1438.0,1438.0,1775,0
2026-01-13 11:40:00+05:30,1438.0,1438.2,1434.5,1434.5,7419,0
2026-01-13 11:45:00+05:30,1434.5,1435.0,1434.0,1434.8,5035,0
2026-01-13 11:50:00+05:30,1434.7,1436.1,1433.5,1434.2,4875,0
2026-01-13 11:55:00+05:30,1434.0,1436.4,1433.8,1434.2,4039,0
2026-01-13 12:00:00+05:30,1434.2,1434.3,1431.3,1431.6,7654,0
2026-01-13 12:05:00+05:30,1431.6,1431.6,1431.0,1431.3,6008,0
2026-01-13 12:10:00+05:30,1431.3,1431.7,1428.6,1428.8,9241,0
2026-01-13 12:15:00+05:30,1428.6,1430.4,1428.2,1430.4,3083,0
2026-01-13 12:20:00+05:30,1430.4,1430.5,1428.0,1428.0,5533,0
2026-01-13 12:25:00+05:30,1428.0,1431.0,1427.4,1431.0,4900,0
2026-01-13 12:30:00+05:30,1430.5,1431.4,1429.8,1430.0,3883,0
2026-01-13 12:35:00+05:30,1430.1,1431.4,1430.0,1430.3,4556,0
2026-01-13 12:40:00+05:30,1430.1,1430.3,1428.0,1429.9,4324,0
2026-01-13 12:45:00+05:30,1429.9,1429.9,1427.4,1428.0,6444,0
2026-01-13 12:50:00+05:30,1428.0,1428.7,1426.9,1427.2,5324,0
2026-01-13 12:55:00+05:30,1427.2,1427.7,1426.0,1426.7,5943,0
2026-01-13 13:00:00+05:30,1426.6,1427.5,1425.0,1427.2,10854,0
2026-01-13 13:05:00+05:30,1427.2,1427.2,1425.8,1426.8,3206,0
2026-01-13 13:10:00+05:30,1426.5,1429.5,1426.3,1428.9,9634,0
2026-01-13 13:15:00+05:30,1428.9,1428.9,1427.0,1428.1,2596,0
2026-01-13 13:20:00+05:30,1428.0,1430.2,1427.4,1429.5,4892,0
2026-01-13 13:25:00+05:30,1429.4,1430.4,1427.9,1428.0,4532,0
2026-01-13 13:30:00+05:30,1428.3,1429.8,1427.6,1429.2,6668,0
2026-01-13 13:35:00+05:30,1429.5,1430.8,1428.6,1429.7,7729,0
2026-01-13 13:40:00+05:30,1429.6,1429.9,1427.1,1429.9,4396,0
2026-01-13 13:45:00+05:30,1429.6,1429.9,1428.0,1428.0,3101,0
2026-01-13 13:50:00+05:30,1428.2,1430.4,1428.0,1429.2,4759,0
2026-01-13 13:55:00+05:30,1429.1,1429.1,1426.2,1426.8,4186,0
2026-01-13 14:00:00+05:30,1427.0,1427.2,1424.4,1424.6,10051,0
2026-01-13 14:05:00+05:30,1425.1,1425.3,1423.5,1424.2,5414,0
2026-01-13 14:10:00+05:30,1424.4,1424.5,1421.6,1422.8,9405,0
2026-01-13 14:15:00+05:30,1422.8,1424.1,1422.1,1423.6,9605,0
2026-01-13 14:20:00+05:30,1423.6,1423.6,1421.3,1421.3,23825,0
2026-01-13 14:25:00+05:30,1421.3,1422.1,1420.0,1420.0,17586,0
2026-01-13 14:30:00+05:30,1420.1,1426.4,1420.0,1424.8,17871,0
2026-01-13 14:35:00+05:30,1424.8,1426.5,1423.6,1424.6,8337,0
2026-01-13 14:40:00+05:30,1424.8,1428.2,1424.6,1427.9,19365,0
2026-01-13 14:45:00+05:30,1427.8,1431.0,1427.0,1427.7,26232,0
2026-01-13 14:50:00+05:30,1427.9,1431.0,1427.7,1430.7,34869,0
2026-01-13 14:55:00+05:30,1430.9,1431.0,1427.0,1429.3,25221,0
2026-01-13 15:00:00+05:30,1429.3,1431.5,1428.1,1428.7,32811,0
2026-01-13 15:05:00+05:30,1428.8,1429.7,1428.4,1429.5,16304,0
2026-01-13 15:10:00+05:30,1429.5,1429.9,1427.5,1428.1,24242,0
2026-01-13 15:15:00+05:30,1428.4,1428.4,1426.4,1427.0,37332,0
2026-01-13 15:20:00+05:30,1427.1,1429.9,1426.0,1429.9,45476,0
2026-01-13 15:25:00+05:30,1429.5,1430.6,1428.0,1429.9,25585,0
2026-01-14 09:15:00+05:30,1429.0,1429.8,1423.0,1425.0,35003,0
2026-01-14 09:20:00+05:30,1424.8,1426.6,1424.5,1425.7,15994,0
2026-01-14 09:25:00+05:30,1425.7,1427.3,1425.0,1426.8,38208,0
2026-01-14 09:30:00+05:30,1426.3,1427.4,1423.5,1424.4,21362,0
2026-01-14 09:35:00+05:30,1424.7,1427.4,1424.2,1426.0,32565,0
2026-01-14 09:40:00+05:30,1425.8,1426.0,1424.2,1425.1,9628,0
2026-01-14 09:45:00+05:30,1425.1,1425.4,1423.2,1423.9,13336,0
2026-01-14 09:50:00+05:30,1424.0,1429.6,1423.9,1429.5,40350,0
2026-01-14 09:55:00+05:30,1429.5,1432.1,1429.3,1429.7,24706,0
2026-01-14 10:00:00+05:30,1429.9,1430.2,1428.1,1428.7,9464,0
2026-01-14 10:05:00+05:30,1428.7,1429.2,1426.5,1427.6,13690,0
2026-01-14 10:10:00+05:30,1427.6,1428.2,1427.0,1427.8,6192,0
2026-01-14 10:15:00+05:30,1427.3,1427.7,1423.5,1424.2,15785,0
2026-01-14 10:20:00+05:30,1424.2,1427.0,1423.7,1427.0,28642,0
2026-01-14 10:25:00+05:30,1426.6,1429.8,1426.6,1429.8,18076,0
2026-01-14 10:30:00+05:30,1429.8,1434.8,1429.7,1433.5,23329,0
2026-01-14 10:35:00+05:30,1433.5,1434.0,1432.5,1433.5,21763,0
2026-01-14 10:40:00+05:30,1433.8,1435.6,1431.9,1432.6,16153,0
2026-01-14 10:45:00+05:30,1432.7,1434.7,1431.6,1434.5,22422,0
2026-01-14 10:50:00+05:30,1434.4,1436.9,1433.9,1434.8,20143,0
2026-01-14 10:55:00+05:30,1435.0,1436.8,1434.6,1436.6,9996,0
2026-01-14 11:00:00+05:30,1436.7,1437.7,1436.1,1437.7,22277,0
2026-01-14 11:05:00+05:30,1437.4,1437.5,1435.3,1436.6,11921,0
2026-01-14 11:10:00+05:30,1436.3,1436.6,1435.4,1435.7,6886,0
2026-01-14 11:15:00+05:30,1435.6,1438.9,1435.4,1437.2,17291,0
2026-01-14 11:20:00+05:30,1437.2,1438.3,1436.6,1437.2,11233,0
2026-01-14 11:25:00+05:30,1437.0,1438.8,1436.1,1438.3,14992,0
2026-01-14 11:30:00+05:30,1438.3,1438.4,1436.2,1438.2,9064,0
2026-01-14 11:35:00+05:30,1438.2,1438.5,1437.3,1438.1,7987,0
2026-01-14 11:40:00+05:30,1438.1,1438.5,1437.1,1437.1,11703,0
2026-01-14 11:45:00+05:30,1437.4,1438.2,1436.7,1437.8,13495,0
2026-01-14 11:50:00+05:30,1437.8,1438.4,1437.5,1437.7,5955,0
2026-01-14 11:55:00+05:30,1437.7,1437.7,1437.0,1437.1,8004,0
2026-01-14 12:00:00+05:30,1437.1,1438.4,1437.0,1438.1,9956,0
2026-01-14 12:05:00+05:30,1438.1,1438.3,1436.9,1437.1,8404,0
2026-01-14 12:10:00+05:30,1437.1,1437.6,1435.0,1435.4,12478,0
2026-01-14 12:15:00+05:30,1435.2,1436.9,1434.2,1436.9,12414,0
2026-01-14 12:20:00+05:30,1436.5,1437.6,1436.0,1436.1,8718,0
2026-01-14 12:25:00+05:30,1436.1,1436.5,1435.0,1435.8,9879,0
2026-01-14 12:30:00+05:30,1435.8,1436.0,1435.1,1435.7,9851,0
2026-01-14 12:35:00+05:30,1435.3,1437.0,1435.2,1436.5,15109,0
2026-01-14 12:40:00+05:30,1436.5,1436.8,1435.4,1435.8,7725,0
2026-01-14 12:45:00+05:30,1435.8,1437.3,1435.2,1436.2,10438,0
2026-01-14 12:50:00+05:30,1436.2,1437.0,1435.4,1436.0,9777,0
2026-01-14 12:55:00+05:30,1436.0,1436.8,1434.7,1435.4,9146,0
2026-01-14 13:00:00+05:30,1435.4,1435.9,1434.5,1434.9,8966,0
2026-01-14 13:05:00+05:30,1435.2,1436.1,1434.4,1435.3,7313,0
2026-01-14 13:10:00+05:30,1435.3,1437.3,1434.8,1436.3,8323,0
2026-01-14 13:15:00+05:30,1436.3,1436.7,1434.6,1435.0,9538,0
2026-01-14 13:20:00+05:30,1435.0,1435.0,1432.0,1432.3,8725,0
2026-01-14 13:25:00+05:30,1432.3,1433.2,1431.0,1432.3,20450,0
2026-01-14 13:30:00+05:30,1432.3,1433.1,1431.5,1432.1,11775,0
2026-01-14 13:35:00+05:30,1432.1,1432.7,1431.0,1431.6,11400,0
2026-01-14 13:40:00+05:30,1431.6,1432.2,1430.3,1430.9,9458,0
2026-01-14 13:45:00+05:30,1430.9,1431.4,1430.3,1430.6,9644,0
2026-01-14 13:50:00+05:30,1430.6,1431.9,1430.0,1430.5,11636,0
2026-01-14 13:55:00+05:30,1430.6,1430.6,1429.2,1429.7,8662,0
2026-01-14 14:00:00+05:30,1429.8,1431.6,1429.4,1429.9,13741,0
2026-01-14 14:05:00+05:30,1429.7,1430.2,1428.4,1429.0,21871,0
2026-01-14 14:10:00+05:30,1429.2,1429.9,1428.1,1429.1,17994,0
2026-01-14 14:15:00+05:30,1429.2,1430.2,1428.2,1428.5,14945,0
2026-01-14 14:20:00+05:30,1428.7,1429.0,1426.5,1426.7,27586,0
2026-01-14 14:25:00+05:30,1426.7,1428.3,1426.7,1427.7,13120,0
2026-01-14 14:30:00+05:30,1427.7,1429.1,1427.7,1428.6,14914,0
2026-01-14 14:35:00+05:30,1428.8,1431.9,1428.6,1431.3,21096,0
2026-01-14 14:40:00+05:30,1431.0,1432.7,1430.7,1432.2,19386,0
2026-01-14 14:45:00+05:30,1432.2,1434.0,1431.9,1432.8,19415,0
2026-01-14 14:50:00+05:30,1433.0,1434.5,1432.5,1433.7,15034,0
2026-01-14 14:55:00+05:30,1433.7,1434.3,1431.1,1431.9,10968,0
2026-01-14 15:00:00+05:30,1431.9,1432.2,1430.2,1431.3,35898,0
2026-01-14 15:05:00+05:30,1431.3,1431.4,1429.2,1431.1,45079,0
2026-01-14 15:10:00+05:30,1431.1,1431.4,1430.0,1430.7,33098,0
2026-01-14 15:15:00+05:30,1430.7,1430.8,1429.8,1430.0,34100,0
2026-01-14 15:20:00+05:30,1430.3,1430.3,1428.6,1430.2,57996,0
2026-01-14 15:25:00+05:30,1430.2,1430.5,1427.0,1429.0,35084,0
2026-01-16 09:15:00+05:30,1430.0,1448.0,1430.0,1440.7,67646,0
2026-01-16 09:20:00+05:30,1440.6,1443.9,1437.4,1437.4,26610,0
2026-01-16 09:25:00+05:30,1437.3,1437.9,1431.4,1432.0,42110,0
2026-01-16 09:30:00+05:30,1431.9,1434.1,1430.6,1431.4,30630,0
2026-01-16 09:35:00+05:30,1431.8,1435.9,1431.1,1433.9,22449,0
2026-01-16 09:40:00+05:30,1433.9,1437.4,1433.3,1436.8,24047,0
2026-01-16 09:45:00+05:30,1436.8,1437.1,1435.9,1436.6,15135,0
2026-01-16 09:50:00+05:30,1436.4,1439.2,1436.0,1439.1,15042,0
2026-01-16 09:55:00+05:30,1439.1,1440.6,1436.9,1437.3,22083,0
2026-01-16 10:00:00+05:30,1437.3,1441.5,1436.8,1440.9,19715,0
2026-01-16 10:05:00+05:30,1440.9,1441.1,1438.8,1439.7,15364,0
2026-01-16 10:10:00+05:30,1440.0,1443.1,1440.0,1441.9,15935,0
2026-01-16 10:15:00+05:30,1442.6,1445.5,1442.0,1445.2,24671,0
2026-01-16 10:20:00+05:30,1445.1,1446.0,1443.7,1445.1,26834,0
2026-01-16 10:25:00+05:30,1445.5,1446.0,1444.1,1444.8,14966,0
2026-01-16 10:30:00+05:30,1444.8,1445.2,1443.7,1444.7,11604,0
2026-01-16 10:35:00+05:30,1444.7,1446.0,1441.9,1442.3,74948,0
2026-01-16 10:40:00+05:30,1442.6,1443.0,1438.7,1439.8,21680,0
2026-01-16 10:45:00+05:30,1439.3,1440.7,1439.1,1439.9,35555,0
2026-01-16 10:50:00+05:30,1439.9,1440.0,1437.5,1438.7,18792,0
2026-01-16 10:55:00+05:30,1438.6,1440.7,1438.3,1438.8,32875,0
2026-01-16 11:00:00+05:30,1438.3,1440.0,1437.6,1438.2,22325,0
2026-01-16 11:05:00+05:30,1438.4,1439.2,1437.9,1438.5,14158,0
2026-01-16 11:10:00+05:30,1438.5,1438.7,1436.0,1436.0,20816,0
2026-01-16 11:15:00+05:30,1436.0,1436.5,1434.7,1435.8,26737,0
2026-01-16 11:20:00+05:30,1435.8,1437.5,1435.1,1435.9,13034,0
2026-01-16 11:25:00+05:30,1435.9,1437.9,1435.9,1437.6,11995,0
2026-01-16 11:30:00+05:30,1437.6,1439.6,1436.1,1437.6,73170,0
2026-01-16 11:35:00+05:30,1437.5,1439.8,1437.5,1439.8,10527,0
2026-01-16 11:40:00+05:30,1439.4,1440.0,1437.9,1438.9,61256,0
2026-01-16 11:45:00+05:30,1438.6,1439.6,1436.2,1436.9,12781,0
2026-01-16 11:50:00+05:30,1436.9,1438.0,1436.9,1438.0,7350,0
2026-01-16 11:55:00+05:30,1438.0,1438.0,1436.5,1437.2,9517,0
2026-01-16 12:00:00+05:30,1437.3,1437.3,1434.0,1434.6,16320,0
2026-01-16 12:05:00+05:30,1434.6,1435.0,1434.3,1435.0,13781,0
2026-01-16 12:10:00+05:30,1435.0,1435.0,1434.3,1435.0,15730,0
2026-01-16 12:15:00+05:30,1434.9,1435.5,1434.0,1434.3,25879,0
2026-01-16 12:20:00+05:30,1434.2,1434.5,1433.1,1433.3,9554,0
2026-01-16 12:25:00+05:30,1433.3,1433.6,1429.0,1429.8,30810,0
2026-01-16 12:30:00+05:30,1429.8,1431.5,1429.0,1431.3,11359,0
2026-01-16 12:35:00+05:30,1431.1,1432.0,1430.2,1431.4,10477,0
2026-01-16 12:40:00+05:30,1431.7,1432.0,1430.7,1431.5,17116,0
2026-01-16 12:45:00+05:30,1431.2,1431.8,1431.0,1431.0,5811,0
2026-01-16 12:50:00+05:30,1431.2,1431.8,1429.1,1431.8,8869,0
2026-01-16 12:55:00+05:30,1431.8,1432.0,1430.1,1430.6,10379,0
2026-01-16 13:00:00+05:30,1430.3,1431.4,1430.1,1430.4,10256,0
2026-01-16 13:05:00+05:30,1430.2,1430.7,1428.7,1428.7,8641,0
2026-01-16 13:10:00+05:30,1428.7,1429.2,1427.9,1428.7,9732,0
2026-01-16 13:15:00+05:30,1428.7,1429.2,1427.3,1427.8,11638,0
2026-01-16 13:20:00+05:30,1427.7,1428.0,1426.1,1426.7,13351,0
2026-01-16 13:25:00+05:30,1426.7,1426.8,1423.7,1425.4,15385,0
2026-01-16 13:30:00+05:30,1425.5,1428.0,1425.5,1426.3,10925,0
2026-01-16 13:35:00+05:30,1426.0,1426.6,1425.0,1426.5,8227,0
2026-01-16 13:40:00+05:30,1426.5,1426.9,1425.3,1426.0,6787,0
2026-01-16 13:45:00+05:30,1425.9,1427.0,1425.5,1425.8,9545,0
2026-01-16 13:50:00+05:30,1425.8,1426.8,1424.0,1424.9,9198,0
2026-01-16 13:55:00+05:30,1424.8,1425.9,1424.7,1425.4,4633,0
2026-01-16 14:00:00+05:30,1425.4,1425.4,1422.7,1423.8,31525,0
2026-01-16 14:05:00+05:30,1423.8,1424.7,1422.5,1422.7,9673,0
2026-01-16 14:10:00+05:30,1422.6,1424.4,1421.6,1422.3,10218,0
2026-01-16 14:15:00+05:30,1421.8,1422.9,1421.5,1422.7,11788,0
2026-01-16 14:20:00+05:30,1422.7,1423.9,1420.7,1423.2,11449,0
2026-01-16 14:25:00+05:30,1423.2,1423.8,1420.0,1421.4,12066,0
2026-01-16 14:30:00+05:30,1421.4,1422.1,1418.9,1418.9,11834,0
2026-01-16 14:35:00+05:30,1419.0,1421.2,1416.1,1420.9,18240,0
2026-01-16 14:40:00+05:30,1420.6,1422.8,1419.7,1421.1,10109,0
2026-01-16 14:45:00+05:30,1421.2,1423.4,1420.0,1422.5,25483,0
2026-01-16 14:50:00+05:30,1422.8,1423.9,1420.9,1423.3,17205,0
2026-01-16 14:55:00+05:30,1423.0,1424.9,1422.5,1424.3,22613,0
2026-01-16 15:00:00+05:30,1424.0,1424.1,1421.1,1421.7,37956,0
2026-01-16 15:05:00+05:30,1421.6,1422.6,1420.0,1421.6,30091,0
2026-01-16 15:10:00+05:30,1421.7,1422.5,1419.8,1420.1,31048,0
2026-01-16 15:15:00+05:30,1420.3,1421.0,1419.0,1420.9,38858,0
2026-01-16 15:20:00+05:30,1421.0,1423.0,1420.8,1422.7,33353,0
2026-01-16 15:25:00+05:30,1422.9,1425.1,1421.1,1424.3,35954,0
2026-01-19 09:15:00+05:30,1421.0,1421.0,1410.0,1414.5,43373,0
2026-01-19 09:20:00+05:30,1414.4,1416.3,1412.4,1413.3,17803,0
2026-01-19 09:25:00+05:30,1413.0,1413.5,1407.1,1407.7,19902,0
2026-01-19 09:30:00+05:30,1407.9,1412.8,1406.3,1412.3,20936,0
2026-01-19 09:35:00+05:30,1412.0,1414.0,1411.2,1411.8,8677,0
2026-01-19 09:40:00+05:30,1412.2,1412.4,1409.0,1411.3,12652,0
2026-01-19 09:45:00+05:30,1410.9,1411.3,1409.5,1409.9,5416,0
2026-01-19 09:50:00+05:30,1409.9,1414.0,1409.2,1412.0,10065,0
2026-01-19 09:55:00+05:30,1412.2,1413.3,1409.5,1410.0,29538,0
2026-01-19 10:00:00+05:30,1410.0,1410.0,1407.5,1408.8,11817,0
2026-01-19 10:05:00+05:30,1408.6,1411.9,1407.6,1411.5,7747,0
2026-01-19 10:10:00+05:30,1411.6,1413.0,1410.0,1411.5,25046,0
2026-01-19 10:15:00+05:30,1411.5,1415.0,1410.9,1413.1,94560,0
2026-01-19 10:20:00+05:30,1413.0,1414.5,1411.1,1412.1,7944,0
2026-01-19 10:25:00+05:30,1412.8,1412.8,1409.5,1410.8,12832,0
2026-01-19 10:30:00+05:30,1410.8,1413.0,1410.0,1410.4,13103,0
2026-01-19 10:35:00+05:30,1410.4,1411.0,1407.6,1407.6,8872,0
2026-01-19 10:40:00+05:30,1407.8,1410.0,1407.0,1409.4,13765,0
2026-01-19 10:45:00+05:30,1409.4,1410.0,1408.0,1408.0,2123,0
2026-01-19 10:50:00+05:30,1408.1,1409.0,1405.7,1407.6,13157,0
2026-01-19 10:55:00+05:30,1407.1,1408.8,1406.4,1407.9,9031,0
2026-01-19 11:00:00+05:30,1407.9,1412.4,1407.1,1410.7,7919,0
2026-01-19 11:05:00+05:30,1410.7,1411.0,1409.0,1410.3,4527,0
2026-01-19 11:10:00+05:30,1410.3,1411.8,1408.9,1409.0,7310,0
2026-01-19 11:15:00+05:30,1409.0,1409.1,1405.1,1405.3,7426,0
2026-01-19 11:20:00+05:30,1405.3,1405.4,1402.0,1404.3,18384,0
2026-01-19 11:25:00+05:30,1404.3,1404.7,1403.0,1404.0,6921,0
2026-01-19 11:30:00+05:30,1403.6,1404.4,1402.8,1404.0,3095,0
2026-01-19 11:35:00+05:30,1404.0,1404.4,1402.0,1402.6,9056,0
2026-01-19 11:40:00+05:30,1402.6,1404.9,1402.3,1403.9,4283,0
2026-01-19 11:45:00+05:30,1404.0,1404.9,1402.0,1404.6,12508,0
2026-01-19 11:50:00+05:30,1404.9,1405.4,1403.8,1405.1,4768,0
2026-01-19 11:55:00+05:30,1405.1,1405.2,1403.1,1404.7,12028,0
2026-01-19 12:00:00+05:30,1404.7,1404.7,1401.0,1401.4,16067,0
2026-01-19 12:05:00+05:30,1401.6,1401.9,1398.8,1399.0,32482,0
2026-01-19 12:10:00+05:30,1399.0,1399.6,1398.1,1399.0,9997,0
2026-01-19 12:15:00+05:30,1399.0,1400.1,1398.8,1399.2,22556,0
2026-01-19 12:20:00+05:30,1399.1,1399.9,1397.1,1397.3,10232,0
2026-01-19 12:25:00+05:30,1397.3,1397.9,1395.8,1396.8,17427,0
2026-01-19 12:30:00+05:30,1396.2,1399.9,1395.6,1398.8,46346,0
2026-01-19 12:35:00+05:30,1398.8,1399.0,1396.9,1397.6,7224,0
2026-01-19 12:40:00+05:30,1397.6,1399.0,1397.1,1398.9,6939,0
2026-01-19 12:45:00+05:30,1399.0,1399.0,1397.1,1398.1,5963,0
2026-01-19 12:50:00+05:30,1398.3,1401.8,1397.4,1400.9,32231,0
2026-01-19 12:55:00+05:30,1400.9,1403.7,1400.6,1402.2,68109,0
2026-01-19 13:00:00+05:30,1402.2,1403.7,1401.0,1403.4,5416,0
2026-01-19 13:05:00+05:30,1403.4,1404.9,1402.9,1404.4,5432,0
2026-01-19 13:10:00+05:30,1404.4,1404.9,1402.1,1403.3,4640,0
2026-01-19 13:15:00+05:30,1403.3,1403.5,1400.0,1402.0,6642,0
2026-01-19 13:20:00+05:30,1401.9,1402.3,1401.1,1401.3,3933,0
2026-01-19 13:25:00+05:30,1401.4,1402.5,1400.6,1401.6,10565,0
2026-01-19 13:30:00+05:30,1401.7,1403.8,1401.6,1403.8,9618,0
2026-01-19 13:35:00+05:30,1403.1,1403.9,1403.0,1403.9,6897,0
2026-01-19 13:40:00+05:30,1403.8,1405.0,1402.8,1403.8,14320,0
2026-01-19 13:45:00+05:30,1403.8,1405.0,1402.5,1405.0,8947,0
2026-01-19 13:50:00+05:30,1404.6,1407.3,1403.1,1403.9,15540,0
2026-01-19 13:55:00+05:30,1403.9,1404.7,1403.1,1403.5,5505,0
2026-01-19 14:00:00+05:30,1404.1,1406.0,1403.7,1404.9,8350,0
2026-01-19 14:05:00+05:30,1404.9,1406.0,1404.0,1404.5,6361,0
2026-01-19 14:10:00+05:30,1404.4,1405.2,1402.7,1403.5,11721,0
2026-01-19 14:15:00+05:30,1403.4,1404.3,1402.2,1403.9,13989,0
2026-01-19 14:20:00+05:30,1403.9,1404.5,1402.3,1403.1,7476,0
2026-01-19 14:25:00+05:30,1403.0,1403.5,1401.9,1402.8,6252,0
2026-01-19 14:30:00+05:30,1402.3,1403.5,1401.5,1402.0,6809,0
2026-01-19 14:35:00+05:30,1401.6,1403.5,1400.5,1402.8,12219,0
2026-01-19 14:40:00+05:30,1403.0,1406.4,1402.3,1405.6,16309,0
2026-01-19 14:45:00+05:30,1405.9,1406.9,1404.7,1406.5,24047,0
2026-01-19 14:50:00+05:30,1406.3,1407.9,1405.5,1407.9,10173,0
2026-01-19 14:55:00+05:30,1407.7,1408.8,1405.0,1407.0,24438,0
2026-01-19 15:00:00+05:30,1407.0,1407.9,1403.9,1404.5,22695,0
2026-01-19 15:05:00+05:30,1404.2,1404.9,1402.6,1403.8,22498,0
2026-01-19 15:10:00+05:30,1403.3,1403.3,1401.0,1402.3,18069,0
2026-01-19 15:15:00+05:30,1401.8,1402.3,1400.5,1401.2,15969,0
2026-01-19 15:20:00+05:30,1401.2,1402.8,1400.3,1401.8,26813,0
2026-01-19 15:25:00+05:30,1402.3,1403.3,1401.0,1403.3,16132,0
2026-01-20 09:15:00+05:30,1409.0,1412.8,1404.7,1409.4,41992,0
2026-01-20 09:20:00+05:30,1409.4,1412.9,1403.7,1404.5,25694,0
2026-01-20 09:25:00+05:30,1404.0,1404.8,1399.8,1400.5,46718,0
2026-01-20 09:30:00+05:30,1401.3,1403.3,1399.0,1399.8,14221,0
2026-01-20 09:35:00+05:30,1399.8,1400.4,1396.8,1396.8,10990,0
2026-01-20 09:40:00+05:30,1396.8,1402.6,1395.1,1400.2,18465,0
2026-01-20 09:45:00+05:30,1400.8,1401.9,1398.5,1399.0,6776,0
2026-01-20 09:50:00+05:30,1399.0,1401.0,1397.1,1398.0,11996,0
2026-01-20 09:55:00+05:30,1398.0,1402.1,1397.4,1401.9,22946,0
2026-01-20 10:00:00+05:30,1401.8,1405.5,1401.5,1404.8,19386,0
2026-01-20 10:05:00+05:30,1405.0,1406.1,1402.2,1403.7,12171,0
2026-01-20 10:10:00+05:30,1403.9,1406.2,1403.6,1404.6,21423,0
2026-01-20 10:15:00+05:30,1404.5,1407.7,1403.2,1406.2,27871,0
2026-01-20 10:20:00+05:30,1406.7,1406.7,1403.6,1404.1,13672,0
2026-01-20 10:25:00+05:30,1404.0,1406.0,1402.6,1404.6,9154,0
2026-01-20 10:30:00+05:30,1404.6,1404.9,1400.3,1402.5,12680,0
2026-01-20 10:35:00+05:30,1402.6,1405.0,1400.5,1403.0,18631,0
2026-01-20 10:40:00+05:30,1403.0,1404.9,1401.9,1402.8,7004,0
2026-01-20 10:45:00+05:30,1402.8,1403.1,1401.5,1401.6,5124,0
2026-01-20 10:50:00+05:30,1401.6,1402.5,1400.4,1400.6,4931,0
2026-01-20 10:55:00+05:30,1400.6,1400.6,1399.0,1399.7,12309,0
2026-01-20 11:00:00+05:30,1399.7,1399.7,1396.6,1396.9,14656,0
2026-01-20 11:05:00+05:30,1397.0,1397.4,1395.3,1396.1,8639,0
2026-01-20 11:10:00+05:30,1396.2,1397.0,1395.5,1396.3,5174,0
2026-01-20 11:15:00+05:30,1396.3,1399.9,1395.8,1397.6,7953,0
2026-01-20 11:20:00+05:30,1397.8,1398.7,1396.6,1398.0,4271,0
2026-01-20 11:25:00+05:30,1398.1,1399.6,1397.6,1398.9,5734,0
2026-01-20 11:30:00+05:30,1398.8,1399.4,1398.4,1399.1,2737,0
2026-01-20 11:35:00+05:30,1398.9,1400.0,1398.9,1399.2,4371,0
2026-01-20 11:40:00+05:30,1399.2,1399.6,1398.0,1398.2,2085,0
2026-01-20 11:45:00+05:30,1398.2,1398.2,1396.5,1397.3,4969,0
2026-01-20 11:50:00+05:30,1397.5,1400.6,1397.5,1400.3,5368,0
2026-01-20 11:55:00+05:30,1400.4,1400.4,1396.7,1397.4,8766,0
2026-01-20 12:00:00+05:30,1397.7,1397.7,1395.3,1396.0,4284,0
2026-01-20 12:05:00+05:30,1396.4,1396.6,1392.1,1393.1,16288,0
2026-01-20 12:10:00+05:30,1393.1,1394.8,1392.3,1394.3,5367,0
2026-01-20 12:15:00+05:30,1394.4,1395.1,1392.7,1394.0,3431,0
2026-01-20 12:20:00+05:30,1394.0,1395.0,1392.8,1393.7,7116,0
2026-01-20 12:25:00+05:30,1394.2,1394.5,1393.4,1394.4,3469,0
2026-01-20 12:30:00+05:30,1394.2,1394.4,1393.3,1393.8,4892,0
2026-01-20 12:35:00+05:30,1393.7,1394.0,1392.6,1393.5,5281,0
2026-01-20 12:40:00+05:30,1393.5,1393.5,1391.1,1391.2,6884,0
2026-01-20 12:45:00+05:30,1391.4,1393.8,1390.6,1392.9,6292,0
2026-01-20 12:50:00+05:30,1393.2,1394.2,1392.6,1393.7,5271,0
2026-01-20 12:55:00+05:30,1394.0,1394.8,1392.6,1394.1,6027,0
2026-01-20 13:00:00+05:30,1393.8,1394.1,1391.5,1392.3,5049,0
2026-01-20 13:05:00+05:30,1392.3,1392.6,1391.1,1391.8,4518,0
2026-01-20 13:10:00+05:30,1391.8,1391.9,1390.0,1390.1,12755,0
2026-01-20 13:15:00+05:30,1390.1,1391.0,1389.0,1390.9,12085,0
2026-01-20 13:20:00+05:30,1390.9,1393.2,1389.5,1389.9,10895,0
2026-01-20 13:25:00+05:30,1390.0,1390.3,1388.9,1389.0,5742,0
2026-01-20 13:30:00+05:30,1389.0,1389.0,1386.4,1386.7,13561,0
2026-01-20 13:35:00+05:30,1386.5,1386.9,1384.0,1384.8,16981,0
2026-01-20 13:40:00+05:30,1384.8,1385.7,1383.8,1384.8,35281,0
2026-01-20 13:45:00+05:30,1385.3,1385.3,1381.7,1382.6,15721,0
2026-01-20 13:50:00+05:30,1382.6,1385.1,1382.0,1384.8,53017,0
2026-01-20 13:55:00+05:30,1384.8,1385.6,1384.6,1385.4,42112,0
2026-01-20 14:00:00+05:30,1385.4,1386.3,1382.0,1384.5,47329,0
2026-01-20 14:05:00+05:30,1384.8,1384.8,1382.1,1383.5,25771,0
2026-01-20 14:10:00+05:30,1383.5,1383.8,1382.0,1383.0,44770,0
2026-01-20 14:15:00+05:30,1383.1,1386.4,1383.0,1384.0,77810,0
2026-01-20 14:20:00+05:30,1384.0,1385.0,1382.5,1384.6,10484,0
2026-01-20 14:25:00+05:30,1384.6,1385.5,1383.6,1385.0,30403,0
2026-01-20 14:30:00+05:30,1384.9,1385.0,1382.6,1383.5,14221,0
2026-01-20 14:35:00+05:30,1383.7,1384.6,1382.6,1384.0,13855,0
2026-01-20 14:40:00+05:30,1384.0,1384.4,1382.2,1383.0,22934,0
2026-01-20 14:45:00+05:30,1383.0,1383.4,1382.1,1383.0,19317,0
2026-01-20 14:50:00+05:30,1383.0,1383.2,1380.2,1381.0,20924,0
2026-01-20 14:55:00+05:30,1381.0,1381.5,1378.1,1378.4,17508,0
2026-01-20 15:00:00+05:30,1378.4,1378.5,1372.0,1373.1,69078,0
2026-01-20 15:05:00+05:30,1373.1,1373.6,1370.0,1370.8,29811,0
2026-01-20 15:10:00+05:30,1370.6,1371.2,1366.2,1367.6,59286,0
2026-01-20 15:15:00+05:30,1367.5,1367.6,1359.6,1361.9,256393,0
2026-01-20 15:20:00+05:30,1361.8,1365.0,1360.0,1364.7,82013,0
2026-01-20 15:25:00+05:30,1363.8,1377.0,1363.7,1375.6,216178,0
2026-01-21 09:15:00+05:30,1371.7,1378.8,1366.6,1375.5,128367,0
2026-01-21 09:20:00+05:30,1375.4,1375.7,1368.6,1374.5,44023,0
2026-01-21 09:25:00+05:30,1374.5,1381.7,1374.3,1375.9,49512,0
2026-01-21 09:30:00+05:30,1375.5,1380.6,1373.3,1379.5,32825,0
2026-01-21 09:35:00+05:30,1379.5,1380.0,1373.4,1374.9,39645,0
2026-01-21 09:40:00+05:30,1374.9,1377.8,1374.2,1374.2,64249,0
2026-01-21 09:45:00+05:30,1374.4,1378.9,1372.8,1375.7,59111,0
2026-01-21 09:50:00+05:30,1376.4,1376.6,1372.3,1373.7,17769,0
2026-01-21 09:55:00+05:30,1373.2,1377.7,1372.7,1373.9,40791,0
2026-01-21 10:00:00+05:30,1373.8,1376.6,1371.0,1373.6,33901,0
2026-01-21 10:05:00+05:30,1373.8,1375.6,1372.5,1373.7,20599,0
2026-01-21 10:10:00+05:30,1373.8,1377.0,1371.0,1374.7,34899,0
2026-01-21 10:15:00+05:30,1374.8,1377.0,1372.3,1373.8,24291,0
2026-01-21 10:20:00+05:30,1373.8,1375.6,1372.1,1373.6,14319,0
2026-01-21 10:25:00+05:30,1373.5,1374.6,1368.4,1368.7,26256,0
2026-01-21 10:30:00+05:30,1368.7,1369.5,1367.0,1367.9,33746,0
2026-01-21 10:35:00+05:30,1367.8,1369.5,1365.0,1365.1,27780,0
2026-01-21 10:40:00+05:30,1365.4,1365.6,1358.2,1358.5,29621,0
2026-01-21 10:45:00+05:30,1358.5,1358.5,1354.5,1354.5,28259,0
2026-01-21 10:50:00+05:30,1354.7,1355.7,1348.6,1349.3,24433,0
2026-01-21 10:55:00+05:30,1349.4,1350.2,1345.0,1350.2,47624,0
2026-01-21 11:00:00+05:30,1350.2,1354.6,1349.7,1354.5,21992,0
2026-01-21 11:05:00+05:30,1354.6,1354.6,1351.5,1352.5,21074,0
2026-01-21 11:10:00+05:30,1352.5,1356.3,1352.2,1353.7,20614,0
2026-01-21 11:15:00+05:30,1353.7,1353.9,1351.2,1353.0,15073,0
2026-01-21 11:20:00+05:30,1353.0,1353.6,1350.0,1351.6,15601,0
2026-01-21 11:25:00+05:30,1351.6,1353.0,1350.5,1352.9,19019,0
2026-01-21 11:30:00+05:30,1352.8,1355.8,1352.3,1354.8,16397,0
2026-01-21 11:35:00+05:30,1354.8,1357.3,1354.1,1354.6,15122,0
2026-01-21 11:40:00+05:30,1354.4,1356.6,1354.1,1356.6,14001,0
2026-01-21 11:45:00+05:30,1356.6,1359.2,1355.8,1356.2,37008,0
2026-01-21 11:50:00+05:30,1356.4,1359.0,1355.3,1356.5,33048,0
2026-01-21 11:55:00+05:30,1357.0,1360.4,1356.2,1360.2,13391,0
2026-01-21 12:00:00+05:30,1360.4,1364.4,1359.3,1364.0,17754,0
2026-01-21 12:05:00+05:30,1364.0,1370.3,1364.0,1370.3,101148,0
2026-01-21 12:10:00+05:30,1370.6,1371.0,1368.1,1370.4,13069,0
2026-01-21 12:15:00+05:30,1370.1,1372.6,1368.4,1371.4,21749,0
2026-01-21 12:20:00+05:30,1371.6,1373.8,1368.0,1372.9,16504,0
2026-01-21 12:25:00+05:30,1372.7,1373.2,1368.0,1369.8,19806,0
2026-01-21 12:30:00+05:30,1369.9,1375.8,1369.9,1374.9,22483,0
2026-01-21 12:35:00+05:30,1375.3,1380.5,1374.9,1380.5,20547,0
2026-01-21 12:40:00+05:30,1380.8,1385.6,1380.1,1384.8,32421,0
2026-01-21 12:45:00+05:30,1385.0,1390.4,1384.4,1389.6,38038,0
2026-01-21 12:50:00+05:30,1389.6,1390.0,1386.2,1389.4,20510,0
2026-01-21 12:55:00+05:30,1389.4,1390.0,1386.0,1388.8,29988,0
2026-01-21 13:00:00+05:30,1388.9,1389.6,1386.8,1388.7,35586,0
2026-01-21 13:05:00+05:30,1388.5,1389.0,1385.6,1386.0,10355,0
2026-01-21 13:10:00+05:30,1386.0,1386.7,1383.6,1386.5,22644,0
2026-01-21 13:15:00+05:30,1386.5,1387.1,1385.0,1386.4,9834,0
2026-01-21 13:20:00+05:30,1386.4,1386.9,1383.8,1385.1,14038,0
2026-01-21 13:25:00+05:30,1384.8,1385.7,1384.1,1385.3,12732,0
2026-01-21 13:30:00+05:30,1385.0,1385.8,1382.3,1383.1,13680,0
2026-01-21 13:35:00+05:30,1383.1,1385.8,1381.4,1384.2,12871,0
2026-01-21 13:40:00+05:30,1383.6,1384.5,1381.4,1382.5,12241,0
2026-01-21 13:45:00+05:30,1382.5,1384.1,1382.2,1383.9,13589,0
2026-01-21 13:50:00+05:30,1384.0,1384.0,1380.4,1381.9,17878,0
2026-01-21 13:55:00+05:30,1381.9,1381.9,1378.1,1378.7,19596,0
2026-01-21 14:00:00+05:30,1378.9,1379.6,1375.1,1376.7,30679,0
2026-01-21 14:05:00+05:30,1376.6,1377.4,1375.3,1376.0,18887,0
2026-01-21 14:10:00+05:30,1376.0,1376.3,1373.5,1373.8,21540,0
2026-01-21 14:15:00+05:30,1373.8,1380.7,1373.0,1378.4,32749,0
2026-01-21 14:20:00+05:30,1378.1,1379.4,1377.1,1378.9,16043,0
2026-01-21 14:25:00+05:30,1378.9,1379.3,1375.5,1375.7,17707,0
2026-01-21 14:30:00+05:30,1375.7,1377.2,1375.1,1376.9,19052,0
2026-01-21 14:35:00+05:30,1376.8,1378.4,1375.1,1378.4,28042,0
2026-01-21 14:40:00+05:30,1378.4,1380.0,1377.2,1379.5,22863,0
2026-01-21 14:45:00+05:30,1379.5,1379.9,1376.8,1379.0,18466,0
2026-01-21 14:50:00+05:30,1379.0,1380.5,1378.2,1380.0,16270,0
2026-01-21 14:55:00+05:30,1380.0,1381.1,1377.8,1378.8,11160,0
2026-01-21 15:00:00+05:30,1378.8,1380.7,1377.8,1380.1,35533,0
2026-01-21 15:05:00+05:30,1380.3,1380.5,1378.3,1379.0,35005,0
2026-01-21 15:10:00+05:30,1379.0,1379.3,1377.7,1378.5,42357,0
2026-01-21 15:15:00+05:30,1378.5,1378.9,1377.0,1378.0,51962,0
2026-01-21 15:20:00+05:30,1378.2,1378.2,1376.9,1378.0,55837,0
2026-01-21 15:25:00+05:30,1377.5,1380.7,1376.4,1379.0,53855,0
2026-01-22 09:15:00+05:30,1400.0,1400.0,1388.5,1398.2,83926,0
2026-01-22 09:20:00+05:30,1398.2,1404.4,1397.7,1403.4,42075,0
2026-01-22 09:25:00+05:30,1403.4,1408.8,1402.6,1406.9,38001,0
2026-01-22 09:30:00+05:30,1406.8,1411.4,1406.3,1410.6,35806,0
2026-01-22 09:35:00+05:30,1410.8,1412.0,1409.5,1410.2,22949,0
2026-01-22 09:40:00+05:30,1409.9,1414.4,1409.8,1413.8,29552,0
2026-01-22 09:45:00+05:30,1413.7,1421.7,1413.0,1421.4,50844,0
2026-01-22 09:50:00+05:30,1421.1,1421.1,1417.1,1417.5,25381,0
2026-01-22 09:55:00+05:30,1417.6,1418.5,1414.7,1415.9,28496,0
2026-01-22 10:00:00+05:30,1415.9,1416.9,1413.2,1416.8,16202,0
2026-01-22 10:05:00+05:30,1416.8,1418.3,1415.0,1415.8,12454,0
2026-01-22 10:10:00+05:30,1415.8,1419.0,1415.0,1417.3,12666,0
2026-01-22 10:15:00+05:30,1417.3,1418.4,1412.6,1413.0,15030,0
2026-01-22 10:20:00+05:30,1413.2,1416.0,1412.6,1416.0,14190,0
2026-01-22 10:25:00+05:30,1416.0,1416.0,1411.4,1412.2,12336,0
2026-01-22 10:30:00+05:30,1412.2,1412.8,1409.0,1412.4,22463,0
2026-01-22 10:35:00+05:30,1412.6,1415.0,1411.3,1412.1,14023,0
2026-01-22 10:40:00+05:30,1412.1,1415.8,1411.1,1414.3,15390,0
2026-01-22 10:45:00+05:30,1414.2,1415.4,1414.0,1414.5,7515,0
2026-01-22 10:50:00+05:30,1414.5,1415.0,1413.1,1413.5,7706,0
2026-01-22 10:55:00+05:30,1413.5,1413.5,1409.2,1409.4,17348,0
2026-01-22 11:00:00+05:30,1409.3,1412.9,1408.5,1412.0,15954,0
2026-01-22 11:05:00+05:30,1411.9,1412.0,1410.9,1412.0,16315,0
2026-01-22 11:10:00+05:30,1412.0,1413.0,1409.6,1412.0,18433,0
2026-01-22 11:15:00+05:30,1412.0,1412.7,1410.1,1410.9,7015,0
2026-01-22 11:20:00+05:30,1410.9,1412.3,1409.1,1410.5,15290,0
2026-01-22 11:25:00+05:30,1410.9,1413.9,1410.9,1411.5,13652,0
2026-01-22 11:30:00+05:30,1411.3,1411.7,1408.2,1409.3,11367,0
2026-01-22 11:35:00+05:30,1409.6,1410.0,1407.6,1408.5,10958,0
2026-01-22 11:40:00+05:30,1408.3,1408.3,1406.1,1406.5,19549,0
2026-01-22 11:45:00+05:30,1406.9,1409.7,1406.0,1409.6,10519,0
2026-01-22 11:50:00+05:30,1409.5,1410.1,1407.9,1408.4,10861,0
2026-01-22 11:55:00+05:30,1408.6,1409.4,1406.4,1406.5,7136,0
2026-01-22 12:00:00+05:30,1406.4,1407.9,1405.5,1407.9,16111,0
2026-01-22 12:05:00+05:30,1407.9,1410.0,1407.4,1409.0,15675,0
2026-01-22 12:10:00+05:30,1409.0,1410.9,1408.6,1410.0,46453,0
2026-01-22 12:15:00+05:30,1410.0,1410.8,1408.9,1409.0,17497,0
2026-01-22 12:20:00+05:30,1409.0,1412.2,1408.8,1409.8,64386,0
2026-01-22 12:25:00+05:30,1409.8,1409.8,1407.1,1408.2,7708,0
2026-01-22 12:30:00+05:30,1408.1,1408.2,1405.3,1407.5,12504,0
2026-01-22 12:35:00+05:30,1407.4,1407.5,1405.0,1405.9,13855,0
2026-01-22 12:40:00+05:30,1405.9,1406.0,1401.3,1404.7,15545,0
2026-01-22 12:45:00+05:30,1404.8,1405.8,1404.1,1404.9,6068,0
2026-01-22 12:50:00+05:30,1404.9,1405.5,1404.2,1404.2,5856,0
2026-01-22 12:55:00+05:30,1404.0,1404.1,1402.9,1404.1,4847,0
2026-01-22 13:00:00+05:30,1403.8,1405.5,1402.5,1405.3,7592,0
2026-01-22 13:05:00+05:30,1405.3,1405.4,1400.8,1401.5,12260,0
2026-01-22 13:10:00+05:30,1401.1,1401.6,1400.0,1400.4,19332,0
2026-01-22 13:15:00+05:30,1400.4,1402.5,1400.0,1402.3,35086,0
2026-01-22 13:20:00+05:30,1402.3,1402.5,1400.8,1401.5,13068,0
2026-01-22 13:25:00+05:30,1401.5,1402.0,1400.1,1400.8,7544,0
2026-01-22 13:30:00+05:30,1400.8,1403.7,1400.0,1403.6,15394,0
2026-01-22 13:35:00+05:30,1403.6,1406.0,1402.5,1402.6,12457,0
2026-01-22 13:40:00+05:30,1402.9,1404.9,1402.2,1404.2,7079,0
2026-01-22 13:45:00+05:30,1404.2,1405.8,1402.3,1405.6,23402,0
2026-01-22 13:50:00+05:30,1405.5,1408.4,1405.1,1408.1,19251,0
2026-01-22 13:55:00+05:30,1408.0,1409.6,1407.0,1407.5,16069,0
2026-01-22 14:00:00+05:30,1408.1,1409.5,1407.5,1408.8,7542,0
2026-01-22 14:05:00+05:30,1408.4,1409.0,1407.5,1408.7,7430,0
2026-01-22 14:10:00+05:30,1408.7,1408.9,1406.0,1406.7,8962,0
2026-01-22 14:15:00+05:30,1406.7,1408.0,1405.7,1407.4,22070,0
2026-01-22 14:20:00+05:30,1407.4,1409.7,1406.9,1409.1,9311,0
2026-01-22 14:25:00+05:30,1409.1,1412.0,1409.1,1411.5,17317,0
2026-01-22 14:30:00+05:30,1411.7,1416.0,1410.7,1415.4,53319,0
2026-01-22 14:35:00+05:30,1416.0,1417.0,1414.3,1415.9,33111,0
2026-01-22 14:40:00+05:30,1415.9,1416.3,1414.6,1415.0,29320,0
2026-01-22 14:45:00+05:30,1415.2,1418.0,1414.7,1416.0,28683,0
2026-01-22 14:50:00+05:30,1415.7,1416.0,1411.7,1412.0,13740,0
2026-01-22 14:55:00+05:30,1412.5,1416.6,1411.7,1415.4,9622,0
2026-01-22 15:00:00+05:30,1415.9,1416.6,1411.2,1411.7,38683,0
2026-01-22 15:05:00+05:30,1411.8,1414.8,1411.7,1414.2,48454,0
2026-01-22 15:10:00+05:30,1414.3,1415.2,1410.6,1411.5,57343,0
2026-01-22 15:15:00+05:30,1411.5,1416.0,1411.0,1415.0,74999,0
2026-01-22 15:20:00+05:30,1415.0,1417.1,1413.2,1416.3,75514,0
2026-01-22 15:25:00+05:30,1416.2,1419.0,1416.1,1416.1,57553,0
2026-01-23 09:15:00+05:30,1417.0,1417.0,1398.7,1402.4,46180,0
2026-01-23 09:20:00+05:30,1401.3,1404.2,1400.0,1402.9,11202,0
2026-01-23 09:25:00+05:30,1403.0,1404.3,1401.0,1401.4,11738,0
2026-01-23 09:30:00+05:30,1402.0,1402.0,1398.1,1398.6,18651,0
2026-01-23 09:35:00+05:30,1398.7,1398.8,1395.5,1396.0,18706,0
2026-01-23 09:40:00+05:30,1396.0,1398.9,1395.8,1396.0,13426,0
2026-01-23 09:45:00+05:30,1396.0,1398.6,1394.0,1395.8,22099,0
2026-01-23 09:50:00+05:30,1395.7,1396.6,1391.8,1392.8,20378,0
2026-01-23 09:55:00+05:30,1392.8,1396.6,1392.4,1395.3,15970,0
2026-01-23 10:00:00+05:30,1395.0,1397.0,1394.0,1397.0,15345,0
2026-01-23 10:05:00+05:30,1397.0,1399.1,1396.6,1397.2,19111,0
2026-01-23 10:10:00+05:30,1397.2,1398.1,1396.0,1396.8,14081,0
2026-01-23 10:15:00+05:30,1396.9,1397.2,1392.8,1394.4,20253,0
2026-01-23 10:20:00+05:30,1394.2,1394.6,1393.3,1394.5,16402,0
2026-01-23 10:25:00+05:30,1394.1,1394.9,1392.0,1394.1,20942,0
2026-01-23 10:30:00+05:30,1394.7,1397.7,1394.1,1397.3,23510,0
2026-01-23 10:35:00+05:30,1397.3,1398.1,1395.7,1395.7,16829,0
2026-01-23 10:40:00+05:30,1396.2,1396.2,1393.0,1394.9,20225,0
2026-01-23 10:45:00+05:30,1395.5,1396.4,1394.0,1395.3,14335,0
2026-01-23 10:50:00+05:30,1395.4,1397.6,1394.7,1397.3,20370,0
2026-01-23 10:55:00+05:30,1397.2,1399.5,1396.8,1399.2,22811,0
2026-01-23 11:00:00+05:30,1399.2,1400.0,1398.0,1398.8,15678,0
2026-01-23 11:05:00+05:30,1398.8,1401.4,1398.2,1400.2,22043,0
2026-01-23 11:10:00+05:30,1400.6,1403.7,1399.0,1400.3,20727,0
2026-01-23 11:15:00+05:30,1400.0,1402.0,1399.6,1400.5,8639,0
2026-01-23 11:20:00+05:30,1400.6,1400.6,1398.9,1400.1,13275,0
2026-01-23 11:25:00+05:30,1400.0,1400.5,1399.1,1399.8,12951,0
2026-01-23 11:30:00+05:30,1399.9,1400.0,1398.9,1399.4,14625,0
2026-01-23 11:35:00+05:30,1399.1,1399.6,1395.7,1396.4,18996,0
2026-01-23 11:40:00+05:30,1396.3,1397.3,1395.1,1395.2,17779,0
2026-01-23 11:45:00+05:30,1395.3,1396.9,1394.5,1394.5,18725,0
2026-01-23 11:50:00+05:30,1394.4,1398.0,1394.3,1395.5,15741,0
2026-01-23 11:55:00+05:30,1395.5,1396.2,1391.8,1393.7,15199,0
2026-01-23 12:00:00+05:30,1393.6,1394.0,1392.0,1392.9,7876,0
2026-01-23 12:05:00+05:30,1392.9,1393.2,1391.5,1392.2,6975,0
2026-01-23 12:10:00+05:30,1392.2,1393.4,1391.7,1391.9,8538,0
2026-01-23 12:15:00+05:30,1392.1,1393.4,1388.5,1391.4,47178,0
2026-01-23 12:20:00+05:30,1391.4,1392.3,1385.1,1385.9,53006,0
2026-01-23 12:25:00+05:30,1386.1,1386.4,1378.9,1379.1,84108,0
2026-01-23 12:30:00+05:30,1379.7,1383.0,1373.7,1382.0,125974,0
2026-01-23 12:35:00+05:30,1382.6,1383.0,1377.8,1381.5,81543,0
2026-01-23 12:40:00+05:30,1381.5,1385.0,1379.7,1381.2,41646,0
2026-01-23 12:45:00+05:30,1381.2,1382.1,1375.2,1377.7,84357,0
2026-01-23 12:50:00+05:30,1377.9,1378.1,1365.0,1368.5,147990,0
2026-01-23 12:55:00+05:30,1368.6,1369.7,1353.3,1353.5,142707,0
2026-01-23 13:00:00+05:30,1354.0,1359.6,1350.0,1356.9,124461,0
2026-01-23 13:05:00+05:30,1356.0,1356.9,1351.5,1354.3,40753,0
2026-01-23 13:10:00+05:30,1354.6,1357.0,1351.1,1355.7,34924,0
2026-01-23 13:15:00+05:30,1355.2,1355.5,1336.3,1337.5,143775,0
2026-01-23 13:20:00+05:30,1336.6,1340.7,1332.2,1335.6,117981,0
2026-01-23 13:25:00+05:30,1335.8,1350.9,1335.8,1346.8,124477,0
2026-01-23 13:30:00+05:30,1346.8,1347.0,1334.7,1337.7,134727,0
2026-01-23 13:35:00+05:30,1337.8,1339.8,1328.0,1330.3,156433,0
2026-01-23 13:40:00+05:30,1330.3,1336.8,1326.5,1327.8,145289,0
2026-01-23 13:45:00+05:30,1327.0,1335.8,1327.0,1330.5,93278,0
2026-01-23 13:50:00+05:30,1330.4,1339.8,1326.2,1338.6,107344,0
2026-01-23 13:55:00+05:30,1338.6,1344.5,1326.2,1331.3,149441,0
2026-01-23 14:00:00+05:30,1331.3,1331.3,1316.9,1316.9,124267,0
2026-01-23 14:05:00+05:30,1317.2,1318.1,1303.3,1314.0,372063,0
2026-01-23 14:10:00+05:30,1314.2,1316.4,1301.6,1302.1,169647,0
2026-01-23 14:15:00+05:30,1302.7,1309.6,1295.0,1305.8,266633,0
2026-01-23 14:20:00+05:30,1305.3,1314.8,1302.9,1308.0,261105,0
2026-01-23 14:25:00+05:30,1308.0,1309.0,1304.0,1308.2,133692,0
2026-01-23 14:30:00+05:30,1308.2,1309.3,1302.2,1307.7,123654,0
2026-01-23 14:35:00+05:30,1307.7,1308.5,1299.4,1301.7,141730,0
2026-01-23 14:40:00+05:30,1301.4,1309.5,1301.4,1305.6,153465,0
2026-01-23 14:45:00+05:30,1305.6,1308.2,1297.3,1298.0,138966,0
2026-01-23 14:50:00+05:30,1298.0,1314.9,1292.0,1314.0,283613,0
2026-01-23 14:55:00+05:30,1314.0,1326.3,1310.9,1318.6,336654,0
2026-01-23 15:00:00+05:30,1318.6,1320.6,1302.8,1302.8,208719,0
2026-01-23 15:05:00+05:30,1302.8,1308.5,1300.1,1307.6,188666,0
2026-01-23 15:10:00+05:30,1307.6,1311.4,1304.5,1309.5,174828,0
2026-01-23 15:15:00+05:30,1309.8,1314.3,1308.0,1310.6,185027,0
2026-01-23 15:20:00+05:30,1310.6,1313.0,1305.3,1310.7,157322,0
2026-01-23 15:25:00+05:30,1310.8,1314.9,1305.9,1314.9,157932,0
2026-01-27 09:15:00+05:30,1334.3,1344.0,1322.7,1331.5,266438,0
2026-01-27 09:20:00+05:30,1331.4,1333.7,1322.0,1332.8,104894,0
2026-01-27 09:25:00+05:30,1332.8,1344.9,1330.6,1343.8,107134,0
2026-01-27 09:30:00+05:30,1343.7,1347.4,1338.2,1340.8,102222,0
2026-01-27 09:35:00+05:30,1340.9,1349.9,1340.5,1348.1,83515,0
2026-01-27 09:40:00+05:30,1348.7,1354.8,1348.1,1352.6,109559,0
2026-01-27 09:45:00+05:30,1352.8,1357.9,1352.0,1357.0,87624,0
2026-01-27 09:50:00+05:30,1357.0,1362.5,1355.8,1361.7,106937,0
2026-01-27 09:55:00+05:30,1361.6,1362.4,1356.2,1361.9,105815,0
2026-01-27 10:00:00+05:30,1361.9,1366.5,1361.8,1364.4,101536,0
2026-01-27 10:05:00+05:30,1364.4,1364.6,1360.2,1363.3,53143,0
2026-01-27 10:10:00+05:30,1363.0,1368.1,1359.7,1366.9,69710,0
2026-01-27 10:15:00+05:30,1366.9,1368.3,1364.8,1366.2,42894,0
2026-01-27 10:20:00+05:30,1366.1,1367.2,1364.1,1366.6,26301,0
2026-01-27 10:25:00+05:30,1366.6,1367.8,1363.8,1364.6,28580,0
2026-01-27 10:30:00+05:30,1364.7,1367.4,1362.8,1367.4,34945,0
2026-01-27 10:35:00+05:30,1367.4,1368.0,1362.6,1363.4,30664,0
2026-01-27 10:40:00+05:30,1363.4,1363.5,1351.5,1354.2,85971,0
2026-01-27 10:45:00+05:30,1354.2,1355.9,1352.4,1355.4,46000,0
2026-01-27 10:50:00+05:30,1355.2,1355.2,1345.7,1348.2,63432,0
2026-01-27 10:55:00+05:30,1348.2,1349.2,1341.1,1341.4,52228,0
2026-01-27 11:00:00+05:30,1341.1,1346.4,1341.0,1345.3,45278,0
2026-01-27 11:05:00+05:30,1345.0,1346.0,1339.7,1342.1,37554,0
2026-01-27 11:10:00+05:30,1342.2,1344.7,1341.2,1344.7,22413,0
2026-01-27 11:15:00+05:30,1344.6,1348.9,1342.1,1345.5,35363,0
2026-01-27 11:20:00+05:30,1345.8,1346.7,1343.1,1343.1,23170,0
2026-01-27 11:25:00+05:30,1343.1,1347.8,1342.1,1346.1,13924,0
2026-01-27 11:30:00+05:30,1346.7,1348.0,1345.1,1347.7,14371,0
2026-01-27 11:35:00+05:30,1347.8,1355.8,1347.8,1351.0,70524,0
2026-01-27 11:40:00+05:30,1351.4,1357.0,1350.0,1355.7,41445,0
2026-01-27 11:45:00+05:30,1355.0,1357.0,1351.0,1351.0,40605,0
2026-01-27 11:50:00+05:30,1351.4,1351.5,1344.8,1346.1,35667,0
2026-01-27 11:55:00+05:30,1346.1,1349.3,1344.8,1347.2,13130,0
2026-01-27 12:00:00+05:30,1347.3,1349.0,1346.6,1347.9,13739,0
2026-01-27 12:05:00+05:30,1348.5,1349.5,1346.6,1347.0,16474,0
2026-01-27 12:10:00+05:30,1346.7,1349.0,1346.6,1347.0,14924,0
2026-01-27 12:15:00+05:30,1347.0,1348.1,1344.5,1344.9,13747,0
2026-01-27 12:20:00+05:30,1344.9,1348.8,1344.2,1346.6,21833,0
2026-01-27 12:25:00+05:30,1347.2,1349.1,1343.0,1343.0,16372,0
2026-01-27 12:30:00+05:30,1343.6,1346.5,1342.4,1345.3,15562,0
2026-01-27 12:35:00+05:30,1345.3,1347.6,1345.1,1346.4,9886,0
2026-01-27 12:40:00+05:30,1347.1,1347.5,1345.5,1347.4,16269,0
2026-01-27 12:45:00+05:30,1347.4,1348.7,1344.2,1344.5,16803,0
2026-01-27 12:50:00+05:30,1344.1,1346.0,1343.0,1345.0,11800,0
2026-01-27 12:55:00+05:30,1345.0,1345.0,1340.0,1343.4,25320,0
2026-01-27 13:00:00+05:30,1343.4,1348.5,1342.3,1348.0,29826,0
2026-01-27 13:05:00+05:30,1348.4,1352.8,1347.4,1352.4,30435,0
2026-01-27 13:10:00+05:30,1352.4,1352.7,1347.6,1348.7,21538,0
2026-01-27 13:15:00+05:30,1349.3,1351.5,1347.5,1349.0,14472,0
2026-01-27 13:20:00+05:30,1349.5,1349.7,1346.1,1348.3,14838,0
2026-01-27 13:25:00+05:30,1348.3,1348.3,1345.1,1348.3,11444,0
2026-01-27 13:30:00+05:30,1348.5,1349.8,1346.7,1347.1,15306,0
2026-01-27 13:35:00+05:30,1347.1,1347.5,1340.1,1340.5,18302,0
2026-01-27 13:40:00+05:30,1341.1,1344.0,1339.1,1341.4,35107,0
2026-01-27 13:45:00+05:30,1341.9,1343.2,1341.1,1342.1,15779,0
2026-01-27 13:50:00+05:30,1342.0,1343.0,1340.9,1342.4,12149,0
2026-01-27 13:55:00+05:30,1343.0,1347.4,1342.8,1347.4,26852,0
2026-01-27 14:00:00+05:30,1347.4,1349.0,1345.3,1347.0,75162,0
2026-01-27 14:05:00+05:30,1346.4,1347.1,1343.6,1346.0,45536,0
2026-01-27 14:10:00+05:30,1346.0,1347.6,1344.2,1345.5,29924,0
2026-01-27 14:15:00+05:30,1345.5,1346.4,1343.1,1346.1,13376,0
2026-01-27 14:20:00+05:30,1346.1,1347.7,1342.8,1344.4,29034,0
2026-01-27 14:25:00+05:30,1344.7,1347.5,1344.4,1346.7,13398,0
2026-01-27 14:30:00+05:30,1346.6,1350.1,1346.1,1349.7,24374,0
2026-01-27 14:35:00+05:30,1349.6,1356.0,1349.5,1355.5,51912,0
2026-01-27 14:40:00+05:30,1355.4,1361.6,1355.3,1360.0,78539,0
2026-01-27 14:45:00+05:30,1360.3,1363.9,1359.5,1363.7,53053,0
2026-01-27 14:50:00+05:30,1363.6,1366.3,1362.6,1366.3,40785,0
2026-01-27 14:55:00+05:30,1366.3,1368.0,1364.5,1366.2,76713,0
2026-01-27 15:00:00+05:30,1365.8,1366.2,1358.6,1360.6,151964,0
2026-01-27 15:05:00+05:30,1360.8,1363.8,1360.0,1362.5,102230,0
2026-01-27 15:10:00+05:30,1362.4,1364.9,1362.1,1363.6,121229,0
2026-01-27 15:15:00+05:30,1363.7,1365.9,1363.6,1365.0,138452,0
2026-01-27 15:20:00+05:30,1365.0,1367.5,1364.4,1366.3,152066,0
2026-01-27 15:25:00+05:30,1366.3,1367.4,1360.4,1365.0,98829,0
2026-01-28 09:15:00+05:30,1373.9,1377.5,1363.9,1375.8,232230,0
2026-01-28 09:20:00+05:30,1375.8,1377.7,1370.8,1373.3,80519,0
2026-01-28 09:25:00+05:30,1373.6,1375.6,1371.2,1374.0,44520,0
2026-01-28 09:30:00+05:30,1373.3,1374.9,1367.7,1367.7,48335,0
2026-01-28 09:35:00+05:30,1367.7,1368.9,1363.7,1367.7,54502,0
2026-01-28 09:40:00+05:30,1367.3,1369.8,1366.5,1368.1,37316,0
2026-01-28 09:45:00+05:30,1368.2,1371.4,1366.3,1371.2,29101,0
2026-01-28 09:50:00+05:30,1371.4,1382.5,1370.7,1380.4,108489,0
2026-01-28 09:55:00+05:30,1381.0,1382.1,1378.4,1380.9,52752,0
2026-01-28 10:00:00+05:30,1380.8,1382.5,1375.5,1376.4,45683,0
2026-01-28 10:05:00+05:30,1376.4,1376.6,1368.1,1374.2,54874,0
2026-01-28 10:10:00+05:30,1374.3,1377.9,1372.7,1377.1,23945,0
2026-01-28 10:15:00+05:30,1377.2,1379.9,1374.9,1379.2,20952,0
2026-01-28 10:20:00+05:30,1379.3,1379.9,1377.1,1378.8,17533,0
2026-01-28 10:25:00+05:30,1378.8,1379.4,1377.5,1377.9,11788,0
2026-01-28 10:30:00+05:30,1378.1,1379.5,1376.6,1377.8,15476,0
2026-01-28 10:35:00+05:30,1377.6,1381.9,1374.4,1380.9,26119,0
2026-01-28 10:40:00+05:30,1380.5,1381.5,1378.2,1379.3,16414,0
2026-01-28 10:45:00+05:30,1379.3,1380.0,1378.5,1379.5,13474,0
2026-01-28 10:50:00+05:30,1379.8,1383.0,1379.1,1380.6,27484,0
2026-01-28 10:55:00+05:30,1380.4,1380.4,1377.3,1378.7,13858,0
2026-01-28 11:00:00+05:30,1378.6,1380.8,1376.6,1380.5,14451,0
2026-01-28 11:05:00+05:30,1380.2,1380.8,1375.6,1375.8,33091,0
2026-01-28 11:10:00+05:30,1375.8,1377.8,1375.6,1377.3,14270,0
2026-01-28 11:15:00+05:30,1377.2,1377.5,1374.8,1375.0,36724,0
2026-01-28 11:20:00+05:30,1374.8,1375.9,1374.1,1375.4,36546,0
2026-01-28 11:25:00+05:30,1375.2,1377.5,1374.4,1375.8,85577,0
2026-01-28 11:30:00+05:30,1375.9,1378.9,1375.3,1378.5,18840,0
2026-01-28 11:35:00+05:30,1378.4,1378.5,1374.4,1376.6,49173,0
2026-01-28 11:40:00+05:30,1376.4,1377.7,1375.4,1377.7,38151,0
2026-01-28 11:45:00+05:30,1377.5,1380.5,1377.5,1380.3,48624,0
2026-01-28 11:50:00+05:30,1380.4,1380.9,1379.1,1380.0,57729,0
2026-01-28 11:55:00+05:30,1379.9,1381.5,1379.6,1380.7,68651,0
2026-01-28 12:00:00+05:30,1380.7,1381.5,1380.0,1381.4,12510,0
2026-01-28 12:05:00+05:30,1381.1,1383.3,1380.8,1382.0,32550,0
2026-01-28 12:10:00+05:30,1381.9,1382.0,1380.1,1380.3,10443,0
2026-01-28 12:15:00+05:30,1380.2,1382.0,1379.6,1379.6,14669,0
2026-01-28 12:20:00+05:30,1379.9,1380.5,1378.1,1378.5,10748,0
2026-01-28 12:25:00+05:30,1378.5,1379.0,1375.0,1375.5,24022,0
2026-01-28 12:30:00+05:30,1375.5,1378.1,1375.5,1377.4,24630,0
2026-01-28 12:35:00+05:30,1377.6,1381.6,1377.3,1380.4,22276,0
2026-01-28 12:40:00+05:30,1380.3,1381.0,1378.8,1380.9,52478,0
2026-01-28 12:45:00+05:30,1380.9,1381.9,1379.8,1380.8,36700,0
2026-01-28 12:50:00+05:30,1380.7,1381.9,1380.0,1380.4,15491,0
2026-01-28 12:55:00+05:30,1380.6,1381.9,1380.0,1381.6,11368,0
2026-01-28 13:00:00+05:30,1381.5,1384.0,1381.2,1382.3,32634,0
2026-01-28 13:05:00+05:30,1382.2,1383.0,1380.1,1380.2,11008,0
2026-01-28 13:10:00+05:30,1380.2,1381.6,1380.0,1380.2,13789,0
2026-01-28 13:15:00+05:30,1380.1,1382.9,1380.0,1380.5,34658,0
2026-01-28 13:20:00+05:30,1380.3,1380.6,1375.0,1376.8,41855,0
2026-01-28 13:25:00+05:30,1376.9,1376.9,1374.5,1375.5,44929,0
2026-01-28 13:30:00+05:30,1375.4,1376.4,1374.5,1375.4,45832,0
2026-01-28 13:35:00+05:30,1375.3,1376.4,1373.0,1375.6,55998,0
2026-01-28 13:40:00+05:30,1375.6,1376.3,1373.8,1373.8,24450,0
2026-01-28 13:45:00+05:30,1373.2,1373.9,1371.5,1371.7,13919,0
2026-01-28 13:50:00+05:30,1371.7,1374.5,1370.1,1373.5,52736,0
2026-01-28 13:55:00+05:30,1373.8,1375.0,1372.5,1373.8,14793,0
2026-01-28 14:00:00+05:30,1373.8,1375.0,1372.5,1373.1,22405,0
2026-01-28 14:05:00+05:30,1373.2,1374.5,1372.8,1373.4,19867,0
2026-01-28 14:10:00+05:30,1373.2,1374.0,1371.4,1373.2,20140,0
2026-01-28 14:15:00+05:30,1373.1,1374.4,1371.8,1372.3,26013,0
2026-01-28 14:20:00+05:30,1372.4,1374.6,1371.9,1374.1,22414,0
2026-01-28 14:25:00+05:30,1374.4,1378.2,1373.8,1377.7,66302,0
2026-01-28 14:30:00+05:30,1377.9,1379.3,1377.5,1378.0,45818,0
2026-01-28 14:35:00+05:30,1378.1,1379.8,1377.9,1379.1,36080,0
2026-01-28 14:40:00+05:30,1378.7,1380.6,1378.1,1379.0,73616,0
2026-01-28 14:45:00+05:30,1379.1,1380.8,1379.0,1380.7,17449,0
2026-01-28 14:50:00+05:30,1380.6,1382.5,1380.6,1382.0,35189,0
2026-01-28 14:55:00+05:30,1382.0,1384.0,1381.8,1382.3,46716,0
2026-01-28 15:00:00+05:30,1382.2,1384.3,1380.8,1382.4,72921,0
2026-01-28 15:05:00+05:30,1382.4,1382.5,1379.6,1380.5,54768,0
2026-01-28 15:10:00+05:30,1380.3,1382.0,1379.9,1381.4,53457,0
2026-01-28 15:15:00+05:30,1381.1,1383.3,1380.0,1380.5,62593,0
2026-01-28 15:20:00+05:30,1380.2,1382.5,1380.2,1382.0,59265,0
2026-01-28 15:25:00+05:30,1381.9,1384.0,1378.2,1379.6,71385,0
2026-01-29 09:15:00+05:30,1384.9,1384.9,1371.6,1375.0,56816,0
2026-01-29 09:20:00+05:30,1375.0,1377.1,1373.5,1375.7,17519,0
2026-01-29 09:25:00+05:30,1375.4,1379.6,1375.1,1377.2,20295,0
2026-01-29 09:30:00+05:30,1377.2,1377.5,1375.0,1377.5,11104,0
2026-01-29 09:35:00+05:30,1377.4,1379.8,1376.8,1379.0,30793,0
2026-01-29 09:40:00+05:30,1379.0,1382.0,1378.1,1378.7,24359,0
2026-01-29 09:45:00+05:30,1378.2,1383.5,1378.2,1383.5,18457,0
2026-01-29 09:50:00+05:30,1382.6,1387.0,1381.7,1381.9,94774,0
2026-01-29 09:55:00+05:30,1381.6,1387.7,1381.1,1385.4,62747,0
2026-01-29 10:00:00+05:30,1386.0,1386.4,1384.0,1385.4,12004,0
2026-01-29 10:05:00+05:30,1385.1,1386.0,1382.1,1382.7,129874,0
2026-01-29 10:10:00+05:30,1382.5,1382.5,1378.6,1378.7,19766,0
2026-01-29 10:15:00+05:30,1378.9,1380.7,1377.0,1377.6,22140,0
2026-01-29 10:20:00+05:30,1377.6,1378.8,1372.9,1377.5,28369,0
2026-01-29 10:25:00+05:30,1377.3,1378.2,1374.8,1375.2,8969,0
2026-01-29 10:30:00+05:30,1374.8,1378.9,1374.1,1378.7,5222,0
2026-01-29 10:35:00+05:30,1378.4,1380.1,1376.7,1379.0,12952,0
2026-01-29 10:40:00+05:30,1378.0,1383.4,1377.3,1380.0,17911,0
2026-01-29 10:45:00+05:30,1379.8,1380.9,1377.1,1379.0,8328,0
2026-01-29 10:50:00+05:30,1378.9,1381.9,1377.9,1380.8,18513,0
2026-01-29 10:55:00+05:30,1381.2,1382.0,1378.0,1380.5,9844,0
2026-01-29 11:00:00+05:30,1380.5,1382.0,1380.2,1381.6,3678,0
2026-01-29 11:05:00+05:30,1381.5,1382.9,1380.4,1382.0,10371,0
2026-01-29 11:10:00+05:30,1382.0,1382.6,1380.0,1382.0,6864,0
2026-01-29 11:15:00+05:30,1382.0,1384.9,1381.6,1383.2,12033,0
2026-01-29 11:20:00+05:30,1383.0,1387.7,1382.5,1384.9,26299,0
2026-01-29 11:25:00+05:30,1384.6,1385.0,1381.8,1383.2,7981,0
2026-01-29 11:30:00+05:30,1383.1,1383.7,1380.0,1380.4,8387,0
2026-01-29 11:35:00+05:30,1380.3,1380.4,1377.5,1379.0,10654,0
2026-01-29 11:40:00+05:30,1379.0,1382.4,1378.7,1380.1,10352,0
2026-01-29 11:45:00+05:30,1379.8,1384.6,1379.1,1383.7,16061,0
2026-01-29 11:50:00+05:30,1383.5,1384.7,1382.5,1382.9,5256,0
2026-01-29 11:55:00+05:30,1382.9,1383.7,1381.6,1382.6,4656,0
2026-01-29 12:00:00+05:30,1382.6,1384.3,1381.8,1383.6,8262,0
2026-01-29 12:05:00+05:30,1383.8,1384.0,1382.6,1383.9,10887,0
2026-01-29 12:10:00+05:30,1383.9,1384.0,1381.1,1383.2,6501,0
2026-01-29 12:15:00+05:30,1383.2,1383.2,1381.9,1382.5,2861,0
2026-01-29 12:20:00+05:30,1383.0,1385.0,1382.5,1385.0,9096,0
2026-01-29 12:25:00+05:30,1385.0,1389.2,1384.4,1388.7,16821,0
2026-01-29 12:30:00+05:30,1388.7,1391.1,1388.1,1389.3,23714,0
2026-01-29 12:35:00+05:30,1389.8,1390.0,1386.6,1387.4,16860,0
2026-01-29 12:40:00+05:30,1387.5,1387.8,1386.0,1386.1,8624,0
2026-01-29 12:45:00+05:30,1386.5,1387.7,1385.1,1387.3,7285,0
2026-01-29 12:50:00+05:30,1387.3,1389.0,1386.6,1388.1,3716,0
2026-01-29 12:55:00+05:30,1388.6,1389.5,1387.0,1387.9,7083,0
2026-01-29 13:00:00+05:30,1388.4,1390.9,1387.8,1390.0,10819,0
2026-01-29 13:05:00+05:30,1390.0,1390.9,1390.0,1390.8,3118,0
2026-01-29 13:10:00+05:30,1390.3,1391.8,1389.5,1390.5,8060,0
2026-01-29 13:15:00+05:30,1390.5,1390.5,1388.1,1389.2,4849,0
2026-01-29 13:20:00+05:30,1389.0,1392.5,1387.2,1392.4,20570,0
2026-01-29 13:25:00+05:30,1392.6,1400.8,1392.2,1397.1,157798,0
2026-01-29 13:30:00+05:30,1397.0,1402.4,1396.3,1400.2,37793,0
2026-01-29 13:35:00+05:30,1400.9,1403.3,1400.0,1402.6,21455,0
2026-01-29 13:40:00+05:30,1402.7,1404.7,1400.7,1403.8,34720,0
2026-01-29 13:45:00+05:30,1403.9,1404.4,1402.2,1403.3,12823,0
2026-01-29 13:50:00+05:30,1403.3,1404.7,1402.5,1404.1,10234,0
2026-01-29 13:55:00+05:30,1404.7,1404.7,1401.3,1402.0,13781,0
2026-01-29 14:00:00+05:30,1401.8,1402.9,1398.6,1398.7,11798,0
2026-01-29 14:05:00+05:30,1398.7,1399.1,1395.2,1396.0,25870,0
2026-01-29 14:10:00+05:30,1395.7,1400.8,1395.7,1399.9,20282,0
2026-01-29 14:15:00+05:30,1399.6,1400.2,1397.9,1398.3,5941,0
2026-01-29 14:20:00+05:30,1397.9,1399.6,1397.7,1399.6,6932,0
2026-01-29 14:25:00+05:30,1399.1,1401.6,1398.9,1401.5,10725,0
2026-01-29 14:30:00+05:30,1401.5,1404.0,1401.1,1403.6,24227,0
2026-01-29 14:35:00+05:30,1403.4,1403.7,1401.3,1402.3,12246,0
2026-01-29 14:40:00+05:30,1402.3,1403.0,1401.3,1402.0,6930,0
2026-01-29 14:45:00+05:30,1401.7,1404.0,1401.7,1403.3,16865,0
2026-01-29 14:50:00+05:30,1402.9,1404.0,1401.3,1402.4,13162,0
2026-01-29 14:55:00+05:30,1402.0,1403.6,1400.5,1403.6,9939,0
2026-01-29 15:00:00+05:30,1403.2,1410.4,1403.2,1410.4,429544,0
2026-01-29 15:05:00+05:30,1410.1,1418.7,1409.8,1416.3,452970,0
2026-01-29 15:10:00+05:30,1416.3,1418.7,1416.0,1417.1,393876,0
2026-01-29 15:15:00+05:30,1417.4,1419.5,1415.1,1416.8,410806,0
2026-01-29 15:20:00+05:30,1416.8,1429.0,1416.0,1427.9,586108,0
2026-01-29 15:25:00+05:30,1427.9,1428.3,1415.0,1417.1,268990,0
2026-01-30 09:15:00+05:30,1417.8,1420.0,1407.0,1416.5,69262,0
2026-01-30 09:20:00+05:30,1416.0,1416.6,1409.9,1415.7,75177,0
2026-01-30 09:25:00+05:30,1415.7,1422.0,1415.5,1418.0,47075,0
2026-01-30 09:30:00+05:30,1418.0,1424.8,1417.5,1422.7,52220,0
2026-01-30 09:35:00+05:30,1422.7,1423.7,1418.7,1418.9,32655,0
2026-01-30 09:40:00+05:30,1418.9,1421.8,1417.5,1421.4,22276,0
2026-01-30 09:45:00+05:30,1421.4,1421.4,1417.7,1420.4,21241,0
2026-01-30 09:50:00+05:30,1420.4,1420.6,1417.9,1419.9,16455,0
2026-01-30 09:55:00+05:30,1419.9,1420.0,1415.7,1419.3,26007,0
2026-01-30 10:00:00+05:30,1419.4,1421.8,1417.8,1419.7,16328,0
2026-01-30 10:05:00+05:30,1419.9,1422.4,1419.1,1420.7,21912,0
2026-01-30 10:10:00+05:30,1420.7,1422.9,1420.4,1422.4,7202,0
2026-01-30 10:15:00+05:30,1422.4,1423.4,1421.6,1421.7,9078,0
2026-01-30 10:20:00+05:30,1421.3,1422.5,1419.9,1422.1,15697,0
2026-01-30 10:25:00+05:30,1422.1,1422.9,1420.6,1422.1,8866,0
2026-01-30 10:30:00+05:30,1422.4,1424.0,1421.0,1424.0,17684,0
2026-01-30 10:35:00+05:30,1424.0,1424.8,1423.6,1424.5,8804,0
2026-01-30 10:40:00+05:30,1424.5,1426.6,1424.0,1425.7,20253,0
2026-01-30 10:45:00+05:30,1425.6,1426.9,1421.9,1422.3,26058,0
2026-01-30 10:50:00+05:30,1422.3,1423.8,1421.6,1423.7,5633,0
2026-01-30 10:55:00+05:30,1423.7,1424.5,1423.3,1424.3,4713,0
2026-01-30 11:00:00+05:30,1424.1,1426.0,1423.8,1424.9,10161,0
2026-01-30 11:05:00+05:30,1424.9,1425.3,1423.0,1423.0,11305,0
2026-01-30 11:10:00+05:30,1423.0,1424.7,1421.2,1423.8,10524,0
2026-01-30 11:15:00+05:30,1423.5,1424.2,1423.1,1423.8,4023,0
2026-01-30 11:20:00+05:30,1423.9,1426.4,1423.2,1426.4,10035,0
2026-01-30 11:25:00+05:30,1425.9,1428.5,1425.9,1427.4,13975,0
2026-01-30 11:30:00+05:30,1426.9,1427.4,1423.6,1424.2,14631,0
2026-01-30 11:35:00+05:30,1424.2,1424.7,1421.9,1423.2,14394,0
2026-01-30 11:40:00+05:30,1423.0,1423.5,1422.2,1422.5,4725,0
2026-01-30 11:45:00+05:30,1422.5,1422.9,1421.7,1422.4,5430,0
2026-01-30 11:50:00+05:30,1422.1,1423.9,1421.7,1423.6,8787,0
2026-01-30 11:55:00+05:30,1423.7,1423.9,1416.2,1416.7,35154,0
2026-01-30 12:00:00+05:30,1416.7,1419.4,1416.4,1418.8,20912,0
2026-01-30 12:05:00+05:30,1418.8,1420.1,1418.1,1418.2,11686,0
2026-01-30 12:10:00+05:30,1418.6,1420.0,1417.9,1419.9,12148,0
2026-01-30 12:15:00+05:30,1419.9,1420.0,1417.2,1418.1,13280,0
2026-01-30 12:20:00+05:30,1418.3,1422.6,1418.3,1422.0,11203,0
2026-01-30 12:25:00+05:30,1422.0,1423.7,1421.7,1423.4,6056,0
2026-01-30 12:30:00+05:30,1423.5,1424.6,1423.0,1423.1,12537,0
2026-01-30 12:35:00+05:30,1423.0,1423.9,1421.2,1421.7,7436,0
2026-01-30 12:40:00+05:30,1421.7,1422.4,1420.1,1420.6,7409,0
2026-01-30 12:45:00+05:30,1420.6,1421.4,1418.1,1418.6,19095,0
2026-01-30 12:50:00+05:30,1418.6,1419.6,1418.4,1419.3,6439,0
2026-01-30 12:55:00+05:30,1419.3,1419.4,1418.1,1419.1,9211,0
2026-01-30 13:00:00+05:30,1418.4,1419.3,1416.9,1416.9,19091,0
2026-01-30 13:05:00+05:30,1417.1,1418.3,1414.1,1415.5,80544,0
2026-01-30 13:10:00+05:30,1415.9,1417.7,1415.2,1416.6,70783,0
2026-01-30 13:15:00+05:30,1417.2,1417.8,1415.2,1417.8,63520,0
2026-01-30 13:20:00+05:30,1417.9,1418.5,1417.5,1418.1,8724,0
2026-01-30 13:25:00+05:30,1418.1,1418.4,1417.7,1418.1,3938,0
2026-01-30 13:30:00+05:30,1417.9,1421.0,1417.9,1420.3,54989,0
2026-01-30 13:35:00+05:30,1420.0,1420.7,1419.0,1419.8,4688,0
2026-01-30 13:40:00+05:30,1419.9,1423.5,1419.5,1423.5,17380,0
2026-01-30 13:45:00+05:30,1423.5,1423.7,1421.7,1422.5,8110,0
2026-01-30 13:50:00+05:30,1422.3,1423.7,1422.3,1423.7,12592,0
2026-01-30 13:55:00+05:30,1423.7,1424.9,1422.6,1423.5,11957,0
2026-01-30 14:00:00+05:30,1423.3,1424.5,1422.3,1422.5,10559,0
2026-01-30 14:05:00+05:30,1422.6,1424.1,1421.9,1423.0,12986,0
2026-01-30 14:10:00+05:30,1423.0,1423.4,1421.3,1422.5,7714,0
2026-01-30 14:15:00+05:30,1422.7,1424.8,1421.9,1424.1,8533,0
2026-01-30 14:20:00+05:30,1424.0,1424.3,1421.8,1422.6,13291,0
2026-01-30 14:25:00+05:30,1422.6,1422.8,1418.4,1418.9,22014,0
2026-01-30 14:30:00+05:30,1418.4,1420.5,1418.1,1418.6,7881,0
2026-01-30 14:35:00+05:30,1418.1,1420.1,1417.8,1418.5,57729,0
2026-01-30 14:40:00+05:30,1418.0,1418.5,1413.0,1413.3,33002,0
2026-01-30 14:45:00+05:30,1413.5,1416.0,1410.2,1415.0,51699,0
2026-01-30 14:50:00+05:30,1415.0,1417.2,1415.0,1416.7,29940,0
2026-01-30 14:55:00+05:30,1416.6,1417.9,1414.0,1415.9,41427,0
2026-01-30 15:00:00+05:30,1416.3,1419.7,1416.2,1419.4,94939,0
2026-01-30 15:05:00+05:30,1419.3,1422.5,1418.1,1419.0,134197,0
2026-01-30 15:10:00+05:30,1419.0,1420.5,1415.9,1419.4,132473,0
2026-01-30 15:15:00+05:30,1419.4,1422.5,1418.7,1421.8,122742,0
2026-01-30 15:20:00+05:30,1421.7,1422.6,1415.3,1418.6,189256,0
2026-01-30 15:25:00+05:30,1418.4,1421.6,1415.1,1417.0,95366,0
2026-02-01 09:15:00+05:30,1419.8,1419.8,1402.7,1409.5,42383,0
2026-02-01 09:20:00+05:30,1409.0,1410.0,1403.1,1408.3,11034,0
2026-02-01 09:25:00+05:30,1408.1,1415.8,1407.0,1412.5,18217,0
2026-02-01 09:30:00+05:30,1412.0,1412.0,1407.9,1409.5,6091,0
2026-02-01 09:35:00+05:30,1409.6,1411.5,1408.4,1409.8,7631,0
2026-02-01 09:40:00+05:30,1409.8,1411.5,1408.4,1411.0,2884,0
2026-02-01 09:45:00+05:30,1411.0,1411.0,1409.0,1410.4,3963,0
2026-02-01 09:50:00+05:30,1410.5,1410.7,1405.5,1408.0,8698,0
2026-02-01 09:55:00+05:30,1408.0,1410.9,1407.3,1410.4,3866,0
2026-02-01 10:00:00+05:30,1410.4,1410.6,1409.5,1409.5,2515,0
2026-02-01 10:05:00+05:30,1410.0,1413.6,1409.9,1411.6,8975,0
2026-02-01 10:10:00+05:30,1411.6,1417.4,1411.0,1415.2,10970,0
2026-02-01 10:15:00+05:30,1415.2,1421.5,1414.7,1418.4,12333,0
2026-02-01 10:20:00+05:30,1418.4,1423.8,1417.5,1422.8,9727,0
2026-02-01 10:25:00+05:30,1423.2,1423.9,1420.3,1421.0,8121,0
2026-02-01 10:30:00+05:30,1420.9,1421.0,1418.5,1419.8,4284,0
2026-02-01 10:35:00+05:30,1419.9,1422.4,1419.9,1421.6,7384,0
2026-02-01 10:40:00+05:30,1421.2,1423.9,1420.3,1420.6,3747,0
2026-02-01 10:45:00+05:30,1420.6,1422.5,1420.0,1420.4,4858,0
2026-02-01 10:50:00+05:30,1421.1,1427.0,1421.0,1425.9,14096,0
2026-02-01 10:55:00+05:30,1425.8,1428.6,1424.2,1426.3,16111,0
2026-02-01 11:00:00+05:30,1426.4,1426.5,1421.4,1422.3,7125,0
2026-02-01 11:05:00+05:30,1423.5,1428.5,1422.4,1427.7,9735,0
2026-02-01 11:10:00+05:30,1428.2,1429.0,1424.0,1425.3,5806,0
2026-02-01 11:15:00+05:30,1425.3,1426.0,1422.0,1422.6,6018,0
2026-02-01 11:20:00+05:30,1422.1,1453.9,1421.6,1442.3,184036,0
2026-02-01 11:25:00+05:30,1442.3,1444.6,1425.6,1428.5,108069,0
2026-02-01 11:30:00+05:30,1428.7,1429.4,1423.4,1424.7,26427,0
2026-02-01 11:35:00+05:30,1424.0,1426.1,1418.1,1420.0,24793,0
2026-02-01 11:40:00+05:30,1420.0,1422.4,1415.1,1417.5,51102,0
2026-02-01 11:45:00+05:30,1417.9,1420.2,1416.6,1419.8,15545,0
2026-02-01 11:50:00+05:30,1419.7,1422.4,1417.1,1417.1,7635,0
2026-02-01 11:55:00+05:30,1417.6,1418.8,1415.1,1415.9,11751,0
2026-02-01 12:00:00+05:30,1415.7,1416.0,1410.1,1411.1,15490,0
2026-02-01 12:05:00+05:30,1410.1,1417.1,1404.0,1415.6,46882,0
2026-02-01 12:10:00+05:30,1415.7,1418.5,1406.0,1407.4,31027,0
2026-02-01 12:15:00+05:30,1407.8,1414.4,1398.2,1400.7,37508,0
2026-02-01 12:20:00+05:30,1400.6,1404.4,1393.0,1393.5,40620,0
2026-02-01 12:25:00+05:30,1393.0,1398.6,1383.2,1387.6,56552,0
2026-02-01 12:30:00+05:30,1387.3,1388.0,1365.7,1377.4,68358,0
2026-02-01 12:35:00+05:30,1378.3,1393.0,1378.3,1391.5,43172,0
2026-02-01 12:40:00+05:30,1391.9,1392.0,1385.0,1388.0,18370,0
2026-02-01 12:45:00+05:30,1388.1,1391.6,1384.0,1384.4,17896,0
2026-02-01 12:50:00+05:30,1384.0,1389.9,1382.4,1389.3,18236,0
2026-02-01 12:55:00+05:30,1389.8,1395.0,1388.1,1392.8,17747,0
2026-02-01 13:00:00+05:30,1392.5,1392.8,1387.7,1389.9,8896,0
2026-02-01 13:05:00+05:30,1389.6,1390.0,1386.4,1388.2,14194,0
2026-02-01 13:10:00+05:30,1388.3,1389.6,1383.6,1385.2,25741,0
2026-02-01 13:15:00+05:30,1386.3,1386.3,1378.5,1379.2,13728,0
2026-02-01 13:20:00+05:30,1379.6,1381.2,1378.0,1379.1,9900,0
2026-02-01 13:25:00+05:30,1379.0,1379.0,1371.6,1372.0,22721,0
2026-02-01 13:30:00+05:30,1372.1,1375.9,1370.0,1375.0,22064,0
2026-02-01 13:35:00+05:30,1375.1,1375.9,1371.2,1374.6,9712,0
2026-02-01 13:40:00+05:30,1374.6,1379.0,1373.2,1378.2,13700,0
2026-02-01 13:45:00+05:30,1378.4,1380.0,1372.0,1373.7,11733,0
2026-02-01 13:50:00+05:30,1373.9,1374.5,1370.3,1372.7,11423,0
2026-02-01 13:55:00+05:30,1373.1,1375.1,1371.0,1372.6,7462,0
2026-02-01 14:00:00+05:30,1372.6,1374.5,1371.8,1373.3,4518,0
2026-02-01 14:05:00+05:30,1372.8,1373.3,1371.0,1371.7,4974,0
2026-02-01 14:10:00+05:30,1371.5,1373.8,1370.0,1373.2,5882,0
2026-02-01 14:15:00+05:30,1372.8,1373.5,1371.5,1373.0,5643,0
2026-02-01 14:20:00+05:30,1372.9,1373.8,1372.1,1372.2,5069,0
2026-02-01 14:25:00+05:30,1373.0,1374.5,1372.4,1373.2,8302,0
2026-02-01 14:30:00+05:30,1372.7,1375.3,1372.2,1373.9,14223,0
2026-02-01 14:35:00+05:30,1374.5,1376.8,1373.0,1376.0,62008,0
2026-02-01 14:40:00+05:30,1376.0,1376.1,1372.5,1374.0,55444,0
2026-02-01 14:45:00+05:30,1373.8,1374.4,1369.0,1370.0,33284,0
2026-02-01 14:50:00+05:30,1370.3,1372.3,1364.8,1368.6,66860,0
2026-02-01 14:55:00+05:30,1368.3,1370.0,1362.0,1363.0,47263,0
2026-02-01 15:00:00+05:30,1362.8,1364.9,1361.0,1362.4,38104,0
2026-02-01 15:05:00+05:30,1363.5,1365.0,1360.2,1360.7,16935,0
2026-02-01 15:10:00+05:30,1360.7,1360.9,1351.5,1352.3,44370,0
2026-02-01 15:15:00+05:30,1352.3,1352.3,1342.6,1345.8,86328,0
2026-02-01 15:20:00+05:30,1345.9,1347.0,1335.0,1335.3,108098,0
2026-02-01 15:25:00+05:30,1335.3,1349.0,1325.0,1347.9,117717,0
2026-02-02 09:15:00+05:30,1348.0,1371.6,1348.0,1363.3,163965,0
2026-02-02 09:20:00+05:30,1364.2,1380.7,1363.3,1377.6,113632,0
2026-02-02 09:25:00+05:30,1378.0,1379.4,1369.2,1376.7,105706,0
2026-02-02 09:30:00+05:30,1377.1,1384.2,1376.1,1376.8,124612,0
2026-02-02 09:35:00+05:30,1376.7,1376.7,1372.5,1373.4,54206,0
2026-02-02 09:40:00+05:30,1373.8,1374.5,1369.1,1372.5,70540,0
2026-02-02 09:45:00+05:30,1372.0,1376.3,1370.3,1370.6,56087,0
2026-02-02 09:50:00+05:30,1370.7,1380.5,1370.1,1380.2,83430,0
2026-02-02 09:55:00+05:30,1380.0,1383.5,1375.4,1375.7,53823,0
2026-02-02 10:00:00+05:30,1375.8,1378.8,1374.1,1375.9,18158,0
2026-02-02 10:05:00+05:30,1375.7,1380.8,1373.6,1380.8,28958,0
2026-02-02 10:10:00+05:30,1380.0,1381.8,1374.1,1381.4,27583,0
2026-02-02 10:15:00+05:30,1381.2,1383.0,1377.9,1379.8,26925,0
2026-02-02 10:20:00+05:30,1379.7,1381.2,1375.2,1376.0,19942,0
2026-02-02 10:25:00+05:30,1376.0,1377.8,1371.5,1372.3,28244,0
2026-02-02 10:30:00+05:30,1372.3,1374.7,1371.1,1373.7,18318,0
2026-02-02 10:35:00+05:30,1373.5,1376.3,1371.0,1372.5,20858,0
2026-02-02 10:40:00+05:30,1372.0,1374.6,1371.0,1371.2,9308,0
2026-02-02 10:45:00+05:30,1371.4,1371.8,1370.0,1371.2,13182,0
2026-02-02 10:50:00+05:30,1371.1,1373.0,1370.0,1370.7,37376,0
2026-02-02 10:55:00+05:30,1371.4,1372.8,1369.1,1371.1,132037,0
2026-02-02 11:00:00+05:30,1370.7,1374.0,1366.8,1371.0,216054,0
2026-02-02 11:05:00+05:30,1371.0,1373.0,1369.5,1373.0,94328,0
2026-02-02 11:10:00+05:30,1372.9,1375.3,1371.5,1373.9,27222,0
2026-02-02 11:15:00+05:30,1373.5,1374.9,1371.0,1372.7,15866,0
2026-02-02 11:20:00+05:30,1372.7,1373.5,1369.6,1371.1,59767,0
2026-02-02 11:25:00+05:30,1370.5,1373.6,1369.1,1373.5,70194,0
2026-02-02 11:30:00+05:30,1372.5,1380.0,1372.5,1379.6,32353,0
2026-02-02 11:35:00+05:30,1379.6,1381.0,1377.2,1380.2,19487,0
2026-02-02 11:40:00+05:30,1380.5,1381.8,1378.8,1380.1,18622,0
2026-02-02 11:45:00+05:30,1380.7,1382.0,1379.3,1381.6,18053,0
2026-02-02 11:50:00+05:30,1381.6,1382.9,1379.7,1381.9,14358,0
2026-02-02 11:55:00+05:30,1382.2,1383.0,1379.7,1380.9,17908,0
2026-02-02 12:00:00+05:30,1380.9,1381.7,1378.2,1379.8,9625,0
2026-02-02 12:05:00+05:30,1379.7,1381.0,1375.5,1376.7,55841,0
2026-02-02 12:10:00+05:30,1376.4,1379.0,1375.5,1379.0,21829,0
2026-02-02 12:15:00+05:30,1379.0,1380.0,1375.8,1376.2,67355,0
2026-02-02 12:20:00+05:30,1376.1,1377.9,1375.6,1377.9,43005,0
2026-02-02 12:25:00+05:30,1377.8,1378.9,1375.5,1378.2,12605,0
2026-02-02 12:30:00+05:30,1377.9,1379.4,1377.3,1378.1,6431,0
2026-02-02 12:35:00+05:30,1377.7,1377.9,1376.0,1377.2,3807,0
2026-02-02 12:40:00+05:30,1377.2,1379.0,1376.7,1378.6,5651,0
2026-02-02 12:45:00+05:30,1378.6,1381.3,1377.6,1381.3,7850,0
2026-02-02 12:50:00+05:30,1381.2,1384.0,1380.0,1383.8,15922,0
2026-02-02 12:55:00+05:30,1383.5,1386.4,1382.8,1385.3,34282,0
2026-02-02 13:00:00+05:30,1385.4,1388.0,1384.2,1387.1,21270,0
2026-02-02 13:05:00+05:30,1387.5,1390.0,1386.9,1389.4,23599,0
2026-02-02 13:10:00+05:30,1389.1,1389.8,1385.4,1387.5,21708,0
2026-02-02 13:15:00+05:30,1387.5,1389.0,1384.4,1385.2,16945,0
2026-02-02 13:20:00+05:30,1385.2,1386.3,1383.7,1385.7,10163,0
2026-02-02 13:25:00+05:30,1385.6,1389.4,1384.3,1388.4,11650,0
2026-02-02 13:30:00+05:30,1388.6,1388.6,1385.0,1386.9,11341,0
2026-02-02 13:35:00+05:30,1386.9,1390.0,1386.5,1389.5,10975,0
2026-02-02 13:40:00+05:30,1389.5,1395.8,1389.2,1393.4,41228,0
2026-02-02 13:45:00+05:30,1393.7,1394.5,1391.9,1394.4,16244,0
2026-02-02 13:50:00+05:30,1394.4,1398.0,1393.9,1395.5,29186,0
2026-02-02 13:55:00+05:30,1395.5,1395.6,1392.8,1393.6,12657,0
2026-02-02 14:00:00+05:30,1393.9,1394.6,1391.7,1393.6,9837,0
2026-02-02 14:05:00+05:30,1393.0,1394.5,1391.1,1392.0,6905,0
2026-02-02 14:10:00+05:30,1391.9,1392.0,1390.4,1391.8,8331,0
2026-02-02 14:15:00+05:30,1391.7,1393.1,1390.3,1390.3,15638,0
2026-02-02 14:20:00+05:30,1390.5,1393.0,1390.2,1391.3,8297,0
2026-02-02 14:25:00+05:30,1391.6,1393.4,1391.0,1392.8,10691,0
2026-02-02 14:30:00+05:30,1393.3,1393.6,1390.1,1391.5,15853,0
2026-02-02 14:35:00+05:30,1391.3,1392.0,1390.4,1391.7,9491,0
2026-02-02 14:40:00+05:30,1391.2,1392.4,1389.3,1391.3,9706,0
2026-02-02 14:45:00+05:30,1391.8,1394.9,1390.8,1394.5,10345,0
2026-02-02 14:50:00+05:30,1394.9,1397.9,1394.2,1396.2,17347,0
2026-02-02 14:55:00+05:30,1396.5,1399.9,1396.3,1399.5,23300,0
2026-02-02 15:00:00+05:30,1399.5,1402.7,1398.5,1401.1,62699,0
2026-02-02 15:05:00+05:30,1401.1,1405.0,1400.2,1404.4,41876,0
2026-02-02 15:10:00+05:30,1404.2,1406.0,1403.5,1404.8,47270,0
2026-02-02 15:15:00+05:30,1404.8,1406.0,1402.0,1404.5,70981,0
2026-02-02 15:20:00+05:30,1404.5,1404.5,1400.5,1401.6,61701,0
2026-02-02 15:25:00+05:30,1401.4,1403.8,1399.3,1402.5,43950,0
2026-02-03 09:15:00+05:30,1477.2,1520.0,1477.2,1500.2,1130246,0
2026-02-03 09:20:00+05:30,1500.2,1509.6,1498.0,1501.0,538441,0
2026-02-03 09:25:00+05:30,1501.0,1512.1,1499.4,1511.1,394293,0
2026-02-03 09:30:00+05:30,1511.1,1519.9,1505.4,1506.0,540169,0
2026-02-03 09:35:00+05:30,1507.0,1513.9,1500.0,1513.5,265445,0
2026-02-03 09:40:00+05:30,1513.0,1517.0,1494.7,1497.3,435521,0
2026-02-03 09:45:00+05:30,1496.6,1508.6,1492.0,1507.6,751106,0
2026-02-03 09:50:00+05:30,1507.6,1511.5,1501.0,1505.8,178834,0
2026-02-03 09:55:00+05:30,1505.1,1510.0,1501.9,1504.2,172664,0
2026-02-03 10:00:00+05:30,1504.7,1509.5,1503.6,1505.0,111392,0
2026-02-03 10:05:00+05:30,1505.0,1507.5,1500.0,1505.1,134904,0
2026-02-03 10:10:00+05:30,1505.0,1505.0,1500.0,1503.5,156897,0
2026-02-03 10:15:00+05:30,1503.2,1508.6,1502.7,1506.3,98541,0
2026-02-03 10:20:00+05:30,1506.0,1511.0,1503.5,1510.8,116176,0
2026-02-03 10:25:00+05:30,1510.9,1511.0,1505.0,1506.1,78231,0
2026-02-03 10:30:00+05:30,1505.7,1509.0,1504.0,1507.8,82646,0
2026-02-03 10:35:00+05:30,1507.8,1510.9,1506.8,1510.4,106751,0
2026-02-03 10:40:00+05:30,1510.4,1511.5,1502.5,1503.1,150884,0
2026-02-03 10:45:00+05:30,1503.0,1505.2,1501.9,1504.9,84253,0
2026-02-03 10:50:00+05:30,1504.5,1507.8,1504.0,1505.3,122350,0
2026-02-03 10:55:00+05:30,1504.5,1508.5,1504.3,1508.0,51414,0
2026-02-03 11:00:00+05:30,1508.1,1511.0,1506.1,1507.4,127390,0
2026-02-03 11:05:00+05:30,1507.4,1507.9,1504.1,1506.0,32751,0
2026-02-03 11:10:00+05:30,1506.3,1507.2,1505.2,1506.1,30364,0
2026-02-03 11:15:00+05:30,1506.1,1508.6,1503.5,1508.0,73321,0
2026-02-03 11:20:00+05:30,1508.0,1508.0,1504.8,1505.8,59657,0
2026-02-03 11:25:00+05:30,1505.8,1509.0,1504.5,1506.5,71677,0
2026-02-03 11:30:00+05:30,1506.9,1511.8,1506.5,1510.6,117153,0
2026-02-03 11:35:00+05:30,1510.9,1512.0,1508.8,1510.5,124811,0
2026-02-03 11:40:00+05:30,1510.9,1513.4,1509.1,1511.8,74836,0
2026-02-03 11:45:00+05:30,1511.8,1514.5,1505.1,1508.5,68271,0
2026-02-03 11:50:00+05:30,1508.5,1510.8,1506.3,1506.6,71570,0
2026-02-03 11:55:00+05:30,1506.4,1510.0,1506.0,1509.9,25193,0
2026-02-03 12:00:00+05:30,1509.9,1514.6,1509.0,1514.6,42995,0
2026-02-03 12:05:00+05:30,1514.3,1518.8,1514.2,1518.0,114303,0
2026-02-03 12:10:00+05:30,1518.0,1520.0,1516.0,1516.6,97992,0
2026-02-03 12:15:00+05:30,1516.6,1521.7,1516.0,1520.0,180218,0
2026-02-03 12:20:00+05:30,1520.1,1524.0,1519.5,1522.7,80121,0
2026-02-03 12:25:00+05:30,1522.5,1524.0,1522.2,1523.4,61924,0
2026-02-03 12:30:00+05:30,1523.1,1523.1,1517.3,1517.7,63059,0
2026-02-03 12:35:00+05:30,1517.7,1518.3,1512.0,1514.8,73756,0
2026-02-03 12:40:00+05:30,1515.0,1516.8,1511.0,1516.7,83501,0
2026-02-03 12:45:00+05:30,1516.3,1517.0,1507.8,1509.4,116041,0
2026-02-03 12:50:00+05:30,1509.3,1513.5,1508.5,1512.7,73993,0
2026-02-03 12:55:00+05:30,1513.2,1514.5,1511.5,1513.9,32505,0
2026-02-03 13:00:00+05:30,1513.8,1514.0,1511.8,1513.8,31894,0
2026-02-03 13:05:00+05:30,1513.8,1517.5,1513.1,1515.0,169819,0
2026-02-03 13:10:00+05:30,1515.0,1516.5,1512.9,1515.1,113810,0
2026-02-03 13:15:00+05:30,1515.0,1516.4,1501.1,1512.3,190715,0
2026-02-03 13:20:00+05:30,1512.3,1518.0,1505.1,1515.3,182163,0
2026-02-03 13:25:00+05:30,1515.7,1521.0,1514.0,1518.0,172778,0
2026-02-03 13:30:00+05:30,1517.6,1520.0,1512.2,1516.4,87078,0
2026-02-03 13:35:00+05:30,1516.0,1523.7,1513.6,1522.0,162804,0
2026-02-03 13:40:00+05:30,1522.3,1526.9,1521.2,1523.9,227509,0
2026-02-03 13:45:00+05:30,1523.9,1528.0,1520.0,1526.0,139735,0
2026-02-03 13:50:00+05:30,1526.0,1537.0,1524.0,1534.5,252280,0
2026-02-03 13:55:00+05:30,1534.4,1537.0,1528.8,1531.6,156902,0
2026-02-03 14:00:00+05:30,1531.0,1534.1,1529.0,1530.3,220806,0
2026-02-03 14:05:00+05:30,1530.2,1535.8,1529.5,1531.6,160659,0
2026-02-03 14:10:00+05:30,1532.3,1532.6,1525.3,1526.2,140221,0
2026-02-03 14:15:00+05:30,1526.2,1529.0,1526.1,1528.4,50714,0
2026-02-03 14:20:00+05:30,1528.2,1531.4,1523.3,1528.7,174462,0
2026-02-03 14:25:00+05:30,1528.3,1531.0,1527.1,1529.1,62746,0
2026-02-03 14:30:00+05:30,1529.2,1531.0,1526.4,1527.8,75819,0
2026-02-03 14:35:00+05:30,1527.4,1532.0,1525.6,1525.8,98859,0
2026-02-03 14:40:00+05:30,1526.0,1531.0,1524.2,1530.2,96734,0
2026-02-03 14:45:00+05:30,1530.0,1531.2,1527.0,1527.0,84810,0
2026-02-03 14:50:00+05:30,1527.1,1529.9,1526.0,1529.3,60791,0
2026-02-03 14:55:00+05:30,1529.3,1531.5,1528.2,1530.0,205182,0
2026-02-03 15:00:00+05:30,1530.0,1530.9,1525.2,1530.0,279539,0
2026-02-03 15:05:00+05:30,1530.0,1530.9,1529.5,1530.1,186254,0
2026-02-03 15:10:00+05:30,1530.0,1534.0,1529.5,1532.9,173278,0
2026-02-03 15:15:00+05:30,1532.9,1535.0,1532.0,1532.0,134044,0
2026-02-03 15:20:00+05:30,1532.3,1532.5,1530.0,1532.2,124893,0
2026-02-03 15:25:00+05:30,1532.3,1534.0,1530.0,1532.0,159992,0
2026-02-04 09:15:00+05:30,1529.9,1543.9,1508.5,1540.7,335335,0
2026-02-04 09:20:00+05:30,1540.8,1545.9,1536.4,1536.4,152729,0
2026-02-04 09:25:00+05:30,1537.1,1539.9,1524.8,1525.4,157590,0
2026-02-04 09:30:00+05:30,1525.9,1537.1,1525.9,1533.0,85072,0
2026-02-04 09:35:00+05:30,1532.5,1535.2,1530.2,1533.3,72622,0
2026-02-04 09:40:00+05:30,1533.4,1538.0,1532.7,1535.3,50527,0
2026-02-04 09:45:00+05:30,1535.9,1535.9,1530.8,1534.5,44656,0
2026-02-04 09:50:00+05:30,1534.3,1534.3,1530.0,1533.0,60767,0
2026-02-04 09:55:00+05:30,1532.8,1538.9,1531.6,1538.0,51012,0
2026-02-04 10:00:00+05:30,1538.0,1538.4,1533.0,1535.3,29628,0
2026-02-04 10:05:00+05:30,1535.3,1537.6,1535.0,1536.1,21328,0
2026-02-04 10:10:00+05:30,1536.0,1537.0,1533.0,1534.3,34593,0
2026-02-04 10:15:00+05:30,1534.3,1536.0,1532.2,1533.7,13302,0
2026-02-04 10:20:00+05:30,1533.4,1536.3,1531.9,1531.9,74761,0
2026-02-04 10:25:00+05:30,1532.4,1534.6,1531.3,1532.7,47155,0
2026-02-04 10:30:00+05:30,1532.2,1534.5,1531.4,1534.4,18064,0
2026-02-04 10:35:00+05:30,1534.3,1534.9,1530.6,1532.9,48878,0
2026-02-04 10:40:00+05:30,1533.0,1533.3,1526.2,1528.1,70825,0
2026-02-04 10:45:00+05:30,1528.1,1528.2,1525.1,1526.2,45954,0
2026-02-04 10:50:00+05:30,1526.7,1526.7,1518.2,1518.7,88042,0
2026-02-04 10:55:00+05:30,1518.3,1519.7,1515.5,1518.8,54288,0
2026-02-04 11:00:00+05:30,1518.7,1519.9,1517.7,1519.4,28230,0
2026-02-04 11:05:00+05:30,1519.7,1522.6,1519.3,1521.4,38578,0
2026-02-04 11:10:00+05:30,1521.3,1525.4,1519.4,1525.0,58992,0
2026-02-04 11:15:00+05:30,1524.8,1527.8,1524.8,1527.5,61463,0
2026-02-04 11:20:00+05:30,1527.5,1531.8,1525.5,1525.6,80222,0
2026-02-04 11:25:00+05:30,1525.6,1529.3,1525.0,1529.3,41530,0
2026-02-04 11:30:00+05:30,1529.3,1530.1,1525.6,1529.2,58375,0
2026-02-04 11:35:00+05:30,1529.1,1532.3,1526.0,1529.1,93529,0
2026-02-04 11:40:00+05:30,1529.5,1532.2,1528.7,1530.0,151198,0
2026-02-04 11:45:00+05:30,1530.0,1533.9,1527.5,1533.3,84628,0
2026-02-04 11:50:00+05:30,1532.9,1534.9,1527.8,1533.9,102296,0
2026-02-04 11:55:00+05:30,1533.2,1537.3,1531.4,1536.3,61740,0
2026-02-04 12:00:00+05:30,1536.4,1539.9,1532.2,1532.8,80409,0
2026-02-04 12:05:00+05:30,1533.4,1538.3,1532.1,1535.4,129850,0
2026-02-04 12:10:00+05:30,1535.4,1546.9,1535.0,1544.0,210927,0
2026-02-04 12:15:00+05:30,1545.0,1548.0,1542.0,1548.0,201711,0
2026-02-04 12:20:00+05:30,1547.9,1551.7,1542.0,1543.4,201400,0
2026-02-04 12:25:00+05:30,1543.4,1547.8,1541.1,1541.6,77497,0
2026-02-04 12:30:00+05:30,1541.6,1542.9,1538.0,1542.9,107072,0
2026-02-04 12:35:00+05:30,1542.7,1546.0,1540.0,1546.0,51946,0
2026-02-04 12:40:00+05:30,1545.8,1550.7,1543.7,1549.5,391866,0
2026-02-04 12:45:00+05:30,1549.2,1550.0,1547.9,1549.1,34496,0
2026-02-04 12:50:00+05:30,1549.1,1549.5,1546.3,1548.5,35658,0
2026-02-04 12:55:00+05:30,1548.2,1550.7,1545.2,1545.9,69633,0
2026-02-04 13:00:00+05:30,1545.5,1548.5,1545.1,1548.4,32213,0
2026-02-04 13:05:00+05:30,1548.4,1549.9,1548.2,1549.2,23812,0
2026-02-04 13:10:00+05:30,1549.1,1553.8,1549.1,1553.2,72671,0
2026-02-04 13:15:00+05:30,1553.2,1553.5,1551.9,1552.9,29740,0
2026-02-04 13:20:00+05:30,1553.0,1553.7,1551.7,1552.3,37334,0
2026-02-04 13:25:00+05:30,1552.2,1555.0,1552.1,1554.8,40146,0
2026-02-04 13:30:00+05:30,1554.9,1556.2,1552.1,1553.4,94135,0
2026-02-04 13:35:00+05:30,1553.4,1555.0,1552.8,1555.0,28139,0
2026-02-04 13:40:00+05:30,1555.0,1555.0,1553.0,1554.0,28163,0
2026-02-04 13:45:00+05:30,1554.0,1555.0,1553.5,1555.0,35765,0
2026-02-04 13:50:00+05:30,1554.9,1556.4,1554.4,1556.2,37318,0
2026-02-04 13:55:00+05:30,1556.3,1556.4,1554.4,1555.3,30923,0
2026-02-04 14:00:00+05:30,1555.3,1555.5,1553.0,1554.8,27556,0
2026-02-04 14:05:00+05:30,1554.8,1555.2,1553.9,1554.3,30250,0
2026-02-04 14:10:00+05:30,1554.4,1555.9,1553.8,1554.3,30206,0
2026-02-04 14:15:00+05:30,1554.4,1561.7,1554.3,1560.7,151672,0
2026-02-04 14:20:00+05:30,1560.5,1565.0,1560.5,1564.3,113797,0
2026-02-04 14:25:00+05:30,1564.3,1566.0,1561.0,1565.1,57863,0
2026-02-04 14:30:00+05:30,1565.1,1567.1,1563.4,1565.6,69611,0
2026-02-04 14:35:00+05:30,1565.6,1571.4,1564.6,1570.0,95258,0
2026-02-04 14:40:00+05:30,1569.3,1571.9,1565.0,1570.5,355769,0
2026-02-04 14:45:00+05:30,1570.7,1571.3,1567.2,1569.5,136680,0
2026-02-04 14:50:00+05:30,1569.4,1569.4,1564.0,1566.5,93756,0
2026-02-04 14:55:00+05:30,1566.5,1566.8,1562.2,1565.5,125722,0
2026-02-04 15:00:00+05:30,1565.3,1568.1,1565.3,1566.1,88095,0
2026-02-04 15:05:00+05:30,1566.1,1566.6,1563.1,1566.3,91965,0
2026-02-04 15:10:00+05:30,1566.3,1567.2,1565.0,1566.4,111327,0
2026-02-04 15:15:00+05:30,1565.7,1568.3,1565.7,1566.6,106417,0
2026-02-04 15:20:00+05:30,1566.6,1572.3,1565.2,1566.7,191380,0
2026-02-04 15:25:00+05:30,1566.7,1570.6,1563.9,1565.2,253672,0
2026-02-05 09:15:00+05:30,1568.0,1571.4,1557.0,1558.0,120119,0
2026-02-05 09:20:00+05:30,1557.5,1563.6,1556.6,1559.5,74735,0
2026-02-05 09:25:00+05:30,1559.5,1563.7,1559.0,1563.4,43148,0
2026-02-05 09:30:00+05:30,1563.4,1566.9,1562.4,1564.9,48943,0
2026-02-05 09:35:00+05:30,1564.9,1565.6,1560.5,1563.2,42968,0
2026-02-05 09:40:00+05:30,1563.2,1564.3,1558.2,1559.4,54977,0
2026-02-05 09:45:00+05:30,1559.4,1559.4,1556.0,1558.5,48208,0
2026-02-05 09:50:00+05:30,1558.5,1559.7,1556.3,1558.9,28953,0
2026-02-05 09:55:00+05:30,1558.6,1559.0,1553.4,1554.3,32524,0
2026-02-05 10:00:00+05:30,1554.3,1554.3,1550.6,1551.0,26675,0
2026-02-05 10:05:00+05:30,1551.2,1551.4,1548.6,1550.0,25887,0
2026-02-05 10:10:00+05:30,1550.0,1552.6,1549.7,1552.2,11251,0
2026-02-05 10:15:00+05:30,1552.3,1554.5,1550.5,1552.8,16698,0
2026-02-05 10:20:00+05:30,1552.8,1557.8,1552.5,1557.0,16452,0
2026-02-05 10:25:00+05:30,1557.2,1563.5,1556.5,1563.2,57471,0
2026-02-05 10:30:00+05:30,1562.6,1565.9,1561.3,1564.1,175443,0
2026-02-05 10:35:00+05:30,1564.0,1564.5,1562.2,1562.6,38120,0
2026-02-05 10:40:00+05:30,1562.6,1565.0,1562.0,1564.1,32711,0
2026-02-05 10:45:00+05:30,1564.5,1565.0,1561.4,1564.2,103632,0
2026-02-05 10:50:00+05:30,1564.5,1565.0,1561.5,1563.7,71663,0
2026-02-05 10:55:00+05:30,1563.6,1563.9,1561.2,1561.4,13964,0
2026-02-05 11:00:00+05:30,1561.4,1568.2,1560.7,1567.8,141786,0
2026-02-05 11:05:00+05:30,1568.2,1570.0,1565.0,1565.6,58229,0
2026-02-05 11:10:00+05:30,1565.7,1568.0,1565.0,1567.2,10749,0
2026-02-05 11:15:00+05:30,1567.1,1567.2,1562.4,1563.1,44747,0
2026-02-05 11:20:00+05:30,1563.1,1563.8,1562.5,1562.7,6094,0
2026-02-05 11:25:00+05:30,1562.7,1565.7,1562.4,1564.8,7183,0
2026-02-05 11:30:00+05:30,1565.0,1565.0,1562.0,1562.9,55024,0
2026-02-05 11:35:00+05:30,1562.9,1565.3,1562.0,1565.1,65292,0
2026-02-05 11:40:00+05:30,1565.2,1566.8,1564.4,1564.6,7221,0
2026-02-05 11:45:00+05:30,1564.6,1564.9,1562.3,1562.4,52944,0
2026-02-05 11:50:00+05:30,1562.4,1563.0,1557.3,1557.7,28065,0
2026-02-05 11:55:00+05:30,1558.0,1561.8,1556.9,1560.8,29735,0
2026-02-05 12:00:00+05:30,1560.8,1562.0,1559.6,1559.7,35446,0
2026-02-05 12:05:00+05:30,1560.0,1561.7,1558.4,1559.9,126243,0
2026-02-05 12:10:00+05:30,1559.9,1561.0,1558.7,1559.7,18629,0
2026-02-05 12:15:00+05:30,1559.3,1560.8,1558.6,1560.0,31185,0
2026-02-05 12:20:00+05:30,1560.1,1560.2,1558.0,1559.6,23258,0
2026-02-05 12:25:00+05:30,1559.6,1561.8,1558.7,1560.4,10662,0
2026-02-05 12:30:00+05:30,1560.6,1561.8,1560.0,1561.0,6948,0
2026-02-05 12:35:00+05:30,1561.0,1565.1,1560.4,1564.1,28295,0
2026-02-05 12:40:00+05:30,1564.6,1565.1,1563.7,1564.4,13925,0
2026-02-05 12:45:00+05:30,1564.7,1564.7,1563.4,1563.4,6063,0
2026-02-05 12:50:00+05:30,1563.9,1565.8,1563.4,1564.8,8980,0
2026-02-05 12:55:00+05:30,1564.6,1565.9,1563.1,1565.7,6231,0
2026-02-05 13:00:00+05:30,1565.5,1565.9,1564.6,1565.1,5749,0
2026-02-05 13:05:00+05:30,1565.5,1568.0,1565.5,1567.6,15080,0
2026-02-05 13:10:00+05:30,1567.6,1574.9,1567.3,1572.4,62379,0
2026-02-05 13:15:00+05:30,1572.8,1574.0,1572.1,1573.4,15908,0
2026-02-05 13:20:00+05:30,1573.4,1577.7,1573.1,1574.4,82292,0
2026-02-05 13:25:00+05:30,1574.2,1575.1,1573.0,1573.6,17650,0
2026-02-05 13:30:00+05:30,1573.6,1575.0,1573.5,1574.6,8709,0
2026-02-05 13:35:00+05:30,1574.6,1576.0,1569.3,1569.8,54861,0
2026-02-05 13:40:00+05:30,1570.0,1570.4,1566.3,1567.0,20712,0
2026-02-05 13:45:00+05:30,1567.0,1567.9,1564.3,1565.7,164335,0
2026-02-05 13:50:00+05:30,1565.7,1565.9,1564.2,1565.1,16746,0
2026-02-05 13:55:00+05:30,1565.2,1566.3,1563.4,1564.6,13993,0
2026-02-05 14:00:00+05:30,1564.8,1567.0,1562.3,1562.9,31464,0
2026-02-05 14:05:00+05:30,1562.9,1565.8,1558.8,1560.4,79178,0
2026-02-05 14:10:00+05:30,1560.4,1564.4,1555.6,1563.5,247771,0
2026-02-05 14:15:00+05:30,1563.5,1565.2,1562.2,1563.1,26372,0
2026-02-05 14:20:00+05:30,1563.2,1564.9,1562.8,1564.7,12250,0
2026-02-05 14:25:00+05:30,1564.7,1568.9,1563.5,1568.0,36401,0
2026-02-05 14:30:00+05:30,1568.1,1574.9,1566.8,1574.9,32066,0
2026-02-05 14:35:00+05:30,1574.9,1576.4,1573.5,1573.5,43116,0
2026-02-05 14:40:00+05:30,1573.8,1574.8,1572.0,1573.8,38140,0
2026-02-05 14:45:00+05:30,1573.8,1574.0,1571.5,1572.8,15332,0
2026-02-05 14:50:00+05:30,1572.7,1573.8,1571.7,1573.5,9686,0
2026-02-05 14:55:00+05:30,1573.8,1576.9,1573.8,1576.4,30766,0
2026-02-05 15:00:00+05:30,1575.9,1577.3,1572.2,1572.5,38244,0
2026-02-05 15:05:00+05:30,1572.5,1574.3,1570.0,1572.5,36794,0
2026-02-05 15:10:00+05:30,1572.5,1573.8,1568.4,1569.0,63743,0
2026-02-05 15:15:00+05:30,1569.0,1569.2,1567.0,1568.1,41788,0
2026-02-05 15:20:00+05:30,1568.1,1569.2,1566.5,1567.8,56486,0
2026-02-05 15:25:00+05:30,1567.8,1570.0,1566.2,1566.5,59366,0
2026-02-06 09:15:00+05:30,1563.0,1575.5,1560.2,1574.0,2392677,0
2026-02-06 09:20:00+05:30,1574.2,1575.5,1569.5,1570.4,37332,0
2026-02-06 09:25:00+05:30,1570.0,1573.8,1569.0,1571.7,24533,0
2026-02-06 09:30:00+05:30,1571.7,1572.7,1565.5,1566.3,34297,0
2026-02-06 09:35:00+05:30,1567.0,1567.0,1564.1,1565.4,21938,0
2026-02-06 09:40:00+05:30,1565.9,1566.7,1560.3,1560.4,27853,0
2026-02-06 09:45:00+05:30,1561.2,1568.0,1560.4,1566.2,23247,0
2026-02-06 09:50:00+05:30,1566.9,1567.1,1563.4,1563.7,6389,0
2026-02-06 09:55:00+05:30,1563.7,1564.0,1560.0,1560.4,16094,0
2026-02-06 10:00:00+05:30,1560.9,1562.1,1558.5,1560.9,17512,0
2026-02-06 10:05:00+05:30,1560.8,1561.0,1559.3,1560.4,7265,0
2026-02-06 10:10:00+05:30,1560.4,1560.4,1556.2,1556.8,14439,0
2026-02-06 10:15:00+05:30,1557.1,1560.7,1555.5,1558.7,18751,0
2026-02-06 10:20:00+05:30,1558.8,1560.8,1557.0,1557.4,10810,0
2026-02-06 10:25:00+05:30,1557.0,1557.4,1551.2,1552.6,27325,0
2026-02-06 10:30:00+05:30,1552.6,1552.8,1550.1,1550.4,18595,0
2026-02-06 10:35:00+05:30,1550.4,1553.5,1548.9,1552.3,25130,0
2026-02-06 10:40:00+05:30,1552.3,1552.3,1548.6,1549.5,9371,0
2026-02-06 10:45:00+05:30,1549.2,1551.3,1548.9,1550.4,11566,0
2026-02-06 10:50:00+05:30,1550.2,1551.0,1544.1,1545.2,27874,0
2026-02-06 10:55:00+05:30,1545.3,1546.3,1543.1,1544.2,25528,0
2026-02-06 11:00:00+05:30,1544.5,1549.5,1544.0,1548.8,71865,0
2026-02-06 11:05:00+05:30,1549.4,1551.0,1548.8,1550.5,23702,0
2026-02-06 11:10:00+05:30,1550.4,1550.8,1547.0,1548.2,25865,0
2026-02-06 11:15:00+05:30,1548.8,1549.5,1546.4,1547.7,12174,0
2026-02-06 11:20:00+05:30,1547.7,1552.4,1546.3,1546.8,37062,0
2026-02-06 11:25:00+05:30,1547.0,1549.1,1546.5,1548.0,11375,0
2026-02-06 11:30:00+05:30,1548.0,1550.0,1546.8,1549.3,24213,0
2026-02-06 11:35:00+05:30,1549.5,1551.4,1548.1,1550.2,17397,0
2026-02-06 11:40:00+05:30,1550.7,1552.2,1550.2,1550.8,15406,0
2026-02-06 11:45:00+05:30,1550.5,1551.0,1549.6,1550.6,5980,0
2026-02-06 11:50:00+05:30,1550.8,1551.5,1549.0,1549.2,96349,0
2026-02-06 11:55:00+05:30,1550.0,1550.9,1549.3,1550.0,4468,0
2026-02-06 12:00:00+05:30,1550.6,1551.4,1543.9,1544.7,148948,0
2026-02-06 12:05:00+05:30,1545.0,1545.3,1540.3,1540.9,36350,0
2026-02-06 12:10:00+05:30,1541.0,1541.9,1538.9,1540.4,25604,0
2026-02-06 12:15:00+05:30,1540.4,1540.7,1538.2,1540.0,14995,0
2026-02-06 12:20:00+05:30,1540.1,1540.1,1538.0,1538.5,12431,0
2026-02-06 12:25:00+05:30,1537.9,1540.0,1537.2,1539.9,12604,0
2026-02-06 12:30:00+05:30,1539.7,1539.8,1537.7,1538.4,10519,0
2026-02-06 12:35:00+05:30,1538.2,1539.9,1537.9,1538.3,9063,0
2026-02-06 12:40:00+05:30,1538.2,1538.3,1533.9,1534.9,26560,0
2026-02-06 12:45:00+05:30,1534.9,1534.9,1532.1,1533.1,30349,0
2026-02-06 12:50:00+05:30,1533.2,1534.5,1529.5,1529.9,67015,0
2026-02-06 12:55:00+05:30,1530.0,1532.7,1529.0,1531.6,82596,0
2026-02-06 13:00:00+05:30,1531.6,1532.3,1528.3,1529.9,30371,0
2026-02-06 13:05:00+05:30,1530.0,1530.4,1529.0,1529.6,50297,0
2026-02-06 13:10:00+05:30,1529.4,1530.6,1529.3,1530.0,32591,0
2026-02-06 13:15:00+05:30,1530.0,1531.1,1528.2,1530.0,36500,0
2026-02-06 13:20:00+05:30,1529.9,1530.9,1529.0,1529.9,14077,0
2026-02-06 13:25:00+05:30,1530.0,1530.6,1528.5,1529.3,17845,0
2026-02-06 13:30:00+05:30,1529.2,1529.8,1527.0,1528.9,17539,0
2026-02-06 13:35:00+05:30,1528.9,1537.0,1528.8,1536.5,27327,0
2026-02-06 13:40:00+05:30,1537.0,1539.1,1534.3,1534.8,35259,0
2026-02-06 13:45:00+05:30,1534.3,1535.9,1532.1,1535.5,19983,0
2026-02-06 13:50:00+05:30,1535.5,1542.0,1534.5,1541.9,37910,0
2026-02-06 13:55:00+05:30,1541.7,1544.0,1540.5,1542.4,31438,0
2026-02-06 14:00:00+05:30,1542.1,1546.9,1542.1,1543.8,27792,0
2026-02-06 14:05:00+05:30,1543.6,1544.8,1543.0,1544.1,9053,0
2026-02-06 14:10:00+05:30,1543.9,1543.9,1542.0,1542.4,8043,0
2026-02-06 14:15:00+05:30,1542.8,1543.5,1542.0,1543.0,9258,0
2026-02-06 14:20:00+05:30,1542.9,1543.8,1541.6,1542.1,9511,0
2026-02-06 14:25:00+05:30,1542.0,1542.4,1540.2,1541.1,11832,0
2026-02-06 14:30:00+05:30,1541.4,1542.0,1540.2,1541.6,10538,0
2026-02-06 14:35:00+05:30,1541.6,1543.4,1541.5,1542.8,8996,0
2026-02-06 14:40:00+05:30,1543.1,1544.8,1542.4,1543.2,18245,0
2026-02-06 14:45:00+05:30,1543.2,1546.5,1542.6,1546.1,31015,0
2026-02-06 14:50:00+05:30,1546.0,1546.7,1545.1,1546.2,17806,0
2026-02-06 14:55:00+05:30,1546.8,1549.7,1546.3,1549.3,22059,0
2026-02-06 15:00:00+05:30,1549.2,1553.0,1549.2,1550.9,47039,0
2026-02-06 15:05:00+05:30,1550.9,1552.7,1549.7,1550.8,38608,0
2026-02-06 15:10:00+05:30,1550.9,1551.5,1549.7,1550.8,51732,0
2026-02-06 15:15:00+05:30,1550.8,1551.5,1550.0,1550.9,47572,0
2026-02-06 15:20:00+05:30,1550.9,1550.9,1549.9,1550.3,38570,0
2026-02-06 15:25:00+05:30,1550.3,1551.0,1547.1,1549.5,47754,0
2026-02-09 09:15:00+05:30,1575.9,1583.9,1561.3,1564.4,186891,0
2026-02-09 09:20:00+05:30,1564.0,1565.6,1558.9,1563.3,109064,0
2026-02-09 09:25:00+05:30,1563.3,1563.3,1558.0,1560.8,62729,0
2026-02-09 09:30:00+05:30,1560.3,1562.0,1554.5,1555.3,126392,0
2026-02-09 09:35:00+05:30,1555.3,1563.5,1555.3,1561.6,59859,0
2026-02-09 09:40:00+05:30,1561.6,1567.3,1561.1,1563.6,53988,0
2026-02-09 09:45:00+05:30,1563.6,1564.8,1562.0,1563.8,14057,0
2026-02-09 09:50:00+05:30,1563.8,1567.4,1562.4,1565.8,41755,0
2026-02-09 09:55:00+05:30,1565.3,1565.8,1562.8,1563.8,33074,0
2026-02-09 10:00:00+05:30,1563.7,1564.0,1560.3,1562.0,14447,0
2026-02-09 10:05:00+05:30,1562.0,1563.9,1558.7,1561.1,20693,0
2026-02-09 10:10:00+05:30,1561.1,1562.9,1559.4,1562.6,12235,0
2026-02-09 10:15:00+05:30,1562.6,1563.3,1560.5,1562.6,12326,0
2026-02-09 10:20:00+05:30,1562.4,1564.6,1561.0,1561.8,8642,0
2026-02-09 10:25:00+05:30,1561.8,1565.2,1561.1,1563.9,9574,0
2026-02-09 10:30:00+05:30,1564.5,1565.6,1562.9,1564.9,14780,0
2026-02-09 10:35:00+05:30,1565.5,1566.0,1563.0,1563.5,7794,0
2026-02-09 10:40:00+05:30,1563.9,1566.0,1561.6,1565.0,56725,0
2026-02-09 10:45:00+05:30,1565.3,1566.7,1563.7,1565.0,78111,0
2026-02-09 10:50:00+05:30,1565.1,1566.6,1563.0,1565.0,50565,0
2026-02-09 10:55:00+05:30,1564.9,1566.3,1564.2,1565.3,17997,0
2026-02-09 11:00:00+05:30,1565.3,1565.3,1562.4,1563.6,13536,0
2026-02-09 11:05:00+05:30,1563.6,1564.6,1560.2,1560.5,11537,0
2026-02-09 11:10:00+05:30,1560.4,1563.6,1560.2,1562.9,11799,0
2026-02-09 11:15:00+05:30,1563.3,1563.5,1561.9,1562.9,4979,0
2026-02-09 11:20:00+05:30,1563.0,1569.8,1562.9,1569.5,30291,0
2026-02-09 11:25:00+05:30,1569.8,1569.9,1568.0,1568.2,14067,0
2026-02-09 11:30:00+05:30,1568.4,1568.6,1565.6,1567.9,10050,0
2026-02-09 11:35:00+05:30,1567.9,1568.3,1565.4,1567.8,15745,0
2026-02-09 11:40:00+05:30,1568.3,1568.3,1566.1,1566.8,4743,0
2026-02-09 11:45:00+05:30,1567.2,1567.2,1566.1,1567.0,5739,0
2026-02-09 11:50:00+05:30,1567.0,1567.2,1566.0,1566.5,5924,0
2026-02-09 11:55:00+05:30,1566.0,1567.2,1565.1,1567.2,5694,0
2026-02-09 12:00:00+05:30,1566.9,1567.2,1564.9,1566.0,6402,0
2026-02-09 12:05:00+05:30,1566.0,1571.9,1565.5,1571.5,55890,0
2026-02-09 12:10:00+05:30,1571.5,1571.6,1566.6,1568.3,51234,0
2026-02-09 12:15:00+05:30,1568.5,1568.7,1566.3,1567.4,7151,0
2026-02-09 12:20:00+05:30,1567.4,1568.5,1567.0,1568.2,6528,0
2026-02-09 12:25:00+05:30,1568.2,1568.7,1565.6,1567.1,6424,0
2026-02-09 12:30:00+05:30,1567.6,1567.8,1565.9,1566.7,8884,0
2026-02-09 12:35:00+05:30,1566.7,1567.8,1565.4,1565.4,5943,0
2026-02-09 12:40:00+05:30,1566.0,1566.0,1564.0,1565.0,9707,0
2026-02-09 12:45:00+05:30,1565.4,1566.0,1564.0,1565.0,6307,0
2026-02-09 12:50:00+05:30,1565.0,1565.6,1564.0,1564.6,6538,0
2026-02-09 12:55:00+05:30,1564.5,1566.7,1564.0,1566.0,5349,0
2026-02-09 13:00:00+05:30,1566.6,1567.0,1565.8,1566.6,5778,0
2026-02-09 13:05:00+05:30,1566.6,1566.8,1565.9,1566.6,4692,0
2026-02-09 13:10:00+05:30,1566.6,1567.0,1564.0,1566.3,5214,0
2026-02-09 13:15:00+05:30,1566.3,1567.0,1565.3,1565.6,6010,0
2026-02-09 13:20:00+05:30,1565.6,1566.3,1564.2,1565.2,4439,0
2026-02-09 13:25:00+05:30,1565.1,1565.8,1564.1,1564.9,5758,0
2026-02-09 13:30:00+05:30,1565.1,1565.4,1563.9,1564.8,4272,0
2026-02-09 13:35:00+05:30,1565.2,1566.3,1564.7,1566.3,4475,0
2026-02-09 13:40:00+05:30,1566.3,1566.5,1565.1,1565.8,4709,0
2026-02-09 13:45:00+05:30,1565.8,1566.7,1565.7,1566.5,5244,0
2026-02-09 13:50:00+05:30,1566.5,1568.4,1566.0,1567.7,7319,0
2026-02-09 13:55:00+05:30,1567.7,1568.4,1564.1,1564.1,8504,0
2026-02-09 14:00:00+05:30,1564.3,1566.6,1564.3,1565.0,5406,0
2026-02-09 14:05:00+05:30,1565.5,1566.4,1564.2,1565.0,6800,0
2026-02-09 14:10:00+05:30,1565.6,1565.9,1562.5,1563.3,17588,0
2026-02-09 14:15:00+05:30,1562.7,1563.6,1562.2,1562.9,4667,0
2026-02-09 14:20:00+05:30,1562.9,1564.8,1562.4,1563.9,8708,0
2026-02-09 14:25:00+05:30,1563.9,1564.9,1562.3,1562.8,8361,0
2026-02-09 14:30:00+05:30,1563.3,1563.9,1562.2,1562.4,5186,0
2026-02-09 14:35:00+05:30,1562.4,1563.6,1562.1,1562.5,6617,0
2026-02-09 14:40:00+05:30,1562.9,1563.5,1561.3,1562.3,7774,0
2026-02-09 14:45:00+05:30,1562.8,1564.8,1561.7,1562.9,16208,0
2026-02-09 14:50:00+05:30,1562.6,1563.9,1561.6,1563.1,7109,0
2026-02-09 14:55:00+05:30,1563.4,1563.7,1559.9,1562.0,57211,0
2026-02-09 15:00:00+05:30,1562.0,1566.0,1562.0,1564.8,50908,0
2026-02-09 15:05:00+05:30,1564.3,1564.8,1563.0,1564.3,16324,0
2026-02-09 15:10:00+05:30,1564.1,1564.4,1562.5,1564.1,22369,0
2026-02-09 15:15:00+05:30,1564.2,1564.5,1561.7,1562.0,36058,0
2026-02-09 15:20:00+05:30,1562.1,1562.4,1558.5,1559.5,61801,0
2026-02-09 15:25:00+05:30,1559.5,1560.0,1557.0,1557.0,53163,0
2026-02-10 09:15:00+05:30,1565.0,1567.0,1557.0,1560.9,29694,0
2026-02-10 09:20:00+05:30,1560.9,1562.9,1557.4,1562.9,21866,0
2026-02-10 09:25:00+05:30,1562.3,1563.0,1559.9,1563.0,7707,0
2026-02-10 09:30:00+05:30,1563.0,1567.6,1560.6,1566.9,29022,0
2026-02-10 09:35:00+05:30,1567.6,1568.0,1565.0,1565.6,21459,0
2026-02-10 09:40:00+05:30,1565.5,1566.6,1564.4,1564.9,6520,0
2026-02-10 09:45:00+05:30,1565.2,1565.7,1558.9,1559.7,15615,0
2026-02-10 09:50:00+05:30,1559.7,1560.9,1555.4,1556.2,17912,0
2026-02-10 09:55:00+05:30,1556.3,1556.7,1553.0,1554.2,16456,0
2026-02-10 10:00:00+05:30,1554.4,1557.7,1551.9,1557.7,12795,0
2026-02-10 10:05:00+05:30,1557.6,1557.7,1552.4,1552.4,12407,0
2026-02-10 10:10:00+05:30,1552.7,1553.0,1549.5,1550.4,18463,0
2026-02-10 10:15:00+05:30,1550.4,1553.8,1549.1,1552.9,17039,0
2026-02-10 10:20:00+05:30,1553.0,1553.5,1550.5,1551.8,29353,0
2026-02-10 10:25:00+05:30,1551.7,1553.6,1550.8,1553.3,7560,0
2026-02-10 10:30:00+05:30,1553.3,1555.0,1552.5,1553.5,7537,0
2026-02-10 10:35:00+05:30,1554.2,1555.6,1536.9,1543.8,81683,0
2026-02-10 10:40:00+05:30,1544.0,1545.6,1525.0,1540.6,153133,0
2026-02-10 10:45:00+05:30,1540.5,1542.7,1536.4,1539.8,44643,0
2026-02-10 10:50:00+05:30,1539.9,1551.3,1539.0,1542.1,43948,0
2026-02-10 10:55:00+05:30,1541.5,1551.0,1540.4,1549.1,28807,0
2026-02-10 11:00:00+05:30,1549.2,1552.8,1547.3,1549.6,31793,0
2026-02-10 11:05:00+05:30,1550.0,1554.6,1548.6,1550.3,28274,0
2026-02-10 11:10:00+05:30,1550.2,1550.3,1546.4,1547.0,12594,0
2026-02-10 11:15:00+05:30,1547.4,1549.2,1544.7,1548.9,18181,0
2026-02-10 11:20:00+05:30,1548.9,1551.4,1547.4,1551.4,21182,0
2026-02-10 11:25:00+05:30,1551.3,1552.5,1549.4,1550.0,15480,0
2026-02-10 11:30:00+05:30,1550.5,1554.6,1550.0,1552.6,15226,0
2026-02-10 11:35:00+05:30,1553.3,1553.9,1550.1,1552.2,15811,0
2026-02-10 11:40:00+05:30,1552.2,1552.4,1549.2,1551.5,22547,0
2026-02-10 11:45:00+05:30,1551.3,1556.0,1550.6,1554.8,50021,0
2026-02-10 11:50:00+05:30,1554.4,1556.5,1552.3,1555.5,12576,0
2026-02-10 11:55:00+05:30,1555.2,1557.0,1554.2,1556.5,13799,0
2026-02-10 12:00:00+05:30,1556.0,1556.9,1554.5,1555.9,7079,0
2026-02-10 12:05:00+05:30,1556.1,1556.4,1554.8,1556.1,2579,0
2026-02-10 12:10:00+05:30,1556.1,1556.7,1554.4,1556.1,12406,0
2026-02-10 12:15:00+05:30,1555.6,1558.0,1555.2,1556.4,18274,0
2026-02-10 12:20:00+05:30,1556.3,1561.5,1556.0,1561.1,28923,0
2026-02-10 12:25:00+05:30,1561.4,1562.0,1557.1,1557.9,28528,0
2026-02-10 12:30:00+05:30,1557.9,1559.0,1557.0,1558.6,7272,0
2026-02-10 12:35:00+05:30,1558.6,1562.5,1558.0,1561.3,47045,0
2026-02-10 12:40:00+05:30,1561.3,1562.0,1559.7,1560.5,20756,0
2026-02-10 12:45:00+05:30,1560.5,1561.0,1558.9,1560.5,40660,0
2026-02-10 12:50:00+05:30,1560.5,1561.8,1559.6,1561.3,7816,0
2026-02-10 12:55:00+05:30,1561.3,1564.5,1560.4,1561.9,17124,0
2026-02-10 13:00:00+05:30,1561.8,1561.8,1558.7,1560.0,7587,0
2026-02-10 13:05:00+05:30,1560.0,1561.3,1558.2,1559.4,8559,0
2026-02-10 13:10:00+05:30,1559.3,1560.0,1558.5,1559.8,6497,0
2026-02-10 13:15:00+05:30,1559.8,1560.0,1557.0,1557.6,4707,0
2026-02-10 13:20:00+05:30,1557.5,1558.2,1553.5,1554.6,18652,0
2026-02-10 13:25:00+05:30,1554.6,1556.7,1554.0,1554.7,38920,0
2026-02-10 13:30:00+05:30,1554.7,1554.8,1550.0,1552.5,35582,0
2026-02-10 13:35:00+05:30,1552.5,1553.0,1551.0,1551.9,9614,0
2026-02-10 13:40:00+05:30,1551.9,1553.5,1551.5,1552.7,9156,0
2026-02-10 13:45:00+05:30,1552.7,1554.0,1551.2,1553.4,5797,0
2026-02-10 13:50:00+05:30,1553.4,1555.8,1552.5,1555.3,6140,0
2026-02-10 13:55:00+05:30,1555.4,1555.4,1553.0,1553.4,11705,0
2026-02-10 14:00:00+05:30,1553.2,1553.7,1550.7,1551.4,5547,0
2026-02-10 14:05:00+05:30,1551.4,1553.5,1551.0,1552.3,3823,0
2026-02-10 14:10:00+05:30,1552.2,1553.8,1550.8,1553.8,8032,0
2026-02-10 14:15:00+05:30,1553.8,1558.7,1553.6,1556.9,22745,0
2026-02-10 14:20:00+05:30,1556.9,1557.2,1553.7,1554.5,9039,0
2026-02-10 14:25:00+05:30,1554.2,1555.3,1553.6,1555.0,6263,0
2026-02-10 14:30:00+05:30,1554.7,1555.5,1554.3,1555.5,2938,0
2026-02-10 14:35:00+05:30,1555.5,1556.8,1554.2,1554.2,10300,0
2026-02-10 14:40:00+05:30,1554.2,1554.4,1550.9,1552.7,24539,0
2026-02-10 14:45:00+05:30,1552.9,1554.5,1552.3,1553.9,9793,0
2026-02-10 14:50:00+05:30,1554.2,1556.7,1553.4,1556.3,20104,0
2026-02-10 14:55:00+05:30,1556.3,1557.0,1555.7,1556.7,4679,0
2026-02-10 15:00:00+05:30,1556.7,1559.4,1555.9,1556.6,49767,0
2026-02-10 15:05:00+05:30,1556.6,1557.2,1556.0,1556.8,15843,0
2026-02-10 15:10:00+05:30,1556.8,1557.5,1554.6,1554.9,24925,0
2026-02-10 15:15:00+05:30,1554.6,1554.9,1552.4,1552.9,46119,0
2026-02-10 15:20:00+05:30,1552.6,1555.3,1551.8,1554.4,47792,0
2026-02-10 15:25:00+05:30,1554.4,1556.1,1548.2,1550.0,48452,0
2026-02-11 09:15:00+05:30,1554.7,1557.9,1550.4,1557.9,49564,0
2026-02-11 09:20:00+05:30,1558.0,1559.4,1553.0,1553.9,26586,0
2026-02-11 09:25:00+05:30,1553.8,1554.5,1551.1,1551.6,22190,0
2026-02-11 09:30:00+05:30,1552.4,1552.4,1547.4,1548.6,21614,0
2026-02-11 09:35:00+05:30,1549.0,1550.0,1546.8,1547.0,16337,0
2026-02-11 09:40:00+05:30,1547.3,1548.3,1547.0,1547.9,9039,0
2026-02-11 09:45:00+05:30,1547.9,1548.3,1546.5,1546.5,12037,0
2026-02-11 09:50:00+05:30,1547.0,1549.8,1546.5,1549.1,9636,0
2026-02-11 09:55:00+05:30,1548.4,1550.0,1546.4,1546.5,15275,0
2026-02-11 10:00:00+05:30,1547.0,1547.0,1543.7,1544.2,18229,0
2026-02-11 10:05:00+05:30,1544.4,1544.9,1543.5,1544.1,6948,0
2026-02-11 10:10:00+05:30,1544.1,1544.7,1543.1,1544.7,8772,0
2026-02-11 10:15:00+05:30,1544.7,1546.0,1544.3,1546.0,8385,0
2026-02-11 10:20:00+05:30,1546.0,1552.0,1545.8,1551.1,21248,0
2026-02-11 10:25:00+05:30,1551.8,1551.8,1549.0,1550.3,8551,0
2026-02-11 10:30:00+05:30,1550.5,1552.0,1550.2,1551.9,9642,0
2026-02-11 10:35:00+05:30,1551.9,1553.1,1551.1,1552.5,9767,0
2026-02-11 10:40:00+05:30,1552.5,1552.5,1548.4,1549.9,53539,0
2026-02-11 10:45:00+05:30,1549.9,1550.0,1544.4,1545.0,29034,0
2026-02-11 10:50:00+05:30,1545.0,1547.6,1544.7,1545.4,66130,0
2026-02-11 10:55:00+05:30,1545.4,1545.4,1541.4,1543.7,33259,0
2026-02-11 11:00:00+05:30,1543.7,1544.6,1540.7,1542.6,39749,0
2026-02-11 11:05:00+05:30,1543.0,1543.7,1539.2,1540.7,61545,0
2026-02-11 11:10:00+05:30,1540.1,1543.3,1540.0,1541.8,59729,0
2026-02-11 11:15:00+05:30,1542.3,1542.3,1539.5,1540.8,53239,0
2026-02-11 11:20:00+05:30,1540.8,1541.6,1540.2,1541.6,6175,0
2026-02-11 11:25:00+05:30,1541.6,1542.3,1541.3,1542.3,3979,0
2026-02-11 11:30:00+05:30,1542.3,1545.2,1542.1,1545.0,13027,0
2026-02-11 11:35:00+05:30,1545.0,1545.1,1543.6,1544.5,7788,0
2026-02-11 11:40:00+05:30,1544.5,1546.7,1543.5,1545.4,15862,0
2026-02-11 11:45:00+05:30,1545.4,1546.3,1544.4,1544.9,4527,0
2026-02-11 11:50:00+05:30,1544.9,1544.9,1544.4,1544.8,4466,0
2026-02-11 11:55:00+05:30,1544.7,1545.5,1542.8,1543.1,19371,0
2026-02-11 12:00:00+05:30,1543.8,1545.0,1543.0,1544.8,6147,0
2026-02-11 12:05:00+05:30,1544.8,1545.6,1544.0,1544.7,6830,0
2026-02-11 12:10:00+05:30,1544.7,1547.0,1544.7,1546.3,7309,0
2026-02-11 12:15:00+05:30,1546.5,1546.6,1545.3,1545.7,7399,0
2026-02-11 12:20:00+05:30,1545.7,1545.9,1544.1,1544.6,3275,0
2026-02-11 12:25:00+05:30,1544.6,1546.1,1544.5,1546.1,4298,0
2026-02-11 12:30:00+05:30,1546.1,1546.2,1544.1,1544.2,5714,0
2026-02-11 12:35:00+05:30,1544.2,1544.9,1543.2,1544.0,2934,0
2026-02-11 12:40:00+05:30,1544.0,1546.2,1543.6,1545.5,12194,0
2026-02-11 12:45:00+05:30,1545.7,1546.3,1544.7,1546.1,8593,0
2026-02-11 12:50:00+05:30,1546.1,1547.6,1545.8,1547.6,8479,0
2026-02-11 12:55:00+05:30,1547.6,1549.5,1547.3,1547.5,14028,0
2026-02-11 13:00:00+05:30,1547.5,1548.1,1546.8,1547.8,2807,0
2026-02-11 13:05:00+05:30,1547.8,1547.9,1546.9,1547.5,2461,0
2026-02-11 13:10:00+05:30,1547.0,1549.3,1546.5,1548.2,8754,0
2026-02-11 13:15:00+05:30,1548.5,1549.0,1547.5,1548.8,6172,0
2026-02-11 13:20:00+05:30,1548.8,1549.0,1547.2,1548.3,3900,0
2026-02-11 13:25:00+05:30,1548.0,1550.0,1547.9,1550.0,7912,0
2026-02-11 13:30:00+05:30,1550.0,1552.4,1549.9,1551.5,19390,0
2026-02-11 13:35:00+05:30,1551.6,1552.9,1551.6,1552.0,7721,0
2026-02-11 13:40:00+05:30,1551.6,1556.0,1551.2,1554.4,34667,0
2026-02-11 13:45:00+05:30,1554.7,1555.0,1553.5,1553.5,13820,0
2026-02-11 13:50:00+05:30,1553.9,1553.9,1551.2,1551.2,7545,0
2026-02-11 13:55:00+05:30,1551.9,1553.0,1551.4,1551.6,4765,0
2026-02-11 14:00:00+05:30,1552.0,1553.0,1551.3,1552.1,3851,0
2026-02-11 14:05:00+05:30,1552.4,1552.4,1551.2,1551.6,4204,0
2026-02-11 14:10:00+05:30,1551.2,1552.5,1551.2,1552.5,6605,0
2026-02-11 14:15:00+05:30,1552.5,1554.0,1552.2,1553.4,7518,0
2026-02-11 14:20:00+05:30,1553.4,1553.7,1551.8,1553.7,10599,0
2026-02-11 14:25:00+05:30,1553.8,1555.0,1552.4,1552.4,14405,0
2026-02-11 14:30:00+05:30,1553.1,1553.2,1551.0,1552.5,10064,0
2026-02-11 14:35:00+05:30,1552.5,1552.7,1550.6,1551.2,14373,0
2026-02-11 14:40:00+05:30,1551.2,1551.2,1549.0,1550.7,14124,0
2026-02-11 14:45:00+05:30,1550.4,1551.0,1550.0,1550.7,12926,0
2026-02-11 14:50:00+05:30,1550.2,1551.9,1550.2,1550.7,16006,0
2026-02-11 14:55:00+05:30,1550.6,1552.0,1550.4,1550.7,14180,0
2026-02-11 15:00:00+05:30,1551.4,1555.0,1551.3,1553.1,59765,0
2026-02-11 15:05:00+05:30,1553.1,1554.4,1552.2,1553.4,48828,0
2026-02-11 15:10:00+05:30,1553.2,1554.0,1552.9,1553.5,29705,0
2026-02-11 15:15:00+05:30,1553.5,1554.0,1552.0,1553.0,48543,0
2026-02-11 15:20:00+05:30,1553.0,1554.0,1552.8,1553.3,50771,0
2026-02-11 15:25:00+05:30,1553.6,1553.8,1548.2,1548.2,40139,0
2026-02-12 09:15:00+05:30,1542.1,1550.0,1541.9,1545.4,36268,0
2026-02-12 09:20:00+05:30,1545.7,1551.0,1544.0,1548.8,11976,0
2026-02-12 09:25:00+05:30,1548.8,1549.5,1546.7,1548.5,10794,0
2026-02-12 09:30:00+05:30,1548.5,1551.0,1546.8,1551.0,12412,0
2026-02-12 09:35:00+05:30,1551.0,1551.0,1547.5,1548.6,12677,0
2026-02-12 09:40:00+05:30,1548.5,1549.0,1547.4,1548.1,5684,0
2026-02-12 09:45:00+05:30,1548.1,1549.0,1545.8,1546.0,17515,0
2026-02-12 09:50:00+05:30,1546.5,1548.9,1545.5,1545.5,15189,0
2026-02-12 09:55:00+05:30,1545.8,1548.0,1545.5,1546.8,7808,0
2026-02-12 10:00:00+05:30,1547.4,1547.4,1545.1,1546.0,7844,0
2026-02-12 10:05:00+05:30,1546.0,1546.0,1542.1,1542.5,16468,0
2026-02-12 10:10:00+05:30,1543.0,1545.3,1541.5,1544.5,26006,0
2026-02-12 10:15:00+05:30,1544.8,1544.9,1542.0,1544.2,9152,0
2026-02-12 10:20:00+05:30,1544.9,1545.9,1544.5,1545.0,4809,0
2026-02-12 10:25:00+05:30,1545.0,1546.9,1543.7,1546.0,7544,0
2026-02-12 10:30:00+05:30,1545.5,1546.0,1544.5,1545.0,10609,0
2026-02-12 10:35:00+05:30,1545.0,1545.3,1542.5,1543.4,6533,0
2026-02-12 10:40:00+05:30,1543.4,1544.1,1542.5,1542.5,8069,0
2026-02-12 10:45:00+05:30,1542.6,1543.5,1541.5,1542.0,6429,0
2026-02-12 10:50:00+05:30,1542.1,1542.1,1541.3,1541.5,3959,0
2026-02-12 10:55:00+05:30,1541.5,1542.5,1541.1,1541.7,5802,0
2026-02-12 11:00:00+05:30,1541.7,1542.5,1541.3,1541.9,3750,0
2026-02-12 11:05:00+05:30,1541.9,1542.4,1541.5,1541.9,4753,0
2026-02-12 11:10:00+05:30,1542.0,1542.9,1538.4,1539.3,39563,0
2026-02-12 11:15:00+05:30,1539.3,1539.3,1537.0,1537.1,14535,0
2026-02-12 11:20:00+05:30,1537.5,1537.5,1535.6,1536.5,12568,0
2026-02-12 11:25:00+05:30,1536.5,1538.4,1536.1,1537.3,7676,0
2026-02-12 11:30:00+05:30,1537.3,1537.3,1535.0,1536.4,4855,0
2026-02-12 11:35:00+05:30,1536.4,1537.9,1535.4,1536.9,21381,0
2026-02-12 11:40:00+05:30,1537.2,1537.9,1536.2,1537.0,5263,0
2026-02-12 11:45:00+05:30,1537.0,1537.6,1535.6,1536.2,6586,0
2026-02-12 11:50:00+05:30,1536.9,1536.9,1533.7,1534.5,7705,0
2026-02-12 11:55:00+05:30,1534.5,1535.6,1534.0,1535.5,3882,0
2026-02-12 12:00:00+05:30,1535.6,1536.9,1535.0,1535.7,7258,0
2026-02-12 12:05:00+05:30,1535.7,1537.0,1535.4,1537.0,5305,0
2026-02-12 12:10:00+05:30,1537.0,1537.9,1536.0,1536.9,5412,0
2026-02-12 12:15:00+05:30,1536.9,1536.9,1535.3,1536.1,4222,0
2026-02-12 12:20:00+05:30,1536.0,1537.0,1535.2,1536.7,4990,0
2026-02-12 12:25:00+05:30,1536.7,1536.7,1535.4,1535.4,4280,0
2026-02-12 12:30:00+05:30,1536.0,1538.7,1535.4,1537.9,9373,0
2026-02-12 12:35:00+05:30,1537.9,1539.0,1536.7,1538.0,29492,0
2026-02-12 12:40:00+05:30,1538.0,1538.1,1536.4,1537.0,12865,0
2026-02-12 12:45:00+05:30,1537.0,1538.9,1536.6,1538.5,33021,0
2026-02-12 12:50:00+05:30,1538.5,1539.4,1535.6,1537.9,51934,0
2026-02-12 12:55:00+05:30,1538.0,1538.6,1536.0,1537.0,19663,0
2026-02-12 13:00:00+05:30,1537.0,1537.8,1535.6,1536.4,26909,0
2026-02-12 13:05:00+05:30,1536.4,1536.6,1532.6,1533.1,22070,0
2026-02-12 13:10:00+05:30,1533.5,1534.2,1532.5,1533.6,7912,0
2026-02-12 13:15:00+05:30,1533.5,1537.6,1533.0,1537.0,9818,0
2026-02-12 13:20:00+05:30,1537.1,1537.9,1534.2,1536.1,54275,0
2026-02-12 13:25:00+05:30,1536.5,1537.9,1535.6,1536.9,15072,0
2026-02-12 13:30:00+05:30,1536.9,1538.0,1536.6,1537.3,6298,0
2026-02-12 13:35:00+05:30,1537.4,1538.7,1537.0,1538.3,6564,0
2026-02-12 13:40:00+05:30,1538.6,1538.9,1537.7,1538.4,6802,0
2026-02-12 13:45:00+05:30,1538.8,1539.0,1537.1,1537.1,14235,0
2026-02-12 13:50:00+05:30,1537.2,1538.8,1536.8,1538.8,22163,0
2026-02-12 13:55:00+05:30,1538.8,1540.0,1538.3,1539.6,5123,0
2026-02-12 14:00:00+05:30,1539.7,1542.6,1539.5,1539.5,20050,0
2026-02-12 14:05:00+05:30,1540.0,1541.4,1539.4,1541.0,5848,0
2026-02-12 14:10:00+05:30,1541.0,1542.9,1540.6,1542.5,8327,0
2026-02-12 14:15:00+05:30,1542.5,1542.5,1539.6,1540.5,6681,0
2026-02-12 14:20:00+05:30,1540.9,1543.0,1540.5,1542.9,22822,0
2026-02-12 14:25:00+05:30,1543.0,1544.1,1541.4,1542.2,16233,0
2026-02-12 14:30:00+05:30,1542.2,1542.9,1541.5,1542.5,4770,0
2026-02-12 14:35:00+05:30,1542.0,1543.2,1541.9,1542.0,6793,0
2026-02-12 14:40:00+05:30,1542.0,1542.7,1540.6,1541.0,12171,0
2026-02-12 14:45:00+05:30,1541.1,1541.1,1537.5,1537.6,24489,0
2026-02-12 14:50:00+05:30,1538.0,1541.8,1537.5,1541.6,13516,0
2026-02-12 14:55:00+05:30,1541.6,1542.9,1540.7,1542.5,7382,0
2026-02-12 15:00:00+05:30,1542.4,1546.0,1542.2,1545.1,36908,0
2026-02-12 15:05:00+05:30,1545.0,1545.6,1543.6,1544.9,22165,0
2026-02-12 15:10:00+05:30,1544.7,1545.0,1542.9,1543.7,26580,0
2026-02-12 15:15:00+05:30,1543.7,1544.9,1543.2,1544.4,29758,0
2026-02-12 15:20:00+05:30,1544.4,1545.0,1541.0,1542.3,45370,0
2026-02-12 15:25:00+05:30,1542.8,1544.3,1541.5,1543.4,36557,0
2026-02-13 09:15:00+05:30,1543.0,1543.0,1529.4,1530.3,83219,0
2026-02-13 09:20:00+05:30,1530.2,1532.3,1526.7,1529.1,41388,0
2026-02-13 09:25:00+05:30,1529.6,1530.1,1525.7,1528.1,35690,0
2026-02-13 09:30:00+05:30,1528.1,1528.3,1524.5,1525.4,36512,0
2026-02-13 09:35:00+05:30,1525.4,1526.1,1520.0,1520.6,33924,0
2026-02-13 09:40:00+05:30,1520.6,1525.9,1519.2,1523.2,40895,0
2026-02-13 09:45:00+05:30,1523.5,1523.5,1512.2,1514.7,80173,0
2026-02-13 09:50:00+05:30,1514.7,1518.6,1514.0,1517.5,26870,0
2026-02-13 09:55:00+05:30,1517.5,1517.6,1513.6,1514.0,27828,0
2026-02-13 10:00:00+05:30,1514.3,1516.0,1514.0,1514.7,9550,0
2026-02-13 10:05:00+05:30,1514.8,1515.8,1513.2,1513.9,19695,0
2026-02-13 10:10:00+05:30,1513.9,1514.8,1510.4,1510.7,26381,0
2026-02-13 10:15:00+05:30,1510.7,1511.3,1508.8,1510.4,20842,0
2026-02-13 10:20:00+05:30,1510.4,1512.3,1510.0,1511.6,11597,0
2026-02-13 10:25:00+05:30,1511.6,1514.3,1510.9,1511.5,14915,0
2026-02-13 10:30:00+05:30,1511.2,1514.6,1511.2,1514.1,12042,0
2026-02-13 10:35:00+05:30,1514.1,1518.5,1514.0,1517.6,17497,0
2026-02-13 10:40:00+05:30,1517.4,1518.5,1515.2,1515.9,17366,0
2026-02-13 10:45:00+05:30,1515.7,1516.9,1514.0,1515.6,6960,0
2026-02-13 10:50:00+05:30,1515.6,1516.4,1514.0,1515.8,9656,0
2026-02-13 10:55:00+05:30,1515.8,1516.0,1510.6,1511.9,13259,0
2026-02-13 11:00:00+05:30,1511.8,1512.0,1509.5,1511.6,11537,0
2026-02-13 11:05:00+05:30,1511.6,1512.6,1511.2,1511.8,7056,0
2026-02-13 11:10:00+05:30,1511.8,1513.2,1510.5,1512.9,10619,0
2026-02-13 11:15:00+05:30,1512.4,1513.8,1511.7,1511.9,4543,0
2026-02-13 11:20:00+05:30,1511.9,1512.1,1509.5,1511.0,12018,0
2026-02-13 11:25:00+05:30,1511.0,1512.4,1509.5,1511.9,37581,0
2026-02-13 11:30:00+05:30,1511.9,1513.1,1509.5,1511.8,9049,0
2026-02-13 11:35:00+05:30,1511.8,1515.9,1511.4,1515.8,12969,0
2026-02-13 11:40:00+05:30,1515.8,1517.4,1514.2,1517.4,13326,0
2026-02-13 11:45:00+05:30,1517.4,1517.5,1516.0,1516.6,4809,0
2026-02-13 11:50:00+05:30,1516.6,1517.5,1515.0,1515.9,12700,0
2026-02-13 11:55:00+05:30,1515.9,1519.5,1515.2,1516.6,23218,0
2026-02-13 12:00:00+05:30,1516.6,1519.4,1516.5,1517.3,9023,0
2026-02-13 12:05:00+05:30,1517.7,1520.5,1517.3,1520.3,20561,0
2026-02-13 12:10:00+05:30,1520.1,1525.2,1520.0,1525.0,42881,0
2026-02-13 12:15:00+05:30,1524.7,1525.4,1520.4,1521.5,42044,0
2026-02-13 12:20:00+05:30,1521.9,1522.7,1521.2,1521.9,9206,0
2026-02-13 12:25:00+05:30,1521.9,1524.3,1520.8,1521.0,8786,0
2026-02-13 12:30:00+05:30,1521.4,1523.0,1520.9,1522.2,6314,0
2026-02-13 12:35:00+05:30,1522.2,1523.5,1520.9,1523.5,5507,0
2026-02-13 12:40:00+05:30,1523.5,1523.8,1521.8,1522.5,7571,0
2026-02-13 12:45:00+05:30,1522.5,1525.8,1520.7,1520.7,16320,0
2026-02-13 12:50:00+05:30,1520.9,1522.3,1520.0,1521.5,9151,0
2026-02-13 12:55:00+05:30,1521.8,1521.8,1520.0,1520.4,7876,0
2026-02-13 13:00:00+05:30,1520.4,1520.7,1520.0,1520.3,5864,0
2026-02-13 13:05:00+05:30,1520.3,1521.9,1520.0,1521.6,7343,0
2026-02-13 13:10:00+05:30,1522.0,1524.9,1521.6,1523.5,6695,0
2026-02-13 13:15:00+05:30,1523.5,1525.9,1522.9,1524.3,8852,0
2026-02-13 13:20:00+05:30,1524.6,1524.6,1520.8,1521.2,3902,0
2026-02-13 13:25:00+05:30,1521.6,1521.7,1521.0,1521.6,6881,0
2026-02-13 13:30:00+05:30,1521.7,1521.7,1521.0,1521.1,9785,0
2026-02-13 13:35:00+05:30,1521.2,1523.1,1521.0,1522.2,5080,0
2026-02-13 13:40:00+05:30,1522.8,1522.8,1521.6,1522.1,3253,0
2026-02-13 13:45:00+05:30,1522.1,1522.1,1519.4,1521.0,68234,0
2026-02-13 13:50:00+05:30,1521.4,1521.5,1520.1,1521.1,14390,0
2026-02-13 13:55:00+05:30,1521.1,1523.3,1521.1,1521.7,8634,0
2026-02-13 14:00:00+05:30,1521.6,1523.0,1521.0,1522.8,3534,0
2026-02-13 14:05:00+05:30,1522.8,1523.0,1521.2,1521.8,2514,0
2026-02-13 14:10:00+05:30,1521.8,1523.5,1521.6,1523.1,4280,0
2026-02-13 14:15:00+05:30,1523.3,1523.5,1522.0,1522.9,4562,0
2026-02-13 14:20:00+05:30,1522.9,1523.0,1521.6,1522.5,3039,0
2026-02-13 14:25:00+05:30,1522.5,1523.2,1521.8,1522.6,4276,0
2026-02-13 14:30:00+05:30,1522.6,1522.8,1521.0,1521.2,4126,0
2026-02-13 14:35:00+05:30,1521.2,1523.7,1519.6,1522.9,44141,0
2026-02-13 14:40:00+05:30,1523.4,1523.6,1521.3,1521.9,6580,0
2026-02-13 14:45:00+05:30,1521.9,1522.1,1519.7,1521.0,27925,0
2026-02-13 14:50:00+05:30,1521.1,1523.3,1520.5,1522.9,14450,0
2026-02-13 14:55:00+05:30,1522.9,1524.9,1521.6,1523.8,10982,0
2026-02-13 15:00:00+05:30,1523.8,1524.7,1519.7,1521.1,29727,0
2026-02-13 15:05:00+05:30,1521.6,1522.1,1519.6,1521.8,96097,0
2026-02-13 15:10:00+05:30,1522.1,1523.7,1521.0,1522.4,25113,0
2026-02-13 15:15:00+05:30,1522.1,1524.0,1521.3,1522.0,48565,0
2026-02-13 15:20:00+05:30,1522.0,1523.0,1519.0,1521.0,103859,0
2026-02-13 15:25:00+05:30,1521.0,1521.5,1507.0,1508.0,323484,0
2026-02-16 09:15:00+05:30,1517.5,1517.5,1495.3,1499.8,67728,0
2026-02-16 09:20:00+05:30,1499.6,1502.4,1496.2,1501.9,48680,0
2026-02-16 09:25:00+05:30,1501.4,1501.9,1498.1,1499.1,21439,0
2026-02-16 09:30:00+05:30,1499.1,1505.5,1498.0,1503.9,26521,0
2026-02-16 09:35:00+05:30,1503.8,1504.1,1499.6,1500.6,17390,0
2026-02-16 09:40:00+05:30,1500.6,1501.7,1498.4,1499.4,14491,0
2026-02-16 09:45:00+05:30,1499.0,1504.3,1497.6,1504.1,20774,0
2026-02-16 09:50:00+05:30,1504.1,1504.8,1501.0,1501.9,16631,0
2026-02-16 09:55:00+05:30,1501.9,1505.6,1500.9,1505.2,18463,0
2026-02-16 10:00:00+05:30,1505.1,1508.0,1503.6,1505.3,26444,0
2026-02-16 10:05:00+05:30,1505.1,1506.3,1504.0,1505.5,19616,0
2026-02-16 10:10:00+05:30,1505.5,1506.4,1502.9,1505.6,18778,0
2026-02-16 10:15:00+05:30,1505.4,1508.0,1505.0,1507.2,16094,0
2026-02-16 10:20:00+05:30,1507.0,1510.7,1505.4,1505.7,23695,0
2026-02-16 10:25:00+05:30,1505.7,1509.7,1504.1,1507.6,49643,0
2026-02-16 10:30:00+05:30,1507.8,1510.7,1507.6,1508.3,12050,0
2026-02-16 10:35:00+05:30,1508.9,1509.2,1507.0,1508.0,7823,0
2026-02-16 10:40:00+05:30,1508.0,1510.5,1507.5,1510.2,13678,0
2026-02-16 10:45:00+05:30,1510.1,1513.0,1509.6,1510.7,29908,0
2026-02-16 10:50:00+05:30,1510.7,1513.1,1510.2,1511.1,15257,0
2026-02-16 10:55:00+05:30,1511.0,1513.1,1510.7,1512.5,12064,0
2026-02-16 11:00:00+05:30,1512.5,1515.8,1512.2,1514.9,13579,0
2026-02-16 11:05:00+05:30,1514.9,1514.9,1511.7,1512.8,10589,0
2026-02-16 11:10:00+05:30,1512.8,1513.8,1511.3,1513.8,8538,0
2026-02-16 11:15:00+05:30,1513.8,1515.2,1513.4,1514.6,9474,0
2026-02-16 11:20:00+05:30,1514.5,1514.6,1511.6,1512.6,27571,0
2026-02-16 11:25:00+05:30,1512.6,1513.0,1511.0,1512.4,15358,0
2026-02-16 11:30:00+05:30,1512.4,1518.9,1510.8,1515.5,117181,0
2026-02-16 11:35:00+05:30,1515.5,1516.0,1514.3,1514.8,29709,0
2026-02-16 11:40:00+05:30,1514.8,1518.5,1513.5,1516.8,38520,0
2026-02-16 11:45:00+05:30,1516.8,1517.8,1515.6,1516.5,6200,0
2026-02-16 11:50:00+05:30,1516.5,1522.4,1516.4,1522.0,19783,0
2026-02-16 11:55:00+05:30,1522.3,1531.0,1521.9,1530.4,20970,0
2026-02-16 12:00:00+05:30,1530.9,1534.0,1530.9,1532.6,15261,0
2026-02-16 12:05:00+05:30,1532.5,1538.5,1531.8,1537.7,18954,0
2026-02-16 12:10:00+05:30,1537.6,1542.6,1537.0,1539.6,36676,0
2026-02-16 12:15:00+05:30,1539.4,1539.7,1535.1,1539.6,20844,0
2026-02-16 12:20:00+05:30,1539.3,1541.6,1538.5,1539.4,26877,0
2026-02-16 12:25:00+05:30,1539.4,1541.7,1538.3,1541.4,16775,0
2026-02-16 12:30:00+05:30,1541.7,1543.0,1540.2,1542.1,28239,0
2026-02-16 12:35:00+05:30,1542.0,1542.6,1540.5,1541.7,17292,0
2026-02-16 12:40:00+05:30,1541.7,1542.5,1538.2,1538.8,18667,0
2026-02-16 12:45:00+05:30,1538.7,1539.5,1537.0,1538.0,14231,0
2026-02-16 12:50:00+05:30,1538.0,1539.0,1538.0,1539.0,4794,0
2026-02-16 12:55:00+05:30,1538.8,1541.6,1538.0,1538.2,9769,0
2026-02-16 13:00:00+05:30,1538.2,1541.7,1538.0,1538.9,9564,0
2026-02-16 13:05:00+05:30,1538.5,1539.9,1536.9,1539.9,8666,0
2026-02-16 13:10:00+05:30,1539.8,1540.5,1537.9,1538.6,5729,0
2026-02-16 13:15:00+05:30,1538.4,1538.9,1535.9,1537.6,10399,0
2026-02-16 13:20:00+05:30,1537.6,1538.6,1536.2,1536.2,6877,0
2026-02-16 13:25:00+05:30,1536.8,1540.0,1536.1,1538.6,9061,0
2026-02-16 13:30:00+05:30,1538.6,1539.0,1537.2,1538.1,9445,0
2026-02-16 13:35:00+05:30,1537.9,1539.9,1537.7,1539.9,8296,0
2026-02-16 13:40:00+05:30,1539.6,1541.6,1539.0,1541.2,11390,0
2026-02-16 13:45:00+05:30,1541.2,1543.0,1540.4,1540.7,13302,0
2026-02-16 13:50:00+05:30,1540.7,1541.6,1539.3,1540.2,12446,0
2026-02-16 13:55:00+05:30,1540.0,1540.5,1538.6,1540.5,10602,0
2026-02-16 14:00:00+05:30,1540.5,1541.0,1539.0,1540.2,6311,0
2026-02-16 14:05:00+05:30,1540.2,1540.2,1537.7,1538.8,9687,0
2026-02-16 14:10:00+05:30,1538.8,1540.0,1538.8,1539.5,9608,0
2026-02-16 14:15:00+05:30,1538.9,1539.5,1537.1,1538.3,19297,0
2026-02-16 14:20:00+05:30,1538.0,1541.0,1537.9,1539.0,28492,0
2026-02-16 14:25:00+05:30,1539.0,1541.5,1538.5,1540.8,16359,0
2026-02-16 14:30:00+05:30,1540.8,1541.5,1540.0,1540.6,13518,0
2026-02-16 14:35:00+05:30,1540.6,1544.6,1540.3,1543.9,38113,0
2026-02-16 14:40:00+05:30,1543.3,1543.9,1541.0,1543.7,44249,0
2026-02-16 14:45:00+05:30,1543.6,1543.6,1541.4,1543.2,13666,0
2026-02-16 14:50:00+05:30,1542.9,1543.2,1541.4,1541.9,9470,0
2026-02-16 14:55:00+05:30,1541.9,1545.0,1541.9,1543.9,30396,0
2026-02-16 15:00:00+05:30,1543.7,1545.5,1542.2,1543.8,40984,0
2026-02-16 15:05:00+05:30,1543.8,1544.0,1542.6,1543.3,17120,0
2026-02-16 15:10:00+05:30,1543.2,1543.6,1539.0,1541.0,45446,0
2026-02-16 15:15:00+05:30,1540.8,1541.3,1537.9,1538.6,45551,0
2026-02-16 15:20:00+05:30,1538.5,1540.1,1535.5,1537.9,54159,0
2026-02-16 15:25:00+05:30,1537.9,1538.0,1535.3,1538.0,42826,0
2026-02-17 09:15:00+05:30,1545.0,1545.0,1536.8,1541.7,31344,0
2026-02-17 09:20:00+05:30,1541.3,1541.3,1535.8,1536.5,23255,0
2026-02-17 09:25:00+05:30,1535.8,1539.0,1535.7,1537.4,5207,0
2026-02-17 09:30:00+05:30,1537.4,1540.6,1535.8,1539.4,13356,0
2026-02-17 09:35:00+05:30,1539.4,1542.0,1537.0,1542.0,9933,0
2026-02-17 09:40:00+05:30,1542.0,1542.4,1537.4,1541.6,13245,0
2026-02-17 09:45:00+05:30,1541.6,1543.4,1541.1,1542.1,12421,0
2026-02-17 09:50:00+05:30,1542.1,1544.7,1542.0,1542.9,5867,0
2026-02-17 09:55:00+05:30,1542.2,1543.0,1540.6,1541.9,6918,0
2026-02-17 10:00:00+05:30,1541.9,1550.0,1540.0,1549.7,32317,0
2026-02-17 10:05:00+05:30,1549.2,1550.5,1548.0,1549.1,29874,0
2026-02-17 10:10:00+05:30,1549.5,1558.0,1549.2,1557.1,50298,0
2026-02-17 10:15:00+05:30,1557.6,1558.5,1555.4,1558.0,30050,0
2026-02-17 10:20:00+05:30,1558.0,1561.4,1557.1,1560.6,34487,0
2026-02-17 10:25:00+05:30,1560.6,1563.0,1558.6,1562.9,35295,0
2026-02-17 10:30:00+05:30,1562.9,1562.9,1560.0,1561.4,47095,0
2026-02-17 10:35:00+05:30,1561.4,1563.0,1560.0,1561.6,36519,0
2026-02-17 10:40:00+05:30,1561.7,1562.3,1555.6,1561.3,492096,0
2026-02-17 10:45:00+05:30,1560.6,1563.7,1556.9,1558.7,73982,0
2026-02-17 10:50:00+05:30,1559.1,1560.8,1558.0,1560.0,27404,0
2026-02-17 10:55:00+05:30,1560.0,1562.0,1555.9,1558.3,49901,0
2026-02-17 11:00:00+05:30,1558.5,1560.0,1556.7,1557.7,38816,0
2026-02-17 11:05:00+05:30,1557.7,1559.9,1556.9,1558.8,26079,0
2026-02-17 11:10:00+05:30,1558.8,1560.0,1556.1,1557.1,42485,0
2026-02-17 11:15:00+05:30,1557.0,1560.5,1557.0,1559.4,18482,0
2026-02-17 11:20:00+05:30,1559.4,1562.9,1558.2,1561.7,27111,0
2026-02-17 11:25:00+05:30,1561.7,1562.0,1557.3,1557.8,50916,0
2026-02-17 11:30:00+05:30,1557.7,1561.1,1557.1,1560.1,32572,0
2026-02-17 11:35:00+05:30,1560.1,1562.0,1556.0,1558.0,34646,0
2026-02-17 11:40:00+05:30,1558.0,1558.6,1556.6,1557.4,29448,0
2026-02-17 11:45:00+05:30,1557.4,1559.5,1556.8,1557.9,27032,0
2026-02-17 11:50:00+05:30,1557.6,1563.2,1557.1,1560.6,50363,0
2026-02-17 11:55:00+05:30,1560.8,1561.5,1557.7,1561.5,38734,0
2026-02-17 12:00:00+05:30,1561.5,1563.1,1560.5,1561.5,25237,0
2026-02-17 12:05:00+05:30,1561.5,1564.1,1560.1,1564.0,30277,0
2026-02-17 12:10:00+05:30,1564.0,1565.0,1562.4,1564.5,39312,0
2026-02-17 12:15:00+05:30,1564.6,1568.0,1564.1,1567.0,57740,0
2026-02-17 12:20:00+05:30,1567.5,1568.0,1565.2,1566.9,32716,0
2026-02-17 12:25:00+05:30,1566.4,1570.5,1566.4,1570.3,60047,0
2026-02-17 12:30:00+05:30,1570.1,1572.2,1567.5,1572.0,42069,0
2026-02-17 12:35:00+05:30,1572.0,1576.0,1571.4,1573.9,56409,0
2026-02-17 12:40:00+05:30,1573.9,1574.4,1568.3,1570.1,43641,0
2026-02-17 12:45:00+05:30,1570.5,1572.1,1569.5,1572.0,23148,0
2026-02-17 12:50:00+05:30,1572.0,1576.5,1570.1,1575.4,95934,0
2026-02-17 12:55:00+05:30,1575.5,1575.5,1573.0,1573.7,43552,0
2026-02-17 13:00:00+05:30,1573.7,1574.1,1570.9,1572.0,36094,0
2026-02-17 13:05:00+05:30,1572.1,1573.8,1571.0,1573.6,37497,0
2026-02-17 13:10:00+05:30,1573.2,1573.9,1570.0,1571.0,34778,0
2026-02-17 13:15:00+05:30,1571.0,1571.3,1567.0,1567.9,41529,0
2026-02-17 13:20:00+05:30,1567.9,1569.4,1567.8,1569.4,26542,0
2026-02-17 13:25:00+05:30,1569.3,1571.1,1568.1,1569.0,93831,0
2026-02-17 13:30:00+05:30,1568.7,1569.5,1567.2,1567.9,15675,0
2026-02-17 13:35:00+05:30,1567.9,1568.1,1566.2,1567.6,10846,0
2026-02-17 13:40:00+05:30,1567.6,1569.9,1567.4,1568.6,6058,0
2026-02-17 13:45:00+05:30,1568.4,1569.4,1566.5,1566.8,13508,0
2026-02-17 13:50:00+05:30,1566.8,1569.1,1565.1,1568.4,18731,0
2026-02-17 13:55:00+05:30,1568.1,1568.4,1565.7,1566.7,19348,0
2026-02-17 14:00:00+05:30,1566.7,1568.8,1565.5,1568.5,18863,0
2026-02-17 14:05:00+05:30,1568.0,1568.6,1567.3,1568.4,4819,0
2026-02-17 14:10:00+05:30,1568.2,1568.2,1563.6,1563.9,22296,0
2026-02-17 14:15:00+05:30,1563.9,1566.6,1562.1,1565.6,31634,0
2026-02-17 14:20:00+05:30,1565.6,1567.7,1564.5,1566.4,8202,0
2026-02-17 14:25:00+05:30,1566.4,1568.0,1566.1,1568.0,8484,0
2026-02-17 14:30:00+05:30,1568.0,1568.4,1566.0,1568.3,12896,0
2026-02-17 14:35:00+05:30,1568.1,1571.6,1566.0,1570.6,33669,0
2026-02-17 14:40:00+05:30,1570.6,1571.0,1570.2,1570.3,33613,0
2026-02-17 14:45:00+05:30,1570.3,1570.3,1566.2,1567.1,33068,0
2026-02-17 14:50:00+05:30,1567.0,1567.1,1566.0,1566.6,25476,0
2026-02-17 14:55:00+05:30,1566.3,1567.9,1565.5,1567.0,55576,0
2026-02-17 15:00:00+05:30,1567.0,1569.3,1566.9,1567.8,79864,0
2026-02-17 15:05:00+05:30,1567.7,1567.8,1566.7,1566.9,39383,0
2026-02-17 15:10:00+05:30,1566.9,1568.0,1566.4,1567.3,104498,0
2026-02-17 15:15:00+05:30,1567.3,1567.5,1566.7,1566.9,46679,0
2026-02-17 15:20:00+05:30,1566.9,1567.0,1566.0,1566.4,90587,0
2026-02-17 15:25:00+05:30,1566.5,1569.0,1560.0,1562.6,136609,0
2026-02-18 09:15:00+05:30,1565.0,1565.0,1549.1,1550.0,75507,0
2026-02-18 09:20:00+05:30,1550.0,1550.0,1541.2,1543.2,51137,0
2026-02-18 09:25:00+05:30,1543.7,1548.7,1542.9,1547.9,25820,0
2026-02-18 09:30:00+05:30,1547.8,1551.0,1546.6,1550.8,31881,0
2026-02-18 09:35:00+05:30,1550.6,1551.7,1546.0,1548.5,17926,0
2026-02-18 09:40:00+05:30,1548.1,1549.9,1548.0,1549.3,6390,0
2026-02-18 09:45:00+05:30,1549.9,1550.0,1542.5,1545.2,41540,0
2026-02-18 09:50:00+05:30,1545.4,1545.4,1542.5,1543.9,12409,0
2026-02-18 09:55:00+05:30,1543.9,1544.0,1540.0,1541.9,28112,0
2026-02-18 10:00:00+05:30,1541.9,1543.7,1540.0,1543.4,15066,0
2026-02-18 10:05:00+05:30,1542.8,1545.7,1542.5,1544.2,13661,0
2026-02-18 10:10:00+05:30,1544.3,1546.0,1543.8,1544.3,7308,0
2026-02-18 10:15:00+05:30,1544.3,1544.5,1541.8,1544.0,8527,0
2026-02-18 10:20:00+05:30,1544.0,1546.0,1543.0,1545.5,11290,0
2026-02-18 10:25:00+05:30,1545.5,1545.9,1541.1,1541.9,16927,0
2026-02-18 10:30:00+05:30,1542.0,1545.5,1541.2,1545.5,6714,0
2026-02-18 10:35:00+05:30,1545.3,1546.2,1541.2,1541.2,14193,0
2026-02-18 10:40:00+05:30,1541.9,1543.4,1541.4,1541.9,6063,0
2026-02-18 10:45:00+05:30,1542.0,1543.6,1541.0,1543.5,9423,0
2026-02-18 10:50:00+05:30,1543.5,1546.2,1543.0,1544.8,9301,0
2026-02-18 10:55:00+05:30,1544.8,1547.4,1544.1,1546.8,12238,0
2026-02-18 11:00:00+05:30,1547.0,1547.5,1545.5,1546.1,10489,0
2026-02-18 11:05:00+05:30,1546.1,1547.0,1543.7,1546.8,9925,0
2026-02-18 11:10:00+05:30,1546.9,1547.0,1543.0,1544.7,7456,0
2026-02-18 11:15:00+05:30,1544.3,1545.1,1543.7,1544.2,2970,0
2026-02-18 11:20:00+05:30,1544.6,1545.0,1544.0,1544.2,3088,0
2026-02-18 11:25:00+05:30,1544.2,1545.9,1542.4,1545.4,5890,0
2026-02-18 11:30:00+05:30,1545.8,1548.7,1545.0,1548.3,7037,0
2026-02-18 11:35:00+05:30,1548.2,1548.3,1546.0,1546.9,6895,0
2026-02-18 11:40:00+05:30,1546.9,1547.1,1545.0,1546.5,5095,0
2026-02-18 11:45:00+05:30,1546.5,1548.1,1545.8,1548.0,7659,0
2026-02-18 11:50:00+05:30,1548.0,1548.4,1547.8,1548.4,12820,0
2026-02-18 11:55:00+05:30,1548.4,1552.1,1545.6,1550.3,46707,0
2026-02-18 12:00:00+05:30,1551.0,1553.1,1550.2,1551.6,46268,0
2026-02-18 12:05:00+05:30,1551.6,1552.5,1551.6,1552.0,11826,0
2026-02-18 12:10:00+05:30,1552.0,1552.5,1549.6,1552.1,21680,0
2026-02-18 12:15:00+05:30,1552.5,1553.0,1550.6,1552.0,28066,0
2026-02-18 12:20:00+05:30,1552.0,1553.5,1551.5,1552.6,38554,0
2026-02-18 12:25:00+05:30,1553.2,1553.4,1550.0,1550.3,11238,0
2026-02-18 12:30:00+05:30,1550.0,1550.7,1549.0,1549.8,4193,0
2026-02-18 12:35:00+05:30,1550.3,1550.5,1549.1,1550.4,5298,0
2026-02-18 12:40:00+05:30,1550.4,1550.4,1548.0,1549.5,6810,0
2026-02-18 12:45:00+05:30,1549.5,1550.4,1549.0,1549.5,4207,0
2026-02-18 12:50:00+05:30,1549.5,1549.8,1547.0,1549.7,13563,0
2026-02-18 12:55:00+05:30,1549.8,1550.5,1548.8,1549.6,1997,0
2026-02-18 13:00:00+05:30,1550.3,1550.5,1549.2,1550.0,2082,0
2026-02-18 13:05:00+05:30,1550.5,1550.7,1549.3,1550.0,2306,0
2026-02-18 13:10:00+05:30,1550.5,1550.5,1549.3,1549.9,2059,0
2026-02-18 13:15:00+05:30,1550.5,1551.4,1549.5,1551.0,5029,0
2026-02-18 13:20:00+05:30,1551.0,1551.0,1549.9,1550.9,2235,0
2026-02-18 13:25:00+05:30,1550.9,1550.9,1548.7,1549.9,13283,0
2026-02-18 13:30:00+05:30,1549.9,1550.3,1548.8,1549.9,7734,0
2026-02-18 13:35:00+05:30,1550.0,1550.0,1548.8,1549.6,5215,0
2026-02-18 13:40:00+05:30,1549.6,1550.3,1549.0,1549.1,3051,0
2026-02-18 13:45:00+05:30,1549.6,1550.0,1548.3,1549.8,6098,0
2026-02-18 13:50:00+05:30,1549.8,1550.1,1545.5,1545.6,10826,0
2026-02-18 13:55:00+05:30,1545.6,1549.5,1545.4,1548.0,10440,0
2026-02-18 14:00:00+05:30,1548.0,1549.2,1547.5,1548.0,4339,0
2026-02-18 14:05:00+05:30,1548.0,1548.0,1547.5,1548.0,2970,0
2026-02-18 14:10:00+05:30,1548.0,1549.7,1547.6,1549.7,5059,0
2026-02-18 14:15:00+05:30,1549.7,1550.1,1549.1,1549.8,6292,0
2026-02-18 14:20:00+05:30,1549.8,1554.0,1549.6,1553.7,32427,0
2026-02-18 14:25:00+05:30,1554.0,1554.3,1550.3,1551.5,45093,0
2026-02-18 14:30:00+05:30,1551.5,1551.9,1549.4,1549.9,8997,0
2026-02-18 14:35:00+05:30,1549.9,1551.2,1549.1,1550.5,11775,0
2026-02-18 14:40:00+05:30,1550.5,1551.3,1549.9,1551.1,6569,0
2026-02-18 14:45:00+05:30,1550.8,1551.6,1550.0,1550.9,9883,0
2026-02-18 14:50:00+05:30,1550.9,1552.2,1549.4,1550.3,14247,0
2026-02-18 14:55:00+05:30,1550.1,1552.0,1550.1,1551.5,13790,0
2026-02-18 15:00:00+05:30,1551.0,1553.7,1550.6,1552.7,78049,0
2026-02-18 15:05:00+05:30,1552.7,1553.0,1549.9,1552.2,80527,0
2026-02-18 15:10:00+05:30,1551.9,1552.9,1550.8,1551.5,37390,0
2026-02-18 15:15:00+05:30,1551.1,1551.7,1549.7,1551.0,55902,0
2026-02-18 15:20:00+05:30,1551.0,1551.2,1548.2,1549.4,54603,0
2026-02-18 15:25:00+05:30,1549.4,1550.1,1548.2,1550.0,46522,0
2026-02-19 09:15:00+05:30,1550.0,1550.8,1540.5,1546.9,53082,0
2026-02-19 09:20:00+05:30,1546.4,1549.5,1543.4,1544.2,32516,0
2026-02-19 09:25:00+05:30,1543.6,1545.0,1541.7,1542.0,21375,0
2026-02-19 09:30:00+05:30,1542.7,1543.4,1539.2,1539.2,22252,0
2026-02-19 09:35:00+05:30,1539.7,1541.3,1536.1,1537.6,19181,0
2026-02-19 09:40:00+05:30,1537.6,1537.7,1535.2,1535.8,13408,0
2026-02-19 09:45:00+05:30,1535.6,1538.6,1533.3,1537.5,27144,0
2026-02-19 09:50:00+05:30,1537.8,1537.8,1535.5,1535.5,23332,0
2026-02-19 09:55:00+05:30,1535.8,1537.1,1533.1,1535.1,15586,0
2026-02-19 10:00:00+05:30,1535.1,1537.9,1535.0,1537.4,4882,0
2026-02-19 10:05:00+05:30,1537.4,1539.5,1534.2,1535.1,12954,0
2026-02-19 10:10:00+05:30,1535.1,1537.4,1532.1,1536.4,15835,0
2026-02-19 10:15:00+05:30,1536.4,1541.2,1535.6,1540.0,10488,0
2026-02-19 10:20:00+05:30,1540.0,1542.0,1538.0,1541.3,14655,0
2026-02-19 10:25:00+05:30,1541.0,1541.8,1540.0,1541.3,8041,0
2026-02-19 10:30:00+05:30,1541.2,1541.2,1537.5,1538.6,7124,0
2026-02-19 10:35:00+05:30,1538.5,1538.6,1535.5,1536.5,15792,0
2026-02-19 10:40:00+05:30,1536.5,1539.0,1536.5,1538.8,6543,0
2026-02-19 10:45:00+05:30,1538.8,1538.9,1535.6,1535.7,9846,0
2026-02-19 10:50:00+05:30,1536.3,1538.8,1535.3,1537.8,11255,0
2026-02-19 10:55:00+05:30,1537.2,1540.0,1536.0,1539.3,6677,0
2026-02-19 11:00:00+05:30,1539.3,1540.0,1536.4,1537.4,11635,0
2026-02-19 11:05:00+05:30,1537.2,1540.8,1536.8,1539.7,5849,0
2026-02-19 11:10:00+05:30,1539.5,1540.0,1533.4,1533.9,10773,0
2026-02-19 11:15:00+05:30,1533.9,1534.5,1532.1,1533.8,9689,0
2026-02-19 11:20:00+05:30,1533.8,1536.6,1533.8,1535.0,4919,0
2026-02-19 11:25:00+05:30,1535.0,1536.4,1535.0,1536.1,4882,0
2026-02-19 11:30:00+05:30,1536.4,1536.9,1536.0,1536.5,7424,0
2026-02-19 11:35:00+05:30,1536.0,1536.2,1534.0,1534.0,4251,0
2026-02-19 11:40:00+05:30,1534.3,1534.3,1530.4,1532.7,13926,0
2026-02-19 11:45:00+05:30,1532.7,1532.7,1531.0,1532.2,3128,0
2026-02-19 11:50:00+05:30,1531.9,1533.0,1531.0,1533.0,6807,0
2026-02-19 11:55:00+05:30,1533.0,1534.0,1532.2,1533.7,3347,0
2026-02-19 12:00:00+05:30,1533.6,1533.6,1531.1,1531.5,7969,0
2026-02-19 12:05:00+05:30,1531.9,1532.8,1530.4,1530.9,14377,0
2026-02-19 12:10:00+05:30,1531.0,1531.0,1529.0,1529.9,14151,0
2026-02-19 12:15:00+05:30,1529.4,1531.2,1528.0,1529.8,13514,0
2026-02-19 12:20:00+05:30,1529.8,1532.1,1529.8,1530.9,5777,0
2026-02-19 12:25:00+05:30,1530.8,1533.6,1530.0,1532.1,3606,0
2026-02-19 12:30:00+05:30,1532.0,1533.5,1531.0,1532.5,3129,0
2026-02-19 12:35:00+05:30,1532.5,1533.3,1530.1,1531.5,3137,0
2026-02-19 12:40:00+05:30,1531.5,1531.5,1529.0,1529.3,4696,0
2026-02-19 12:45:00+05:30,1529.3,1531.2,1529.1,1530.2,2408,0
2026-02-19 12:50:00+05:30,1530.6,1531.8,1529.6,1531.0,13679,0
2026-02-19 12:55:00+05:30,1531.0,1533.0,1530.2,1530.7,3878,0
2026-02-19 13:00:00+05:30,1530.9,1531.4,1530.0,1531.2,3430,0
2026-02-19 13:05:00+05:30,1530.7,1534.9,1530.3,1534.4,8493,0
2026-02-19 13:10:00+05:30,1534.0,1536.0,1533.9,1536.0,19387,0
2026-02-19 13:15:00+05:30,1536.3,1536.3,1533.5,1534.0,3640,0
2026-02-19 13:20:00+05:30,1534.0,1534.6,1532.7,1533.4,2172,0
2026-02-19 13:25:00+05:30,1532.9,1533.5,1531.0,1532.6,4168,0
2026-02-19 13:30:00+05:30,1532.6,1532.6,1528.0,1529.4,22290,0
2026-02-19 13:35:00+05:30,1528.8,1529.9,1527.3,1528.5,12720,0
2026-02-19 13:40:00+05:30,1528.8,1529.6,1527.6,1528.7,2677,0
2026-02-19 13:45:00+05:30,1528.1,1528.9,1527.0,1527.3,4247,0
2026-02-19 13:50:00+05:30,1527.3,1527.3,1524.1,1525.4,9535,0
2026-02-19 13:55:00+05:30,1525.4,1525.8,1524.1,1524.1,3894,0
2026-02-19 14:00:00+05:30,1524.1,1524.7,1523.2,1523.7,3304,0
2026-02-19 14:05:00+05:30,1524.0,1524.5,1522.7,1523.0,8512,0
2026-02-19 14:10:00+05:30,1523.2,1524.7,1522.6,1523.5,11801,0
2026-02-19 14:15:00+05:30,1523.5,1525.6,1522.8,1524.7,17236,0
2026-02-19 14:20:00+05:30,1524.5,1527.3,1524.0,1524.6,14125,0
2026-02-19 14:25:00+05:30,1524.6,1525.1,1521.0,1522.4,7140,0
2026-02-19 14:30:00+05:30,1522.4,1524.8,1522.4,1523.5,3969,0
2026-02-19 14:35:00+05:30,1523.5,1526.0,1523.2,1525.0,7186,0
2026-02-19 14:40:00+05:30,1525.0,1526.0,1520.3,1520.5,18586,0
2026-02-19 14:45:00+05:30,1520.5,1523.1,1519.1,1522.0,30815,0
2026-02-19 14:50:00+05:30,1522.0,1523.9,1521.8,1523.5,14649,0
2026-02-19 14:55:00+05:30,1523.5,1526.3,1522.1,1523.9,12364,0
2026-02-19 15:00:00+05:30,1524.4,1525.1,1517.0,1518.0,42189,0
2026-02-19 15:05:00+05:30,1518.1,1518.6,1513.2,1515.6,28660,0
2026-02-19 15:10:00+05:30,1515.6,1516.8,1512.1,1513.1,29915,0
2026-02-19 15:15:00+05:30,1513.1,1513.9,1511.7,1512.0,25069,0
2026-02-19 15:20:00+05:30,1512.0,1512.0,1506.7,1509.2,53893,0
2026-02-19 15:25:00+05:30,1508.5,1511.7,1507.6,1511.7,28519,0
2026-02-20 09:15:00+05:30,1513.3,1519.7,1513.3,1515.2,38563,0
2026-02-20 09:20:00+05:30,1516.2,1519.3,1515.0,1516.1,19264,0
2026-02-20 09:25:00+05:30,1516.1,1516.1,1510.6,1510.7,19591,0
2026-02-20 09:30:00+05:30,1511.1,1514.7,1510.1,1514.7,18781,0
2026-02-20 09:35:00+05:30,1514.3,1515.5,1512.7,1513.6,10334,0
2026-02-20 09:40:00+05:30,1513.6,1514.2,1511.0,1513.3,6598,0
2026-02-20 09:45:00+05:30,1512.7,1516.4,1512.7,1515.2,7101,0
2026-02-20 09:50:00+05:30,1515.2,1516.9,1513.7,1515.3,8985,0
2026-02-20 09:55:00+05:30,1515.5,1515.9,1514.0,1515.0,4570,0
2026-02-20 10:00:00+05:30,1515.0,1515.0,1508.1,1509.8,16654,0
2026-02-20 10:05:00+05:30,1509.3,1510.3,1505.2,1507.9,13125,0
2026-02-20 10:10:00+05:30,1507.7,1508.4,1505.9,1506.1,11425,0
2026-02-20 10:15:00+05:30,1506.2,1511.9,1505.8,1511.3,13584,0
2026-02-20 10:20:00+05:30,1511.5,1512.3,1508.5,1508.5,11644,0
2026-02-20 10:25:00+05:30,1508.6,1511.0,1508.0,1509.3,8552,0
2026-02-20 10:30:00+05:30,1509.3,1514.0,1509.3,1512.2,11953,0
2026-02-20 10:35:00+05:30,1512.6,1513.2,1512.0,1512.5,10419,0
2026-02-20 10:40:00+05:30,1512.5,1517.5,1512.5,1517.5,22566,0
2026-02-20 10:45:00+05:30,1517.5,1519.4,1516.2,1516.9,30824,0
2026-02-20 10:50:00+05:30,1516.7,1518.9,1516.0,1517.4,12856,0
2026-02-20 10:55:00+05:30,1517.8,1518.0,1514.7,1517.0,7724,0
2026-02-20 11:00:00+05:30,1517.0,1517.6,1514.7,1515.3,7522,0
2026-02-20 11:05:00+05:30,1515.3,1515.8,1512.5,1513.3,12849,0
2026-02-20 11:10:00+05:30,1513.3,1513.5,1511.2,1512.2,8350,0
2026-02-20 11:15:00+05:30,1512.2,1514.4,1512.2,1513.0,7637,0
2026-02-20 11:20:00+05:30,1513.0,1513.8,1512.0,1513.3,17657,0
2026-02-20 11:25:00+05:30,1513.3,1515.8,1512.5,1514.9,4874,0
2026-02-20 11:30:00+05:30,1514.9,1516.5,1514.4,1515.1,8537,0
2026-02-20 11:35:00+05:30,1515.1,1515.1,1512.6,1513.1,8644,0
2026-02-20 11:40:00+05:30,1513.3,1516.0,1513.3,1515.4,10152,0
2026-02-20 11:45:00+05:30,1515.4,1517.0,1513.7,1513.8,10408,0
2026-02-20 11:50:00+05:30,1514.0,1517.6,1513.8,1516.8,12425,0
2026-02-20 11:55:00+05:30,1516.8,1517.9,1516.1,1517.5,7462,0
2026-02-20 12:00:00+05:30,1517.5,1517.5,1515.0,1515.8,11533,0
2026-02-20 12:05:00+05:30,1515.8,1516.5,1515.0,1515.8,4566,0
2026-02-20 12:10:00+05:30,1516.0,1517.2,1515.6,1517.2,8413,0
2026-02-20 12:15:00+05:30,1517.2,1521.3,1516.7,1520.5,22894,0
2026-02-20 12:20:00+05:30,1520.5,1522.9,1519.9,1522.0,11480,0
2026-02-20 12:25:00+05:30,1522.1,1524.9,1521.3,1523.9,12463,0
2026-02-20 12:30:00+05:30,1523.9,1529.2,1523.6,1526.8,20620,0
2026-02-20 12:35:00+05:30,1526.8,1528.6,1526.3,1527.4,14041,0
2026-02-20 12:40:00+05:30,1527.4,1527.8,1523.3,1524.6,15583,0
2026-02-20 12:45:00+05:30,1524.4,1527.4,1523.7,1525.7,9538,0
2026-02-20 12:50:00+05:30,1525.7,1526.8,1525.0,1526.0,9125,0
2026-02-20 12:55:00+05:30,1526.0,1526.3,1522.2,1523.0,12033,0
2026-02-20 13:00:00+05:30,1523.0,1523.0,1520.0,1521.0,13438,0
2026-02-20 13:05:00+05:30,1520.8,1521.4,1519.1,1520.5,14068,0
2026-02-20 13:10:00+05:30,1520.1,1521.3,1516.2,1518.3,10290,0
2026-02-20 13:15:00+05:30,1518.3,1518.7,1514.7,1515.1,11724,0
2026-02-20 13:20:00+05:30,1515.7,1516.8,1514.4,1515.6,14520,0
2026-02-20 13:25:00+05:30,1515.6,1517.9,1515.0,1517.3,9346,0
2026-02-20 13:30:00+05:30,1517.3,1519.5,1517.0,1518.0,9797,0
2026-02-20 13:35:00+05:30,1517.9,1519.4,1515.5,1515.5,8610,0
2026-02-20 13:40:00+05:30,1516.0,1516.8,1514.5,1515.8,7981,0
2026-02-20 13:45:00+05:30,1515.8,1516.6,1515.0,1516.0,7408,0
2026-02-20 13:50:00+05:30,1516.0,1516.0,1514.2,1514.2,8453,0
2026-02-20 13:55:00+05:30,1514.4,1517.2,1514.1,1516.4,7768,0
2026-02-20 14:00:00+05:30,1516.3,1518.6,1515.7,1517.3,6138,0
2026-02-20 14:05:00+05:30,1517.2,1518.4,1515.5,1516.8,20555,0
2026-02-20 14:10:00+05:30,1517.3,1517.4,1515.8,1516.6,8111,0
2026-02-20 14:15:00+05:30,1516.6,1519.3,1516.6,1518.5,7458,0
2026-02-20 14:20:00+05:30,1518.5,1522.0,1517.6,1518.1,9104,0
2026-02-20 14:25:00+05:30,1518.0,1518.8,1516.6,1516.6,11726,0
2026-02-20 14:30:00+05:30,1516.6,1517.3,1515.2,1515.7,9682,0
2026-02-20 14:35:00+05:30,1515.7,1517.3,1514.0,1515.4,19239,0
2026-02-20 14:40:00+05:30,1515.2,1516.2,1514.1,1515.9,14849,0
2026-02-20 14:45:00+05:30,1516.2,1519.0,1515.8,1518.1,15152,0
2026-02-20 14:50:00+05:30,1518.7,1518.7,1515.5,1517.8,14411,0
2026-02-20 14:55:00+05:30,1517.9,1519.5,1517.0,1519.5,11712,0
2026-02-20 15:00:00+05:30,1519.9,1520.4,1515.0,1515.3,37350,0
2026-02-20 15:05:00+05:30,1515.3,1515.3,1512.1,1512.1,45321,0
2026-02-20 15:10:00+05:30,1512.2,1512.4,1510.0,1510.8,41469,0
2026-02-20 15:15:00+05:30,1511.4,1512.4,1509.9,1510.4,39974,0
2026-02-20 15:20:00+05:30,1510.0,1511.4,1508.0,1511.4,66253,0
2026-02-20 15:25:00+05:30,1511.4,1515.3,1507.6,1515.3,51107,0
2026-02-23 09:15:00+05:30,1511.0,1530.0,1510.8,1528.2,94873,0
2026-02-23 09:20:00+05:30,1529.0,1538.0,1527.3,1537.4,51418,0
2026-02-23 09:25:00+05:30,1537.4,1544.6,1536.7,1544.5,126300,0
2026-02-23 09:30:00+05:30,1544.1,1549.6,1543.4,1548.0,97288,0
2026-02-23 09:35:00+05:30,1547.3,1553.9,1545.2,1550.6,82967,0
2026-02-23 09:40:00+05:30,1551.0,1554.9,1550.6,1553.4,71678,0
2026-02-23 09:45:00+05:30,1553.6,1554.9,1549.0,1553.9,78417,0
2026-02-23 09:50:00+05:30,1553.7,1557.0,1552.0,1553.7,91114,0
2026-02-23 09:55:00+05:30,1553.3,1560.0,1552.0,1559.6,91619,0
2026-02-23 10:00:00+05:30,1559.1,1564.5,1558.0,1558.1,147668,0
2026-02-23 10:05:00+05:30,1558.5,1560.0,1550.4,1554.4,130332,0
2026-02-23 10:10:00+05:30,1554.6,1555.0,1547.0,1550.4,98101,0
2026-02-23 10:15:00+05:30,1550.5,1558.8,1550.5,1557.0,61698,0
2026-02-23 10:20:00+05:30,1556.6,1561.1,1555.0,1557.9,86984,0
2026-02-23 10:25:00+05:30,1557.9,1558.5,1551.0,1552.6,46045,0
2026-02-23 10:30:00+05:30,1552.9,1554.9,1549.0,1551.4,33579,0
2026-02-23 10:35:00+05:30,1551.6,1552.6,1549.4,1549.9,23726,0
2026-02-23 10:40:00+05:30,1549.6,1550.4,1543.3,1544.4,66765,0
2026-02-23 10:45:00+05:30,1545.4,1549.0,1544.0,1547.0,41305,0
2026-02-23 10:50:00+05:30,1546.7,1550.6,1546.5,1549.2,27007,0
2026-02-23 10:55:00+05:30,1549.7,1553.9,1549.3,1553.0,29061,0
2026-02-23 11:00:00+05:30,1553.0,1554.7,1549.7,1552.0,25269,0
2026-02-23 11:05:00+05:30,1551.5,1552.4,1549.6,1551.2,17231,0
2026-02-23 11:10:00+05:30,1550.5,1553.0,1550.5,1552.7,19558,0
2026-02-23 11:15:00+05:30,1553.0,1557.4,1552.5,1553.4,66236,0
2026-02-23 11:20:00+05:30,1553.4,1554.7,1551.7,1551.8,18337,0
2026-02-23 11:25:00+05:30,1552.4,1553.6,1551.6,1551.6,15384,0
2026-02-23 11:30:00+05:30,1551.2,1551.2,1548.0,1548.6,30660,0
2026-02-23 11:35:00+05:30,1548.5,1551.8,1548.0,1551.2,15318,0
2026-02-23 11:40:00+05:30,1551.2,1551.6,1548.1,1548.8,11480,0
2026-02-23 11:45:00+05:30,1549.1,1549.6,1546.0,1547.6,20753,0
2026-02-23 11:50:00+05:30,1547.6,1551.5,1547.0,1550.7,15142,0
2026-02-23 11:55:00+05:30,1550.7,1550.7,1547.2,1548.3,13663,0
2026-02-23 12:00:00+05:30,1547.6,1549.5,1546.6,1546.9,25828,0
2026-02-23 12:05:00+05:30,1547.0,1548.0,1546.0,1547.9,13141,0
2026-02-23 12:10:00+05:30,1547.9,1548.0,1546.0,1546.4,12793,0
2026-02-23 12:15:00+05:30,1547.1,1551.7,1546.0,1551.3,25579,0
2026-02-23 12:20:00+05:30,1551.4,1551.6,1549.1,1549.4,15254,0
2026-02-23 12:25:00+05:30,1549.4,1550.0,1547.8,1549.1,14529,0
2026-02-23 12:30:00+05:30,1548.6,1549.3,1546.6,1547.9,12754,0
2026-02-23 12:35:00+05:30,1548.3,1549.7,1547.4,1548.6,17467,0
2026-02-23 12:40:00+05:30,1548.7,1550.0,1548.1,1550.0,15665,0
2026-02-23 12:45:00+05:30,1550.0,1551.0,1547.7,1548.4,23584,0
2026-02-23 12:50:00+05:30,1548.4,1549.1,1547.6,1549.1,10222,0
2026-02-23 12:55:00+05:30,1549.0,1549.8,1548.1,1548.1,8959,0
2026-02-23 13:00:00+05:30,1548.1,1549.0,1545.6,1546.7,19618,0
2026-02-23 13:05:00+05:30,1546.7,1548.9,1546.0,1548.1,16227,0
2026-02-23 13:10:00+05:30,1548.3,1548.4,1545.1,1546.9,21114,0
2026-02-23 13:15:00+05:30,1546.4,1548.0,1545.2,1547.6,15098,0
2026-02-23 13:20:00+05:30,1547.0,1550.5,1547.0,1548.6,34763,0
2026-02-23 13:25:00+05:30,1548.2,1548.2,1545.5,1547.0,23147,0
2026-02-23 13:30:00+05:30,1547.5,1548.1,1543.6,1544.6,31039,0
2026-02-23 13:35:00+05:30,1544.1,1545.4,1543.9,1544.9,10617,0
2026-02-23 13:40:00+05:30,1544.9,1546.0,1542.6,1545.8,21183,0
2026-02-23 13:45:00+05:30,1545.8,1547.4,1545.4,1546.8,10755,0
2026-02-23 13:50:00+05:30,1546.8,1548.4,1546.3,1547.5,23972,0
2026-02-23 13:55:00+05:30,1547.5,1547.8,1545.1,1545.4,12718,0
2026-02-23 14:00:00+05:30,1545.4,1546.0,1542.6,1544.9,23648,0
2026-02-23 14:05:00+05:30,1544.9,1545.4,1542.1,1544.8,17446,0
2026-02-23 14:10:00+05:30,1544.9,1545.0,1542.9,1544.1,12281,0
2026-02-23 14:15:00+05:30,1544.1,1544.8,1540.9,1544.6,22810,0
2026-02-23 14:20:00+05:30,1544.2,1544.6,1542.0,1542.5,15023,0
2026-02-23 14:25:00+05:30,1543.0,1545.0,1542.0,1545.0,14607,0
2026-02-23 14:30:00+05:30,1544.9,1550.0,1544.9,1549.9,36074,0
2026-02-23 14:35:00+05:30,1549.4,1554.0,1549.4,1553.2,58282,0
2026-02-23 14:40:00+05:30,1553.5,1555.6,1551.4,1551.8,49345,0
2026-02-23 14:45:00+05:30,1552.7,1556.0,1551.1,1554.4,27284,0
2026-02-23 14:50:00+05:30,1554.6,1554.7,1551.6,1552.5,30030,0
2026-02-23 14:55:00+05:30,1552.7,1554.2,1550.1,1551.8,82384,0
2026-02-23 15:00:00+05:30,1551.5,1557.4,1551.3,1557.2,81995,0
2026-02-23 15:05:00+05:30,1557.2,1558.8,1554.2,1556.0,78075,0
2026-02-23 15:10:00+05:30,1556.0,1557.7,1555.5,1557.1,60929,0
2026-02-23 15:15:00+05:30,1557.1,1558.0,1555.0,1555.1,90057,0
2026-02-23 15:20:00+05:30,1555.6,1556.0,1553.1,1556.0,73814,0
2026-02-23 15:25:00+05:30,1556.0,1556.0,1553.2,1554.0,56376,0
2026-02-24 09:15:00+05:30,1553.7,1553.8,1543.0,1545.3,81108,0
2026-02-24 09:20:00+05:30,1545.8,1552.0,1543.2,1550.2,64602,0
2026-02-24 09:25:00+05:30,1550.3,1550.7,1547.0,1548.3,10957,0
2026-02-24 09:30:00+05:30,1548.8,1548.9,1544.0,1546.1,18517,0
2026-02-24 09:35:00+05:30,1546.2,1546.9,1542.6,1543.6,19950,0
2026-02-24 09:40:00+05:30,1543.6,1545.4,1541.2,1542.6,14946,0
2026-02-24 09:45:00+05:30,1542.4,1546.7,1542.0,1546.3,10870,0
2026-02-24 09:50:00+05:30,1546.3,1547.4,1543.9,1545.9,11902,0
2026-02-24 09:55:00+05:30,1545.9,1546.1,1544.4,1544.8,4769,0
2026-02-24 10:00:00+05:30,1544.8,1545.0,1543.1,1544.6,4462,0
2026-02-24 10:05:00+05:30,1544.6,1545.3,1543.6,1544.4,6489,0
2026-02-24 10:10:00+05:30,1544.5,1544.9,1541.7,1543.8,9641,0
2026-02-24 10:15:00+05:30,1543.8,1544.2,1540.0,1543.0,11586,0
2026-02-24 10:20:00+05:30,1542.8,1543.5,1540.0,1540.6,7837,0
2026-02-24 10:25:00+05:30,1540.6,1542.2,1538.2,1539.5,13516,0
2026-02-24 10:30:00+05:30,1539.5,1540.0,1536.4,1537.6,10261,0
2026-02-24 10:35:00+05:30,1537.7,1540.3,1537.5,1540.3,7020,0
2026-02-24 10:40:00+05:30,1540.3,1542.0,1539.8,1539.9,12652,0
2026-02-24 10:45:00+05:30,1539.9,1540.0,1538.1,1538.6,5690,0
2026-02-24 10:50:00+05:30,1538.5,1538.8,1536.6,1537.1,9341,0
2026-02-24 10:55:00+05:30,1537.1,1539.6,1536.7,1539.5,6671,0
2026-02-24 11:00:00+05:30,1539.5,1540.6,1538.9,1540.4,7183,0
2026-02-24 11:05:00+05:30,1540.4,1544.2,1539.2,1544.2,20102,0
2026-02-24 11:10:00+05:30,1544.2,1545.0,1542.1,1543.4,24612,0
2026-02-24 11:15:00+05:30,1543.5,1545.4,1541.8,1545.2,5020,0
2026-02-24 11:20:00+05:30,1545.2,1548.8,1544.7,1545.4,17017,0
2026-02-24 11:25:00+05:30,1545.3,1546.3,1544.4,1544.9,6498,0
2026-02-24 11:30:00+05:30,1544.9,1546.2,1544.9,1545.5,2859,0
2026-02-24 11:35:00+05:30,1545.4,1546.9,1544.9,1545.9,7154,0
2026-02-24 11:40:00+05:30,1545.1,1546.0,1543.6,1544.2,4605,0
2026-02-24 11:45:00+05:30,1544.2,1544.5,1542.0,1542.4,7293,0
2026-02-24 11:50:00+05:30,1542.4,1542.5,1540.7,1542.0,8755,0
2026-02-24 11:55:00+05:30,1542.0,1542.1,1540.7,1541.4,7086,0
2026-02-24 12:00:00+05:30,1541.4,1541.5,1540.7,1541.3,2133,0
2026-02-24 12:05:00+05:30,1541.3,1544.0,1541.1,1542.0,8169,0
2026-02-24 12:10:00+05:30,1542.0,1543.8,1541.4,1543.3,6081,0
2026-02-24 12:15:00+05:30,1543.2,1543.7,1541.7,1542.7,4804,0
2026-02-24 12:20:00+05:30,1542.7,1542.7,1541.5,1541.6,3279,0
2026-02-24 12:25:00+05:30,1541.6,1543.2,1541.5,1542.6,6088,0
2026-02-24 12:30:00+05:30,1542.6,1543.2,1541.4,1542.6,6004,0
2026-02-24 12:35:00+05:30,1542.7,1545.0,1542.5,1543.5,9794,0
2026-02-24 12:40:00+05:30,1543.5,1543.5,1542.2,1542.6,5460,0
2026-02-24 12:45:00+05:30,1542.6,1542.9,1540.4,1541.2,11208,0
2026-02-24 12:50:00+05:30,1541.2,1542.5,1541.1,1542.5,4130,0
2026-02-24 12:55:00+05:30,1542.5,1544.9,1542.1,1543.4,10828,0
2026-02-24 13:00:00+05:30,1543.4,1544.5,1542.4,1542.7,4863,0
2026-02-24 13:05:00+05:30,1543.4,1544.1,1540.6,1542.7,47414,0
2026-02-24 13:10:00+05:30,1542.6,1543.9,1542.5,1543.5,6115,0
2026-02-24 13:15:00+05:30,1543.5,1543.5,1541.0,1542.3,5543,0
2026-02-24 13:20:00+05:30,1542.3,1543.0,1540.6,1540.9,8238,0
2026-02-24 13:25:00+05:30,1541.1,1542.9,1539.1,1541.4,17160,0
2026-02-24 13:30:00+05:30,1541.4,1541.4,1537.2,1538.3,23272,0
2026-02-24 13:35:00+05:30,1538.7,1544.4,1538.3,1543.3,39435,0
2026-02-24 13:40:00+05:30,1543.9,1544.0,1542.0,1543.0,8461,0
2026-02-24 13:45:00+05:30,1543.0,1544.0,1542.7,1543.1,4997,0
2026-02-24 13:50:00+05:30,1543.5,1544.9,1543.1,1544.3,6924,0
2026-02-24 13:55:00+05:30,1544.7,1551.7,1544.3,1549.7,89277,0
2026-02-24 14:00:00+05:30,1550.3,1550.7,1547.3,1548.9,18044,0
2026-02-24 14:05:00+05:30,1548.9,1549.0,1546.4,1547.9,8334,0
2026-02-24 14:10:00+05:30,1548.5,1549.9,1547.5,1549.1,9320,0
2026-02-24 14:15:00+05:30,1549.6,1551.4,1548.0,1550.0,19862,0
2026-02-24 14:20:00+05:30,1549.6,1551.9,1547.2,1548.8,29163,0
2026-02-24 14:25:00+05:30,1548.8,1550.3,1548.1,1549.1,6632,0
2026-02-24 14:30:00+05:30,1549.1,1550.3,1547.3,1549.5,10272,0
2026-02-24 14:35:00+05:30,1549.5,1552.4,1548.1,1551.1,15581,0
2026-02-24 14:40:00+05:30,1551.5,1552.0,1547.5,1549.0,28830,0
2026-02-24 14:45:00+05:30,1548.5,1550.3,1547.6,1549.8,20044,0
2026-02-24 14:50:00+05:30,1550.0,1554.5,1549.8,1552.3,26202,0
2026-02-24 14:55:00+05:30,1552.3,1553.9,1551.1,1552.5,11908,0
2026-02-24 15:00:00+05:30,1553.0,1554.5,1551.2,1553.6,54982,0
2026-02-24 15:05:00+05:30,1553.7,1553.9,1551.4,1553.7,48083,0
2026-02-24 15:10:00+05:30,1553.3,1554.0,1553.2,1553.8,50548,0
2026-02-24 15:15:00+05:30,1553.7,1556.8,1553.6,1556.2,61736,0
2026-02-24 15:20:00+05:30,1556.0,1558.0,1554.9,1557.2,60168,0
2026-02-24 15:25:00+05:30,1557.2,1564.0,1557.1,1561.9,80229,0
2026-02-25 09:15:00+05:30,1567.0,1571.8,1563.9,1567.0,65372,0
2026-02-25 09:20:00+05:30,1567.4,1568.2,1564.3,1565.5,19050,0
2026-02-25 09:25:00+05:30,1566.0,1567.5,1565.1,1566.3,17825,0
2026-02-25 09:30:00+05:30,1566.6,1566.6,1563.1,1566.0,18797,0
2026-02-25 09:35:00+05:30,1566.0,1566.0,1563.9,1564.1,9668,0
2026-02-25 09:40:00+05:30,1564.1,1564.1,1560.7,1561.6,18810,0
2026-02-25 09:45:00+05:30,1561.8,1564.0,1561.3,1562.2,11829,0
2026-02-25 09:50:00+05:30,1562.2,1565.0,1561.8,1565.0,9895,0
2026-02-25 09:55:00+05:30,1565.0,1569.5,1565.0,1568.1,20186,0
2026-02-25 10:00:00+05:30,1568.1,1576.2,1568.0,1574.1,68837,0
2026-02-25 10:05:00+05:30,1574.3,1582.0,1574.3,1581.2,73516,0
2026-02-25 10:10:00+05:30,1581.3,1583.3,1580.4,1582.0,60704,0
2026-02-25 10:15:00+05:30,1581.4,1584.0,1579.0,1579.3,42640,0
2026-02-25 10:20:00+05:30,1579.3,1583.0,1573.9,1574.6,34850,0
2026-02-25 10:25:00+05:30,1574.8,1576.0,1570.5,1572.0,22901,0
2026-02-25 10:30:00+05:30,1572.7,1574.5,1568.4,1569.2,23200,0
2026-02-25 10:35:00+05:30,1569.2,1573.3,1568.8,1570.0,28151,0
2026-02-25 10:40:00+05:30,1570.0,1570.2,1565.0,1565.9,19935,0
2026-02-25 10:45:00+05:30,1566.0,1567.2,1563.5,1564.9,21006,0
2026-02-25 10:50:00+05:30,1565.4,1567.3,1563.5,1564.3,12824,0
2026-02-25 10:55:00+05:30,1564.3,1564.3,1561.2,1562.5,16099,0
2026-02-25 11:00:00+05:30,1562.5,1566.0,1562.0,1565.8,8725,0
2026-02-25 11:05:00+05:30,1565.8,1565.9,1564.0,1564.8,8563,0
2026-02-25 11:10:00+05:30,1565.0,1566.0,1563.5,1564.9,4968,0
2026-02-25 11:15:00+05:30,1565.2,1565.5,1558.7,1559.3,29636,0
2026-02-25 11:20:00+05:30,1560.0,1560.0,1556.7,1558.9,27191,0
2026-02-25 11:25:00+05:30,1559.0,1559.4,1557.2,1558.1,5572,0
2026-02-25 11:30:00+05:30,1558.1,1558.4,1555.9,1556.7,15368,0
2026-02-25 11:35:00+05:30,1557.1,1558.7,1555.7,1555.8,11922,0
2026-02-25 11:40:00+05:30,1556.0,1556.0,1552.5,1554.5,17176,0
2026-02-25 11:45:00+05:30,1554.8,1556.8,1554.5,1555.9,13012,0
2026-02-25 11:50:00+05:30,1555.8,1556.0,1552.0,1553.8,18202,0
2026-02-25 11:55:00+05:30,1553.2,1555.0,1552.3,1553.4,9398,0
2026-02-25 12:00:00+05:30,1553.8,1555.0,1553.4,1555.0,5681,0
2026-02-25 12:05:00+05:30,1555.0,1555.0,1553.0,1554.3,9473,0
2026-02-25 12:10:00+05:30,1554.3,1554.5,1553.3,1554.3,4962,0
2026-02-25 12:15:00+05:30,1554.3,1557.9,1553.8,1555.4,13593,0
2026-02-25 12:20:00+05:30,1555.4,1557.2,1553.0,1554.0,19818,0
2026-02-25 12:25:00+05:30,1554.0,1554.5,1552.5,1553.3,9885,0
2026-02-25 12:30:00+05:30,1553.2,1553.4,1548.2,1549.0,28609,0
2026-02-25 12:35:00+05:30,1549.0,1549.4,1546.1,1549.3,10018,0
2026-02-25 12:40:00+05:30,1549.1,1552.1,1546.0,1550.0,60401,0
2026-02-25 12:45:00+05:30,1550.0,1550.0,1546.6,1547.7,26355,0
2026-02-25 12:50:00+05:30,1547.9,1550.0,1547.1,1547.9,9540,0
2026-02-25 12:55:00+05:30,1547.9,1548.6,1545.0,1545.3,8939,0
2026-02-25 13:00:00+05:30,1545.3,1545.8,1542.1,1545.5,25631,0
2026-02-25 13:05:00+05:30,1545.5,1546.7,1540.2,1540.4,85223,0
2026-02-25 13:10:00+05:30,1540.4,1543.0,1539.1,1541.3,35855,0
2026-02-25 13:15:00+05:30,1541.3,1542.5,1540.0,1541.0,6289,0
2026-02-25 13:20:00+05:30,1541.0,1541.3,1536.6,1538.0,26934,0
2026-02-25 13:25:00+05:30,1538.0,1538.5,1535.8,1538.4,9341,0
2026-02-25 13:30:00+05:30,1538.4,1539.8,1535.5,1536.4,13059,0
2026-02-25 13:35:00+05:30,1536.4,1539.0,1536.2,1539.0,4920,0
2026-02-25 13:40:00+05:30,1539.0,1539.8,1533.2,1534.9,12333,0
2026-02-25 13:45:00+05:30,1534.9,1535.0,1530.7,1533.6,11263,0
2026-02-25 13:50:00+05:30,1533.6,1535.5,1532.2,1533.6,7201,0
2026-02-25 13:55:00+05:30,1533.5,1533.8,1530.5,1531.0,12309,0
2026-02-25 14:00:00+05:30,1531.0,1531.5,1526.2,1528.2,21963,0
2026-02-25 14:05:00+05:30,1528.6,1529.2,1525.5,1527.6,20413,0
2026-02-25 14:10:00+05:30,1527.1,1530.0,1527.0,1528.3,19484,0
2026-02-25 14:15:00+05:30,1528.9,1530.6,1527.5,1529.5,12757,0
2026-02-25 14:20:00+05:30,1529.5,1530.9,1529.0,1529.4,19719,0
2026-02-25 14:25:00+05:30,1529.4,1530.6,1528.0,1528.4,7521,0
2026-02-25 14:30:00+05:30,1528.4,1530.1,1525.0,1526.5,18946,0
2026-02-25 14:35:00+05:30,1526.5,1526.6,1524.6,1525.2,13819,0
2026-02-25 14:40:00+05:30,1525.8,1525.8,1519.4,1521.1,275708,0
2026-02-25 14:45:00+05:30,1521.1,1522.3,1518.5,1520.5,36030,0
2026-02-25 14:50:00+05:30,1520.5,1522.1,1520.1,1521.6,15393,0
2026-02-25 14:55:00+05:30,1522.0,1524.7,1521.5,1523.4,21946,0
2026-02-25 15:00:00+05:30,1523.8,1529.9,1523.8,1528.8,52760,0
2026-02-25 15:05:00+05:30,1528.8,1529.9,1527.9,1528.0,85623,0
2026-02-25 15:10:00+05:30,1528.0,1529.4,1527.5,1528.6,55462,0
2026-02-25 15:15:00+05:30,1528.6,1529.0,1526.0,1528.9,52818,0
2026-02-25 15:20:00+05:30,1528.7,1528.9,1526.6,1528.4,55332,0
2026-02-25 15:25:00+05:30,1528.4,1530.0,1528.0,1529.0,107947,0
2026-02-26 09:15:00+05:30,1537.6,1541.4,1532.3,1538.0,85641,0
2026-02-26 09:20:00+05:30,1538.5,1539.4,1532.1,1534.6,48839,0
2026-02-26 09:25:00+05:30,1534.6,1535.8,1530.0,1532.7,22809,0
2026-02-26 09:30:00+05:30,1532.7,1533.4,1530.7,1533.4,12309,0
2026-02-26 09:35:00+05:30,1533.4,1535.0,1532.0,1533.0,13380,0
2026-02-26 09:40:00+05:30,1532.5,1533.3,1530.3,1532.8,15688,0
2026-02-26 09:45:00+05:30,1532.8,1534.2,1532.0,1532.8,7910,0
2026-02-26 09:50:00+05:30,1532.8,1532.8,1528.7,1528.7,16255,0
2026-02-26 09:55:00+05:30,1529.3,1529.4,1526.0,1528.0,25815,0
2026-02-26 10:00:00+05:30,1528.0,1532.4,1527.0,1531.2,9246,0
2026-02-26 10:05:00+05:30,1531.2,1533.8,1530.9,1533.5,20100,0
2026-02-26 10:10:00+05:30,1533.5,1540.0,1533.5,1538.7,30329,0
2026-02-26 10:15:00+05:30,1537.9,1540.0,1536.3,1536.8,13681,0
2026-02-26 10:20:00+05:30,1536.4,1539.0,1536.3,1538.0,12342,0
2026-02-26 10:25:00+05:30,1538.5,1544.3,1538.0,1543.3,28845,0
2026-02-26 10:30:00+05:30,1543.3,1545.0,1543.0,1544.2,20970,0
2026-02-26 10:35:00+05:30,1544.2,1544.9,1542.5,1542.5,15373,0
2026-02-26 10:40:00+05:30,1542.5,1543.1,1542.5,1543.0,6866,0
2026-02-26 10:45:00+05:30,1542.8,1546.4,1542.1,1546.0,15296,0
2026-02-26 10:50:00+05:30,1545.7,1546.7,1544.8,1545.1,9732,0
2026-02-26 10:55:00+05:30,1545.1,1545.1,1542.5,1544.2,17139,0
2026-02-26 11:00:00+05:30,1544.0,1546.0,1542.1,1546.0,21696,0
2026-02-26 11:05:00+05:30,1546.0,1546.4,1543.9,1544.6,19660,0
2026-02-26 11:10:00+05:30,1544.6,1547.4,1544.2,1545.9,8562,0
2026-02-26 11:15:00+05:30,1545.9,1547.3,1545.3,1546.5,6217,0
2026-02-26 11:20:00+05:30,1546.5,1549.0,1546.5,1548.3,16725,0
2026-02-26 11:25:00+05:30,1548.3,1549.8,1547.7,1547.9,11789,0
2026-02-26 11:30:00+05:30,1547.9,1548.0,1543.3,1544.7,19457,0
2026-02-26 11:35:00+05:30,1544.7,1544.9,1544.2,1544.8,4565,0
2026-02-26 11:40:00+05:30,1544.9,1544.9,1543.5,1544.2,11770,0
2026-02-26 11:45:00+05:30,1544.0,1544.8,1541.5,1543.4,32275,0
2026-02-26 11:50:00+05:30,1543.1,1544.4,1542.7,1543.2,14120,0
2026-02-26 11:55:00+05:30,1543.2,1544.8,1543.0,1544.3,9680,0
2026-02-26 12:00:00+05:30,1544.4,1546.0,1544.1,1545.7,7147,0
2026-02-26 12:05:00+05:30,1545.7,1546.0,1543.6,1543.7,12099,0
2026-02-26 12:10:00+05:30,1543.6,1543.6,1541.5,1543.0,26948,0
2026-02-26 12:15:00+05:30,1543.1,1546.3,1543.0,1545.0,6314,0
2026-02-26 12:20:00+05:30,1545.4,1545.9,1541.6,1543.4,23616,0
2026-02-26 12:25:00+05:30,1543.4,1544.2,1541.1,1543.5,21347,0
2026-02-26 12:30:00+05:30,1543.5,1544.4,1541.5,1542.1,13702,0
2026-02-26 12:35:00+05:30,1542.1,1542.2,1538.2,1538.9,15618,0
2026-02-26 12:40:00+05:30,1538.9,1542.3,1538.3,1540.6,9620,0
2026-02-26 12:45:00+05:30,1540.1,1540.7,1536.6,1538.0,7887,0
2026-02-26 12:50:00+05:30,1538.0,1538.3,1536.9,1537.7,4987,0
2026-02-26 12:55:00+05:30,1537.6,1540.4,1537.2,1540.3,11301,0
2026-02-26 13:00:00+05:30,1540.3,1542.1,1538.6,1541.5,9591,0
2026-02-26 13:05:00+05:30,1541.5,1544.0,1540.9,1542.6,15147,0
2026-02-26 13:10:00+05:30,1543.1,1543.7,1541.1,1541.2,12462,0
2026-02-26 13:15:00+05:30,1541.2,1542.6,1539.5,1542.0,13467,0
2026-02-26 13:20:00+05:30,1542.0,1543.9,1540.5,1542.8,13964,0
2026-02-26 13:25:00+05:30,1542.8,1545.9,1542.8,1544.9,25446,0
2026-02-26 13:30:00+05:30,1544.9,1546.0,1543.5,1543.6,12165,0
2026-02-26 13:35:00+05:30,1544.2,1545.5,1543.7,1544.2,7830,0
2026-02-26 13:40:00+05:30,1544.2,1545.9,1544.2,1545.2,8931,0
2026-02-26 13:45:00+05:30,1545.9,1546.4,1542.8,1543.0,17882,0
2026-02-26 13:50:00+05:30,1543.1,1545.4,1542.3,1544.7,18429,0
2026-02-26 13:55:00+05:30,1544.9,1545.2,1542.7,1543.8,8900,0
2026-02-26 14:00:00+05:30,1543.8,1544.0,1540.6,1541.0,13201,0
2026-02-26 14:05:00+05:30,1541.0,1544.3,1540.1,1544.3,10630,0
2026-02-26 14:10:00+05:30,1543.9,1544.3,1542.3,1543.5,6845,0
2026-02-26 14:15:00+05:30,1543.6,1546.0,1543.3,1543.3,21038,0
2026-02-26 14:20:00+05:30,1543.4,1544.2,1541.1,1541.7,10149,0
2026-02-26 14:25:00+05:30,1541.7,1542.8,1540.6,1542.7,14000,0
2026-02-26 14:30:00+05:30,1542.2,1544.3,1541.9,1544.3,10253,0
2026-02-26 14:35:00+05:30,1544.3,1547.7,1544.0,1546.8,25292,0
2026-02-26 14:40:00+05:30,1546.8,1552.7,1546.5,1552.5,48922,0
2026-02-26 14:45:00+05:30,1552.5,1554.6,1550.0,1550.8,37188,0
2026-02-26 14:50:00+05:30,1550.7,1551.7,1547.3,1547.9,22890,0
2026-02-26 14:55:00+05:30,1548.5,1549.3,1547.5,1548.0,7684,0
2026-02-26 15:00:00+05:30,1548.3,1553.4,1548.3,1550.9,31921,0
2026-02-26 15:05:00+05:30,1550.8,1553.3,1550.6,1552.9,19506,0
2026-02-26 15:10:00+05:30,1552.8,1554.0,1551.5,1551.8,27698,0
2026-02-26 15:15:00+05:30,1551.8,1552.5,1549.0,1549.2,30242,0
2026-02-26 15:20:00+05:30,1549.6,1550.0,1549.0,1549.5,27208,0
2026-02-26 15:25:00+05:30,1549.4,1549.5,1547.5,1548.0,38644,0
2026-02-27 09:15:00+05:30,1545.0,1545.1,1535.1,1535.6,56575,0
2026-02-27 09:20:00+05:30,1535.6,1540.6,1534.1,1538.1,34749,0
2026-02-27 09:25:00+05:30,1538.4,1543.0,1538.0,1538.3,27140,0
2026-02-27 09:30:00+05:30,1538.3,1538.3,1536.0,1536.8,17408,0
2026-02-27 09:35:00+05:30,1536.9,1540.0,1535.1,1540.0,14507,0
2026-02-27 09:40:00+05:30,1540.0,1540.6,1536.7,1536.9,13868,0
2026-02-27 09:45:00+05:30,1536.9,1536.9,1534.1,1534.5,18343,0
2026-02-27 09:50:00+05:30,1534.7,1534.7,1532.1,1532.2,26441,0
2026-02-27 09:55:00+05:30,1532.1,1533.5,1531.6,1531.8,12383,0
2026-02-27 10:00:00+05:30,1531.5,1532.1,1529.0,1530.1,44677,0
2026-02-27 10:05:00+05:30,1529.8,1531.3,1528.4,1530.6,12872,0
2026-02-27 10:10:00+05:30,1530.6,1532.1,1530.0,1530.6,14712,0
2026-02-27 10:15:00+05:30,1530.6,1530.6,1528.1,1529.0,9567,0
2026-02-27 10:20:00+05:30,1529.0,1531.4,1528.7,1531.2,8278,0
2026-02-27 10:25:00+05:30,1531.2,1536.8,1531.2,1535.4,16736,0
2026-02-27 10:30:00+05:30,1535.3,1536.8,1535.1,1536.0,10129,0
2026-02-27 10:35:00+05:30,1536.0,1537.6,1535.6,1536.8,9970,0
2026-02-27 10:40:00+05:30,1536.4,1537.4,1535.4,1537.4,8607,0
2026-02-27 10:45:00+05:30,1537.4,1538.2,1536.2,1538.2,11299,0
2026-02-27 10:50:00+05:30,1538.1,1538.2,1535.8,1537.0,7119,0
2026-02-27 10:55:00+05:30,1537.0,1537.5,1534.4,1535.1,9158,0
2026-02-27 11:00:00+05:30,1535.1,1537.8,1534.4,1537.1,5620,0
2026-02-27 11:05:00+05:30,1537.1,1537.8,1536.6,1537.0,5266,0
2026-02-27 11:10:00+05:30,1537.0,1537.5,1536.1,1537.5,3726,0
2026-02-27 11:15:00+05:30,1537.3,1538.2,1537.0,1537.5,7665,0
2026-02-27 11:20:00+05:30,1537.5,1537.5,1536.2,1536.8,3229,0
2026-02-27 11:25:00+05:30,1536.7,1536.8,1536.0,1536.0,2982,0
2026-02-27 11:30:00+05:30,1536.2,1536.2,1534.3,1534.6,5154,0
2026-02-27 11:35:00+05:30,1534.6,1534.7,1531.0,1531.8,13320,0
2026-02-27 11:40:00+05:30,1531.8,1534.4,1531.7,1534.4,7250,0
2026-02-27 11:45:00+05:30,1534.3,1534.8,1533.6,1534.2,4249,0
2026-02-27 11:50:00+05:30,1534.2,1536.2,1534.1,1535.3,5212,0
2026-02-27 11:55:00+05:30,1535.3,1537.5,1534.3,1537.0,6758,0
2026-02-27 12:00:00+05:30,1537.0,1537.6,1536.2,1536.3,9197,0
2026-02-27 12:05:00+05:30,1536.3,1537.0,1533.6,1534.9,9405,0
2026-02-27 12:10:00+05:30,1534.6,1535.9,1533.6,1534.6,6265,0
2026-02-27 12:15:00+05:30,1534.6,1535.3,1533.6,1535.2,4195,0
2026-02-27 12:20:00+05:30,1535.1,1536.9,1534.5,1535.1,5293,0
2026-02-27 12:25:00+05:30,1535.1,1538.1,1535.1,1536.5,6241,0
2026-02-27 12:30:00+05:30,1536.7,1537.1,1535.3,1535.4,7010,0
2026-02-27 12:35:00+05:30,1535.8,1536.2,1535.0,1535.2,7305,0
2026-02-27 12:40:00+05:30,1535.1,1537.0,1535.0,1536.8,6915,0
2026-02-27 12:45:00+05:30,1536.6,1539.5,1536.6,1538.2,11345,0
2026-02-27 12:50:00+05:30,1538.2,1539.2,1538.0,1538.2,5344,0
2026-02-27 12:55:00+05:30,1538.1,1538.4,1537.5,1538.4,3122,0
2026-02-27 13:00:00+05:30,1538.3,1538.9,1537.9,1538.1,5621,0
2026-02-27 13:05:00+05:30,1538.1,1539.6,1538.0,1538.5,6566,0
2026-02-27 13:10:00+05:30,1538.5,1540.7,1538.5,1539.6,10936,0
2026-02-27 13:15:00+05:30,1539.5,1539.9,1538.5,1538.8,3222,0
2026-02-27 13:20:00+05:30,1539.0,1539.2,1536.1,1536.6,9614,0
2026-02-27 13:25:00+05:30,1536.6,1538.9,1536.6,1538.4,4685,0
2026-02-27 13:30:00+05:30,1538.4,1539.0,1537.8,1537.9,4573,0
2026-02-27 13:35:00+05:30,1537.9,1539.5,1536.0,1537.3,11892,0
2026-02-27 13:40:00+05:30,1537.3,1539.5,1537.2,1538.9,4591,0
2026-02-27 13:45:00+05:30,1538.9,1543.9,1538.2,1543.0,13782,0
2026-02-27 13:50:00+05:30,1543.0,1543.2,1540.1,1540.8,10425,0
2026-02-27 13:55:00+05:30,1540.8,1543.9,1540.8,1542.0,11825,0
2026-02-27 14:00:00+05:30,1542.2,1543.8,1540.6,1541.0,6950,0
2026-02-27 14:05:00+05:30,1541.0,1542.5,1540.6,1541.7,6485,0
2026-02-27 14:10:00+05:30,1541.6,1542.8,1540.2,1540.8,6558,0
2026-02-27 14:15:00+05:30,1540.8,1541.3,1540.4,1541.0,4336,0
2026-02-27 14:20:00+05:30,1540.9,1542.0,1540.4,1541.0,5612,0
2026-02-27 14:25:00+05:30,1541.0,1541.1,1537.1,1538.2,17113,0
2026-02-27 14:30:00+05:30,1538.1,1539.1,1537.1,1537.8,9312,0
2026-02-27 14:35:00+05:30,1537.9,1540.0,1537.7,1538.8,6546,0
2026-02-27 14:40:00+05:30,1539.1,1540.0,1538.0,1539.3,9237,0
2026-02-27 14:45:00+05:30,1539.3,1541.5,1538.4,1541.4,11708,0
2026-02-27 14:50:00+05:30,1541.4,1541.9,1538.0,1538.5,12685,0
2026-02-27 14:55:00+05:30,1538.4,1538.8,1537.1,1537.2,20737,0
2026-02-27 15:00:00+05:30,1537.2,1537.2,1520.5,1521.7,161805,0
2026-02-27 15:05:00+05:30,1521.7,1523.4,1518.3,1520.3,164051,0
2026-02-27 15:10:00+05:30,1521.0,1523.3,1519.5,1520.4,101107,0
2026-02-27 15:15:00+05:30,1520.4,1521.5,1519.3,1519.9,141154,0
2026-02-27 15:20:00+05:30,1519.9,1520.0,1516.2,1517.4,165713,0
2026-02-27 15:25:00+05:30,1517.4,1520.0,1517.2,1519.9,110599,0
2026-03-02 09:15:00+05:30,1462.0,1478.0,1452.2,1477.6,408110,0
2026-03-02 09:20:00+05:30,1477.1,1487.7,1475.5,1477.6,130323,0
2026-03-02 09:25:00+05:30,1477.5,1477.5,1471.2,1473.1,108528,0
2026-03-02 09:30:00+05:30,1473.4,1497.3,1473.1,1492.4,146032,0
2026-03-02 09:35:00+05:30,1493.1,1493.8,1485.4,1487.2,57235,0
2026-03-02 09:40:00+05:30,1487.2,1490.9,1486.8,1488.4,34780,0
2026-03-02 09:45:00+05:30,1488.4,1491.3,1486.0,1487.8,22084,0
2026-03-02 09:50:00+05:30,1487.8,1489.0,1482.6,1485.0,100532,0
2026-03-02 09:55:00+05:30,1485.8,1492.0,1484.7,1491.9,39531,0
2026-03-02 10:00:00+05:30,1491.8,1492.3,1482.2,1483.3,55265,0
2026-03-02 10:05:00+05:30,1483.2,1485.0,1480.3,1481.6,51240,0
2026-03-02 10:10:00+05:30,1481.6,1481.6,1476.6,1480.7,85836,0
2026-03-02 10:15:00+05:30,1481.0,1481.8,1477.5,1480.8,25953,0
2026-03-02 10:20:00+05:30,1480.7,1481.0,1478.0,1479.4,19002,0
2026-03-02 10:25:00+05:30,1479.1,1481.6,1477.9,1480.5,24324,0
2026-03-02 10:30:00+05:30,1480.8,1485.0,1479.3,1484.4,32065,0
2026-03-02 10:35:00+05:30,1484.4,1485.2,1481.3,1482.3,19802,0
2026-03-02 10:40:00+05:30,1482.2,1483.3,1480.0,1480.7,11965,0
2026-03-02 10:45:00+05:30,1480.3,1481.9,1479.0,1479.6,18305,0
2026-03-02 10:50:00+05:30,1479.7,1479.7,1475.2,1476.1,27861,0
2026-03-02 10:55:00+05:30,1476.0,1479.0,1475.9,1477.0,24739,0
2026-03-02 11:00:00+05:30,1477.0,1478.0,1475.1,1476.0,19323,0
2026-03-02 11:05:00+05:30,1476.0,1477.3,1475.1,1476.0,10268,0
2026-03-02 11:10:00+05:30,1476.0,1476.2,1474.0,1474.2,18145,0
2026-03-02 11:15:00+05:30,1474.6,1476.0,1473.4,1473.8,13097,0
2026-03-02 11:20:00+05:30,1473.4,1474.5,1471.3,1472.0,38127,0
2026-03-02 11:25:00+05:30,1472.0,1472.5,1462.5,1463.1,66177,0
2026-03-02 11:30:00+05:30,1463.2,1465.1,1460.3,1462.2,46722,0
2026-03-02 11:35:00+05:30,1462.2,1465.8,1462.2,1465.1,26515,0
2026-03-02 11:40:00+05:30,1465.1,1466.5,1464.0,1465.1,16599,0
2026-03-02 11:45:00+05:30,1465.1,1466.7,1464.0,1464.5,17964,0
2026-03-02 11:50:00+05:30,1464.5,1467.3,1463.0,1465.0,37908,0
2026-03-02 11:55:00+05:30,1465.6,1465.6,1462.1,1462.1,20592,0
2026-03-02 12:00:00+05:30,1462.0,1462.0,1458.8,1460.7,25522,0
2026-03-02 12:05:00+05:30,1461.0,1461.3,1459.3,1461.1,16676,0
2026-03-02 12:10:00+05:30,1460.5,1461.4,1456.5,1456.7,19247,0
2026-03-02 12:15:00+05:30,1456.6,1457.6,1454.0,1454.5,31057,0
2026-03-02 12:20:00+05:30,1454.7,1455.0,1452.1,1452.5,22992,0
2026-03-02 12:25:00+05:30,1452.4,1452.8,1450.0,1450.7,28660,0
2026-03-02 12:30:00+05:30,1450.2,1451.6,1448.8,1450.0,46561,0
2026-03-02 12:35:00+05:30,1449.7,1449.8,1442.6,1444.3,49826,0
2026-03-02 12:40:00+05:30,1444.4,1445.8,1442.0,1442.9,32869,0
2026-03-02 12:45:00+05:30,1442.7,1445.0,1440.0,1440.6,36455,0
2026-03-02 12:50:00+05:30,1440.2,1442.5,1439.6,1440.7,32622,0
2026-03-02 12:55:00+05:30,1441.3,1442.7,1438.3,1439.5,23693,0
2026-03-02 13:00:00+05:30,1439.2,1443.0,1436.4,1441.4,61557,0
2026-03-02 13:05:00+05:30,1441.9,1441.9,1437.0,1437.3,18790,0
2026-03-02 13:10:00+05:30,1437.3,1441.3,1437.0,1438.5,39651,0
2026-03-02 13:15:00+05:30,1438.5,1439.5,1436.0,1437.4,20543,0
2026-03-02 13:20:00+05:30,1437.3,1439.0,1436.8,1438.9,28563,0
2026-03-02 13:25:00+05:30,1438.7,1438.9,1436.0,1436.0,21242,0
2026-03-02 13:30:00+05:30,1436.2,1439.1,1435.3,1437.8,33325,0
2026-03-02 13:35:00+05:30,1438.2,1440.8,1436.7,1437.5,37709,0
2026-03-02 13:40:00+05:30,1437.1,1437.5,1435.5,1436.8,29296,0
2026-03-02 13:45:00+05:30,1436.8,1438.7,1433.3,1435.5,34709,0
2026-03-02 13:50:00+05:30,1435.5,1436.7,1432.9,1433.8,47348,0
2026-03-02 13:55:00+05:30,1433.8,1433.8,1430.6,1431.7,56307,0
2026-03-02 14:00:00+05:30,1431.0,1444.2,1430.0,1439.2,92862,0
2026-03-02 14:05:00+05:30,1439.1,1450.0,1438.5,1449.3,89422,0
2026-03-02 14:10:00+05:30,1449.2,1456.0,1447.9,1455.0,79079,0
2026-03-02 14:15:00+05:30,1454.0,1455.6,1450.9,1453.5,68014,0
2026-03-02 14:20:00+05:30,1453.6,1460.0,1450.0,1456.5,147154,0
2026-03-02 14:25:00+05:30,1455.9,1456.5,1451.0,1452.4,60926,0
2026-03-02 14:30:00+05:30,1452.5,1459.0,1450.0,1458.2,68253,0
2026-03-02 14:35:00+05:30,1458.2,1465.0,1456.0,1463.9,113890,0
2026-03-02 14:40:00+05:30,1463.9,1471.0,1463.8,1468.3,96820,0
2026-03-02 14:45:00+05:30,1468.3,1470.9,1464.8,1468.9,68206,0
2026-03-02 14:50:00+05:30,1469.1,1469.5,1465.6,1469.4,32850,0
2026-03-02 14:55:00+05:30,1469.2,1469.7,1461.8,1463.6,62599,0
2026-03-02 15:00:00+05:30,1463.5,1471.9,1462.3,1470.3,70086,0
2026-03-02 15:05:00+05:30,1470.4,1472.7,1468.2,1470.8,57871,0
2026-03-02 15:10:00+05:30,1470.8,1473.7,1469.1,1473.6,65096,0
2026-03-02 15:15:00+05:30,1473.6,1474.4,1471.6,1472.4,116884,0
2026-03-02 15:20:00+05:30,1472.4,1472.7,1464.7,1466.0,175179,0
2026-03-02 15:25:00+05:30,1466.0,1472.0,1465.8,1468.9,171284,0
2026-03-04 09:15:00+05:30,1435.0,1440.0,1413.5,1418.6,272108,0
2026-03-04 09:20:00+05:30,1418.0,1419.9,1410.3,1414.6,148660,0
2026-03-04 09:25:00+05:30,1414.6,1422.0,1414.5,1418.3,60559,0
2026-03-04 09:30:00+05:30,1418.3,1421.5,1409.0,1413.5,110716,0
2026-03-04 09:35:00+05:30,1414.0,1420.0,1412.6,1416.5,42061,0
2026-03-04 09:40:00+05:30,1416.5,1424.9,1415.8,1421.8,65371,0
2026-03-04 09:45:00+05:30,1422.0,1425.9,1419.0,1421.8,137322,0
2026-03-04 09:50:00+05:30,1421.8,1423.8,1418.8,1422.0,172988,0
2026-03-04 09:55:00+05:30,1422.1,1424.2,1419.0,1422.1,113125,0
2026-03-04 10:00:00+05:30,1422.0,1422.7,1416.9,1420.4,34803,0
2026-03-04 10:05:00+05:30,1420.6,1426.8,1419.5,1425.9,57272,0
2026-03-04 10:10:00+05:30,1425.9,1432.1,1422.1,1430.7,38339,0
2026-03-04 10:15:00+05:30,1430.2,1433.0,1428.1,1430.6,58300,0
2026-03-04 10:20:00+05:30,1430.6,1431.3,1427.0,1428.0,20342,0
2026-03-04 10:25:00+05:30,1428.0,1431.0,1426.0,1429.0,18755,0
2026-03-04 10:30:00+05:30,1428.7,1430.2,1426.2,1426.7,16248,0
2026-03-04 10:35:00+05:30,1426.7,1430.0,1426.5,1428.2,15687,0
2026-03-04 10:40:00+05:30,1428.2,1428.6,1424.9,1427.6,22554,0
2026-03-04 10:45:00+05:30,1428.0,1432.9,1427.5,1429.9,31037,0
2026-03-04 10:50:00+05:30,1429.9,1429.9,1425.1,1428.0,21431,0
2026-03-04 10:55:00+05:30,1427.5,1429.7,1425.7,1427.4,15771,0
2026-03-04 11:00:00+05:30,1427.3,1429.0,1426.3,1428.3,8857,0
2026-03-04 11:05:00+05:30,1428.3,1436.0,1428.3,1433.8,47461,0
2026-03-04 11:10:00+05:30,1433.8,1437.2,1433.2,1434.2,26021,0
2026-03-04 11:15:00+05:30,1434.2,1436.9,1433.1,1434.5,34588,0
2026-03-04 11:20:00+05:30,1434.5,1434.8,1431.5,1432.2,20174,0
2026-03-04 11:25:00+05:30,1432.9,1433.0,1430.5,1431.0,9189,0
2026-03-04 11:30:00+05:30,1431.0,1432.4,1428.0,1428.4,27225,0
2026-03-04 11:35:00+05:30,1428.4,1429.9,1427.5,1427.8,15702,0
2026-03-04 11:40:00+05:30,1427.8,1430.0,1425.6,1427.0,17628,0
2026-03-04 11:45:00+05:30,1427.1,1427.8,1425.0,1425.7,93374,0
2026-03-04 11:50:00+05:30,1426.1,1430.0,1425.6,1425.8,16221,0
2026-03-04 11:55:00+05:30,1425.8,1428.8,1425.5,1427.8,8638,0
2026-03-04 12:00:00+05:30,1428.1,1430.0,1427.7,1429.1,8657,0
2026-03-04 12:05:00+05:30,1429.3,1430.0,1428.0,1429.2,5282,0
2026-03-04 12:10:00+05:30,1429.3,1431.5,1427.4,1430.2,18530,0
2026-03-04 12:15:00+05:30,1430.2,1431.0,1427.8,1430.3,76095,0
2026-03-04 12:20:00+05:30,1430.4,1432.0,1429.0,1430.9,25986,0
2026-03-04 12:25:00+05:30,1431.3,1431.4,1430.0,1430.8,4068,0
2026-03-04 12:30:00+05:30,1430.8,1431.4,1430.1,1430.3,10340,0
2026-03-04 12:35:00+05:30,1430.3,1432.9,1430.1,1431.6,12554,0
2026-03-04 12:40:00+05:30,1431.6,1431.6,1429.4,1430.7,12489,0
2026-03-04 12:45:00+05:30,1430.7,1433.5,1430.0,1431.5,13788,0
2026-03-04 12:50:00+05:30,1432.1,1433.3,1431.3,1433.1,6605,0
2026-03-04 12:55:00+05:30,1433.2,1438.0,1432.9,1434.9,34563,0
2026-03-04 13:00:00+05:30,1434.9,1436.3,1433.8,1434.4,8123,0
2026-03-04 13:05:00+05:30,1434.4,1437.0,1433.3,1437.0,13110,0
2026-03-04 13:10:00+05:30,1437.2,1442.6,1436.5,1441.8,39274,0
2026-03-04 13:15:00+05:30,1441.8,1443.4,1440.8,1442.3,38467,0
2026-03-04 13:20:00+05:30,1442.3,1443.3,1440.3,1442.9,27034,0
2026-03-04 13:25:00+05:30,1443.0,1447.2,1440.6,1440.9,41680,0
2026-03-04 13:30:00+05:30,1440.9,1442.5,1439.7,1439.7,9834,0
2026-03-04 13:35:00+05:30,1439.7,1441.0,1438.5,1440.6,11660,0
2026-03-04 13:40:00+05:30,1440.6,1441.4,1439.0,1440.7,10613,0
2026-03-04 13:45:00+05:30,1440.5,1440.8,1438.7,1438.8,7556,0
2026-03-04 13:50:00+05:30,1439.4,1440.0,1438.1,1438.6,8917,0
2026-03-04 13:55:00+05:30,1438.5,1441.9,1438.0,1441.6,16167,0
2026-03-04 14:00:00+05:30,1441.6,1443.4,1440.8,1442.7,15672,0
2026-03-04 14:05:00+05:30,1442.7,1444.8,1440.6,1444.5,18468,0
2026-03-04 14:10:00+05:30,1444.5,1450.4,1443.4,1448.2,50533,0
2026-03-04 14:15:00+05:30,1448.5,1450.5,1446.2,1449.9,17790,0
2026-03-04 14:20:00+05:30,1450.0,1450.3,1445.0,1445.1,27838,0
2026-03-04 14:25:00+05:30,1445.1,1445.2,1440.7,1441.5,34925,0
2026-03-04 14:30:00+05:30,1441.4,1444.4,1439.1,1440.8,39900,0
2026-03-04 14:35:00+05:30,1440.8,1441.0,1433.7,1440.3,115464,0
2026-03-04 14:40:00+05:30,1440.3,1442.3,1440.0,1441.5,38452,0
2026-03-04 14:45:00+05:30,1441.8,1441.8,1437.0,1439.4,36577,0
2026-03-04 14:50:00+05:30,1439.7,1441.0,1438.0,1440.3,29693,0
2026-03-04 14:55:00+05:30,1440.6,1442.9,1439.0,1441.4,37221,0
2026-03-04 15:00:00+05:30,1441.4,1442.2,1433.9,1435.2,115286,0
2026-03-04 15:05:00+05:30,1435.2,1435.8,1432.4,1433.5,100259,0
2026-03-04 15:10:00+05:30,1433.2,1434.5,1431.8,1433.2,90187,0
2026-03-04 15:15:00+05:30,1433.2,1435.5,1432.8,1433.9,92752,0
2026-03-04 15:20:00+05:30,1433.8,1435.3,1433.0,1434.9,176695,0
2026-03-04 15:25:00+05:30,1434.6,1437.7,1432.8,1436.6,88785,0
2026-03-05 09:15:00+05:30,1447.2,1466.9,1447.2,1464.2,143489,0
2026-03-05 09:20:00+05:30,1464.0,1466.5,1462.4,1464.2,54530,0
2026-03-05 09:25:00+05:30,1464.3,1465.0,1459.7,1461.0,56453,0
2026-03-05 09:30:00+05:30,1461.0,1462.0,1457.1,1460.9,41187,0
2026-03-05 09:35:00+05:30,1461.0,1461.0,1456.5,1457.8,24032,0
2026-03-05 09:40:00+05:30,1457.9,1462.4,1456.9,1460.6,36379,0
2026-03-05 09:45:00+05:30,1460.9,1461.0,1458.4,1459.8,18478,0
2026-03-05 09:50:00+05:30,1459.8,1461.3,1458.4,1461.3,21296,0
2026-03-05 09:55:00+05:30,1460.7,1461.3,1458.0,1458.1,20944,0
2026-03-05 10:00:00+05:30,1457.4,1463.0,1456.5,1458.6,32201,0
2026-03-05 10:05:00+05:30,1458.9,1463.9,1458.9,1461.4,23971,0
2026-03-05 10:10:00+05:30,1461.4,1461.6,1459.7,1460.3,15661,0
2026-03-05 10:15:00+05:30,1460.1,1461.5,1460.1,1460.5,8099,0
2026-03-05 10:20:00+05:30,1460.5,1460.5,1458.5,1459.1,13579,0
2026-03-05 10:25:00+05:30,1459.0,1459.0,1454.6,1457.0,29647,0
2026-03-05 10:30:00+05:30,1457.4,1457.9,1455.0,1455.8,32233,0
2026-03-05 10:35:00+05:30,1456.1,1459.5,1455.8,1459.5,11506,0
2026-03-05 10:40:00+05:30,1459.5,1466.0,1459.0,1464.8,36593,0
2026-03-05 10:45:00+05:30,1465.9,1465.9,1463.6,1463.6,15609,0
2026-03-05 10:50:00+05:30,1463.5,1465.0,1462.7,1463.8,14494,0
2026-03-05 10:55:00+05:30,1464.3,1466.5,1463.9,1465.4,19637,0
2026-03-05 11:00:00+05:30,1465.2,1466.4,1464.9,1465.5,14011,0
2026-03-05 11:05:00+05:30,1465.2,1465.9,1462.2,1463.9,17906,0
2026-03-05 11:10:00+05:30,1463.9,1464.0,1462.0,1462.5,9668,0
2026-03-05 11:15:00+05:30,1462.3,1464.2,1462.0,1463.4,20168,0
2026-03-05 11:20:00+05:30,1463.0,1463.4,1461.2,1461.8,22457,0
2026-03-05 11:25:00+05:30,1461.8,1461.8,1457.5,1457.5,15963,0
2026-03-05 11:30:00+05:30,1457.6,1458.8,1457.2,1458.1,14575,0
2026-03-05 11:35:00+05:30,1458.0,1458.0,1454.0,1454.8,23125,0
2026-03-05 11:40:00+05:30,1454.7,1456.6,1454.3,1455.7,9412,0
2026-03-05 11:45:00+05:30,1455.7,1455.9,1454.0,1455.3,11708,0
2026-03-05 11:50:00+05:30,1455.3,1456.8,1454.4,1456.8,14733,0
2026-03-05 11:55:00+05:30,1457.6,1458.2,1453.7,1454.5,23836,0
2026-03-05 12:00:00+05:30,1454.3,1454.8,1451.6,1452.4,15828,0
2026-03-05 12:05:00+05:30,1452.4,1453.0,1450.9,1452.7,20846,0
2026-03-05 12:10:00+05:30,1453.2,1455.9,1452.1,1455.9,12548,0
2026-03-05 12:15:00+05:30,1455.8,1456.6,1454.5,1455.1,11818,0
2026-03-05 12:20:00+05:30,1455.1,1459.3,1455.1,1456.7,14910,0
2026-03-05 12:25:00+05:30,1456.7,1460.0,1456.6,1459.2,8547,0
2026-03-05 12:30:00+05:30,1459.2,1461.7,1459.0,1459.9,11579,0
2026-03-05 12:35:00+05:30,1459.4,1460.9,1458.6,1460.9,9226,0
2026-03-05 12:40:00+05:30,1460.9,1461.4,1458.6,1459.2,11391,0
2026-03-05 12:45:00+05:30,1458.8,1460.0,1457.3,1458.3,9843,0
2026-03-05 12:50:00+05:30,1458.5,1460.9,1457.9,1460.9,14943,0
2026-03-05 12:55:00+05:30,1461.5,1462.7,1460.9,1462.4,14065,0
2026-03-05 13:00:00+05:30,1462.4,1463.0,1459.0,1459.0,12450,0
2026-03-05 13:05:00+05:30,1459.0,1461.0,1458.6,1459.2,12228,0
2026-03-05 13:10:00+05:30,1459.3,1459.4,1455.6,1457.0,12636,0
2026-03-05 13:15:00+05:30,1457.4,1457.8,1456.6,1456.9,5882,0
2026-03-05 13:20:00+05:30,1456.7,1460.5,1456.2,1460.0,29478,0
2026-03-05 13:25:00+05:30,1460.0,1460.0,1457.4,1460.0,15797,0
2026-03-05 13:30:00+05:30,1460.3,1461.7,1458.1,1459.8,13661,0
2026-03-05 13:35:00+05:30,1459.8,1459.8,1457.5,1458.5,13426,0
2026-03-05 13:40:00+05:30,1459.0,1461.0,1457.5,1460.5,20395,0
2026-03-05 13:45:00+05:30,1459.8,1462.0,1459.5,1460.2,26007,0
2026-03-05 13:50:00+05:30,1460.2,1460.5,1457.7,1458.7,26936,0
2026-03-05 13:55:00+05:30,1458.9,1460.0,1457.3,1459.5,28505,0
2026-03-05 14:00:00+05:30,1460.1,1462.7,1459.5,1462.6,48034,0
2026-03-05 14:05:00+05:30,1462.7,1465.9,1462.0,1463.0,46276,0
2026-03-05 14:10:00+05:30,1462.4,1465.5,1461.1,1463.0,63057,0
2026-03-05 14:15:00+05:30,1463.0,1465.0,1461.9,1462.8,45144,0
2026-03-05 14:20:00+05:30,1462.8,1469.8,1462.6,1469.4,61306,0
2026-03-05 14:25:00+05:30,1469.4,1472.7,1468.2,1472.5,57385,0
2026-03-05 14:30:00+05:30,1472.0,1472.4,1468.1,1469.3,34220,0
2026-03-05 14:35:00+05:30,1469.2,1479.9,1468.9,1479.8,68513,0
2026-03-05 14:40:00+05:30,1479.7,1489.5,1479.3,1486.7,110281,0
2026-03-05 14:45:00+05:30,1486.7,1491.1,1486.1,1490.8,77497,0
2026-03-05 14:50:00+05:30,1490.9,1499.5,1490.3,1496.1,103812,0
2026-03-05 14:55:00+05:30,1496.1,1499.5,1493.0,1497.8,86948,0
2026-03-05 15:00:00+05:30,1498.3,1502.4,1497.0,1499.1,208765,0
2026-03-05 15:05:00+05:30,1499.1,1504.9,1497.6,1504.5,204046,0
2026-03-05 15:10:00+05:30,1504.9,1505.5,1495.0,1495.9,242188,0
2026-03-05 15:15:00+05:30,1496.0,1502.2,1496.0,1500.0,194582,0
2026-03-05 15:20:00+05:30,1499.9,1500.0,1494.9,1497.7,202122,0
2026-03-05 15:25:00+05:30,1497.8,1497.8,1488.0,1488.0,141299,0
2026-03-06 09:15:00+05:30,1489.0,1489.5,1477.7,1480.5,182778,0
2026-03-06 09:20:00+05:30,1480.3,1488.7,1479.6,1487.3,71951,0
2026-03-06 09:25:00+05:30,1486.8,1496.8,1486.8,1493.5,106397,0
2026-03-06 09:30:00+05:30,1494.0,1494.0,1490.2,1491.7,25417,0
2026-03-06 09:35:00+05:30,1492.1,1494.5,1491.3,1491.3,31694,0
2026-03-06 09:40:00+05:30,1491.8,1494.6,1491.5,1493.7,16364,0
2026-03-06 09:45:00+05:30,1493.7,1494.5,1492.1,1492.5,20945,0
2026-03-06 09:50:00+05:30,1492.5,1493.4,1491.1,1492.1,17611,0
2026-03-06 09:55:00+05:30,1491.8,1491.8,1489.0,1489.2,21178,0
2026-03-06 10:00:00+05:30,1489.9,1490.5,1486.8,1487.9,19133,0
2026-03-06 10:05:00+05:30,1487.9,1491.1,1487.3,1490.2,13219,0
2026-03-06 10:10:00+05:30,1490.3,1491.0,1489.2,1490.2,10786,0
2026-03-06 10:15:00+05:30,1489.5,1492.2,1489.3,1491.3,14231,0
2026-03-06 10:20:00+05:30,1490.9,1493.9,1489.8,1493.8,10221,0
2026-03-06 10:25:00+05:30,1493.8,1493.8,1491.8,1491.8,8553,0
2026-03-06 10:30:00+05:30,1491.8,1491.8,1488.2,1489.5,16980,0
2026-03-06 10:35:00+05:30,1489.2,1491.0,1487.7,1490.0,11146,0
2026-03-06 10:40:00+05:30,1488.8,1489.0,1478.5,1479.2,63420,0
2026-03-06 10:45:00+05:30,1478.6,1481.9,1476.1,1479.2,65245,0
2026-03-06 10:50:00+05:30,1479.5,1480.6,1477.6,1478.4,62158,0
2026-03-06 10:55:00+05:30,1477.8,1479.1,1477.1,1478.6,24100,0
2026-03-06 11:00:00+05:30,1478.5,1482.2,1478.5,1482.0,17087,0
2026-03-06 11:05:00+05:30,1482.2,1483.1,1480.8,1482.4,18262,0
2026-03-06 11:10:00+05:30,1481.8,1482.9,1480.0,1482.0,8707,0
2026-03-06 11:15:00+05:30,1482.0,1483.5,1481.4,1483.0,18650,0
2026-03-06 11:20:00+05:30,1482.6,1483.4,1481.5,1482.0,12201,0
2026-03-06 11:25:00+05:30,1481.2,1483.0,1481.1,1482.8,8809,0
2026-03-06 11:30:00+05:30,1482.8,1484.4,1481.5,1484.0,12602,0
2026-03-06 11:35:00+05:30,1483.9,1486.8,1483.8,1486.8,28697,0
2026-03-06 11:40:00+05:30,1486.7,1490.0,1482.9,1482.9,36821,0
2026-03-06 11:45:00+05:30,1483.0,1486.4,1482.9,1485.1,20570,0
2026-03-06 11:50:00+05:30,1485.1,1485.8,1481.0,1482.7,31245,0
2026-03-06 11:55:00+05:30,1483.7,1483.7,1481.2,1483.1,20364,0
2026-03-06 12:00:00+05:30,1483.1,1484.0,1482.1,1483.0,12389,0
2026-03-06 12:05:00+05:30,1483.0,1484.5,1482.8,1484.0,7735,0
2026-03-06 12:10:00+05:30,1484.5,1485.1,1482.4,1483.6,8259,0
2026-03-06 12:15:00+05:30,1483.6,1486.0,1483.6,1484.1,3834,0
2026-03-06 12:20:00+05:30,1484.1,1485.2,1483.1,1484.8,27846,0
2026-03-06 12:25:00+05:30,1484.7,1485.5,1483.3,1484.0,40740,0
2026-03-06 12:30:00+05:30,1483.8,1485.0,1482.5,1482.6,11898,0
2026-03-06 12:35:00+05:30,1484.0,1484.0,1481.6,1482.7,15475,0
2026-03-06 12:40:00+05:30,1482.7,1484.2,1481.0,1483.8,16333,0
2026-03-06 12:45:00+05:30,1484.2,1484.5,1482.3,1483.9,5729,0
2026-03-06 12:50:00+05:30,1483.4,1485.0,1483.4,1485.0,8375,0
2026-03-06 12:55:00+05:30,1485.0,1485.0,1482.7,1484.6,13630,0
2026-03-06 13:00:00+05:30,1483.8,1485.0,1482.1,1483.3,22031,0
2026-03-06 13:05:00+05:30,1483.7,1484.2,1481.3,1482.6,17531,0
2026-03-06 13:10:00+05:30,1482.6,1486.9,1482.2,1486.9,43971,0
2026-03-06 13:15:00+05:30,1486.8,1488.0,1485.3,1488.0,15197,0
2026-03-06 13:20:00+05:30,1488.1,1488.9,1487.1,1488.2,20888,0
2026-03-06 13:25:00+05:30,1488.6,1493.5,1488.6,1491.8,50041,0
2026-03-06 13:30:00+05:30,1492.0,1494.1,1491.4,1492.5,26974,0
2026-03-06 13:35:00+05:30,1492.0,1497.8,1491.3,1494.0,52288,0
2026-03-06 13:40:00+05:30,1494.0,1494.6,1492.6,1492.7,13971,0
2026-03-06 13:45:00+05:30,1492.6,1492.9,1491.3,1492.8,31234,0
2026-03-06 13:50:00+05:30,1492.8,1494.0,1492.7,1493.0,11134,0
2026-03-06 13:55:00+05:30,1493.3,1493.3,1490.6,1491.4,19387,0
2026-03-06 14:00:00+05:30,1491.4,1492.0,1489.5,1490.4,28518,0
2026-03-06 14:05:00+05:30,1490.5,1491.7,1490.0,1490.8,43164,0
2026-03-06 14:10:00+05:30,1490.4,1493.0,1490.4,1491.7,54469,0
2026-03-06 14:15:00+05:30,1491.9,1494.5,1491.6,1494.5,24898,0
2026-03-06 14:20:00+05:30,1494.3,1495.0,1492.4,1494.3,12068,0
2026-03-06 14:25:00+05:30,1494.0,1494.4,1492.4,1492.9,8556,0
2026-03-06 14:30:00+05:30,1492.9,1493.2,1491.8,1491.9,12640,0
2026-03-06 14:35:00+05:30,1492.0,1492.0,1490.5,1491.1,28956,0
2026-03-06 14:40:00+05:30,1491.2,1491.2,1483.0,1485.5,60230,0
2026-03-06 14:45:00+05:30,1485.5,1487.4,1477.4,1480.1,78158,0
2026-03-06 14:50:00+05:30,1479.9,1482.7,1479.0,1480.3,61626,0
2026-03-06 14:55:00+05:30,1480.3,1480.9,1478.4,1480.6,101423,0
2026-03-06 15:00:00+05:30,1479.7,1482.9,1479.1,1480.8,66481,0
2026-03-06 15:05:00+05:30,1480.3,1481.0,1478.6,1479.0,74771,0
2026-03-06 15:10:00+05:30,1479.0,1480.0,1477.2,1478.1,96578,0
2026-03-06 15:15:00+05:30,1478.3,1480.0,1470.8,1471.4,132985,0
2026-03-06 15:20:00+05:30,1471.4,1476.1,1470.0,1475.8,102364,0
2026-03-06 15:25:00+05:30,1475.8,1477.2,1475.0,1475.6,43120,0
2026-03-09 09:15:00+05:30,1405.0,1436.1,1405.0,1416.0,541645,0
2026-03-09 09:20:00+05:30,1415.6,1420.5,1412.0,1415.0,92453,0
2026-03-09 09:25:00+05:30,1415.1,1421.7,1413.0,1420.8,75285,0
2026-03-09 09:30:00+05:30,1421.0,1425.9,1419.5,1420.0,83261,0
2026-03-09 09:35:00+05:30,1420.0,1426.8,1419.0,1424.5,51572,0
2026-03-09 09:40:00+05:30,1424.5,1424.5,1415.6,1420.0,321004,0
2026-03-09 09:45:00+05:30,1420.1,1429.8,1418.5,1426.3,105131,0
2026-03-09 09:50:00+05:30,1426.3,1430.9,1424.1,1427.9,62016,0
2026-03-09 09:55:00+05:30,1427.9,1434.5,1427.5,1430.6,43462,0
2026-03-09 10:00:00+05:30,1431.1,1432.8,1427.0,1429.5,106202,0
2026-03-09 10:05:00+05:30,1428.7,1431.5,1427.0,1430.0,78508,0
2026-03-09 10:10:00+05:30,1430.0,1432.8,1428.0,1429.6,28819,0
2026-03-09 10:15:00+05:30,1429.1,1429.5,1420.9,1423.9,65816,0
2026-03-09 10:20:00+05:30,1423.4,1426.7,1422.1,1424.0,30647,0
2026-03-09 10:25:00+05:30,1424.0,1428.2,1423.1,1426.4,23841,0
2026-03-09 10:30:00+05:30,1426.2,1426.9,1420.1,1420.8,55639,0
2026-03-09 10:35:00+05:30,1420.6,1423.4,1420.0,1422.3,26050,0
2026-03-09 10:40:00+05:30,1421.8,1422.9,1420.0,1421.3,25737,0
2026-03-09 10:45:00+05:30,1420.8,1421.7,1417.1,1419.5,43644,0
2026-03-09 10:50:00+05:30,1419.5,1428.8,1418.3,1427.9,83651,0
2026-03-09 10:55:00+05:30,1427.5,1433.0,1427.0,1429.8,57502,0
2026-03-09 11:00:00+05:30,1429.6,1430.5,1424.6,1425.8,48999,0
2026-03-09 11:05:00+05:30,1426.3,1426.3,1420.4,1421.6,23929,0
2026-03-09 11:10:00+05:30,1421.6,1422.6,1416.0,1418.5,49773,0
2026-03-09 11:15:00+05:30,1418.5,1419.7,1415.1,1418.6,31550,0
2026-03-09 11:20:00+05:30,1418.3,1425.0,1418.0,1422.8,41665,0
2026-03-09 11:25:00+05:30,1422.8,1425.1,1420.1,1422.9,87994,0
2026-03-09 11:30:00+05:30,1422.9,1423.6,1420.0,1421.4,28691,0
2026-03-09 11:35:00+05:30,1422.0,1423.6,1421.5,1423.1,14056,0
2026-03-09 11:40:00+05:30,1423.1,1425.5,1421.1,1421.7,49548,0
2026-03-09 11:45:00+05:30,1421.7,1422.3,1420.4,1420.9,24843,0
2026-03-09 11:50:00+05:30,1420.9,1421.5,1419.7,1420.8,32737,0
2026-03-09 11:55:00+05:30,1420.7,1422.0,1420.2,1421.6,11416,0
2026-03-09 12:00:00+05:30,1421.6,1422.7,1420.3,1422.4,12866,0
2026-03-09 12:05:00+05:30,1422.3,1422.3,1418.6,1418.9,24955,0
2026-03-09 12:10:00+05:30,1418.9,1419.2,1414.7,1417.1,61079,0
2026-03-09 12:15:00+05:30,1417.3,1417.5,1414.2,1415.0,60050,0
2026-03-09 12:20:00+05:30,1415.4,1418.3,1414.0,1416.8,25766,0
2026-03-09 12:25:00+05:30,1417.0,1417.5,1416.2,1417.0,17837,0
2026-03-09 12:30:00+05:30,1417.1,1418.6,1416.5,1416.6,117317,0
2026-03-09 12:35:00+05:30,1416.5,1419.9,1415.3,1419.3,20754,0
2026-03-09 12:40:00+05:30,1419.3,1419.9,1418.2,1418.7,17266,0
2026-03-09 12:45:00+05:30,1418.6,1419.8,1417.5,1417.6,10117,0
2026-03-09 12:50:00+05:30,1417.8,1421.0,1417.0,1420.5,24510,0
2026-03-09 12:55:00+05:30,1420.3,1422.8,1420.0,1420.8,77655,0
2026-03-09 13:00:00+05:30,1420.7,1420.8,1416.6,1417.6,17317,0
2026-03-09 13:05:00+05:30,1417.8,1419.5,1417.2,1418.1,9978,0
2026-03-09 13:10:00+05:30,1418.0,1418.2,1415.3,1415.9,20053,0
2026-03-09 13:15:00+05:30,1415.8,1417.5,1414.0,1415.5,68072,0
2026-03-09 13:20:00+05:30,1415.5,1418.3,1414.7,1415.2,15990,0
2026-03-09 13:25:00+05:30,1415.2,1418.3,1414.8,1415.4,27403,0
2026-03-09 13:30:00+05:30,1416.0,1421.7,1415.1,1419.8,24503,0
2026-03-09 13:35:00+05:30,1419.8,1419.8,1416.0,1417.6,16907,0
2026-03-09 13:40:00+05:30,1417.6,1419.0,1417.0,1418.0,16304,0
2026-03-09 13:45:00+05:30,1418.3,1418.9,1415.5,1415.5,14809,0
2026-03-09 13:50:00+05:30,1415.5,1417.5,1415.2,1416.2,30473,0
2026-03-09 13:55:00+05:30,1416.2,1419.0,1415.1,1416.0,279226,0
2026-03-09 14:00:00+05:30,1416.1,1417.1,1414.6,1415.8,29648,0
2026-03-09 14:05:00+05:30,1415.8,1417.4,1414.2,1415.7,29405,0
2026-03-09 14:10:00+05:30,1415.7,1417.1,1414.8,1415.1,17042,0
2026-03-09 14:15:00+05:30,1415.1,1415.9,1413.9,1414.9,33498,0
2026-03-09 14:20:00+05:30,1414.4,1417.4,1414.0,1416.5,20289,0
2026-03-09 14:25:00+05:30,1416.4,1418.3,1416.4,1417.7,36457,0
2026-03-09 14:30:00+05:30,1417.7,1418.9,1415.2,1415.4,32047,0
2026-03-09 14:35:00+05:30,1415.9,1417.8,1415.5,1416.5,18832,0
2026-03-09 14:40:00+05:30,1416.5,1419.0,1416.0,1418.5,24869,0
2026-03-09 14:45:00+05:30,1418.8,1424.0,1417.0,1417.3,83158,0
2026-03-09 14:50:00+05:30,1417.4,1419.3,1414.7,1416.4,68765,0
2026-03-09 14:55:00+05:30,1416.4,1418.0,1415.0,1417.4,97638,0
2026-03-09 15:00:00+05:30,1417.2,1423.6,1415.0,1421.8,191302,0
2026-03-09 15:05:00+05:30,1422.4,1424.7,1417.9,1421.2,161543,0
2026-03-09 15:10:00+05:30,1421.1,1424.2,1419.7,1422.2,141267,0
2026-03-09 15:15:00+05:30,1422.2,1425.7,1421.2,1422.8,136940,0
2026-03-09 15:20:00+05:30,1422.8,1422.8,1419.2,1422.0,155214,0
2026-03-09 15:25:00+05:30,1422.0,1424.9,1419.3,1424.9,137965,0
2026-03-10 09:15:00+05:30,1450.0,1470.3,1443.5,1448.0,136926,0
2026-03-10 09:20:00+05:30,1448.0,1454.0,1446.9,1450.2,55638,0
2026-03-10 09:25:00+05:30,1450.9,1453.0,1446.6,1449.9,31598,0
2026-03-10 09:30:00+05:30,1450.1,1450.5,1441.4,1444.1,37034,0
2026-03-10 09:35:00+05:30,1444.1,1444.1,1435.0,1435.5,45340,0
2026-03-10 09:40:00+05:30,1436.0,1441.8,1435.4,1441.2,29214,0
2026-03-10 09:45:00+05:30,1441.2,1441.7,1437.6,1441.5,18741,0
2026-03-10 09:50:00+05:30,1441.5,1443.9,1439.0,1439.9,20542,0
2026-03-10 09:55:00+05:30,1439.8,1440.8,1433.5,1435.9,26370,0
2026-03-10 10:00:00+05:30,1435.9,1439.0,1435.0,1436.5,16711,0
2026-03-10 10:05:00+05:30,1436.3,1437.9,1435.6,1437.2,16026,0
2026-03-10 10:10:00+05:30,1437.2,1439.0,1435.3,1437.8,20443,0
2026-03-10 10:15:00+05:30,1437.8,1442.0,1437.8,1438.8,20895,0
2026-03-10 10:20:00+05:30,1439.0,1439.1,1433.8,1435.6,20410,0
2026-03-10 10:25:00+05:30,1435.3,1436.4,1431.6,1433.9,22523,0
2026-03-10 10:30:00+05:30,1433.9,1437.4,1432.6,1435.2,19613,0
2026-03-10 10:35:00+05:30,1435.9,1438.5,1435.3,1435.5,17655,0
2026-03-10 10:40:00+05:30,1436.2,1438.2,1433.1,1433.3,28375,0
2026-03-10 10:45:00+05:30,1433.4,1435.8,1432.7,1434.3,21312,0
2026-03-10 10:50:00+05:30,1434.1,1434.3,1430.0,1430.6,18840,0
2026-03-10 10:55:00+05:30,1430.8,1430.8,1426.3,1426.4,40979,0
2026-03-10 11:00:00+05:30,1426.4,1426.8,1423.1,1425.2,40508,0
2026-03-10 11:05:00+05:30,1425.2,1426.4,1424.5,1425.1,28613,0
2026-03-10 11:10:00+05:30,1425.5,1426.4,1424.5,1425.0,33921,0
2026-03-10 11:15:00+05:30,1424.9,1426.8,1424.0,1425.4,28520,0
2026-03-10 11:20:00+05:30,1425.4,1425.5,1422.7,1424.3,17895,0
2026-03-10 11:25:00+05:30,1424.6,1425.5,1422.1,1422.6,18534,0
2026-03-10 11:30:00+05:30,1422.8,1423.5,1421.3,1423.2,16760,0
2026-03-10 11:35:00+05:30,1423.2,1424.8,1422.0,1423.7,14218,0
2026-03-10 11:40:00+05:30,1423.5,1423.9,1422.8,1423.5,7803,0
2026-03-10 11:45:00+05:30,1423.5,1423.5,1419.2,1419.5,32545,0
2026-03-10 11:50:00+05:30,1420.0,1420.0,1416.5,1418.3,37731,0
2026-03-10 11:55:00+05:30,1418.6,1421.0,1418.1,1420.5,33645,0
2026-03-10 12:00:00+05:30,1420.5,1421.0,1418.6,1419.3,13055,0
2026-03-10 12:05:00+05:30,1419.8,1420.8,1418.7,1419.0,10465,0
2026-03-10 12:10:00+05:30,1418.7,1421.7,1417.8,1420.3,28654,0
2026-03-10 12:15:00+05:30,1420.1,1422.9,1419.2,1420.5,29150,0
2026-03-10 12:20:00+05:30,1420.7,1423.7,1419.7,1423.3,26785,0
2026-03-10 12:25:00+05:30,1423.3,1425.6,1423.0,1424.5,25368,0
2026-03-10 12:30:00+05:30,1424.6,1425.3,1423.6,1424.5,56918,0
2026-03-10 12:35:00+05:30,1424.7,1427.0,1424.0,1426.4,73675,0
2026-03-10 12:40:00+05:30,1426.2,1427.5,1424.0,1425.8,56525,0
2026-03-10 12:45:00+05:30,1425.6,1426.0,1424.5,1424.5,16631,0
2026-03-10 12:50:00+05:30,1424.6,1426.0,1424.0,1425.7,30173,0
2026-03-10 12:55:00+05:30,1425.7,1428.0,1425.0,1427.3,35637,0
2026-03-10 13:00:00+05:30,1427.3,1429.0,1426.1,1427.1,27535,0
2026-03-10 13:05:00+05:30,1427.1,1427.9,1425.8,1427.8,56755,0
2026-03-10 13:10:00+05:30,1427.9,1428.6,1423.5,1424.7,39133,0
2026-03-10 13:15:00+05:30,1424.7,1425.0,1422.0,1422.3,15805,0
2026-03-10 13:20:00+05:30,1422.2,1423.9,1419.7,1420.5,18503,0
2026-03-10 13:25:00+05:30,1420.5,1422.6,1418.7,1421.9,15635,0
2026-03-10 13:30:00+05:30,1422.1,1426.6,1421.5,1425.4,53831,0
2026-03-10 13:35:00+05:30,1425.4,1426.0,1421.1,1423.8,29463,0
2026-03-10 13:40:00+05:30,1423.4,1425.7,1423.4,1424.1,11886,0
2026-03-10 13:45:00+05:30,1424.0,1424.9,1423.2,1424.7,14771,0
2026-03-10 13:50:00+05:30,1424.8,1426.7,1424.4,1424.8,18793,0
2026-03-10 13:55:00+05:30,1424.7,1425.0,1422.1,1422.4,11398,0
2026-03-10 14:00:00+05:30,1422.3,1424.0,1421.1,1422.8,26713,0
2026-03-10 14:05:00+05:30,1422.9,1426.7,1422.5,1425.5,40667,0
2026-03-10 14:10:00+05:30,1425.3,1427.0,1424.4,1425.6,43683,0
2026-03-10 14:15:00+05:30,1425.6,1426.4,1423.3,1424.4,26938,0
2026-03-10 14:20:00+05:30,1424.0,1424.8,1422.1,1423.8,14427,0
2026-03-10 14:25:00+05:30,1423.6,1424.2,1421.8,1422.3,15684,0
2026-03-10 14:30:00+05:30,1422.0,1423.6,1419.0,1420.5,29711,0
2026-03-10 14:35:00+05:30,1420.9,1423.4,1420.3,1421.5,23596,0
2026-03-10 14:40:00+05:30,1421.5,1422.7,1419.1,1420.8,38407,0
2026-03-10 14:45:00+05:30,1420.7,1425.0,1419.5,1425.0,41641,0
2026-03-10 14:50:00+05:30,1425.0,1425.0,1422.0,1424.0,22833,0
2026-03-10 14:55:00+05:30,1423.8,1424.1,1422.0,1423.6,27974,0
2026-03-10 15:00:00+05:30,1423.5,1423.9,1419.2,1421.1,86752,0
2026-03-10 15:05:00+05:30,1421.0,1424.0,1420.0,1423.5,76804,0
2026-03-10 15:10:00+05:30,1423.5,1424.9,1422.9,1424.6,102084,0
2026-03-10 15:15:00+05:30,1424.6,1425.8,1423.4,1425.0,113358,0
2026-03-10 15:20:00+05:30,1424.9,1425.9,1423.3,1424.3,134064,0
2026-03-10 15:25:00+05:30,1424.3,1428.7,1423.8,1428.0,147730,0
2026-03-11 09:15:00+05:30,1425.0,1438.4,1421.7,1436.2,74781,0
2026-03-11 09:20:00+05:30,1436.3,1447.2,1436.0,1443.5,96275,0
2026-03-11 09:25:00+05:30,1443.5,1446.9,1441.2,1444.5,39095,0
2026-03-11 09:30:00+05:30,1444.5,1454.9,1444.0,1453.4,57898,0
2026-03-11 09:35:00+05:30,1453.1,1454.7,1447.5,1449.0,41415,0
2026-03-11 09:40:00+05:30,1449.0,1454.7,1448.5,1454.3,24196,0
2026-03-11 09:45:00+05:30,1453.8,1454.7,1449.2,1451.9,18731,0
2026-03-11 09:50:00+05:30,1451.9,1454.7,1445.6,1446.6,35799,0
2026-03-11 09:55:00+05:30,1446.6,1449.4,1444.3,1444.7,15212,0
2026-03-11 10:00:00+05:30,1445.0,1447.5,1443.1,1445.3,28294,0
2026-03-11 10:05:00+05:30,1445.1,1445.5,1442.8,1443.0,14270,0
2026-03-11 10:10:00+05:30,1443.0,1444.0,1442.0,1442.5,14726,0
2026-03-11 10:15:00+05:30,1442.5,1442.5,1439.8,1441.0,31099,0
2026-03-11 10:20:00+05:30,1441.4,1442.0,1440.0,1441.9,8459,0
2026-03-11 10:25:00+05:30,1441.9,1444.0,1440.9,1443.4,10585,0
2026-03-11 10:30:00+05:30,1443.6,1444.3,1441.9,1442.6,10913,0
2026-03-11 10:35:00+05:30,1442.4,1444.8,1441.4,1443.6,14771,0
2026-03-11 10:40:00+05:30,1443.6,1448.3,1443.0,1445.2,20586,0
2026-03-11 10:45:00+05:30,1445.2,1446.5,1444.0,1446.4,8526,0
2026-03-11 10:50:00+05:30,1446.4,1447.0,1443.6,1446.6,22660,0
2026-03-11 10:55:00+05:30,1446.6,1451.3,1445.0,1450.3,27701,0
2026-03-11 11:00:00+05:30,1450.3,1452.3,1449.0,1451.3,27360,0
2026-03-11 11:05:00+05:30,1451.3,1451.7,1444.7,1445.7,40302,0
2026-03-11 11:10:00+05:30,1445.6,1446.7,1443.7,1445.9,26388,0
2026-03-11 11:15:00+05:30,1445.7,1445.7,1440.1,1441.6,85949,0
2026-03-11 11:20:00+05:30,1441.6,1441.7,1432.5,1433.1,46001,0
2026-03-11 11:25:00+05:30,1432.7,1435.3,1432.0,1434.7,20520,0
2026-03-11 11:30:00+05:30,1434.8,1437.7,1434.0,1437.2,14417,0
2026-03-11 11:35:00+05:30,1437.1,1439.6,1435.3,1437.6,17956,0
2026-03-11 11:40:00+05:30,1437.6,1439.2,1437.4,1438.7,5923,0
2026-03-11 11:45:00+05:30,1439.0,1440.0,1437.1,1437.3,10826,0
2026-03-11 11:50:00+05:30,1437.6,1437.6,1435.7,1436.3,12299,0
2026-03-11 11:55:00+05:30,1436.2,1436.4,1433.5,1434.0,15010,0
2026-03-11 12:00:00+05:30,1434.0,1439.1,1434.0,1438.9,9672,0
2026-03-11 12:05:00+05:30,1438.9,1439.2,1436.3,1437.9,10963,0
2026-03-11 12:10:00+05:30,1437.7,1443.3,1437.7,1443.3,18855,0
2026-03-11 12:15:00+05:30,1443.1,1444.5,1441.4,1443.9,9924,0
2026-03-11 12:20:00+05:30,1444.0,1445.0,1441.7,1443.0,9497,0
2026-03-11 12:25:00+05:30,1442.9,1443.0,1440.1,1441.0,9960,0
2026-03-11 12:30:00+05:30,1440.9,1440.9,1436.6,1437.5,10053,0
2026-03-11 12:35:00+05:30,1437.6,1438.3,1433.2,1433.9,11612,0
2026-03-11 12:40:00+05:30,1433.9,1437.0,1433.2,1436.9,8392,0
2026-03-11 12:45:00+05:30,1436.8,1436.9,1430.5,1431.3,30067,0
2026-03-11 12:50:00+05:30,1431.5,1431.9,1426.3,1427.4,55640,0
2026-03-11 12:55:00+05:30,1427.3,1428.8,1425.4,1426.4,34146,0
2026-03-11 13:00:00+05:30,1426.4,1429.4,1426.0,1427.4,40840,0
2026-03-11 13:05:00+05:30,1427.4,1428.0,1425.6,1426.0,31885,0
2026-03-11 13:10:00+05:30,1426.0,1426.6,1421.3,1422.0,41720,0
2026-03-11 13:15:00+05:30,1421.5,1423.0,1420.6,1422.2,30857,0
2026-03-11 13:20:00+05:30,1422.2,1423.9,1421.3,1423.6,31693,0
2026-03-11 13:25:00+05:30,1423.5,1426.4,1422.2,1425.8,41472,0
2026-03-11 13:30:00+05:30,1426.2,1428.0,1423.0,1426.3,59624,0
2026-03-11 13:35:00+05:30,1425.5,1425.5,1422.4,1423.0,19944,0
2026-03-11 13:40:00+05:30,1423.0,1423.3,1421.7,1422.2,20080,0
2026-03-11 13:45:00+05:30,1422.4,1423.5,1421.0,1421.4,24317,0
2026-03-11 13:50:00+05:30,1421.6,1424.0,1420.0,1423.1,29166,0
2026-03-11 13:55:00+05:30,1423.0,1423.4,1420.5,1421.2,20003,0
2026-03-11 14:00:00+05:30,1421.2,1421.7,1420.0,1421.2,17175,0
2026-03-11 14:05:00+05:30,1420.9,1421.5,1417.5,1418.2,27946,0
2026-03-11 14:10:00+05:30,1418.6,1420.0,1417.1,1419.2,21403,0
2026-03-11 14:15:00+05:30,1419.2,1420.1,1414.0,1415.7,35216,0
2026-03-11 14:20:00+05:30,1416.2,1418.3,1414.2,1414.7,37819,0
2026-03-11 14:25:00+05:30,1414.7,1422.8,1412.1,1422.3,46276,0
2026-03-11 14:30:00+05:30,1422.4,1423.8,1415.0,1415.3,47424,0
2026-03-11 14:35:00+05:30,1415.0,1416.9,1414.5,1415.8,38888,0
2026-03-11 14:40:00+05:30,1416.1,1416.1,1414.1,1415.0,24216,0
2026-03-11 14:45:00+05:30,1415.0,1417.4,1413.9,1414.6,29945,0
2026-03-11 14:50:00+05:30,1415.2,1417.4,1413.8,1416.7,22774,0
2026-03-11 14:55:00+05:30,1416.9,1417.0,1412.8,1413.0,26311,0
2026-03-11 15:00:00+05:30,1413.0,1417.7,1413.0,1413.0,38972,0
2026-03-11 15:05:00+05:30,1413.3,1414.4,1409.0,1410.6,49324,0
2026-03-11 15:10:00+05:30,1410.6,1412.0,1405.7,1407.5,56671,0
2026-03-11 15:15:00+05:30,1407.4,1411.9,1406.4,1411.9,53071,0
2026-03-11 15:20:00+05:30,1411.9,1414.0,1410.0,1411.7,48345,0
2026-03-11 15:25:00+05:30,1411.1,1412.0,1409.0,1412.0,40847,0
2026-03-12 09:15:00+05:30,1402.5,1402.9,1384.9,1385.2,132404,0
2026-03-12 09:20:00+05:30,1385.7,1387.2,1380.0,1383.4,59938,0
2026-03-12 09:25:00+05:30,1383.8,1384.0,1379.0,1379.0,46572,0
2026-03-12 09:30:00+05:30,1379.1,1380.3,1375.3,1377.4,53226,0
2026-03-12 09:35:00+05:30,1377.4,1385.2,1375.4,1382.2,29763,0
2026-03-12 09:40:00+05:30,1382.5,1388.6,1380.7,1387.5,34888,0
2026-03-12 09:45:00+05:30,1387.9,1391.7,1386.2,1390.9,47970,0
2026-03-12 09:50:00+05:30,1390.9,1393.7,1389.0,1390.8,28687,0
2026-03-12 09:55:00+05:30,1390.8,1394.4,1387.5,1393.7,23009,0
2026-03-12 10:00:00+05:30,1393.9,1394.3,1392.0,1392.9,13532,0
2026-03-12 10:05:00+05:30,1392.7,1393.5,1390.5,1393.1,16843,0
2026-03-12 10:10:00+05:30,1393.5,1395.8,1390.0,1395.1,22651,0
2026-03-12 10:15:00+05:30,1395.1,1397.9,1394.6,1397.0,21848,0
2026-03-12 10:20:00+05:30,1397.7,1398.3,1395.7,1396.5,27569,0
2026-03-12 10:25:00+05:30,1397.1,1403.8,1397.0,1403.0,37699,0
2026-03-12 10:30:00+05:30,1403.0,1403.3,1394.2,1398.1,80069,0
2026-03-12 10:35:00+05:30,1398.6,1408.8,1396.7,1406.3,36462,0
2026-03-12 10:40:00+05:30,1406.4,1406.5,1401.9,1404.2,28030,0
2026-03-12 10:45:00+05:30,1404.4,1406.4,1401.8,1403.0,150998,0
2026-03-12 10:50:00+05:30,1403.2,1406.9,1402.5,1405.0,24387,0
2026-03-12 10:55:00+05:30,1405.3,1410.0,1404.0,1408.0,37046,0
2026-03-12 11:00:00+05:30,1408.4,1417.7,1408.0,1417.3,50482,0
2026-03-12 11:05:00+05:30,1417.0,1417.5,1411.9,1413.1,51725,0
2026-03-12 11:10:00+05:30,1413.4,1416.7,1413.0,1414.9,23756,0
2026-03-12 11:15:00+05:30,1415.6,1418.6,1408.3,1410.0,40954,0
2026-03-12 11:20:00+05:30,1410.0,1410.3,1401.0,1405.5,71552,0
2026-03-12 11:25:00+05:30,1405.5,1406.7,1403.6,1405.4,15300,0
2026-03-12 11:30:00+05:30,1405.4,1405.5,1402.6,1404.7,8619,0
2026-03-12 11:35:00+05:30,1404.6,1405.2,1402.8,1404.2,13778,0
2026-03-12 11:40:00+05:30,1404.2,1405.9,1402.6,1405.2,13434,0
2026-03-12 11:45:00+05:30,1405.4,1407.0,1401.6,1403.0,23564,0
2026-03-12 11:50:00+05:30,1403.3,1406.9,1402.7,1406.0,12747,0
2026-03-12 11:55:00+05:30,1406.5,1408.7,1405.0,1405.8,17470,0
2026-03-12 12:00:00+05:30,1405.8,1406.8,1404.7,1405.3,13045,0
2026-03-12 12:05:00+05:30,1405.5,1407.5,1403.1,1404.7,23901,0
2026-03-12 12:10:00+05:30,1404.7,1407.6,1402.6,1405.4,17547,0
2026-03-12 12:15:00+05:30,1405.4,1407.2,1404.4,1405.1,17830,0
2026-03-12 12:20:00+05:30,1405.3,1408.5,1405.0,1407.2,19063,0
2026-03-12 12:25:00+05:30,1407.2,1411.3,1405.3,1406.9,28944,0
2026-03-12 12:30:00+05:30,1406.9,1409.0,1405.2,1405.5,13691,0
2026-03-12 12:35:00+05:30,1405.5,1406.2,1400.7,1402.3,81020,0
2026-03-12 12:40:00+05:30,1402.3,1406.3,1401.3,1405.9,35491,0
2026-03-12 12:45:00+05:30,1405.4,1409.8,1405.0,1408.6,15986,0
2026-03-12 12:50:00+05:30,1408.5,1409.0,1405.8,1406.6,11183,0
2026-03-12 12:55:00+05:30,1406.7,1408.2,1403.6,1403.7,12923,0
2026-03-12 13:00:00+05:30,1403.7,1404.4,1401.4,1402.4,30089,0
2026-03-12 13:05:00+05:30,1402.2,1402.8,1398.5,1401.4,68210,0
2026-03-12 13:10:00+05:30,1401.3,1405.0,1401.0,1403.9,9563,0
2026-03-12 13:15:00+05:30,1403.9,1406.2,1403.0,1403.9,10911,0
2026-03-12 13:20:00+05:30,1404.2,1406.8,1402.7,1406.0,12227,0
2026-03-12 13:25:00+05:30,1406.3,1407.9,1404.7,1406.3,22869,0
2026-03-12 13:30:00+05:30,1407.3,1412.3,1406.6,1410.6,38430,0
2026-03-12 13:35:00+05:30,1410.3,1413.0,1410.1,1411.3,17649,0
2026-03-12 13:40:00+05:30,1411.3,1414.2,1408.6,1409.1,16852,0
2026-03-12 13:45:00+05:30,1409.1,1414.5,1408.4,1413.0,11727,0
2026-03-12 13:50:00+05:30,1413.0,1414.4,1411.5,1412.4,9034,0
2026-03-12 13:55:00+05:30,1412.4,1412.5,1407.3,1407.5,11075,0
2026-03-12 14:00:00+05:30,1407.9,1409.4,1407.0,1408.1,10397,0
2026-03-12 14:05:00+05:30,1408.1,1409.4,1404.0,1404.0,10601,0
2026-03-12 14:10:00+05:30,1404.0,1404.6,1400.2,1403.4,46066,0
2026-03-12 14:15:00+05:30,1403.4,1404.0,1401.0,1403.6,20324,0
2026-03-12 14:20:00+05:30,1403.6,1404.2,1402.0,1402.3,13180,0
2026-03-12 14:25:00+05:30,1402.3,1404.0,1399.0,1399.7,24255,0
2026-03-12 14:30:00+05:30,1399.7,1402.7,1397.4,1402.0,57254,0
2026-03-12 14:35:00+05:30,1402.0,1402.1,1397.8,1399.0,85858,0
2026-03-12 14:40:00+05:30,1399.0,1399.9,1395.0,1395.1,60729,0
2026-03-12 14:45:00+05:30,1395.7,1395.9,1392.4,1394.0,32563,0
2026-03-12 14:50:00+05:30,1393.9,1394.6,1387.7,1392.0,35294,0
2026-03-12 14:55:00+05:30,1392.0,1394.9,1390.5,1392.3,36368,0
2026-03-12 15:00:00+05:30,1392.4,1394.8,1390.0,1394.2,78433,0
2026-03-12 15:05:00+05:30,1394.7,1394.9,1390.1,1392.7,73884,0
2026-03-12 15:10:00+05:30,1392.7,1394.0,1391.3,1392.8,66909,0
2026-03-12 15:15:00+05:30,1392.7,1392.8,1390.9,1392.0,64837,0
2026-03-12 15:20:00+05:30,1391.8,1392.4,1389.4,1389.7,74570,0
2026-03-12 15:25:00+05:30,1389.6,1395.0,1388.0,1392.0,61331,0
2026-03-13 09:15:00+05:30,1388.7,1390.0,1370.0,1381.1,168346,0
2026-03-13 09:20:00+05:30,1381.1,1381.1,1375.5,1378.6,37015,0
2026-03-13 09:25:00+05:30,1378.6,1385.4,1376.9,1385.0,46172,0
2026-03-13 09:30:00+05:30,1385.0,1388.0,1378.5,1380.2,41164,0
2026-03-13 09:35:00+05:30,1380.5,1382.4,1376.4,1378.9,24958,0
2026-03-13 09:40:00+05:30,1379.1,1379.7,1375.0,1375.7,19388,0
2026-03-13 09:45:00+05:30,1375.7,1375.7,1370.3,1371.0,31915,0
2026-03-13 09:50:00+05:30,1371.3,1371.8,1366.5,1367.4,33830,0
2026-03-13 09:55:00+05:30,1367.0,1367.5,1359.2,1360.6,47079,0
2026-03-13 10:00:00+05:30,1360.6,1360.6,1356.5,1359.3,32188,0
2026-03-13 10:05:00+05:30,1359.3,1363.9,1356.4,1363.0,28253,0
2026-03-13 10:10:00+05:30,1363.3,1365.1,1360.0,1361.3,32713,0
2026-03-13 10:15:00+05:30,1361.3,1363.0,1358.9,1359.6,20983,0
2026-03-13 10:20:00+05:30,1359.6,1360.3,1356.0,1357.8,19288,0
2026-03-13 10:25:00+05:30,1357.8,1359.2,1355.8,1359.0,18224,0
2026-03-13 10:30:00+05:30,1358.9,1359.9,1356.1,1356.8,16812,0
2026-03-13 10:35:00+05:30,1356.7,1357.8,1355.6,1356.5,20886,0
2026-03-13 10:40:00+05:30,1356.5,1356.8,1354.1,1355.9,20360,0
2026-03-13 10:45:00+05:30,1356.0,1358.1,1355.1,1357.7,19905,0
2026-03-13 10:50:00+05:30,1357.7,1361.9,1357.2,1360.0,28246,0
2026-03-13 10:55:00+05:30,1360.0,1360.1,1356.4,1358.8,18486,0
2026-03-13 11:00:00+05:30,1358.8,1358.8,1355.6,1355.9,18775,0
2026-03-13 11:05:00+05:30,1355.9,1356.5,1354.0,1355.0,16162,0
2026-03-13 11:10:00+05:30,1354.8,1361.3,1354.5,1356.4,50907,0
2026-03-13 11:15:00+05:30,1356.4,1360.0,1354.6,1358.3,15735,0
2026-03-13 11:20:00+05:30,1358.3,1359.4,1356.3,1357.9,10924,0
2026-03-13 11:25:00+05:30,1357.9,1363.0,1357.2,1362.3,22217,0
2026-03-13 11:30:00+05:30,1362.3,1368.7,1360.2,1366.7,27578,0
2026-03-13 11:35:00+05:30,1366.7,1370.0,1365.1,1369.0,17876,0
2026-03-13 11:40:00+05:30,1369.0,1369.0,1365.9,1368.4,16768,0
2026-03-13 11:45:00+05:30,1368.7,1368.7,1365.0,1365.5,12472,0
2026-03-13 11:50:00+05:30,1366.0,1366.0,1363.4,1364.1,14000,0
2026-03-13 11:55:00+05:30,1364.1,1365.1,1362.0,1362.8,11957,0
2026-03-13 12:00:00+05:30,1362.8,1363.8,1361.5,1363.1,12662,0
2026-03-13 12:05:00+05:30,1363.1,1363.6,1361.0,1362.0,10747,0
2026-03-13 12:10:00+05:30,1362.0,1363.5,1360.0,1362.4,13606,0
2026-03-13 12:15:00+05:30,1362.9,1363.8,1360.3,1363.8,18530,0
2026-03-13 12:20:00+05:30,1363.6,1364.3,1361.4,1362.2,20914,0
2026-03-13 12:25:00+05:30,1362.3,1363.5,1361.1,1362.2,11529,0
2026-03-13 12:30:00+05:30,1362.2,1362.8,1359.0,1359.5,16549,0
2026-03-13 12:35:00+05:30,1359.5,1359.8,1357.1,1358.0,21385,0
2026-03-13 12:40:00+05:30,1358.0,1358.2,1356.2,1357.4,12410,0
2026-03-13 12:45:00+05:30,1357.6,1361.8,1356.3,1361.8,31813,0
2026-03-13 12:50:00+05:30,1361.8,1363.7,1360.4,1362.9,20927,0
2026-03-13 12:55:00+05:30,1362.9,1364.3,1360.9,1363.0,14205,0
2026-03-13 13:00:00+05:30,1363.0,1363.6,1361.4,1362.0,9583,0
2026-03-13 13:05:00+05:30,1362.0,1363.8,1361.5,1362.1,11552,0
2026-03-13 13:10:00+05:30,1362.1,1362.9,1359.5,1359.7,16535,0
2026-03-13 13:15:00+05:30,1359.7,1362.7,1359.5,1360.7,10376,0
2026-03-13 13:20:00+05:30,1360.7,1362.4,1357.2,1357.8,26800,0
2026-03-13 13:25:00+05:30,1357.8,1361.4,1357.3,1361.4,13450,0
2026-03-13 13:30:00+05:30,1361.4,1363.8,1359.1,1360.0,18754,0
2026-03-13 13:35:00+05:30,1360.0,1361.1,1358.2,1359.3,15394,0
2026-03-13 13:40:00+05:30,1359.1,1360.2,1358.0,1359.5,12688,0
2026-03-13 13:45:00+05:30,1359.4,1360.2,1356.5,1359.3,29433,0
2026-03-13 13:50:00+05:30,1359.3,1360.7,1356.8,1358.0,16215,0
2026-03-13 13:55:00+05:30,1358.0,1359.6,1356.5,1356.9,20064,0
2026-03-13 14:00:00+05:30,1356.8,1362.0,1356.2,1359.1,23820,0
2026-03-13 14:05:00+05:30,1359.1,1360.2,1356.5,1357.7,36424,0
2026-03-13 14:10:00+05:30,1357.7,1360.2,1356.5,1359.5,36580,0
2026-03-13 14:15:00+05:30,1359.5,1361.5,1357.7,1361.5,50963,0
2026-03-13 14:20:00+05:30,1361.5,1365.0,1361.0,1363.1,63841,0
2026-03-13 14:25:00+05:30,1363.1,1365.0,1361.9,1364.2,82359,0
2026-03-13 14:30:00+05:30,1364.2,1375.0,1363.2,1372.1,66805,0
2026-03-13 14:35:00+05:30,1372.1,1375.5,1369.7,1374.7,67627,0
2026-03-13 14:40:00+05:30,1374.9,1376.0,1373.4,1375.2,48108,0
2026-03-13 14:45:00+05:30,1375.2,1376.6,1371.3,1374.1,67139,0
2026-03-13 14:50:00+05:30,1374.1,1376.1,1364.0,1364.6,65172,0
2026-03-13 14:55:00+05:30,1364.6,1368.0,1362.9,1367.7,95260,0
2026-03-13 15:00:00+05:30,1367.7,1368.9,1363.4,1364.2,108347,0
2026-03-13 15:05:00+05:30,1364.2,1364.2,1360.3,1361.1,106436,0
2026-03-13 15:10:00+05:30,1361.1,1363.7,1360.1,1363.1,100578,0
2026-03-13 15:15:00+05:30,1363.1,1364.9,1360.3,1361.6,119343,0
2026-03-13 15:20:00+05:30,1361.6,1362.9,1358.9,1360.0,103676,0
2026-03-13 15:25:00+05:30,1360.0,1369.9,1359.3,1368.8,78370,0
2026-03-16 09:15:00+05:30,1356.6,1368.7,1347.0,1353.8,129579,0
2026-03-16 09:20:00+05:30,1353.7,1356.5,1350.1,1355.4,46285,0
2026-03-16 09:25:00+05:30,1355.4,1358.8,1349.1,1358.0,52196,0
2026-03-16 09:30:00+05:30,1358.3,1370.8,1358.3,1370.4,62689,0
2026-03-16 09:35:00+05:30,1370.5,1376.6,1369.7,1375.6,40445,0
2026-03-16 09:40:00+05:30,1375.8,1379.8,1375.2,1376.0,21544,0
2026-03-16 09:45:00+05:30,1376.0,1381.4,1375.3,1377.8,28542,0
2026-03-16 09:50:00+05:30,1377.8,1382.0,1376.0,1380.0,38502,0
2026-03-16 09:55:00+05:30,1379.8,1380.0,1374.5,1375.4,20859,0
2026-03-16 10:00:00+05:30,1375.4,1377.1,1372.8,1374.5,24217,0
2026-03-16 10:05:00+05:30,1374.6,1376.4,1371.4,1371.4,14801,0
2026-03-16 10:10:00+05:30,1371.9,1371.9,1368.0,1369.7,23254,0
2026-03-16 10:15:00+05:30,1369.3,1369.3,1365.0,1365.8,17692,0
2026-03-16 10:20:00+05:30,1365.8,1365.8,1362.4,1363.5,26759,0
2026-03-16 10:25:00+05:30,1363.5,1365.4,1360.7,1361.6,20318,0
2026-03-16 10:30:00+05:30,1362.3,1369.1,1361.6,1364.2,26470,0
2026-03-16 10:35:00+05:30,1364.1,1368.1,1363.2,1365.7,16263,0
2026-03-16 10:40:00+05:30,1365.7,1366.0,1361.6,1362.6,28093,0
2026-03-16 10:45:00+05:30,1362.6,1364.6,1360.2,1361.2,39055,0
2026-03-16 10:50:00+05:30,1361.4,1362.2,1355.7,1356.9,30435,0
2026-03-16 10:55:00+05:30,1357.4,1362.6,1354.0,1362.1,30282,0
2026-03-16 11:00:00+05:30,1362.1,1363.8,1360.5,1361.0,25107,0
2026-03-16 11:05:00+05:30,1361.0,1365.7,1360.0,1364.5,23556,0
2026-03-16 11:10:00+05:30,1364.5,1367.2,1362.8,1366.6,21782,0
2026-03-16 11:15:00+05:30,1367.2,1377.1,1365.7,1376.4,51975,0
2026-03-16 11:20:00+05:30,1376.4,1376.6,1373.2,1374.3,17497,0
2026-03-16 11:25:00+05:30,1373.6,1377.8,1373.0,1375.4,22666,0
2026-03-16 11:30:00+05:30,1375.6,1379.0,1374.4,1376.7,14299,0
2026-03-16 11:35:00+05:30,1376.7,1378.3,1374.1,1374.9,12917,0
2026-03-16 11:40:00+05:30,1374.9,1375.2,1371.7,1373.0,18426,0
2026-03-16 11:45:00+05:30,1373.0,1375.5,1372.8,1373.8,50026,0
2026-03-16 11:50:00+05:30,1373.8,1374.6,1371.5,1371.6,10939,0
2026-03-16 11:55:00+05:30,1371.6,1372.8,1369.5,1369.7,24518,0
2026-03-16 12:00:00+05:30,1369.7,1374.0,1369.4,1371.1,27719,0
2026-03-16 12:05:00+05:30,1371.1,1372.1,1370.4,1371.7,9112,0
2026-03-16 12:10:00+05:30,1371.7,1373.8,1370.4,1371.7,16627,0
2026-03-16 12:15:00+05:30,1371.7,1373.0,1370.8,1372.9,15176,0
2026-03-16 12:20:00+05:30,1372.9,1374.5,1371.2,1373.9,34041,0
2026-03-16 12:25:00+05:30,1373.2,1374.4,1370.6,1371.9,23788,0
2026-03-16 12:30:00+05:30,1371.6,1372.0,1367.6,1368.5,17256,0
2026-03-16 12:35:00+05:30,1368.5,1369.8,1364.3,1369.1,46682,0
2026-03-16 12:40:00+05:30,1369.1,1370.4,1366.7,1368.1,41555,0
2026-03-16 12:45:00+05:30,1368.1,1368.1,1362.0,1362.6,48278,0
2026-03-16 12:50:00+05:30,1362.6,1365.6,1361.7,1364.8,20475,0
2026-03-16 12:55:00+05:30,1364.8,1364.8,1361.6,1362.2,17779,0
2026-03-16 13:00:00+05:30,1361.9,1366.3,1361.1,1361.6,34659,0
2026-03-16 13:05:00+05:30,1361.2,1361.2,1356.6,1360.1,70587,0
2026-03-16 13:10:00+05:30,1359.4,1360.6,1355.0,1356.1,46322,0
2026-03-16 13:15:00+05:30,1356.1,1359.2,1355.6,1358.9,21784,0
2026-03-16 13:20:00+05:30,1358.8,1361.5,1358.3,1359.0,18704,0
2026-03-16 13:25:00+05:30,1359.0,1360.1,1357.0,1357.7,13421,0
2026-03-16 13:30:00+05:30,1357.7,1359.5,1356.7,1358.3,17395,0
2026-03-16 13:35:00+05:30,1358.6,1360.8,1358.4,1360.3,12189,0
2026-03-16 13:40:00+05:30,1360.5,1361.1,1356.5,1357.1,12224,0
2026-03-16 13:45:00+05:30,1357.1,1358.5,1355.0,1356.8,34337,0
2026-03-16 13:50:00+05:30,1356.1,1357.9,1355.1,1355.4,26494,0
2026-03-16 13:55:00+05:30,1355.5,1356.3,1352.9,1354.3,40916,0
2026-03-16 14:00:00+05:30,1354.3,1355.5,1352.8,1353.3,25355,0
2026-03-16 14:05:00+05:30,1353.9,1354.9,1353.0,1353.6,13775,0
2026-03-16 14:10:00+05:30,1353.6,1359.4,1352.0,1357.5,44864,0
2026-03-16 14:15:00+05:30,1357.2,1363.8,1355.0,1363.7,34675,0
2026-03-16 14:20:00+05:30,1363.7,1370.0,1363.0,1369.6,112349,0
2026-03-16 14:25:00+05:30,1370.0,1371.6,1365.0,1369.3,86113,0
2026-03-16 14:30:00+05:30,1369.3,1374.0,1367.0,1372.7,105127,0
2026-03-16 14:35:00+05:30,1372.5,1374.8,1370.8,1372.8,123555,0
2026-03-16 14:40:00+05:30,1373.7,1375.0,1370.8,1372.4,110792,0
2026-03-16 14:45:00+05:30,1372.4,1373.3,1370.0,1372.5,69441,0
2026-03-16 14:50:00+05:30,1372.5,1378.4,1370.7,1375.9,123048,0
2026-03-16 14:55:00+05:30,1376.0,1382.9,1374.2,1382.7,136785,0
2026-03-16 15:00:00+05:30,1382.6,1383.1,1373.2,1375.4,195575,0
2026-03-16 15:05:00+05:30,1375.2,1378.5,1374.2,1375.8,92742,0
2026-03-16 15:10:00+05:30,1375.8,1376.1,1372.0,1373.0,118450,0
2026-03-16 15:15:00+05:30,1373.0,1373.2,1366.3,1367.4,78763,0
2026-03-16 15:20:00+05:30,1367.5,1370.0,1366.5,1369.3,85196,0
2026-03-16 15:25:00+05:30,1369.3,1372.4,1364.0,1372.4,65950,0
2026-03-17 09:15:00+05:30,1379.0,1379.0,1361.4,1365.8,84807,0
2026-03-17 09:20:00+05:30,1366.1,1367.0,1361.4,1363.1,32054,0
2026-03-17 09:25:00+05:30,1363.1,1364.8,1358.0,1359.1,34307,0
2026-03-17 09:30:00+05:30,1359.4,1361.5,1356.8,1361.1,28089,0
2026-03-17 09:35:00+05:30,1361.1,1363.9,1360.2,1362.4,29342,0
2026-03-17 09:40:00+05:30,1362.6,1366.5,1361.2,1365.3,24520,0
2026-03-17 09:45:00+05:30,1365.5,1367.3,1363.6,1365.5,20910,0
2026-03-17 09:50:00+05:30,1365.3,1365.3,1360.6,1362.9,20084,0
2026-03-17 09:55:00+05:30,1363.3,1363.9,1360.5,1363.2,14827,0
2026-03-17 10:00:00+05:30,1363.0,1366.2,1363.0,1365.1,13553,0
2026-03-17 10:05:00+05:30,1365.0,1366.7,1365.0,1366.2,19491,0
2026-03-17 10:10:00+05:30,1366.0,1366.8,1363.9,1366.8,14749,0
2026-03-17 10:15:00+05:30,1366.8,1371.3,1366.8,1371.0,29596,0
2026-03-17 10:20:00+05:30,1371.1,1374.1,1369.0,1371.8,21269,0
2026-03-17 10:25:00+05:30,1371.7,1371.8,1365.2,1365.3,21236,0
2026-03-17 10:30:00+05:30,1365.7,1366.7,1362.2,1363.0,17790,0
2026-03-17 10:35:00+05:30,1362.4,1364.5,1361.4,1364.5,14819,0
2026-03-17 10:40:00+05:30,1364.1,1364.5,1361.5,1362.8,14829,0
2026-03-17 10:45:00+05:30,1362.8,1364.9,1361.1,1364.6,26896,0
2026-03-17 10:50:00+05:30,1364.8,1367.1,1363.5,1365.7,20344,0
2026-03-17 10:55:00+05:30,1365.7,1366.7,1363.4,1364.2,11811,0
2026-03-17 11:00:00+05:30,1364.4,1366.1,1363.6,1364.7,12785,0
2026-03-17 11:05:00+05:30,1364.8,1366.2,1361.9,1362.7,14481,0
2026-03-17 11:10:00+05:30,1362.7,1364.2,1360.5,1361.3,17117,0
2026-03-17 11:15:00+05:30,1361.3,1362.0,1358.8,1359.1,37377,0
2026-03-17 11:20:00+05:30,1359.1,1359.7,1357.0,1357.1,21663,0
2026-03-17 11:25:00+05:30,1357.0,1357.7,1353.0,1353.8,42541,0
2026-03-17 11:30:00+05:30,1353.7,1355.4,1353.1,1353.2,25238,0
2026-03-17 11:35:00+05:30,1353.5,1356.7,1352.0,1355.4,22038,0
2026-03-17 11:40:00+05:30,1355.4,1356.7,1354.4,1355.0,17430,0
2026-03-17 11:45:00+05:30,1355.0,1358.7,1355.0,1355.3,11926,0
2026-03-17 11:50:00+05:30,1355.5,1356.9,1353.2,1354.2,28441,0
2026-03-17 11:55:00+05:30,1354.3,1354.6,1351.6,1354.3,14523,0
2026-03-17 12:00:00+05:30,1354.3,1356.2,1353.1,1353.1,60673,0
2026-03-17 12:05:00+05:30,1353.3,1359.4,1353.1,1358.8,80567,0
2026-03-17 12:10:00+05:30,1358.8,1362.7,1358.0,1359.6,53867,0
2026-03-17 12:15:00+05:30,1359.4,1359.4,1353.1,1353.4,23474,0
2026-03-17 12:20:00+05:30,1353.0,1353.8,1352.3,1352.3,13676,0
2026-03-17 12:25:00+05:30,1352.4,1355.0,1352.0,1353.2,16690,0
2026-03-17 12:30:00+05:30,1352.9,1354.5,1351.2,1353.6,17667,0
2026-03-17 12:35:00+05:30,1353.4,1355.4,1353.0,1354.0,12669,0
2026-03-17 12:40:00+05:30,1353.7,1355.5,1352.7,1354.5,13138,0
2026-03-17 12:45:00+05:30,1354.5,1356.7,1354.3,1356.4,20927,0
2026-03-17 12:50:00+05:30,1356.3,1357.2,1354.2,1356.0,15569,0
2026-03-17 12:55:00+05:30,1355.9,1357.3,1354.5,1356.4,24610,0
2026-03-17 13:00:00+05:30,1356.2,1364.9,1355.0,1362.4,50430,0
2026-03-17 13:05:00+05:30,1362.4,1362.4,1359.0,1361.7,35453,0
2026-03-17 13:10:00+05:30,1361.7,1364.0,1361.4,1364.0,15465,0
2026-03-17 13:15:00+05:30,1364.0,1367.6,1363.6,1364.5,30709,0
2026-03-17 13:20:00+05:30,1365.0,1366.8,1362.9,1363.6,40371,0
2026-03-17 13:25:00+05:30,1363.6,1365.0,1363.0,1364.5,16883,0
2026-03-17 13:30:00+05:30,1364.9,1368.8,1363.6,1364.1,46197,0
2026-03-17 13:35:00+05:30,1364.1,1367.1,1363.5,1363.9,79030,0
2026-03-17 13:40:00+05:30,1363.9,1370.1,1363.3,1368.5,96632,0
2026-03-17 13:45:00+05:30,1368.7,1371.5,1368.6,1371.1,30788,0
2026-03-17 13:50:00+05:30,1371.4,1373.3,1371.1,1372.1,20618,0
2026-03-17 13:55:00+05:30,1372.1,1372.8,1370.0,1370.7,17330,0
2026-03-17 14:00:00+05:30,1370.7,1372.8,1370.0,1371.7,27036,0
2026-03-17 14:05:00+05:30,1371.7,1372.1,1370.0,1371.3,36266,0
2026-03-17 14:10:00+05:30,1371.4,1373.0,1370.8,1371.4,27661,0
2026-03-17 14:15:00+05:30,1371.7,1373.0,1370.0,1371.1,35223,0
2026-03-17 14:20:00+05:30,1371.1,1371.9,1367.0,1367.6,67016,0
2026-03-17 14:25:00+05:30,1368.1,1369.4,1366.1,1368.2,20610,0
2026-03-17 14:30:00+05:30,1368.6,1371.4,1368.3,1368.7,37873,0
2026-03-17 14:35:00+05:30,1368.7,1369.3,1366.0,1368.3,32934,0
2026-03-17 14:40:00+05:30,1368.3,1369.3,1366.0,1366.4,32065,0
2026-03-17 14:45:00+05:30,1366.7,1368.2,1364.0,1367.3,48828,0
2026-03-17 14:50:00+05:30,1367.9,1369.9,1367.1,1369.5,39253,0
2026-03-17 14:55:00+05:30,1369.7,1372.0,1369.6,1371.7,38644,0
2026-03-17 15:00:00+05:30,1372.0,1372.2,1364.2,1366.5,83430,0
2026-03-17 15:05:00+05:30,1366.4,1366.9,1363.9,1366.2,67391,0
2026-03-17 15:10:00+05:30,1366.2,1369.0,1365.0,1367.4,70653,0
2026-03-17 15:15:00+05:30,1367.4,1367.7,1362.3,1363.1,135972,0
2026-03-17 15:20:00+05:30,1363.1,1365.6,1362.7,1365.1,107148,0
2026-03-17 15:25:00+05:30,1365.0,1369.0,1364.0,1369.0,83477,0
2026-03-18 09:15:00+05:30,1367.1,1385.0,1367.1,1384.3,82181,0
2026-03-18 09:20:00+05:30,1384.7,1385.6,1379.4,1380.6,49120,0
2026-03-18 09:25:00+05:30,1380.6,1384.0,1378.0,1384.0,19826,0
2026-03-18 09:30:00+05:30,1383.7,1391.6,1383.6,1391.0,74706,0
2026-03-18 09:35:00+05:30,1391.1,1391.2,1388.0,1388.5,18495,0
2026-03-18 09:40:00+05:30,1388.5,1391.7,1387.0,1390.8,28322,0
2026-03-18 09:45:00+05:30,1390.8,1391.9,1387.2,1389.7,23664,0
2026-03-18 09:50:00+05:30,1389.7,1391.3,1388.2,1389.1,11943,0
2026-03-18 09:55:00+05:30,1389.1,1389.1,1384.0,1384.9,18444,0
2026-03-18 10:00:00+05:30,1385.5,1386.2,1376.8,1377.1,26038,0
2026-03-18 10:05:00+05:30,1377.6,1378.8,1375.2,1375.5,20418,0
2026-03-18 10:10:00+05:30,1375.9,1379.3,1375.4,1378.4,17609,0
2026-03-18 10:15:00+05:30,1378.9,1379.6,1378.0,1379.3,15470,0
2026-03-18 10:20:00+05:30,1379.3,1380.4,1378.4,1379.9,8551,0
2026-03-18 10:25:00+05:30,1380.3,1380.3,1378.1,1379.1,8504,0
2026-03-18 10:30:00+05:30,1379.1,1380.3,1377.4,1378.4,17515,0
2026-03-18 10:35:00+05:30,1378.0,1379.5,1376.2,1378.6,12486,0
2026-03-18 10:40:00+05:30,1379.1,1380.3,1378.5,1379.3,10787,0
2026-03-18 10:45:00+05:30,1379.8,1384.2,1379.0,1383.6,29072,0
2026-03-18 10:50:00+05:30,1383.7,1384.6,1382.0,1383.4,9941,0
2026-03-18 10:55:00+05:30,1383.9,1385.0,1383.0,1384.4,10284,0
2026-03-18 11:00:00+05:30,1385.0,1386.8,1383.2,1385.9,15172,0
2026-03-18 11:05:00+05:30,1386.0,1386.0,1383.3,1385.0,7384,0
2026-03-18 11:10:00+05:30,1385.0,1386.6,1383.8,1386.0,13613,0
2026-03-18 11:15:00+05:30,1386.6,1388.5,1385.2,1388.3,17049,0
2026-03-18 11:20:00+05:30,1388.1,1397.4,1388.1,1395.3,90053,0
2026-03-18 11:25:00+05:30,1395.3,1395.8,1391.4,1394.1,28435,0
2026-03-18 11:30:00+05:30,1394.1,1395.8,1393.3,1394.7,14789,0
2026-03-18 11:35:00+05:30,1394.8,1402.0,1394.5,1401.7,51734,0
2026-03-18 11:40:00+05:30,1401.7,1406.1,1401.1,1404.1,43394,0
2026-03-18 11:45:00+05:30,1404.4,1406.0,1403.2,1405.5,33529,0
2026-03-18 11:50:00+05:30,1405.5,1407.5,1404.7,1407.0,15897,0
2026-03-18 11:55:00+05:30,1407.0,1407.5,1397.3,1400.7,69196,0
2026-03-18 12:00:00+05:30,1400.7,1401.2,1398.0,1398.3,20396,0
2026-03-18 12:05:00+05:30,1398.4,1400.6,1396.8,1397.2,15470,0
2026-03-18 12:10:00+05:30,1397.4,1400.5,1397.0,1399.6,15332,0
2026-03-18 12:15:00+05:30,1399.8,1402.4,1399.6,1402.3,24653,0
2026-03-18 12:20:00+05:30,1402.4,1403.0,1400.1,1402.1,13630,0
2026-03-18 12:25:00+05:30,1402.2,1402.3,1398.1,1399.6,24543,0
2026-03-18 12:30:00+05:30,1399.6,1402.0,1399.0,1401.0,25263,0
2026-03-18 12:35:00+05:30,1401.5,1401.7,1399.1,1399.8,12462,0
2026-03-18 12:40:00+05:30,1399.8,1401.7,1395.5,1401.7,51621,0
2026-03-18 12:45:00+05:30,1401.7,1402.7,1400.0,1401.8,31411,0
2026-03-18 12:50:00+05:30,1401.8,1403.7,1401.1,1401.6,11698,0
2026-03-18 12:55:00+05:30,1401.6,1402.6,1400.4,1401.1,9922,0
2026-03-18 13:00:00+05:30,1400.7,1403.8,1400.4,1403.7,9346,0
2026-03-18 13:05:00+05:30,1403.6,1404.0,1401.0,1401.5,7977,0
2026-03-18 13:10:00+05:30,1401.6,1404.0,1400.7,1403.5,11841,0
2026-03-18 13:15:00+05:30,1403.8,1404.0,1401.5,1402.8,17239,0
2026-03-18 13:20:00+05:30,1402.7,1405.0,1402.5,1404.4,13525,0
2026-03-18 13:25:00+05:30,1404.8,1407.5,1403.4,1404.2,25853,0
2026-03-18 13:30:00+05:30,1404.3,1405.7,1402.4,1404.8,13446,0
2026-03-18 13:35:00+05:30,1404.8,1407.0,1404.0,1407.0,15800,0
2026-03-18 13:40:00+05:30,1407.0,1407.5,1404.9,1407.5,13227,0
2026-03-18 13:45:00+05:30,1407.5,1407.8,1406.0,1406.4,10726,0
2026-03-18 13:50:00+05:30,1406.4,1407.0,1404.5,1406.8,5650,0
2026-03-18 13:55:00+05:30,1407.0,1411.1,1405.6,1409.3,31157,0
2026-03-18 14:00:00+05:30,1410.0,1410.8,1406.2,1406.7,20864,0
2026-03-18 14:05:00+05:30,1406.7,1409.3,1406.0,1408.9,29405,0
2026-03-18 14:10:00+05:30,1409.0,1409.9,1408.0,1408.8,18973,0
2026-03-18 14:15:00+05:30,1408.8,1410.6,1408.0,1408.8,17166,0
2026-03-18 14:20:00+05:30,1409.5,1410.4,1408.8,1409.2,14212,0
2026-03-18 14:25:00+05:30,1409.3,1410.7,1405.7,1406.7,25072,0
2026-03-18 14:30:00+05:30,1407.1,1408.3,1401.7,1401.7,26966,0
2026-03-18 14:35:00+05:30,1402.4,1404.6,1400.2,1402.1,30901,0
2026-03-18 14:40:00+05:30,1402.1,1403.6,1400.2,1400.4,25206,0
2026-03-18 14:45:00+05:30,1400.8,1403.6,1400.3,1402.9,30586,0
2026-03-18 14:50:00+05:30,1402.9,1404.9,1400.7,1401.7,22105,0
2026-03-18 14:55:00+05:30,1401.5,1405.2,1401.1,1404.8,24401,0
2026-03-18 15:00:00+05:30,1404.8,1406.0,1401.0,1404.1,45920,0
2026-03-18 15:05:00+05:30,1404.0,1404.6,1402.3,1403.2,39040,0
2026-03-18 15:10:00+05:30,1403.2,1403.3,1401.6,1402.8,39558,0
2026-03-18 15:15:00+05:30,1402.8,1404.7,1402.0,1403.2,56946,0
2026-03-18 15:20:00+05:30,1403.2,1403.4,1397.9,1400.0,87447,0
2026-03-18 15:25:00+05:30,1400.0,1402.9,1397.0,1401.8,55802,0
2026-03-19 09:15:00+05:30,1377.0,1379.6,1363.0,1369.6,165511,0
2026-03-19 09:20:00+05:30,1369.7,1371.6,1365.7,1368.0,50719,0
2026-03-19 09:25:00+05:30,1368.6,1374.6,1364.3,1371.4,89613,0
2026-03-19 09:30:00+05:30,1371.3,1371.8,1368.2,1370.0,45139,0
2026-03-19 09:35:00+05:30,1369.6,1370.8,1366.2,1367.9,37466,0
2026-03-19 09:40:00+05:30,1367.9,1371.7,1367.5,1371.5,34996,0
2026-03-19 09:45:00+05:30,1371.2,1372.0,1368.0,1368.7,31915,0
2026-03-19 09:50:00+05:30,1368.4,1372.5,1367.9,1370.3,24224,0
2026-03-19 09:55:00+05:30,1370.8,1372.0,1367.5,1369.2,17978,0
2026-03-19 10:00:00+05:30,1369.2,1370.0,1367.1,1369.3,25624,0
2026-03-19 10:05:00+05:30,1369.3,1370.0,1366.7,1369.8,20978,0
2026-03-19 10:10:00+05:30,1369.8,1371.7,1368.0,1369.9,10638,0
2026-03-19 10:15:00+05:30,1369.2,1370.4,1366.3,1369.0,24828,0
2026-03-19 10:20:00+05:30,1368.7,1371.3,1368.1,1371.0,20603,0
2026-03-19 10:25:00+05:30,1371.0,1371.9,1370.0,1370.6,14629,0
2026-03-19 10:30:00+05:30,1370.5,1372.0,1370.0,1370.1,16024,0
2026-03-19 10:35:00+05:30,1370.2,1372.7,1370.0,1371.4,16169,0
2026-03-19 10:40:00+05:30,1371.6,1372.2,1369.0,1371.2,13106,0
2026-03-19 10:45:00+05:30,1371.7,1371.7,1368.5,1368.6,10341,0
2026-03-19 10:50:00+05:30,1368.5,1370.6,1368.5,1369.9,9403,0
2026-03-19 10:55:00+05:30,1369.9,1370.0,1367.0,1367.0,16234,0
2026-03-19 11:00:00+05:30,1367.1,1368.0,1366.0,1367.7,24984,0
2026-03-19 11:05:00+05:30,1367.7,1368.4,1365.2,1365.9,24377,0
2026-03-19 11:10:00+05:30,1365.4,1367.1,1363.0,1363.8,50939,0
2026-03-19 11:15:00+05:30,1363.7,1366.0,1362.0,1366.0,37670,0
2026-03-19 11:20:00+05:30,1366.0,1368.6,1365.1,1367.1,36007,0
2026-03-19 11:25:00+05:30,1367.2,1367.2,1363.4,1364.3,14700,0
2026-03-19 11:30:00+05:30,1364.3,1368.0,1363.8,1367.9,33927,0
2026-03-19 11:35:00+05:30,1367.9,1369.1,1367.2,1368.1,10221,0
2026-03-19 11:40:00+05:30,1368.0,1368.0,1365.3,1365.8,9579,0
2026-03-19 11:45:00+05:30,1365.8,1367.6,1365.3,1367.5,17018,0
2026-03-19 11:50:00+05:30,1367.6,1367.7,1366.0,1366.8,22807,0
2026-03-19 11:55:00+05:30,1366.8,1370.0,1365.1,1369.8,21762,0
2026-03-19 12:00:00+05:30,1369.9,1370.0,1363.7,1364.3,21160,0
2026-03-19 12:05:00+05:30,1364.1,1365.8,1363.5,1364.6,15068,0
2026-03-19 12:10:00+05:30,1365.0,1367.7,1364.1,1367.6,8647,0
2026-03-19 12:15:00+05:30,1367.5,1369.0,1366.7,1367.9,9688,0
2026-03-19 12:20:00+05:30,1367.9,1367.9,1364.0,1365.5,11018,0
2026-03-19 12:25:00+05:30,1365.5,1366.9,1364.9,1365.7,6428,0
2026-03-19 12:30:00+05:30,1365.7,1367.0,1365.0,1365.8,5777,0
2026-03-19 12:35:00+05:30,1366.4,1367.4,1365.6,1366.3,5519,0
2026-03-19 12:40:00+05:30,1366.3,1366.4,1363.5,1364.0,10540,0
2026-03-19 12:45:00+05:30,1364.0,1367.0,1363.7,1366.9,8960,0
2026-03-19 12:50:00+05:30,1366.6,1367.9,1366.0,1367.3,7507,0
2026-03-19 12:55:00+05:30,1367.5,1367.7,1365.0,1365.8,6723,0
2026-03-19 13:00:00+05:30,1365.8,1366.2,1363.7,1364.0,9235,0
2026-03-19 13:05:00+05:30,1364.0,1364.0,1362.0,1363.5,22065,0
2026-03-19 13:10:00+05:30,1363.4,1365.5,1362.0,1362.4,16578,0
2026-03-19 13:15:00+05:30,1362.3,1364.1,1360.0,1362.2,31057,0
2026-03-19 13:20:00+05:30,1362.2,1363.0,1361.0,1362.0,11013,0
2026-03-19 13:25:00+05:30,1361.9,1363.1,1360.9,1362.2,30273,0
2026-03-19 13:30:00+05:30,1362.0,1363.5,1360.8,1361.0,13162,0
2026-03-19 13:35:00+05:30,1361.1,1362.9,1360.2,1362.9,16069,0
2026-03-19 13:40:00+05:30,1362.9,1365.0,1361.1,1364.3,14476,0
2026-03-19 13:45:00+05:30,1364.2,1365.5,1364.0,1365.3,12910,0
2026-03-19 13:50:00+05:30,1365.4,1366.9,1364.9,1366.9,17857,0
2026-03-19 13:55:00+05:30,1366.9,1368.4,1364.5,1365.6,49003,0
2026-03-19 14:00:00+05:30,1366.0,1368.9,1365.0,1366.3,68654,0
2026-03-19 14:05:00+05:30,1366.5,1367.0,1365.2,1365.8,26964,0
2026-03-19 14:10:00+05:30,1365.6,1366.4,1364.0,1365.4,39006,0
2026-03-19 14:15:00+05:30,1366.0,1366.2,1364.2,1365.8,15914,0
2026-03-19 14:20:00+05:30,1365.8,1365.8,1364.0,1365.1,7668,0
2026-03-19 14:25:00+05:30,1365.0,1365.1,1362.5,1362.9,26887,0
2026-03-19 14:30:00+05:30,1362.9,1365.3,1360.5,1363.7,42782,0
2026-03-19 14:35:00+05:30,1363.7,1367.6,1362.8,1366.1,81432,0
2026-03-19 14:40:00+05:30,1366.2,1367.7,1362.7,1364.5,57463,0
2026-03-19 14:45:00+05:30,1364.5,1365.1,1360.5,1361.4,22450,0
2026-03-19 14:50:00+05:30,1361.4,1361.4,1358.1,1358.6,46897,0
2026-03-19 14:55:00+05:30,1358.9,1360.7,1354.6,1355.3,60844,0
2026-03-19 15:00:00+05:30,1355.8,1359.7,1352.8,1356.5,48795,0
2026-03-19 15:05:00+05:30,1356.5,1356.6,1353.1,1354.0,51080,0
2026-03-19 15:10:00+05:30,1354.1,1355.5,1350.5,1352.0,45940,0
2026-03-19 15:15:00+05:30,1352.4,1358.0,1351.4,1357.1,61119,0
2026-03-19 15:20:00+05:30,1357.1,1360.7,1356.9,1360.5,49616,0
2026-03-19 15:25:00+05:30,1359.9,1360.8,1355.0,1360.0,46177,0
2026-03-20 09:15:00+05:30,1364.9,1378.5,1362.4,1372.9,203433,0
2026-03-20 09:20:00+05:30,1372.9,1375.4,1367.2,1369.5,82864,0
2026-03-20 09:25:00+05:30,1370.0,1375.4,1368.1,1375.0,70809,0
2026-03-20 09:30:00+05:30,1375.0,1381.3,1374.0,1381.1,69668,0
2026-03-20 09:35:00+05:30,1381.3,1381.6,1377.1,1379.1,19733,0
2026-03-20 09:40:00+05:30,1379.2,1380.0,1376.2,1377.0,14239,0
2026-03-20 09:45:00+05:30,1377.0,1377.5,1373.0,1373.6,15033,0
2026-03-20 09:50:00+05:30,1373.9,1378.2,1373.4,1377.6,16837,0
2026-03-20 09:55:00+05:30,1377.6,1380.5,1377.0,1378.5,21249,0
2026-03-20 10:00:00+05:30,1378.5,1379.0,1374.5,1377.6,17239,0
2026-03-20 10:05:00+05:30,1377.6,1379.0,1377.1,1378.6,16261,0
2026-03-20 10:10:00+05:30,1378.6,1380.2,1377.7,1378.7,8778,0
2026-03-20 10:15:00+05:30,1378.2,1378.7,1373.1,1375.0,10841,0
2026-03-20 10:20:00+05:30,1375.0,1377.1,1374.1,1376.0,12064,0
2026-03-20 10:25:00+05:30,1376.0,1377.6,1374.7,1376.9,10237,0
2026-03-20 10:30:00+05:30,1376.9,1378.0,1376.1,1377.6,10750,0
2026-03-20 10:35:00+05:30,1377.8,1379.2,1376.3,1377.6,13071,0
2026-03-20 10:40:00+05:30,1377.6,1378.0,1376.1,1376.2,13977,0
2026-03-20 10:45:00+05:30,1376.6,1379.3,1375.7,1378.7,60578,0
2026-03-20 10:50:00+05:30,1378.7,1381.0,1377.2,1379.0,49426,0
2026-03-20 10:55:00+05:30,1379.0,1379.1,1376.1,1377.4,11058,0
2026-03-20 11:00:00+05:30,1377.4,1378.0,1375.6,1375.6,11835,0
2026-03-20 11:05:00+05:30,1375.8,1377.5,1375.1,1376.9,6524,0
2026-03-20 11:10:00+05:30,1376.9,1379.5,1374.8,1379.3,16592,0
2026-03-20 11:15:00+05:30,1379.3,1386.9,1378.5,1385.6,32436,0
2026-03-20 11:20:00+05:30,1386.0,1393.1,1385.4,1392.8,58360,0
2026-03-20 11:25:00+05:30,1392.8,1393.5,1388.2,1389.6,14046,0
2026-03-20 11:30:00+05:30,1389.6,1391.2,1387.9,1388.9,15198,0
2026-03-20 11:35:00+05:30,1388.9,1389.5,1385.7,1386.4,8095,0
2026-03-20 11:40:00+05:30,1386.4,1386.5,1383.4,1384.8,11417,0
2026-03-20 11:45:00+05:30,1384.7,1385.0,1383.5,1384.6,8418,0
2026-03-20 11:50:00+05:30,1384.7,1384.8,1380.6,1380.6,9838,0
2026-03-20 11:55:00+05:30,1380.6,1380.6,1376.0,1377.9,20912,0
2026-03-20 12:00:00+05:30,1378.2,1379.4,1371.8,1374.9,21386,0
2026-03-20 12:05:00+05:30,1374.9,1375.0,1372.7,1373.8,10453,0
2026-03-20 12:10:00+05:30,1373.8,1375.9,1373.0,1374.5,8556,0
2026-03-20 12:15:00+05:30,1375.3,1375.3,1371.5,1371.6,8985,0
2026-03-20 12:20:00+05:30,1371.6,1371.7,1367.9,1368.2,13015,0
2026-03-20 12:25:00+05:30,1368.1,1369.0,1366.0,1368.4,17096,0
2026-03-20 12:30:00+05:30,1368.3,1369.9,1365.1,1369.8,14363,0
2026-03-20 12:35:00+05:30,1369.8,1372.2,1369.0,1371.0,12937,0
2026-03-20 12:40:00+05:30,1371.9,1374.4,1370.8,1373.0,9872,0
2026-03-20 12:45:00+05:30,1373.2,1373.3,1371.6,1372.3,9091,0
2026-03-20 12:50:00+05:30,1372.3,1374.0,1370.1,1373.1,9828,0
2026-03-20 12:55:00+05:30,1373.1,1374.0,1371.2,1371.5,7915,0
2026-03-20 13:00:00+05:30,1371.2,1373.8,1370.0,1373.3,8520,0
2026-03-20 13:05:00+05:30,1373.3,1374.4,1371.7,1373.5,7725,0
2026-03-20 13:10:00+05:30,1373.2,1373.2,1371.8,1372.7,7062,0
2026-03-20 13:15:00+05:30,1372.7,1377.2,1372.3,1373.8,14505,0
2026-03-20 13:20:00+05:30,1373.8,1376.7,1372.9,1375.7,10623,0
2026-03-20 13:25:00+05:30,1376.3,1379.0,1375.4,1376.5,31173,0
2026-03-20 13:30:00+05:30,1376.5,1378.1,1374.2,1374.2,8321,0
2026-03-20 13:35:00+05:30,1374.8,1377.0,1374.1,1376.6,24170,0
2026-03-20 13:40:00+05:30,1376.5,1376.5,1372.2,1372.2,10371,0
2026-03-20 13:45:00+05:30,1372.5,1372.5,1370.0,1370.6,13160,0
2026-03-20 13:50:00+05:30,1370.6,1372.0,1370.0,1371.6,11610,0
2026-03-20 13:55:00+05:30,1371.6,1372.0,1368.8,1369.4,9833,0
2026-03-20 14:00:00+05:30,1369.4,1372.7,1368.5,1372.4,14051,0
2026-03-20 14:05:00+05:30,1372.3,1373.6,1369.1,1371.1,9363,0
2026-03-20 14:10:00+05:30,1371.0,1371.6,1368.0,1368.5,15344,0
2026-03-20 14:15:00+05:30,1368.6,1368.8,1366.9,1368.6,9616,0
2026-03-20 14:20:00+05:30,1369.1,1369.2,1366.1,1367.5,11580,0
2026-03-20 14:25:00+05:30,1367.4,1368.1,1365.9,1367.3,14394,0
2026-03-20 14:30:00+05:30,1367.3,1368.9,1365.7,1368.0,10433,0
2026-03-20 14:35:00+05:30,1368.0,1368.0,1362.6,1364.0,27283,0
2026-03-20 14:40:00+05:30,1364.0,1364.0,1359.3,1361.0,30362,0
2026-03-20 14:45:00+05:30,1361.2,1362.3,1359.8,1361.0,16286,0
2026-03-20 14:50:00+05:30,1361.0,1362.6,1358.0,1360.9,30389,0
2026-03-20 14:55:00+05:30,1360.9,1362.0,1359.7,1361.8,22368,0
2026-03-20 15:00:00+05:30,1361.8,1366.6,1361.2,1363.4,472203,0
2026-03-20 15:05:00+05:30,1363.4,1366.1,1362.0,1363.4,416689,0
2026-03-20 15:10:00+05:30,1363.3,1368.7,1362.3,1366.7,476272,0
2026-03-20 15:15:00+05:30,1366.7,1367.1,1362.8,1365.1,485821,0
2026-03-20 15:20:00+05:30,1365.9,1369.9,1365.1,1368.8,502198,0
2026-03-20 15:25:00+05:30,1368.8,1371.4,1365.1,1368.0,386207,0
2026-03-23 09:15:00+05:30,1350.0,1350.0,1330.2,1335.0,85215,0
2026-03-23 09:20:00+05:30,1335.0,1339.2,1331.0,1334.9,45761,0
2026-03-23 09:25:00+05:30,1334.7,1337.2,1332.0,1332.0,31475,0
2026-03-23 09:30:00+05:30,1332.0,1335.0,1330.5,1332.5,34516,0
2026-03-23 09:35:00+05:30,1332.5,1334.7,1331.0,1331.3,14755,0
2026-03-23 09:40:00+05:30,1331.2,1332.1,1321.0,1323.5,113904,0
2026-03-23 09:45:00+05:30,1323.6,1323.8,1317.3,1317.3,76100,0
2026-03-23 09:50:00+05:30,1317.5,1318.0,1312.0,1312.6,105035,0
2026-03-23 09:55:00+05:30,1312.3,1313.5,1310.09,1310.7,60287,0
2026-03-23 10:00:00+05:30,1310.7,1311.7,1308.8,1311.2,50980,0
2026-03-23 10:05:00+05:30,1311.6,1312.5,1306.0,1306.59,57883,0
2026-03-23 10:10:00+05:30,1306.59,1306.59,1298.5,1300.9,132654,0
2026-03-23 10:15:00+05:30,1301.0,1304.09,1300.5,1302.2,41125,0
2026-03-23 10:20:00+05:30,1302.5,1306.5,1301.4,1302.09,65147,0
2026-03-23 10:25:00+05:30,1302.09,1304.5,1299.0,1299.9,68653,0
2026-03-23 10:30:00+05:30,1299.9,1301.2,1298.09,1300.3,31876,0
2026-03-23 10:35:00+05:30,1300.3,1304.9,1299.7,1299.8,49311,0
2026-03-23 10:40:00+05:30,1300.3,1301.5,1298.59,1300.3,73649,0
2026-03-23 10:45:00+05:30,1300.3,1302.59,1299.2,1301.4,24755,0
2026-03-23 10:50:00+05:30,1301.4,1301.5,1297.0,1298.2,46189,0
2026-03-23 10:55:00+05:30,1298.2,1299.4,1296.5,1296.8,27236,0
2026-03-23 11:00:00+05:30,1296.5,1299.09,1293.5,1298.9,40568,0
2026-03-23 11:05:00+05:30,1298.9,1303.3,1296.09,1301.3,30081,0
2026-03-23 11:10:00+05:30,1301.7,1301.7,1296.5,1298.7,24766,0
2026-03-23 11:15:00+05:30,1298.7,1298.7,1293.8,1295.4,31102,0
2026-03-23 11:20:00+05:30,1295.4,1298.5,1294.2,1297.59,28845,0
2026-03-23 11:25:00+05:30,1297.8,1299.9,1295.9,1299.09,36125,0
2026-03-23 11:30:00+05:30,1299.3,1303.7,1297.7,1301.9,37556,0
2026-03-23 11:35:00+05:30,1301.8,1304.59,1300.5,1303.8,25666,0
2026-03-23 11:40:00+05:30,1303.8,1308.7,1303.3,1304.4,77876,0
2026-03-23 11:45:00+05:30,1304.4,1307.0,1303.2,1305.09,44256,0
2026-03-23 11:50:00+05:30,1305.2,1309.5,1304.5,1309.2,61882,0
2026-03-23 11:55:00+05:30,1309.2,1312.0,1307.0,1310.8,58191,0
2026-03-23 12:00:00+05:30,1310.9,1311.4,1306.59,1307.3,18313,0
2026-03-23 12:05:00+05:30,1307.3,1307.9,1304.8,1307.59,18821,0
2026-03-23 12:10:00+05:30,1307.59,1311.7,1307.0,1308.4,21521,0
2026-03-23 12:15:00+05:30,1308.4,1308.4,1303.3,1305.3,17088,0
2026-03-23 12:20:00+05:30,1305.3,1305.7,1302.0,1303.0,17445,0
2026-03-23 12:25:00+05:30,1302.7,1306.3,1301.4,1305.7,22874,0
2026-03-23 12:30:00+05:30,1305.5,1308.4,1305.0,1306.8,16766,0
2026-03-23 12:35:00+05:30,1306.7,1310.3,1305.2,1307.2,26817,0
2026-03-23 12:40:00+05:30,1307.2,1309.8,1305.9,1308.59,17601,0
2026-03-23 12:45:00+05:30,1308.8,1309.9,1307.3,1308.8,15079,0
2026-03-23 12:50:00+05:30,1308.7,1308.9,1303.7,1304.4,15888,0
2026-03-23 12:55:00+05:30,1304.4,1305.0,1302.2,1304.2,14935,0
2026-03-23 13:00:00+05:30,1304.2,1304.7,1302.59,1302.9,17734,0
2026-03-23 13:05:00+05:30,1302.9,1305.8,1302.0,1303.0,15631,0
2026-03-23 13:10:00+05:30,1303.0,1305.59,1302.09,1305.5,16714,0
2026-03-23 13:15:00+05:30,1305.59,1308.0,1305.59,1305.7,16437,0
2026-03-23 13:20:00+05:30,1305.7,1307.9,1304.2,1307.4,12142,0
2026-03-23 13:25:00+05:30,1307.4,1308.0,1304.4,1305.09,15295,0
2026-03-23 13:30:00+05:30,1305.09,1308.4,1304.7,1306.8,15124,0
2026-03-23 13:35:00+05:30,1306.8,1308.2,1305.2,1306.5,16214,0
2026-03-23 13:40:00+05:30,1306.5,1308.9,1304.0,1307.9,20787,0
2026-03-23 13:45:00+05:30,1307.8,1313.7,1307.0,1313.3,46188,0
2026-03-23 13:50:00+05:30,1312.8,1315.6,1311.1,1313.2,45198,0
2026-03-23 13:55:00+05:30,1313.2,1315.0,1312.4,1313.0,37995,0
2026-03-23 14:00:00+05:30,1313.3,1318.5,1312.5,1314.8,51858,0
2026-03-23 14:05:00+05:30,1314.6,1315.1,1308.3,1310.8,38336,0
2026-03-23 14:10:00+05:30,1310.4,1312.8,1309.0,1309.09,23471,0
2026-03-23 14:15:00+05:30,1309.09,1311.9,1308.3,1310.5,22396,0
2026-03-23 14:20:00+05:30,1311.0,1313.0,1309.8,1310.2,18036,0
2026-03-23 14:25:00+05:30,1310.0,1312.5,1307.2,1308.2,38651,0
2026-03-23 14:30:00+05:30,1308.59,1308.9,1302.8,1303.7,47141,0
2026-03-23 14:35:00+05:30,1303.09,1307.3,1302.9,1303.9,30548,0
2026-03-23 14:40:00+05:30,1303.7,1308.8,1302.3,1307.3,44276,0
2026-03-23 14:45:00+05:30,1307.2,1310.0,1306.59,1309.59,36302,0
2026-03-23 14:50:00+05:30,1309.7,1311.7,1307.09,1307.8,79941,0
2026-03-23 14:55:00+05:30,1307.8,1308.5,1305.2,1307.2,42676,0
2026-03-23 15:00:00+05:30,1307.59,1309.9,1303.5,1303.59,81439,0
2026-03-23 15:05:00+05:30,1303.59,1305.4,1301.0,1301.5,195211,0
2026-03-23 15:10:00+05:30,1301.59,1303.0,1300.09,1302.8,99944,0
2026-03-23 15:15:00+05:30,1302.5,1305.7,1301.0,1302.2,116172,0
2026-03-23 15:20:00+05:30,1302.09,1306.0,1301.2,1304.8,105508,0
2026-03-23 15:25:00+05:30,1304.5,1307.0,1303.09,1307.0,52854,0
2026-03-24 09:15:00+05:30,1343.0,1343.0,1318.7,1320.9,232768,0
2026-03-24 09:20:00+05:30,1321.0,1332.0,1320.8,1331.4,69267,0
2026-03-24 09:25:00+05:30,1331.2,1336.5,1330.4,1333.7,45577,0
2026-03-24 09:30:00+05:30,1333.7,1342.0,1332.1,1339.0,84044,0
2026-03-24 09:35:00+05:30,1339.0,1339.0,1330.0,1330.6,49931,0
2026-03-24 09:40:00+05:30,1330.6,1332.9,1327.3,1328.8,38769,0
2026-03-24 09:45:00+05:30,1329.3,1329.6,1326.0,1326.6,41627,0
2026-03-24 09:50:00+05:30,1326.2,1332.5,1326.0,1331.0,43135,0
2026-03-24 09:55:00+05:30,1331.0,1334.0,1330.1,1331.3,25868,0
2026-03-24 10:00:00+05:30,1331.8,1332.7,1326.5,1326.9,66625,0
2026-03-24 10:05:00+05:30,1326.9,1328.3,1325.0,1326.6,23179,0
2026-03-24 10:10:00+05:30,1326.2,1328.6,1323.0,1325.7,38156,0
2026-03-24 10:15:00+05:30,1325.2,1335.9,1324.7,1331.8,264652,0
2026-03-24 10:20:00+05:30,1331.4,1332.6,1329.9,1332.0,30452,0
2026-03-24 10:25:00+05:30,1332.0,1332.4,1325.1,1327.2,27552,0
2026-03-24 10:30:00+05:30,1327.3,1327.3,1320.5,1321.3,35306,0
2026-03-24 10:35:00+05:30,1321.2,1323.0,1318.7,1319.4,64283,0
2026-03-24 10:40:00+05:30,1319.7,1325.9,1319.0,1324.7,35665,0
2026-03-24 10:45:00+05:30,1324.7,1331.4,1321.9,1326.4,62169,0
2026-03-24 10:50:00+05:30,1326.5,1327.2,1316.4,1318.2,36737,0
2026-03-24 10:55:00+05:30,1317.9,1319.1,1313.6,1315.0,39304,0
2026-03-24 11:00:00+05:30,1315.0,1318.0,1314.0,1315.5,29004,0
2026-03-24 11:05:00+05:30,1315.7,1320.2,1314.0,1318.9,16365,0
2026-03-24 11:10:00+05:30,1318.9,1321.4,1316.1,1317.6,17095,0
2026-03-24 11:15:00+05:30,1318.0,1320.0,1316.8,1319.5,18922,0
2026-03-24 11:20:00+05:30,1319.5,1321.5,1318.2,1319.1,33291,0
2026-03-24 11:25:00+05:30,1319.1,1321.3,1318.0,1320.0,10207,0
2026-03-24 11:30:00+05:30,1319.7,1323.6,1319.7,1322.6,11060,0
2026-03-24 11:35:00+05:30,1322.1,1325.0,1321.7,1323.8,17998,0
2026-03-24 11:40:00+05:30,1324.0,1328.9,1322.1,1328.4,46478,0
2026-03-24 11:45:00+05:30,1328.4,1332.0,1327.6,1330.0,21588,0
2026-03-24 11:50:00+05:30,1329.7,1332.4,1328.5,1331.1,23240,0
2026-03-24 11:55:00+05:30,1331.5,1337.7,1331.1,1334.9,27648,0
2026-03-24 12:00:00+05:30,1335.0,1336.7,1331.4,1332.8,20656,0
2026-03-24 12:05:00+05:30,1333.0,1333.0,1330.2,1330.5,16061,0
2026-03-24 12:10:00+05:30,1330.5,1332.1,1328.6,1329.2,14316,0
2026-03-24 12:15:00+05:30,1328.8,1332.0,1328.4,1329.3,17340,0
2026-03-24 12:20:00+05:30,1329.3,1344.4,1328.4,1344.4,63811,0
2026-03-24 12:25:00+05:30,1344.3,1349.8,1341.0,1344.3,67679,0
2026-03-24 12:30:00+05:30,1343.8,1350.0,1342.7,1348.9,33313,0
2026-03-24 12:35:00+05:30,1349.2,1354.9,1349.2,1353.5,64000,0
2026-03-24 12:40:00+05:30,1353.1,1357.0,1352.0,1353.0,44387,0
2026-03-24 12:45:00+05:30,1353.5,1359.9,1353.5,1359.3,52278,0
2026-03-24 12:50:00+05:30,1359.8,1361.0,1355.2,1356.4,51495,0
2026-03-24 12:55:00+05:30,1356.5,1358.1,1350.5,1357.1,42950,0
2026-03-24 13:00:00+05:30,1357.1,1358.9,1350.1,1353.4,44053,0
2026-03-24 13:05:00+05:30,1353.4,1353.9,1350.1,1351.2,31718,0
2026-03-24 13:10:00+05:30,1351.1,1355.0,1350.6,1353.2,24588,0
2026-03-24 13:15:00+05:30,1353.2,1353.6,1350.5,1353.3,13838,0
2026-03-24 13:20:00+05:30,1352.9,1354.0,1351.0,1351.6,13541,0
2026-03-24 13:25:00+05:30,1351.6,1354.0,1351.1,1353.6,13830,0
2026-03-24 13:30:00+05:30,1353.4,1356.4,1351.7,1355.5,34435,0
2026-03-24 13:35:00+05:30,1356.3,1358.6,1353.0,1354.3,30587,0
2026-03-24 13:40:00+05:30,1354.6,1357.0,1353.6,1354.0,16511,0
2026-03-24 13:45:00+05:30,1354.4,1355.2,1346.6,1346.9,28918,0
2026-03-24 13:50:00+05:30,1346.8,1348.3,1345.0,1345.6,33338,0
2026-03-24 13:55:00+05:30,1345.6,1347.7,1345.6,1347.5,23704,0
2026-03-24 14:00:00+05:30,1347.1,1349.0,1345.0,1345.8,25854,0
2026-03-24 14:05:00+05:30,1346.0,1347.1,1343.4,1344.7,19803,0
2026-03-24 14:10:00+05:30,1344.4,1347.2,1343.7,1346.4,17121,0
2026-03-24 14:15:00+05:30,1346.5,1351.7,1346.5,1348.0,22725,0
2026-03-24 14:20:00+05:30,1348.0,1349.3,1342.9,1345.3,20549,0
2026-03-24 14:25:00+05:30,1345.3,1346.5,1343.0,1344.1,26384,0
2026-03-24 14:30:00+05:30,1344.1,1346.0,1342.6,1344.6,15664,0
2026-03-24 14:35:00+05:30,1345.0,1345.8,1338.5,1341.6,62431,0
2026-03-24 14:40:00+05:30,1341.7,1345.4,1339.5,1342.4,51820,0
2026-03-24 14:45:00+05:30,1342.4,1344.0,1341.0,1342.8,33154,0
2026-03-24 14:50:00+05:30,1343.0,1344.5,1340.7,1343.4,29092,0
2026-03-24 14:55:00+05:30,1343.4,1347.0,1342.6,1345.4,25597,0
2026-03-24 15:00:00+05:30,1345.3,1345.7,1340.9,1344.5,54206,0
2026-03-24 15:05:00+05:30,1344.6,1347.0,1343.4,1345.5,44374,0
2026-03-24 15:10:00+05:30,1345.3,1347.1,1344.3,1344.6,65091,0
2026-03-24 15:15:00+05:30,1344.6,1345.0,1342.7,1344.7,62871,0
2026-03-24 15:20:00+05:30,1344.2,1345.1,1341.8,1343.4,73114,0
2026-03-24 15:25:00+05:30,1343.4,1345.0,1342.9,1345.0,56620,0
2026-03-25 09:15:00+05:30,1359.7,1372.9,1354.8,1372.6,136899,0
2026-03-25 09:20:00+05:30,1373.0,1379.8,1371.4,1379.2,92840,0
2026-03-25 09:25:00+05:30,1379.0,1384.4,1378.1,1383.5,104058,0
2026-03-25 09:30:00+05:30,1383.4,1384.5,1380.0,1381.3,43066,0
2026-03-25 09:35:00+05:30,1381.5,1384.0,1379.0,1383.4,39454,0
2026-03-25 09:40:00+05:30,1383.5,1389.0,1381.2,1387.6,39410,0
2026-03-25 09:45:00+05:30,1387.6,1390.0,1386.0,1388.5,27738,0
2026-03-25 09:50:00+05:30,1388.4,1391.0,1386.3,1388.2,54530,0
2026-03-25 09:55:00+05:30,1388.2,1391.0,1387.6,1391.0,53487,0
2026-03-25 10:00:00+05:30,1391.0,1392.4,1387.8,1388.5,29028,0
2026-03-25 10:05:00+05:30,1388.4,1389.2,1385.1,1386.8,25834,0
2026-03-25 10:10:00+05:30,1386.4,1391.0,1385.9,1388.0,17802,0
2026-03-25 10:15:00+05:30,1388.4,1392.0,1386.4,1387.1,65893,0
2026-03-25 10:20:00+05:30,1387.4,1388.0,1386.0,1386.6,17724,0
2026-03-25 10:25:00+05:30,1387.2,1387.5,1383.5,1384.9,30967,0
2026-03-25 10:30:00+05:30,1384.9,1387.0,1384.2,1385.6,22743,0
2026-03-25 10:35:00+05:30,1385.6,1385.9,1381.8,1382.7,24891,0
2026-03-25 10:40:00+05:30,1383.0,1388.1,1382.2,1388.1,14220,0
2026-03-25 10:45:00+05:30,1388.1,1389.2,1386.9,1388.0,21466,0
2026-03-25 10:50:00+05:30,1388.0,1391.0,1387.8,1390.5,19774,0
2026-03-25 10:55:00+05:30,1390.0,1390.8,1387.2,1388.4,10058,0
2026-03-25 11:00:00+05:30,1388.4,1389.7,1387.5,1387.9,15745,0
2026-03-25 11:05:00+05:30,1388.1,1392.0,1388.1,1391.0,17503,0
2026-03-25 11:10:00+05:30,1391.3,1392.0,1390.3,1391.7,9023,0
2026-03-25 11:15:00+05:30,1391.7,1392.7,1389.1,1389.9,19184,0
2026-03-25 11:20:00+05:30,1389.9,1390.7,1384.3,1385.2,25073,0
2026-03-25 11:25:00+05:30,1385.4,1387.0,1384.0,1386.3,17024,0
2026-03-25 11:30:00+05:30,1386.3,1387.5,1385.1,1385.3,15188,0
2026-03-25 11:35:00+05:30,1385.4,1385.4,1380.0,1381.4,32258,0
2026-03-25 11:40:00+05:30,1381.6,1382.9,1380.0,1381.7,23893,0
2026-03-25 11:45:00+05:30,1381.7,1384.6,1381.1,1382.4,18880,0
2026-03-25 11:50:00+05:30,1382.7,1385.5,1382.4,1384.8,11269,0
2026-03-25 11:55:00+05:30,1384.7,1385.8,1383.1,1384.1,11513,0
2026-03-25 12:00:00+05:30,1384.2,1385.8,1382.5,1384.9,40597,0
2026-03-25 12:05:00+05:30,1384.9,1385.2,1382.0,1382.7,11043,0
2026-03-25 12:10:00+05:30,1382.7,1384.9,1382.2,1384.8,8942,0
2026-03-25 12:15:00+05:30,1384.8,1386.6,1383.7,1385.6,11536,0
2026-03-25 12:20:00+05:30,1385.6,1386.5,1384.8,1384.8,10197,0
2026-03-25 12:25:00+05:30,1385.0,1386.7,1383.7,1386.2,10951,0
2026-03-25 12:30:00+05:30,1386.1,1388.8,1384.5,1387.1,12169,0
2026-03-25 12:35:00+05:30,1387.0,1387.7,1385.3,1385.6,10200,0
2026-03-25 12:40:00+05:30,1385.6,1386.6,1385.3,1386.4,11427,0
2026-03-25 12:45:00+05:30,1386.4,1386.4,1383.0,1383.7,15407,0
2026-03-25 12:50:00+05:30,1383.7,1383.8,1380.0,1381.7,21458,0
2026-03-25 12:55:00+05:30,1381.5,1382.0,1377.2,1378.0,22578,0
2026-03-25 13:00:00+05:30,1377.9,1381.3,1377.3,1380.2,15899,0
2026-03-25 13:05:00+05:30,1380.2,1382.5,1378.4,1379.9,12274,0
2026-03-25 13:10:00+05:30,1379.9,1381.6,1379.3,1380.9,5475,0
2026-03-25 13:15:00+05:30,1380.6,1381.9,1379.0,1379.8,8528,0
2026-03-25 13:20:00+05:30,1379.8,1380.0,1378.0,1379.4,11961,0
2026-03-25 13:25:00+05:30,1379.2,1383.5,1379.2,1383.0,11420,0
2026-03-25 13:30:00+05:30,1383.0,1385.0,1380.5,1384.3,14580,0
2026-03-25 13:35:00+05:30,1384.3,1384.8,1381.5,1383.0,10223,0
2026-03-25 13:40:00+05:30,1383.0,1384.2,1381.9,1383.9,9774,0
2026-03-25 13:45:00+05:30,1383.9,1385.0,1383.3,1384.9,8597,0
2026-03-25 13:50:00+05:30,1385.0,1386.5,1384.0,1384.9,14101,0
2026-03-25 13:55:00+05:30,1384.9,1385.8,1384.1,1385.0,7480,0
2026-03-25 14:00:00+05:30,1385.1,1388.4,1385.0,1387.5,18141,0
2026-03-25 14:05:00+05:30,1387.5,1387.5,1381.3,1382.0,12981,0
2026-03-25 14:10:00+05:30,1382.6,1383.9,1381.1,1381.5,10289,0
2026-03-25 14:15:00+05:30,1381.9,1382.8,1379.8,1380.8,9264,0
2026-03-25 14:20:00+05:30,1380.8,1381.6,1376.2,1377.3,26945,0
2026-03-25 14:25:00+05:30,1376.7,1379.7,1375.9,1378.8,27073,0
2026-03-25 14:30:00+05:30,1378.8,1381.6,1376.0,1379.6,9736,0
2026-03-25 14:35:00+05:30,1379.5,1379.6,1376.5,1377.3,12952,0
2026-03-25 14:40:00+05:30,1377.3,1381.0,1376.8,1380.3,16606,0
2026-03-25 14:45:00+05:30,1380.8,1381.1,1377.2,1378.9,11360,0
2026-03-25 14:50:00+05:30,1378.5,1379.6,1376.1,1377.1,11966,0
2026-03-25 14:55:00+05:30,1377.1,1379.6,1376.0,1379.0,22294,0
2026-03-25 15:00:00+05:30,1379.0,1380.6,1375.0,1378.6,48279,0
2026-03-25 15:05:00+05:30,1378.6,1379.0,1375.6,1377.8,34217,0
2026-03-25 15:10:00+05:30,1377.8,1379.0,1376.0,1376.5,31585,0
2026-03-25 15:15:00+05:30,1376.5,1376.5,1372.3,1372.8,41692,0
2026-03-25 15:20:00+05:30,1372.8,1376.0,1372.2,1373.6,40980,0
2026-03-25 15:25:00+05:30,1373.6,1377.0,1373.4,1376.0,44399,0
2026-03-27 09:15:00+05:30,1375.0,1375.0,1358.0,1358.4,126221,0
2026-03-27 09:20:00+05:30,1358.3,1366.7,1356.3,1361.0,58476,0
2026-03-27 09:25:00+05:30,1361.1,1362.2,1358.6,1359.4,43220,0
2026-03-27 09:30:00+05:30,1359.5,1360.9,1355.0,1355.2,59943,0
2026-03-27 09:35:00+05:30,1355.4,1355.9,1351.0,1353.6,53904,0
2026-03-27 09:40:00+05:30,1353.8,1358.7,1352.4,1357.6,43416,0
2026-03-27 09:45:00+05:30,1357.6,1358.4,1355.8,1356.5,21929,0
2026-03-27 09:50:00+05:30,1356.9,1357.1,1353.8,1354.7,24082,0
2026-03-27 09:55:00+05:30,1354.7,1355.4,1349.2,1350.5,45117,0
2026-03-27 10:00:00+05:30,1350.6,1353.7,1350.0,1352.2,48308,0
2026-03-27 10:05:00+05:30,1352.5,1352.5,1348.6,1350.8,29400,0
2026-03-27 10:10:00+05:30,1350.6,1350.8,1347.0,1347.6,16735,0
2026-03-27 10:15:00+05:30,1347.2,1347.6,1344.5,1344.9,32111,0
2026-03-27 10:20:00+05:30,1344.6,1346.7,1344.2,1346.6,16578,0
2026-03-27 10:25:00+05:30,1346.4,1347.0,1345.7,1346.9,12061,0
2026-03-27 10:30:00+05:30,1346.9,1348.4,1345.2,1346.6,30708,0
2026-03-27 10:35:00+05:30,1346.4,1347.6,1345.5,1346.4,13616,0
2026-03-27 10:40:00+05:30,1346.7,1347.2,1345.4,1345.4,14029,0
2026-03-27 10:45:00+05:30,1345.4,1347.3,1345.2,1346.8,18900,0
2026-03-27 10:50:00+05:30,1346.8,1347.1,1344.0,1344.0,22905,0
2026-03-27 10:55:00+05:30,1344.0,1345.7,1342.2,1344.9,44412,0
2026-03-27 11:00:00+05:30,1344.7,1346.9,1344.7,1345.9,14330,0
2026-03-27 11:05:00+05:30,1345.9,1347.0,1345.3,1346.0,18601,0
2026-03-27 11:10:00+05:30,1346.1,1346.7,1344.5,1345.2,14009,0
2026-03-27 11:15:00+05:30,1345.5,1346.0,1344.1,1345.1,11776,0
2026-03-27 11:20:00+05:30,1345.1,1345.3,1344.0,1344.1,9451,0
2026-03-27 11:25:00+05:30,1344.4,1344.4,1342.0,1342.5,22942,0
2026-03-27 11:30:00+05:30,1342.1,1343.9,1342.0,1342.8,15371,0
2026-03-27 11:35:00+05:30,1342.7,1345.7,1342.7,1344.6,13955,0
2026-03-27 11:40:00+05:30,1344.6,1345.0,1341.0,1341.8,17175,0
2026-03-27 11:45:00+05:30,1341.8,1342.9,1339.5,1340.6,25407,0
2026-03-27 11:50:00+05:30,1340.5,1342.5,1340.1,1341.8,19523,0
2026-03-27 11:55:00+05:30,1341.5,1341.8,1339.7,1341.0,17827,0
2026-03-27 12:00:00+05:30,1341.0,1341.5,1339.2,1340.8,16384,0
2026-03-27 12:05:00+05:30,1340.9,1342.5,1340.4,1342.3,8150,0
2026-03-27 12:10:00+05:30,1342.3,1342.3,1339.6,1340.0,16626,0
2026-03-27 12:15:00+05:30,1339.9,1340.7,1336.8,1337.7,32372,0
2026-03-27 12:20:00+05:30,1337.7,1337.7,1334.7,1337.4,55549,0
2026-03-27 12:25:00+05:30,1337.1,1340.9,1335.9,1340.0,44931,0
2026-03-27 12:30:00+05:30,1340.1,1340.2,1338.1,1339.9,11141,0
2026-03-27 12:35:00+05:30,1339.9,1341.0,1338.2,1339.5,24642,0
2026-03-27 12:40:00+05:30,1339.2,1339.9,1337.4,1339.7,15008,0
2026-03-27 12:45:00+05:30,1339.6,1340.0,1338.0,1339.9,13980,0
2026-03-27 12:50:00+05:30,1339.9,1342.1,1339.1,1339.9,19892,0
2026-03-27 12:55:00+05:30,1339.9,1341.7,1339.5,1341.3,10307,0
2026-03-27 13:00:00+05:30,1341.1,1341.7,1339.3,1339.7,11882,0
2026-03-27 13:05:00+05:30,1339.7,1340.7,1338.8,1338.8,14687,0
2026-03-27 13:10:00+05:30,1338.8,1340.9,1338.0,1340.6,15277,0
2026-03-27 13:15:00+05:30,1340.7,1344.5,1340.2,1342.6,21679,0
2026-03-27 13:20:00+05:30,1342.6,1342.8,1340.2,1340.4,8711,0
2026-03-27 13:25:00+05:30,1340.5,1341.7,1339.0,1340.1,15120,0
2026-03-27 13:30:00+05:30,1339.9,1341.3,1339.4,1340.4,16031,0
2026-03-27 13:35:00+05:30,1340.3,1341.6,1339.5,1339.9,11489,0
2026-03-27 13:40:00+05:30,1339.9,1343.0,1339.2,1340.3,17169,0
2026-03-27 13:45:00+05:30,1340.3,1341.9,1337.2,1338.1,18906,0
2026-03-27 13:50:00+05:30,1337.7,1339.5,1337.5,1338.5,15553,0
2026-03-27 13:55:00+05:30,1338.5,1339.5,1336.7,1337.8,25366,0
2026-03-27 14:00:00+05:30,1337.8,1338.0,1336.0,1336.2,11520,0
2026-03-27 14:05:00+05:30,1336.7,1337.5,1333.5,1337.1,29626,0
2026-03-27 14:10:00+05:30,1337.6,1338.8,1336.0,1338.2,11204,0
2026-03-27 14:15:00+05:30,1338.6,1339.2,1336.0,1336.1,30155,0
2026-03-27 14:20:00+05:30,1336.1,1337.0,1334.1,1336.4,14587,0
2026-03-27 14:25:00+05:30,1336.4,1336.5,1334.3,1335.3,16953,0
2026-03-27 14:30:00+05:30,1335.4,1335.6,1331.9,1332.3,32358,0
2026-03-27 14:35:00+05:30,1332.3,1333.9,1330.2,1331.2,35770,0
2026-03-27 14:40:00+05:30,1330.6,1335.9,1330.1,1334.8,30907,0
2026-03-27 14:45:00+05:30,1334.5,1336.5,1334.5,1335.8,26136,0
2026-03-27 14:50:00+05:30,1336.0,1339.6,1335.4,1338.6,59426,0
2026-03-27 14:55:00+05:30,1338.5,1340.0,1338.4,1338.7,41898,0
2026-03-27 15:00:00+05:30,1339.0,1340.7,1337.5,1338.9,123637,0
2026-03-27 15:05:00+05:30,1338.8,1341.4,1338.5,1340.7,117635,0
2026-03-27 15:10:00+05:30,1340.8,1343.0,1337.0,1338.7,145327,0
2026-03-27 15:15:00+05:30,1338.7,1338.8,1332.6,1335.0,190009,0
2026-03-27 15:20:00+05:30,1335.0,1338.4,1334.3,1337.9,211165,0
2026-03-27 15:25:00+05:30,1337.9,1340.0,1335.2,1339.9,101422,0
2026-03-30 09:15:00+05:30,1325.0,1329.6,1312.8,1322.4,203485,0
2026-03-30 09:20:00+05:30,1322.4,1335.8,1320.1,1333.1,105834,0
2026-03-30 09:25:00+05:30,1332.9,1333.7,1326.1,1329.0,51751,0
2026-03-30 09:30:00+05:30,1329.4,1337.3,1329.4,1337.3,43082,0
2026-03-30 09:35:00+05:30,1336.9,1337.3,1330.2,1331.1,95110,0
2026-03-30 09:40:00+05:30,1331.1,1334.6,1330.5,1332.1,37543,0
2026-03-30 09:45:00+05:30,1331.9,1335.4,1330.1,1330.7,42172,0
2026-03-30 09:50:00+05:30,1330.8,1333.3,1330.0,1330.9,23760,0
2026-03-30 09:55:00+05:30,1331.0,1331.6,1329.0,1331.5,13091,0
2026-03-30 10:00:00+05:30,1331.5,1332.9,1328.5,1332.3,16155,0
2026-03-30 10:05:00+05:30,1332.1,1332.1,1323.5,1323.8,23761,0
2026-03-30 10:10:00+05:30,1323.8,1324.1,1318.5,1323.0,18023,0
2026-03-30 10:15:00+05:30,1323.0,1323.4,1318.8,1319.8,10388,0
2026-03-30 10:20:00+05:30,1319.8,1320.7,1316.4,1318.0,16790,0
2026-03-30 10:25:00+05:30,1318.2,1319.0,1317.0,1317.4,12706,0
2026-03-30 10:30:00+05:30,1317.6,1317.8,1314.9,1315.6,11424,0
2026-03-30 10:35:00+05:30,1315.6,1318.6,1315.5,1317.0,15063,0
2026-03-30 10:40:00+05:30,1317.5,1318.6,1313.1,1314.4,9220,0
2026-03-30 10:45:00+05:30,1314.4,1316.1,1313.7,1315.5,11827,0
2026-03-30 10:50:00+05:30,1315.6,1315.6,1313.2,1313.2,8065,0
2026-03-30 10:55:00+05:30,1313.2,1316.7,1313.0,1313.2,12887,0
2026-03-30 11:00:00+05:30,1313.3,1313.5,1312.0,1312.6,11651,0
2026-03-30 11:05:00+05:30,1312.6,1316.3,1311.0,1314.7,22904,0
2026-03-30 11:10:00+05:30,1314.7,1316.2,1312.7,1316.2,11995,0
2026-03-30 11:15:00+05:30,1316.2,1319.2,1315.1,1317.4,21370,0
2026-03-30 11:20:00+05:30,1317.0,1317.3,1315.1,1315.7,10688,0
2026-03-30 11:25:00+05:30,1316.3,1316.5,1313.6,1315.6,11434,0
2026-03-30 11:30:00+05:30,1315.5,1317.9,1314.6,1317.9,6071,0
2026-03-30 11:35:00+05:30,1317.9,1322.5,1317.9,1320.5,18261,0
2026-03-30 11:40:00+05:30,1320.4,1323.3,1318.5,1322.8,15384,0
2026-03-30 11:45:00+05:30,1322.7,1323.5,1320.8,1321.7,13790,0
2026-03-30 11:50:00+05:30,1321.9,1324.6,1321.0,1324.3,16703,0
2026-03-30 11:55:00+05:30,1324.3,1329.6,1324.3,1329.0,31309,0
2026-03-30 12:00:00+05:30,1329.0,1332.2,1326.5,1330.6,46415,0
2026-03-30 12:05:00+05:30,1331.0,1334.1,1327.8,1329.2,30890,0
2026-03-30 12:10:00+05:30,1329.3,1332.0,1328.2,1329.5,17793,0
2026-03-30 12:15:00+05:30,1329.6,1330.0,1327.5,1327.7,9087,0
2026-03-30 12:20:00+05:30,1328.2,1330.5,1324.8,1325.0,13036,0
2026-03-30 12:25:00+05:30,1325.9,1325.9,1323.5,1325.1,8083,0
2026-03-30 12:30:00+05:30,1325.5,1325.7,1323.6,1324.4,16725,0
2026-03-30 12:35:00+05:30,1324.4,1327.2,1324.0,1326.6,6943,0
2026-03-30 12:40:00+05:30,1326.5,1326.9,1324.4,1325.5,5243,0
2026-03-30 12:45:00+05:30,1325.4,1325.7,1323.1,1323.1,7019,0
2026-03-30 12:50:00+05:30,1323.1,1324.3,1320.5,1322.4,12693,0
2026-03-30 12:55:00+05:30,1322.0,1323.5,1321.2,1322.2,8327,0
2026-03-30 13:00:00+05:30,1322.2,1322.7,1320.7,1321.6,4609,0
2026-03-30 13:05:00+05:30,1321.6,1324.6,1321.0,1322.8,9405,0
2026-03-30 13:10:00+05:30,1323.1,1324.7,1322.2,1322.4,6938,0
2026-03-30 13:15:00+05:30,1322.7,1324.5,1322.3,1322.9,7239,0
2026-03-30 13:20:00+05:30,1322.8,1323.3,1321.5,1321.5,3252,0
2026-03-30 13:25:00+05:30,1321.7,1322.5,1320.0,1321.6,13600,0
2026-03-30 13:30:00+05:30,1321.6,1323.4,1320.6,1323.4,10969,0
2026-03-30 13:35:00+05:30,1323.1,1326.5,1323.0,1326.5,21662,0
2026-03-30 13:40:00+05:30,1326.3,1326.4,1321.0,1321.8,17263,0
2026-03-30 13:45:00+05:30,1321.5,1323.5,1321.4,1321.8,11064,0
2026-03-30 13:50:00+05:30,1321.8,1322.4,1316.3,1317.2,34264,0
2026-03-30 13:55:00+05:30,1316.7,1319.9,1315.8,1319.7,23282,0
2026-03-30 14:00:00+05:30,1319.9,1323.8,1319.0,1322.6,57595,0
2026-03-30 14:05:00+05:30,1322.8,1324.4,1321.0,1321.9,16909,0
2026-03-30 14:10:00+05:30,1322.0,1322.8,1317.8,1319.0,19000,0
2026-03-30 14:15:00+05:30,1319.1,1319.9,1315.1,1317.8,95896,0
2026-03-30 14:20:00+05:30,1318.0,1320.9,1315.0,1317.0,30767,0
2026-03-30 14:25:00+05:30,1317.0,1319.0,1315.2,1316.0,70040,0
2026-03-30 14:30:00+05:30,1316.0,1318.7,1315.0,1316.0,110912,0
2026-03-30 14:35:00+05:30,1315.3,1319.1,1315.0,1318.2,88431,0
2026-03-30 14:40:00+05:30,1318.2,1319.7,1315.3,1316.6,54315,0
2026-03-30 14:45:00+05:30,1316.4,1317.2,1311.0,1312.1,153086,0
2026-03-30 14:50:00+05:30,1312.1,1314.0,1308.4,1309.0,58137,0
2026-03-30 14:55:00+05:30,1309.0,1311.5,1307.1,1311.1,51469,0
2026-03-30 15:00:00+05:30,1310.9,1312.9,1307.6,1312.8,127428,0
2026-03-30 15:05:00+05:30,1312.8,1314.0,1310.1,1311.9,120782,0
2026-03-30 15:10:00+05:30,1312.0,1316.8,1311.9,1314.3,148118,0
2026-03-30 15:15:00+05:30,1314.2,1315.2,1311.1,1312.3,131812,0
2026-03-30 15:20:00+05:30,1312.3,1313.5,1310.7,1312.8,106746,0
2026-03-30 15:25:00+05:30,1312.8,1316.8,1310.0,1312.0,94327,0
2026-04-01 09:15:00+05:30,1351.2,1369.7,1348.7,1366.7,354419,0
2026-04-01 09:20:00+05:30,1366.6,1372.3,1365.1,1371.7,155455,0
2026-04-01 09:25:00+05:30,1371.2,1380.9,1371.2,1380.1,141301,0
2026-04-01 09:30:00+05:30,1380.0,1381.2,1373.1,1373.9,75160,0
2026-04-01 09:35:00+05:30,1373.9,1374.8,1368.7,1371.9,54000,0
2026-04-01 09:40:00+05:30,1372.4,1377.9,1371.8,1374.3,52014,0
2026-04-01 09:45:00+05:30,1374.8,1380.3,1373.7,1380.1,49009,0
2026-04-01 09:50:00+05:30,1379.7,1381.5,1377.0,1378.9,50904,0
2026-04-01 09:55:00+05:30,1378.9,1380.0,1376.2,1378.6,33172,0
2026-04-01 10:00:00+05:30,1378.6,1381.9,1378.3,1379.1,38395,0
2026-04-01 10:05:00+05:30,1379.7,1380.2,1377.1,1378.6,25450,0
2026-04-01 10:10:00+05:30,1378.6,1378.8,1375.0,1377.6,30248,0
2026-04-01 10:15:00+05:30,1377.6,1381.0,1377.6,1380.1,19863,0
2026-04-01 10:20:00+05:30,1380.0,1383.8,1378.0,1378.0,59100,0
2026-04-01 10:25:00+05:30,1378.3,1378.4,1373.1,1376.8,51856,0
2026-04-01 10:30:00+05:30,1377.0,1380.7,1375.9,1380.0,24055,0
2026-04-01 10:35:00+05:30,1380.0,1382.7,1380.0,1382.0,17726,0
2026-04-01 10:40:00+05:30,1381.9,1382.4,1379.3,1381.0,20832,0
2026-04-01 10:45:00+05:30,1381.0,1386.9,1381.0,1385.0,46186,0
2026-04-01 10:50:00+05:30,1385.0,1385.5,1380.4,1382.0,27002,0
2026-04-01 10:55:00+05:30,1381.9,1382.2,1378.0,1380.0,40123,0
2026-04-01 11:00:00+05:30,1380.0,1380.1,1374.7,1376.7,89644,0
2026-04-01 11:05:00+05:30,1376.6,1381.0,1375.8,1378.6,35630,0
2026-04-01 11:10:00+05:30,1378.8,1381.0,1377.1,1378.2,26119,0
2026-04-01 11:15:00+05:30,1378.2,1381.9,1377.2,1381.7,29013,0
2026-04-01 11:20:00+05:30,1381.7,1384.0,1381.6,1382.3,17901,0
2026-04-01 11:25:00+05:30,1382.3,1382.9,1380.1,1380.2,16024,0
2026-04-01 11:30:00+05:30,1380.8,1383.0,1380.0,1382.8,12286,0
2026-04-01 11:35:00+05:30,1382.8,1384.0,1381.1,1383.5,18196,0
2026-04-01 11:40:00+05:30,1383.8,1384.0,1380.5,1381.3,11055,0
2026-04-01 11:45:00+05:30,1380.8,1382.0,1378.7,1379.8,31190,0
2026-04-01 11:50:00+05:30,1379.7,1380.9,1376.6,1378.6,93737,0
2026-04-01 11:55:00+05:30,1378.6,1382.5,1378.4,1382.1,33160,0
2026-04-01 12:00:00+05:30,1382.0,1384.9,1382.0,1384.2,37353,0
2026-04-01 12:05:00+05:30,1383.9,1387.8,1383.6,1386.8,44275,0
2026-04-01 12:10:00+05:30,1386.5,1395.0,1386.1,1394.3,87919,0
2026-04-01 12:15:00+05:30,1394.5,1397.5,1393.6,1396.2,61095,0
2026-04-01 12:20:00+05:30,1396.1,1398.0,1393.0,1395.0,52011,0
2026-04-01 12:25:00+05:30,1395.0,1402.9,1393.6,1402.5,81577,0
2026-04-01 12:30:00+05:30,1402.5,1405.4,1402.0,1402.7,60818,0
2026-04-01 12:35:00+05:30,1402.3,1403.9,1401.0,1403.5,40311,0
2026-04-01 12:40:00+05:30,1403.0,1403.5,1400.5,1401.0,21812,0
2026-04-01 12:45:00+05:30,1400.9,1403.0,1400.2,1400.4,25699,0
2026-04-01 12:50:00+05:30,1401.0,1402.0,1398.4,1400.6,20060,0
2026-04-01 12:55:00+05:30,1400.8,1402.8,1400.5,1401.8,14252,0
2026-04-01 13:00:00+05:30,1402.5,1403.0,1399.6,1400.2,14788,0
2026-04-01 13:05:00+05:30,1400.2,1402.4,1400.1,1400.8,13234,0
2026-04-01 13:10:00+05:30,1400.7,1401.9,1398.5,1400.1,25145,0
2026-04-01 13:15:00+05:30,1400.3,1401.5,1398.0,1398.7,16758,0
2026-04-01 13:20:00+05:30,1398.7,1399.8,1397.0,1399.1,20937,0
2026-04-01 13:25:00+05:30,1399.0,1399.1,1396.0,1398.2,24313,0
2026-04-01 13:30:00+05:30,1398.1,1398.9,1395.0,1397.0,31763,0
2026-04-01 13:35:00+05:30,1396.6,1396.6,1392.2,1393.8,57478,0
2026-04-01 13:40:00+05:30,1393.9,1393.9,1381.0,1384.5,160452,0
2026-04-01 13:45:00+05:30,1384.1,1389.1,1382.0,1387.0,29437,0
2026-04-01 13:50:00+05:30,1386.8,1389.8,1386.5,1388.9,26392,0
2026-04-01 13:55:00+05:30,1388.9,1389.5,1386.0,1388.2,22947,0
2026-04-01 14:00:00+05:30,1388.2,1391.0,1385.8,1388.7,26250,0
2026-04-01 14:05:00+05:30,1389.1,1390.6,1386.9,1389.5,26755,0
2026-04-01 14:10:00+05:30,1389.5,1391.0,1388.4,1391.0,17620,0
2026-04-01 14:15:00+05:30,1391.0,1391.5,1388.9,1390.4,16367,0
2026-04-01 14:20:00+05:30,1390.9,1391.5,1387.2,1388.8,18847,0
2026-04-01 14:25:00+05:30,1388.8,1391.5,1388.4,1390.0,19914,0
2026-04-01 14:30:00+05:30,1390.4,1391.4,1388.1,1388.6,21593,0
2026-04-01 14:35:00+05:30,1388.4,1388.8,1382.7,1384.8,45656,0
2026-04-01 14:40:00+05:30,1385.2,1385.4,1381.4,1383.7,32068,0
2026-04-01 14:45:00+05:30,1383.3,1383.7,1378.6,1382.2,52923,0
2026-04-01 14:50:00+05:30,1382.2,1382.4,1378.7,1381.5,52409,0
2026-04-01 14:55:00+05:30,1381.3,1386.6,1381.2,1382.8,44537,0
2026-04-01 15:00:00+05:30,1383.2,1389.0,1383.2,1388.0,83854,0
2026-04-01 15:05:00+05:30,1388.2,1389.5,1385.3,1385.3,70092,0
2026-04-01 15:10:00+05:30,1385.5,1387.0,1382.7,1383.5,102369,0
2026-04-01 15:15:00+05:30,1383.5,1385.1,1383.0,1384.0,112235,0
2026-04-01 15:20:00+05:30,1384.0,1385.0,1383.0,1384.9,92482,0
2026-04-01 15:25:00+05:30,1385.0,1386.5,1384.6,1386.5,76735,0
2026-04-02 09:15:00+05:30,1354.4,1360.0,1332.6,1338.6,223919,0
2026-04-02 09:20:00+05:30,1338.6,1341.0,1335.2,1335.9,82677,0
2026-04-02 09:25:00+05:30,1335.3,1337.6,1333.4,1335.8,60310,0
2026-04-02 09:30:00+05:30,1335.5,1339.0,1333.8,1337.1,36826,0
2026-04-02 09:35:00+05:30,1337.1,1342.5,1335.1,1336.2,86930,0
2026-04-02 09:40:00+05:30,1336.5,1339.9,1335.1,1337.3,53389,0
2026-04-02 09:45:00+05:30,1337.3,1341.5,1334.6,1338.9,74101,0
2026-04-02 09:50:00+05:30,1338.9,1339.5,1336.2,1339.3,50234,0
2026-04-02 09:55:00+05:30,1339.3,1340.0,1336.1,1337.3,27254,0
2026-04-02 10:00:00+05:30,1337.3,1341.5,1336.0,1338.6,37527,0
2026-04-02 10:05:00+05:30,1338.6,1339.8,1337.2,1339.6,21581,0
2026-04-02 10:10:00+05:30,1339.6,1345.0,1338.8,1344.9,50548,0
2026-04-02 10:15:00+05:30,1344.5,1344.8,1341.7,1342.0,25704,0
2026-04-02 10:20:00+05:30,1341.9,1344.5,1341.2,1341.6,17457,0
2026-04-02 10:25:00+05:30,1342.1,1348.8,1341.4,1346.0,49079,0
2026-04-02 10:30:00+05:30,1346.0,1347.5,1345.1,1346.1,17104,0
2026-04-02 10:35:00+05:30,1346.2,1348.1,1345.2,1346.8,25766,0
2026-04-02 10:40:00+05:30,1346.5,1349.9,1346.5,1347.8,35786,0
2026-04-02 10:45:00+05:30,1347.7,1348.3,1341.4,1342.8,25215,0
2026-04-02 10:50:00+05:30,1343.2,1346.7,1342.5,1345.3,12409,0
2026-04-02 10:55:00+05:30,1345.0,1346.6,1344.1,1346.2,9999,0
2026-04-02 11:00:00+05:30,1346.2,1348.7,1344.0,1346.8,11537,0
2026-04-02 11:05:00+05:30,1346.8,1351.4,1346.6,1348.8,67732,0
2026-04-02 11:10:00+05:30,1348.8,1349.2,1345.1,1346.4,12835,0
2026-04-02 11:15:00+05:30,1346.4,1349.5,1345.7,1347.0,20195,0
2026-04-02 11:20:00+05:30,1347.3,1347.5,1344.7,1345.6,8425,0
2026-04-02 11:25:00+05:30,1345.1,1346.7,1344.2,1344.5,9659,0
2026-04-02 11:30:00+05:30,1344.5,1347.3,1344.0,1347.1,14887,0
2026-04-02 11:35:00+05:30,1347.3,1349.1,1347.1,1347.1,10563,0
2026-04-02 11:40:00+05:30,1347.2,1347.2,1345.3,1345.8,9633,0
2026-04-02 11:45:00+05:30,1345.8,1346.9,1343.9,1344.5,20469,0
2026-04-02 11:50:00+05:30,1344.6,1347.0,1344.3,1347.0,10283,0
2026-04-02 11:55:00+05:30,1347.0,1353.7,1347.0,1350.3,38059,0
2026-04-02 12:00:00+05:30,1350.3,1351.7,1347.1,1347.6,17769,0
2026-04-02 12:05:00+05:30,1347.4,1347.9,1345.1,1347.3,10925,0
2026-04-02 12:10:00+05:30,1347.2,1349.3,1346.0,1347.1,8491,0
2026-04-02 12:15:00+05:30,1346.8,1348.5,1346.0,1347.8,5939,0
2026-04-02 12:20:00+05:30,1347.8,1347.9,1342.7,1343.4,21069,0
2026-04-02 12:25:00+05:30,1343.4,1345.6,1342.1,1345.5,10656,0
2026-04-02 12:30:00+05:30,1345.2,1349.4,1344.5,1347.9,30480,0
2026-04-02 12:35:00+05:30,1347.8,1351.7,1346.4,1350.4,26812,0
2026-04-02 12:40:00+05:30,1350.5,1355.0,1348.7,1354.7,29609,0
2026-04-02 12:45:00+05:30,1354.3,1354.6,1351.0,1351.0,20748,0
2026-04-02 12:50:00+05:30,1351.0,1351.6,1348.1,1349.7,14314,0
2026-04-02 12:55:00+05:30,1349.7,1354.5,1349.7,1354.5,16926,0
2026-04-02 13:00:00+05:30,1354.3,1356.9,1354.0,1356.0,25871,0
2026-04-02 13:05:00+05:30,1356.0,1357.4,1353.0,1356.6,33790,0
2026-04-02 13:10:00+05:30,1356.3,1356.6,1354.3,1354.9,14418,0
2026-04-02 13:15:00+05:30,1355.7,1358.0,1355.0,1357.6,12565,0
2026-04-02 13:20:00+05:30,1357.3,1362.0,1357.0,1361.8,50216,0
2026-04-02 13:25:00+05:30,1361.9,1365.0,1360.0,1364.9,42042,0
2026-04-02 13:30:00+05:30,1364.9,1366.0,1361.4,1364.0,28427,0
2026-04-02 13:35:00+05:30,1363.9,1365.9,1361.3,1365.5,18080,0
2026-04-02 13:40:00+05:30,1365.7,1368.0,1365.5,1367.7,19182,0
2026-04-02 13:45:00+05:30,1367.5,1370.0,1365.5,1366.8,22957,0
2026-04-02 13:50:00+05:30,1367.0,1368.8,1365.4,1366.0,25477,0
2026-04-02 13:55:00+05:30,1365.6,1366.2,1361.2,1363.8,33629,0
2026-04-02 14:00:00+05:30,1363.8,1365.7,1361.2,1365.1,16744,0
2026-04-02 14:05:00+05:30,1365.1,1365.3,1361.6,1363.1,18381,0
2026-04-02 14:10:00+05:30,1363.1,1369.7,1363.1,1369.6,39781,0
2026-04-02 14:15:00+05:30,1369.5,1373.0,1368.7,1371.2,110030,0
2026-04-02 14:20:00+05:30,1370.7,1371.6,1369.4,1370.9,20889,0
2026-04-02 14:25:00+05:30,1370.9,1371.8,1369.6,1370.3,17253,0
2026-04-02 14:30:00+05:30,1370.3,1372.7,1369.6,1370.3,38488,0
2026-04-02 14:35:00+05:30,1370.2,1370.6,1366.1,1368.4,185060,0
2026-04-02 14:40:00+05:30,1368.4,1368.9,1365.8,1368.1,232323,0
2026-04-02 14:45:00+05:30,1368.6,1371.8,1367.4,1370.3,41257,0
2026-04-02 14:50:00+05:30,1370.3,1375.9,1369.2,1375.7,59072,0
2026-04-02 14:55:00+05:30,1375.6,1377.8,1375.0,1376.6,33367,0
2026-04-02 15:00:00+05:30,1376.6,1381.5,1375.0,1378.0,98847,0
2026-04-02 15:05:00+05:30,1377.9,1384.2,1377.5,1378.5,123659,0
2026-04-02 15:10:00+05:30,1378.7,1381.1,1376.2,1378.6,109402,0
2026-04-02 15:15:00+05:30,1378.7,1379.0,1373.5,1373.5,72664,0
2026-04-02 15:20:00+05:30,1374.5,1376.5,1370.7,1374.1,95779,0
2026-04-02 15:25:00+05:30,1374.3,1380.9,1370.0,1380.0,98186,0
2026-04-06 09:15:00+05:30,1379.8,1384.9,1354.5,1361.6,193292,0
2026-04-06 09:20:00+05:30,1362.0,1366.1,1361.2,1362.9,57394,0
2026-04-06 09:25:00+05:30,1363.0,1364.8,1358.9,1362.1,32085,0
2026-04-06 09:30:00+05:30,1361.8,1366.3,1355.2,1365.6,59673,0
2026-04-06 09:35:00+05:30,1365.6,1371.7,1365.0,1365.7,64124,0
2026-04-06 09:40:00+05:30,1366.2,1366.6,1358.4,1360.1,43510,0
2026-04-06 09:45:00+05:30,1360.3,1362.5,1352.1,1352.4,48441,0
2026-04-06 09:50:00+05:30,1352.2,1353.6,1349.4,1350.2,70351,0
2026-04-06 09:55:00+05:30,1350.3,1352.6,1348.1,1350.8,37175,0
2026-04-06 10:00:00+05:30,1350.2,1356.2,1349.3,1356.2,49918,0
2026-04-06 10:05:00+05:30,1356.2,1358.4,1354.0,1355.8,35192,0
2026-04-06 10:10:00+05:30,1355.4,1360.7,1353.0,1360.7,29291,0
2026-04-06 10:15:00+05:30,1360.7,1363.7,1355.2,1357.2,33996,0
2026-04-06 10:20:00+05:30,1356.9,1358.5,1354.7,1354.7,19747,0
2026-04-06 10:25:00+05:30,1354.7,1355.6,1352.8,1353.9,20695,0
2026-04-06 10:30:00+05:30,1353.6,1355.8,1350.9,1354.5,23982,0
2026-04-06 10:35:00+05:30,1354.2,1360.7,1353.1,1360.5,23887,0
2026-04-06 10:40:00+05:30,1360.2,1361.8,1356.3,1360.8,33320,0
2026-04-06 10:45:00+05:30,1360.8,1362.1,1358.9,1361.1,20780,0
2026-04-06 10:50:00+05:30,1361.1,1362.0,1354.3,1354.9,24338,0
2026-04-06 10:55:00+05:30,1354.9,1358.9,1354.7,1356.8,15766,0
2026-04-06 11:00:00+05:30,1356.8,1356.8,1353.8,1354.6,32600,0
2026-04-06 11:05:00+05:30,1354.6,1357.3,1353.7,1355.2,15355,0
2026-04-06 11:10:00+05:30,1355.0,1355.0,1351.2,1353.5,34262,0
2026-04-06 11:15:00+05:30,1353.5,1355.9,1352.0,1355.8,18806,0
2026-04-06 11:20:00+05:30,1355.3,1357.5,1354.0,1355.9,31501,0
2026-04-06 11:25:00+05:30,1355.9,1361.1,1354.7,1360.4,22581,0
2026-04-06 11:30:00+05:30,1360.6,1361.8,1357.5,1358.2,14828,0
2026-04-06 11:35:00+05:30,1358.0,1361.8,1357.0,1357.7,11041,0
2026-04-06 11:40:00+05:30,1357.3,1358.5,1355.1,1357.5,13403,0
2026-04-06 11:45:00+05:30,1357.3,1359.5,1355.7,1358.2,11839,0
2026-04-06 11:50:00+05:30,1358.0,1360.0,1357.7,1358.4,13364,0
2026-04-06 11:55:00+05:30,1358.2,1360.8,1357.2,1357.5,22331,0
2026-04-06 12:00:00+05:30,1357.2,1358.7,1356.4,1357.0,11506,0
2026-04-06 12:05:00+05:30,1357.0,1360.0,1356.2,1357.3,25398,0
2026-04-06 12:10:00+05:30,1357.0,1358.0,1356.5,1357.4,7222,0
2026-04-06 12:15:00+05:30,1357.1,1358.4,1356.7,1358.0,7569,0
2026-04-06 12:20:00+05:30,1357.6,1362.9,1356.8,1360.8,28439,0
2026-04-06 12:25:00+05:30,1360.1,1363.0,1360.0,1363.0,14052,0
2026-04-06 12:30:00+05:30,1362.9,1364.0,1357.7,1358.5,46099,0
2026-04-06 12:35:00+05:30,1358.5,1363.4,1358.0,1363.0,21046,0
2026-04-06 12:40:00+05:30,1362.6,1363.6,1361.5,1363.0,18999,0
2026-04-06 12:45:00+05:30,1363.0,1368.0,1363.0,1367.0,40692,0
2026-04-06 12:50:00+05:30,1367.1,1370.9,1366.4,1368.8,62948,0
2026-04-06 12:55:00+05:30,1368.8,1370.3,1368.0,1369.7,21709,0
2026-04-06 13:00:00+05:30,1369.3,1370.7,1365.7,1366.8,30872,0
2026-04-06 13:05:00+05:30,1367.0,1370.4,1366.8,1370.0,13867,0
2026-04-06 13:10:00+05:30,1369.8,1373.7,1369.8,1373.6,28292,0
2026-04-06 13:15:00+05:30,1373.8,1377.1,1371.9,1376.8,72808,0
2026-04-06 13:20:00+05:30,1376.6,1378.9,1375.5,1378.0,48039,0
2026-04-06 13:25:00+05:30,1378.0,1380.6,1377.4,1380.0,50106,0
2026-04-06 13:30:00+05:30,1380.0,1383.0,1379.9,1382.3,32254,0
2026-04-06 13:35:00+05:30,1382.3,1384.0,1381.0,1381.0,22447,0
2026-04-06 13:40:00+05:30,1380.7,1382.8,1378.4,1379.4,28256,0
2026-04-06 13:45:00+05:30,1378.8,1381.1,1377.8,1379.4,33527,0
2026-04-06 13:50:00+05:30,1379.0,1382.9,1379.0,1381.6,11954,0
2026-04-06 13:55:00+05:30,1382.2,1382.8,1381.0,1382.2,13379,0
2026-04-06 14:00:00+05:30,1381.8,1384.9,1381.0,1384.3,34748,0
2026-04-06 14:05:00+05:30,1384.0,1384.9,1381.4,1381.4,17774,0
2026-04-06 14:10:00+05:30,1381.2,1387.0,1381.2,1387.0,46421,0
2026-04-06 14:15:00+05:30,1386.3,1390.9,1386.3,1390.8,57115,0
2026-04-06 14:20:00+05:30,1390.5,1391.8,1385.8,1387.0,49593,0
2026-04-06 14:25:00+05:30,1386.5,1389.0,1384.3,1387.9,33720,0
2026-04-06 14:30:00+05:30,1387.9,1389.7,1387.3,1388.2,29632,0
2026-04-06 14:35:00+05:30,1388.0,1388.6,1382.0,1382.4,49122,0
2026-04-06 14:40:00+05:30,1382.4,1384.3,1380.0,1381.6,22815,0
2026-04-06 14:45:00+05:30,1381.1,1383.2,1379.3,1381.2,17015,0
2026-04-06 14:50:00+05:30,1381.7,1382.7,1377.9,1378.5,22436,0
2026-04-06 14:55:00+05:30,1378.5,1382.8,1376.8,1380.3,21840,0
2026-04-06 15:00:00+05:30,1380.3,1385.8,1380.0,1385.5,36594,0
2026-04-06 15:05:00+05:30,1385.5,1387.4,1385.0,1386.2,29545,0
2026-04-06 15:10:00+05:30,1386.2,1389.2,1384.9,1388.9,38673,0
2026-04-06 15:15:00+05:30,1388.9,1390.0,1387.2,1387.8,56723,0
2026-04-06 15:20:00+05:30,1387.8,1388.5,1385.0,1386.6,42119,0
2026-04-06 15:25:00+05:30,1386.6,1390.7,1386.0,1390.6,42954,0
2026-04-07 09:15:00+05:30,1375.0,1381.0,1368.4,1378.6,108444,0
2026-04-07 09:20:00+05:30,1378.7,1382.5,1376.6,1380.1,40266,0
2026-04-07 09:25:00+05:30,1380.1,1390.0,1378.6,1389.0,38136,0
2026-04-07 09:30:00+05:30,1389.4,1389.6,1378.6,1379.3,46068,0
2026-04-07 09:35:00+05:30,1379.3,1380.4,1375.8,1376.5,24610,0
2026-04-07 09:40:00+05:30,1377.3,1378.4,1374.1,1374.7,18937,0
2026-04-07 09:45:00+05:30,1374.7,1378.7,1374.0,1375.1,22415,0
2026-04-07 09:50:00+05:30,1374.9,1379.2,1374.3,1378.2,12499,0
2026-04-07 09:55:00+05:30,1378.4,1381.0,1377.4,1380.5,18054,0
2026-04-07 10:00:00+05:30,1380.6,1385.0,1380.0,1384.0,20451,0
2026-04-07 10:05:00+05:30,1384.2,1384.8,1380.3,1380.3,16301,0
2026-04-07 10:10:00+05:30,1380.6,1383.0,1380.0,1382.3,12318,0
2026-04-07 10:15:00+05:30,1382.3,1385.2,1382.0,1384.5,20834,0
2026-04-07 10:20:00+05:30,1385.2,1386.8,1381.6,1381.6,20964,0
2026-04-07 10:25:00+05:30,1381.8,1384.9,1380.9,1384.5,8810,0
2026-04-07 10:30:00+05:30,1384.6,1384.7,1381.0,1381.0,9112,0
2026-04-07 10:35:00+05:30,1381.3,1383.0,1379.5,1383.0,8084,0
2026-04-07 10:40:00+05:30,1383.0,1385.6,1382.0,1383.9,9992,0
2026-04-07 10:45:00+05:30,1384.4,1384.4,1380.0,1381.0,13898,0
2026-04-07 10:50:00+05:30,1381.0,1381.0,1371.3,1373.7,36794,0
2026-04-07 10:55:00+05:30,1373.8,1374.9,1369.6,1370.3,29016,0
2026-04-07 11:00:00+05:30,1371.0,1373.8,1369.7,1372.0,17747,0
2026-04-07 11:05:00+05:30,1372.1,1373.5,1370.8,1371.7,14805,0
2026-04-07 11:10:00+05:30,1371.7,1372.7,1370.5,1371.4,9963,0
2026-04-07 11:15:00+05:30,1371.8,1374.8,1371.1,1373.0,11237,0
2026-04-07 11:20:00+05:30,1373.4,1377.2,1373.0,1375.7,35768,0
2026-04-07 11:25:00+05:30,1375.8,1377.5,1374.5,1377.5,9181,0
2026-04-07 11:30:00+05:30,1377.0,1377.8,1375.6,1376.1,7128,0
2026-04-07 11:35:00+05:30,1376.1,1378.5,1374.6,1376.9,12415,0
2026-04-07 11:40:00+05:30,1376.9,1376.9,1373.5,1375.2,11825,0
2026-04-07 11:45:00+05:30,1375.2,1376.3,1374.9,1374.9,6798,0
2026-04-07 11:50:00+05:30,1375.2,1377.2,1374.9,1376.4,14255,0
2026-04-07 11:55:00+05:30,1376.4,1381.4,1376.2,1379.7,19364,0
2026-04-07 12:00:00+05:30,1379.6,1379.8,1375.1,1376.0,12270,0
2026-04-07 12:05:00+05:30,1376.1,1377.0,1375.2,1376.8,4790,0
2026-04-07 12:10:00+05:30,1376.8,1376.8,1373.4,1375.6,10903,0
2026-04-07 12:15:00+05:30,1375.8,1375.9,1374.2,1374.8,7360,0
2026-04-07 12:20:00+05:30,1374.8,1374.8,1373.4,1374.2,13656,0
2026-04-07 12:25:00+05:30,1374.2,1376.0,1373.6,1375.3,10446,0
2026-04-07 12:30:00+05:30,1375.3,1376.7,1374.5,1374.9,7831,0
2026-04-07 12:35:00+05:30,1374.9,1375.0,1373.5,1374.8,5235,0
2026-04-07 12:40:00+05:30,1375.0,1375.5,1374.1,1375.2,5787,0
2026-04-07 12:45:00+05:30,1375.2,1375.4,1374.2,1374.8,4690,0
2026-04-07 12:50:00+05:30,1374.8,1375.0,1373.4,1374.4,7888,0
2026-04-07 12:55:00+05:30,1374.4,1374.6,1372.5,1372.9,15623,0
2026-04-07 13:00:00+05:30,1373.0,1376.0,1372.6,1375.0,12573,0
2026-04-07 13:05:00+05:30,1375.0,1375.4,1373.6,1373.9,4085,0
2026-04-07 13:10:00+05:30,1373.9,1376.2,1373.7,1375.1,9361,0
2026-04-07 13:15:00+05:30,1375.1,1376.4,1374.0,1375.3,10014,0
2026-04-07 13:20:00+05:30,1375.5,1375.5,1374.0,1375.0,6489,0
2026-04-07 13:25:00+05:30,1375.0,1376.3,1374.0,1375.9,13739,0
2026-04-07 13:30:00+05:30,1375.9,1380.5,1375.5,1377.7,24544,0
2026-04-07 13:35:00+05:30,1377.9,1380.8,1377.9,1379.3,13857,0
2026-04-07 13:40:00+05:30,1379.3,1382.1,1378.2,1382.0,26539,0
2026-04-07 13:45:00+05:30,1382.0,1382.5,1378.4,1378.5,20069,0
2026-04-07 13:50:00+05:30,1379.0,1380.2,1376.1,1379.1,11227,0
2026-04-07 13:55:00+05:30,1379.7,1380.1,1374.3,1375.9,14686,0
2026-04-07 14:00:00+05:30,1375.9,1379.2,1375.3,1377.7,14215,0
2026-04-07 14:05:00+05:30,1378.1,1378.6,1376.3,1377.0,8252,0
2026-04-07 14:10:00+05:30,1377.6,1377.6,1374.6,1376.4,12334,0
2026-04-07 14:15:00+05:30,1376.7,1378.1,1376.1,1376.6,8147,0
2026-04-07 14:20:00+05:30,1376.9,1377.3,1374.4,1375.8,12868,0
2026-04-07 14:25:00+05:30,1375.8,1377.2,1375.2,1377.0,11677,0
2026-04-07 14:30:00+05:30,1377.0,1380.0,1376.0,1376.5,17009,0
2026-04-07 14:35:00+05:30,1376.6,1379.5,1375.0,1378.0,46129,0
2026-04-07 14:40:00+05:30,1378.1,1380.0,1377.7,1378.5,24105,0
2026-04-07 14:45:00+05:30,1378.5,1379.8,1377.3,1379.1,16363,0
2026-04-07 14:50:00+05:30,1378.9,1380.3,1378.6,1380.2,17957,0
2026-04-07 14:55:00+05:30,1380.2,1380.7,1377.9,1380.1,94171,0
2026-04-07 15:00:00+05:30,1380.1,1383.6,1379.0,1382.3,85843,0
2026-04-07 15:05:00+05:30,1382.2,1383.2,1379.0,1379.0,78424,0
2026-04-07 15:10:00+05:30,1379.1,1381.3,1378.9,1380.2,85829,0
2026-04-07 15:15:00+05:30,1380.1,1381.9,1379.0,1379.8,112588,0
2026-04-07 15:20:00+05:30,1379.7,1381.5,1379.4,1380.9,105885,0
2026-04-07 15:25:00+05:30,1380.7,1383.0,1380.7,1382.0,80800,0
2026-04-08 09:15:00+05:30,1464.9,1478.6,1452.8,1476.2,519052,0
2026-04-08 09:20:00+05:30,1476.4,1485.7,1470.9,1473.5,252970,0
2026-04-08 09:25:00+05:30,1473.5,1479.9,1472.7,1474.1,114731,0
2026-04-08 09:30:00+05:30,1474.8,1478.7,1473.7,1475.3,73223,0
2026-04-08 09:35:00+05:30,1475.9,1479.8,1468.2,1474.3,107386,0
2026-04-08 09:40:00+05:30,1474.7,1479.6,1473.5,1479.6,95964,0
2026-04-08 09:45:00+05:30,1479.5,1485.0,1477.4,1482.0,124312,0
2026-04-08 09:50:00+05:30,1482.7,1487.8,1477.3,1480.6,229456,0
2026-04-08 09:55:00+05:30,1480.7,1480.9,1471.1,1473.3,135342,0
2026-04-08 10:00:00+05:30,1473.5,1478.0,1472.0,1474.0,90850,0
2026-04-08 10:05:00+05:30,1474.0,1474.1,1462.2,1463.9,149773,0
2026-04-08 10:10:00+05:30,1463.5,1467.8,1456.5,1456.5,115024,0
2026-04-08 10:15:00+05:30,1456.8,1459.5,1453.3,1458.6,133600,0
2026-04-08 10:20:00+05:30,1459.0,1460.2,1457.0,1457.7,46124,0
2026-04-08 10:25:00+05:30,1457.7,1470.0,1453.1,1469.3,157558,0
2026-04-08 10:30:00+05:30,1468.7,1493.4,1468.5,1491.1,619117,0
2026-04-08 10:35:00+05:30,1491.1,1505.7,1490.4,1493.5,575419,0
2026-04-08 10:40:00+05:30,1492.7,1493.1,1477.3,1485.0,381666,0
2026-04-08 10:45:00+05:30,1484.5,1486.4,1462.0,1463.0,348481,0
2026-04-08 10:50:00+05:30,1463.0,1470.7,1458.8,1465.8,238965,0
2026-04-08 10:55:00+05:30,1465.6,1468.9,1460.3,1464.0,131516,0
2026-04-08 11:00:00+05:30,1463.9,1467.9,1461.0,1462.4,87725,0
2026-04-08 11:05:00+05:30,1462.5,1465.7,1455.2,1458.1,209835,0
2026-04-08 11:10:00+05:30,1457.4,1461.5,1457.3,1458.8,59703,0
2026-04-08 11:15:00+05:30,1459.0,1461.9,1458.4,1460.6,64050,0
2026-04-08 11:20:00+05:30,1460.6,1464.9,1460.5,1461.0,83351,0
2026-04-08 11:25:00+05:30,1461.0,1465.5,1461.0,1465.2,54845,0
2026-04-08 11:30:00+05:30,1465.2,1465.3,1450.7,1452.3,195305,0
2026-04-08 11:35:00+05:30,1452.4,1455.3,1449.0,1450.4,154777,0
2026-04-08 11:40:00+05:30,1450.7,1453.5,1450.0,1452.3,65235,0
2026-04-08 11:45:00+05:30,1452.7,1454.7,1451.3,1454.7,36841,0
2026-04-08 11:50:00+05:30,1454.5,1457.0,1451.3,1456.3,51586,0
2026-04-08 11:55:00+05:30,1456.7,1456.7,1454.1,1454.8,29408,0
2026-04-08 12:00:00+05:30,1455.0,1457.8,1452.5,1453.9,44329,0
2026-04-08 12:05:00+05:30,1454.2,1456.0,1452.3,1453.3,49656,0
2026-04-08 12:10:00+05:30,1453.7,1454.3,1450.2,1452.5,30322,0
2026-04-08 12:15:00+05:30,1452.5,1453.7,1451.2,1451.5,33293,0
2026-04-08 12:20:00+05:30,1451.6,1452.7,1450.0,1451.5,39991,0
2026-04-08 12:25:00+05:30,1451.6,1452.8,1450.6,1452.3,26497,0
2026-04-08 12:30:00+05:30,1451.9,1452.5,1450.0,1452.5,46261,0
2026-04-08 12:35:00+05:30,1452.5,1455.0,1452.1,1454.4,84080,0
2026-04-08 12:40:00+05:30,1453.7,1455.2,1452.7,1454.2,47418,0
2026-04-08 12:45:00+05:30,1454.2,1458.0,1454.0,1456.2,38018,0
2026-04-08 12:50:00+05:30,1456.7,1457.5,1454.1,1455.3,31833,0
2026-04-08 12:55:00+05:30,1455.3,1460.0,1454.5,1457.0,68715,0
2026-04-08 13:00:00+05:30,1457.5,1458.0,1455.2,1456.0,23734,0
2026-04-08 13:05:00+05:30,1455.7,1457.2,1455.3,1456.0,17328,0
2026-04-08 13:10:00+05:30,1456.4,1457.1,1455.6,1456.2,20894,0
2026-04-08 13:15:00+05:30,1456.4,1457.8,1455.2,1456.5,19471,0
2026-04-08 13:20:00+05:30,1456.4,1456.6,1453.7,1454.8,31153,0
2026-04-08 13:25:00+05:30,1455.0,1456.3,1453.6,1455.9,16346,0
2026-04-08 13:30:00+05:30,1456.1,1457.0,1454.1,1456.8,17068,0
2026-04-08 13:35:00+05:30,1457.0,1457.5,1456.0,1457.5,18769,0
2026-04-08 13:40:00+05:30,1457.5,1458.7,1455.3,1456.9,39728,0
2026-04-08 13:45:00+05:30,1457.4,1457.5,1452.2,1453.4,43606,0
2026-04-08 13:50:00+05:30,1453.0,1456.3,1452.7,1455.0,26817,0
2026-04-08 13:55:00+05:30,1455.5,1456.2,1454.4,1455.5,16012,0
2026-04-08 14:00:00+05:30,1455.5,1456.0,1454.1,1454.4,14764,0
2026-04-08 14:05:00+05:30,1454.4,1456.8,1454.0,1455.6,47431,0
2026-04-08 14:10:00+05:30,1455.6,1455.7,1452.0,1453.5,37026,0
2026-04-08 14:15:00+05:30,1453.9,1455.0,1452.8,1453.5,16424,0
2026-04-08 14:20:00+05:30,1453.5,1455.0,1453.5,1454.5,18316,0
2026-04-08 14:25:00+05:30,1453.9,1454.5,1453.0,1453.6,19163,0
2026-04-08 14:30:00+05:30,1454.0,1454.5,1453.0,1453.7,15867,0
2026-04-08 14:35:00+05:30,1453.6,1454.0,1450.9,1451.6,63313,0
2026-04-08 14:40:00+05:30,1451.9,1454.4,1450.0,1453.6,80109,0
2026-04-08 14:45:00+05:30,1454.1,1455.7,1451.0,1452.6,37831,0
2026-04-08 14:50:00+05:30,1452.6,1453.0,1451.0,1452.3,18450,0
2026-04-08 14:55:00+05:30,1453.0,1453.9,1452.0,1453.5,21019,0
2026-04-08 15:00:00+05:30,1453.3,1453.3,1450.1,1450.4,57198,0
2026-04-08 15:05:00+05:30,1450.5,1453.4,1450.4,1452.2,108794,0
2026-04-08 15:10:00+05:30,1452.8,1455.0,1451.7,1452.1,117443,0
2026-04-08 15:15:00+05:30,1452.1,1454.5,1452.0,1453.2,138176,0
2026-04-08 15:20:00+05:30,1453.9,1454.9,1453.2,1453.3,117444,0
2026-04-08 15:25:00+05:30,1453.9,1456.9,1452.0,1452.0,142017,0
2026-04-09 09:15:00+05:30,1437.0,1445.0,1415.2,1424.9,509406,0
2026-04-09 09:20:00+05:30,1424.8,1436.8,1424.0,1435.0,197236,0
2026-04-09 09:25:00+05:30,1435.1,1438.4,1434.0,1435.7,170024,0
2026-04-09 09:30:00+05:30,1435.8,1438.4,1431.5,1434.6,98801,0
2026-04-09 09:35:00+05:30,1434.6,1439.8,1433.6,1436.7,72055,0
2026-04-09 09:40:00+05:30,1437.3,1437.9,1435.0,1436.5,49709,0
2026-04-09 09:45:00+05:30,1436.5,1437.5,1428.4,1429.5,49532,0
2026-04-09 09:50:00+05:30,1429.1,1432.4,1425.1,1432.4,61795,0
2026-04-09 09:55:00+05:30,1432.6,1435.0,1430.6,1433.4,26187,0
2026-04-09 10:00:00+05:30,1433.4,1440.8,1431.4,1440.0,59376,0
2026-04-09 10:05:00+05:30,1439.7,1441.7,1435.6,1438.7,50006,0
2026-04-09 10:10:00+05:30,1439.0,1444.4,1438.0,1442.0,49945,0
2026-04-09 10:15:00+05:30,1442.5,1445.8,1440.2,1444.0,64548,0
2026-04-09 10:20:00+05:30,1444.0,1444.9,1441.2,1442.6,19892,0
2026-04-09 10:25:00+05:30,1442.8,1443.7,1438.7,1443.0,25762,0
2026-04-09 10:30:00+05:30,1443.4,1444.9,1442.2,1443.7,12746,0
2026-04-09 10:35:00+05:30,1443.6,1447.3,1443.0,1446.1,30026,0
2026-04-09 10:40:00+05:30,1446.1,1446.9,1444.6,1445.2,9718,0
2026-04-09 10:45:00+05:30,1445.8,1447.0,1445.0,1445.5,10788,0
2026-04-09 10:50:00+05:30,1445.8,1447.0,1444.3,1444.9,11249,0
2026-04-09 10:55:00+05:30,1444.8,1446.6,1444.1,1444.8,9261,0
2026-04-09 11:00:00+05:30,1444.7,1448.4,1444.0,1447.5,28425,0
2026-04-09 11:05:00+05:30,1448.0,1454.7,1446.3,1454.1,45647,0
2026-04-09 11:10:00+05:30,1453.7,1454.2,1447.3,1448.4,52021,0
2026-04-09 11:15:00+05:30,1448.4,1450.1,1444.2,1444.2,19720,0
2026-04-09 11:20:00+05:30,1444.9,1447.0,1443.3,1445.6,15252,0
2026-04-09 11:25:00+05:30,1445.6,1456.0,1445.6,1455.5,56721,0
2026-04-09 11:30:00+05:30,1455.5,1456.2,1452.1,1452.9,37556,0
2026-04-09 11:35:00+05:30,1453.4,1454.6,1452.2,1453.7,38366,0
2026-04-09 11:40:00+05:30,1453.8,1455.0,1452.1,1454.2,44153,0
2026-04-09 11:45:00+05:30,1454.2,1454.4,1450.5,1453.4,17283,0
2026-04-09 11:50:00+05:30,1453.3,1453.9,1450.3,1452.8,17066,0
2026-04-09 11:55:00+05:30,1453.0,1455.0,1452.2,1454.8,18521,0
2026-04-09 12:00:00+05:30,1454.8,1455.3,1453.0,1453.8,16042,0
2026-04-09 12:05:00+05:30,1453.8,1455.9,1453.1,1454.6,21795,0
2026-04-09 12:10:00+05:30,1455.0,1455.0,1450.2,1450.7,51604,0
2026-04-09 12:15:00+05:30,1450.9,1451.0,1448.3,1449.6,34760,0
2026-04-09 12:20:00+05:30,1449.7,1451.6,1448.8,1450.3,24652,0
2026-04-09 12:25:00+05:30,1450.4,1454.4,1449.0,1452.6,65574,0
2026-04-09 12:30:00+05:30,1452.6,1453.4,1448.5,1449.1,40479,0
2026-04-09 12:35:00+05:30,1449.2,1449.3,1445.8,1446.5,34314,0
2026-04-09 12:40:00+05:30,1446.6,1449.2,1445.6,1448.0,22143,0
2026-04-09 12:45:00+05:30,1447.9,1448.1,1445.8,1447.0,13850,0
2026-04-09 12:50:00+05:30,1447.1,1449.5,1446.6,1448.9,17231,0
2026-04-09 12:55:00+05:30,1449.0,1449.9,1447.7,1448.4,12212,0
2026-04-09 13:00:00+05:30,1448.7,1451.8,1448.0,1449.8,15450,0
2026-04-09 13:05:00+05:30,1450.0,1450.6,1448.2,1450.0,10610,0
2026-04-09 13:10:00+05:30,1450.2,1450.4,1447.5,1448.7,15575,0
2026-04-09 13:15:00+05:30,1449.0,1450.5,1448.1,1450.1,10813,0
2026-04-09 13:20:00+05:30,1450.4,1454.3,1449.8,1453.8,28100,0
2026-04-09 13:25:00+05:30,1453.1,1453.8,1449.8,1451.1,18093,0
2026-04-09 13:30:00+05:30,1451.3,1453.0,1448.1,1451.2,19987,0
2026-04-09 13:35:00+05:30,1451.4,1452.5,1450.0,1451.6,15060,0
2026-04-09 13:40:00+05:30,1452.0,1452.5,1449.7,1450.3,11132,0
2026-04-09 13:45:00+05:30,1451.0,1451.4,1448.3,1450.1,20468,0
2026-04-09 13:50:00+05:30,1450.1,1452.0,1450.0,1450.6,9323,0
2026-04-09 13:55:00+05:30,1450.7,1452.0,1450.0,1451.6,11181,0
2026-04-09 14:00:00+05:30,1452.0,1454.0,1450.7,1453.3,15713,0
2026-04-09 14:05:00+05:30,1453.3,1453.6,1451.9,1453.0,12936,0
2026-04-09 14:10:00+05:30,1453.3,1453.4,1450.7,1451.9,13426,0
2026-04-09 14:15:00+05:30,1452.1,1452.4,1450.4,1451.6,14452,0
2026-04-09 14:20:00+05:30,1451.6,1452.0,1446.9,1449.0,40310,0
2026-04-09 14:25:00+05:30,1448.7,1449.0,1443.8,1445.4,26081,0
2026-04-09 14:30:00+05:30,1445.7,1446.7,1442.0,1444.5,38298,0
2026-04-09 14:35:00+05:30,1444.5,1444.7,1441.1,1444.1,31004,0
2026-04-09 14:40:00+05:30,1444.1,1447.6,1443.1,1446.0,17103,0
2026-04-09 14:45:00+05:30,1446.3,1447.7,1445.3,1446.4,32016,0
2026-04-09 14:50:00+05:30,1446.5,1449.4,1446.1,1448.0,20186,0
2026-04-09 14:55:00+05:30,1448.2,1448.2,1445.7,1446.9,18217,0
2026-04-09 15:00:00+05:30,1447.0,1447.8,1442.5,1446.9,69961,0
2026-04-09 15:05:00+05:30,1446.5,1449.2,1446.0,1448.6,47449,0
2026-04-09 15:10:00+05:30,1448.6,1450.5,1446.4,1447.2,61350,0
2026-04-09 15:15:00+05:30,1447.0,1448.2,1447.0,1447.0,52591,0
2026-04-09 15:20:00+05:30,1447.1,1449.0,1446.6,1448.0,67777,0
2026-04-09 15:25:00+05:30,1448.0,1448.8,1441.2,1442.2,60742,0
2026-04-10 09:15:00+05:30,1442.0,1463.9,1442.0,1461.3,168933,0
2026-04-10 09:20:00+05:30,1462.0,1462.6,1449.1,1450.0,124109,0
2026-04-10 09:25:00+05:30,1450.4,1451.5,1447.0,1449.3,66963,0
2026-04-10 09:30:00+05:30,1450.0,1453.8,1449.0,1450.6,35258,0
2026-04-10 09:35:00+05:30,1451.1,1452.8,1447.2,1451.1,30265,0
2026-04-10 09:40:00+05:30,1451.7,1451.8,1448.0,1448.1,20063,0
2026-04-10 09:45:00+05:30,1448.9,1452.0,1448.2,1450.5,11922,0
2026-04-10 09:50:00+05:30,1450.5,1456.4,1449.3,1453.9,101820,0
2026-04-10 09:55:00+05:30,1454.0,1454.8,1451.7,1452.0,20359,0
2026-04-10 10:00:00+05:30,1452.6,1453.1,1446.0,1446.0,26875,0
2026-04-10 10:05:00+05:30,1446.4,1446.4,1438.3,1445.3,67343,0
2026-04-10 10:10:00+05:30,1445.7,1449.6,1445.3,1448.4,27601,0
2026-04-10 10:15:00+05:30,1449.0,1450.4,1446.6,1449.0,17594,0
2026-04-10 10:20:00+05:30,1449.6,1451.3,1448.9,1450.8,15304,0
2026-04-10 10:25:00+05:30,1450.8,1453.0,1448.4,1451.3,80512,0
2026-04-10 10:30:00+05:30,1451.7,1452.9,1450.2,1451.9,150608,0
2026-04-10 10:35:00+05:30,1452.0,1455.9,1450.2,1455.6,281342,0
2026-04-10 10:40:00+05:30,1455.4,1456.0,1453.3,1453.4,42260,0
2026-04-10 10:45:00+05:30,1453.9,1457.2,1453.2,1455.8,43358,0
2026-04-10 10:50:00+05:30,1456.2,1457.5,1455.0,1456.4,25013,0
2026-04-10 10:55:00+05:30,1456.6,1462.7,1455.9,1462.3,59032,0
2026-04-10 11:00:00+05:30,1462.7,1462.8,1460.0,1461.6,37996,0
2026-04-10 11:05:00+05:30,1461.9,1462.0,1460.0,1461.5,22376,0
2026-04-10 11:10:00+05:30,1461.9,1462.0,1459.5,1460.0,24999,0
2026-04-10 11:15:00+05:30,1460.6,1463.0,1460.0,1462.7,29797,0
2026-04-10 11:20:00+05:30,1463.0,1465.5,1462.2,1465.2,63916,0
2026-04-10 11:25:00+05:30,1465.2,1468.6,1465.2,1467.0,80888,0
2026-04-10 11:30:00+05:30,1467.0,1469.2,1466.5,1468.3,45177,0
2026-04-10 11:35:00+05:30,1468.3,1471.2,1466.3,1470.5,68202,0
2026-04-10 11:40:00+05:30,1470.7,1473.2,1469.0,1471.4,81743,0
2026-04-10 11:45:00+05:30,1471.4,1472.0,1464.8,1466.4,101694,0
2026-04-10 11:50:00+05:30,1466.8,1470.0,1466.3,1468.0,19892,0
2026-04-10 11:55:00+05:30,1468.5,1470.0,1467.6,1468.5,13263,0
2026-04-10 12:00:00+05:30,1468.9,1469.3,1467.2,1468.3,19523,0
2026-04-10 12:05:00+05:30,1469.0,1469.5,1467.2,1467.5,15759,0
2026-04-10 12:10:00+05:30,1467.9,1468.6,1466.0,1466.1,16122,0
2026-04-10 12:15:00+05:30,1466.6,1466.7,1465.1,1465.8,12872,0
2026-04-10 12:20:00+05:30,1466.3,1472.9,1465.7,1472.5,45371,0
2026-04-10 12:25:00+05:30,1472.5,1472.5,1467.0,1468.5,53456,0
2026-04-10 12:30:00+05:30,1468.7,1470.3,1467.7,1469.1,11961,0
2026-04-10 12:35:00+05:30,1469.5,1471.0,1469.0,1469.6,20206,0
2026-04-10 12:40:00+05:30,1470.0,1470.5,1468.0,1468.6,23639,0
2026-04-10 12:45:00+05:30,1468.7,1469.0,1465.0,1465.5,23749,0
2026-04-10 12:50:00+05:30,1465.5,1468.2,1463.7,1465.1,103948,0
2026-04-10 12:55:00+05:30,1465.8,1467.2,1465.0,1466.9,15373,0
2026-04-10 13:00:00+05:30,1466.9,1466.9,1465.4,1465.8,13995,0
2026-04-10 13:05:00+05:30,1466.0,1467.0,1465.8,1466.1,10605,0
2026-04-10 13:10:00+05:30,1466.6,1468.6,1464.1,1464.3,33669,0
2026-04-10 13:15:00+05:30,1464.8,1465.5,1463.2,1464.0,12780,0
2026-04-10 13:20:00+05:30,1464.5,1466.1,1463.5,1465.3,16152,0
2026-04-10 13:25:00+05:30,1466.0,1467.7,1464.0,1466.0,26772,0
2026-04-10 13:30:00+05:30,1466.4,1468.0,1466.0,1466.2,49057,0
2026-04-10 13:35:00+05:30,1466.4,1467.0,1465.6,1466.5,11158,0
2026-04-10 13:40:00+05:30,1467.0,1467.9,1466.0,1467.0,11836,0
2026-04-10 13:45:00+05:30,1467.2,1467.9,1466.4,1467.0,7555,0
2026-04-10 13:50:00+05:30,1467.1,1468.5,1467.0,1468.2,17726,0
2026-04-10 13:55:00+05:30,1468.4,1469.6,1467.2,1468.5,19628,0
2026-04-10 14:00:00+05:30,1468.9,1470.1,1468.3,1468.7,44530,0
2026-04-10 14:05:00+05:30,1469.2,1471.5,1468.5,1470.9,58023,0
2026-04-10 14:10:00+05:30,1471.4,1472.9,1470.0,1470.9,264984,0
2026-04-10 14:15:00+05:30,1471.6,1476.9,1463.4,1472.4,284428,0
2026-04-10 14:20:00+05:30,1472.7,1474.8,1470.6,1471.0,49024,0
2026-04-10 14:25:00+05:30,1471.2,1473.0,1470.0,1471.9,98186,0
2026-04-10 14:30:00+05:30,1472.2,1474.0,1471.2,1472.8,39581,0
2026-04-10 14:35:00+05:30,1472.8,1472.8,1470.3,1470.7,24744,0
2026-04-10 14:40:00+05:30,1471.4,1472.4,1470.3,1471.4,20906,0
2026-04-10 14:45:00+05:30,1472.1,1473.8,1470.4,1472.9,34775,0
2026-04-10 14:50:00+05:30,1473.2,1474.5,1471.5,1473.5,43868,0
2026-04-10 14:55:00+05:30,1473.9,1475.0,1472.2,1472.3,36987,0
2026-04-10 15:00:00+05:30,1472.7,1476.9,1472.6,1476.2,71075,0
2026-04-10 15:05:00+05:30,1476.2,1477.5,1473.8,1474.3,50142,0
2026-04-10 15:10:00+05:30,1475.0,1478.1,1474.2,1477.8,68467,0
2026-04-10 15:15:00+05:30,1477.3,1477.8,1474.2,1474.9,83179,0
2026-04-10 15:20:00+05:30,1474.9,1476.0,1473.2,1475.8,92228,0
2026-04-10 15:25:00+05:30,1475.5,1476.0,1474.0,1474.1,62027,0
2026-04-13 09:15:00+05:30,1426.8,1445.4,1421.0,1434.0,358954,0
2026-04-13 09:20:00+05:30,1433.8,1444.2,1433.1,1443.0,120537,0
2026-04-13 09:25:00+05:30,1443.0,1448.8,1441.2,1446.7,113588,0
2026-04-13 09:30:00+05:30,1446.1,1451.0,1443.1,1448.2,66828,0
2026-04-13 09:35:00+05:30,1448.3,1448.3,1442.5,1443.4,36721,0
2026-04-13 09:40:00+05:30,1443.9,1448.9,1443.0,1447.0,32470,0
2026-04-13 09:45:00+05:30,1446.9,1454.6,1446.0,1452.3,87007,0
2026-04-13 09:50:00+05:30,1452.8,1456.0,1450.6,1452.5,101887,0
2026-04-13 09:55:00+05:30,1452.6,1457.9,1452.3,1456.0,64873,0
2026-04-13 10:00:00+05:30,1456.0,1457.2,1452.4,1453.1,52978,0
2026-04-13 10:05:00+05:30,1452.9,1458.0,1452.9,1457.4,46963,0
2026-04-13 10:10:00+05:30,1457.0,1458.7,1454.0,1454.4,40393,0
2026-04-13 10:15:00+05:30,1454.3,1459.7,1453.0,1459.2,49491,0
2026-04-13 10:20:00+05:30,1459.6,1461.6,1459.0,1459.0,56859,0
2026-04-13 10:25:00+05:30,1459.0,1462.4,1457.5,1461.4,42134,0
2026-04-13 10:30:00+05:30,1461.8,1462.6,1458.0,1458.9,24910,0
2026-04-13 10:35:00+05:30,1459.2,1459.8,1455.6,1458.3,28999,0
2026-04-13 10:40:00+05:30,1458.9,1459.6,1451.2,1455.4,55061,0
2026-04-13 10:45:00+05:30,1455.8,1458.0,1455.0,1456.3,18079,0
2026-04-13 10:50:00+05:30,1456.7,1459.4,1456.4,1458.1,23710,0
2026-04-13 10:55:00+05:30,1458.1,1459.3,1455.7,1457.2,20904,0
2026-04-13 11:00:00+05:30,1457.8,1459.5,1457.0,1458.8,16073,0
2026-04-13 11:05:00+05:30,1458.8,1462.3,1458.8,1461.7,40078,0
2026-04-13 11:10:00+05:30,1462.0,1464.3,1459.5,1461.7,42250,0
2026-04-13 11:15:00+05:30,1462.0,1467.1,1461.7,1467.0,53083,0
2026-04-13 11:20:00+05:30,1467.0,1468.4,1464.3,1468.0,77193,0
2026-04-13 11:25:00+05:30,1467.8,1468.8,1464.7,1465.5,33089,0
2026-04-13 11:30:00+05:30,1466.0,1466.9,1464.5,1465.3,32366,0
2026-04-13 11:35:00+05:30,1465.6,1466.8,1464.3,1465.0,12169,0
2026-04-13 11:40:00+05:30,1465.0,1466.9,1464.4,1465.4,11831,0
2026-04-13 11:45:00+05:30,1465.9,1469.6,1465.6,1469.2,43215,0
2026-04-13 11:50:00+05:30,1469.3,1472.0,1468.9,1471.8,56516,0
2026-04-13 11:55:00+05:30,1472.0,1473.6,1470.5,1471.6,89305,0
2026-04-13 12:00:00+05:30,1471.9,1472.4,1470.4,1471.0,10244,0
2026-04-13 12:05:00+05:30,1471.0,1471.9,1470.1,1471.0,19849,0
2026-04-13 12:10:00+05:30,1471.5,1472.7,1471.0,1471.8,8972,0
2026-04-13 12:15:00+05:30,1472.0,1472.5,1470.7,1471.1,7707,0
2026-04-13 12:20:00+05:30,1471.6,1471.6,1470.1,1470.5,8264,0
2026-04-13 12:25:00+05:30,1470.1,1471.6,1470.1,1470.8,17226,0
2026-04-13 12:30:00+05:30,1471.3,1471.9,1470.4,1470.4,10802,0
2026-04-13 12:35:00+05:30,1470.9,1472.0,1470.5,1470.6,8974,0
2026-04-13 12:40:00+05:30,1471.0,1471.9,1470.4,1471.7,10021,0
2026-04-13 12:45:00+05:30,1471.8,1473.2,1470.7,1473.0,21354,0
2026-04-13 12:50:00+05:30,1473.0,1475.0,1470.8,1472.2,77005,0
2026-04-13 12:55:00+05:30,1472.8,1474.8,1468.7,1474.3,94794,0
2026-04-13 13:00:00+05:30,1474.3,1474.7,1470.0,1472.5,136812,0
2026-04-13 13:05:00+05:30,1473.0,1476.7,1472.3,1475.5,38080,0
2026-04-13 13:10:00+05:30,1475.5,1477.9,1475.3,1476.8,16241,0
2026-04-13 13:15:00+05:30,1477.3,1477.8,1473.8,1474.8,16694,0
2026-04-13 13:20:00+05:30,1474.8,1475.4,1472.0,1472.6,22177,0
2026-04-13 13:25:00+05:30,1472.6,1473.9,1472.0,1472.0,29219,0
2026-04-13 13:30:00+05:30,1472.1,1474.2,1472.0,1473.0,9317,0
2026-04-13 13:35:00+05:30,1473.0,1476.8,1472.2,1475.3,95931,0
2026-04-13 13:40:00+05:30,1475.7,1477.0,1474.8,1475.9,58449,0
2026-04-13 13:45:00+05:30,1476.1,1476.5,1472.7,1473.8,46118,0
2026-04-13 13:50:00+05:30,1473.8,1474.7,1470.7,1473.5,39750,0
2026-04-13 13:55:00+05:30,1473.4,1474.4,1472.2,1472.5,11046,0
2026-04-13 14:00:00+05:30,1472.5,1474.0,1472.0,1472.6,14493,0
2026-04-13 14:05:00+05:30,1472.8,1473.4,1470.0,1471.4,102279,0
2026-04-13 14:10:00+05:30,1471.1,1471.7,1470.0,1470.6,10595,0
2026-04-13 14:15:00+05:30,1470.8,1471.0,1466.4,1469.4,33327,0
2026-04-13 14:20:00+05:30,1469.4,1470.3,1468.5,1469.1,13231,0
2026-04-13 14:25:00+05:30,1469.1,1470.5,1468.7,1469.3,21656,0
2026-04-13 14:30:00+05:30,1469.9,1472.3,1469.3,1471.0,18412,0
2026-04-13 14:35:00+05:30,1471.0,1472.0,1469.0,1469.2,23236,0
2026-04-13 14:40:00+05:30,1469.2,1470.1,1467.4,1467.9,54560,0
2026-04-13 14:45:00+05:30,1467.9,1469.0,1466.2,1467.9,27277,0
2026-04-13 14:50:00+05:30,1468.6,1469.7,1467.2,1468.5,17676,0
2026-04-13 14:55:00+05:30,1468.9,1469.4,1465.2,1465.2,36960,0
2026-04-13 15:00:00+05:30,1465.8,1467.6,1461.8,1464.9,51987,0
2026-04-13 15:05:00+05:30,1464.8,1468.0,1461.1,1462.7,68311,0
2026-04-13 15:10:00+05:30,1463.1,1467.9,1462.4,1465.4,71725,0
2026-04-13 15:15:00+05:30,1465.9,1466.5,1464.2,1465.4,83795,0
2026-04-13 15:20:00+05:30,1465.5,1466.5,1464.9,1465.8,110097,0
2026-04-13 15:25:00+05:30,1466.0,1468.0,1464.3,1465.1,104063,0
2026-04-15 09:15:00+05:30,1484.3,1500.0,1480.9,1495.8,360868,0
2026-04-15 09:20:00+05:30,1495.8,1496.0,1490.1,1494.0,76527,0
2026-04-15 09:25:00+05:30,1493.9,1498.5,1492.8,1497.5,96081,0
2026-04-15 09:30:00+05:30,1497.6,1501.6,1495.7,1499.2,105666,0
2026-04-15 09:35:00+05:30,1499.3,1501.6,1494.4,1495.4,99112,0
2026-04-15 09:40:00+05:30,1495.9,1501.6,1495.4,1501.0,66329,0
2026-04-15 09:45:00+05:30,1500.7,1502.5,1498.6,1499.6,118021,0
2026-04-15 09:50:00+05:30,1499.6,1504.0,1499.1,1502.9,61319,0
2026-04-15 09:55:00+05:30,1503.0,1503.7,1501.0,1503.2,25322,0
2026-04-15 10:00:00+05:30,1503.7,1504.4,1501.4,1503.5,24922,0
2026-04-15 10:05:00+05:30,1503.7,1503.9,1502.3,1503.3,17867,0
2026-04-15 10:10:00+05:30,1503.3,1504.8,1502.8,1503.0,21706,0
2026-04-15 10:15:00+05:30,1503.0,1506.0,1503.0,1505.4,48511,0
2026-04-15 10:20:00+05:30,1505.4,1507.7,1504.4,1506.8,76608,0
2026-04-15 10:25:00+05:30,1506.0,1508.2,1506.0,1507.6,41542,0
2026-04-15 10:30:00+05:30,1507.6,1509.3,1506.2,1506.4,72434,0
2026-04-15 10:35:00+05:30,1506.5,1508.2,1506.5,1507.5,28254,0
2026-04-15 10:40:00+05:30,1507.5,1508.8,1505.2,1505.2,36106,0
2026-04-15 10:45:00+05:30,1505.2,1511.0,1505.2,1507.7,113288,0
2026-04-15 10:50:00+05:30,1507.8,1507.8,1501.9,1503.5,61690,0
2026-04-15 10:55:00+05:30,1503.5,1505.5,1502.5,1503.2,22012,0
2026-04-15 11:00:00+05:30,1502.8,1504.5,1502.0,1502.9,14327,0
2026-04-15 11:05:00+05:30,1503.1,1503.6,1502.0,1502.2,17337,0
2026-04-15 11:10:00+05:30,1502.7,1503.0,1500.3,1502.0,20082,0
2026-04-15 11:15:00+05:30,1502.0,1502.5,1500.0,1500.5,25019,0
2026-04-15 11:20:00+05:30,1500.5,1502.5,1500.5,1501.4,16082,0
2026-04-15 11:25:00+05:30,1502.0,1504.8,1501.0,1504.5,26107,0
2026-04-15 11:30:00+05:30,1503.8,1506.1,1503.8,1505.4,37236,0
2026-04-15 11:35:00+05:30,1505.4,1508.0,1503.6,1507.2,20831,0
2026-04-15 11:40:00+05:30,1507.8,1510.0,1507.3,1509.2,31609,0
2026-04-15 11:45:00+05:30,1509.2,1510.7,1508.3,1509.7,27970,0
2026-04-15 11:50:00+05:30,1509.7,1512.7,1509.2,1512.2,51652,0
2026-04-15 11:55:00+05:30,1512.2,1512.5,1510.2,1510.6,31136,0
2026-04-15 12:00:00+05:30,1510.6,1512.0,1509.6,1509.9,16462,0
2026-04-15 12:05:00+05:30,1510.1,1510.6,1509.0,1509.4,12039,0
2026-04-15 12:10:00+05:30,1509.4,1511.9,1509.3,1511.1,14168,0
2026-04-15 12:15:00+05:30,1511.1,1511.6,1510.0,1510.0,9503,0
2026-04-15 12:20:00+05:30,1510.1,1511.8,1509.3,1511.6,15461,0
2026-04-15 12:25:00+05:30,1511.6,1512.4,1510.4,1511.4,16877,0
2026-04-15 12:30:00+05:30,1511.4,1513.0,1510.1,1511.1,28004,0
2026-04-15 12:35:00+05:30,1511.1,1511.7,1510.6,1511.2,20745,0
2026-04-15 12:40:00+05:30,1511.2,1511.5,1510.5,1511.0,10281,0
2026-04-15 12:45:00+05:30,1511.5,1511.6,1510.0,1510.4,18363,0
2026-04-15 12:50:00+05:30,1510.4,1511.0,1507.9,1508.9,29542,0
2026-04-15 12:55:00+05:30,1508.9,1510.2,1507.7,1509.6,22436,0
2026-04-15 13:00:00+05:30,1509.8,1511.1,1508.6,1510.6,78603,0
2026-04-15 13:05:00+05:30,1511.0,1511.1,1508.7,1509.5,8961,0
2026-04-15 13:10:00+05:30,1509.6,1510.5,1509.1,1509.6,13708,0
2026-04-15 13:15:00+05:30,1509.7,1510.0,1509.0,1509.1,9657,0
2026-04-15 13:20:00+05:30,1509.1,1509.4,1503.0,1504.0,25686,0
2026-04-15 13:25:00+05:30,1504.3,1514.3,1499.9,1508.1,371247,0
2026-04-15 13:30:00+05:30,1508.1,1511.7,1507.3,1510.9,24567,0
2026-04-15 13:35:00+05:30,1510.9,1511.3,1506.4,1508.3,24184,0
2026-04-15 13:40:00+05:30,1508.5,1510.9,1508.0,1510.2,10525,0
2026-04-15 13:45:00+05:30,1510.3,1512.4,1510.2,1512.2,22437,0
2026-04-15 13:50:00+05:30,1512.1,1513.7,1509.2,1510.1,54195,0
2026-04-15 13:55:00+05:30,1510.5,1511.0,1508.0,1509.0,33142,0
2026-04-15 14:00:00+05:30,1509.4,1511.3,1508.2,1508.8,22583,0
2026-04-15 14:05:00+05:30,1509.4,1511.3,1508.8,1510.2,36723,0
2026-04-15 14:10:00+05:30,1510.4,1510.4,1508.5,1509.0,29743,0
2026-04-15 14:15:00+05:30,1509.7,1509.7,1507.2,1508.0,26395,0
2026-04-15 14:20:00+05:30,1507.8,1508.8,1507.5,1508.2,12717,0
2026-04-15 14:25:00+05:30,1508.4,1510.0,1507.5,1509.4,11749,0
2026-04-15 14:30:00+05:30,1509.9,1510.1,1508.2,1508.8,19768,0
2026-04-15 14:35:00+05:30,1508.8,1509.7,1506.7,1508.8,38411,0
2026-04-15 14:40:00+05:30,1508.9,1512.0,1508.3,1509.0,153403,0
2026-04-15 14:45:00+05:30,1509.0,1510.6,1508.8,1509.4,41569,0
2026-04-15 14:50:00+05:30,1509.4,1514.3,1508.0,1508.8,423871,0
2026-04-15 14:55:00+05:30,1509.5,1510.0,1508.0,1509.3,31282,0
2026-04-15 15:00:00+05:30,1509.3,1510.2,1508.4,1509.4,60349,0
2026-04-15 15:05:00+05:30,1509.6,1511.2,1509.3,1510.9,109115,0
2026-04-15 15:10:00+05:30,1510.9,1514.9,1509.1,1512.4,214143,0
2026-04-15 15:15:00+05:30,1512.5,1515.0,1511.6,1513.4,118444,0
2026-04-15 15:20:00+05:30,1513.7,1514.8,1511.3,1512.0,157730,0
2026-04-15 15:25:00+05:30,1512.3,1513.0,1505.0,1508.0,122980,0
2026-04-16 09:15:00+05:30,1524.9,1524.9,1510.0,1515.9,211596,0
2026-04-16 09:20:00+05:30,1516.0,1519.9,1511.5,1518.9,63671,0
2026-04-16 09:25:00+05:30,1519.1,1520.6,1517.5,1520.0,38668,0
2026-04-16 09:30:00+05:30,1520.0,1525.4,1519.5,1525.2,79999,0
2026-04-16 09:35:00+05:30,1525.1,1526.0,1522.5,1523.9,57778,0
2026-04-16 09:40:00+05:30,1523.9,1528.0,1523.2,1525.3,57880,0
2026-04-16 09:45:00+05:30,1525.6,1537.4,1524.5,1533.1,168365,0
2026-04-16 09:50:00+05:30,1533.1,1535.3,1530.3,1532.9,53571,0
2026-04-16 09:55:00+05:30,1532.6,1533.0,1523.0,1526.2,138416,0
2026-04-16 10:00:00+05:30,1526.2,1528.0,1525.0,1526.6,43049,0
2026-04-16 10:05:00+05:30,1526.8,1529.4,1525.5,1527.4,39484,0
2026-04-16 10:10:00+05:30,1527.2,1527.9,1526.1,1526.8,21667,0
2026-04-16 10:15:00+05:30,1526.8,1530.9,1526.7,1527.7,32364,0
2026-04-16 10:20:00+05:30,1527.9,1529.5,1527.6,1528.7,12717,0
2026-04-16 10:25:00+05:30,1528.6,1530.3,1526.0,1527.5,76054,0
2026-04-16 10:30:00+05:30,1527.9,1534.0,1527.0,1533.3,58946,0
2026-04-16 10:35:00+05:30,1533.3,1534.9,1530.7,1531.6,22732,0
2026-04-16 10:40:00+05:30,1531.7,1532.1,1529.3,1531.0,29987,0
2026-04-16 10:45:00+05:30,1531.0,1531.7,1530.0,1531.4,10342,0
2026-04-16 10:50:00+05:30,1531.5,1531.7,1528.1,1530.6,67412,0
2026-04-16 10:55:00+05:30,1530.7,1531.0,1529.3,1530.0,11338,0
2026-04-16 11:00:00+05:30,1529.8,1532.0,1528.9,1530.5,79670,0
2026-04-16 11:05:00+05:30,1530.5,1532.0,1530.1,1531.3,9904,0
2026-04-16 11:10:00+05:30,1531.5,1532.0,1530.5,1531.6,9593,0
2026-04-16 11:15:00+05:30,1531.6,1532.0,1530.1,1531.5,11172,0
2026-04-16 11:20:00+05:30,1531.3,1532.0,1530.5,1531.5,25549,0
2026-04-16 11:25:00+05:30,1531.5,1531.6,1526.9,1527.1,26253,0
2026-04-16 11:30:00+05:30,1527.2,1528.0,1526.2,1527.7,9001,0
2026-04-16 11:35:00+05:30,1527.8,1528.4,1525.0,1525.4,13847,0
2026-04-16 11:40:00+05:30,1525.4,1526.8,1523.3,1524.7,51189,0
2026-04-16 11:45:00+05:30,1524.7,1524.7,1519.9,1521.5,59859,0
2026-04-16 11:50:00+05:30,1521.6,1523.8,1520.4,1522.6,20503,0
2026-04-16 11:55:00+05:30,1522.5,1523.5,1519.3,1522.7,30502,0
2026-04-16 12:00:00+05:30,1522.4,1522.7,1517.2,1518.3,58946,0
2026-04-16 12:05:00+05:30,1518.7,1521.0,1517.2,1520.0,116813,0
2026-04-16 12:10:00+05:30,1520.1,1522.5,1519.4,1521.5,73225,0
2026-04-16 12:15:00+05:30,1521.3,1523.0,1519.6,1522.8,71254,0
2026-04-16 12:20:00+05:30,1522.6,1525.7,1522.0,1522.4,55497,0
2026-04-16 12:25:00+05:30,1522.5,1525.1,1521.7,1524.7,21400,0
2026-04-16 12:30:00+05:30,1524.7,1525.5,1523.0,1523.7,7400,0
2026-04-16 12:35:00+05:30,1523.7,1528.3,1523.3,1527.7,19564,0
2026-04-16 12:40:00+05:30,1527.6,1529.5,1527.2,1528.4,22485,0
2026-04-16 12:45:00+05:30,1528.3,1528.9,1526.1,1526.9,8740,0
2026-04-16 12:50:00+05:30,1526.9,1531.6,1525.2,1528.5,27318,0
2026-04-16 12:55:00+05:30,1528.8,1530.9,1526.3,1530.0,22853,0
2026-04-16 13:00:00+05:30,1529.8,1536.0,1528.5,1536.0,1494768,0
2026-04-16 13:05:00+05:30,1535.9,1538.7,1535.2,1536.0,227619,0
2026-04-16 13:10:00+05:30,1536.2,1538.6,1535.4,1538.0,36738,0
2026-04-16 13:15:00+05:30,1538.0,1541.0,1537.4,1540.6,102748,0
2026-04-16 13:20:00+05:30,1540.7,1543.9,1538.9,1539.4,76272,0
2026-04-16 13:25:00+05:30,1539.7,1542.5,1539.0,1541.9,31097,0
2026-04-16 13:30:00+05:30,1541.9,1546.0,1541.3,1544.4,70204,0
2026-04-16 13:35:00+05:30,1544.5,1545.0,1541.0,1542.6,28157,0
2026-04-16 13:40:00+05:30,1542.5,1549.9,1542.0,1548.3,357999,0
2026-04-16 13:45:00+05:30,1548.2,1551.0,1548.1,1549.2,60171,0
2026-04-16 13:50:00+05:30,1549.1,1555.8,1549.0,1554.5,134820,0
2026-04-16 13:55:00+05:30,1554.4,1555.0,1551.2,1554.9,48903,0
2026-04-16 14:00:00+05:30,1554.9,1555.5,1548.1,1548.5,78960,0
2026-04-16 14:05:00+05:30,1548.6,1550.6,1546.1,1547.8,57059,0
2026-04-16 14:10:00+05:30,1547.8,1549.1,1547.1,1547.4,27735,0
2026-04-16 14:15:00+05:30,1547.4,1549.7,1547.0,1548.9,22757,0
2026-04-16 14:20:00+05:30,1548.8,1549.0,1547.3,1548.3,18476,0
2026-04-16 14:25:00+05:30,1548.2,1550.1,1548.1,1549.6,21672,0
2026-04-16 14:30:00+05:30,1549.6,1552.2,1549.6,1550.5,62479,0
2026-04-16 14:35:00+05:30,1550.5,1551.2,1547.4,1548.1,42205,0
2026-04-16 14:40:00+05:30,1548.3,1550.0,1547.5,1547.7,29835,0
2026-04-16 14:45:00+05:30,1547.8,1551.4,1547.7,1549.8,24523,0
2026-04-16 14:50:00+05:30,1549.9,1552.0,1548.9,1549.6,183725,0
2026-04-16 14:55:00+05:30,1549.7,1550.6,1548.5,1548.9,64459,0
2026-04-16 15:00:00+05:30,1548.9,1550.9,1545.1,1550.1,366971,0
2026-04-16 15:05:00+05:30,1550.0,1550.4,1548.2,1550.0,319671,0
2026-04-16 15:10:00+05:30,1549.9,1550.3,1548.7,1550.0,291579,0
2026-04-16 15:15:00+05:30,1549.9,1551.4,1549.6,1550.0,303223,0
2026-04-16 15:20:00+05:30,1550.0,1551.6,1549.8,1549.9,341976,0
2026-04-16 15:25:00+05:30,1550.0,1553.0,1541.3,1545.0,399824,0
2026-04-17 09:15:00+05:30,1559.0,1565.9,1549.2,1559.8,293897,0
2026-04-17 09:20:00+05:30,1559.8,1565.3,1559.0,1563.2,125131,0
2026-04-17 09:25:00+05:30,1563.1,1569.7,1562.5,1568.6,140633,0
2026-04-17 09:30:00+05:30,1568.2,1577.9,1568.0,1577.1,219012,0
2026-04-17 09:35:00+05:30,1576.7,1576.7,1566.1,1569.2,150125,0
2026-04-17 09:40:00+05:30,1569.2,1569.4,1564.0,1564.6,90303,0
2026-04-17 09:45:00+05:30,1564.6,1567.5,1562.7,1566.7,63160,0
2026-04-17 09:50:00+05:30,1566.7,1569.0,1565.7,1567.4,37060,0
2026-04-17 09:55:00+05:30,1567.3,1570.4,1566.6,1568.3,59878,0
2026-04-17 10:00:00+05:30,1568.3,1568.7,1562.0,1566.1,49593,0
2026-04-17 10:05:00+05:30,1566.5,1576.7,1566.2,1574.6,136846,0
2026-04-17 10:10:00+05:30,1574.6,1575.6,1573.8,1574.6,28392,0
2026-04-17 10:15:00+05:30,1574.7,1576.8,1574.4,1576.6,26106,0
2026-04-17 10:20:00+05:30,1576.6,1576.9,1575.1,1575.7,23833,0
2026-04-17 10:25:00+05:30,1575.9,1576.4,1574.7,1574.8,23901,0
2026-04-17 10:30:00+05:30,1574.8,1577.0,1574.8,1576.2,55141,0
2026-04-17 10:35:00+05:30,1576.2,1578.5,1571.1,1571.4,89131,0
2026-04-17 10:40:00+05:30,1571.5,1574.7,1569.0,1569.5,74530,0
2026-04-17 10:45:00+05:30,1569.5,1574.0,1568.8,1573.1,26752,0
2026-04-17 10:50:00+05:30,1573.1,1575.7,1571.9,1575.0,68795,0
2026-04-17 10:55:00+05:30,1575.0,1576.0,1574.7,1575.2,39341,0
2026-04-17 11:00:00+05:30,1575.5,1575.8,1569.0,1569.6,119155,0
2026-04-17 11:05:00+05:30,1569.7,1571.2,1568.3,1568.9,28527,0
2026-04-17 11:10:00+05:30,1568.9,1570.6,1568.0,1568.8,31584,0
2026-04-17 11:15:00+05:30,1568.8,1569.0,1566.6,1567.2,29486,0
2026-04-17 11:20:00+05:30,1567.4,1568.8,1564.6,1565.8,42716,0
2026-04-17 11:25:00+05:30,1565.8,1566.2,1562.9,1563.5,37038,0
2026-04-17 11:30:00+05:30,1563.8,1564.8,1563.2,1564.7,33840,0
2026-04-17 11:35:00+05:30,1564.7,1565.0,1559.6,1561.1,44600,0
2026-04-17 11:40:00+05:30,1561.1,1561.8,1558.8,1560.6,60270,0
2026-04-17 11:45:00+05:30,1560.1,1561.1,1554.8,1555.0,184034,0
2026-04-17 11:50:00+05:30,1554.8,1559.7,1554.5,1559.7,188177,0
2026-04-17 11:55:00+05:30,1559.7,1560.8,1558.6,1558.7,110763,0
2026-04-17 12:00:00+05:30,1558.7,1559.0,1554.5,1557.1,88470,0
2026-04-17 12:05:00+05:30,1557.0,1560.7,1554.6,1559.1,48492,0
2026-04-17 12:10:00+05:30,1559.2,1560.8,1558.0,1559.7,27506,0
2026-04-17 12:15:00+05:30,1559.7,1561.0,1556.8,1560.5,56182,0
2026-04-17 12:20:00+05:30,1560.5,1563.5,1560.1,1562.8,56017,0
2026-04-17 12:25:00+05:30,1563.3,1564.1,1561.2,1561.7,16388,0
2026-04-17 12:30:00+05:30,1561.7,1562.8,1561.0,1561.3,14435,0
2026-04-17 12:35:00+05:30,1561.6,1562.5,1557.5,1558.8,52516,0
2026-04-17 12:40:00+05:30,1558.9,1560.5,1557.5,1558.8,26429,0
2026-04-17 12:45:00+05:30,1558.8,1560.6,1558.5,1560.3,14398,0
2026-04-17 12:50:00+05:30,1560.3,1561.5,1558.6,1560.0,17128,0
2026-04-17 12:55:00+05:30,1560.5,1561.5,1559.6,1560.5,12714,0
2026-04-17 13:00:00+05:30,1560.7,1562.0,1560.4,1561.0,12933,0
2026-04-17 13:05:00+05:30,1561.1,1562.0,1560.5,1561.4,10304,0
2026-04-17 13:10:00+05:30,1561.4,1562.0,1560.6,1560.7,10426,0
2026-04-17 13:15:00+05:30,1560.7,1561.7,1560.2,1560.5,8967,0
2026-04-17 13:20:00+05:30,1560.4,1563.3,1560.4,1561.5,17946,0
2026-04-17 13:25:00+05:30,1561.5,1562.9,1560.9,1562.5,10837,0
2026-04-17 13:30:00+05:30,1562.6,1564.0,1560.2,1563.7,35578,0
2026-04-17 13:35:00+05:30,1563.7,1566.5,1563.3,1564.6,26029,0
2026-04-17 13:40:00+05:30,1564.6,1566.4,1564.1,1565.1,22397,0
2026-04-17 13:45:00+05:30,1565.0,1565.9,1564.7,1565.4,20128,0
2026-04-17 13:50:00+05:30,1565.4,1566.5,1565.0,1565.4,10929,0
2026-04-17 13:55:00+05:30,1565.6,1567.9,1565.2,1567.0,26695,0
2026-04-17 14:00:00+05:30,1567.0,1569.6,1566.0,1567.9,32790,0
2026-04-17 14:05:00+05:30,1568.0,1569.5,1566.8,1569.2,16725,0
2026-04-17 14:10:00+05:30,1569.3,1572.0,1568.7,1571.7,44408,0
2026-04-17 14:15:00+05:30,1572.0,1574.1,1571.2,1573.6,44416,0
2026-04-17 14:20:00+05:30,1573.6,1575.0,1572.7,1572.8,30158,0
2026-04-17 14:25:00+05:30,1572.9,1574.7,1571.9,1573.4,25579,0
2026-04-17 14:30:00+05:30,1573.8,1574.2,1572.6,1573.5,23802,0
2026-04-17 14:35:00+05:30,1573.7,1575.0,1573.2,1574.0,31481,0
2026-04-17 14:40:00+05:30,1574.3,1574.7,1573.0,1573.3,25452,0
2026-04-17 14:45:00+05:30,1573.8,1573.9,1570.7,1572.7,46510,0
2026-04-17 14:50:00+05:30,1572.7,1577.5,1572.0,1573.8,200249,0
2026-04-17 14:55:00+05:30,1573.7,1575.6,1572.7,1573.6,271876,0
2026-04-17 15:00:00+05:30,1573.7,1575.5,1568.1,1570.9,381443,0
2026-04-17 15:05:00+05:30,1571.7,1573.8,1570.3,1572.4,298553,0
2026-04-17 15:10:00+05:30,1572.4,1575.9,1572.0,1574.2,294877,0
2026-04-17 15:15:00+05:30,1574.0,1576.7,1573.4,1574.7,307062,0
2026-04-17 15:20:00+05:30,1574.6,1577.5,1573.5,1575.1,346014,0
2026-04-17 15:25:00+05:30,1575.0,1576.0,1570.1,1572.4,227063,0
2026-04-20 09:15:00+05:30,1572.4,1584.0,1566.1,1582.4,234143,0
2026-04-20 09:20:00+05:30,1583.0,1592.2,1583.0,1590.8,134146,0
2026-04-20 09:25:00+05:30,1590.6,1592.2,1582.0,1583.2,106034,0
2026-04-20 09:30:00+05:30,1583.2,1583.6,1579.1,1581.6,71578,0
2026-04-20 09:35:00+05:30,1581.6,1582.0,1579.3,1580.0,28002,0
2026-04-20 09:40:00+05:30,1580.3,1582.6,1576.1,1576.7,73637,0
2026-04-20 09:45:00+05:30,1576.4,1577.3,1572.3,1574.7,86834,0
2026-04-20 09:50:00+05:30,1575.6,1580.8,1574.6,1580.0,33245,0
2026-04-20 09:55:00+05:30,1579.7,1580.3,1575.0,1576.0,34923,0
2026-04-20 10:00:00+05:30,1576.0,1578.8,1575.0,1577.3,30385,0
2026-04-20 10:05:00+05:30,1576.6,1585.1,1576.5,1583.7,28313,0
2026-04-20 10:10:00+05:30,1584.0,1585.4,1581.3,1582.0,16298,0
2026-04-20 10:15:00+05:30,1582.0,1585.5,1581.0,1584.0,30882,0
2026-04-20 10:20:00+05:30,1584.0,1585.5,1583.0,1585.0,13114,0
2026-04-20 10:25:00+05:30,1585.4,1586.5,1583.1,1586.5,44120,0
2026-04-20 10:30:00+05:30,1586.5,1589.4,1585.9,1588.0,24044,0
2026-04-20 10:35:00+05:30,1588.0,1589.0,1582.9,1583.7,17029,0
2026-04-20 10:40:00+05:30,1583.8,1588.0,1583.4,1586.8,14467,0
2026-04-20 10:45:00+05:30,1587.5,1592.0,1586.6,1590.8,90381,0
2026-04-20 10:50:00+05:30,1591.7,1595.0,1589.5,1591.5,63132,0
2026-04-20 10:55:00+05:30,1591.8,1594.8,1591.2,1594.3,13274,0
2026-04-20 11:00:00+05:30,1594.3,1596.0,1589.3,1591.9,114800,0
2026-04-20 11:05:00+05:30,1591.2,1593.9,1587.7,1589.0,33642,0
2026-04-20 11:10:00+05:30,1589.3,1591.2,1585.7,1588.5,52301,0
2026-04-20 11:15:00+05:30,1589.5,1590.0,1588.2,1589.0,9393,0
2026-04-20 11:20:00+05:30,1589.4,1591.4,1588.9,1589.0,58052,0
2026-04-20 11:25:00+05:30,1589.0,1590.0,1588.1,1589.9,12436,0
2026-04-20 11:30:00+05:30,1590.0,1590.0,1588.6,1589.0,5834,0
2026-04-20 11:35:00+05:30,1589.4,1589.9,1588.0,1588.8,12063,0
2026-04-20 11:40:00+05:30,1588.8,1590.0,1588.4,1590.0,9005,0
2026-04-20 11:45:00+05:30,1589.9,1590.0,1587.9,1589.4,5557,0
2026-04-20 11:50:00+05:30,1589.3,1590.1,1588.2,1588.8,23592,0
2026-04-20 11:55:00+05:30,1589.0,1589.0,1587.1,1587.6,6429,0
2026-04-20 12:00:00+05:30,1587.8,1590.0,1587.8,1590.0,31298,0
2026-04-20 12:05:00+05:30,1590.0,1592.3,1588.5,1589.4,43522,0
2026-04-20 12:10:00+05:30,1589.5,1591.2,1588.5,1590.0,16408,0
2026-04-20 12:15:00+05:30,1590.1,1591.0,1586.2,1588.0,30703,0
2026-04-20 12:20:00+05:30,1588.0,1591.6,1587.5,1591.4,37428,0
2026-04-20 12:25:00+05:30,1591.4,1594.6,1590.0,1593.0,86061,0
2026-04-20 12:30:00+05:30,1593.1,1594.8,1591.5,1594.5,12342,0
2026-04-20 12:35:00+05:30,1594.5,1594.9,1592.4,1594.8,12063,0
2026-04-20 12:40:00+05:30,1594.7,1594.8,1592.6,1592.6,11579,0
2026-04-20 12:45:00+05:30,1593.2,1593.9,1590.3,1590.8,12617,0
2026-04-20 12:50:00+05:30,1591.5,1594.8,1590.9,1594.0,11414,0
2026-04-20 12:55:00+05:30,1594.3,1597.0,1594.0,1596.0,32712,0
2026-04-20 13:00:00+05:30,1595.7,1598.0,1590.8,1596.9,46657,0
2026-04-20 13:05:00+05:30,1596.8,1596.9,1594.1,1595.3,17677,0
2026-04-20 13:10:00+05:30,1595.0,1597.5,1593.2,1597.5,22672,0
2026-04-20 13:15:00+05:30,1597.4,1600.5,1595.7,1598.4,78593,0
2026-04-20 13:20:00+05:30,1598.4,1598.4,1588.0,1588.6,106379,0
2026-04-20 13:25:00+05:30,1589.0,1589.0,1583.2,1586.3,81626,0
2026-04-20 13:30:00+05:30,1586.3,1587.9,1585.3,1587.8,22218,0
2026-04-20 13:35:00+05:30,1587.7,1587.7,1585.5,1586.9,28673,0
2026-04-20 13:40:00+05:30,1586.8,1588.7,1585.9,1587.7,17475,0
2026-04-20 13:45:00+05:30,1587.7,1589.5,1586.0,1589.1,13620,0
2026-04-20 13:50:00+05:30,1589.5,1590.1,1588.1,1589.6,17739,0
2026-04-20 13:55:00+05:30,1589.0,1589.6,1587.0,1588.2,10989,0
2026-04-20 14:00:00+05:30,1588.0,1588.8,1586.0,1586.5,12157,0
2026-04-20 14:05:00+05:30,1587.1,1587.4,1582.5,1583.4,24707,0
2026-04-20 14:10:00+05:30,1583.9,1585.9,1583.4,1585.6,25812,0
2026-04-20 14:15:00+05:30,1585.4,1586.3,1583.1,1584.3,15100,0
2026-04-20 14:20:00+05:30,1584.2,1587.2,1583.4,1587.1,10669,0
2026-04-20 14:25:00+05:30,1586.8,1590.7,1585.7,1588.4,26345,0
2026-04-20 14:30:00+05:30,1588.4,1588.7,1586.0,1587.5,17206,0
2026-04-20 14:35:00+05:30,1587.5,1587.8,1586.1,1586.9,18108,0
2026-04-20 14:40:00+05:30,1586.6,1587.1,1584.0,1584.4,20688,0
2026-04-20 14:45:00+05:30,1584.4,1586.5,1583.7,1586.0,30178,0
2026-04-20 14:50:00+05:30,1586.3,1587.0,1584.0,1585.3,24443,0
2026-04-20 14:55:00+05:30,1585.0,1587.0,1583.0,1585.6,34527,0
2026-04-20 15:00:00+05:30,1585.7,1586.0,1582.6,1583.4,42076,0
2026-04-20 15:05:00+05:30,1583.4,1584.9,1582.8,1583.5,46828,0
2026-04-20 15:10:00+05:30,1583.5,1584.1,1579.0,1579.2,71998,0
2026-04-20 15:15:00+05:30,1579.9,1580.0,1573.3,1573.9,86375,0
2026-04-20 15:20:00+05:30,1574.6,1576.6,1573.5,1574.3,75888,0
2026-04-20 15:25:00+05:30,1574.3,1579.6,1571.8,1572.1,79930,0
2026-04-21 09:15:00+05:30,1578.5,1605.0,1578.4,1602.3,1335279,0
2026-04-21 09:20:00+05:30,1601.8,1602.5,1595.7,1596.4,53504,0
2026-04-21 09:25:00+05:30,1596.4,1598.0,1595.2,1596.7,27151,0
2026-04-21 09:30:00+05:30,1597.5,1599.5,1594.0,1595.0,41163,0
2026-04-21 09:35:00+05:30,1595.7,1597.3,1594.1,1596.5,27951,0
2026-04-21 09:40:00+05:30,1596.5,1597.5,1592.0,1592.0,34764,0
2026-04-21 09:45:00+05:30,1592.7,1600.5,1592.0,1599.2,45468,0
2026-04-21 09:50:00+05:30,1599.1,1599.8,1596.5,1598.4,18208,0
2026-04-21 09:55:00+05:30,1598.4,1599.1,1597.5,1598.5,17700,0
2026-04-21 10:00:00+05:30,1598.5,1599.8,1597.5,1599.2,20630,0
2026-04-21 10:05:00+05:30,1599.2,1603.0,1598.3,1601.4,34851,0
2026-04-21 10:10:00+05:30,1601.4,1601.9,1598.0,1598.1,26356,0
2026-04-21 10:15:00+05:30,1598.1,1600.3,1596.0,1597.1,29818,0
2026-04-21 10:20:00+05:30,1597.1,1597.5,1596.0,1597.5,8501,0
2026-04-21 10:25:00+05:30,1597.5,1603.0,1596.6,1603.0,114445,0
2026-04-21 10:30:00+05:30,1602.9,1603.9,1600.6,1601.3,18608,0
2026-04-21 10:35:00+05:30,1601.3,1606.0,1600.9,1605.4,46763,0
2026-04-21 10:40:00+05:30,1605.8,1609.0,1604.9,1607.8,66384,0
2026-04-21 10:45:00+05:30,1607.2,1610.7,1607.2,1609.5,69075,0
2026-04-21 10:50:00+05:30,1609.2,1611.9,1609.0,1611.0,30348,0
2026-04-21 10:55:00+05:30,1611.0,1611.0,1608.0,1610.0,25638,0
2026-04-21 11:00:00+05:30,1610.5,1611.0,1608.7,1609.1,16791,0
2026-04-21 11:05:00+05:30,1609.2,1610.0,1608.3,1609.6,14446,0
2026-04-21 11:10:00+05:30,1609.0,1609.9,1605.8,1607.9,66502,0
2026-04-21 11:15:00+05:30,1608.5,1610.6,1607.0,1607.0,23150,0
2026-04-21 11:20:00+05:30,1607.0,1608.0,1602.3,1603.6,72972,0
2026-04-21 11:25:00+05:30,1603.6,1604.4,1601.4,1603.3,21483,0
2026-04-21 11:30:00+05:30,1603.2,1603.4,1600.4,1600.4,15483,0
2026-04-21 11:35:00+05:30,1601.0,1603.7,1600.0,1600.3,89945,0
2026-04-21 11:40:00+05:30,1601.0,1602.5,1600.1,1600.8,50685,0
2026-04-21 11:45:00+05:30,1600.4,1605.9,1600.0,1601.6,95074,0
2026-04-21 11:50:00+05:30,1601.6,1601.9,1599.0,1600.4,20371,0
2026-04-21 11:55:00+05:30,1600.4,1600.7,1600.0,1600.1,9499,0
2026-04-21 12:00:00+05:30,1600.1,1601.0,1599.4,1600.7,19253,0
2026-04-21 12:05:00+05:30,1600.9,1601.0,1600.0,1600.9,10813,0
2026-04-21 12:10:00+05:30,1600.9,1609.5,1600.7,1608.8,67079,0
2026-04-21 12:15:00+05:30,1608.8,1609.3,1606.5,1608.5,17424,0
2026-04-21 12:20:00+05:30,1608.5,1609.6,1607.4,1608.3,18834,0
2026-04-21 12:25:00+05:30,1607.8,1609.8,1607.1,1609.7,23386,0
2026-04-21 12:30:00+05:30,1609.8,1610.0,1606.1,1607.1,14986,0
2026-04-21 12:35:00+05:30,1607.1,1609.0,1606.2,1608.6,12448,0
2026-04-21 12:40:00+05:30,1608.6,1609.3,1607.2,1607.9,8352,0
2026-04-21 12:45:00+05:30,1608.0,1608.3,1605.0,1606.2,10955,0
2026-04-21 12:50:00+05:30,1606.2,1606.3,1602.2,1602.5,15118,0
2026-04-21 12:55:00+05:30,1602.5,1602.8,1600.1,1601.0,16798,0
2026-04-21 13:00:00+05:30,1601.0,1601.1,1599.3,1599.8,19310,0
2026-04-21 13:05:00+05:30,1599.8,1599.8,1597.6,1598.7,17928,0
2026-04-21 13:10:00+05:30,1599.0,1601.0,1598.6,1600.8,11079,0
2026-04-21 13:15:00+05:30,1600.7,1601.0,1599.2,1599.3,14142,0
2026-04-21 13:20:00+05:30,1599.3,1600.9,1599.3,1600.0,6873,0
2026-04-21 13:25:00+05:30,1600.7,1601.0,1600.0,1600.4,5448,0
2026-04-21 13:30:00+05:30,1600.0,1601.0,1599.7,1600.4,13694,0
2026-04-21 13:35:00+05:30,1601.0,1601.0,1598.4,1598.6,17486,0
2026-04-21 13:40:00+05:30,1598.9,1601.0,1598.3,1600.3,745542,0
2026-04-21 13:45:00+05:30,1600.3,1600.5,1598.4,1600.2,116821,0
2026-04-21 13:50:00+05:30,1600.6,1602.0,1600.0,1601.5,44410,0
2026-04-21 13:55:00+05:30,1601.5,1602.9,1600.1,1600.3,9455,0
2026-04-21 14:00:00+05:30,1601.0,1601.6,1600.1,1601.0,9955,0
2026-04-21 14:05:00+05:30,1601.0,1601.0,1595.1,1595.3,19826,0
2026-04-21 14:10:00+05:30,1595.6,1596.4,1593.8,1595.2,30303,0
2026-04-21 14:15:00+05:30,1595.4,1596.5,1595.2,1596.0,7669,0
2026-04-21 14:20:00+05:30,1596.3,1598.8,1595.7,1597.6,12772,0
2026-04-21 14:25:00+05:30,1598.0,1598.3,1595.7,1597.6,8938,0
2026-04-21 14:30:00+05:30,1597.7,1597.7,1595.2,1595.3,11615,0
2026-04-21 14:35:00+05:30,1595.5,1596.8,1594.4,1595.0,13430,0
2026-04-21 14:40:00+05:30,1595.2,1595.8,1592.4,1593.5,18657,0
2026-04-21 14:45:00+05:30,1594.3,1594.4,1591.9,1594.0,14019,0
2026-04-21 14:50:00+05:30,1594.7,1597.1,1594.2,1596.1,9815,0
2026-04-21 14:55:00+05:30,1596.7,1596.7,1593.8,1594.9,13017,0
2026-04-21 15:00:00+05:30,1594.9,1598.9,1594.3,1597.9,30674,0
2026-04-21 15:05:00+05:30,1597.9,1597.9,1594.0,1594.9,21003,0
2026-04-21 15:10:00+05:30,1595.0,1597.0,1594.7,1596.7,21150,0
2026-04-21 15:15:00+05:30,1596.2,1596.7,1593.1,1593.1,54320,0
2026-04-21 15:20:00+05:30,1593.3,1594.4,1590.0,1591.1,65812,0
2026-04-21 15:25:00+05:30,1591.1,1598.0,1590.5,1598.0,66994,0
2026-04-22 09:15:00+05:30,1588.9,1596.5,1582.0,1587.3,149138,0
2026-04-22 09:20:00+05:30,1586.4,1593.4,1586.2,1589.7,38042,0
2026-04-22 09:25:00+05:30,1589.8,1589.8,1586.4,1587.2,21486,0
2026-04-22 09:30:00+05:30,1586.8,1589.5,1585.7,1589.5,18448,0
2026-04-22 09:35:00+05:30,1588.9,1589.5,1586.5,1588.0,19939,0
2026-04-22 09:40:00+05:30,1587.6,1589.8,1585.4,1587.0,39030,0
2026-04-22 09:45:00+05:30,1587.0,1588.5,1585.0,1586.5,22479,0
2026-04-22 09:50:00+05:30,1587.4,1587.8,1582.5,1582.9,33127,0
2026-04-22 09:55:00+05:30,1582.7,1587.5,1582.0,1583.2,18117,0
2026-04-22 10:00:00+05:30,1583.2,1588.7,1582.5,1586.7,19398,0
2026-04-22 10:05:00+05:30,1586.3,1586.5,1584.1,1585.0,9542,0
2026-04-22 10:10:00+05:30,1584.9,1586.0,1584.4,1585.1,3783,0
2026-04-22 10:15:00+05:30,1585.0,1588.0,1585.0,1586.8,11337,0
2026-04-22 10:20:00+05:30,1586.8,1589.9,1585.2,1589.2,17791,0
2026-04-22 10:25:00+05:30,1589.0,1591.2,1587.1,1590.6,41255,0
2026-04-22 10:30:00+05:30,1590.6,1597.7,1590.1,1594.0,99396,0
2026-04-22 10:35:00+05:30,1594.0,1594.7,1592.1,1593.3,10584,0
2026-04-22 10:40:00+05:30,1593.3,1593.3,1590.7,1592.5,13936,0
2026-04-22 10:45:00+05:30,1592.0,1595.0,1591.4,1592.9,6358,0
2026-04-22 10:50:00+05:30,1592.9,1594.5,1592.3,1594.0,7149,0
2026-04-22 10:55:00+05:30,1594.0,1594.0,1590.1,1590.6,9503,0
2026-04-22 11:00:00+05:30,1591.0,1592.4,1589.9,1592.3,6499,0
2026-04-22 11:05:00+05:30,1591.8,1592.3,1590.2,1591.0,4021,0
2026-04-22 11:10:00+05:30,1591.0,1592.9,1589.2,1592.9,5347,0
2026-04-22 11:15:00+05:30,1592.8,1596.0,1591.2,1595.9,11089,0
2026-04-22 11:20:00+05:30,1595.9,1595.9,1593.8,1595.0,13035,0
2026-04-22 11:25:00+05:30,1595.0,1595.0,1593.5,1594.8,12615,0
2026-04-22 11:30:00+05:30,1594.8,1596.2,1592.5,1594.5,105872,0
2026-04-22 11:35:00+05:30,1594.5,1595.7,1592.0,1592.8,17757,0
2026-04-22 11:40:00+05:30,1592.8,1594.1,1592.4,1593.1,5150,0
2026-04-22 11:45:00+05:30,1593.1,1595.0,1591.3,1595.0,10582,0
2026-04-22 11:50:00+05:30,1595.0,1595.8,1594.0,1595.6,8318,0
2026-04-22 11:55:00+05:30,1595.2,1596.9,1594.1,1596.3,7715,0
2026-04-22 12:00:00+05:30,1596.3,1598.5,1596.3,1598.2,15151,0
2026-04-22 12:05:00+05:30,1598.3,1598.4,1594.2,1595.4,11992,0
2026-04-22 12:10:00+05:30,1595.4,1595.5,1593.6,1594.6,6071,0
2026-04-22 12:15:00+05:30,1594.6,1595.0,1593.0,1593.3,15697,0
2026-04-22 12:20:00+05:30,1593.3,1594.1,1591.7,1593.0,9270,0
2026-04-22 12:25:00+05:30,1593.0,1593.7,1592.2,1592.6,3102,0
2026-04-22 12:30:00+05:30,1592.6,1593.5,1590.9,1592.0,18668,0
2026-04-22 12:35:00+05:30,1591.7,1592.0,1590.0,1591.5,5145,0
2026-04-22 12:40:00+05:30,1591.5,1591.5,1590.1,1591.4,3593,0
2026-04-22 12:45:00+05:30,1591.4,1592.0,1590.5,1590.5,6952,0
2026-04-22 12:50:00+05:30,1591.1,1592.0,1590.5,1591.9,21553,0
2026-04-22 12:55:00+05:30,1591.8,1593.8,1590.0,1593.8,30176,0
2026-04-22 13:00:00+05:30,1593.8,1598.3,1593.3,1594.1,22630,0
2026-04-22 13:05:00+05:30,1594.6,1595.2,1594.0,1594.4,4665,0
2026-04-22 13:10:00+05:30,1594.4,1594.8,1593.3,1594.1,5122,0
2026-04-22 13:15:00+05:30,1594.1,1594.6,1591.9,1592.3,5869,0
2026-04-22 13:20:00+05:30,1592.6,1593.0,1590.0,1591.4,9753,0
2026-04-22 13:25:00+05:30,1591.4,1592.5,1591.0,1592.0,8196,0
2026-04-22 13:30:00+05:30,1592.0,1593.9,1590.1,1591.5,52019,0
2026-04-22 13:35:00+05:30,1591.8,1599.2,1591.8,1596.9,43547,0
2026-04-22 13:40:00+05:30,1596.9,1602.0,1596.1,1601.4,47372,0
2026-04-22 13:45:00+05:30,1601.4,1603.4,1598.7,1600.0,29383,0
2026-04-22 13:50:00+05:30,1600.0,1600.4,1597.9,1598.1,27831,0
2026-04-22 13:55:00+05:30,1598.7,1599.2,1594.1,1596.4,12729,0
2026-04-22 14:00:00+05:30,1596.1,1597.1,1591.1,1592.8,25665,0
2026-04-22 14:05:00+05:30,1592.8,1593.6,1592.0,1592.4,9707,0
2026-04-22 14:10:00+05:30,1592.4,1592.9,1591.2,1592.6,7019,0
2026-04-22 14:15:00+05:30,1592.6,1592.6,1590.0,1591.1,15787,0
2026-04-22 14:20:00+05:30,1591.1,1592.0,1590.2,1591.8,6854,0
2026-04-22 14:25:00+05:30,1591.7,1592.0,1589.8,1591.1,14919,0
2026-04-22 14:30:00+05:30,1590.7,1592.5,1590.0,1590.5,19749,0
2026-04-22 14:35:00+05:30,1590.5,1596.8,1590.3,1596.5,54551,0
2026-04-22 14:40:00+05:30,1596.2,1596.8,1590.3,1592.9,40097,0
2026-04-22 14:45:00+05:30,1593.0,1593.7,1592.1,1592.9,7061,0
2026-04-22 14:50:00+05:30,1592.9,1595.0,1592.2,1595.0,37787,0
2026-04-22 14:55:00+05:30,1595.0,1595.8,1593.7,1595.0,24738,0
2026-04-22 15:00:00+05:30,1594.7,1594.7,1587.3,1588.9,35594,0
2026-04-22 15:05:00+05:30,1588.7,1589.8,1587.5,1588.5,47097,0
2026-04-22 15:10:00+05:30,1588.5,1591.4,1588.0,1589.2,46581,0
2026-04-22 15:15:00+05:30,1589.0,1590.0,1588.3,1589.7,43742,0
2026-04-22 15:20:00+05:30,1589.5,1591.5,1583.9,1587.5,191615,0
2026-04-22 15:25:00+05:30,1587.0,1590.0,1585.9,1589.7,55108,0
2026-04-23 09:15:00+05:30,1575.0,1580.0,1566.2,1572.0,121954,0
2026-04-23 09:20:00+05:30,1572.1,1579.5,1572.1,1576.8,70988,0
2026-04-23 09:25:00+05:30,1576.7,1581.2,1575.0,1578.3,44037,0
2026-04-23 09:30:00+05:30,1578.7,1581.5,1571.6,1573.1,31893,0
2026-04-23 09:35:00+05:30,1573.1,1579.5,1573.1,1578.0,21618,0
2026-04-23 09:40:00+05:30,1578.0,1581.2,1576.2,1578.8,14707,0
2026-04-23 09:45:00+05:30,1579.3,1580.8,1578.5,1579.3,12314,0
2026-04-23 09:50:00+05:30,1579.7,1583.9,1579.6,1581.0,19182,0
2026-04-23 09:55:00+05:30,1580.9,1582.6,1580.0,1580.3,8920,0
2026-04-23 10:00:00+05:30,1580.6,1582.3,1580.0,1582.3,6918,0
2026-04-23 10:05:00+05:30,1582.4,1582.9,1580.0,1580.6,11360,0
2026-04-23 10:10:00+05:30,1581.1,1581.1,1578.4,1580.1,5987,0
2026-04-23 10:15:00+05:30,1579.7,1581.6,1578.6,1581.2,5623,0
2026-04-23 10:20:00+05:30,1581.6,1583.3,1581.2,1581.7,6465,0
2026-04-23 10:25:00+05:30,1581.7,1583.0,1581.0,1583.0,6031,0
2026-04-23 10:30:00+05:30,1582.7,1584.6,1579.3,1579.8,14182,0
2026-04-23 10:35:00+05:30,1580.0,1580.5,1578.0,1579.0,7119,0
2026-04-23 10:40:00+05:30,1578.8,1581.9,1578.2,1580.3,9421,0
2026-04-23 10:45:00+05:30,1580.7,1584.5,1578.7,1584.1,24294,0
2026-04-23 10:50:00+05:30,1584.4,1588.1,1583.9,1587.7,26424,0
2026-04-23 10:55:00+05:30,1587.7,1587.9,1583.6,1585.6,70014,0
2026-04-23 11:00:00+05:30,1586.1,1592.7,1585.6,1592.1,151190,0
2026-04-23 11:05:00+05:30,1591.9,1592.7,1588.1,1588.7,28438,0
2026-04-23 11:10:00+05:30,1588.7,1588.8,1584.7,1585.0,16460,0
2026-04-23 11:15:00+05:30,1585.0,1587.0,1584.6,1586.8,5577,0
2026-04-23 11:20:00+05:30,1586.9,1588.0,1586.0,1587.0,15996,0
2026-04-23 11:25:00+05:30,1587.0,1588.0,1586.4,1587.8,5687,0
2026-04-23 11:30:00+05:30,1587.9,1588.2,1587.0,1588.0,16662,0
2026-04-23 11:35:00+05:30,1588.0,1596.0,1587.4,1596.0,79156,0
2026-04-23 11:40:00+05:30,1596.0,1598.8,1595.2,1597.0,64648,0
2026-04-23 11:45:00+05:30,1597.1,1603.0,1597.0,1602.6,36491,0
2026-04-23 11:50:00+05:30,1603.0,1607.0,1601.6,1607.0,38062,0
2026-04-23 11:55:00+05:30,1607.0,1610.5,1606.3,1610.5,52319,0
2026-04-23 12:00:00+05:30,1610.5,1611.0,1605.0,1605.7,50571,0
2026-04-23 12:05:00+05:30,1605.9,1607.9,1601.7,1602.6,49269,0
2026-04-23 12:10:00+05:30,1602.6,1604.3,1602.0,1603.0,17244,0
2026-04-23 12:15:00+05:30,1602.9,1603.5,1599.6,1600.0,24066,0
2026-04-23 12:20:00+05:30,1600.3,1603.1,1599.4,1601.6,14393,0
2026-04-23 12:25:00+05:30,1601.6,1601.7,1598.7,1600.0,18518,0
2026-04-23 12:30:00+05:30,1600.4,1601.6,1599.6,1600.7,15358,0
2026-04-23 12:35:00+05:30,1600.8,1602.5,1599.5,1601.6,18134,0
2026-04-23 12:40:00+05:30,1602.0,1603.2,1600.8,1600.9,19283,0
2026-04-23 12:45:00+05:30,1601.0,1601.5,1600.0,1600.5,8771,0
2026-04-23 12:50:00+05:30,1600.5,1601.4,1599.0,1601.4,8784,0
2026-04-23 12:55:00+05:30,1601.4,1605.0,1600.9,1604.0,45915,0
2026-04-23 13:00:00+05:30,1604.0,1604.0,1599.2,1601.3,19228,0
2026-04-23 13:05:00+05:30,1601.4,1602.9,1600.2,1602.8,10491,0
2026-04-23 13:10:00+05:30,1602.8,1604.7,1602.5,1602.6,11219,0
2026-04-23 13:15:00+05:30,1603.0,1605.0,1602.0,1604.0,12779,0
2026-04-23 13:20:00+05:30,1604.0,1607.6,1604.0,1606.7,25045,0
2026-04-23 13:25:00+05:30,1606.9,1607.7,1603.8,1605.5,32281,0
2026-04-23 13:30:00+05:30,1605.7,1605.7,1603.0,1604.1,8010,0
2026-04-23 13:35:00+05:30,1604.1,1604.4,1600.0,1601.0,9965,0
2026-04-23 13:40:00+05:30,1601.0,1603.9,1600.6,1603.3,10369,0
2026-04-23 13:45:00+05:30,1603.8,1604.0,1601.6,1602.4,6187,0
2026-04-23 13:50:00+05:30,1602.5,1603.5,1601.3,1602.7,15524,0
2026-04-23 13:55:00+05:30,1602.7,1604.0,1602.3,1603.5,6479,0
2026-04-23 14:00:00+05:30,1603.5,1603.5,1601.5,1602.4,8199,0
2026-04-23 14:05:00+05:30,1602.3,1602.8,1601.0,1601.0,10216,0
2026-04-23 14:10:00+05:30,1601.8,1601.8,1598.7,1599.8,11166,0
2026-04-23 14:15:00+05:30,1599.8,1600.3,1598.7,1599.0,13761,0
2026-04-23 14:20:00+05:30,1599.1,1599.2,1595.1,1596.8,16557,0
2026-04-23 14:25:00+05:30,1596.8,1597.4,1595.5,1595.5,7409,0
2026-04-23 14:30:00+05:30,1595.7,1597.8,1592.3,1592.6,15334,0
2026-04-23 14:35:00+05:30,1592.6,1596.2,1591.2,1594.8,14518,0
2026-04-23 14:40:00+05:30,1594.8,1594.8,1592.0,1594.0,12547,0
2026-04-23 14:45:00+05:30,1594.5,1602.0,1593.4,1600.7,36348,0
2026-04-23 14:50:00+05:30,1601.0,1602.5,1599.0,1599.0,224628,0
2026-04-23 14:55:00+05:30,1600.0,1601.7,1599.0,1600.8,26091,0
2026-04-23 15:00:00+05:30,1600.8,1603.0,1600.2,1600.3,25598,0
2026-04-23 15:05:00+05:30,1601.0,1601.4,1600.3,1601.0,14972,0
2026-04-23 15:10:00+05:30,1601.0,1601.9,1599.6,1600.8,64194,0
2026-04-23 15:15:00+05:30,1600.8,1601.8,1599.3,1601.5,91035,0
2026-04-23 15:20:00+05:30,1601.5,1605.4,1600.6,1601.1,158876,0
2026-04-23 15:25:00+05:30,1601.1,1610.4,1601.0,1610.0,147173,0
2026-04-24 09:15:00+05:30,1612.0,1618.8,1599.4,1600.4,161360,0
2026-04-24 09:20:00+05:30,1600.9,1602.4,1595.3,1598.8,41120,0
2026-04-24 09:25:00+05:30,1598.6,1599.7,1595.9,1596.6,20700,0
2026-04-24 09:30:00+05:30,1596.7,1598.2,1592.8,1593.7,31712,0
2026-04-24 09:35:00+05:30,1593.7,1595.9,1590.3,1590.8,30399,0
2026-04-24 09:40:00+05:30,1591.0,1596.9,1589.1,1594.9,27805,0
2026-04-24 09:45:00+05:30,1594.7,1597.3,1592.9,1596.0,21705,0
2026-04-24 09:50:00+05:30,1596.0,1598.9,1594.5,1595.0,27440,0
2026-04-24 09:55:00+05:30,1595.0,1596.3,1592.9,1593.0,22112,0
2026-04-24 10:00:00+05:30,1593.3,1596.4,1592.4,1595.5,8842,0
2026-04-24 10:05:00+05:30,1595.7,1599.0,1595.5,1597.8,23759,0
2026-04-24 10:10:00+05:30,1597.9,1598.4,1592.2,1593.0,64243,0
2026-04-24 10:15:00+05:30,1592.6,1595.6,1589.3,1589.3,46782,0
2026-04-24 10:20:00+05:30,1590.1,1590.6,1586.7,1587.4,41999,0
2026-04-24 10:25:00+05:30,1587.5,1590.0,1586.7,1587.4,35859,0
2026-04-24 10:30:00+05:30,1587.5,1587.5,1585.0,1587.1,34142,0
2026-04-24 10:35:00+05:30,1587.1,1587.4,1584.0,1585.4,24679,0
2026-04-24 10:40:00+05:30,1585.2,1586.4,1581.9,1582.3,23131,0
2026-04-24 10:45:00+05:30,1582.3,1584.4,1580.0,1582.2,53277,0
2026-04-24 10:50:00+05:30,1582.3,1582.3,1577.2,1578.6,45684,0
2026-04-24 10:55:00+05:30,1578.6,1580.3,1578.4,1579.0,21803,0
2026-04-24 11:00:00+05:30,1579.0,1579.1,1575.2,1575.2,34135,0
2026-04-24 11:05:00+05:30,1576.2,1578.4,1575.0,1575.5,17222,0
2026-04-24 11:10:00+05:30,1575.0,1575.9,1572.6,1574.1,15115,0
2026-04-24 11:15:00+05:30,1574.0,1575.0,1572.9,1574.9,18918,0
2026-04-24 11:20:00+05:30,1574.8,1577.1,1574.1,1575.8,22118,0
2026-04-24 11:25:00+05:30,1576.1,1578.9,1575.7,1576.9,19472,0
2026-04-24 11:30:00+05:30,1576.9,1579.3,1576.8,1577.9,20520,0
2026-04-24 11:35:00+05:30,1577.5,1578.2,1574.1,1574.6,20721,0
2026-04-24 11:40:00+05:30,1574.5,1575.3,1573.0,1574.4,18980,0
2026-04-24 11:45:00+05:30,1574.5,1574.7,1573.0,1573.2,8477,0
2026-04-24 11:50:00+05:30,1573.3,1573.7,1570.8,1573.4,9893,0
2026-04-24 11:55:00+05:30,1573.6,1574.0,1571.1,1571.8,5010,0
2026-04-24 12:00:00+05:30,1571.9,1572.0,1569.3,1570.2,14091,0
2026-04-24 12:05:00+05:30,1570.5,1574.0,1570.0,1573.8,59758,0
2026-04-24 12:10:00+05:30,1573.6,1575.4,1572.8,1575.0,18145,0
2026-04-24 12:15:00+05:30,1575.0,1575.4,1572.5,1573.5,6878,0
2026-04-24 12:20:00+05:30,1574.0,1574.0,1570.0,1570.7,5640,0
2026-04-24 12:25:00+05:30,1570.5,1571.3,1568.8,1570.2,8268,0
2026-04-24 12:30:00+05:30,1570.0,1571.1,1568.5,1570.8,6341,0
2026-04-24 12:35:00+05:30,1570.8,1573.7,1570.2,1573.0,7561,0
2026-04-24 12:40:00+05:30,1572.7,1573.0,1569.3,1569.3,3945,0
2026-04-24 12:45:00+05:30,1569.4,1573.0,1568.8,1569.2,8756,0
2026-04-24 12:50:00+05:30,1569.8,1570.9,1567.0,1570.0,19106,0
2026-04-24 12:55:00+05:30,1569.4,1572.5,1569.1,1569.2,15204,0
2026-04-24 13:00:00+05:30,1570.0,1570.0,1565.0,1565.1,15174,0
2026-04-24 13:05:00+05:30,1565.0,1565.1,1561.5,1562.7,27612,0
2026-04-24 13:10:00+05:30,1562.5,1562.5,1558.6,1560.0,41326,0
2026-04-24 13:15:00+05:30,1560.1,1561.3,1557.4,1559.4,53584,0
2026-04-24 13:20:00+05:30,1559.2,1561.5,1556.5,1557.6,42174,0
2026-04-24 13:25:00+05:30,1557.7,1562.5,1556.9,1562.0,20933,0
2026-04-24 13:30:00+05:30,1561.9,1561.9,1558.6,1559.0,26963,0
2026-04-24 13:35:00+05:30,1558.9,1560.5,1558.0,1559.7,21657,0
2026-04-24 13:40:00+05:30,1559.7,1560.4,1558.2,1559.3,18357,0
2026-04-24 13:45:00+05:30,1559.3,1561.9,1559.3,1560.0,17065,0
2026-04-24 13:50:00+05:30,1560.1,1561.8,1560.1,1561.2,13207,0
2026-04-24 13:55:00+05:30,1561.2,1561.8,1558.0,1560.9,17780,0
2026-04-24 14:00:00+05:30,1560.7,1565.8,1560.3,1565.8,35616,0
2026-04-24 14:05:00+05:30,1565.2,1567.8,1562.0,1566.9,22867,0
2026-04-24 14:10:00+05:30,1566.9,1570.9,1566.2,1568.5,30599,0
2026-04-24 14:15:00+05:30,1568.5,1572.0,1567.4,1571.7,25471,0
2026-04-24 14:20:00+05:30,1571.7,1576.9,1571.2,1575.7,51628,0
2026-04-24 14:25:00+05:30,1575.7,1577.2,1574.0,1575.6,27211,0
2026-04-24 14:30:00+05:30,1575.7,1580.1,1575.6,1579.8,56301,0
2026-04-24 14:35:00+05:30,1579.8,1586.6,1579.5,1580.1,86574,0
2026-04-24 14:40:00+05:30,1579.6,1583.9,1579.6,1583.7,30061,0
2026-04-24 14:45:00+05:30,1583.7,1584.3,1581.0,1583.7,29516,0
2026-04-24 14:50:00+05:30,1583.9,1586.7,1579.3,1580.9,41528,0
2026-04-24 14:55:00+05:30,1580.8,1582.2,1578.9,1580.2,29991,0
2026-04-24 15:00:00+05:30,1580.2,1580.9,1576.8,1580.2,38142,0
2026-04-24 15:05:00+05:30,1580.2,1587.3,1579.0,1584.5,52432,0
2026-04-24 15:10:00+05:30,1584.5,1585.3,1581.6,1584.6,42295,0
2026-04-24 15:15:00+05:30,1584.5,1586.6,1583.6,1585.7,53329,0
2026-04-24 15:20:00+05:30,1585.5,1590.9,1584.0,1590.9,54161,0
2026-04-24 15:25:00+05:30,1590.9,1591.7,1583.3,1590.0,73692,0
2026-04-27 09:15:00+05:30,1600.0,1622.8,1593.0,1621.4,313176,0
2026-04-27 09:20:00+05:30,1621.2,1627.0,1621.0,1623.6,220390,0
2026-04-27 09:25:00+05:30,1624.3,1628.3,1622.2,1623.9,119280,0
2026-04-27 09:30:00+05:30,1624.0,1635.0,1623.9,1631.9,214894,0
2026-04-27 09:35:00+05:30,1631.9,1638.8,1631.5,1633.0,158697,0
2026-04-27 09:40:00+05:30,1633.0,1635.0,1629.1,1634.1,77956,0
2026-04-27 09:45:00+05:30,1634.5,1641.0,1633.0,1637.4,128850,0
2026-04-27 09:50:00+05:30,1638.0,1641.8,1634.1,1635.9,78490,0
2026-04-27 09:55:00+05:30,1636.0,1637.0,1633.2,1635.3,36913,0
2026-04-27 10:00:00+05:30,1635.3,1636.4,1631.0,1631.0,45099,0
2026-04-27 10:05:00+05:30,1631.1,1635.0,1630.9,1632.0,23929,0
2026-04-27 10:10:00+05:30,1631.6,1632.0,1629.0,1630.1,34395,0
2026-04-27 10:15:00+05:30,1630.1,1636.3,1629.9,1634.5,36367,0
2026-04-27 10:20:00+05:30,1634.5,1634.5,1631.9,1634.0,15591,0
2026-04-27 10:25:00+05:30,1634.0,1639.5,1632.7,1639.3,43315,0
2026-04-27 10:30:00+05:30,1639.4,1640.0,1636.0,1639.7,30671,0
2026-04-27 10:35:00+05:30,1639.8,1641.0,1638.0,1640.3,31767,0
2026-04-27 10:40:00+05:30,1640.0,1642.9,1639.2,1641.5,40586,0
2026-04-27 10:45:00+05:30,1641.9,1644.0,1640.0,1642.4,46642,0
2026-04-27 10:50:00+05:30,1642.4,1642.4,1638.0,1641.3,24382,0
2026-04-27 10:55:00+05:30,1641.4,1644.7,1641.0,1643.1,34382,0
2026-04-27 11:00:00+05:30,1643.7,1645.8,1642.2,1645.6,41718,0
2026-04-27 11:05:00+05:30,1645.5,1647.4,1642.4,1643.9,39282,0
2026-04-27 11:10:00+05:30,1643.9,1649.0,1643.6,1648.8,40908,0
2026-04-27 11:15:00+05:30,1648.5,1649.9,1646.5,1647.4,51199,0
2026-04-27 11:20:00+05:30,1647.0,1648.6,1644.4,1645.8,60982,0
2026-04-27 11:25:00+05:30,1646.0,1647.7,1643.1,1643.2,32292,0
2026-04-27 11:30:00+05:30,1643.8,1643.8,1638.3,1639.6,48071,0
2026-04-27 11:35:00+05:30,1639.9,1640.3,1636.4,1637.5,42504,0
2026-04-27 11:40:00+05:30,1637.5,1638.4,1634.1,1635.4,46503,0
2026-04-27 11:45:00+05:30,1635.4,1635.5,1632.2,1634.5,20690,0
2026-04-27 11:50:00+05:30,1634.0,1634.5,1632.0,1632.4,20797,0
2026-04-27 11:55:00+05:30,1632.4,1632.5,1628.1,1628.8,64063,0
2026-04-27 12:00:00+05:30,1628.8,1629.0,1627.0,1628.9,23902,0
2026-04-27 12:05:00+05:30,1628.5,1629.5,1627.7,1628.0,17531,0
2026-04-27 12:10:00+05:30,1628.0,1629.1,1627.8,1628.3,7968,0
2026-04-27 12:15:00+05:30,1628.3,1630.0,1626.5,1626.6,34741,0
2026-04-27 12:20:00+05:30,1626.6,1627.5,1623.7,1625.0,36210,0
2026-04-27 12:25:00+05:30,1624.8,1625.0,1621.1,1622.4,311334,0
2026-04-27 12:30:00+05:30,1622.5,1626.0,1621.1,1625.6,28976,0
2026-04-27 12:35:00+05:30,1625.5,1629.0,1625.4,1626.4,20132,0
2026-04-27 12:40:00+05:30,1626.5,1627.4,1624.0,1625.3,17276,0
2026-04-27 12:45:00+05:30,1625.0,1626.0,1624.0,1625.7,10872,0
2026-04-27 12:50:00+05:30,1625.8,1629.0,1624.2,1627.3,23977,0
2026-04-27 12:55:00+05:30,1627.3,1629.0,1626.5,1628.9,15363,0
2026-04-27 13:00:00+05:30,1628.9,1629.0,1626.8,1628.1,9884,0
2026-04-27 13:05:00+05:30,1628.4,1628.5,1627.1,1628.2,9522,0
2026-04-27 13:10:00+05:30,1628.3,1629.3,1627.0,1628.9,16068,0
2026-04-27 13:15:00+05:30,1628.5,1629.9,1628.0,1629.0,22398,0
2026-04-27 13:20:00+05:30,1628.9,1629.0,1626.6,1627.5,8187,0
2026-04-27 13:25:00+05:30,1627.3,1627.5,1624.3,1624.8,33354,0
2026-04-27 13:30:00+05:30,1624.8,1625.0,1623.0,1624.6,11896,0
2026-04-27 13:35:00+05:30,1624.6,1625.8,1623.6,1625.8,29514,0
2026-04-27 13:40:00+05:30,1625.8,1628.0,1625.7,1627.2,13761,0
2026-04-27 13:45:00+05:30,1627.3,1629.0,1624.7,1625.8,73807,0
2026-04-27 13:50:00+05:30,1625.8,1626.5,1622.3,1625.2,29046,0
2026-04-27 13:55:00+05:30,1625.1,1627.0,1624.2,1624.2,68194,0
2026-04-27 14:00:00+05:30,1624.2,1625.0,1624.0,1624.9,16192,0
2026-04-27 14:05:00+05:30,1624.8,1627.3,1624.3,1626.3,45628,0
2026-04-27 14:10:00+05:30,1626.1,1627.0,1625.0,1625.1,11844,0
2026-04-27 14:15:00+05:30,1625.0,1625.1,1623.3,1624.6,9146,0
2026-04-27 14:20:00+05:30,1624.3,1627.0,1623.6,1626.6,68691,0
2026-04-27 14:25:00+05:30,1626.5,1628.7,1625.4,1627.0,22016,0
2026-04-27 14:30:00+05:30,1627.0,1628.0,1624.0,1627.7,23266,0
2026-04-27 14:35:00+05:30,1627.4,1628.0,1626.5,1627.9,27302,0
2026-04-27 14:40:00+05:30,1627.3,1631.2,1625.6,1629.8,78089,0
2026-04-27 14:45:00+05:30,1629.4,1632.9,1628.9,1631.8,25452,0
2026-04-27 14:50:00+05:30,1631.1,1631.8,1628.2,1628.9,28663,0
2026-04-27 14:55:00+05:30,1629.0,1632.0,1628.2,1630.1,20334,0
2026-04-27 15:00:00+05:30,1630.1,1632.0,1627.7,1631.3,23021,0
2026-04-27 15:05:00+05:30,1631.6,1631.9,1629.3,1629.7,9645,0
2026-04-27 15:10:00+05:30,1629.8,1630.4,1627.2,1629.5,41675,0
2026-04-27 15:15:00+05:30,1629.5,1630.2,1625.6,1627.0,75957,0
2026-04-27 15:20:00+05:30,1627.0,1629.6,1626.6,1629.0,75755,0
2026-04-27 15:25:00+05:30,1629.0,1629.8,1627.0,1628.0,45624,0
2026-04-28 09:15:00+05:30,1628.4,1647.1,1624.9,1643.5,206482,0
2026-04-28 09:20:00+05:30,1643.2,1644.7,1638.0,1639.4,84955,0
2026-04-28 09:25:00+05:30,1639.9,1644.0,1638.5,1638.5,67845,0
2026-04-28 09:30:00+05:30,1638.9,1643.0,1638.1,1640.4,29253,0
2026-04-28 09:35:00+05:30,1640.4,1648.0,1640.0,1643.0,80288,0
2026-04-28 09:40:00+05:30,1643.0,1645.8,1635.6,1637.0,61629,0
2026-04-28 09:45:00+05:30,1637.7,1642.3,1636.0,1636.5,32425,0
2026-04-28 09:50:00+05:30,1637.0,1639.5,1636.3,1637.8,18478,0
2026-04-28 09:55:00+05:30,1638.3,1639.0,1637.0,1637.3,10199,0
2026-04-28 10:00:00+05:30,1637.8,1640.8,1637.0,1639.7,20198,0
2026-04-28 10:05:00+05:30,1639.9,1640.0,1636.6,1637.2,27859,0
2026-04-28 10:10:00+05:30,1637.2,1637.2,1634.0,1635.3,24615,0
2026-04-28 10:15:00+05:30,1636.3,1636.5,1630.3,1630.8,32113,0
2026-04-28 10:20:00+05:30,1631.2,1634.1,1630.4,1633.6,17786,0
2026-04-28 10:25:00+05:30,1633.7,1636.0,1633.0,1634.4,11611,0
2026-04-28 10:30:00+05:30,1634.4,1635.5,1633.0,1634.2,6779,0
2026-04-28 10:35:00+05:30,1634.3,1634.6,1631.3,1633.1,9323,0
2026-04-28 10:40:00+05:30,1633.7,1634.2,1629.1,1631.7,20198,0
2026-04-28 10:45:00+05:30,1632.0,1634.8,1631.7,1633.0,9752,0
2026-04-28 10:50:00+05:30,1633.0,1634.8,1631.7,1634.7,14230,0
2026-04-28 10:55:00+05:30,1634.8,1635.3,1631.1,1631.8,13765,0
2026-04-28 11:00:00+05:30,1631.8,1632.3,1630.1,1630.5,7017,0
2026-04-28 11:05:00+05:30,1630.6,1631.3,1627.2,1629.5,24804,0
2026-04-28 11:10:00+05:30,1629.5,1629.6,1627.8,1628.9,12279,0
2026-04-28 11:15:00+05:30,1628.9,1629.6,1627.2,1628.1,12290,0
2026-04-28 11:20:00+05:30,1628.1,1628.6,1626.7,1627.4,15316,0
2026-04-28 11:25:00+05:30,1627.5,1627.6,1625.2,1625.5,62661,0
2026-04-28 11:30:00+05:30,1625.8,1627.9,1624.5,1626.0,77924,0
2026-04-28 11:35:00+05:30,1626.7,1629.9,1625.0,1629.2,68330,0
2026-04-28 11:40:00+05:30,1629.4,1629.8,1625.4,1628.8,111756,0
2026-04-28 11:45:00+05:30,1628.8,1630.9,1627.1,1630.9,19219,0
2026-04-28 11:50:00+05:30,1630.9,1632.1,1630.4,1631.2,23960,0
2026-04-28 11:55:00+05:30,1631.0,1633.2,1629.6,1631.7,17883,0
2026-04-28 12:00:00+05:30,1631.7,1633.4,1630.0,1632.4,17440,0
2026-04-28 12:05:00+05:30,1632.5,1632.5,1630.9,1631.2,9457,0
2026-04-28 12:10:00+05:30,1631.3,1632.0,1630.8,1631.6,9394,0
2026-04-28 12:15:00+05:30,1631.4,1631.7,1630.0,1630.9,10985,0
2026-04-28 12:20:00+05:30,1630.9,1631.1,1627.0,1628.7,18180,0
2026-04-28 12:25:00+05:30,1628.7,1632.0,1628.1,1628.3,22471,0
2026-04-28 12:30:00+05:30,1628.3,1628.8,1626.3,1628.3,18836,0
2026-04-28 12:35:00+05:30,1628.7,1629.7,1628.0,1628.0,8022,0
2026-04-28 12:40:00+05:30,1628.0,1630.0,1627.3,1629.8,10970,0
2026-04-28 12:45:00+05:30,1629.8,1629.9,1627.2,1627.6,7567,0
2026-04-28 12:50:00+05:30,1627.5,1628.0,1626.3,1627.1,11252,0
2026-04-28 12:55:00+05:30,1627.0,1628.0,1626.0,1626.3,10915,0
2026-04-28 13:00:00+05:30,1626.3,1627.8,1626.0,1626.7,20218,0
2026-04-28 13:05:00+05:30,1626.7,1628.2,1626.3,1628.0,9486,0
2026-04-28 13:10:00+05:30,1628.0,1628.1,1627.1,1627.6,7635,0
2026-04-28 13:15:00+05:30,1627.4,1628.8,1627.1,1628.4,8189,0
2026-04-28 13:20:00+05:30,1628.4,1630.0,1627.5,1629.6,9656,0
2026-04-28 13:25:00+05:30,1629.6,1631.6,1629.0,1630.1,13191,0
2026-04-28 13:30:00+05:30,1630.1,1630.3,1627.4,1628.9,10341,0
2026-04-28 13:35:00+05:30,1628.8,1629.0,1626.0,1626.7,24547,0
2026-04-28 13:40:00+05:30,1626.7,1628.5,1626.3,1627.1,14065,0
2026-04-28 13:45:00+05:30,1627.2,1628.4,1626.1,1627.5,19936,0
2026-04-28 13:50:00+05:30,1627.6,1629.3,1626.3,1629.0,23078,0
2026-04-28 13:55:00+05:30,1629.0,1631.3,1627.8,1629.2,35734,0
2026-04-28 14:00:00+05:30,1629.0,1629.4,1626.8,1628.4,25587,0
2026-04-28 14:05:00+05:30,1628.7,1629.6,1627.1,1629.1,25022,0
2026-04-28 14:10:00+05:30,1629.0,1630.7,1627.1,1628.6,29365,0
2026-04-28 14:15:00+05:30,1628.7,1629.9,1627.2,1629.7,26282,0
2026-04-28 14:20:00+05:30,1629.7,1634.7,1628.5,1632.8,37947,0
2026-04-28 14:25:00+05:30,1632.8,1634.8,1630.0,1634.1,35847,0
2026-04-28 14:30:00+05:30,1634.8,1640.0,1634.6,1637.9,110936,0
2026-04-28 14:35:00+05:30,1637.9,1639.4,1636.2,1638.4,139326,0
2026-04-28 14:40:00+05:30,1638.4,1640.1,1637.5,1640.0,28889,0
2026-04-28 14:45:00+05:30,1640.0,1641.6,1639.2,1640.1,39786,0
2026-04-28 14:50:00+05:30,1640.1,1642.6,1639.9,1642.4,39626,0
2026-04-28 14:55:00+05:30,1642.4,1643.5,1642.0,1642.5,35739,0
2026-04-28 15:00:00+05:30,1642.7,1642.7,1635.0,1635.5,56567,0
2026-04-28 15:05:00+05:30,1635.5,1638.6,1635.1,1638.3,56442,0
2026-04-28 15:10:00+05:30,1638.2,1638.8,1636.8,1637.3,48639,0
2026-04-28 15:15:00+05:30,1637.3,1638.0,1636.2,1637.5,58828,0
2026-04-28 15:20:00+05:30,1637.7,1637.9,1636.7,1636.9,41844,0
2026-04-28 15:25:00+05:30,1636.9,1640.0,1635.7,1639.0,58466,0
2026-04-29 09:15:00+05:30,1645.0,1657.1,1644.9,1649.0,124556,0
2026-04-29 09:20:00+05:30,1649.1,1656.4,1648.9,1649.9,58656,0
2026-04-29 09:25:00+05:30,1649.9,1659.0,1647.5,1655.0,43180,0
2026-04-29 09:30:00+05:30,1654.8,1658.0,1652.3,1652.7,31512,0
2026-04-29 09:35:00+05:30,1653.0,1654.0,1650.0,1652.0,20028,0
2026-04-29 09:40:00+05:30,1651.8,1653.0,1650.1,1651.0,14326,0
2026-04-29 09:45:00+05:30,1651.4,1653.7,1650.7,1651.4,19498,0
2026-04-29 09:50:00+05:30,1651.7,1652.5,1650.2,1651.1,8920,0
2026-04-29 09:55:00+05:30,1651.1,1651.5,1646.0,1648.0,26885,0
2026-04-29 10:00:00+05:30,1647.5,1650.8,1647.0,1650.0,18077,0
2026-04-29 10:05:00+05:30,1650.0,1651.0,1645.1,1646.1,21067,0
2026-04-29 10:10:00+05:30,1646.1,1649.6,1645.8,1648.9,13789,0
2026-04-29 10:15:00+05:30,1648.9,1651.0,1647.5,1647.5,24267,0
2026-04-29 10:20:00+05:30,1647.5,1648.8,1646.6,1647.0,12553,0
2026-04-29 10:25:00+05:30,1647.0,1649.2,1646.6,1648.9,13427,0
2026-04-29 10:30:00+05:30,1649.0,1649.0,1647.0,1647.7,10845,0
2026-04-29 10:35:00+05:30,1647.7,1648.5,1647.0,1648.0,9556,0
2026-04-29 10:40:00+05:30,1648.0,1664.0,1648.0,1664.0,132304,0
2026-04-29 10:45:00+05:30,1664.0,1667.8,1660.2,1663.0,102484,0
2026-04-29 10:50:00+05:30,1663.2,1672.0,1662.0,1668.5,102945,0
2026-04-29 10:55:00+05:30,1669.5,1671.2,1665.1,1665.7,48660,0
2026-04-29 11:00:00+05:30,1665.8,1670.0,1665.0,1668.0,36767,0
2026-04-29 11:05:00+05:30,1668.0,1670.8,1666.4,1669.4,33640,0
2026-04-29 11:10:00+05:30,1669.6,1670.7,1667.0,1668.3,18901,0
2026-04-29 11:15:00+05:30,1668.3,1668.5,1662.8,1667.5,66677,0
2026-04-29 11:20:00+05:30,1667.7,1667.8,1664.0,1664.7,71721,0
2026-04-29 11:25:00+05:30,1664.7,1666.4,1662.9,1663.1,25736,0
2026-04-29 11:30:00+05:30,1663.4,1664.9,1662.3,1663.7,14494,0
2026-04-29 11:35:00+05:30,1664.1,1665.0,1662.7,1663.9,12496,0
2026-04-29 11:40:00+05:30,1663.9,1669.5,1663.6,1668.0,63884,0
2026-04-29 11:45:00+05:30,1668.0,1668.5,1662.2,1662.5,23468,0
2026-04-29 11:50:00+05:30,1663.2,1663.6,1662.1,1663.0,6366,0
2026-04-29 11:55:00+05:30,1663.6,1663.6,1661.1,1662.9,10608,0
2026-04-29 12:00:00+05:30,1662.9,1665.0,1662.0,1665.0,14295,0
2026-04-29 12:05:00+05:30,1665.0,1665.0,1662.5,1664.9,10204,0
2026-04-29 12:10:00+05:30,1664.9,1667.0,1664.3,1665.0,36954,0
2026-04-29 12:15:00+05:30,1665.0,1667.9,1664.9,1667.0,21466,0
2026-04-29 12:20:00+05:30,1667.0,1668.0,1665.0,1667.1,7499,0
2026-04-29 12:25:00+05:30,1667.1,1668.5,1666.0,1667.0,8988,0
2026-04-29 12:30:00+05:30,1667.0,1667.0,1665.2,1665.8,5016,0
2026-04-29 12:35:00+05:30,1666.1,1666.5,1665.0,1665.9,9360,0
2026-04-29 12:40:00+05:30,1665.9,1666.0,1663.7,1665.1,9912,0
2026-04-29 12:45:00+05:30,1665.1,1666.0,1665.1,1665.7,6177,0
2026-04-29 12:50:00+05:30,1665.7,1666.5,1665.7,1666.5,16548,0
2026-04-29 12:55:00+05:30,1666.5,1668.0,1664.2,1664.7,17612,0
2026-04-29 13:00:00+05:30,1664.7,1665.2,1663.7,1664.7,6864,0
2026-04-29 13:05:00+05:30,1664.7,1666.0,1664.0,1665.0,11896,0
2026-04-29 13:10:00+05:30,1665.0,1665.4,1663.0,1663.8,10950,0
2026-04-29 13:15:00+05:30,1663.8,1664.0,1663.1,1663.5,7001,0
2026-04-29 13:20:00+05:30,1663.5,1663.5,1661.6,1662.5,11968,0
2026-04-29 13:25:00+05:30,1662.5,1664.8,1661.9,1662.6,19882,0
2026-04-29 13:30:00+05:30,1663.0,1664.4,1662.3,1663.5,9309,0
2026-04-29 13:35:00+05:30,1663.5,1663.8,1657.7,1658.9,34340,0
2026-04-29 13:40:00+05:30,1659.3,1659.3,1657.3,1657.8,12773,0
2026-04-29 13:45:00+05:30,1657.8,1658.0,1653.5,1654.1,30627,0
2026-04-29 13:50:00+05:30,1654.5,1659.4,1654.2,1658.3,30229,0
2026-04-29 13:55:00+05:30,1658.3,1659.9,1657.3,1657.6,9617,0
2026-04-29 14:00:00+05:30,1657.8,1659.0,1654.4,1656.2,27200,0
2026-04-29 14:05:00+05:30,1656.3,1658.6,1655.1,1657.3,13207,0
2026-04-29 14:10:00+05:30,1657.9,1660.5,1656.6,1660.2,20805,0
2026-04-29 14:15:00+05:30,1660.2,1661.3,1658.1,1659.1,13464,0
2026-04-29 14:20:00+05:30,1659.0,1661.2,1656.9,1661.0,14992,0
2026-04-29 14:25:00+05:30,1661.0,1661.0,1658.2,1659.3,15846,0
2026-04-29 14:30:00+05:30,1659.3,1660.1,1656.7,1657.0,37802,0
2026-04-29 14:35:00+05:30,1657.0,1657.8,1655.7,1657.7,34474,0
2026-04-29 14:40:00+05:30,1657.7,1661.3,1657.2,1661.3,43698,0
2026-04-29 14:45:00+05:30,1661.4,1662.9,1659.7,1662.9,33638,0
2026-04-29 14:50:00+05:30,1663.0,1666.0,1661.0,1666.0,36434,0
2026-04-29 14:55:00+05:30,1666.0,1668.3,1663.2,1663.8,45782,0
2026-04-29 15:00:00+05:30,1664.3,1667.5,1663.2,1665.4,54004,0
2026-04-29 15:05:00+05:30,1665.7,1666.5,1661.2,1661.4,47687,0
2026-04-29 15:10:00+05:30,1661.4,1664.0,1660.4,1660.6,71858,0
2026-04-29 15:15:00+05:30,1661.0,1661.3,1658.6,1659.3,91887,0
2026-04-29 15:20:00+05:30,1659.3,1660.5,1658.1,1658.6,67609,0
2026-04-29 15:25:00+05:30,1658.6,1660.0,1650.0,1655.0,72093,0
2026-04-30 09:15:00+05:30,1650.0,1650.0,1612.2,1627.2,291453,0
2026-04-30 09:20:00+05:30,1627.1,1634.1,1625.0,1630.0,77178,0
2026-04-30 09:25:00+05:30,1630.0,1637.5,1627.0,1636.7,104162,0
2026-04-30 09:30:00+05:30,1635.9,1637.5,1624.1,1629.3,81055,0
2026-04-30 09:35:00+05:30,1629.3,1630.0,1624.4,1626.3,67859,0
2026-04-30 09:40:00+05:30,1626.0,1630.0,1623.5,1626.0,101967,0
2026-04-30 09:45:00+05:30,1625.3,1627.9,1622.0,1624.2,79022,0
2026-04-30 09:50:00+05:30,1624.4,1625.0,1618.0,1620.8,116248,0
2026-04-30 09:55:00+05:30,1620.7,1621.2,1616.0,1616.1,86694,0
2026-04-30 10:00:00+05:30,1616.6,1616.7,1607.4,1611.1,84799,0
2026-04-30 10:05:00+05:30,1611.1,1617.9,1610.1,1612.0,150977,0
2026-04-30 10:10:00+05:30,1612.0,1613.7,1610.1,1613.2,79985,0
2026-04-30 10:15:00+05:30,1613.2,1618.7,1611.7,1618.5,69447,0
2026-04-30 10:20:00+05:30,1618.4,1618.6,1614.1,1616.0,23504,0
2026-04-30 10:25:00+05:30,1616.0,1617.0,1615.0,1616.9,16432,0
2026-04-30 10:30:00+05:30,1616.5,1623.6,1616.0,1623.4,115414,0
2026-04-30 10:35:00+05:30,1622.8,1628.9,1622.3,1627.1,41188,0
2026-04-30 10:40:00+05:30,1627.1,1630.7,1626.3,1630.3,32664,0
2026-04-30 10:45:00+05:30,1630.4,1631.4,1628.0,1630.0,28981,0
2026-04-30 10:50:00+05:30,1630.2,1633.3,1630.0,1631.0,30465,0
2026-04-30 10:55:00+05:30,1630.3,1630.9,1627.2,1627.9,20833,0
2026-04-30 11:00:00+05:30,1627.9,1630.0,1626.4,1627.0,23426,0
2026-04-30 11:05:00+05:30,1626.6,1629.9,1626.4,1627.8,17669,0
2026-04-30 11:10:00+05:30,1627.8,1629.8,1626.5,1629.3,19901,0
2026-04-30 11:15:00+05:30,1629.2,1631.9,1628.0,1630.2,24908,0
2026-04-30 11:20:00+05:30,1630.2,1633.9,1629.1,1633.7,22087,0
2026-04-30 11:25:00+05:30,1633.1,1634.0,1631.2,1634.0,24049,0
2026-04-30 11:30:00+05:30,1633.6,1635.0,1633.0,1634.9,23233,0
2026-04-30 11:35:00+05:30,1634.6,1638.9,1633.7,1637.8,39902,0
2026-04-30 11:40:00+05:30,1637.8,1637.8,1633.1,1634.3,26945,0
2026-04-30 11:45:00+05:30,1634.3,1637.0,1632.5,1635.6,41455,0
2026-04-30 11:50:00+05:30,1635.6,1636.4,1628.1,1629.3,26501,0
2026-04-30 11:55:00+05:30,1629.3,1631.1,1627.3,1629.7,33794,0
2026-04-30 12:00:00+05:30,1629.7,1632.4,1629.7,1631.5,22355,0
2026-04-30 12:05:00+05:30,1631.0,1633.8,1629.0,1630.7,27581,0
2026-04-30 12:10:00+05:30,1630.7,1635.0,1629.4,1633.8,71728,0
2026-04-30 12:15:00+05:30,1633.9,1637.4,1632.7,1633.1,55282,0
2026-04-30 12:20:00+05:30,1633.8,1636.7,1632.6,1635.0,28212,0
2026-04-30 12:25:00+05:30,1634.9,1635.4,1630.4,1631.6,54902,0
2026-04-30 12:30:00+05:30,1631.8,1631.9,1628.0,1629.0,16908,0
2026-04-30 12:35:00+05:30,1629.0,1629.8,1628.0,1629.0,9853,0
2026-04-30 12:40:00+05:30,1629.0,1631.0,1628.8,1630.9,14557,0
2026-04-30 12:45:00+05:30,1631.0,1634.0,1630.5,1632.5,16279,0
2026-04-30 12:50:00+05:30,1633.0,1634.5,1631.0,1634.2,12060,0
2026-04-30 12:55:00+05:30,1634.5,1635.4,1631.4,1633.7,11797,0
2026-04-30 13:00:00+05:30,1633.6,1634.2,1630.1,1631.9,14039,0
2026-04-30 13:05:00+05:30,1631.7,1631.7,1626.7,1629.2,28224,0
2026-04-30 13:10:00+05:30,1629.3,1629.9,1626.6,1628.0,26097,0
2026-04-30 13:15:00+05:30,1628.0,1628.5,1627.0,1627.9,21278,0
2026-04-30 13:20:00+05:30,1627.8,1629.5,1626.2,1627.3,18054,0
2026-04-30 13:25:00+05:30,1627.3,1629.3,1627.0,1627.3,12420,0
2026-04-30 13:30:00+05:30,1627.2,1629.4,1627.1,1628.5,12416,0
2026-04-30 13:35:00+05:30,1628.5,1631.1,1628.5,1630.7,22060,0
2026-04-30 13:40:00+05:30,1630.6,1637.0,1630.0,1634.1,58550,0
2026-04-30 13:45:00+05:30,1633.4,1647.0,1631.2,1638.2,166126,0
2026-04-30 13:50:00+05:30,1638.4,1638.8,1627.4,1629.4,81197,0
2026-04-30 13:55:00+05:30,1629.4,1638.5,1628.1,1637.9,59890,0
2026-04-30 14:00:00+05:30,1637.9,1638.4,1600.1,1616.3,319942,0
2026-04-30 14:05:00+05:30,1616.5,1616.6,1596.8,1605.0,232980,0
2026-04-30 14:10:00+05:30,1604.6,1607.6,1598.0,1601.4,142451,0
2026-04-30 14:15:00+05:30,1601.4,1607.0,1600.8,1605.6,55058,0
2026-04-30 14:20:00+05:30,1605.2,1609.5,1602.8,1608.4,51826,0
2026-04-30 14:25:00+05:30,1608.4,1615.8,1607.1,1614.7,122309,0
2026-04-30 14:30:00+05:30,1614.5,1620.9,1613.2,1620.0,72625,0
2026-04-30 14:35:00+05:30,1619.9,1630.0,1618.2,1629.2,101605,0
2026-04-30 14:40:00+05:30,1629.2,1633.0,1627.1,1630.3,64388,0
2026-04-30 14:45:00+05:30,1630.5,1631.1,1621.0,1622.1,70004,0
2026-04-30 14:50:00+05:30,1622.3,1624.5,1618.0,1622.9,67407,0
2026-04-30 14:55:00+05:30,1622.9,1626.0,1618.8,1622.8,83544,0
2026-04-30 15:00:00+05:30,1623.4,1640.5,1621.4,1638.0,317597,0
2026-04-30 15:05:00+05:30,1637.5,1649.0,1636.0,1644.5,298931,0
2026-04-30 15:10:00+05:30,1645.2,1665.1,1644.6,1661.8,404821,0
2026-04-30 15:15:00+05:30,1661.8,1677.0,1659.3,1668.1,431400,0
2026-04-30 15:20:00+05:30,1669.1,1674.5,1664.1,1670.3,304358,0
2026-04-30 15:25:00+05:30,1670.3,1676.1,1667.5,1675.5,280413,0
2026-05-04 09:15:00+05:30,1702.0,1723.0,1698.7,1709.5,631964,0
2026-05-04 09:20:00+05:30,1709.5,1716.9,1702.0,1703.0,274851,0
2026-05-04 09:25:00+05:30,1703.2,1705.1,1687.3,1699.3,311891,0
2026-05-04 09:30:00+05:30,1699.8,1709.0,1692.1,1694.2,215086,0
2026-05-04 09:35:00+05:30,1694.4,1697.6,1690.8,1692.5,76180,0
2026-05-04 09:40:00+05:30,1692.6,1697.8,1689.3,1694.4,91175,0
2026-05-04 09:45:00+05:30,1694.8,1700.0,1692.0,1695.6,55287,0
2026-05-04 09:50:00+05:30,1696.0,1698.4,1692.7,1696.2,35117,0
2026-05-04 09:55:00+05:30,1696.4,1705.8,1696.0,1705.0,92104,0
2026-05-04 10:00:00+05:30,1705.7,1707.5,1701.6,1702.8,58355,0
2026-05-04 10:05:00+05:30,1702.9,1711.2,1700.0,1702.0,128164,0
2026-05-04 10:10:00+05:30,1702.7,1712.0,1702.1,1708.8,77426,0
2026-05-04 10:15:00+05:30,1708.8,1709.9,1704.0,1707.8,43541,0
2026-05-04 10:20:00+05:30,1707.3,1708.9,1701.4,1702.2,38563,0
2026-05-04 10:25:00+05:30,1702.2,1707.9,1701.2,1706.4,28990,0
2026-05-04 10:30:00+05:30,1706.3,1709.0,1704.0,1706.4,34040,0
2026-05-04 10:35:00+05:30,1706.8,1709.0,1705.1,1707.5,38192,0
2026-05-04 10:40:00+05:30,1708.1,1712.8,1707.0,1709.3,55229,0
2026-05-04 10:45:00+05:30,1708.9,1710.6,1705.3,1708.7,45822,0
2026-05-04 10:50:00+05:30,1708.2,1716.8,1706.2,1714.6,72790,0
2026-05-04 10:55:00+05:30,1713.8,1716.8,1712.0,1714.1,67150,0
2026-05-04 11:00:00+05:30,1713.4,1722.9,1712.8,1722.1,193326,0
2026-05-04 11:05:00+05:30,1722.3,1737.0,1720.0,1734.4,279652,0
2026-05-04 11:10:00+05:30,1734.3,1740.0,1734.3,1735.5,170706,0
2026-05-04 11:15:00+05:30,1735.7,1742.0,1728.5,1732.4,162688,0
2026-05-04 11:20:00+05:30,1732.5,1735.4,1728.7,1733.8,82937,0
2026-05-04 11:25:00+05:30,1734.7,1739.8,1733.3,1738.0,92071,0
2026-05-04 11:30:00+05:30,1738.0,1741.6,1735.7,1741.3,95435,0
2026-05-04 11:35:00+05:30,1741.5,1745.0,1740.8,1741.4,85207,0
2026-05-04 11:40:00+05:30,1741.4,1748.6,1740.0,1744.6,128922,0
2026-05-04 11:45:00+05:30,1744.8,1746.5,1736.6,1738.1,103133,0
2026-05-04 11:50:00+05:30,1738.1,1741.6,1734.4,1736.2,109063,0
2026-05-04 11:55:00+05:30,1736.8,1736.8,1728.0,1732.0,176695,0
2026-05-04 12:00:00+05:30,1732.4,1737.0,1731.3,1733.0,207909,0
2026-05-04 12:05:00+05:30,1733.4,1735.1,1727.1,1729.5,81317,0
2026-05-04 12:10:00+05:30,1728.8,1729.8,1722.8,1723.2,72779,0
2026-05-04 12:15:00+05:30,1723.2,1724.1,1720.0,1721.9,81168,0
2026-05-04 12:20:00+05:30,1722.0,1724.3,1720.0,1721.9,66260,0
2026-05-04 12:25:00+05:30,1722.4,1723.6,1720.3,1722.5,31252,0
2026-05-04 12:30:00+05:30,1722.8,1722.8,1718.8,1721.5,42609,0
2026-05-04 12:35:00+05:30,1721.5,1725.0,1720.2,1725.0,44506,0
2026-05-04 12:40:00+05:30,1725.0,1729.4,1723.5,1727.4,89098,0
2026-05-04 12:45:00+05:30,1727.5,1729.0,1724.9,1727.0,68285,0
2026-05-04 12:50:00+05:30,1727.0,1730.0,1726.3,1729.6,44638,0
2026-05-04 12:55:00+05:30,1729.6,1730.0,1727.2,1729.5,51368,0
2026-05-04 13:00:00+05:30,1729.5,1731.1,1727.4,1729.5,50941,0
2026-05-04 13:05:00+05:30,1729.5,1732.0,1728.0,1729.0,49995,0
2026-05-04 13:10:00+05:30,1729.4,1738.1,1728.8,1736.6,78270,0
2026-05-04 13:15:00+05:30,1736.8,1737.5,1732.7,1734.7,44631,0
2026-05-04 13:20:00+05:30,1734.9,1734.9,1728.0,1730.8,55148,0
2026-05-04 13:25:00+05:30,1730.8,1734.0,1724.2,1724.2,78706,0
2026-05-04 13:30:00+05:30,1723.9,1729.3,1722.5,1727.8,60553,0
2026-05-04 13:35:00+05:30,1728.0,1731.6,1725.8,1731.6,20130,0
2026-05-04 13:40:00+05:30,1731.7,1736.0,1730.8,1734.8,58410,0
2026-05-04 13:45:00+05:30,1734.9,1734.9,1730.8,1733.9,26954,0
2026-05-04 13:50:00+05:30,1733.9,1736.0,1730.2,1731.9,62608,0
2026-05-04 13:55:00+05:30,1731.7,1732.6,1726.1,1728.5,22332,0
2026-05-04 14:00:00+05:30,1728.3,1730.5,1727.3,1729.3,54102,0
2026-05-04 14:05:00+05:30,1729.2,1730.0,1726.1,1726.5,29200,0
2026-05-04 14:10:00+05:30,1726.5,1730.0,1726.5,1727.6,57613,0
2026-05-04 14:15:00+05:30,1727.4,1732.6,1727.4,1731.2,26359,0
2026-05-04 14:20:00+05:30,1731.8,1733.8,1730.1,1730.7,14127,0
2026-05-04 14:25:00+05:30,1730.1,1736.0,1729.0,1735.7,44652,0
2026-05-04 14:30:00+05:30,1736.0,1742.1,1730.9,1731.4,134916,0
2026-05-04 14:35:00+05:30,1731.8,1732.0,1727.2,1728.3,75855,0
2026-05-04 14:40:00+05:30,1729.0,1729.5,1726.0,1729.5,26494,0
2026-05-04 14:45:00+05:30,1729.1,1733.4,1726.2,1731.3,117993,0
2026-05-04 14:50:00+05:30,1731.8,1734.7,1730.6,1733.9,53263,0
2026-05-04 14:55:00+05:30,1733.9,1735.9,1732.5,1735.3,58631,0
2026-05-04 15:00:00+05:30,1735.3,1739.0,1733.8,1737.3,71409,0
2026-05-04 15:05:00+05:30,1737.6,1746.9,1736.1,1743.6,153168,0
2026-05-04 15:10:00+05:30,1743.6,1744.7,1740.2,1742.8,139937,0
2026-05-04 15:15:00+05:30,1742.9,1745.0,1740.0,1741.5,124025,0
2026-05-04 15:20:00+05:30,1741.5,1747.0,1738.0,1746.5,170479,0
2026-05-04 15:25:00+05:30,1746.6,1747.9,1742.7,1747.0,176011,0
2026-05-05 09:15:00+05:30,1749.8,1757.4,1741.0,1745.2,450826,0
2026-05-05 09:20:00+05:30,1745.2,1745.7,1730.0,1733.0,182684,0
2026-05-05 09:25:00+05:30,1733.0,1733.0,1719.0,1723.5,127143,0
2026-05-05 09:30:00+05:30,1724.0,1745.8,1722.9,1743.3,121892,0
2026-05-05 09:35:00+05:30,1743.9,1748.8,1741.6,1746.9,134021,0
2026-05-05 09:40:00+05:30,1746.8,1751.9,1742.6,1751.0,134351,0
2026-05-05 09:45:00+05:30,1751.6,1751.6,1744.8,1748.0,130897,0
2026-05-05 09:50:00+05:30,1748.5,1748.5,1741.0,1741.7,114879,0
2026-05-05 09:55:00+05:30,1741.8,1743.3,1735.6,1739.5,91106,0
2026-05-05 10:00:00+05:30,1739.7,1740.8,1735.0,1740.0,130903,0
2026-05-05 10:05:00+05:30,1739.7,1741.1,1735.0,1740.0,75335,0
2026-05-05 10:10:00+05:30,1739.9,1741.4,1734.2,1741.3,52422,0
2026-05-05 10:15:00+05:30,1741.3,1744.4,1738.2,1743.5,34315,0
2026-05-05 10:20:00+05:30,1744.0,1750.8,1739.8,1741.6,143920,0
2026-05-05 10:25:00+05:30,1741.6,1744.7,1739.3,1740.2,88814,0
2026-05-05 10:30:00+05:30,1740.2,1740.7,1730.4,1730.8,128778,0
2026-05-05 10:35:00+05:30,1730.8,1731.0,1724.1,1729.4,130704,0
2026-05-05 10:40:00+05:30,1729.3,1729.5,1723.3,1725.5,70116,0
2026-05-05 10:45:00+05:30,1725.5,1726.3,1723.5,1724.8,34615,0
2026-05-05 10:50:00+05:30,1724.7,1725.5,1721.6,1725.0,26926,0
2026-05-05 10:55:00+05:30,1725.0,1725.0,1721.5,1723.5,27229,0
2026-05-05 11:00:00+05:30,1723.5,1725.0,1721.6,1725.0,26269,0
2026-05-05 11:05:00+05:30,1725.0,1725.0,1722.0,1723.7,23103,0
2026-05-05 11:10:00+05:30,1723.7,1726.3,1723.5,1725.0,118228,0
2026-05-05 11:15:00+05:30,1725.0,1732.4,1725.0,1729.0,39178,0
2026-05-05 11:20:00+05:30,1729.0,1732.0,1728.1,1730.1,25387,0
2026-05-05 11:25:00+05:30,1730.1,1732.0,1729.8,1731.7,11483,0
2026-05-05 11:30:00+05:30,1731.7,1732.0,1726.0,1731.5,21986,0
2026-05-05 11:35:00+05:30,1731.5,1732.0,1730.0,1730.7,9590,0
2026-05-05 11:40:00+05:30,1730.7,1730.7,1727.0,1728.6,17181,0
2026-05-05 11:45:00+05:30,1728.2,1728.9,1725.0,1726.9,14532,0
2026-05-05 11:50:00+05:30,1727.2,1729.1,1725.9,1726.7,15068,0
2026-05-05 11:55:00+05:30,1726.7,1726.9,1725.1,1725.8,9808,0
2026-05-05 12:00:00+05:30,1725.8,1729.0,1725.1,1728.8,13555,0
2026-05-05 12:05:00+05:30,1728.8,1732.0,1728.0,1730.3,26797,0
2026-05-05 12:10:00+05:30,1730.4,1732.0,1729.6,1731.6,11695,0
2026-05-05 12:15:00+05:30,1731.7,1732.0,1728.7,1730.9,8204,0
2026-05-05 12:20:00+05:30,1730.9,1733.5,1729.7,1731.0,16734,0
2026-05-05 12:25:00+05:30,1731.0,1734.5,1726.7,1730.8,44347,0
2026-05-05 12:30:00+05:30,1730.8,1734.0,1728.3,1729.6,21069,0
2026-05-05 12:35:00+05:30,1729.4,1732.7,1727.1,1730.5,34827,0
2026-05-05 12:40:00+05:30,1730.7,1735.0,1730.7,1734.6,22254,0
2026-05-05 12:45:00+05:30,1734.6,1737.6,1733.9,1737.5,26675,0
2026-05-05 12:50:00+05:30,1737.5,1738.0,1735.2,1735.4,20227,0
2026-05-05 12:55:00+05:30,1735.4,1735.7,1733.4,1734.8,20060,0
2026-05-05 13:00:00+05:30,1735.0,1736.0,1733.6,1735.1,18282,0
2026-05-05 13:05:00+05:30,1735.1,1738.4,1734.3,1736.0,27075,0
2026-05-05 13:10:00+05:30,1736.0,1736.5,1734.0,1735.9,33432,0
2026-05-05 13:15:00+05:30,1735.8,1736.0,1733.2,1733.9,24556,0
2026-05-05 13:20:00+05:30,1733.9,1735.0,1732.6,1733.7,18468,0
2026-05-05 13:25:00+05:30,1733.6,1734.9,1732.9,1734.3,15507,0
2026-05-05 13:30:00+05:30,1734.5,1736.4,1733.5,1735.0,33940,0
2026-05-05 13:35:00+05:30,1735.0,1742.0,1735.0,1739.0,101759,0
2026-05-05 13:40:00+05:30,1739.0,1739.9,1732.0,1735.0,110255,0
2026-05-05 13:45:00+05:30,1735.8,1739.9,1732.2,1734.0,28208,0
2026-05-05 13:50:00+05:30,1734.2,1735.0,1732.1,1733.3,40371,0
2026-05-05 13:55:00+05:30,1733.0,1735.0,1732.2,1735.0,38535,0
2026-05-05 14:00:00+05:30,1735.0,1736.2,1733.5,1735.9,26469,0
2026-05-05 14:05:00+05:30,1735.9,1735.9,1732.0,1733.5,14481,0
2026-05-05 14:10:00+05:30,1733.5,1735.5,1732.0,1733.0,33583,0
2026-05-05 14:15:00+05:30,1733.0,1735.2,1732.3,1735.2,17472,0
2026-05-05 14:20:00+05:30,1735.2,1735.3,1732.4,1733.5,20238,0
2026-05-05 14:25:00+05:30,1733.9,1735.7,1732.5,1735.7,18707,0
2026-05-05 14:30:00+05:30,1735.7,1735.8,1734.1,1734.3,19910,0
2026-05-05 14:35:00+05:30,1734.8,1735.9,1734.1,1735.4,22792,0
2026-05-05 14:40:00+05:30,1734.7,1735.8,1734.2,1734.5,18057,0
2026-05-05 14:45:00+05:30,1734.6,1734.9,1732.0,1733.9,33454,0
2026-05-05 14:50:00+05:30,1733.9,1735.0,1732.0,1733.0,26688,0
2026-05-05 14:55:00+05:30,1733.7,1735.0,1732.3,1732.9,27407,0
2026-05-05 15:00:00+05:30,1732.9,1733.0,1726.8,1726.9,69250,0
2026-05-05 15:05:00+05:30,1727.0,1729.0,1725.5,1727.5,92922,0
2026-05-05 15:10:00+05:30,1727.4,1728.2,1725.0,1726.0,71116,0
2026-05-05 15:15:00+05:30,1726.3,1727.5,1722.0,1722.0,100427,0
2026-05-05 15:20:00+05:30,1722.2,1723.4,1719.7,1721.0,110040,0
2026-05-05 15:25:00+05:30,1720.6,1728.0,1718.7,1726.8,112996,0
2026-05-06 09:15:00+05:30,1750.0,1751.0,1734.4,1739.1,175256,0
2026-05-06 09:20:00+05:30,1739.0,1744.0,1735.2,1742.8,50703,0
2026-05-06 09:25:00+05:30,1743.9,1745.0,1736.5,1737.0,73096,0
2026-05-06 09:30:00+05:30,1737.0,1744.0,1736.7,1742.8,53217,0
2026-05-06 09:35:00+05:30,1743.4,1743.5,1738.3,1739.3,22854,0
2026-05-06 09:40:00+05:30,1739.3,1740.8,1736.4,1738.3,38906,0
2026-05-06 09:45:00+05:30,1738.3,1742.2,1737.0,1739.5,65862,0
2026-05-06 09:50:00+05:30,1740.1,1740.6,1736.8,1739.2,31625,0
2026-05-06 09:55:00+05:30,1739.8,1739.9,1736.0,1736.0,11868,0
2026-05-06 10:00:00+05:30,1736.5,1736.5,1732.0,1732.0,31147,0
2026-05-06 10:05:00+05:30,1732.4,1733.6,1730.1,1731.4,16880,0
2026-05-06 10:10:00+05:30,1732.0,1734.0,1730.5,1732.8,13923,0
2026-05-06 10:15:00+05:30,1732.8,1733.8,1731.0,1733.5,10019,0
2026-05-06 10:20:00+05:30,1733.5,1734.9,1732.8,1733.1,15180,0
2026-05-06 10:25:00+05:30,1733.4,1734.5,1732.0,1732.5,10404,0
2026-05-06 10:30:00+05:30,1732.5,1733.7,1730.5,1731.9,12024,0
2026-05-06 10:35:00+05:30,1731.9,1732.5,1728.4,1731.9,22252,0
2026-05-06 10:40:00+05:30,1731.8,1735.0,1731.0,1733.4,9313,0
2026-05-06 10:45:00+05:30,1733.8,1733.8,1732.0,1732.6,10331,0
2026-05-06 10:50:00+05:30,1732.8,1733.5,1728.8,1729.9,13429,0
2026-05-06 10:55:00+05:30,1730.0,1730.8,1728.2,1729.0,18099,0
2026-05-06 11:00:00+05:30,1729.0,1730.2,1728.0,1728.6,7691,0
2026-05-06 11:05:00+05:30,1728.6,1730.7,1728.1,1730.0,9201,0
2026-05-06 11:10:00+05:30,1730.0,1730.3,1728.0,1730.0,10600,0
2026-05-06 11:15:00+05:30,1730.0,1731.0,1729.2,1729.6,23683,0
2026-05-06 11:20:00+05:30,1729.8,1730.4,1729.0,1729.2,22036,0
2026-05-06 11:25:00+05:30,1729.9,1733.9,1729.2,1733.8,43572,0
2026-05-06 11:30:00+05:30,1733.9,1738.3,1732.1,1736.6,77558,0
2026-05-06 11:35:00+05:30,1736.6,1736.6,1732.0,1735.0,23606,0
2026-05-06 11:40:00+05:30,1735.0,1735.0,1731.3,1732.6,59863,0
2026-05-06 11:45:00+05:30,1732.6,1732.6,1729.4,1730.0,21525,0
2026-05-06 11:50:00+05:30,1730.0,1730.5,1729.3,1730.0,22938,0
2026-05-06 11:55:00+05:30,1730.0,1730.2,1729.4,1729.5,13872,0
2026-05-06 12:00:00+05:30,1730.0,1732.0,1729.1,1731.4,23834,0
2026-05-06 12:05:00+05:30,1731.8,1731.8,1728.8,1729.5,9791,0
2026-05-06 12:10:00+05:30,1730.0,1730.0,1729.0,1729.8,10334,0
2026-05-06 12:15:00+05:30,1729.7,1730.0,1728.4,1729.9,9272,0
2026-05-06 12:20:00+05:30,1730.0,1730.0,1728.3,1729.3,7758,0
2026-05-06 12:25:00+05:30,1729.3,1730.2,1725.7,1727.7,31829,0
2026-05-06 12:30:00+05:30,1727.7,1729.0,1725.8,1727.0,10401,0
2026-05-06 12:35:00+05:30,1727.1,1728.0,1723.2,1723.2,17863,0
2026-05-06 12:40:00+05:30,1723.7,1724.0,1718.6,1722.0,94157,0
2026-05-06 12:45:00+05:30,1722.3,1723.8,1721.5,1722.9,12162,0
2026-05-06 12:50:00+05:30,1723.0,1724.1,1722.0,1723.2,11401,0
2026-05-06 12:55:00+05:30,1723.2,1727.0,1722.4,1727.0,26888,0
2026-05-06 13:00:00+05:30,1726.6,1727.1,1726.0,1727.0,17763,0
2026-05-06 13:05:00+05:30,1727.1,1730.0,1726.6,1728.7,11761,0
2026-05-06 13:10:00+05:30,1729.3,1729.5,1727.0,1728.0,10827,0
2026-05-06 13:15:00+05:30,1728.5,1730.5,1728.0,1729.9,31299,0
2026-05-06 13:20:00+05:30,1729.9,1732.0,1729.3,1730.0,107527,0
2026-05-06 13:25:00+05:30,1730.0,1731.5,1728.3,1729.5,38254,0
2026-05-06 13:30:00+05:30,1729.0,1733.2,1729.0,1732.9,50556,0
2026-05-06 13:35:00+05:30,1733.2,1735.0,1731.1,1732.7,42853,0
2026-05-06 13:40:00+05:30,1733.1,1736.0,1731.6,1735.0,30776,0
2026-05-06 13:45:00+05:30,1735.2,1736.0,1733.6,1734.7,19689,0
2026-05-06 13:50:00+05:30,1734.8,1738.9,1734.7,1737.8,29608,0
2026-05-06 13:55:00+05:30,1738.1,1743.0,1737.6,1742.5,42190,0
2026-05-06 14:00:00+05:30,1742.7,1743.0,1740.0,1740.7,32916,0
2026-05-06 14:05:00+05:30,1740.6,1742.0,1737.5,1739.2,45458,0
2026-05-06 14:10:00+05:30,1739.4,1750.0,1738.7,1745.7,128557,0
2026-05-06 14:15:00+05:30,1745.7,1748.6,1742.4,1743.6,44379,0
2026-05-06 14:20:00+05:30,1743.6,1757.8,1743.2,1756.0,161505,0
2026-05-06 14:25:00+05:30,1756.0,1762.4,1755.2,1756.9,109675,0
2026-05-06 14:30:00+05:30,1757.0,1759.0,1755.1,1757.3,77884,0
2026-05-06 14:35:00+05:30,1758.0,1758.8,1754.1,1757.2,68453,0
2026-05-06 14:40:00+05:30,1757.2,1759.7,1756.2,1758.7,38494,0
2026-05-06 14:45:00+05:30,1758.8,1758.8,1755.9,1756.0,39036,0
2026-05-06 14:50:00+05:30,1756.3,1756.8,1747.1,1748.9,78175,0
2026-05-06 14:55:00+05:30,1748.9,1751.4,1746.8,1749.7,45403,0
2026-05-06 15:00:00+05:30,1749.8,1751.8,1748.8,1751.0,56803,0
2026-05-06 15:05:00+05:30,1751.5,1752.0,1750.0,1750.2,52955,0
2026-05-06 15:10:00+05:30,1750.2,1751.6,1745.6,1747.6,78947,0
2026-05-06 15:15:00+05:30,1748.0,1748.5,1745.5,1747.8,47017,0
2026-05-06 15:20:00+05:30,1747.8,1748.0,1745.0,1748.0,77541,0
2026-05-06 15:25:00+05:30,1748.1,1749.4,1742.0,1742.2,74990,0
2026-05-07 09:15:00+05:30,1748.3,1755.9,1736.9,1738.0,157769,0
2026-05-07 09:20:00+05:30,1737.0,1737.9,1731.1,1732.0,61924,0
2026-05-07 09:25:00+05:30,1732.4,1733.0,1728.0,1729.5,65512,0
2026-05-07 09:30:00+05:30,1729.0,1733.7,1728.0,1733.1,52926,0
2026-05-07 09:35:00+05:30,1733.0,1733.4,1731.2,1731.6,47021,0
2026-05-07 09:40:00+05:30,1732.0,1733.6,1730.0,1730.7,37913,0
2026-05-07 09:45:00+05:30,1730.2,1730.6,1726.3,1726.6,30243,0
2026-05-07 09:50:00+05:30,1727.1,1727.8,1725.0,1725.0,44203,0
2026-05-07 09:55:00+05:30,1725.0,1725.0,1719.0,1720.1,98606,0
2026-05-07 10:00:00+05:30,1719.6,1719.6,1711.1,1711.1,82474,0
2026-05-07 10:05:00+05:30,1711.2,1712.0,1708.0,1709.2,125680,0
2026-05-07 10:10:00+05:30,1709.2,1718.4,1709.1,1718.0,72528,0
2026-05-07 10:15:00+05:30,1718.0,1720.7,1716.1,1718.6,77908,0
2026-05-07 10:20:00+05:30,1718.5,1718.8,1715.0,1717.3,47214,0
2026-05-07 10:25:00+05:30,1717.0,1720.5,1716.3,1719.2,48516,0
2026-05-07 10:30:00+05:30,1719.1,1726.7,1719.1,1724.5,54581,0
2026-05-07 10:35:00+05:30,1724.0,1729.6,1722.8,1729.6,38551,0
2026-05-07 10:40:00+05:30,1728.9,1732.0,1727.5,1730.5,37683,0
2026-05-07 10:45:00+05:30,1730.5,1731.1,1728.1,1729.5,28550,0
2026-05-07 10:50:00+05:30,1729.5,1729.7,1728.0,1729.0,24664,0
2026-05-07 10:55:00+05:30,1729.0,1729.8,1728.4,1729.8,15177,0
2026-05-07 11:00:00+05:30,1729.7,1731.8,1729.0,1729.5,28535,0
2026-05-07 11:05:00+05:30,1729.2,1729.5,1727.0,1728.4,20281,0
2026-05-07 11:10:00+05:30,1728.4,1730.4,1727.3,1727.3,15270,0
2026-05-07 11:15:00+05:30,1727.3,1731.9,1727.1,1731.0,22688,0
2026-05-07 11:20:00+05:30,1730.4,1730.9,1727.1,1727.8,14987,0
2026-05-07 11:25:00+05:30,1727.8,1728.7,1725.1,1727.3,21642,0
2026-05-07 11:30:00+05:30,1726.9,1734.0,1726.9,1730.1,39021,0
2026-05-07 11:35:00+05:30,1730.1,1730.7,1728.2,1728.8,11406,0
2026-05-07 11:40:00+05:30,1728.7,1728.8,1724.0,1724.0,15314,0
2026-05-07 11:45:00+05:30,1724.0,1726.6,1722.8,1726.1,23251,0
2026-05-07 11:50:00+05:30,1726.1,1728.6,1725.6,1727.0,16094,0
2026-05-07 11:55:00+05:30,1727.0,1729.8,1726.3,1728.7,15406,0
2026-05-07 12:00:00+05:30,1728.8,1732.7,1728.0,1731.5,28630,0
2026-05-07 12:05:00+05:30,1731.5,1731.8,1730.7,1730.7,13356,0
2026-05-07 12:10:00+05:30,1730.5,1733.5,1730.2,1732.6,28763,0
2026-05-07 12:15:00+05:30,1732.6,1735.3,1732.6,1734.0,27340,0
2026-05-07 12:20:00+05:30,1734.0,1737.0,1734.0,1736.0,25717,0
2026-05-07 12:25:00+05:30,1735.9,1736.5,1731.1,1731.1,18223,0
2026-05-07 12:30:00+05:30,1731.2,1733.1,1728.9,1731.7,18922,0
2026-05-07 12:35:00+05:30,1732.0,1739.5,1731.3,1739.4,53154,0
2026-05-07 12:40:00+05:30,1739.5,1741.9,1734.7,1735.8,104492,0
2026-05-07 12:45:00+05:30,1735.8,1740.5,1733.3,1739.3,41570,0
2026-05-07 12:50:00+05:30,1739.6,1739.9,1737.0,1738.0,29433,0
2026-05-07 12:55:00+05:30,1738.0,1739.0,1737.1,1737.5,18330,0
2026-05-07 13:00:00+05:30,1737.6,1739.3,1735.5,1736.9,17049,0
2026-05-07 13:05:00+05:30,1736.9,1737.8,1735.1,1737.5,16511,0
2026-05-07 13:10:00+05:30,1737.4,1737.4,1734.2,1735.5,13650,0
2026-05-07 13:15:00+05:30,1735.0,1736.0,1730.1,1733.4,23679,0
2026-05-07 13:20:00+05:30,1733.7,1736.0,1731.7,1733.6,17292,0
2026-05-07 13:25:00+05:30,1733.4,1734.2,1731.6,1732.9,12658,0
2026-05-07 13:30:00+05:30,1732.8,1733.9,1731.0,1731.3,16630,0
2026-05-07 13:35:00+05:30,1731.3,1732.9,1730.2,1730.4,21520,0
2026-05-07 13:40:00+05:30,1730.4,1733.6,1730.2,1731.5,62424,0
2026-05-07 13:45:00+05:30,1731.7,1735.0,1731.7,1734.1,59202,0
2026-05-07 13:50:00+05:30,1734.2,1735.5,1732.8,1735.5,17158,0
2026-05-07 13:55:00+05:30,1735.5,1735.5,1732.9,1735.5,18460,0
2026-05-07 14:00:00+05:30,1735.5,1736.0,1733.0,1733.0,39430,0
2026-05-07 14:05:00+05:30,1732.8,1736.0,1732.1,1735.4,43182,0
2026-05-07 14:10:00+05:30,1735.9,1736.0,1733.2,1734.0,11680,0
2026-05-07 14:15:00+05:30,1734.0,1734.3,1728.8,1729.4,36358,0
2026-05-07 14:20:00+05:30,1729.4,1733.1,1728.9,1732.2,27608,0
2026-05-07 14:25:00+05:30,1732.8,1733.5,1729.8,1731.2,18162,0
2026-05-07 14:30:00+05:30,1731.1,1732.7,1730.3,1731.8,26002,0
2026-05-07 14:35:00+05:30,1731.3,1733.1,1730.3,1731.0,21635,0
2026-05-07 14:40:00+05:30,1731.1,1732.0,1730.1,1730.1,30502,0
2026-05-07 14:45:00+05:30,1730.4,1731.8,1728.2,1729.3,52057,0
2026-05-07 14:50:00+05:30,1729.3,1732.8,1729.3,1731.6,60397,0
2026-05-07 14:55:00+05:30,1731.6,1731.9,1729.5,1730.9,40150,0
2026-05-07 15:00:00+05:30,1730.9,1735.0,1730.9,1732.6,110299,0
2026-05-07 15:05:00+05:30,1732.6,1732.9,1731.3,1731.6,76106,0
2026-05-07 15:10:00+05:30,1731.6,1732.2,1730.3,1731.4,95447,0
2026-05-07 15:15:00+05:30,1731.4,1734.0,1730.8,1733.5,119665,0
2026-05-07 15:20:00+05:30,1733.7,1734.4,1730.9,1732.5,131140,0
2026-05-07 15:25:00+05:30,1732.5,1736.0,1732.0,1735.0,142274,0
2026-05-08 09:15:00+05:30,1740.4,1742.9,1727.7,1739.1,195405,0
2026-05-08 09:20:00+05:30,1739.1,1749.3,1737.0,1743.2,373949,0
2026-05-08 09:25:00+05:30,1743.7,1753.1,1740.6,1751.8,186566,0
2026-05-08 09:30:00+05:30,1751.9,1762.0,1751.0,1760.4,742310,0
2026-05-08 09:35:00+05:30,1760.9,1762.6,1755.4,1761.5,324104,0
2026-05-08 09:40:00+05:30,1761.0,1762.8,1758.9,1761.2,137820,0
2026-05-08 09:45:00+05:30,1761.2,1765.0,1759.5,1761.1,119189,0
2026-05-08 09:50:00+05:30,1760.5,1764.4,1759.0,1761.6,72956,0
2026-05-08 09:55:00+05:30,1762.1,1764.5,1758.2,1764.0,69795,0
2026-05-08 10:00:00+05:30,1764.0,1765.9,1762.2,1764.5,59555,0
2026-05-08 10:05:00+05:30,1764.5,1773.0,1763.1,1772.2,95767,0
2026-05-08 10:10:00+05:30,1772.1,1772.4,1768.4,1771.8,64052,0
2026-05-08 10:15:00+05:30,1772.0,1777.8,1771.2,1777.0,110445,0
2026-05-08 10:20:00+05:30,1776.9,1779.9,1775.1,1779.2,77748,0
2026-05-08 10:25:00+05:30,1779.2,1783.3,1778.4,1782.0,90377,0
2026-05-08 10:30:00+05:30,1782.0,1783.2,1780.1,1781.0,52068,0
2026-05-08 10:35:00+05:30,1781.5,1788.7,1780.9,1788.2,94706,0
2026-05-08 10:40:00+05:30,1788.7,1792.0,1781.0,1781.1,175882,0
2026-05-08 10:45:00+05:30,1782.0,1785.9,1781.1,1781.8,67936,0
2026-05-08 10:50:00+05:30,1781.8,1781.8,1773.8,1775.3,95262,0
2026-05-08 10:55:00+05:30,1775.3,1776.0,1771.1,1771.1,55300,0
2026-05-08 11:00:00+05:30,1771.8,1773.0,1768.1,1769.5,65067,0
2026-05-08 11:05:00+05:30,1769.5,1769.8,1765.2,1766.4,56730,0
2026-05-08 11:10:00+05:30,1766.6,1768.0,1766.3,1768.0,15675,0
2026-05-08 11:15:00+05:30,1768.0,1771.2,1765.2,1769.8,44592,0
2026-05-08 11:20:00+05:30,1769.5,1770.8,1766.5,1767.9,21446,0
2026-05-08 11:25:00+05:30,1767.9,1769.5,1766.5,1768.3,11051,0
2026-05-08 11:30:00+05:30,1768.4,1768.5,1763.5,1766.8,27982,0
2026-05-08 11:35:00+05:30,1767.0,1768.1,1766.4,1767.2,11458,0
2026-05-08 11:40:00+05:30,1767.2,1767.8,1765.5,1765.5,10356,0
2026-05-08 11:45:00+05:30,1765.7,1765.9,1760.5,1761.0,81086,0
2026-05-08 11:50:00+05:30,1761.0,1761.0,1755.7,1757.0,72671,0
2026-05-08 11:55:00+05:30,1757.5,1758.0,1754.0,1757.1,51519,0
2026-05-08 12:00:00+05:30,1757.6,1757.8,1755.0,1756.7,25249,0
2026-05-08 12:05:00+05:30,1756.5,1757.2,1750.0,1750.6,113395,0
2026-05-08 12:10:00+05:30,1750.6,1755.0,1750.0,1753.8,36457,0
2026-05-08 12:15:00+05:30,1753.7,1754.9,1750.0,1753.4,91836,0
2026-05-08 12:20:00+05:30,1753.8,1757.7,1753.4,1755.0,38574,0
2026-05-08 12:25:00+05:30,1755.3,1760.9,1755.1,1758.6,49843,0
2026-05-08 12:30:00+05:30,1759.1,1759.4,1756.0,1758.4,17097,0
2026-05-08 12:35:00+05:30,1758.4,1759.0,1755.2,1756.3,28794,0
2026-05-08 12:40:00+05:30,1756.3,1758.0,1755.2,1755.2,17919,0
2026-05-08 12:45:00+05:30,1755.7,1756.4,1752.9,1756.4,26537,0
2026-05-08 12:50:00+05:30,1756.5,1758.0,1755.1,1758.0,17646,0
2026-05-08 12:55:00+05:30,1758.0,1758.5,1755.5,1756.7,19027,0
2026-05-08 13:00:00+05:30,1757.2,1758.4,1755.7,1756.8,18051,0
2026-05-08 13:05:00+05:30,1756.8,1759.9,1756.8,1759.4,21225,0
2026-05-08 13:10:00+05:30,1759.9,1760.6,1756.4,1757.8,12626,0
2026-05-08 13:15:00+05:30,1757.8,1760.6,1757.1,1760.1,10591,0
2026-05-08 13:20:00+05:30,1760.5,1760.5,1758.5,1759.7,9584,0
2026-05-08 13:25:00+05:30,1759.8,1763.0,1758.3,1761.3,18041,0
2026-05-08 13:30:00+05:30,1761.3,1764.0,1759.3,1764.0,14530,0
2026-05-08 13:35:00+05:30,1764.0,1764.7,1761.3,1761.6,13492,0
2026-05-08 13:40:00+05:30,1761.4,1762.6,1760.8,1761.6,6875,0
2026-05-08 13:45:00+05:30,1761.8,1763.4,1761.4,1763.4,7860,0
2026-05-08 13:50:00+05:30,1763.5,1764.1,1760.2,1762.9,9502,0
2026-05-08 13:55:00+05:30,1762.9,1763.2,1759.2,1760.2,8982,0
2026-05-08 14:00:00+05:30,1759.8,1763.0,1758.6,1762.0,12530,0
2026-05-08 14:05:00+05:30,1762.4,1763.0,1761.4,1762.0,4752,0
2026-05-08 14:10:00+05:30,1762.0,1763.0,1760.4,1762.0,10129,0
2026-05-08 14:15:00+05:30,1761.9,1762.8,1760.8,1761.0,9187,0
2026-05-08 14:20:00+05:30,1761.0,1761.0,1759.4,1760.8,15501,0
2026-05-08 14:25:00+05:30,1760.8,1761.9,1760.5,1761.3,10345,0
2026-05-08 14:30:00+05:30,1761.9,1763.9,1761.3,1762.1,15069,0
2026-05-08 14:35:00+05:30,1762.1,1766.4,1761.7,1764.0,33584,0
2026-05-08 14:40:00+05:30,1764.5,1765.0,1762.0,1764.5,14869,0
2026-05-08 14:45:00+05:30,1764.6,1766.0,1763.9,1766.0,19989,0
2026-05-08 14:50:00+05:30,1766.0,1766.1,1763.2,1765.4,25691,0
2026-05-08 14:55:00+05:30,1765.5,1765.5,1762.4,1762.6,15013,0
2026-05-08 15:00:00+05:30,1762.6,1763.0,1758.5,1760.1,73880,0
2026-05-08 15:05:00+05:30,1760.0,1762.5,1760.0,1761.1,37193,0
2026-05-08 15:10:00+05:30,1761.5,1762.3,1759.9,1760.2,52987,0
2026-05-08 15:15:00+05:30,1760.6,1761.2,1757.1,1760.1,84425,0
2026-05-08 15:20:00+05:30,1760.0,1761.0,1759.0,1760.0,91825,0
2026-05-08 15:25:00+05:30,1760.0,1761.7,1756.0,1760.0,93021,0
2026-05-11 09:15:00+05:30,1757.1,1757.3,1735.0,1742.8,157173,0
2026-05-11 09:20:00+05:30,1742.8,1744.0,1734.1,1735.4,73450,0
2026-05-11 09:25:00+05:30,1734.6,1752.6,1733.1,1743.6,276136,0
2026-05-11 09:30:00+05:30,1744.0,1760.4,1743.6,1757.0,378772,0
2026-05-11 09:35:00+05:30,1757.2,1758.2,1745.7,1758.2,186387,0
2026-05-11 09:40:00+05:30,1758.2,1760.9,1750.0,1758.9,285200,0
2026-05-11 09:45:00+05:30,1759.7,1762.9,1755.2,1762.7,236462,0
2026-05-11 09:50:00+05:30,1762.6,1763.0,1757.6,1761.1,57202,0
2026-05-11 09:55:00+05:30,1761.1,1761.1,1755.0,1755.0,35266,0
2026-05-11 10:00:00+05:30,1755.2,1767.6,1755.0,1767.0,63242,0
2026-05-11 10:05:00+05:30,1766.3,1769.9,1765.5,1767.7,38285,0
2026-05-11 10:10:00+05:30,1767.7,1770.0,1766.4,1769.0,33973,0
2026-05-11 10:15:00+05:30,1769.5,1770.5,1766.0,1766.6,29140,0
2026-05-11 10:20:00+05:30,1766.5,1766.5,1763.0,1764.2,16099,0
2026-05-11 10:25:00+05:30,1764.2,1764.2,1760.3,1761.6,22168,0
2026-05-11 10:30:00+05:30,1761.3,1762.3,1756.1,1756.8,28266,0
2026-05-11 10:35:00+05:30,1756.1,1757.1,1747.1,1752.0,58313,0
2026-05-11 10:40:00+05:30,1752.0,1752.0,1748.1,1751.1,45254,0
2026-05-11 10:45:00+05:30,1751.1,1751.3,1744.3,1745.5,36624,0
2026-05-11 10:50:00+05:30,1745.5,1752.4,1744.3,1744.8,252050,0
2026-05-11 10:55:00+05:30,1744.8,1745.0,1739.5,1739.9,76486,0
2026-05-11 11:00:00+05:30,1739.9,1742.0,1739.0,1739.7,51889,0
2026-05-11 11:05:00+05:30,1739.7,1744.7,1739.0,1744.2,43288,0
2026-05-11 11:10:00+05:30,1744.2,1744.5,1742.7,1743.5,14894,0
2026-05-11 11:15:00+05:30,1743.5,1749.3,1742.5,1748.7,47820,0
2026-05-11 11:20:00+05:30,1748.7,1749.8,1747.0,1747.4,18295,0
2026-05-11 11:25:00+05:30,1747.4,1749.8,1747.1,1749.7,11553,0
2026-05-11 11:30:00+05:30,1749.8,1751.5,1746.5,1749.8,19397,0
2026-05-11 11:35:00+05:30,1750.0,1752.9,1749.5,1752.3,16758,0
2026-05-11 11:40:00+05:30,1752.9,1761.0,1752.3,1760.6,66251,0
2026-05-11 11:45:00+05:30,1759.9,1761.8,1757.7,1759.1,28428,0
2026-05-11 11:50:00+05:30,1759.8,1763.0,1759.2,1760.8,22525,0
2026-05-11 11:55:00+05:30,1761.5,1761.6,1755.8,1759.3,22390,0
2026-05-11 12:00:00+05:30,1759.3,1759.4,1756.1,1756.1,13812,0
2026-05-11 12:05:00+05:30,1756.8,1757.4,1756.1,1756.9,9909,0
2026-05-11 12:10:00+05:30,1757.4,1758.3,1756.5,1757.8,5943,0
2026-05-11 12:15:00+05:30,1758.3,1758.7,1755.9,1758.1,7342,0
2026-05-11 12:20:00+05:30,1758.3,1758.3,1756.1,1757.5,6199,0
2026-05-11 12:25:00+05:30,1757.6,1758.0,1755.0,1755.0,12816,0
2026-05-11 12:30:00+05:30,1755.0,1757.0,1753.2,1755.9,13898,0
2026-05-11 12:35:00+05:30,1756.5,1757.0,1752.0,1753.5,8258,0
2026-05-11 12:40:00+05:30,1753.5,1761.0,1752.8,1760.6,25127,0
2026-05-11 12:45:00+05:30,1760.8,1761.8,1760.0,1760.4,10553,0
2026-05-11 12:50:00+05:30,1760.8,1762.5,1760.4,1761.9,9854,0
2026-05-11 12:55:00+05:30,1762.1,1763.5,1761.5,1762.0,11998,0
2026-05-11 13:00:00+05:30,1762.1,1763.5,1761.5,1762.3,12493,0
2026-05-11 13:05:00+05:30,1762.5,1763.9,1760.5,1763.6,14557,0
2026-05-11 13:10:00+05:30,1763.9,1764.8,1763.3,1763.9,17201,0
2026-05-11 13:15:00+05:30,1764.2,1764.5,1763.0,1763.1,9117,0
2026-05-11 13:20:00+05:30,1763.5,1768.0,1763.0,1768.0,25248,0
2026-05-11 13:25:00+05:30,1768.3,1771.2,1767.0,1770.0,65085,0
2026-05-11 13:30:00+05:30,1770.3,1777.0,1769.1,1776.5,104247,0
2026-05-11 13:35:00+05:30,1776.7,1784.0,1775.5,1780.0,107978,0
2026-05-11 13:40:00+05:30,1780.3,1784.0,1778.4,1782.4,55001,0
2026-05-11 13:45:00+05:30,1782.4,1785.0,1781.6,1782.4,29123,0
2026-05-11 13:50:00+05:30,1783.0,1785.6,1780.3,1783.3,40816,0
2026-05-11 13:55:00+05:30,1783.3,1783.4,1775.0,1778.6,78517,0
2026-05-11 14:00:00+05:30,1778.3,1782.0,1777.1,1781.8,18324,0
2026-05-11 14:05:00+05:30,1782.0,1782.4,1778.7,1780.3,56688,0
2026-05-11 14:10:00+05:30,1780.3,1782.0,1779.6,1780.5,17148,0
2026-05-11 14:15:00+05:30,1780.5,1780.8,1776.7,1778.1,20904,0
2026-05-11 14:20:00+05:30,1777.5,1779.2,1773.8,1773.8,40832,0
2026-05-11 14:25:00+05:30,1774.0,1774.0,1770.2,1773.2,38327,0
2026-05-11 14:30:00+05:30,1773.2,1778.9,1772.5,1778.0,31241,0
2026-05-11 14:35:00+05:30,1778.7,1779.8,1774.0,1774.0,29042,0
2026-05-11 14:40:00+05:30,1774.2,1777.0,1772.5,1773.0,29909,0
2026-05-11 14:45:00+05:30,1773.0,1774.3,1767.2,1768.4,34355,0
2026-05-11 14:50:00+05:30,1768.4,1773.4,1768.4,1771.5,26813,0
2026-05-11 14:55:00+05:30,1771.5,1772.9,1770.5,1771.9,18712,0
2026-05-11 15:00:00+05:30,1771.8,1773.1,1766.9,1769.3,73697,0
2026-05-11 15:05:00+05:30,1769.3,1770.9,1766.4,1766.6,47087,0
2026-05-11 15:10:00+05:30,1766.6,1767.0,1765.1,1765.7,39426,0
2026-05-11 15:15:00+05:30,1765.7,1768.8,1765.5,1766.8,42088,0
2026-05-11 15:20:00+05:30,1766.5,1767.5,1763.0,1767.0,52195,0
2026-05-11 15:25:00+05:30,1766.8,1768.1,1763.1,1766.5,49444,0
2026-05-12 09:15:00+05:30,1752.0,1765.9,1749.3,1753.8,156319,0
2026-05-12 09:20:00+05:30,1753.8,1753.8,1736.1,1737.7,88876,0
2026-05-12 09:25:00+05:30,1737.7,1739.0,1733.6,1737.1,45277,0
2026-05-12 09:30:00+05:30,1737.1,1738.6,1733.8,1734.0,42568,0
2026-05-12 09:35:00+05:30,1734.5,1737.8,1729.1,1729.9,56585,0
2026-05-12 09:40:00+05:30,1730.3,1736.7,1729.9,1733.4,29990,0
2026-05-12 09:45:00+05:30,1733.4,1736.7,1732.2,1736.5,24551,0
2026-05-12 09:50:00+05:30,1736.5,1738.0,1735.0,1736.7,46760,0
2026-05-12 09:55:00+05:30,1737.1,1739.8,1730.0,1730.0,124861,0
2026-05-12 10:00:00+05:30,1730.1,1732.8,1726.8,1730.4,44465,0
2026-05-12 10:05:00+05:30,1730.4,1730.7,1726.5,1729.4,54092,0
2026-05-12 10:10:00+05:30,1729.4,1731.4,1728.2,1731.0,15247,0
2026-05-12 10:15:00+05:30,1731.1,1736.7,1730.6,1736.5,23303,0
2026-05-12 10:20:00+05:30,1736.5,1737.7,1731.7,1731.7,50881,0
2026-05-12 10:25:00+05:30,1732.3,1736.6,1731.6,1735.3,24204,0
2026-05-12 10:30:00+05:30,1735.4,1737.6,1732.9,1733.3,24840,0
2026-05-12 10:35:00+05:30,1733.3,1735.6,1731.9,1732.8,17691,0
2026-05-12 10:40:00+05:30,1733.3,1736.8,1732.9,1734.5,45898,0
2026-05-12 10:45:00+05:30,1734.9,1734.9,1729.1,1729.9,16375,0
2026-05-12 10:50:00+05:30,1729.9,1730.4,1723.0,1724.4,44083,0
2026-05-12 10:55:00+05:30,1724.4,1727.6,1724.0,1726.3,23515,0
2026-05-12 11:00:00+05:30,1726.3,1726.4,1719.2,1719.5,42682,0
2026-05-12 11:05:00+05:30,1720.4,1723.3,1719.3,1721.3,14939,0
2026-05-12 11:10:00+05:30,1722.0,1722.4,1720.1,1720.3,11084,0
2026-05-12 11:15:00+05:30,1720.3,1720.4,1717.3,1719.6,33358,0
2026-05-12 11:20:00+05:30,1719.5,1721.6,1718.0,1719.4,19514,0
2026-05-12 11:25:00+05:30,1719.9,1722.4,1718.9,1721.0,15893,0
2026-05-12 11:30:00+05:30,1721.0,1723.0,1719.1,1722.5,12887,0
2026-05-12 11:35:00+05:30,1722.5,1723.8,1720.4,1723.0,12524,0
2026-05-12 11:40:00+05:30,1723.1,1726.7,1722.2,1724.4,15368,0
2026-05-12 11:45:00+05:30,1725.0,1725.2,1719.0,1721.9,10180,0
2026-05-12 11:50:00+05:30,1721.9,1723.6,1720.1,1721.8,7349,0
2026-05-12 11:55:00+05:30,1722.0,1723.0,1720.5,1721.1,8977,0
2026-05-12 12:00:00+05:30,1721.2,1721.8,1719.8,1720.3,8367,0
2026-05-12 12:05:00+05:30,1720.6,1720.8,1718.0,1718.1,13979,0
2026-05-12 12:10:00+05:30,1718.2,1719.1,1715.0,1715.8,31796,0
2026-05-12 12:15:00+05:30,1715.8,1719.2,1715.5,1717.6,21076,0
2026-05-12 12:20:00+05:30,1717.8,1719.3,1715.2,1718.0,20850,0
2026-05-12 12:25:00+05:30,1718.1,1718.6,1715.1,1715.1,9904,0
2026-05-12 12:30:00+05:30,1715.2,1715.9,1711.5,1712.4,19338,0
2026-05-12 12:35:00+05:30,1712.4,1713.6,1709.5,1710.7,40320,0
2026-05-12 12:40:00+05:30,1710.7,1714.6,1709.9,1713.9,11699,0
2026-05-12 12:45:00+05:30,1713.9,1715.1,1711.8,1714.6,16202,0
2026-05-12 12:50:00+05:30,1714.6,1715.0,1712.5,1713.1,16378,0
2026-05-12 12:55:00+05:30,1713.9,1715.9,1713.1,1713.1,11725,0
2026-05-12 13:00:00+05:30,1713.8,1716.0,1713.1,1714.5,9758,0
2026-05-12 13:05:00+05:30,1714.5,1714.8,1711.2,1711.5,11131,0
2026-05-12 13:10:00+05:30,1712.0,1714.5,1710.8,1713.3,11554,0
2026-05-12 13:15:00+05:30,1714.0,1714.6,1710.4,1710.4,10586,0
2026-05-12 13:20:00+05:30,1711.0,1711.3,1709.5,1709.7,14629,0
2026-05-12 13:25:00+05:30,1710.1,1710.1,1707.0,1707.0,33200,0
2026-05-12 13:30:00+05:30,1707.4,1710.8,1707.0,1707.3,24914,0
2026-05-12 13:35:00+05:30,1708.2,1708.8,1705.2,1707.7,20558,0
2026-05-12 13:40:00+05:30,1707.8,1708.6,1706.0,1707.5,16730,0
2026-05-12 13:45:00+05:30,1707.9,1710.0,1706.7,1708.8,19977,0
2026-05-12 13:50:00+05:30,1708.9,1710.5,1695.1,1697.3,116392,0
2026-05-12 13:55:00+05:30,1697.7,1698.0,1691.3,1691.6,161458,0
2026-05-12 14:00:00+05:30,1692.1,1693.0,1687.7,1692.6,68296,0
2026-05-12 14:05:00+05:30,1692.6,1696.5,1691.0,1695.9,59814,0
2026-05-12 14:10:00+05:30,1695.9,1697.7,1693.9,1696.9,88013,0
2026-05-12 14:15:00+05:30,1697.2,1699.0,1696.7,1698.6,58294,0
2026-05-12 14:20:00+05:30,1698.6,1700.7,1693.8,1699.8,100953,0
2026-05-12 14:25:00+05:30,1699.8,1699.8,1694.3,1696.3,52642,0
2026-05-12 14:30:00+05:30,1696.9,1696.9,1690.9,1692.3,66489,0
2026-05-12 14:35:00+05:30,1692.3,1696.0,1691.3,1693.8,54657,0
2026-05-12 14:40:00+05:30,1694.0,1699.2,1692.2,1698.1,80625,0
2026-05-12 14:45:00+05:30,1698.5,1699.5,1692.6,1693.2,83929,0
2026-05-12 14:50:00+05:30,1693.3,1695.9,1690.5,1691.3,54170,0
2026-05-12 14:55:00+05:30,1691.3,1692.4,1688.7,1689.9,63049,0
2026-05-12 15:00:00+05:30,1689.7,1690.0,1686.1,1689.2,108301,0
2026-05-12 15:05:00+05:30,1689.6,1689.8,1683.9,1687.2,130978,0
2026-05-12 15:10:00+05:30,1687.2,1687.5,1683.2,1684.9,124080,0
2026-05-12 15:15:00+05:30,1684.9,1690.9,1683.7,1689.4,126470,0
2026-05-12 15:20:00+05:30,1689.4,1693.9,1686.5,1693.8,130397,0
2026-05-12 15:25:00+05:30,1693.7,1696.0,1689.5,1691.0,111285,0
2026-05-13 09:15:00+05:30,1688.2,1714.0,1688.0,1701.0,187715,0
2026-05-13 09:20:00+05:30,1701.1,1709.8,1700.0,1708.4,54601,0
2026-05-13 09:25:00+05:30,1708.4,1719.0,1707.2,1712.1,95825,0
2026-05-13 09:30:00+05:30,1712.1,1715.9,1709.4,1710.9,70209,0
2026-05-13 09:35:00+05:30,1710.9,1712.0,1703.0,1705.0,47284,0
2026-05-13 09:40:00+05:30,1705.0,1713.6,1703.0,1711.7,78691,0
2026-05-13 09:45:00+05:30,1712.4,1716.8,1709.2,1716.5,62842,0
2026-05-13 09:50:00+05:30,1716.1,1726.9,1715.5,1726.2,121446,0
2026-05-13 09:55:00+05:30,1726.2,1726.7,1720.2,1724.4,48586,0
2026-05-13 10:00:00+05:30,1724.4,1728.0,1720.4,1723.0,47591,0
2026-05-13 10:05:00+05:30,1723.0,1727.6,1723.0,1724.5,38362,0
2026-05-13 10:10:00+05:30,1724.5,1725.8,1718.2,1723.9,51458,0
2026-05-13 10:15:00+05:30,1724.0,1730.0,1723.8,1729.2,39725,0
2026-05-13 10:20:00+05:30,1729.2,1731.7,1727.2,1728.9,40245,0
2026-05-13 10:25:00+05:30,1728.7,1729.5,1725.2,1725.2,15158,0
2026-05-13 10:30:00+05:30,1725.4,1727.1,1724.0,1725.7,24621,0
2026-05-13 10:35:00+05:30,1725.6,1726.9,1722.5,1723.3,25122,0
2026-05-13 10:40:00+05:30,1723.3,1726.8,1723.3,1725.9,12004,0
2026-05-13 10:45:00+05:30,1725.9,1729.7,1723.6,1724.5,22481,0
2026-05-13 10:50:00+05:30,1724.4,1725.1,1720.4,1721.2,25979,0
2026-05-13 10:55:00+05:30,1721.0,1721.1,1715.3,1716.4,54227,0
2026-05-13 11:00:00+05:30,1716.0,1717.9,1714.1,1717.3,46182,0
2026-05-13 11:05:00+05:30,1717.3,1718.2,1712.9,1716.7,39079,0
2026-05-13 11:10:00+05:30,1716.7,1716.9,1714.1,1715.7,11447,0
2026-05-13 11:15:00+05:30,1716.1,1719.7,1714.5,1719.7,18045,0
2026-05-13 11:20:00+05:30,1719.7,1720.8,1716.1,1718.1,14985,0
2026-05-13 11:25:00+05:30,1718.3,1718.3,1715.4,1717.2,8927,0
2026-05-13 11:30:00+05:30,1717.2,1719.1,1716.5,1717.1,13194,0
2026-05-13 11:35:00+05:30,1717.1,1727.8,1717.0,1726.9,40007,0
2026-05-13 11:40:00+05:30,1726.9,1728.4,1724.6,1726.6,32549,0
2026-05-13 11:45:00+05:30,1727.3,1729.0,1724.8,1725.8,20140,0
2026-05-13 11:50:00+05:30,1725.6,1727.3,1721.9,1722.4,34862,0
2026-05-13 11:55:00+05:30,1722.7,1729.3,1722.4,1728.3,25044,0
2026-05-13 12:00:00+05:30,1728.2,1736.0,1727.7,1734.1,72152,0
2026-05-13 12:05:00+05:30,1734.0,1740.6,1732.6,1740.1,59385,0
2026-05-13 12:10:00+05:30,1740.1,1741.6,1736.7,1738.9,26844,0
2026-05-13 12:15:00+05:30,1739.0,1740.6,1734.3,1735.6,21495,0
2026-05-13 12:20:00+05:30,1735.6,1736.0,1732.6,1734.5,16467,0
2026-05-13 12:25:00+05:30,1734.6,1734.9,1731.9,1734.3,14497,0
2026-05-13 12:30:00+05:30,1734.9,1743.8,1732.5,1737.6,60817,0
2026-05-13 12:35:00+05:30,1737.3,1738.1,1732.5,1734.0,18772,0
2026-05-13 12:40:00+05:30,1733.6,1734.1,1730.5,1733.4,16696,0
2026-05-13 12:45:00+05:30,1733.4,1736.5,1731.6,1735.7,8764,0
2026-05-13 12:50:00+05:30,1735.7,1743.0,1735.3,1742.7,26361,0
2026-05-13 12:55:00+05:30,1743.0,1751.0,1743.0,1750.8,49315,0
2026-05-13 13:00:00+05:30,1751.0,1752.3,1745.4,1745.8,58063,0
2026-05-13 13:05:00+05:30,1745.6,1747.9,1743.5,1744.3,33593,0
2026-05-13 13:10:00+05:30,1744.0,1748.0,1744.0,1746.0,15841,0
2026-05-13 13:15:00+05:30,1746.4,1746.4,1740.2,1741.3,17127,0
2026-05-13 13:20:00+05:30,1741.3,1742.0,1737.2,1740.4,18358,0
2026-05-13 13:25:00+05:30,1740.4,1741.6,1738.4,1740.0,15289,0
2026-05-13 13:30:00+05:30,1740.1,1749.9,1740.0,1746.4,21527,0
2026-05-13 13:35:00+05:30,1746.3,1749.3,1744.1,1747.1,23025,0
2026-05-13 13:40:00+05:30,1747.3,1748.1,1743.0,1744.0,20163,0
2026-05-13 13:45:00+05:30,1744.1,1748.5,1742.5,1743.6,20859,0
2026-05-13 13:50:00+05:30,1743.8,1743.8,1739.3,1741.3,24193,0
2026-05-13 13:55:00+05:30,1741.6,1741.8,1737.0,1738.5,26287,0
2026-05-13 14:00:00+05:30,1738.4,1741.4,1736.3,1737.9,16626,0
2026-05-13 14:05:00+05:30,1738.3,1741.9,1737.9,1741.9,14891,0
2026-05-13 14:10:00+05:30,1741.7,1743.0,1741.1,1742.6,16666,0
2026-05-13 14:15:00+05:30,1742.6,1745.3,1739.8,1740.4,24200,0
2026-05-13 14:20:00+05:30,1740.0,1744.1,1738.8,1743.9,18866,0
2026-05-13 14:25:00+05:30,1744.0,1744.8,1740.9,1742.6,13720,0
2026-05-13 14:30:00+05:30,1742.6,1746.5,1742.2,1745.8,16174,0
2026-05-13 14:35:00+05:30,1746.0,1746.3,1745.0,1746.2,22918,0
2026-05-13 14:40:00+05:30,1746.2,1746.3,1741.5,1742.3,31362,0
2026-05-13 14:45:00+05:30,1742.9,1743.7,1740.5,1742.5,27341,0
2026-05-13 14:50:00+05:30,1742.0,1744.0,1741.2,1742.0,19253,0
2026-05-13 14:55:00+05:30,1742.0,1743.0,1740.3,1741.2,21844,0
2026-05-13 15:00:00+05:30,1741.0,1741.9,1737.2,1739.3,154191,0
2026-05-13 15:05:00+05:30,1739.3,1741.9,1737.4,1740.3,57127,0
2026-05-13 15:10:00+05:30,1740.4,1741.0,1739.1,1739.8,69798,0
2026-05-13 15:15:00+05:30,1739.9,1741.3,1737.0,1737.0,112132,0
2026-05-13 15:20:00+05:30,1737.0,1737.6,1731.1,1735.2,126864,0
2026-05-13 15:25:00+05:30,1735.2,1742.0,1733.7,1737.2,99571,0
2026-05-14 09:15:00+05:30,1761.0,1774.2,1755.6,1768.7,235940,0
2026-05-14 09:20:00+05:30,1768.7,1778.1,1767.5,1771.0,152327,0
2026-05-14 09:25:00+05:30,1771.0,1772.0,1764.9,1771.0,61184,0
2026-05-14 09:30:00+05:30,1771.0,1773.9,1768.0,1772.3,44536,0
2026-05-14 09:35:00+05:30,1772.1,1775.5,1762.0,1762.0,111298,0
2026-05-14 09:40:00+05:30,1762.9,1763.7,1753.3,1754.5,82849,0
2026-05-14 09:45:00+05:30,1754.5,1759.3,1750.2,1756.2,80589,0
2026-05-14 09:50:00+05:30,1756.7,1758.5,1749.3,1751.1,50673,0
2026-05-14 09:55:00+05:30,1751.0,1752.9,1748.1,1749.8,44070,0
2026-05-14 10:00:00+05:30,1749.8,1756.4,1745.4,1755.2,40402,0
2026-05-14 10:05:00+05:30,1755.1,1758.0,1752.6,1754.4,28761,0
2026-05-14 10:10:00+05:30,1754.0,1759.6,1753.0,1759.0,33710,0
2026-05-14 10:15:00+05:30,1758.9,1765.8,1756.9,1765.7,57236,0
2026-05-14 10:20:00+05:30,1765.7,1765.8,1754.6,1756.6,46236,0
2026-05-14 10:25:00+05:30,1756.7,1760.6,1756.6,1758.2,21897,0
2026-05-14 10:30:00+05:30,1758.1,1759.8,1751.9,1759.6,70064,0
2026-05-14 10:35:00+05:30,1759.5,1764.8,1757.2,1759.5,65617,0
2026-05-14 10:40:00+05:30,1759.6,1760.6,1757.0,1757.0,15680,0
2026-05-14 10:45:00+05:30,1757.3,1757.5,1752.3,1753.4,24588,0
2026-05-14 10:50:00+05:30,1753.4,1760.0,1752.7,1757.5,33458,0
2026-05-14 10:55:00+05:30,1757.4,1757.7,1749.0,1751.3,32528,0
2026-05-14 11:00:00+05:30,1751.9,1754.5,1748.9,1752.0,37875,0
2026-05-14 11:05:00+05:30,1752.4,1753.2,1750.7,1751.2,15586,0
2026-05-14 11:10:00+05:30,1751.5,1755.8,1750.6,1755.0,19641,0
2026-05-14 11:15:00+05:30,1755.0,1757.5,1754.8,1757.1,18707,0
2026-05-14 11:20:00+05:30,1757.5,1760.0,1755.0,1755.3,48987,0
2026-05-14 11:25:00+05:30,1755.7,1756.9,1750.0,1752.0,33123,0
2026-05-14 11:30:00+05:30,1752.0,1752.1,1749.5,1750.0,37251,0
2026-05-14 11:35:00+05:30,1750.3,1755.9,1749.6,1753.4,83791,0
2026-05-14 11:40:00+05:30,1754.1,1758.0,1752.3,1758.0,57962,0
2026-05-14 11:45:00+05:30,1758.0,1768.0,1757.4,1765.4,95281,0
2026-05-14 11:50:00+05:30,1765.9,1768.9,1763.2,1763.8,33078,0
2026-05-14 11:55:00+05:30,1764.2,1767.7,1762.0,1766.2,42845,0
2026-05-14 12:00:00+05:30,1766.8,1767.8,1764.0,1765.8,23913,0
2026-05-14 12:05:00+05:30,1765.8,1767.5,1763.2,1766.2,38585,0
2026-05-14 12:10:00+05:30,1766.8,1767.5,1763.3,1767.5,19031,0
2026-05-14 12:15:00+05:30,1767.5,1771.5,1767.4,1768.5,41142,0
2026-05-14 12:20:00+05:30,1769.0,1772.8,1767.6,1772.2,29477,0
2026-05-14 12:25:00+05:30,1772.3,1773.0,1767.1,1767.2,27154,0
2026-05-14 12:30:00+05:30,1767.8,1771.0,1767.3,1769.3,16889,0
2026-05-14 12:35:00+05:30,1769.3,1770.0,1766.0,1768.9,14675,0
2026-05-14 12:40:00+05:30,1768.9,1772.0,1768.8,1771.7,15979,0
2026-05-14 12:45:00+05:30,1771.7,1772.9,1768.2,1772.2,23870,0
2026-05-14 12:50:00+05:30,1772.0,1772.1,1768.2,1770.5,18787,0
2026-05-14 12:55:00+05:30,1770.8,1772.9,1768.7,1769.3,21507,0
2026-05-14 13:00:00+05:30,1769.2,1772.8,1769.0,1772.3,16275,0
2026-05-14 13:05:00+05:30,1772.3,1772.7,1769.1,1769.1,12420,0
2026-05-14 13:10:00+05:30,1769.5,1770.7,1766.0,1769.0,19695,0
2026-05-14 13:15:00+05:30,1769.2,1769.9,1765.1,1766.4,16528,0
2026-05-14 13:20:00+05:30,1766.7,1767.4,1761.3,1761.3,34965,0
2026-05-14 13:25:00+05:30,1762.2,1764.1,1759.0,1759.9,38671,0
2026-05-14 13:30:00+05:30,1759.9,1764.6,1758.9,1763.8,17321,0
2026-05-14 13:35:00+05:30,1763.7,1771.6,1763.2,1769.6,30731,0
2026-05-14 13:40:00+05:30,1769.9,1772.5,1769.7,1771.9,18176,0
2026-05-14 13:45:00+05:30,1772.0,1774.8,1770.2,1771.2,33207,0
2026-05-14 13:50:00+05:30,1771.3,1771.9,1768.4,1770.5,14984,0
2026-05-14 13:55:00+05:30,1770.8,1771.6,1768.5,1769.8,18900,0
2026-05-14 14:00:00+05:30,1769.8,1771.0,1767.0,1770.9,13279,0
2026-05-14 14:05:00+05:30,1770.9,1772.1,1769.1,1771.6,14520,0
2026-05-14 14:10:00+05:30,1772.0,1772.5,1769.1,1770.9,20276,0
2026-05-14 14:15:00+05:30,1770.9,1771.5,1767.5,1768.4,20819,0
2026-05-14 14:20:00+05:30,1769.0,1770.0,1767.8,1768.7,17605,0
2026-05-14 14:25:00+05:30,1768.7,1773.9,1768.2,1773.5,21745,0
2026-05-14 14:30:00+05:30,1773.5,1777.0,1772.4,1775.4,54231,0
2026-05-14 14:35:00+05:30,1775.4,1775.5,1768.2,1771.0,28678,0
2026-05-14 14:40:00+05:30,1770.2,1770.9,1767.3,1769.3,19094,0
2026-05-14 14:45:00+05:30,1769.3,1769.7,1765.6,1766.0,22380,0
2026-05-14 14:50:00+05:30,1766.1,1770.8,1766.0,1769.7,19004,0
2026-05-14 14:55:00+05:30,1769.7,1771.0,1766.5,1769.2,21845,0
2026-05-14 15:00:00+05:30,1769.2,1773.4,1767.0,1772.8,78207,0
2026-05-14 15:05:00+05:30,1772.8,1773.7,1769.5,1771.6,26803,0
2026-05-14 15:10:00+05:30,1771.8,1773.5,1770.8,1771.2,25201,0
2026-05-14 15:15:00+05:30,1771.6,1773.6,1771.0,1771.3,43461,0
2026-05-14 15:20:00+05:30,1771.5,1772.9,1768.6,1772.4,60288,0
2026-05-14 15:25:00+05:30,1772.4,1782.5,1769.6,1781.0,121420,0
