timestamp,open,high,low,close,volume,oi
2025-11-17 09:15:00+05:30,2906.4,2926.9,2899.0,2916.8,106354,0
2025-11-17 09:20:00+05:30,2917.0,2917.6,2907.7,2908.3,33982,0
2025-11-17 09:25:00+05:30,2908.4,2919.0,2905.7,2918.0,26527,0
2025-11-17 09:30:00+05:30,2918.0,2919.4,2914.1,2915.9,19770,0
2025-11-17 09:35:00+05:30,2915.9,2918.4,2913.8,2917.1,14326,0
2025-11-17 09:40:00+05:30,2917.9,2924.7,2914.7,2915.0,25916,0
2025-11-17 09:45:00+05:30,2915.0,2915.5,2908.6,2910.9,24574,0
2025-11-17 09:50:00+05:30,2910.9,2912.0,2908.5,2909.1,18737,0
2025-11-17 09:55:00+05:30,2909.1,2909.1,2897.6,2898.8,42402,0
2025-11-17 10:00:00+05:30,2899.7,2901.7,2896.7,2899.0,25433,0
2025-11-17 10:05:00+05:30,2899.0,2901.1,2896.7,2897.1,18739,0
2025-11-17 10:10:00+05:30,2897.1,2897.9,2893.6,2897.0,17609,0
2025-11-17 10:15:00+05:30,2896.3,2900.7,2896.3,2899.9,14712,0
2025-11-17 10:20:00+05:30,2900.0,2902.1,2899.6,2900.0,12734,0
2025-11-17 10:25:00+05:30,2899.9,2900.8,2895.0,2895.2,14560,0
2025-11-17 10:30:00+05:30,2895.9,2896.8,2894.6,2894.6,9233,0
2025-11-17 10:35:00+05:30,2894.6,2900.0,2894.6,2897.6,13745,0
2025-11-17 10:40:00+05:30,2896.9,2900.0,2896.8,2899.8,7018,0
2025-11-17 10:45:00+05:30,2899.7,2900.9,2897.5,2898.3,9443,0
2025-11-17 10:50:00+05:30,2898.5,2900.0,2898.3,2900.0,8991,0
2025-11-17 10:55:00+05:30,2899.5,2904.0,2898.6,2898.6,22097,0
2025-11-17 11:00:00+05:30,2899.0,2900.0,2896.3,2896.6,7651,0
2025-11-17 11:05:00+05:30,2897.6,2897.6,2894.4,2894.6,9935,0
2025-11-17 11:10:00+05:30,2894.6,2897.0,2894.1,2896.0,9893,0
2025-11-17 11:15:00+05:30,2895.8,2897.4,2895.4,2896.0,7459,0
2025-11-17 11:20:00+05:30,2896.0,2899.1,2896.0,2898.1,8079,0
2025-11-17 11:25:00+05:30,2898.1,2899.1,2898.1,2898.7,7317,0
2025-11-17 11:30:00+05:30,2899.0,2899.0,2895.2,2895.6,9299,0
2025-11-17 11:35:00+05:30,2895.6,2897.0,2894.1,2895.4,9202,0
2025-11-17 11:40:00+05:30,2895.4,2898.6,2895.1,2898.0,9914,0
2025-11-17 11:45:00+05:30,2898.1,2898.7,2898.0,2898.2,6241,0
2025-11-17 11:50:00+05:30,2898.3,2900.9,2898.2,2900.7,14547,0
2025-11-17 11:55:00+05:30,2899.9,2901.4,2899.9,2899.9,10249,0
2025-11-17 12:00:00+05:30,2900.7,2901.0,2898.2,2898.2,9893,0
2025-11-17 12:05:00+05:30,2898.3,2900.2,2897.8,2900.0,4683,0
2025-11-17 12:10:00+05:30,2900.0,2900.7,2896.8,2896.8,10644,0
2025-11-17 12:15:00+05:30,2896.8,2899.7,2895.8,2899.0,5903,0
2025-11-17 12:20:00+05:30,2899.0,2900.0,2899.0,2899.9,5970,0
2025-11-17 12:25:00+05:30,2899.9,2900.0,2898.2,2898.5,6514,0
2025-11-17 12:30:00+05:30,2898.5,2899.0,2898.2,2898.9,5434,0
2025-11-17 12:35:00+05:30,2898.9,2900.0,2898.8,2899.7,5685,0
2025-11-17 12:40:00+05:30,2899.7,2899.7,2898.5,2898.9,7073,0
2025-11-17 12:45:00+05:30,2899.0,2899.2,2898.5,2899.2,4153,0
2025-11-17 12:50:00+05:30,2899.2,2900.0,2898.8,2900.0,6950,0
2025-11-17 12:55:00+05:30,2900.0,2902.7,2899.8,2900.9,22919,0
2025-11-17 13:00:00+05:30,2900.9,2904.8,2899.0,2899.3,28178,0
2025-11-17 13:05:00+05:30,2899.0,2899.5,2897.0,2898.9,5062,0
2025-11-17 13:10:00+05:30,2898.9,2900.5,2898.3,2899.8,8640,0
2025-11-17 13:15:00+05:30,2900.0,2900.0,2896.2,2897.6,13356,0
2025-11-17 13:20:00+05:30,2897.5,2897.9,2896.6,2896.8,4728,0
2025-11-17 13:25:00+05:30,2896.7,2897.0,2893.4,2894.0,12060,0
2025-11-17 13:30:00+05:30,2894.0,2894.9,2893.6,2893.7,5279,0
2025-11-17 13:35:00+05:30,2893.7,2895.0,2893.7,2894.3,15654,0
2025-11-17 13:40:00+05:30,2894.1,2894.8,2893.3,2893.9,6398,0
2025-11-17 13:45:00+05:30,2893.9,2895.0,2893.7,2894.1,6714,0
2025-11-17 13:50:00+05:30,2894.1,2895.0,2894.1,2895.0,6234,0
2025-11-17 13:55:00+05:30,2894.9,2895.0,2894.9,2894.9,4680,0
2025-11-17 14:00:00+05:30,2895.0,2896.0,2894.8,2895.9,18108,0
2025-11-17 14:05:00+05:30,2895.9,2896.0,2894.2,2894.2,7921,0
2025-11-17 14:10:00+05:30,2894.2,2895.0,2894.0,2894.7,4924,0
2025-11-17 14:15:00+05:30,2895.0,2895.0,2890.5,2891.2,15283,0
2025-11-17 14:20:00+05:30,2890.6,2891.7,2887.6,2889.7,26715,0
2025-11-17 14:25:00+05:30,2889.5,2890.0,2888.1,2889.1,14020,0
2025-11-17 14:30:00+05:30,2889.3,2889.9,2888.1,2889.7,7782,0
2025-11-17 14:35:00+05:30,2889.8,2890.0,2886.7,2890.0,9679,0
2025-11-17 14:40:00+05:30,2889.8,2890.0,2887.6,2887.9,14256,0
2025-11-17 14:45:00+05:30,2888.2,2890.0,2884.4,2889.5,15554,0
2025-11-17 14:50:00+05:30,2890.0,2890.1,2889.5,2890.1,14080,0
2025-11-17 14:55:00+05:30,2890.1,2893.8,2889.1,2889.5,15754,0
2025-11-17 15:00:00+05:30,2889.7,2890.0,2887.0,2887.8,41545,0
2025-11-17 15:05:00+05:30,2888.0,2890.0,2887.4,2887.6,31473,0
2025-11-17 15:10:00+05:30,2887.4,2887.5,2884.7,2887.0,31116,0
2025-11-17 15:15:00+05:30,2887.0,2890.0,2886.1,2888.6,54964,0
2025-11-17 15:20:00+05:30,2888.6,2889.9,2885.4,2886.0,58749,0
2025-11-17 15:25:00+05:30,2886.0,2888.0,2880.0,2885.4,39239,0
2025-11-18 09:15:00+05:30,2886.0,2889.8,2862.1,2883.8,52569,0
2025-11-18 09:20:00+05:30,2883.7,2883.7,2871.4,2877.9,20352,0
2025-11-18 09:25:00+05:30,2877.9,2888.0,2877.3,2887.6,16219,0
2025-11-18 09:30:00+05:30,2887.9,2893.2,2887.5,2891.0,23665,0
2025-11-18 09:35:00+05:30,2891.0,2891.2,2887.7,2889.0,10218,0
2025-11-18 09:40:00+05:30,2889.0,2892.0,2888.2,2892.0,8174,0
2025-11-18 09:45:00+05:30,2891.1,2901.5,2889.4,2896.1,36934,0
2025-11-18 09:50:00+05:30,2896.1,2897.1,2893.8,2895.4,18119,0
2025-11-18 09:55:00+05:30,2896.2,2897.6,2892.2,2892.7,15531,0
2025-11-18 10:00:00+05:30,2892.5,2894.5,2889.6,2894.0,16571,0
2025-11-18 10:05:00+05:30,2894.0,2895.1,2892.7,2893.6,9186,0
2025-11-18 10:10:00+05:30,2893.6,2896.6,2890.0,2890.0,12957,0
2025-11-18 10:15:00+05:30,2890.0,2895.9,2890.0,2895.0,6134,0
2025-11-18 10:20:00+05:30,2895.6,2899.7,2894.3,2895.4,22776,0
2025-11-18 10:25:00+05:30,2895.5,2897.6,2894.1,2894.3,10340,0
2025-11-18 10:30:00+05:30,2894.3,2894.5,2891.5,2891.8,9457,0
2025-11-18 10:35:00+05:30,2891.9,2892.5,2890.4,2892.2,11093,0
2025-11-18 10:40:00+05:30,2892.3,2893.0,2890.2,2890.7,11120,0
2025-11-18 10:45:00+05:30,2890.1,2891.6,2887.1,2891.2,11571,0
2025-11-18 10:50:00+05:30,2891.6,2896.6,2891.0,2894.8,15770,0
2025-11-18 10:55:00+05:30,2894.8,2897.0,2893.6,2894.8,12462,0
2025-11-18 11:00:00+05:30,2895.0,2896.7,2893.2,2894.1,11895,0
2025-11-18 11:05:00+05:30,2894.1,2898.0,2893.0,2898.0,15072,0
2025-11-18 11:10:00+05:30,2898.0,2898.4,2896.4,2896.7,9401,0
2025-11-18 11:15:00+05:30,2896.8,2897.2,2895.2,2896.6,9552,0
2025-11-18 11:20:00+05:30,2896.6,2905.4,2894.6,2900.0,51203,0
2025-11-18 11:25:00+05:30,2900.0,2901.9,2898.0,2901.3,27489,0
2025-11-18 11:30:00+05:30,2901.3,2902.0,2900.2,2901.7,20885,0
2025-11-18 11:35:00+05:30,2901.7,2901.9,2900.0,2900.4,21414,0
2025-11-18 11:40:00+05:30,2900.4,2904.3,2900.0,2904.3,40463,0
2025-11-18 11:45:00+05:30,2904.3,2916.0,2902.8,2911.0,62489,0
2025-11-18 11:50:00+05:30,2911.4,2912.0,2909.0,2910.2,20348,0
2025-11-18 11:55:00+05:30,2910.3,2913.3,2910.3,2912.7,11067,0
2025-11-18 12:00:00+05:30,2913.0,2913.4,2911.3,2911.8,11264,0
2025-11-18 12:05:00+05:30,2912.7,2914.0,2911.0,2913.8,10922,0
2025-11-18 12:10:00+05:30,2913.5,2913.8,2912.1,2913.4,7581,0
2025-11-18 12:15:00+05:30,2913.5,2913.5,2910.0,2910.9,8285,0
2025-11-18 12:20:00+05:30,2910.5,2913.1,2910.0,2912.0,12183,0
2025-11-18 12:25:00+05:30,2912.5,2912.6,2910.2,2912.5,11122,0
2025-11-18 12:30:00+05:30,2912.0,2912.5,2910.0,2910.3,8930,0
2025-11-18 12:35:00+05:30,2910.0,2911.0,2909.1,2910.4,15247,0
2025-11-18 12:40:00+05:30,2910.4,2912.1,2910.0,2911.1,10784,0
2025-11-18 12:45:00+05:30,2911.1,2911.1,2905.0,2907.4,60731,0
2025-11-18 12:50:00+05:30,2907.4,2907.5,2901.3,2906.3,25068,0
2025-11-18 12:55:00+05:30,2906.4,2907.0,2904.5,2906.5,8288,0
2025-11-18 13:00:00+05:30,2905.8,2909.8,2904.8,2906.3,18331,0
2025-11-18 13:05:00+05:30,2906.2,2907.1,2905.3,2906.2,7641,0
2025-11-18 13:10:00+05:30,2906.2,2906.4,2904.5,2906.4,7102,0
2025-11-18 13:15:00+05:30,2906.1,2907.2,2905.0,2907.0,52278,0
2025-11-18 13:20:00+05:30,2907.0,2908.7,2903.3,2904.8,55726,0
2025-11-18 13:25:00+05:30,2904.8,2905.0,2903.1,2904.9,11161,0
2025-11-18 13:30:00+05:30,2904.9,2905.1,2904.4,2905.0,40750,0
2025-11-18 13:35:00+05:30,2904.9,2908.7,2904.9,2908.6,25448,0
2025-11-18 13:40:00+05:30,2908.6,2908.8,2905.9,2907.2,14987,0
2025-11-18 13:45:00+05:30,2907.2,2908.0,2905.2,2907.8,12479,0
2025-11-18 13:50:00+05:30,2907.8,2908.1,2907.3,2907.9,9904,0
2025-11-18 13:55:00+05:30,2907.9,2908.4,2904.4,2905.0,28972,0
2025-11-18 14:00:00+05:30,2904.9,2906.0,2904.5,2905.0,11543,0
2025-11-18 14:05:00+05:30,2905.0,2910.0,2904.9,2905.8,20496,0
2025-11-18 14:10:00+05:30,2905.8,2907.5,2905.0,2906.2,17221,0
2025-11-18 14:15:00+05:30,2906.2,2907.0,2905.0,2906.1,13063,0
2025-11-18 14:20:00+05:30,2906.2,2906.2,2905.0,2906.0,20189,0
2025-11-18 14:25:00+05:30,2905.6,2906.6,2903.0,2904.4,23488,0
2025-11-18 14:30:00+05:30,2904.7,2905.0,2900.0,2902.6,24520,0
2025-11-18 14:35:00+05:30,2902.6,2904.6,2901.1,2904.0,14285,0
2025-11-18 14:40:00+05:30,2903.9,2905.0,2902.0,2903.6,27185,0
2025-11-18 14:45:00+05:30,2903.6,2903.9,2901.4,2901.4,20657,0
2025-11-18 14:50:00+05:30,2901.8,2903.6,2900.4,2903.6,17592,0
2025-11-18 14:55:00+05:30,2903.6,2903.6,2901.1,2901.5,17608,0
2025-11-18 15:00:00+05:30,2901.5,2905.0,2901.2,2904.3,54441,0
2025-11-18 15:05:00+05:30,2904.3,2907.1,2903.8,2907.0,79068,0
2025-11-18 15:10:00+05:30,2907.0,2910.2,2903.9,2906.2,86480,0
2025-11-18 15:15:00+05:30,2906.2,2909.9,2905.9,2908.4,84255,0
2025-11-18 15:20:00+05:30,2908.4,2908.4,2903.4,2904.3,98769,0
2025-11-18 15:25:00+05:30,2904.2,2905.0,2902.2,2902.2,60457,0
2025-11-19 09:15:00+05:30,2914.0,2914.0,2894.1,2895.9,96559,0
2025-11-19 09:20:00+05:30,2895.9,2911.5,2895.9,2911.1,34404,0
2025-11-19 09:25:00+05:30,2911.1,2911.1,2899.4,2899.4,31231,0
2025-11-19 09:30:00+05:30,2899.8,2900.0,2896.8,2897.8,20598,0
2025-11-19 09:35:00+05:30,2897.8,2900.0,2896.7,2899.5,16900,0
2025-11-19 09:40:00+05:30,2899.5,2910.0,2899.4,2909.8,21648,0
2025-11-19 09:45:00+05:30,2909.8,2914.0,2902.2,2902.8,35263,0
2025-11-19 09:50:00+05:30,2903.4,2905.0,2901.8,2904.8,15017,0
2025-11-19 09:55:00+05:30,2904.3,2907.5,2903.1,2903.8,24544,0
2025-11-19 10:00:00+05:30,2903.8,2904.8,2902.3,2903.3,10139,0
2025-11-19 10:05:00+05:30,2903.2,2903.3,2897.4,2897.4,13339,0
2025-11-19 10:10:00+05:30,2898.3,2898.8,2896.1,2898.0,12487,0
2025-11-19 10:15:00+05:30,2897.4,2900.0,2897.0,2898.3,12136,0
2025-11-19 10:20:00+05:30,2899.0,2901.6,2898.6,2899.9,11511,0
2025-11-19 10:25:00+05:30,2899.6,2899.8,2897.0,2897.2,9177,0
2025-11-19 10:30:00+05:30,2897.2,2902.3,2897.2,2901.7,8622,0
2025-11-19 10:35:00+05:30,2902.0,2903.1,2900.6,2900.6,14200,0
2025-11-19 10:40:00+05:30,2901.0,2902.9,2900.6,2902.5,11691,0
2025-11-19 10:45:00+05:30,2902.5,2904.0,2900.3,2904.0,11497,0
2025-11-19 10:50:00+05:30,2904.0,2905.8,2902.3,2903.0,13184,0
2025-11-19 10:55:00+05:30,2903.0,2904.0,2899.6,2900.9,11211,0
2025-11-19 11:00:00+05:30,2901.1,2904.0,2900.0,2904.0,8828,0
2025-11-19 11:05:00+05:30,2904.0,2906.0,2902.3,2904.0,11861,0
2025-11-19 11:10:00+05:30,2903.3,2904.9,2900.0,2902.9,12348,0
2025-11-19 11:15:00+05:30,2901.9,2905.0,2900.5,2903.5,6752,0
2025-11-19 11:20:00+05:30,2904.0,2905.5,2901.2,2903.4,9248,0
2025-11-19 11:25:00+05:30,2903.1,2905.0,2902.3,2903.0,11188,0
2025-11-19 11:30:00+05:30,2903.0,2908.7,2902.7,2908.0,13712,0
2025-11-19 11:35:00+05:30,2907.1,2908.3,2907.0,2908.3,8797,0
2025-11-19 11:40:00+05:30,2908.3,2911.5,2908.0,2911.5,15313,0
2025-11-19 11:45:00+05:30,2911.5,2913.3,2911.2,2911.5,15985,0
2025-11-19 11:50:00+05:30,2911.5,2912.7,2910.5,2910.5,16862,0
2025-11-19 11:55:00+05:30,2910.5,2912.5,2909.5,2910.1,12401,0
2025-11-19 12:00:00+05:30,2910.9,2911.1,2907.3,2909.7,19458,0
2025-11-19 12:05:00+05:30,2909.7,2909.9,2907.9,2909.9,15806,0
2025-11-19 12:10:00+05:30,2909.9,2913.0,2909.1,2912.7,10388,0
2025-11-19 12:15:00+05:30,2912.7,2913.2,2912.4,2913.2,5234,0
2025-11-19 12:20:00+05:30,2913.0,2914.0,2912.9,2913.7,10560,0
2025-11-19 12:25:00+05:30,2913.7,2915.0,2913.7,2914.9,12951,0
2025-11-19 12:30:00+05:30,2914.8,2916.0,2905.2,2911.9,43535,0
2025-11-19 12:35:00+05:30,2911.9,2913.2,2904.9,2905.0,30332,0
2025-11-19 12:40:00+05:30,2905.0,2910.6,2904.9,2910.0,15798,0
2025-11-19 12:45:00+05:30,2909.8,2910.0,2907.8,2909.9,6347,0
2025-11-19 12:50:00+05:30,2910.0,2910.5,2904.9,2907.5,37069,0
2025-11-19 12:55:00+05:30,2907.5,2909.4,2906.0,2908.5,9443,0
2025-11-19 13:00:00+05:30,2908.5,2909.9,2904.5,2905.0,12416,0
2025-11-19 13:05:00+05:30,2905.0,2908.7,2905.0,2906.0,23791,0
2025-11-19 13:10:00+05:30,2906.0,2908.7,2904.9,2908.0,31207,0
2025-11-19 13:15:00+05:30,2908.4,2908.7,2904.9,2904.9,26599,0
2025-11-19 13:20:00+05:30,2905.0,2905.0,2899.5,2899.9,60120,0
2025-11-19 13:25:00+05:30,2899.9,2900.4,2897.5,2898.1,16731,0
2025-11-19 13:30:00+05:30,2898.0,2899.9,2897.0,2899.4,9213,0
2025-11-19 13:35:00+05:30,2899.8,2900.0,2897.7,2898.8,12325,0
2025-11-19 13:40:00+05:30,2899.0,2900.0,2898.3,2899.6,9981,0
2025-11-19 13:45:00+05:30,2899.8,2900.0,2897.9,2899.6,8415,0
2025-11-19 13:50:00+05:30,2900.0,2900.8,2899.8,2900.7,9445,0
2025-11-19 13:55:00+05:30,2900.7,2902.0,2896.5,2897.3,16688,0
2025-11-19 14:00:00+05:30,2897.2,2900.0,2896.2,2899.9,19713,0
2025-11-19 14:05:00+05:30,2899.9,2900.0,2898.8,2899.4,13798,0
2025-11-19 14:10:00+05:30,2899.0,2899.2,2897.0,2897.9,7445,0
2025-11-19 14:15:00+05:30,2897.5,2899.4,2895.8,2899.4,9776,0
2025-11-19 14:20:00+05:30,2899.2,2899.5,2897.2,2898.0,11264,0
2025-11-19 14:25:00+05:30,2897.8,2899.8,2897.2,2899.5,6128,0
2025-11-19 14:30:00+05:30,2899.5,2900.0,2898.3,2899.0,18636,0
2025-11-19 14:35:00+05:30,2898.4,2899.0,2894.1,2895.9,14312,0
2025-11-19 14:40:00+05:30,2896.9,2898.7,2895.7,2896.8,27463,0
2025-11-19 14:45:00+05:30,2897.3,2898.9,2896.0,2897.1,15452,0
2025-11-19 14:50:00+05:30,2897.1,2899.0,2896.0,2898.6,15298,0
2025-11-19 14:55:00+05:30,2898.4,2899.4,2896.2,2897.0,17893,0
2025-11-19 15:00:00+05:30,2896.9,2898.9,2894.0,2894.6,26460,0
2025-11-19 15:05:00+05:30,2894.6,2896.9,2892.6,2896.3,21910,0
2025-11-19 15:10:00+05:30,2896.3,2896.4,2892.6,2894.9,26447,0
2025-11-19 15:15:00+05:30,2894.9,2895.0,2888.7,2892.3,38122,0
2025-11-19 15:20:00+05:30,2892.7,2894.0,2889.8,2892.7,36677,0
2025-11-19 15:25:00+05:30,2892.7,2896.8,2887.2,2892.0,28441,0
2025-11-20 09:15:00+05:30,2897.4,2906.1,2894.1,2903.6,88271,0
2025-11-20 09:20:00+05:30,2904.1,2904.1,2886.0,2888.7,23033,0
2025-11-20 09:25:00+05:30,2888.7,2893.6,2887.3,2891.3,17040,0
2025-11-20 09:30:00+05:30,2891.3,2892.3,2885.0,2886.7,13134,0
2025-11-20 09:35:00+05:30,2886.0,2886.5,2877.2,2877.5,14270,0
2025-11-20 09:40:00+05:30,2877.4,2879.2,2871.6,2877.8,17311,0
2025-11-20 09:45:00+05:30,2878.9,2880.3,2875.7,2875.7,10466,0
2025-11-20 09:50:00+05:30,2875.7,2876.0,2873.3,2875.1,6509,0
2025-11-20 09:55:00+05:30,2875.0,2875.3,2872.0,2873.1,8453,0
2025-11-20 10:00:00+05:30,2873.1,2878.0,2871.1,2877.2,13539,0
2025-11-20 10:05:00+05:30,2877.3,2879.0,2875.0,2877.5,9227,0
2025-11-20 10:10:00+05:30,2876.8,2877.5,2872.3,2874.9,6467,0
2025-11-20 10:15:00+05:30,2874.9,2879.7,2873.7,2876.5,7568,0
2025-11-20 10:20:00+05:30,2876.5,2876.5,2873.2,2873.8,6293,0
2025-11-20 10:25:00+05:30,2873.6,2875.0,2871.1,2873.0,8195,0
2025-11-20 10:30:00+05:30,2872.9,2873.1,2868.2,2870.0,11161,0
2025-11-20 10:35:00+05:30,2870.0,2870.0,2866.3,2868.9,9197,0
2025-11-20 10:40:00+05:30,2868.5,2871.0,2865.7,2867.0,14230,0
2025-11-20 10:45:00+05:30,2867.0,2870.0,2865.5,2870.0,11506,0
2025-11-20 10:50:00+05:30,2870.0,2873.7,2869.5,2870.0,11518,0
2025-11-20 10:55:00+05:30,2869.8,2872.0,2866.9,2870.0,11100,0
2025-11-20 11:00:00+05:30,2870.0,2873.3,2867.7,2872.0,8010,0
2025-11-20 11:05:00+05:30,2872.0,2872.9,2870.3,2871.6,5776,0
2025-11-20 11:10:00+05:30,2871.5,2876.9,2869.0,2872.6,12938,0
2025-11-20 11:15:00+05:30,2872.4,2873.2,2871.7,2873.2,4697,0
2025-11-20 11:20:00+05:30,2873.1,2875.6,2871.2,2874.6,5385,0
2025-11-20 11:25:00+05:30,2874.6,2876.0,2873.0,2874.1,6952,0
2025-11-20 11:30:00+05:30,2874.0,2874.2,2871.5,2871.9,4923,0
2025-11-20 11:35:00+05:30,2871.8,2871.8,2866.4,2866.8,8993,0
2025-11-20 11:40:00+05:30,2866.8,2866.8,2864.1,2865.2,8337,0
2025-11-20 11:45:00+05:30,2865.2,2866.9,2864.4,2866.9,5813,0
2025-11-20 11:50:00+05:30,2866.5,2866.5,2861.6,2862.1,7406,0
2025-11-20 11:55:00+05:30,2863.1,2863.2,2861.0,2863.0,9702,0
2025-11-20 12:00:00+05:30,2862.9,2865.2,2861.5,2862.0,10265,0
2025-11-20 12:05:00+05:30,2862.0,2862.0,2858.8,2860.1,16899,0
2025-11-20 12:10:00+05:30,2860.1,2860.1,2857.6,2858.8,8480,0
2025-11-20 12:15:00+05:30,2859.0,2860.0,2858.5,2859.6,6303,0
2025-11-20 12:20:00+05:30,2859.6,2860.0,2855.7,2859.9,15031,0
2025-11-20 12:25:00+05:30,2859.6,2862.0,2859.1,2860.4,16643,0
2025-11-20 12:30:00+05:30,2860.2,2864.6,2859.9,2860.0,80437,0
2025-11-20 12:35:00+05:30,2860.0,2860.0,2857.0,2857.7,6675,0
2025-11-20 12:40:00+05:30,2857.1,2857.7,2853.4,2854.8,7877,0
2025-11-20 12:45:00+05:30,2854.9,2855.0,2852.5,2855.0,5940,0
2025-11-20 12:50:00+05:30,2855.0,2857.9,2854.4,2856.2,9126,0
2025-11-20 12:55:00+05:30,2856.2,2860.0,2856.2,2860.0,9702,0
2025-11-20 13:00:00+05:30,2859.9,2860.3,2858.4,2859.6,9621,0
2025-11-20 13:05:00+05:30,2859.9,2860.0,2858.1,2860.0,6176,0
2025-11-20 13:10:00+05:30,2860.0,2860.0,2859.3,2859.9,5334,0
2025-11-20 13:15:00+05:30,2859.9,2859.9,2857.6,2859.0,7763,0
2025-11-20 13:20:00+05:30,2859.0,2859.1,2855.7,2857.0,11717,0
2025-11-20 13:25:00+05:30,2857.0,2859.9,2856.6,2859.0,9361,0
2025-11-20 13:30:00+05:30,2858.8,2859.0,2854.4,2857.2,8381,0
2025-11-20 13:35:00+05:30,2857.0,2860.0,2855.9,2860.0,6277,0
2025-11-20 13:40:00+05:30,2859.9,2860.4,2857.8,2860.0,9616,0
2025-11-20 13:45:00+05:30,2860.0,2861.9,2859.9,2860.2,20768,0
2025-11-20 13:50:00+05:30,2860.2,2861.2,2859.8,2860.2,15993,0
2025-11-20 13:55:00+05:30,2860.2,2860.7,2859.7,2860.0,13303,0
2025-11-20 14:00:00+05:30,2860.0,2860.2,2859.6,2860.0,7124,0
2025-11-20 14:05:00+05:30,2860.0,2860.2,2858.3,2860.0,8238,0
2025-11-20 14:10:00+05:30,2860.0,2860.1,2858.0,2859.3,6923,0
2025-11-20 14:15:00+05:30,2858.9,2863.5,2856.5,2861.6,22819,0
2025-11-20 14:20:00+05:30,2861.5,2862.4,2858.1,2859.6,10686,0
2025-11-20 14:25:00+05:30,2860.0,2860.1,2855.4,2858.1,11570,0
2025-11-20 14:30:00+05:30,2857.4,2860.9,2856.7,2860.0,8129,0
2025-11-20 14:35:00+05:30,2860.0,2861.5,2859.7,2859.8,7369,0
2025-11-20 14:40:00+05:30,2859.9,2860.0,2859.0,2859.0,6863,0
2025-11-20 14:45:00+05:30,2859.6,2860.0,2858.1,2859.1,15634,0
2025-11-20 14:50:00+05:30,2859.1,2860.0,2856.9,2857.8,11441,0
2025-11-20 14:55:00+05:30,2857.8,2861.0,2857.6,2860.0,23526,0
2025-11-20 15:00:00+05:30,2860.0,2860.8,2859.3,2859.9,25883,0
2025-11-20 15:05:00+05:30,2860.0,2860.0,2859.9,2860.0,19692,0
2025-11-20 15:10:00+05:30,2859.9,2860.3,2857.5,2860.0,37108,0
2025-11-20 15:15:00+05:30,2860.0,2860.1,2859.0,2859.9,41277,0
2025-11-20 15:20:00+05:30,2859.9,2860.0,2858.4,2860.0,36377,0
2025-11-20 15:25:00+05:30,2859.9,2860.3,2858.1,2860.0,36949,0
2025-11-21 09:15:00+05:30,2869.0,2876.0,2862.2,2872.3,50163,0
2025-11-21 09:20:00+05:30,2872.1,2874.3,2866.5,2871.2,17844,0
2025-11-21 09:25:00+05:30,2871.2,2875.0,2866.8,2868.2,17437,0
2025-11-21 09:30:00+05:30,2868.0,2869.9,2860.4,2862.6,11964,0
2025-11-21 09:35:00+05:30,2862.6,2869.0,2861.3,2868.5,7433,0
2025-11-21 09:40:00+05:30,2867.7,2871.2,2864.5,2864.8,4975,0
2025-11-21 09:45:00+05:30,2864.7,2869.8,2864.2,2868.2,5779,0
2025-11-21 09:50:00+05:30,2868.0,2868.5,2857.3,2858.1,14475,0
2025-11-21 09:55:00+05:30,2859.1,2862.1,2858.0,2859.0,24097,0
2025-11-21 10:00:00+05:30,2858.5,2859.4,2855.7,2858.5,7881,0
2025-11-21 10:05:00+05:30,2857.4,2861.0,2855.3,2858.8,17841,0
2025-11-21 10:10:00+05:30,2858.3,2861.5,2858.3,2859.4,9981,0
2025-11-21 10:15:00+05:30,2859.4,2860.0,2859.0,2859.2,3893,0
2025-11-21 10:20:00+05:30,2858.4,2859.0,2854.1,2858.5,6735,0
2025-11-21 10:25:00+05:30,2858.5,2860.5,2857.3,2860.0,39289,0
2025-11-21 10:30:00+05:30,2860.0,2862.7,2859.7,2860.8,38503,0
2025-11-21 10:35:00+05:30,2860.8,2863.4,2860.3,2863.3,7737,0
2025-11-21 10:40:00+05:30,2863.4,2864.2,2861.8,2863.3,4832,0
2025-11-21 10:45:00+05:30,2863.0,2867.5,2861.0,2867.1,7878,0
2025-11-21 10:50:00+05:30,2866.7,2867.3,2865.2,2866.9,4758,0
2025-11-21 10:55:00+05:30,2866.6,2871.2,2866.6,2871.0,7597,0
2025-11-21 11:00:00+05:30,2871.0,2872.8,2868.0,2869.6,8175,0
2025-11-21 11:05:00+05:30,2869.8,2871.0,2868.2,2869.0,5533,0
2025-11-21 11:10:00+05:30,2869.0,2877.3,2869.0,2875.8,17170,0
2025-11-21 11:15:00+05:30,2876.6,2876.6,2871.8,2873.0,4854,0
2025-11-21 11:20:00+05:30,2873.0,2875.0,2871.2,2873.4,4910,0
2025-11-21 11:25:00+05:30,2873.1,2875.0,2870.4,2874.8,7314,0
2025-11-21 11:30:00+05:30,2874.5,2874.8,2872.6,2873.5,4180,0
2025-11-21 11:35:00+05:30,2873.5,2873.5,2872.3,2872.8,3098,0
2025-11-21 11:40:00+05:30,2872.3,2872.5,2869.7,2871.3,6692,0
2025-11-21 11:45:00+05:30,2871.3,2875.0,2870.0,2872.6,7694,0
2025-11-21 11:50:00+05:30,2873.0,2873.0,2869.1,2870.9,4621,0
2025-11-21 11:55:00+05:30,2870.9,2876.6,2870.1,2873.0,10986,0
2025-11-21 12:00:00+05:30,2872.9,2876.0,2871.8,2874.6,5996,0
2025-11-21 12:05:00+05:30,2874.7,2879.8,2874.5,2878.5,9168,0
2025-11-21 12:10:00+05:30,2879.0,2879.6,2870.1,2871.1,8858,0
2025-11-21 12:15:00+05:30,2872.2,2874.9,2870.7,2870.7,4472,0
2025-11-21 12:20:00+05:30,2871.0,2875.0,2871.0,2874.8,3938,0
2025-11-21 12:25:00+05:30,2874.8,2876.1,2865.6,2868.0,11045,0
2025-11-21 12:30:00+05:30,2867.9,2872.9,2867.8,2872.0,8201,0
2025-11-21 12:35:00+05:30,2872.0,2873.4,2871.4,2871.6,3969,0
2025-11-21 12:40:00+05:30,2871.7,2872.8,2871.4,2871.5,3685,0
2025-11-21 12:45:00+05:30,2871.6,2874.9,2871.0,2874.9,5596,0
2025-11-21 12:50:00+05:30,2874.9,2877.9,2873.9,2877.0,17713,0
2025-11-21 12:55:00+05:30,2877.0,2879.8,2875.0,2875.2,22933,0
2025-11-21 13:00:00+05:30,2875.2,2878.2,2875.0,2877.1,7352,0
2025-11-21 13:05:00+05:30,2876.9,2877.6,2875.0,2875.2,3896,0
2025-11-21 13:10:00+05:30,2875.2,2876.9,2873.3,2874.3,6173,0
2025-11-21 13:15:00+05:30,2874.6,2876.9,2872.4,2875.3,6512,0
2025-11-21 13:20:00+05:30,2875.3,2875.9,2874.4,2875.1,4280,0
2025-11-21 13:25:00+05:30,2875.1,2877.0,2873.2,2875.7,6719,0
2025-11-21 13:30:00+05:30,2875.9,2876.0,2874.7,2875.0,4026,0
2025-11-21 13:35:00+05:30,2875.0,2878.9,2874.8,2878.6,7637,0
2025-11-21 13:40:00+05:30,2878.6,2878.9,2875.9,2878.8,3697,0
2025-11-21 13:45:00+05:30,2878.8,2880.0,2877.7,2878.5,8523,0
2025-11-21 13:50:00+05:30,2878.6,2879.9,2878.4,2879.0,5950,0
2025-11-21 13:55:00+05:30,2879.0,2879.8,2876.7,2879.8,4495,0
2025-11-21 14:00:00+05:30,2879.8,2879.9,2878.1,2878.4,8311,0
2025-11-21 14:05:00+05:30,2878.5,2880.0,2878.1,2880.0,4119,0
2025-11-21 14:10:00+05:30,2880.0,2882.0,2879.7,2881.5,7433,0
2025-11-21 14:15:00+05:30,2881.5,2883.0,2880.8,2881.3,6772,0
2025-11-21 14:20:00+05:30,2881.6,2884.0,2880.8,2883.2,10756,0
2025-11-21 14:25:00+05:30,2883.2,2885.0,2882.4,2883.1,10079,0
2025-11-21 14:30:00+05:30,2883.8,2887.8,2882.8,2886.5,11426,0
2025-11-21 14:35:00+05:30,2886.5,2895.6,2885.7,2887.3,21331,0
2025-11-21 14:40:00+05:30,2887.4,2887.4,2883.0,2883.5,9241,0
2025-11-21 14:45:00+05:30,2884.0,2885.4,2876.0,2877.0,10640,0
2025-11-21 14:50:00+05:30,2877.0,2879.5,2874.9,2877.0,9931,0
2025-11-21 14:55:00+05:30,2877.2,2878.3,2875.3,2876.6,8196,0
2025-11-21 15:00:00+05:30,2876.6,2878.1,2875.0,2875.8,21196,0
2025-11-21 15:05:00+05:30,2876.3,2877.4,2873.9,2876.3,23637,0
2025-11-21 15:10:00+05:30,2876.2,2879.0,2876.1,2877.4,26569,0
2025-11-21 15:15:00+05:30,2877.7,2880.5,2875.5,2875.7,31444,0
2025-11-21 15:20:00+05:30,2875.7,2877.5,2875.0,2876.0,32951,0
2025-11-21 15:25:00+05:30,2876.0,2880.0,2875.0,2876.0,32121,0
2025-11-24 09:15:00+05:30,2876.0,2889.4,2870.2,2873.2,31572,0
2025-11-24 09:20:00+05:30,2874.0,2874.6,2867.0,2867.0,19900,0
2025-11-24 09:25:00+05:30,2866.3,2873.7,2865.8,2870.5,8164,0
2025-11-24 09:30:00+05:30,2870.9,2879.9,2866.6,2871.7,8352,0
2025-11-24 09:35:00+05:30,2872.7,2873.8,2869.6,2873.0,5877,0
2025-11-24 09:40:00+05:30,2872.3,2877.9,2870.0,2873.2,5882,0
2025-11-24 09:45:00+05:30,2874.5,2878.0,2872.2,2877.5,4305,0
2025-11-24 09:50:00+05:30,2878.0,2880.0,2877.2,2879.1,5936,0
2025-11-24 09:55:00+05:30,2879.2,2879.9,2876.9,2877.9,4755,0
2025-11-24 10:00:00+05:30,2877.2,2889.0,2877.2,2887.0,8748,0
2025-11-24 10:05:00+05:30,2886.5,2895.0,2886.3,2893.0,12513,0
2025-11-24 10:10:00+05:30,2893.0,2895.6,2891.9,2894.5,9244,0
2025-11-24 10:15:00+05:30,2895.2,2896.5,2888.1,2888.5,10062,0
2025-11-24 10:20:00+05:30,2888.9,2894.4,2887.9,2894.3,5506,0
2025-11-24 10:25:00+05:30,2894.6,2894.9,2888.1,2891.5,5034,0
2025-11-24 10:30:00+05:30,2891.5,2891.5,2887.2,2887.8,5026,0
2025-11-24 10:35:00+05:30,2888.2,2890.0,2886.2,2887.8,7304,0
2025-11-24 10:40:00+05:30,2887.8,2888.6,2886.4,2887.3,3248,0
2025-11-24 10:45:00+05:30,2887.0,2887.6,2882.2,2882.2,9292,0
2025-11-24 10:50:00+05:30,2882.9,2883.2,2874.2,2881.8,35024,0
2025-11-24 10:55:00+05:30,2881.8,2886.0,2880.0,2880.2,10561,0
2025-11-24 11:00:00+05:30,2881.0,2881.3,2874.4,2876.9,7463,0
2025-11-24 11:05:00+05:30,2877.7,2878.8,2871.2,2872.4,12463,0
2025-11-24 11:10:00+05:30,2873.6,2876.8,2872.5,2875.9,3824,0
2025-11-24 11:15:00+05:30,2874.8,2876.0,2871.3,2874.8,5610,0
2025-11-24 11:20:00+05:30,2874.1,2875.0,2872.5,2874.5,2816,0
2025-11-24 11:25:00+05:30,2873.8,2875.7,2872.5,2875.0,3691,0
2025-11-24 11:30:00+05:30,2875.0,2881.8,2875.0,2880.0,9193,0
2025-11-24 11:35:00+05:30,2879.4,2880.5,2878.0,2880.4,7248,0
2025-11-24 11:40:00+05:30,2880.4,2881.0,2878.3,2880.1,9873,0
2025-11-24 11:45:00+05:30,2880.1,2884.1,2879.0,2883.0,6716,0
2025-11-24 11:50:00+05:30,2883.5,2883.5,2879.8,2880.4,7300,0
2025-11-24 11:55:00+05:30,2880.2,2881.8,2876.1,2879.1,7878,0
2025-11-24 12:00:00+05:30,2880.0,2880.5,2877.6,2879.9,4164,0
2025-11-24 12:05:00+05:30,2879.2,2879.9,2876.5,2878.4,3546,0
2025-11-24 12:10:00+05:30,2877.4,2878.5,2877.4,2877.7,2542,0
2025-11-24 12:15:00+05:30,2878.0,2882.9,2876.5,2882.8,8819,0
2025-11-24 12:20:00+05:30,2881.8,2884.1,2880.1,2882.8,6020,0
2025-11-24 12:25:00+05:30,2882.4,2883.2,2881.0,2882.6,4136,0
2025-11-24 12:30:00+05:30,2882.0,2886.0,2880.3,2885.9,8135,0
2025-11-24 12:35:00+05:30,2885.6,2888.0,2885.6,2886.7,3846,0
2025-11-24 12:40:00+05:30,2886.7,2887.0,2885.0,2886.2,4067,0
2025-11-24 12:45:00+05:30,2885.7,2887.0,2883.2,2884.2,4438,0
2025-11-24 12:50:00+05:30,2884.2,2885.5,2884.0,2884.4,3221,0
2025-11-24 12:55:00+05:30,2884.0,2884.4,2878.6,2882.0,10493,0
2025-11-24 13:00:00+05:30,2881.0,2882.6,2877.9,2878.0,4878,0
2025-11-24 13:05:00+05:30,2878.0,2881.0,2876.8,2879.7,7845,0
2025-11-24 13:10:00+05:30,2879.7,2881.0,2878.4,2880.8,2541,0
2025-11-24 13:15:00+05:30,2880.8,2880.8,2878.0,2880.2,4012,0
2025-11-24 13:20:00+05:30,2880.2,2882.9,2880.1,2882.0,2885,0
2025-11-24 13:25:00+05:30,2881.3,2882.0,2878.6,2880.9,3810,0
2025-11-24 13:30:00+05:30,2880.7,2881.0,2878.0,2879.8,3861,0
2025-11-24 13:35:00+05:30,2878.7,2880.7,2877.1,2879.0,5728,0
2025-11-24 13:40:00+05:30,2877.8,2880.0,2877.8,2880.0,3101,0
2025-11-24 13:45:00+05:30,2880.0,2883.2,2880.0,2882.8,5617,0
2025-11-24 13:50:00+05:30,2882.1,2885.5,2881.4,2885.0,3047,0
2025-11-24 13:55:00+05:30,2884.1,2885.5,2882.5,2884.8,3215,0
2025-11-24 14:00:00+05:30,2883.4,2885.2,2880.0,2881.5,3661,0
2025-11-24 14:05:00+05:30,2880.3,2881.5,2878.4,2880.0,3741,0
2025-11-24 14:10:00+05:30,2879.9,2880.5,2878.1,2880.5,2759,0
2025-11-24 14:15:00+05:30,2879.9,2880.5,2878.3,2878.5,2842,0
2025-11-24 14:20:00+05:30,2879.0,2881.0,2877.0,2878.8,3885,0
2025-11-24 14:25:00+05:30,2878.1,2880.0,2877.4,2879.3,4702,0
2025-11-24 14:30:00+05:30,2879.3,2880.0,2877.4,2878.9,4439,0
2025-11-24 14:35:00+05:30,2878.5,2878.9,2877.1,2878.0,4040,0
2025-11-24 14:40:00+05:30,2878.0,2878.4,2877.1,2878.0,6263,0
2025-11-24 14:45:00+05:30,2877.8,2884.2,2877.3,2881.5,13829,0
2025-11-24 14:50:00+05:30,2881.5,2882.6,2878.6,2880.0,9312,0
2025-11-24 14:55:00+05:30,2880.0,2884.0,2879.9,2883.5,10956,0
2025-11-24 15:00:00+05:30,2883.5,2894.5,2876.4,2891.1,917720,0
2025-11-24 15:05:00+05:30,2891.1,2891.2,2876.9,2882.7,943177,0
2025-11-24 15:10:00+05:30,2882.6,2882.6,2880.4,2880.4,537266,0
2025-11-24 15:15:00+05:30,2880.4,2880.5,2864.5,2867.5,1141377,0
2025-11-24 15:20:00+05:30,2867.5,2878.9,2867.5,2876.9,860182,0
2025-11-24 15:25:00+05:30,2877.0,2894.1,2876.5,2888.0,519764,0
2025-11-25 09:15:00+05:30,2899.9,2900.0,2869.0,2890.0,66130,0
2025-11-25 09:20:00+05:30,2890.0,2890.0,2881.0,2885.6,17846,0
2025-11-25 09:25:00+05:30,2885.5,2886.2,2881.0,2882.3,13182,0
2025-11-25 09:30:00+05:30,2882.3,2884.4,2881.0,2882.6,10465,0
2025-11-25 09:35:00+05:30,2882.4,2885.7,2875.0,2882.9,26210,0
2025-11-25 09:40:00+05:30,2883.0,2887.0,2882.6,2886.7,6890,0
2025-11-25 09:45:00+05:30,2886.7,2889.0,2886.0,2886.7,11180,0
2025-11-25 09:50:00+05:30,2887.5,2898.1,2886.9,2898.0,12477,0
2025-11-25 09:55:00+05:30,2897.3,2898.0,2887.5,2889.2,19363,0
2025-11-25 10:00:00+05:30,2889.2,2895.0,2889.1,2894.5,6756,0
2025-11-25 10:05:00+05:30,2894.5,2897.0,2893.2,2893.9,7920,0
2025-11-25 10:10:00+05:30,2893.9,2898.9,2893.9,2898.5,6929,0
2025-11-25 10:15:00+05:30,2898.5,2900.0,2898.1,2899.4,11632,0
2025-11-25 10:20:00+05:30,2899.2,2908.5,2899.2,2907.6,33459,0
2025-11-25 10:25:00+05:30,2907.3,2907.9,2899.6,2902.0,12384,0
2025-11-25 10:30:00+05:30,2902.3,2904.5,2901.2,2902.0,12372,0
2025-11-25 10:35:00+05:30,2901.6,2902.0,2899.5,2901.9,8751,0
2025-11-25 10:40:00+05:30,2902.0,2902.2,2900.0,2901.0,6887,0
2025-11-25 10:45:00+05:30,2901.0,2901.9,2894.3,2895.5,12541,0
2025-11-25 10:50:00+05:30,2895.7,2897.5,2894.5,2896.6,8732,0
2025-11-25 10:55:00+05:30,2896.5,2896.9,2892.4,2893.0,6833,0
2025-11-25 11:00:00+05:30,2893.0,2895.0,2892.0,2894.1,5235,0
2025-11-25 11:05:00+05:30,2894.5,2895.0,2892.0,2892.4,4824,0
2025-11-25 11:10:00+05:30,2892.2,2893.0,2888.7,2891.5,10782,0
2025-11-25 11:15:00+05:30,2891.8,2894.6,2891.7,2893.8,5407,0
2025-11-25 11:20:00+05:30,2894.0,2895.0,2890.4,2892.5,6274,0
2025-11-25 11:25:00+05:30,2892.8,2893.0,2889.4,2891.6,5235,0
2025-11-25 11:30:00+05:30,2891.6,2893.0,2890.0,2893.0,8427,0
2025-11-25 11:35:00+05:30,2892.3,2894.0,2891.6,2893.5,5307,0
2025-11-25 11:40:00+05:30,2893.4,2894.0,2890.7,2891.0,6994,0
2025-11-25 11:45:00+05:30,2891.0,2891.8,2890.0,2890.0,6352,0
2025-11-25 11:50:00+05:30,2890.8,2893.6,2888.0,2888.0,13016,0
2025-11-25 11:55:00+05:30,2889.0,2889.4,2885.7,2888.7,7496,0
2025-11-25 12:00:00+05:30,2888.7,2889.6,2887.2,2888.8,6745,0
2025-11-25 12:05:00+05:30,2888.8,2888.8,2885.2,2886.8,5634,0
2025-11-25 12:10:00+05:30,2886.8,2890.0,2885.0,2889.3,7471,0
2025-11-25 12:15:00+05:30,2889.3,2889.7,2886.4,2889.4,5930,0
2025-11-25 12:20:00+05:30,2889.5,2890.6,2888.0,2890.0,9398,0
2025-11-25 12:25:00+05:30,2889.9,2891.1,2888.9,2890.5,10887,0
2025-11-25 12:30:00+05:30,2890.5,2894.0,2890.2,2892.1,13813,0
2025-11-25 12:35:00+05:30,2892.5,2894.0,2886.0,2887.8,14166,0
2025-11-25 12:40:00+05:30,2888.9,2889.0,2887.0,2888.3,5151,0
2025-11-25 12:45:00+05:30,2888.5,2889.2,2885.2,2885.4,4512,0
2025-11-25 12:50:00+05:30,2886.0,2888.9,2885.0,2888.8,15336,0
2025-11-25 12:55:00+05:30,2888.8,2889.0,2886.8,2888.7,4177,0
2025-11-25 13:00:00+05:30,2888.8,2889.0,2885.1,2885.7,5386,0
2025-11-25 13:05:00+05:30,2886.3,2887.7,2883.8,2886.2,7393,0
2025-11-25 13:10:00+05:30,2886.2,2886.9,2884.4,2886.3,5687,0
2025-11-25 13:15:00+05:30,2885.4,2886.3,2881.8,2881.9,8421,0
2025-11-25 13:20:00+05:30,2883.3,2885.0,2882.0,2885.0,5193,0
2025-11-25 13:25:00+05:30,2884.9,2885.4,2883.8,2885.0,4817,0
2025-11-25 13:30:00+05:30,2885.0,2886.0,2882.3,2885.8,6026,0
2025-11-25 13:35:00+05:30,2885.7,2886.7,2882.5,2885.0,5401,0
2025-11-25 13:40:00+05:30,2885.0,2886.6,2882.6,2883.4,4444,0
2025-11-25 13:45:00+05:30,2883.4,2887.0,2879.9,2887.0,9668,0
2025-11-25 13:50:00+05:30,2887.0,2887.6,2885.0,2886.9,8562,0
2025-11-25 13:55:00+05:30,2886.9,2886.9,2883.6,2885.1,6043,0
2025-11-25 14:00:00+05:30,2885.1,2890.0,2885.0,2889.8,9184,0
2025-11-25 14:05:00+05:30,2889.8,2890.0,2888.0,2889.4,6281,0
2025-11-25 14:10:00+05:30,2889.4,2890.0,2888.5,2888.9,6836,0
2025-11-25 14:15:00+05:30,2888.9,2889.8,2886.8,2887.7,16116,0
2025-11-25 14:20:00+05:30,2887.5,2888.1,2884.1,2885.0,8165,0
2025-11-25 14:25:00+05:30,2884.3,2887.0,2884.1,2885.3,8363,0
2025-11-25 14:30:00+05:30,2885.3,2885.3,2881.1,2884.5,15547,0
2025-11-25 14:35:00+05:30,2884.5,2885.6,2882.0,2882.6,7399,0
2025-11-25 14:40:00+05:30,2882.6,2883.5,2880.5,2882.2,14970,0
2025-11-25 14:45:00+05:30,2882.2,2887.0,2880.6,2884.3,19215,0
2025-11-25 14:50:00+05:30,2884.3,2885.0,2879.4,2879.4,10354,0
2025-11-25 14:55:00+05:30,2879.5,2879.9,2875.2,2875.2,14068,0
2025-11-25 15:00:00+05:30,2875.3,2878.0,2872.0,2872.6,43395,0
2025-11-25 15:05:00+05:30,2872.7,2880.4,2872.6,2878.1,45129,0
2025-11-25 15:10:00+05:30,2879.0,2879.3,2875.2,2876.9,44118,0
2025-11-25 15:15:00+05:30,2876.9,2877.6,2873.5,2876.9,42206,0
2025-11-25 15:20:00+05:30,2876.9,2877.8,2872.9,2877.3,43799,0
2025-11-25 15:25:00+05:30,2877.2,2878.0,2871.0,2878.0,32654,0
2025-11-26 09:15:00+05:30,2880.0,2894.9,2876.5,2882.6,36326,0
2025-11-26 09:20:00+05:30,2883.8,2885.0,2880.5,2884.0,10517,0
2025-11-26 09:25:00+05:30,2884.0,2887.2,2881.2,2886.1,9945,0
2025-11-26 09:30:00+05:30,2886.5,2887.2,2881.6,2886.9,6345,0
2025-11-26 09:35:00+05:30,2886.3,2889.7,2886.3,2888.6,7996,0
2025-11-26 09:40:00+05:30,2888.6,2889.9,2886.1,2888.0,7840,0
2025-11-26 09:45:00+05:30,2888.0,2889.8,2885.5,2889.4,3984,0
2025-11-26 09:50:00+05:30,2889.4,2892.5,2888.0,2889.3,5790,0
2025-11-26 09:55:00+05:30,2890.0,2892.6,2887.0,2888.9,4911,0
2025-11-26 10:00:00+05:30,2888.9,2893.8,2887.6,2891.7,6440,0
2025-11-26 10:05:00+05:30,2891.7,2893.0,2890.0,2891.7,2308,0
2025-11-26 10:10:00+05:30,2891.7,2892.4,2887.3,2889.0,2949,0
2025-11-26 10:15:00+05:30,2889.1,2893.0,2889.1,2892.4,13788,0
2025-11-26 10:20:00+05:30,2892.0,2892.9,2887.2,2888.6,3667,0
2025-11-26 10:25:00+05:30,2888.6,2888.6,2882.0,2883.0,5090,0
2025-11-26 10:30:00+05:30,2883.0,2887.4,2882.6,2885.2,15438,0
2025-11-26 10:35:00+05:30,2884.2,2888.2,2884.2,2887.9,1386,0
2025-11-26 10:40:00+05:30,2887.9,2888.8,2886.5,2887.1,2104,0
2025-11-26 10:45:00+05:30,2887.8,2890.1,2887.3,2890.1,2441,0
2025-11-26 10:50:00+05:30,2890.1,2892.0,2889.8,2890.2,3827,0
2025-11-26 10:55:00+05:30,2890.0,2892.0,2888.4,2890.0,4425,0
2025-11-26 11:00:00+05:30,2890.0,2896.2,2889.8,2889.8,10289,0
2025-11-26 11:05:00+05:30,2888.9,2890.1,2887.5,2887.5,2758,0
2025-11-26 11:10:00+05:30,2887.2,2888.0,2886.0,2887.9,2151,0
2025-11-26 11:15:00+05:30,2887.9,2890.0,2885.7,2889.6,3409,0
2025-11-26 11:20:00+05:30,2889.6,2889.9,2887.7,2889.8,1856,0
2025-11-26 11:25:00+05:30,2889.8,2890.0,2887.1,2888.5,3307,0
2025-11-26 11:30:00+05:30,2888.5,2888.5,2885.1,2886.8,2375,0
2025-11-26 11:35:00+05:30,2887.0,2887.0,2884.7,2885.6,4002,0
2025-11-26 11:40:00+05:30,2885.7,2888.8,2884.0,2887.6,2912,0
2025-11-26 11:45:00+05:30,2887.2,2890.0,2886.9,2889.6,2045,0
2025-11-26 11:50:00+05:30,2889.8,2891.0,2885.4,2885.9,6911,0
2025-11-26 11:55:00+05:30,2886.4,2888.1,2885.1,2885.8,2976,0
2025-11-26 12:00:00+05:30,2886.3,2887.0,2883.6,2883.6,5593,0
2025-11-26 12:05:00+05:30,2884.3,2884.3,2882.6,2883.4,3089,0
2025-11-26 12:10:00+05:30,2884.2,2885.0,2882.2,2883.0,3769,0
2025-11-26 12:15:00+05:30,2883.0,2883.0,2878.0,2879.5,8747,0
2025-11-26 12:20:00+05:30,2879.7,2881.2,2877.0,2877.1,4670,0
2025-11-26 12:25:00+05:30,2878.0,2878.5,2875.1,2877.3,6850,0
2025-11-26 12:30:00+05:30,2877.7,2878.1,2876.0,2878.0,2419,0
2025-11-26 12:35:00+05:30,2877.1,2879.1,2876.9,2877.9,3757,0
2025-11-26 12:40:00+05:30,2877.2,2878.2,2872.8,2876.3,7760,0
2025-11-26 12:45:00+05:30,2876.0,2877.9,2873.2,2876.6,5977,0
2025-11-26 12:50:00+05:30,2876.0,2876.8,2875.2,2876.0,3024,0
2025-11-26 12:55:00+05:30,2875.2,2876.5,2875.0,2876.5,2480,0
2025-11-26 13:00:00+05:30,2875.7,2877.5,2875.7,2877.2,2844,0
2025-11-26 13:05:00+05:30,2877.5,2879.2,2876.9,2877.9,3967,0
2025-11-26 13:10:00+05:30,2878.8,2879.8,2877.6,2879.1,4162,0
2025-11-26 13:15:00+05:30,2879.1,2879.9,2878.2,2878.6,3967,0
2025-11-26 13:20:00+05:30,2879.1,2881.0,2878.6,2880.6,5077,0
2025-11-26 13:25:00+05:30,2880.6,2880.6,2871.8,2872.9,5387,0
2025-11-26 13:30:00+05:30,2874.0,2875.8,2872.8,2873.4,4613,0
2025-11-26 13:35:00+05:30,2873.4,2876.4,2872.9,2873.0,5031,0
2025-11-26 13:40:00+05:30,2873.0,2874.2,2868.7,2869.0,6934,0
2025-11-26 13:45:00+05:30,2869.4,2869.4,2864.1,2865.4,7958,0
2025-11-26 13:50:00+05:30,2865.4,2867.6,2863.7,2864.6,11704,0
2025-11-26 13:55:00+05:30,2865.4,2868.1,2863.1,2868.0,4379,0
2025-11-26 14:00:00+05:30,2868.0,2869.8,2865.3,2867.7,14662,0
2025-11-26 14:05:00+05:30,2867.7,2868.8,2862.5,2863.1,8386,0
2025-11-26 14:10:00+05:30,2863.1,2866.1,2862.7,2864.4,3821,0
2025-11-26 14:15:00+05:30,2864.4,2865.4,2860.2,2863.6,6044,0
2025-11-26 14:20:00+05:30,2863.5,2863.6,2860.0,2860.9,7636,0
2025-11-26 14:25:00+05:30,2860.7,2862.8,2859.0,2859.0,21027,0
2025-11-26 14:30:00+05:30,2859.0,2862.0,2857.6,2860.6,8297,0
2025-11-26 14:35:00+05:30,2861.0,2862.6,2860.0,2862.5,4967,0
2025-11-26 14:40:00+05:30,2861.9,2865.0,2860.7,2861.7,13048,0
2025-11-26 14:45:00+05:30,2861.7,2865.0,2861.5,2862.1,8376,0
2025-11-26 14:50:00+05:30,2862.0,2865.0,2860.7,2864.0,15704,0
2025-11-26 14:55:00+05:30,2864.0,2873.3,2863.0,2868.0,12000,0
2025-11-26 15:00:00+05:30,2868.0,2872.0,2868.0,2871.2,13090,0
2025-11-26 15:05:00+05:30,2871.6,2873.0,2869.7,2873.0,19092,0
2025-11-26 15:10:00+05:30,2873.0,2874.6,2870.2,2873.8,18957,0
2025-11-26 15:15:00+05:30,2873.8,2875.0,2871.6,2874.1,18991,0
2025-11-26 15:20:00+05:30,2874.5,2879.6,2874.2,2878.0,22179,0
2025-11-26 15:25:00+05:30,2878.8,2881.1,2871.3,2872.0,27312,0
2025-11-27 09:15:00+05:30,2880.0,2893.5,2877.5,2890.5,40138,0
2025-11-27 09:20:00+05:30,2890.0,2901.6,2890.0,2896.0,32057,0
2025-11-27 09:25:00+05:30,2895.2,2899.2,2893.6,2895.0,19264,0
2025-11-27 09:30:00+05:30,2895.0,2901.0,2892.3,2895.6,18660,0
2025-11-27 09:35:00+05:30,2895.7,2898.9,2891.6,2898.7,10681,0
2025-11-27 09:40:00+05:30,2898.7,2907.8,2895.8,2905.6,52309,0
2025-11-27 09:45:00+05:30,2905.7,2908.6,2902.0,2907.9,38092,0
2025-11-27 09:50:00+05:30,2907.9,2914.5,2904.8,2906.6,56485,0
2025-11-27 09:55:00+05:30,2906.7,2909.8,2903.1,2905.0,26364,0
2025-11-27 10:00:00+05:30,2906.0,2909.4,2903.0,2906.2,19297,0
2025-11-27 10:05:00+05:30,2906.2,2907.0,2903.0,2903.4,14320,0
2025-11-27 10:10:00+05:30,2903.6,2903.6,2898.0,2899.7,24638,0
2025-11-27 10:15:00+05:30,2899.3,2905.4,2899.0,2905.4,11190,0
2025-11-27 10:20:00+05:30,2904.2,2908.0,2903.3,2908.0,12730,0
2025-11-27 10:25:00+05:30,2908.0,2909.0,2905.2,2907.3,12614,0
2025-11-27 10:30:00+05:30,2907.4,2908.1,2902.2,2904.5,9021,0
2025-11-27 10:35:00+05:30,2904.5,2905.0,2901.4,2903.0,6581,0
2025-11-27 10:40:00+05:30,2903.0,2906.1,2900.7,2901.7,12383,0
2025-11-27 10:45:00+05:30,2901.5,2902.0,2890.0,2891.5,29052,0
2025-11-27 10:50:00+05:30,2891.5,2893.3,2886.4,2886.9,21916,0
2025-11-27 10:55:00+05:30,2887.0,2889.0,2886.9,2888.4,8453,0
2025-11-27 11:00:00+05:30,2888.5,2889.3,2885.2,2885.4,10433,0
2025-11-27 11:05:00+05:30,2886.1,2886.1,2883.0,2884.7,9645,0
2025-11-27 11:10:00+05:30,2884.9,2891.5,2884.7,2891.1,21486,0
2025-11-27 11:15:00+05:30,2891.5,2892.8,2888.3,2892.4,25422,0
2025-11-27 11:20:00+05:30,2892.6,2894.5,2888.4,2890.1,12346,0
2025-11-27 11:25:00+05:30,2889.6,2891.6,2887.1,2889.8,7100,0
2025-11-27 11:30:00+05:30,2889.8,2890.2,2886.0,2889.0,7911,0
2025-11-27 11:35:00+05:30,2889.4,2889.6,2885.5,2886.0,12588,0
2025-11-27 11:40:00+05:30,2886.8,2888.7,2885.6,2888.4,5242,0
2025-11-27 11:45:00+05:30,2887.9,2888.8,2884.5,2886.1,8134,0
2025-11-27 11:50:00+05:30,2886.4,2886.7,2883.6,2885.5,6593,0
2025-11-27 11:55:00+05:30,2885.5,2887.4,2880.3,2881.9,21456,0
2025-11-27 12:00:00+05:30,2881.9,2884.3,2880.0,2881.5,37750,0
2025-11-27 12:05:00+05:30,2881.5,2882.0,2880.0,2881.2,16951,0
2025-11-27 12:10:00+05:30,2881.1,2882.0,2880.0,2881.0,5822,0
2025-11-27 12:15:00+05:30,2881.0,2881.0,2878.1,2879.6,7530,0
2025-11-27 12:20:00+05:30,2879.9,2879.9,2875.5,2876.9,9912,0
2025-11-27 12:25:00+05:30,2876.9,2878.4,2875.1,2877.7,7742,0
2025-11-27 12:30:00+05:30,2877.7,2879.5,2875.2,2877.7,7087,0
2025-11-27 12:35:00+05:30,2877.8,2878.2,2873.5,2875.0,10727,0
2025-11-27 12:40:00+05:30,2875.0,2879.2,2874.9,2877.7,5458,0
2025-11-27 12:45:00+05:30,2877.7,2878.0,2876.8,2877.6,5131,0
2025-11-27 12:50:00+05:30,2877.6,2880.0,2877.5,2877.7,7205,0
2025-11-27 12:55:00+05:30,2878.2,2881.0,2877.1,2879.1,10425,0
2025-11-27 13:00:00+05:30,2879.7,2880.0,2877.0,2877.9,8140,0
2025-11-27 13:05:00+05:30,2878.1,2879.2,2875.7,2877.6,10260,0
2025-11-27 13:10:00+05:30,2877.6,2878.4,2871.4,2873.0,11819,0
2025-11-27 13:15:00+05:30,2873.0,2876.5,2872.9,2875.5,8256,0
2025-11-27 13:20:00+05:30,2875.5,2877.9,2874.7,2875.6,8868,0
2025-11-27 13:25:00+05:30,2875.6,2879.5,2874.2,2874.7,15528,0
2025-11-27 13:30:00+05:30,2874.9,2877.1,2873.2,2876.5,7678,0
2025-11-27 13:35:00+05:30,2876.8,2877.7,2874.7,2876.2,8296,0
2025-11-27 13:40:00+05:30,2876.2,2876.7,2874.0,2876.0,6413,0
2025-11-27 13:45:00+05:30,2876.0,2877.8,2873.6,2877.8,6605,0
2025-11-27 13:50:00+05:30,2877.3,2877.8,2874.8,2876.4,7730,0
2025-11-27 13:55:00+05:30,2876.4,2880.0,2875.1,2880.0,7257,0
2025-11-27 14:00:00+05:30,2879.8,2881.0,2878.4,2880.0,9049,0
2025-11-27 14:05:00+05:30,2880.1,2880.7,2878.0,2879.0,7863,0
2025-11-27 14:10:00+05:30,2878.8,2880.0,2878.3,2879.5,5926,0
2025-11-27 14:15:00+05:30,2879.3,2880.0,2878.1,2879.9,6559,0
2025-11-27 14:20:00+05:30,2880.0,2883.3,2878.3,2880.9,28318,0
2025-11-27 14:25:00+05:30,2881.0,2881.0,2878.0,2878.5,14916,0
2025-11-27 14:30:00+05:30,2878.7,2879.4,2874.8,2878.0,14361,0
2025-11-27 14:35:00+05:30,2878.1,2878.9,2876.4,2877.1,5804,0
2025-11-27 14:40:00+05:30,2877.7,2878.9,2874.0,2877.9,12604,0
2025-11-27 14:45:00+05:30,2877.3,2878.6,2876.5,2877.1,6071,0
2025-11-27 14:50:00+05:30,2877.4,2877.7,2874.1,2875.0,9567,0
2025-11-27 14:55:00+05:30,2875.0,2877.4,2874.3,2876.2,14796,0
2025-11-27 15:00:00+05:30,2876.4,2880.9,2876.0,2880.0,25660,0
2025-11-27 15:05:00+05:30,2879.9,2880.5,2878.2,2879.1,34375,0
2025-11-27 15:10:00+05:30,2879.2,2880.0,2877.6,2879.4,17538,0
2025-11-27 15:15:00+05:30,2879.5,2879.9,2877.2,2879.4,34634,0
2025-11-27 15:20:00+05:30,2879.5,2879.9,2877.5,2879.2,25127,0
2025-11-27 15:25:00+05:30,2878.7,2879.8,2872.2,2875.7,22179,0
2025-11-28 09:15:00+05:30,2880.0,2880.0,2855.8,2867.8,38020,0
2025-11-28 09:20:00+05:30,2867.7,2868.3,2860.1,2862.0,13859,0
2025-11-28 09:25:00+05:30,2862.0,2869.9,2861.4,2868.7,12374,0
2025-11-28 09:30:00+05:30,2868.7,2874.0,2866.9,2867.9,12303,0
2025-11-28 09:35:00+05:30,2868.4,2868.4,2862.0,2864.3,6100,0
2025-11-28 09:40:00+05:30,2864.4,2869.4,2862.7,2864.5,5455,0
2025-11-28 09:45:00+05:30,2864.9,2866.8,2863.0,2866.0,5122,0
2025-11-28 09:50:00+05:30,2866.1,2875.0,2866.1,2872.4,9562,0
2025-11-28 09:55:00+05:30,2872.4,2873.0,2869.9,2871.3,3725,0
2025-11-28 10:00:00+05:30,2871.7,2874.0,2869.4,2873.2,6185,0
2025-11-28 10:05:00+05:30,2873.0,2874.8,2871.4,2872.1,6073,0
2025-11-28 10:10:00+05:30,2872.1,2873.6,2871.4,2873.0,2519,0
2025-11-28 10:15:00+05:30,2872.9,2873.3,2869.7,2870.3,4612,0
2025-11-28 10:20:00+05:30,2871.6,2872.1,2868.2,2869.2,4357,0
2025-11-28 10:25:00+05:30,2868.5,2871.9,2867.4,2871.2,4055,0
2025-11-28 10:30:00+05:30,2871.2,2874.0,2870.1,2874.0,4394,0
2025-11-28 10:35:00+05:30,2873.2,2874.4,2868.2,2871.1,4826,0
2025-11-28 10:40:00+05:30,2871.5,2877.0,2871.4,2875.9,8242,0
2025-11-28 10:45:00+05:30,2876.2,2879.9,2874.1,2874.5,8277,0
2025-11-28 10:50:00+05:30,2874.5,2877.9,2872.5,2877.9,4545,0
2025-11-28 10:55:00+05:30,2877.9,2879.0,2875.0,2877.3,6145,0
2025-11-28 11:00:00+05:30,2877.5,2877.8,2873.9,2876.6,4152,0
2025-11-28 11:05:00+05:30,2876.6,2877.5,2875.0,2876.8,3921,0
2025-11-28 11:10:00+05:30,2876.6,2877.0,2874.9,2876.6,3105,0
2025-11-28 11:15:00+05:30,2876.6,2877.5,2876.0,2876.8,4242,0
2025-11-28 11:20:00+05:30,2877.0,2877.2,2876.0,2876.8,3844,0
2025-11-28 11:25:00+05:30,2877.0,2879.4,2873.8,2875.0,12119,0
2025-11-28 11:30:00+05:30,2876.2,2876.6,2874.2,2875.5,4715,0
2025-11-28 11:35:00+05:30,2875.5,2876.0,2872.3,2874.2,5836,0
2025-11-28 11:40:00+05:30,2874.8,2878.7,2872.6,2876.4,4858,0
2025-11-28 11:45:00+05:30,2876.4,2879.0,2876.4,2877.6,4366,0
2025-11-28 11:50:00+05:30,2877.6,2879.0,2874.0,2877.2,7797,0
2025-11-28 11:55:00+05:30,2877.6,2878.7,2873.9,2878.4,6619,0
2025-11-28 12:00:00+05:30,2878.3,2879.3,2875.2,2879.3,4983,0
2025-11-28 12:05:00+05:30,2879.3,2879.9,2876.4,2878.4,4615,0
2025-11-28 12:10:00+05:30,2878.7,2880.0,2878.4,2879.9,5865,0
2025-11-28 12:15:00+05:30,2880.0,2880.9,2877.1,2877.6,10328,0
2025-11-28 12:20:00+05:30,2877.8,2877.9,2871.6,2871.6,27647,0
2025-11-28 12:25:00+05:30,2872.0,2873.9,2870.4,2872.2,8760,0
2025-11-28 12:30:00+05:30,2872.8,2873.2,2871.2,2872.6,5710,0
2025-11-28 12:35:00+05:30,2872.0,2872.8,2871.0,2872.3,4001,0
2025-11-28 12:40:00+05:30,2872.4,2872.8,2870.6,2871.5,7499,0
2025-11-28 12:45:00+05:30,2871.5,2872.2,2868.8,2871.9,6153,0
2025-11-28 12:50:00+05:30,2871.9,2872.2,2869.6,2871.2,6203,0
2025-11-28 12:55:00+05:30,2871.2,2873.3,2871.0,2873.2,4865,0
2025-11-28 13:00:00+05:30,2872.9,2874.6,2872.0,2874.3,7259,0
2025-11-28 13:05:00+05:30,2874.6,2876.0,2873.8,2876.0,5537,0
2025-11-28 13:10:00+05:30,2876.0,2876.0,2873.9,2875.8,4814,0
2025-11-28 13:15:00+05:30,2876.0,2877.8,2874.3,2874.6,11990,0
2025-11-28 13:20:00+05:30,2874.6,2875.1,2872.8,2873.9,4992,0
2025-11-28 13:25:00+05:30,2873.9,2875.0,2872.8,2874.7,5240,0
2025-11-28 13:30:00+05:30,2874.7,2875.0,2873.7,2875.0,2708,0
2025-11-28 13:35:00+05:30,2875.0,2875.8,2873.6,2874.0,2942,0
2025-11-28 13:40:00+05:30,2874.3,2875.0,2873.0,2875.0,2902,0
2025-11-28 13:45:00+05:30,2875.0,2875.0,2871.7,2873.3,5278,0
2025-11-28 13:50:00+05:30,2874.1,2875.0,2872.6,2873.7,2246,0
2025-11-28 13:55:00+05:30,2873.9,2875.0,2873.2,2874.8,2866,0
2025-11-28 14:00:00+05:30,2875.0,2875.2,2874.8,2875.0,3635,0
2025-11-28 14:05:00+05:30,2874.9,2875.0,2872.0,2873.7,4076,0
2025-11-28 14:10:00+05:30,2873.7,2874.5,2873.6,2874.5,2697,0
2025-11-28 14:15:00+05:30,2874.5,2874.5,2874.2,2874.5,4219,0
2025-11-28 14:20:00+05:30,2874.4,2874.5,2874.1,2874.5,3474,0
2025-11-28 14:25:00+05:30,2874.5,2875.0,2873.6,2874.6,3388,0
2025-11-28 14:30:00+05:30,2874.6,2875.0,2874.1,2874.8,3197,0
2025-11-28 14:35:00+05:30,2875.0,2875.0,2874.1,2875.0,4617,0
2025-11-28 14:40:00+05:30,2875.0,2875.0,2873.5,2875.0,3746,0
2025-11-28 14:45:00+05:30,2875.0,2875.0,2874.4,2875.0,3626,0
2025-11-28 14:50:00+05:30,2875.0,2882.5,2874.6,2882.4,26399,0
2025-11-28 14:55:00+05:30,2882.0,2889.9,2874.7,2883.5,83737,0
2025-11-28 15:00:00+05:30,2883.4,2883.5,2876.6,2877.5,39730,0
2025-11-28 15:05:00+05:30,2877.4,2877.5,2873.0,2873.6,26714,0
2025-11-28 15:10:00+05:30,2873.5,2874.0,2872.0,2872.6,28219,0
2025-11-28 15:15:00+05:30,2872.6,2874.1,2872.3,2873.0,33225,0
2025-11-28 15:20:00+05:30,2873.0,2873.4,2869.9,2870.0,42735,0
2025-11-28 15:25:00+05:30,2870.2,2875.0,2870.1,2872.6,39285,0
2025-12-01 09:15:00+05:30,2877.7,2887.5,2875.6,2876.2,17353,0
2025-12-01 09:20:00+05:30,2876.2,2879.3,2874.2,2876.2,8554,0
2025-12-01 09:25:00+05:30,2876.4,2877.6,2870.1,2871.8,6544,0
2025-12-01 09:30:00+05:30,2870.8,2874.0,2870.7,2873.2,7792,0
2025-12-01 09:35:00+05:30,2872.4,2873.1,2865.0,2867.8,6389,0
2025-12-01 09:40:00+05:30,2867.9,2868.6,2858.1,2860.8,7173,0
2025-12-01 09:45:00+05:30,2860.2,2865.8,2860.2,2863.3,5360,0
2025-12-01 09:50:00+05:30,2864.5,2864.5,2860.0,2861.8,4732,0
2025-12-01 09:55:00+05:30,2860.8,2863.5,2860.0,2860.6,2597,0
2025-12-01 10:00:00+05:30,2861.0,2864.0,2860.2,2862.1,3357,0
2025-12-01 10:05:00+05:30,2862.9,2863.4,2860.3,2861.5,3831,0
2025-12-01 10:10:00+05:30,2861.4,2861.8,2856.0,2856.2,6597,0
2025-12-01 10:15:00+05:30,2856.2,2861.0,2856.0,2860.2,5807,0
2025-12-01 10:20:00+05:30,2860.7,2861.2,2859.1,2859.3,5610,0
2025-12-01 10:25:00+05:30,2859.3,2860.1,2857.9,2858.3,3239,0
2025-12-01 10:30:00+05:30,2859.3,2864.3,2859.3,2861.9,3847,0
2025-12-01 10:35:00+05:30,2861.9,2863.0,2860.0,2860.0,3697,0
2025-12-01 10:40:00+05:30,2860.0,2864.4,2859.8,2864.1,2649,0
2025-12-01 10:45:00+05:30,2864.3,2864.9,2862.0,2862.6,2564,0
2025-12-01 10:50:00+05:30,2862.3,2863.4,2857.8,2858.5,4313,0
2025-12-01 10:55:00+05:30,2858.5,2860.0,2858.1,2859.9,2790,0
2025-12-01 11:00:00+05:30,2859.9,2862.3,2857.3,2860.7,3294,0
2025-12-01 11:05:00+05:30,2860.7,2861.7,2859.1,2860.0,3419,0
2025-12-01 11:10:00+05:30,2860.0,2860.9,2858.1,2858.6,3575,0
2025-12-01 11:15:00+05:30,2858.5,2860.0,2857.2,2858.0,5106,0
2025-12-01 11:20:00+05:30,2858.0,2859.0,2854.4,2857.4,7406,0
2025-12-01 11:25:00+05:30,2857.4,2859.4,2855.6,2857.3,5305,0
2025-12-01 11:30:00+05:30,2857.0,2858.8,2856.7,2857.6,1900,0
2025-12-01 11:35:00+05:30,2858.1,2858.1,2855.4,2858.1,2742,0
2025-12-01 11:40:00+05:30,2858.0,2858.8,2856.1,2856.7,2919,0
2025-12-01 11:45:00+05:30,2856.1,2856.7,2852.8,2855.7,4156,0
2025-12-01 11:50:00+05:30,2855.4,2857.9,2855.4,2857.3,2452,0
2025-12-01 11:55:00+05:30,2857.2,2858.0,2856.0,2857.4,3428,0
2025-12-01 12:00:00+05:30,2857.0,2857.8,2855.7,2857.4,2360,0
2025-12-01 12:05:00+05:30,2857.6,2857.6,2855.8,2856.0,2045,0
2025-12-01 12:10:00+05:30,2856.0,2858.0,2855.9,2857.6,2038,0
2025-12-01 12:15:00+05:30,2857.6,2858.0,2855.5,2856.7,4107,0
2025-12-01 12:20:00+05:30,2856.7,2857.7,2856.1,2856.5,1722,0
2025-12-01 12:25:00+05:30,2857.5,2858.0,2854.7,2855.3,5618,0
2025-12-01 12:30:00+05:30,2855.3,2856.3,2851.5,2852.4,3015,0
2025-12-01 12:35:00+05:30,2852.4,2852.9,2850.1,2851.4,4414,0
2025-12-01 12:40:00+05:30,2851.4,2851.4,2848.0,2849.5,5081,0
2025-12-01 12:45:00+05:30,2849.5,2851.4,2848.2,2850.3,3648,0
2025-12-01 12:50:00+05:30,2850.2,2854.2,2849.9,2851.5,3677,0
2025-12-01 12:55:00+05:30,2851.3,2856.0,2850.8,2855.5,3861,0
2025-12-01 13:00:00+05:30,2855.5,2856.2,2853.1,2854.7,4152,0
2025-12-01 13:05:00+05:30,2854.7,2857.3,2854.0,2856.5,2722,0
2025-12-01 13:10:00+05:30,2856.1,2857.5,2854.6,2857.4,2488,0
2025-12-01 13:15:00+05:30,2857.4,2858.0,2855.9,2856.4,7989,0
2025-12-01 13:20:00+05:30,2856.4,2857.0,2854.9,2855.7,2895,0
2025-12-01 13:25:00+05:30,2856.3,2857.9,2854.6,2857.6,3681,0
2025-12-01 13:30:00+05:30,2857.6,2857.6,2853.7,2853.7,2823,0
2025-12-01 13:35:00+05:30,2854.2,2857.4,2853.1,2857.4,3190,0
2025-12-01 13:40:00+05:30,2856.9,2857.6,2850.7,2853.3,12521,0
2025-12-01 13:45:00+05:30,2854.1,2854.1,2851.2,2853.4,3512,0
2025-12-01 13:50:00+05:30,2853.4,2854.6,2852.3,2853.8,2509,0
2025-12-01 13:55:00+05:30,2853.3,2854.1,2851.1,2851.8,2488,0
2025-12-01 14:00:00+05:30,2852.2,2859.0,2851.6,2858.3,13020,0
2025-12-01 14:05:00+05:30,2858.2,2859.0,2856.1,2857.3,7281,0
2025-12-01 14:10:00+05:30,2857.3,2858.0,2855.3,2857.0,3087,0
2025-12-01 14:15:00+05:30,2857.5,2859.0,2857.5,2858.4,3151,0
2025-12-01 14:20:00+05:30,2858.4,2859.0,2858.0,2858.5,3155,0
2025-12-01 14:25:00+05:30,2858.5,2859.0,2856.5,2858.6,3691,0
2025-12-01 14:30:00+05:30,2859.0,2859.0,2855.1,2855.7,3211,0
2025-12-01 14:35:00+05:30,2855.7,2857.7,2855.3,2855.8,5921,0
2025-12-01 14:40:00+05:30,2855.8,2858.5,2854.8,2856.9,10345,0
2025-12-01 14:45:00+05:30,2856.9,2858.0,2855.2,2856.7,3196,0
2025-12-01 14:50:00+05:30,2857.4,2857.4,2851.0,2852.3,11131,0
2025-12-01 14:55:00+05:30,2852.6,2856.9,2850.1,2856.0,17797,0
2025-12-01 15:00:00+05:30,2856.0,2867.8,2856.0,2866.9,32090,0
2025-12-01 15:05:00+05:30,2866.9,2868.8,2865.6,2868.6,21849,0
2025-12-01 15:10:00+05:30,2868.6,2869.8,2866.9,2867.9,29297,0
2025-12-01 15:15:00+05:30,2867.9,2869.7,2867.6,2869.0,27975,0
2025-12-01 15:20:00+05:30,2868.8,2871.7,2867.4,2868.1,30524,0
2025-12-01 15:25:00+05:30,2868.1,2869.3,2860.9,2864.0,19159,0
2025-12-02 09:15:00+05:30,2867.0,2906.5,2861.2,2903.7,70465,0
2025-12-02 09:20:00+05:30,2904.7,2918.7,2902.3,2914.1,94615,0
2025-12-02 09:25:00+05:30,2913.0,2914.0,2905.5,2907.9,34681,0
2025-12-02 09:30:00+05:30,2907.9,2910.0,2902.1,2904.5,30229,0
2025-12-02 09:35:00+05:30,2904.5,2910.8,2902.3,2903.0,32237,0
2025-12-02 09:40:00+05:30,2903.2,2905.0,2897.4,2898.9,28044,0
2025-12-02 09:45:00+05:30,2897.9,2900.0,2895.0,2895.3,17337,0
2025-12-02 09:50:00+05:30,2895.3,2896.6,2893.1,2895.3,19301,0
2025-12-02 09:55:00+05:30,2893.4,2897.1,2893.0,2894.4,9967,0
2025-12-02 10:00:00+05:30,2894.4,2894.6,2891.0,2893.2,9292,0
2025-12-02 10:05:00+05:30,2893.0,2893.0,2888.3,2888.3,12386,0
2025-12-02 10:10:00+05:30,2888.3,2890.0,2886.1,2890.0,13150,0
2025-12-02 10:15:00+05:30,2890.0,2899.1,2889.9,2898.9,16877,0
2025-12-02 10:20:00+05:30,2899.1,2902.5,2897.7,2902.5,13500,0
2025-12-02 10:25:00+05:30,2902.5,2908.0,2902.2,2905.9,18052,0
2025-12-02 10:30:00+05:30,2905.5,2907.9,2904.4,2904.5,15633,0
2025-12-02 10:35:00+05:30,2904.4,2904.9,2902.5,2903.2,11289,0
2025-12-02 10:40:00+05:30,2903.5,2904.5,2901.2,2903.5,10315,0
2025-12-02 10:45:00+05:30,2903.5,2903.5,2899.5,2901.9,14587,0
2025-12-02 10:50:00+05:30,2901.9,2904.9,2901.8,2904.3,8363,0
2025-12-02 10:55:00+05:30,2904.3,2908.0,2901.1,2907.9,12455,0
2025-12-02 11:00:00+05:30,2908.0,2912.3,2906.5,2910.6,22480,0
2025-12-02 11:05:00+05:30,2911.5,2911.5,2905.0,2907.1,13456,0
2025-12-02 11:10:00+05:30,2906.1,2907.7,2902.5,2904.9,11606,0
2025-12-02 11:15:00+05:30,2904.9,2906.0,2902.1,2902.4,6125,0
2025-12-02 11:20:00+05:30,2902.4,2905.7,2900.1,2903.9,9491,0
2025-12-02 11:25:00+05:30,2903.9,2904.3,2903.1,2904.0,4163,0
2025-12-02 11:30:00+05:30,2903.6,2904.2,2902.7,2903.4,6463,0
2025-12-02 11:35:00+05:30,2902.7,2903.1,2897.5,2899.0,10451,0
2025-12-02 11:40:00+05:30,2899.0,2903.8,2897.9,2902.2,16325,0
2025-12-02 11:45:00+05:30,2902.7,2905.9,2901.5,2905.5,7636,0
2025-12-02 11:50:00+05:30,2905.5,2906.9,2905.3,2905.8,7766,0
2025-12-02 11:55:00+05:30,2905.8,2906.2,2904.6,2905.5,9920,0
2025-12-02 12:00:00+05:30,2905.5,2906.0,2902.7,2903.1,10002,0
2025-12-02 12:05:00+05:30,2903.1,2906.5,2901.3,2905.9,10622,0
2025-12-02 12:10:00+05:30,2905.5,2908.0,2905.5,2907.8,6474,0
2025-12-02 12:15:00+05:30,2907.8,2908.9,2907.5,2908.9,10710,0
2025-12-02 12:20:00+05:30,2908.9,2917.5,2908.4,2914.7,49070,0
2025-12-02 12:25:00+05:30,2915.0,2916.0,2910.5,2911.5,13570,0
2025-12-02 12:30:00+05:30,2911.1,2913.1,2911.1,2912.8,7554,0
2025-12-02 12:35:00+05:30,2912.7,2922.0,2912.3,2919.2,52462,0
2025-12-02 12:40:00+05:30,2919.4,2920.0,2914.6,2914.6,19527,0
2025-12-02 12:45:00+05:30,2915.5,2919.0,2914.8,2917.8,12846,0
2025-12-02 12:50:00+05:30,2917.6,2919.5,2915.1,2915.9,14684,0
2025-12-02 12:55:00+05:30,2916.0,2919.9,2915.6,2917.2,19722,0
2025-12-02 13:00:00+05:30,2917.6,2919.2,2916.0,2918.4,35927,0
2025-12-02 13:05:00+05:30,2918.9,2919.3,2916.0,2918.8,23195,0
2025-12-02 13:10:00+05:30,2919.0,2919.9,2918.2,2919.0,18420,0
2025-12-02 13:15:00+05:30,2919.0,2923.7,2911.2,2912.8,48075,0
2025-12-02 13:20:00+05:30,2912.8,2915.9,2909.2,2915.9,20742,0
2025-12-02 13:25:00+05:30,2915.9,2915.9,2913.2,2913.5,10823,0
2025-12-02 13:30:00+05:30,2913.4,2913.5,2911.0,2913.2,9001,0
2025-12-02 13:35:00+05:30,2913.0,2913.5,2911.2,2911.9,9359,0
2025-12-02 13:40:00+05:30,2912.0,2912.6,2911.3,2912.1,10261,0
2025-12-02 13:45:00+05:30,2911.9,2912.1,2910.4,2910.9,14544,0
2025-12-02 13:50:00+05:30,2910.9,2911.9,2910.7,2911.0,12864,0
2025-12-02 13:55:00+05:30,2911.0,2919.0,2910.6,2918.9,27927,0
2025-12-02 14:00:00+05:30,2918.9,2928.5,2916.8,2927.0,47198,0
2025-12-02 14:05:00+05:30,2927.9,2937.0,2926.4,2935.6,83506,0
2025-12-02 14:10:00+05:30,2935.5,2943.0,2934.0,2937.6,47147,0
2025-12-02 14:15:00+05:30,2937.7,2940.7,2937.0,2940.7,28959,0
2025-12-02 14:20:00+05:30,2940.8,2941.4,2930.7,2934.5,37558,0
2025-12-02 14:25:00+05:30,2934.2,2938.7,2933.8,2936.5,24758,0
2025-12-02 14:30:00+05:30,2936.0,2939.5,2935.5,2939.4,13805,0
2025-12-02 14:35:00+05:30,2939.1,2939.3,2932.1,2935.5,37146,0
2025-12-02 14:40:00+05:30,2935.5,2937.0,2933.0,2936.8,16158,0
2025-12-02 14:45:00+05:30,2936.8,2937.0,2933.0,2934.2,17201,0
2025-12-02 14:50:00+05:30,2933.8,2938.4,2933.8,2938.0,39665,0
2025-12-02 14:55:00+05:30,2938.0,2942.2,2937.4,2939.4,42557,0
2025-12-02 15:00:00+05:30,2939.2,2949.8,2939.2,2949.8,97888,0
2025-12-02 15:05:00+05:30,2949.8,2951.7,2947.0,2951.6,94095,0
2025-12-02 15:10:00+05:30,2951.6,2958.6,2950.0,2958.1,102460,0
2025-12-02 15:15:00+05:30,2958.1,2959.9,2956.1,2957.8,114533,0
2025-12-02 15:20:00+05:30,2957.3,2962.0,2957.2,2959.4,106027,0
2025-12-02 15:25:00+05:30,2959.8,2960.0,2954.2,2958.0,62700,0
2025-12-03 09:15:00+05:30,2969.0,2969.2,2947.2,2951.7,85060,0
2025-12-03 09:20:00+05:30,2951.5,2960.0,2948.5,2958.5,34725,0
2025-12-03 09:25:00+05:30,2958.4,2959.1,2945.3,2945.4,25810,0
2025-12-03 09:30:00+05:30,2946.5,2957.9,2944.0,2951.9,28182,0
2025-12-03 09:35:00+05:30,2951.7,2956.0,2950.1,2953.7,23206,0
2025-12-03 09:40:00+05:30,2954.0,2956.9,2947.4,2950.9,25710,0
2025-12-03 09:45:00+05:30,2950.9,2955.0,2946.0,2947.8,19877,0
2025-12-03 09:50:00+05:30,2947.8,2951.0,2944.7,2949.2,17522,0
2025-12-03 09:55:00+05:30,2948.7,2956.7,2948.3,2956.0,10695,0
2025-12-03 10:00:00+05:30,2955.2,2956.1,2944.0,2945.3,24736,0
2025-12-03 10:05:00+05:30,2945.2,2949.0,2941.5,2943.1,16251,0
2025-12-03 10:10:00+05:30,2943.1,2949.4,2942.2,2948.3,9350,0
2025-12-03 10:15:00+05:30,2948.7,2951.2,2944.7,2946.6,10098,0
2025-12-03 10:20:00+05:30,2946.6,2949.8,2946.2,2946.2,10425,0
2025-12-03 10:25:00+05:30,2946.5,2950.4,2946.0,2946.8,8848,0
2025-12-03 10:30:00+05:30,2946.8,2947.3,2936.3,2939.9,22408,0
2025-12-03 10:35:00+05:30,2939.9,2946.6,2939.9,2943.5,8880,0
2025-12-03 10:40:00+05:30,2943.5,2945.4,2941.1,2945.0,9120,0
2025-12-03 10:45:00+05:30,2945.1,2945.2,2941.0,2942.2,7637,0
2025-12-03 10:50:00+05:30,2942.0,2948.0,2941.3,2945.5,9549,0
2025-12-03 10:55:00+05:30,2944.9,2948.8,2942.0,2944.0,11066,0
2025-12-03 11:00:00+05:30,2944.0,2944.0,2941.1,2942.0,9900,0
2025-12-03 11:05:00+05:30,2941.1,2944.0,2940.0,2943.8,8048,0
2025-12-03 11:10:00+05:30,2943.5,2944.2,2942.0,2942.4,9329,0
2025-12-03 11:15:00+05:30,2942.3,2944.1,2940.2,2941.7,8280,0
2025-12-03 11:20:00+05:30,2941.7,2942.2,2938.3,2940.2,10341,0
2025-12-03 11:25:00+05:30,2940.9,2942.7,2937.1,2938.1,7849,0
2025-12-03 11:30:00+05:30,2939.3,2944.6,2937.7,2944.6,7911,0
2025-12-03 11:35:00+05:30,2944.6,2948.2,2940.4,2941.7,17503,0
2025-12-03 11:40:00+05:30,2942.0,2943.8,2940.0,2942.1,6817,0
2025-12-03 11:45:00+05:30,2942.1,2942.5,2940.2,2941.1,4998,0
2025-12-03 11:50:00+05:30,2941.0,2943.6,2935.1,2943.0,11954,0
2025-12-03 11:55:00+05:30,2943.6,2944.0,2939.3,2943.4,6692,0
2025-12-03 12:00:00+05:30,2943.4,2947.8,2943.1,2947.0,8370,0
2025-12-03 12:05:00+05:30,2947.0,2949.0,2944.7,2948.2,9320,0
2025-12-03 12:10:00+05:30,2948.6,2950.0,2944.2,2946.0,14593,0
2025-12-03 12:15:00+05:30,2946.0,2947.2,2945.3,2946.1,5783,0
2025-12-03 12:20:00+05:30,2947.0,2949.0,2945.5,2948.8,7585,0
2025-12-03 12:25:00+05:30,2948.9,2949.8,2946.7,2947.5,5660,0
2025-12-03 12:30:00+05:30,2947.8,2949.1,2945.2,2946.4,7747,0
2025-12-03 12:35:00+05:30,2947.0,2949.0,2945.3,2947.5,7369,0
2025-12-03 12:40:00+05:30,2947.7,2951.8,2947.1,2951.3,12637,0
2025-12-03 12:45:00+05:30,2951.8,2954.2,2950.1,2951.0,10633,0
2025-12-03 12:50:00+05:30,2951.0,2955.0,2950.3,2954.1,8338,0
2025-12-03 12:55:00+05:30,2954.4,2958.2,2953.7,2955.2,14303,0
2025-12-03 13:00:00+05:30,2956.2,2957.0,2953.3,2953.8,7237,0
2025-12-03 13:05:00+05:30,2953.8,2955.0,2951.0,2952.8,7504,0
2025-12-03 13:10:00+05:30,2953.0,2957.5,2952.4,2955.1,7536,0
2025-12-03 13:15:00+05:30,2955.0,2957.0,2951.2,2954.0,11553,0
2025-12-03 13:20:00+05:30,2954.0,2954.4,2952.0,2954.4,9711,0
2025-12-03 13:25:00+05:30,2954.3,2954.8,2947.5,2949.0,19433,0
2025-12-03 13:30:00+05:30,2949.5,2950.0,2948.3,2949.4,5547,0
2025-12-03 13:35:00+05:30,2949.4,2950.5,2949.4,2950.0,5380,0
2025-12-03 13:40:00+05:30,2949.9,2950.0,2932.6,2935.0,88891,0
2025-12-03 13:45:00+05:30,2935.0,2938.2,2932.7,2936.8,42358,0
2025-12-03 13:50:00+05:30,2935.6,2940.0,2935.1,2936.8,10168,0
2025-12-03 13:55:00+05:30,2936.9,2941.0,2936.2,2940.1,10314,0
2025-12-03 14:00:00+05:30,2940.1,2940.1,2937.0,2939.5,10935,0
2025-12-03 14:05:00+05:30,2939.7,2942.0,2939.0,2940.1,19195,0
2025-12-03 14:10:00+05:30,2940.1,2944.9,2940.1,2943.9,12430,0
2025-12-03 14:15:00+05:30,2942.9,2945.0,2941.1,2945.0,13172,0
2025-12-03 14:20:00+05:30,2945.0,2945.0,2942.1,2944.0,11546,0
2025-12-03 14:25:00+05:30,2943.8,2944.0,2941.0,2941.2,20981,0
2025-12-03 14:30:00+05:30,2941.2,2943.7,2940.3,2940.5,10766,0
2025-12-03 14:35:00+05:30,2940.3,2941.0,2938.8,2938.9,10290,0
2025-12-03 14:40:00+05:30,2938.9,2941.9,2938.8,2940.3,10333,0
2025-12-03 14:45:00+05:30,2940.2,2945.0,2939.9,2944.5,16986,0
2025-12-03 14:50:00+05:30,2945.0,2947.8,2944.5,2947.1,10919,0
2025-12-03 14:55:00+05:30,2947.1,2949.4,2943.9,2946.9,21230,0
2025-12-03 15:00:00+05:30,2946.9,2954.0,2946.7,2951.8,33474,0
2025-12-03 15:05:00+05:30,2951.2,2954.0,2951.0,2953.9,28713,0
2025-12-03 15:10:00+05:30,2953.8,2955.9,2953.8,2954.4,39235,0
2025-12-03 15:15:00+05:30,2954.4,2955.9,2951.0,2954.2,43209,0
2025-12-03 15:20:00+05:30,2954.1,2956.8,2952.9,2954.8,43745,0
2025-12-03 15:25:00+05:30,2954.6,2957.0,2947.6,2950.0,28524,0
2025-12-04 09:15:00+05:30,2950.0,2966.3,2934.0,2965.4,74491,0
2025-12-04 09:20:00+05:30,2966.4,2966.4,2960.0,2963.3,35097,0
2025-12-04 09:25:00+05:30,2963.8,2968.0,2961.9,2965.5,38089,0
2025-12-04 09:30:00+05:30,2965.1,2971.9,2961.4,2970.4,54852,0
2025-12-04 09:35:00+05:30,2970.4,2976.9,2969.3,2975.2,47015,0
2025-12-04 09:40:00+05:30,2975.2,2978.9,2970.3,2978.9,27739,0
2025-12-04 09:45:00+05:30,2978.9,2981.3,2975.0,2980.0,48961,0
2025-12-04 09:50:00+05:30,2980.0,2985.7,2974.3,2983.0,71410,0
2025-12-04 09:55:00+05:30,2983.0,2985.0,2978.0,2983.3,28436,0
2025-12-04 10:00:00+05:30,2983.3,2984.3,2978.4,2980.8,49725,0
2025-12-04 10:05:00+05:30,2980.7,2983.0,2979.9,2981.3,21026,0
2025-12-04 10:10:00+05:30,2981.4,2985.0,2978.0,2984.5,27398,0
2025-12-04 10:15:00+05:30,2984.5,2984.6,2973.0,2977.0,24699,0
2025-12-04 10:20:00+05:30,2977.1,2977.8,2973.8,2974.6,17972,0
2025-12-04 10:25:00+05:30,2974.5,2977.4,2972.3,2975.9,18588,0
2025-12-04 10:30:00+05:30,2975.7,2980.0,2973.5,2979.3,21362,0
2025-12-04 10:35:00+05:30,2979.1,2981.4,2975.0,2977.6,16036,0
2025-12-04 10:40:00+05:30,2977.6,2978.9,2976.1,2978.0,12120,0
2025-12-04 10:45:00+05:30,2978.0,2979.2,2974.3,2976.2,21962,0
2025-12-04 10:50:00+05:30,2976.2,2976.8,2972.8,2975.0,12100,0
2025-12-04 10:55:00+05:30,2975.0,2975.0,2971.1,2972.0,13695,0
2025-12-04 11:00:00+05:30,2973.4,2975.5,2971.5,2974.9,10266,0
2025-12-04 11:05:00+05:30,2975.0,2975.8,2973.1,2974.9,12718,0
2025-12-04 11:10:00+05:30,2975.0,2975.4,2973.4,2975.0,11609,0
2025-12-04 11:15:00+05:30,2975.0,2977.0,2970.0,2974.0,32257,0
2025-12-04 11:20:00+05:30,2974.1,2974.3,2971.0,2971.9,11406,0
2025-12-04 11:25:00+05:30,2972.3,2974.0,2971.9,2974.0,10928,0
2025-12-04 11:30:00+05:30,2973.9,2975.3,2973.1,2975.0,11500,0
2025-12-04 11:35:00+05:30,2975.0,2975.5,2973.0,2974.5,14238,0
2025-12-04 11:40:00+05:30,2974.4,2974.5,2969.8,2972.5,15957,0
2025-12-04 11:45:00+05:30,2972.5,2973.1,2968.1,2972.7,15414,0
2025-12-04 11:50:00+05:30,2972.9,2973.0,2969.1,2971.0,14780,0
2025-12-04 11:55:00+05:30,2971.0,2972.6,2968.1,2970.7,12168,0
2025-12-04 12:00:00+05:30,2971.0,2971.8,2965.0,2968.7,17281,0
2025-12-04 12:05:00+05:30,2968.6,2969.9,2963.1,2964.8,13839,0
2025-12-04 12:10:00+05:30,2964.8,2967.0,2962.5,2964.5,15291,0
2025-12-04 12:15:00+05:30,2964.1,2964.5,2956.7,2957.9,17172,0
2025-12-04 12:20:00+05:30,2957.8,2959.6,2956.0,2959.5,11740,0
2025-12-04 12:25:00+05:30,2959.5,2959.5,2956.2,2958.7,7268,0
2025-12-04 12:30:00+05:30,2958.4,2959.8,2957.2,2959.0,8485,0
2025-12-04 12:35:00+05:30,2958.9,2960.4,2957.5,2959.0,6747,0
2025-12-04 12:40:00+05:30,2958.9,2960.0,2957.1,2957.7,9553,0
2025-12-04 12:45:00+05:30,2957.7,2958.1,2955.6,2957.6,9298,0
2025-12-04 12:50:00+05:30,2957.1,2957.7,2951.0,2952.9,9371,0
2025-12-04 12:55:00+05:30,2952.9,2953.3,2951.0,2952.6,6470,0
2025-12-04 13:00:00+05:30,2952.6,2952.6,2946.6,2952.4,13807,0
2025-12-04 13:05:00+05:30,2952.4,2953.0,2949.0,2951.4,12921,0
2025-12-04 13:10:00+05:30,2951.9,2954.7,2949.4,2952.9,20976,0
2025-12-04 13:15:00+05:30,2953.0,2959.9,2952.9,2958.9,14667,0
2025-12-04 13:20:00+05:30,2958.9,2961.4,2954.5,2959.5,11481,0
2025-12-04 13:25:00+05:30,2959.3,2960.0,2956.5,2957.7,10499,0
2025-12-04 13:30:00+05:30,2957.7,2959.4,2955.7,2956.9,4847,0
2025-12-04 13:35:00+05:30,2956.8,2956.8,2954.4,2955.5,5019,0
2025-12-04 13:40:00+05:30,2955.5,2956.0,2951.2,2954.5,7754,0
2025-12-04 13:45:00+05:30,2953.7,2956.6,2952.3,2955.4,8816,0
2025-12-04 13:50:00+05:30,2954.4,2955.4,2953.4,2953.4,4207,0
2025-12-04 13:55:00+05:30,2953.7,2955.1,2951.0,2952.7,5500,0
2025-12-04 14:00:00+05:30,2952.7,2956.1,2951.8,2955.0,5708,0
2025-12-04 14:05:00+05:30,2954.3,2958.0,2953.3,2957.2,16731,0
2025-12-04 14:10:00+05:30,2957.2,2959.0,2955.0,2956.0,14976,0
2025-12-04 14:15:00+05:30,2956.8,2957.0,2955.0,2956.8,5771,0
2025-12-04 14:20:00+05:30,2956.6,2958.0,2956.2,2957.5,9670,0
2025-12-04 14:25:00+05:30,2957.3,2958.6,2955.2,2957.2,10258,0
2025-12-04 14:30:00+05:30,2957.2,2958.6,2956.0,2957.9,6081,0
2025-12-04 14:35:00+05:30,2957.1,2959.0,2954.8,2956.8,11024,0
2025-12-04 14:40:00+05:30,2957.9,2958.2,2953.4,2955.3,10129,0
2025-12-04 14:45:00+05:30,2954.3,2956.9,2953.4,2956.1,12770,0
2025-12-04 14:50:00+05:30,2956.7,2958.6,2956.1,2957.3,10529,0
2025-12-04 14:55:00+05:30,2956.8,2958.0,2955.3,2957.5,8125,0
2025-12-04 15:00:00+05:30,2957.5,2960.0,2957.3,2958.0,27002,0
2025-12-04 15:05:00+05:30,2958.0,2959.5,2957.7,2958.0,32129,0
2025-12-04 15:10:00+05:30,2957.9,2958.5,2956.1,2957.9,40773,0
2025-12-04 15:15:00+05:30,2957.8,2958.0,2954.7,2956.9,38292,0
2025-12-04 15:20:00+05:30,2957.0,2957.2,2955.6,2956.6,56789,0
2025-12-04 15:25:00+05:30,2956.9,2962.0,2954.0,2955.0,40305,0
2025-12-05 09:15:00+05:30,2955.0,2961.6,2947.8,2955.0,22034,0
2025-12-05 09:20:00+05:30,2955.6,2959.0,2953.5,2957.5,10831,0
2025-12-05 09:25:00+05:30,2956.7,2962.0,2952.8,2960.8,14081,0
2025-12-05 09:30:00+05:30,2960.8,2962.8,2957.7,2962.4,7800,0
2025-12-05 09:35:00+05:30,2962.1,2965.0,2961.0,2962.7,12427,0
2025-12-05 09:40:00+05:30,2962.5,2966.9,2962.0,2964.0,12113,0
2025-12-05 09:45:00+05:30,2963.3,2964.2,2959.3,2961.7,8375,0
2025-12-05 09:50:00+05:30,2961.1,2961.7,2953.2,2954.0,12884,0
2025-12-05 09:55:00+05:30,2953.8,2954.0,2950.3,2951.8,10355,0
2025-12-05 10:00:00+05:30,2952.5,2954.0,2948.0,2954.0,11052,0
2025-12-05 10:05:00+05:30,2954.0,2957.9,2951.1,2954.0,8427,0
2025-12-05 10:10:00+05:30,2952.9,2957.8,2951.2,2956.7,5666,0
2025-12-05 10:15:00+05:30,2957.1,2958.1,2954.5,2956.6,5552,0
2025-12-05 10:20:00+05:30,2956.6,2957.6,2954.4,2955.5,4834,0
2025-12-05 10:25:00+05:30,2955.5,2957.2,2951.0,2951.2,6635,0
2025-12-05 10:30:00+05:30,2951.2,2952.2,2946.5,2950.0,12205,0
2025-12-05 10:35:00+05:30,2950.0,2952.2,2947.0,2947.2,14444,0
2025-12-05 10:40:00+05:30,2948.3,2950.0,2946.9,2948.0,4261,0
2025-12-05 10:45:00+05:30,2947.7,2950.8,2947.0,2950.0,8385,0
2025-12-05 10:50:00+05:30,2950.0,2950.4,2949.1,2950.0,10232,0
2025-12-05 10:55:00+05:30,2950.0,2952.0,2948.0,2948.5,15497,0
2025-12-05 11:00:00+05:30,2948.3,2950.1,2945.0,2946.6,5408,0
2025-12-05 11:05:00+05:30,2946.6,2948.0,2945.6,2947.7,3478,0
2025-12-05 11:10:00+05:30,2947.9,2948.6,2943.8,2944.2,7534,0
2025-12-05 11:15:00+05:30,2944.2,2945.2,2942.9,2944.0,5868,0
2025-12-05 11:20:00+05:30,2944.0,2945.0,2941.0,2944.9,11552,0
2025-12-05 11:25:00+05:30,2944.9,2949.0,2944.3,2946.5,8474,0
2025-12-05 11:30:00+05:30,2946.5,2949.5,2945.1,2947.2,4372,0
2025-12-05 11:35:00+05:30,2947.4,2948.8,2946.7,2948.4,4925,0
2025-12-05 11:40:00+05:30,2948.6,2949.5,2947.0,2948.7,5584,0
2025-12-05 11:45:00+05:30,2949.0,2949.6,2948.7,2948.9,3547,0
2025-12-05 11:50:00+05:30,2949.0,2950.0,2948.0,2949.9,5012,0
2025-12-05 11:55:00+05:30,2950.0,2950.0,2949.6,2949.6,4988,0
2025-12-05 12:00:00+05:30,2949.6,2950.0,2949.3,2949.7,5614,0
2025-12-05 12:05:00+05:30,2949.9,2951.3,2947.9,2949.8,24576,0
2025-12-05 12:10:00+05:30,2949.8,2950.1,2948.2,2949.9,9592,0
2025-12-05 12:15:00+05:30,2950.0,2950.0,2948.9,2949.8,5556,0
2025-12-05 12:20:00+05:30,2950.0,2960.1,2949.8,2959.1,12312,0
2025-12-05 12:25:00+05:30,2959.9,2960.5,2959.1,2959.9,4721,0
2025-12-05 12:30:00+05:30,2959.9,2961.0,2959.8,2960.0,6033,0
2025-12-05 12:35:00+05:30,2959.9,2962.4,2959.2,2960.0,25548,0
2025-12-05 12:40:00+05:30,2959.9,2960.0,2959.2,2960.0,5222,0
2025-12-05 12:45:00+05:30,2959.8,2960.0,2959.0,2959.7,8237,0
2025-12-05 12:50:00+05:30,2959.3,2960.0,2959.1,2959.5,7712,0
2025-12-05 12:55:00+05:30,2959.4,2960.0,2958.2,2959.1,6759,0
2025-12-05 13:00:00+05:30,2958.3,2959.8,2957.0,2959.8,6897,0
2025-12-05 13:05:00+05:30,2959.8,2960.0,2959.1,2960.0,4178,0
2025-12-05 13:10:00+05:30,2960.0,2960.0,2959.0,2959.7,7272,0
2025-12-05 13:15:00+05:30,2959.7,2960.7,2959.5,2960.0,22886,0
2025-12-05 13:20:00+05:30,2960.0,2965.9,2959.9,2965.0,26628,0
2025-12-05 13:25:00+05:30,2965.0,2965.9,2963.6,2963.8,11449,0
2025-12-05 13:30:00+05:30,2964.0,2965.0,2963.9,2964.8,6132,0
2025-12-05 13:35:00+05:30,2964.8,2965.0,2964.1,2964.5,10433,0
2025-12-05 13:40:00+05:30,2964.5,2964.5,2963.2,2963.5,7084,0
2025-12-05 13:45:00+05:30,2963.5,2965.0,2963.2,2964.9,7380,0
2025-12-05 13:50:00+05:30,2964.8,2965.0,2964.6,2965.0,4980,0
2025-12-05 13:55:00+05:30,2965.0,2965.0,2964.7,2964.9,2641,0
2025-12-05 14:00:00+05:30,2965.0,2965.3,2964.7,2964.9,11508,0
2025-12-05 14:05:00+05:30,2965.0,2965.3,2961.7,2964.9,8988,0
2025-12-05 14:10:00+05:30,2964.9,2965.3,2964.3,2964.9,6537,0
2025-12-05 14:15:00+05:30,2965.0,2968.0,2964.4,2965.1,20710,0
2025-12-05 14:20:00+05:30,2965.1,2966.9,2964.2,2964.2,21162,0
2025-12-05 14:25:00+05:30,2964.7,2965.0,2964.0,2964.7,4404,0
2025-12-05 14:30:00+05:30,2965.0,2965.0,2962.8,2964.3,18080,0
2025-12-05 14:35:00+05:30,2964.3,2965.0,2964.1,2964.7,5813,0
2025-12-05 14:40:00+05:30,2965.0,2966.4,2964.7,2966.3,8514,0
2025-12-05 14:45:00+05:30,2966.4,2966.7,2959.0,2960.0,27574,0
2025-12-05 14:50:00+05:30,2960.0,2961.0,2959.5,2960.0,16111,0
2025-12-05 14:55:00+05:30,2960.0,2964.0,2959.8,2963.0,11694,0
2025-12-05 15:00:00+05:30,2963.7,2971.1,2963.0,2970.9,55486,0
2025-12-05 15:05:00+05:30,2970.9,2972.4,2969.0,2971.8,34453,0
2025-12-05 15:10:00+05:30,2972.0,2973.5,2969.8,2972.0,43043,0
2025-12-05 15:15:00+05:30,2972.1,2972.7,2964.9,2964.9,51001,0
2025-12-05 15:20:00+05:30,2964.9,2965.0,2964.0,2964.5,38049,0
2025-12-05 15:25:00+05:30,2964.4,2970.0,2960.6,2961.6,33165,0
2025-12-08 09:15:00+05:30,2970.0,2974.5,2954.6,2959.3,20816,0
2025-12-08 09:20:00+05:30,2958.5,2960.1,2948.1,2951.9,12529,0
2025-12-08 09:25:00+05:30,2952.9,2954.7,2948.9,2948.9,7762,0
2025-12-08 09:30:00+05:30,2949.2,2950.6,2946.2,2946.2,7772,0
2025-12-08 09:35:00+05:30,2946.7,2950.0,2942.0,2948.7,8644,0
2025-12-08 09:40:00+05:30,2948.7,2949.9,2945.0,2949.9,5462,0
2025-12-08 09:45:00+05:30,2949.1,2952.0,2946.5,2947.7,6687,0
2025-12-08 09:50:00+05:30,2947.0,2948.1,2945.0,2945.7,4760,0
2025-12-08 09:55:00+05:30,2946.0,2946.1,2942.2,2944.4,6115,0
2025-12-08 10:00:00+05:30,2944.3,2944.7,2942.0,2942.0,3831,0
2025-12-08 10:05:00+05:30,2942.8,2943.9,2940.6,2941.4,6160,0
2025-12-08 10:10:00+05:30,2941.3,2944.7,2940.7,2944.0,5694,0
2025-12-08 10:15:00+05:30,2944.0,2946.0,2942.1,2942.9,4985,0
2025-12-08 10:20:00+05:30,2942.9,2946.7,2940.7,2946.2,4872,0
2025-12-08 10:25:00+05:30,2946.2,2950.0,2943.1,2948.9,12191,0
2025-12-08 10:30:00+05:30,2949.8,2951.2,2948.7,2949.9,8951,0
2025-12-08 10:35:00+05:30,2950.4,2950.9,2949.4,2949.5,4687,0
2025-12-08 10:40:00+05:30,2949.5,2950.9,2949.4,2950.4,4609,0
2025-12-08 10:45:00+05:30,2950.2,2951.0,2945.3,2945.3,6785,0
2025-12-08 10:50:00+05:30,2945.8,2945.8,2938.5,2940.8,13333,0
2025-12-08 10:55:00+05:30,2940.9,2941.0,2934.7,2937.4,17565,0
2025-12-08 11:00:00+05:30,2937.9,2938.4,2934.4,2935.2,6289,0
2025-12-08 11:05:00+05:30,2935.2,2937.0,2932.9,2935.4,26085,0
2025-12-08 11:10:00+05:30,2935.4,2935.6,2934.0,2935.4,5195,0
2025-12-08 11:15:00+05:30,2935.6,2937.0,2934.4,2936.0,5107,0
2025-12-08 11:20:00+05:30,2935.8,2940.8,2935.5,2939.5,7543,0
2025-12-08 11:25:00+05:30,2940.0,2940.0,2936.4,2937.7,4427,0
2025-12-08 11:30:00+05:30,2937.7,2938.7,2937.0,2938.5,3483,0
2025-12-08 11:35:00+05:30,2938.5,2940.2,2937.9,2940.0,5811,0
2025-12-08 11:40:00+05:30,2940.0,2940.0,2932.5,2936.3,10992,0
2025-12-08 11:45:00+05:30,2937.2,2938.2,2936.0,2937.5,4678,0
2025-12-08 11:50:00+05:30,2937.5,2937.5,2934.0,2935.9,3150,0
2025-12-08 11:55:00+05:30,2935.9,2935.9,2931.3,2934.3,6067,0
2025-12-08 12:00:00+05:30,2934.3,2938.5,2932.1,2937.9,9185,0
2025-12-08 12:05:00+05:30,2938.0,2938.6,2937.9,2938.0,3244,0
2025-12-08 12:10:00+05:30,2938.0,2938.7,2936.2,2937.1,6788,0
2025-12-08 12:15:00+05:30,2937.2,2942.0,2936.3,2941.0,29924,0
2025-12-08 12:20:00+05:30,2941.0,2941.2,2938.2,2941.0,7479,0
2025-12-08 12:25:00+05:30,2941.0,2941.0,2939.1,2940.0,3048,0
2025-12-08 12:30:00+05:30,2940.8,2941.0,2940.0,2941.0,2185,0
2025-12-08 12:35:00+05:30,2941.0,2941.8,2940.7,2941.0,4696,0
2025-12-08 12:40:00+05:30,2941.0,2942.5,2940.0,2941.0,27163,0
2025-12-08 12:45:00+05:30,2941.0,2943.9,2940.4,2943.8,11294,0
2025-12-08 12:50:00+05:30,2943.5,2945.0,2943.5,2944.5,4355,0
2025-12-08 12:55:00+05:30,2944.5,2945.3,2941.8,2943.5,6780,0
2025-12-08 13:00:00+05:30,2943.5,2944.9,2941.4,2944.8,4611,0
2025-12-08 13:05:00+05:30,2944.8,2945.0,2943.8,2944.9,3938,0
2025-12-08 13:10:00+05:30,2944.9,2945.6,2944.7,2945.0,4980,0
2025-12-08 13:15:00+05:30,2944.9,2945.5,2939.9,2944.0,38834,0
2025-12-08 13:20:00+05:30,2943.9,2944.0,2938.0,2940.0,8564,0
2025-12-08 13:25:00+05:30,2940.5,2941.1,2934.0,2935.4,14783,0
2025-12-08 13:30:00+05:30,2935.2,2937.8,2931.5,2933.9,9535,0
2025-12-08 13:35:00+05:30,2934.5,2935.0,2930.2,2935.0,8699,0
2025-12-08 13:40:00+05:30,2935.0,2936.1,2931.0,2931.6,33533,0
2025-12-08 13:45:00+05:30,2931.7,2932.1,2926.1,2927.7,16357,0
2025-12-08 13:50:00+05:30,2928.3,2930.0,2925.0,2927.1,50708,0
2025-12-08 13:55:00+05:30,2927.0,2927.0,2922.2,2924.8,27177,0
2025-12-08 14:00:00+05:30,2924.8,2925.5,2923.1,2925.0,11494,0
2025-12-08 14:05:00+05:30,2925.0,2925.8,2922.1,2923.4,12393,0
2025-12-08 14:10:00+05:30,2923.4,2924.3,2920.4,2920.8,10551,0
2025-12-08 14:15:00+05:30,2920.7,2922.9,2918.0,2919.9,27498,0
2025-12-08 14:20:00+05:30,2920.3,2920.3,2918.2,2920.0,7903,0
2025-12-08 14:25:00+05:30,2920.0,2920.0,2917.2,2919.0,7267,0
2025-12-08 14:30:00+05:30,2920.0,2920.0,2916.5,2916.9,12806,0
2025-12-08 14:35:00+05:30,2917.2,2920.3,2914.8,2919.5,16290,0
2025-12-08 14:40:00+05:30,2919.7,2925.2,2918.9,2924.4,16368,0
2025-12-08 14:45:00+05:30,2925.2,2930.0,2924.4,2930.0,15517,0
2025-12-08 14:50:00+05:30,2930.0,2935.0,2929.0,2931.3,25454,0
2025-12-08 14:55:00+05:30,2931.3,2932.2,2925.9,2926.2,15845,0
2025-12-08 15:00:00+05:30,2926.3,2935.2,2926.3,2932.2,33892,0
2025-12-08 15:05:00+05:30,2932.2,2934.0,2928.7,2929.2,45383,0
2025-12-08 15:10:00+05:30,2929.2,2930.0,2920.8,2927.1,41037,0
2025-12-08 15:15:00+05:30,2927.1,2930.2,2925.6,2927.9,31009,0
2025-12-08 15:20:00+05:30,2928.1,2928.1,2920.7,2923.4,29905,0
2025-12-08 15:25:00+05:30,2923.4,2924.2,2917.1,2924.0,21972,0
2025-12-09 09:15:00+05:30,2910.0,2913.5,2845.0,2849.4,85726,0
2025-12-09 09:20:00+05:30,2848.5,2855.8,2830.6,2846.3,72710,0
2025-12-09 09:25:00+05:30,2846.1,2849.3,2827.9,2828.8,51548,0
2025-12-09 09:30:00+05:30,2829.4,2831.5,2817.0,2824.6,54979,0
2025-12-09 09:35:00+05:30,2824.9,2829.0,2815.2,2819.6,40865,0
2025-12-09 09:40:00+05:30,2819.6,2828.1,2813.0,2821.8,42965,0
2025-12-09 09:45:00+05:30,2821.3,2828.8,2818.9,2822.7,31698,0
2025-12-09 09:50:00+05:30,2822.5,2823.0,2814.0,2818.6,19158,0
2025-12-09 09:55:00+05:30,2818.4,2822.8,2816.1,2819.5,11491,0
2025-12-09 10:00:00+05:30,2819.5,2821.8,2809.6,2811.3,30172,0
2025-12-09 10:05:00+05:30,2810.1,2818.7,2806.9,2815.8,26425,0
2025-12-09 10:10:00+05:30,2815.8,2817.0,2810.3,2811.3,19156,0
2025-12-09 10:15:00+05:30,2811.0,2811.8,2802.2,2805.6,47504,0
2025-12-09 10:20:00+05:30,2805.8,2817.5,2805.5,2810.7,31242,0
2025-12-09 10:25:00+05:30,2811.4,2820.0,2809.9,2819.0,36024,0
2025-12-09 10:30:00+05:30,2819.0,2825.0,2815.5,2817.9,23163,0
2025-12-09 10:35:00+05:30,2817.5,2817.6,2807.3,2816.6,34519,0
2025-12-09 10:40:00+05:30,2816.3,2816.4,2806.5,2810.3,16607,0
2025-12-09 10:45:00+05:30,2810.2,2810.4,2801.8,2808.3,22910,0
2025-12-09 10:50:00+05:30,2808.0,2808.6,2798.0,2802.8,25376,0
2025-12-09 10:55:00+05:30,2802.6,2815.8,2798.8,2815.5,20893,0
2025-12-09 11:00:00+05:30,2814.4,2815.9,2807.1,2811.1,12089,0
2025-12-09 11:05:00+05:30,2809.9,2814.2,2809.9,2812.1,9520,0
2025-12-09 11:10:00+05:30,2812.6,2819.4,2812.0,2815.8,13331,0
2025-12-09 11:15:00+05:30,2815.8,2824.3,2815.3,2818.5,41631,0
2025-12-09 11:20:00+05:30,2819.4,2821.1,2815.0,2816.2,17434,0
2025-12-09 11:25:00+05:30,2816.2,2830.4,2815.6,2827.2,32951,0
2025-12-09 11:30:00+05:30,2827.5,2829.6,2823.7,2829.5,17840,0
2025-12-09 11:35:00+05:30,2829.4,2829.4,2819.0,2821.0,17620,0
2025-12-09 11:40:00+05:30,2821.6,2822.0,2813.4,2814.0,16498,0
2025-12-09 11:45:00+05:30,2814.5,2814.5,2807.7,2814.1,17092,0
2025-12-09 11:50:00+05:30,2814.1,2818.9,2813.1,2816.5,7639,0
2025-12-09 11:55:00+05:30,2816.5,2819.0,2816.0,2817.4,6632,0
2025-12-09 12:00:00+05:30,2817.5,2819.6,2816.0,2817.3,8138,0
2025-12-09 12:05:00+05:30,2817.9,2818.4,2812.9,2815.8,12530,0
2025-12-09 12:10:00+05:30,2815.8,2816.5,2811.4,2811.8,11530,0
2025-12-09 12:15:00+05:30,2811.8,2815.4,2811.4,2813.9,7290,0
2025-12-09 12:20:00+05:30,2813.9,2817.7,2812.0,2817.6,10555,0
2025-12-09 12:25:00+05:30,2817.7,2818.3,2812.0,2812.5,9582,0
2025-12-09 12:30:00+05:30,2812.5,2814.2,2810.3,2812.3,10416,0
2025-12-09 12:35:00+05:30,2812.3,2812.3,2808.0,2811.0,11642,0
2025-12-09 12:40:00+05:30,2811.0,2813.0,2808.6,2809.9,10018,0
2025-12-09 12:45:00+05:30,2810.4,2814.9,2809.2,2811.3,22506,0
2025-12-09 12:50:00+05:30,2811.3,2811.3,2805.1,2809.1,13037,0
2025-12-09 12:55:00+05:30,2809.1,2809.2,2800.0,2802.7,34232,0
2025-12-09 13:00:00+05:30,2802.2,2804.1,2795.1,2803.9,31596,0
2025-12-09 13:05:00+05:30,2803.9,2808.7,2803.0,2807.2,11679,0
2025-12-09 13:10:00+05:30,2807.5,2809.0,2803.5,2808.8,13616,0
2025-12-09 13:15:00+05:30,2808.6,2808.7,2805.0,2806.5,11299,0
2025-12-09 13:20:00+05:30,2806.5,2806.9,2800.0,2803.5,16988,0
2025-12-09 13:25:00+05:30,2803.5,2814.0,2800.2,2814.0,17592,0
2025-12-09 13:30:00+05:30,2814.0,2818.4,2810.9,2816.0,20342,0
2025-12-09 13:35:00+05:30,2816.0,2816.3,2810.4,2813.7,11129,0
2025-12-09 13:40:00+05:30,2813.7,2817.0,2806.1,2808.4,18971,0
2025-12-09 13:45:00+05:30,2808.4,2809.9,2805.5,2806.1,12764,0
2025-12-09 13:50:00+05:30,2806.2,2807.4,2801.4,2802.9,21706,0
2025-12-09 13:55:00+05:30,2803.5,2809.5,2803.1,2808.7,12106,0
2025-12-09 14:00:00+05:30,2808.6,2809.6,2801.5,2802.8,12810,0
2025-12-09 14:05:00+05:30,2802.8,2808.0,2802.0,2807.9,8708,0
2025-12-09 14:10:00+05:30,2807.9,2809.9,2806.2,2806.3,7412,0
2025-12-09 14:15:00+05:30,2806.3,2806.5,2801.0,2802.4,26415,0
2025-12-09 14:20:00+05:30,2802.4,2802.4,2796.1,2801.0,22625,0
2025-12-09 14:25:00+05:30,2800.5,2802.6,2799.1,2800.6,11592,0
2025-12-09 14:30:00+05:30,2800.7,2800.7,2796.1,2800.0,16191,0
2025-12-09 14:35:00+05:30,2799.9,2802.9,2792.5,2801.4,35571,0
2025-12-09 14:40:00+05:30,2801.8,2804.8,2800.6,2802.4,25377,0
2025-12-09 14:45:00+05:30,2802.6,2803.9,2800.0,2803.5,11620,0
2025-12-09 14:50:00+05:30,2803.4,2803.5,2800.0,2800.6,10121,0
2025-12-09 14:55:00+05:30,2800.6,2802.9,2799.1,2802.8,17546,0
2025-12-09 15:00:00+05:30,2802.4,2807.0,2802.0,2802.3,56084,0
2025-12-09 15:05:00+05:30,2802.0,2802.3,2796.1,2796.4,37290,0
2025-12-09 15:10:00+05:30,2796.4,2796.4,2792.2,2794.5,46037,0
2025-12-09 15:15:00+05:30,2794.6,2797.0,2790.8,2792.3,65432,0
2025-12-09 15:20:00+05:30,2793.4,2795.0,2790.2,2792.0,57503,0
2025-12-09 15:25:00+05:30,2791.9,2795.0,2788.5,2793.7,54101,0
2025-12-10 09:15:00+05:30,2810.0,2820.0,2798.2,2818.5,71661,0
2025-12-10 09:20:00+05:30,2818.5,2819.5,2808.0,2812.7,18457,0
2025-12-10 09:25:00+05:30,2812.5,2814.7,2808.4,2814.0,12395,0
2025-12-10 09:30:00+05:30,2813.1,2817.2,2808.5,2813.3,14782,0
2025-12-10 09:35:00+05:30,2812.9,2813.7,2801.3,2804.9,13094,0
2025-12-10 09:40:00+05:30,2804.8,2810.0,2804.1,2807.7,9919,0
2025-12-10 09:45:00+05:30,2807.0,2810.7,2805.6,2806.0,5274,0
2025-12-10 09:50:00+05:30,2806.0,2809.1,2804.6,2808.2,7191,0
2025-12-10 09:55:00+05:30,2808.2,2815.6,2806.1,2809.0,12586,0
2025-12-10 10:00:00+05:30,2809.4,2815.0,2809.4,2813.0,8811,0
2025-12-10 10:05:00+05:30,2812.9,2814.8,2812.3,2814.8,4440,0
2025-12-10 10:10:00+05:30,2814.5,2820.0,2813.1,2819.2,13139,0
2025-12-10 10:15:00+05:30,2818.7,2823.8,2816.9,2823.1,12032,0
2025-12-10 10:20:00+05:30,2823.3,2824.0,2817.2,2820.1,10790,0
2025-12-10 10:25:00+05:30,2820.1,2820.2,2811.3,2813.7,8651,0
2025-12-10 10:30:00+05:30,2813.7,2814.8,2812.1,2814.0,5092,0
2025-12-10 10:35:00+05:30,2813.9,2815.8,2807.7,2808.5,9250,0
2025-12-10 10:40:00+05:30,2809.5,2810.9,2807.0,2810.4,5698,0
2025-12-10 10:45:00+05:30,2810.4,2811.5,2807.2,2811.5,10217,0
2025-12-10 10:50:00+05:30,2811.5,2811.5,2805.0,2805.6,11637,0
2025-12-10 10:55:00+05:30,2805.5,2808.9,2802.3,2806.6,11493,0
2025-12-10 11:00:00+05:30,2805.9,2808.1,2805.1,2807.5,7901,0
2025-12-10 11:05:00+05:30,2807.4,2808.5,2804.2,2806.5,6983,0
2025-12-10 11:10:00+05:30,2805.5,2806.8,2801.1,2805.2,7898,0
2025-12-10 11:15:00+05:30,2804.3,2805.2,2802.8,2803.9,6758,0
2025-12-10 11:20:00+05:30,2803.9,2808.0,2802.4,2804.5,6238,0
2025-12-10 11:25:00+05:30,2804.7,2805.6,2803.1,2803.6,3540,0
2025-12-10 11:30:00+05:30,2803.8,2804.3,2802.1,2803.0,4872,0
2025-12-10 11:35:00+05:30,2802.7,2806.0,2802.4,2805.9,5949,0
2025-12-10 11:40:00+05:30,2806.0,2809.8,2805.9,2807.3,7162,0
2025-12-10 11:45:00+05:30,2807.3,2807.5,2804.3,2805.2,6771,0
2025-12-10 11:50:00+05:30,2805.3,2806.4,2796.7,2798.6,20286,0
2025-12-10 11:55:00+05:30,2797.7,2800.6,2797.6,2800.3,5460,0
2025-12-10 12:00:00+05:30,2800.1,2803.2,2798.5,2802.8,9429,0
2025-12-10 12:05:00+05:30,2802.7,2804.7,2800.3,2802.4,7563,0
2025-12-10 12:10:00+05:30,2802.3,2802.8,2800.0,2801.7,5030,0
2025-12-10 12:15:00+05:30,2801.6,2804.6,2801.0,2803.8,5351,0
2025-12-10 12:20:00+05:30,2803.9,2804.3,2801.7,2803.5,5157,0
2025-12-10 12:25:00+05:30,2803.2,2804.3,2802.0,2804.0,5269,0
2025-12-10 12:30:00+05:30,2803.9,2804.3,2801.0,2801.2,7565,0
2025-12-10 12:35:00+05:30,2801.1,2801.7,2799.2,2799.2,6395,0
2025-12-10 12:40:00+05:30,2799.2,2803.9,2798.8,2802.1,5976,0
2025-12-10 12:45:00+05:30,2802.7,2803.6,2798.7,2799.7,5067,0
2025-12-10 12:50:00+05:30,2799.2,2801.9,2798.6,2800.4,5306,0
2025-12-10 12:55:00+05:30,2800.4,2801.7,2798.3,2801.4,6798,0
2025-12-10 13:00:00+05:30,2800.6,2801.8,2799.8,2801.1,4607,0
2025-12-10 13:05:00+05:30,2800.4,2801.8,2798.1,2799.0,11377,0
2025-12-10 13:10:00+05:30,2798.8,2803.8,2797.7,2800.9,5771,0
2025-12-10 13:15:00+05:30,2801.0,2807.9,2800.1,2806.5,11467,0
2025-12-10 13:20:00+05:30,2806.7,2807.9,2804.2,2805.6,8346,0
2025-12-10 13:25:00+05:30,2805.7,2805.8,2803.5,2804.8,9148,0
2025-12-10 13:30:00+05:30,2804.5,2807.8,2803.4,2807.5,10583,0
2025-12-10 13:35:00+05:30,2807.6,2809.6,2804.5,2805.8,8216,0
2025-12-10 13:40:00+05:30,2805.4,2806.4,2804.3,2805.7,6460,0
2025-12-10 13:45:00+05:30,2805.5,2808.1,2805.3,2808.1,8656,0
2025-12-10 13:50:00+05:30,2808.1,2809.1,2806.1,2809.1,7486,0
2025-12-10 13:55:00+05:30,2809.0,2809.1,2804.1,2805.0,9071,0
2025-12-10 14:00:00+05:30,2804.7,2806.5,2802.8,2803.6,13912,0
2025-12-10 14:05:00+05:30,2803.5,2805.5,2801.8,2804.4,10771,0
2025-12-10 14:10:00+05:30,2803.3,2805.5,2801.9,2804.2,7793,0
2025-12-10 14:15:00+05:30,2803.8,2805.2,2802.6,2804.1,7389,0
2025-12-10 14:20:00+05:30,2804.1,2804.3,2800.5,2802.6,10944,0
2025-12-10 14:25:00+05:30,2802.1,2802.4,2799.2,2799.9,8344,0
2025-12-10 14:30:00+05:30,2800.0,2805.8,2798.3,2805.2,23014,0
2025-12-10 14:35:00+05:30,2804.3,2806.1,2801.4,2803.6,8209,0
2025-12-10 14:40:00+05:30,2803.6,2804.0,2801.0,2803.1,8873,0
2025-12-10 14:45:00+05:30,2803.1,2805.4,2801.2,2805.0,9105,0
2025-12-10 14:50:00+05:30,2805.0,2805.4,2803.2,2804.7,7978,0
2025-12-10 14:55:00+05:30,2804.7,2808.5,2802.6,2806.0,22341,0
2025-12-10 15:00:00+05:30,2806.0,2811.8,2803.1,2806.4,27655,0
2025-12-10 15:05:00+05:30,2805.5,2808.5,2805.2,2806.0,25719,0
2025-12-10 15:10:00+05:30,2805.8,2807.4,2802.9,2804.5,28142,0
2025-12-10 15:15:00+05:30,2804.5,2805.8,2802.1,2802.5,30642,0
2025-12-10 15:20:00+05:30,2802.5,2802.9,2800.1,2802.9,30719,0
2025-12-10 15:25:00+05:30,2802.8,2805.2,2799.0,2801.3,20946,0
2025-12-11 09:15:00+05:30,2800.0,2811.6,2795.2,2798.7,30556,0
2025-12-11 09:20:00+05:30,2799.2,2802.7,2790.1,2794.8,9931,0
2025-12-11 09:25:00+05:30,2794.8,2802.8,2794.0,2796.3,6662,0
2025-12-11 09:30:00+05:30,2796.5,2796.5,2773.0,2773.0,26102,0
2025-12-11 09:35:00+05:30,2773.0,2783.7,2771.2,2772.5,22761,0
2025-12-11 09:40:00+05:30,2772.4,2783.9,2772.1,2782.3,19347,0
2025-12-11 09:45:00+05:30,2782.4,2789.0,2780.0,2786.9,16596,0
2025-12-11 09:50:00+05:30,2786.3,2787.8,2767.7,2772.3,18519,0
2025-12-11 09:55:00+05:30,2773.0,2778.1,2772.3,2777.3,6608,0
2025-12-11 10:00:00+05:30,2776.4,2778.0,2765.0,2768.5,11849,0
2025-12-11 10:05:00+05:30,2768.9,2775.8,2763.2,2775.5,14978,0
2025-12-11 10:10:00+05:30,2775.4,2783.0,2773.4,2782.9,10216,0
2025-12-11 10:15:00+05:30,2782.6,2784.0,2777.0,2778.0,10363,0
2025-12-11 10:20:00+05:30,2778.0,2778.7,2771.7,2776.1,8939,0
2025-12-11 10:25:00+05:30,2776.3,2778.6,2772.1,2773.7,13118,0
2025-12-11 10:30:00+05:30,2773.3,2779.9,2773.3,2779.0,6122,0
2025-12-11 10:35:00+05:30,2778.5,2781.9,2777.8,2778.1,10272,0
2025-12-11 10:40:00+05:30,2778.5,2781.0,2773.0,2774.0,6148,0
2025-12-11 10:45:00+05:30,2774.1,2778.0,2773.7,2776.1,6302,0
2025-12-11 10:50:00+05:30,2775.9,2776.9,2767.0,2769.0,8925,0
2025-12-11 10:55:00+05:30,2769.0,2776.9,2769.0,2770.9,7618,0
2025-12-11 11:00:00+05:30,2770.9,2775.6,2769.2,2770.2,7559,0
2025-12-11 11:05:00+05:30,2769.8,2775.6,2769.8,2775.0,6228,0
2025-12-11 11:10:00+05:30,2775.0,2782.6,2773.6,2778.8,8722,0
2025-12-11 11:15:00+05:30,2778.8,2779.3,2775.5,2777.8,5154,0
2025-12-11 11:20:00+05:30,2777.9,2781.2,2775.1,2777.6,10048,0
2025-12-11 11:25:00+05:30,2778.5,2779.6,2776.7,2778.8,3967,0
2025-12-11 11:30:00+05:30,2778.9,2781.0,2776.5,2779.9,7268,0
2025-12-11 11:35:00+05:30,2779.8,2782.1,2776.3,2781.6,8447,0
2025-12-11 11:40:00+05:30,2781.6,2787.0,2779.8,2785.4,16009,0
2025-12-11 11:45:00+05:30,2785.2,2787.8,2783.2,2785.9,7636,0
2025-12-11 11:50:00+05:30,2786.4,2791.4,2784.9,2788.4,14559,0
2025-12-11 11:55:00+05:30,2788.3,2789.9,2786.1,2788.7,7758,0
2025-12-11 12:00:00+05:30,2788.9,2791.0,2787.2,2791.0,7310,0
2025-12-11 12:05:00+05:30,2791.0,2792.4,2789.0,2789.8,9105,0
2025-12-11 12:10:00+05:30,2790.0,2791.2,2787.9,2788.9,5949,0
2025-12-11 12:15:00+05:30,2789.4,2790.1,2787.2,2788.9,4951,0
2025-12-11 12:20:00+05:30,2789.6,2791.9,2789.0,2790.1,6516,0
2025-12-11 12:25:00+05:30,2790.3,2794.0,2790.0,2794.0,7266,0
2025-12-11 12:30:00+05:30,2794.0,2797.6,2792.2,2794.4,9375,0
2025-12-11 12:35:00+05:30,2794.5,2795.0,2792.8,2794.4,4329,0
2025-12-11 12:40:00+05:30,2794.0,2797.1,2793.1,2794.7,6241,0
2025-12-11 12:45:00+05:30,2795.2,2798.7,2795.0,2796.2,10847,0
2025-12-11 12:50:00+05:30,2796.3,2796.9,2791.0,2793.5,9839,0
2025-12-11 12:55:00+05:30,2793.4,2794.1,2790.6,2792.0,5844,0
2025-12-11 13:00:00+05:30,2792.3,2792.8,2788.1,2789.0,7372,0
2025-12-11 13:05:00+05:30,2789.5,2789.5,2785.0,2785.0,8710,0
2025-12-11 13:10:00+05:30,2785.3,2788.0,2784.1,2787.5,4706,0
2025-12-11 13:15:00+05:30,2788.0,2792.3,2787.6,2790.0,10365,0
2025-12-11 13:20:00+05:30,2789.8,2790.7,2785.8,2787.2,7398,0
2025-12-11 13:25:00+05:30,2787.2,2787.2,2782.1,2783.8,7435,0
2025-12-11 13:30:00+05:30,2782.9,2786.8,2782.0,2786.2,7041,0
2025-12-11 13:35:00+05:30,2786.1,2786.9,2782.7,2782.9,5191,0
2025-12-11 13:40:00+05:30,2783.7,2784.4,2777.3,2777.6,9909,0
2025-12-11 13:45:00+05:30,2777.6,2784.2,2776.7,2782.2,13162,0
2025-12-11 13:50:00+05:30,2782.2,2784.8,2781.2,2783.5,7671,0
2025-12-11 13:55:00+05:30,2784.5,2786.6,2783.5,2785.7,6098,0
2025-12-11 14:00:00+05:30,2785.9,2786.0,2782.3,2782.9,3876,0
2025-12-11 14:05:00+05:30,2783.3,2785.6,2781.2,2783.8,5871,0
2025-12-11 14:10:00+05:30,2783.9,2785.6,2782.6,2783.4,4815,0
2025-12-11 14:15:00+05:30,2784.6,2787.9,2783.6,2786.4,5430,0
2025-12-11 14:20:00+05:30,2786.2,2787.0,2783.4,2783.8,5358,0
2025-12-11 14:25:00+05:30,2784.0,2787.1,2783.4,2786.1,14699,0
2025-12-11 14:30:00+05:30,2786.1,2789.5,2784.6,2787.5,10278,0
2025-12-11 14:35:00+05:30,2787.1,2788.0,2785.2,2786.3,6940,0
2025-12-11 14:40:00+05:30,2786.3,2787.0,2783.5,2784.4,5482,0
2025-12-11 14:45:00+05:30,2784.8,2785.1,2779.1,2779.1,18416,0
2025-12-11 14:50:00+05:30,2779.6,2782.2,2778.1,2779.8,10430,0
2025-12-11 14:55:00+05:30,2780.4,2781.7,2778.4,2779.4,11515,0
2025-12-11 15:00:00+05:30,2779.3,2782.3,2779.3,2781.1,31027,0
2025-12-11 15:05:00+05:30,2781.8,2782.0,2779.2,2780.0,13938,0
2025-12-11 15:10:00+05:30,2780.0,2780.0,2777.6,2777.9,15962,0
2025-12-11 15:15:00+05:30,2778.5,2780.5,2777.3,2779.0,20920,0
2025-12-11 15:20:00+05:30,2779.1,2780.0,2777.0,2779.4,18506,0
2025-12-11 15:25:00+05:30,2779.8,2780.0,2775.0,2776.5,15950,0
2025-12-12 09:15:00+05:30,2795.0,2797.0,2778.7,2790.9,40727,0
2025-12-12 09:20:00+05:30,2790.9,2793.0,2785.0,2787.6,19833,0
2025-12-12 09:25:00+05:30,2788.4,2792.5,2785.2,2789.6,10914,0
2025-12-12 09:30:00+05:30,2789.6,2793.2,2788.0,2793.2,79470,0
2025-12-12 09:35:00+05:30,2793.2,2793.2,2788.9,2790.0,9150,0
2025-12-12 09:40:00+05:30,2790.3,2790.7,2787.0,2790.0,6346,0
2025-12-12 09:45:00+05:30,2790.0,2790.5,2785.1,2788.4,12018,0
2025-12-12 09:50:00+05:30,2788.4,2790.9,2787.8,2789.6,6468,0
2025-12-12 09:55:00+05:30,2790.7,2791.4,2787.0,2787.0,11709,0
2025-12-12 10:00:00+05:30,2787.3,2789.7,2778.1,2779.1,14685,0
2025-12-12 10:05:00+05:30,2780.2,2782.3,2776.6,2779.4,17948,0
2025-12-12 10:10:00+05:30,2779.4,2779.9,2771.6,2772.6,18088,0
2025-12-12 10:15:00+05:30,2773.5,2775.5,2766.4,2770.0,16686,0
2025-12-12 10:20:00+05:30,2770.2,2773.1,2761.1,2761.2,18977,0
2025-12-12 10:25:00+05:30,2761.2,2768.6,2761.2,2767.9,9935,0
2025-12-12 10:30:00+05:30,2767.9,2772.8,2767.0,2768.3,8885,0
2025-12-12 10:35:00+05:30,2768.3,2769.9,2761.9,2767.6,8284,0
2025-12-12 10:40:00+05:30,2767.6,2772.0,2766.2,2771.8,5166,0
2025-12-12 10:45:00+05:30,2771.7,2772.8,2766.6,2766.6,6064,0
2025-12-12 10:50:00+05:30,2767.0,2770.0,2765.0,2765.0,16988,0
2025-12-12 10:55:00+05:30,2765.6,2767.4,2760.0,2760.0,21762,0
2025-12-12 11:00:00+05:30,2760.0,2762.6,2752.9,2756.9,34335,0
2025-12-12 11:05:00+05:30,2757.0,2758.0,2753.2,2757.0,7788,0
2025-12-12 11:10:00+05:30,2757.0,2761.9,2756.0,2761.8,7004,0
2025-12-12 11:15:00+05:30,2761.8,2764.3,2760.2,2763.4,10330,0
2025-12-12 11:20:00+05:30,2763.4,2765.0,2762.2,2764.5,7774,0
2025-12-12 11:25:00+05:30,2764.9,2764.9,2761.2,2762.9,6856,0
2025-12-12 11:30:00+05:30,2762.9,2764.2,2761.6,2763.0,8256,0
2025-12-12 11:35:00+05:30,2763.0,2763.4,2760.0,2760.7,9357,0
2025-12-12 11:40:00+05:30,2760.7,2761.2,2758.7,2759.6,5725,0
2025-12-12 11:45:00+05:30,2760.0,2765.0,2759.6,2762.1,7566,0
2025-12-12 11:50:00+05:30,2762.1,2765.0,2760.0,2763.8,7080,0
2025-12-12 11:55:00+05:30,2764.0,2765.0,2762.1,2764.0,6519,0
2025-12-12 12:00:00+05:30,2764.0,2764.0,2760.0,2761.4,5938,0
2025-12-12 12:05:00+05:30,2761.4,2765.0,2758.6,2759.1,7452,0
2025-12-12 12:10:00+05:30,2759.5,2759.7,2756.0,2759.0,5254,0
2025-12-12 12:15:00+05:30,2759.2,2761.7,2757.0,2760.4,6440,0
2025-12-12 12:20:00+05:30,2760.6,2763.5,2760.1,2763.5,4340,0
2025-12-12 12:25:00+05:30,2763.5,2768.9,2763.4,2767.4,10587,0
2025-12-12 12:30:00+05:30,2767.8,2771.9,2767.0,2770.7,9987,0
2025-12-12 12:35:00+05:30,2771.5,2771.5,2766.9,2768.6,8168,0
2025-12-12 12:40:00+05:30,2769.0,2770.0,2766.0,2766.9,7102,0
2025-12-12 12:45:00+05:30,2766.9,2768.2,2765.1,2765.8,11214,0
2025-12-12 12:50:00+05:30,2766.8,2769.0,2765.1,2765.9,6621,0
2025-12-12 12:55:00+05:30,2767.0,2767.3,2763.0,2764.8,6265,0
2025-12-12 13:00:00+05:30,2764.9,2765.0,2762.2,2764.4,6768,0
2025-12-12 13:05:00+05:30,2764.4,2765.8,2760.7,2761.8,5697,0
2025-12-12 13:10:00+05:30,2761.8,2763.0,2760.3,2763.0,5931,0
2025-12-12 13:15:00+05:30,2763.0,2764.8,2761.3,2764.0,6860,0
2025-12-12 13:20:00+05:30,2764.0,2764.7,2758.0,2759.9,7072,0
2025-12-12 13:25:00+05:30,2759.8,2761.6,2758.1,2758.9,6841,0
2025-12-12 13:30:00+05:30,2759.4,2760.5,2758.9,2760.2,7259,0
2025-12-12 13:35:00+05:30,2760.2,2762.3,2759.0,2759.9,6461,0
2025-12-12 13:40:00+05:30,2759.9,2759.9,2751.1,2754.0,14208,0
2025-12-12 13:45:00+05:30,2754.0,2754.0,2750.3,2753.2,10311,0
2025-12-12 13:50:00+05:30,2753.0,2754.9,2750.1,2750.8,7193,0
2025-12-12 13:55:00+05:30,2751.0,2753.6,2746.0,2746.9,17839,0
2025-12-12 14:00:00+05:30,2747.7,2754.5,2747.0,2753.5,7315,0
2025-12-12 14:05:00+05:30,2753.4,2755.5,2752.0,2755.2,6331,0
2025-12-12 14:10:00+05:30,2755.2,2758.6,2753.9,2755.8,11423,0
2025-12-12 14:15:00+05:30,2755.8,2760.2,2755.0,2758.7,15529,0
2025-12-12 14:20:00+05:30,2759.4,2761.2,2758.4,2760.8,10921,0
2025-12-12 14:25:00+05:30,2760.8,2760.9,2755.0,2757.1,9937,0
2025-12-12 14:30:00+05:30,2757.1,2758.9,2755.4,2756.4,6176,0
2025-12-12 14:35:00+05:30,2756.5,2758.0,2755.0,2755.3,8503,0
2025-12-12 14:40:00+05:30,2755.7,2758.3,2755.0,2758.0,8789,0
2025-12-12 14:45:00+05:30,2757.9,2758.5,2754.0,2754.9,9585,0
2025-12-12 14:50:00+05:30,2754.9,2756.7,2752.7,2756.6,9882,0
2025-12-12 14:55:00+05:30,2756.6,2759.7,2755.7,2758.4,8296,0
2025-12-12 15:00:00+05:30,2758.7,2764.3,2758.7,2763.0,28528,0
2025-12-12 15:05:00+05:30,2762.9,2765.7,2762.7,2763.7,25872,0
2025-12-12 15:10:00+05:30,2763.8,2765.7,2761.8,2765.0,34935,0
2025-12-12 15:15:00+05:30,2765.0,2765.3,2762.7,2765.1,32828,0
2025-12-12 15:20:00+05:30,2765.1,2768.7,2765.0,2767.8,42007,0
2025-12-12 15:25:00+05:30,2767.8,2769.0,2761.7,2765.0,30201,0
2025-12-15 09:15:00+05:30,2773.1,2789.8,2758.7,2786.5,76968,0
2025-12-15 09:20:00+05:30,2785.7,2789.3,2777.7,2781.1,52626,0
2025-12-15 09:25:00+05:30,2781.8,2783.7,2779.0,2781.3,13149,0
2025-12-15 09:30:00+05:30,2781.5,2788.7,2780.7,2783.4,18363,0
2025-12-15 09:35:00+05:30,2783.8,2792.0,2782.6,2789.3,14346,0
2025-12-15 09:40:00+05:30,2789.5,2790.9,2780.0,2781.4,15264,0
2025-12-15 09:45:00+05:30,2781.8,2786.7,2780.3,2784.2,11763,0
2025-12-15 09:50:00+05:30,2784.8,2785.6,2780.2,2780.8,9693,0
2025-12-15 09:55:00+05:30,2781.0,2784.1,2780.6,2783.2,7795,0
2025-12-15 10:00:00+05:30,2784.1,2787.7,2783.3,2786.3,7681,0
2025-12-15 10:05:00+05:30,2786.3,2790.0,2784.7,2785.4,6847,0
2025-12-15 10:10:00+05:30,2785.5,2786.3,2780.0,2782.3,8315,0
2025-12-15 10:15:00+05:30,2782.8,2787.6,2782.1,2786.0,6332,0
2025-12-15 10:20:00+05:30,2787.6,2788.8,2785.2,2788.6,6143,0
2025-12-15 10:25:00+05:30,2788.8,2789.9,2785.3,2789.2,10821,0
2025-12-15 10:30:00+05:30,2789.7,2794.0,2789.2,2792.0,17220,0
2025-12-15 10:35:00+05:30,2792.0,2793.3,2788.0,2789.8,9732,0
2025-12-15 10:40:00+05:30,2789.4,2792.1,2786.7,2792.1,5876,0
2025-12-15 10:45:00+05:30,2792.1,2796.0,2791.0,2794.3,12488,0
2025-12-15 10:50:00+05:30,2794.3,2796.8,2791.7,2791.7,13863,0
2025-12-15 10:55:00+05:30,2794.1,2797.5,2789.4,2796.3,21886,0
2025-12-15 11:00:00+05:30,2795.5,2796.6,2792.9,2796.5,10393,0
2025-12-15 11:05:00+05:30,2796.5,2797.5,2795.0,2797.1,11935,0
2025-12-15 11:10:00+05:30,2797.0,2798.7,2791.7,2793.9,12018,0
2025-12-15 11:15:00+05:30,2794.2,2797.1,2793.9,2796.8,5390,0
2025-12-15 11:20:00+05:30,2796.8,2796.8,2792.2,2795.0,4967,0
2025-12-15 11:25:00+05:30,2795.0,2796.0,2792.0,2792.7,6371,0
2025-12-15 11:30:00+05:30,2792.7,2794.1,2791.2,2792.6,6745,0
2025-12-15 11:35:00+05:30,2792.6,2793.0,2786.1,2788.5,15214,0
2025-12-15 11:40:00+05:30,2789.0,2794.6,2788.5,2794.5,7449,0
2025-12-15 11:45:00+05:30,2794.5,2795.9,2793.1,2794.6,5711,0
2025-12-15 11:50:00+05:30,2794.7,2800.0,2794.6,2798.6,10840,0
2025-12-15 11:55:00+05:30,2798.6,2799.3,2792.2,2794.1,8754,0
2025-12-15 12:00:00+05:30,2794.5,2798.8,2794.0,2797.4,6412,0
2025-12-15 12:05:00+05:30,2797.4,2798.6,2797.0,2797.5,3965,0
2025-12-15 12:10:00+05:30,2797.4,2797.5,2796.0,2796.8,4852,0
2025-12-15 12:15:00+05:30,2796.8,2800.1,2795.1,2796.3,24207,0
2025-12-15 12:20:00+05:30,2796.3,2802.0,2796.3,2799.0,13838,0
2025-12-15 12:25:00+05:30,2799.0,2800.2,2793.9,2795.0,12801,0
2025-12-15 12:30:00+05:30,2794.9,2795.0,2785.2,2788.4,38846,0
2025-12-15 12:35:00+05:30,2788.4,2788.6,2782.6,2783.5,12300,0
2025-12-15 12:40:00+05:30,2783.5,2784.7,2780.7,2781.5,19945,0
2025-12-15 12:45:00+05:30,2781.5,2785.9,2780.5,2780.6,25997,0
2025-12-15 12:50:00+05:30,2780.3,2784.2,2778.0,2780.0,20219,0
2025-12-15 12:55:00+05:30,2780.0,2780.4,2779.4,2780.0,6708,0
2025-12-15 13:00:00+05:30,2780.4,2783.5,2779.9,2783.3,17971,0
2025-12-15 13:05:00+05:30,2783.3,2788.0,2782.9,2787.8,5225,0
2025-12-15 13:10:00+05:30,2787.8,2788.8,2781.6,2782.3,6024,0
2025-12-15 13:15:00+05:30,2782.3,2785.9,2780.6,2784.7,13124,0
2025-12-15 13:20:00+05:30,2784.8,2785.9,2783.0,2784.7,5994,0
2025-12-15 13:25:00+05:30,2784.7,2785.7,2780.1,2780.1,8216,0
2025-12-15 13:30:00+05:30,2780.9,2781.0,2775.6,2778.3,10193,0
2025-12-15 13:35:00+05:30,2778.4,2778.7,2775.3,2777.1,4408,0
2025-12-15 13:40:00+05:30,2777.1,2780.0,2777.0,2780.0,6654,0
2025-12-15 13:45:00+05:30,2780.0,2780.1,2779.2,2780.0,12317,0
2025-12-15 13:50:00+05:30,2780.0,2780.9,2779.1,2780.0,15750,0
2025-12-15 13:55:00+05:30,2780.0,2780.0,2779.3,2780.0,4506,0
2025-12-15 14:00:00+05:30,2780.0,2786.5,2779.6,2784.9,11016,0
2025-12-15 14:05:00+05:30,2785.0,2785.4,2779.9,2780.0,12088,0
2025-12-15 14:10:00+05:30,2781.1,2781.8,2778.3,2781.2,14172,0
2025-12-15 14:15:00+05:30,2781.2,2781.5,2780.7,2781.2,3823,0
2025-12-15 14:20:00+05:30,2781.2,2782.2,2766.4,2772.9,30082,0
2025-12-15 14:25:00+05:30,2772.9,2777.0,2772.5,2777.0,7074,0
2025-12-15 14:30:00+05:30,2777.0,2777.0,2769.0,2771.0,10093,0
2025-12-15 14:35:00+05:30,2771.1,2772.9,2769.7,2772.7,6427,0
2025-12-15 14:40:00+05:30,2772.7,2773.9,2769.9,2772.2,9343,0
2025-12-15 14:45:00+05:30,2772.5,2778.7,2771.6,2775.7,20639,0
2025-12-15 14:50:00+05:30,2775.7,2777.7,2774.6,2777.5,7023,0
2025-12-15 14:55:00+05:30,2777.5,2778.5,2775.4,2777.3,10669,0
2025-12-15 15:00:00+05:30,2777.3,2780.0,2776.1,2779.9,21347,0
2025-12-15 15:05:00+05:30,2779.8,2780.0,2777.9,2780.0,18051,0
2025-12-15 15:10:00+05:30,2780.0,2783.6,2779.5,2781.9,22812,0
2025-12-15 15:15:00+05:30,2781.5,2781.9,2778.5,2781.0,34220,0
2025-12-15 15:20:00+05:30,2781.2,2781.3,2779.0,2781.1,20257,0
2025-12-15 15:25:00+05:30,2781.1,2781.2,2777.5,2777.8,16742,0
2025-12-16 09:15:00+05:30,2793.0,2795.7,2776.1,2795.0,58298,0
2025-12-16 09:20:00+05:30,2795.0,2797.6,2791.7,2794.7,28866,0
2025-12-16 09:25:00+05:30,2794.7,2795.2,2789.2,2792.3,14902,0
2025-12-16 09:30:00+05:30,2792.3,2798.9,2792.3,2793.5,18875,0
2025-12-16 09:35:00+05:30,2793.4,2798.4,2792.6,2796.0,17734,0
2025-12-16 09:40:00+05:30,2796.0,2796.0,2791.2,2793.6,12391,0
2025-12-16 09:45:00+05:30,2794.7,2804.4,2794.1,2801.3,25219,0
2025-12-16 09:50:00+05:30,2801.3,2807.9,2800.8,2803.5,20672,0
2025-12-16 09:55:00+05:30,2803.5,2804.0,2791.1,2791.8,14241,0
2025-12-16 10:00:00+05:30,2792.0,2792.1,2783.0,2785.6,14988,0
2025-12-16 10:05:00+05:30,2785.6,2785.7,2781.2,2781.5,11223,0
2025-12-16 10:10:00+05:30,2781.5,2785.7,2781.0,2783.9,10384,0
2025-12-16 10:15:00+05:30,2784.1,2794.7,2782.6,2793.1,9842,0
2025-12-16 10:20:00+05:30,2793.2,2793.7,2788.3,2792.9,5885,0
2025-12-16 10:25:00+05:30,2793.2,2794.0,2791.3,2794.0,6365,0
2025-12-16 10:30:00+05:30,2793.9,2796.9,2793.1,2796.5,8324,0
2025-12-16 10:35:00+05:30,2796.0,2797.0,2793.9,2794.3,9982,0
2025-12-16 10:40:00+05:30,2794.3,2795.8,2793.0,2795.0,5000,0
2025-12-16 10:45:00+05:30,2795.0,2796.7,2793.4,2796.6,4397,0
2025-12-16 10:50:00+05:30,2795.7,2797.1,2795.2,2796.2,5815,0
2025-12-16 10:55:00+05:30,2796.2,2797.4,2795.9,2797.1,5965,0
2025-12-16 11:00:00+05:30,2797.3,2799.8,2796.2,2799.1,7779,0
2025-12-16 11:05:00+05:30,2798.9,2803.0,2798.5,2802.0,10155,0
2025-12-16 11:10:00+05:30,2802.0,2804.9,2801.1,2804.6,6964,0
2025-12-16 11:15:00+05:30,2804.7,2808.0,2803.9,2807.3,13527,0
2025-12-16 11:20:00+05:30,2806.9,2807.3,2802.3,2802.5,11817,0
2025-12-16 11:25:00+05:30,2802.5,2803.7,2800.1,2802.5,5290,0
2025-12-16 11:30:00+05:30,2802.5,2802.5,2797.2,2798.0,7717,0
2025-12-16 11:35:00+05:30,2798.0,2801.5,2797.0,2799.0,5814,0
2025-12-16 11:40:00+05:30,2798.9,2798.9,2797.8,2798.8,3990,0
2025-12-16 11:45:00+05:30,2798.2,2800.0,2794.1,2794.2,34158,0
2025-12-16 11:50:00+05:30,2794.2,2799.3,2794.1,2798.5,6533,0
2025-12-16 11:55:00+05:30,2798.3,2798.3,2791.4,2793.2,10238,0
2025-12-16 12:00:00+05:30,2793.0,2794.6,2792.0,2792.3,5875,0
2025-12-16 12:05:00+05:30,2792.9,2796.6,2792.9,2794.7,8039,0
2025-12-16 12:10:00+05:30,2794.7,2795.0,2791.5,2792.0,7096,0
2025-12-16 12:15:00+05:30,2791.9,2794.0,2791.2,2794.0,5340,0
2025-12-16 12:20:00+05:30,2794.0,2794.0,2793.0,2793.7,2528,0
2025-12-16 12:25:00+05:30,2793.1,2794.0,2791.2,2792.2,5744,0
2025-12-16 12:30:00+05:30,2792.2,2792.7,2788.7,2789.8,6678,0
2025-12-16 12:35:00+05:30,2789.7,2789.7,2785.1,2785.5,9005,0
2025-12-16 12:40:00+05:30,2786.0,2786.9,2783.8,2784.9,7961,0
2025-12-16 12:45:00+05:30,2784.5,2787.5,2784.5,2785.7,5248,0
2025-12-16 12:50:00+05:30,2785.7,2789.4,2785.7,2789.4,5967,0
2025-12-16 12:55:00+05:30,2789.0,2791.0,2788.6,2789.9,7467,0
2025-12-16 13:00:00+05:30,2789.9,2790.3,2788.0,2790.0,5431,0
2025-12-16 13:05:00+05:30,2790.0,2790.5,2787.0,2788.6,5466,0
2025-12-16 13:10:00+05:30,2788.6,2789.5,2787.4,2788.2,5290,0
2025-12-16 13:15:00+05:30,2788.0,2788.5,2786.1,2787.9,7122,0
2025-12-16 13:20:00+05:30,2787.2,2790.8,2786.8,2790.1,5570,0
2025-12-16 13:25:00+05:30,2790.1,2791.0,2789.7,2791.0,5099,0
2025-12-16 13:30:00+05:30,2791.0,2793.5,2789.4,2790.2,12925,0
2025-12-16 13:35:00+05:30,2790.3,2795.6,2790.3,2795.4,8609,0
2025-12-16 13:40:00+05:30,2795.2,2796.0,2791.5,2791.8,12287,0
2025-12-16 13:45:00+05:30,2791.3,2794.2,2790.7,2791.0,19582,0
2025-12-16 13:50:00+05:30,2791.0,2791.0,2790.9,2791.0,2441,0
2025-12-16 13:55:00+05:30,2791.0,2793.1,2787.6,2789.9,11763,0
2025-12-16 14:00:00+05:30,2789.9,2790.6,2789.0,2789.7,5830,0
2025-12-16 14:05:00+05:30,2789.5,2791.0,2789.5,2790.3,5329,0
2025-12-16 14:10:00+05:30,2790.3,2790.9,2788.5,2790.9,4142,0
2025-12-16 14:15:00+05:30,2790.4,2791.3,2784.4,2785.0,9773,0
2025-12-16 14:20:00+05:30,2785.0,2786.9,2783.0,2785.0,16306,0
2025-12-16 14:25:00+05:30,2785.0,2787.0,2784.6,2786.0,4824,0
2025-12-16 14:30:00+05:30,2785.9,2787.4,2784.8,2786.3,6409,0
2025-12-16 14:35:00+05:30,2786.4,2790.1,2786.0,2789.9,5825,0
2025-12-16 14:40:00+05:30,2789.7,2790.8,2787.9,2788.8,7437,0
2025-12-16 14:45:00+05:30,2788.9,2791.0,2788.3,2791.0,6335,0
2025-12-16 14:50:00+05:30,2791.0,2794.0,2788.6,2791.0,25347,0
2025-12-16 14:55:00+05:30,2791.0,2791.0,2789.3,2790.9,13159,0
2025-12-16 15:00:00+05:30,2791.0,2797.0,2790.7,2791.0,40814,0
2025-12-16 15:05:00+05:30,2791.0,2791.0,2789.8,2789.9,26889,0
2025-12-16 15:10:00+05:30,2789.9,2791.5,2789.7,2791.0,28741,0
2025-12-16 15:15:00+05:30,2790.9,2793.6,2787.0,2789.2,40762,0
2025-12-16 15:20:00+05:30,2789.1,2790.0,2787.0,2790.0,30156,0
2025-12-16 15:25:00+05:30,2790.0,2790.0,2785.0,2785.0,26271,0
2025-12-17 09:15:00+05:30,2800.0,2803.9,2785.5,2788.0,31767,0
2025-12-17 09:20:00+05:30,2787.6,2797.0,2785.5,2797.0,13849,0
2025-12-17 09:25:00+05:30,2797.4,2800.3,2792.9,2796.9,13579,0
2025-12-17 09:30:00+05:30,2797.9,2804.0,2797.1,2803.4,9618,0
2025-12-17 09:35:00+05:30,2803.9,2804.2,2798.0,2799.7,12282,0
2025-12-17 09:40:00+05:30,2800.0,2802.8,2796.4,2800.0,9243,0
2025-12-17 09:45:00+05:30,2800.0,2800.2,2796.5,2797.9,8950,0
2025-12-17 09:50:00+05:30,2797.9,2799.3,2795.0,2798.7,9355,0
2025-12-17 09:55:00+05:30,2798.8,2804.6,2798.7,2804.0,6200,0
2025-12-17 10:00:00+05:30,2803.9,2805.0,2802.3,2803.2,10291,0
2025-12-17 10:05:00+05:30,2803.2,2803.2,2797.8,2801.5,11133,0
2025-12-17 10:10:00+05:30,2801.5,2802.0,2800.0,2801.1,4487,0
2025-12-17 10:15:00+05:30,2801.1,2802.6,2800.4,2802.3,3974,0
2025-12-17 10:20:00+05:30,2802.3,2803.0,2801.0,2801.7,9823,0
2025-12-17 10:25:00+05:30,2801.7,2803.0,2800.5,2801.4,7559,0
2025-12-17 10:30:00+05:30,2801.8,2806.5,2801.5,2806.2,5895,0
2025-12-17 10:35:00+05:30,2806.4,2806.5,2802.1,2803.0,8102,0
2025-12-17 10:40:00+05:30,2803.0,2803.0,2796.4,2800.0,8098,0
2025-12-17 10:45:00+05:30,2800.0,2800.4,2798.0,2798.7,4484,0
2025-12-17 10:50:00+05:30,2798.5,2798.8,2795.0,2797.0,4899,0
2025-12-17 10:55:00+05:30,2797.0,2798.8,2795.5,2797.1,6395,0
2025-12-17 11:00:00+05:30,2796.9,2797.5,2795.0,2796.0,5182,0
2025-12-17 11:05:00+05:30,2795.9,2796.0,2789.0,2790.0,12472,0
2025-12-17 11:10:00+05:30,2789.7,2790.9,2789.7,2790.1,3907,0
2025-12-17 11:15:00+05:30,2790.1,2792.1,2789.9,2789.9,7176,0
2025-12-17 11:20:00+05:30,2789.9,2790.7,2786.6,2788.0,5564,0
2025-12-17 11:25:00+05:30,2788.0,2789.8,2786.6,2788.5,4154,0
2025-12-17 11:30:00+05:30,2788.5,2789.4,2782.7,2784.5,11947,0
2025-12-17 11:35:00+05:30,2785.0,2788.2,2784.5,2786.6,4973,0
2025-12-17 11:40:00+05:30,2786.5,2788.7,2785.8,2786.2,5051,0
2025-12-17 11:45:00+05:30,2786.2,2786.8,2785.0,2786.0,2841,0
2025-12-17 11:50:00+05:30,2786.0,2786.9,2784.0,2786.0,4904,0
2025-12-17 11:55:00+05:30,2786.0,2787.1,2783.7,2785.8,4326,0
2025-12-17 12:00:00+05:30,2785.0,2785.8,2781.6,2782.2,4677,0
2025-12-17 12:05:00+05:30,2782.5,2784.8,2780.5,2780.7,6698,0
2025-12-17 12:10:00+05:30,2780.7,2780.7,2777.2,2778.9,7158,0
2025-12-17 12:15:00+05:30,2778.1,2779.0,2777.3,2778.7,3642,0
2025-12-17 12:20:00+05:30,2778.7,2778.8,2772.5,2772.5,7406,0
2025-12-17 12:25:00+05:30,2772.5,2774.0,2772.0,2773.9,5230,0
2025-12-17 12:30:00+05:30,2774.2,2779.8,2773.8,2779.4,3459,0
2025-12-17 12:35:00+05:30,2778.7,2780.5,2777.5,2778.9,5832,0
2025-12-17 12:40:00+05:30,2778.9,2780.0,2778.5,2780.0,3269,0
2025-12-17 12:45:00+05:30,2779.8,2780.8,2779.0,2779.8,3843,0
2025-12-17 12:50:00+05:30,2779.8,2780.2,2779.0,2779.3,7071,0
2025-12-17 12:55:00+05:30,2779.3,2780.8,2779.2,2780.0,3302,0
2025-12-17 13:00:00+05:30,2780.0,2781.0,2777.8,2780.0,6751,0
2025-12-17 13:05:00+05:30,2780.0,2782.4,2779.9,2779.9,6693,0
2025-12-17 13:10:00+05:30,2780.1,2780.1,2778.6,2778.8,6422,0
2025-12-17 13:15:00+05:30,2779.2,2780.4,2778.3,2778.8,5713,0
2025-12-17 13:20:00+05:30,2778.8,2779.3,2776.5,2778.4,3517,0
2025-12-17 13:25:00+05:30,2778.4,2778.6,2777.2,2778.5,3512,0
2025-12-17 13:30:00+05:30,2777.9,2778.6,2777.3,2778.3,3809,0
2025-12-17 13:35:00+05:30,2778.5,2778.6,2777.1,2777.3,1782,0
2025-12-17 13:40:00+05:30,2777.3,2778.0,2776.3,2777.3,4306,0
2025-12-17 13:45:00+05:30,2776.6,2778.1,2776.6,2776.7,5922,0
2025-12-17 13:50:00+05:30,2776.8,2780.0,2776.7,2779.2,13211,0
2025-12-17 13:55:00+05:30,2779.0,2781.5,2776.4,2780.5,3796,0
2025-12-17 14:00:00+05:30,2780.5,2783.9,2779.1,2783.3,4327,0
2025-12-17 14:05:00+05:30,2783.1,2784.2,2782.9,2783.4,5570,0
2025-12-17 14:10:00+05:30,2783.4,2783.4,2781.3,2782.5,4224,0
2025-12-17 14:15:00+05:30,2782.3,2784.9,2781.5,2783.0,23074,0
2025-12-17 14:20:00+05:30,2783.2,2784.1,2779.5,2780.3,6249,0
2025-12-17 14:25:00+05:30,2780.4,2780.9,2779.3,2780.0,4088,0
2025-12-17 14:30:00+05:30,2780.0,2780.7,2778.6,2779.7,3638,0
2025-12-17 14:35:00+05:30,2780.0,2780.0,2776.8,2778.0,12680,0
2025-12-17 14:40:00+05:30,2778.0,2779.7,2776.1,2778.8,7975,0
2025-12-17 14:45:00+05:30,2778.8,2780.5,2778.8,2780.1,6137,0
2025-12-17 14:50:00+05:30,2780.1,2782.2,2778.6,2779.8,7839,0
2025-12-17 14:55:00+05:30,2778.9,2779.9,2777.7,2778.1,4954,0
2025-12-17 15:00:00+05:30,2778.6,2787.9,2778.6,2786.4,25687,0
2025-12-17 15:05:00+05:30,2786.4,2786.7,2783.1,2784.7,20851,0
2025-12-17 15:10:00+05:30,2784.3,2786.4,2783.4,2786.0,24547,0
2025-12-17 15:15:00+05:30,2785.9,2787.0,2783.8,2786.4,26501,0
2025-12-17 15:20:00+05:30,2786.3,2787.7,2784.6,2786.2,27675,0
2025-12-17 15:25:00+05:30,2785.5,2788.5,2780.1,2785.8,20978,0
2025-12-18 09:15:00+05:30,2780.0,2793.8,2780.0,2782.1,13671,0
2025-12-18 09:20:00+05:30,2781.7,2784.6,2774.9,2778.5,5839,0
2025-12-18 09:25:00+05:30,2778.3,2782.0,2776.8,2779.3,3233,0
2025-12-18 09:30:00+05:30,2779.2,2781.7,2775.9,2777.7,4016,0
2025-12-18 09:35:00+05:30,2777.4,2777.6,2758.0,2761.3,19174,0
2025-12-18 09:40:00+05:30,2761.3,2764.9,2760.2,2761.3,6493,0
2025-12-18 09:45:00+05:30,2761.2,2764.3,2760.0,2764.1,8419,0
2025-12-18 09:50:00+05:30,2764.1,2765.4,2760.1,2765.3,3623,0
2025-12-18 09:55:00+05:30,2765.3,2769.8,2763.8,2767.5,4436,0
2025-12-18 10:00:00+05:30,2766.3,2769.3,2764.1,2767.4,2609,0
2025-12-18 10:05:00+05:30,2767.4,2768.7,2765.3,2768.7,2120,0
2025-12-18 10:10:00+05:30,2768.7,2774.0,2768.4,2770.6,4802,0
2025-12-18 10:15:00+05:30,2770.5,2776.2,2767.7,2776.2,2884,0
2025-12-18 10:20:00+05:30,2775.6,2776.6,2771.4,2774.7,6171,0
2025-12-18 10:25:00+05:30,2774.2,2774.6,2771.3,2771.9,2236,0
2025-12-18 10:30:00+05:30,2772.4,2776.2,2771.0,2773.5,11999,0
2025-12-18 10:35:00+05:30,2773.5,2775.0,2770.2,2771.1,3200,0
2025-12-18 10:40:00+05:30,2771.4,2774.8,2771.0,2773.0,2078,0
2025-12-18 10:45:00+05:30,2773.5,2775.8,2772.8,2774.4,1492,0
2025-12-18 10:50:00+05:30,2774.4,2775.9,2772.1,2775.0,4040,0
2025-12-18 10:55:00+05:30,2774.9,2777.6,2774.5,2776.0,1810,0
2025-12-18 11:00:00+05:30,2776.0,2776.9,2768.8,2769.5,3760,0
2025-12-18 11:05:00+05:30,2770.0,2770.8,2764.2,2765.3,4084,0
2025-12-18 11:10:00+05:30,2765.6,2767.2,2765.0,2765.1,2717,0
2025-12-18 11:15:00+05:30,2765.1,2768.4,2763.4,2766.6,3300,0
2025-12-18 11:20:00+05:30,2766.6,2772.9,2766.2,2770.4,3251,0
2025-12-18 11:25:00+05:30,2770.3,2771.8,2767.6,2769.1,2223,0
2025-12-18 11:30:00+05:30,2769.3,2771.7,2768.3,2770.3,3313,0
2025-12-18 11:35:00+05:30,2770.3,2772.0,2769.0,2771.3,2341,0
2025-12-18 11:40:00+05:30,2771.3,2773.6,2770.4,2772.9,2452,0
2025-12-18 11:45:00+05:30,2773.1,2773.7,2769.2,2771.1,3610,0
2025-12-18 11:50:00+05:30,2771.2,2773.9,2771.1,2772.3,2049,0
2025-12-18 11:55:00+05:30,2772.5,2774.0,2771.0,2771.0,2681,0
2025-12-18 12:00:00+05:30,2770.9,2772.0,2769.0,2769.1,2820,0
2025-12-18 12:05:00+05:30,2770.4,2771.0,2767.3,2767.5,2121,0
2025-12-18 12:10:00+05:30,2767.9,2770.0,2766.9,2767.9,2923,0
2025-12-18 12:15:00+05:30,2768.3,2770.0,2767.5,2768.2,2495,0
2025-12-18 12:20:00+05:30,2768.2,2770.0,2766.1,2766.4,2416,0
2025-12-18 12:25:00+05:30,2766.5,2768.8,2766.4,2768.7,1900,0
2025-12-18 12:30:00+05:30,2768.8,2769.4,2766.4,2768.3,3223,0
2025-12-18 12:35:00+05:30,2768.4,2770.0,2768.3,2768.8,2703,0
2025-12-18 12:40:00+05:30,2768.7,2769.7,2767.0,2767.9,2090,0
2025-12-18 12:45:00+05:30,2767.9,2770.0,2767.8,2769.3,1971,0
2025-12-18 12:50:00+05:30,2768.8,2769.8,2766.4,2767.2,2673,0
2025-12-18 12:55:00+05:30,2767.2,2767.6,2765.0,2765.4,4313,0
2025-12-18 13:00:00+05:30,2765.4,2768.4,2765.0,2767.0,2912,0
2025-12-18 13:05:00+05:30,2767.1,2768.2,2766.2,2767.2,3020,0
2025-12-18 13:10:00+05:30,2767.3,2768.4,2765.1,2766.8,3330,0
2025-12-18 13:15:00+05:30,2766.8,2767.0,2763.8,2763.9,5511,0
2025-12-18 13:20:00+05:30,2763.4,2766.0,2761.3,2761.6,5711,0
2025-12-18 13:25:00+05:30,2761.6,2765.0,2759.4,2761.4,11987,0
2025-12-18 13:30:00+05:30,2761.4,2762.2,2758.5,2760.1,4526,0
2025-12-18 13:35:00+05:30,2760.1,2764.9,2758.0,2762.2,9487,0
2025-12-18 13:40:00+05:30,2762.2,2763.5,2760.7,2762.0,2488,0
2025-12-18 13:45:00+05:30,2762.1,2764.5,2761.6,2763.8,3681,0
2025-12-18 13:50:00+05:30,2763.8,2764.4,2762.2,2762.2,4614,0
2025-12-18 13:55:00+05:30,2762.2,2765.0,2760.4,2763.4,3636,0
2025-12-18 14:00:00+05:30,2763.5,2765.0,2763.1,2763.6,2040,0
2025-12-18 14:05:00+05:30,2763.6,2765.7,2763.2,2763.7,2738,0
2025-12-18 14:10:00+05:30,2763.8,2764.8,2762.6,2763.8,1972,0
2025-12-18 14:15:00+05:30,2763.8,2767.4,2763.0,2763.4,3740,0
2025-12-18 14:20:00+05:30,2763.1,2763.8,2760.0,2760.4,4089,0
2025-12-18 14:25:00+05:30,2760.0,2761.3,2758.2,2760.0,3415,0
2025-12-18 14:30:00+05:30,2760.1,2765.1,2759.6,2760.4,16187,0
2025-12-18 14:35:00+05:30,2759.8,2762.5,2758.9,2760.3,2929,0
2025-12-18 14:40:00+05:30,2760.3,2761.4,2757.1,2758.1,6123,0
2025-12-18 14:45:00+05:30,2757.7,2760.2,2757.6,2759.9,3017,0
2025-12-18 14:50:00+05:30,2760.0,2760.2,2755.3,2756.3,18739,0
2025-12-18 14:55:00+05:30,2756.3,2759.7,2756.3,2758.3,3647,0
2025-12-18 15:00:00+05:30,2758.5,2763.7,2758.5,2760.9,19322,0
2025-12-18 15:05:00+05:30,2760.8,2762.2,2759.4,2760.1,12434,0
2025-12-18 15:10:00+05:30,2759.9,2760.9,2757.5,2759.7,14445,0
2025-12-18 15:15:00+05:30,2759.7,2761.4,2756.0,2761.4,29131,0
2025-12-18 15:20:00+05:30,2761.3,2762.0,2758.7,2760.0,16153,0
2025-12-18 15:25:00+05:30,2760.0,2765.0,2758.1,2758.4,15166,0
2025-12-19 09:15:00+05:30,2766.4,2770.0,2759.7,2768.8,22873,0
2025-12-19 09:20:00+05:30,2768.5,2774.0,2765.5,2773.1,14367,0
2025-12-19 09:25:00+05:30,2773.1,2776.9,2772.1,2775.6,10068,0
2025-12-19 09:30:00+05:30,2775.6,2779.9,2775.1,2777.6,9959,0
2025-12-19 09:35:00+05:30,2777.6,2779.3,2774.9,2775.5,5329,0
2025-12-19 09:40:00+05:30,2775.5,2776.5,2773.2,2774.8,5450,0
2025-12-19 09:45:00+05:30,2774.7,2776.0,2770.7,2771.1,5146,0
2025-12-19 09:50:00+05:30,2770.5,2773.7,2770.0,2773.5,6065,0
2025-12-19 09:55:00+05:30,2773.5,2779.0,2771.6,2778.2,7359,0
2025-12-19 10:00:00+05:30,2778.0,2788.4,2777.3,2786.6,21608,0
2025-12-19 10:05:00+05:30,2786.9,2791.6,2783.6,2790.1,19479,0
2025-12-19 10:10:00+05:30,2789.7,2790.1,2780.4,2781.4,22226,0
2025-12-19 10:15:00+05:30,2780.9,2782.1,2778.1,2782.0,17001,0
2025-12-19 10:20:00+05:30,2782.2,2786.8,2781.9,2784.9,17046,0
2025-12-19 10:25:00+05:30,2784.6,2785.0,2780.7,2782.7,12835,0
2025-12-19 10:30:00+05:30,2782.4,2785.5,2782.3,2784.1,6864,0
2025-12-19 10:35:00+05:30,2784.5,2787.6,2783.6,2786.7,9084,0
2025-12-19 10:40:00+05:30,2786.8,2787.5,2784.4,2786.8,8204,0
2025-12-19 10:45:00+05:30,2786.9,2791.6,2784.1,2789.3,25559,0
2025-12-19 10:50:00+05:30,2789.5,2791.3,2787.3,2789.3,13870,0
2025-12-19 10:55:00+05:30,2789.3,2790.0,2785.1,2788.9,11867,0
2025-12-19 11:00:00+05:30,2788.9,2789.3,2784.2,2786.3,8153,0
2025-12-19 11:05:00+05:30,2786.3,2788.4,2783.7,2788.0,8182,0
2025-12-19 11:10:00+05:30,2788.0,2788.9,2783.8,2784.9,10611,0
2025-12-19 11:15:00+05:30,2784.9,2786.9,2784.2,2786.4,7382,0
2025-12-19 11:20:00+05:30,2786.3,2790.0,2784.7,2789.0,14213,0
2025-12-19 11:25:00+05:30,2788.6,2795.0,2788.6,2791.6,15925,0
2025-12-19 11:30:00+05:30,2791.8,2795.0,2790.9,2793.6,18279,0
2025-12-19 11:35:00+05:30,2793.6,2793.6,2790.1,2792.7,11932,0
2025-12-19 11:40:00+05:30,2792.7,2792.8,2784.1,2784.4,32281,0
2025-12-19 11:45:00+05:30,2784.4,2789.0,2784.1,2785.0,27613,0
2025-12-19 11:50:00+05:30,2785.0,2786.0,2781.8,2785.0,12177,0
2025-12-19 11:55:00+05:30,2785.0,2785.8,2782.7,2783.8,24633,0
2025-12-19 12:00:00+05:30,2783.7,2785.6,2781.9,2783.0,24394,0
2025-12-19 12:05:00+05:30,2783.0,2790.9,2782.0,2789.2,10576,0
2025-12-19 12:10:00+05:30,2790.0,2798.0,2790.0,2798.0,13192,0
2025-12-19 12:15:00+05:30,2798.0,2803.0,2796.3,2800.0,25849,0
2025-12-19 12:20:00+05:30,2800.6,2801.9,2797.1,2798.8,31981,0
2025-12-19 12:25:00+05:30,2798.9,2802.0,2797.6,2799.3,10208,0
2025-12-19 12:30:00+05:30,2798.9,2800.0,2794.2,2794.9,12165,0
2025-12-19 12:35:00+05:30,2794.9,2795.4,2792.2,2795.0,8025,0
2025-12-19 12:40:00+05:30,2795.0,2795.6,2786.1,2788.0,11391,0
2025-12-19 12:45:00+05:30,2788.0,2790.0,2787.8,2790.0,4153,0
2025-12-19 12:50:00+05:30,2790.1,2790.2,2788.1,2788.9,7749,0
2025-12-19 12:55:00+05:30,2788.8,2790.3,2788.7,2789.5,5142,0
2025-12-19 13:00:00+05:30,2789.5,2789.5,2787.0,2787.0,5995,0
2025-12-19 13:05:00+05:30,2787.0,2789.7,2786.4,2789.5,5825,0
2025-12-19 13:10:00+05:30,2789.7,2791.6,2787.2,2788.0,9812,0
2025-12-19 13:15:00+05:30,2788.0,2790.0,2788.0,2789.0,4996,0
2025-12-19 13:20:00+05:30,2789.6,2791.1,2789.5,2790.0,6677,0
2025-12-19 13:25:00+05:30,2789.9,2792.2,2789.9,2791.7,5536,0
2025-12-19 13:30:00+05:30,2791.8,2792.4,2789.7,2791.5,6872,0
2025-12-19 13:35:00+05:30,2791.6,2792.4,2789.6,2791.1,8549,0
2025-12-19 13:40:00+05:30,2791.1,2793.7,2791.0,2792.5,10198,0
2025-12-19 13:45:00+05:30,2793.2,2795.6,2792.5,2794.6,13808,0
2025-12-19 13:50:00+05:30,2794.7,2796.7,2791.5,2792.4,8188,0
2025-12-19 13:55:00+05:30,2792.2,2792.8,2791.0,2792.4,4902,0
2025-12-19 14:00:00+05:30,2792.4,2794.1,2790.4,2792.6,6514,0
2025-12-19 14:05:00+05:30,2792.6,2794.8,2791.3,2794.5,5182,0
2025-12-19 14:10:00+05:30,2794.5,2794.5,2790.0,2790.3,6854,0
2025-12-19 14:15:00+05:30,2790.1,2791.9,2789.0,2791.6,5770,0
2025-12-19 14:20:00+05:30,2791.6,2792.9,2789.1,2792.9,6929,0
2025-12-19 14:25:00+05:30,2792.9,2793.0,2789.0,2789.5,6079,0
2025-12-19 14:30:00+05:30,2789.5,2790.6,2789.3,2789.8,4305,0
2025-12-19 14:35:00+05:30,2789.8,2795.5,2789.3,2793.4,11440,0
2025-12-19 14:40:00+05:30,2793.6,2794.0,2792.2,2793.8,7785,0
2025-12-19 14:45:00+05:30,2793.8,2793.9,2789.2,2790.0,10305,0
2025-12-19 14:50:00+05:30,2790.0,2790.2,2786.8,2787.1,14510,0
2025-12-19 14:55:00+05:30,2787.9,2788.4,2786.0,2787.2,9539,0
2025-12-19 15:00:00+05:30,2787.6,2800.2,2778.4,2797.3,566652,0
2025-12-19 15:05:00+05:30,2797.3,2801.7,2795.7,2799.6,502249,0
2025-12-19 15:10:00+05:30,2799.6,2802.9,2797.1,2802.1,523901,0
2025-12-19 15:15:00+05:30,2801.7,2803.9,2799.8,2801.6,513643,0
2025-12-19 15:20:00+05:30,2801.6,2805.8,2799.8,2802.1,508754,0
2025-12-19 15:25:00+05:30,2802.6,2812.4,2776.7,2788.3,465249,0
2025-12-22 09:15:00+05:30,2785.8,2804.2,2780.3,2802.9,31149,0
2025-12-22 09:20:00+05:30,2803.0,2814.9,2802.0,2809.5,14397,0
2025-12-22 09:25:00+05:30,2809.5,2810.2,2804.0,2804.0,4681,0
2025-12-22 09:30:00+05:30,2804.2,2809.5,2803.0,2806.3,6376,0
2025-12-22 09:35:00+05:30,2806.3,2806.6,2803.0,2803.0,2968,0
2025-12-22 09:40:00+05:30,2803.0,2807.7,2803.0,2807.7,3641,0
2025-12-22 09:45:00+05:30,2807.5,2811.0,2803.5,2806.0,5470,0
2025-12-22 09:50:00+05:30,2806.0,2808.0,2804.1,2807.0,6940,0
2025-12-22 09:55:00+05:30,2807.0,2810.1,2806.6,2809.0,3188,0
2025-12-22 10:00:00+05:30,2808.6,2813.2,2808.0,2812.1,4575,0
2025-12-22 10:05:00+05:30,2812.8,2812.9,2808.8,2811.7,4136,0
2025-12-22 10:10:00+05:30,2811.4,2818.7,2810.1,2818.5,7016,0
2025-12-22 10:15:00+05:30,2818.0,2819.0,2816.6,2817.0,6146,0
2025-12-22 10:20:00+05:30,2817.0,2823.1,2815.0,2819.1,9557,0
2025-12-22 10:25:00+05:30,2819.5,2819.5,2813.5,2813.9,3634,0
2025-12-22 10:30:00+05:30,2813.9,2818.0,2813.0,2814.3,5556,0
2025-12-22 10:35:00+05:30,2814.9,2816.5,2811.0,2811.0,4830,0
2025-12-22 10:40:00+05:30,2811.0,2814.1,2810.3,2810.6,2734,0
2025-12-22 10:45:00+05:30,2810.1,2814.1,2810.0,2812.6,5015,0
2025-12-22 10:50:00+05:30,2812.6,2812.9,2810.9,2811.8,1980,0
2025-12-22 10:55:00+05:30,2811.7,2814.8,2811.6,2813.9,1930,0
2025-12-22 11:00:00+05:30,2813.9,2815.0,2813.3,2814.0,3217,0
2025-12-22 11:05:00+05:30,2813.4,2815.7,2813.4,2814.6,3032,0
2025-12-22 11:10:00+05:30,2814.6,2814.9,2801.8,2803.7,11055,0
2025-12-22 11:15:00+05:30,2803.3,2803.8,2800.3,2801.5,4178,0
2025-12-22 11:20:00+05:30,2801.5,2802.7,2800.1,2801.0,4157,0
2025-12-22 11:25:00+05:30,2800.3,2801.0,2800.1,2800.6,2396,0
2025-12-22 11:30:00+05:30,2800.6,2802.9,2800.6,2802.0,2407,0
2025-12-22 11:35:00+05:30,2802.0,2803.8,2801.6,2802.6,5188,0
2025-12-22 11:40:00+05:30,2802.6,2803.2,2801.5,2802.9,2338,0
2025-12-22 11:45:00+05:30,2802.7,2805.0,2802.7,2804.5,3067,0
2025-12-22 11:50:00+05:30,2804.5,2805.0,2800.0,2800.2,4241,0
2025-12-22 11:55:00+05:30,2800.4,2800.4,2796.3,2796.8,4673,0
2025-12-22 12:00:00+05:30,2796.4,2801.4,2796.4,2800.5,6052,0
2025-12-22 12:05:00+05:30,2800.6,2803.1,2800.1,2800.1,3909,0
2025-12-22 12:10:00+05:30,2800.0,2801.9,2798.5,2799.7,2921,0
2025-12-22 12:15:00+05:30,2799.7,2799.7,2794.6,2796.3,3896,0
2025-12-22 12:20:00+05:30,2796.3,2798.5,2792.0,2792.4,6627,0
2025-12-22 12:25:00+05:30,2792.9,2794.4,2791.8,2793.0,5013,0
2025-12-22 12:30:00+05:30,2793.0,2795.6,2792.3,2793.0,3432,0
2025-12-22 12:35:00+05:30,2793.0,2794.6,2792.8,2794.2,3114,0
2025-12-22 12:40:00+05:30,2794.1,2795.0,2791.2,2792.6,3962,0
2025-12-22 12:45:00+05:30,2791.6,2793.1,2791.2,2792.2,2963,0
2025-12-22 12:50:00+05:30,2792.2,2793.0,2792.0,2792.1,2528,0
2025-12-22 12:55:00+05:30,2792.6,2794.7,2792.0,2793.8,2386,0
2025-12-22 13:00:00+05:30,2794.8,2796.0,2793.8,2795.0,2563,0
2025-12-22 13:05:00+05:30,2795.1,2795.6,2792.3,2793.8,2345,0
2025-12-22 13:10:00+05:30,2792.7,2794.1,2792.3,2792.4,1961,0
2025-12-22 13:15:00+05:30,2792.4,2794.4,2792.4,2794.0,1991,0
2025-12-22 13:20:00+05:30,2793.8,2796.5,2793.3,2795.0,9210,0
2025-12-22 13:25:00+05:30,2795.0,2796.9,2795.0,2796.9,3139,0
2025-12-22 13:30:00+05:30,2796.4,2797.0,2795.0,2795.0,5293,0
2025-12-22 13:35:00+05:30,2795.1,2795.5,2793.0,2793.2,3593,0
2025-12-22 13:40:00+05:30,2793.1,2794.8,2793.0,2794.3,3162,0
2025-12-22 13:45:00+05:30,2794.8,2795.9,2794.0,2795.8,2808,0
2025-12-22 13:50:00+05:30,2795.8,2795.9,2794.2,2795.3,2508,0
2025-12-22 13:55:00+05:30,2795.3,2795.8,2793.7,2794.5,2168,0
2025-12-22 14:00:00+05:30,2794.8,2798.5,2794.0,2797.0,10788,0
2025-12-22 14:05:00+05:30,2797.7,2806.8,2797.0,2803.0,17206,0
2025-12-22 14:10:00+05:30,2803.0,2806.4,2800.7,2805.8,20500,0
2025-12-22 14:15:00+05:30,2805.7,2809.5,2804.6,2807.9,6054,0
2025-12-22 14:20:00+05:30,2807.9,2809.2,2806.1,2808.5,2960,0
2025-12-22 14:25:00+05:30,2808.5,2809.4,2807.2,2807.3,3591,0
2025-12-22 14:30:00+05:30,2807.5,2808.9,2807.2,2808.0,2905,0
2025-12-22 14:35:00+05:30,2808.0,2810.0,2804.8,2806.6,21695,0
2025-12-22 14:40:00+05:30,2806.6,2810.0,2805.9,2809.6,4501,0
2025-12-22 14:45:00+05:30,2809.6,2810.0,2806.3,2806.9,8302,0
2025-12-22 14:50:00+05:30,2807.2,2807.7,2804.8,2806.4,6187,0
2025-12-22 14:55:00+05:30,2806.4,2806.9,2804.9,2806.9,3832,0
2025-12-22 15:00:00+05:30,2806.9,2812.0,2806.9,2810.6,13896,0
2025-12-22 15:05:00+05:30,2810.8,2811.8,2808.0,2808.1,10022,0
2025-12-22 15:10:00+05:30,2808.3,2810.0,2807.5,2808.6,15919,0
2025-12-22 15:15:00+05:30,2808.9,2809.2,2806.1,2806.5,12230,0
2025-12-22 15:20:00+05:30,2806.5,2808.1,2802.9,2807.4,16553,0
2025-12-22 15:25:00+05:30,2807.3,2808.3,2800.3,2801.9,13360,0
2025-12-23 09:15:00+05:30,2798.0,2807.0,2786.4,2790.0,25872,0
2025-12-23 09:20:00+05:30,2790.0,2795.0,2785.7,2790.0,7821,0
2025-12-23 09:25:00+05:30,2790.2,2792.0,2787.0,2788.9,6926,0
2025-12-23 09:30:00+05:30,2788.8,2789.6,2785.1,2786.1,8844,0
2025-12-23 09:35:00+05:30,2786.0,2787.5,2785.0,2786.2,9114,0
2025-12-23 09:40:00+05:30,2786.2,2787.8,2783.1,2785.0,5678,0
2025-12-23 09:45:00+05:30,2785.0,2792.5,2784.6,2790.6,6475,0
2025-12-23 09:50:00+05:30,2790.6,2793.0,2788.8,2791.8,7392,0
2025-12-23 09:55:00+05:30,2791.7,2795.7,2791.6,2795.2,4616,0
2025-12-23 10:00:00+05:30,2794.2,2796.1,2794.1,2795.4,3294,0
2025-12-23 10:05:00+05:30,2795.7,2796.1,2793.6,2796.0,4151,0
2025-12-23 10:10:00+05:30,2795.7,2800.6,2795.0,2796.1,7237,0
2025-12-23 10:15:00+05:30,2796.1,2796.1,2790.1,2791.7,3324,0
2025-12-23 10:20:00+05:30,2790.4,2792.8,2789.7,2790.1,4135,0
2025-12-23 10:25:00+05:30,2790.3,2791.4,2790.0,2790.5,4208,0
2025-12-23 10:30:00+05:30,2791.1,2791.9,2788.4,2789.4,4486,0
2025-12-23 10:35:00+05:30,2789.0,2789.7,2786.2,2787.2,2952,0
2025-12-23 10:40:00+05:30,2787.8,2789.7,2786.3,2788.5,2062,0
2025-12-23 10:45:00+05:30,2788.4,2788.5,2787.4,2788.2,1073,0
2025-12-23 10:50:00+05:30,2788.3,2790.0,2788.3,2788.6,5031,0
2025-12-23 10:55:00+05:30,2788.4,2790.0,2788.4,2789.9,2843,0
2025-12-23 11:00:00+05:30,2789.0,2790.0,2788.8,2789.3,2886,0
2025-12-23 11:05:00+05:30,2789.3,2790.0,2788.4,2789.6,1510,0
2025-12-23 11:10:00+05:30,2789.6,2790.0,2789.6,2789.9,1646,0
2025-12-23 11:15:00+05:30,2789.9,2790.9,2789.7,2789.8,2554,0
2025-12-23 11:20:00+05:30,2789.8,2790.0,2788.1,2789.6,3098,0
2025-12-23 11:25:00+05:30,2789.6,2790.5,2788.8,2790.2,1923,0
2025-12-23 11:30:00+05:30,2790.0,2795.0,2789.0,2794.7,3236,0
2025-12-23 11:35:00+05:30,2794.6,2795.0,2794.1,2794.9,2314,0
2025-12-23 11:40:00+05:30,2794.8,2796.9,2794.6,2796.7,2891,0
2025-12-23 11:45:00+05:30,2796.3,2797.5,2793.4,2797.5,3480,0
2025-12-23 11:50:00+05:30,2796.7,2798.9,2795.1,2795.6,3385,0
2025-12-23 11:55:00+05:30,2795.5,2800.4,2795.5,2799.6,3701,0
2025-12-23 12:00:00+05:30,2799.2,2799.9,2796.5,2798.1,2788,0
2025-12-23 12:05:00+05:30,2798.1,2799.5,2796.9,2799.4,2669,0
2025-12-23 12:10:00+05:30,2799.4,2802.9,2799.3,2802.4,2884,0
2025-12-23 12:15:00+05:30,2802.4,2802.4,2800.0,2801.3,2359,0
2025-12-23 12:20:00+05:30,2801.9,2803.1,2801.8,2802.7,3264,0
2025-12-23 12:25:00+05:30,2803.0,2804.0,2802.2,2802.9,2520,0
2025-12-23 12:30:00+05:30,2803.5,2803.9,2801.7,2802.6,2512,0
2025-12-23 12:35:00+05:30,2802.7,2805.0,2802.6,2804.6,3756,0
2025-12-23 12:40:00+05:30,2804.7,2805.0,2804.2,2804.6,2206,0
2025-12-23 12:45:00+05:30,2804.5,2804.7,2801.1,2804.1,5483,0
2025-12-23 12:50:00+05:30,2804.0,2806.9,2803.6,2805.8,5221,0
2025-12-23 12:55:00+05:30,2805.9,2808.0,2804.2,2807.9,3967,0
2025-12-23 13:00:00+05:30,2807.9,2808.0,2805.6,2806.2,3996,0
2025-12-23 13:05:00+05:30,2806.2,2808.0,2806.2,2807.8,2255,0
2025-12-23 13:10:00+05:30,2807.7,2808.0,2804.6,2804.8,4104,0
2025-12-23 13:15:00+05:30,2805.0,2808.9,2804.8,2808.0,3126,0
2025-12-23 13:20:00+05:30,2808.0,2808.5,2805.8,2806.7,1908,0
2025-12-23 13:25:00+05:30,2806.5,2807.1,2805.4,2806.8,3459,0
2025-12-23 13:30:00+05:30,2806.6,2809.0,2806.6,2808.4,7010,0
2025-12-23 13:35:00+05:30,2808.8,2809.0,2807.3,2809.0,3219,0
2025-12-23 13:40:00+05:30,2808.9,2809.4,2807.0,2807.9,6096,0
2025-12-23 13:45:00+05:30,2808.5,2810.0,2808.0,2810.0,4639,0
2025-12-23 13:50:00+05:30,2810.0,2813.0,2809.8,2812.9,7876,0
2025-12-23 13:55:00+05:30,2812.8,2814.9,2811.0,2812.0,3813,0
2025-12-23 14:00:00+05:30,2812.1,2812.6,2809.5,2811.9,3773,0
2025-12-23 14:05:00+05:30,2812.0,2814.3,2811.9,2813.9,3372,0
2025-12-23 14:10:00+05:30,2813.9,2814.7,2812.5,2814.3,3045,0
2025-12-23 14:15:00+05:30,2814.1,2819.0,2813.9,2816.5,21638,0
2025-12-23 14:20:00+05:30,2816.5,2817.3,2814.6,2816.0,4236,0
2025-12-23 14:25:00+05:30,2816.0,2816.4,2813.4,2815.9,7155,0
2025-12-23 14:30:00+05:30,2816.0,2817.8,2812.8,2816.1,9577,0
2025-12-23 14:35:00+05:30,2816.1,2816.7,2812.8,2815.0,6604,0
2025-12-23 14:40:00+05:30,2815.0,2815.2,2803.7,2805.7,22933,0
2025-12-23 14:45:00+05:30,2805.2,2808.4,2801.9,2808.4,10684,0
2025-12-23 14:50:00+05:30,2808.2,2808.5,2806.1,2808.0,3959,0
2025-12-23 14:55:00+05:30,2808.0,2811.2,2807.7,2811.0,6271,0
2025-12-23 15:00:00+05:30,2810.8,2812.5,2804.5,2806.5,11551,0
2025-12-23 15:05:00+05:30,2806.6,2807.1,2805.1,2806.8,10619,0
2025-12-23 15:10:00+05:30,2806.8,2808.0,2805.7,2807.2,11423,0
2025-12-23 15:15:00+05:30,2807.1,2809.3,2805.7,2808.9,13596,0
2025-12-23 15:20:00+05:30,2808.9,2811.0,2806.6,2809.7,15627,0
2025-12-23 15:25:00+05:30,2809.8,2811.2,2805.4,2808.0,13696,0
2025-12-24 09:15:00+05:30,2807.8,2813.6,2803.5,2804.6,10899,0
2025-12-24 09:20:00+05:30,2804.9,2819.4,2804.9,2816.5,6958,0
2025-12-24 09:25:00+05:30,2816.4,2819.6,2814.3,2815.7,7255,0
2025-12-24 09:30:00+05:30,2815.7,2824.7,2815.7,2820.5,7854,0
2025-12-24 09:35:00+05:30,2819.9,2820.6,2816.0,2817.1,8483,0
2025-12-24 09:40:00+05:30,2818.0,2819.9,2812.5,2813.9,6293,0
2025-12-24 09:45:00+05:30,2814.9,2815.5,2810.0,2810.5,3904,0
2025-12-24 09:50:00+05:30,2810.7,2816.8,2810.0,2816.0,3858,0
2025-12-24 09:55:00+05:30,2816.0,2819.5,2814.7,2818.5,3094,0
2025-12-24 10:00:00+05:30,2819.2,2822.8,2815.5,2820.2,6183,0
2025-12-24 10:05:00+05:30,2821.7,2822.5,2818.0,2819.4,3737,0
2025-12-24 10:10:00+05:30,2819.4,2822.0,2819.4,2819.6,3075,0
2025-12-24 10:15:00+05:30,2819.6,2821.9,2818.5,2820.3,2778,0
2025-12-24 10:20:00+05:30,2820.5,2820.9,2818.2,2818.6,1950,0
2025-12-24 10:25:00+05:30,2819.3,2821.7,2817.3,2821.2,2700,0
2025-12-24 10:30:00+05:30,2821.7,2824.7,2820.2,2820.6,7589,0
2025-12-24 10:35:00+05:30,2821.7,2822.7,2819.1,2819.1,1725,0
2025-12-24 10:40:00+05:30,2819.0,2819.2,2816.4,2817.3,2882,0
2025-12-24 10:45:00+05:30,2818.0,2818.0,2793.0,2796.3,119802,0
2025-12-24 10:50:00+05:30,2796.1,2798.8,2794.1,2796.1,10263,0
2025-12-24 10:55:00+05:30,2796.3,2800.0,2795.0,2798.4,7295,0
2025-12-24 11:00:00+05:30,2797.5,2799.0,2795.8,2798.2,2401,0
2025-12-24 11:05:00+05:30,2798.2,2800.0,2797.8,2799.4,4539,0
2025-12-24 11:10:00+05:30,2798.6,2801.0,2798.6,2800.3,6651,0
2025-12-24 11:15:00+05:30,2800.0,2801.0,2798.7,2800.0,5801,0
2025-12-24 11:20:00+05:30,2800.0,2802.0,2798.9,2799.5,33682,0
2025-12-24 11:25:00+05:30,2799.5,2802.4,2795.7,2797.1,13839,0
2025-12-24 11:30:00+05:30,2797.0,2799.1,2795.8,2798.4,2368,0
2025-12-24 11:35:00+05:30,2798.4,2798.4,2796.8,2797.3,2482,0
2025-12-24 11:40:00+05:30,2797.3,2797.3,2793.0,2793.6,3126,0
2025-12-24 11:45:00+05:30,2793.6,2796.8,2791.1,2796.8,4082,0
2025-12-24 11:50:00+05:30,2796.8,2796.8,2796.0,2796.4,2215,0
2025-12-24 11:55:00+05:30,2796.4,2799.7,2796.1,2798.4,3470,0
2025-12-24 12:00:00+05:30,2798.4,2798.7,2795.0,2795.8,2533,0
2025-12-24 12:05:00+05:30,2795.8,2798.2,2794.4,2797.2,2504,0
2025-12-24 12:10:00+05:30,2796.9,2798.2,2796.1,2797.9,1921,0
2025-12-24 12:15:00+05:30,2797.9,2798.2,2794.4,2797.8,1425,0
2025-12-24 12:20:00+05:30,2797.8,2798.7,2797.0,2798.3,1415,0
2025-12-24 12:25:00+05:30,2798.3,2800.0,2797.3,2799.9,4409,0
2025-12-24 12:30:00+05:30,2799.9,2800.0,2797.8,2798.4,1528,0
2025-12-24 12:35:00+05:30,2798.4,2798.4,2797.3,2797.4,2401,0
2025-12-24 12:40:00+05:30,2797.4,2797.7,2795.2,2795.9,1634,0
2025-12-24 12:45:00+05:30,2796.0,2796.8,2794.3,2795.8,2623,0
2025-12-24 12:50:00+05:30,2795.8,2796.9,2795.3,2795.8,1355,0
2025-12-24 12:55:00+05:30,2795.8,2796.0,2794.5,2795.0,1447,0
2025-12-24 13:00:00+05:30,2795.8,2795.8,2791.2,2793.0,3883,0
2025-12-24 13:05:00+05:30,2793.0,2794.9,2792.0,2794.2,1982,0
2025-12-24 13:10:00+05:30,2794.2,2794.9,2790.0,2791.9,2425,0
2025-12-24 13:15:00+05:30,2791.9,2792.0,2787.4,2790.4,3482,0
2025-12-24 13:20:00+05:30,2790.3,2792.0,2790.0,2791.5,1510,0
2025-12-24 13:25:00+05:30,2791.3,2791.9,2790.0,2791.1,2575,0
2025-12-24 13:30:00+05:30,2791.1,2791.2,2786.0,2788.6,6533,0
2025-12-24 13:35:00+05:30,2788.6,2789.7,2788.0,2789.7,1757,0
2025-12-24 13:40:00+05:30,2789.7,2789.8,2788.0,2789.3,1561,0
2025-12-24 13:45:00+05:30,2789.3,2790.3,2788.4,2789.1,2153,0
2025-12-24 13:50:00+05:30,2789.1,2789.3,2787.2,2788.1,1368,0
2025-12-24 13:55:00+05:30,2788.1,2789.3,2786.2,2788.0,4197,0
2025-12-24 14:00:00+05:30,2788.0,2788.0,2784.0,2787.9,5227,0
2025-12-24 14:05:00+05:30,2787.7,2792.8,2787.3,2792.6,14823,0
2025-12-24 14:10:00+05:30,2792.4,2793.2,2791.0,2792.4,4344,0
2025-12-24 14:15:00+05:30,2792.4,2793.4,2790.1,2791.0,3001,0
2025-12-24 14:20:00+05:30,2791.6,2791.6,2787.0,2788.7,1934,0
2025-12-24 14:25:00+05:30,2788.7,2790.3,2787.5,2787.6,10570,0
2025-12-24 14:30:00+05:30,2787.6,2789.6,2787.0,2788.5,3013,0
2025-12-24 14:35:00+05:30,2788.2,2788.6,2785.2,2786.2,3177,0
2025-12-24 14:40:00+05:30,2786.2,2786.2,2784.0,2785.9,3031,0
2025-12-24 14:45:00+05:30,2785.7,2786.8,2784.1,2785.3,2526,0
2025-12-24 14:50:00+05:30,2785.3,2786.3,2782.6,2786.3,5379,0
2025-12-24 14:55:00+05:30,2786.3,2787.4,2785.1,2787.3,2731,0
2025-12-24 15:00:00+05:30,2787.4,2789.8,2787.4,2788.9,6178,0
2025-12-24 15:05:00+05:30,2788.9,2789.0,2786.9,2788.3,6284,0
2025-12-24 15:10:00+05:30,2788.3,2788.9,2786.4,2787.5,8028,0
2025-12-24 15:15:00+05:30,2787.5,2787.5,2783.0,2783.0,18368,0
2025-12-24 15:20:00+05:30,2784.3,2785.4,2782.3,2785.0,20644,0
2025-12-24 15:25:00+05:30,2785.0,2790.0,2782.0,2786.0,20968,0
2025-12-26 09:15:00+05:30,2785.0,2788.8,2771.8,2779.6,9648,0
2025-12-26 09:20:00+05:30,2780.1,2794.4,2780.1,2790.4,7220,0
2025-12-26 09:25:00+05:30,2790.4,2792.9,2787.7,2789.2,4438,0
2025-12-26 09:30:00+05:30,2789.5,2790.4,2779.6,2781.5,5793,0
2025-12-26 09:35:00+05:30,2781.3,2783.9,2780.0,2782.5,1383,0
2025-12-26 09:40:00+05:30,2782.4,2782.5,2775.1,2776.4,7264,0
2025-12-26 09:45:00+05:30,2776.4,2777.6,2773.1,2776.8,2916,0
2025-12-26 09:50:00+05:30,2776.5,2777.7,2770.0,2771.1,8099,0
2025-12-26 09:55:00+05:30,2771.1,2772.0,2767.2,2767.4,4303,0
2025-12-26 10:00:00+05:30,2767.5,2767.9,2765.0,2766.0,4284,0
2025-12-26 10:05:00+05:30,2766.5,2767.8,2764.0,2764.7,3138,0
2025-12-26 10:10:00+05:30,2764.4,2764.7,2761.0,2763.0,3621,0
2025-12-26 10:15:00+05:30,2762.7,2763.0,2756.8,2760.0,9476,0
2025-12-26 10:20:00+05:30,2760.0,2761.5,2759.0,2761.2,2381,0
2025-12-26 10:25:00+05:30,2761.2,2762.6,2759.6,2760.3,3134,0
2025-12-26 10:30:00+05:30,2760.3,2763.9,2759.3,2759.6,2219,0
2025-12-26 10:35:00+05:30,2759.3,2762.9,2759.3,2762.3,1105,0
2025-12-26 10:40:00+05:30,2761.9,2762.5,2758.0,2759.2,2465,0
2025-12-26 10:45:00+05:30,2758.9,2760.4,2757.8,2759.2,3132,0
2025-12-26 10:50:00+05:30,2759.1,2761.6,2759.1,2760.0,5789,0
2025-12-26 10:55:00+05:30,2760.0,2769.0,2759.8,2767.5,19892,0
2025-12-26 11:00:00+05:30,2766.9,2772.3,2766.3,2769.8,5326,0
2025-12-26 11:05:00+05:30,2770.0,2771.1,2765.1,2766.2,4068,0
2025-12-26 11:10:00+05:30,2766.2,2768.5,2762.7,2764.0,2731,0
2025-12-26 11:15:00+05:30,2764.0,2765.0,2761.5,2764.2,8816,0
2025-12-26 11:20:00+05:30,2762.9,2765.7,2761.6,2762.2,11808,0
2025-12-26 11:25:00+05:30,2762.1,2762.5,2758.1,2759.2,15067,0
2025-12-26 11:30:00+05:30,2759.2,2760.5,2758.1,2758.6,7185,0
2025-12-26 11:35:00+05:30,2758.9,2760.0,2758.3,2759.4,4941,0
2025-12-26 11:40:00+05:30,2758.6,2761.6,2758.0,2758.9,5817,0
2025-12-26 11:45:00+05:30,2758.9,2760.0,2757.1,2757.4,4864,0
2025-12-26 11:50:00+05:30,2757.5,2761.3,2756.0,2759.7,8377,0
2025-12-26 11:55:00+05:30,2759.7,2762.6,2759.0,2759.2,14172,0
2025-12-26 12:00:00+05:30,2759.2,2761.4,2758.7,2759.9,6824,0
2025-12-26 12:05:00+05:30,2759.7,2763.0,2758.6,2759.2,13296,0
2025-12-26 12:10:00+05:30,2758.5,2762.8,2758.0,2759.1,8309,0
2025-12-26 12:15:00+05:30,2759.1,2760.1,2756.1,2758.0,6448,0
2025-12-26 12:20:00+05:30,2756.7,2758.6,2756.5,2756.6,4055,0
2025-12-26 12:25:00+05:30,2756.6,2758.4,2756.3,2757.1,3656,0
2025-12-26 12:30:00+05:30,2757.6,2759.9,2756.5,2757.0,4618,0
2025-12-26 12:35:00+05:30,2757.0,2758.0,2756.1,2756.4,4386,0
2025-12-26 12:40:00+05:30,2757.4,2758.0,2756.0,2756.2,5379,0
2025-12-26 12:45:00+05:30,2756.2,2757.0,2755.4,2756.6,3790,0
2025-12-26 12:50:00+05:30,2756.6,2758.0,2756.2,2756.8,3447,0
2025-12-26 12:55:00+05:30,2756.7,2756.8,2750.2,2751.7,12932,0
2025-12-26 13:00:00+05:30,2751.8,2752.9,2749.2,2750.0,17469,0
2025-12-26 13:05:00+05:30,2750.0,2750.0,2749.7,2750.0,3355,0
2025-12-26 13:10:00+05:30,2750.0,2750.3,2749.8,2749.9,7562,0
2025-12-26 13:15:00+05:30,2750.0,2751.6,2748.0,2748.8,6981,0
2025-12-26 13:20:00+05:30,2749.7,2750.8,2749.0,2750.1,3637,0
2025-12-26 13:25:00+05:30,2750.0,2750.7,2748.4,2750.0,6495,0
2025-12-26 13:30:00+05:30,2750.2,2750.6,2748.9,2750.3,3601,0
2025-12-26 13:35:00+05:30,2749.9,2750.3,2748.8,2749.9,2488,0
2025-12-26 13:40:00+05:30,2750.0,2750.0,2748.7,2749.8,1557,0
2025-12-26 13:45:00+05:30,2749.8,2754.4,2749.5,2752.9,14683,0
2025-12-26 13:50:00+05:30,2752.9,2753.6,2750.8,2752.8,7576,0
2025-12-26 13:55:00+05:30,2752.4,2754.0,2750.6,2753.3,6943,0
2025-12-26 14:00:00+05:30,2753.3,2753.3,2751.1,2752.2,3280,0
2025-12-26 14:05:00+05:30,2751.8,2753.1,2750.0,2750.9,5557,0
2025-12-26 14:10:00+05:30,2750.9,2751.0,2749.3,2750.0,4590,0
2025-12-26 14:15:00+05:30,2750.0,2750.7,2748.0,2749.9,4070,0
2025-12-26 14:20:00+05:30,2749.9,2750.0,2748.0,2749.5,7045,0
2025-12-26 14:25:00+05:30,2749.5,2753.0,2744.7,2745.4,39408,0
2025-12-26 14:30:00+05:30,2745.4,2748.3,2745.2,2747.0,15613,0
2025-12-26 14:35:00+05:30,2747.8,2748.0,2746.1,2747.7,2683,0
2025-12-26 14:40:00+05:30,2747.9,2751.3,2747.7,2748.5,6371,0
2025-12-26 14:45:00+05:30,2748.9,2750.0,2745.3,2746.4,7684,0
2025-12-26 14:50:00+05:30,2746.4,2747.5,2743.0,2744.4,9320,0
2025-12-26 14:55:00+05:30,2745.0,2748.2,2744.1,2746.4,6240,0
2025-12-26 15:00:00+05:30,2746.9,2750.8,2746.0,2748.1,6851,0
2025-12-26 15:05:00+05:30,2748.1,2748.7,2745.6,2746.9,8502,0
2025-12-26 15:10:00+05:30,2747.4,2747.5,2745.6,2745.7,5886,0
2025-12-26 15:15:00+05:30,2745.7,2747.5,2745.1,2747.2,12588,0
2025-12-26 15:20:00+05:30,2747.2,2747.9,2744.3,2744.4,8646,0
2025-12-26 15:25:00+05:30,2744.4,2748.0,2743.1,2746.6,13344,0
2025-12-29 09:15:00+05:30,2746.5,2760.9,2746.5,2747.7,11399,0
2025-12-29 09:20:00+05:30,2747.0,2756.1,2746.5,2755.4,11334,0
2025-12-29 09:25:00+05:30,2755.4,2759.5,2755.1,2756.0,5197,0
2025-12-29 09:30:00+05:30,2756.0,2757.8,2752.3,2755.3,3590,0
2025-12-29 09:35:00+05:30,2755.2,2756.0,2752.0,2753.0,3365,0
2025-12-29 09:40:00+05:30,2752.7,2754.2,2750.9,2751.0,2262,0
2025-12-29 09:45:00+05:30,2751.8,2763.2,2751.8,2761.8,8786,0
2025-12-29 09:50:00+05:30,2762.6,2767.6,2761.8,2763.1,4314,0
2025-12-29 09:55:00+05:30,2762.8,2763.8,2759.5,2759.5,4837,0
2025-12-29 10:00:00+05:30,2759.5,2760.0,2754.1,2756.0,3551,0
2025-12-29 10:05:00+05:30,2756.0,2756.5,2752.8,2756.1,3485,0
2025-12-29 10:10:00+05:30,2755.4,2759.0,2755.1,2758.7,1568,0
2025-12-29 10:15:00+05:30,2758.6,2758.7,2756.3,2757.6,692,0
2025-12-29 10:20:00+05:30,2757.4,2758.4,2755.3,2758.2,2318,0
2025-12-29 10:25:00+05:30,2758.6,2761.3,2757.4,2759.9,2065,0
2025-12-29 10:30:00+05:30,2761.3,2762.7,2757.2,2758.8,2174,0
2025-12-29 10:35:00+05:30,2758.8,2760.7,2757.7,2758.9,1310,0
2025-12-29 10:40:00+05:30,2758.8,2761.2,2758.0,2760.5,3465,0
2025-12-29 10:45:00+05:30,2760.3,2760.8,2750.1,2752.6,7263,0
2025-12-29 10:50:00+05:30,2752.6,2753.9,2744.8,2746.6,25408,0
2025-12-29 10:55:00+05:30,2747.0,2748.6,2743.3,2744.0,2708,0
2025-12-29 11:00:00+05:30,2744.6,2745.8,2739.7,2743.2,12315,0
2025-12-29 11:05:00+05:30,2743.2,2743.2,2735.1,2736.0,7052,0
2025-12-29 11:10:00+05:30,2736.0,2740.0,2735.0,2735.5,9922,0
2025-12-29 11:15:00+05:30,2736.4,2739.0,2735.0,2739.0,3295,0
2025-12-29 11:20:00+05:30,2737.1,2742.0,2737.1,2741.0,2784,0
2025-12-29 11:25:00+05:30,2741.8,2745.0,2740.1,2744.4,2867,0
2025-12-29 11:30:00+05:30,2743.9,2744.7,2738.4,2741.7,2645,0
2025-12-29 11:35:00+05:30,2740.9,2744.5,2740.1,2743.0,2326,0
2025-12-29 11:40:00+05:30,2742.4,2748.1,2742.3,2746.0,5106,0
2025-12-29 11:45:00+05:30,2744.6,2749.7,2743.7,2744.0,5520,0
2025-12-29 11:50:00+05:30,2744.0,2747.4,2742.6,2744.3,15407,0
2025-12-29 11:55:00+05:30,2745.5,2745.6,2741.0,2743.0,11845,0
2025-12-29 12:00:00+05:30,2742.8,2747.5,2742.2,2744.8,32384,0
2025-12-29 12:05:00+05:30,2744.5,2748.1,2743.2,2745.4,26393,0
2025-12-29 12:10:00+05:30,2745.9,2748.0,2743.5,2746.4,17195,0
2025-12-29 12:15:00+05:30,2746.5,2749.4,2743.7,2745.0,22603,0
2025-12-29 12:20:00+05:30,2744.4,2748.2,2742.0,2746.4,22497,0
2025-12-29 12:25:00+05:30,2745.4,2752.8,2744.7,2751.1,33878,0
2025-12-29 12:30:00+05:30,2751.6,2754.4,2748.0,2748.9,25853,0
2025-12-29 12:35:00+05:30,2749.0,2749.4,2743.7,2749.0,7877,0
2025-12-29 12:40:00+05:30,2749.0,2751.8,2748.0,2751.7,4720,0
2025-12-29 12:45:00+05:30,2751.8,2754.0,2751.1,2753.2,1561,0
2025-12-29 12:50:00+05:30,2753.2,2757.6,2751.9,2756.8,4163,0
2025-12-29 12:55:00+05:30,2756.8,2759.9,2755.6,2758.0,2111,0
2025-12-29 13:00:00+05:30,2758.5,2763.1,2757.7,2758.6,6026,0
2025-12-29 13:05:00+05:30,2757.7,2759.4,2756.1,2758.8,2874,0
2025-12-29 13:10:00+05:30,2758.0,2761.0,2757.7,2760.0,3097,0
2025-12-29 13:15:00+05:30,2760.0,2766.6,2760.0,2763.8,5473,0
2025-12-29 13:20:00+05:30,2763.7,2768.0,2763.2,2766.2,6325,0
2025-12-29 13:25:00+05:30,2765.1,2769.1,2764.2,2767.9,5966,0
2025-12-29 13:30:00+05:30,2768.5,2775.0,2767.1,2773.6,11451,0
2025-12-29 13:35:00+05:30,2773.4,2773.5,2766.3,2770.2,11872,0
2025-12-29 13:40:00+05:30,2770.2,2772.5,2769.5,2770.5,4609,0
2025-12-29 13:45:00+05:30,2770.0,2775.5,2768.2,2775.3,10065,0
2025-12-29 13:50:00+05:30,2775.4,2786.0,2775.1,2784.9,17896,0
2025-12-29 13:55:00+05:30,2785.1,2789.0,2781.2,2787.8,22310,0
2025-12-29 14:00:00+05:30,2787.0,2793.8,2786.5,2787.9,17798,0
2025-12-29 14:05:00+05:30,2787.9,2790.8,2784.6,2786.8,47086,0
2025-12-29 14:10:00+05:30,2787.6,2788.9,2785.8,2787.9,7402,0
2025-12-29 14:15:00+05:30,2787.8,2788.1,2776.8,2777.7,12754,0
2025-12-29 14:20:00+05:30,2778.4,2786.3,2774.1,2781.1,49581,0
2025-12-29 14:25:00+05:30,2781.1,2785.0,2778.1,2780.6,22169,0
2025-12-29 14:30:00+05:30,2780.7,2783.3,2777.2,2781.9,20923,0
2025-12-29 14:35:00+05:30,2782.0,2782.8,2779.0,2780.0,8383,0
2025-12-29 14:40:00+05:30,2780.0,2780.4,2776.0,2777.7,8484,0
2025-12-29 14:45:00+05:30,2777.7,2777.7,2774.2,2776.0,7280,0
2025-12-29 14:50:00+05:30,2776.0,2779.5,2774.7,2775.0,6348,0
2025-12-29 14:55:00+05:30,2775.0,2780.2,2773.3,2779.1,20644,0
2025-12-29 15:00:00+05:30,2778.3,2783.0,2776.4,2778.0,10708,0
2025-12-29 15:05:00+05:30,2777.3,2778.4,2774.1,2774.9,13965,0
2025-12-29 15:10:00+05:30,2774.6,2775.9,2772.6,2774.5,17105,0
2025-12-29 15:15:00+05:30,2774.1,2775.0,2772.8,2773.9,16937,0
2025-12-29 15:20:00+05:30,2773.4,2775.0,2772.4,2775.0,10797,0
2025-12-29 15:25:00+05:30,2774.7,2780.8,2773.1,2775.0,15768,0
2025-12-30 09:15:00+05:30,2770.3,2779.1,2765.0,2766.3,28527,0
2025-12-30 09:20:00+05:30,2767.4,2769.3,2760.0,2765.4,12004,0
2025-12-30 09:25:00+05:30,2765.4,2765.8,2763.9,2764.5,4394,0
2025-12-30 09:30:00+05:30,2764.1,2768.0,2764.0,2767.8,7377,0
2025-12-30 09:35:00+05:30,2767.8,2781.1,2759.8,2774.0,100658,0
2025-12-30 09:40:00+05:30,2774.4,2774.5,2767.3,2769.8,19165,0
2025-12-30 09:45:00+05:30,2769.7,2770.3,2767.0,2768.0,20231,0
2025-12-30 09:50:00+05:30,2768.2,2774.4,2767.2,2773.3,6586,0
2025-12-30 09:55:00+05:30,2773.3,2774.5,2769.0,2769.5,4323,0
2025-12-30 10:00:00+05:30,2769.6,2776.5,2769.5,2775.8,12245,0
2025-12-30 10:05:00+05:30,2775.8,2776.4,2773.3,2776.1,10196,0
2025-12-30 10:10:00+05:30,2776.1,2776.7,2773.3,2775.3,11449,0
2025-12-30 10:15:00+05:30,2776.4,2783.4,2775.9,2782.3,13939,0
2025-12-30 10:20:00+05:30,2782.4,2784.8,2778.7,2780.9,16375,0
2025-12-30 10:25:00+05:30,2780.9,2782.9,2776.7,2777.4,12301,0
2025-12-30 10:30:00+05:30,2777.4,2778.2,2775.3,2777.7,14191,0
2025-12-30 10:35:00+05:30,2777.4,2779.6,2776.6,2777.9,13534,0
2025-12-30 10:40:00+05:30,2777.2,2780.7,2777.2,2777.9,13903,0
2025-12-30 10:45:00+05:30,2778.5,2780.0,2775.3,2779.8,12722,0
2025-12-30 10:50:00+05:30,2779.8,2781.5,2776.6,2781.2,18291,0
2025-12-30 10:55:00+05:30,2781.2,2782.2,2774.5,2781.9,75670,0
2025-12-30 11:00:00+05:30,2781.9,2783.6,2775.0,2779.1,56772,0
2025-12-30 11:05:00+05:30,2779.2,2781.1,2778.6,2779.8,18775,0
2025-12-30 11:10:00+05:30,2778.8,2780.7,2775.4,2780.0,23094,0
2025-12-30 11:15:00+05:30,2780.0,2783.5,2775.0,2781.3,42602,0
2025-12-30 11:20:00+05:30,2781.3,2782.9,2775.1,2778.6,29149,0
2025-12-30 11:25:00+05:30,2778.8,2781.0,2777.6,2781.0,15241,0
2025-12-30 11:30:00+05:30,2781.0,2782.5,2779.0,2782.2,13224,0
2025-12-30 11:35:00+05:30,2782.4,2783.8,2780.2,2780.4,17406,0
2025-12-30 11:40:00+05:30,2780.4,2784.2,2779.1,2781.0,16799,0
2025-12-30 11:45:00+05:30,2781.0,2781.0,2779.2,2779.3,18765,0
2025-12-30 11:50:00+05:30,2780.0,2785.1,2778.8,2785.1,22236,0
2025-12-30 11:55:00+05:30,2785.1,2790.1,2784.7,2790.0,19806,0
2025-12-30 12:00:00+05:30,2790.0,2791.3,2786.5,2791.1,16479,0
2025-12-30 12:05:00+05:30,2789.9,2792.4,2788.9,2790.0,16145,0
2025-12-30 12:10:00+05:30,2789.1,2790.3,2786.1,2788.3,19275,0
2025-12-30 12:15:00+05:30,2788.2,2789.3,2784.5,2787.3,20016,0
2025-12-30 12:20:00+05:30,2787.0,2787.2,2777.7,2779.7,105111,0
2025-12-30 12:25:00+05:30,2778.8,2780.0,2777.2,2778.1,25561,0
2025-12-30 12:30:00+05:30,2778.1,2781.0,2777.6,2779.5,36953,0
2025-12-30 12:35:00+05:30,2779.5,2780.0,2777.9,2780.0,24275,0
2025-12-30 12:40:00+05:30,2779.7,2780.0,2773.1,2777.9,36944,0
2025-12-30 12:45:00+05:30,2777.9,2779.9,2776.7,2778.9,24978,0
2025-12-30 12:50:00+05:30,2778.8,2780.0,2777.2,2780.0,24462,0
2025-12-30 12:55:00+05:30,2779.8,2780.0,2777.0,2777.0,27769,0
2025-12-30 13:00:00+05:30,2777.0,2779.7,2776.0,2778.6,27605,0
2025-12-30 13:05:00+05:30,2778.3,2779.9,2776.8,2779.4,26054,0
2025-12-30 13:10:00+05:30,2779.4,2779.6,2772.0,2773.0,32223,0
2025-12-30 13:15:00+05:30,2774.1,2778.0,2772.0,2776.8,37833,0
2025-12-30 13:20:00+05:30,2776.2,2778.6,2774.8,2778.0,31749,0
2025-12-30 13:25:00+05:30,2778.0,2780.0,2775.0,2778.4,67240,0
2025-12-30 13:30:00+05:30,2779.0,2780.3,2777.2,2779.3,28761,0
2025-12-30 13:35:00+05:30,2779.3,2779.9,2777.5,2779.9,26493,0
2025-12-30 13:40:00+05:30,2779.9,2782.2,2775.9,2776.0,78032,0
2025-12-30 13:45:00+05:30,2776.5,2777.7,2772.0,2773.0,125564,0
2025-12-30 13:50:00+05:30,2773.0,2773.9,2765.1,2768.6,36197,0
2025-12-30 13:55:00+05:30,2768.6,2770.0,2766.3,2769.3,24774,0
2025-12-30 14:00:00+05:30,2768.8,2770.0,2758.3,2759.7,68285,0
2025-12-30 14:05:00+05:30,2760.0,2762.8,2757.9,2760.0,37506,0
2025-12-30 14:10:00+05:30,2760.0,2760.0,2756.4,2758.5,25393,0
2025-12-30 14:15:00+05:30,2758.5,2760.0,2757.8,2759.6,25447,0
2025-12-30 14:20:00+05:30,2759.9,2761.8,2758.1,2759.9,50155,0
2025-12-30 14:25:00+05:30,2760.0,2760.1,2757.7,2759.9,43516,0
2025-12-30 14:30:00+05:30,2759.3,2763.0,2758.6,2759.8,55721,0
2025-12-30 14:35:00+05:30,2760.0,2765.1,2756.5,2759.8,50237,0
2025-12-30 14:40:00+05:30,2759.8,2762.6,2757.0,2757.0,63966,0
2025-12-30 14:45:00+05:30,2757.4,2764.6,2757.2,2762.5,101546,0
2025-12-30 14:50:00+05:30,2762.5,2765.7,2760.6,2763.0,88522,0
2025-12-30 14:55:00+05:30,2763.0,2764.1,2761.5,2762.1,78112,0
2025-12-30 15:00:00+05:30,2761.9,2773.0,2754.3,2757.3,487575,0
2025-12-30 15:05:00+05:30,2756.9,2760.0,2756.2,2758.0,445491,0
2025-12-30 15:10:00+05:30,2758.0,2765.1,2756.6,2757.9,493533,0
2025-12-30 15:15:00+05:30,2757.6,2760.0,2753.4,2758.3,449873,0
2025-12-30 15:20:00+05:30,2757.1,2760.0,2754.5,2755.9,396828,0
2025-12-30 15:25:00+05:30,2755.9,2760.0,2741.0,2753.5,227016,0
2025-12-31 09:15:00+05:30,2755.0,2768.5,2754.9,2766.1,13219,0
2025-12-31 09:20:00+05:30,2765.6,2765.9,2760.1,2764.2,4092,0
2025-12-31 09:25:00+05:30,2764.0,2764.2,2758.1,2763.8,6505,0
2025-12-31 09:30:00+05:30,2764.1,2769.2,2763.9,2766.5,4509,0
2025-12-31 09:35:00+05:30,2765.4,2775.0,2764.0,2772.2,4739,0
2025-12-31 09:40:00+05:30,2772.0,2773.4,2767.9,2769.9,3388,0
2025-12-31 09:45:00+05:30,2768.9,2781.6,2768.3,2781.3,30366,0
2025-12-31 09:50:00+05:30,2781.1,2788.1,2780.4,2780.7,8288,0
2025-12-31 09:55:00+05:30,2781.2,2785.0,2779.2,2782.0,7702,0
2025-12-31 10:00:00+05:30,2781.8,2784.2,2777.5,2779.9,6769,0
2025-12-31 10:05:00+05:30,2779.5,2782.9,2778.2,2781.6,8228,0
2025-12-31 10:10:00+05:30,2782.4,2783.3,2779.2,2781.9,8581,0
2025-12-31 10:15:00+05:30,2781.2,2785.0,2778.8,2781.3,8069,0
2025-12-31 10:20:00+05:30,2781.4,2782.5,2779.6,2782.5,4442,0
2025-12-31 10:25:00+05:30,2782.0,2783.1,2780.0,2782.5,5514,0
2025-12-31 10:30:00+05:30,2781.8,2785.0,2781.3,2782.6,7629,0
2025-12-31 10:35:00+05:30,2782.6,2783.9,2781.0,2783.2,3918,0
2025-12-31 10:40:00+05:30,2783.2,2785.0,2781.1,2785.0,4186,0
2025-12-31 10:45:00+05:30,2785.0,2786.5,2778.1,2779.6,12905,0
2025-12-31 10:50:00+05:30,2778.5,2780.1,2774.1,2775.3,8549,0
2025-12-31 10:55:00+05:30,2775.3,2780.0,2771.3,2773.6,116608,0
2025-12-31 11:00:00+05:30,2774.1,2779.7,2772.3,2773.4,139744,0
2025-12-31 11:05:00+05:30,2773.4,2779.4,2772.2,2777.5,24215,0
2025-12-31 11:10:00+05:30,2778.0,2778.9,2775.0,2775.0,9103,0
2025-12-31 11:15:00+05:30,2774.9,2779.2,2774.9,2776.5,21182,0
2025-12-31 11:20:00+05:30,2777.6,2785.0,2776.2,2780.9,34713,0
2025-12-31 11:25:00+05:30,2780.6,2783.2,2780.0,2781.1,7058,0
2025-12-31 11:30:00+05:30,2781.0,2782.5,2780.0,2781.4,4157,0
2025-12-31 11:35:00+05:30,2781.3,2782.4,2780.0,2780.5,6126,0
2025-12-31 11:40:00+05:30,2780.0,2782.5,2779.6,2781.4,4731,0
2025-12-31 11:45:00+05:30,2781.4,2781.7,2779.5,2780.1,4064,0
2025-12-31 11:50:00+05:30,2780.0,2780.5,2773.9,2774.7,10507,0
2025-12-31 11:55:00+05:30,2774.6,2779.9,2774.1,2778.5,21288,0
2025-12-31 12:00:00+05:30,2778.1,2780.0,2777.1,2778.6,9678,0
2025-12-31 12:05:00+05:30,2777.9,2780.0,2775.9,2778.7,11873,0
2025-12-31 12:10:00+05:30,2778.6,2780.0,2777.5,2778.4,4415,0
2025-12-31 12:15:00+05:30,2779.3,2780.0,2777.8,2779.6,4573,0
2025-12-31 12:20:00+05:30,2779.6,2790.9,2779.6,2785.9,21533,0
2025-12-31 12:25:00+05:30,2785.7,2793.9,2785.3,2793.0,23698,0
2025-12-31 12:30:00+05:30,2793.0,2796.8,2790.6,2793.4,9041,0
2025-12-31 12:35:00+05:30,2793.3,2795.0,2790.7,2794.0,7744,0
2025-12-31 12:40:00+05:30,2793.4,2794.9,2791.0,2792.6,7180,0
2025-12-31 12:45:00+05:30,2792.6,2795.0,2791.1,2793.5,7306,0
2025-12-31 12:50:00+05:30,2794.5,2794.5,2786.6,2787.1,11585,0
2025-12-31 12:55:00+05:30,2786.9,2795.0,2785.0,2785.6,20148,0
2025-12-31 13:00:00+05:30,2785.6,2786.6,2780.0,2780.4,8817,0
2025-12-31 13:05:00+05:30,2780.7,2781.5,2773.9,2774.8,9527,0
2025-12-31 13:10:00+05:30,2774.9,2781.0,2771.6,2780.8,113246,0
2025-12-31 13:15:00+05:30,2780.8,2781.4,2775.9,2776.7,8198,0
2025-12-31 13:20:00+05:30,2776.7,2780.9,2775.7,2777.0,27769,0
2025-12-31 13:25:00+05:30,2776.9,2778.7,2775.7,2777.0,4531,0
2025-12-31 13:30:00+05:30,2776.9,2779.6,2776.1,2777.7,6234,0
2025-12-31 13:35:00+05:30,2777.2,2779.7,2776.1,2778.4,6051,0
2025-12-31 13:40:00+05:30,2778.4,2779.7,2776.6,2777.2,4937,0
2025-12-31 13:45:00+05:30,2778.3,2779.8,2776.9,2777.9,4819,0
2025-12-31 13:50:00+05:30,2777.7,2780.0,2777.2,2778.9,6508,0
2025-12-31 13:55:00+05:30,2778.9,2781.4,2778.2,2779.9,15057,0
2025-12-31 14:00:00+05:30,2779.9,2780.0,2776.6,2777.7,5800,0
2025-12-31 14:05:00+05:30,2777.7,2779.5,2776.6,2778.2,7508,0
2025-12-31 14:10:00+05:30,2778.4,2779.5,2776.5,2777.2,6348,0
2025-12-31 14:15:00+05:30,2777.6,2778.1,2774.6,2776.6,8667,0
2025-12-31 14:20:00+05:30,2776.5,2778.1,2774.9,2776.2,11303,0
2025-12-31 14:25:00+05:30,2776.2,2777.8,2772.0,2772.5,11712,0
2025-12-31 14:30:00+05:30,2772.5,2774.7,2772.3,2773.1,9517,0
2025-12-31 14:35:00+05:30,2773.5,2775.0,2772.1,2774.4,10819,0
2025-12-31 14:40:00+05:30,2774.4,2775.8,2772.4,2774.2,11559,0
2025-12-31 14:45:00+05:30,2774.1,2778.3,2773.0,2774.7,18133,0
2025-12-31 14:50:00+05:30,2775.0,2776.7,2773.4,2774.8,14484,0
2025-12-31 14:55:00+05:30,2775.0,2777.6,2774.2,2776.6,14588,0
2025-12-31 15:00:00+05:30,2776.6,2777.4,2771.8,2771.9,18967,0
2025-12-31 15:05:00+05:30,2771.9,2773.3,2770.4,2772.2,25157,0
2025-12-31 15:10:00+05:30,2772.3,2773.3,2769.0,2772.7,30821,0
2025-12-31 15:15:00+05:30,2773.0,2774.2,2770.0,2773.0,42464,0
2025-12-31 15:20:00+05:30,2772.6,2772.9,2766.3,2768.3,42051,0
2025-12-31 15:25:00+05:30,2768.5,2770.2,2762.9,2770.2,65157,0
2026-01-01 09:15:00+05:30,2775.9,2778.7,2767.4,2768.5,6852,0
2026-01-01 09:20:00+05:30,2767.7,2768.2,2765.0,2765.6,1401,0
2026-01-01 09:25:00+05:30,2765.0,2766.5,2761.4,2764.4,4504,0
2026-01-01 09:30:00+05:30,2764.4,2769.0,2764.0,2766.3,2361,0
2026-01-01 09:35:00+05:30,2765.1,2766.6,2763.0,2764.3,1229,0
2026-01-01 09:40:00+05:30,2763.5,2765.0,2763.1,2764.6,665,0
2026-01-01 09:45:00+05:30,2763.8,2766.4,2761.6,2766.2,2716,0
2026-01-01 09:50:00+05:30,2767.0,2769.9,2766.2,2769.9,3840,0
2026-01-01 09:55:00+05:30,2769.2,2771.0,2763.4,2765.7,1778,0
2026-01-01 10:00:00+05:30,2765.6,2771.9,2763.6,2768.1,1192,0
2026-01-01 10:05:00+05:30,2768.3,2777.0,2767.2,2774.8,6711,0
2026-01-01 10:10:00+05:30,2775.1,2775.1,2772.0,2775.0,2155,0
2026-01-01 10:15:00+05:30,2774.2,2779.8,2774.0,2778.7,2453,0
2026-01-01 10:20:00+05:30,2779.4,2779.8,2776.7,2779.0,3952,0
2026-01-01 10:25:00+05:30,2779.0,2781.9,2778.3,2781.4,2871,0
2026-01-01 10:30:00+05:30,2781.4,2781.4,2779.0,2780.9,1144,0
2026-01-01 10:35:00+05:30,2780.8,2782.5,2780.8,2781.4,1457,0
2026-01-01 10:40:00+05:30,2782.4,2782.7,2776.0,2778.0,13779,0
2026-01-01 10:45:00+05:30,2777.9,2781.6,2775.5,2781.6,12620,0
2026-01-01 10:50:00+05:30,2780.5,2781.4,2775.0,2776.8,5246,0
2026-01-01 10:55:00+05:30,2776.8,2780.0,2775.0,2779.0,2054,0
2026-01-01 11:00:00+05:30,2779.0,2779.0,2776.0,2776.3,3592,0
2026-01-01 11:05:00+05:30,2776.3,2777.2,2775.9,2776.6,1257,0
2026-01-01 11:10:00+05:30,2776.6,2778.0,2775.9,2777.4,562,0
2026-01-01 11:15:00+05:30,2777.4,2778.0,2776.1,2777.9,532,0
2026-01-01 11:20:00+05:30,2777.9,2778.0,2777.0,2778.0,2219,0
2026-01-01 11:25:00+05:30,2777.4,2778.0,2776.1,2777.1,6458,0
2026-01-01 11:30:00+05:30,2777.1,2780.0,2776.0,2776.9,3308,0
2026-01-01 11:35:00+05:30,2777.4,2778.0,2776.2,2777.3,1078,0
2026-01-01 11:40:00+05:30,2777.5,2777.8,2776.0,2777.6,1008,0
2026-01-01 11:45:00+05:30,2776.3,2777.9,2776.2,2777.1,650,0
2026-01-01 11:50:00+05:30,2777.1,2778.0,2776.7,2778.0,1560,0
2026-01-01 11:55:00+05:30,2778.0,2779.0,2776.7,2778.4,5949,0
2026-01-01 12:00:00+05:30,2779.0,2780.4,2778.0,2779.9,6504,0
2026-01-01 12:05:00+05:30,2779.9,2780.3,2777.0,2778.9,921,0
2026-01-01 12:10:00+05:30,2778.0,2779.8,2775.4,2776.9,19517,0
2026-01-01 12:15:00+05:30,2777.1,2780.6,2776.2,2780.0,5736,0
2026-01-01 12:20:00+05:30,2779.2,2780.0,2777.2,2779.2,785,0
2026-01-01 12:25:00+05:30,2778.2,2779.2,2778.0,2779.0,827,0
2026-01-01 12:30:00+05:30,2779.0,2779.4,2777.6,2779.2,793,0
2026-01-01 12:35:00+05:30,2779.2,2779.8,2777.0,2779.2,2175,0
2026-01-01 12:40:00+05:30,2779.2,2779.3,2778.0,2779.2,972,0
2026-01-01 12:45:00+05:30,2779.2,2779.2,2778.0,2779.0,1433,0
2026-01-01 12:50:00+05:30,2778.0,2779.2,2777.1,2778.1,1006,0
2026-01-01 12:55:00+05:30,2779.0,2779.4,2778.0,2778.0,778,0
2026-01-01 13:00:00+05:30,2779.0,2779.2,2778.0,2778.7,771,0
2026-01-01 13:05:00+05:30,2779.0,2779.9,2777.5,2778.2,3165,0
2026-01-01 13:10:00+05:30,2778.0,2778.9,2774.6,2775.0,5165,0
2026-01-01 13:15:00+05:30,2775.0,2777.2,2774.8,2776.8,1139,0
2026-01-01 13:20:00+05:30,2775.6,2775.6,2771.0,2771.4,2068,0
2026-01-01 13:25:00+05:30,2772.7,2773.6,2771.0,2772.8,1631,0
2026-01-01 13:30:00+05:30,2772.9,2772.9,2766.3,2766.8,7093,0
2026-01-01 13:35:00+05:30,2767.9,2768.7,2766.3,2767.7,1473,0
2026-01-01 13:40:00+05:30,2766.6,2768.5,2766.3,2767.5,1219,0
2026-01-01 13:45:00+05:30,2767.5,2768.4,2766.5,2767.0,717,0
2026-01-01 13:50:00+05:30,2767.0,2767.4,2764.4,2766.2,5378,0
2026-01-01 13:55:00+05:30,2765.0,2767.1,2762.4,2765.1,3874,0
2026-01-01 14:00:00+05:30,2766.3,2768.7,2765.1,2768.0,1656,0
2026-01-01 14:05:00+05:30,2767.4,2768.0,2766.0,2766.6,859,0
2026-01-01 14:10:00+05:30,2767.9,2767.9,2766.5,2767.7,630,0
2026-01-01 14:15:00+05:30,2767.7,2769.6,2766.4,2768.9,2260,0
2026-01-01 14:20:00+05:30,2768.9,2769.8,2764.8,2767.0,6320,0
2026-01-01 14:25:00+05:30,2767.0,2768.0,2765.0,2767.0,2373,0
2026-01-01 14:30:00+05:30,2766.1,2767.5,2765.4,2767.0,987,0
2026-01-01 14:35:00+05:30,2767.0,2767.1,2758.0,2759.5,17221,0
2026-01-01 14:40:00+05:30,2760.0,2762.2,2758.5,2761.9,1432,0
2026-01-01 14:45:00+05:30,2761.9,2762.4,2758.1,2758.8,1936,0
2026-01-01 14:50:00+05:30,2758.7,2759.3,2751.6,2755.0,14257,0
2026-01-01 14:55:00+05:30,2754.8,2755.0,2754.3,2755.0,9398,0
2026-01-01 15:00:00+05:30,2755.0,2757.0,2751.4,2754.4,24537,0
2026-01-01 15:05:00+05:30,2754.0,2754.2,2749.3,2750.0,10634,0
2026-01-01 15:10:00+05:30,2750.0,2750.0,2746.1,2749.7,12777,0
2026-01-01 15:15:00+05:30,2748.5,2755.0,2748.2,2754.0,15227,0
2026-01-01 15:20:00+05:30,2754.9,2755.1,2751.5,2753.7,11664,0
2026-01-01 15:25:00+05:30,2753.7,2756.0,2751.3,2756.0,9443,0
2026-01-02 09:15:00+05:30,2755.8,2777.1,2755.8,2775.0,12326,0
2026-01-02 09:20:00+05:30,2775.6,2783.3,2772.8,2783.3,6390,0
2026-01-02 09:25:00+05:30,2782.4,2790.0,2778.4,2789.9,9027,0
2026-01-02 09:30:00+05:30,2790.0,2790.0,2782.1,2784.4,11923,0
2026-01-02 09:35:00+05:30,2783.3,2789.3,2782.8,2786.8,7687,0
2026-01-02 09:40:00+05:30,2786.2,2793.9,2786.0,2792.2,14156,0
2026-01-02 09:45:00+05:30,2792.0,2798.5,2792.0,2795.6,11791,0
2026-01-02 09:50:00+05:30,2794.7,2799.0,2794.7,2798.9,10286,0
2026-01-02 09:55:00+05:30,2798.6,2799.0,2790.5,2790.5,12891,0
2026-01-02 10:00:00+05:30,2791.1,2792.3,2788.2,2789.5,9200,0
2026-01-02 10:05:00+05:30,2789.1,2790.0,2786.1,2787.8,4690,0
2026-01-02 10:10:00+05:30,2788.9,2791.7,2788.0,2790.5,2628,0
2026-01-02 10:15:00+05:30,2790.5,2792.0,2786.3,2788.1,7284,0
2026-01-02 10:20:00+05:30,2788.0,2789.0,2782.5,2785.2,4737,0
2026-01-02 10:25:00+05:30,2784.5,2785.3,2776.4,2778.0,7465,0
2026-01-02 10:30:00+05:30,2777.5,2779.1,2775.7,2778.0,4643,0
2026-01-02 10:35:00+05:30,2777.6,2779.5,2776.7,2777.9,3131,0
2026-01-02 10:40:00+05:30,2777.9,2782.9,2777.6,2781.9,4102,0
2026-01-02 10:45:00+05:30,2782.2,2785.4,2776.0,2777.4,9452,0
2026-01-02 10:50:00+05:30,2777.4,2777.6,2771.1,2772.7,8885,0
2026-01-02 10:55:00+05:30,2772.7,2775.0,2771.5,2774.5,2112,0
2026-01-02 11:00:00+05:30,2774.1,2775.0,2773.4,2775.0,2237,0
2026-01-02 11:05:00+05:30,2775.0,2775.0,2773.5,2774.0,1663,0
2026-01-02 11:10:00+05:30,2774.0,2774.5,2770.0,2773.5,7594,0
2026-01-02 11:15:00+05:30,2773.0,2774.5,2771.1,2774.0,3257,0
2026-01-02 11:20:00+05:30,2774.0,2774.5,2772.5,2773.8,1270,0
2026-01-02 11:25:00+05:30,2773.9,2773.9,2770.2,2771.7,2578,0
2026-01-02 11:30:00+05:30,2771.7,2773.0,2771.6,2773.0,1625,0
2026-01-02 11:35:00+05:30,2773.0,2773.0,2762.9,2765.7,7591,0
2026-01-02 11:40:00+05:30,2765.7,2770.9,2764.1,2768.0,5360,0
2026-01-02 11:45:00+05:30,2768.0,2771.6,2766.3,2769.4,15267,0
2026-01-02 11:50:00+05:30,2769.3,2770.8,2765.7,2766.4,16003,0
2026-01-02 11:55:00+05:30,2766.1,2766.7,2763.6,2765.6,2168,0
2026-01-02 12:00:00+05:30,2765.6,2766.0,2763.6,2764.6,2209,0
2026-01-02 12:05:00+05:30,2765.7,2766.0,2763.9,2765.8,2528,0
2026-01-02 12:10:00+05:30,2765.8,2766.0,2761.7,2763.6,6103,0
2026-01-02 12:15:00+05:30,2763.6,2763.7,2760.6,2762.0,4469,0
2026-01-02 12:20:00+05:30,2761.2,2763.4,2761.0,2763.3,3144,0
2026-01-02 12:25:00+05:30,2762.5,2764.7,2761.4,2762.0,5703,0
2026-01-02 12:30:00+05:30,2761.8,2769.9,2761.3,2769.4,35988,0
2026-01-02 12:35:00+05:30,2769.4,2771.0,2767.0,2768.4,9238,0
2026-01-02 12:40:00+05:30,2768.3,2769.8,2763.7,2764.9,7049,0
2026-01-02 12:45:00+05:30,2763.9,2765.5,2763.4,2765.0,3529,0
2026-01-02 12:50:00+05:30,2764.6,2765.3,2762.5,2763.7,3160,0
2026-01-02 12:55:00+05:30,2763.7,2766.9,2763.5,2765.9,5878,0
2026-01-02 13:00:00+05:30,2765.9,2766.0,2765.0,2765.7,3905,0
2026-01-02 13:05:00+05:30,2765.5,2766.0,2765.0,2766.0,3140,0
2026-01-02 13:10:00+05:30,2765.3,2765.9,2764.1,2764.3,2329,0
2026-01-02 13:15:00+05:30,2764.2,2764.8,2762.2,2762.9,3612,0
2026-01-02 13:20:00+05:30,2762.9,2765.0,2762.7,2764.9,3866,0
2026-01-02 13:25:00+05:30,2764.2,2765.7,2764.1,2765.7,2949,0
2026-01-02 13:30:00+05:30,2764.8,2766.0,2763.3,2765.3,4098,0
2026-01-02 13:35:00+05:30,2765.2,2766.0,2764.7,2765.3,3829,0
2026-01-02 13:40:00+05:30,2765.2,2766.0,2764.3,2764.4,2785,0
2026-01-02 13:45:00+05:30,2764.4,2765.8,2764.3,2765.0,2777,0
2026-01-02 13:50:00+05:30,2765.0,2768.9,2764.2,2765.0,11029,0
2026-01-02 13:55:00+05:30,2764.6,2766.2,2762.1,2764.1,11565,0
2026-01-02 14:00:00+05:30,2763.9,2764.2,2763.0,2763.9,1859,0
2026-01-02 14:05:00+05:30,2763.6,2766.4,2763.0,2763.6,4726,0
2026-01-02 14:10:00+05:30,2763.5,2765.0,2763.0,2764.1,2999,0
2026-01-02 14:15:00+05:30,2763.5,2765.0,2763.2,2764.5,2387,0
2026-01-02 14:20:00+05:30,2764.5,2765.0,2763.7,2765.0,5127,0
2026-01-02 14:25:00+05:30,2764.1,2765.0,2763.1,2763.5,3121,0
2026-01-02 14:30:00+05:30,2763.5,2764.2,2762.1,2763.5,6480,0
2026-01-02 14:35:00+05:30,2762.4,2764.7,2762.3,2763.8,5219,0
2026-01-02 14:40:00+05:30,2763.5,2764.6,2762.6,2763.7,4657,0
2026-01-02 14:45:00+05:30,2763.7,2764.5,2762.4,2763.0,4684,0
2026-01-02 14:50:00+05:30,2763.6,2768.0,2762.6,2766.9,18516,0
2026-01-02 14:55:00+05:30,2766.9,2768.9,2766.5,2768.5,4702,0
2026-01-02 15:00:00+05:30,2768.0,2772.0,2768.0,2770.2,8167,0
2026-01-02 15:05:00+05:30,2770.3,2771.9,2770.1,2771.8,5130,0
2026-01-02 15:10:00+05:30,2770.8,2774.4,2770.8,2774.3,8276,0
2026-01-02 15:15:00+05:30,2773.3,2773.3,2771.1,2772.2,14271,0
2026-01-02 15:20:00+05:30,2772.2,2774.8,2772.0,2774.8,16284,0
2026-01-02 15:25:00+05:30,2774.6,2778.2,2770.0,2771.6,15963,0
2026-01-05 09:15:00+05:30,2770.0,2789.3,2769.0,2786.9,16924,0
2026-01-05 09:20:00+05:30,2787.3,2789.1,2783.6,2786.5,5965,0
2026-01-05 09:25:00+05:30,2786.6,2797.0,2786.5,2795.0,9589,0
2026-01-05 09:30:00+05:30,2794.8,2807.1,2786.5,2795.0,38844,0
2026-01-05 09:35:00+05:30,2795.0,2801.0,2790.3,2800.6,20119,0
2026-01-05 09:40:00+05:30,2800.4,2807.8,2800.0,2802.7,12088,0
2026-01-05 09:45:00+05:30,2802.5,2823.1,2802.5,2819.5,49879,0
2026-01-05 09:50:00+05:30,2818.1,2821.0,2805.9,2810.1,24018,0
2026-01-05 09:55:00+05:30,2809.6,2811.7,2802.0,2803.0,16715,0
2026-01-05 10:00:00+05:30,2803.0,2806.9,2797.6,2798.0,17393,0
2026-01-05 10:05:00+05:30,2798.0,2802.8,2797.5,2797.6,9731,0
2026-01-05 10:10:00+05:30,2797.3,2804.9,2797.0,2802.1,8520,0
2026-01-05 10:15:00+05:30,2802.3,2820.0,2802.3,2818.4,25219,0
2026-01-05 10:20:00+05:30,2818.4,2821.2,2814.1,2821.2,13751,0
2026-01-05 10:25:00+05:30,2821.2,2823.4,2818.0,2818.0,14384,0
2026-01-05 10:30:00+05:30,2818.0,2819.8,2817.0,2817.2,8132,0
2026-01-05 10:35:00+05:30,2817.2,2822.5,2816.4,2821.1,6354,0
2026-01-05 10:40:00+05:30,2821.1,2822.5,2816.3,2819.1,7867,0
2026-01-05 10:45:00+05:30,2818.2,2820.0,2806.4,2808.5,14816,0
2026-01-05 10:50:00+05:30,2808.5,2815.0,2807.5,2812.9,101485,0
2026-01-05 10:55:00+05:30,2812.9,2814.6,2812.9,2814.1,2526,0
2026-01-05 11:00:00+05:30,2814.0,2815.6,2810.1,2811.9,23233,0
2026-01-05 11:05:00+05:30,2811.9,2812.0,2810.0,2810.7,7907,0
2026-01-05 11:10:00+05:30,2810.7,2812.0,2810.0,2812.0,4792,0
2026-01-05 11:15:00+05:30,2811.6,2828.0,2811.2,2824.3,56923,0
2026-01-05 11:20:00+05:30,2824.3,2825.6,2817.1,2817.1,13372,0
2026-01-05 11:25:00+05:30,2817.1,2818.1,2815.1,2815.3,3239,0
2026-01-05 11:30:00+05:30,2815.3,2817.1,2814.1,2814.4,3637,0
2026-01-05 11:35:00+05:30,2814.4,2815.0,2811.8,2814.8,3427,0
2026-01-05 11:40:00+05:30,2814.8,2819.7,2814.7,2818.5,2941,0
2026-01-05 11:45:00+05:30,2818.5,2819.7,2815.8,2816.5,2799,0
2026-01-05 11:50:00+05:30,2816.5,2818.8,2813.1,2816.0,6276,0
2026-01-05 11:55:00+05:30,2815.4,2816.3,2812.5,2814.4,4591,0
2026-01-05 12:00:00+05:30,2814.4,2814.8,2810.0,2812.6,4160,0
2026-01-05 12:05:00+05:30,2812.4,2818.3,2812.2,2817.9,4008,0
2026-01-05 12:10:00+05:30,2817.0,2824.0,2817.0,2823.2,5471,0
2026-01-05 12:15:00+05:30,2823.3,2824.9,2818.3,2819.2,10825,0
2026-01-05 12:20:00+05:30,2819.2,2820.8,2817.6,2818.2,2960,0
2026-01-05 12:25:00+05:30,2818.2,2818.5,2815.0,2816.8,3309,0
2026-01-05 12:30:00+05:30,2816.4,2820.1,2816.4,2818.7,5923,0
2026-01-05 12:35:00+05:30,2818.3,2819.9,2818.0,2818.1,1778,0
2026-01-05 12:40:00+05:30,2818.0,2819.1,2816.1,2817.5,2976,0
2026-01-05 12:45:00+05:30,2817.5,2818.7,2817.5,2817.7,1408,0
2026-01-05 12:50:00+05:30,2817.7,2819.8,2817.4,2818.3,2642,0
2026-01-05 12:55:00+05:30,2818.3,2822.7,2818.3,2821.3,3149,0
2026-01-05 13:00:00+05:30,2821.4,2828.0,2821.3,2823.4,9600,0
2026-01-05 13:05:00+05:30,2823.4,2824.5,2819.9,2819.9,1981,0
2026-01-05 13:10:00+05:30,2819.9,2821.6,2816.7,2818.6,6356,0
2026-01-05 13:15:00+05:30,2818.5,2821.1,2817.8,2820.0,3293,0
2026-01-05 13:20:00+05:30,2819.0,2821.8,2818.7,2820.7,2965,0
2026-01-05 13:25:00+05:30,2820.8,2821.0,2816.7,2816.9,5529,0
2026-01-05 13:30:00+05:30,2816.9,2824.0,2816.6,2822.5,9094,0
2026-01-05 13:35:00+05:30,2822.6,2824.9,2821.8,2822.7,5389,0
2026-01-05 13:40:00+05:30,2822.7,2824.0,2820.5,2821.2,3381,0
2026-01-05 13:45:00+05:30,2821.1,2822.0,2817.6,2817.6,2502,0
2026-01-05 13:50:00+05:30,2817.6,2818.0,2813.5,2815.1,4713,0
2026-01-05 13:55:00+05:30,2815.1,2816.3,2811.5,2811.6,3732,0
2026-01-05 14:00:00+05:30,2811.7,2814.0,2810.0,2810.8,5662,0
2026-01-05 14:05:00+05:30,2810.9,2813.4,2808.1,2810.0,26232,0
2026-01-05 14:10:00+05:30,2810.0,2814.5,2810.0,2813.6,4845,0
2026-01-05 14:15:00+05:30,2813.6,2817.0,2813.1,2816.7,3800,0
2026-01-05 14:20:00+05:30,2817.0,2817.0,2814.0,2816.5,2832,0
2026-01-05 14:25:00+05:30,2816.5,2819.9,2816.3,2818.9,6476,0
2026-01-05 14:30:00+05:30,2818.7,2824.0,2818.7,2823.0,10811,0
2026-01-05 14:35:00+05:30,2823.1,2824.0,2819.2,2819.2,5148,0
2026-01-05 14:40:00+05:30,2819.3,2820.8,2817.9,2819.6,4180,0
2026-01-05 14:45:00+05:30,2819.6,2820.9,2818.3,2820.6,5216,0
2026-01-05 14:50:00+05:30,2819.8,2822.0,2819.0,2819.6,8033,0
2026-01-05 14:55:00+05:30,2820.2,2822.8,2819.0,2822.2,7633,0
2026-01-05 15:00:00+05:30,2822.2,2822.6,2819.0,2822.3,12139,0
2026-01-05 15:05:00+05:30,2822.3,2822.4,2816.2,2817.2,13718,0
2026-01-05 15:10:00+05:30,2817.1,2818.0,2815.2,2817.6,17819,0
2026-01-05 15:15:00+05:30,2817.5,2818.2,2812.7,2813.9,25133,0
2026-01-05 15:20:00+05:30,2815.2,2815.2,2811.8,2813.8,18420,0
2026-01-05 15:25:00+05:30,2813.7,2814.5,2810.1,2814.0,23939,0
2026-01-06 09:15:00+05:30,2820.0,2843.9,2815.9,2838.0,61865,0
2026-01-06 09:20:00+05:30,2838.3,2847.6,2837.8,2842.0,29503,0
2026-01-06 09:25:00+05:30,2842.0,2846.0,2831.1,2832.5,27714,0
2026-01-06 09:30:00+05:30,2832.5,2839.5,2831.1,2836.8,13512,0
2026-01-06 09:35:00+05:30,2836.7,2839.0,2833.4,2835.0,10537,0
2026-01-06 09:40:00+05:30,2835.4,2840.8,2834.3,2839.6,12653,0
2026-01-06 09:45:00+05:30,2840.0,2840.3,2835.6,2837.7,7447,0
2026-01-06 09:50:00+05:30,2837.7,2842.9,2837.2,2842.6,9444,0
2026-01-06 09:55:00+05:30,2842.6,2843.0,2837.1,2839.1,6701,0
2026-01-06 10:00:00+05:30,2839.0,2845.0,2838.9,2844.5,10607,0
2026-01-06 10:05:00+05:30,2844.8,2845.0,2841.4,2841.4,11393,0
2026-01-06 10:10:00+05:30,2842.2,2844.4,2838.7,2840.3,11768,0
2026-01-06 10:15:00+05:30,2840.3,2841.9,2835.6,2837.8,12112,0
2026-01-06 10:20:00+05:30,2836.9,2840.2,2836.9,2839.0,7487,0
2026-01-06 10:25:00+05:30,2839.7,2841.3,2831.0,2833.2,24175,0
2026-01-06 10:30:00+05:30,2832.9,2833.6,2828.0,2833.0,15041,0
2026-01-06 10:35:00+05:30,2833.2,2837.0,2831.4,2832.0,12262,0
2026-01-06 10:40:00+05:30,2832.0,2834.8,2831.9,2833.1,7099,0
2026-01-06 10:45:00+05:30,2832.9,2839.6,2832.1,2834.7,9590,0
2026-01-06 10:50:00+05:30,2834.7,2835.4,2831.7,2832.9,5348,0
2026-01-06 10:55:00+05:30,2833.2,2833.2,2828.0,2830.3,8625,0
2026-01-06 11:00:00+05:30,2830.8,2831.0,2829.0,2830.7,6196,0
2026-01-06 11:05:00+05:30,2830.7,2832.0,2825.0,2828.4,11099,0
2026-01-06 11:10:00+05:30,2828.4,2828.4,2825.0,2826.8,6833,0
2026-01-06 11:15:00+05:30,2827.1,2827.8,2821.1,2823.5,8126,0
2026-01-06 11:20:00+05:30,2823.5,2824.0,2820.0,2822.5,6826,0
2026-01-06 11:25:00+05:30,2822.7,2825.5,2822.0,2824.8,7528,0
2026-01-06 11:30:00+05:30,2825.0,2825.0,2811.6,2819.6,12820,0
2026-01-06 11:35:00+05:30,2819.5,2824.9,2819.3,2824.3,5892,0
2026-01-06 11:40:00+05:30,2824.6,2825.0,2822.7,2824.1,2939,0
2026-01-06 11:45:00+05:30,2823.8,2825.0,2821.8,2823.3,4214,0
2026-01-06 11:50:00+05:30,2823.7,2825.7,2822.1,2824.6,9658,0
2026-01-06 11:55:00+05:30,2824.3,2825.5,2823.0,2824.4,5600,0
2026-01-06 12:00:00+05:30,2825.2,2826.6,2822.7,2825.3,2402,0
2026-01-06 12:05:00+05:30,2825.3,2825.6,2823.5,2824.6,2794,0
2026-01-06 12:10:00+05:30,2824.6,2826.4,2820.7,2824.5,8452,0
2026-01-06 12:15:00+05:30,2824.5,2831.0,2823.6,2830.5,6188,0
2026-01-06 12:20:00+05:30,2830.5,2832.7,2826.1,2828.6,8694,0
2026-01-06 12:25:00+05:30,2828.6,2830.0,2827.7,2830.0,6214,0
2026-01-06 12:30:00+05:30,2830.0,2835.5,2829.3,2834.9,30944,0
2026-01-06 12:35:00+05:30,2835.4,2837.0,2833.6,2835.9,7056,0
2026-01-06 12:40:00+05:30,2835.9,2839.0,2835.6,2839.0,5317,0
2026-01-06 12:45:00+05:30,2838.9,2839.5,2837.5,2838.8,7361,0
2026-01-06 12:50:00+05:30,2838.6,2840.0,2838.3,2840.0,3706,0
2026-01-06 12:55:00+05:30,2840.0,2841.9,2833.4,2836.4,28517,0
2026-01-06 13:00:00+05:30,2836.4,2838.8,2835.8,2838.3,3814,0
2026-01-06 13:05:00+05:30,2838.3,2840.1,2837.6,2839.0,4299,0
2026-01-06 13:10:00+05:30,2839.0,2839.6,2837.4,2838.7,1699,0
2026-01-06 13:15:00+05:30,2838.6,2839.0,2837.0,2838.7,2321,0
2026-01-06 13:20:00+05:30,2838.7,2839.9,2837.6,2838.6,2049,0
2026-01-06 13:25:00+05:30,2838.6,2839.8,2837.1,2839.8,2795,0
2026-01-06 13:30:00+05:30,2839.8,2839.9,2836.2,2837.0,2673,0
2026-01-06 13:35:00+05:30,2837.0,2837.0,2833.8,2834.6,3686,0
2026-01-06 13:40:00+05:30,2834.6,2838.9,2834.5,2838.8,3749,0
2026-01-06 13:45:00+05:30,2838.9,2839.1,2838.0,2839.0,2872,0
2026-01-06 13:50:00+05:30,2839.0,2840.0,2832.9,2834.7,5246,0
2026-01-06 13:55:00+05:30,2834.7,2837.1,2834.0,2836.9,5795,0
2026-01-06 14:00:00+05:30,2836.5,2838.4,2835.8,2836.7,9841,0
2026-01-06 14:05:00+05:30,2836.7,2839.9,2834.9,2837.4,32408,0
2026-01-06 14:10:00+05:30,2837.6,2840.0,2835.2,2839.5,7319,0
2026-01-06 14:15:00+05:30,2839.5,2840.0,2837.6,2839.2,3837,0
2026-01-06 14:20:00+05:30,2839.2,2843.0,2838.7,2841.0,12054,0
2026-01-06 14:25:00+05:30,2841.0,2841.0,2836.0,2836.1,6487,0
2026-01-06 14:30:00+05:30,2836.3,2840.8,2836.3,2840.8,4383,0
2026-01-06 14:35:00+05:30,2840.8,2841.9,2837.1,2839.6,9945,0
2026-01-06 14:40:00+05:30,2839.6,2840.0,2834.9,2839.5,19808,0
2026-01-06 14:45:00+05:30,2839.5,2840.4,2838.6,2840.4,2603,0
2026-01-06 14:50:00+05:30,2840.4,2841.0,2838.7,2840.0,2054,0
2026-01-06 14:55:00+05:30,2840.2,2843.0,2839.7,2842.0,6418,0
2026-01-06 15:00:00+05:30,2842.0,2845.0,2842.0,2843.8,23205,0
2026-01-06 15:05:00+05:30,2843.7,2848.0,2843.7,2845.4,31718,0
2026-01-06 15:10:00+05:30,2845.3,2846.0,2845.0,2845.7,21278,0
2026-01-06 15:15:00+05:30,2845.7,2847.9,2845.6,2846.8,39807,0
2026-01-06 15:20:00+05:30,2847.0,2847.2,2845.0,2845.2,35786,0
2026-01-06 15:25:00+05:30,2845.1,2848.4,2844.7,2847.4,45473,0
2026-01-07 09:15:00+05:30,2845.8,2854.7,2833.5,2836.7,40244,0
2026-01-07 09:20:00+05:30,2836.9,2844.0,2834.7,2842.0,11927,0
2026-01-07 09:25:00+05:30,2842.0,2842.1,2835.0,2837.4,6884,0
2026-01-07 09:30:00+05:30,2837.4,2837.4,2831.4,2833.8,8860,0
2026-01-07 09:35:00+05:30,2833.8,2836.6,2831.7,2835.8,8333,0
2026-01-07 09:40:00+05:30,2835.8,2836.4,2832.2,2835.0,6464,0
2026-01-07 09:45:00+05:30,2835.0,2836.4,2833.0,2836.4,4313,0
2026-01-07 09:50:00+05:30,2836.4,2837.0,2834.2,2835.0,3541,0
2026-01-07 09:55:00+05:30,2835.0,2836.3,2830.8,2835.3,6066,0
2026-01-07 10:00:00+05:30,2836.3,2843.0,2835.5,2841.5,10785,0
2026-01-07 10:05:00+05:30,2841.5,2849.0,2839.8,2848.0,13026,0
2026-01-07 10:10:00+05:30,2848.0,2848.8,2844.7,2847.6,6791,0
2026-01-07 10:15:00+05:30,2847.6,2848.8,2845.0,2845.0,6555,0
2026-01-07 10:20:00+05:30,2845.5,2847.9,2843.5,2846.3,6246,0
2026-01-07 10:25:00+05:30,2846.4,2848.0,2843.6,2845.2,8030,0
2026-01-07 10:30:00+05:30,2845.2,2845.2,2840.1,2843.3,6929,0
2026-01-07 10:35:00+05:30,2843.5,2844.0,2840.6,2842.0,4834,0
2026-01-07 10:40:00+05:30,2841.9,2844.0,2840.6,2841.0,5690,0
2026-01-07 10:45:00+05:30,2841.9,2842.9,2840.3,2840.6,4093,0
2026-01-07 10:50:00+05:30,2841.8,2844.7,2840.2,2843.4,5480,0
2026-01-07 10:55:00+05:30,2843.3,2844.6,2838.7,2839.3,4561,0
2026-01-07 11:00:00+05:30,2839.3,2843.4,2837.1,2842.8,6003,0
2026-01-07 11:05:00+05:30,2843.3,2843.3,2840.1,2841.0,3750,0
2026-01-07 11:10:00+05:30,2840.9,2841.0,2838.0,2839.0,4300,0
2026-01-07 11:15:00+05:30,2838.5,2839.3,2836.4,2837.7,4456,0
2026-01-07 11:20:00+05:30,2838.0,2838.0,2832.3,2832.8,5990,0
2026-01-07 11:25:00+05:30,2833.7,2837.5,2832.3,2835.9,2434,0
2026-01-07 11:30:00+05:30,2836.0,2836.0,2830.9,2833.5,4471,0
2026-01-07 11:35:00+05:30,2833.5,2836.0,2831.6,2832.9,4083,0
2026-01-07 11:40:00+05:30,2832.9,2835.8,2830.4,2835.8,10250,0
2026-01-07 11:45:00+05:30,2835.8,2835.8,2825.0,2827.7,15305,0
2026-01-07 11:50:00+05:30,2827.7,2828.0,2825.0,2825.3,5997,0
2026-01-07 11:55:00+05:30,2825.9,2826.5,2821.7,2825.2,4374,0
2026-01-07 12:00:00+05:30,2825.2,2828.0,2824.7,2826.4,3938,0
2026-01-07 12:05:00+05:30,2826.4,2827.4,2824.1,2825.7,4414,0
2026-01-07 12:10:00+05:30,2825.9,2826.7,2821.4,2821.8,6959,0
2026-01-07 12:15:00+05:30,2822.0,2822.0,2817.7,2818.3,8199,0
2026-01-07 12:20:00+05:30,2819.5,2821.4,2817.8,2820.8,7167,0
2026-01-07 12:25:00+05:30,2820.8,2825.2,2820.0,2820.9,4116,0
2026-01-07 12:30:00+05:30,2820.9,2822.9,2820.4,2822.6,6158,0
2026-01-07 12:35:00+05:30,2822.6,2823.1,2820.0,2820.0,5207,0
2026-01-07 12:40:00+05:30,2820.5,2820.8,2813.5,2815.7,8834,0
2026-01-07 12:45:00+05:30,2816.5,2817.5,2814.7,2815.0,3879,0
2026-01-07 12:50:00+05:30,2815.0,2816.9,2813.5,2814.9,4776,0
2026-01-07 12:55:00+05:30,2815.0,2816.0,2811.7,2814.7,4590,0
2026-01-07 13:00:00+05:30,2814.8,2820.0,2814.7,2818.0,3938,0
2026-01-07 13:05:00+05:30,2818.0,2819.3,2815.0,2818.7,4462,0
2026-01-07 13:10:00+05:30,2818.8,2821.1,2813.0,2813.8,18923,0
2026-01-07 13:15:00+05:30,2813.6,2814.3,2809.0,2813.4,8266,0
2026-01-07 13:20:00+05:30,2813.4,2814.0,2810.0,2810.4,2887,0
2026-01-07 13:25:00+05:30,2810.4,2817.0,2807.0,2814.4,14706,0
2026-01-07 13:30:00+05:30,2814.4,2815.8,2813.0,2814.0,2636,0
2026-01-07 13:35:00+05:30,2814.5,2816.6,2813.0,2816.6,2257,0
2026-01-07 13:40:00+05:30,2816.6,2816.6,2808.8,2809.6,4728,0
2026-01-07 13:45:00+05:30,2809.6,2810.0,2807.8,2808.4,3062,0
2026-01-07 13:50:00+05:30,2808.4,2810.0,2806.3,2809.5,7020,0
2026-01-07 13:55:00+05:30,2809.7,2810.0,2808.4,2809.2,3058,0
2026-01-07 14:00:00+05:30,2809.1,2810.4,2808.2,2809.9,4122,0
2026-01-07 14:05:00+05:30,2809.9,2810.5,2808.4,2810.0,6114,0
2026-01-07 14:10:00+05:30,2810.0,2814.6,2808.1,2812.2,21369,0
2026-01-07 14:15:00+05:30,2812.2,2812.2,2806.0,2806.3,5177,0
2026-01-07 14:20:00+05:30,2806.0,2806.4,2801.1,2802.3,8115,0
2026-01-07 14:25:00+05:30,2803.8,2805.5,2803.2,2804.5,3097,0
2026-01-07 14:30:00+05:30,2804.5,2805.1,2803.0,2803.3,5000,0
2026-01-07 14:35:00+05:30,2803.3,2807.7,2803.0,2807.7,4395,0
2026-01-07 14:40:00+05:30,2807.7,2809.0,2805.8,2806.2,4520,0
2026-01-07 14:45:00+05:30,2806.2,2806.8,2804.8,2806.3,3279,0
2026-01-07 14:50:00+05:30,2806.3,2807.5,2804.3,2806.8,3708,0
2026-01-07 14:55:00+05:30,2806.8,2807.5,2805.7,2806.7,4591,0
2026-01-07 15:00:00+05:30,2806.7,2812.5,2806.5,2811.0,36091,0
2026-01-07 15:05:00+05:30,2810.9,2815.0,2810.4,2814.5,16624,0
2026-01-07 15:10:00+05:30,2814.5,2815.0,2808.1,2812.0,41271,0
2026-01-07 15:15:00+05:30,2811.9,2813.4,2805.5,2806.3,31875,0
2026-01-07 15:20:00+05:30,2806.4,2806.4,2804.0,2805.9,20611,0
2026-01-07 15:25:00+05:30,2806.0,2807.0,2802.5,2806.0,21294,0
2026-01-08 09:15:00+05:30,2795.0,2804.7,2780.0,2781.6,26086,0
2026-01-08 09:20:00+05:30,2781.6,2788.7,2780.9,2783.3,8371,0
2026-01-08 09:25:00+05:30,2784.4,2784.6,2780.5,2782.3,5471,0
2026-01-08 09:30:00+05:30,2783.8,2784.0,2775.2,2779.5,13664,0
2026-01-08 09:35:00+05:30,2779.5,2783.1,2775.5,2782.7,6229,0
2026-01-08 09:40:00+05:30,2782.7,2786.3,2781.9,2783.0,5119,0
2026-01-08 09:45:00+05:30,2783.0,2783.1,2779.1,2782.1,3765,0
2026-01-08 09:50:00+05:30,2782.3,2787.9,2779.3,2786.2,5680,0
2026-01-08 09:55:00+05:30,2786.7,2788.5,2782.9,2785.0,7267,0
2026-01-08 10:00:00+05:30,2785.0,2785.0,2779.1,2782.8,5529,0
2026-01-08 10:05:00+05:30,2783.9,2786.1,2782.6,2785.1,3734,0
2026-01-08 10:10:00+05:30,2784.6,2784.6,2780.0,2780.8,6472,0
2026-01-08 10:15:00+05:30,2780.8,2780.9,2774.0,2775.0,7876,0
2026-01-08 10:20:00+05:30,2775.0,2776.7,2772.1,2776.6,6593,0
2026-01-08 10:25:00+05:30,2776.6,2781.5,2774.2,2780.4,6243,0
2026-01-08 10:30:00+05:30,2780.9,2781.9,2775.3,2778.5,7939,0
2026-01-08 10:35:00+05:30,2778.1,2785.5,2775.8,2784.6,7461,0
2026-01-08 10:40:00+05:30,2784.6,2784.6,2779.5,2782.5,4829,0
2026-01-08 10:45:00+05:30,2782.5,2784.8,2780.7,2781.7,5063,0
2026-01-08 10:50:00+05:30,2781.7,2783.2,2775.8,2778.5,8726,0
2026-01-08 10:55:00+05:30,2779.2,2780.0,2776.8,2777.9,6644,0
2026-01-08 11:00:00+05:30,2777.9,2780.0,2776.7,2780.0,5137,0
2026-01-08 11:05:00+05:30,2780.0,2784.1,2777.0,2784.0,29717,0
2026-01-08 11:10:00+05:30,2784.4,2787.1,2782.1,2785.0,9440,0
2026-01-08 11:15:00+05:30,2785.0,2786.2,2778.2,2781.5,17221,0
2026-01-08 11:20:00+05:30,2781.5,2781.5,2770.1,2773.4,10471,0
2026-01-08 11:25:00+05:30,2773.8,2776.4,2771.2,2775.0,6416,0
2026-01-08 11:30:00+05:30,2775.0,2775.0,2772.8,2775.0,4249,0
2026-01-08 11:35:00+05:30,2775.0,2784.9,2774.5,2784.3,12259,0
2026-01-08 11:40:00+05:30,2784.3,2785.0,2780.1,2781.9,3815,0
2026-01-08 11:45:00+05:30,2781.9,2783.1,2779.3,2780.4,3794,0
2026-01-08 11:50:00+05:30,2780.4,2781.5,2778.8,2780.5,3025,0
2026-01-08 11:55:00+05:30,2780.1,2780.5,2778.0,2779.7,3310,0
2026-01-08 12:00:00+05:30,2779.6,2781.0,2778.1,2781.0,5148,0
2026-01-08 12:05:00+05:30,2781.0,2782.7,2777.5,2782.7,6997,0
2026-01-08 12:10:00+05:30,2782.7,2782.7,2777.1,2780.0,3190,0
2026-01-08 12:15:00+05:30,2780.0,2780.9,2778.4,2780.8,4650,0
2026-01-08 12:20:00+05:30,2780.8,2781.0,2778.3,2779.0,3682,0
2026-01-08 12:25:00+05:30,2779.4,2784.1,2779.4,2780.0,14497,0
2026-01-08 12:30:00+05:30,2780.0,2780.0,2777.0,2778.9,5003,0
2026-01-08 12:35:00+05:30,2778.9,2779.5,2775.0,2777.4,4129,0
2026-01-08 12:40:00+05:30,2777.9,2780.0,2776.5,2776.7,2454,0
2026-01-08 12:45:00+05:30,2777.4,2777.5,2773.0,2775.0,2748,0
2026-01-08 12:50:00+05:30,2774.9,2775.0,2773.0,2774.3,2834,0
2026-01-08 12:55:00+05:30,2774.9,2778.0,2773.6,2776.8,14297,0
2026-01-08 13:00:00+05:30,2776.1,2776.3,2773.1,2775.0,3647,0
2026-01-08 13:05:00+05:30,2775.0,2776.6,2774.5,2776.4,3510,0
2026-01-08 13:10:00+05:30,2776.4,2776.4,2774.4,2775.8,5967,0
2026-01-08 13:15:00+05:30,2775.8,2775.8,2774.6,2775.0,3822,0
2026-01-08 13:20:00+05:30,2775.0,2778.7,2774.2,2778.5,4000,0
2026-01-08 13:25:00+05:30,2778.4,2779.5,2776.3,2776.9,2406,0
2026-01-08 13:30:00+05:30,2776.3,2781.2,2776.3,2780.9,2375,0
2026-01-08 13:35:00+05:30,2780.9,2784.6,2780.0,2782.2,3292,0
2026-01-08 13:40:00+05:30,2783.2,2783.3,2778.8,2781.4,3974,0
2026-01-08 13:45:00+05:30,2782.0,2784.5,2780.8,2782.0,4422,0
2026-01-08 13:50:00+05:30,2782.0,2782.0,2778.9,2779.6,3345,0
2026-01-08 13:55:00+05:30,2779.6,2780.6,2778.0,2779.6,6890,0
2026-01-08 14:00:00+05:30,2779.6,2783.8,2779.4,2782.0,10099,0
2026-01-08 14:05:00+05:30,2782.0,2786.8,2780.9,2783.9,12480,0
2026-01-08 14:10:00+05:30,2783.9,2785.0,2782.8,2784.3,3476,0
2026-01-08 14:15:00+05:30,2784.4,2785.0,2783.4,2784.1,4645,0
2026-01-08 14:20:00+05:30,2784.2,2784.6,2779.8,2780.4,3549,0
2026-01-08 14:25:00+05:30,2780.4,2781.8,2777.4,2779.9,11232,0
2026-01-08 14:30:00+05:30,2780.4,2784.2,2780.2,2783.6,9324,0
2026-01-08 14:35:00+05:30,2783.6,2784.4,2780.0,2782.0,3529,0
2026-01-08 14:40:00+05:30,2783.1,2783.9,2781.8,2783.3,2294,0
2026-01-08 14:45:00+05:30,2783.3,2791.0,2782.4,2790.9,8494,0
2026-01-08 14:50:00+05:30,2790.9,2794.4,2790.0,2792.9,7948,0
2026-01-08 14:55:00+05:30,2792.9,2796.2,2791.9,2793.9,10232,0
2026-01-08 15:00:00+05:30,2793.4,2793.9,2784.7,2786.0,27333,0
2026-01-08 15:05:00+05:30,2786.1,2787.4,2784.8,2785.5,20620,0
2026-01-08 15:10:00+05:30,2785.7,2787.6,2782.2,2785.2,24599,0
2026-01-08 15:15:00+05:30,2785.1,2787.4,2783.4,2786.0,25450,0
2026-01-08 15:20:00+05:30,2786.1,2789.1,2784.7,2788.6,27645,0
2026-01-08 15:25:00+05:30,2787.6,2793.3,2785.1,2788.0,22175,0
2026-01-09 09:15:00+05:30,2789.9,2834.7,2786.2,2825.3,75905,0
2026-01-09 09:20:00+05:30,2826.8,2834.3,2821.2,2827.8,16921,0
2026-01-09 09:25:00+05:30,2827.9,2828.4,2820.0,2820.2,15400,0
2026-01-09 09:30:00+05:30,2820.8,2821.9,2808.0,2811.7,12298,0
2026-01-09 09:35:00+05:30,2811.7,2812.8,2804.0,2806.9,13250,0
2026-01-09 09:40:00+05:30,2807.0,2814.4,2805.6,2814.4,6535,0
2026-01-09 09:45:00+05:30,2814.4,2820.0,2810.8,2818.0,9490,0
2026-01-09 09:50:00+05:30,2818.2,2822.3,2816.3,2820.6,6844,0
2026-01-09 09:55:00+05:30,2820.6,2828.7,2820.6,2826.3,5929,0
2026-01-09 10:00:00+05:30,2826.6,2826.8,2817.1,2825.1,9733,0
2026-01-09 10:05:00+05:30,2825.1,2833.3,2824.7,2832.3,11085,0
2026-01-09 10:10:00+05:30,2832.9,2834.0,2826.2,2829.0,9557,0
2026-01-09 10:15:00+05:30,2829.0,2832.1,2828.1,2831.8,5602,0
2026-01-09 10:20:00+05:30,2832.1,2835.7,2831.1,2833.4,13485,0
2026-01-09 10:25:00+05:30,2833.4,2836.0,2830.0,2835.0,4334,0
2026-01-09 10:30:00+05:30,2835.4,2835.7,2831.0,2831.0,10810,0
2026-01-09 10:35:00+05:30,2831.0,2834.0,2830.6,2834.0,2408,0
2026-01-09 10:40:00+05:30,2834.1,2839.5,2829.8,2835.1,38128,0
2026-01-09 10:45:00+05:30,2835.1,2836.7,2826.0,2828.7,8687,0
2026-01-09 10:50:00+05:30,2829.3,2831.9,2825.6,2828.0,6729,0
2026-01-09 10:55:00+05:30,2827.9,2828.0,2820.2,2823.9,8608,0
2026-01-09 11:00:00+05:30,2824.0,2826.0,2823.0,2823.5,3803,0
2026-01-09 11:05:00+05:30,2824.5,2825.9,2822.6,2824.7,4298,0
2026-01-09 11:10:00+05:30,2824.7,2826.1,2822.0,2823.4,5057,0
2026-01-09 11:15:00+05:30,2823.3,2826.2,2822.0,2823.8,5714,0
2026-01-09 11:20:00+05:30,2824.8,2825.0,2820.2,2822.1,4316,0
2026-01-09 11:25:00+05:30,2822.1,2825.0,2821.1,2825.0,2819,0
2026-01-09 11:30:00+05:30,2825.0,2830.4,2823.0,2823.9,21781,0
2026-01-09 11:35:00+05:30,2823.9,2825.0,2821.0,2825.0,5272,0
2026-01-09 11:40:00+05:30,2825.0,2828.4,2824.7,2826.1,10460,0
2026-01-09 11:45:00+05:30,2826.8,2828.0,2823.7,2826.3,5317,0
2026-01-09 11:50:00+05:30,2826.3,2827.6,2817.9,2819.9,19804,0
2026-01-09 11:55:00+05:30,2819.9,2819.9,2816.9,2817.1,8090,0
2026-01-09 12:00:00+05:30,2817.9,2823.8,2817.0,2823.6,22775,0
2026-01-09 12:05:00+05:30,2823.7,2823.9,2817.6,2817.7,5235,0
2026-01-09 12:10:00+05:30,2818.3,2827.4,2815.0,2824.8,39784,0
2026-01-09 12:15:00+05:30,2826.0,2856.7,2825.1,2851.5,53254,0
2026-01-09 12:20:00+05:30,2850.9,2852.4,2845.2,2846.3,17940,0
2026-01-09 12:25:00+05:30,2845.7,2847.8,2838.0,2845.8,38341,0
2026-01-09 12:30:00+05:30,2845.0,2847.7,2841.4,2842.6,16401,0
2026-01-09 12:35:00+05:30,2843.0,2843.0,2830.2,2831.1,16767,0
2026-01-09 12:40:00+05:30,2831.4,2834.1,2826.6,2833.0,12496,0
2026-01-09 12:45:00+05:30,2833.4,2840.0,2831.7,2831.8,9566,0
2026-01-09 12:50:00+05:30,2832.8,2833.9,2821.3,2821.3,36871,0
2026-01-09 12:55:00+05:30,2822.4,2829.9,2819.3,2829.9,41634,0
2026-01-09 13:00:00+05:30,2830.0,2830.0,2822.1,2825.3,29594,0
2026-01-09 13:05:00+05:30,2825.7,2829.8,2824.1,2828.7,9280,0
2026-01-09 13:10:00+05:30,2828.7,2834.9,2828.1,2833.6,9578,0
2026-01-09 13:15:00+05:30,2833.9,2838.5,2830.8,2831.6,9734,0
2026-01-09 13:20:00+05:30,2832.0,2845.0,2832.0,2841.5,20117,0
2026-01-09 13:25:00+05:30,2842.2,2851.6,2837.0,2843.4,143157,0
2026-01-09 13:30:00+05:30,2844.3,2844.7,2838.4,2839.7,16826,0
2026-01-09 13:35:00+05:30,2841.0,2846.7,2836.0,2836.0,17799,0
2026-01-09 13:40:00+05:30,2836.0,2838.0,2833.4,2835.1,12420,0
2026-01-09 13:45:00+05:30,2835.3,2837.0,2833.7,2833.7,24057,0
2026-01-09 13:50:00+05:30,2834.2,2834.9,2830.1,2830.8,8294,0
2026-01-09 13:55:00+05:30,2830.8,2835.9,2829.7,2833.8,7743,0
2026-01-09 14:00:00+05:30,2834.0,2835.1,2830.4,2830.8,14752,0
2026-01-09 14:05:00+05:30,2830.8,2832.0,2830.0,2830.7,6146,0
2026-01-09 14:10:00+05:30,2831.6,2832.0,2828.5,2829.4,10003,0
2026-01-09 14:15:00+05:30,2830.2,2830.8,2825.6,2828.6,9534,0
2026-01-09 14:20:00+05:30,2829.7,2831.8,2826.9,2831.3,11107,0
2026-01-09 14:25:00+05:30,2831.3,2832.8,2827.3,2829.5,9754,0
2026-01-09 14:30:00+05:30,2829.5,2829.9,2826.6,2826.9,9240,0
2026-01-09 14:35:00+05:30,2828.1,2828.1,2822.3,2824.8,33793,0
2026-01-09 14:40:00+05:30,2825.5,2826.7,2820.5,2825.0,24377,0
2026-01-09 14:45:00+05:30,2825.0,2832.6,2824.7,2831.0,53140,0
2026-01-09 14:50:00+05:30,2831.0,2836.3,2830.7,2834.3,26492,0
2026-01-09 14:55:00+05:30,2834.3,2835.6,2829.3,2830.4,26105,0
2026-01-09 15:00:00+05:30,2830.4,2830.7,2826.0,2826.6,27611,0
2026-01-09 15:05:00+05:30,2826.6,2828.4,2821.9,2823.6,29704,0
2026-01-09 15:10:00+05:30,2823.8,2830.3,2823.0,2824.6,156981,0
2026-01-09 15:15:00+05:30,2824.5,2825.2,2820.8,2821.6,29819,0
2026-01-09 15:20:00+05:30,2821.6,2828.2,2819.1,2826.8,139603,0
2026-01-09 15:25:00+05:30,2827.6,2843.8,2826.5,2838.9,31024,0
2026-01-12 09:15:00+05:30,2826.0,2854.5,2824.0,2824.8,34016,0
2026-01-12 09:20:00+05:30,2824.8,2825.5,2808.0,2814.2,18357,0
2026-01-12 09:25:00+05:30,2814.2,2828.6,2813.6,2826.5,14290,0
2026-01-12 09:30:00+05:30,2826.5,2839.9,2825.4,2835.6,19375,0
2026-01-12 09:35:00+05:30,2835.5,2838.2,2834.0,2836.9,29879,0
2026-01-12 09:40:00+05:30,2836.9,2838.0,2833.2,2836.0,49645,0
2026-01-12 09:45:00+05:30,2836.0,2841.3,2833.8,2839.8,51939,0
2026-01-12 09:50:00+05:30,2838.4,2841.5,2832.0,2835.5,16677,0
2026-01-12 09:55:00+05:30,2835.5,2840.0,2832.3,2837.2,14104,0
2026-01-12 10:00:00+05:30,2837.2,2846.8,2836.0,2843.0,73204,0
2026-01-12 10:05:00+05:30,2844.6,2846.0,2842.0,2845.0,21051,0
2026-01-12 10:10:00+05:30,2844.9,2845.5,2834.1,2837.4,19193,0
2026-01-12 10:15:00+05:30,2837.4,2837.4,2833.6,2835.0,20709,0
2026-01-12 10:20:00+05:30,2834.4,2837.1,2834.2,2835.8,3521,0
2026-01-12 10:25:00+05:30,2835.3,2836.2,2831.2,2833.5,3772,0
2026-01-12 10:30:00+05:30,2833.9,2837.6,2830.0,2836.6,7379,0
2026-01-12 10:35:00+05:30,2836.6,2837.0,2835.0,2836.6,5110,0
2026-01-12 10:40:00+05:30,2836.1,2837.0,2833.3,2835.7,5671,0
2026-01-12 10:45:00+05:30,2835.7,2837.0,2833.3,2836.0,9515,0
2026-01-12 10:50:00+05:30,2836.0,2836.3,2830.8,2832.6,6921,0
2026-01-12 10:55:00+05:30,2832.8,2835.1,2831.5,2834.7,3190,0
2026-01-12 11:00:00+05:30,2834.7,2834.7,2830.3,2831.6,2894,0
2026-01-12 11:05:00+05:30,2831.4,2836.4,2830.5,2835.1,4053,0
2026-01-12 11:10:00+05:30,2835.1,2836.5,2833.7,2835.7,6086,0
2026-01-12 11:15:00+05:30,2835.7,2835.7,2832.3,2833.9,7103,0
2026-01-12 11:20:00+05:30,2834.6,2836.9,2833.4,2836.0,9421,0
2026-01-12 11:25:00+05:30,2835.9,2836.9,2835.0,2835.0,17747,0
2026-01-12 11:30:00+05:30,2835.7,2837.3,2833.0,2835.3,7619,0
2026-01-12 11:35:00+05:30,2835.3,2843.1,2835.0,2840.6,18969,0
2026-01-12 11:40:00+05:30,2841.0,2843.0,2838.1,2839.0,113038,0
2026-01-12 11:45:00+05:30,2839.0,2842.0,2836.9,2838.5,7121,0
2026-01-12 11:50:00+05:30,2838.5,2841.7,2838.0,2840.0,11714,0
2026-01-12 11:55:00+05:30,2840.0,2846.5,2839.4,2842.0,69733,0
2026-01-12 12:00:00+05:30,2842.5,2845.5,2840.2,2845.0,7927,0
2026-01-12 12:05:00+05:30,2845.0,2847.0,2840.3,2841.0,46181,0
2026-01-12 12:10:00+05:30,2840.4,2860.5,2840.4,2860.1,64972,0
2026-01-12 12:15:00+05:30,2860.5,2873.5,2860.0,2872.9,67819,0
2026-01-12 12:20:00+05:30,2872.3,2883.3,2872.3,2878.6,45070,0
2026-01-12 12:25:00+05:30,2879.2,2879.7,2874.3,2877.1,14846,0
2026-01-12 12:30:00+05:30,2877.0,2888.0,2877.0,2886.1,25937,0
2026-01-12 12:35:00+05:30,2887.0,2888.9,2883.5,2887.8,19585,0
2026-01-12 12:40:00+05:30,2887.2,2899.0,2886.9,2894.1,30834,0
2026-01-12 12:45:00+05:30,2894.2,2899.9,2888.0,2889.7,24577,0
2026-01-12 12:50:00+05:30,2890.9,2891.4,2884.4,2889.4,24646,0
2026-01-12 12:55:00+05:30,2889.4,2889.4,2880.1,2880.2,12206,0
2026-01-12 13:00:00+05:30,2880.2,2881.6,2870.3,2874.9,26562,0
2026-01-12 13:05:00+05:30,2874.9,2879.8,2871.0,2872.6,22511,0
2026-01-12 13:10:00+05:30,2872.6,2873.7,2870.0,2870.0,11703,0
2026-01-12 13:15:00+05:30,2870.3,2874.5,2868.7,2872.3,12096,0
2026-01-12 13:20:00+05:30,2873.4,2874.7,2871.0,2872.5,6765,0
2026-01-12 13:25:00+05:30,2872.5,2876.2,2871.0,2875.0,9060,0
2026-01-12 13:30:00+05:30,2875.4,2883.9,2875.3,2882.5,14896,0
2026-01-12 13:35:00+05:30,2882.6,2885.0,2879.4,2880.5,28024,0
2026-01-12 13:40:00+05:30,2880.5,2884.0,2878.7,2881.9,14936,0
2026-01-12 13:45:00+05:30,2881.9,2884.0,2880.8,2881.2,8878,0
2026-01-12 13:50:00+05:30,2881.1,2884.0,2876.6,2883.2,21614,0
2026-01-12 13:55:00+05:30,2883.2,2884.7,2879.8,2883.6,17182,0
2026-01-12 14:00:00+05:30,2883.7,2885.0,2880.4,2881.4,8774,0
2026-01-12 14:05:00+05:30,2881.6,2885.0,2878.9,2885.0,21216,0
2026-01-12 14:10:00+05:30,2885.0,2885.5,2880.5,2883.8,17633,0
2026-01-12 14:15:00+05:30,2884.0,2885.0,2882.0,2883.0,4756,0
2026-01-12 14:20:00+05:30,2883.2,2886.5,2882.8,2885.0,20196,0
2026-01-12 14:25:00+05:30,2885.0,2889.6,2882.2,2889.0,13204,0
2026-01-12 14:30:00+05:30,2889.3,2889.8,2885.1,2886.0,9329,0
2026-01-12 14:35:00+05:30,2885.8,2889.0,2883.9,2886.8,14173,0
2026-01-12 14:40:00+05:30,2886.9,2890.0,2884.4,2890.0,16397,0
2026-01-12 14:45:00+05:30,2890.0,2890.0,2887.7,2888.0,25577,0
2026-01-12 14:50:00+05:30,2888.0,2890.1,2887.8,2890.0,47835,0
2026-01-12 14:55:00+05:30,2890.0,2892.0,2888.1,2892.0,20820,0
2026-01-12 15:00:00+05:30,2891.7,2893.4,2889.0,2889.9,28718,0
2026-01-12 15:05:00+05:30,2889.9,2898.2,2889.0,2895.7,41578,0
2026-01-12 15:10:00+05:30,2895.7,2897.2,2893.1,2895.8,38914,0
2026-01-12 15:15:00+05:30,2895.9,2899.9,2895.8,2899.8,42476,0
2026-01-12 15:20:00+05:30,2899.8,2900.0,2898.0,2899.0,62800,0
2026-01-12 15:25:00+05:30,2899.6,2900.0,2896.0,2896.2,27609,0
2026-01-13 09:15:00+05:30,2900.0,2914.5,2897.4,2906.4,57615,0
2026-01-13 09:20:00+05:30,2906.5,2910.0,2904.0,2907.3,20189,0
2026-01-13 09:25:00+05:30,2907.3,2908.4,2891.0,2892.5,28657,0
2026-01-13 09:30:00+05:30,2892.0,2894.5,2888.0,2889.0,12164,0
2026-01-13 09:35:00+05:30,2890.0,2892.0,2888.0,2889.0,8606,0
2026-01-13 09:40:00+05:30,2889.6,2894.0,2885.3,2894.0,10922,0
2026-01-13 09:45:00+05:30,2894.5,2901.0,2894.4,2896.7,13549,0
2026-01-13 09:50:00+05:30,2896.6,2899.4,2895.0,2895.6,9287,0
2026-01-13 09:55:00+05:30,2896.7,2896.7,2891.2,2895.3,4519,0
2026-01-13 10:00:00+05:30,2895.7,2898.9,2893.7,2896.4,8118,0
2026-01-13 10:05:00+05:30,2896.4,2896.7,2894.0,2895.5,4126,0
2026-01-13 10:10:00+05:30,2895.5,2895.5,2892.4,2894.1,8042,0
2026-01-13 10:15:00+05:30,2894.1,2894.9,2892.0,2893.0,3950,0
2026-01-13 10:20:00+05:30,2893.1,2894.6,2887.0,2890.5,16767,0
2026-01-13 10:25:00+05:30,2890.9,2893.0,2889.2,2892.0,8888,0
2026-01-13 10:30:00+05:30,2892.0,2895.0,2891.3,2892.0,8805,0
2026-01-13 10:35:00+05:30,2892.8,2896.0,2889.0,2894.3,64731,0
2026-01-13 10:40:00+05:30,2894.4,2894.4,2882.0,2884.4,17792,0
2026-01-13 10:45:00+05:30,2884.3,2887.0,2876.5,2884.6,86689,0
2026-01-13 10:50:00+05:30,2884.6,2884.6,2877.1,2878.4,26712,0
2026-01-13 10:55:00+05:30,2878.4,2879.9,2874.5,2877.7,30554,0
2026-01-13 11:00:00+05:30,2877.2,2877.9,2872.1,2874.5,10997,0
2026-01-13 11:05:00+05:30,2875.0,2879.4,2873.7,2879.1,9218,0
2026-01-13 11:10:00+05:30,2878.1,2879.7,2874.4,2874.5,23805,0
2026-01-13 11:15:00+05:30,2874.5,2880.4,2874.4,2878.4,30565,0
2026-01-13 11:20:00+05:30,2878.3,2885.0,2875.9,2881.8,8550,0
2026-01-13 11:25:00+05:30,2880.7,2889.0,2877.1,2887.0,42171,0
2026-01-13 11:30:00+05:30,2886.9,2891.5,2883.0,2890.0,33617,0
2026-01-13 11:35:00+05:30,2889.9,2890.0,2887.2,2887.2,4709,0
2026-01-13 11:40:00+05:30,2887.3,2889.0,2885.8,2886.8,4618,0
2026-01-13 11:45:00+05:30,2886.7,2886.8,2881.4,2881.4,5226,0
2026-01-13 11:50:00+05:30,2881.4,2881.8,2875.5,2880.4,7874,0
2026-01-13 11:55:00+05:30,2880.5,2885.0,2880.4,2880.7,8584,0
2026-01-13 12:00:00+05:30,2880.5,2881.2,2879.1,2879.8,3901,0
2026-01-13 12:05:00+05:30,2879.7,2880.6,2877.0,2877.1,4122,0
2026-01-13 12:10:00+05:30,2877.1,2878.2,2875.6,2876.0,7275,0
2026-01-13 12:15:00+05:30,2876.1,2878.2,2873.9,2875.3,5004,0
2026-01-13 12:20:00+05:30,2875.5,2875.8,2870.8,2872.8,12465,0
2026-01-13 12:25:00+05:30,2872.8,2882.2,2872.4,2882.0,8072,0
2026-01-13 12:30:00+05:30,2882.1,2882.3,2878.8,2879.4,6473,0
2026-01-13 12:35:00+05:30,2879.4,2883.4,2877.7,2883.2,5651,0
2026-01-13 12:40:00+05:30,2883.1,2884.2,2879.0,2882.5,4097,0
2026-01-13 12:45:00+05:30,2882.6,2883.0,2880.5,2882.0,2923,0
2026-01-13 12:50:00+05:30,2882.0,2884.0,2877.6,2880.6,3902,0
2026-01-13 12:55:00+05:30,2880.8,2883.3,2878.7,2880.5,3729,0
2026-01-13 13:00:00+05:30,2880.4,2880.6,2875.0,2875.0,3640,0
2026-01-13 13:05:00+05:30,2874.9,2877.0,2872.8,2876.9,3429,0
2026-01-13 13:10:00+05:30,2876.8,2880.7,2875.8,2877.9,3607,0
2026-01-13 13:15:00+05:30,2877.8,2877.9,2875.1,2877.5,2949,0
2026-01-13 13:20:00+05:30,2877.5,2880.0,2875.2,2878.3,5368,0
2026-01-13 13:25:00+05:30,2878.4,2878.4,2874.1,2874.4,4126,0
2026-01-13 13:30:00+05:30,2874.4,2876.8,2873.0,2875.6,3245,0
2026-01-13 13:35:00+05:30,2876.0,2879.8,2876.0,2877.3,3819,0
2026-01-13 13:40:00+05:30,2877.6,2879.6,2875.8,2879.2,3702,0
2026-01-13 13:45:00+05:30,2879.1,2880.0,2877.6,2878.4,6120,0
2026-01-13 13:50:00+05:30,2877.9,2881.0,2877.4,2878.9,3939,0
2026-01-13 13:55:00+05:30,2878.9,2880.0,2876.3,2878.0,4917,0
2026-01-13 14:00:00+05:30,2878.0,2880.2,2876.2,2878.0,3977,0
2026-01-13 14:05:00+05:30,2878.0,2879.6,2877.9,2879.5,4108,0
2026-01-13 14:10:00+05:30,2879.1,2880.0,2876.8,2879.7,4528,0
2026-01-13 14:15:00+05:30,2879.6,2881.6,2877.5,2879.9,5718,0
2026-01-13 14:20:00+05:30,2879.9,2881.2,2879.4,2879.8,5492,0
2026-01-13 14:25:00+05:30,2879.8,2879.8,2873.1,2875.1,12257,0
2026-01-13 14:30:00+05:30,2875.1,2882.8,2872.9,2880.5,12064,0
2026-01-13 14:35:00+05:30,2880.6,2885.0,2880.3,2884.5,9591,0
2026-01-13 14:40:00+05:30,2884.5,2886.9,2881.6,2885.4,15521,0
2026-01-13 14:45:00+05:30,2885.4,2888.3,2883.1,2884.1,12803,0
2026-01-13 14:50:00+05:30,2884.1,2888.5,2883.9,2886.0,6035,0
2026-01-13 14:55:00+05:30,2886.1,2887.5,2881.0,2885.0,8506,0
2026-01-13 15:00:00+05:30,2884.9,2888.8,2883.8,2886.5,28698,0
2026-01-13 15:05:00+05:30,2886.6,2887.5,2882.6,2885.6,26862,0
2026-01-13 15:10:00+05:30,2885.6,2889.7,2884.6,2887.9,39208,0
2026-01-13 15:15:00+05:30,2888.0,2889.1,2884.4,2885.0,34032,0
2026-01-13 15:20:00+05:30,2885.0,2887.3,2884.6,2885.9,32109,0
2026-01-13 15:25:00+05:30,2885.9,2890.0,2880.2,2880.2,33363,0
2026-01-14 09:15:00+05:30,2884.0,2884.0,2856.0,2862.0,19017,0
2026-01-14 09:20:00+05:30,2862.0,2862.1,2842.0,2843.6,19444,0
2026-01-14 09:25:00+05:30,2844.4,2862.1,2843.0,2861.5,21228,0
2026-01-14 09:30:00+05:30,2860.5,2863.9,2858.4,2861.9,9090,0
2026-01-14 09:35:00+05:30,2861.3,2867.1,2857.4,2865.0,6476,0
2026-01-14 09:40:00+05:30,2864.7,2864.7,2854.5,2856.0,5864,0
2026-01-14 09:45:00+05:30,2856.0,2862.7,2848.3,2848.9,15279,0
2026-01-14 09:50:00+05:30,2848.9,2854.4,2848.9,2853.9,10165,0
2026-01-14 09:55:00+05:30,2853.5,2855.6,2849.9,2852.5,4549,0
2026-01-14 10:00:00+05:30,2852.6,2853.9,2842.1,2844.0,17671,0
2026-01-14 10:05:00+05:30,2843.0,2846.0,2838.1,2840.5,7990,0
2026-01-14 10:10:00+05:30,2839.3,2844.5,2838.1,2840.2,11651,0
2026-01-14 10:15:00+05:30,2840.2,2841.2,2833.9,2836.1,11045,0
2026-01-14 10:20:00+05:30,2836.2,2837.7,2827.3,2834.9,17435,0
2026-01-14 10:25:00+05:30,2834.2,2837.8,2833.0,2834.5,6203,0
2026-01-14 10:30:00+05:30,2834.4,2837.8,2833.0,2835.6,8917,0
2026-01-14 10:35:00+05:30,2835.4,2836.9,2832.7,2833.3,4644,0
2026-01-14 10:40:00+05:30,2833.0,2837.7,2830.2,2831.2,6110,0
2026-01-14 10:45:00+05:30,2831.2,2831.2,2826.7,2826.7,9694,0
2026-01-14 10:50:00+05:30,2827.6,2836.8,2826.7,2835.0,8868,0
2026-01-14 10:55:00+05:30,2835.7,2843.6,2830.4,2843.4,10259,0
2026-01-14 11:00:00+05:30,2842.0,2844.5,2838.2,2840.6,8050,0
2026-01-14 11:05:00+05:30,2840.6,2843.5,2838.2,2841.5,5028,0
2026-01-14 11:10:00+05:30,2841.8,2844.9,2838.6,2838.6,13366,0
2026-01-14 11:15:00+05:30,2839.1,2843.8,2838.6,2842.3,19340,0
2026-01-14 11:20:00+05:30,2843.0,2845.8,2836.4,2836.9,20625,0
2026-01-14 11:25:00+05:30,2836.9,2841.7,2833.5,2839.7,7105,0
2026-01-14 11:30:00+05:30,2839.7,2842.1,2838.2,2840.5,6959,0
2026-01-14 11:35:00+05:30,2840.5,2840.6,2830.1,2831.7,7675,0
2026-01-14 11:40:00+05:30,2830.9,2835.0,2830.9,2833.9,3775,0
2026-01-14 11:45:00+05:30,2833.2,2836.1,2832.3,2835.0,4461,0
2026-01-14 11:50:00+05:30,2835.1,2836.7,2833.6,2834.5,4841,0
2026-01-14 11:55:00+05:30,2834.5,2839.6,2834.1,2838.1,8967,0
2026-01-14 12:00:00+05:30,2838.1,2841.0,2837.4,2838.7,8290,0
2026-01-14 12:05:00+05:30,2838.7,2838.7,2834.5,2835.0,8947,0
2026-01-14 12:10:00+05:30,2835.0,2838.0,2832.5,2837.1,8191,0
2026-01-14 12:15:00+05:30,2837.1,2837.2,2834.2,2835.0,20736,0
2026-01-14 12:20:00+05:30,2834.7,2837.5,2834.4,2835.7,12394,0
2026-01-14 12:25:00+05:30,2835.7,2836.3,2831.2,2831.8,7897,0
2026-01-14 12:30:00+05:30,2831.8,2835.4,2830.4,2832.0,26302,0
2026-01-14 12:35:00+05:30,2831.7,2835.9,2829.8,2835.9,31447,0
2026-01-14 12:40:00+05:30,2835.7,2837.8,2834.7,2835.0,9231,0
2026-01-14 12:45:00+05:30,2834.7,2837.1,2834.7,2835.9,6435,0
2026-01-14 12:50:00+05:30,2835.7,2836.6,2833.9,2835.5,6350,0
2026-01-14 12:55:00+05:30,2835.5,2836.2,2833.8,2835.7,6555,0
2026-01-14 13:00:00+05:30,2836.0,2836.2,2833.9,2835.9,7895,0
2026-01-14 13:05:00+05:30,2835.9,2836.4,2835.0,2835.9,7635,0
2026-01-14 13:10:00+05:30,2836.0,2836.3,2834.8,2836.0,7794,0
2026-01-14 13:15:00+05:30,2836.0,2836.0,2830.0,2831.6,9312,0
2026-01-14 13:20:00+05:30,2831.6,2831.9,2830.0,2831.1,9616,0
2026-01-14 13:25:00+05:30,2831.1,2832.4,2830.0,2831.9,8548,0
2026-01-14 13:30:00+05:30,2831.9,2832.7,2830.0,2832.7,8175,0
2026-01-14 13:35:00+05:30,2832.7,2832.7,2830.8,2830.9,7818,0
2026-01-14 13:40:00+05:30,2830.9,2830.9,2822.6,2823.0,19380,0
2026-01-14 13:45:00+05:30,2823.0,2827.7,2816.8,2821.5,23845,0
2026-01-14 13:50:00+05:30,2821.4,2823.5,2819.1,2821.5,12195,0
2026-01-14 13:55:00+05:30,2821.7,2825.0,2820.1,2820.9,10834,0
2026-01-14 14:00:00+05:30,2820.9,2820.9,2817.9,2818.7,5855,0
2026-01-14 14:05:00+05:30,2819.1,2819.1,2813.5,2817.2,12983,0
2026-01-14 14:10:00+05:30,2817.2,2820.3,2815.3,2820.1,9559,0
2026-01-14 14:15:00+05:30,2820.1,2823.8,2817.7,2820.1,10692,0
2026-01-14 14:20:00+05:30,2819.6,2819.8,2814.2,2815.6,18922,0
2026-01-14 14:25:00+05:30,2815.6,2818.5,2812.4,2814.4,11152,0
2026-01-14 14:30:00+05:30,2814.4,2814.5,2810.0,2813.5,14578,0
2026-01-14 14:35:00+05:30,2813.5,2814.5,2807.3,2813.0,11237,0
2026-01-14 14:40:00+05:30,2813.0,2819.9,2812.1,2819.0,18249,0
2026-01-14 14:45:00+05:30,2819.8,2824.0,2819.8,2821.0,20260,0
2026-01-14 14:50:00+05:30,2821.0,2823.0,2819.0,2821.7,10460,0
2026-01-14 14:55:00+05:30,2821.7,2822.0,2816.0,2818.5,16186,0
2026-01-14 15:00:00+05:30,2818.5,2820.1,2813.9,2816.5,26018,0
2026-01-14 15:05:00+05:30,2816.5,2816.5,2812.3,2815.2,24304,0
2026-01-14 15:10:00+05:30,2815.4,2815.5,2809.8,2811.4,32510,0
2026-01-14 15:15:00+05:30,2811.4,2813.9,2810.1,2812.9,30765,0
2026-01-14 15:20:00+05:30,2812.9,2816.3,2812.7,2816.3,30700,0
2026-01-14 15:25:00+05:30,2816.2,2819.8,2813.0,2817.0,25914,0
2026-01-16 09:15:00+05:30,2787.9,2820.5,2780.1,2809.4,101364,0
2026-01-16 09:20:00+05:30,2809.1,2810.0,2800.2,2800.2,44848,0
2026-01-16 09:25:00+05:30,2800.6,2810.3,2799.0,2807.9,19325,0
2026-01-16 09:30:00+05:30,2807.9,2808.7,2798.9,2801.1,19910,0
2026-01-16 09:35:00+05:30,2801.2,2808.1,2798.5,2802.7,16580,0
2026-01-16 09:40:00+05:30,2803.3,2808.0,2803.3,2806.8,3241,0
2026-01-16 09:45:00+05:30,2806.8,2806.8,2801.1,2804.7,8215,0
2026-01-16 09:50:00+05:30,2804.5,2804.9,2801.1,2804.5,5409,0
2026-01-16 09:55:00+05:30,2804.5,2808.4,2804.5,2805.1,12166,0
2026-01-16 10:00:00+05:30,2805.1,2808.5,2802.9,2806.8,17540,0
2026-01-16 10:05:00+05:30,2806.8,2808.9,2802.8,2808.9,54316,0
2026-01-16 10:10:00+05:30,2807.9,2817.8,2807.9,2813.7,31846,0
2026-01-16 10:15:00+05:30,2813.7,2823.7,2810.1,2821.1,63330,0
2026-01-16 10:20:00+05:30,2821.1,2823.8,2815.9,2820.0,34191,0
2026-01-16 10:25:00+05:30,2819.9,2822.9,2816.0,2817.5,8132,0
2026-01-16 10:30:00+05:30,2817.3,2819.9,2813.7,2816.9,17636,0
2026-01-16 10:35:00+05:30,2816.9,2820.9,2816.9,2820.1,3990,0
2026-01-16 10:40:00+05:30,2820.1,2820.6,2816.3,2816.6,11082,0
2026-01-16 10:45:00+05:30,2816.6,2819.7,2816.6,2818.5,7886,0
2026-01-16 10:50:00+05:30,2819.0,2822.5,2816.8,2820.0,7408,0
2026-01-16 10:55:00+05:30,2820.0,2821.9,2818.8,2819.1,13077,0
2026-01-16 11:00:00+05:30,2819.1,2826.5,2818.8,2822.2,17923,0
2026-01-16 11:05:00+05:30,2822.2,2825.0,2814.8,2815.7,20536,0
2026-01-16 11:10:00+05:30,2815.7,2818.0,2813.5,2815.5,6996,0
2026-01-16 11:15:00+05:30,2815.5,2817.9,2815.4,2816.0,4135,0
2026-01-16 11:20:00+05:30,2816.0,2819.0,2814.6,2817.6,15039,0
2026-01-16 11:25:00+05:30,2817.6,2819.3,2810.4,2811.0,17059,0
2026-01-16 11:30:00+05:30,2811.0,2812.6,2808.0,2809.6,14341,0
2026-01-16 11:35:00+05:30,2809.9,2810.3,2802.5,2804.2,5571,0
2026-01-16 11:40:00+05:30,2804.1,2805.1,2800.0,2800.6,11460,0
2026-01-16 11:45:00+05:30,2801.6,2803.7,2800.2,2800.9,4338,0
2026-01-16 11:50:00+05:30,2800.7,2805.5,2800.7,2805.4,5465,0
2026-01-16 11:55:00+05:30,2805.4,2806.2,2803.2,2804.4,3129,0
2026-01-16 12:00:00+05:30,2804.3,2807.0,2803.0,2805.0,5086,0
2026-01-16 12:05:00+05:30,2805.0,2808.0,2804.5,2807.9,4242,0
2026-01-16 12:10:00+05:30,2807.9,2812.6,2806.5,2812.4,5176,0
2026-01-16 12:15:00+05:30,2812.4,2815.6,2812.0,2813.8,6978,0
2026-01-16 12:20:00+05:30,2813.8,2814.2,2808.4,2809.7,9328,0
2026-01-16 12:25:00+05:30,2808.9,2809.5,2796.5,2798.3,17796,0
2026-01-16 12:30:00+05:30,2798.7,2800.0,2797.7,2799.4,5951,0
2026-01-16 12:35:00+05:30,2799.4,2800.0,2792.5,2795.0,8648,0
2026-01-16 12:40:00+05:30,2795.0,2796.2,2790.8,2792.7,13940,0
2026-01-16 12:45:00+05:30,2792.7,2793.0,2784.3,2786.7,6754,0
2026-01-16 12:50:00+05:30,2786.7,2791.4,2784.0,2790.8,8836,0
2026-01-16 12:55:00+05:30,2790.8,2792.7,2789.7,2790.4,10184,0
2026-01-16 13:00:00+05:30,2790.4,2791.2,2788.1,2789.5,5849,0
2026-01-16 13:05:00+05:30,2789.5,2796.2,2788.1,2794.1,9889,0
2026-01-16 13:10:00+05:30,2794.1,2796.9,2788.7,2789.9,12834,0
2026-01-16 13:15:00+05:30,2789.9,2791.0,2786.6,2790.8,11750,0
2026-01-16 13:20:00+05:30,2790.8,2790.8,2783.2,2783.4,9650,0
2026-01-16 13:25:00+05:30,2783.4,2783.5,2778.6,2779.7,6588,0
2026-01-16 13:30:00+05:30,2779.9,2782.1,2773.0,2773.1,13566,0
2026-01-16 13:35:00+05:30,2773.2,2775.5,2771.9,2773.7,6053,0
2026-01-16 13:40:00+05:30,2773.8,2774.8,2767.3,2768.7,11342,0
2026-01-16 13:45:00+05:30,2769.9,2770.5,2764.9,2769.3,8455,0
2026-01-16 13:50:00+05:30,2769.3,2771.9,2762.3,2764.5,15376,0
2026-01-16 13:55:00+05:30,2765.7,2767.9,2764.0,2764.3,5455,0
2026-01-16 14:00:00+05:30,2764.3,2767.4,2760.1,2760.9,6448,0
2026-01-16 14:05:00+05:30,2760.9,2762.9,2755.0,2756.0,17238,0
2026-01-16 14:10:00+05:30,2756.0,2761.5,2756.0,2758.7,5765,0
2026-01-16 14:15:00+05:30,2758.8,2759.6,2755.4,2756.7,4892,0
2026-01-16 14:20:00+05:30,2756.7,2760.0,2751.6,2759.1,11621,0
2026-01-16 14:25:00+05:30,2759.1,2760.0,2753.3,2756.7,7585,0
2026-01-16 14:30:00+05:30,2756.1,2756.8,2751.5,2751.6,8582,0
2026-01-16 14:35:00+05:30,2751.6,2756.2,2751.3,2755.2,5321,0
2026-01-16 14:40:00+05:30,2755.2,2761.5,2755.1,2756.2,10242,0
2026-01-16 14:45:00+05:30,2756.5,2757.1,2750.5,2751.8,7986,0
2026-01-16 14:50:00+05:30,2753.4,2756.8,2751.3,2755.7,8469,0
2026-01-16 14:55:00+05:30,2755.9,2758.6,2754.1,2758.6,16492,0
2026-01-16 15:00:00+05:30,2757.7,2759.7,2754.0,2759.6,25929,0
2026-01-16 15:05:00+05:30,2759.6,2759.8,2754.1,2754.9,27049,0
2026-01-16 15:10:00+05:30,2754.9,2758.5,2753.4,2756.3,30492,0
2026-01-16 15:15:00+05:30,2756.3,2759.0,2754.6,2756.5,29327,0
2026-01-16 15:20:00+05:30,2756.6,2759.7,2755.2,2755.5,41810,0
2026-01-16 15:25:00+05:30,2755.5,2757.2,2753.5,2756.7,30893,0
2026-01-19 09:15:00+05:30,2756.9,2768.9,2755.0,2757.0,31576,0
2026-01-19 09:20:00+05:30,2757.0,2764.5,2752.1,2759.2,42997,0
2026-01-19 09:25:00+05:30,2758.7,2761.3,2750.3,2753.3,37695,0
2026-01-19 09:30:00+05:30,2753.0,2765.9,2751.7,2765.9,9314,0
2026-01-19 09:35:00+05:30,2766.0,2775.9,2765.0,2765.3,15455,0
2026-01-19 09:40:00+05:30,2765.8,2769.3,2764.5,2767.7,5893,0
2026-01-19 09:45:00+05:30,2767.7,2768.0,2764.2,2766.9,5679,0
2026-01-19 09:50:00+05:30,2766.9,2771.0,2765.5,2766.3,6620,0
2026-01-19 09:55:00+05:30,2766.3,2769.7,2766.0,2768.6,3811,0
2026-01-19 10:00:00+05:30,2768.6,2768.6,2760.0,2762.9,11313,0
2026-01-19 10:05:00+05:30,2762.2,2770.0,2762.2,2768.7,7599,0
2026-01-19 10:10:00+05:30,2768.7,2769.6,2764.6,2765.9,3109,0
2026-01-19 10:15:00+05:30,2766.8,2769.3,2766.3,2767.7,3841,0
2026-01-19 10:20:00+05:30,2767.7,2771.0,2767.7,2769.7,5602,0
2026-01-19 10:25:00+05:30,2769.7,2771.2,2766.0,2769.9,84748,0
2026-01-19 10:30:00+05:30,2769.9,2774.6,2768.0,2772.9,58470,0
2026-01-19 10:35:00+05:30,2773.0,2775.5,2772.6,2773.9,11155,0
2026-01-19 10:40:00+05:30,2774.0,2774.0,2767.9,2768.6,4906,0
2026-01-19 10:45:00+05:30,2769.2,2771.0,2768.6,2770.0,14704,0
2026-01-19 10:50:00+05:30,2769.6,2773.9,2769.6,2773.9,22098,0
2026-01-19 10:55:00+05:30,2773.5,2782.2,2769.9,2778.5,60928,0
2026-01-19 11:00:00+05:30,2778.5,2786.3,2778.0,2781.9,39213,0
2026-01-19 11:05:00+05:30,2781.2,2783.4,2778.7,2780.2,34094,0
2026-01-19 11:10:00+05:30,2780.3,2782.5,2777.0,2779.2,11470,0
2026-01-19 11:15:00+05:30,2779.2,2780.0,2778.6,2779.0,5404,0
2026-01-19 11:20:00+05:30,2779.4,2784.4,2775.5,2782.5,32659,0
2026-01-19 11:25:00+05:30,2782.5,2783.6,2780.0,2780.6,2481,0
2026-01-19 11:30:00+05:30,2780.6,2780.6,2777.5,2779.8,2207,0
2026-01-19 11:35:00+05:30,2779.8,2782.4,2774.0,2782.2,68766,0
2026-01-19 11:40:00+05:30,2782.1,2782.3,2778.3,2780.1,2348,0
2026-01-19 11:45:00+05:30,2780.1,2780.1,2772.4,2775.4,5264,0
2026-01-19 11:50:00+05:30,2775.4,2776.7,2771.1,2775.8,17042,0
2026-01-19 11:55:00+05:30,2776.0,2776.4,2774.3,2774.6,3804,0
2026-01-19 12:00:00+05:30,2775.0,2775.0,2773.0,2774.0,4936,0
2026-01-19 12:05:00+05:30,2774.0,2775.3,2772.9,2774.2,5414,0
2026-01-19 12:10:00+05:30,2773.3,2776.3,2773.3,2775.0,4534,0
2026-01-19 12:15:00+05:30,2774.5,2779.3,2774.0,2774.1,8294,0
2026-01-19 12:20:00+05:30,2775.0,2776.0,2773.0,2773.8,5003,0
2026-01-19 12:25:00+05:30,2773.7,2774.6,2770.8,2773.0,44313,0
2026-01-19 12:30:00+05:30,2773.0,2774.2,2770.3,2773.0,9842,0
2026-01-19 12:35:00+05:30,2773.0,2773.8,2766.9,2767.5,81721,0
2026-01-19 12:40:00+05:30,2767.0,2769.1,2763.7,2765.3,26027,0
2026-01-19 12:45:00+05:30,2765.8,2766.4,2753.6,2759.1,19329,0
2026-01-19 12:50:00+05:30,2759.1,2765.0,2756.8,2763.9,16470,0
2026-01-19 12:55:00+05:30,2763.9,2768.4,2762.2,2768.1,21862,0
2026-01-19 13:00:00+05:30,2768.1,2769.2,2766.1,2768.0,7695,0
2026-01-19 13:05:00+05:30,2768.0,2769.4,2761.0,2762.9,11616,0
2026-01-19 13:10:00+05:30,2762.9,2767.9,2760.0,2764.1,15891,0
2026-01-19 13:15:00+05:30,2765.0,2765.8,2761.5,2762.7,8888,0
2026-01-19 13:20:00+05:30,2762.8,2765.2,2762.4,2762.6,7628,0
2026-01-19 13:25:00+05:30,2763.0,2767.8,2762.6,2765.8,9431,0
2026-01-19 13:30:00+05:30,2766.0,2769.9,2765.7,2769.2,8494,0
2026-01-19 13:35:00+05:30,2769.1,2770.0,2767.4,2767.7,4431,0
2026-01-19 13:40:00+05:30,2767.7,2768.8,2766.0,2768.0,9828,0
2026-01-19 13:45:00+05:30,2768.0,2772.5,2766.2,2771.6,10712,0
2026-01-19 13:50:00+05:30,2771.6,2773.3,2769.6,2772.7,7401,0
2026-01-19 13:55:00+05:30,2772.6,2775.5,2770.5,2774.6,7684,0
2026-01-19 14:00:00+05:30,2775.0,2777.3,2772.5,2774.9,8768,0
2026-01-19 14:05:00+05:30,2775.0,2781.0,2774.9,2776.8,73703,0
2026-01-19 14:10:00+05:30,2776.5,2777.3,2768.6,2770.1,19808,0
2026-01-19 14:15:00+05:30,2770.1,2771.1,2768.0,2769.7,9798,0
2026-01-19 14:20:00+05:30,2770.0,2772.2,2768.0,2769.7,11440,0
2026-01-19 14:25:00+05:30,2769.9,2771.0,2764.0,2764.5,8075,0
2026-01-19 14:30:00+05:30,2765.2,2766.9,2764.5,2766.2,5506,0
2026-01-19 14:35:00+05:30,2766.7,2767.8,2765.0,2767.2,6499,0
2026-01-19 14:40:00+05:30,2767.3,2769.5,2766.1,2768.4,6591,0
2026-01-19 14:45:00+05:30,2768.5,2770.8,2767.2,2769.3,6641,0
2026-01-19 14:50:00+05:30,2769.6,2772.4,2766.8,2771.9,9639,0
2026-01-19 14:55:00+05:30,2771.9,2773.8,2768.4,2770.6,20929,0
2026-01-19 15:00:00+05:30,2770.4,2772.0,2762.3,2763.8,22158,0
2026-01-19 15:05:00+05:30,2763.9,2764.9,2757.2,2757.5,15467,0
2026-01-19 15:10:00+05:30,2757.7,2760.0,2752.0,2753.3,23222,0
2026-01-19 15:15:00+05:30,2753.9,2753.9,2748.4,2751.9,16169,0
2026-01-19 15:20:00+05:30,2752.7,2752.9,2747.0,2750.4,18473,0
2026-01-19 15:25:00+05:30,2750.4,2750.4,2724.7,2736.8,29415,0
2026-01-20 09:15:00+05:30,2740.0,2740.1,2722.0,2731.2,37280,0
2026-01-20 09:20:00+05:30,2731.9,2732.0,2720.4,2721.4,71322,0
2026-01-20 09:25:00+05:30,2721.5,2721.5,2710.0,2711.7,21485,0
2026-01-20 09:30:00+05:30,2712.9,2713.3,2702.4,2705.3,25846,0
2026-01-20 09:35:00+05:30,2705.3,2711.9,2702.8,2708.2,11490,0
2026-01-20 09:40:00+05:30,2708.2,2715.4,2708.1,2710.0,8550,0
2026-01-20 09:45:00+05:30,2710.0,2712.7,2708.5,2712.7,4921,0
2026-01-20 09:50:00+05:30,2712.7,2714.7,2706.8,2707.8,5689,0
2026-01-20 09:55:00+05:30,2707.0,2711.6,2707.0,2708.8,4076,0
2026-01-20 10:00:00+05:30,2708.8,2713.9,2708.6,2713.1,5414,0
2026-01-20 10:05:00+05:30,2713.2,2717.2,2711.4,2716.0,4463,0
2026-01-20 10:10:00+05:30,2716.4,2720.0,2712.4,2715.5,18407,0
2026-01-20 10:15:00+05:30,2715.5,2715.5,2711.1,2714.5,5721,0
2026-01-20 10:20:00+05:30,2714.5,2717.0,2713.2,2713.9,6543,0
2026-01-20 10:25:00+05:30,2714.6,2714.6,2707.0,2708.3,8119,0
2026-01-20 10:30:00+05:30,2709.1,2713.5,2706.0,2712.4,11470,0
2026-01-20 10:35:00+05:30,2712.4,2717.7,2711.1,2715.7,13155,0
2026-01-20 10:40:00+05:30,2715.7,2718.0,2714.6,2715.2,4538,0
2026-01-20 10:45:00+05:30,2715.2,2716.7,2712.4,2712.4,7115,0
2026-01-20 10:50:00+05:30,2712.9,2712.9,2709.0,2711.6,9047,0
2026-01-20 10:55:00+05:30,2711.6,2711.6,2708.4,2709.9,7852,0
2026-01-20 11:00:00+05:30,2710.0,2710.9,2706.4,2710.3,10133,0
2026-01-20 11:05:00+05:30,2710.3,2710.3,2707.7,2707.9,5704,0
2026-01-20 11:10:00+05:30,2707.9,2711.5,2707.6,2710.2,5795,0
2026-01-20 11:15:00+05:30,2710.2,2719.2,2709.1,2715.8,7980,0
2026-01-20 11:20:00+05:30,2715.8,2716.4,2715.0,2715.7,3405,0
2026-01-20 11:25:00+05:30,2715.7,2718.0,2714.4,2714.9,9159,0
2026-01-20 11:30:00+05:30,2715.8,2721.9,2715.4,2720.3,7297,0
2026-01-20 11:35:00+05:30,2720.3,2723.0,2715.5,2718.2,10644,0
2026-01-20 11:40:00+05:30,2718.6,2728.8,2718.5,2724.8,101214,0
2026-01-20 11:45:00+05:30,2724.8,2724.9,2721.3,2724.7,2721,0
2026-01-20 11:50:00+05:30,2724.7,2727.0,2724.5,2726.8,3174,0
2026-01-20 11:55:00+05:30,2726.8,2727.0,2722.0,2723.7,7806,0
2026-01-20 12:00:00+05:30,2724.6,2725.2,2721.3,2722.4,4195,0
2026-01-20 12:05:00+05:30,2722.3,2723.6,2720.9,2721.6,3156,0
2026-01-20 12:10:00+05:30,2721.7,2722.7,2719.1,2722.7,3298,0
2026-01-20 12:15:00+05:30,2722.7,2723.6,2721.0,2722.8,5121,0
2026-01-20 12:20:00+05:30,2722.8,2728.0,2719.0,2719.3,7286,0
2026-01-20 12:25:00+05:30,2719.3,2721.0,2717.2,2718.1,14797,0
2026-01-20 12:30:00+05:30,2718.5,2719.4,2714.8,2716.7,7874,0
2026-01-20 12:35:00+05:30,2716.6,2717.0,2715.0,2716.7,2439,0
2026-01-20 12:40:00+05:30,2716.7,2717.7,2711.5,2712.2,3916,0
2026-01-20 12:45:00+05:30,2713.1,2714.5,2710.1,2712.2,3449,0
2026-01-20 12:50:00+05:30,2712.6,2714.5,2710.0,2710.1,5954,0
2026-01-20 12:55:00+05:30,2710.8,2714.3,2710.1,2712.1,3089,0
2026-01-20 13:00:00+05:30,2713.0,2713.8,2712.0,2712.4,2828,0
2026-01-20 13:05:00+05:30,2712.5,2712.5,2708.7,2710.3,4311,0
2026-01-20 13:10:00+05:30,2710.3,2710.5,2707.1,2707.3,4080,0
2026-01-20 13:15:00+05:30,2708.0,2708.3,2701.2,2702.4,12175,0
2026-01-20 13:20:00+05:30,2702.6,2703.4,2696.4,2701.3,24831,0
2026-01-20 13:25:00+05:30,2701.3,2702.9,2700.4,2701.1,6635,0
2026-01-20 13:30:00+05:30,2701.4,2702.7,2697.0,2699.4,9968,0
2026-01-20 13:35:00+05:30,2699.7,2699.9,2692.5,2694.8,10275,0
2026-01-20 13:40:00+05:30,2694.9,2696.7,2692.9,2694.8,6166,0
2026-01-20 13:45:00+05:30,2695.6,2696.3,2691.3,2693.8,5261,0
2026-01-20 13:50:00+05:30,2694.0,2697.1,2693.5,2694.2,14570,0
2026-01-20 13:55:00+05:30,2694.5,2696.4,2693.1,2694.3,3782,0
2026-01-20 14:00:00+05:30,2695.0,2699.1,2691.0,2698.0,13177,0
2026-01-20 14:05:00+05:30,2697.7,2697.7,2691.2,2692.4,8941,0
2026-01-20 14:10:00+05:30,2692.4,2696.2,2689.9,2694.9,18165,0
2026-01-20 14:15:00+05:30,2694.9,2697.9,2694.6,2696.3,13183,0
2026-01-20 14:20:00+05:30,2696.3,2696.4,2689.0,2690.9,18161,0
2026-01-20 14:25:00+05:30,2690.9,2695.8,2690.7,2695.0,4600,0
2026-01-20 14:30:00+05:30,2695.0,2695.7,2690.0,2690.0,7172,0
2026-01-20 14:35:00+05:30,2691.0,2691.0,2686.4,2687.9,16223,0
2026-01-20 14:40:00+05:30,2687.9,2687.9,2684.3,2686.7,13500,0
2026-01-20 14:45:00+05:30,2686.7,2691.0,2686.4,2690.7,6355,0
2026-01-20 14:50:00+05:30,2690.8,2692.0,2688.3,2691.1,4429,0
2026-01-20 14:55:00+05:30,2691.1,2692.8,2686.2,2687.7,19386,0
2026-01-20 15:00:00+05:30,2687.7,2687.7,2680.0,2680.7,19382,0
2026-01-20 15:05:00+05:30,2680.5,2684.2,2679.4,2679.9,18022,0
2026-01-20 15:10:00+05:30,2679.6,2679.9,2672.6,2674.4,20821,0
2026-01-20 15:15:00+05:30,2674.1,2677.0,2670.0,2672.2,26727,0
2026-01-20 15:20:00+05:30,2671.4,2674.2,2670.4,2671.8,22350,0
2026-01-20 15:25:00+05:30,2671.0,2680.0,2669.3,2680.0,23173,0
2026-01-21 09:15:00+05:30,2670.0,2688.0,2667.9,2669.5,32230,0
2026-01-21 09:20:00+05:30,2668.8,2678.0,2661.6,2678.0,32285,0
2026-01-21 09:25:00+05:30,2677.0,2680.9,2669.7,2670.0,13776,0
2026-01-21 09:30:00+05:30,2670.0,2676.7,2667.4,2673.3,12307,0
2026-01-21 09:35:00+05:30,2673.9,2675.0,2664.4,2664.4,14027,0
2026-01-21 09:40:00+05:30,2664.7,2672.1,2664.5,2665.5,8032,0
2026-01-21 09:45:00+05:30,2665.5,2671.4,2658.0,2666.3,28185,0
2026-01-21 09:50:00+05:30,2666.0,2670.9,2663.8,2669.4,10376,0
2026-01-21 09:55:00+05:30,2668.2,2672.6,2661.0,2662.7,11806,0
2026-01-21 10:00:00+05:30,2662.0,2669.2,2661.1,2666.0,9136,0
2026-01-21 10:05:00+05:30,2664.6,2667.3,2664.0,2665.0,5878,0
2026-01-21 10:10:00+05:30,2665.2,2668.2,2661.4,2662.3,6975,0
2026-01-21 10:15:00+05:30,2662.2,2665.2,2661.4,2664.8,8116,0
2026-01-21 10:20:00+05:30,2665.0,2667.1,2660.0,2661.2,9009,0
2026-01-21 10:25:00+05:30,2661.2,2664.6,2660.0,2660.4,8435,0
2026-01-21 10:30:00+05:30,2660.0,2662.4,2658.5,2659.7,10003,0
2026-01-21 10:35:00+05:30,2659.8,2661.9,2652.4,2653.0,10665,0
2026-01-21 10:40:00+05:30,2652.4,2653.6,2649.9,2651.3,11636,0
2026-01-21 10:45:00+05:30,2651.1,2662.1,2651.1,2658.2,21279,0
2026-01-21 10:50:00+05:30,2659.4,2666.3,2658.5,2662.5,11094,0
2026-01-21 10:55:00+05:30,2662.6,2665.5,2657.2,2665.5,13917,0
2026-01-21 11:00:00+05:30,2664.6,2667.9,2664.5,2666.6,7269,0
2026-01-21 11:05:00+05:30,2666.0,2666.0,2662.0,2665.3,14893,0
2026-01-21 11:10:00+05:30,2664.7,2673.4,2664.6,2672.2,16551,0
2026-01-21 11:15:00+05:30,2672.1,2672.7,2666.9,2671.7,13132,0
2026-01-21 11:20:00+05:30,2672.0,2673.0,2664.2,2668.3,12942,0
2026-01-21 11:25:00+05:30,2668.3,2668.7,2659.0,2659.8,12367,0
2026-01-21 11:30:00+05:30,2659.8,2660.1,2652.8,2653.8,21847,0
2026-01-21 11:35:00+05:30,2653.3,2663.9,2652.1,2656.0,18462,0
2026-01-21 11:40:00+05:30,2656.0,2657.3,2648.0,2656.3,16042,0
2026-01-21 11:45:00+05:30,2656.0,2660.0,2655.1,2656.6,4845,0
2026-01-21 11:50:00+05:30,2656.6,2663.6,2656.0,2660.8,6332,0
2026-01-21 11:55:00+05:30,2660.9,2663.6,2659.5,2663.5,4459,0
2026-01-21 12:00:00+05:30,2663.4,2668.0,2660.6,2667.3,11121,0
2026-01-21 12:05:00+05:30,2667.3,2670.0,2665.0,2667.3,14815,0
2026-01-21 12:10:00+05:30,2667.3,2669.5,2666.0,2669.4,6299,0
2026-01-21 12:15:00+05:30,2669.4,2675.9,2668.8,2672.3,8538,0
2026-01-21 12:20:00+05:30,2672.4,2677.0,2672.3,2674.7,10011,0
2026-01-21 12:25:00+05:30,2674.8,2674.9,2665.0,2666.8,7869,0
2026-01-21 12:30:00+05:30,2666.8,2671.8,2666.7,2671.5,6684,0
2026-01-21 12:35:00+05:30,2671.5,2675.1,2670.5,2675.0,5693,0
2026-01-21 12:40:00+05:30,2674.9,2677.4,2673.3,2677.4,7917,0
2026-01-21 12:45:00+05:30,2677.4,2682.1,2676.8,2681.4,4748,0
2026-01-21 12:50:00+05:30,2681.4,2681.9,2678.3,2681.4,5559,0
2026-01-21 12:55:00+05:30,2681.4,2681.7,2678.3,2680.7,8230,0
2026-01-21 13:00:00+05:30,2680.6,2682.4,2675.7,2677.9,14027,0
2026-01-21 13:05:00+05:30,2677.6,2679.3,2675.0,2676.1,7829,0
2026-01-21 13:10:00+05:30,2675.8,2678.4,2673.0,2676.9,14213,0
2026-01-21 13:15:00+05:30,2676.9,2676.9,2672.4,2675.0,8872,0
2026-01-21 13:20:00+05:30,2675.0,2679.9,2674.1,2678.1,16959,0
2026-01-21 13:25:00+05:30,2677.9,2680.0,2676.4,2680.0,12197,0
2026-01-21 13:30:00+05:30,2680.0,2680.9,2676.9,2678.5,9672,0
2026-01-21 13:35:00+05:30,2678.3,2682.9,2678.3,2679.8,6290,0
2026-01-21 13:40:00+05:30,2679.8,2680.5,2675.6,2677.9,8923,0
2026-01-21 13:45:00+05:30,2677.9,2681.5,2677.5,2680.2,6166,0
2026-01-21 13:50:00+05:30,2680.2,2680.7,2677.0,2677.5,5087,0
2026-01-21 13:55:00+05:30,2677.5,2677.9,2668.5,2668.5,12760,0
2026-01-21 14:00:00+05:30,2668.9,2669.9,2662.7,2663.4,8884,0
2026-01-21 14:05:00+05:30,2663.4,2664.7,2660.1,2660.7,3539,0
2026-01-21 14:10:00+05:30,2660.7,2660.8,2653.8,2653.8,3925,0
2026-01-21 14:15:00+05:30,2654.0,2661.4,2652.5,2657.9,4573,0
2026-01-21 14:20:00+05:30,2658.3,2658.3,2652.6,2654.3,4687,0
2026-01-21 14:25:00+05:30,2654.3,2655.0,2650.7,2651.0,3945,0
2026-01-21 14:30:00+05:30,2650.9,2656.6,2650.9,2655.1,7025,0
2026-01-21 14:35:00+05:30,2655.0,2658.6,2654.2,2657.3,7550,0
2026-01-21 14:40:00+05:30,2658.3,2660.0,2655.1,2656.7,6723,0
2026-01-21 14:45:00+05:30,2656.2,2657.9,2654.5,2657.3,6692,0
2026-01-21 14:50:00+05:30,2657.8,2660.7,2657.3,2660.3,6593,0
2026-01-21 14:55:00+05:30,2660.0,2665.1,2660.0,2661.5,6718,0
2026-01-21 15:00:00+05:30,2661.5,2664.3,2658.3,2660.9,25169,0
2026-01-21 15:05:00+05:30,2660.9,2665.0,2659.2,2662.1,26939,0
2026-01-21 15:10:00+05:30,2662.1,2662.2,2658.2,2659.9,25353,0
2026-01-21 15:15:00+05:30,2659.9,2661.3,2656.6,2660.8,28453,0
2026-01-21 15:20:00+05:30,2660.8,2662.8,2658.1,2662.1,39466,0
2026-01-21 15:25:00+05:30,2662.1,2667.4,2658.8,2666.0,39292,0
2026-01-22 09:15:00+05:30,2665.3,2710.7,2665.3,2710.1,46442,0
2026-01-22 09:20:00+05:30,2710.2,2726.6,2706.2,2721.0,29752,0
2026-01-22 09:25:00+05:30,2721.9,2728.8,2720.6,2723.4,21626,0
2026-01-22 09:30:00+05:30,2723.4,2725.7,2717.3,2723.8,34360,0
2026-01-22 09:35:00+05:30,2723.8,2729.9,2720.0,2720.0,31089,0
2026-01-22 09:40:00+05:30,2720.8,2728.0,2720.0,2724.0,14963,0
2026-01-22 09:45:00+05:30,2724.8,2726.3,2719.3,2719.4,18326,0
2026-01-22 09:50:00+05:30,2720.5,2725.0,2719.3,2719.6,10033,0
2026-01-22 09:55:00+05:30,2719.5,2720.7,2715.2,2718.6,11023,0
2026-01-22 10:00:00+05:30,2719.1,2719.9,2708.1,2712.5,13365,0
2026-01-22 10:05:00+05:30,2712.7,2716.7,2710.7,2710.7,7353,0
2026-01-22 10:10:00+05:30,2711.5,2713.9,2705.5,2706.5,13542,0
2026-01-22 10:15:00+05:30,2706.2,2710.3,2702.5,2703.0,7762,0
2026-01-22 10:20:00+05:30,2703.0,2706.6,2698.6,2705.7,9205,0
2026-01-22 10:25:00+05:30,2706.8,2708.2,2701.4,2703.8,7179,0
2026-01-22 10:30:00+05:30,2703.7,2708.5,2701.2,2706.6,9143,0
2026-01-22 10:35:00+05:30,2706.6,2708.8,2702.3,2704.1,6275,0
2026-01-22 10:40:00+05:30,2704.1,2705.0,2699.3,2702.1,5943,0
2026-01-22 10:45:00+05:30,2702.3,2702.5,2695.0,2696.0,8388,0
2026-01-22 10:50:00+05:30,2696.0,2697.8,2693.0,2697.8,10820,0
2026-01-22 10:55:00+05:30,2697.8,2698.3,2692.2,2692.8,7223,0
2026-01-22 11:00:00+05:30,2693.5,2698.3,2692.0,2694.6,6513,0
2026-01-22 11:05:00+05:30,2694.9,2698.2,2692.5,2696.9,5055,0
2026-01-22 11:10:00+05:30,2696.4,2698.0,2692.8,2696.4,5601,0
2026-01-22 11:15:00+05:30,2695.6,2699.3,2691.0,2693.5,10653,0
2026-01-22 11:20:00+05:30,2693.4,2694.7,2689.2,2692.1,39980,0
2026-01-22 11:25:00+05:30,2692.1,2694.0,2690.1,2691.9,12142,0
2026-01-22 11:30:00+05:30,2691.8,2692.2,2688.1,2690.9,7206,0
2026-01-22 11:35:00+05:30,2690.9,2693.4,2689.8,2693.4,8274,0
2026-01-22 11:40:00+05:30,2693.4,2696.7,2689.1,2690.6,21968,0
2026-01-22 11:45:00+05:30,2690.4,2692.1,2684.1,2690.4,6364,0
2026-01-22 11:50:00+05:30,2689.6,2692.5,2687.2,2688.2,5106,0
2026-01-22 11:55:00+05:30,2688.4,2689.7,2686.2,2687.2,4508,0
2026-01-22 12:00:00+05:30,2687.2,2690.1,2685.8,2686.1,6492,0
2026-01-22 12:05:00+05:30,2686.1,2693.2,2683.0,2692.3,11892,0
2026-01-22 12:10:00+05:30,2692.3,2693.0,2686.5,2688.1,6797,0
2026-01-22 12:15:00+05:30,2688.4,2693.1,2687.6,2692.9,7870,0
2026-01-22 12:20:00+05:30,2692.8,2698.6,2691.7,2695.7,16778,0
2026-01-22 12:25:00+05:30,2695.9,2697.5,2694.0,2696.1,6672,0
2026-01-22 12:30:00+05:30,2696.0,2696.2,2692.3,2694.6,5837,0
2026-01-22 12:35:00+05:30,2695.0,2696.2,2692.1,2693.6,4667,0
2026-01-22 12:40:00+05:30,2693.6,2694.0,2689.3,2691.2,12427,0
2026-01-22 12:45:00+05:30,2691.2,2693.0,2690.9,2692.9,4497,0
2026-01-22 12:50:00+05:30,2692.9,2694.8,2690.6,2690.7,32582,0
2026-01-22 12:55:00+05:30,2690.6,2691.8,2686.3,2687.9,7863,0
2026-01-22 13:00:00+05:30,2688.7,2693.0,2687.1,2692.2,6105,0
2026-01-22 13:05:00+05:30,2692.1,2692.2,2685.9,2687.5,7252,0
2026-01-22 13:10:00+05:30,2687.5,2689.8,2681.9,2681.9,7916,0
2026-01-22 13:15:00+05:30,2682.3,2687.2,2680.2,2686.5,10157,0
2026-01-22 13:20:00+05:30,2687.2,2690.3,2685.1,2689.1,7838,0
2026-01-22 13:25:00+05:30,2689.3,2690.0,2686.7,2688.4,9114,0
2026-01-22 13:30:00+05:30,2688.4,2693.0,2686.2,2692.9,6000,0
2026-01-22 13:35:00+05:30,2693.0,2693.5,2691.0,2691.6,25650,0
2026-01-22 13:40:00+05:30,2691.6,2693.0,2690.0,2692.0,6453,0
2026-01-22 13:45:00+05:30,2692.5,2696.2,2691.4,2696.2,12688,0
2026-01-22 13:50:00+05:30,2695.8,2700.5,2694.8,2700.3,10709,0
2026-01-22 13:55:00+05:30,2701.0,2706.9,2700.7,2704.0,11693,0
2026-01-22 14:00:00+05:30,2705.0,2709.9,2703.8,2705.0,15148,0
2026-01-22 14:05:00+05:30,2706.0,2707.7,2698.5,2700.2,32288,0
2026-01-22 14:10:00+05:30,2700.9,2702.6,2698.3,2699.9,23182,0
2026-01-22 14:15:00+05:30,2700.2,2705.0,2699.2,2703.6,19949,0
2026-01-22 14:20:00+05:30,2704.9,2707.2,2701.9,2707.0,7833,0
2026-01-22 14:25:00+05:30,2706.9,2713.9,2703.0,2712.4,10181,0
2026-01-22 14:30:00+05:30,2712.9,2719.8,2712.9,2717.7,19012,0
2026-01-22 14:35:00+05:30,2718.5,2720.0,2712.2,2717.0,32895,0
2026-01-22 14:40:00+05:30,2717.0,2718.5,2708.0,2708.3,20037,0
2026-01-22 14:45:00+05:30,2708.3,2712.5,2708.1,2711.8,38415,0
2026-01-22 14:50:00+05:30,2711.5,2712.6,2706.6,2706.9,39364,0
2026-01-22 14:55:00+05:30,2707.8,2708.6,2706.0,2707.2,8572,0
2026-01-22 15:00:00+05:30,2707.2,2707.5,2698.9,2700.3,43916,0
2026-01-22 15:05:00+05:30,2700.3,2704.3,2700.0,2703.6,35517,0
2026-01-22 15:10:00+05:30,2703.6,2705.1,2699.1,2704.4,56073,0
2026-01-22 15:15:00+05:30,2704.5,2709.8,2701.8,2701.8,55222,0
2026-01-22 15:20:00+05:30,2702.0,2708.2,2700.7,2704.1,69261,0
2026-01-22 15:25:00+05:30,2704.6,2708.7,2700.0,2704.2,60166,0
2026-01-23 09:15:00+05:30,2703.8,2708.3,2690.8,2706.3,24651,0
2026-01-23 09:20:00+05:30,2706.0,2714.4,2702.3,2712.7,7076,0
2026-01-23 09:25:00+05:30,2713.3,2730.0,2711.5,2727.0,18295,0
2026-01-23 09:30:00+05:30,2727.4,2734.0,2722.5,2731.2,17812,0
2026-01-23 09:35:00+05:30,2731.8,2741.0,2731.8,2737.9,29073,0
2026-01-23 09:40:00+05:30,2737.9,2742.7,2735.1,2738.6,17181,0
2026-01-23 09:45:00+05:30,2737.8,2742.9,2733.2,2742.8,12916,0
2026-01-23 09:50:00+05:30,2741.6,2746.2,2739.3,2741.3,12509,0
2026-01-23 09:55:00+05:30,2742.0,2742.0,2736.2,2738.5,7261,0
2026-01-23 10:00:00+05:30,2737.8,2742.0,2737.3,2739.3,5138,0
2026-01-23 10:05:00+05:30,2739.3,2742.0,2737.3,2738.3,7622,0
2026-01-23 10:10:00+05:30,2738.4,2744.7,2737.6,2737.9,11663,0
2026-01-23 10:15:00+05:30,2737.9,2742.0,2737.0,2740.0,5346,0
2026-01-23 10:20:00+05:30,2739.2,2741.6,2736.3,2739.8,9887,0
2026-01-23 10:25:00+05:30,2739.8,2745.0,2739.2,2744.5,7167,0
2026-01-23 10:30:00+05:30,2744.9,2748.2,2744.7,2747.6,18433,0
2026-01-23 10:35:00+05:30,2747.8,2757.3,2747.1,2756.0,22940,0
2026-01-23 10:40:00+05:30,2755.6,2764.9,2755.6,2763.4,18226,0
2026-01-23 10:45:00+05:30,2763.7,2766.9,2759.4,2761.7,22740,0
2026-01-23 10:50:00+05:30,2761.5,2766.0,2761.0,2765.9,7845,0
2026-01-23 10:55:00+05:30,2765.9,2775.0,2765.3,2774.7,33610,0
2026-01-23 11:00:00+05:30,2774.7,2777.0,2769.0,2771.2,24314,0
2026-01-23 11:05:00+05:30,2771.2,2779.0,2770.3,2777.7,20228,0
2026-01-23 11:10:00+05:30,2777.7,2782.9,2775.1,2782.0,26715,0
2026-01-23 11:15:00+05:30,2782.0,2782.2,2763.5,2764.2,41758,0
2026-01-23 11:20:00+05:30,2764.7,2770.2,2758.5,2765.7,48379,0
2026-01-23 11:25:00+05:30,2765.6,2767.0,2758.0,2761.2,43866,0
2026-01-23 11:30:00+05:30,2762.8,2766.5,2761.1,2763.8,13736,0
2026-01-23 11:35:00+05:30,2763.8,2765.9,2758.4,2760.0,14924,0
2026-01-23 11:40:00+05:30,2760.0,2760.5,2757.0,2758.0,19108,0
2026-01-23 11:45:00+05:30,2757.9,2763.0,2755.5,2758.2,33056,0
2026-01-23 11:50:00+05:30,2758.2,2765.0,2758.0,2764.0,10365,0
2026-01-23 11:55:00+05:30,2764.0,2767.7,2758.4,2760.2,17657,0
2026-01-23 12:00:00+05:30,2761.1,2762.0,2759.0,2760.9,19078,0
2026-01-23 12:05:00+05:30,2760.7,2760.7,2757.1,2757.9,10796,0
2026-01-23 12:10:00+05:30,2757.9,2759.5,2751.1,2755.6,26185,0
2026-01-23 12:15:00+05:30,2755.6,2768.0,2755.4,2765.7,16466,0
2026-01-23 12:20:00+05:30,2765.7,2772.6,2763.0,2767.0,44985,0
2026-01-23 12:25:00+05:30,2767.0,2769.6,2764.4,2765.8,14971,0
2026-01-23 12:30:00+05:30,2765.9,2776.0,2765.8,2771.3,20074,0
2026-01-23 12:35:00+05:30,2771.6,2774.3,2767.3,2769.7,16308,0
2026-01-23 12:40:00+05:30,2769.8,2769.9,2760.4,2764.2,26838,0
2026-01-23 12:45:00+05:30,2764.8,2768.2,2757.0,2759.6,47644,0
2026-01-23 12:50:00+05:30,2759.9,2762.0,2758.2,2761.7,17199,0
2026-01-23 12:55:00+05:30,2761.7,2768.7,2760.0,2767.1,20509,0
2026-01-23 13:00:00+05:30,2766.7,2768.0,2759.5,2762.5,18136,0
2026-01-23 13:05:00+05:30,2762.0,2762.4,2758.1,2759.5,14410,0
2026-01-23 13:10:00+05:30,2759.0,2765.0,2758.1,2764.6,31700,0
2026-01-23 13:15:00+05:30,2764.0,2766.0,2756.5,2757.5,20968,0
2026-01-23 13:20:00+05:30,2757.5,2758.3,2748.3,2749.3,22991,0
2026-01-23 13:25:00+05:30,2749.9,2754.0,2748.5,2750.2,28400,0
2026-01-23 13:30:00+05:30,2750.2,2751.0,2744.8,2744.8,25137,0
2026-01-23 13:35:00+05:30,2745.8,2752.4,2744.1,2747.6,63269,0
2026-01-23 13:40:00+05:30,2747.6,2748.5,2740.0,2741.0,23528,0
2026-01-23 13:45:00+05:30,2740.8,2743.0,2739.7,2742.0,18123,0
2026-01-23 13:50:00+05:30,2742.0,2743.0,2738.3,2739.7,16953,0
2026-01-23 13:55:00+05:30,2740.4,2740.6,2730.0,2732.4,22081,0
2026-01-23 14:00:00+05:30,2733.1,2737.7,2730.6,2732.4,47816,0
2026-01-23 14:05:00+05:30,2732.4,2732.8,2725.7,2732.3,23544,0
2026-01-23 14:10:00+05:30,2732.3,2735.0,2727.8,2729.0,19160,0
2026-01-23 14:15:00+05:30,2728.9,2733.7,2728.0,2730.8,49793,0
2026-01-23 14:20:00+05:30,2730.7,2731.4,2723.9,2726.6,13189,0
2026-01-23 14:25:00+05:30,2726.5,2735.7,2726.5,2730.9,18260,0
2026-01-23 14:30:00+05:30,2730.9,2736.8,2729.8,2734.9,15048,0
2026-01-23 14:35:00+05:30,2735.0,2737.4,2725.0,2728.8,38983,0
2026-01-23 14:40:00+05:30,2728.4,2729.6,2720.5,2721.3,16235,0
2026-01-23 14:45:00+05:30,2721.2,2724.0,2714.0,2715.3,24295,0
2026-01-23 14:50:00+05:30,2715.8,2719.0,2710.4,2716.9,15512,0
2026-01-23 14:55:00+05:30,2716.9,2722.8,2711.0,2711.5,25800,0
2026-01-23 15:00:00+05:30,2711.6,2712.2,2702.6,2702.8,40654,0
2026-01-23 15:05:00+05:30,2702.7,2706.9,2698.4,2701.8,47032,0
2026-01-23 15:10:00+05:30,2701.2,2704.9,2697.4,2704.0,38407,0
2026-01-23 15:15:00+05:30,2704.0,2708.0,2703.0,2705.9,49800,0
2026-01-23 15:20:00+05:30,2705.9,2706.5,2698.9,2700.2,48239,0
2026-01-23 15:25:00+05:30,2700.6,2714.5,2700.4,2704.4,36569,0
2026-01-27 09:15:00+05:30,2719.9,2728.8,2699.9,2713.1,63147,0
2026-01-27 09:20:00+05:30,2713.3,2713.3,2698.5,2700.6,21729,0
2026-01-27 09:25:00+05:30,2700.2,2709.4,2696.4,2709.4,12186,0
2026-01-27 09:30:00+05:30,2708.0,2716.8,2706.2,2708.1,18076,0
2026-01-27 09:35:00+05:30,2707.6,2720.4,2706.3,2719.1,15454,0
2026-01-27 09:40:00+05:30,2718.6,2729.0,2712.4,2729.0,17084,0
2026-01-27 09:45:00+05:30,2729.0,2734.7,2726.8,2729.0,17274,0
2026-01-27 09:50:00+05:30,2729.0,2730.0,2722.1,2724.4,11243,0
2026-01-27 09:55:00+05:30,2724.4,2724.9,2720.4,2721.9,7815,0
2026-01-27 10:00:00+05:30,2721.9,2724.4,2718.4,2718.5,9056,0
2026-01-27 10:05:00+05:30,2719.3,2723.8,2715.4,2719.4,7551,0
2026-01-27 10:10:00+05:30,2719.8,2720.9,2704.5,2711.4,15213,0
2026-01-27 10:15:00+05:30,2710.7,2717.9,2709.0,2714.1,14079,0
2026-01-27 10:20:00+05:30,2713.7,2716.2,2711.9,2713.5,7578,0
2026-01-27 10:25:00+05:30,2713.5,2715.8,2709.3,2709.5,9408,0
2026-01-27 10:30:00+05:30,2709.6,2710.0,2703.8,2704.4,12678,0
2026-01-27 10:35:00+05:30,2705.0,2706.4,2702.7,2706.0,8091,0
2026-01-27 10:40:00+05:30,2706.4,2706.4,2692.9,2694.9,12842,0
2026-01-27 10:45:00+05:30,2694.9,2698.6,2688.7,2690.1,21095,0
2026-01-27 10:50:00+05:30,2689.4,2690.4,2683.1,2688.8,21564,0
2026-01-27 10:55:00+05:30,2688.8,2693.5,2686.5,2688.4,14390,0
2026-01-27 11:00:00+05:30,2688.4,2689.9,2675.4,2680.5,13660,0
2026-01-27 11:05:00+05:30,2680.0,2682.2,2675.0,2680.6,17676,0
2026-01-27 11:10:00+05:30,2680.6,2684.0,2677.2,2680.0,7828,0
2026-01-27 11:15:00+05:30,2681.4,2689.4,2680.6,2688.0,6041,0
2026-01-27 11:20:00+05:30,2687.8,2689.7,2682.0,2683.8,9117,0
2026-01-27 11:25:00+05:30,2683.8,2685.1,2676.4,2680.1,8988,0
2026-01-27 11:30:00+05:30,2680.1,2682.0,2677.9,2679.0,9863,0
2026-01-27 11:35:00+05:30,2678.5,2683.0,2678.5,2682.3,5905,0
2026-01-27 11:40:00+05:30,2682.3,2689.9,2681.0,2689.5,10912,0
2026-01-27 11:45:00+05:30,2689.5,2698.1,2689.1,2690.5,12971,0
2026-01-27 11:50:00+05:30,2690.8,2692.3,2686.0,2686.6,5625,0
2026-01-27 11:55:00+05:30,2686.6,2686.6,2676.9,2685.7,6800,0
2026-01-27 12:00:00+05:30,2685.9,2689.5,2682.0,2687.2,9197,0
2026-01-27 12:05:00+05:30,2687.2,2690.4,2685.7,2686.7,6830,0
2026-01-27 12:10:00+05:30,2686.7,2689.6,2685.0,2685.9,7393,0
2026-01-27 12:15:00+05:30,2685.5,2686.2,2675.1,2675.1,9786,0
2026-01-27 12:20:00+05:30,2675.7,2677.7,2661.8,2668.1,19033,0
2026-01-27 12:25:00+05:30,2668.5,2676.4,2667.3,2676.4,16539,0
2026-01-27 12:30:00+05:30,2676.3,2679.7,2670.0,2673.0,9183,0
2026-01-27 12:35:00+05:30,2673.4,2675.0,2667.9,2670.2,13073,0
2026-01-27 12:40:00+05:30,2670.9,2675.3,2670.7,2672.9,5439,0
2026-01-27 12:45:00+05:30,2672.8,2676.0,2665.6,2666.6,13204,0
2026-01-27 12:50:00+05:30,2666.0,2678.0,2666.0,2676.0,6978,0
2026-01-27 12:55:00+05:30,2676.2,2676.3,2672.0,2673.9,5035,0
2026-01-27 13:00:00+05:30,2673.9,2674.5,2670.2,2672.8,6470,0
2026-01-27 13:05:00+05:30,2672.8,2675.1,2670.6,2672.1,6286,0
2026-01-27 13:10:00+05:30,2672.1,2675.0,2668.3,2675.0,6041,0
2026-01-27 13:15:00+05:30,2674.5,2675.4,2670.0,2673.0,7129,0
2026-01-27 13:20:00+05:30,2673.2,2679.3,2672.6,2678.2,8288,0
2026-01-27 13:25:00+05:30,2678.5,2679.1,2672.4,2676.0,6427,0
2026-01-27 13:30:00+05:30,2675.7,2681.8,2675.0,2677.1,10808,0
2026-01-27 13:35:00+05:30,2676.6,2677.4,2665.4,2666.0,12010,0
2026-01-27 13:40:00+05:30,2666.4,2669.0,2662.4,2666.7,9000,0
2026-01-27 13:45:00+05:30,2666.7,2671.8,2666.7,2671.7,4538,0
2026-01-27 13:50:00+05:30,2671.2,2673.5,2667.9,2669.3,5206,0
2026-01-27 13:55:00+05:30,2669.8,2670.8,2632.2,2640.4,82236,0
2026-01-27 14:00:00+05:30,2641.0,2647.1,2567.9,2574.4,377342,0
2026-01-27 14:05:00+05:30,2574.7,2604.0,2546.0,2601.6,399268,0
2026-01-27 14:10:00+05:30,2601.6,2664.5,2601.3,2632.8,451026,0
2026-01-27 14:15:00+05:30,2631.2,2634.2,2590.2,2615.3,472890,0
2026-01-27 14:20:00+05:30,2615.8,2620.4,2598.0,2617.8,109526,0
2026-01-27 14:25:00+05:30,2617.8,2618.0,2587.6,2594.6,150407,0
2026-01-27 14:30:00+05:30,2594.9,2613.5,2594.5,2611.1,64422,0
2026-01-27 14:35:00+05:30,2611.1,2628.3,2601.0,2626.6,67378,0
2026-01-27 14:40:00+05:30,2627.2,2638.5,2624.6,2626.1,106755,0
2026-01-27 14:45:00+05:30,2626.5,2633.0,2623.7,2629.1,68891,0
2026-01-27 14:50:00+05:30,2630.0,2634.0,2621.4,2628.0,48285,0
2026-01-27 14:55:00+05:30,2628.0,2630.2,2611.1,2617.7,53672,0
2026-01-27 15:00:00+05:30,2618.0,2623.7,2607.5,2623.2,120751,0
2026-01-27 15:05:00+05:30,2623.2,2627.5,2612.6,2616.7,90468,0
2026-01-27 15:10:00+05:30,2616.6,2621.0,2612.1,2617.6,118393,0
2026-01-27 15:15:00+05:30,2617.5,2629.5,2617.3,2627.7,135383,0
2026-01-27 15:20:00+05:30,2627.7,2632.2,2624.9,2631.7,128562,0
2026-01-27 15:25:00+05:30,2631.5,2634.6,2621.5,2628.0,115942,0
2026-01-28 09:15:00+05:30,2535.0,2548.5,2451.0,2466.2,495872,0
2026-01-28 09:20:00+05:30,2465.5,2484.0,2463.7,2482.0,174243,0
2026-01-28 09:25:00+05:30,2482.0,2484.7,2467.6,2476.2,87895,0
2026-01-28 09:30:00+05:30,2475.8,2479.0,2466.1,2470.4,74003,0
2026-01-28 09:35:00+05:30,2469.7,2492.0,2465.0,2487.6,107543,0
2026-01-28 09:40:00+05:30,2487.9,2496.6,2476.0,2482.3,101360,0
2026-01-28 09:45:00+05:30,2481.9,2484.0,2472.0,2474.7,47465,0
2026-01-28 09:50:00+05:30,2474.8,2477.9,2471.1,2475.4,30905,0
2026-01-28 09:55:00+05:30,2475.1,2476.2,2465.0,2467.8,58277,0
2026-01-28 10:00:00+05:30,2467.9,2473.0,2466.0,2468.4,54483,0
2026-01-28 10:05:00+05:30,2468.4,2479.9,2468.0,2475.2,43833,0
2026-01-28 10:10:00+05:30,2475.2,2479.9,2471.8,2472.3,34120,0
2026-01-28 10:15:00+05:30,2472.3,2482.0,2471.7,2480.4,39999,0
2026-01-28 10:20:00+05:30,2480.9,2493.0,2480.5,2491.0,70561,0
2026-01-28 10:25:00+05:30,2490.6,2495.0,2486.6,2487.6,122548,0
2026-01-28 10:30:00+05:30,2486.7,2489.5,2480.5,2484.9,47738,0
2026-01-28 10:35:00+05:30,2484.1,2486.0,2478.2,2485.5,31770,0
2026-01-28 10:40:00+05:30,2485.5,2486.0,2479.4,2480.0,23680,0
2026-01-28 10:45:00+05:30,2480.0,2486.0,2475.5,2485.2,44158,0
2026-01-28 10:50:00+05:30,2485.0,2488.4,2481.3,2485.0,27131,0
2026-01-28 10:55:00+05:30,2485.0,2485.8,2481.3,2483.0,19828,0
2026-01-28 11:00:00+05:30,2483.0,2491.0,2483.0,2488.5,24157,0
2026-01-28 11:05:00+05:30,2488.6,2495.8,2486.6,2492.4,33021,0
2026-01-28 11:10:00+05:30,2492.4,2494.0,2489.8,2491.6,20247,0
2026-01-28 11:15:00+05:30,2492.7,2497.8,2492.0,2496.8,29428,0
2026-01-28 11:20:00+05:30,2496.9,2507.8,2495.1,2507.5,43705,0
2026-01-28 11:25:00+05:30,2507.5,2514.5,2502.9,2513.6,36765,0
2026-01-28 11:30:00+05:30,2513.2,2513.6,2506.8,2509.7,19382,0
2026-01-28 11:35:00+05:30,2509.9,2511.9,2500.4,2505.0,23015,0
2026-01-28 11:40:00+05:30,2505.0,2505.0,2502.2,2504.9,12538,0
2026-01-28 11:45:00+05:30,2504.9,2510.0,2504.0,2509.5,10019,0
2026-01-28 11:50:00+05:30,2509.6,2513.9,2506.7,2512.8,17604,0
2026-01-28 11:55:00+05:30,2512.5,2517.3,2508.3,2512.5,45292,0
2026-01-28 12:00:00+05:30,2512.9,2515.0,2509.1,2512.5,27039,0
2026-01-28 12:05:00+05:30,2512.4,2515.0,2509.1,2511.5,42294,0
2026-01-28 12:10:00+05:30,2511.1,2513.0,2510.0,2511.3,24546,0
2026-01-28 12:15:00+05:30,2511.5,2512.0,2506.4,2510.0,68480,0
2026-01-28 12:20:00+05:30,2510.0,2513.4,2502.2,2504.7,42965,0
2026-01-28 12:25:00+05:30,2504.7,2506.5,2501.0,2504.0,25941,0
2026-01-28 12:30:00+05:30,2504.0,2505.8,2500.0,2502.5,38512,0
2026-01-28 12:35:00+05:30,2502.5,2507.0,2500.0,2501.6,33798,0
2026-01-28 12:40:00+05:30,2501.0,2505.2,2497.2,2504.1,31447,0
2026-01-28 12:45:00+05:30,2503.0,2506.7,2502.8,2506.0,8460,0
2026-01-28 12:50:00+05:30,2505.9,2508.8,2504.2,2507.6,23584,0
2026-01-28 12:55:00+05:30,2508.0,2508.8,2504.7,2506.0,16827,0
2026-01-28 13:00:00+05:30,2506.0,2509.8,2505.8,2506.7,13364,0
2026-01-28 13:05:00+05:30,2506.4,2507.3,2505.0,2506.2,11673,0
2026-01-28 13:10:00+05:30,2506.0,2515.0,2505.8,2513.9,16495,0
2026-01-28 13:15:00+05:30,2513.9,2517.0,2511.6,2515.2,13761,0
2026-01-28 13:20:00+05:30,2515.1,2515.9,2509.2,2511.6,45331,0
2026-01-28 13:25:00+05:30,2511.1,2512.8,2510.2,2510.6,10458,0
2026-01-28 13:30:00+05:30,2510.6,2515.7,2510.5,2514.5,15362,0
2026-01-28 13:35:00+05:30,2514.5,2515.0,2512.9,2514.2,11168,0
2026-01-28 13:40:00+05:30,2514.3,2515.8,2500.0,2500.0,53753,0
2026-01-28 13:45:00+05:30,2500.0,2502.1,2496.3,2499.3,42234,0
2026-01-28 13:50:00+05:30,2499.3,2501.2,2493.0,2500.1,24255,0
2026-01-28 13:55:00+05:30,2500.1,2501.2,2492.6,2497.3,53716,0
2026-01-28 14:00:00+05:30,2497.2,2504.0,2496.4,2501.9,25254,0
2026-01-28 14:05:00+05:30,2502.6,2502.8,2499.1,2500.0,12475,0
2026-01-28 14:10:00+05:30,2499.4,2505.8,2499.0,2505.4,14914,0
2026-01-28 14:15:00+05:30,2505.4,2506.0,2502.5,2504.0,15788,0
2026-01-28 14:20:00+05:30,2504.1,2509.1,2504.1,2507.4,15815,0
2026-01-28 14:25:00+05:30,2507.5,2509.4,2505.8,2508.8,15673,0
2026-01-28 14:30:00+05:30,2508.9,2514.9,2508.7,2513.1,15988,0
2026-01-28 14:35:00+05:30,2513.1,2521.7,2512.5,2516.7,27085,0
2026-01-28 14:40:00+05:30,2516.7,2519.1,2513.4,2517.0,12028,0
2026-01-28 14:45:00+05:30,2517.0,2520.0,2515.6,2518.9,16484,0
2026-01-28 14:50:00+05:30,2518.9,2524.4,2518.6,2520.9,29527,0
2026-01-28 14:55:00+05:30,2521.5,2522.8,2520.0,2520.6,16714,0
2026-01-28 15:00:00+05:30,2520.7,2522.8,2506.1,2511.5,127457,0
2026-01-28 15:05:00+05:30,2512.7,2512.9,2501.7,2507.0,60467,0
2026-01-28 15:10:00+05:30,2507.0,2509.2,2501.1,2508.1,62604,0
2026-01-28 15:15:00+05:30,2508.1,2514.0,2508.1,2511.8,70059,0
2026-01-28 15:20:00+05:30,2512.9,2515.2,2509.6,2512.7,86126,0
2026-01-28 15:25:00+05:30,2512.7,2513.4,2510.0,2512.0,57060,0
2026-01-29 09:15:00+05:30,2511.8,2514.9,2465.0,2466.7,161204,0
2026-01-29 09:20:00+05:30,2466.7,2479.3,2460.6,2475.0,85606,0
2026-01-29 09:25:00+05:30,2475.0,2478.0,2470.0,2470.0,42822,0
2026-01-29 09:30:00+05:30,2470.4,2473.9,2465.2,2470.2,41609,0
2026-01-29 09:35:00+05:30,2471.1,2471.2,2463.0,2465.4,33177,0
2026-01-29 09:40:00+05:30,2465.4,2466.3,2456.0,2457.1,47954,0
2026-01-29 09:45:00+05:30,2457.1,2460.6,2452.0,2455.3,62039,0
2026-01-29 09:50:00+05:30,2455.3,2455.3,2446.2,2447.5,39803,0
2026-01-29 09:55:00+05:30,2447.0,2457.2,2446.3,2453.7,51891,0
2026-01-29 10:00:00+05:30,2454.8,2456.0,2451.0,2452.7,13378,0
2026-01-29 10:05:00+05:30,2452.6,2452.6,2447.0,2449.1,27054,0
2026-01-29 10:10:00+05:30,2449.1,2450.2,2445.6,2448.4,24509,0
2026-01-29 10:15:00+05:30,2447.8,2450.9,2446.0,2446.2,20472,0
2026-01-29 10:20:00+05:30,2446.2,2446.2,2438.0,2438.0,51439,0
2026-01-29 10:25:00+05:30,2439.1,2440.0,2435.0,2435.1,30793,0
2026-01-29 10:30:00+05:30,2435.5,2437.1,2432.2,2435.7,26151,0
2026-01-29 10:35:00+05:30,2435.0,2435.8,2428.3,2430.5,43330,0
2026-01-29 10:40:00+05:30,2430.5,2432.2,2426.2,2429.6,58295,0
2026-01-29 10:45:00+05:30,2429.0,2429.9,2424.0,2424.4,30773,0
2026-01-29 10:50:00+05:30,2424.0,2436.6,2423.2,2433.5,135908,0
2026-01-29 10:55:00+05:30,2433.5,2435.0,2426.0,2429.9,74929,0
2026-01-29 11:00:00+05:30,2428.9,2433.6,2426.3,2431.0,41848,0
2026-01-29 11:05:00+05:30,2431.0,2431.9,2428.2,2429.4,22406,0
2026-01-29 11:10:00+05:30,2429.4,2431.5,2428.2,2431.5,19790,0
2026-01-29 11:15:00+05:30,2431.5,2436.8,2430.4,2435.0,158100,0
2026-01-29 11:20:00+05:30,2435.0,2435.4,2431.0,2431.7,20692,0
2026-01-29 11:25:00+05:30,2431.7,2431.7,2423.5,2423.8,43690,0
2026-01-29 11:30:00+05:30,2424.6,2436.2,2423.7,2430.7,51860,0
2026-01-29 11:35:00+05:30,2430.7,2434.0,2425.6,2428.7,16380,0
2026-01-29 11:40:00+05:30,2428.7,2431.2,2427.4,2429.6,15876,0
2026-01-29 11:45:00+05:30,2429.4,2429.5,2424.4,2424.4,16163,0
2026-01-29 11:50:00+05:30,2424.4,2428.2,2424.3,2426.1,18671,0
2026-01-29 11:55:00+05:30,2426.0,2429.4,2425.5,2426.8,16096,0
2026-01-29 12:00:00+05:30,2426.8,2428.4,2426.2,2427.4,15648,0
2026-01-29 12:05:00+05:30,2427.2,2427.6,2422.0,2422.8,40496,0
2026-01-29 12:10:00+05:30,2423.8,2425.8,2422.2,2422.9,22604,0
2026-01-29 12:15:00+05:30,2422.8,2423.4,2420.1,2420.7,35517,0
2026-01-29 12:20:00+05:30,2421.0,2424.9,2420.1,2422.0,31412,0
2026-01-29 12:25:00+05:30,2422.2,2423.0,2417.0,2418.1,39345,0
2026-01-29 12:30:00+05:30,2418.7,2421.0,2417.7,2419.0,23689,0
2026-01-29 12:35:00+05:30,2419.4,2420.9,2418.0,2419.0,16759,0
2026-01-29 12:40:00+05:30,2419.2,2420.0,2418.0,2418.7,14250,0
2026-01-29 12:45:00+05:30,2418.7,2423.5,2418.0,2420.8,28186,0
2026-01-29 12:50:00+05:30,2420.8,2425.0,2420.1,2423.4,42304,0
2026-01-29 12:55:00+05:30,2423.5,2424.5,2419.1,2419.1,43736,0
2026-01-29 13:00:00+05:30,2420.1,2426.8,2419.1,2424.4,57079,0
2026-01-29 13:05:00+05:30,2424.2,2427.9,2422.0,2425.0,62293,0
2026-01-29 13:10:00+05:30,2425.0,2431.2,2421.6,2422.7,58321,0
2026-01-29 13:15:00+05:30,2422.3,2422.8,2418.0,2419.3,24651,0
2026-01-29 13:20:00+05:30,2419.3,2425.8,2419.0,2424.0,35857,0
2026-01-29 13:25:00+05:30,2424.2,2425.0,2421.1,2421.4,30027,0
2026-01-29 13:30:00+05:30,2421.4,2431.8,2421.2,2428.2,40843,0
2026-01-29 13:35:00+05:30,2428.2,2430.0,2427.1,2429.8,21316,0
2026-01-29 13:40:00+05:30,2429.9,2432.8,2428.2,2432.0,35802,0
2026-01-29 13:45:00+05:30,2432.0,2433.0,2429.0,2429.0,38468,0
2026-01-29 13:50:00+05:30,2429.0,2432.4,2429.0,2432.0,21883,0
2026-01-29 13:55:00+05:30,2432.0,2432.0,2429.5,2430.0,44748,0
2026-01-29 14:00:00+05:30,2429.9,2430.7,2425.7,2426.4,23714,0
2026-01-29 14:05:00+05:30,2426.1,2426.9,2421.6,2421.9,30640,0
2026-01-29 14:10:00+05:30,2421.6,2425.0,2421.2,2424.1,21518,0
2026-01-29 14:15:00+05:30,2424.0,2426.5,2422.4,2423.1,21755,0
2026-01-29 14:20:00+05:30,2423.0,2423.2,2419.5,2420.0,41066,0
2026-01-29 14:25:00+05:30,2420.0,2421.6,2419.3,2420.4,36295,0
2026-01-29 14:30:00+05:30,2420.1,2425.5,2420.1,2422.2,42928,0
2026-01-29 14:35:00+05:30,2422.1,2422.5,2420.0,2420.4,30648,0
2026-01-29 14:40:00+05:30,2420.4,2421.7,2419.3,2419.4,29183,0
2026-01-29 14:45:00+05:30,2419.6,2422.0,2419.0,2419.8,37607,0
2026-01-29 14:50:00+05:30,2419.8,2420.4,2418.4,2418.5,29669,0
2026-01-29 14:55:00+05:30,2418.7,2421.0,2418.2,2420.0,44259,0
2026-01-29 15:00:00+05:30,2420.5,2421.7,2419.3,2420.0,118942,0
2026-01-29 15:05:00+05:30,2420.0,2420.1,2417.0,2418.2,76153,0
2026-01-29 15:10:00+05:30,2417.6,2420.0,2416.1,2417.0,95985,0
2026-01-29 15:15:00+05:30,2417.0,2418.5,2412.1,2414.7,155396,0
2026-01-29 15:20:00+05:30,2414.5,2416.0,2411.6,2412.0,147520,0
2026-01-29 15:25:00+05:30,2412.0,2417.0,2410.0,2415.0,134674,0
2026-01-30 09:15:00+05:30,2417.0,2431.1,2406.1,2411.3,70215,0
2026-01-30 09:20:00+05:30,2412.1,2412.1,2400.5,2409.9,66942,0
2026-01-30 09:25:00+05:30,2410.0,2433.8,2409.9,2430.9,74387,0
2026-01-30 09:30:00+05:30,2431.6,2439.9,2425.7,2434.1,52948,0
2026-01-30 09:35:00+05:30,2434.3,2436.6,2430.0,2430.4,50893,0
2026-01-30 09:40:00+05:30,2430.4,2438.0,2427.3,2434.1,30933,0
2026-01-30 09:45:00+05:30,2434.1,2434.2,2428.0,2433.1,16767,0
2026-01-30 09:50:00+05:30,2433.2,2434.5,2429.7,2430.4,14678,0
2026-01-30 09:55:00+05:30,2430.5,2431.6,2418.0,2420.2,32167,0
2026-01-30 10:00:00+05:30,2419.6,2425.0,2419.0,2423.1,25765,0
2026-01-30 10:05:00+05:30,2423.1,2425.0,2420.0,2421.5,20016,0
2026-01-30 10:10:00+05:30,2421.3,2424.7,2418.5,2423.4,19952,0
2026-01-30 10:15:00+05:30,2423.4,2426.1,2420.3,2425.4,19239,0
2026-01-30 10:20:00+05:30,2425.0,2430.4,2425.0,2427.2,16550,0
2026-01-30 10:25:00+05:30,2427.0,2427.2,2422.9,2426.8,12893,0
2026-01-30 10:30:00+05:30,2426.3,2428.1,2423.7,2425.6,17225,0
2026-01-30 10:35:00+05:30,2425.7,2425.7,2420.0,2422.8,15496,0
2026-01-30 10:40:00+05:30,2422.1,2423.4,2421.1,2422.8,10071,0
2026-01-30 10:45:00+05:30,2422.6,2425.1,2421.2,2422.7,11409,0
2026-01-30 10:50:00+05:30,2422.7,2426.3,2421.6,2425.9,14111,0
2026-01-30 10:55:00+05:30,2425.9,2426.8,2424.1,2425.4,10324,0
2026-01-30 11:00:00+05:30,2425.4,2428.5,2419.4,2420.0,19151,0
2026-01-30 11:05:00+05:30,2419.9,2423.3,2415.3,2416.1,34138,0
2026-01-30 11:10:00+05:30,2417.4,2421.4,2415.7,2419.8,25233,0
2026-01-30 11:15:00+05:30,2419.6,2420.5,2415.6,2420.0,26050,0
2026-01-30 11:20:00+05:30,2420.0,2420.4,2418.5,2420.0,13441,0
2026-01-30 11:25:00+05:30,2420.0,2421.0,2418.5,2419.5,18239,0
2026-01-30 11:30:00+05:30,2418.5,2419.5,2415.0,2415.5,13557,0
2026-01-30 11:35:00+05:30,2415.5,2423.0,2414.9,2423.0,54273,0
2026-01-30 11:40:00+05:30,2422.7,2424.5,2418.4,2419.8,89248,0
2026-01-30 11:45:00+05:30,2419.8,2427.4,2419.3,2427.4,26603,0
2026-01-30 11:50:00+05:30,2427.4,2435.2,2426.6,2434.8,31513,0
2026-01-30 11:55:00+05:30,2434.5,2434.9,2425.1,2425.1,20313,0
2026-01-30 12:00:00+05:30,2425.1,2427.8,2423.2,2426.2,19088,0
2026-01-30 12:05:00+05:30,2426.2,2430.0,2426.2,2427.5,20408,0
2026-01-30 12:10:00+05:30,2427.9,2432.0,2424.0,2431.8,35067,0
2026-01-30 12:15:00+05:30,2431.8,2431.9,2427.0,2429.1,16264,0
2026-01-30 12:20:00+05:30,2429.1,2439.0,2429.1,2433.3,27697,0
2026-01-30 12:25:00+05:30,2434.1,2436.5,2430.0,2432.2,44522,0
2026-01-30 12:30:00+05:30,2432.7,2434.8,2430.2,2431.1,16195,0
2026-01-30 12:35:00+05:30,2431.1,2435.0,2427.5,2434.9,22669,0
2026-01-30 12:40:00+05:30,2435.0,2440.7,2432.9,2437.7,27978,0
2026-01-30 12:45:00+05:30,2438.4,2445.0,2437.2,2441.5,29730,0
2026-01-30 12:50:00+05:30,2441.2,2443.0,2439.7,2440.7,18876,0
2026-01-30 12:55:00+05:30,2440.7,2440.7,2433.9,2436.9,18068,0
2026-01-30 13:00:00+05:30,2437.1,2441.0,2434.3,2434.9,11841,0
2026-01-30 13:05:00+05:30,2434.9,2436.2,2432.1,2432.1,14604,0
2026-01-30 13:10:00+05:30,2432.2,2434.4,2430.9,2432.4,11678,0
2026-01-30 13:15:00+05:30,2433.1,2433.4,2430.1,2431.4,15594,0
2026-01-30 13:20:00+05:30,2431.4,2431.4,2422.4,2423.7,21973,0
2026-01-30 13:25:00+05:30,2423.5,2427.5,2423.0,2425.2,15326,0
2026-01-30 13:30:00+05:30,2425.2,2430.5,2424.8,2429.8,7004,0
2026-01-30 13:35:00+05:30,2429.8,2431.8,2429.0,2429.9,7348,0
2026-01-30 13:40:00+05:30,2429.9,2433.2,2429.6,2431.5,8551,0
2026-01-30 13:45:00+05:30,2431.2,2434.3,2430.0,2433.3,9407,0
2026-01-30 13:50:00+05:30,2433.3,2437.0,2432.0,2435.6,10713,0
2026-01-30 13:55:00+05:30,2435.7,2438.0,2432.0,2437.8,12209,0
2026-01-30 14:00:00+05:30,2437.8,2439.8,2435.5,2438.4,12974,0
2026-01-30 14:05:00+05:30,2438.4,2441.0,2438.0,2439.7,10096,0
2026-01-30 14:10:00+05:30,2439.7,2441.0,2437.2,2438.4,9009,0
2026-01-30 14:15:00+05:30,2438.4,2438.4,2435.1,2437.2,9439,0
2026-01-30 14:20:00+05:30,2437.2,2437.6,2433.3,2435.4,8458,0
2026-01-30 14:25:00+05:30,2435.3,2435.8,2432.0,2432.4,7310,0
2026-01-30 14:30:00+05:30,2432.4,2434.8,2431.9,2431.9,7574,0
2026-01-30 14:35:00+05:30,2431.9,2434.0,2430.4,2432.4,10284,0
2026-01-30 14:40:00+05:30,2431.9,2433.2,2426.3,2429.2,15525,0
2026-01-30 14:45:00+05:30,2428.4,2432.0,2427.0,2430.6,8707,0
2026-01-30 14:50:00+05:30,2430.6,2434.0,2430.0,2431.4,12300,0
2026-01-30 14:55:00+05:30,2431.3,2432.7,2428.8,2431.7,10748,0
2026-01-30 15:00:00+05:30,2431.7,2431.8,2421.3,2425.7,104997,0
2026-01-30 15:05:00+05:30,2425.8,2431.3,2425.6,2429.9,67043,0
2026-01-30 15:10:00+05:30,2429.9,2431.8,2427.7,2429.4,88246,0
2026-01-30 15:15:00+05:30,2429.3,2432.4,2428.2,2428.3,78306,0
2026-01-30 15:20:00+05:30,2428.3,2430.4,2425.2,2429.0,98945,0
2026-01-30 15:25:00+05:30,2429.0,2433.9,2426.3,2431.0,71025,0
2026-02-01 09:15:00+05:30,2439.0,2439.0,2420.1,2433.8,14609,0
2026-02-01 09:20:00+05:30,2434.8,2434.8,2420.0,2423.9,10658,0
2026-02-01 09:25:00+05:30,2423.9,2425.0,2414.3,2422.6,5862,0
2026-02-01 09:30:00+05:30,2423.6,2423.6,2418.0,2420.7,1750,0
2026-02-01 09:35:00+05:30,2420.0,2424.0,2419.1,2421.2,1303,0
2026-02-01 09:40:00+05:30,2421.2,2421.2,2411.2,2418.4,4974,0
2026-02-01 09:45:00+05:30,2418.6,2418.6,2413.3,2417.2,6975,0
2026-02-01 09:50:00+05:30,2417.8,2422.5,2407.9,2420.4,6853,0
2026-02-01 09:55:00+05:30,2421.2,2425.0,2418.0,2423.1,3013,0
2026-02-01 10:00:00+05:30,2423.6,2424.4,2421.6,2421.9,1703,0
2026-02-01 10:05:00+05:30,2422.8,2423.7,2419.0,2420.1,4228,0
2026-02-01 10:10:00+05:30,2421.3,2429.0,2420.4,2428.9,8202,0
2026-02-01 10:15:00+05:30,2429.0,2429.5,2426.0,2426.0,1548,0
2026-02-01 10:20:00+05:30,2426.8,2429.9,2426.0,2429.5,1738,0
2026-02-01 10:25:00+05:30,2429.6,2429.8,2427.2,2427.2,1702,0
2026-02-01 10:30:00+05:30,2427.8,2429.0,2426.7,2429.0,1119,0
2026-02-01 10:35:00+05:30,2428.2,2430.0,2426.9,2427.3,1795,0
2026-02-01 10:40:00+05:30,2427.3,2428.9,2424.0,2427.0,1648,0
2026-02-01 10:45:00+05:30,2426.6,2426.6,2421.2,2423.1,1381,0
2026-02-01 10:50:00+05:30,2423.3,2423.6,2418.5,2423.6,1705,0
2026-02-01 10:55:00+05:30,2423.0,2429.6,2422.7,2429.1,933,0
2026-02-01 11:00:00+05:30,2429.6,2431.5,2426.2,2428.0,2799,0
2026-02-01 11:05:00+05:30,2428.0,2438.0,2423.5,2432.5,10808,0
2026-02-01 11:10:00+05:30,2432.4,2435.6,2427.7,2430.4,5498,0
2026-02-01 11:15:00+05:30,2430.4,2432.9,2428.7,2431.8,1716,0
2026-02-01 11:20:00+05:30,2431.8,2433.5,2430.0,2430.0,3753,0
2026-02-01 11:25:00+05:30,2430.0,2432.9,2429.1,2431.2,1389,0
2026-02-01 11:30:00+05:30,2431.5,2432.1,2422.5,2425.0,2535,0
2026-02-01 11:35:00+05:30,2424.5,2426.7,2417.6,2417.9,11074,0
2026-02-01 11:40:00+05:30,2418.4,2420.3,2412.0,2418.0,12285,0
2026-02-01 11:45:00+05:30,2418.6,2419.6,2416.1,2419.6,1562,0
2026-02-01 11:50:00+05:30,2419.6,2423.5,2417.4,2418.3,1600,0
2026-02-01 11:55:00+05:30,2418.2,2420.4,2416.7,2416.7,1503,0
2026-02-01 12:00:00+05:30,2417.1,2418.4,2416.1,2416.8,2107,0
2026-02-01 12:05:00+05:30,2417.2,2425.0,2410.1,2424.2,8857,0
2026-02-01 12:10:00+05:30,2424.9,2428.8,2350.0,2374.0,98365,0
2026-02-01 12:15:00+05:30,2372.8,2397.4,2363.0,2368.3,47580,0
2026-02-01 12:20:00+05:30,2367.9,2385.5,2365.0,2380.0,34711,0
2026-02-01 12:25:00+05:30,2380.0,2386.0,2354.0,2355.1,44034,0
2026-02-01 12:30:00+05:30,2355.1,2382.5,2343.1,2371.0,48873,0
2026-02-01 12:35:00+05:30,2371.1,2386.9,2371.0,2383.6,11570,0
2026-02-01 12:40:00+05:30,2383.8,2390.0,2381.9,2383.9,8763,0
2026-02-01 12:45:00+05:30,2382.4,2389.9,2377.2,2381.0,7374,0
2026-02-01 12:50:00+05:30,2379.6,2388.0,2378.8,2387.4,7333,0
2026-02-01 12:55:00+05:30,2386.7,2419.2,2383.3,2405.6,43020,0
2026-02-01 13:00:00+05:30,2407.0,2421.8,2400.0,2416.6,14806,0
2026-02-01 13:05:00+05:30,2416.0,2417.9,2400.2,2403.2,10696,0
2026-02-01 13:10:00+05:30,2402.2,2402.2,2382.5,2391.8,17864,0
2026-02-01 13:15:00+05:30,2390.9,2395.7,2381.1,2384.8,7684,0
2026-02-01 13:20:00+05:30,2385.5,2390.2,2381.8,2388.4,4693,0
2026-02-01 13:25:00+05:30,2388.4,2388.7,2374.0,2377.1,7858,0
2026-02-01 13:30:00+05:30,2376.5,2380.8,2365.0,2380.0,15459,0
2026-02-01 13:35:00+05:30,2380.0,2391.4,2378.1,2382.3,11197,0
2026-02-01 13:40:00+05:30,2382.0,2383.3,2371.3,2379.9,7144,0
2026-02-01 13:45:00+05:30,2380.1,2382.9,2374.1,2375.6,3260,0
2026-02-01 13:50:00+05:30,2374.9,2378.4,2367.1,2369.0,11789,0
2026-02-01 13:55:00+05:30,2370.0,2379.0,2368.7,2378.0,4422,0
2026-02-01 14:00:00+05:30,2378.0,2383.3,2375.4,2383.2,6858,0
2026-02-01 14:05:00+05:30,2383.2,2386.8,2373.2,2373.8,3156,0
2026-02-01 14:10:00+05:30,2373.5,2378.5,2371.0,2377.6,2096,0
2026-02-01 14:15:00+05:30,2377.6,2378.6,2373.3,2376.0,2467,0
2026-02-01 14:20:00+05:30,2375.8,2376.3,2368.7,2370.2,6162,0
2026-02-01 14:25:00+05:30,2370.7,2385.0,2369.9,2377.0,4018,0
2026-02-01 14:30:00+05:30,2377.0,2383.5,2372.9,2383.5,7556,0
2026-02-01 14:35:00+05:30,2382.1,2383.8,2379.2,2382.8,2269,0
2026-02-01 14:40:00+05:30,2382.8,2385.0,2381.0,2381.5,2371,0
2026-02-01 14:45:00+05:30,2381.5,2382.9,2371.5,2374.0,2672,0
2026-02-01 14:50:00+05:30,2374.0,2375.2,2364.2,2370.1,8939,0
2026-02-01 14:55:00+05:30,2369.6,2371.7,2361.0,2367.7,15406,0
2026-02-01 15:00:00+05:30,2366.6,2373.6,2364.6,2373.6,8410,0
2026-02-01 15:05:00+05:30,2373.6,2373.6,2362.6,2365.1,18653,0
2026-02-01 15:10:00+05:30,2365.1,2367.2,2351.9,2351.9,23154,0
2026-02-01 15:15:00+05:30,2351.9,2356.3,2346.7,2351.3,26386,0
2026-02-01 15:20:00+05:30,2351.3,2357.4,2349.5,2356.0,21801,0
2026-02-01 15:25:00+05:30,2356.0,2359.9,2346.0,2357.6,19137,0
2026-02-02 09:15:00+05:30,2374.9,2406.9,2372.0,2387.4,66303,0
2026-02-02 09:20:00+05:30,2387.5,2398.0,2380.3,2380.9,37224,0
2026-02-02 09:25:00+05:30,2380.9,2395.0,2373.3,2392.6,42680,0
2026-02-02 09:30:00+05:30,2393.6,2406.1,2392.3,2399.1,36976,0
2026-02-02 09:35:00+05:30,2399.7,2415.3,2397.3,2413.0,54187,0
2026-02-02 09:40:00+05:30,2411.8,2417.9,2406.2,2408.2,54720,0
2026-02-02 09:45:00+05:30,2407.5,2422.1,2407.3,2417.4,41893,0
2026-02-02 09:50:00+05:30,2417.4,2428.9,2413.0,2426.6,47475,0
2026-02-02 09:55:00+05:30,2426.6,2429.5,2414.0,2417.6,35539,0
2026-02-02 10:00:00+05:30,2417.6,2426.5,2411.7,2412.7,31294,0
2026-02-02 10:05:00+05:30,2412.8,2414.6,2408.8,2412.5,27871,0
2026-02-02 10:10:00+05:30,2412.5,2418.0,2402.6,2407.5,17895,0
2026-02-02 10:15:00+05:30,2408.0,2413.0,2407.6,2412.3,12318,0
2026-02-02 10:20:00+05:30,2412.3,2414.8,2408.6,2408.9,13164,0
2026-02-02 10:25:00+05:30,2408.9,2408.9,2400.1,2402.9,20906,0
2026-02-02 10:30:00+05:30,2403.0,2410.7,2402.7,2408.8,9813,0
2026-02-02 10:35:00+05:30,2408.8,2412.0,2403.0,2406.0,8912,0
2026-02-02 10:40:00+05:30,2406.1,2410.0,2404.5,2406.1,7173,0
2026-02-02 10:45:00+05:30,2406.1,2407.8,2403.0,2405.9,7166,0
2026-02-02 10:50:00+05:30,2405.7,2406.9,2401.6,2404.0,7352,0
2026-02-02 10:55:00+05:30,2403.4,2404.1,2397.3,2399.8,12296,0
2026-02-02 11:00:00+05:30,2399.5,2399.6,2392.2,2395.2,15930,0
2026-02-02 11:05:00+05:30,2395.2,2399.2,2392.5,2399.1,11414,0
2026-02-02 11:10:00+05:30,2398.6,2400.0,2395.0,2397.8,13630,0
2026-02-02 11:15:00+05:30,2397.4,2399.3,2390.0,2390.8,15757,0
2026-02-02 11:20:00+05:30,2391.2,2391.2,2384.0,2386.6,17119,0
2026-02-02 11:25:00+05:30,2386.7,2391.6,2385.1,2389.0,8429,0
2026-02-02 11:30:00+05:30,2388.1,2402.5,2387.0,2401.9,15604,0
2026-02-02 11:35:00+05:30,2402.5,2409.5,2400.2,2407.1,17483,0
2026-02-02 11:40:00+05:30,2408.2,2409.2,2404.1,2405.2,8482,0
2026-02-02 11:45:00+05:30,2405.9,2406.6,2401.5,2404.0,9160,0
2026-02-02 11:50:00+05:30,2403.1,2406.9,2402.4,2404.4,4712,0
2026-02-02 11:55:00+05:30,2405.0,2407.2,2402.7,2404.0,5332,0
2026-02-02 12:00:00+05:30,2403.7,2406.0,2401.2,2405.0,5717,0
2026-02-02 12:05:00+05:30,2404.1,2405.8,2401.0,2403.7,4759,0
2026-02-02 12:10:00+05:30,2403.6,2405.9,2401.3,2404.4,5075,0
2026-02-02 12:15:00+05:30,2404.4,2407.2,2402.4,2403.0,9332,0
2026-02-02 12:20:00+05:30,2403.0,2406.7,2403.0,2405.8,5686,0
2026-02-02 12:25:00+05:30,2405.8,2407.5,2405.2,2407.4,5758,0
2026-02-02 12:30:00+05:30,2407.3,2408.0,2403.5,2404.8,6046,0
2026-02-02 12:35:00+05:30,2404.7,2406.6,2402.2,2405.9,5930,0
2026-02-02 12:40:00+05:30,2406.5,2407.3,2404.0,2404.5,5401,0
2026-02-02 12:45:00+05:30,2404.4,2405.4,2402.5,2404.8,3895,0
2026-02-02 12:50:00+05:30,2404.8,2404.8,2401.1,2403.5,5582,0
2026-02-02 12:55:00+05:30,2403.5,2404.9,2402.2,2403.7,4380,0
2026-02-02 13:00:00+05:30,2404.0,2404.7,2394.2,2397.3,14222,0
2026-02-02 13:05:00+05:30,2397.3,2399.7,2395.3,2398.2,11867,0
2026-02-02 13:10:00+05:30,2398.2,2400.0,2395.6,2396.7,5961,0
2026-02-02 13:15:00+05:30,2396.2,2397.4,2392.7,2393.1,13053,0
2026-02-02 13:20:00+05:30,2393.1,2394.8,2391.0,2392.4,6389,0
2026-02-02 13:25:00+05:30,2392.4,2398.9,2391.0,2396.7,7819,0
2026-02-02 13:30:00+05:30,2396.7,2400.0,2395.9,2398.3,5695,0
2026-02-02 13:35:00+05:30,2398.3,2406.3,2398.3,2404.2,7999,0
2026-02-02 13:40:00+05:30,2404.2,2404.9,2402.2,2403.9,6669,0
2026-02-02 13:45:00+05:30,2404.1,2404.3,2401.4,2402.0,4194,0
2026-02-02 13:50:00+05:30,2402.0,2403.8,2399.5,2401.2,6504,0
2026-02-02 13:55:00+05:30,2400.9,2401.3,2397.0,2399.4,5668,0
2026-02-02 14:00:00+05:30,2399.4,2401.0,2397.0,2398.8,5668,0
2026-02-02 14:05:00+05:30,2398.3,2402.9,2398.0,2401.8,5567,0
2026-02-02 14:10:00+05:30,2402.5,2404.0,2401.0,2403.0,4438,0
2026-02-02 14:15:00+05:30,2403.8,2405.0,2400.0,2401.3,5944,0
2026-02-02 14:20:00+05:30,2400.8,2402.7,2397.2,2398.6,4766,0
2026-02-02 14:25:00+05:30,2398.1,2398.7,2396.0,2397.4,6543,0
2026-02-02 14:30:00+05:30,2397.8,2398.4,2392.8,2393.0,6786,0
2026-02-02 14:35:00+05:30,2393.0,2399.2,2393.0,2399.1,5909,0
2026-02-02 14:40:00+05:30,2398.9,2401.4,2396.3,2401.2,8790,0
2026-02-02 14:45:00+05:30,2400.4,2404.3,2400.0,2400.8,8402,0
2026-02-02 14:50:00+05:30,2400.8,2403.7,2400.0,2402.5,7008,0
2026-02-02 14:55:00+05:30,2402.5,2403.6,2400.1,2402.1,9900,0
2026-02-02 15:00:00+05:30,2401.7,2405.7,2401.7,2404.4,33195,0
2026-02-02 15:05:00+05:30,2404.4,2406.4,2404.2,2404.9,23958,0
2026-02-02 15:10:00+05:30,2405.0,2406.0,2400.1,2400.6,41995,0
2026-02-02 15:15:00+05:30,2400.6,2403.5,2399.4,2402.9,33653,0
2026-02-02 15:20:00+05:30,2403.1,2403.2,2397.6,2400.3,38176,0
2026-02-02 15:25:00+05:30,2400.3,2401.0,2393.7,2395.0,32901,0
2026-02-03 09:15:00+05:30,2525.0,2525.0,2425.5,2456.9,173336,0
2026-02-03 09:20:00+05:30,2457.2,2457.2,2441.1,2443.9,49906,0
2026-02-03 09:25:00+05:30,2445.3,2450.0,2440.0,2447.1,32505,0
2026-02-03 09:30:00+05:30,2446.9,2458.9,2446.8,2457.7,115918,0
2026-02-03 09:35:00+05:30,2459.0,2459.9,2454.9,2459.0,50224,0
2026-02-03 09:40:00+05:30,2459.0,2459.9,2455.0,2456.8,23483,0
2026-02-03 09:45:00+05:30,2456.8,2456.8,2447.6,2456.0,44600,0
2026-02-03 09:50:00+05:30,2455.6,2457.0,2446.4,2447.4,14397,0
2026-02-03 09:55:00+05:30,2446.3,2451.2,2438.5,2439.8,16961,0
2026-02-03 10:00:00+05:30,2439.7,2442.5,2425.0,2425.1,29292,0
2026-02-03 10:05:00+05:30,2425.9,2426.1,2412.8,2418.1,35622,0
2026-02-03 10:10:00+05:30,2417.6,2424.0,2413.0,2417.1,22974,0
2026-02-03 10:15:00+05:30,2417.5,2421.5,2416.0,2419.1,13530,0
2026-02-03 10:20:00+05:30,2419.5,2421.0,2398.8,2405.4,58955,0
2026-02-03 10:25:00+05:30,2406.5,2411.1,2401.8,2402.7,19689,0
2026-02-03 10:30:00+05:30,2402.3,2413.4,2401.5,2412.6,25659,0
2026-02-03 10:35:00+05:30,2412.8,2415.9,2410.5,2411.5,33080,0
2026-02-03 10:40:00+05:30,2411.4,2412.0,2407.2,2409.5,27604,0
2026-02-03 10:45:00+05:30,2410.3,2416.8,2392.0,2395.1,62890,0
2026-02-03 10:50:00+05:30,2395.2,2398.3,2391.0,2395.5,46421,0
2026-02-03 10:55:00+05:30,2396.0,2403.0,2395.5,2399.8,33416,0
2026-02-03 11:00:00+05:30,2400.0,2411.9,2397.6,2409.8,27210,0
2026-02-03 11:05:00+05:30,2408.9,2411.4,2407.3,2407.9,13305,0
2026-02-03 11:10:00+05:30,2407.5,2416.3,2406.2,2412.0,19515,0
2026-02-03 11:15:00+05:30,2412.6,2416.0,2410.0,2411.0,20207,0
2026-02-03 11:20:00+05:30,2410.4,2413.1,2405.2,2408.0,26610,0
2026-02-03 11:25:00+05:30,2408.0,2410.6,2405.1,2408.0,18369,0
2026-02-03 11:30:00+05:30,2407.9,2414.2,2405.0,2413.3,23250,0
2026-02-03 11:35:00+05:30,2413.6,2415.3,2411.2,2414.9,21846,0
2026-02-03 11:40:00+05:30,2413.8,2415.8,2412.0,2412.2,23577,0
2026-02-03 11:45:00+05:30,2412.4,2417.3,2410.1,2415.0,26843,0
2026-02-03 11:50:00+05:30,2415.2,2419.9,2415.0,2416.8,26761,0
2026-02-03 11:55:00+05:30,2417.2,2425.0,2417.2,2420.6,28288,0
2026-02-03 12:00:00+05:30,2420.6,2421.7,2416.1,2417.7,19708,0
2026-02-03 12:05:00+05:30,2418.3,2420.0,2415.7,2418.0,16046,0
2026-02-03 12:10:00+05:30,2418.0,2425.0,2417.0,2423.5,17055,0
2026-02-03 12:15:00+05:30,2423.0,2424.3,2417.0,2418.5,20612,0
2026-02-03 12:20:00+05:30,2420.0,2421.2,2418.1,2418.9,13839,0
2026-02-03 12:25:00+05:30,2418.8,2420.9,2417.2,2419.6,14693,0
2026-02-03 12:30:00+05:30,2419.3,2423.4,2418.3,2419.4,19249,0
2026-02-03 12:35:00+05:30,2419.4,2422.8,2415.5,2422.8,21826,0
2026-02-03 12:40:00+05:30,2422.9,2425.0,2422.0,2422.2,21213,0
2026-02-03 12:45:00+05:30,2422.2,2422.7,2415.6,2417.0,18738,0
2026-02-03 12:50:00+05:30,2417.0,2420.6,2414.5,2419.8,16792,0
2026-02-03 12:55:00+05:30,2420.8,2421.9,2416.8,2419.3,15850,0
2026-02-03 13:00:00+05:30,2420.2,2424.0,2419.2,2423.2,13262,0
2026-02-03 13:05:00+05:30,2423.3,2424.3,2420.4,2423.6,20995,0
2026-02-03 13:10:00+05:30,2422.8,2423.6,2420.3,2422.8,14567,0
2026-02-03 13:15:00+05:30,2422.8,2424.4,2421.0,2422.8,12601,0
2026-02-03 13:20:00+05:30,2422.5,2429.2,2421.4,2427.7,22411,0
2026-02-03 13:25:00+05:30,2426.8,2427.9,2422.1,2424.2,20462,0
2026-02-03 13:30:00+05:30,2424.1,2429.4,2422.6,2424.8,15000,0
2026-02-03 13:35:00+05:30,2424.8,2427.7,2422.6,2426.3,11423,0
2026-02-03 13:40:00+05:30,2426.2,2428.8,2424.4,2426.4,15991,0
2026-02-03 13:45:00+05:30,2426.4,2429.0,2426.2,2426.5,15258,0
2026-02-03 13:50:00+05:30,2426.5,2429.0,2425.0,2428.5,13367,0
2026-02-03 13:55:00+05:30,2428.6,2429.9,2427.5,2429.1,22039,0
2026-02-03 14:00:00+05:30,2429.0,2431.6,2422.0,2429.1,69863,0
2026-02-03 14:05:00+05:30,2428.1,2430.6,2426.8,2428.6,48279,0
2026-02-03 14:10:00+05:30,2428.5,2430.0,2426.5,2427.1,14267,0
2026-02-03 14:15:00+05:30,2427.1,2430.9,2427.1,2429.2,29882,0
2026-02-03 14:20:00+05:30,2429.2,2431.2,2429.0,2429.3,27544,0
2026-02-03 14:25:00+05:30,2429.8,2431.6,2428.5,2429.2,11474,0
2026-02-03 14:30:00+05:30,2429.2,2430.0,2428.0,2429.1,22567,0
2026-02-03 14:35:00+05:30,2429.2,2430.0,2427.2,2427.3,12084,0
2026-02-03 14:40:00+05:30,2427.2,2427.6,2418.3,2420.0,41116,0
2026-02-03 14:45:00+05:30,2420.0,2420.7,2417.6,2419.4,18040,0
2026-02-03 14:50:00+05:30,2419.0,2423.0,2418.3,2420.0,16145,0
2026-02-03 14:55:00+05:30,2420.3,2423.8,2419.6,2422.1,21356,0
2026-02-03 15:00:00+05:30,2422.1,2425.0,2420.9,2423.1,40157,0
2026-02-03 15:05:00+05:30,2423.1,2426.9,2421.9,2424.9,41091,0
2026-02-03 15:10:00+05:30,2424.9,2428.2,2424.6,2425.5,40624,0
2026-02-03 15:15:00+05:30,2425.6,2428.5,2424.2,2427.2,42694,0
2026-02-03 15:20:00+05:30,2427.3,2430.0,2426.8,2428.8,59822,0
2026-02-03 15:25:00+05:30,2428.9,2429.3,2424.1,2424.1,57414,0
2026-02-04 09:15:00+05:30,2430.0,2437.9,2417.1,2429.4,27542,0
2026-02-04 09:20:00+05:30,2428.7,2440.0,2428.6,2439.7,19237,0
2026-02-04 09:25:00+05:30,2439.0,2443.2,2438.5,2439.6,15010,0
2026-02-04 09:30:00+05:30,2440.0,2443.5,2437.3,2438.0,14156,0
2026-02-04 09:35:00+05:30,2438.0,2443.8,2433.1,2440.8,22903,0
2026-02-04 09:40:00+05:30,2441.2,2450.6,2440.8,2445.8,26099,0
2026-02-04 09:45:00+05:30,2445.9,2448.9,2445.5,2448.6,10307,0
2026-02-04 09:50:00+05:30,2448.3,2450.0,2445.1,2448.6,10811,0
2026-02-04 09:55:00+05:30,2449.1,2450.0,2443.4,2447.1,14806,0
2026-02-04 10:00:00+05:30,2447.1,2448.1,2445.0,2446.3,12380,0
2026-02-04 10:05:00+05:30,2446.7,2449.8,2446.3,2448.8,8873,0
2026-02-04 10:10:00+05:30,2448.8,2449.6,2442.7,2445.7,10321,0
2026-02-04 10:15:00+05:30,2445.9,2447.7,2444.2,2445.4,8060,0
2026-02-04 10:20:00+05:30,2445.2,2448.1,2444.1,2444.7,8158,0
2026-02-04 10:25:00+05:30,2444.7,2444.7,2441.6,2443.3,14372,0
2026-02-04 10:30:00+05:30,2443.9,2443.9,2437.9,2438.6,8202,0
2026-02-04 10:35:00+05:30,2438.0,2439.2,2434.2,2436.5,9615,0
2026-02-04 10:40:00+05:30,2436.4,2442.3,2435.0,2441.6,10538,0
2026-02-04 10:45:00+05:30,2442.0,2442.9,2440.0,2440.6,3606,0
2026-02-04 10:50:00+05:30,2440.4,2442.8,2438.2,2438.5,6876,0
2026-02-04 10:55:00+05:30,2439.1,2444.9,2438.5,2443.1,9191,0
2026-02-04 11:00:00+05:30,2443.1,2446.5,2442.3,2443.1,10605,0
2026-02-04 11:05:00+05:30,2443.3,2445.0,2440.4,2444.7,7659,0
2026-02-04 11:10:00+05:30,2444.7,2447.1,2443.7,2446.3,7580,0
2026-02-04 11:15:00+05:30,2446.9,2448.0,2443.5,2446.0,8607,0
2026-02-04 11:20:00+05:30,2446.5,2447.9,2442.1,2443.0,14286,0
2026-02-04 11:25:00+05:30,2443.3,2446.7,2442.9,2443.8,13064,0
2026-02-04 11:30:00+05:30,2444.0,2444.9,2441.4,2443.4,7614,0
2026-02-04 11:35:00+05:30,2443.5,2443.8,2441.6,2442.7,5140,0
2026-02-04 11:40:00+05:30,2442.7,2444.5,2442.5,2443.6,4024,0
2026-02-04 11:45:00+05:30,2443.8,2448.8,2443.8,2448.0,7777,0
2026-02-04 11:50:00+05:30,2448.2,2449.0,2445.7,2448.7,9362,0
2026-02-04 11:55:00+05:30,2449.0,2452.0,2448.5,2450.7,13516,0
2026-02-04 12:00:00+05:30,2451.4,2452.0,2448.0,2448.1,14397,0
2026-02-04 12:05:00+05:30,2448.1,2449.5,2445.5,2448.2,5233,0
2026-02-04 12:10:00+05:30,2448.6,2448.6,2446.0,2447.7,6105,0
2026-02-04 12:15:00+05:30,2447.9,2449.0,2446.0,2446.3,7656,0
2026-02-04 12:20:00+05:30,2446.0,2446.9,2443.0,2443.3,18779,0
2026-02-04 12:25:00+05:30,2443.8,2448.6,2443.2,2446.8,8288,0
2026-02-04 12:30:00+05:30,2446.8,2448.0,2445.0,2448.0,5726,0
2026-02-04 12:35:00+05:30,2448.0,2449.3,2447.0,2448.3,4736,0
2026-02-04 12:40:00+05:30,2449.2,2449.9,2446.4,2446.5,6717,0
2026-02-04 12:45:00+05:30,2446.5,2447.7,2443.4,2445.2,8052,0
2026-02-04 12:50:00+05:30,2445.3,2447.8,2444.9,2445.8,10236,0
2026-02-04 12:55:00+05:30,2445.8,2447.0,2444.0,2444.0,5448,0
2026-02-04 13:00:00+05:30,2444.4,2453.9,2443.9,2452.7,19589,0
2026-02-04 13:05:00+05:30,2452.7,2452.9,2446.4,2448.0,69950,0
2026-02-04 13:10:00+05:30,2447.9,2448.0,2446.9,2447.8,20032,0
2026-02-04 13:15:00+05:30,2448.0,2451.7,2448.0,2451.1,8058,0
2026-02-04 13:20:00+05:30,2451.4,2454.6,2450.9,2452.9,8991,0
2026-02-04 13:25:00+05:30,2452.9,2458.2,2452.9,2456.5,11810,0
2026-02-04 13:30:00+05:30,2456.7,2458.5,2455.2,2457.7,7804,0
2026-02-04 13:35:00+05:30,2458.5,2458.8,2454.8,2457.5,10207,0
2026-02-04 13:40:00+05:30,2457.1,2457.6,2456.0,2456.9,5025,0
2026-02-04 13:45:00+05:30,2456.9,2458.0,2455.3,2456.2,6737,0
2026-02-04 13:50:00+05:30,2456.2,2457.3,2452.5,2457.3,9713,0
2026-02-04 13:55:00+05:30,2457.3,2459.6,2456.5,2457.1,7391,0
2026-02-04 14:00:00+05:30,2458.0,2458.5,2456.4,2457.9,6994,0
2026-02-04 14:05:00+05:30,2457.6,2458.0,2456.0,2457.7,8982,0
2026-02-04 14:10:00+05:30,2457.7,2462.0,2457.1,2460.6,18057,0
2026-02-04 14:15:00+05:30,2460.6,2463.8,2459.1,2461.6,12454,0
2026-02-04 14:20:00+05:30,2461.6,2462.5,2458.8,2459.1,10113,0
2026-02-04 14:25:00+05:30,2459.1,2462.7,2458.1,2462.3,9157,0
2026-02-04 14:30:00+05:30,2462.4,2462.4,2458.2,2458.7,13369,0
2026-02-04 14:35:00+05:30,2459.2,2460.0,2456.0,2457.5,17144,0
2026-02-04 14:40:00+05:30,2457.7,2457.7,2452.6,2452.9,15513,0
2026-02-04 14:45:00+05:30,2452.7,2453.7,2450.0,2450.5,9267,0
2026-02-04 14:50:00+05:30,2450.7,2452.8,2450.0,2452.0,10865,0
2026-02-04 14:55:00+05:30,2452.5,2452.8,2450.0,2451.2,10721,0
2026-02-04 15:00:00+05:30,2451.3,2455.0,2451.3,2451.5,29842,0
2026-02-04 15:05:00+05:30,2451.6,2452.0,2451.1,2451.2,20373,0
2026-02-04 15:10:00+05:30,2451.3,2454.8,2450.0,2454.5,28938,0
2026-02-04 15:15:00+05:30,2454.5,2457.0,2454.1,2454.1,28558,0
2026-02-04 15:20:00+05:30,2454.1,2454.4,2450.7,2452.7,32869,0
2026-02-04 15:25:00+05:30,2452.7,2454.5,2450.0,2450.0,20672,0
2026-02-05 09:15:00+05:30,2445.0,2455.8,2438.1,2446.1,21396,0
2026-02-05 09:20:00+05:30,2446.9,2446.9,2435.6,2437.4,10971,0
2026-02-05 09:25:00+05:30,2436.5,2439.9,2435.3,2438.9,5097,0
2026-02-05 09:30:00+05:30,2438.9,2442.5,2436.4,2438.6,6392,0
2026-02-05 09:35:00+05:30,2438.5,2439.3,2427.2,2430.0,15132,0
2026-02-05 09:40:00+05:30,2430.1,2430.9,2418.1,2419.7,14613,0
2026-02-05 09:45:00+05:30,2419.7,2422.4,2414.0,2414.6,14684,0
2026-02-05 09:50:00+05:30,2415.0,2418.9,2414.6,2416.2,11556,0
2026-02-05 09:55:00+05:30,2416.7,2420.9,2416.0,2418.9,8630,0
2026-02-05 10:00:00+05:30,2418.0,2421.5,2417.0,2420.2,7873,0
2026-02-05 10:05:00+05:30,2420.8,2421.6,2418.5,2419.2,3246,0
2026-02-05 10:10:00+05:30,2419.3,2423.0,2418.7,2422.8,3697,0
2026-02-05 10:15:00+05:30,2422.0,2422.6,2417.8,2420.3,4370,0
2026-02-05 10:20:00+05:30,2420.7,2422.2,2419.8,2420.8,5381,0
2026-02-05 10:25:00+05:30,2420.9,2421.1,2415.0,2415.1,9180,0
2026-02-05 10:30:00+05:30,2415.5,2415.5,2410.0,2412.0,17192,0
2026-02-05 10:35:00+05:30,2412.0,2412.2,2406.3,2407.1,11964,0
2026-02-05 10:40:00+05:30,2407.1,2409.8,2406.0,2408.6,9895,0
2026-02-05 10:45:00+05:30,2408.9,2410.8,2407.0,2410.5,6539,0
2026-02-05 10:50:00+05:30,2410.5,2410.5,2405.1,2405.1,6436,0
2026-02-05 10:55:00+05:30,2405.1,2406.0,2402.8,2403.2,9694,0
2026-02-05 11:00:00+05:30,2403.2,2406.7,2402.6,2405.4,10626,0
2026-02-05 11:05:00+05:30,2405.6,2407.6,2404.4,2406.5,7447,0
2026-02-05 11:10:00+05:30,2407.0,2412.0,2406.0,2409.7,7744,0
2026-02-05 11:15:00+05:30,2409.7,2410.0,2405.1,2405.6,6880,0
2026-02-05 11:20:00+05:30,2406.1,2408.0,2405.0,2407.0,5176,0
2026-02-05 11:25:00+05:30,2407.0,2411.2,2406.0,2410.2,22027,0
2026-02-05 11:30:00+05:30,2410.3,2415.6,2410.0,2412.2,12631,0
2026-02-05 11:35:00+05:30,2412.9,2415.8,2411.5,2415.4,10845,0
2026-02-05 11:40:00+05:30,2415.5,2416.2,2413.7,2415.0,6695,0
2026-02-05 11:45:00+05:30,2415.1,2417.8,2412.9,2416.5,12158,0
2026-02-05 11:50:00+05:30,2417.0,2422.7,2415.8,2421.4,19208,0
2026-02-05 11:55:00+05:30,2421.9,2422.0,2415.6,2416.3,9074,0
2026-02-05 12:00:00+05:30,2416.3,2419.9,2414.0,2418.0,12069,0
2026-02-05 12:05:00+05:30,2418.2,2419.1,2417.0,2417.1,5313,0
2026-02-05 12:10:00+05:30,2417.1,2418.5,2416.6,2417.5,7101,0
2026-02-05 12:15:00+05:30,2417.6,2421.2,2416.9,2419.4,7325,0
2026-02-05 12:20:00+05:30,2419.4,2421.8,2418.4,2419.3,8735,0
2026-02-05 12:25:00+05:30,2419.3,2421.5,2418.3,2419.5,4340,0
2026-02-05 12:30:00+05:30,2419.8,2421.0,2418.1,2420.1,5339,0
2026-02-05 12:35:00+05:30,2420.1,2420.9,2418.0,2420.0,3942,0
2026-02-05 12:40:00+05:30,2419.6,2421.0,2418.8,2420.1,3503,0
2026-02-05 12:45:00+05:30,2420.5,2422.9,2419.1,2422.2,6508,0
2026-02-05 12:50:00+05:30,2422.2,2425.0,2422.0,2422.2,13099,0
2026-02-05 12:55:00+05:30,2422.0,2426.0,2422.0,2424.3,13673,0
2026-02-05 13:00:00+05:30,2424.8,2427.9,2424.0,2425.9,8460,0
2026-02-05 13:05:00+05:30,2425.9,2427.3,2425.0,2425.2,7507,0
2026-02-05 13:10:00+05:30,2425.9,2426.7,2425.0,2425.2,3863,0
2026-02-05 13:15:00+05:30,2426.0,2427.0,2425.1,2426.2,3683,0
2026-02-05 13:20:00+05:30,2426.8,2428.0,2425.1,2426.2,4486,0
2026-02-05 13:25:00+05:30,2426.5,2427.2,2425.0,2425.2,5337,0
2026-02-05 13:30:00+05:30,2425.5,2426.5,2425.0,2426.2,8997,0
2026-02-05 13:35:00+05:30,2426.2,2433.3,2425.2,2432.2,22034,0
2026-02-05 13:40:00+05:30,2431.8,2434.5,2428.5,2431.7,17809,0
2026-02-05 13:45:00+05:30,2431.7,2433.0,2430.0,2431.0,9815,0
2026-02-05 13:50:00+05:30,2431.1,2431.1,2429.6,2430.0,24478,0
2026-02-05 13:55:00+05:30,2430.1,2430.1,2429.0,2430.0,23145,0
2026-02-05 14:00:00+05:30,2430.1,2432.0,2429.0,2430.0,12419,0
2026-02-05 14:05:00+05:30,2430.1,2430.1,2429.3,2430.1,32761,0
2026-02-05 14:10:00+05:30,2430.1,2431.4,2429.1,2430.0,10539,0
2026-02-05 14:15:00+05:30,2430.1,2431.0,2429.6,2430.7,15237,0
2026-02-05 14:20:00+05:30,2431.0,2437.3,2431.0,2434.3,8319,0
2026-02-05 14:25:00+05:30,2434.4,2435.0,2432.1,2433.0,115267,0
2026-02-05 14:30:00+05:30,2433.1,2435.0,2431.0,2434.9,8912,0
2026-02-05 14:35:00+05:30,2435.0,2438.6,2433.1,2437.6,13248,0
2026-02-05 14:40:00+05:30,2437.9,2437.9,2433.7,2434.5,7510,0
2026-02-05 14:45:00+05:30,2434.5,2440.0,2434.0,2438.6,14091,0
2026-02-05 14:50:00+05:30,2438.6,2441.9,2437.4,2440.0,12601,0
2026-02-05 14:55:00+05:30,2440.4,2442.0,2436.4,2436.6,13514,0
2026-02-05 15:00:00+05:30,2436.7,2437.8,2432.8,2433.3,24231,0
2026-02-05 15:05:00+05:30,2433.3,2434.2,2430.3,2433.5,34196,0
2026-02-05 15:10:00+05:30,2433.5,2434.1,2430.4,2431.6,42106,0
2026-02-05 15:15:00+05:30,2431.7,2434.0,2430.1,2431.2,35524,0
2026-02-05 15:20:00+05:30,2431.2,2435.1,2428.9,2431.3,50037,0
2026-02-05 15:25:00+05:30,2431.4,2434.7,2430.3,2433.5,31788,0
2026-02-06 09:15:00+05:30,2432.0,2444.0,2420.1,2422.4,30368,0
2026-02-06 09:20:00+05:30,2422.2,2425.6,2414.0,2418.2,20210,0
2026-02-06 09:25:00+05:30,2419.7,2419.7,2404.3,2405.0,37356,0
2026-02-06 09:30:00+05:30,2404.2,2407.0,2395.8,2397.1,56769,0
2026-02-06 09:35:00+05:30,2397.3,2399.9,2394.2,2397.2,19025,0
2026-02-06 09:40:00+05:30,2397.8,2398.6,2392.3,2394.1,7910,0
2026-02-06 09:45:00+05:30,2394.8,2399.1,2394.1,2396.3,8143,0
2026-02-06 09:50:00+05:30,2396.3,2398.8,2394.5,2396.1,7082,0
2026-02-06 09:55:00+05:30,2396.8,2398.3,2393.6,2395.2,5670,0
2026-02-06 10:00:00+05:30,2395.2,2396.8,2393.0,2394.1,6010,0
2026-02-06 10:05:00+05:30,2394.2,2400.0,2391.9,2399.4,11635,0
2026-02-06 10:10:00+05:30,2399.4,2403.7,2398.1,2401.0,16573,0
2026-02-06 10:15:00+05:30,2401.0,2403.2,2400.0,2401.0,24315,0
2026-02-06 10:20:00+05:30,2400.9,2401.2,2398.9,2399.1,13048,0
2026-02-06 10:25:00+05:30,2399.1,2401.6,2398.0,2398.0,5227,0
2026-02-06 10:30:00+05:30,2398.1,2399.2,2394.9,2396.1,15572,0
2026-02-06 10:35:00+05:30,2395.2,2398.7,2395.0,2397.9,6793,0
2026-02-06 10:40:00+05:30,2397.0,2398.9,2396.9,2398.1,4573,0
2026-02-06 10:45:00+05:30,2397.8,2398.8,2396.2,2398.0,5483,0
2026-02-06 10:50:00+05:30,2398.0,2400.8,2396.1,2399.7,21129,0
2026-02-06 10:55:00+05:30,2399.7,2401.1,2397.4,2398.0,4475,0
2026-02-06 11:00:00+05:30,2398.3,2402.9,2398.0,2401.0,10307,0
2026-02-06 11:05:00+05:30,2400.9,2401.8,2399.4,2400.5,11958,0
2026-02-06 11:10:00+05:30,2400.5,2403.4,2400.5,2401.8,16951,0
2026-02-06 11:15:00+05:30,2401.9,2405.0,2401.0,2402.5,17740,0
2026-02-06 11:20:00+05:30,2402.7,2406.0,2401.0,2402.4,48254,0
2026-02-06 11:25:00+05:30,2402.3,2402.5,2397.7,2399.9,19499,0
2026-02-06 11:30:00+05:30,2399.9,2400.6,2397.8,2400.6,8503,0
2026-02-06 11:35:00+05:30,2399.9,2405.0,2398.6,2399.9,41964,0
2026-02-06 11:40:00+05:30,2399.9,2400.0,2399.2,2399.8,11618,0
2026-02-06 11:45:00+05:30,2399.7,2400.0,2397.9,2399.9,10586,0
2026-02-06 11:50:00+05:30,2399.9,2400.0,2396.7,2398.8,8764,0
2026-02-06 11:55:00+05:30,2398.8,2399.5,2398.0,2398.5,4310,0
2026-02-06 12:00:00+05:30,2398.9,2399.8,2397.5,2397.9,6145,0
2026-02-06 12:05:00+05:30,2397.9,2398.3,2395.7,2396.7,13938,0
2026-02-06 12:10:00+05:30,2396.7,2397.9,2394.1,2396.3,11603,0
2026-02-06 12:15:00+05:30,2396.2,2398.9,2395.7,2397.8,11524,0
2026-02-06 12:20:00+05:30,2397.7,2399.5,2396.4,2398.2,9697,0
2026-02-06 12:25:00+05:30,2398.2,2399.2,2397.4,2398.4,5035,0
2026-02-06 12:30:00+05:30,2398.4,2398.8,2397.5,2398.0,4480,0
2026-02-06 12:35:00+05:30,2397.9,2400.0,2397.8,2398.3,7042,0
2026-02-06 12:40:00+05:30,2398.3,2399.0,2390.3,2390.4,16090,0
2026-02-06 12:45:00+05:30,2390.4,2391.6,2386.1,2387.4,14256,0
2026-02-06 12:50:00+05:30,2387.4,2388.9,2386.9,2388.4,5811,0
2026-02-06 12:55:00+05:30,2388.6,2393.4,2388.0,2390.6,6766,0
2026-02-06 13:00:00+05:30,2390.7,2393.9,2388.2,2390.0,8874,0
2026-02-06 13:05:00+05:30,2390.9,2394.2,2389.2,2393.0,7833,0
2026-02-06 13:10:00+05:30,2392.0,2393.2,2390.2,2390.9,5772,0
2026-02-06 13:15:00+05:30,2390.9,2391.4,2389.6,2390.2,8186,0
2026-02-06 13:20:00+05:30,2389.8,2392.3,2389.6,2391.8,6314,0
2026-02-06 13:25:00+05:30,2392.2,2393.2,2391.5,2392.0,6935,0
2026-02-06 13:30:00+05:30,2392.2,2393.4,2390.2,2391.8,5946,0
2026-02-06 13:35:00+05:30,2391.7,2394.4,2391.3,2392.2,8059,0
2026-02-06 13:40:00+05:30,2392.3,2394.9,2392.2,2393.7,5354,0
2026-02-06 13:45:00+05:30,2394.2,2395.5,2392.0,2393.8,6713,0
2026-02-06 13:50:00+05:30,2393.8,2395.9,2393.6,2394.4,3636,0
2026-02-06 13:55:00+05:30,2394.4,2396.8,2393.8,2395.2,5983,0
2026-02-06 14:00:00+05:30,2395.2,2399.9,2394.9,2397.0,8348,0
2026-02-06 14:05:00+05:30,2397.2,2400.0,2397.1,2398.7,6587,0
2026-02-06 14:10:00+05:30,2398.7,2400.0,2398.0,2398.9,9979,0
2026-02-06 14:15:00+05:30,2398.6,2400.0,2398.0,2399.5,4706,0
2026-02-06 14:20:00+05:30,2399.9,2400.0,2398.0,2398.0,5789,0
2026-02-06 14:25:00+05:30,2398.0,2399.5,2397.5,2398.8,3768,0
2026-02-06 14:30:00+05:30,2398.8,2400.0,2397.6,2399.9,8846,0
2026-02-06 14:35:00+05:30,2399.9,2401.8,2397.5,2398.8,14138,0
2026-02-06 14:40:00+05:30,2398.8,2400.0,2398.0,2399.8,6012,0
2026-02-06 14:45:00+05:30,2399.9,2400.0,2398.0,2398.0,9195,0
2026-02-06 14:50:00+05:30,2398.5,2400.0,2396.7,2399.0,11753,0
2026-02-06 14:55:00+05:30,2399.3,2400.0,2399.1,2399.4,9401,0
2026-02-06 15:00:00+05:30,2399.6,2401.0,2398.1,2399.6,46640,0
2026-02-06 15:05:00+05:30,2399.4,2400.0,2398.0,2399.9,32819,0
2026-02-06 15:10:00+05:30,2399.9,2400.1,2398.9,2399.8,32731,0
2026-02-06 15:15:00+05:30,2399.8,2404.3,2399.7,2402.1,55418,0
2026-02-06 15:20:00+05:30,2402.2,2405.6,2401.2,2405.6,26557,0
2026-02-06 15:25:00+05:30,2405.2,2410.5,2402.7,2405.0,21422,0
2026-02-09 09:15:00+05:30,2404.0,2416.0,2396.8,2413.8,46653,0
2026-02-09 09:20:00+05:30,2413.1,2417.7,2409.0,2413.1,15821,0
2026-02-09 09:25:00+05:30,2413.1,2415.7,2405.1,2408.1,16091,0
2026-02-09 09:30:00+05:30,2408.0,2410.3,2406.0,2408.5,9260,0
2026-02-09 09:35:00+05:30,2407.9,2409.3,2405.0,2405.0,8259,0
2026-02-09 09:40:00+05:30,2405.0,2407.5,2404.6,2405.9,5160,0
2026-02-09 09:45:00+05:30,2406.2,2410.8,2405.3,2408.2,7080,0
2026-02-09 09:50:00+05:30,2408.4,2409.7,2406.9,2408.7,3101,0
2026-02-09 09:55:00+05:30,2407.8,2411.2,2407.0,2410.3,2207,0
2026-02-09 10:00:00+05:30,2410.3,2415.0,2410.0,2414.6,6803,0
2026-02-09 10:05:00+05:30,2414.3,2418.4,2411.4,2416.6,10840,0
2026-02-09 10:10:00+05:30,2416.9,2419.0,2415.5,2417.3,6016,0
2026-02-09 10:15:00+05:30,2417.3,2423.8,2416.6,2420.0,9801,0
2026-02-09 10:20:00+05:30,2420.0,2423.0,2420.0,2422.6,4594,0
2026-02-09 10:25:00+05:30,2422.7,2422.9,2420.1,2421.9,2360,0
2026-02-09 10:30:00+05:30,2421.9,2423.0,2420.3,2421.1,2887,0
2026-02-09 10:35:00+05:30,2421.1,2425.0,2421.0,2424.1,1885,0
2026-02-09 10:40:00+05:30,2424.1,2426.2,2422.0,2423.5,4597,0
2026-02-09 10:45:00+05:30,2422.8,2423.5,2420.1,2420.1,2595,0
2026-02-09 10:50:00+05:30,2420.4,2423.5,2420.1,2423.3,3015,0
2026-02-09 10:55:00+05:30,2422.7,2426.0,2421.8,2422.3,5924,0
2026-02-09 11:00:00+05:30,2422.4,2424.7,2422.3,2423.5,1836,0
2026-02-09 11:05:00+05:30,2423.1,2423.8,2420.8,2421.8,3211,0
2026-02-09 11:10:00+05:30,2422.0,2423.0,2417.2,2418.1,4611,0
2026-02-09 11:15:00+05:30,2417.8,2420.1,2417.1,2420.1,3731,0
2026-02-09 11:20:00+05:30,2420.1,2421.6,2418.6,2418.6,3648,0
2026-02-09 11:25:00+05:30,2418.7,2421.0,2417.7,2418.1,3343,0
2026-02-09 11:30:00+05:30,2418.1,2418.4,2415.0,2415.9,6674,0
2026-02-09 11:35:00+05:30,2416.0,2417.0,2414.6,2416.7,5843,0
2026-02-09 11:40:00+05:30,2416.7,2418.5,2414.4,2415.5,5531,0
2026-02-09 11:45:00+05:30,2415.1,2415.8,2412.5,2414.2,27822,0
2026-02-09 11:50:00+05:30,2414.2,2415.1,2407.5,2408.0,16158,0
2026-02-09 11:55:00+05:30,2408.3,2410.3,2407.0,2407.4,6798,0
2026-02-09 12:00:00+05:30,2407.4,2414.0,2406.3,2412.8,11958,0
2026-02-09 12:05:00+05:30,2413.0,2415.2,2411.7,2414.3,8034,0
2026-02-09 12:10:00+05:30,2414.7,2417.0,2412.1,2414.1,8016,0
2026-02-09 12:15:00+05:30,2414.0,2414.3,2408.5,2410.0,8051,0
2026-02-09 12:20:00+05:30,2410.1,2412.4,2409.1,2409.4,7939,0
2026-02-09 12:25:00+05:30,2409.2,2410.2,2408.3,2408.5,6315,0
2026-02-09 12:30:00+05:30,2408.5,2408.6,2404.0,2406.3,10020,0
2026-02-09 12:35:00+05:30,2406.3,2408.7,2405.0,2405.6,7487,0
2026-02-09 12:40:00+05:30,2405.6,2407.9,2405.0,2407.5,4372,0
2026-02-09 12:45:00+05:30,2406.7,2407.8,2403.5,2404.0,7279,0
2026-02-09 12:50:00+05:30,2404.0,2404.7,2402.0,2402.6,7291,0
2026-02-09 12:55:00+05:30,2402.6,2408.5,2402.2,2406.8,9447,0
2026-02-09 13:00:00+05:30,2407.0,2409.6,2406.8,2408.0,5025,0
2026-02-09 13:05:00+05:30,2408.1,2408.8,2406.7,2407.6,4379,0
2026-02-09 13:10:00+05:30,2407.5,2412.0,2407.5,2410.7,13672,0
2026-02-09 13:15:00+05:30,2410.7,2412.8,2408.0,2408.0,4951,0
2026-02-09 13:20:00+05:30,2408.1,2410.8,2407.4,2408.0,4199,0
2026-02-09 13:25:00+05:30,2407.9,2409.2,2404.2,2404.2,7325,0
2026-02-09 13:30:00+05:30,2404.8,2408.8,2404.2,2406.5,3670,0
2026-02-09 13:35:00+05:30,2406.8,2410.2,2406.8,2407.0,9887,0
2026-02-09 13:40:00+05:30,2407.0,2408.4,2403.6,2406.0,9031,0
2026-02-09 13:45:00+05:30,2405.6,2406.5,2404.4,2405.6,3213,0
2026-02-09 13:50:00+05:30,2405.7,2408.2,2404.5,2405.5,8189,0
2026-02-09 13:55:00+05:30,2405.4,2409.8,2404.4,2406.5,9340,0
2026-02-09 14:00:00+05:30,2406.4,2409.2,2405.1,2405.5,8343,0
2026-02-09 14:05:00+05:30,2405.6,2409.8,2405.3,2409.4,12350,0
2026-02-09 14:10:00+05:30,2409.4,2412.4,2407.4,2408.3,14482,0
2026-02-09 14:15:00+05:30,2408.3,2411.7,2408.1,2410.0,8043,0
2026-02-09 14:20:00+05:30,2410.0,2414.9,2410.0,2413.4,12208,0
2026-02-09 14:25:00+05:30,2413.5,2415.8,2413.0,2414.8,14702,0
2026-02-09 14:30:00+05:30,2414.8,2415.0,2412.2,2413.2,8890,0
2026-02-09 14:35:00+05:30,2413.2,2415.1,2411.6,2413.3,12000,0
2026-02-09 14:40:00+05:30,2413.3,2413.8,2409.1,2411.9,8524,0
2026-02-09 14:45:00+05:30,2411.7,2412.7,2411.0,2411.8,2753,0
2026-02-09 14:50:00+05:30,2411.8,2412.8,2409.8,2410.8,5335,0
2026-02-09 14:55:00+05:30,2410.9,2413.5,2410.5,2413.0,7697,0
2026-02-09 15:00:00+05:30,2412.8,2416.6,2412.8,2416.4,22349,0
2026-02-09 15:05:00+05:30,2416.4,2419.5,2416.4,2419.1,13471,0
2026-02-09 15:10:00+05:30,2419.1,2419.6,2415.1,2416.5,20048,0
2026-02-09 15:15:00+05:30,2417.0,2419.0,2416.7,2418.2,14521,0
2026-02-09 15:20:00+05:30,2418.2,2420.0,2416.8,2418.6,21412,0
2026-02-09 15:25:00+05:30,2418.4,2420.0,2415.4,2416.5,19285,0
2026-02-10 09:15:00+05:30,2419.0,2420.0,2410.0,2414.4,29479,0
2026-02-10 09:20:00+05:30,2414.4,2416.3,2407.3,2408.1,13433,0
2026-02-10 09:25:00+05:30,2408.6,2414.8,2407.4,2411.0,15265,0
2026-02-10 09:30:00+05:30,2411.2,2412.5,2399.9,2405.1,116144,0
2026-02-10 09:35:00+05:30,2405.2,2406.0,2397.0,2398.1,34496,0
2026-02-10 09:40:00+05:30,2398.4,2402.4,2398.2,2402.3,18902,0
2026-02-10 09:45:00+05:30,2401.9,2410.6,2401.7,2409.0,14212,0
2026-02-10 09:50:00+05:30,2409.5,2412.0,2405.2,2406.0,7890,0
2026-02-10 09:55:00+05:30,2406.0,2406.0,2401.0,2401.5,10856,0
2026-02-10 10:00:00+05:30,2401.5,2403.0,2396.0,2401.7,17884,0
2026-02-10 10:05:00+05:30,2401.5,2403.6,2400.6,2402.2,4542,0
2026-02-10 10:10:00+05:30,2402.2,2403.7,2400.5,2402.0,8391,0
2026-02-10 10:15:00+05:30,2402.4,2403.4,2401.6,2402.6,3779,0
2026-02-10 10:20:00+05:30,2402.6,2406.0,2401.4,2402.8,6792,0
2026-02-10 10:25:00+05:30,2402.8,2403.7,2401.4,2401.7,4928,0
2026-02-10 10:30:00+05:30,2401.6,2405.0,2401.0,2404.4,5772,0
2026-02-10 10:35:00+05:30,2404.3,2406.5,2402.3,2404.3,5325,0
2026-02-10 10:40:00+05:30,2404.6,2405.5,2402.2,2402.9,4040,0
2026-02-10 10:45:00+05:30,2402.8,2403.9,2402.1,2403.2,4263,0
2026-02-10 10:50:00+05:30,2403.5,2403.6,2400.5,2402.0,5168,0
2026-02-10 10:55:00+05:30,2402.4,2403.9,2402.0,2403.3,3258,0
2026-02-10 11:00:00+05:30,2403.0,2404.1,2402.7,2403.6,2799,0
2026-02-10 11:05:00+05:30,2403.6,2404.3,2400.0,2400.1,5295,0
2026-02-10 11:10:00+05:30,2400.1,2400.8,2396.0,2396.6,12229,0
2026-02-10 11:15:00+05:30,2396.6,2398.9,2395.7,2396.1,10126,0
2026-02-10 11:20:00+05:30,2396.1,2398.1,2394.3,2395.3,11662,0
2026-02-10 11:25:00+05:30,2396.3,2398.8,2394.0,2397.6,17156,0
2026-02-10 11:30:00+05:30,2397.6,2398.3,2394.0,2395.7,6663,0
2026-02-10 11:35:00+05:30,2395.7,2396.6,2393.6,2395.1,6542,0
2026-02-10 11:40:00+05:30,2394.6,2396.8,2394.6,2396.2,4594,0
2026-02-10 11:45:00+05:30,2396.7,2398.3,2394.0,2395.3,8096,0
2026-02-10 11:50:00+05:30,2394.5,2395.6,2393.7,2394.0,5638,0
2026-02-10 11:55:00+05:30,2394.0,2396.8,2393.8,2395.9,3586,0
2026-02-10 12:00:00+05:30,2395.9,2395.9,2393.4,2394.0,5416,0
2026-02-10 12:05:00+05:30,2394.7,2402.0,2391.5,2399.4,18769,0
2026-02-10 12:10:00+05:30,2399.4,2400.0,2397.2,2398.3,4561,0
2026-02-10 12:15:00+05:30,2398.3,2398.9,2394.0,2394.4,5407,0
2026-02-10 12:20:00+05:30,2394.4,2395.2,2391.1,2392.3,17022,0
2026-02-10 12:25:00+05:30,2391.9,2393.2,2391.0,2392.0,6587,0
2026-02-10 12:30:00+05:30,2392.0,2396.6,2391.0,2396.2,13737,0
2026-02-10 12:35:00+05:30,2396.6,2398.2,2393.2,2395.4,8187,0
2026-02-10 12:40:00+05:30,2395.6,2395.9,2393.3,2393.8,4882,0
2026-02-10 12:45:00+05:30,2394.7,2395.9,2393.4,2394.7,5130,0
2026-02-10 12:50:00+05:30,2395.7,2395.7,2393.5,2394.1,2494,0
2026-02-10 12:55:00+05:30,2394.1,2396.4,2393.0,2394.8,8346,0
2026-02-10 13:00:00+05:30,2394.8,2395.5,2393.7,2394.0,4861,0
2026-02-10 13:05:00+05:30,2394.0,2394.8,2393.0,2394.6,7124,0
2026-02-10 13:10:00+05:30,2394.6,2394.9,2393.0,2394.0,3901,0
2026-02-10 13:15:00+05:30,2393.7,2394.5,2392.2,2392.4,9028,0
2026-02-10 13:20:00+05:30,2392.4,2393.6,2390.9,2392.4,6758,0
2026-02-10 13:25:00+05:30,2392.4,2393.2,2389.3,2393.2,245270,0
2026-02-10 13:30:00+05:30,2392.9,2393.2,2387.1,2389.7,12064,0
2026-02-10 13:35:00+05:30,2389.7,2390.0,2387.5,2390.0,10380,0
2026-02-10 13:40:00+05:30,2389.4,2392.7,2389.4,2392.4,7262,0
2026-02-10 13:45:00+05:30,2392.4,2393.0,2390.5,2391.6,3786,0
2026-02-10 13:50:00+05:30,2391.6,2392.3,2390.8,2391.7,3052,0
2026-02-10 13:55:00+05:30,2391.4,2392.2,2391.0,2391.5,2822,0
2026-02-10 14:00:00+05:30,2391.0,2391.9,2388.0,2389.6,6568,0
2026-02-10 14:05:00+05:30,2390.0,2390.5,2388.5,2390.0,25819,0
2026-02-10 14:10:00+05:30,2389.8,2392.0,2388.5,2391.1,6207,0
2026-02-10 14:15:00+05:30,2390.1,2393.0,2390.0,2392.9,9618,0
2026-02-10 14:20:00+05:30,2392.9,2393.0,2391.1,2392.4,4010,0
2026-02-10 14:25:00+05:30,2392.4,2392.6,2389.0,2389.0,47497,0
2026-02-10 14:30:00+05:30,2389.8,2390.8,2387.7,2390.6,35426,0
2026-02-10 14:35:00+05:30,2390.8,2390.8,2387.6,2388.1,19308,0
2026-02-10 14:40:00+05:30,2387.8,2393.0,2387.8,2391.6,40646,0
2026-02-10 14:45:00+05:30,2391.6,2393.1,2389.6,2390.5,63883,0
2026-02-10 14:50:00+05:30,2390.8,2392.7,2389.0,2389.0,117693,0
2026-02-10 14:55:00+05:30,2389.0,2390.0,2388.5,2389.6,8589,0
2026-02-10 15:00:00+05:30,2389.6,2391.0,2386.9,2387.5,56286,0
2026-02-10 15:05:00+05:30,2387.6,2393.9,2387.3,2393.3,33864,0
2026-02-10 15:10:00+05:30,2393.3,2397.3,2391.8,2396.7,57925,0
2026-02-10 15:15:00+05:30,2396.7,2398.9,2394.5,2396.2,59020,0
2026-02-10 15:20:00+05:30,2395.8,2396.9,2394.2,2395.6,35676,0
2026-02-10 15:25:00+05:30,2395.5,2399.0,2392.0,2396.4,39228,0
2026-02-11 09:15:00+05:30,2399.0,2405.7,2393.9,2400.5,22025,0
2026-02-11 09:20:00+05:30,2400.5,2400.5,2393.6,2393.9,9083,0
2026-02-11 09:25:00+05:30,2394.8,2399.7,2393.7,2397.6,4426,0
2026-02-11 09:30:00+05:30,2397.6,2398.5,2391.6,2392.3,6224,0
2026-02-11 09:35:00+05:30,2392.3,2395.8,2392.2,2393.1,5999,0
2026-02-11 09:40:00+05:30,2393.2,2395.6,2391.3,2393.5,7383,0
2026-02-11 09:45:00+05:30,2394.6,2396.0,2390.6,2391.5,5263,0
2026-02-11 09:50:00+05:30,2391.5,2392.2,2388.1,2391.3,6233,0
2026-02-11 09:55:00+05:30,2391.8,2394.8,2391.1,2393.8,1953,0
2026-02-11 10:00:00+05:30,2393.7,2393.7,2390.1,2392.4,3992,0
2026-02-11 10:05:00+05:30,2392.8,2392.8,2390.0,2390.4,3314,0
2026-02-11 10:10:00+05:30,2391.0,2391.9,2381.0,2384.0,124025,0
2026-02-11 10:15:00+05:30,2385.0,2388.0,2383.0,2387.7,5466,0
2026-02-11 10:20:00+05:30,2387.7,2387.7,2385.0,2386.5,3967,0
2026-02-11 10:25:00+05:30,2386.5,2387.1,2385.0,2386.2,4152,0
2026-02-11 10:30:00+05:30,2386.2,2387.4,2383.4,2384.6,5862,0
2026-02-11 10:35:00+05:30,2384.6,2395.0,2384.5,2389.3,72230,0
2026-02-11 10:40:00+05:30,2389.3,2391.5,2387.0,2387.0,36303,0
2026-02-11 10:45:00+05:30,2387.5,2390.0,2385.0,2386.3,6616,0
2026-02-11 10:50:00+05:30,2386.3,2388.8,2386.0,2387.2,3549,0
2026-02-11 10:55:00+05:30,2387.4,2387.7,2385.0,2387.0,4073,0
2026-02-11 11:00:00+05:30,2387.0,2390.0,2386.7,2389.1,4956,0
2026-02-11 11:05:00+05:30,2388.8,2389.8,2384.0,2385.3,3550,0
2026-02-11 11:10:00+05:30,2384.8,2386.1,2383.1,2385.6,5764,0
2026-02-11 11:15:00+05:30,2385.1,2386.0,2378.4,2380.6,15828,0
2026-02-11 11:20:00+05:30,2380.7,2383.2,2376.3,2382.0,22793,0
2026-02-11 11:25:00+05:30,2382.3,2383.3,2379.5,2380.4,297243,0
2026-02-11 11:30:00+05:30,2380.6,2387.8,2380.3,2385.0,8828,0
2026-02-11 11:35:00+05:30,2385.0,2389.0,2383.7,2388.0,14347,0
2026-02-11 11:40:00+05:30,2388.0,2388.9,2384.4,2384.6,9529,0
2026-02-11 11:45:00+05:30,2384.9,2386.2,2382.0,2385.3,9259,0
2026-02-11 11:50:00+05:30,2385.1,2385.5,2383.7,2383.7,4416,0
2026-02-11 11:55:00+05:30,2383.9,2389.0,2383.7,2384.1,31337,0
2026-02-11 12:00:00+05:30,2384.1,2384.7,2381.2,2383.0,7776,0
2026-02-11 12:05:00+05:30,2382.8,2384.0,2382.2,2383.5,3471,0
2026-02-11 12:10:00+05:30,2383.1,2385.0,2381.7,2383.1,6459,0
2026-02-11 12:15:00+05:30,2383.3,2384.8,2381.8,2383.6,5328,0
2026-02-11 12:20:00+05:30,2383.6,2386.4,2381.6,2384.8,14021,0
2026-02-11 12:25:00+05:30,2384.4,2386.7,2382.0,2382.1,11128,0
2026-02-11 12:30:00+05:30,2382.3,2383.5,2380.1,2381.3,4484,0
2026-02-11 12:35:00+05:30,2381.3,2382.0,2380.0,2382.0,115189,0
2026-02-11 12:40:00+05:30,2381.9,2389.3,2381.1,2388.2,15537,0
2026-02-11 12:45:00+05:30,2387.8,2388.0,2385.8,2387.0,7127,0
2026-02-11 12:50:00+05:30,2387.0,2390.0,2386.7,2389.9,9655,0
2026-02-11 12:55:00+05:30,2389.4,2396.0,2386.7,2395.5,12922,0
2026-02-11 13:00:00+05:30,2394.8,2397.8,2394.3,2395.4,8366,0
2026-02-11 13:05:00+05:30,2395.6,2404.0,2395.0,2402.0,184851,0
2026-02-11 13:10:00+05:30,2401.8,2402.2,2379.1,2384.3,584151,0
2026-02-11 13:15:00+05:30,2384.3,2386.0,2379.3,2380.0,50065,0
2026-02-11 13:20:00+05:30,2379.6,2381.3,2378.7,2380.0,66414,0
2026-02-11 13:25:00+05:30,2380.0,2400.0,2379.7,2394.7,209074,0
2026-02-11 13:30:00+05:30,2395.0,2395.0,2385.0,2386.1,41965,0
2026-02-11 13:35:00+05:30,2386.3,2387.0,2382.8,2384.8,49379,0
2026-02-11 13:40:00+05:30,2385.0,2386.9,2383.3,2386.5,41072,0
2026-02-11 13:45:00+05:30,2386.1,2389.9,2385.0,2385.6,41583,0
2026-02-11 13:50:00+05:30,2385.6,2387.2,2383.0,2383.6,40329,0
2026-02-11 13:55:00+05:30,2384.0,2385.0,2381.9,2382.7,35973,0
2026-02-11 14:00:00+05:30,2382.4,2384.7,2381.9,2382.7,32230,0
2026-02-11 14:05:00+05:30,2383.1,2385.6,2382.7,2382.8,38265,0
2026-02-11 14:10:00+05:30,2383.4,2385.0,2382.0,2383.4,31874,0
2026-02-11 14:15:00+05:30,2383.7,2385.0,2380.0,2381.8,42202,0
2026-02-11 14:20:00+05:30,2381.4,2384.0,2380.0,2382.6,41391,0
2026-02-11 14:25:00+05:30,2382.6,2385.5,2381.8,2383.0,38616,0
2026-02-11 14:30:00+05:30,2383.8,2385.6,2382.3,2384.7,39346,0
2026-02-11 14:35:00+05:30,2384.4,2388.1,2383.4,2385.1,45134,0
2026-02-11 14:40:00+05:30,2385.2,2387.6,2384.4,2386.8,42865,0
2026-02-11 14:45:00+05:30,2386.6,2388.8,2384.0,2385.7,48898,0
2026-02-11 14:50:00+05:30,2385.7,2394.0,2385.0,2392.2,59616,0
2026-02-11 14:55:00+05:30,2392.2,2399.0,2391.8,2395.6,53207,0
2026-02-11 15:00:00+05:30,2396.3,2401.5,2392.4,2393.0,60311,0
2026-02-11 15:05:00+05:30,2393.4,2393.8,2389.2,2391.4,51596,0
2026-02-11 15:10:00+05:30,2391.5,2391.5,2388.2,2389.2,56180,0
2026-02-11 15:15:00+05:30,2389.3,2393.9,2388.7,2393.3,47998,0
2026-02-11 15:20:00+05:30,2393.0,2396.5,2388.2,2392.8,71858,0
2026-02-11 15:25:00+05:30,2393.2,2396.5,2390.3,2393.0,39791,0
2026-02-12 09:15:00+05:30,2398.0,2398.8,2382.0,2396.8,25747,0
2026-02-12 09:20:00+05:30,2396.8,2396.8,2385.3,2386.7,9308,0
2026-02-12 09:25:00+05:30,2386.6,2393.0,2385.0,2388.0,5237,0
2026-02-12 09:30:00+05:30,2388.0,2390.9,2386.1,2388.9,4587,0
2026-02-12 09:35:00+05:30,2388.8,2391.4,2386.4,2387.8,4740,0
2026-02-12 09:40:00+05:30,2387.7,2388.6,2381.0,2383.9,4296,0
2026-02-12 09:45:00+05:30,2383.8,2384.0,2377.9,2381.5,10024,0
2026-02-12 09:50:00+05:30,2381.5,2382.8,2378.2,2381.1,6606,0
2026-02-12 09:55:00+05:30,2381.1,2382.1,2379.2,2379.7,5335,0
2026-02-12 10:00:00+05:30,2379.7,2381.5,2378.1,2378.8,6350,0
2026-02-12 10:05:00+05:30,2378.8,2380.9,2377.0,2379.0,7435,0
2026-02-12 10:10:00+05:30,2379.0,2379.9,2377.0,2379.6,4832,0
2026-02-12 10:15:00+05:30,2379.6,2381.0,2378.0,2379.5,6906,0
2026-02-12 10:20:00+05:30,2379.4,2384.8,2378.1,2383.9,8290,0
2026-02-12 10:25:00+05:30,2384.0,2388.0,2383.0,2385.3,8100,0
2026-02-12 10:30:00+05:30,2385.0,2389.2,2383.6,2388.8,5517,0
2026-02-12 10:35:00+05:30,2388.1,2390.5,2387.4,2389.3,4831,0
2026-02-12 10:40:00+05:30,2389.3,2390.0,2388.2,2388.4,7138,0
2026-02-12 10:45:00+05:30,2388.4,2389.5,2387.6,2388.8,2461,0
2026-02-12 10:50:00+05:30,2388.8,2388.8,2387.0,2388.4,2445,0
2026-02-12 10:55:00+05:30,2388.4,2390.0,2387.0,2388.2,5621,0
2026-02-12 11:00:00+05:30,2388.2,2388.2,2385.7,2385.7,2154,0
2026-02-12 11:05:00+05:30,2385.5,2386.6,2382.9,2385.2,4228,0
2026-02-12 11:10:00+05:30,2385.4,2387.0,2384.1,2385.5,2451,0
2026-02-12 11:15:00+05:30,2384.8,2387.0,2384.4,2385.4,2751,0
2026-02-12 11:20:00+05:30,2385.7,2386.1,2382.2,2385.0,4107,0
2026-02-12 11:25:00+05:30,2385.4,2387.1,2383.4,2385.2,2744,0
2026-02-12 11:30:00+05:30,2385.2,2385.2,2383.4,2384.0,2144,0
2026-02-12 11:35:00+05:30,2384.0,2385.0,2383.4,2384.4,2690,0
2026-02-12 11:40:00+05:30,2383.6,2387.2,2383.6,2386.1,2499,0
2026-02-12 11:45:00+05:30,2385.7,2386.0,2383.7,2385.7,3289,0
2026-02-12 11:50:00+05:30,2385.7,2385.7,2383.2,2383.3,3175,0
2026-02-12 11:55:00+05:30,2384.1,2385.5,2382.7,2385.5,3442,0
2026-02-12 12:00:00+05:30,2385.5,2391.7,2385.5,2390.1,4469,0
2026-02-12 12:05:00+05:30,2390.7,2390.9,2389.0,2390.8,3043,0
2026-02-12 12:10:00+05:30,2390.8,2398.8,2390.2,2396.8,13225,0
2026-02-12 12:15:00+05:30,2396.8,2398.2,2393.7,2394.2,4450,0
2026-02-12 12:20:00+05:30,2394.1,2399.0,2394.1,2399.0,3652,0
2026-02-12 12:25:00+05:30,2399.0,2401.9,2397.4,2399.7,6320,0
2026-02-12 12:30:00+05:30,2399.7,2401.0,2397.0,2397.1,3770,0
2026-02-12 12:35:00+05:30,2397.1,2397.2,2395.6,2396.1,3269,0
2026-02-12 12:40:00+05:30,2396.8,2399.0,2396.0,2396.6,1977,0
2026-02-12 12:45:00+05:30,2396.6,2399.6,2396.6,2398.5,3274,0
2026-02-12 12:50:00+05:30,2398.5,2399.8,2397.7,2399.5,1888,0
2026-02-12 12:55:00+05:30,2399.4,2399.9,2398.4,2399.1,2371,0
2026-02-12 13:00:00+05:30,2399.1,2399.1,2396.1,2397.2,5524,0
2026-02-12 13:05:00+05:30,2397.3,2398.7,2397.0,2397.3,2043,0
2026-02-12 13:10:00+05:30,2397.5,2404.7,2397.3,2404.3,16182,0
2026-02-12 13:15:00+05:30,2404.5,2409.4,2403.4,2405.9,13377,0
2026-02-12 13:20:00+05:30,2406.8,2407.9,2405.0,2407.9,9279,0
2026-02-12 13:25:00+05:30,2407.9,2411.7,2407.0,2410.1,16889,0
2026-02-12 13:30:00+05:30,2409.7,2412.5,2408.1,2409.0,7233,0
2026-02-12 13:35:00+05:30,2408.7,2410.0,2406.3,2409.9,5282,0
2026-02-12 13:40:00+05:30,2410.0,2411.5,2409.3,2411.5,5189,0
2026-02-12 13:45:00+05:30,2411.5,2413.9,2408.4,2411.1,12792,0
2026-02-12 13:50:00+05:30,2411.1,2411.3,2406.2,2408.2,12518,0
2026-02-12 13:55:00+05:30,2408.2,2410.5,2407.0,2409.5,4575,0
2026-02-12 14:00:00+05:30,2409.5,2410.8,2408.4,2409.0,3734,0
2026-02-12 14:05:00+05:30,2409.5,2410.0,2408.7,2408.9,3616,0
2026-02-12 14:10:00+05:30,2409.4,2410.8,2408.6,2410.4,4889,0
2026-02-12 14:15:00+05:30,2410.4,2410.8,2409.1,2409.8,5420,0
2026-02-12 14:20:00+05:30,2410.1,2412.7,2409.4,2411.1,14608,0
2026-02-12 14:25:00+05:30,2411.5,2412.2,2409.4,2410.6,6261,0
2026-02-12 14:30:00+05:30,2410.0,2412.0,2409.4,2410.9,5397,0
2026-02-12 14:35:00+05:30,2410.9,2412.8,2409.5,2410.0,7265,0
2026-02-12 14:40:00+05:30,2409.9,2411.6,2406.0,2406.3,11149,0
2026-02-12 14:45:00+05:30,2407.0,2407.4,2400.7,2402.0,18815,0
2026-02-12 14:50:00+05:30,2402.0,2406.9,2401.5,2406.9,8128,0
2026-02-12 14:55:00+05:30,2406.9,2407.9,2406.0,2406.7,5702,0
2026-02-12 15:00:00+05:30,2406.7,2411.9,2406.7,2410.1,18212,0
2026-02-12 15:05:00+05:30,2410.2,2412.8,2410.1,2411.0,16434,0
2026-02-12 15:10:00+05:30,2410.9,2412.0,2410.0,2411.3,23529,0
2026-02-12 15:15:00+05:30,2411.0,2411.6,2410.0,2411.1,19094,0
2026-02-12 15:20:00+05:30,2411.1,2412.0,2405.5,2411.6,60792,0
2026-02-12 15:25:00+05:30,2411.3,2412.3,2410.0,2410.1,30628,0
2026-02-13 09:15:00+05:30,2408.9,2411.8,2400.3,2404.0,21187,0
2026-02-13 09:20:00+05:30,2403.1,2404.1,2401.5,2402.4,5037,0
2026-02-13 09:25:00+05:30,2402.4,2408.0,2402.0,2406.6,5033,0
2026-02-13 09:30:00+05:30,2407.1,2407.1,2400.2,2401.1,4516,0
2026-02-13 09:35:00+05:30,2401.1,2401.1,2392.6,2395.7,13231,0
2026-02-13 09:40:00+05:30,2395.6,2397.8,2393.2,2393.9,8159,0
2026-02-13 09:45:00+05:30,2394.7,2396.1,2393.2,2394.4,3818,0
2026-02-13 09:50:00+05:30,2393.4,2399.7,2393.3,2397.1,2097,0
2026-02-13 09:55:00+05:30,2397.1,2400.0,2394.6,2400.0,4542,0
2026-02-13 10:00:00+05:30,2399.8,2402.3,2398.6,2400.0,3827,0
2026-02-13 10:05:00+05:30,2400.6,2400.6,2394.4,2395.0,2663,0
2026-02-13 10:10:00+05:30,2395.5,2397.0,2394.2,2395.2,1741,0
2026-02-13 10:15:00+05:30,2394.7,2395.1,2390.9,2394.6,5871,0
2026-02-13 10:20:00+05:30,2394.4,2397.5,2391.9,2397.0,2969,0
2026-02-13 10:25:00+05:30,2397.6,2399.0,2395.9,2397.5,1280,0
2026-02-13 10:30:00+05:30,2397.5,2400.0,2396.0,2399.4,3749,0
2026-02-13 10:35:00+05:30,2399.4,2406.0,2398.3,2404.7,4049,0
2026-02-13 10:40:00+05:30,2404.7,2405.3,2402.4,2403.1,2521,0
2026-02-13 10:45:00+05:30,2403.2,2404.0,2402.5,2403.4,2213,0
2026-02-13 10:50:00+05:30,2403.4,2404.0,2402.0,2403.4,2120,0
2026-02-13 10:55:00+05:30,2403.4,2408.0,2402.5,2408.0,6985,0
2026-02-13 11:00:00+05:30,2408.0,2408.2,2403.2,2404.7,2449,0
2026-02-13 11:05:00+05:30,2404.7,2404.7,2403.0,2404.5,1339,0
2026-02-13 11:10:00+05:30,2404.5,2404.5,2400.0,2401.4,5500,0
2026-02-13 11:15:00+05:30,2401.5,2402.7,2393.7,2396.0,6610,0
2026-02-13 11:20:00+05:30,2396.0,2397.7,2392.7,2393.2,5703,0
2026-02-13 11:25:00+05:30,2393.2,2397.0,2392.3,2394.7,4634,0
2026-02-13 11:30:00+05:30,2394.7,2396.6,2392.7,2395.3,4067,0
2026-02-13 11:35:00+05:30,2395.3,2395.3,2387.3,2388.0,10343,0
2026-02-13 11:40:00+05:30,2388.0,2391.0,2388.0,2390.3,4630,0
2026-02-13 11:45:00+05:30,2390.9,2392.9,2390.7,2391.5,2761,0
2026-02-13 11:50:00+05:30,2391.3,2394.6,2391.3,2391.3,3839,0
2026-02-13 11:55:00+05:30,2391.7,2392.7,2390.0,2390.5,4067,0
2026-02-13 12:00:00+05:30,2391.3,2393.8,2390.1,2390.5,2560,0
2026-02-13 12:05:00+05:30,2390.5,2394.0,2390.5,2392.8,2235,0
2026-02-13 12:10:00+05:30,2392.8,2393.2,2390.9,2391.7,4785,0
2026-02-13 12:15:00+05:30,2391.7,2392.0,2388.8,2391.1,3209,0
2026-02-13 12:20:00+05:30,2391.1,2391.1,2387.0,2388.2,8262,0
2026-02-13 12:25:00+05:30,2387.8,2393.6,2387.3,2393.6,5132,0
2026-02-13 12:30:00+05:30,2393.6,2394.8,2392.0,2393.9,1913,0
2026-02-13 12:35:00+05:30,2394.0,2395.8,2391.8,2392.7,14998,0
2026-02-13 12:40:00+05:30,2392.7,2395.0,2390.5,2392.0,4757,0
2026-02-13 12:45:00+05:30,2392.0,2392.9,2389.9,2392.0,15301,0
2026-02-13 12:50:00+05:30,2392.4,2394.4,2391.6,2394.0,6306,0
2026-02-13 12:55:00+05:30,2394.0,2394.0,2387.2,2388.4,7328,0
2026-02-13 13:00:00+05:30,2388.4,2389.5,2381.9,2385.0,9048,0
2026-02-13 13:05:00+05:30,2385.0,2385.0,2383.0,2384.4,2113,0
2026-02-13 13:10:00+05:30,2384.4,2385.5,2383.4,2384.6,2513,0
2026-02-13 13:15:00+05:30,2384.6,2385.6,2383.4,2384.9,3836,0
2026-02-13 13:20:00+05:30,2384.9,2384.9,2380.1,2382.3,4072,0
2026-02-13 13:25:00+05:30,2382.3,2386.1,2380.5,2384.5,6421,0
2026-02-13 13:30:00+05:30,2384.5,2385.6,2382.5,2383.6,4786,0
2026-02-13 13:35:00+05:30,2383.6,2384.5,2382.4,2383.2,3467,0
2026-02-13 13:40:00+05:30,2382.9,2383.7,2382.5,2382.8,2053,0
2026-02-13 13:45:00+05:30,2382.8,2384.9,2381.7,2383.4,4347,0
2026-02-13 13:50:00+05:30,2383.6,2384.8,2382.5,2383.2,4803,0
2026-02-13 13:55:00+05:30,2383.2,2385.5,2382.9,2384.1,2207,0
2026-02-13 14:00:00+05:30,2384.0,2384.9,2383.4,2384.4,6032,0
2026-02-13 14:05:00+05:30,2384.4,2386.0,2384.1,2384.5,2326,0
2026-02-13 14:10:00+05:30,2384.3,2385.5,2383.9,2385.5,5090,0
2026-02-13 14:15:00+05:30,2385.5,2386.5,2383.8,2383.9,4232,0
2026-02-13 14:20:00+05:30,2384.5,2384.5,2377.5,2379.4,24964,0
2026-02-13 14:25:00+05:30,2379.6,2381.3,2378.0,2378.0,5631,0
2026-02-13 14:30:00+05:30,2378.2,2378.9,2372.0,2373.0,20468,0
2026-02-13 14:35:00+05:30,2373.0,2377.4,2370.1,2371.1,34505,0
2026-02-13 14:40:00+05:30,2371.1,2374.7,2370.0,2372.6,9472,0
2026-02-13 14:45:00+05:30,2372.6,2374.2,2366.9,2367.7,29237,0
2026-02-13 14:50:00+05:30,2368.0,2370.0,2365.6,2366.6,20087,0
2026-02-13 14:55:00+05:30,2367.0,2373.2,2366.4,2372.5,23367,0
2026-02-13 15:00:00+05:30,2372.5,2373.0,2366.6,2367.7,27057,0
2026-02-13 15:05:00+05:30,2368.2,2368.2,2363.8,2364.9,43249,0
2026-02-13 15:10:00+05:30,2365.4,2366.7,2360.1,2365.0,35890,0
2026-02-13 15:15:00+05:30,2365.2,2373.0,2365.2,2369.8,33379,0
2026-02-13 15:20:00+05:30,2369.8,2369.8,2361.3,2365.2,32040,0
2026-02-13 15:25:00+05:30,2365.2,2369.0,2363.6,2368.2,28559,0
2026-02-16 09:15:00+05:30,2360.0,2372.6,2359.0,2366.7,13003,0
2026-02-16 09:20:00+05:30,2367.8,2367.8,2359.2,2362.2,9200,0
2026-02-16 09:25:00+05:30,2362.2,2363.3,2356.8,2359.5,8249,0
2026-02-16 09:30:00+05:30,2359.3,2365.0,2358.1,2364.9,6534,0
2026-02-16 09:35:00+05:30,2364.9,2376.2,2364.6,2369.0,10344,0
2026-02-16 09:40:00+05:30,2369.0,2370.7,2361.5,2361.6,6871,0
2026-02-16 09:45:00+05:30,2361.5,2363.8,2358.9,2361.4,4922,0
2026-02-16 09:50:00+05:30,2361.0,2362.7,2360.3,2361.5,4079,0
2026-02-16 09:55:00+05:30,2361.6,2367.9,2361.1,2366.0,6248,0
2026-02-16 10:00:00+05:30,2366.4,2371.3,2366.0,2368.4,8758,0
2026-02-16 10:05:00+05:30,2368.3,2371.9,2368.1,2370.3,5248,0
2026-02-16 10:10:00+05:30,2369.8,2370.0,2367.6,2369.1,3711,0
2026-02-16 10:15:00+05:30,2368.2,2370.6,2366.7,2370.0,4403,0
2026-02-16 10:20:00+05:30,2368.8,2370.8,2367.4,2369.5,5247,0
2026-02-16 10:25:00+05:30,2368.8,2370.5,2368.0,2368.2,5531,0
2026-02-16 10:30:00+05:30,2369.3,2371.6,2368.0,2369.5,7743,0
2026-02-16 10:35:00+05:30,2370.5,2373.3,2368.1,2372.4,7243,0
2026-02-16 10:40:00+05:30,2372.0,2380.3,2371.6,2375.0,12864,0
2026-02-16 10:45:00+05:30,2375.0,2376.8,2371.1,2372.7,6146,0
2026-02-16 10:50:00+05:30,2372.1,2374.6,2371.4,2373.5,3206,0
2026-02-16 10:55:00+05:30,2373.5,2375.0,2371.6,2373.8,3128,0
2026-02-16 11:00:00+05:30,2373.8,2375.0,2371.9,2373.9,3041,0
2026-02-16 11:05:00+05:30,2373.2,2374.6,2372.1,2372.3,3282,0
2026-02-16 11:10:00+05:30,2372.3,2374.4,2372.2,2373.4,3072,0
2026-02-16 11:15:00+05:30,2372.4,2379.9,2372.3,2379.8,9599,0
2026-02-16 11:20:00+05:30,2378.5,2379.7,2377.0,2379.3,5049,0
2026-02-16 11:25:00+05:30,2378.2,2379.4,2374.6,2375.6,4158,0
2026-02-16 11:30:00+05:30,2375.6,2376.3,2374.3,2376.0,2793,0
2026-02-16 11:35:00+05:30,2375.0,2379.7,2374.1,2378.2,4617,0
2026-02-16 11:40:00+05:30,2378.5,2379.8,2376.1,2379.1,7064,0
2026-02-16 11:45:00+05:30,2378.2,2379.8,2377.1,2377.3,3348,0
2026-02-16 11:50:00+05:30,2377.3,2378.4,2376.3,2376.6,2857,0
2026-02-16 11:55:00+05:30,2376.5,2379.7,2375.6,2379.7,2940,0
2026-02-16 12:00:00+05:30,2378.4,2379.9,2377.1,2378.4,3591,0
2026-02-16 12:05:00+05:30,2377.5,2380.0,2377.1,2379.0,4673,0
2026-02-16 12:10:00+05:30,2379.8,2382.8,2379.1,2380.9,5807,0
2026-02-16 12:15:00+05:30,2380.0,2390.1,2378.6,2386.9,15945,0
2026-02-16 12:20:00+05:30,2386.3,2389.9,2382.3,2389.5,18227,0
2026-02-16 12:25:00+05:30,2388.5,2390.6,2387.1,2389.7,8108,0
2026-02-16 12:30:00+05:30,2389.7,2391.7,2387.5,2390.7,7274,0
2026-02-16 12:35:00+05:30,2389.8,2390.7,2388.2,2389.9,3272,0
2026-02-16 12:40:00+05:30,2389.7,2391.5,2388.6,2391.1,5619,0
2026-02-16 12:45:00+05:30,2391.2,2391.6,2389.0,2390.7,4561,0
2026-02-16 12:50:00+05:30,2390.8,2392.0,2388.5,2389.3,5666,0
2026-02-16 12:55:00+05:30,2389.3,2391.1,2388.4,2390.2,4619,0
2026-02-16 13:00:00+05:30,2389.0,2396.2,2389.0,2393.6,11232,0
2026-02-16 13:05:00+05:30,2393.6,2394.6,2387.6,2388.2,11820,0
2026-02-16 13:10:00+05:30,2387.7,2392.8,2387.6,2390.4,13937,0
2026-02-16 13:15:00+05:30,2390.3,2391.0,2387.8,2390.4,9230,0
2026-02-16 13:20:00+05:30,2390.4,2395.5,2389.0,2393.9,9742,0
2026-02-16 13:25:00+05:30,2393.0,2395.8,2392.4,2395.4,5031,0
2026-02-16 13:30:00+05:30,2394.3,2396.9,2394.2,2396.7,8063,0
2026-02-16 13:35:00+05:30,2395.6,2398.0,2395.0,2396.7,5341,0
2026-02-16 13:40:00+05:30,2396.6,2396.9,2395.0,2396.5,5032,0
2026-02-16 13:45:00+05:30,2396.0,2401.4,2395.4,2399.9,11839,0
2026-02-16 13:50:00+05:30,2399.0,2401.8,2396.6,2396.8,12060,0
2026-02-16 13:55:00+05:30,2396.8,2397.7,2394.5,2396.2,16106,0
2026-02-16 14:00:00+05:30,2396.2,2399.3,2391.6,2397.0,21335,0
2026-02-16 14:05:00+05:30,2397.5,2397.5,2395.0,2396.7,5397,0
2026-02-16 14:10:00+05:30,2396.7,2399.1,2395.7,2397.6,5430,0
2026-02-16 14:15:00+05:30,2396.6,2399.1,2396.6,2397.4,3824,0
2026-02-16 14:20:00+05:30,2397.4,2398.0,2395.5,2397.9,2964,0
2026-02-16 14:25:00+05:30,2397.9,2400.0,2396.6,2400.0,9411,0
2026-02-16 14:30:00+05:30,2399.5,2400.0,2397.1,2399.3,5184,0
2026-02-16 14:35:00+05:30,2399.0,2399.4,2397.0,2398.1,3384,0
2026-02-16 14:40:00+05:30,2398.1,2399.1,2397.4,2399.1,3074,0
2026-02-16 14:45:00+05:30,2399.0,2400.0,2397.4,2400.0,10252,0
2026-02-16 14:50:00+05:30,2400.0,2400.5,2398.7,2399.9,6093,0
2026-02-16 14:55:00+05:30,2399.9,2401.0,2399.1,2400.8,4229,0
2026-02-16 15:00:00+05:30,2400.8,2405.1,2400.5,2403.5,18762,0
2026-02-16 15:05:00+05:30,2403.5,2404.7,2399.3,2400.4,12409,0
2026-02-16 15:10:00+05:30,2400.5,2401.0,2396.4,2397.5,24458,0
2026-02-16 15:15:00+05:30,2397.5,2399.1,2395.0,2398.0,29787,0
2026-02-16 15:20:00+05:30,2397.5,2398.0,2393.0,2394.9,55058,0
2026-02-16 15:25:00+05:30,2394.6,2400.9,2392.0,2400.0,60689,0
2026-02-17 09:15:00+05:30,2399.5,2452.4,2399.5,2450.3,125965,0
2026-02-17 09:20:00+05:30,2451.5,2451.6,2435.0,2436.5,46219,0
2026-02-17 09:25:00+05:30,2436.9,2444.2,2430.0,2442.0,40737,0
2026-02-17 09:30:00+05:30,2442.6,2442.7,2431.5,2432.3,24377,0
2026-02-17 09:35:00+05:30,2433.0,2440.0,2431.2,2435.5,24964,0
2026-02-17 09:40:00+05:30,2435.5,2435.6,2428.3,2434.5,13797,0
2026-02-17 09:45:00+05:30,2434.9,2439.0,2434.3,2434.9,12111,0
2026-02-17 09:50:00+05:30,2434.7,2435.6,2430.6,2432.3,3830,0
2026-02-17 09:55:00+05:30,2431.6,2432.0,2425.0,2427.3,14282,0
2026-02-17 10:00:00+05:30,2426.9,2433.1,2425.2,2428.0,6775,0
2026-02-17 10:05:00+05:30,2427.9,2431.5,2424.1,2429.9,8736,0
2026-02-17 10:10:00+05:30,2430.3,2433.9,2428.2,2433.9,7262,0
2026-02-17 10:15:00+05:30,2433.7,2435.0,2431.2,2434.7,7488,0
2026-02-17 10:20:00+05:30,2434.1,2437.7,2432.8,2436.2,7763,0
2026-02-17 10:25:00+05:30,2436.2,2443.0,2436.0,2441.0,25840,0
2026-02-17 10:30:00+05:30,2441.3,2443.4,2438.4,2439.2,7935,0
2026-02-17 10:35:00+05:30,2439.2,2440.0,2437.9,2439.7,5178,0
2026-02-17 10:40:00+05:30,2439.9,2443.0,2439.0,2439.9,6379,0
2026-02-17 10:45:00+05:30,2440.0,2441.6,2436.5,2438.9,6717,0
2026-02-17 10:50:00+05:30,2438.9,2443.7,2437.0,2441.9,7594,0
2026-02-17 10:55:00+05:30,2442.0,2443.8,2440.0,2441.9,5366,0
2026-02-17 11:00:00+05:30,2441.9,2445.0,2441.6,2445.0,11918,0
2026-02-17 11:05:00+05:30,2444.7,2445.0,2438.5,2441.0,7829,0
2026-02-17 11:10:00+05:30,2440.7,2444.4,2440.0,2440.7,4983,0
2026-02-17 11:15:00+05:30,2440.7,2442.2,2439.1,2441.9,4184,0
2026-02-17 11:20:00+05:30,2441.3,2442.2,2439.7,2441.0,2100,0
2026-02-17 11:25:00+05:30,2441.0,2441.1,2437.5,2438.1,2151,0
2026-02-17 11:30:00+05:30,2437.7,2443.0,2437.7,2440.2,9596,0
2026-02-17 11:35:00+05:30,2440.2,2441.4,2439.1,2439.9,2778,0
2026-02-17 11:40:00+05:30,2440.3,2440.8,2438.1,2438.1,6407,0
2026-02-17 11:45:00+05:30,2438.1,2439.7,2437.3,2438.3,2494,0
2026-02-17 11:50:00+05:30,2438.7,2439.0,2436.6,2437.5,3288,0
2026-02-17 11:55:00+05:30,2437.7,2438.0,2436.0,2436.7,3311,0
2026-02-17 12:00:00+05:30,2436.8,2436.8,2431.0,2434.5,14711,0
2026-02-17 12:05:00+05:30,2434.7,2441.7,2434.7,2440.1,9823,0
2026-02-17 12:10:00+05:30,2440.5,2441.0,2438.3,2439.4,3435,0
2026-02-17 12:15:00+05:30,2439.5,2443.0,2438.0,2439.9,8565,0
2026-02-17 12:20:00+05:30,2440.0,2441.8,2439.5,2440.0,5608,0
2026-02-17 12:25:00+05:30,2439.9,2441.3,2436.2,2437.3,5004,0
2026-02-17 12:30:00+05:30,2437.3,2439.7,2435.4,2439.4,7844,0
2026-02-17 12:35:00+05:30,2439.4,2439.7,2433.6,2435.4,7266,0
2026-02-17 12:40:00+05:30,2435.3,2435.7,2433.0,2434.5,3835,0
2026-02-17 12:45:00+05:30,2434.5,2436.2,2434.0,2436.0,3362,0
2026-02-17 12:50:00+05:30,2435.2,2438.9,2435.0,2437.5,5059,0
2026-02-17 12:55:00+05:30,2437.5,2438.5,2435.8,2436.2,3606,0
2026-02-17 13:00:00+05:30,2436.2,2439.6,2430.1,2431.0,6282,0
2026-02-17 13:05:00+05:30,2431.0,2431.3,2427.8,2430.8,12275,0
2026-02-17 13:10:00+05:30,2430.8,2431.0,2426.1,2427.3,14573,0
2026-02-17 13:15:00+05:30,2427.3,2427.7,2424.9,2426.0,7999,0
2026-02-17 13:20:00+05:30,2426.0,2429.0,2426.0,2426.7,4723,0
2026-02-17 13:25:00+05:30,2426.7,2433.9,2426.0,2432.6,10995,0
2026-02-17 13:30:00+05:30,2432.0,2434.9,2432.0,2432.6,6898,0
2026-02-17 13:35:00+05:30,2432.6,2434.0,2431.5,2433.6,4059,0
2026-02-17 13:40:00+05:30,2433.6,2437.4,2433.5,2436.4,9194,0
2026-02-17 13:45:00+05:30,2436.4,2437.0,2430.9,2434.1,9387,0
2026-02-17 13:50:00+05:30,2434.4,2435.4,2433.0,2433.4,4067,0
2026-02-17 13:55:00+05:30,2433.4,2435.6,2431.2,2434.7,11231,0
2026-02-17 14:00:00+05:30,2434.7,2436.9,2432.3,2436.2,22713,0
2026-02-17 14:05:00+05:30,2436.0,2440.0,2435.8,2436.1,14824,0
2026-02-17 14:10:00+05:30,2436.1,2437.2,2433.3,2434.1,8758,0
2026-02-17 14:15:00+05:30,2434.1,2435.9,2432.5,2435.9,7511,0
2026-02-17 14:20:00+05:30,2435.4,2437.0,2430.0,2430.0,6295,0
2026-02-17 14:25:00+05:30,2430.2,2434.0,2429.8,2430.0,10711,0
2026-02-17 14:30:00+05:30,2430.6,2431.5,2429.0,2430.1,8098,0
2026-02-17 14:35:00+05:30,2430.1,2434.9,2429.2,2432.0,22604,0
2026-02-17 14:40:00+05:30,2432.0,2433.8,2430.0,2430.1,21440,0
2026-02-17 14:45:00+05:30,2430.1,2433.7,2430.0,2432.6,11931,0
2026-02-17 14:50:00+05:30,2433.3,2434.6,2432.1,2433.0,15702,0
2026-02-17 14:55:00+05:30,2433.0,2436.8,2432.6,2435.1,17261,0
2026-02-17 15:00:00+05:30,2436.1,2440.5,2435.1,2438.5,31910,0
2026-02-17 15:05:00+05:30,2438.3,2441.0,2438.2,2439.6,18162,0
2026-02-17 15:10:00+05:30,2439.6,2440.3,2434.2,2434.9,27951,0
2026-02-17 15:15:00+05:30,2435.0,2437.0,2434.0,2436.4,26552,0
2026-02-17 15:20:00+05:30,2436.2,2438.7,2433.6,2438.2,52605,0
2026-02-17 15:25:00+05:30,2438.2,2440.0,2434.0,2439.0,29048,0
2026-02-18 09:15:00+05:30,2440.0,2448.2,2434.4,2442.0,15784,0
2026-02-18 09:20:00+05:30,2441.4,2442.0,2433.5,2438.0,8410,0
2026-02-18 09:25:00+05:30,2438.0,2440.0,2436.3,2439.7,3589,0
2026-02-18 09:30:00+05:30,2439.7,2440.9,2436.5,2437.8,3733,0
2026-02-18 09:35:00+05:30,2437.8,2440.9,2437.5,2439.0,4048,0
2026-02-18 09:40:00+05:30,2439.5,2442.0,2437.4,2439.7,4386,0
2026-02-18 09:45:00+05:30,2439.7,2439.9,2433.4,2434.0,5246,0
2026-02-18 09:50:00+05:30,2434.5,2434.5,2430.0,2431.7,4402,0
2026-02-18 09:55:00+05:30,2431.8,2432.0,2425.5,2431.2,5540,0
2026-02-18 10:00:00+05:30,2431.2,2431.2,2426.2,2429.2,9037,0
2026-02-18 10:05:00+05:30,2428.8,2432.6,2427.8,2431.7,3455,0
2026-02-18 10:10:00+05:30,2431.7,2431.9,2429.9,2430.5,2846,0
2026-02-18 10:15:00+05:30,2430.5,2431.0,2425.0,2428.7,4356,0
2026-02-18 10:20:00+05:30,2428.9,2431.9,2426.3,2430.5,2271,0
2026-02-18 10:25:00+05:30,2430.6,2430.8,2426.3,2429.2,2726,0
2026-02-18 10:30:00+05:30,2429.4,2430.7,2428.0,2429.5,2217,0
2026-02-18 10:35:00+05:30,2429.6,2431.9,2428.8,2430.0,3308,0
2026-02-18 10:40:00+05:30,2430.4,2430.8,2428.0,2428.0,1916,0
2026-02-18 10:45:00+05:30,2428.4,2430.9,2427.1,2430.8,2899,0
2026-02-18 10:50:00+05:30,2430.9,2432.9,2430.1,2432.0,2121,0
2026-02-18 10:55:00+05:30,2432.0,2433.9,2431.1,2432.9,2741,0
2026-02-18 11:00:00+05:30,2433.0,2434.0,2430.0,2432.9,5781,0
2026-02-18 11:05:00+05:30,2432.9,2432.9,2430.3,2431.6,1268,0
2026-02-18 11:10:00+05:30,2431.6,2431.8,2428.9,2429.9,2966,0
2026-02-18 11:15:00+05:30,2430.0,2431.3,2426.5,2429.4,4858,0
2026-02-18 11:20:00+05:30,2429.8,2430.1,2425.2,2425.4,2710,0
2026-02-18 11:25:00+05:30,2426.0,2429.0,2426.0,2427.4,2162,0
2026-02-18 11:30:00+05:30,2428.3,2428.3,2424.7,2426.9,3211,0
2026-02-18 11:35:00+05:30,2426.6,2426.7,2421.6,2422.5,5504,0
2026-02-18 11:40:00+05:30,2422.6,2423.9,2420.1,2421.7,5093,0
2026-02-18 11:45:00+05:30,2422.3,2424.8,2421.5,2423.3,3285,0
2026-02-18 11:50:00+05:30,2423.6,2423.6,2420.1,2421.9,1914,0
2026-02-18 11:55:00+05:30,2421.9,2421.9,2418.0,2418.0,3945,0
2026-02-18 12:00:00+05:30,2418.3,2420.6,2416.5,2419.0,4949,0
2026-02-18 12:05:00+05:30,2419.4,2419.6,2418.2,2419.6,1245,0
2026-02-18 12:10:00+05:30,2419.6,2420.0,2418.0,2419.1,3095,0
2026-02-18 12:15:00+05:30,2419.2,2420.6,2418.0,2419.6,4740,0
2026-02-18 12:20:00+05:30,2419.6,2423.9,2418.8,2422.3,8476,0
2026-02-18 12:25:00+05:30,2422.8,2423.1,2420.0,2420.7,3078,0
2026-02-18 12:30:00+05:30,2420.7,2423.2,2419.8,2422.6,3351,0
2026-02-18 12:35:00+05:30,2423.2,2425.7,2420.8,2425.5,5142,0
2026-02-18 12:40:00+05:30,2425.6,2425.9,2424.7,2425.0,3451,0
2026-02-18 12:45:00+05:30,2425.5,2425.7,2424.8,2425.0,5326,0
2026-02-18 12:50:00+05:30,2425.2,2425.4,2422.3,2424.9,18740,0
2026-02-18 12:55:00+05:30,2425.0,2433.2,2424.6,2431.4,11343,0
2026-02-18 13:00:00+05:30,2431.3,2432.5,2428.3,2430.3,5415,0
2026-02-18 13:05:00+05:30,2430.3,2432.7,2430.0,2430.7,5360,0
2026-02-18 13:10:00+05:30,2430.7,2431.0,2430.0,2430.5,1889,0
2026-02-18 13:15:00+05:30,2430.8,2431.1,2430.3,2430.3,1213,0
2026-02-18 13:20:00+05:30,2431.0,2431.3,2430.2,2430.4,1988,0
2026-02-18 13:25:00+05:30,2430.9,2430.9,2430.0,2430.5,2935,0
2026-02-18 13:30:00+05:30,2430.5,2432.0,2430.3,2431.4,3555,0
2026-02-18 13:35:00+05:30,2431.5,2431.9,2429.7,2431.2,6440,0
2026-02-18 13:40:00+05:30,2431.7,2433.2,2431.2,2433.2,2419,0
2026-02-18 13:45:00+05:30,2433.2,2433.5,2431.6,2431.8,3369,0
2026-02-18 13:50:00+05:30,2431.8,2432.7,2427.4,2427.4,11833,0
2026-02-18 13:55:00+05:30,2427.7,2427.8,2425.2,2426.9,4810,0
2026-02-18 14:00:00+05:30,2427.4,2427.4,2425.7,2426.3,1349,0
2026-02-18 14:05:00+05:30,2426.7,2428.5,2425.9,2428.5,2990,0
2026-02-18 14:10:00+05:30,2428.5,2430.5,2428.2,2430.1,1560,0
2026-02-18 14:15:00+05:30,2430.4,2431.9,2430.2,2430.5,2364,0
2026-02-18 14:20:00+05:30,2431.2,2432.0,2430.0,2430.0,4480,0
2026-02-18 14:25:00+05:30,2430.7,2431.4,2429.5,2431.0,3103,0
2026-02-18 14:30:00+05:30,2431.0,2431.4,2430.0,2430.1,2302,0
2026-02-18 14:35:00+05:30,2430.3,2430.8,2428.4,2428.9,13480,0
2026-02-18 14:40:00+05:30,2428.9,2428.9,2427.5,2427.7,2022,0
2026-02-18 14:45:00+05:30,2427.7,2429.0,2427.5,2428.9,3946,0
2026-02-18 14:50:00+05:30,2428.9,2430.0,2427.8,2429.2,3196,0
2026-02-18 14:55:00+05:30,2429.4,2429.7,2427.8,2429.5,8403,0
2026-02-18 15:00:00+05:30,2429.3,2433.4,2429.0,2431.8,62563,0
2026-02-18 15:05:00+05:30,2431.8,2432.6,2430.1,2431.7,18992,0
2026-02-18 15:10:00+05:30,2430.8,2432.8,2430.0,2432.3,12465,0
2026-02-18 15:15:00+05:30,2431.3,2434.7,2430.4,2433.5,115456,0
2026-02-18 15:20:00+05:30,2432.9,2435.7,2432.3,2435.7,17206,0
2026-02-18 15:25:00+05:30,2435.6,2435.9,2432.0,2434.4,13765,0
2026-02-19 09:15:00+05:30,2420.0,2428.0,2401.0,2420.0,37988,0
2026-02-19 09:20:00+05:30,2420.0,2421.7,2413.3,2415.2,12189,0
2026-02-19 09:25:00+05:30,2415.2,2415.6,2406.0,2406.9,16996,0
2026-02-19 09:30:00+05:30,2406.6,2409.7,2402.0,2406.6,17891,0
2026-02-19 09:35:00+05:30,2406.9,2408.8,2398.0,2402.2,16827,0
2026-02-19 09:40:00+05:30,2402.7,2404.7,2400.0,2403.3,6290,0
2026-02-19 09:45:00+05:30,2403.3,2405.0,2400.5,2404.0,6552,0
2026-02-19 09:50:00+05:30,2404.8,2410.8,2404.2,2410.1,11037,0
2026-02-19 09:55:00+05:30,2410.1,2411.8,2408.2,2408.8,4701,0
2026-02-19 10:00:00+05:30,2408.9,2409.6,2405.5,2407.7,5086,0
2026-02-19 10:05:00+05:30,2408.4,2408.4,2404.8,2405.9,2689,0
2026-02-19 10:10:00+05:30,2405.6,2409.1,2404.2,2407.2,4579,0
2026-02-19 10:15:00+05:30,2407.2,2407.2,2403.2,2406.7,4357,0
2026-02-19 10:20:00+05:30,2406.7,2415.9,2402.2,2410.0,25269,0
2026-02-19 10:25:00+05:30,2410.6,2413.6,2410.5,2413.0,8802,0
2026-02-19 10:30:00+05:30,2412.1,2416.7,2410.9,2415.8,17637,0
2026-02-19 10:35:00+05:30,2416.0,2417.4,2414.1,2416.0,10083,0
2026-02-19 10:40:00+05:30,2416.1,2416.5,2414.4,2415.8,17617,0
2026-02-19 10:45:00+05:30,2415.8,2416.1,2409.3,2410.0,8296,0
2026-02-19 10:50:00+05:30,2410.4,2411.2,2408.9,2410.4,12655,0
2026-02-19 10:55:00+05:30,2410.2,2411.3,2406.7,2410.5,31141,0
2026-02-19 11:00:00+05:30,2410.7,2411.1,2408.6,2410.4,12770,0
2026-02-19 11:05:00+05:30,2410.8,2410.8,2402.0,2402.7,16617,0
2026-02-19 11:10:00+05:30,2402.4,2403.8,2398.2,2400.0,21825,0
2026-02-19 11:15:00+05:30,2400.8,2401.5,2399.4,2400.7,4333,0
2026-02-19 11:20:00+05:30,2401.5,2404.6,2400.4,2403.0,3659,0
2026-02-19 11:25:00+05:30,2403.5,2406.9,2402.8,2404.0,2468,0
2026-02-19 11:30:00+05:30,2403.1,2406.3,2402.8,2405.2,2165,0
2026-02-19 11:35:00+05:30,2404.7,2405.2,2401.5,2404.2,2957,0
2026-02-19 11:40:00+05:30,2404.3,2404.8,2401.5,2403.2,1554,0
2026-02-19 11:45:00+05:30,2403.2,2404.0,2401.9,2403.8,1776,0
2026-02-19 11:50:00+05:30,2403.7,2405.5,2401.9,2405.4,2324,0
2026-02-19 11:55:00+05:30,2405.4,2408.5,2404.8,2408.2,3969,0
2026-02-19 12:00:00+05:30,2408.4,2409.0,2404.0,2405.0,4478,0
2026-02-19 12:05:00+05:30,2404.5,2405.4,2403.0,2403.0,1452,0
2026-02-19 12:10:00+05:30,2403.6,2403.9,2400.8,2403.6,2820,0
2026-02-19 12:15:00+05:30,2402.6,2404.4,2401.9,2404.1,2164,0
2026-02-19 12:20:00+05:30,2404.1,2404.8,2403.0,2404.2,2565,0
2026-02-19 12:25:00+05:30,2404.2,2404.2,2403.0,2403.6,1661,0
2026-02-19 12:30:00+05:30,2403.1,2404.1,2401.6,2403.1,1711,0
2026-02-19 12:35:00+05:30,2403.1,2404.9,2400.6,2401.7,3459,0
2026-02-19 12:40:00+05:30,2401.7,2402.7,2400.0,2401.0,17222,0
2026-02-19 12:45:00+05:30,2400.7,2403.6,2398.3,2403.3,15140,0
2026-02-19 12:50:00+05:30,2403.6,2407.8,2401.2,2404.7,8408,0
2026-02-19 12:55:00+05:30,2404.7,2407.5,2402.7,2406.7,3911,0
2026-02-19 13:00:00+05:30,2406.8,2407.6,2402.6,2406.1,2885,0
2026-02-19 13:05:00+05:30,2406.1,2408.1,2403.9,2408.1,4598,0
2026-02-19 13:10:00+05:30,2408.1,2410.6,2407.6,2409.1,13922,0
2026-02-19 13:15:00+05:30,2408.0,2408.0,2403.9,2403.9,2131,0
2026-02-19 13:20:00+05:30,2403.9,2405.3,2402.6,2403.7,1714,0
2026-02-19 13:25:00+05:30,2403.9,2405.3,2402.0,2405.0,1203,0
2026-02-19 13:30:00+05:30,2405.0,2405.0,2400.4,2401.7,9724,0
2026-02-19 13:35:00+05:30,2402.0,2403.9,2400.7,2401.0,7540,0
2026-02-19 13:40:00+05:30,2401.0,2402.2,2399.0,2401.5,4509,0
2026-02-19 13:45:00+05:30,2401.5,2402.4,2398.0,2399.1,6387,0
2026-02-19 13:50:00+05:30,2398.9,2401.8,2395.1,2401.2,6724,0
2026-02-19 13:55:00+05:30,2401.2,2405.3,2400.2,2404.8,3977,0
2026-02-19 14:00:00+05:30,2404.8,2405.5,2396.6,2397.4,7018,0
2026-02-19 14:05:00+05:30,2397.7,2402.1,2396.9,2402.1,3557,0
2026-02-19 14:10:00+05:30,2402.1,2403.9,2400.0,2403.4,4802,0
2026-02-19 14:15:00+05:30,2403.4,2404.7,2401.3,2403.5,12456,0
2026-02-19 14:20:00+05:30,2403.5,2404.8,2401.0,2403.1,10537,0
2026-02-19 14:25:00+05:30,2403.1,2404.1,2400.0,2400.0,3896,0
2026-02-19 14:30:00+05:30,2400.0,2401.7,2399.5,2400.6,3290,0
2026-02-19 14:35:00+05:30,2400.6,2402.5,2400.1,2401.8,2986,0
2026-02-19 14:40:00+05:30,2401.8,2404.0,2401.0,2403.6,19390,0
2026-02-19 14:45:00+05:30,2403.0,2404.8,2401.4,2403.9,28717,0
2026-02-19 14:50:00+05:30,2403.9,2405.9,2403.2,2405.0,19967,0
2026-02-19 14:55:00+05:30,2405.2,2407.0,2402.5,2405.1,15042,0
2026-02-19 15:00:00+05:30,2405.2,2405.5,2399.0,2402.2,51107,0
2026-02-19 15:05:00+05:30,2402.2,2403.7,2399.2,2403.4,34083,0
2026-02-19 15:10:00+05:30,2403.4,2405.6,2397.8,2400.0,61086,0
2026-02-19 15:15:00+05:30,2400.0,2402.2,2398.4,2400.5,82912,0
2026-02-19 15:20:00+05:30,2400.9,2400.9,2393.2,2397.1,45410,0
2026-02-19 15:25:00+05:30,2397.0,2413.0,2391.1,2391.6,79807,0
2026-02-20 09:15:00+05:30,2378.2,2400.0,2376.1,2393.0,32261,0
2026-02-20 09:20:00+05:30,2394.5,2399.0,2387.5,2395.5,10960,0
2026-02-20 09:25:00+05:30,2395.0,2396.2,2385.9,2387.0,5396,0
2026-02-20 09:30:00+05:30,2388.7,2397.2,2387.2,2396.5,7025,0
2026-02-20 09:35:00+05:30,2396.5,2401.5,2394.0,2399.9,6516,0
2026-02-20 09:40:00+05:30,2399.3,2403.0,2397.8,2401.0,5002,0
2026-02-20 09:45:00+05:30,2401.2,2408.4,2401.0,2405.6,15539,0
2026-02-20 09:50:00+05:30,2405.9,2406.8,2400.8,2402.2,7300,0
2026-02-20 09:55:00+05:30,2402.6,2404.1,2399.2,2400.7,11004,0
2026-02-20 10:00:00+05:30,2400.7,2401.0,2397.4,2398.5,4669,0
2026-02-20 10:05:00+05:30,2399.4,2403.2,2399.3,2400.2,3605,0
2026-02-20 10:10:00+05:30,2400.2,2402.1,2396.0,2398.9,3420,0
2026-02-20 10:15:00+05:30,2399.8,2405.0,2399.1,2402.3,3289,0
2026-02-20 10:20:00+05:30,2402.7,2408.9,2401.9,2406.9,8930,0
2026-02-20 10:25:00+05:30,2407.5,2412.1,2405.6,2408.5,8879,0
2026-02-20 10:30:00+05:30,2408.6,2411.7,2408.6,2410.6,4286,0
2026-02-20 10:35:00+05:30,2411.0,2412.0,2409.6,2411.6,2518,0
2026-02-20 10:40:00+05:30,2411.8,2414.8,2411.5,2413.4,4585,0
2026-02-20 10:45:00+05:30,2413.8,2416.0,2413.0,2414.3,4119,0
2026-02-20 10:50:00+05:30,2414.4,2417.4,2412.0,2416.3,4976,0
2026-02-20 10:55:00+05:30,2416.7,2418.0,2416.0,2416.0,2755,0
2026-02-20 11:00:00+05:30,2416.8,2418.0,2412.8,2413.9,4413,0
2026-02-20 11:05:00+05:30,2414.6,2415.0,2413.5,2415.0,2564,0
2026-02-20 11:10:00+05:30,2415.0,2417.0,2414.3,2415.6,3715,0
2026-02-20 11:15:00+05:30,2416.0,2419.4,2413.9,2415.8,6412,0
2026-02-20 11:20:00+05:30,2415.8,2417.7,2415.0,2417.2,3684,0
2026-02-20 11:25:00+05:30,2417.4,2420.9,2416.9,2420.0,10268,0
2026-02-20 11:30:00+05:30,2420.0,2424.0,2419.9,2424.0,5550,0
2026-02-20 11:35:00+05:30,2424.0,2424.5,2421.1,2424.3,4571,0
2026-02-20 11:40:00+05:30,2424.5,2427.0,2424.3,2424.8,6412,0
2026-02-20 11:45:00+05:30,2425.0,2425.9,2422.0,2423.3,3839,0
2026-02-20 11:50:00+05:30,2423.3,2425.1,2422.1,2422.2,2913,0
2026-02-20 11:55:00+05:30,2423.5,2425.0,2422.4,2423.3,2741,0
2026-02-20 12:00:00+05:30,2424.2,2424.7,2420.6,2423.0,2632,0
2026-02-20 12:05:00+05:30,2423.1,2424.0,2421.7,2423.7,1872,0
2026-02-20 12:10:00+05:30,2423.8,2425.0,2422.6,2424.7,1731,0
2026-02-20 12:15:00+05:30,2424.9,2425.8,2424.1,2425.0,3266,0
2026-02-20 12:20:00+05:30,2425.5,2433.0,2425.0,2431.8,8859,0
2026-02-20 12:25:00+05:30,2431.8,2433.0,2428.6,2430.0,5140,0
2026-02-20 12:30:00+05:30,2430.4,2432.0,2430.0,2430.5,2529,0
2026-02-20 12:35:00+05:30,2430.6,2431.6,2429.1,2430.0,2491,0
2026-02-20 12:40:00+05:30,2430.0,2430.6,2426.8,2426.9,2896,0
2026-02-20 12:45:00+05:30,2427.3,2429.2,2425.5,2427.5,4494,0
2026-02-20 12:50:00+05:30,2427.0,2429.5,2427.0,2428.7,3118,0
2026-02-20 12:55:00+05:30,2428.7,2429.4,2426.6,2428.9,11939,0
2026-02-20 13:00:00+05:30,2429.0,2430.5,2427.0,2427.0,3192,0
2026-02-20 13:05:00+05:30,2427.5,2428.2,2423.8,2424.2,6643,0
2026-02-20 13:10:00+05:30,2424.2,2425.3,2421.6,2421.8,7450,0
2026-02-20 13:15:00+05:30,2422.1,2422.7,2416.6,2419.7,11399,0
2026-02-20 13:20:00+05:30,2419.7,2420.5,2416.5,2417.6,4675,0
2026-02-20 13:25:00+05:30,2417.9,2421.0,2417.3,2419.4,5225,0
2026-02-20 13:30:00+05:30,2419.4,2420.8,2417.8,2419.2,3752,0
2026-02-20 13:35:00+05:30,2419.1,2421.4,2417.8,2418.2,3112,0
2026-02-20 13:40:00+05:30,2419.4,2420.0,2417.6,2419.7,1603,0
2026-02-20 13:45:00+05:30,2419.9,2422.3,2418.4,2420.2,3203,0
2026-02-20 13:50:00+05:30,2420.8,2421.1,2418.7,2420.0,2763,0
2026-02-20 13:55:00+05:30,2420.7,2424.7,2420.0,2422.6,2825,0
2026-02-20 14:00:00+05:30,2423.5,2424.3,2420.4,2421.0,5328,0
2026-02-20 14:05:00+05:30,2421.5,2424.2,2419.2,2423.4,4680,0
2026-02-20 14:10:00+05:30,2423.6,2425.0,2422.4,2422.9,2795,0
2026-02-20 14:15:00+05:30,2423.3,2426.4,2423.3,2426.4,5655,0
2026-02-20 14:20:00+05:30,2426.5,2426.9,2425.5,2425.9,3556,0
2026-02-20 14:25:00+05:30,2426.6,2426.8,2425.5,2425.5,4201,0
2026-02-20 14:30:00+05:30,2425.8,2426.8,2425.3,2426.5,5445,0
2026-02-20 14:35:00+05:30,2425.8,2428.2,2421.7,2423.6,21940,0
2026-02-20 14:40:00+05:30,2423.6,2430.5,2421.1,2427.7,34083,0
2026-02-20 14:45:00+05:30,2428.9,2430.9,2427.3,2429.5,4999,0
2026-02-20 14:50:00+05:30,2430.6,2430.8,2424.0,2428.8,6512,0
2026-02-20 14:55:00+05:30,2428.9,2430.5,2427.2,2430.0,7824,0
2026-02-20 15:00:00+05:30,2430.4,2435.7,2429.8,2432.8,71656,0
2026-02-20 15:05:00+05:30,2433.0,2433.0,2425.5,2427.3,60657,0
2026-02-20 15:10:00+05:30,2427.0,2427.8,2423.8,2427.0,56469,0
2026-02-20 15:15:00+05:30,2427.5,2428.2,2425.2,2426.6,61691,0
2026-02-20 15:20:00+05:30,2426.5,2429.9,2422.2,2426.1,59282,0
2026-02-20 15:25:00+05:30,2426.1,2428.0,2418.0,2428.0,52627,0
2026-02-23 09:15:00+05:30,2424.7,2427.8,2411.5,2422.5,23467,0
2026-02-23 09:20:00+05:30,2422.2,2430.0,2422.2,2428.5,8760,0
2026-02-23 09:25:00+05:30,2428.0,2433.5,2427.0,2430.0,8498,0
2026-02-23 09:30:00+05:30,2430.4,2434.4,2430.2,2434.0,5167,0
2026-02-23 09:35:00+05:30,2433.8,2439.9,2433.6,2438.7,9612,0
2026-02-23 09:40:00+05:30,2438.2,2438.8,2433.2,2435.0,13072,0
2026-02-23 09:45:00+05:30,2435.0,2436.8,2431.4,2433.3,9965,0
2026-02-23 09:50:00+05:30,2433.3,2437.1,2432.1,2433.1,7396,0
2026-02-23 09:55:00+05:30,2433.2,2436.5,2432.8,2432.8,6127,0
2026-02-23 10:00:00+05:30,2432.1,2437.2,2431.5,2436.7,6384,0
2026-02-23 10:05:00+05:30,2437.0,2438.9,2435.2,2435.6,5709,0
2026-02-23 10:10:00+05:30,2435.6,2437.6,2432.1,2433.7,6531,0
2026-02-23 10:15:00+05:30,2433.3,2438.1,2433.0,2433.2,4637,0
2026-02-23 10:20:00+05:30,2433.2,2435.0,2433.0,2434.0,2664,0
2026-02-23 10:25:00+05:30,2434.1,2436.0,2432.2,2433.4,4930,0
2026-02-23 10:30:00+05:30,2433.4,2435.1,2432.8,2432.9,2475,0
2026-02-23 10:35:00+05:30,2432.8,2434.0,2431.9,2432.6,3648,0
2026-02-23 10:40:00+05:30,2432.5,2432.8,2428.8,2431.0,5578,0
2026-02-23 10:45:00+05:30,2431.3,2431.8,2428.1,2428.8,2981,0
2026-02-23 10:50:00+05:30,2428.4,2430.7,2426.6,2427.6,4935,0
2026-02-23 10:55:00+05:30,2428.0,2432.4,2427.3,2430.1,5624,0
2026-02-23 11:00:00+05:30,2430.9,2433.0,2430.0,2430.5,3988,0
2026-02-23 11:05:00+05:30,2430.5,2431.0,2426.3,2431.0,3028,0
2026-02-23 11:10:00+05:30,2431.0,2433.9,2430.6,2431.7,4751,0
2026-02-23 11:15:00+05:30,2431.7,2432.5,2430.5,2431.2,2924,0
2026-02-23 11:20:00+05:30,2431.2,2431.3,2428.4,2429.2,3591,0
2026-02-23 11:25:00+05:30,2429.2,2429.8,2428.0,2429.0,3587,0
2026-02-23 11:30:00+05:30,2428.8,2428.8,2425.9,2426.5,2274,0
2026-02-23 11:35:00+05:30,2426.3,2429.2,2425.8,2429.2,2137,0
2026-02-23 11:40:00+05:30,2429.0,2433.5,2427.4,2431.8,4159,0
2026-02-23 11:45:00+05:30,2431.8,2431.8,2427.4,2427.5,2283,0
2026-02-23 11:50:00+05:30,2427.6,2429.8,2424.9,2428.0,6156,0
2026-02-23 11:55:00+05:30,2428.0,2429.3,2427.3,2428.3,3386,0
2026-02-23 12:00:00+05:30,2428.2,2430.7,2427.8,2429.3,3403,0
2026-02-23 12:05:00+05:30,2429.3,2429.3,2428.3,2428.3,1313,0
2026-02-23 12:10:00+05:30,2428.4,2430.2,2427.8,2430.2,16126,0
2026-02-23 12:15:00+05:30,2430.2,2438.7,2430.2,2438.1,14480,0
2026-02-23 12:20:00+05:30,2438.1,2438.1,2433.9,2435.3,4408,0
2026-02-23 12:25:00+05:30,2435.5,2438.6,2434.9,2437.5,5347,0
2026-02-23 12:30:00+05:30,2437.6,2437.6,2431.5,2434.9,8107,0
2026-02-23 12:35:00+05:30,2434.9,2435.1,2431.7,2432.0,92175,0
2026-02-23 12:40:00+05:30,2431.8,2434.6,2429.9,2434.1,10361,0
2026-02-23 12:45:00+05:30,2434.2,2437.0,2433.1,2433.6,2955,0
2026-02-23 12:50:00+05:30,2433.6,2433.7,2430.0,2431.0,4172,0
2026-02-23 12:55:00+05:30,2430.8,2436.4,2430.7,2433.7,3792,0
2026-02-23 13:00:00+05:30,2433.8,2435.5,2432.0,2432.4,3761,0
2026-02-23 13:05:00+05:30,2432.4,2434.7,2432.0,2434.1,3521,0
2026-02-23 13:10:00+05:30,2434.1,2437.0,2433.8,2436.6,4720,0
2026-02-23 13:15:00+05:30,2436.6,2442.0,2435.9,2441.8,11070,0
2026-02-23 13:20:00+05:30,2441.8,2446.6,2440.9,2443.1,14121,0
2026-02-23 13:25:00+05:30,2443.1,2443.1,2439.0,2439.4,8535,0
2026-02-23 13:30:00+05:30,2439.4,2440.5,2434.7,2434.7,7382,0
2026-02-23 13:35:00+05:30,2434.7,2436.0,2434.4,2435.1,5299,0
2026-02-23 13:40:00+05:30,2435.0,2436.9,2434.2,2434.7,5348,0
2026-02-23 13:45:00+05:30,2434.8,2436.3,2433.6,2433.8,4627,0
2026-02-23 13:50:00+05:30,2433.8,2435.2,2430.7,2430.7,3211,0
2026-02-23 13:55:00+05:30,2430.6,2432.6,2428.8,2429.0,6337,0
2026-02-23 14:00:00+05:30,2429.1,2429.8,2424.7,2426.9,6183,0
2026-02-23 14:05:00+05:30,2426.4,2427.2,2424.1,2424.8,4967,0
2026-02-23 14:10:00+05:30,2424.7,2425.4,2423.3,2424.1,4251,0
2026-02-23 14:15:00+05:30,2424.0,2424.9,2422.0,2424.3,4528,0
2026-02-23 14:20:00+05:30,2424.2,2425.4,2422.8,2423.5,3663,0
2026-02-23 14:25:00+05:30,2423.5,2423.6,2421.2,2422.8,5475,0
2026-02-23 14:30:00+05:30,2422.8,2427.8,2422.5,2426.8,6006,0
2026-02-23 14:35:00+05:30,2426.8,2427.2,2423.8,2423.8,5276,0
2026-02-23 14:40:00+05:30,2423.8,2423.8,2420.0,2420.1,6058,0
2026-02-23 14:45:00+05:30,2420.0,2423.3,2418.6,2423.3,6902,0
2026-02-23 14:50:00+05:30,2422.2,2422.5,2419.3,2420.0,9419,0
2026-02-23 14:55:00+05:30,2420.0,2425.3,2419.7,2424.0,8027,0
2026-02-23 15:00:00+05:30,2424.1,2430.9,2424.0,2429.5,18416,0
2026-02-23 15:05:00+05:30,2429.5,2430.6,2425.6,2426.4,16542,0
2026-02-23 15:10:00+05:30,2426.5,2427.2,2425.6,2425.7,15127,0
2026-02-23 15:15:00+05:30,2425.7,2431.5,2425.6,2431.0,26627,0
2026-02-23 15:20:00+05:30,2431.0,2431.6,2430.6,2431.4,26119,0
2026-02-23 15:25:00+05:30,2431.4,2434.7,2431.0,2433.8,25626,0
2026-02-24 09:15:00+05:30,2413.0,2437.4,2413.0,2432.4,13840,0
2026-02-24 09:20:00+05:30,2432.6,2434.8,2428.9,2429.3,5365,0
2026-02-24 09:25:00+05:30,2429.8,2435.0,2428.8,2435.0,3682,0
2026-02-24 09:30:00+05:30,2435.0,2436.8,2431.1,2431.8,5658,0
2026-02-24 09:35:00+05:30,2431.8,2435.7,2431.1,2433.0,4055,0
2026-02-24 09:40:00+05:30,2433.8,2434.4,2430.5,2433.3,3706,0
2026-02-24 09:45:00+05:30,2433.8,2441.0,2433.7,2440.7,8856,0
2026-02-24 09:50:00+05:30,2440.2,2441.0,2435.9,2437.3,4957,0
2026-02-24 09:55:00+05:30,2437.3,2440.8,2436.7,2439.0,6441,0
2026-02-24 10:00:00+05:30,2438.9,2439.3,2437.8,2438.9,3652,0
2026-02-24 10:05:00+05:30,2439.2,2441.5,2437.3,2437.8,5756,0
2026-02-24 10:10:00+05:30,2438.2,2438.4,2432.5,2433.3,3486,0
2026-02-24 10:15:00+05:30,2433.3,2436.8,2432.6,2436.7,3699,0
2026-02-24 10:20:00+05:30,2436.6,2437.5,2424.3,2425.0,8615,0
2026-02-24 10:25:00+05:30,2425.5,2428.0,2424.7,2427.5,4226,0
2026-02-24 10:30:00+05:30,2427.8,2427.8,2421.6,2423.0,5134,0
2026-02-24 10:35:00+05:30,2423.7,2426.0,2423.0,2425.2,3754,0
2026-02-24 10:40:00+05:30,2425.6,2426.0,2422.0,2422.0,3723,0
2026-02-24 10:45:00+05:30,2422.3,2423.1,2415.0,2417.4,6661,0
2026-02-24 10:50:00+05:30,2417.3,2417.5,2415.3,2417.1,4764,0
2026-02-24 10:55:00+05:30,2417.0,2417.8,2415.0,2416.5,4151,0
2026-02-24 11:00:00+05:30,2417.0,2419.9,2416.3,2417.4,4161,0
2026-02-24 11:05:00+05:30,2417.4,2418.1,2415.6,2417.6,3888,0
2026-02-24 11:10:00+05:30,2416.8,2418.6,2416.6,2418.3,3132,0
2026-02-24 11:15:00+05:30,2418.3,2418.3,2415.0,2416.6,3785,0
2026-02-24 11:20:00+05:30,2416.6,2416.9,2411.1,2411.7,5716,0
2026-02-24 11:25:00+05:30,2411.7,2413.5,2411.0,2412.5,5305,0
2026-02-24 11:30:00+05:30,2412.5,2417.5,2411.4,2412.4,5023,0
2026-02-24 11:35:00+05:30,2412.4,2419.9,2410.1,2418.9,10571,0
2026-02-24 11:40:00+05:30,2418.8,2419.2,2416.5,2417.5,3931,0
2026-02-24 11:45:00+05:30,2418.3,2418.4,2411.0,2413.2,3015,0
2026-02-24 11:50:00+05:30,2413.2,2416.1,2412.7,2415.1,2577,0
2026-02-24 11:55:00+05:30,2415.1,2416.2,2411.8,2411.8,3336,0
2026-02-24 12:00:00+05:30,2412.9,2415.8,2412.0,2415.8,3145,0
2026-02-24 12:05:00+05:30,2415.7,2418.5,2412.4,2414.3,8103,0
2026-02-24 12:10:00+05:30,2415.2,2415.8,2411.8,2412.6,1996,0
2026-02-24 12:15:00+05:30,2412.6,2414.0,2411.9,2411.9,2183,0
2026-02-24 12:20:00+05:30,2412.0,2412.3,2406.9,2407.3,7191,0
2026-02-24 12:25:00+05:30,2407.8,2410.7,2407.2,2408.6,4129,0
2026-02-24 12:30:00+05:30,2408.7,2409.7,2408.0,2408.9,1297,0
2026-02-24 12:35:00+05:30,2409.0,2409.4,2408.0,2409.1,2017,0
2026-02-24 12:40:00+05:30,2409.3,2412.4,2408.2,2408.2,4151,0
2026-02-24 12:45:00+05:30,2408.4,2408.8,2406.0,2406.5,3277,0
2026-02-24 12:50:00+05:30,2406.5,2407.0,2405.0,2407.0,3798,0
2026-02-24 12:55:00+05:30,2407.0,2408.0,2406.0,2406.9,2387,0
2026-02-24 13:00:00+05:30,2407.0,2409.0,2404.0,2408.0,4135,0
2026-02-24 13:05:00+05:30,2407.8,2411.1,2407.7,2411.1,3949,0
2026-02-24 13:10:00+05:30,2412.0,2413.1,2411.5,2412.7,2917,0
2026-02-24 13:15:00+05:30,2412.7,2413.2,2411.6,2413.2,2253,0
2026-02-24 13:20:00+05:30,2413.2,2413.5,2409.6,2410.2,3178,0
2026-02-24 13:25:00+05:30,2410.2,2412.6,2407.0,2409.3,3345,0
2026-02-24 13:30:00+05:30,2409.3,2410.2,2404.3,2406.3,7844,0
2026-02-24 13:35:00+05:30,2406.3,2409.5,2403.7,2409.5,10888,0
2026-02-24 13:40:00+05:30,2409.5,2409.5,2405.2,2407.0,2840,0
2026-02-24 13:45:00+05:30,2406.9,2408.7,2406.5,2406.5,1951,0
2026-02-24 13:50:00+05:30,2407.1,2409.0,2404.6,2408.5,3088,0
2026-02-24 13:55:00+05:30,2408.0,2411.8,2407.6,2411.4,10328,0
2026-02-24 14:00:00+05:30,2411.6,2411.7,2407.2,2407.4,12387,0
2026-02-24 14:05:00+05:30,2408.2,2410.1,2405.6,2410.1,2711,0
2026-02-24 14:10:00+05:30,2410.1,2412.1,2409.7,2410.6,4570,0
2026-02-24 14:15:00+05:30,2410.8,2413.3,2408.5,2412.2,7568,0
2026-02-24 14:20:00+05:30,2412.0,2413.0,2407.8,2409.2,9005,0
2026-02-24 14:25:00+05:30,2409.1,2410.2,2408.3,2409.9,2484,0
2026-02-24 14:30:00+05:30,2410.0,2410.2,2408.0,2408.5,3426,0
2026-02-24 14:35:00+05:30,2408.5,2411.4,2408.5,2409.3,4393,0
2026-02-24 14:40:00+05:30,2409.4,2409.7,2405.1,2408.4,14448,0
2026-02-24 14:45:00+05:30,2408.4,2411.5,2405.9,2410.2,10051,0
2026-02-24 14:50:00+05:30,2411.2,2414.4,2410.2,2411.7,7660,0
2026-02-24 14:55:00+05:30,2412.3,2416.3,2411.5,2414.4,7235,0
2026-02-24 15:00:00+05:30,2415.3,2418.4,2411.5,2411.9,29057,0
2026-02-24 15:05:00+05:30,2412.0,2413.3,2408.4,2409.1,24081,0
2026-02-24 15:10:00+05:30,2408.6,2413.8,2407.9,2412.8,21335,0
2026-02-24 15:15:00+05:30,2412.7,2414.4,2410.6,2414.2,25163,0
2026-02-24 15:20:00+05:30,2414.1,2416.4,2413.3,2413.8,26756,0
2026-02-24 15:25:00+05:30,2413.8,2416.2,2413.3,2414.4,18184,0
2026-02-25 09:15:00+05:30,2416.0,2427.9,2402.19,2408.3,22185,0
2026-02-25 09:20:00+05:30,2408.3,2412.69,2406.0,2412.5,5239,0
2026-02-25 09:25:00+05:30,2412.5,2412.5,2408.0,2410.0,2035,0
2026-02-25 09:30:00+05:30,2410.0,2412.5,2408.0,2411.19,3789,0
2026-02-25 09:35:00+05:30,2411.8,2415.8,2408.69,2412.69,6940,0
2026-02-25 09:40:00+05:30,2412.6,2413.9,2409.6,2410.4,4049,0
2026-02-25 09:45:00+05:30,2410.9,2413.5,2410.19,2413.3,1588,0
2026-02-25 09:50:00+05:30,2413.3,2414.0,2406.3,2407.8,2452,0
2026-02-25 09:55:00+05:30,2408.0,2410.69,2407.0,2410.5,2592,0
2026-02-25 10:00:00+05:30,2410.5,2412.6,2409.69,2411.1,2413,0
2026-02-25 10:05:00+05:30,2411.8,2413.5,2409.9,2411.8,3392,0
2026-02-25 10:10:00+05:30,2411.8,2411.8,2407.4,2409.6,2562,0
2026-02-25 10:15:00+05:30,2409.6,2418.0,2409.6,2414.6,3750,0
2026-02-25 10:20:00+05:30,2414.6,2417.0,2414.0,2416.0,1919,0
2026-02-25 10:25:00+05:30,2416.0,2416.5,2411.1,2413.4,4434,0
2026-02-25 10:30:00+05:30,2413.4,2414.69,2412.3,2413.1,2215,0
2026-02-25 10:35:00+05:30,2414.0,2416.0,2410.69,2413.19,6121,0
2026-02-25 10:40:00+05:30,2413.3,2416.0,2412.3,2414.0,2747,0
2026-02-25 10:45:00+05:30,2413.9,2415.5,2412.5,2414.1,1863,0
2026-02-25 10:50:00+05:30,2414.1,2415.9,2413.9,2414.1,1922,0
2026-02-25 10:55:00+05:30,2414.19,2415.0,2412.5,2414.9,1955,0
2026-02-25 11:00:00+05:30,2415.0,2416.0,2414.1,2414.1,1943,0
2026-02-25 11:05:00+05:30,2414.1,2418.6,2414.0,2417.9,2146,0
2026-02-25 11:10:00+05:30,2418.0,2419.0,2416.9,2418.6,2034,0
2026-02-25 11:15:00+05:30,2418.6,2419.1,2417.19,2418.5,3657,0
2026-02-25 11:20:00+05:30,2419.1,2421.0,2418.0,2420.9,3559,0
2026-02-25 11:25:00+05:30,2420.9,2424.0,2420.8,2423.3,5920,0
2026-02-25 11:30:00+05:30,2423.1,2423.3,2419.0,2423.3,7535,0
2026-02-25 11:35:00+05:30,2423.3,2424.5,2420.0,2421.19,5700,0
2026-02-25 11:40:00+05:30,2421.1,2421.19,2416.19,2416.19,14605,0
2026-02-25 11:45:00+05:30,2416.8,2420.0,2416.4,2417.8,7502,0
2026-02-25 11:50:00+05:30,2417.9,2418.19,2412.5,2416.0,10579,0
2026-02-25 11:55:00+05:30,2416.0,2416.9,2413.8,2414.8,7309,0
2026-02-25 12:00:00+05:30,2415.8,2416.6,2414.8,2415.69,3262,0
2026-02-25 12:05:00+05:30,2415.69,2415.9,2410.69,2412.6,6637,0
2026-02-25 12:10:00+05:30,2412.8,2413.0,2410.5,2412.1,3347,0
2026-02-25 12:15:00+05:30,2412.1,2415.6,2411.69,2413.8,2769,0
2026-02-25 12:20:00+05:30,2413.8,2415.1,2412.6,2414.1,3194,0
2026-02-25 12:25:00+05:30,2414.1,2415.3,2413.5,2414.6,1983,0
2026-02-25 12:30:00+05:30,2414.6,2422.0,2414.3,2417.69,92190,0
2026-02-25 12:35:00+05:30,2417.6,2417.8,2412.5,2413.9,5735,0
2026-02-25 12:40:00+05:30,2413.9,2415.0,2411.0,2411.4,3010,0
2026-02-25 12:45:00+05:30,2411.4,2411.5,2406.0,2406.1,10532,0
2026-02-25 12:50:00+05:30,2406.1,2408.9,2405.0,2406.0,5303,0
2026-02-25 12:55:00+05:30,2406.5,2406.69,2405.6,2406.19,2005,0
2026-02-25 13:00:00+05:30,2406.19,2407.8,2404.0,2405.4,7151,0
2026-02-25 13:05:00+05:30,2406.4,2408.8,2403.5,2406.69,4639,0
2026-02-25 13:10:00+05:30,2406.69,2410.0,2406.6,2408.3,2436,0
2026-02-25 13:15:00+05:30,2408.4,2408.4,2404.0,2404.19,4468,0
2026-02-25 13:20:00+05:30,2404.19,2404.4,2400.0,2402.6,6836,0
2026-02-25 13:25:00+05:30,2402.6,2402.6,2400.0,2401.19,3669,0
2026-02-25 13:30:00+05:30,2401.19,2405.5,2400.8,2404.3,3764,0
2026-02-25 13:35:00+05:30,2403.8,2406.0,2403.4,2405.9,1722,0
2026-02-25 13:40:00+05:30,2406.0,2407.4,2405.3,2405.69,3087,0
2026-02-25 13:45:00+05:30,2405.8,2406.1,2403.19,2405.4,2790,0
2026-02-25 13:50:00+05:30,2405.6,2407.5,2404.6,2406.9,1837,0
2026-02-25 13:55:00+05:30,2406.9,2407.19,2406.1,2406.8,1202,0
2026-02-25 14:00:00+05:30,2406.6,2407.9,2404.1,2404.6,2269,0
2026-02-25 14:05:00+05:30,2405.8,2406.6,2403.6,2404.0,1792,0
2026-02-25 14:10:00+05:30,2404.4,2408.0,2403.69,2407.6,1611,0
2026-02-25 14:15:00+05:30,2407.69,2408.0,2404.9,2406.3,1973,0
2026-02-25 14:20:00+05:30,2406.3,2406.5,2405.6,2406.3,1303,0
2026-02-25 14:25:00+05:30,2406.4,2407.8,2406.3,2407.0,2135,0
2026-02-25 14:30:00+05:30,2407.1,2408.9,2407.0,2408.0,5993,0
2026-02-25 14:35:00+05:30,2408.0,2412.0,2408.0,2412.0,6110,0
2026-02-25 14:40:00+05:30,2412.0,2413.1,2409.0,2412.0,9400,0
2026-02-25 14:45:00+05:30,2412.0,2412.19,2409.8,2410.0,2054,0
2026-02-25 14:50:00+05:30,2410.0,2412.0,2409.9,2411.9,4276,0
2026-02-25 14:55:00+05:30,2412.0,2413.8,2411.19,2412.5,5533,0
2026-02-25 15:00:00+05:30,2412.9,2419.9,2412.19,2418.3,22038,0
2026-02-25 15:05:00+05:30,2418.3,2418.3,2414.9,2415.0,16599,0
2026-02-25 15:10:00+05:30,2415.0,2416.4,2413.5,2415.1,21382,0
2026-02-25 15:15:00+05:30,2415.1,2417.9,2414.19,2417.3,20586,0
2026-02-25 15:20:00+05:30,2417.3,2419.0,2414.5,2414.5,35129,0
2026-02-25 15:25:00+05:30,2415.0,2416.9,2412.1,2412.5,19216,0
2026-02-26 09:15:00+05:30,2416.1,2420.3,2410.0,2415.3,7623,0
2026-02-26 09:20:00+05:30,2415.3,2418.0,2411.2,2412.2,4755,0
2026-02-26 09:25:00+05:30,2412.1,2417.0,2411.9,2415.9,2182,0
2026-02-26 09:30:00+05:30,2415.7,2419.6,2415.0,2419.2,4929,0
2026-02-26 09:35:00+05:30,2419.6,2422.2,2419.1,2419.6,3642,0
2026-02-26 09:40:00+05:30,2419.6,2421.4,2415.9,2416.9,3045,0
2026-02-26 09:45:00+05:30,2417.0,2418.3,2415.0,2416.5,4010,0
2026-02-26 09:50:00+05:30,2416.7,2417.2,2411.7,2411.7,2845,0
2026-02-26 09:55:00+05:30,2411.9,2413.4,2408.2,2412.3,4314,0
2026-02-26 10:00:00+05:30,2412.3,2414.0,2411.3,2413.9,1359,0
2026-02-26 10:05:00+05:30,2413.9,2416.3,2413.2,2414.0,1484,0
2026-02-26 10:10:00+05:30,2414.0,2414.2,2413.1,2414.2,2037,0
2026-02-26 10:15:00+05:30,2414.2,2414.5,2410.7,2414.5,2846,0
2026-02-26 10:20:00+05:30,2414.5,2414.5,2412.0,2413.5,3493,0
2026-02-26 10:25:00+05:30,2413.2,2415.0,2409.0,2409.0,11333,0
2026-02-26 10:30:00+05:30,2409.0,2410.0,2406.5,2409.8,2233,0
2026-02-26 10:35:00+05:30,2409.8,2411.0,2408.0,2409.3,1109,0
2026-02-26 10:40:00+05:30,2408.3,2409.3,2405.3,2406.3,2723,0
2026-02-26 10:45:00+05:30,2406.4,2407.9,2405.0,2407.4,1243,0
2026-02-26 10:50:00+05:30,2406.4,2409.0,2406.1,2406.9,2459,0
2026-02-26 10:55:00+05:30,2406.9,2407.5,2402.0,2404.0,6714,0
2026-02-26 11:00:00+05:30,2404.0,2404.9,2401.8,2404.4,2367,0
2026-02-26 11:05:00+05:30,2403.4,2404.5,2393.9,2395.0,9894,0
2026-02-26 11:10:00+05:30,2394.9,2399.0,2393.5,2398.2,5599,0
2026-02-26 11:15:00+05:30,2398.1,2403.8,2398.1,2403.4,12324,0
2026-02-26 11:20:00+05:30,2403.4,2403.4,2401.6,2403.0,1486,0
2026-02-26 11:25:00+05:30,2403.0,2404.0,2402.6,2403.4,2313,0
2026-02-26 11:30:00+05:30,2402.8,2403.5,2396.7,2399.8,11902,0
2026-02-26 11:35:00+05:30,2399.8,2401.0,2397.1,2400.6,4008,0
2026-02-26 11:40:00+05:30,2400.6,2400.6,2395.2,2396.1,2237,0
2026-02-26 11:45:00+05:30,2395.3,2400.4,2395.0,2397.7,5837,0
2026-02-26 11:50:00+05:30,2397.9,2398.5,2395.7,2397.7,2789,0
2026-02-26 11:55:00+05:30,2397.8,2399.0,2396.2,2399.0,1249,0
2026-02-26 12:00:00+05:30,2399.0,2399.1,2395.0,2396.9,3299,0
2026-02-26 12:05:00+05:30,2397.0,2397.6,2395.0,2395.8,2727,0
2026-02-26 12:10:00+05:30,2395.3,2397.1,2392.0,2393.7,6313,0
2026-02-26 12:15:00+05:30,2393.7,2398.8,2392.8,2396.5,6597,0
2026-02-26 12:20:00+05:30,2396.5,2397.5,2389.0,2390.0,9480,0
2026-02-26 12:25:00+05:30,2390.1,2391.2,2389.3,2389.6,2957,0
2026-02-26 12:30:00+05:30,2390.7,2391.9,2388.4,2389.9,5708,0
2026-02-26 12:35:00+05:30,2390.0,2392.0,2389.0,2390.2,4290,0
2026-02-26 12:40:00+05:30,2390.3,2391.6,2389.2,2390.8,2664,0
2026-02-26 12:45:00+05:30,2390.2,2391.3,2388.2,2389.9,5881,0
2026-02-26 12:50:00+05:30,2389.9,2390.0,2385.2,2386.2,5443,0
2026-02-26 12:55:00+05:30,2386.2,2389.0,2386.1,2387.8,6064,0
2026-02-26 13:00:00+05:30,2387.8,2388.5,2385.5,2386.7,3525,0
2026-02-26 13:05:00+05:30,2386.7,2389.2,2386.1,2387.1,21580,0
2026-02-26 13:10:00+05:30,2387.2,2389.0,2387.0,2388.6,3484,0
2026-02-26 13:15:00+05:30,2388.6,2389.0,2387.0,2389.0,5509,0
2026-02-26 13:20:00+05:30,2389.0,2392.2,2387.8,2390.8,11824,0
2026-02-26 13:25:00+05:30,2390.8,2394.0,2389.4,2391.9,26911,0
2026-02-26 13:30:00+05:30,2391.9,2392.1,2388.5,2388.6,7433,0
2026-02-26 13:35:00+05:30,2388.9,2389.6,2385.1,2385.9,4117,0
2026-02-26 13:40:00+05:30,2385.9,2388.0,2385.0,2387.0,2771,0
2026-02-26 13:45:00+05:30,2387.9,2388.5,2384.0,2384.0,26689,0
2026-02-26 13:50:00+05:30,2384.1,2387.2,2383.0,2385.5,9908,0
2026-02-26 13:55:00+05:30,2385.7,2385.7,2383.0,2384.3,3032,0
2026-02-26 14:00:00+05:30,2384.3,2385.1,2383.2,2384.7,3188,0
2026-02-26 14:05:00+05:30,2384.5,2387.4,2383.7,2386.9,7712,0
2026-02-26 14:10:00+05:30,2387.1,2389.2,2386.9,2389.0,2738,0
2026-02-26 14:15:00+05:30,2389.2,2389.9,2386.0,2387.7,4414,0
2026-02-26 14:20:00+05:30,2387.7,2388.5,2384.0,2384.2,16050,0
2026-02-26 14:25:00+05:30,2384.2,2386.0,2382.0,2385.9,9600,0
2026-02-26 14:30:00+05:30,2385.9,2390.5,2385.3,2390.1,7678,0
2026-02-26 14:35:00+05:30,2390.1,2390.1,2386.5,2387.6,5754,0
2026-02-26 14:40:00+05:30,2387.8,2390.9,2387.5,2390.8,11594,0
2026-02-26 14:45:00+05:30,2390.9,2393.9,2389.0,2391.9,21956,0
2026-02-26 14:50:00+05:30,2391.9,2392.6,2388.3,2390.5,9268,0
2026-02-26 14:55:00+05:30,2390.5,2392.1,2389.0,2391.5,27823,0
2026-02-26 15:00:00+05:30,2391.5,2394.0,2390.8,2393.0,16996,0
2026-02-26 15:05:00+05:30,2392.9,2395.0,2392.0,2394.0,17962,0
2026-02-26 15:10:00+05:30,2394.0,2395.2,2393.7,2394.9,22607,0
2026-02-26 15:15:00+05:30,2395.0,2398.1,2394.6,2396.6,26964,0
2026-02-26 15:20:00+05:30,2395.9,2397.3,2393.7,2395.0,27190,0
2026-02-26 15:25:00+05:30,2394.9,2396.0,2393.6,2395.0,22597,0
2026-02-27 09:15:00+05:30,2385.0,2397.6,2377.8,2380.3,21497,0
2026-02-27 09:20:00+05:30,2380.3,2381.4,2372.0,2372.3,12673,0
2026-02-27 09:25:00+05:30,2372.8,2375.4,2371.4,2371.5,10277,0
2026-02-27 09:30:00+05:30,2371.5,2379.1,2371.2,2377.8,11654,0
2026-02-27 09:35:00+05:30,2377.8,2378.7,2373.0,2374.7,16477,0
2026-02-27 09:40:00+05:30,2374.4,2374.4,2369.0,2369.7,26312,0
2026-02-27 09:45:00+05:30,2369.7,2369.8,2366.0,2368.6,9388,0
2026-02-27 09:50:00+05:30,2369.2,2371.1,2367.0,2367.8,3991,0
2026-02-27 09:55:00+05:30,2367.5,2372.8,2367.5,2370.2,7002,0
2026-02-27 10:00:00+05:30,2369.1,2375.0,2368.4,2371.9,57978,0
2026-02-27 10:05:00+05:30,2371.9,2372.0,2369.0,2370.3,36632,0
2026-02-27 10:10:00+05:30,2370.3,2373.4,2370.3,2371.8,3254,0
2026-02-27 10:15:00+05:30,2371.8,2371.8,2368.3,2369.2,3036,0
2026-02-27 10:20:00+05:30,2369.2,2373.2,2368.2,2372.9,3106,0
2026-02-27 10:25:00+05:30,2372.9,2373.6,2371.4,2373.3,2618,0
2026-02-27 10:30:00+05:30,2373.3,2373.6,2368.0,2368.7,11038,0
2026-02-27 10:35:00+05:30,2368.8,2371.4,2367.9,2369.3,62385,0
2026-02-27 10:40:00+05:30,2369.3,2369.3,2366.5,2367.1,3768,0
2026-02-27 10:45:00+05:30,2367.1,2368.3,2365.1,2365.1,5611,0
2026-02-27 10:50:00+05:30,2365.6,2367.6,2362.3,2363.3,8096,0
2026-02-27 10:55:00+05:30,2363.3,2364.0,2363.0,2363.5,3121,0
2026-02-27 11:00:00+05:30,2363.5,2363.8,2362.0,2363.2,3537,0
2026-02-27 11:05:00+05:30,2363.2,2367.9,2362.9,2366.9,4853,0
2026-02-27 11:10:00+05:30,2366.9,2368.0,2364.3,2367.7,2814,0
2026-02-27 11:15:00+05:30,2367.6,2369.4,2364.3,2365.1,16454,0
2026-02-27 11:20:00+05:30,2365.1,2368.2,2364.8,2367.9,5186,0
2026-02-27 11:25:00+05:30,2367.8,2370.0,2362.5,2362.8,11052,0
2026-02-27 11:30:00+05:30,2362.8,2363.2,2360.0,2360.5,7048,0
2026-02-27 11:35:00+05:30,2360.5,2361.1,2359.0,2359.9,6401,0
2026-02-27 11:40:00+05:30,2359.3,2363.0,2359.3,2363.0,5109,0
2026-02-27 11:45:00+05:30,2363.0,2365.5,2360.6,2361.9,3839,0
2026-02-27 11:50:00+05:30,2361.9,2362.0,2360.1,2361.8,3625,0
2026-02-27 11:55:00+05:30,2361.8,2369.0,2361.0,2367.8,12804,0
2026-02-27 12:00:00+05:30,2367.0,2367.8,2365.0,2366.2,4846,0
2026-02-27 12:05:00+05:30,2366.6,2366.9,2364.5,2365.3,11039,0
2026-02-27 12:10:00+05:30,2365.5,2366.0,2364.3,2365.1,3128,0
2026-02-27 12:15:00+05:30,2365.2,2367.2,2364.7,2367.2,2924,0
2026-02-27 12:20:00+05:30,2367.2,2369.9,2366.0,2366.7,5483,0
2026-02-27 12:25:00+05:30,2366.6,2372.2,2366.2,2367.8,14675,0
2026-02-27 12:30:00+05:30,2367.7,2368.0,2366.7,2367.0,3123,0
2026-02-27 12:35:00+05:30,2367.3,2367.3,2364.5,2365.6,10411,0
2026-02-27 12:40:00+05:30,2365.5,2369.7,2365.0,2368.8,17566,0
2026-02-27 12:45:00+05:30,2368.8,2372.0,2366.9,2368.5,17210,0
2026-02-27 12:50:00+05:30,2368.4,2372.0,2368.4,2371.5,18903,0
2026-02-27 12:55:00+05:30,2371.5,2380.0,2371.4,2374.5,19760,0
2026-02-27 13:00:00+05:30,2374.4,2379.8,2373.5,2378.6,32689,0
2026-02-27 13:05:00+05:30,2378.5,2381.9,2377.3,2377.8,36631,0
2026-02-27 13:10:00+05:30,2377.9,2383.9,2377.9,2381.0,22000,0
2026-02-27 13:15:00+05:30,2381.0,2385.0,2380.3,2381.9,28289,0
2026-02-27 13:20:00+05:30,2381.9,2383.3,2381.0,2381.2,16877,0
2026-02-27 13:25:00+05:30,2381.2,2383.1,2378.2,2380.0,8621,0
2026-02-27 13:30:00+05:30,2380.1,2381.8,2378.7,2379.1,33873,0
2026-02-27 13:35:00+05:30,2379.1,2382.0,2378.1,2379.9,22558,0
2026-02-27 13:40:00+05:30,2379.9,2381.6,2378.6,2380.9,31212,0
2026-02-27 13:45:00+05:30,2380.0,2387.1,2379.8,2386.9,16547,0
2026-02-27 13:50:00+05:30,2386.8,2387.5,2383.1,2383.7,19155,0
2026-02-27 13:55:00+05:30,2383.7,2387.4,2382.9,2386.5,20895,0
2026-02-27 14:00:00+05:30,2386.2,2393.5,2386.2,2390.4,41671,0
2026-02-27 14:05:00+05:30,2390.4,2391.8,2387.8,2390.0,7909,0
2026-02-27 14:10:00+05:30,2389.9,2390.0,2386.1,2388.1,5535,0
2026-02-27 14:15:00+05:30,2388.1,2388.4,2385.2,2387.9,13632,0
2026-02-27 14:20:00+05:30,2387.9,2391.0,2387.7,2389.0,14577,0
2026-02-27 14:25:00+05:30,2388.7,2388.7,2383.6,2385.0,6024,0
2026-02-27 14:30:00+05:30,2385.0,2385.1,2384.0,2384.9,7247,0
2026-02-27 14:35:00+05:30,2384.9,2387.3,2384.0,2384.6,8870,0
2026-02-27 14:40:00+05:30,2384.6,2386.3,2381.8,2386.1,17225,0
2026-02-27 14:45:00+05:30,2386.0,2388.0,2383.6,2387.6,14574,0
2026-02-27 14:50:00+05:30,2387.7,2391.0,2387.0,2388.0,26531,0
2026-02-27 14:55:00+05:30,2387.9,2394.5,2387.8,2393.9,41514,0
2026-02-27 15:00:00+05:30,2393.9,2393.9,2372.0,2375.0,272136,0
2026-02-27 15:05:00+05:30,2375.0,2378.8,2372.0,2375.9,244535,0
2026-02-27 15:10:00+05:30,2376.2,2379.7,2373.7,2376.0,250313,0
2026-02-27 15:15:00+05:30,2376.0,2380.0,2373.4,2375.2,300360,0
2026-02-27 15:20:00+05:30,2376.4,2377.0,2372.1,2375.2,247610,0
2026-02-27 15:25:00+05:30,2375.2,2378.0,2369.1,2375.2,190194,0
2026-03-02 09:15:00+05:30,2300.0,2337.9,2298.0,2322.0,123769,0
2026-03-02 09:20:00+05:30,2322.0,2330.0,2319.1,2327.5,63295,0
2026-03-02 09:25:00+05:30,2327.7,2328.0,2312.1,2314.6,116275,0
2026-03-02 09:30:00+05:30,2314.3,2320.0,2312.2,2319.2,17290,0
2026-03-02 09:35:00+05:30,2319.2,2320.0,2305.8,2311.1,47322,0
2026-03-02 09:40:00+05:30,2311.1,2318.8,2311.1,2313.3,17665,0
2026-03-02 09:45:00+05:30,2313.3,2317.0,2312.0,2313.9,19045,0
2026-03-02 09:50:00+05:30,2313.9,2315.0,2302.7,2304.1,28246,0
2026-03-02 09:55:00+05:30,2304.0,2307.8,2301.5,2306.0,19822,0
2026-03-02 10:00:00+05:30,2305.9,2310.9,2304.9,2306.7,29991,0
2026-03-02 10:05:00+05:30,2306.3,2309.6,2305.6,2306.5,7809,0
2026-03-02 10:10:00+05:30,2306.5,2308.3,2303.5,2307.6,12327,0
2026-03-02 10:15:00+05:30,2307.6,2309.6,2305.5,2308.8,18861,0
2026-03-02 10:20:00+05:30,2308.8,2309.8,2305.2,2307.0,14005,0
2026-03-02 10:25:00+05:30,2307.1,2309.8,2304.7,2308.2,17969,0
2026-03-02 10:30:00+05:30,2308.2,2311.5,2307.5,2310.0,6861,0
2026-03-02 10:35:00+05:30,2310.0,2320.0,2309.9,2316.1,17779,0
2026-03-02 10:40:00+05:30,2317.0,2317.0,2313.0,2313.1,4973,0
2026-03-02 10:45:00+05:30,2313.2,2315.4,2311.0,2313.0,9391,0
2026-03-02 10:50:00+05:30,2313.4,2318.9,2313.0,2317.8,16148,0
2026-03-02 10:55:00+05:30,2317.8,2318.5,2314.5,2317.1,16808,0
2026-03-02 11:00:00+05:30,2317.1,2319.9,2315.5,2319.0,25855,0
2026-03-02 11:05:00+05:30,2319.6,2324.0,2319.5,2321.6,16715,0
2026-03-02 11:10:00+05:30,2321.6,2322.0,2318.9,2320.7,71444,0
2026-03-02 11:15:00+05:30,2320.3,2320.8,2314.6,2317.8,7540,0
2026-03-02 11:20:00+05:30,2317.8,2321.2,2317.1,2318.5,3987,0
2026-03-02 11:25:00+05:30,2319.5,2320.0,2318.5,2319.0,3208,0
2026-03-02 11:30:00+05:30,2319.0,2319.3,2315.0,2318.5,46659,0
2026-03-02 11:35:00+05:30,2318.9,2319.2,2315.3,2318.6,17227,0
2026-03-02 11:40:00+05:30,2319.0,2319.1,2311.7,2313.6,46321,0
2026-03-02 11:45:00+05:30,2314.8,2320.0,2313.6,2314.1,106326,0
2026-03-02 11:50:00+05:30,2314.0,2316.3,2312.0,2314.0,23286,0
2026-03-02 11:55:00+05:30,2314.0,2315.1,2312.4,2314.0,18003,0
2026-03-02 12:00:00+05:30,2314.0,2316.5,2311.1,2314.6,56977,0
2026-03-02 12:05:00+05:30,2314.6,2314.6,2307.3,2312.8,98608,0
2026-03-02 12:10:00+05:30,2312.0,2317.5,2311.6,2315.2,19171,0
2026-03-02 12:15:00+05:30,2315.0,2315.2,2306.5,2307.5,133943,0
2026-03-02 12:20:00+05:30,2307.5,2308.9,2304.3,2308.1,63826,0
2026-03-02 12:25:00+05:30,2308.1,2308.2,2305.1,2308.1,47427,0
2026-03-02 12:30:00+05:30,2308.1,2308.7,2306.5,2308.0,17868,0
2026-03-02 12:35:00+05:30,2308.2,2308.2,2292.8,2294.6,43860,0
2026-03-02 12:40:00+05:30,2295.6,2295.9,2292.0,2294.2,22463,0
2026-03-02 12:45:00+05:30,2294.0,2294.7,2292.0,2293.2,39837,0
2026-03-02 12:50:00+05:30,2293.2,2295.0,2291.4,2292.0,24099,0
2026-03-02 12:55:00+05:30,2292.0,2292.5,2288.4,2290.2,18107,0
2026-03-02 13:00:00+05:30,2290.6,2294.3,2288.1,2290.0,24094,0
2026-03-02 13:05:00+05:30,2289.1,2291.9,2287.9,2288.8,13829,0
2026-03-02 13:10:00+05:30,2288.7,2289.4,2286.0,2288.1,45253,0
2026-03-02 13:15:00+05:30,2288.3,2293.7,2286.8,2293.1,11780,0
2026-03-02 13:20:00+05:30,2292.1,2299.9,2292.0,2296.0,25255,0
2026-03-02 13:25:00+05:30,2296.0,2296.0,2290.0,2291.1,33662,0
2026-03-02 13:30:00+05:30,2291.1,2294.7,2291.0,2294.0,8564,0
2026-03-02 13:35:00+05:30,2294.1,2296.0,2293.2,2294.0,11497,0
2026-03-02 13:40:00+05:30,2294.1,2294.5,2289.4,2290.3,120450,0
2026-03-02 13:45:00+05:30,2290.1,2291.9,2289.7,2290.2,9637,0
2026-03-02 13:50:00+05:30,2290.1,2291.3,2289.6,2291.0,4615,0
2026-03-02 13:55:00+05:30,2291.3,2291.3,2283.5,2285.6,119184,0
2026-03-02 14:00:00+05:30,2284.8,2295.0,2284.0,2290.7,18718,0
2026-03-02 14:05:00+05:30,2290.6,2304.0,2290.6,2299.3,44854,0
2026-03-02 14:10:00+05:30,2299.3,2305.0,2298.6,2302.7,32375,0
2026-03-02 14:15:00+05:30,2302.7,2307.8,2300.1,2304.6,16408,0
2026-03-02 14:20:00+05:30,2304.7,2305.0,2297.2,2298.7,22541,0
2026-03-02 14:25:00+05:30,2299.2,2301.0,2298.4,2300.0,19625,0
2026-03-02 14:30:00+05:30,2300.0,2307.8,2299.2,2307.7,23794,0
2026-03-02 14:35:00+05:30,2307.7,2314.3,2307.6,2311.9,36478,0
2026-03-02 14:40:00+05:30,2311.9,2316.8,2311.0,2315.9,18597,0
2026-03-02 14:45:00+05:30,2315.2,2316.0,2311.7,2315.0,11484,0
2026-03-02 14:50:00+05:30,2314.6,2315.8,2312.3,2313.2,9770,0
2026-03-02 14:55:00+05:30,2313.9,2314.2,2306.8,2306.8,13929,0
2026-03-02 15:00:00+05:30,2307.4,2313.0,2306.2,2309.8,31990,0
2026-03-02 15:05:00+05:30,2311.0,2314.2,2307.6,2310.8,34053,0
2026-03-02 15:10:00+05:30,2311.3,2312.9,2309.5,2310.4,33757,0
2026-03-02 15:15:00+05:30,2311.1,2312.3,2305.7,2306.1,42563,0
2026-03-02 15:20:00+05:30,2306.6,2307.0,2300.0,2300.4,47115,0
2026-03-02 15:25:00+05:30,2300.7,2306.0,2299.1,2303.0,43536,0
2026-03-04 09:15:00+05:30,2260.7,2267.8,2216.3,2249.5,132513,0
2026-03-04 09:20:00+05:30,2249.6,2253.0,2241.0,2242.8,82112,0
2026-03-04 09:25:00+05:30,2242.8,2249.0,2240.1,2241.7,54102,0
2026-03-04 09:30:00+05:30,2240.8,2251.2,2240.1,2249.0,71308,0
2026-03-04 09:35:00+05:30,2249.0,2250.0,2238.0,2239.6,26565,0
2026-03-04 09:40:00+05:30,2239.9,2247.9,2237.0,2242.7,64711,0
2026-03-04 09:45:00+05:30,2244.5,2244.5,2234.3,2236.8,18091,0
2026-03-04 09:50:00+05:30,2237.5,2240.8,2235.2,2237.5,14161,0
2026-03-04 09:55:00+05:30,2237.5,2239.9,2234.3,2238.9,26655,0
2026-03-04 10:00:00+05:30,2239.0,2249.3,2237.8,2247.3,43370,0
2026-03-04 10:05:00+05:30,2247.8,2257.9,2245.0,2255.0,46346,0
2026-03-04 10:10:00+05:30,2255.0,2257.7,2253.2,2255.8,28804,0
2026-03-04 10:15:00+05:30,2255.6,2261.3,2254.8,2256.2,17581,0
2026-03-04 10:20:00+05:30,2256.2,2262.1,2255.0,2260.2,20414,0
2026-03-04 10:25:00+05:30,2260.2,2265.8,2258.5,2260.7,13753,0
2026-03-04 10:30:00+05:30,2260.7,2265.5,2259.1,2260.3,19656,0
2026-03-04 10:35:00+05:30,2260.3,2260.3,2257.0,2257.6,7691,0
2026-03-04 10:40:00+05:30,2257.8,2257.8,2254.3,2254.8,10931,0
2026-03-04 10:45:00+05:30,2254.8,2260.4,2254.6,2256.8,20369,0
2026-03-04 10:50:00+05:30,2256.7,2258.4,2250.3,2252.5,28019,0
2026-03-04 10:55:00+05:30,2252.5,2260.1,2252.2,2258.8,45242,0
2026-03-04 11:00:00+05:30,2258.9,2260.9,2257.3,2258.2,8353,0
2026-03-04 11:05:00+05:30,2258.4,2273.2,2257.7,2271.8,26171,0
2026-03-04 11:10:00+05:30,2272.5,2277.9,2268.5,2269.2,41063,0
2026-03-04 11:15:00+05:30,2269.2,2269.9,2263.4,2264.2,6564,0
2026-03-04 11:20:00+05:30,2264.2,2265.0,2260.1,2261.7,9753,0
2026-03-04 11:25:00+05:30,2262.2,2264.8,2260.0,2260.6,8665,0
2026-03-04 11:30:00+05:30,2260.6,2264.0,2260.1,2263.0,6534,0
2026-03-04 11:35:00+05:30,2263.0,2265.0,2261.5,2263.1,7325,0
2026-03-04 11:40:00+05:30,2263.3,2266.9,2262.6,2263.3,8043,0
2026-03-04 11:45:00+05:30,2263.3,2265.0,2261.5,2263.3,4745,0
2026-03-04 11:50:00+05:30,2263.3,2266.0,2260.1,2260.4,6007,0
2026-03-04 11:55:00+05:30,2260.1,2264.0,2259.3,2262.7,8179,0
2026-03-04 12:00:00+05:30,2261.9,2265.2,2261.9,2264.5,5033,0
2026-03-04 12:05:00+05:30,2264.5,2265.2,2262.2,2264.4,5871,0
2026-03-04 12:10:00+05:30,2264.4,2267.3,2263.1,2264.0,6318,0
2026-03-04 12:15:00+05:30,2264.6,2267.2,2262.7,2265.1,6833,0
2026-03-04 12:20:00+05:30,2266.0,2266.5,2262.0,2263.7,8123,0
2026-03-04 12:25:00+05:30,2263.7,2264.7,2262.1,2264.0,8050,0
2026-03-04 12:30:00+05:30,2264.5,2267.3,2263.0,2263.5,7658,0
2026-03-04 12:35:00+05:30,2263.5,2266.7,2263.3,2265.1,7003,0
2026-03-04 12:40:00+05:30,2265.1,2271.4,2264.2,2269.5,14691,0
2026-03-04 12:45:00+05:30,2269.5,2272.5,2269.0,2270.4,7174,0
2026-03-04 12:50:00+05:30,2270.3,2273.3,2269.9,2273.2,7682,0
2026-03-04 12:55:00+05:30,2273.2,2274.8,2272.1,2272.3,11194,0
2026-03-04 13:00:00+05:30,2272.7,2273.5,2271.9,2272.9,3295,0
2026-03-04 13:05:00+05:30,2272.9,2273.7,2269.5,2273.1,7124,0
2026-03-04 13:10:00+05:30,2272.3,2275.5,2271.5,2274.8,18040,0
2026-03-04 13:15:00+05:30,2274.9,2275.2,2271.4,2271.7,4348,0
2026-03-04 13:20:00+05:30,2271.7,2278.5,2271.6,2275.4,13943,0
2026-03-04 13:25:00+05:30,2275.4,2276.1,2272.3,2273.2,7298,0
2026-03-04 13:30:00+05:30,2273.2,2277.6,2272.4,2275.8,6828,0
2026-03-04 13:35:00+05:30,2275.4,2276.2,2273.3,2275.4,5166,0
2026-03-04 13:40:00+05:30,2276.0,2276.3,2273.8,2275.5,5849,0
2026-03-04 13:45:00+05:30,2275.7,2276.7,2274.4,2275.7,5741,0
2026-03-04 13:50:00+05:30,2275.6,2276.0,2272.2,2273.2,6146,0
2026-03-04 13:55:00+05:30,2272.8,2274.0,2270.8,2273.8,8453,0
2026-03-04 14:00:00+05:30,2273.8,2274.9,2272.7,2274.1,8820,0
2026-03-04 14:05:00+05:30,2274.1,2277.8,2272.6,2275.2,8853,0
2026-03-04 14:10:00+05:30,2275.2,2281.8,2275.2,2281.7,12207,0
2026-03-04 14:15:00+05:30,2281.7,2283.5,2280.0,2282.0,10050,0
2026-03-04 14:20:00+05:30,2282.4,2283.0,2278.6,2279.3,12302,0
2026-03-04 14:25:00+05:30,2279.6,2281.6,2276.9,2277.9,12512,0
2026-03-04 14:30:00+05:30,2276.9,2279.5,2274.7,2279.0,10553,0
2026-03-04 14:35:00+05:30,2278.6,2282.1,2277.4,2281.7,14337,0
2026-03-04 14:40:00+05:30,2281.8,2286.5,2280.3,2286.2,14755,0
2026-03-04 14:45:00+05:30,2286.3,2286.4,2281.4,2285.3,8255,0
2026-03-04 14:50:00+05:30,2285.0,2287.0,2283.7,2286.1,8448,0
2026-03-04 14:55:00+05:30,2286.1,2287.9,2285.0,2286.8,27861,0
2026-03-04 15:00:00+05:30,2286.8,2287.2,2279.2,2279.9,77836,0
2026-03-04 15:05:00+05:30,2280.0,2284.9,2278.7,2283.4,47041,0
2026-03-04 15:10:00+05:30,2283.3,2286.6,2282.0,2286.6,41889,0
2026-03-04 15:15:00+05:30,2286.6,2289.9,2285.4,2287.4,75786,0
2026-03-04 15:20:00+05:30,2287.4,2290.9,2287.0,2289.3,59214,0
2026-03-04 15:25:00+05:30,2289.2,2290.2,2285.2,2290.0,37893,0
2026-03-05 09:15:00+05:30,2285.2,2302.1,2283.4,2283.4,41263,0
2026-03-05 09:20:00+05:30,2283.7,2284.5,2276.0,2276.3,21258,0
2026-03-05 09:25:00+05:30,2275.5,2275.9,2271.4,2272.4,9004,0
2026-03-05 09:30:00+05:30,2272.8,2273.2,2266.0,2266.6,15146,0
2026-03-05 09:35:00+05:30,2266.2,2271.7,2265.0,2266.1,13120,0
2026-03-05 09:40:00+05:30,2266.1,2269.2,2262.3,2268.0,11406,0
2026-03-05 09:45:00+05:30,2268.6,2270.2,2267.0,2267.1,5602,0
2026-03-05 09:50:00+05:30,2267.0,2277.0,2267.0,2277.0,7600,0
2026-03-05 09:55:00+05:30,2274.8,2275.0,2269.0,2270.8,3861,0
2026-03-05 10:00:00+05:30,2270.3,2270.9,2265.9,2266.4,4005,0
2026-03-05 10:05:00+05:30,2267.6,2269.5,2262.8,2264.1,11891,0
2026-03-05 10:10:00+05:30,2264.5,2264.5,2255.2,2257.0,14712,0
2026-03-05 10:15:00+05:30,2255.9,2259.8,2255.6,2257.6,9998,0
2026-03-05 10:20:00+05:30,2257.5,2258.0,2257.0,2257.1,12148,0
2026-03-05 10:25:00+05:30,2257.0,2259.0,2253.7,2257.0,43303,0
2026-03-05 10:30:00+05:30,2257.5,2259.4,2257.0,2257.0,5622,0
2026-03-05 10:35:00+05:30,2257.6,2264.0,2257.6,2264.0,5402,0
2026-03-05 10:40:00+05:30,2264.0,2265.0,2263.1,2264.6,2871,0
2026-03-05 10:45:00+05:30,2264.6,2264.6,2263.0,2263.0,3125,0
2026-03-05 10:50:00+05:30,2262.6,2262.6,2259.2,2260.5,4954,0
2026-03-05 10:55:00+05:30,2260.5,2265.0,2260.5,2263.1,4066,0
2026-03-05 11:00:00+05:30,2263.0,2263.1,2257.2,2259.2,8700,0
2026-03-05 11:05:00+05:30,2259.1,2259.8,2257.2,2259.7,5645,0
2026-03-05 11:10:00+05:30,2259.5,2260.4,2257.6,2260.0,10347,0
2026-03-05 11:15:00+05:30,2260.4,2265.6,2257.1,2260.0,10017,0
2026-03-05 11:20:00+05:30,2260.7,2260.7,2258.0,2258.4,5061,0
2026-03-05 11:25:00+05:30,2258.4,2258.5,2257.0,2257.1,8526,0
2026-03-05 11:30:00+05:30,2257.0,2261.9,2257.0,2261.6,4544,0
2026-03-05 11:35:00+05:30,2260.5,2261.6,2257.0,2259.7,8494,0
2026-03-05 11:40:00+05:30,2259.7,2261.8,2258.7,2259.3,3998,0
2026-03-05 11:45:00+05:30,2259.1,2259.1,2258.0,2258.9,2869,0
2026-03-05 11:50:00+05:30,2258.8,2260.1,2256.3,2258.0,8463,0
2026-03-05 11:55:00+05:30,2257.9,2258.0,2256.0,2257.0,20252,0
2026-03-05 12:00:00+05:30,2257.1,2258.6,2256.3,2257.0,10581,0
2026-03-05 12:05:00+05:30,2257.0,2260.6,2256.2,2259.6,23413,0
2026-03-05 12:10:00+05:30,2260.5,2264.5,2258.7,2264.5,7614,0
2026-03-05 12:15:00+05:30,2264.5,2265.0,2261.6,2261.8,7058,0
2026-03-05 12:20:00+05:30,2262.5,2265.5,2261.6,2264.6,7604,0
2026-03-05 12:25:00+05:30,2264.6,2269.0,2263.6,2268.2,7794,0
2026-03-05 12:30:00+05:30,2268.3,2270.3,2267.6,2269.2,7555,0
2026-03-05 12:35:00+05:30,2269.3,2269.3,2266.3,2267.5,5576,0
2026-03-05 12:40:00+05:30,2268.3,2268.4,2264.3,2265.5,6102,0
2026-03-05 12:45:00+05:30,2265.5,2265.6,2260.2,2261.1,7927,0
2026-03-05 12:50:00+05:30,2262.3,2264.2,2261.1,2263.8,8193,0
2026-03-05 12:55:00+05:30,2263.8,2267.5,2262.5,2267.0,6087,0
2026-03-05 13:00:00+05:30,2267.0,2268.7,2263.0,2264.0,10684,0
2026-03-05 13:05:00+05:30,2263.5,2267.4,2263.5,2267.1,7082,0
2026-03-05 13:10:00+05:30,2266.8,2267.2,2265.4,2266.1,6128,0
2026-03-05 13:15:00+05:30,2266.5,2268.0,2266.1,2266.6,5936,0
2026-03-05 13:20:00+05:30,2266.6,2270.0,2265.0,2267.6,7709,0
2026-03-05 13:25:00+05:30,2267.0,2269.1,2265.0,2268.2,7667,0
2026-03-05 13:30:00+05:30,2268.7,2273.0,2268.3,2269.8,11447,0
2026-03-05 13:35:00+05:30,2270.6,2270.7,2266.7,2266.9,6832,0
2026-03-05 13:40:00+05:30,2267.0,2268.4,2266.1,2266.7,7956,0
2026-03-05 13:45:00+05:30,2267.4,2267.8,2265.5,2265.9,8001,0
2026-03-05 13:50:00+05:30,2265.9,2266.4,2265.0,2265.3,7303,0
2026-03-05 13:55:00+05:30,2265.3,2266.2,2260.7,2260.7,20874,0
2026-03-05 14:00:00+05:30,2260.6,2261.2,2258.7,2260.8,13921,0
2026-03-05 14:05:00+05:30,2259.8,2264.0,2259.6,2260.0,11123,0
2026-03-05 14:10:00+05:30,2259.8,2263.4,2259.6,2261.4,10422,0
2026-03-05 14:15:00+05:30,2261.3,2263.3,2260.5,2261.2,15679,0
2026-03-05 14:20:00+05:30,2261.9,2268.7,2260.5,2266.3,24026,0
2026-03-05 14:25:00+05:30,2266.5,2269.4,2264.0,2269.4,13148,0
2026-03-05 14:30:00+05:30,2269.6,2273.7,2269.6,2273.7,7138,0
2026-03-05 14:35:00+05:30,2273.8,2281.5,2272.8,2279.0,8861,0
2026-03-05 14:40:00+05:30,2278.7,2288.0,2278.7,2288.0,10443,0
2026-03-05 14:45:00+05:30,2286.7,2296.9,2286.7,2296.9,14995,0
2026-03-05 14:50:00+05:30,2296.4,2309.7,2296.3,2309.0,34680,0
2026-03-05 14:55:00+05:30,2307.6,2313.0,2296.5,2297.1,30548,0
2026-03-05 15:00:00+05:30,2297.1,2299.0,2291.5,2294.1,34114,0
2026-03-05 15:05:00+05:30,2294.4,2296.0,2291.8,2291.8,17775,0
2026-03-05 15:10:00+05:30,2289.8,2291.4,2285.4,2285.7,22780,0
2026-03-05 15:15:00+05:30,2285.4,2290.4,2282.4,2282.5,28772,0
2026-03-05 15:20:00+05:30,2282.4,2285.0,2280.4,2283.7,33153,0
2026-03-05 15:25:00+05:30,2283.0,2287.9,2282.3,2282.5,32963,0
2026-03-06 09:15:00+05:30,2261.7,2268.0,2253.7,2257.1,44741,0
2026-03-06 09:20:00+05:30,2257.0,2268.0,2255.8,2266.3,24914,0
2026-03-06 09:25:00+05:30,2266.7,2273.0,2265.0,2273.0,14310,0
2026-03-06 09:30:00+05:30,2273.9,2273.9,2270.0,2270.0,23414,0
2026-03-06 09:35:00+05:30,2270.1,2272.7,2270.0,2271.0,16842,0
2026-03-06 09:40:00+05:30,2271.0,2272.6,2270.0,2271.7,7555,0
2026-03-06 09:45:00+05:30,2272.5,2274.2,2271.0,2271.8,6688,0
2026-03-06 09:50:00+05:30,2271.5,2273.8,2271.5,2272.7,4645,0
2026-03-06 09:55:00+05:30,2272.8,2275.0,2272.0,2274.8,7930,0
2026-03-06 10:00:00+05:30,2274.8,2280.0,2272.5,2274.0,8990,0
2026-03-06 10:05:00+05:30,2273.6,2277.3,2273.0,2277.3,7683,0
2026-03-06 10:10:00+05:30,2277.3,2278.8,2276.3,2278.2,4266,0
2026-03-06 10:15:00+05:30,2278.2,2280.4,2277.3,2279.8,5083,0
2026-03-06 10:20:00+05:30,2279.8,2280.0,2278.4,2279.5,4272,0
2026-03-06 10:25:00+05:30,2279.5,2279.5,2275.6,2276.3,8521,0
2026-03-06 10:30:00+05:30,2276.2,2276.2,2272.0,2272.3,8157,0
2026-03-06 10:35:00+05:30,2272.3,2278.6,2270.8,2277.1,8742,0
2026-03-06 10:40:00+05:30,2276.4,2278.1,2275.2,2277.6,6218,0
2026-03-06 10:45:00+05:30,2277.6,2278.9,2275.2,2276.4,16150,0
2026-03-06 10:50:00+05:30,2276.4,2283.6,2275.5,2280.6,14485,0
2026-03-06 10:55:00+05:30,2280.8,2282.9,2278.8,2282.2,14736,0
2026-03-06 11:00:00+05:30,2282.5,2289.0,2282.5,2289.0,14954,0
2026-03-06 11:05:00+05:30,2289.0,2292.9,2288.4,2290.5,12071,0
2026-03-06 11:10:00+05:30,2290.5,2291.8,2286.0,2286.0,7944,0
2026-03-06 11:15:00+05:30,2287.2,2289.4,2285.9,2288.4,6682,0
2026-03-06 11:20:00+05:30,2288.7,2291.8,2288.3,2290.5,4293,0
2026-03-06 11:25:00+05:30,2290.5,2294.0,2290.2,2293.2,6986,0
2026-03-06 11:30:00+05:30,2294.0,2296.8,2292.0,2295.9,8609,0
2026-03-06 11:35:00+05:30,2295.5,2300.8,2294.2,2300.0,10305,0
2026-03-06 11:40:00+05:30,2299.8,2303.4,2293.6,2294.9,18840,0
2026-03-06 11:45:00+05:30,2294.5,2298.6,2293.7,2298.6,12208,0
2026-03-06 11:50:00+05:30,2297.4,2305.6,2297.4,2303.1,11878,0
2026-03-06 11:55:00+05:30,2304.0,2304.3,2300.0,2303.6,6342,0
2026-03-06 12:00:00+05:30,2302.7,2304.0,2300.0,2302.6,8255,0
2026-03-06 12:05:00+05:30,2303.0,2306.9,2301.1,2306.9,13865,0
2026-03-06 12:10:00+05:30,2305.5,2306.3,2303.4,2304.6,9169,0
2026-03-06 12:15:00+05:30,2305.0,2307.9,2303.1,2305.7,10993,0
2026-03-06 12:20:00+05:30,2305.7,2305.9,2303.3,2304.8,5939,0
2026-03-06 12:25:00+05:30,2303.9,2303.9,2299.4,2299.5,7622,0
2026-03-06 12:30:00+05:30,2299.4,2302.3,2298.7,2302.3,6855,0
2026-03-06 12:35:00+05:30,2301.5,2304.4,2301.5,2302.6,7367,0
2026-03-06 12:40:00+05:30,2303.2,2304.2,2300.7,2304.2,7193,0
2026-03-06 12:45:00+05:30,2303.7,2303.8,2299.1,2301.3,11205,0
2026-03-06 12:50:00+05:30,2301.3,2304.1,2300.9,2303.4,6577,0
2026-03-06 12:55:00+05:30,2303.9,2304.5,2301.4,2301.4,5328,0
2026-03-06 13:00:00+05:30,2301.7,2303.7,2299.8,2301.2,5991,0
2026-03-06 13:05:00+05:30,2301.9,2301.9,2297.6,2299.3,27130,0
2026-03-06 13:10:00+05:30,2299.4,2300.8,2299.0,2300.0,11399,0
2026-03-06 13:15:00+05:30,2299.9,2300.2,2299.5,2299.9,18886,0
2026-03-06 13:20:00+05:30,2299.9,2305.0,2299.7,2303.8,31604,0
2026-03-06 13:25:00+05:30,2303.3,2305.3,2301.1,2301.4,14141,0
2026-03-06 13:30:00+05:30,2302.0,2302.2,2299.0,2299.1,5129,0
2026-03-06 13:35:00+05:30,2299.4,2300.1,2292.8,2294.0,14148,0
2026-03-06 13:40:00+05:30,2294.0,2301.3,2293.5,2300.2,12281,0
2026-03-06 13:45:00+05:30,2300.1,2301.2,2299.6,2301.0,24918,0
2026-03-06 13:50:00+05:30,2300.9,2301.7,2299.1,2301.7,7155,0
2026-03-06 13:55:00+05:30,2301.5,2301.6,2295.1,2295.1,33667,0
2026-03-06 14:00:00+05:30,2295.8,2295.8,2283.4,2285.2,16143,0
2026-03-06 14:05:00+05:30,2285.6,2286.7,2284.5,2285.8,3741,0
2026-03-06 14:10:00+05:30,2285.8,2286.6,2284.7,2285.4,3634,0
2026-03-06 14:15:00+05:30,2285.9,2288.9,2284.9,2288.6,4782,0
2026-03-06 14:20:00+05:30,2288.9,2290.8,2288.1,2289.5,4259,0
2026-03-06 14:25:00+05:30,2290.6,2292.0,2288.3,2290.8,6351,0
2026-03-06 14:30:00+05:30,2290.2,2292.0,2289.6,2291.0,6199,0
2026-03-06 14:35:00+05:30,2291.0,2292.9,2290.4,2291.0,4435,0
2026-03-06 14:40:00+05:30,2291.0,2292.8,2289.6,2292.5,6275,0
2026-03-06 14:45:00+05:30,2292.1,2293.7,2285.4,2287.2,38228,0
2026-03-06 14:50:00+05:30,2286.9,2291.1,2286.1,2287.4,8692,0
2026-03-06 14:55:00+05:30,2287.8,2288.1,2283.4,2284.6,11833,0
2026-03-06 15:00:00+05:30,2283.5,2284.9,2282.2,2282.4,25006,0
2026-03-06 15:05:00+05:30,2282.1,2284.5,2280.9,2283.7,22295,0
2026-03-06 15:10:00+05:30,2283.6,2284.6,2278.8,2279.6,38124,0
2026-03-06 15:15:00+05:30,2279.5,2279.5,2275.0,2275.6,41882,0
2026-03-06 15:20:00+05:30,2276.0,2276.5,2272.5,2273.4,25152,0
2026-03-06 15:25:00+05:30,2274.4,2282.0,2272.5,2282.0,26356,0
2026-03-09 09:15:00+05:30,2200.0,2200.0,2169.0,2178.4,241633,0
2026-03-09 09:20:00+05:30,2178.4,2184.0,2169.0,2171.0,49753,0
2026-03-09 09:25:00+05:30,2170.9,2174.9,2166.9,2169.4,32089,0
2026-03-09 09:30:00+05:30,2169.4,2178.0,2168.5,2172.1,38544,0
2026-03-09 09:35:00+05:30,2172.1,2187.2,2169.4,2178.5,59054,0
2026-03-09 09:40:00+05:30,2178.3,2179.7,2168.7,2172.2,67231,0
2026-03-09 09:45:00+05:30,2172.6,2175.8,2164.7,2168.4,74771,0
2026-03-09 09:50:00+05:30,2168.3,2176.8,2168.2,2172.5,39881,0
2026-03-09 09:55:00+05:30,2172.8,2175.0,2171.0,2172.0,30100,0
2026-03-09 10:00:00+05:30,2171.6,2175.0,2169.5,2171.0,27317,0
2026-03-09 10:05:00+05:30,2170.5,2179.7,2167.5,2171.0,81764,0
2026-03-09 10:10:00+05:30,2170.5,2171.8,2163.2,2167.1,24911,0
2026-03-09 10:15:00+05:30,2167.0,2173.0,2162.6,2171.5,116094,0
2026-03-09 10:20:00+05:30,2171.6,2179.0,2171.0,2177.1,24828,0
2026-03-09 10:25:00+05:30,2177.0,2178.5,2175.0,2175.8,19343,0
2026-03-09 10:30:00+05:30,2175.8,2178.7,2175.0,2176.4,22533,0
2026-03-09 10:35:00+05:30,2176.3,2176.6,2163.0,2168.2,61940,0
2026-03-09 10:40:00+05:30,2168.2,2169.9,2164.5,2166.9,22632,0
2026-03-09 10:45:00+05:30,2167.0,2168.5,2164.7,2165.6,12163,0
2026-03-09 10:50:00+05:30,2165.6,2177.0,2165.0,2175.6,27462,0
2026-03-09 10:55:00+05:30,2176.0,2188.3,2175.5,2187.7,76692,0
2026-03-09 11:00:00+05:30,2187.0,2190.0,2181.7,2186.1,54806,0
2026-03-09 11:05:00+05:30,2186.1,2186.5,2178.0,2178.9,28519,0
2026-03-09 11:10:00+05:30,2179.0,2188.9,2176.8,2185.7,95184,0
2026-03-09 11:15:00+05:30,2186.6,2190.0,2183.6,2187.0,33323,0
2026-03-09 11:20:00+05:30,2187.3,2190.0,2186.2,2189.4,27615,0
2026-03-09 11:25:00+05:30,2188.7,2205.0,2188.7,2203.8,82903,0
2026-03-09 11:30:00+05:30,2203.4,2209.4,2201.7,2207.7,25636,0
2026-03-09 11:35:00+05:30,2207.7,2213.8,2206.2,2211.6,30106,0
2026-03-09 11:40:00+05:30,2212.4,2218.5,2212.4,2217.1,16016,0
2026-03-09 11:45:00+05:30,2217.1,2220.0,2215.1,2218.8,29657,0
2026-03-09 11:50:00+05:30,2219.3,2219.5,2210.0,2212.0,26959,0
2026-03-09 11:55:00+05:30,2212.3,2213.1,2210.0,2211.4,7645,0
2026-03-09 12:00:00+05:30,2211.4,2213.0,2210.0,2211.7,5742,0
2026-03-09 12:05:00+05:30,2212.5,2213.8,2210.0,2213.1,6593,0
2026-03-09 12:10:00+05:30,2213.1,2224.6,2211.4,2217.6,22784,0
2026-03-09 12:15:00+05:30,2217.5,2220.8,2216.3,2217.6,6869,0
2026-03-09 12:20:00+05:30,2216.9,2219.0,2215.6,2218.1,7750,0
2026-03-09 12:25:00+05:30,2218.0,2220.8,2217.3,2217.7,6076,0
2026-03-09 12:30:00+05:30,2217.6,2218.9,2212.7,2213.7,8842,0
2026-03-09 12:35:00+05:30,2213.7,2217.7,2212.2,2216.2,8454,0
2026-03-09 12:40:00+05:30,2216.2,2218.4,2215.5,2216.2,5938,0
2026-03-09 12:45:00+05:30,2216.2,2218.0,2213.8,2214.0,5402,0
2026-03-09 12:50:00+05:30,2213.8,2218.8,2213.0,2217.9,6455,0
2026-03-09 12:55:00+05:30,2217.7,2218.7,2216.3,2217.2,3467,0
2026-03-09 13:00:00+05:30,2217.1,2221.9,2214.2,2217.6,17260,0
2026-03-09 13:05:00+05:30,2217.0,2218.6,2216.0,2217.0,5804,0
2026-03-09 13:10:00+05:30,2217.0,2219.2,2215.1,2216.6,7669,0
2026-03-09 13:15:00+05:30,2215.8,2216.7,2210.2,2211.4,9202,0
2026-03-09 13:20:00+05:30,2211.4,2216.3,2210.7,2216.0,7489,0
2026-03-09 13:25:00+05:30,2215.9,2222.4,2214.7,2221.4,12801,0
2026-03-09 13:30:00+05:30,2221.4,2223.7,2218.5,2218.5,10768,0
2026-03-09 13:35:00+05:30,2219.2,2220.3,2215.9,2218.5,4442,0
2026-03-09 13:40:00+05:30,2218.5,2219.6,2217.0,2217.8,4962,0
2026-03-09 13:45:00+05:30,2217.8,2217.8,2213.3,2216.5,6619,0
2026-03-09 13:50:00+05:30,2216.3,2218.3,2213.9,2215.2,7608,0
2026-03-09 13:55:00+05:30,2215.5,2217.4,2212.4,2213.0,7662,0
2026-03-09 14:00:00+05:30,2213.0,2218.7,2212.4,2217.6,7216,0
2026-03-09 14:05:00+05:30,2217.6,2222.0,2217.4,2221.6,6916,0
2026-03-09 14:10:00+05:30,2221.1,2222.4,2218.2,2219.0,7557,0
2026-03-09 14:15:00+05:30,2218.8,2219.7,2215.9,2218.0,7377,0
2026-03-09 14:20:00+05:30,2217.4,2221.3,2216.1,2221.3,4465,0
2026-03-09 14:25:00+05:30,2220.6,2225.0,2220.6,2221.1,14859,0
2026-03-09 14:30:00+05:30,2221.7,2227.4,2221.1,2223.3,13782,0
2026-03-09 14:35:00+05:30,2223.5,2223.5,2218.7,2222.5,15603,0
2026-03-09 14:40:00+05:30,2222.8,2225.0,2219.1,2223.8,16034,0
2026-03-09 14:45:00+05:30,2223.5,2229.9,2223.2,2225.0,17708,0
2026-03-09 14:50:00+05:30,2225.0,2226.1,2220.5,2223.2,11291,0
2026-03-09 14:55:00+05:30,2223.5,2225.8,2222.2,2223.5,15965,0
2026-03-09 15:00:00+05:30,2223.9,2227.9,2221.0,2227.8,41449,0
2026-03-09 15:05:00+05:30,2227.8,2230.0,2223.0,2225.3,33880,0
2026-03-09 15:10:00+05:30,2225.3,2226.9,2222.7,2223.4,38644,0
2026-03-09 15:15:00+05:30,2223.9,2224.0,2220.0,2220.9,43554,0
2026-03-09 15:20:00+05:30,2220.8,2220.8,2212.9,2215.7,74697,0
2026-03-09 15:25:00+05:30,2215.7,2218.1,2210.2,2217.0,21132,0
2026-03-10 09:15:00+05:30,2251.6,2305.1,2251.6,2286.3,89097,0
2026-03-10 09:20:00+05:30,2285.9,2286.1,2266.0,2272.3,37229,0
2026-03-10 09:25:00+05:30,2272.3,2273.5,2265.0,2267.1,23076,0
2026-03-10 09:30:00+05:30,2267.6,2271.6,2260.0,2270.0,26192,0
2026-03-10 09:35:00+05:30,2271.2,2276.7,2268.2,2273.7,22722,0
2026-03-10 09:40:00+05:30,2273.2,2277.7,2266.9,2277.3,16252,0
2026-03-10 09:45:00+05:30,2277.4,2279.0,2269.0,2271.2,13669,0
2026-03-10 09:50:00+05:30,2271.2,2273.9,2267.1,2268.7,9117,0
2026-03-10 09:55:00+05:30,2268.7,2268.7,2255.6,2256.4,36708,0
2026-03-10 10:00:00+05:30,2256.0,2257.6,2252.6,2257.5,19319,0
2026-03-10 10:05:00+05:30,2257.6,2258.0,2254.8,2256.0,18386,0
2026-03-10 10:10:00+05:30,2256.7,2257.0,2253.6,2255.8,11009,0
2026-03-10 10:15:00+05:30,2255.8,2265.9,2255.2,2265.1,101520,0
2026-03-10 10:20:00+05:30,2265.9,2265.9,2256.2,2258.2,18065,0
2026-03-10 10:25:00+05:30,2258.2,2262.2,2255.7,2259.3,59377,0
2026-03-10 10:30:00+05:30,2259.2,2272.0,2258.9,2271.0,16746,0
2026-03-10 10:35:00+05:30,2271.6,2274.5,2269.4,2273.4,9941,0
2026-03-10 10:40:00+05:30,2273.2,2274.0,2270.3,2270.7,5073,0
2026-03-10 10:45:00+05:30,2270.9,2274.0,2268.1,2273.2,8622,0
2026-03-10 10:50:00+05:30,2273.2,2275.8,2267.6,2269.6,13227,0
2026-03-10 10:55:00+05:30,2269.7,2270.0,2267.0,2267.2,4195,0
2026-03-10 11:00:00+05:30,2267.2,2267.9,2261.6,2263.0,8631,0
2026-03-10 11:05:00+05:30,2263.0,2267.8,2262.1,2266.3,3272,0
2026-03-10 11:10:00+05:30,2266.3,2267.0,2265.0,2266.3,3032,0
2026-03-10 11:15:00+05:30,2266.4,2270.0,2265.4,2265.8,4463,0
2026-03-10 11:20:00+05:30,2265.5,2269.9,2265.5,2266.0,3291,0
2026-03-10 11:25:00+05:30,2266.2,2270.9,2266.1,2268.7,7143,0
2026-03-10 11:30:00+05:30,2268.7,2271.0,2267.1,2269.7,6012,0
2026-03-10 11:35:00+05:30,2269.7,2270.8,2266.4,2266.6,6132,0
2026-03-10 11:40:00+05:30,2266.6,2267.5,2263.4,2267.2,8446,0
2026-03-10 11:45:00+05:30,2266.6,2267.2,2260.4,2261.4,3446,0
2026-03-10 11:50:00+05:30,2261.3,2262.7,2258.0,2261.6,8005,0
2026-03-10 11:55:00+05:30,2261.6,2262.9,2255.0,2257.2,15615,0
2026-03-10 12:00:00+05:30,2257.9,2260.0,2256.0,2259.4,9124,0
2026-03-10 12:05:00+05:30,2259.5,2265.7,2259.0,2263.4,40739,0
2026-03-10 12:10:00+05:30,2262.5,2266.6,2260.7,2260.7,4699,0
2026-03-10 12:15:00+05:30,2260.7,2262.9,2257.3,2262.6,6031,0
2026-03-10 12:20:00+05:30,2262.6,2263.6,2257.4,2261.3,5148,0
2026-03-10 12:25:00+05:30,2261.2,2263.0,2255.0,2257.3,7427,0
2026-03-10 12:30:00+05:30,2257.1,2257.8,2255.0,2255.8,6442,0
2026-03-10 12:35:00+05:30,2255.9,2259.5,2255.0,2257.8,6393,0
2026-03-10 12:40:00+05:30,2256.3,2257.8,2255.2,2257.1,3101,0
2026-03-10 12:45:00+05:30,2256.2,2258.5,2256.0,2258.1,2136,0
2026-03-10 12:50:00+05:30,2258.5,2264.5,2258.1,2263.9,5861,0
2026-03-10 12:55:00+05:30,2264.2,2264.5,2260.6,2262.3,4702,0
2026-03-10 13:00:00+05:30,2262.6,2264.7,2260.8,2262.0,4004,0
2026-03-10 13:05:00+05:30,2262.1,2262.2,2256.8,2258.7,5671,0
2026-03-10 13:10:00+05:30,2258.6,2262.6,2257.2,2261.7,6274,0
2026-03-10 13:15:00+05:30,2262.4,2269.9,2261.7,2269.9,8315,0
2026-03-10 13:20:00+05:30,2269.4,2271.4,2263.7,2265.0,7759,0
2026-03-10 13:25:00+05:30,2266.0,2267.4,2264.0,2266.1,2635,0
2026-03-10 13:30:00+05:30,2266.4,2267.9,2264.1,2265.2,3772,0
2026-03-10 13:35:00+05:30,2264.2,2269.1,2260.2,2268.0,7573,0
2026-03-10 13:40:00+05:30,2267.7,2270.9,2266.8,2270.8,6474,0
2026-03-10 13:45:00+05:30,2270.5,2270.9,2266.1,2267.7,7019,0
2026-03-10 13:50:00+05:30,2268.1,2270.0,2267.0,2268.5,6078,0
2026-03-10 13:55:00+05:30,2268.5,2270.3,2267.9,2269.1,6120,0
2026-03-10 14:00:00+05:30,2269.1,2270.7,2267.2,2270.1,7848,0
2026-03-10 14:05:00+05:30,2270.1,2276.4,2269.9,2276.4,11884,0
2026-03-10 14:10:00+05:30,2276.4,2278.7,2275.3,2278.0,17004,0
2026-03-10 14:15:00+05:30,2278.0,2278.7,2273.1,2278.0,9904,0
2026-03-10 14:20:00+05:30,2278.0,2280.6,2275.6,2275.8,14838,0
2026-03-10 14:25:00+05:30,2276.2,2277.0,2271.2,2275.3,40774,0
2026-03-10 14:30:00+05:30,2275.4,2276.2,2271.4,2274.0,11077,0
2026-03-10 14:35:00+05:30,2274.0,2279.0,2274.0,2277.6,7865,0
2026-03-10 14:40:00+05:30,2277.6,2279.0,2274.8,2277.1,23945,0
2026-03-10 14:45:00+05:30,2277.1,2283.3,2276.5,2283.3,20986,0
2026-03-10 14:50:00+05:30,2283.3,2284.0,2278.8,2280.0,10474,0
2026-03-10 14:55:00+05:30,2279.1,2281.2,2276.1,2276.9,8001,0
2026-03-10 15:00:00+05:30,2277.0,2278.9,2273.0,2278.0,37004,0
2026-03-10 15:05:00+05:30,2278.1,2283.0,2275.9,2282.7,26236,0
2026-03-10 15:10:00+05:30,2282.7,2282.8,2278.0,2279.0,30338,0
2026-03-10 15:15:00+05:30,2279.0,2283.4,2278.7,2280.9,32044,0
2026-03-10 15:20:00+05:30,2280.8,2286.0,2278.8,2285.6,43396,0
2026-03-10 15:25:00+05:30,2285.7,2295.0,2283.0,2295.0,27676,0
2026-03-11 09:15:00+05:30,2290.0,2302.0,2285.3,2296.0,41808,0
2026-03-11 09:20:00+05:30,2296.0,2298.9,2287.1,2288.3,9508,0
2026-03-11 09:25:00+05:30,2288.3,2291.0,2285.3,2289.6,14484,0
2026-03-11 09:30:00+05:30,2289.7,2289.7,2286.1,2288.7,5617,0
2026-03-11 09:35:00+05:30,2288.4,2288.8,2282.5,2285.8,7222,0
2026-03-11 09:40:00+05:30,2285.8,2289.3,2283.0,2288.5,14711,0
2026-03-11 09:45:00+05:30,2287.7,2291.2,2287.4,2288.0,5585,0
2026-03-11 09:50:00+05:30,2288.0,2289.0,2282.2,2282.2,6501,0
2026-03-11 09:55:00+05:30,2282.2,2288.0,2281.5,2283.4,25778,0
2026-03-11 10:00:00+05:30,2283.5,2284.1,2278.0,2280.6,13096,0
2026-03-11 10:05:00+05:30,2280.6,2283.2,2278.7,2280.8,5067,0
2026-03-11 10:10:00+05:30,2280.8,2282.6,2280.0,2282.2,3451,0
2026-03-11 10:15:00+05:30,2281.8,2283.9,2279.7,2282.7,9733,0
2026-03-11 10:20:00+05:30,2282.7,2283.8,2280.5,2283.3,3335,0
2026-03-11 10:25:00+05:30,2283.3,2283.3,2282.0,2282.9,2639,0
2026-03-11 10:30:00+05:30,2282.9,2285.9,2282.8,2285.5,3519,0
2026-03-11 10:35:00+05:30,2284.8,2294.9,2284.8,2293.5,13644,0
2026-03-11 10:40:00+05:30,2294.3,2295.4,2290.0,2291.0,12716,0
2026-03-11 10:45:00+05:30,2291.0,2291.6,2287.0,2290.9,7767,0
2026-03-11 10:50:00+05:30,2290.9,2292.8,2286.3,2288.9,8593,0
2026-03-11 10:55:00+05:30,2288.7,2288.9,2270.4,2271.5,27999,0
2026-03-11 11:00:00+05:30,2271.0,2278.2,2266.1,2278.0,15046,0
2026-03-11 11:05:00+05:30,2277.4,2278.9,2272.7,2273.5,6047,0
2026-03-11 11:10:00+05:30,2273.5,2274.5,2266.3,2268.9,8407,0
2026-03-11 11:15:00+05:30,2268.8,2269.7,2265.0,2268.4,4969,0
2026-03-11 11:20:00+05:30,2268.5,2268.5,2261.2,2261.4,4346,0
2026-03-11 11:25:00+05:30,2261.4,2265.0,2261.4,2264.9,4168,0
2026-03-11 11:30:00+05:30,2264.9,2265.9,2262.6,2265.9,3892,0
2026-03-11 11:35:00+05:30,2265.4,2268.5,2264.2,2267.2,2971,0
2026-03-11 11:40:00+05:30,2267.2,2269.1,2267.0,2268.9,1843,0
2026-03-11 11:45:00+05:30,2268.9,2272.5,2260.5,2270.5,22599,0
2026-03-11 11:50:00+05:30,2271.3,2271.5,2267.9,2269.0,11963,0
2026-03-11 11:55:00+05:30,2269.4,2270.0,2264.1,2265.8,3395,0
2026-03-11 12:00:00+05:30,2266.1,2268.5,2263.4,2267.6,5776,0
2026-03-11 12:05:00+05:30,2267.1,2267.1,2262.7,2264.3,4281,0
2026-03-11 12:10:00+05:30,2264.2,2265.2,2261.8,2261.8,3595,0
2026-03-11 12:15:00+05:30,2261.4,2261.6,2258.6,2260.4,6419,0
2026-03-11 12:20:00+05:30,2260.4,2261.9,2259.0,2259.7,5155,0
2026-03-11 12:25:00+05:30,2260.5,2262.1,2258.9,2259.0,3207,0
2026-03-11 12:30:00+05:30,2259.7,2260.0,2255.3,2257.4,5792,0
2026-03-11 12:35:00+05:30,2257.5,2259.4,2253.2,2254.9,5770,0
2026-03-11 12:40:00+05:30,2255.1,2258.2,2253.7,2257.9,3980,0
2026-03-11 12:45:00+05:30,2257.4,2257.8,2255.0,2257.4,3591,0
2026-03-11 12:50:00+05:30,2257.4,2258.2,2255.8,2256.2,3579,0
2026-03-11 12:55:00+05:30,2256.9,2258.0,2256.3,2257.7,2171,0
2026-03-11 13:00:00+05:30,2257.7,2261.2,2254.2,2255.7,7326,0
2026-03-11 13:05:00+05:30,2255.6,2255.7,2248.6,2249.4,8804,0
2026-03-11 13:10:00+05:30,2248.6,2249.2,2242.3,2244.8,9973,0
2026-03-11 13:15:00+05:30,2244.8,2246.6,2243.3,2246.0,3978,0
2026-03-11 13:20:00+05:30,2246.0,2246.9,2245.3,2246.6,4543,0
2026-03-11 13:25:00+05:30,2246.6,2249.1,2245.6,2249.1,3731,0
2026-03-11 13:30:00+05:30,2249.1,2249.1,2245.4,2246.7,2929,0
2026-03-11 13:35:00+05:30,2245.8,2246.9,2242.8,2244.0,3668,0
2026-03-11 13:40:00+05:30,2244.0,2244.0,2241.5,2242.0,3032,0
2026-03-11 13:45:00+05:30,2242.3,2244.0,2241.2,2243.4,4019,0
2026-03-11 13:50:00+05:30,2243.0,2244.1,2241.5,2242.0,4594,0
2026-03-11 13:55:00+05:30,2242.9,2244.0,2240.6,2242.0,4820,0
2026-03-11 14:00:00+05:30,2242.0,2242.8,2239.2,2242.5,6669,0
2026-03-11 14:05:00+05:30,2242.5,2242.6,2239.0,2240.5,3315,0
2026-03-11 14:10:00+05:30,2240.5,2242.4,2239.0,2242.4,4942,0
2026-03-11 14:15:00+05:30,2242.4,2242.4,2237.2,2240.2,4554,0
2026-03-11 14:20:00+05:30,2240.6,2242.6,2240.1,2240.8,4740,0
2026-03-11 14:25:00+05:30,2240.4,2246.6,2237.0,2246.2,11743,0
2026-03-11 14:30:00+05:30,2246.2,2246.2,2242.8,2243.6,4619,0
2026-03-11 14:35:00+05:30,2243.6,2244.6,2241.4,2243.0,3992,0
2026-03-11 14:40:00+05:30,2242.9,2243.0,2238.1,2239.6,3747,0
2026-03-11 14:45:00+05:30,2239.6,2240.1,2235.2,2237.4,7451,0
2026-03-11 14:50:00+05:30,2237.4,2238.4,2234.0,2237.3,7429,0
2026-03-11 14:55:00+05:30,2237.3,2241.1,2235.7,2236.8,12806,0
2026-03-11 15:00:00+05:30,2236.8,2241.6,2236.4,2237.5,22999,0
2026-03-11 15:05:00+05:30,2237.5,2238.3,2232.0,2232.4,20465,0
2026-03-11 15:10:00+05:30,2232.4,2234.2,2228.5,2230.9,29334,0
2026-03-11 15:15:00+05:30,2230.9,2231.7,2228.0,2230.7,37202,0
2026-03-11 15:20:00+05:30,2230.4,2232.1,2226.0,2230.6,30984,0
2026-03-11 15:25:00+05:30,2229.2,2233.0,2226.0,2232.9,23374,0
2026-03-12 09:15:00+05:30,2208.0,2223.6,2201.0,2214.0,35996,0
2026-03-12 09:20:00+05:30,2215.5,2220.0,2211.3,2219.3,14519,0
2026-03-12 09:25:00+05:30,2219.2,2223.4,2216.0,2222.0,16641,0
2026-03-12 09:30:00+05:30,2222.6,2222.6,2216.0,2216.4,9611,0
2026-03-12 09:35:00+05:30,2216.5,2219.8,2212.6,2214.0,10513,0
2026-03-12 09:40:00+05:30,2214.1,2216.6,2203.0,2215.5,90248,0
2026-03-12 09:45:00+05:30,2216.0,2217.9,2212.1,2215.3,9290,0
2026-03-12 09:50:00+05:30,2215.3,2223.1,2215.1,2221.8,8196,0
2026-03-12 09:55:00+05:30,2221.8,2234.9,2220.1,2234.9,18387,0
2026-03-12 10:00:00+05:30,2234.8,2236.5,2229.3,2234.0,14945,0
2026-03-12 10:05:00+05:30,2233.6,2235.2,2225.6,2227.0,7524,0
2026-03-12 10:10:00+05:30,2227.5,2229.2,2224.0,2225.0,3729,0
2026-03-12 10:15:00+05:30,2225.5,2230.7,2224.3,2229.6,17901,0
2026-03-12 10:20:00+05:30,2229.7,2235.1,2228.8,2234.6,30929,0
2026-03-12 10:25:00+05:30,2234.7,2240.0,2233.4,2237.2,24200,0
2026-03-12 10:30:00+05:30,2237.2,2239.8,2235.5,2239.0,15441,0
2026-03-12 10:35:00+05:30,2239.0,2240.0,2235.6,2239.1,10513,0
2026-03-12 10:40:00+05:30,2239.0,2244.5,2237.4,2242.4,19416,0
2026-03-12 10:45:00+05:30,2242.8,2245.9,2241.6,2245.1,10067,0
2026-03-12 10:50:00+05:30,2245.1,2246.6,2241.8,2244.5,9500,0
2026-03-12 10:55:00+05:30,2244.5,2248.7,2243.1,2248.3,7640,0
2026-03-12 11:00:00+05:30,2248.7,2249.5,2244.2,2247.5,14552,0
2026-03-12 11:05:00+05:30,2247.5,2247.9,2242.9,2246.2,7205,0
2026-03-12 11:10:00+05:30,2247.0,2249.9,2246.1,2248.2,10160,0
2026-03-12 11:15:00+05:30,2248.2,2249.7,2242.6,2244.1,8417,0
2026-03-12 11:20:00+05:30,2244.5,2244.7,2241.2,2244.7,6534,0
2026-03-12 11:25:00+05:30,2244.5,2247.8,2243.1,2245.4,5204,0
2026-03-12 11:30:00+05:30,2246.4,2246.4,2242.7,2246.4,5602,0
2026-03-12 11:35:00+05:30,2246.4,2246.4,2243.5,2243.8,6071,0
2026-03-12 11:40:00+05:30,2244.7,2249.6,2242.2,2247.8,34172,0
2026-03-12 11:45:00+05:30,2247.7,2248.1,2235.4,2237.7,41735,0
2026-03-12 11:50:00+05:30,2237.7,2240.2,2234.4,2234.8,13745,0
2026-03-12 11:55:00+05:30,2234.8,2237.0,2233.4,2235.5,8584,0
2026-03-12 12:00:00+05:30,2236.3,2240.4,2232.8,2233.6,12246,0
2026-03-12 12:05:00+05:30,2233.6,2234.0,2230.5,2232.6,7906,0
2026-03-12 12:10:00+05:30,2232.6,2233.5,2227.0,2229.0,23365,0
2026-03-12 12:15:00+05:30,2228.0,2229.2,2220.2,2221.9,20482,0
2026-03-12 12:20:00+05:30,2221.6,2224.6,2217.9,2223.6,26032,0
2026-03-12 12:25:00+05:30,2222.9,2228.2,2222.0,2223.8,12390,0
2026-03-12 12:30:00+05:30,2223.8,2225.9,2221.1,2222.4,9577,0
2026-03-12 12:35:00+05:30,2222.0,2223.8,2217.0,2218.1,10905,0
2026-03-12 12:40:00+05:30,2218.6,2220.2,2217.0,2220.1,8595,0
2026-03-12 12:45:00+05:30,2220.1,2220.5,2216.6,2217.8,14264,0
2026-03-12 12:50:00+05:30,2217.8,2219.3,2216.5,2219.1,6967,0
2026-03-12 12:55:00+05:30,2219.1,2220.2,2217.3,2220.2,7159,0
2026-03-12 13:00:00+05:30,2220.2,2220.2,2215.4,2217.6,13799,0
2026-03-12 13:05:00+05:30,2217.6,2217.6,2210.0,2214.4,11879,0
2026-03-12 13:10:00+05:30,2214.2,2218.0,2214.0,2217.0,11384,0
2026-03-12 13:15:00+05:30,2217.5,2220.3,2215.3,2217.2,8371,0
2026-03-12 13:20:00+05:30,2217.2,2219.4,2215.6,2218.3,7708,0
2026-03-12 13:25:00+05:30,2218.3,2222.4,2217.8,2221.7,10313,0
2026-03-12 13:30:00+05:30,2221.7,2225.0,2220.3,2223.7,11048,0
2026-03-12 13:35:00+05:30,2223.7,2224.5,2220.5,2222.7,6820,0
2026-03-12 13:40:00+05:30,2222.7,2230.0,2222.0,2229.9,26794,0
2026-03-12 13:45:00+05:30,2229.9,2231.1,2220.6,2223.5,35068,0
2026-03-12 13:50:00+05:30,2223.9,2224.0,2220.0,2221.4,6245,0
2026-03-12 13:55:00+05:30,2221.4,2221.4,2217.7,2219.0,7673,0
2026-03-12 14:00:00+05:30,2219.0,2220.8,2219.0,2219.7,9964,0
2026-03-12 14:05:00+05:30,2219.7,2224.7,2219.0,2222.5,25096,0
2026-03-12 14:10:00+05:30,2222.5,2228.1,2220.6,2226.8,33897,0
2026-03-12 14:15:00+05:30,2226.9,2229.0,2220.6,2228.0,58179,0
2026-03-12 14:20:00+05:30,2227.7,2228.6,2225.1,2225.4,6485,0
2026-03-12 14:25:00+05:30,2225.2,2227.4,2222.3,2223.9,9435,0
2026-03-12 14:30:00+05:30,2223.8,2225.8,2222.9,2225.0,14971,0
2026-03-12 14:35:00+05:30,2225.0,2225.0,2219.8,2223.3,27071,0
2026-03-12 14:40:00+05:30,2223.3,2224.3,2220.3,2221.3,46913,0
2026-03-12 14:45:00+05:30,2221.3,2223.5,2219.5,2222.0,14732,0
2026-03-12 14:50:00+05:30,2222.0,2224.9,2220.1,2223.4,48699,0
2026-03-12 14:55:00+05:30,2223.4,2226.5,2223.0,2225.2,12753,0
2026-03-12 15:00:00+05:30,2225.2,2227.7,2223.2,2225.3,30631,0
2026-03-12 15:05:00+05:30,2225.3,2225.5,2221.9,2223.8,41864,0
2026-03-12 15:10:00+05:30,2223.8,2223.9,2220.1,2220.6,29827,0
2026-03-12 15:15:00+05:30,2220.5,2221.7,2217.1,2218.0,39789,0
2026-03-12 15:20:00+05:30,2217.1,2219.4,2215.9,2219.4,41827,0
2026-03-12 15:25:00+05:30,2218.8,2221.4,2215.0,2221.4,27636,0
2026-03-13 09:15:00+05:30,2204.7,2209.2,2195.4,2206.9,35145,0
2026-03-13 09:20:00+05:30,2206.9,2210.0,2202.3,2207.6,8424,0
2026-03-13 09:25:00+05:30,2208.4,2216.0,2205.0,2213.1,11803,0
2026-03-13 09:30:00+05:30,2213.5,2217.1,2210.0,2210.4,9741,0
2026-03-13 09:35:00+05:30,2210.4,2210.7,2205.2,2207.5,10369,0
2026-03-13 09:40:00+05:30,2207.9,2211.8,2206.4,2211.8,7107,0
2026-03-13 09:45:00+05:30,2211.4,2211.4,2207.0,2208.7,5755,0
2026-03-13 09:50:00+05:30,2208.7,2209.4,2199.5,2200.5,12119,0
2026-03-13 09:55:00+05:30,2200.9,2204.4,2200.4,2202.6,7964,0
2026-03-13 10:00:00+05:30,2202.5,2207.9,2199.7,2204.8,6791,0
2026-03-13 10:05:00+05:30,2204.8,2206.5,2201.0,2204.5,4235,0
2026-03-13 10:10:00+05:30,2204.5,2204.8,2201.0,2203.5,8709,0
2026-03-13 10:15:00+05:30,2203.5,2205.0,2200.7,2202.1,5428,0
2026-03-13 10:20:00+05:30,2202.1,2209.4,2196.8,2199.4,11065,0
2026-03-13 10:25:00+05:30,2199.9,2204.2,2197.1,2203.2,4537,0
2026-03-13 10:30:00+05:30,2203.2,2208.0,2203.2,2205.3,4504,0
2026-03-13 10:35:00+05:30,2205.3,2206.6,2203.5,2205.6,2400,0
2026-03-13 10:40:00+05:30,2205.6,2205.6,2202.1,2205.0,4385,0
2026-03-13 10:45:00+05:30,2205.0,2206.0,2202.2,2205.6,3772,0
2026-03-13 10:50:00+05:30,2205.7,2211.0,2205.3,2207.8,4152,0
2026-03-13 10:55:00+05:30,2208.6,2210.7,2205.8,2209.9,5268,0
2026-03-13 11:00:00+05:30,2210.1,2211.0,2209.0,2209.7,3679,0
2026-03-13 11:05:00+05:30,2209.7,2211.0,2205.1,2206.3,4685,0
2026-03-13 11:10:00+05:30,2206.0,2206.7,2203.5,2206.6,3786,0
2026-03-13 11:15:00+05:30,2206.6,2206.7,2203.5,2205.4,3259,0
2026-03-13 11:20:00+05:30,2205.2,2206.2,2203.3,2204.6,3037,0
2026-03-13 11:25:00+05:30,2205.4,2210.3,2202.6,2209.3,108946,0
2026-03-13 11:30:00+05:30,2209.7,2214.6,2207.3,2212.8,6705,0
2026-03-13 11:35:00+05:30,2213.8,2218.0,2212.1,2216.3,11961,0
2026-03-13 11:40:00+05:30,2217.2,2219.5,2215.0,2215.2,7092,0
2026-03-13 11:45:00+05:30,2215.6,2219.4,2215.0,2217.9,5024,0
2026-03-13 11:50:00+05:30,2217.9,2219.2,2216.2,2217.5,4732,0
2026-03-13 11:55:00+05:30,2217.5,2217.5,2214.2,2214.6,4079,0
2026-03-13 12:00:00+05:30,2214.8,2215.0,2212.2,2212.7,5470,0
2026-03-13 12:05:00+05:30,2212.9,2215.2,2210.6,2214.5,5370,0
2026-03-13 12:10:00+05:30,2215.1,2219.7,2213.3,2218.5,7864,0
2026-03-13 12:15:00+05:30,2218.5,2218.5,2216.4,2216.8,4896,0
2026-03-13 12:20:00+05:30,2217.4,2218.0,2213.7,2214.9,8601,0
2026-03-13 12:25:00+05:30,2215.2,2217.0,2211.9,2216.2,4899,0
2026-03-13 12:30:00+05:30,2216.2,2216.2,2207.0,2207.0,7105,0
2026-03-13 12:35:00+05:30,2207.6,2209.2,2205.6,2206.1,4956,0
2026-03-13 12:40:00+05:30,2206.2,2207.1,2203.6,2205.5,5712,0
2026-03-13 12:45:00+05:30,2205.8,2209.5,2205.5,2207.8,4919,0
2026-03-13 12:50:00+05:30,2207.4,2208.2,2205.6,2207.6,6147,0
2026-03-13 12:55:00+05:30,2207.8,2208.3,2203.1,2203.7,4229,0
2026-03-13 13:00:00+05:30,2203.7,2204.7,2202.2,2202.6,3898,0
2026-03-13 13:05:00+05:30,2202.8,2203.3,2199.0,2199.0,7393,0
2026-03-13 13:10:00+05:30,2199.1,2199.3,2196.0,2197.6,7490,0
2026-03-13 13:15:00+05:30,2197.7,2199.1,2196.1,2197.8,4400,0
2026-03-13 13:20:00+05:30,2197.8,2197.9,2191.6,2193.0,14674,0
2026-03-13 13:25:00+05:30,2193.7,2196.2,2191.0,2196.2,57230,0
2026-03-13 13:30:00+05:30,2196.2,2198.3,2193.8,2195.0,6833,0
2026-03-13 13:35:00+05:30,2195.6,2196.8,2194.2,2194.2,5390,0
2026-03-13 13:40:00+05:30,2195.0,2195.7,2192.8,2194.7,5067,0
2026-03-13 13:45:00+05:30,2194.7,2197.6,2193.9,2197.5,7735,0
2026-03-13 13:50:00+05:30,2197.8,2198.7,2192.0,2195.2,10336,0
2026-03-13 13:55:00+05:30,2195.8,2197.0,2192.0,2194.0,16110,0
2026-03-13 14:00:00+05:30,2194.2,2196.2,2193.0,2195.0,11711,0
2026-03-13 14:05:00+05:30,2195.5,2199.4,2192.2,2193.3,14550,0
2026-03-13 14:10:00+05:30,2193.8,2199.3,2192.0,2198.5,14239,0
2026-03-13 14:15:00+05:30,2198.7,2203.0,2197.1,2203.0,17003,0
2026-03-13 14:20:00+05:30,2203.0,2204.0,2199.4,2202.0,14388,0
2026-03-13 14:25:00+05:30,2202.0,2206.3,2200.4,2203.9,18399,0
2026-03-13 14:30:00+05:30,2203.9,2209.0,2203.6,2207.5,11916,0
2026-03-13 14:35:00+05:30,2207.7,2208.3,2204.0,2204.1,16915,0
2026-03-13 14:40:00+05:30,2204.0,2206.2,2201.6,2205.1,12981,0
2026-03-13 14:45:00+05:30,2205.3,2206.0,2201.5,2203.3,12038,0
2026-03-13 14:50:00+05:30,2203.3,2205.5,2199.9,2200.2,15998,0
2026-03-13 14:55:00+05:30,2200.4,2201.7,2197.4,2201.0,16728,0
2026-03-13 15:00:00+05:30,2201.0,2201.4,2195.5,2196.1,28609,0
2026-03-13 15:05:00+05:30,2196.1,2197.5,2192.7,2193.7,32826,0
2026-03-13 15:10:00+05:30,2194.1,2198.1,2193.0,2197.4,42032,0
2026-03-13 15:15:00+05:30,2197.4,2199.9,2196.6,2197.8,34283,0
2026-03-13 15:20:00+05:30,2197.8,2199.9,2196.9,2199.7,36794,0
2026-03-13 15:25:00+05:30,2199.7,2200.0,2190.0,2194.1,40303,0
2026-03-16 09:15:00+05:30,2185.4,2206.8,2181.4,2186.0,36918,0
2026-03-16 09:20:00+05:30,2186.0,2188.0,2182.0,2182.9,13148,0
2026-03-16 09:25:00+05:30,2183.9,2189.6,2175.1,2189.0,21588,0
2026-03-16 09:30:00+05:30,2189.0,2195.0,2187.3,2192.1,14559,0
2026-03-16 09:35:00+05:30,2191.6,2200.4,2190.0,2193.9,11061,0
2026-03-16 09:40:00+05:30,2193.9,2199.6,2192.9,2194.6,7465,0
2026-03-16 09:45:00+05:30,2194.8,2197.3,2190.0,2193.8,14577,0
2026-03-16 09:50:00+05:30,2193.8,2196.0,2187.9,2190.0,6838,0
2026-03-16 09:55:00+05:30,2190.0,2190.2,2183.9,2184.6,7391,0
2026-03-16 10:00:00+05:30,2184.5,2189.0,2182.1,2188.9,14556,0
2026-03-16 10:05:00+05:30,2188.3,2193.5,2188.3,2189.2,6583,0
2026-03-16 10:10:00+05:30,2189.1,2190.3,2188.0,2188.7,3911,0
2026-03-16 10:15:00+05:30,2188.2,2188.7,2185.1,2187.5,26768,0
2026-03-16 10:20:00+05:30,2187.7,2187.7,2182.2,2185.7,10647,0
2026-03-16 10:25:00+05:30,2185.7,2186.2,2182.0,2182.7,5641,0
2026-03-16 10:30:00+05:30,2182.3,2189.6,2182.2,2188.0,6788,0
2026-03-16 10:35:00+05:30,2187.8,2191.4,2185.8,2189.6,7294,0
2026-03-16 10:40:00+05:30,2189.6,2189.8,2185.2,2186.4,4120,0
2026-03-16 10:45:00+05:30,2186.4,2188.3,2184.8,2187.8,4253,0
2026-03-16 10:50:00+05:30,2187.6,2189.0,2184.5,2186.8,7402,0
2026-03-16 10:55:00+05:30,2186.7,2189.8,2183.6,2189.3,11299,0
2026-03-16 11:00:00+05:30,2188.8,2193.0,2187.1,2191.1,6859,0
2026-03-16 11:05:00+05:30,2190.4,2195.0,2189.3,2192.3,7968,0
2026-03-16 11:10:00+05:30,2192.1,2194.6,2189.0,2191.7,6396,0
2026-03-16 11:15:00+05:30,2191.7,2196.6,2190.0,2196.6,5834,0
2026-03-16 11:20:00+05:30,2196.6,2200.0,2193.3,2197.7,9470,0
2026-03-16 11:25:00+05:30,2197.7,2197.8,2193.9,2196.1,4695,0
2026-03-16 11:30:00+05:30,2196.1,2202.8,2194.0,2198.2,14889,0
2026-03-16 11:35:00+05:30,2198.1,2199.4,2196.1,2196.9,2920,0
2026-03-16 11:40:00+05:30,2196.7,2198.0,2194.3,2194.8,4929,0
2026-03-16 11:45:00+05:30,2195.1,2199.2,2194.0,2199.0,5618,0
2026-03-16 11:50:00+05:30,2199.0,2199.8,2195.8,2197.0,3627,0
2026-03-16 11:55:00+05:30,2196.9,2200.0,2194.8,2196.9,6116,0
2026-03-16 12:00:00+05:30,2196.7,2200.1,2196.6,2198.0,3987,0
2026-03-16 12:05:00+05:30,2197.8,2199.8,2197.0,2199.8,4723,0
2026-03-16 12:10:00+05:30,2199.8,2201.2,2198.0,2199.2,4298,0
2026-03-16 12:15:00+05:30,2199.0,2199.1,2193.0,2196.1,9298,0
2026-03-16 12:20:00+05:30,2196.1,2196.8,2193.6,2196.0,3825,0
2026-03-16 12:25:00+05:30,2195.9,2198.1,2194.2,2197.2,3576,0
2026-03-16 12:30:00+05:30,2197.1,2197.2,2193.7,2194.2,4777,0
2026-03-16 12:35:00+05:30,2194.1,2195.8,2190.4,2193.5,5408,0
2026-03-16 12:40:00+05:30,2193.6,2197.1,2192.6,2194.6,4618,0
2026-03-16 12:45:00+05:30,2194.5,2195.5,2190.0,2190.2,5869,0
2026-03-16 12:50:00+05:30,2190.2,2191.8,2189.0,2190.9,5575,0
2026-03-16 12:55:00+05:30,2190.4,2195.3,2189.7,2193.2,17305,0
2026-03-16 13:00:00+05:30,2193.5,2197.4,2191.2,2191.4,5515,0
2026-03-16 13:05:00+05:30,2191.4,2191.4,2185.5,2190.6,10007,0
2026-03-16 13:10:00+05:30,2190.7,2193.0,2189.8,2190.9,5345,0
2026-03-16 13:15:00+05:30,2190.9,2194.2,2190.7,2192.5,4404,0
2026-03-16 13:20:00+05:30,2192.5,2195.4,2192.2,2195.0,5445,0
2026-03-16 13:25:00+05:30,2194.9,2197.7,2191.3,2197.0,7120,0
2026-03-16 13:30:00+05:30,2197.0,2200.4,2196.9,2199.0,7030,0
2026-03-16 13:35:00+05:30,2199.0,2202.7,2198.9,2202.7,7487,0
2026-03-16 13:40:00+05:30,2202.1,2205.0,2195.3,2195.6,6928,0
2026-03-16 13:45:00+05:30,2195.4,2197.8,2193.7,2196.0,5727,0
2026-03-16 13:50:00+05:30,2195.9,2199.7,2194.4,2198.7,3933,0
2026-03-16 13:55:00+05:30,2198.6,2198.6,2195.7,2197.8,4946,0
2026-03-16 14:00:00+05:30,2197.8,2197.9,2195.1,2196.0,6242,0
2026-03-16 14:05:00+05:30,2195.9,2198.7,2195.9,2197.3,6869,0
2026-03-16 14:10:00+05:30,2197.3,2202.4,2197.3,2199.5,8260,0
2026-03-16 14:15:00+05:30,2199.2,2204.4,2197.4,2203.9,10548,0
2026-03-16 14:20:00+05:30,2203.9,2215.0,2203.1,2214.2,42264,0
2026-03-16 14:25:00+05:30,2214.1,2219.4,2212.0,2216.6,40013,0
2026-03-16 14:30:00+05:30,2216.6,2219.4,2214.1,2217.1,37082,0
2026-03-16 14:35:00+05:30,2217.1,2221.5,2215.7,2219.5,39924,0
2026-03-16 14:40:00+05:30,2219.5,2222.5,2217.2,2220.7,41751,0
2026-03-16 14:45:00+05:30,2221.0,2223.9,2218.7,2221.9,38412,0
2026-03-16 14:50:00+05:30,2221.9,2225.0,2220.7,2223.1,40069,0
2026-03-16 14:55:00+05:30,2223.1,2227.8,2222.2,2225.7,56793,0
2026-03-16 15:00:00+05:30,2226.0,2227.0,2216.5,2219.6,66420,0
2026-03-16 15:05:00+05:30,2220.2,2224.0,2219.0,2221.6,52779,0
2026-03-16 15:10:00+05:30,2221.6,2223.4,2219.7,2221.8,53238,0
2026-03-16 15:15:00+05:30,2221.9,2222.5,2212.3,2213.1,38715,0
2026-03-16 15:20:00+05:30,2213.1,2213.2,2206.2,2208.1,38050,0
2026-03-16 15:25:00+05:30,2209.1,2215.0,2206.1,2215.0,24677,0
2026-03-17 09:15:00+05:30,2217.7,2237.9,2217.2,2234.6,35042,0
2026-03-17 09:20:00+05:30,2233.3,2240.0,2230.0,2234.1,13404,0
2026-03-17 09:25:00+05:30,2234.1,2237.9,2232.1,2233.0,9757,0
2026-03-17 09:30:00+05:30,2233.3,2235.0,2232.0,2234.5,5345,0
2026-03-17 09:35:00+05:30,2234.5,2248.0,2233.6,2247.9,11324,0
2026-03-17 09:40:00+05:30,2247.6,2247.9,2237.1,2238.6,10674,0
2026-03-17 09:45:00+05:30,2239.4,2246.7,2235.1,2240.7,9934,0
2026-03-17 09:50:00+05:30,2240.7,2244.8,2237.0,2244.1,8392,0
2026-03-17 09:55:00+05:30,2244.1,2247.8,2241.7,2246.8,8127,0
2026-03-17 10:00:00+05:30,2246.4,2248.0,2244.1,2245.9,5439,0
2026-03-17 10:05:00+05:30,2245.9,2250.4,2242.7,2248.6,12828,0
2026-03-17 10:10:00+05:30,2248.6,2253.9,2248.0,2253.6,13778,0
2026-03-17 10:15:00+05:30,2253.6,2261.1,2253.6,2259.5,24567,0
2026-03-17 10:20:00+05:30,2259.7,2261.5,2257.3,2258.0,11852,0
2026-03-17 10:25:00+05:30,2258.2,2259.2,2252.5,2252.6,4572,0
2026-03-17 10:30:00+05:30,2252.6,2253.5,2245.0,2245.3,9571,0
2026-03-17 10:35:00+05:30,2245.3,2245.3,2239.0,2240.8,19149,0
2026-03-17 10:40:00+05:30,2240.2,2241.0,2236.6,2237.4,8711,0
2026-03-17 10:45:00+05:30,2237.8,2241.8,2236.0,2241.8,8559,0
2026-03-17 10:50:00+05:30,2241.5,2242.0,2238.1,2238.3,5267,0
2026-03-17 10:55:00+05:30,2239.3,2241.4,2233.0,2234.7,7165,0
2026-03-17 11:00:00+05:30,2234.6,2235.8,2233.0,2234.6,4038,0
2026-03-17 11:05:00+05:30,2234.7,2239.6,2234.0,2238.0,5232,0
2026-03-17 11:10:00+05:30,2237.4,2241.7,2235.0,2236.5,3376,0
2026-03-17 11:15:00+05:30,2236.5,2237.5,2233.0,2233.0,5089,0
2026-03-17 11:20:00+05:30,2233.6,2234.4,2230.0,2231.3,8264,0
2026-03-17 11:25:00+05:30,2231.4,2232.2,2225.0,2225.9,10710,0
2026-03-17 11:30:00+05:30,2225.9,2228.1,2221.0,2222.5,7730,0
2026-03-17 11:35:00+05:30,2222.4,2230.3,2220.5,2227.9,5769,0
2026-03-17 11:40:00+05:30,2227.8,2227.8,2220.0,2226.3,6679,0
2026-03-17 11:45:00+05:30,2225.8,2228.4,2224.2,2225.4,3756,0
2026-03-17 11:50:00+05:30,2225.4,2229.0,2225.0,2226.0,2686,0
2026-03-17 11:55:00+05:30,2226.0,2229.3,2220.0,2226.2,23060,0
2026-03-17 12:00:00+05:30,2226.2,2227.1,2225.0,2226.2,2121,0
2026-03-17 12:05:00+05:30,2226.0,2227.9,2224.0,2224.7,5167,0
2026-03-17 12:10:00+05:30,2225.3,2227.8,2222.6,2225.1,15776,0
2026-03-17 12:15:00+05:30,2225.0,2225.1,2218.2,2220.1,9785,0
2026-03-17 12:20:00+05:30,2219.7,2224.2,2219.4,2222.0,13951,0
2026-03-17 12:25:00+05:30,2222.0,2224.6,2221.4,2222.8,4221,0
2026-03-17 12:30:00+05:30,2223.3,2223.9,2220.2,2222.9,3270,0
2026-03-17 12:35:00+05:30,2222.9,2225.8,2222.0,2225.0,3800,0
2026-03-17 12:40:00+05:30,2225.0,2226.8,2223.5,2225.6,3523,0
2026-03-17 12:45:00+05:30,2225.4,2227.4,2225.0,2227.0,4721,0
2026-03-17 12:50:00+05:30,2227.0,2228.0,2223.4,2225.4,5228,0
2026-03-17 12:55:00+05:30,2225.4,2226.7,2224.2,2225.6,2590,0
2026-03-17 13:00:00+05:30,2225.9,2233.0,2225.9,2230.6,9383,0
2026-03-17 13:05:00+05:30,2229.8,2232.0,2229.2,2231.5,10114,0
2026-03-17 13:10:00+05:30,2231.5,2235.4,2230.5,2234.9,10892,0
2026-03-17 13:15:00+05:30,2235.0,2236.7,2234.1,2235.8,5512,0
2026-03-17 13:20:00+05:30,2235.8,2236.2,2232.6,2234.1,5663,0
2026-03-17 13:25:00+05:30,2234.4,2234.5,2230.0,2231.5,8611,0
2026-03-17 13:30:00+05:30,2231.5,2237.7,2231.4,2234.8,6791,0
2026-03-17 13:35:00+05:30,2234.8,2235.9,2230.0,2230.6,6468,0
2026-03-17 13:40:00+05:30,2230.5,2233.5,2230.0,2231.7,4288,0
2026-03-17 13:45:00+05:30,2231.7,2235.0,2231.7,2234.7,4846,0
2026-03-17 13:50:00+05:30,2234.7,2236.8,2232.8,2235.7,8065,0
2026-03-17 13:55:00+05:30,2235.7,2236.8,2233.2,2234.0,15088,0
2026-03-17 14:00:00+05:30,2234.1,2236.2,2232.9,2234.9,7450,0
2026-03-17 14:05:00+05:30,2234.9,2235.0,2228.5,2230.9,8269,0
2026-03-17 14:10:00+05:30,2231.1,2232.5,2229.6,2230.2,16246,0
2026-03-17 14:15:00+05:30,2230.2,2231.0,2227.0,2228.5,5775,0
2026-03-17 14:20:00+05:30,2228.5,2233.0,2226.8,2232.2,33260,0
2026-03-17 14:25:00+05:30,2232.3,2237.4,2231.8,2235.4,14478,0
2026-03-17 14:30:00+05:30,2235.9,2241.7,2235.8,2241.1,10693,0
2026-03-17 14:35:00+05:30,2241.1,2245.0,2240.7,2243.8,9600,0
2026-03-17 14:40:00+05:30,2243.8,2244.6,2241.4,2242.2,9459,0
2026-03-17 14:45:00+05:30,2242.2,2245.3,2241.4,2245.2,10615,0
2026-03-17 14:50:00+05:30,2245.2,2248.3,2243.4,2246.2,22614,0
2026-03-17 14:55:00+05:30,2245.9,2247.2,2241.6,2243.2,7290,0
2026-03-17 15:00:00+05:30,2243.1,2243.2,2236.2,2239.6,52447,0
2026-03-17 15:05:00+05:30,2238.6,2240.3,2235.2,2237.0,33273,0
2026-03-17 15:10:00+05:30,2236.9,2238.7,2234.4,2237.7,33307,0
2026-03-17 15:15:00+05:30,2237.6,2240.2,2236.1,2237.8,39384,0
2026-03-17 15:20:00+05:30,2237.8,2240.3,2236.2,2240.1,32411,0
2026-03-17 15:25:00+05:30,2240.1,2242.7,2235.0,2240.5,29164,0
2026-03-18 09:15:00+05:30,2235.1,2247.7,2228.6,2246.7,31688,0
2026-03-18 09:20:00+05:30,2246.7,2248.9,2234.4,2234.8,61104,0
2026-03-18 09:25:00+05:30,2234.8,2247.9,2233.7,2243.4,92118,0
2026-03-18 09:30:00+05:30,2244.5,2252.2,2243.6,2246.9,13420,0
2026-03-18 09:35:00+05:30,2247.9,2251.1,2246.7,2249.9,6447,0
2026-03-18 09:40:00+05:30,2250.0,2252.0,2246.0,2247.0,5161,0
2026-03-18 09:45:00+05:30,2247.0,2248.0,2242.8,2244.0,6628,0
2026-03-18 09:50:00+05:30,2244.8,2248.0,2244.0,2246.8,12371,0
2026-03-18 09:55:00+05:30,2246.8,2247.1,2240.4,2241.1,4629,0
2026-03-18 10:00:00+05:30,2241.9,2243.4,2240.3,2241.6,3702,0
2026-03-18 10:05:00+05:30,2243.0,2243.5,2240.2,2241.3,2426,0
2026-03-18 10:10:00+05:30,2242.1,2243.9,2240.7,2243.8,6308,0
2026-03-18 10:15:00+05:30,2243.8,2246.4,2242.9,2245.4,3494,0
2026-03-18 10:20:00+05:30,2245.4,2246.5,2243.8,2246.0,2487,0
2026-03-18 10:25:00+05:30,2246.0,2246.9,2240.3,2240.6,3333,0
2026-03-18 10:30:00+05:30,2240.6,2245.1,2240.0,2243.6,3701,0
2026-03-18 10:35:00+05:30,2242.6,2246.0,2242.2,2244.7,3513,0
2026-03-18 10:40:00+05:30,2245.5,2246.4,2241.7,2242.1,4143,0
2026-03-18 10:45:00+05:30,2242.6,2244.9,2240.5,2242.7,2862,0
2026-03-18 10:50:00+05:30,2242.7,2244.9,2242.1,2244.2,2809,0
2026-03-18 10:55:00+05:30,2244.8,2244.8,2242.5,2243.2,3533,0
2026-03-18 11:00:00+05:30,2243.3,2245.0,2241.3,2241.6,2602,0
2026-03-18 11:05:00+05:30,2242.1,2242.8,2240.0,2240.0,4056,0
2026-03-18 11:10:00+05:30,2240.7,2244.6,2237.2,2243.0,16748,0
2026-03-18 11:15:00+05:30,2243.6,2243.6,2239.3,2241.4,3474,0
2026-03-18 11:20:00+05:30,2242.0,2244.5,2240.7,2244.0,5552,0
2026-03-18 11:25:00+05:30,2244.0,2244.9,2240.9,2243.1,9160,0
2026-03-18 11:30:00+05:30,2242.9,2243.7,2240.6,2242.7,2766,0
2026-03-18 11:35:00+05:30,2242.7,2246.0,2241.9,2244.2,5435,0
2026-03-18 11:40:00+05:30,2244.7,2247.3,2244.5,2246.1,3551,0
2026-03-18 11:45:00+05:30,2246.1,2247.2,2243.0,2243.3,2824,0
2026-03-18 11:50:00+05:30,2243.3,2246.6,2242.8,2245.7,2230,0
2026-03-18 11:55:00+05:30,2245.7,2246.2,2244.0,2244.3,2374,0
2026-03-18 12:00:00+05:30,2244.3,2245.0,2241.6,2242.8,5099,0
2026-03-18 12:05:00+05:30,2242.8,2242.8,2238.3,2240.6,3839,0
2026-03-18 12:10:00+05:30,2241.4,2242.2,2237.2,2238.4,4476,0
2026-03-18 12:15:00+05:30,2238.4,2239.0,2237.4,2238.5,2969,0
2026-03-18 12:20:00+05:30,2238.5,2243.5,2237.5,2242.9,5089,0
2026-03-18 12:25:00+05:30,2242.9,2243.1,2239.8,2240.6,2230,0
2026-03-18 12:30:00+05:30,2241.0,2243.4,2240.3,2242.0,2363,0
2026-03-18 12:35:00+05:30,2242.1,2243.3,2240.6,2243.3,3059,0
2026-03-18 12:40:00+05:30,2243.0,2245.0,2241.1,2244.8,3049,0
2026-03-18 12:45:00+05:30,2244.8,2246.7,2243.4,2244.9,4254,0
2026-03-18 12:50:00+05:30,2244.1,2246.1,2243.3,2244.2,11050,0
2026-03-18 12:55:00+05:30,2245.0,2245.2,2240.0,2241.2,8261,0
2026-03-18 13:00:00+05:30,2241.2,2243.4,2240.1,2243.0,4724,0
2026-03-18 13:05:00+05:30,2243.0,2243.1,2240.4,2241.4,3151,0
2026-03-18 13:10:00+05:30,2241.9,2243.6,2241.2,2242.9,3424,0
2026-03-18 13:15:00+05:30,2242.5,2244.0,2241.6,2242.4,6388,0
2026-03-18 13:20:00+05:30,2242.4,2249.5,2241.8,2248.7,17643,0
2026-03-18 13:25:00+05:30,2248.7,2250.0,2247.7,2248.7,17446,0
2026-03-18 13:30:00+05:30,2248.7,2249.2,2245.7,2246.2,3110,0
2026-03-18 13:35:00+05:30,2246.8,2246.9,2242.9,2245.7,4579,0
2026-03-18 13:40:00+05:30,2245.8,2247.2,2244.2,2245.9,11341,0
2026-03-18 13:45:00+05:30,2246.4,2247.0,2242.9,2243.4,5906,0
2026-03-18 13:50:00+05:30,2243.6,2244.2,2242.0,2243.0,4839,0
2026-03-18 13:55:00+05:30,2244.2,2245.4,2242.0,2244.0,6587,0
2026-03-18 14:00:00+05:30,2244.0,2246.9,2244.0,2244.6,6123,0
2026-03-18 14:05:00+05:30,2244.6,2247.3,2244.4,2246.8,7381,0
2026-03-18 14:10:00+05:30,2246.7,2247.7,2245.1,2246.0,3767,0
2026-03-18 14:15:00+05:30,2246.6,2257.5,2245.4,2256.8,22978,0
2026-03-18 14:20:00+05:30,2256.8,2262.8,2255.9,2262.3,17218,0
2026-03-18 14:25:00+05:30,2262.3,2268.0,2261.1,2261.4,17300,0
2026-03-18 14:30:00+05:30,2262.0,2265.0,2259.3,2261.7,14935,0
2026-03-18 14:35:00+05:30,2262.5,2265.0,2259.8,2261.0,11584,0
2026-03-18 14:40:00+05:30,2261.1,2261.8,2258.9,2260.0,9410,0
2026-03-18 14:45:00+05:30,2259.9,2264.1,2259.1,2262.4,7880,0
2026-03-18 14:50:00+05:30,2262.5,2265.0,2261.8,2264.7,7416,0
2026-03-18 14:55:00+05:30,2263.9,2265.1,2262.7,2264.2,7063,0
2026-03-18 15:00:00+05:30,2263.4,2266.8,2258.6,2263.3,34899,0
2026-03-18 15:05:00+05:30,2263.3,2265.0,2261.6,2262.2,26090,0
2026-03-18 15:10:00+05:30,2262.0,2265.0,2259.1,2263.9,33104,0
2026-03-18 15:15:00+05:30,2264.2,2264.2,2260.2,2260.5,24295,0
2026-03-18 15:20:00+05:30,2260.5,2263.1,2255.6,2263.0,67012,0
2026-03-18 15:25:00+05:30,2263.0,2270.4,2260.0,2260.0,44902,0
2026-03-19 09:15:00+05:30,2220.0,2239.0,2210.4,2211.9,58563,0
2026-03-19 09:20:00+05:30,2211.9,2216.2,2206.0,2211.7,24832,0
2026-03-19 09:25:00+05:30,2211.6,2212.3,2206.0,2206.0,15027,0
2026-03-19 09:30:00+05:30,2206.0,2207.4,2201.1,2203.3,18744,0
2026-03-19 09:35:00+05:30,2202.9,2207.3,2200.0,2202.4,16786,0
2026-03-19 09:40:00+05:30,2202.5,2209.9,2200.1,2208.5,8673,0
2026-03-19 09:45:00+05:30,2208.6,2210.1,2201.1,2202.5,8790,0
2026-03-19 09:50:00+05:30,2202.5,2203.4,2196.2,2198.0,19765,0
2026-03-19 09:55:00+05:30,2199.1,2205.6,2197.4,2202.2,8813,0
2026-03-19 10:00:00+05:30,2202.1,2202.2,2197.7,2200.3,7225,0
2026-03-19 10:05:00+05:30,2201.2,2202.1,2199.1,2202.0,5718,0
2026-03-19 10:10:00+05:30,2201.9,2203.9,2198.3,2202.6,9239,0
2026-03-19 10:15:00+05:30,2202.6,2202.6,2197.7,2198.9,12852,0
2026-03-19 10:20:00+05:30,2198.7,2203.8,2198.0,2202.0,4418,0
2026-03-19 10:25:00+05:30,2202.1,2204.4,2200.5,2203.2,4436,0
2026-03-19 10:30:00+05:30,2203.5,2203.7,2198.7,2201.8,5418,0
2026-03-19 10:35:00+05:30,2202.0,2203.0,2199.5,2202.0,3887,0
2026-03-19 10:40:00+05:30,2202.9,2202.9,2196.8,2200.3,8485,0
2026-03-19 10:45:00+05:30,2200.9,2200.9,2195.1,2195.6,7585,0
2026-03-19 10:50:00+05:30,2195.6,2198.1,2195.0,2196.5,8127,0
2026-03-19 10:55:00+05:30,2196.5,2196.7,2193.0,2193.4,14037,0
2026-03-19 11:00:00+05:30,2193.4,2195.5,2192.8,2194.1,8847,0
2026-03-19 11:05:00+05:30,2194.1,2196.0,2192.6,2194.3,7395,0
2026-03-19 11:10:00+05:30,2194.3,2195.9,2193.5,2195.7,6581,0
2026-03-19 11:15:00+05:30,2195.6,2197.0,2194.2,2195.9,7645,0
2026-03-19 11:20:00+05:30,2195.9,2202.0,2195.0,2201.4,12050,0
2026-03-19 11:25:00+05:30,2201.3,2201.6,2195.7,2197.6,7325,0
2026-03-19 11:30:00+05:30,2197.6,2199.6,2196.5,2198.8,5399,0
2026-03-19 11:35:00+05:30,2198.7,2200.5,2197.0,2197.6,5835,0
2026-03-19 11:40:00+05:30,2197.6,2197.8,2195.4,2196.9,5187,0
2026-03-19 11:45:00+05:30,2196.9,2198.2,2195.4,2196.1,4244,0
2026-03-19 11:50:00+05:30,2196.0,2197.6,2195.9,2196.5,5325,0
2026-03-19 11:55:00+05:30,2196.5,2197.4,2195.0,2195.9,5036,0
2026-03-19 12:00:00+05:30,2195.9,2195.9,2192.6,2194.9,7934,0
2026-03-19 12:05:00+05:30,2194.9,2195.7,2193.0,2193.1,4760,0
2026-03-19 12:10:00+05:30,2193.1,2196.5,2192.6,2196.2,5762,0
2026-03-19 12:15:00+05:30,2196.2,2199.0,2194.8,2197.0,10864,0
2026-03-19 12:20:00+05:30,2197.0,2197.0,2192.4,2193.8,5597,0
2026-03-19 12:25:00+05:30,2194.0,2196.5,2193.4,2195.8,7554,0
2026-03-19 12:30:00+05:30,2195.8,2197.0,2194.0,2197.0,5683,0
2026-03-19 12:35:00+05:30,2197.0,2197.2,2195.2,2195.4,3734,0
2026-03-19 12:40:00+05:30,2195.2,2196.3,2190.1,2192.0,13804,0
2026-03-19 12:45:00+05:30,2191.3,2198.8,2191.3,2197.0,6392,0
2026-03-19 12:50:00+05:30,2197.0,2198.5,2195.2,2196.6,5946,0
2026-03-19 12:55:00+05:30,2196.6,2199.8,2195.3,2198.6,7111,0
2026-03-19 13:00:00+05:30,2198.6,2199.6,2196.6,2198.7,8815,0
2026-03-19 13:05:00+05:30,2198.7,2199.4,2196.4,2197.8,4480,0
2026-03-19 13:10:00+05:30,2197.2,2199.0,2192.2,2193.7,11211,0
2026-03-19 13:15:00+05:30,2193.4,2194.5,2192.2,2192.7,5888,0
2026-03-19 13:20:00+05:30,2192.6,2196.8,2191.0,2196.6,19617,0
2026-03-19 13:25:00+05:30,2196.2,2198.5,2193.6,2197.0,8906,0
2026-03-19 13:30:00+05:30,2196.3,2199.0,2196.3,2197.7,3855,0
2026-03-19 13:35:00+05:30,2197.7,2198.8,2196.6,2198.3,3812,0
2026-03-19 13:40:00+05:30,2198.3,2200.0,2198.0,2198.3,7020,0
2026-03-19 13:45:00+05:30,2198.5,2201.9,2198.1,2200.2,4162,0
2026-03-19 13:50:00+05:30,2200.1,2201.0,2199.1,2200.8,3146,0
2026-03-19 13:55:00+05:30,2200.8,2201.0,2197.3,2198.0,10174,0
2026-03-19 14:00:00+05:30,2198.0,2199.9,2195.0,2196.6,12263,0
2026-03-19 14:05:00+05:30,2197.0,2197.3,2194.5,2195.1,4364,0
2026-03-19 14:10:00+05:30,2194.5,2195.8,2192.6,2195.7,6375,0
2026-03-19 14:15:00+05:30,2195.7,2198.3,2194.6,2196.8,7696,0
2026-03-19 14:20:00+05:30,2196.6,2196.9,2195.2,2196.5,4211,0
2026-03-19 14:25:00+05:30,2196.5,2196.6,2193.9,2194.4,7290,0
2026-03-19 14:30:00+05:30,2194.4,2196.5,2193.5,2196.3,9892,0
2026-03-19 14:35:00+05:30,2196.3,2196.8,2193.6,2194.1,5882,0
2026-03-19 14:40:00+05:30,2194.0,2196.6,2192.7,2196.6,15649,0
2026-03-19 14:45:00+05:30,2196.0,2197.0,2192.0,2193.8,12175,0
2026-03-19 14:50:00+05:30,2193.7,2194.1,2190.0,2191.3,24140,0
2026-03-19 14:55:00+05:30,2191.4,2192.2,2183.2,2185.5,59333,0
2026-03-19 15:00:00+05:30,2185.5,2190.8,2182.3,2186.1,38856,0
2026-03-19 15:05:00+05:30,2186.1,2186.1,2180.6,2181.9,27981,0
2026-03-19 15:10:00+05:30,2182.0,2186.8,2181.2,2186.0,39363,0
2026-03-19 15:15:00+05:30,2186.2,2189.1,2183.0,2187.7,34182,0
2026-03-19 15:20:00+05:30,2187.7,2191.5,2184.0,2189.2,28120,0
2026-03-19 15:25:00+05:30,2189.6,2195.5,2186.9,2195.5,22958,0
2026-03-20 09:15:00+05:30,2210.9,2219.6,2204.1,2214.5,25124,0
2026-03-20 09:20:00+05:30,2214.5,2219.5,2210.5,2212.8,12616,0
2026-03-20 09:25:00+05:30,2212.8,2212.8,2207.7,2209.3,8799,0
2026-03-20 09:30:00+05:30,2209.3,2213.8,2207.0,2212.1,7364,0
2026-03-20 09:35:00+05:30,2212.8,2217.9,2208.0,2217.3,13970,0
2026-03-20 09:40:00+05:30,2216.8,2216.9,2211.0,2212.4,6668,0
2026-03-20 09:45:00+05:30,2212.4,2214.4,2210.1,2211.0,4236,0
2026-03-20 09:50:00+05:30,2211.0,2213.6,2209.0,2210.5,5104,0
2026-03-20 09:55:00+05:30,2210.5,2214.0,2209.3,2213.4,4137,0
2026-03-20 10:00:00+05:30,2213.4,2213.4,2208.0,2212.5,4475,0
2026-03-20 10:05:00+05:30,2212.5,2212.5,2208.4,2209.4,3707,0
2026-03-20 10:10:00+05:30,2209.4,2211.6,2208.0,2209.7,11556,0
2026-03-20 10:15:00+05:30,2209.5,2210.7,2208.1,2210.7,5527,0
2026-03-20 10:20:00+05:30,2210.7,2213.4,2208.1,2213.4,6045,0
2026-03-20 10:25:00+05:30,2212.5,2216.1,2212.0,2216.0,4342,0
2026-03-20 10:30:00+05:30,2215.6,2216.9,2212.6,2214.1,4988,0
2026-03-20 10:35:00+05:30,2214.1,2215.0,2212.3,2213.8,4443,0
2026-03-20 10:40:00+05:30,2214.6,2216.1,2213.8,2215.9,4652,0
2026-03-20 10:45:00+05:30,2215.9,2217.8,2215.1,2216.2,5138,0
2026-03-20 10:50:00+05:30,2216.1,2220.9,2216.0,2220.1,17440,0
2026-03-20 10:55:00+05:30,2220.1,2220.1,2216.7,2217.9,5105,0
2026-03-20 11:00:00+05:30,2217.9,2218.7,2214.1,2215.5,4859,0
2026-03-20 11:05:00+05:30,2214.6,2218.0,2214.0,2218.0,5596,0
2026-03-20 11:10:00+05:30,2218.0,2218.7,2214.0,2215.2,4958,0
2026-03-20 11:15:00+05:30,2215.1,2217.9,2214.7,2217.4,5439,0
2026-03-20 11:20:00+05:30,2216.7,2221.8,2216.2,2221.0,8984,0
2026-03-20 11:25:00+05:30,2221.0,2223.1,2218.0,2222.6,20729,0
2026-03-20 11:30:00+05:30,2222.6,2224.5,2221.3,2222.6,8961,0
2026-03-20 11:35:00+05:30,2222.7,2222.7,2220.0,2222.4,4024,0
2026-03-20 11:40:00+05:30,2222.3,2222.4,2218.0,2218.0,2586,0
2026-03-20 11:45:00+05:30,2219.0,2220.0,2216.5,2219.5,4858,0
2026-03-20 11:50:00+05:30,2219.7,2219.7,2215.6,2216.4,5744,0
2026-03-20 11:55:00+05:30,2216.5,2217.7,2214.5,2217.7,3201,0
2026-03-20 12:00:00+05:30,2217.7,2218.9,2211.2,2213.0,10337,0
2026-03-20 12:05:00+05:30,2213.0,2213.9,2211.6,2212.7,3877,0
2026-03-20 12:10:00+05:30,2212.7,2214.7,2212.1,2213.5,4068,0
2026-03-20 12:15:00+05:30,2213.4,2214.5,2204.3,2207.7,14438,0
2026-03-20 12:20:00+05:30,2206.8,2207.7,2204.4,2206.5,8548,0
2026-03-20 12:25:00+05:30,2206.1,2206.2,2203.2,2204.5,3613,0
2026-03-20 12:30:00+05:30,2204.5,2205.8,2198.8,2205.8,11282,0
2026-03-20 12:35:00+05:30,2205.0,2205.9,2203.3,2205.1,4292,0
2026-03-20 12:40:00+05:30,2205.0,2206.0,2203.0,2206.0,2465,0
2026-03-20 12:45:00+05:30,2206.0,2208.2,2205.4,2207.4,3691,0
2026-03-20 12:50:00+05:30,2207.3,2212.0,2206.2,2209.2,9652,0
2026-03-20 12:55:00+05:30,2208.9,2213.0,2207.3,2209.6,3233,0
2026-03-20 13:00:00+05:30,2209.1,2209.2,2203.0,2204.5,2789,0
2026-03-20 13:05:00+05:30,2205.0,2205.4,2202.6,2203.9,2757,0
2026-03-20 13:10:00+05:30,2204.4,2204.9,2202.9,2204.9,2136,0
2026-03-20 13:15:00+05:30,2205.0,2208.3,2204.0,2204.3,1366,0
2026-03-20 13:20:00+05:30,2204.3,2209.4,2204.0,2208.3,2227,0
2026-03-20 13:25:00+05:30,2208.3,2210.0,2207.0,2208.5,1928,0
2026-03-20 13:30:00+05:30,2208.5,2208.5,2205.8,2206.5,2577,0
2026-03-20 13:35:00+05:30,2206.9,2208.8,2205.7,2208.3,1538,0
2026-03-20 13:40:00+05:30,2208.3,2208.5,2206.0,2207.0,1628,0
2026-03-20 13:45:00+05:30,2207.0,2207.0,2204.5,2206.4,2917,0
2026-03-20 13:50:00+05:30,2206.3,2207.0,2204.6,2206.4,2518,0
2026-03-20 13:55:00+05:30,2207.0,2208.3,2204.5,2205.1,2010,0
2026-03-20 14:00:00+05:30,2204.5,2206.0,2200.0,2206.0,3561,0
2026-03-20 14:05:00+05:30,2206.0,2206.3,2201.2,2203.0,1808,0
2026-03-20 14:10:00+05:30,2203.0,2203.6,2198.7,2199.8,3556,0
2026-03-20 14:15:00+05:30,2199.4,2201.7,2198.0,2199.8,5316,0
2026-03-20 14:20:00+05:30,2200.4,2202.2,2198.0,2198.8,3605,0
2026-03-20 14:25:00+05:30,2198.8,2198.8,2195.3,2196.7,4301,0
2026-03-20 14:30:00+05:30,2196.5,2197.2,2192.2,2195.1,4436,0
2026-03-20 14:35:00+05:30,2195.1,2195.5,2188.6,2190.8,14753,0
2026-03-20 14:40:00+05:30,2191.1,2191.2,2186.5,2187.1,14724,0
2026-03-20 14:45:00+05:30,2187.0,2188.8,2185.1,2186.7,17859,0
2026-03-20 14:50:00+05:30,2186.7,2191.6,2185.0,2190.1,29125,0
2026-03-20 14:55:00+05:30,2190.1,2194.2,2189.8,2191.8,15971,0
2026-03-20 15:00:00+05:30,2191.8,2197.8,2185.2,2195.0,83199,0
2026-03-20 15:05:00+05:30,2195.0,2200.4,2194.7,2197.9,63858,0
2026-03-20 15:10:00+05:30,2197.8,2199.5,2192.1,2194.7,64842,0
2026-03-20 15:15:00+05:30,2194.6,2196.1,2192.8,2195.1,60648,0
2026-03-20 15:20:00+05:30,2195.1,2199.8,2194.9,2197.9,65406,0
2026-03-20 15:25:00+05:30,2197.9,2204.8,2194.3,2204.8,67635,0
2026-03-23 09:15:00+05:30,2180.0,2180.0,2156.9,2161.4,73080,0
2026-03-23 09:20:00+05:30,2162.19,2167.19,2160.4,2162.19,28450,0
2026-03-23 09:25:00+05:30,2162.8,2163.9,2157.69,2159.69,23435,0
2026-03-23 09:30:00+05:30,2159.69,2164.4,2158.3,2163.3,12996,0
2026-03-23 09:35:00+05:30,2163.0,2165.5,2160.0,2161.1,11925,0
2026-03-23 09:40:00+05:30,2160.6,2161.19,2153.3,2156.0,21330,0
2026-03-23 09:45:00+05:30,2156.4,2156.9,2151.0,2152.0,11681,0
2026-03-23 09:50:00+05:30,2152.0,2153.5,2150.0,2150.69,15633,0
2026-03-23 09:55:00+05:30,2150.69,2152.4,2147.3,2150.3,12893,0
2026-03-23 10:00:00+05:30,2150.19,2151.6,2148.3,2151.0,13942,0
2026-03-23 10:05:00+05:30,2150.6,2155.4,2150.1,2151.1,8473,0
2026-03-23 10:10:00+05:30,2151.1,2152.3,2147.19,2147.3,14441,0
2026-03-23 10:15:00+05:30,2148.1,2149.19,2145.5,2147.0,14263,0
2026-03-23 10:20:00+05:30,2147.0,2152.0,2146.5,2149.3,11997,0
2026-03-23 10:25:00+05:30,2149.3,2154.0,2145.6,2145.6,19546,0
2026-03-23 10:30:00+05:30,2146.3,2146.6,2143.6,2144.0,16077,0
2026-03-23 10:35:00+05:30,2144.0,2144.19,2140.1,2140.5,6844,0
2026-03-23 10:40:00+05:30,2140.5,2140.5,2134.69,2136.4,14135,0
2026-03-23 10:45:00+05:30,2136.4,2136.9,2134.0,2136.8,11825,0
2026-03-23 10:50:00+05:30,2136.0,2136.1,2131.8,2132.6,5522,0
2026-03-23 10:55:00+05:30,2132.6,2138.19,2131.1,2137.5,10699,0
2026-03-23 11:00:00+05:30,2137.5,2140.0,2137.0,2140.0,8399,0
2026-03-23 11:05:00+05:30,2139.9,2140.0,2137.1,2137.1,7041,0
2026-03-23 11:10:00+05:30,2137.4,2137.4,2131.6,2132.4,6701,0
2026-03-23 11:15:00+05:30,2132.4,2132.5,2125.6,2130.5,16347,0
2026-03-23 11:20:00+05:30,2130.5,2134.5,2130.5,2134.5,12939,0
2026-03-23 11:25:00+05:30,2134.0,2134.4,2130.3,2131.5,9099,0
2026-03-23 11:30:00+05:30,2131.5,2136.4,2130.5,2132.4,3656,0
2026-03-23 11:35:00+05:30,2132.0,2132.3,2129.0,2130.0,4390,0
2026-03-23 11:40:00+05:30,2130.0,2131.3,2127.0,2128.8,4550,0
2026-03-23 11:45:00+05:30,2128.8,2129.9,2127.8,2129.8,2219,0
2026-03-23 11:50:00+05:30,2129.8,2133.1,2129.0,2132.19,4920,0
2026-03-23 11:55:00+05:30,2132.1,2132.4,2130.0,2131.0,3966,0
2026-03-23 12:00:00+05:30,2131.0,2131.5,2127.19,2128.69,4738,0
2026-03-23 12:05:00+05:30,2127.4,2132.19,2127.0,2129.1,9535,0
2026-03-23 12:10:00+05:30,2129.1,2132.0,2128.6,2129.5,4089,0
2026-03-23 12:15:00+05:30,2129.5,2129.6,2127.0,2128.0,3383,0
2026-03-23 12:20:00+05:30,2128.0,2129.3,2124.4,2126.0,7281,0
2026-03-23 12:25:00+05:30,2125.8,2129.0,2123.6,2128.0,6405,0
2026-03-23 12:30:00+05:30,2128.4,2129.69,2127.0,2128.0,2801,0
2026-03-23 12:35:00+05:30,2127.9,2131.9,2127.5,2130.9,4253,0
2026-03-23 12:40:00+05:30,2131.1,2131.9,2128.19,2131.1,4438,0
2026-03-23 12:45:00+05:30,2131.1,2133.69,2129.8,2131.9,2745,0
2026-03-23 12:50:00+05:30,2131.9,2131.9,2126.0,2128.69,5030,0
2026-03-23 12:55:00+05:30,2127.9,2130.1,2126.69,2127.3,3672,0
2026-03-23 13:00:00+05:30,2127.9,2129.0,2124.1,2125.0,7946,0
2026-03-23 13:05:00+05:30,2124.9,2127.1,2124.0,2125.1,11602,0
2026-03-23 13:10:00+05:30,2125.1,2125.3,2122.8,2124.9,6234,0
2026-03-23 13:15:00+05:30,2124.9,2128.3,2124.3,2125.8,3914,0
2026-03-23 13:20:00+05:30,2126.5,2128.0,2125.3,2126.6,4457,0
2026-03-23 13:25:00+05:30,2126.6,2126.8,2122.1,2123.19,5996,0
2026-03-23 13:30:00+05:30,2123.3,2126.6,2121.0,2122.6,13158,0
2026-03-23 13:35:00+05:30,2122.5,2123.69,2120.69,2121.6,6241,0
2026-03-23 13:40:00+05:30,2121.6,2126.9,2120.8,2126.9,6922,0
2026-03-23 13:45:00+05:30,2126.8,2132.0,2124.69,2131.8,9109,0
2026-03-23 13:50:00+05:30,2131.8,2134.69,2130.5,2134.0,17527,0
2026-03-23 13:55:00+05:30,2134.5,2140.0,2133.1,2134.19,39945,0
2026-03-23 14:00:00+05:30,2134.19,2137.8,2132.4,2136.6,14081,0
2026-03-23 14:05:00+05:30,2136.1,2137.9,2131.69,2132.69,14046,0
2026-03-23 14:10:00+05:30,2133.4,2134.9,2130.8,2132.6,11830,0
2026-03-23 14:15:00+05:30,2132.4,2136.69,2131.8,2134.8,11922,0
2026-03-23 14:20:00+05:30,2134.8,2136.6,2132.9,2134.0,11446,0
2026-03-23 14:25:00+05:30,2133.4,2135.4,2130.4,2134.4,15772,0
2026-03-23 14:30:00+05:30,2134.4,2134.8,2126.5,2127.3,15553,0
2026-03-23 14:35:00+05:30,2127.0,2132.3,2125.9,2129.19,12029,0
2026-03-23 14:40:00+05:30,2129.19,2136.4,2127.3,2135.1,24466,0
2026-03-23 14:45:00+05:30,2134.6,2136.6,2132.8,2135.4,12893,0
2026-03-23 14:50:00+05:30,2135.4,2139.8,2134.5,2135.9,27608,0
2026-03-23 14:55:00+05:30,2135.9,2137.1,2132.0,2137.1,15238,0
2026-03-23 15:00:00+05:30,2137.1,2137.1,2122.0,2122.6,30889,0
2026-03-23 15:05:00+05:30,2122.4,2123.4,2118.0,2121.1,32249,0
2026-03-23 15:10:00+05:30,2120.0,2122.9,2119.69,2121.69,20948,0
2026-03-23 15:15:00+05:30,2121.1,2124.19,2116.8,2118.5,25885,0
2026-03-23 15:20:00+05:30,2118.1,2119.4,2116.4,2117.19,24815,0
2026-03-23 15:25:00+05:30,2117.6,2120.8,2115.0,2120.8,21148,0
2026-03-24 09:15:00+05:30,2184.0,2215.0,2177.3,2193.3,140258,0
2026-03-24 09:20:00+05:30,2192.0,2194.3,2183.3,2191.0,48548,0
2026-03-24 09:25:00+05:30,2190.0,2191.7,2175.1,2184.5,39016,0
2026-03-24 09:30:00+05:30,2184.6,2185.9,2180.0,2180.8,22776,0
2026-03-24 09:35:00+05:30,2181.0,2182.0,2172.6,2174.9,23535,0
2026-03-24 09:40:00+05:30,2174.9,2175.1,2161.2,2166.4,31838,0
2026-03-24 09:45:00+05:30,2166.6,2166.6,2160.2,2163.3,18662,0
2026-03-24 09:50:00+05:30,2163.5,2170.0,2163.0,2168.5,17408,0
2026-03-24 09:55:00+05:30,2168.4,2177.7,2166.5,2174.6,21557,0
2026-03-24 10:00:00+05:30,2174.2,2174.6,2166.7,2168.8,13892,0
2026-03-24 10:05:00+05:30,2168.2,2168.8,2165.0,2165.7,10799,0
2026-03-24 10:10:00+05:30,2166.4,2172.6,2166.2,2171.5,10374,0
2026-03-24 10:15:00+05:30,2171.2,2174.4,2170.2,2171.9,9166,0
2026-03-24 10:20:00+05:30,2172.0,2175.0,2168.2,2174.0,16329,0
2026-03-24 10:25:00+05:30,2174.0,2174.6,2169.1,2172.7,17999,0
2026-03-24 10:30:00+05:30,2172.5,2172.8,2164.0,2165.0,9941,0
2026-03-24 10:35:00+05:30,2164.4,2165.7,2160.4,2162.7,22729,0
2026-03-24 10:40:00+05:30,2163.3,2164.3,2158.7,2162.8,12754,0
2026-03-24 10:45:00+05:30,2162.6,2163.3,2156.2,2158.3,17682,0
2026-03-24 10:50:00+05:30,2158.6,2161.2,2156.5,2157.4,23683,0
2026-03-24 10:55:00+05:30,2157.4,2158.6,2153.3,2158.0,12716,0
2026-03-24 11:00:00+05:30,2158.0,2159.3,2157.1,2158.9,8590,0
2026-03-24 11:05:00+05:30,2158.9,2165.4,2157.5,2162.9,11275,0
2026-03-24 11:10:00+05:30,2162.9,2166.9,2161.7,2163.0,8834,0
2026-03-24 11:15:00+05:30,2163.1,2172.6,2162.8,2172.6,21557,0
2026-03-24 11:20:00+05:30,2172.5,2172.5,2166.1,2166.3,8397,0
2026-03-24 11:25:00+05:30,2166.7,2169.9,2165.1,2169.0,5466,0
2026-03-24 11:30:00+05:30,2168.7,2174.1,2168.5,2173.4,7833,0
2026-03-24 11:35:00+05:30,2173.3,2178.4,2173.3,2177.2,10691,0
2026-03-24 11:40:00+05:30,2176.9,2182.3,2175.0,2182.0,18498,0
2026-03-24 11:45:00+05:30,2182.3,2186.7,2181.2,2183.8,16674,0
2026-03-24 11:50:00+05:30,2184.1,2189.3,2184.0,2186.9,15876,0
2026-03-24 11:55:00+05:30,2187.0,2192.0,2185.8,2188.8,13242,0
2026-03-24 12:00:00+05:30,2189.0,2190.4,2186.1,2188.0,10485,0
2026-03-24 12:05:00+05:30,2187.6,2187.6,2183.3,2184.5,8872,0
2026-03-24 12:10:00+05:30,2184.2,2185.0,2182.1,2183.3,7921,0
2026-03-24 12:15:00+05:30,2183.0,2184.3,2179.2,2182.8,9930,0
2026-03-24 12:20:00+05:30,2182.8,2198.0,2181.4,2196.8,20633,0
2026-03-24 12:25:00+05:30,2196.5,2203.0,2191.5,2194.0,28864,0
2026-03-24 12:30:00+05:30,2193.9,2202.4,2193.4,2201.5,15885,0
2026-03-24 12:35:00+05:30,2201.6,2204.0,2200.0,2201.8,18388,0
2026-03-24 12:40:00+05:30,2201.8,2206.6,2200.5,2203.9,11750,0
2026-03-24 12:45:00+05:30,2204.0,2205.8,2202.2,2202.4,10501,0
2026-03-24 12:50:00+05:30,2202.4,2209.3,2201.5,2207.2,16667,0
2026-03-24 12:55:00+05:30,2206.6,2207.2,2200.0,2203.0,8332,0
2026-03-24 13:00:00+05:30,2203.0,2204.4,2200.3,2202.5,11376,0
2026-03-24 13:05:00+05:30,2202.5,2203.7,2197.9,2202.1,12793,0
2026-03-24 13:10:00+05:30,2202.5,2204.8,2200.0,2204.4,15688,0
2026-03-24 13:15:00+05:30,2204.5,2204.8,2202.0,2204.0,5607,0
2026-03-24 13:20:00+05:30,2203.7,2207.9,2202.0,2206.8,14509,0
2026-03-24 13:25:00+05:30,2206.8,2212.9,2206.2,2212.0,11180,0
2026-03-24 13:30:00+05:30,2212.0,2215.9,2210.0,2213.6,23486,0
2026-03-24 13:35:00+05:30,2213.7,2214.1,2208.9,2209.0,8845,0
2026-03-24 13:40:00+05:30,2209.8,2212.0,2208.6,2210.3,4569,0
2026-03-24 13:45:00+05:30,2210.3,2212.0,2205.1,2205.1,5512,0
2026-03-24 13:50:00+05:30,2205.1,2210.1,2203.3,2209.0,12387,0
2026-03-24 13:55:00+05:30,2208.1,2219.2,2208.1,2216.9,28823,0
2026-03-24 14:00:00+05:30,2216.9,2220.8,2214.9,2218.2,21852,0
2026-03-24 14:05:00+05:30,2218.2,2221.5,2216.0,2217.6,15153,0
2026-03-24 14:10:00+05:30,2217.9,2220.6,2216.3,2220.3,10976,0
2026-03-24 14:15:00+05:30,2220.6,2224.5,2219.1,2221.5,13738,0
2026-03-24 14:20:00+05:30,2221.5,2223.0,2215.0,2220.0,15009,0
2026-03-24 14:25:00+05:30,2219.9,2221.2,2216.5,2218.0,16682,0
2026-03-24 14:30:00+05:30,2218.7,2220.5,2215.6,2217.1,16981,0
2026-03-24 14:35:00+05:30,2217.3,2217.5,2213.9,2215.6,44546,0
2026-03-24 14:40:00+05:30,2215.6,2218.4,2211.7,2214.5,38461,0
2026-03-24 14:45:00+05:30,2214.7,2217.7,2213.2,2216.8,15243,0
2026-03-24 14:50:00+05:30,2216.8,2217.4,2213.0,2217.0,15312,0
2026-03-24 14:55:00+05:30,2216.3,2220.0,2216.3,2218.7,21275,0
2026-03-24 15:00:00+05:30,2218.7,2222.3,2213.0,2220.8,59766,0
2026-03-24 15:05:00+05:30,2221.2,2222.0,2218.0,2218.5,29410,0
2026-03-24 15:10:00+05:30,2219.0,2223.0,2217.2,2219.2,33670,0
2026-03-24 15:15:00+05:30,2219.0,2220.1,2210.0,2216.0,93237,0
2026-03-24 15:20:00+05:30,2216.0,2219.6,2215.2,2218.1,44696,0
2026-03-24 15:25:00+05:30,2218.1,2220.5,2214.3,2220.5,43205,0
2026-03-25 09:15:00+05:30,2225.1,2240.6,2222.0,2237.6,64513,0
2026-03-25 09:20:00+05:30,2237.4,2242.9,2235.3,2240.7,23307,0
2026-03-25 09:25:00+05:30,2240.7,2241.8,2236.8,2241.1,19021,0
2026-03-25 09:30:00+05:30,2240.8,2241.1,2237.6,2240.0,16339,0
2026-03-25 09:35:00+05:30,2240.0,2241.5,2237.1,2239.9,16092,0
2026-03-25 09:40:00+05:30,2239.9,2242.3,2236.0,2241.2,12626,0
2026-03-25 09:45:00+05:30,2241.8,2245.0,2240.0,2241.8,16590,0
2026-03-25 09:50:00+05:30,2241.7,2246.0,2240.1,2244.7,16811,0
2026-03-25 09:55:00+05:30,2244.7,2248.3,2243.6,2248.0,14856,0
2026-03-25 10:00:00+05:30,2247.8,2250.5,2245.0,2246.0,21721,0
2026-03-25 10:05:00+05:30,2246.1,2249.1,2239.2,2241.3,37489,0
2026-03-25 10:10:00+05:30,2241.6,2249.0,2238.8,2248.4,63691,0
2026-03-25 10:15:00+05:30,2248.4,2253.0,2247.0,2249.3,19325,0
2026-03-25 10:20:00+05:30,2249.3,2251.2,2247.5,2249.0,12082,0
2026-03-25 10:25:00+05:30,2249.1,2251.2,2247.8,2249.3,15426,0
2026-03-25 10:30:00+05:30,2249.7,2252.9,2249.7,2250.3,8198,0
2026-03-25 10:35:00+05:30,2250.4,2253.0,2250.0,2252.1,8695,0
2026-03-25 10:40:00+05:30,2252.3,2261.5,2246.9,2260.0,71464,0
2026-03-25 10:45:00+05:30,2259.3,2263.4,2259.1,2261.2,16596,0
2026-03-25 10:50:00+05:30,2261.2,2268.0,2260.5,2266.8,13034,0
2026-03-25 10:55:00+05:30,2267.2,2268.0,2265.0,2265.9,9230,0
2026-03-25 11:00:00+05:30,2266.3,2271.7,2265.9,2268.9,17115,0
2026-03-25 11:05:00+05:30,2269.0,2273.6,2268.5,2270.7,7769,0
2026-03-25 11:10:00+05:30,2271.3,2278.8,2270.0,2276.4,48869,0
2026-03-25 11:15:00+05:30,2276.4,2277.5,2272.3,2276.7,83592,0
2026-03-25 11:20:00+05:30,2277.4,2279.9,2276.5,2278.5,11147,0
2026-03-25 11:25:00+05:30,2279.3,2281.8,2277.3,2279.1,11909,0
2026-03-25 11:30:00+05:30,2279.1,2281.5,2276.3,2281.0,62625,0
2026-03-25 11:35:00+05:30,2281.3,2283.9,2279.2,2281.3,9493,0
2026-03-25 11:40:00+05:30,2282.2,2282.7,2278.5,2279.2,11265,0
2026-03-25 11:45:00+05:30,2279.3,2283.1,2278.2,2281.2,6353,0
2026-03-25 11:50:00+05:30,2281.1,2282.6,2278.0,2278.5,7194,0
2026-03-25 11:55:00+05:30,2278.4,2279.8,2275.2,2279.5,10283,0
2026-03-25 12:00:00+05:30,2279.7,2286.0,2279.5,2285.0,9988,0
2026-03-25 12:05:00+05:30,2285.5,2286.0,2283.3,2285.1,4443,0
2026-03-25 12:10:00+05:30,2285.3,2288.4,2284.5,2287.0,10100,0
2026-03-25 12:15:00+05:30,2287.9,2289.7,2286.1,2286.5,9050,0
2026-03-25 12:20:00+05:30,2286.8,2288.9,2285.6,2287.2,5250,0
2026-03-25 12:25:00+05:30,2287.4,2288.0,2283.2,2284.6,7565,0
2026-03-25 12:30:00+05:30,2284.6,2288.0,2283.3,2286.0,6079,0
2026-03-25 12:35:00+05:30,2286.0,2286.5,2283.3,2285.0,3872,0
2026-03-25 12:40:00+05:30,2285.5,2287.6,2283.6,2286.7,11248,0
2026-03-25 12:45:00+05:30,2286.7,2286.9,2282.2,2282.8,6043,0
2026-03-25 12:50:00+05:30,2283.5,2284.1,2278.6,2279.9,14006,0
2026-03-25 12:55:00+05:30,2280.0,2280.3,2275.3,2277.0,7764,0
2026-03-25 13:00:00+05:30,2277.0,2282.6,2276.0,2282.3,5936,0
2026-03-25 13:05:00+05:30,2282.3,2286.9,2280.1,2281.4,7918,0
2026-03-25 13:10:00+05:30,2281.4,2283.0,2279.8,2281.3,4678,0
2026-03-25 13:15:00+05:30,2281.6,2283.0,2277.0,2277.1,3388,0
2026-03-25 13:20:00+05:30,2277.5,2280.0,2276.0,2278.2,4637,0
2026-03-25 13:25:00+05:30,2278.3,2282.9,2278.0,2282.9,3936,0
2026-03-25 13:30:00+05:30,2282.9,2285.0,2281.4,2284.3,4845,0
2026-03-25 13:35:00+05:30,2284.8,2288.6,2283.7,2287.0,5857,0
2026-03-25 13:40:00+05:30,2287.8,2287.8,2284.2,2284.9,3902,0
2026-03-25 13:45:00+05:30,2285.4,2286.4,2283.6,2284.6,5970,0
2026-03-25 13:50:00+05:30,2285.0,2286.9,2281.3,2281.6,8283,0
2026-03-25 13:55:00+05:30,2282.0,2282.9,2280.6,2281.5,3484,0
2026-03-25 14:00:00+05:30,2281.9,2288.9,2281.5,2286.1,6517,0
2026-03-25 14:05:00+05:30,2286.2,2286.8,2281.0,2281.7,4603,0
2026-03-25 14:10:00+05:30,2281.7,2283.2,2280.0,2280.0,9906,0
2026-03-25 14:15:00+05:30,2280.1,2282.0,2278.0,2278.1,6451,0
2026-03-25 14:20:00+05:30,2278.4,2279.1,2270.8,2271.0,24119,0
2026-03-25 14:25:00+05:30,2271.1,2273.8,2270.5,2272.7,12994,0
2026-03-25 14:30:00+05:30,2272.7,2274.9,2269.3,2272.5,18842,0
2026-03-25 14:35:00+05:30,2272.5,2274.2,2270.4,2273.2,6409,0
2026-03-25 14:40:00+05:30,2272.8,2278.6,2272.8,2277.8,9062,0
2026-03-25 14:45:00+05:30,2278.4,2281.7,2276.8,2280.3,14466,0
2026-03-25 14:50:00+05:30,2280.3,2281.2,2275.0,2278.0,7407,0
2026-03-25 14:55:00+05:30,2278.0,2280.0,2275.7,2279.0,16736,0
2026-03-25 15:00:00+05:30,2279.5,2279.5,2272.9,2273.6,36480,0
2026-03-25 15:05:00+05:30,2273.7,2274.0,2270.4,2272.2,20597,0
2026-03-25 15:10:00+05:30,2272.2,2272.2,2267.0,2267.1,32951,0
2026-03-25 15:15:00+05:30,2267.1,2269.9,2265.0,2265.6,26433,0
2026-03-25 15:20:00+05:30,2265.6,2272.6,2265.3,2270.0,38864,0
2026-03-25 15:25:00+05:30,2270.0,2271.4,2266.8,2271.0,34824,0
2026-03-27 09:15:00+05:30,2246.3,2256.2,2237.8,2251.0,46961,0
2026-03-27 09:20:00+05:30,2252.0,2266.8,2250.4,2261.7,19722,0
2026-03-27 09:25:00+05:30,2261.8,2269.0,2261.0,2268.8,12715,0
2026-03-27 09:30:00+05:30,2268.2,2268.7,2260.9,2262.4,10093,0
2026-03-27 09:35:00+05:30,2262.5,2266.0,2260.7,2261.6,10001,0
2026-03-27 09:40:00+05:30,2261.7,2263.8,2256.0,2258.4,11761,0
2026-03-27 09:45:00+05:30,2256.8,2262.4,2256.7,2260.9,7731,0
2026-03-27 09:50:00+05:30,2260.8,2263.0,2257.3,2258.6,11774,0
2026-03-27 09:55:00+05:30,2258.6,2258.9,2253.3,2254.8,7216,0
2026-03-27 10:00:00+05:30,2254.8,2258.3,2253.0,2255.0,7550,0
2026-03-27 10:05:00+05:30,2255.0,2255.0,2250.0,2253.1,7580,0
2026-03-27 10:10:00+05:30,2254.1,2254.1,2248.1,2250.5,8296,0
2026-03-27 10:15:00+05:30,2250.5,2253.9,2250.5,2250.6,10040,0
2026-03-27 10:20:00+05:30,2250.6,2256.4,2250.6,2255.8,31185,0
2026-03-27 10:25:00+05:30,2255.8,2256.5,2254.0,2254.3,7783,0
2026-03-27 10:30:00+05:30,2255.0,2258.7,2249.9,2251.8,14886,0
2026-03-27 10:35:00+05:30,2251.2,2252.0,2247.0,2249.8,8871,0
2026-03-27 10:40:00+05:30,2250.3,2252.4,2245.7,2250.6,15122,0
2026-03-27 10:45:00+05:30,2250.1,2251.0,2247.9,2249.2,6181,0
2026-03-27 10:50:00+05:30,2249.2,2250.5,2245.9,2245.9,9943,0
2026-03-27 10:55:00+05:30,2245.6,2250.0,2245.2,2248.9,16763,0
2026-03-27 11:00:00+05:30,2248.9,2252.4,2247.1,2248.1,6287,0
2026-03-27 11:05:00+05:30,2248.1,2249.2,2246.1,2246.1,12142,0
2026-03-27 11:10:00+05:30,2246.9,2246.9,2242.2,2244.3,4136,0
2026-03-27 11:15:00+05:30,2244.3,2245.5,2240.7,2241.0,7644,0
2026-03-27 11:20:00+05:30,2241.4,2242.2,2239.0,2239.0,4960,0
2026-03-27 11:25:00+05:30,2239.1,2240.9,2238.1,2239.6,3165,0
2026-03-27 11:30:00+05:30,2239.6,2240.0,2236.0,2237.0,6338,0
2026-03-27 11:35:00+05:30,2236.5,2240.0,2236.4,2238.6,3844,0
2026-03-27 11:40:00+05:30,2239.3,2243.0,2239.3,2242.2,3533,0
2026-03-27 11:45:00+05:30,2242.2,2243.0,2239.5,2240.2,3701,0
2026-03-27 11:50:00+05:30,2240.2,2246.2,2236.4,2245.5,7061,0
2026-03-27 11:55:00+05:30,2245.5,2245.5,2240.6,2241.8,5528,0
2026-03-27 12:00:00+05:30,2241.1,2242.0,2238.8,2241.5,3802,0
2026-03-27 12:05:00+05:30,2241.5,2242.8,2240.6,2242.0,3263,0
2026-03-27 12:10:00+05:30,2241.9,2242.8,2239.3,2240.3,2436,0
2026-03-27 12:15:00+05:30,2240.3,2240.5,2235.5,2236.9,4551,0
2026-03-27 12:20:00+05:30,2236.9,2238.6,2235.8,2237.8,2711,0
2026-03-27 12:25:00+05:30,2237.5,2238.5,2233.0,2234.6,29828,0
2026-03-27 12:30:00+05:30,2234.7,2238.3,2232.1,2236.1,6973,0
2026-03-27 12:35:00+05:30,2236.9,2237.7,2235.0,2235.7,2740,0
2026-03-27 12:40:00+05:30,2236.2,2236.3,2232.0,2235.0,9428,0
2026-03-27 12:45:00+05:30,2235.2,2235.2,2232.5,2233.4,2256,0
2026-03-27 12:50:00+05:30,2233.4,2235.7,2232.0,2233.8,4454,0
2026-03-27 12:55:00+05:30,2233.3,2233.8,2230.2,2232.0,7672,0
2026-03-27 13:00:00+05:30,2232.0,2233.8,2228.0,2228.9,3979,0
2026-03-27 13:05:00+05:30,2228.5,2231.7,2228.3,2230.1,4896,0
2026-03-27 13:10:00+05:30,2230.8,2230.8,2228.1,2230.2,3204,0
2026-03-27 13:15:00+05:30,2229.7,2236.5,2227.1,2232.3,7569,0
2026-03-27 13:20:00+05:30,2231.9,2232.0,2227.7,2228.9,2452,0
2026-03-27 13:25:00+05:30,2228.9,2230.1,2222.2,2223.1,5735,0
2026-03-27 13:30:00+05:30,2223.6,2224.6,2221.1,2222.7,9451,0
2026-03-27 13:35:00+05:30,2221.8,2224.0,2216.1,2217.4,4576,0
2026-03-27 13:40:00+05:30,2216.8,2224.5,2216.8,2219.3,6388,0
2026-03-27 13:45:00+05:30,2219.3,2222.8,2215.7,2216.9,6510,0
2026-03-27 13:50:00+05:30,2216.0,2217.7,2212.0,2213.3,13297,0
2026-03-27 13:55:00+05:30,2213.0,2216.7,2212.5,2215.1,13833,0
2026-03-27 14:00:00+05:30,2214.7,2215.0,2211.9,2214.1,14023,0
2026-03-27 14:05:00+05:30,2213.7,2215.0,2210.8,2213.7,16228,0
2026-03-27 14:10:00+05:30,2213.6,2214.3,2210.4,2213.9,13067,0
2026-03-27 14:15:00+05:30,2214.0,2216.0,2210.4,2211.2,13852,0
2026-03-27 14:20:00+05:30,2211.2,2212.3,2208.2,2208.6,15054,0
2026-03-27 14:25:00+05:30,2209.3,2210.7,2205.9,2207.2,16265,0
2026-03-27 14:30:00+05:30,2207.8,2210.7,2206.6,2209.8,23643,0
2026-03-27 14:35:00+05:30,2210.2,2212.6,2208.0,2209.3,23925,0
2026-03-27 14:40:00+05:30,2209.3,2213.1,2208.7,2210.7,16501,0
2026-03-27 14:45:00+05:30,2211.1,2211.8,2208.0,2209.4,18561,0
2026-03-27 14:50:00+05:30,2209.4,2211.9,2208.0,2210.1,17393,0
2026-03-27 14:55:00+05:30,2211.0,2211.6,2206.6,2209.3,21668,0
2026-03-27 15:00:00+05:30,2209.4,2209.4,2201.1,2203.9,74339,0
2026-03-27 15:05:00+05:30,2204.3,2208.7,2202.6,2208.1,58807,0
2026-03-27 15:10:00+05:30,2208.3,2210.0,2204.3,2208.6,65699,0
2026-03-27 15:15:00+05:30,2208.7,2211.0,2207.6,2209.9,59621,0
2026-03-27 15:20:00+05:30,2209.9,2214.6,2208.5,2213.5,60606,0
2026-03-27 15:25:00+05:30,2213.5,2216.0,2209.1,2209.2,47132,0
2026-03-30 09:15:00+05:30,2185.3,2200.0,2177.4,2191.8,72695,0
2026-03-30 09:20:00+05:30,2191.5,2191.7,2181.4,2185.1,24906,0
2026-03-30 09:25:00+05:30,2184.7,2189.6,2184.5,2189.0,14504,0
2026-03-30 09:30:00+05:30,2189.1,2202.9,2189.1,2201.6,21257,0
2026-03-30 09:35:00+05:30,2200.9,2201.3,2193.3,2195.1,12372,0
2026-03-30 09:40:00+05:30,2195.5,2196.3,2190.2,2195.1,7775,0
2026-03-30 09:45:00+05:30,2195.1,2199.8,2186.9,2188.3,13211,0
2026-03-30 09:50:00+05:30,2188.2,2192.7,2185.2,2185.7,13491,0
2026-03-30 09:55:00+05:30,2185.2,2185.5,2178.1,2180.5,14015,0
2026-03-30 10:00:00+05:30,2180.3,2186.3,2179.0,2184.8,12955,0
2026-03-30 10:05:00+05:30,2184.8,2184.9,2176.5,2177.2,7467,0
2026-03-30 10:10:00+05:30,2177.2,2183.8,2174.3,2182.7,11722,0
2026-03-30 10:15:00+05:30,2182.7,2183.5,2178.2,2179.8,12377,0
2026-03-30 10:20:00+05:30,2180.1,2183.0,2178.3,2181.6,8074,0
2026-03-30 10:25:00+05:30,2182.3,2183.7,2177.0,2179.8,11145,0
2026-03-30 10:30:00+05:30,2179.8,2180.9,2175.4,2177.2,6427,0
2026-03-30 10:35:00+05:30,2178.4,2182.4,2176.5,2179.2,12355,0
2026-03-30 10:40:00+05:30,2179.1,2180.4,2169.4,2169.5,17623,0
2026-03-30 10:45:00+05:30,2169.5,2171.9,2168.1,2170.9,6895,0
2026-03-30 10:50:00+05:30,2170.8,2172.0,2166.5,2168.0,5878,0
2026-03-30 10:55:00+05:30,2167.4,2171.0,2166.5,2167.4,14021,0
2026-03-30 11:00:00+05:30,2167.4,2170.0,2164.5,2169.3,10565,0
2026-03-30 11:05:00+05:30,2169.7,2171.7,2167.0,2167.4,5142,0
2026-03-30 11:10:00+05:30,2167.0,2171.5,2164.5,2170.5,8946,0
2026-03-30 11:15:00+05:30,2170.2,2172.8,2168.0,2171.7,6715,0
2026-03-30 11:20:00+05:30,2171.5,2173.0,2170.1,2170.3,4290,0
2026-03-30 11:25:00+05:30,2171.1,2171.1,2166.7,2168.1,5020,0
2026-03-30 11:30:00+05:30,2168.0,2172.6,2166.1,2172.1,4849,0
2026-03-30 11:35:00+05:30,2171.9,2177.9,2169.0,2173.3,13514,0
2026-03-30 11:40:00+05:30,2173.2,2174.5,2170.0,2170.9,5006,0
2026-03-30 11:45:00+05:30,2170.7,2170.8,2165.9,2166.2,5395,0
2026-03-30 11:50:00+05:30,2166.2,2168.2,2163.0,2168.0,11079,0
2026-03-30 11:55:00+05:30,2168.2,2171.1,2166.2,2169.3,5242,0
2026-03-30 12:00:00+05:30,2169.1,2180.7,2168.5,2177.0,10165,0
2026-03-30 12:05:00+05:30,2176.6,2181.2,2173.7,2175.6,13915,0
2026-03-30 12:10:00+05:30,2175.6,2178.0,2173.8,2177.0,6804,0
2026-03-30 12:15:00+05:30,2176.5,2177.4,2172.8,2173.3,4245,0
2026-03-30 12:20:00+05:30,2173.3,2176.9,2171.1,2171.8,7748,0
2026-03-30 12:25:00+05:30,2172.0,2173.1,2169.6,2173.0,6416,0
2026-03-30 12:30:00+05:30,2172.9,2175.5,2170.5,2174.4,11244,0
2026-03-30 12:35:00+05:30,2174.4,2182.6,2173.1,2182.1,10882,0
2026-03-30 12:40:00+05:30,2181.9,2184.8,2177.6,2179.1,13742,0
2026-03-30 12:45:00+05:30,2178.9,2179.1,2175.0,2175.8,3454,0
2026-03-30 12:50:00+05:30,2175.8,2176.7,2170.7,2174.4,8710,0
2026-03-30 12:55:00+05:30,2173.8,2175.9,2173.3,2175.2,4424,0
2026-03-30 13:00:00+05:30,2175.2,2176.0,2171.9,2174.4,6826,0
2026-03-30 13:05:00+05:30,2174.4,2177.0,2172.9,2174.6,8918,0
2026-03-30 13:10:00+05:30,2174.8,2178.6,2173.2,2176.3,17363,0
2026-03-30 13:15:00+05:30,2176.2,2178.0,2174.9,2175.8,5027,0
2026-03-30 13:20:00+05:30,2175.8,2177.0,2173.8,2176.2,5096,0
2026-03-30 13:25:00+05:30,2176.2,2176.2,2172.3,2175.8,16352,0
2026-03-30 13:30:00+05:30,2175.6,2175.9,2173.8,2175.9,4631,0
2026-03-30 13:35:00+05:30,2175.7,2178.0,2174.4,2177.1,4483,0
2026-03-30 13:40:00+05:30,2177.1,2177.4,2172.3,2173.8,8053,0
2026-03-30 13:45:00+05:30,2173.8,2173.8,2169.4,2171.4,11259,0
2026-03-30 13:50:00+05:30,2171.4,2172.4,2169.5,2171.0,8640,0
2026-03-30 13:55:00+05:30,2171.0,2174.1,2170.0,2171.8,17642,0
2026-03-30 14:00:00+05:30,2171.8,2176.6,2169.6,2174.0,10874,0
2026-03-30 14:05:00+05:30,2174.0,2175.0,2172.2,2173.0,6711,0
2026-03-30 14:10:00+05:30,2173.0,2173.3,2170.3,2170.5,5422,0
2026-03-30 14:15:00+05:30,2170.5,2172.2,2169.5,2171.4,11406,0
2026-03-30 14:20:00+05:30,2171.5,2172.6,2166.6,2169.5,17155,0
2026-03-30 14:25:00+05:30,2169.5,2170.3,2166.1,2167.3,10479,0
2026-03-30 14:30:00+05:30,2167.3,2167.3,2160.0,2161.0,18074,0
2026-03-30 14:35:00+05:30,2161.6,2163.9,2160.0,2162.3,9632,0
2026-03-30 14:40:00+05:30,2162.3,2167.7,2160.6,2166.0,24078,0
2026-03-30 14:45:00+05:30,2166.0,2168.6,2163.6,2165.4,24740,0
2026-03-30 14:50:00+05:30,2164.8,2166.5,2159.0,2161.6,14818,0
2026-03-30 14:55:00+05:30,2161.6,2161.6,2155.4,2158.5,23479,0
2026-03-30 15:00:00+05:30,2158.6,2164.5,2154.2,2162.1,155087,0
2026-03-30 15:05:00+05:30,2161.9,2163.0,2157.1,2157.4,81098,0
2026-03-30 15:10:00+05:30,2157.4,2171.8,2156.6,2170.2,151683,0
2026-03-30 15:15:00+05:30,2170.9,2173.9,2165.2,2166.4,126603,0
2026-03-30 15:20:00+05:30,2166.4,2173.2,2166.3,2167.7,121925,0
2026-03-30 15:25:00+05:30,2167.6,2170.0,2151.0,2168.2,76407,0
2026-04-01 09:15:00+05:30,2224.8,2229.0,2198.4,2207.9,101268,0
2026-04-01 09:20:00+05:30,2208.9,2226.0,2207.2,2221.0,32617,0
2026-04-01 09:25:00+05:30,2220.0,2229.0,2219.1,2228.0,12350,0
2026-04-01 09:30:00+05:30,2228.0,2228.7,2216.3,2217.8,41603,0
2026-04-01 09:35:00+05:30,2217.8,2217.8,2207.4,2208.0,21089,0
2026-04-01 09:40:00+05:30,2208.6,2212.7,2207.5,2211.9,7333,0
2026-04-01 09:45:00+05:30,2211.1,2221.7,2211.1,2220.7,13709,0
2026-04-01 09:50:00+05:30,2220.7,2227.6,2220.4,2226.9,11485,0
2026-04-01 09:55:00+05:30,2226.1,2226.9,2219.0,2224.2,10197,0
2026-04-01 10:00:00+05:30,2224.2,2237.8,2223.4,2232.8,20113,0
2026-04-01 10:05:00+05:30,2232.8,2236.8,2230.6,2232.3,10464,0
2026-04-01 10:10:00+05:30,2233.0,2235.0,2229.5,2231.2,8813,0
2026-04-01 10:15:00+05:30,2231.2,2237.9,2229.5,2235.2,10187,0
2026-04-01 10:20:00+05:30,2235.3,2237.7,2232.5,2233.0,12419,0
2026-04-01 10:25:00+05:30,2232.5,2233.0,2224.9,2227.6,13467,0
2026-04-01 10:30:00+05:30,2226.6,2228.3,2223.6,2226.6,16545,0
2026-04-01 10:35:00+05:30,2226.6,2227.8,2223.7,2226.2,8935,0
2026-04-01 10:40:00+05:30,2225.2,2228.7,2224.0,2226.9,9220,0
2026-04-01 10:45:00+05:30,2227.5,2231.1,2225.0,2226.3,9185,0
2026-04-01 10:50:00+05:30,2225.5,2228.6,2225.0,2226.8,5023,0
2026-04-01 10:55:00+05:30,2226.8,2226.8,2218.4,2221.3,12042,0
2026-04-01 11:00:00+05:30,2220.7,2221.6,2214.0,2214.8,8081,0
2026-04-01 11:05:00+05:30,2214.5,2227.4,2213.4,2224.3,11404,0
2026-04-01 11:10:00+05:30,2224.0,2227.0,2208.5,2211.9,16120,0
2026-04-01 11:15:00+05:30,2211.9,2214.3,2205.8,2212.7,17171,0
2026-04-01 11:20:00+05:30,2213.0,2215.8,2211.9,2214.4,6036,0
2026-04-01 11:25:00+05:30,2213.8,2214.4,2207.5,2209.7,8325,0
2026-04-01 11:30:00+05:30,2208.9,2213.7,2208.5,2212.4,5284,0
2026-04-01 11:35:00+05:30,2212.4,2213.7,2208.0,2213.7,12052,0
2026-04-01 11:40:00+05:30,2213.0,2213.7,2206.2,2207.0,9305,0
2026-04-01 11:45:00+05:30,2207.0,2207.7,2201.0,2203.9,8697,0
2026-04-01 11:50:00+05:30,2202.9,2206.8,2202.9,2204.1,7734,0
2026-04-01 11:55:00+05:30,2203.7,2205.8,2201.1,2203.9,5125,0
2026-04-01 12:00:00+05:30,2203.9,2214.7,2203.8,2211.1,7949,0
2026-04-01 12:05:00+05:30,2210.6,2215.8,2210.0,2213.8,8746,0
2026-04-01 12:10:00+05:30,2214.3,2223.0,2213.0,2220.2,9524,0
2026-04-01 12:15:00+05:30,2220.0,2236.0,2215.7,2236.0,28015,0
2026-04-01 12:20:00+05:30,2236.0,2236.5,2227.8,2229.1,8616,0
2026-04-01 12:25:00+05:30,2229.1,2240.2,2227.8,2236.8,43554,0
2026-04-01 12:30:00+05:30,2236.7,2239.7,2232.8,2236.8,10167,0
2026-04-01 12:35:00+05:30,2235.7,2236.8,2234.1,2236.8,4769,0
2026-04-01 12:40:00+05:30,2236.4,2243.1,2236.4,2240.0,12055,0
2026-04-01 12:45:00+05:30,2240.0,2246.6,2239.3,2244.8,7713,0
2026-04-01 12:50:00+05:30,2244.8,2246.4,2241.8,2244.9,8740,0
2026-04-01 12:55:00+05:30,2244.9,2244.9,2238.1,2239.1,5935,0
2026-04-01 13:00:00+05:30,2239.1,2241.8,2237.2,2239.3,6080,0
2026-04-01 13:05:00+05:30,2238.3,2240.0,2238.1,2238.6,2665,0
2026-04-01 13:10:00+05:30,2239.0,2240.4,2235.6,2240.0,4987,0
2026-04-01 13:15:00+05:30,2239.3,2241.5,2232.7,2233.7,29051,0
2026-04-01 13:20:00+05:30,2233.7,2234.4,2228.8,2231.3,6062,0
2026-04-01 13:25:00+05:30,2231.3,2233.4,2229.8,2232.3,4335,0
2026-04-01 13:30:00+05:30,2231.6,2231.9,2224.9,2227.8,10063,0
2026-04-01 13:35:00+05:30,2227.7,2227.7,2224.9,2225.3,12337,0
2026-04-01 13:40:00+05:30,2225.5,2225.6,2214.3,2219.7,101595,0
2026-04-01 13:45:00+05:30,2218.5,2227.2,2213.7,2223.2,9644,0
2026-04-01 13:50:00+05:30,2223.1,2227.3,2223.1,2226.1,4819,0
2026-04-01 13:55:00+05:30,2225.5,2228.5,2224.5,2224.9,5076,0
2026-04-01 14:00:00+05:30,2224.9,2226.1,2222.7,2225.6,4493,0
2026-04-01 14:05:00+05:30,2225.5,2226.8,2223.9,2226.5,4446,0
2026-04-01 14:10:00+05:30,2226.5,2231.2,2225.7,2230.5,6127,0
2026-04-01 14:15:00+05:30,2229.9,2232.2,2228.1,2231.4,4728,0
2026-04-01 14:20:00+05:30,2230.5,2231.9,2227.6,2228.7,5441,0
2026-04-01 14:25:00+05:30,2229.3,2231.5,2227.5,2227.7,4289,0
2026-04-01 14:30:00+05:30,2227.6,2231.1,2226.7,2227.5,5033,0
2026-04-01 14:35:00+05:30,2227.5,2227.7,2223.1,2224.1,10664,0
2026-04-01 14:40:00+05:30,2224.1,2226.6,2221.6,2223.9,7777,0
2026-04-01 14:45:00+05:30,2223.9,2224.3,2218.6,2222.1,12374,0
2026-04-01 14:50:00+05:30,2222.2,2224.5,2220.6,2222.8,10896,0
2026-04-01 14:55:00+05:30,2222.8,2226.9,2220.3,2224.7,16225,0
2026-04-01 15:00:00+05:30,2225.4,2231.0,2225.4,2229.9,46111,0
2026-04-01 15:05:00+05:30,2229.9,2230.2,2227.1,2228.0,32980,0
2026-04-01 15:10:00+05:30,2228.0,2229.3,2223.0,2224.2,57282,0
2026-04-01 15:15:00+05:30,2224.2,2226.5,2223.2,2224.1,43825,0
2026-04-01 15:20:00+05:30,2224.1,2225.0,2220.0,2220.5,41852,0
2026-04-01 15:25:00+05:30,2220.5,2226.0,2215.8,2226.0,39410,0
2026-04-02 09:15:00+05:30,2185.0,2185.1,2142.4,2147.2,64455,0
2026-04-02 09:20:00+05:30,2148.0,2150.9,2144.4,2147.0,26126,0
2026-04-02 09:25:00+05:30,2146.9,2161.2,2144.5,2157.9,35734,0
2026-04-02 09:30:00+05:30,2157.7,2162.7,2152.6,2156.2,26807,0
2026-04-02 09:35:00+05:30,2156.2,2162.9,2153.4,2159.1,16694,0
2026-04-02 09:40:00+05:30,2159.3,2164.9,2158.7,2164.8,17823,0
2026-04-02 09:45:00+05:30,2164.6,2168.4,2160.8,2161.9,17378,0
2026-04-02 09:50:00+05:30,2162.0,2167.9,2160.5,2167.1,13402,0
2026-04-02 09:55:00+05:30,2167.0,2172.7,2164.5,2166.4,97955,0
2026-04-02 10:00:00+05:30,2166.3,2170.8,2161.3,2168.4,10976,0
2026-04-02 10:05:00+05:30,2168.4,2168.5,2162.5,2163.3,19534,0
2026-04-02 10:10:00+05:30,2163.4,2170.9,2162.7,2170.0,10250,0
2026-04-02 10:15:00+05:30,2170.0,2170.0,2163.0,2165.4,19220,0
2026-04-02 10:20:00+05:30,2165.3,2167.3,2153.0,2155.0,29319,0
2026-04-02 10:25:00+05:30,2155.0,2160.5,2154.6,2159.7,15460,0
2026-04-02 10:30:00+05:30,2159.7,2165.8,2157.8,2164.6,15375,0
2026-04-02 10:35:00+05:30,2165.2,2174.3,2165.2,2169.2,58346,0
2026-04-02 10:40:00+05:30,2169.2,2176.3,2166.6,2174.4,15360,0
2026-04-02 10:45:00+05:30,2174.5,2175.0,2167.7,2171.9,6994,0
2026-04-02 10:50:00+05:30,2171.9,2172.7,2164.5,2168.1,11997,0
2026-04-02 10:55:00+05:30,2168.0,2171.5,2166.2,2169.8,16726,0
2026-04-02 11:00:00+05:30,2170.0,2174.2,2167.0,2170.5,30187,0
2026-04-02 11:05:00+05:30,2171.4,2171.8,2166.5,2167.1,11182,0
2026-04-02 11:10:00+05:30,2167.1,2167.7,2164.3,2165.3,15338,0
2026-04-02 11:15:00+05:30,2165.3,2170.0,2164.8,2167.9,15437,0
2026-04-02 11:20:00+05:30,2167.9,2168.6,2165.6,2166.8,5928,0
2026-04-02 11:25:00+05:30,2166.9,2166.9,2160.6,2161.1,11703,0
2026-04-02 11:30:00+05:30,2161.1,2161.4,2155.0,2158.0,11969,0
2026-04-02 11:35:00+05:30,2157.7,2160.4,2156.0,2156.0,13510,0
2026-04-02 11:40:00+05:30,2156.0,2156.8,2154.5,2155.4,10284,0
2026-04-02 11:45:00+05:30,2155.3,2157.1,2154.0,2155.2,7249,0
2026-04-02 11:50:00+05:30,2155.2,2157.3,2153.6,2155.5,7251,0
2026-04-02 11:55:00+05:30,2155.6,2162.4,2155.5,2159.1,13181,0
2026-04-02 12:00:00+05:30,2159.0,2159.4,2152.7,2153.4,10621,0
2026-04-02 12:05:00+05:30,2153.8,2154.4,2151.0,2152.9,10971,0
2026-04-02 12:10:00+05:30,2153.0,2154.8,2151.0,2152.8,11796,0
2026-04-02 12:15:00+05:30,2152.8,2162.9,2152.2,2161.2,26359,0
2026-04-02 12:20:00+05:30,2161.1,2163.0,2155.3,2156.1,14212,0
2026-04-02 12:25:00+05:30,2156.1,2159.7,2155.0,2159.7,5318,0
2026-04-02 12:30:00+05:30,2159.8,2159.9,2155.6,2157.6,5852,0
2026-04-02 12:35:00+05:30,2157.8,2158.0,2154.3,2155.1,27490,0
2026-04-02 12:40:00+05:30,2155.1,2159.0,2155.0,2158.6,12008,0
2026-04-02 12:45:00+05:30,2158.6,2161.2,2155.0,2157.2,14575,0
2026-04-02 12:50:00+05:30,2157.3,2157.9,2154.1,2154.7,27693,0
2026-04-02 12:55:00+05:30,2154.7,2157.7,2154.2,2157.5,21595,0
2026-04-02 13:00:00+05:30,2157.5,2160.3,2155.0,2156.9,17568,0
2026-04-02 13:05:00+05:30,2156.5,2156.7,2149.0,2152.6,36163,0
2026-04-02 13:10:00+05:30,2152.7,2154.0,2151.1,2152.4,13013,0
2026-04-02 13:15:00+05:30,2153.3,2156.4,2151.5,2155.4,16253,0
2026-04-02 13:20:00+05:30,2155.4,2159.0,2153.9,2158.3,18357,0
2026-04-02 13:25:00+05:30,2158.6,2164.6,2156.6,2163.0,23855,0
2026-04-02 13:30:00+05:30,2163.5,2165.8,2158.2,2159.8,16938,0
2026-04-02 13:35:00+05:30,2159.3,2162.7,2156.3,2160.8,14601,0
2026-04-02 13:40:00+05:30,2159.8,2161.5,2156.1,2158.5,16301,0
2026-04-02 13:45:00+05:30,2158.5,2159.1,2155.0,2157.9,16700,0
2026-04-02 13:50:00+05:30,2157.6,2158.6,2154.9,2155.5,15111,0
2026-04-02 13:55:00+05:30,2155.5,2157.4,2153.4,2155.8,17097,0
2026-04-02 14:00:00+05:30,2155.7,2155.7,2151.0,2154.7,15042,0
2026-04-02 14:05:00+05:30,2154.8,2156.6,2151.1,2152.9,23682,0
2026-04-02 14:10:00+05:30,2152.9,2160.6,2152.6,2160.3,21776,0
2026-04-02 14:15:00+05:30,2160.1,2164.4,2156.5,2159.6,28517,0
2026-04-02 14:20:00+05:30,2159.1,2164.7,2157.6,2163.5,28743,0
2026-04-02 14:25:00+05:30,2163.7,2169.6,2162.7,2168.5,24502,0
2026-04-02 14:30:00+05:30,2167.5,2168.7,2165.9,2167.6,16012,0
2026-04-02 14:35:00+05:30,2167.9,2168.2,2163.0,2166.4,20190,0
2026-04-02 14:40:00+05:30,2166.4,2172.0,2161.1,2162.1,53466,0
2026-04-02 14:45:00+05:30,2162.1,2165.5,2160.1,2161.8,16668,0
2026-04-02 14:50:00+05:30,2162.0,2165.3,2161.2,2164.8,19122,0
2026-04-02 14:55:00+05:30,2165.0,2167.8,2163.0,2164.5,18450,0
2026-04-02 15:00:00+05:30,2164.5,2170.0,2164.0,2165.7,66291,0
2026-04-02 15:05:00+05:30,2165.8,2171.7,2165.1,2171.5,74792,0
2026-04-02 15:10:00+05:30,2171.5,2172.5,2168.8,2170.5,60918,0
2026-04-02 15:15:00+05:30,2171.4,2175.0,2170.0,2170.0,64876,0
2026-04-02 15:20:00+05:30,2170.7,2172.9,2164.5,2170.9,146047,0
2026-04-02 15:25:00+05:30,2170.9,2173.0,2168.0,2170.4,45306,0
2026-04-06 09:15:00+05:30,2169.0,2184.5,2159.2,2161.9,69477,0
2026-04-06 09:20:00+05:30,2161.9,2170.5,2161.8,2167.9,41738,0
2026-04-06 09:25:00+05:30,2167.9,2168.0,2150.0,2158.1,61812,0
2026-04-06 09:30:00+05:30,2158.1,2169.0,2156.4,2167.8,17066,0
2026-04-06 09:35:00+05:30,2168.5,2169.8,2160.6,2161.0,31115,0
2026-04-06 09:40:00+05:30,2160.9,2163.2,2151.5,2156.7,34107,0
2026-04-06 09:45:00+05:30,2158.0,2159.3,2154.2,2154.2,10609,0
2026-04-06 09:50:00+05:30,2154.2,2158.7,2152.0,2156.1,16207,0
2026-04-06 09:55:00+05:30,2156.1,2158.9,2155.1,2155.5,9044,0
2026-04-06 10:00:00+05:30,2155.7,2158.2,2155.7,2156.2,12962,0
2026-04-06 10:05:00+05:30,2156.2,2161.9,2155.2,2159.7,15226,0
2026-04-06 10:10:00+05:30,2159.5,2166.7,2158.5,2164.4,12514,0
2026-04-06 10:15:00+05:30,2164.6,2167.7,2161.2,2163.6,12678,0
2026-04-06 10:20:00+05:30,2163.6,2166.0,2161.7,2161.7,10516,0
2026-04-06 10:25:00+05:30,2161.1,2163.9,2158.1,2163.0,7575,0
2026-04-06 10:30:00+05:30,2162.9,2165.6,2158.8,2164.2,9685,0
2026-04-06 10:35:00+05:30,2164.9,2164.9,2158.0,2159.2,5131,0
2026-04-06 10:40:00+05:30,2159.0,2160.6,2156.0,2158.5,9354,0
2026-04-06 10:45:00+05:30,2158.5,2160.6,2156.0,2157.3,9074,0
2026-04-06 10:50:00+05:30,2157.9,2160.0,2153.1,2153.4,7103,0
2026-04-06 10:55:00+05:30,2154.0,2156.0,2152.4,2152.6,8259,0
2026-04-06 11:00:00+05:30,2153.5,2155.2,2151.4,2153.9,6642,0
2026-04-06 11:05:00+05:30,2153.9,2154.0,2151.0,2151.1,11390,0
2026-04-06 11:10:00+05:30,2151.0,2151.1,2145.9,2146.9,23264,0
2026-04-06 11:15:00+05:30,2146.5,2150.0,2146.0,2150.0,6730,0
2026-04-06 11:20:00+05:30,2150.0,2156.2,2149.0,2152.6,11714,0
2026-04-06 11:25:00+05:30,2152.6,2158.0,2152.0,2156.9,6976,0
2026-04-06 11:30:00+05:30,2156.9,2157.0,2151.5,2152.9,5740,0
2026-04-06 11:35:00+05:30,2152.9,2156.2,2152.0,2153.9,4434,0
2026-04-06 11:40:00+05:30,2153.9,2156.7,2153.1,2153.6,3624,0
2026-04-06 11:45:00+05:30,2153.6,2156.1,2152.8,2155.1,4135,0
2026-04-06 11:50:00+05:30,2155.0,2158.6,2154.2,2157.0,4301,0
2026-04-06 11:55:00+05:30,2157.1,2160.9,2156.0,2160.0,12019,0
2026-04-06 12:00:00+05:30,2160.6,2162.4,2158.0,2159.9,23389,0
2026-04-06 12:05:00+05:30,2159.9,2164.7,2157.1,2160.6,5635,0
2026-04-06 12:10:00+05:30,2161.7,2164.7,2160.2,2161.0,4573,0
2026-04-06 12:15:00+05:30,2160.3,2161.0,2156.1,2157.2,10101,0
2026-04-06 12:20:00+05:30,2157.6,2165.0,2156.8,2164.1,14131,0
2026-04-06 12:25:00+05:30,2164.1,2166.5,2163.5,2166.0,10003,0
2026-04-06 12:30:00+05:30,2165.5,2167.9,2161.1,2161.1,7206,0
2026-04-06 12:35:00+05:30,2161.8,2166.2,2160.5,2164.3,5432,0
2026-04-06 12:40:00+05:30,2164.9,2168.0,2163.1,2165.0,8132,0
2026-04-06 12:45:00+05:30,2165.5,2171.1,2164.8,2166.4,74291,0
2026-04-06 12:50:00+05:30,2166.4,2170.4,2165.7,2168.3,67238,0
2026-04-06 12:55:00+05:30,2168.5,2171.2,2161.9,2164.6,89439,0
2026-04-06 13:00:00+05:30,2164.6,2167.0,2163.5,2164.3,18277,0
2026-04-06 13:05:00+05:30,2164.3,2174.8,2164.3,2173.9,83590,0
2026-04-06 13:10:00+05:30,2173.9,2177.6,2171.2,2176.9,23125,0
2026-04-06 13:15:00+05:30,2176.9,2178.8,2173.0,2173.2,14760,0
2026-04-06 13:20:00+05:30,2173.2,2181.0,2173.0,2181.0,24349,0
2026-04-06 13:25:00+05:30,2181.0,2183.0,2174.9,2175.8,13107,0
2026-04-06 13:30:00+05:30,2175.8,2179.4,2175.2,2178.2,15655,0
2026-04-06 13:35:00+05:30,2178.1,2181.4,2177.4,2179.7,9001,0
2026-04-06 13:40:00+05:30,2179.7,2183.7,2175.6,2180.0,23230,0
2026-04-06 13:45:00+05:30,2179.9,2181.7,2177.4,2178.2,14994,0
2026-04-06 13:50:00+05:30,2178.3,2182.6,2177.5,2181.5,10822,0
2026-04-06 13:55:00+05:30,2181.2,2181.5,2177.9,2178.6,6559,0
2026-04-06 14:00:00+05:30,2178.6,2181.2,2176.5,2177.8,17174,0
2026-04-06 14:05:00+05:30,2177.6,2178.7,2173.5,2173.6,16023,0
2026-04-06 14:10:00+05:30,2173.6,2178.3,2173.4,2178.3,5081,0
2026-04-06 14:15:00+05:30,2178.3,2179.5,2175.3,2175.8,8493,0
2026-04-06 14:20:00+05:30,2175.8,2182.1,2175.5,2178.2,119222,0
2026-04-06 14:25:00+05:30,2178.0,2179.7,2174.4,2177.0,10283,0
2026-04-06 14:30:00+05:30,2177.0,2185.2,2177.0,2183.5,56034,0
2026-04-06 14:35:00+05:30,2183.5,2185.1,2180.2,2182.0,47959,0
2026-04-06 14:40:00+05:30,2181.1,2183.8,2180.9,2182.0,11912,0
2026-04-06 14:45:00+05:30,2181.8,2183.9,2179.6,2181.4,15593,0
2026-04-06 14:50:00+05:30,2181.4,2182.8,2179.0,2179.0,10148,0
2026-04-06 14:55:00+05:30,2179.0,2185.8,2177.0,2185.0,69010,0
2026-04-06 15:00:00+05:30,2185.0,2186.0,2180.6,2183.5,226628,0
2026-04-06 15:05:00+05:30,2183.5,2186.2,2179.9,2184.8,84342,0
2026-04-06 15:10:00+05:30,2184.8,2193.2,2182.3,2187.8,105439,0
2026-04-06 15:15:00+05:30,2187.0,2189.4,2181.5,2183.6,62718,0
2026-04-06 15:20:00+05:30,2183.5,2186.8,2182.3,2186.7,63989,0
2026-04-06 15:25:00+05:30,2186.7,2190.0,2186.0,2190.0,28878,0
2026-04-07 09:15:00+05:30,2167.7,2170.0,2145.0,2153.6,49060,0
2026-04-07 09:20:00+05:30,2152.9,2159.0,2149.0,2154.5,24479,0
2026-04-07 09:25:00+05:30,2155.2,2168.1,2154.5,2166.9,14092,0
2026-04-07 09:30:00+05:30,2166.8,2174.0,2165.3,2170.2,19408,0
2026-04-07 09:35:00+05:30,2170.8,2171.7,2165.9,2167.7,12060,0
2026-04-07 09:40:00+05:30,2167.9,2169.3,2161.0,2161.3,12540,0
2026-04-07 09:45:00+05:30,2162.5,2167.7,2161.0,2162.0,7528,0
2026-04-07 09:50:00+05:30,2162.0,2164.5,2160.0,2162.2,7407,0
2026-04-07 09:55:00+05:30,2162.9,2167.6,2162.1,2166.7,6651,0
2026-04-07 10:00:00+05:30,2166.6,2169.9,2165.0,2169.1,4496,0
2026-04-07 10:05:00+05:30,2169.1,2172.0,2164.2,2165.6,5813,0
2026-04-07 10:10:00+05:30,2165.8,2167.4,2163.7,2167.0,2783,0
2026-04-07 10:15:00+05:30,2166.9,2173.0,2166.1,2172.2,6539,0
2026-04-07 10:20:00+05:30,2172.2,2177.2,2169.6,2174.6,11017,0
2026-04-07 10:25:00+05:30,2175.4,2183.2,2174.3,2181.0,8097,0
2026-04-07 10:30:00+05:30,2181.2,2181.9,2176.7,2177.3,6348,0
2026-04-07 10:35:00+05:30,2177.3,2179.0,2173.5,2178.4,14524,0
2026-04-07 10:40:00+05:30,2178.2,2183.0,2177.3,2179.9,10074,0
2026-04-07 10:45:00+05:30,2180.9,2181.7,2176.4,2177.2,8620,0
2026-04-07 10:50:00+05:30,2177.2,2178.8,2164.3,2166.0,12571,0
2026-04-07 10:55:00+05:30,2166.4,2168.7,2161.3,2162.7,11966,0
2026-04-07 11:00:00+05:30,2163.0,2166.1,2160.0,2161.5,20841,0
2026-04-07 11:05:00+05:30,2162.8,2166.0,2160.9,2164.4,11529,0
2026-04-07 11:10:00+05:30,2165.1,2165.5,2160.0,2162.4,9242,0
2026-04-07 11:15:00+05:30,2162.1,2166.0,2160.2,2164.2,9161,0
2026-04-07 11:20:00+05:30,2165.0,2168.9,2164.2,2166.3,6999,0
2026-04-07 11:25:00+05:30,2166.9,2173.4,2166.0,2169.4,10047,0
2026-04-07 11:30:00+05:30,2169.4,2170.1,2167.0,2167.2,4213,0
2026-04-07 11:35:00+05:30,2167.0,2171.1,2166.0,2168.7,6166,0
2026-04-07 11:40:00+05:30,2169.7,2169.7,2164.9,2166.7,11805,0
2026-04-07 11:45:00+05:30,2166.7,2169.1,2166.4,2168.0,4387,0
2026-04-07 11:50:00+05:30,2168.0,2170.0,2167.6,2170.0,4156,0
2026-04-07 11:55:00+05:30,2170.2,2175.0,2169.7,2175.0,8089,0
2026-04-07 12:00:00+05:30,2175.0,2179.1,2173.4,2178.5,29635,0
2026-04-07 12:05:00+05:30,2178.6,2179.5,2170.6,2177.0,14044,0
2026-04-07 12:10:00+05:30,2177.6,2177.9,2170.6,2175.0,7080,0
2026-04-07 12:15:00+05:30,2175.3,2177.1,2172.8,2174.9,7189,0
2026-04-07 12:20:00+05:30,2175.3,2180.1,2173.4,2178.0,21417,0
2026-04-07 12:25:00+05:30,2178.0,2179.9,2176.6,2179.3,5005,0
2026-04-07 12:30:00+05:30,2179.4,2181.0,2178.8,2179.3,5071,0
2026-04-07 12:35:00+05:30,2179.8,2182.0,2179.3,2182.0,4874,0
2026-04-07 12:40:00+05:30,2182.0,2184.9,2180.0,2181.8,21115,0
2026-04-07 12:45:00+05:30,2182.5,2183.0,2181.4,2182.5,5547,0
2026-04-07 12:50:00+05:30,2182.0,2183.0,2180.0,2182.3,8348,0
2026-04-07 12:55:00+05:30,2182.5,2183.0,2177.4,2179.0,9118,0
2026-04-07 13:00:00+05:30,2179.0,2181.5,2175.9,2179.9,12235,0
2026-04-07 13:05:00+05:30,2180.7,2181.7,2178.7,2179.8,4558,0
2026-04-07 13:10:00+05:30,2180.0,2182.0,2177.7,2180.9,7325,0
2026-04-07 13:15:00+05:30,2180.9,2183.0,2180.0,2182.6,4920,0
2026-04-07 13:20:00+05:30,2182.6,2182.6,2180.0,2180.2,5599,0
2026-04-07 13:25:00+05:30,2181.2,2181.6,2178.4,2180.7,4288,0
2026-04-07 13:30:00+05:30,2181.5,2186.3,2180.1,2183.5,28748,0
2026-04-07 13:35:00+05:30,2184.0,2184.7,2180.6,2181.6,8105,0
2026-04-07 13:40:00+05:30,2181.6,2184.2,2180.5,2182.5,17785,0
2026-04-07 13:45:00+05:30,2182.6,2183.4,2178.0,2178.9,13866,0
2026-04-07 13:50:00+05:30,2178.9,2181.2,2174.5,2180.2,7750,0
2026-04-07 13:55:00+05:30,2180.2,2180.8,2171.0,2174.0,12661,0
2026-04-07 14:00:00+05:30,2174.0,2177.8,2171.7,2177.1,9811,0
2026-04-07 14:05:00+05:30,2177.5,2177.7,2174.6,2177.1,7681,0
2026-04-07 14:10:00+05:30,2177.1,2179.3,2173.4,2177.6,14300,0
2026-04-07 14:15:00+05:30,2178.2,2179.4,2175.5,2176.6,8210,0
2026-04-07 14:20:00+05:30,2176.6,2180.8,2175.4,2178.4,6960,0
2026-04-07 14:25:00+05:30,2178.4,2181.6,2178.1,2181.4,10847,0
2026-04-07 14:30:00+05:30,2181.4,2189.1,2180.3,2186.0,34172,0
2026-04-07 14:35:00+05:30,2186.0,2186.9,2182.4,2183.6,16029,0
2026-04-07 14:40:00+05:30,2184.2,2189.0,2182.9,2185.0,156973,0
2026-04-07 14:45:00+05:30,2185.0,2189.0,2182.2,2184.5,138015,0
2026-04-07 14:50:00+05:30,2184.5,2185.8,2182.2,2185.3,14142,0
2026-04-07 14:55:00+05:30,2185.5,2186.5,2182.2,2185.4,25410,0
2026-04-07 15:00:00+05:30,2185.4,2187.5,2183.0,2186.6,244587,0
2026-04-07 15:05:00+05:30,2186.4,2187.3,2184.2,2184.8,154928,0
2026-04-07 15:10:00+05:30,2184.7,2187.9,2182.2,2187.7,81420,0
2026-04-07 15:15:00+05:30,2187.5,2188.0,2184.0,2186.5,79500,0
2026-04-07 15:20:00+05:30,2186.5,2190.0,2186.2,2188.8,104036,0
2026-04-07 15:25:00+05:30,2188.8,2198.7,2187.9,2197.0,56929,0
2026-04-08 09:15:00+05:30,2284.5,2336.9,2284.5,2287.0,320379,0
2026-04-08 09:20:00+05:30,2286.7,2298.0,2280.5,2284.2,82910,0
2026-04-08 09:25:00+05:30,2284.3,2289.9,2276.5,2285.6,93774,0
2026-04-08 09:30:00+05:30,2285.6,2287.3,2277.8,2279.2,68855,0
2026-04-08 09:35:00+05:30,2279.2,2289.9,2276.5,2288.7,51932,0
2026-04-08 09:40:00+05:30,2288.7,2299.0,2286.9,2295.9,53903,0
2026-04-08 09:45:00+05:30,2295.9,2307.7,2292.7,2295.0,110898,0
2026-04-08 09:50:00+05:30,2295.0,2298.3,2292.1,2293.5,46725,0
2026-04-08 09:55:00+05:30,2292.4,2296.8,2286.5,2289.0,32097,0
2026-04-08 10:00:00+05:30,2289.0,2292.4,2288.0,2289.6,13368,0
2026-04-08 10:05:00+05:30,2289.7,2291.9,2284.0,2285.8,27947,0
2026-04-08 10:10:00+05:30,2285.2,2285.2,2280.0,2280.8,36199,0
2026-04-08 10:15:00+05:30,2280.8,2282.2,2277.2,2279.9,29292,0
2026-04-08 10:20:00+05:30,2280.0,2282.6,2258.7,2267.4,75230,0
2026-04-08 10:25:00+05:30,2266.6,2268.2,2261.8,2264.6,34511,0
2026-04-08 10:30:00+05:30,2263.8,2268.9,2262.8,2266.7,31524,0
2026-04-08 10:35:00+05:30,2266.7,2269.4,2264.0,2267.3,29485,0
2026-04-08 10:40:00+05:30,2267.2,2277.7,2264.7,2276.3,23329,0
2026-04-08 10:45:00+05:30,2276.3,2276.5,2268.6,2269.2,25277,0
2026-04-08 10:50:00+05:30,2270.0,2277.4,2269.4,2274.6,31013,0
2026-04-08 10:55:00+05:30,2274.0,2280.0,2274.0,2276.6,27358,0
2026-04-08 11:00:00+05:30,2276.6,2278.6,2274.6,2276.0,27343,0
2026-04-08 11:05:00+05:30,2276.9,2277.6,2270.6,2272.2,28785,0
2026-04-08 11:10:00+05:30,2272.2,2273.6,2267.0,2269.1,28687,0
2026-04-08 11:15:00+05:30,2269.1,2272.3,2266.1,2268.4,16513,0
2026-04-08 11:20:00+05:30,2268.4,2279.7,2268.1,2270.5,31992,0
2026-04-08 11:25:00+05:30,2270.5,2271.8,2264.0,2266.1,23831,0
2026-04-08 11:30:00+05:30,2266.4,2272.3,2264.0,2265.0,42348,0
2026-04-08 11:35:00+05:30,2265.0,2266.7,2250.1,2250.3,61318,0
2026-04-08 11:40:00+05:30,2250.2,2259.8,2250.2,2258.3,24652,0
2026-04-08 11:45:00+05:30,2258.3,2260.9,2256.6,2259.1,16477,0
2026-04-08 11:50:00+05:30,2258.2,2264.7,2255.4,2262.3,29485,0
2026-04-08 11:55:00+05:30,2262.2,2263.3,2260.0,2261.5,9745,0
2026-04-08 12:00:00+05:30,2261.2,2262.2,2256.0,2261.3,17790,0
2026-04-08 12:05:00+05:30,2261.3,2263.0,2258.6,2259.8,22670,0
2026-04-08 12:10:00+05:30,2259.4,2260.3,2253.6,2255.7,18293,0
2026-04-08 12:15:00+05:30,2255.7,2259.0,2255.0,2257.2,10273,0
2026-04-08 12:20:00+05:30,2257.2,2260.1,2256.6,2257.4,20195,0
2026-04-08 12:25:00+05:30,2257.2,2259.4,2256.0,2256.0,11604,0
2026-04-08 12:30:00+05:30,2255.9,2256.6,2253.0,2253.5,18863,0
2026-04-08 12:35:00+05:30,2253.5,2256.0,2245.2,2248.3,35966,0
2026-04-08 12:40:00+05:30,2248.0,2256.9,2247.1,2255.5,10540,0
2026-04-08 12:45:00+05:30,2255.0,2257.5,2255.0,2257.0,8029,0
2026-04-08 12:50:00+05:30,2257.1,2262.2,2255.3,2259.5,22868,0
2026-04-08 12:55:00+05:30,2260.0,2265.9,2259.6,2263.0,23030,0
2026-04-08 13:00:00+05:30,2263.0,2264.8,2261.8,2263.9,5013,0
2026-04-08 13:05:00+05:30,2263.9,2265.2,2261.8,2263.2,7725,0
2026-04-08 13:10:00+05:30,2263.5,2269.8,2263.5,2267.0,27961,0
2026-04-08 13:15:00+05:30,2266.9,2270.0,2265.7,2270.0,10116,0
2026-04-08 13:20:00+05:30,2269.3,2270.0,2267.4,2268.0,10573,0
2026-04-08 13:25:00+05:30,2267.9,2269.9,2267.4,2269.3,6355,0
2026-04-08 13:30:00+05:30,2269.3,2272.0,2268.0,2270.0,11901,0
2026-04-08 13:35:00+05:30,2270.0,2274.9,2268.0,2274.4,13155,0
2026-04-08 13:40:00+05:30,2274.4,2275.7,2272.0,2273.8,17402,0
2026-04-08 13:45:00+05:30,2273.7,2274.6,2270.5,2273.5,12589,0
2026-04-08 13:50:00+05:30,2273.2,2274.0,2270.1,2273.1,13851,0
2026-04-08 13:55:00+05:30,2273.5,2277.4,2271.9,2276.1,18636,0
2026-04-08 14:00:00+05:30,2276.2,2276.4,2272.0,2273.4,9247,0
2026-04-08 14:05:00+05:30,2274.3,2279.0,2273.2,2277.0,20339,0
2026-04-08 14:10:00+05:30,2277.0,2278.3,2274.2,2276.0,5340,0
2026-04-08 14:15:00+05:30,2276.0,2277.0,2275.0,2277.0,3987,0
2026-04-08 14:20:00+05:30,2277.0,2280.0,2276.0,2278.8,22557,0
2026-04-08 14:25:00+05:30,2278.8,2281.0,2277.3,2278.5,57239,0
2026-04-08 14:30:00+05:30,2278.0,2280.0,2273.8,2276.2,18612,0
2026-04-08 14:35:00+05:30,2276.2,2277.3,2274.2,2275.5,7622,0
2026-04-08 14:40:00+05:30,2275.5,2276.0,2272.4,2272.5,10928,0
2026-04-08 14:45:00+05:30,2272.5,2276.1,2271.1,2273.3,15236,0
2026-04-08 14:50:00+05:30,2273.3,2274.0,2271.0,2272.8,12660,0
2026-04-08 14:55:00+05:30,2272.8,2274.4,2271.2,2271.9,335512,0
2026-04-08 15:00:00+05:30,2271.9,2276.8,2269.9,2275.7,49807,0
2026-04-08 15:05:00+05:30,2275.6,2279.0,2275.2,2278.8,54499,0
2026-04-08 15:10:00+05:30,2278.8,2285.0,2277.6,2284.2,122355,0
2026-04-08 15:15:00+05:30,2283.4,2288.0,2283.4,2288.0,60209,0
2026-04-08 15:20:00+05:30,2288.0,2289.6,2284.0,2287.0,66492,0
2026-04-08 15:25:00+05:30,2287.0,2291.1,2283.5,2288.0,79508,0
2026-04-09 09:15:00+05:30,2275.0,2275.0,2252.0,2270.9,63335,0
2026-04-09 09:20:00+05:30,2270.7,2276.0,2269.0,2274.8,29041,0
2026-04-09 09:25:00+05:30,2275.0,2287.0,2274.0,2285.0,27065,0
2026-04-09 09:30:00+05:30,2285.0,2288.0,2278.2,2280.4,24033,0
2026-04-09 09:35:00+05:30,2280.2,2285.2,2279.0,2283.6,15027,0
2026-04-09 09:40:00+05:30,2283.4,2285.5,2280.6,2284.3,14593,0
2026-04-09 09:45:00+05:30,2284.3,2289.6,2282.1,2282.1,19909,0
2026-04-09 09:50:00+05:30,2282.1,2283.7,2277.5,2281.4,13275,0
2026-04-09 09:55:00+05:30,2281.2,2281.2,2272.1,2273.3,18410,0
2026-04-09 10:00:00+05:30,2273.8,2277.9,2267.5,2267.8,304766,0
2026-04-09 10:05:00+05:30,2267.5,2273.5,2266.8,2270.7,9034,0
2026-04-09 10:10:00+05:30,2270.6,2272.8,2269.2,2271.4,6438,0
2026-04-09 10:15:00+05:30,2270.6,2275.6,2268.5,2274.9,301921,0
2026-04-09 10:20:00+05:30,2274.3,2276.6,2272.6,2273.5,6349,0
2026-04-09 10:25:00+05:30,2274.1,2274.8,2270.1,2272.0,6722,0
2026-04-09 10:30:00+05:30,2272.0,2273.0,2258.8,2260.6,32690,0
2026-04-09 10:35:00+05:30,2260.6,2262.4,2257.1,2259.0,20995,0
2026-04-09 10:40:00+05:30,2259.0,2261.0,2257.7,2260.1,9381,0
2026-04-09 10:45:00+05:30,2260.4,2264.4,2260.1,2261.1,46870,0
2026-04-09 10:50:00+05:30,2261.1,2261.2,2259.6,2261.1,9280,0
2026-04-09 10:55:00+05:30,2261.0,2263.2,2260.0,2260.9,8127,0
2026-04-09 11:00:00+05:30,2260.7,2272.5,2260.2,2268.3,47578,0
2026-04-09 11:05:00+05:30,2268.3,2273.5,2268.1,2272.0,14929,0
2026-04-09 11:10:00+05:30,2271.9,2272.5,2270.0,2272.1,8390,0
2026-04-09 11:15:00+05:30,2272.2,2275.0,2270.8,2274.9,10310,0
2026-04-09 11:20:00+05:30,2274.9,2275.5,2272.5,2274.1,11084,0
2026-04-09 11:25:00+05:30,2273.9,2279.2,2273.9,2277.3,12398,0
2026-04-09 11:30:00+05:30,2277.4,2279.2,2271.7,2272.3,25464,0
2026-04-09 11:35:00+05:30,2272.8,2274.3,2271.7,2273.7,7994,0
2026-04-09 11:40:00+05:30,2273.6,2278.5,2273.6,2278.0,22561,0
2026-04-09 11:45:00+05:30,2278.0,2279.5,2276.3,2279.2,16359,0
2026-04-09 11:50:00+05:30,2279.3,2284.4,2278.4,2283.4,17043,0
2026-04-09 11:55:00+05:30,2283.4,2284.5,2274.1,2275.8,16368,0
2026-04-09 12:00:00+05:30,2275.6,2277.3,2274.9,2276.8,7918,0
2026-04-09 12:05:00+05:30,2276.8,2279.9,2274.2,2279.4,8072,0
2026-04-09 12:10:00+05:30,2279.4,2282.0,2275.6,2278.9,33060,0
2026-04-09 12:15:00+05:30,2279.1,2279.9,2275.4,2275.4,9172,0
2026-04-09 12:20:00+05:30,2275.4,2277.0,2274.9,2275.7,7550,0
2026-04-09 12:25:00+05:30,2275.9,2279.9,2275.0,2279.3,10231,0
2026-04-09 12:30:00+05:30,2279.3,2280.0,2275.3,2277.6,7621,0
2026-04-09 12:35:00+05:30,2277.8,2278.5,2274.0,2275.7,8281,0
2026-04-09 12:40:00+05:30,2275.8,2278.0,2273.3,2275.3,14356,0
2026-04-09 12:45:00+05:30,2275.4,2275.5,2269.4,2271.5,12315,0
2026-04-09 12:50:00+05:30,2271.3,2273.5,2267.1,2268.4,11190,0
2026-04-09 12:55:00+05:30,2268.7,2271.6,2268.6,2270.8,9879,0
2026-04-09 13:00:00+05:30,2270.8,2272.6,2269.5,2270.8,9304,0
2026-04-09 13:05:00+05:30,2270.8,2273.3,2270.1,2272.2,6893,0
2026-04-09 13:10:00+05:30,2272.3,2274.8,2269.4,2272.1,10620,0
2026-04-09 13:15:00+05:30,2272.2,2272.6,2269.1,2270.3,6688,0
2026-04-09 13:20:00+05:30,2270.3,2272.0,2268.1,2270.3,11214,0
2026-04-09 13:25:00+05:30,2270.3,2274.8,2269.1,2273.0,10341,0
2026-04-09 13:30:00+05:30,2272.8,2274.0,2269.0,2270.1,27564,0
2026-04-09 13:35:00+05:30,2270.1,2272.1,2269.1,2270.0,9460,0
2026-04-09 13:40:00+05:30,2270.1,2271.1,2268.1,2268.7,10162,0
2026-04-09 13:45:00+05:30,2268.8,2270.5,2268.6,2269.1,7541,0
2026-04-09 13:50:00+05:30,2269.2,2272.2,2266.3,2268.9,11481,0
2026-04-09 13:55:00+05:30,2268.9,2269.0,2264.5,2266.2,14512,0
2026-04-09 14:00:00+05:30,2266.2,2269.0,2264.2,2266.0,12556,0
2026-04-09 14:05:00+05:30,2266.0,2269.8,2263.0,2267.4,14664,0
2026-04-09 14:10:00+05:30,2267.3,2268.1,2265.0,2265.0,11864,0
2026-04-09 14:15:00+05:30,2265.0,2267.2,2265.0,2266.7,7100,0
2026-04-09 14:20:00+05:30,2266.6,2268.7,2265.5,2268.7,13463,0
2026-04-09 14:25:00+05:30,2268.6,2269.4,2265.4,2266.8,24452,0
2026-04-09 14:30:00+05:30,2266.9,2267.0,2260.8,2262.0,22871,0
2026-04-09 14:35:00+05:30,2262.0,2263.6,2261.0,2263.0,9913,0
2026-04-09 14:40:00+05:30,2263.1,2266.9,2262.9,2265.3,12134,0
2026-04-09 14:45:00+05:30,2265.3,2270.1,2265.3,2268.5,19792,0
2026-04-09 14:50:00+05:30,2267.7,2270.1,2267.7,2269.9,26703,0
2026-04-09 14:55:00+05:30,2270.0,2270.0,2267.3,2269.8,13613,0
2026-04-09 15:00:00+05:30,2269.8,2270.7,2268.3,2270.4,77537,0
2026-04-09 15:05:00+05:30,2269.8,2270.4,2267.8,2269.6,55681,0
2026-04-09 15:10:00+05:30,2269.6,2272.5,2268.5,2268.8,66497,0
2026-04-09 15:15:00+05:30,2268.7,2269.9,2268.6,2269.6,44253,0
2026-04-09 15:20:00+05:30,2269.5,2270.0,2267.1,2267.9,44424,0
2026-04-09 15:25:00+05:30,2268.0,2271.6,2265.0,2267.1,29303,0
2026-04-10 09:15:00+05:30,2267.7,2303.9,2267.7,2296.9,83544,0
2026-04-10 09:20:00+05:30,2297.1,2308.3,2297.0,2304.8,75669,0
2026-04-10 09:25:00+05:30,2304.5,2312.4,2304.2,2310.0,89049,0
2026-04-10 09:30:00+05:30,2310.0,2324.8,2309.6,2321.6,85576,0
2026-04-10 09:35:00+05:30,2321.7,2326.0,2317.4,2321.0,84814,0
2026-04-10 09:40:00+05:30,2321.0,2346.9,2319.7,2345.0,98730,0
2026-04-10 09:45:00+05:30,2345.1,2347.8,2335.1,2340.3,64112,0
2026-04-10 09:50:00+05:30,2340.4,2353.5,2340.3,2351.3,112930,0
2026-04-10 09:55:00+05:30,2351.3,2358.0,2350.0,2351.6,70251,0
2026-04-10 10:00:00+05:30,2351.7,2357.4,2348.7,2354.6,60115,0
2026-04-10 10:05:00+05:30,2354.6,2358.0,2340.1,2357.1,83684,0
2026-04-10 10:10:00+05:30,2357.1,2366.0,2354.4,2364.7,85095,0
2026-04-10 10:15:00+05:30,2364.7,2371.0,2364.1,2369.2,82714,0
2026-04-10 10:20:00+05:30,2369.3,2372.0,2358.4,2370.1,91683,0
2026-04-10 10:25:00+05:30,2370.1,2371.5,2365.9,2368.3,36439,0
2026-04-10 10:30:00+05:30,2368.5,2369.0,2361.0,2366.0,37582,0
2026-04-10 10:35:00+05:30,2365.8,2366.7,2360.2,2362.3,26438,0
2026-04-10 10:40:00+05:30,2362.3,2364.9,2360.1,2361.8,20876,0
2026-04-10 10:45:00+05:30,2361.8,2362.0,2357.6,2359.8,30646,0
2026-04-10 10:50:00+05:30,2359.8,2364.0,2352.7,2354.8,45363,0
2026-04-10 10:55:00+05:30,2354.8,2357.5,2351.0,2352.0,57873,0
2026-04-10 11:00:00+05:30,2352.5,2369.9,2348.8,2361.0,69755,0
2026-04-10 11:05:00+05:30,2361.4,2362.2,2357.0,2360.7,32112,0
2026-04-10 11:10:00+05:30,2360.8,2363.0,2357.2,2357.6,17792,0
2026-04-10 11:15:00+05:30,2357.9,2359.0,2350.1,2352.7,33011,0
2026-04-10 11:20:00+05:30,2352.7,2357.5,2352.1,2353.3,17900,0
2026-04-10 11:25:00+05:30,2353.4,2356.7,2352.2,2353.4,16669,0
2026-04-10 11:30:00+05:30,2353.6,2359.0,2353.2,2358.5,18091,0
2026-04-10 11:35:00+05:30,2358.5,2359.9,2354.6,2355.1,13130,0
2026-04-10 11:40:00+05:30,2355.3,2356.9,2352.8,2353.6,15492,0
2026-04-10 11:45:00+05:30,2353.6,2356.0,2350.0,2353.0,24326,0
2026-04-10 11:50:00+05:30,2352.8,2357.0,2352.5,2355.7,12724,0
2026-04-10 11:55:00+05:30,2356.1,2359.0,2354.8,2357.9,11851,0
2026-04-10 12:00:00+05:30,2357.8,2361.9,2357.0,2358.8,17553,0
2026-04-10 12:05:00+05:30,2359.2,2361.7,2358.9,2359.8,9849,0
2026-04-10 12:10:00+05:30,2359.8,2363.9,2359.4,2362.3,18718,0
2026-04-10 12:15:00+05:30,2362.5,2363.0,2360.0,2361.1,11046,0
2026-04-10 12:20:00+05:30,2361.1,2363.0,2360.0,2362.6,11103,0
2026-04-10 12:25:00+05:30,2362.6,2363.0,2359.1,2361.2,12494,0
2026-04-10 12:30:00+05:30,2361.2,2363.0,2361.1,2361.3,9984,0
2026-04-10 12:35:00+05:30,2361.4,2364.9,2360.7,2363.8,11581,0
2026-04-10 12:40:00+05:30,2363.8,2365.0,2361.0,2362.2,13409,0
2026-04-10 12:45:00+05:30,2362.1,2363.3,2360.2,2361.9,11657,0
2026-04-10 12:50:00+05:30,2362.1,2363.4,2360.2,2362.0,8747,0
2026-04-10 12:55:00+05:30,2361.9,2374.7,2360.7,2370.1,64156,0
2026-04-10 13:00:00+05:30,2370.1,2372.3,2369.7,2371.0,29780,0
2026-04-10 13:05:00+05:30,2371.3,2371.3,2370.0,2370.1,15531,0
2026-04-10 13:10:00+05:30,2370.2,2370.3,2364.7,2367.7,39124,0
2026-04-10 13:15:00+05:30,2367.7,2369.0,2366.2,2369.0,8917,0
2026-04-10 13:20:00+05:30,2368.7,2370.5,2368.1,2369.4,9950,0
2026-04-10 13:25:00+05:30,2369.5,2370.2,2367.5,2368.7,15905,0
2026-04-10 13:30:00+05:30,2368.7,2369.6,2367.0,2367.8,9526,0
2026-04-10 13:35:00+05:30,2367.7,2371.0,2367.0,2369.9,14834,0
2026-04-10 13:40:00+05:30,2369.9,2373.0,2369.4,2371.4,15146,0
2026-04-10 13:45:00+05:30,2371.4,2372.5,2367.7,2369.6,17863,0
2026-04-10 13:50:00+05:30,2369.4,2371.1,2368.2,2370.5,12989,0
2026-04-10 13:55:00+05:30,2370.6,2372.0,2368.7,2369.6,11299,0
2026-04-10 14:00:00+05:30,2369.7,2369.7,2366.7,2368.5,15554,0
2026-04-10 14:05:00+05:30,2368.5,2369.7,2368.0,2368.6,7250,0
2026-04-10 14:10:00+05:30,2368.4,2369.4,2363.3,2366.2,23727,0
2026-04-10 14:15:00+05:30,2366.2,2366.3,2355.9,2364.9,54048,0
2026-04-10 14:20:00+05:30,2364.7,2367.9,2361.4,2363.1,39555,0
2026-04-10 14:25:00+05:30,2363.2,2365.0,2360.4,2364.8,44718,0
2026-04-10 14:30:00+05:30,2364.5,2367.5,2363.7,2365.1,29856,0
2026-04-10 14:35:00+05:30,2365.1,2366.9,2363.1,2364.9,14793,0
2026-04-10 14:40:00+05:30,2365.0,2367.6,2364.5,2366.3,28136,0
2026-04-10 14:45:00+05:30,2366.3,2367.8,2363.1,2366.9,16342,0
2026-04-10 14:50:00+05:30,2367.0,2368.0,2366.1,2366.4,9731,0
2026-04-10 14:55:00+05:30,2366.4,2368.0,2366.1,2366.1,14430,0
2026-04-10 15:00:00+05:30,2366.2,2376.9,2364.5,2364.7,143163,0
2026-04-10 15:05:00+05:30,2365.1,2365.6,2359.3,2360.1,102851,0
2026-04-10 15:10:00+05:30,2360.0,2365.7,2359.0,2360.0,86989,0
2026-04-10 15:15:00+05:30,2360.0,2361.3,2353.8,2355.1,119261,0
2026-04-10 15:20:00+05:30,2355.1,2359.0,2352.4,2355.8,109612,0
2026-04-10 15:25:00+05:30,2356.0,2361.7,2354.0,2356.0,50571,0
2026-04-13 09:15:00+05:30,2279.9,2295.0,2262.0,2273.0,179626,0
2026-04-13 09:20:00+05:30,2273.0,2286.5,2270.6,2282.3,65037,0
2026-04-13 09:25:00+05:30,2281.8,2303.9,2280.7,2300.6,100157,0
2026-04-13 09:30:00+05:30,2300.6,2318.9,2299.3,2316.4,94086,0
2026-04-13 09:35:00+05:30,2316.3,2328.9,2315.1,2322.3,68045,0
2026-04-13 09:40:00+05:30,2322.2,2331.5,2318.2,2331.0,31504,0
2026-04-13 09:45:00+05:30,2330.7,2335.0,2327.5,2330.8,44952,0
2026-04-13 09:50:00+05:30,2331.0,2332.8,2325.4,2326.9,24025,0
2026-04-13 09:55:00+05:30,2326.8,2334.5,2326.6,2333.5,14709,0
2026-04-13 10:00:00+05:30,2333.5,2334.3,2326.8,2328.2,22744,0
2026-04-13 10:05:00+05:30,2328.3,2328.5,2321.0,2325.1,24914,0
2026-04-13 10:10:00+05:30,2325.0,2332.6,2323.6,2328.1,11271,0
2026-04-13 10:15:00+05:30,2328.1,2330.7,2324.1,2330.0,8345,0
2026-04-13 10:20:00+05:30,2330.7,2337.3,2328.8,2333.4,22463,0
2026-04-13 10:25:00+05:30,2333.5,2344.9,2333.4,2343.5,32566,0
2026-04-13 10:30:00+05:30,2343.3,2345.0,2340.5,2342.3,13928,0
2026-04-13 10:35:00+05:30,2342.4,2352.1,2341.6,2345.9,48180,0
2026-04-13 10:40:00+05:30,2345.9,2346.8,2338.2,2343.7,22214,0
2026-04-13 10:45:00+05:30,2344.0,2352.0,2344.0,2350.6,18953,0
2026-04-13 10:50:00+05:30,2350.4,2352.9,2349.7,2350.1,13681,0
2026-04-13 10:55:00+05:30,2350.1,2351.0,2347.0,2350.1,9857,0
2026-04-13 11:00:00+05:30,2350.1,2355.0,2349.3,2352.9,17831,0
2026-04-13 11:05:00+05:30,2353.2,2353.8,2350.8,2351.7,9218,0
2026-04-13 11:10:00+05:30,2351.7,2353.0,2349.5,2350.5,8978,0
2026-04-13 11:15:00+05:30,2350.6,2351.0,2349.1,2350.4,6754,0
2026-04-13 11:20:00+05:30,2350.2,2355.5,2350.0,2352.7,10329,0
2026-04-13 11:25:00+05:30,2352.6,2355.2,2350.6,2351.4,4831,0
2026-04-13 11:30:00+05:30,2351.4,2353.0,2341.3,2343.8,31812,0
2026-04-13 11:35:00+05:30,2343.0,2347.0,2342.6,2342.9,8470,0
2026-04-13 11:40:00+05:30,2343.0,2347.6,2340.5,2344.6,13926,0
2026-04-13 11:45:00+05:30,2344.6,2347.0,2343.5,2345.1,5485,0
2026-04-13 11:50:00+05:30,2345.8,2350.0,2345.7,2349.9,10662,0
2026-04-13 11:55:00+05:30,2349.9,2351.7,2346.9,2348.4,11755,0
2026-04-13 12:00:00+05:30,2348.3,2349.5,2345.0,2346.3,9991,0
2026-04-13 12:05:00+05:30,2346.1,2348.0,2344.1,2344.4,5751,0
2026-04-13 12:10:00+05:30,2344.5,2345.5,2343.4,2345.1,4997,0
2026-04-13 12:15:00+05:30,2345.2,2345.8,2343.4,2344.0,2520,0
2026-04-13 12:20:00+05:30,2344.1,2346.1,2343.3,2343.6,5292,0
2026-04-13 12:25:00+05:30,2343.6,2343.9,2338.4,2343.9,13046,0
2026-04-13 12:30:00+05:30,2343.9,2354.4,2341.6,2351.1,36683,0
2026-04-13 12:35:00+05:30,2351.0,2355.9,2350.6,2353.0,18322,0
2026-04-13 12:40:00+05:30,2352.9,2356.2,2350.4,2355.3,7772,0
2026-04-13 12:45:00+05:30,2355.3,2356.0,2353.2,2354.8,4941,0
2026-04-13 12:50:00+05:30,2354.8,2356.2,2353.0,2353.2,3920,0
2026-04-13 12:55:00+05:30,2353.3,2356.0,2350.0,2353.6,18843,0
2026-04-13 13:00:00+05:30,2353.6,2355.4,2351.3,2353.5,9028,0
2026-04-13 13:05:00+05:30,2353.5,2356.7,2353.0,2355.1,6077,0
2026-04-13 13:10:00+05:30,2355.4,2356.9,2353.8,2356.5,4852,0
2026-04-13 13:15:00+05:30,2356.6,2359.0,2355.2,2356.4,10853,0
2026-04-13 13:20:00+05:30,2356.4,2357.6,2355.3,2356.3,5704,0
2026-04-13 13:25:00+05:30,2356.4,2356.7,2355.3,2355.5,2692,0
2026-04-13 13:30:00+05:30,2355.3,2359.0,2354.5,2355.7,7539,0
2026-04-13 13:35:00+05:30,2355.8,2359.0,2355.2,2355.8,6026,0
2026-04-13 13:40:00+05:30,2355.8,2355.9,2354.1,2354.5,7552,0
2026-04-13 13:45:00+05:30,2354.6,2356.7,2353.7,2356.5,7383,0
2026-04-13 13:50:00+05:30,2356.3,2359.5,2354.5,2357.6,12815,0
2026-04-13 13:55:00+05:30,2357.9,2359.7,2356.2,2358.1,7266,0
2026-04-13 14:00:00+05:30,2358.0,2358.8,2355.0,2356.8,21203,0
2026-04-13 14:05:00+05:30,2356.8,2357.1,2352.5,2353.9,13833,0
2026-04-13 14:10:00+05:30,2353.9,2354.0,2352.0,2352.3,14460,0
2026-04-13 14:15:00+05:30,2352.3,2355.6,2352.0,2353.8,9425,0
2026-04-13 14:20:00+05:30,2354.2,2358.8,2353.0,2357.1,9240,0
2026-04-13 14:25:00+05:30,2356.8,2360.7,2356.8,2358.3,16044,0
2026-04-13 14:30:00+05:30,2358.1,2360.6,2357.9,2359.6,7828,0
2026-04-13 14:35:00+05:30,2359.5,2360.5,2358.0,2358.2,9055,0
2026-04-13 14:40:00+05:30,2358.2,2359.9,2358.0,2358.9,11151,0
2026-04-13 14:45:00+05:30,2358.7,2360.4,2358.0,2359.8,11564,0
2026-04-13 14:50:00+05:30,2359.7,2362.3,2358.7,2361.0,12227,0
2026-04-13 14:55:00+05:30,2360.4,2362.5,2357.6,2358.0,19370,0
2026-04-13 15:00:00+05:30,2358.0,2358.1,2346.4,2352.3,80366,0
2026-04-13 15:05:00+05:30,2352.5,2353.5,2351.0,2351.0,16931,0
2026-04-13 15:10:00+05:30,2351.0,2353.6,2348.3,2352.1,51030,0
2026-04-13 15:15:00+05:30,2352.1,2355.7,2350.7,2353.2,78356,0
2026-04-13 15:20:00+05:30,2353.2,2358.3,2348.5,2351.3,91963,0
2026-04-13 15:25:00+05:30,2351.3,2354.3,2345.9,2348.0,29153,0
2026-04-15 09:15:00+05:30,2400.5,2424.8,2392.6,2409.6,95776,0
2026-04-15 09:20:00+05:30,2409.6,2411.0,2395.7,2397.3,39749,0
2026-04-15 09:25:00+05:30,2396.5,2399.1,2381.0,2386.2,28347,0
2026-04-15 09:30:00+05:30,2385.9,2393.0,2383.2,2391.1,19011,0
2026-04-15 09:35:00+05:30,2390.9,2393.0,2383.8,2390.0,19493,0
2026-04-15 09:40:00+05:30,2389.2,2414.9,2387.9,2408.5,39200,0
2026-04-15 09:45:00+05:30,2408.3,2415.6,2405.0,2405.0,36115,0
2026-04-15 09:50:00+05:30,2405.2,2415.0,2404.2,2409.4,16825,0
2026-04-15 09:55:00+05:30,2409.4,2414.0,2407.6,2413.1,13962,0
2026-04-15 10:00:00+05:30,2413.0,2415.3,2411.7,2413.8,15788,0
2026-04-15 10:05:00+05:30,2413.7,2418.2,2413.3,2414.9,14249,0
2026-04-15 10:10:00+05:30,2415.3,2418.1,2413.0,2415.2,15290,0
2026-04-15 10:15:00+05:30,2415.1,2415.7,2411.2,2412.5,8521,0
2026-04-15 10:20:00+05:30,2412.6,2415.9,2410.1,2415.4,10307,0
2026-04-15 10:25:00+05:30,2415.5,2416.0,2413.0,2414.7,8325,0
2026-04-15 10:30:00+05:30,2414.8,2417.0,2413.1,2413.2,6645,0
2026-04-15 10:35:00+05:30,2413.2,2415.2,2412.2,2412.9,7972,0
2026-04-15 10:40:00+05:30,2413.0,2419.6,2412.8,2419.0,12000,0
2026-04-15 10:45:00+05:30,2419.0,2423.0,2414.3,2415.0,17416,0
2026-04-15 10:50:00+05:30,2415.0,2415.1,2407.5,2409.6,13234,0
2026-04-15 10:55:00+05:30,2409.7,2411.9,2409.5,2410.4,7802,0
2026-04-15 11:00:00+05:30,2410.3,2415.0,2410.1,2414.3,8147,0
2026-04-15 11:05:00+05:30,2414.4,2415.0,2411.6,2411.7,9905,0
2026-04-15 11:10:00+05:30,2411.9,2412.5,2410.4,2410.4,5761,0
2026-04-15 11:15:00+05:30,2410.4,2413.9,2408.1,2410.8,12903,0
2026-04-15 11:20:00+05:30,2410.9,2413.0,2406.6,2407.6,23241,0
2026-04-15 11:25:00+05:30,2407.6,2411.4,2405.7,2407.3,7638,0
2026-04-15 11:30:00+05:30,2407.4,2408.8,2406.0,2407.8,4769,0
2026-04-15 11:35:00+05:30,2408.0,2415.9,2406.7,2415.8,28133,0
2026-04-15 11:40:00+05:30,2415.8,2423.1,2415.7,2422.4,14802,0
2026-04-15 11:45:00+05:30,2422.5,2422.9,2420.1,2420.3,5812,0
2026-04-15 11:50:00+05:30,2420.3,2420.5,2418.0,2419.3,6826,0
2026-04-15 11:55:00+05:30,2419.3,2420.0,2416.2,2416.9,4578,0
2026-04-15 12:00:00+05:30,2416.9,2418.3,2410.0,2413.9,61889,0
2026-04-15 12:05:00+05:30,2414.2,2419.7,2411.9,2418.7,18828,0
2026-04-15 12:10:00+05:30,2418.7,2421.4,2418.6,2421.2,12172,0
2026-04-15 12:15:00+05:30,2421.2,2422.9,2415.5,2419.1,9994,0
2026-04-15 12:20:00+05:30,2419.1,2420.0,2415.7,2417.5,7212,0
2026-04-15 12:25:00+05:30,2417.6,2418.9,2417.1,2417.6,4697,0
2026-04-15 12:30:00+05:30,2417.6,2417.7,2413.7,2415.8,6382,0
2026-04-15 12:35:00+05:30,2415.6,2417.2,2413.0,2415.4,7242,0
2026-04-15 12:40:00+05:30,2415.5,2416.5,2414.5,2415.0,4006,0
2026-04-15 12:45:00+05:30,2415.0,2417.8,2414.5,2414.9,5451,0
2026-04-15 12:50:00+05:30,2414.9,2417.9,2414.1,2414.8,8616,0
2026-04-15 12:55:00+05:30,2414.9,2415.8,2410.9,2412.4,8070,0
2026-04-15 13:00:00+05:30,2412.2,2412.8,2408.2,2408.6,8300,0
2026-04-15 13:05:00+05:30,2408.6,2410.6,2408.0,2408.5,7710,0
2026-04-15 13:10:00+05:30,2408.5,2410.6,2408.3,2410.0,6812,0
2026-04-15 13:15:00+05:30,2410.4,2410.4,2408.3,2408.6,5680,0
2026-04-15 13:20:00+05:30,2408.5,2411.4,2408.5,2409.9,5552,0
2026-04-15 13:25:00+05:30,2410.0,2418.2,2409.4,2417.7,7818,0
2026-04-15 13:30:00+05:30,2417.8,2417.8,2411.7,2415.1,7317,0
2026-04-15 13:35:00+05:30,2415.1,2416.7,2413.3,2416.0,21823,0
2026-04-15 13:40:00+05:30,2415.7,2419.5,2415.4,2418.9,11689,0
2026-04-15 13:45:00+05:30,2419.0,2422.0,2417.0,2419.5,14539,0
2026-04-15 13:50:00+05:30,2419.5,2419.5,2415.9,2416.4,5668,0
2026-04-15 13:55:00+05:30,2416.7,2419.6,2415.4,2418.1,7040,0
2026-04-15 14:00:00+05:30,2418.2,2418.9,2416.5,2417.0,4981,0
2026-04-15 14:05:00+05:30,2417.1,2418.0,2415.0,2415.9,5642,0
2026-04-15 14:10:00+05:30,2415.9,2418.9,2415.6,2417.5,4822,0
2026-04-15 14:15:00+05:30,2418.0,2419.8,2416.4,2417.7,5638,0
2026-04-15 14:20:00+05:30,2417.8,2418.1,2416.1,2416.7,6942,0
2026-04-15 14:25:00+05:30,2417.1,2418.2,2416.7,2417.4,5251,0
2026-04-15 14:30:00+05:30,2417.7,2423.6,2417.4,2419.1,28912,0
2026-04-15 14:35:00+05:30,2419.1,2420.9,2418.1,2418.9,16478,0
2026-04-15 14:40:00+05:30,2418.8,2421.0,2418.2,2419.8,7990,0
2026-04-15 14:45:00+05:30,2419.7,2421.1,2419.5,2420.6,8639,0
2026-04-15 14:50:00+05:30,2420.8,2421.4,2419.5,2420.1,9960,0
2026-04-15 14:55:00+05:30,2420.2,2425.7,2420.0,2422.0,24442,0
2026-04-15 15:00:00+05:30,2421.9,2425.7,2420.7,2425.7,29017,0
2026-04-15 15:05:00+05:30,2425.4,2426.0,2422.5,2423.9,22961,0
2026-04-15 15:10:00+05:30,2423.9,2425.6,2423.5,2425.3,30084,0
2026-04-15 15:15:00+05:30,2425.2,2425.9,2419.2,2420.2,42902,0
2026-04-15 15:20:00+05:30,2420.2,2423.1,2420.0,2422.5,37432,0
2026-04-15 15:25:00+05:30,2422.5,2423.1,2419.9,2420.7,47148,0
2026-04-16 09:15:00+05:30,2435.0,2443.6,2411.6,2427.4,66636,0
2026-04-16 09:20:00+05:30,2427.0,2438.0,2423.3,2437.1,28718,0
2026-04-16 09:25:00+05:30,2436.1,2440.0,2429.7,2429.7,19242,0
2026-04-16 09:30:00+05:30,2429.8,2433.0,2425.5,2425.9,13657,0
2026-04-16 09:35:00+05:30,2425.8,2426.0,2416.0,2418.5,20967,0
2026-04-16 09:40:00+05:30,2418.6,2420.7,2415.0,2416.0,15037,0
2026-04-16 09:45:00+05:30,2416.0,2426.0,2413.1,2424.9,16964,0
2026-04-16 09:50:00+05:30,2425.0,2430.0,2425.0,2429.8,13455,0
2026-04-16 09:55:00+05:30,2429.7,2429.8,2425.1,2426.1,6362,0
2026-04-16 10:00:00+05:30,2425.8,2429.0,2421.5,2423.2,12588,0
2026-04-16 10:05:00+05:30,2423.3,2427.2,2421.5,2423.0,5630,0
2026-04-16 10:10:00+05:30,2423.2,2424.9,2420.3,2424.2,6086,0
2026-04-16 10:15:00+05:30,2424.2,2428.6,2422.6,2425.4,6492,0
2026-04-16 10:20:00+05:30,2425.6,2434.0,2425.2,2433.0,11933,0
2026-04-16 10:25:00+05:30,2433.0,2434.0,2428.2,2429.8,13666,0
2026-04-16 10:30:00+05:30,2429.9,2435.5,2429.9,2435.0,12584,0
2026-04-16 10:35:00+05:30,2435.2,2443.0,2434.9,2441.0,20442,0
2026-04-16 10:40:00+05:30,2441.0,2442.0,2439.9,2440.9,8403,0
2026-04-16 10:45:00+05:30,2441.0,2441.5,2438.2,2440.9,5383,0
2026-04-16 10:50:00+05:30,2441.1,2446.6,2440.0,2446.2,12502,0
2026-04-16 10:55:00+05:30,2446.0,2446.6,2440.9,2442.1,7400,0
2026-04-16 11:00:00+05:30,2442.1,2444.2,2440.6,2440.9,4431,0
2026-04-16 11:05:00+05:30,2440.8,2443.1,2440.7,2442.1,4693,0
2026-04-16 11:10:00+05:30,2442.1,2442.2,2435.1,2435.8,9075,0
2026-04-16 11:15:00+05:30,2435.9,2437.7,2432.0,2437.5,16118,0
2026-04-16 11:20:00+05:30,2437.1,2440.6,2431.0,2439.8,95361,0
2026-04-16 11:25:00+05:30,2439.8,2440.9,2432.0,2434.4,27188,0
2026-04-16 11:30:00+05:30,2434.8,2436.6,2432.0,2435.8,31885,0
2026-04-16 11:35:00+05:30,2435.7,2437.5,2434.2,2435.5,18013,0
2026-04-16 11:40:00+05:30,2435.2,2438.0,2434.8,2435.6,9753,0
2026-04-16 11:45:00+05:30,2436.5,2439.0,2433.6,2438.5,12836,0
2026-04-16 11:50:00+05:30,2437.7,2442.6,2436.9,2438.4,6577,0
2026-04-16 11:55:00+05:30,2438.1,2439.7,2427.7,2428.1,11900,0
2026-04-16 12:00:00+05:30,2428.0,2436.0,2427.7,2429.1,58578,0
2026-04-16 12:05:00+05:30,2429.1,2434.5,2429.0,2432.7,6216,0
2026-04-16 12:10:00+05:30,2432.8,2437.3,2432.8,2435.1,57644,0
2026-04-16 12:15:00+05:30,2435.1,2435.7,2430.2,2434.1,12905,0
2026-04-16 12:20:00+05:30,2433.8,2439.1,2433.7,2439.0,23827,0
2026-04-16 12:25:00+05:30,2439.0,2440.6,2436.8,2440.0,8048,0
2026-04-16 12:30:00+05:30,2440.1,2441.2,2438.8,2440.0,6596,0
2026-04-16 12:35:00+05:30,2440.0,2440.6,2437.4,2438.4,4954,0
2026-04-16 12:40:00+05:30,2438.3,2439.9,2435.3,2436.1,11392,0
2026-04-16 12:45:00+05:30,2436.0,2437.8,2435.2,2436.0,11291,0
2026-04-16 12:50:00+05:30,2436.0,2439.6,2432.8,2435.0,25762,0
2026-04-16 12:55:00+05:30,2435.0,2436.4,2434.0,2435.2,8286,0
2026-04-16 13:00:00+05:30,2434.8,2437.1,2429.0,2429.6,20489,0
2026-04-16 13:05:00+05:30,2429.7,2433.7,2429.7,2432.5,5245,0
2026-04-16 13:10:00+05:30,2432.5,2433.1,2428.7,2429.9,6708,0
2026-04-16 13:15:00+05:30,2429.9,2431.1,2426.7,2430.2,9485,0
2026-04-16 13:20:00+05:30,2429.8,2430.8,2427.1,2429.0,6604,0
2026-04-16 13:25:00+05:30,2428.5,2429.1,2422.0,2426.5,20973,0
2026-04-16 13:30:00+05:30,2426.7,2429.6,2425.4,2427.0,8742,0
2026-04-16 13:35:00+05:30,2426.8,2428.1,2425.2,2426.0,6712,0
2026-04-16 13:40:00+05:30,2426.1,2427.3,2425.3,2426.4,4800,0
2026-04-16 13:45:00+05:30,2426.6,2426.6,2425.0,2426.6,4042,0
2026-04-16 13:50:00+05:30,2426.2,2435.0,2426.0,2430.3,15068,0
2026-04-16 13:55:00+05:30,2430.3,2432.7,2430.0,2432.0,7779,0
2026-04-16 14:00:00+05:30,2432.0,2432.8,2428.1,2430.1,15213,0
2026-04-16 14:05:00+05:30,2430.0,2434.5,2428.0,2434.4,19208,0
2026-04-16 14:10:00+05:30,2434.1,2434.6,2431.2,2433.9,12352,0
2026-04-16 14:15:00+05:30,2433.3,2434.8,2431.0,2434.2,14440,0
2026-04-16 14:20:00+05:30,2434.0,2436.2,2429.0,2429.0,22740,0
2026-04-16 14:25:00+05:30,2428.5,2430.9,2427.4,2429.3,20538,0
2026-04-16 14:30:00+05:30,2428.7,2438.7,2428.7,2437.3,31765,0
2026-04-16 14:35:00+05:30,2437.2,2439.9,2434.5,2439.2,13029,0
2026-04-16 14:40:00+05:30,2439.0,2440.6,2437.2,2437.9,14115,0
2026-04-16 14:45:00+05:30,2437.9,2444.0,2437.8,2443.1,14962,0
2026-04-16 14:50:00+05:30,2443.1,2445.4,2440.8,2445.0,18600,0
2026-04-16 14:55:00+05:30,2444.5,2446.0,2441.6,2444.7,16015,0
2026-04-16 15:00:00+05:30,2444.8,2445.7,2436.2,2439.5,60370,0
2026-04-16 15:05:00+05:30,2439.6,2443.9,2437.2,2439.1,51286,0
2026-04-16 15:10:00+05:30,2439.1,2440.6,2437.5,2439.9,40812,0
2026-04-16 15:15:00+05:30,2439.9,2444.0,2438.1,2440.1,66139,0
2026-04-16 15:20:00+05:30,2440.8,2442.7,2437.8,2441.0,66962,0
2026-04-16 15:25:00+05:30,2441.2,2443.0,2437.9,2438.0,73510,0
2026-04-17 09:15:00+05:30,2425.0,2437.9,2417.5,2429.7,44992,0
2026-04-17 09:20:00+05:30,2429.7,2444.2,2429.4,2442.5,22026,0
2026-04-17 09:25:00+05:30,2442.0,2446.9,2441.3,2446.8,11724,0
2026-04-17 09:30:00+05:30,2446.8,2446.9,2437.6,2438.9,13083,0
2026-04-17 09:35:00+05:30,2439.2,2441.1,2437.1,2439.0,13388,0
2026-04-17 09:40:00+05:30,2439.0,2441.3,2436.0,2440.1,11005,0
2026-04-17 09:45:00+05:30,2440.0,2453.9,2440.0,2453.4,20894,0
2026-04-17 09:50:00+05:30,2453.7,2455.3,2451.1,2452.0,12028,0
2026-04-17 09:55:00+05:30,2451.8,2461.4,2451.1,2460.5,13783,0
2026-04-17 10:00:00+05:30,2460.5,2466.0,2459.1,2464.2,28730,0
2026-04-17 10:05:00+05:30,2464.4,2466.6,2462.2,2464.0,17352,0
2026-04-17 10:10:00+05:30,2463.4,2466.2,2463.0,2466.2,11071,0
2026-04-17 10:15:00+05:30,2466.0,2469.5,2464.6,2465.5,11690,0
2026-04-17 10:20:00+05:30,2465.4,2467.2,2463.6,2466.0,7763,0
2026-04-17 10:25:00+05:30,2466.2,2472.0,2466.1,2468.7,12611,0
2026-04-17 10:30:00+05:30,2468.8,2469.0,2464.2,2465.1,6941,0
2026-04-17 10:35:00+05:30,2465.1,2466.8,2462.5,2462.8,7899,0
2026-04-17 10:40:00+05:30,2462.9,2466.9,2460.1,2466.9,21196,0
2026-04-17 10:45:00+05:30,2466.9,2471.8,2466.5,2470.4,9644,0
2026-04-17 10:50:00+05:30,2470.4,2471.0,2465.0,2465.9,6642,0
2026-04-17 10:55:00+05:30,2465.8,2468.0,2464.7,2467.3,7625,0
2026-04-17 11:00:00+05:30,2466.8,2467.4,2459.0,2463.2,17702,0
2026-04-17 11:05:00+05:30,2462.7,2468.9,2461.9,2468.4,12339,0
2026-04-17 11:10:00+05:30,2468.2,2471.8,2467.9,2471.6,7996,0
2026-04-17 11:15:00+05:30,2471.5,2476.5,2471.5,2473.5,22869,0
2026-04-17 11:20:00+05:30,2473.6,2476.2,2472.9,2474.7,5641,0
2026-04-17 11:25:00+05:30,2474.6,2475.5,2474.0,2475.2,3747,0
2026-04-17 11:30:00+05:30,2475.2,2476.8,2470.6,2472.8,20848,0
2026-04-17 11:35:00+05:30,2473.4,2473.7,2472.4,2473.4,3078,0
2026-04-17 11:40:00+05:30,2473.3,2474.3,2470.1,2474.3,10774,0
2026-04-17 11:45:00+05:30,2474.3,2474.5,2470.5,2474.5,5782,0
2026-04-17 11:50:00+05:30,2474.2,2484.1,2473.3,2484.0,23478,0
2026-04-17 11:55:00+05:30,2484.1,2486.1,2481.9,2483.6,20104,0
2026-04-17 12:00:00+05:30,2483.5,2485.5,2481.2,2482.6,8020,0
2026-04-17 12:05:00+05:30,2482.4,2484.0,2481.1,2484.0,6180,0
2026-04-17 12:10:00+05:30,2483.8,2484.5,2481.7,2483.7,6110,0
2026-04-17 12:15:00+05:30,2483.7,2483.8,2481.7,2482.2,4038,0
2026-04-17 12:20:00+05:30,2482.2,2482.4,2477.0,2478.9,24119,0
2026-04-17 12:25:00+05:30,2479.0,2480.0,2478.3,2479.5,5480,0
2026-04-17 12:30:00+05:30,2479.5,2480.0,2474.6,2474.7,11145,0
2026-04-17 12:35:00+05:30,2474.8,2477.1,2474.5,2476.6,4630,0
2026-04-17 12:40:00+05:30,2476.3,2478.8,2474.0,2477.0,11243,0
2026-04-17 12:45:00+05:30,2477.0,2477.9,2474.0,2475.2,7654,0
2026-04-17 12:50:00+05:30,2475.2,2476.0,2469.1,2470.4,36097,0
2026-04-17 12:55:00+05:30,2470.7,2475.0,2470.5,2474.2,6564,0
2026-04-17 13:00:00+05:30,2474.1,2477.4,2473.0,2474.3,8251,0
2026-04-17 13:05:00+05:30,2474.2,2477.2,2471.5,2476.0,7643,0
2026-04-17 13:10:00+05:30,2475.8,2478.8,2475.3,2477.5,10767,0
2026-04-17 13:15:00+05:30,2477.5,2478.8,2474.2,2475.4,17866,0
2026-04-17 13:20:00+05:30,2475.4,2477.0,2474.6,2474.6,6068,0
2026-04-17 13:25:00+05:30,2474.7,2477.6,2473.4,2476.7,8811,0
2026-04-17 13:30:00+05:30,2476.6,2479.0,2475.3,2478.8,6929,0
2026-04-17 13:35:00+05:30,2478.4,2479.5,2476.0,2477.9,18182,0
2026-04-17 13:40:00+05:30,2477.9,2480.0,2476.0,2478.4,20193,0
2026-04-17 13:45:00+05:30,2478.5,2479.0,2475.7,2477.1,6271,0
2026-04-17 13:50:00+05:30,2477.1,2478.6,2474.9,2477.0,8564,0
2026-04-17 13:55:00+05:30,2477.0,2478.4,2474.5,2476.3,7731,0
2026-04-17 14:00:00+05:30,2476.3,2476.8,2474.5,2474.7,3994,0
2026-04-17 14:05:00+05:30,2475.0,2475.7,2471.1,2472.5,14094,0
2026-04-17 14:10:00+05:30,2472.2,2473.0,2471.3,2472.5,8519,0
2026-04-17 14:15:00+05:30,2472.4,2472.8,2465.1,2471.7,45977,0
2026-04-17 14:20:00+05:30,2472.1,2472.5,2466.7,2467.3,13371,0
2026-04-17 14:25:00+05:30,2467.2,2468.9,2462.0,2462.2,20055,0
2026-04-17 14:30:00+05:30,2462.0,2464.6,2460.1,2460.2,32420,0
2026-04-17 14:35:00+05:30,2461.2,2463.8,2459.7,2462.5,14746,0
2026-04-17 14:40:00+05:30,2462.7,2463.7,2460.0,2460.7,15871,0
2026-04-17 14:45:00+05:30,2461.1,2462.1,2455.0,2455.5,20924,0
2026-04-17 14:50:00+05:30,2455.5,2459.6,2455.0,2458.2,10046,0
2026-04-17 14:55:00+05:30,2458.1,2461.8,2457.9,2459.8,18133,0
2026-04-17 15:00:00+05:30,2460.0,2463.5,2453.4,2457.3,40955,0
2026-04-17 15:05:00+05:30,2457.0,2464.7,2454.5,2462.5,68081,0
2026-04-17 15:10:00+05:30,2462.5,2468.0,2461.4,2464.5,60614,0
2026-04-17 15:15:00+05:30,2464.5,2469.6,2461.2,2467.5,59372,0
2026-04-17 15:20:00+05:30,2467.1,2469.9,2464.2,2469.5,73902,0
2026-04-17 15:25:00+05:30,2469.4,2472.0,2466.0,2471.6,40482,0
2026-04-20 09:15:00+05:30,2470.0,2475.1,2456.5,2473.0,33300,0
2026-04-20 09:20:00+05:30,2473.0,2494.7,2473.0,2492.7,22894,0
2026-04-20 09:25:00+05:30,2493.0,2495.0,2482.0,2482.0,17673,0
2026-04-20 09:30:00+05:30,2481.4,2481.9,2473.8,2476.0,14048,0
2026-04-20 09:35:00+05:30,2475.1,2476.2,2465.6,2469.0,15528,0
2026-04-20 09:40:00+05:30,2469.7,2470.9,2465.1,2465.1,13290,0
2026-04-20 09:45:00+05:30,2465.2,2466.8,2463.3,2466.8,8156,0
2026-04-20 09:50:00+05:30,2466.8,2472.9,2464.2,2472.6,10437,0
2026-04-20 09:55:00+05:30,2472.9,2473.7,2470.0,2473.0,6055,0
2026-04-20 10:00:00+05:30,2473.1,2474.6,2467.9,2470.2,8229,0
2026-04-20 10:05:00+05:30,2470.4,2473.0,2469.5,2472.7,7878,0
2026-04-20 10:10:00+05:30,2472.7,2472.7,2469.7,2471.4,3401,0
2026-04-20 10:15:00+05:30,2471.5,2488.0,2471.5,2486.5,34551,0
2026-04-20 10:20:00+05:30,2486.4,2496.7,2484.3,2495.7,23851,0
2026-04-20 10:25:00+05:30,2495.7,2498.0,2490.7,2492.6,22131,0
2026-04-20 10:30:00+05:30,2492.9,2497.9,2492.9,2496.6,8175,0
2026-04-20 10:35:00+05:30,2496.9,2499.9,2496.3,2497.7,9633,0
2026-04-20 10:40:00+05:30,2498.0,2503.1,2497.7,2501.0,15916,0
2026-04-20 10:45:00+05:30,2501.0,2503.6,2500.0,2502.6,10959,0
2026-04-20 10:50:00+05:30,2502.6,2504.5,2500.6,2501.8,8747,0
2026-04-20 10:55:00+05:30,2501.8,2502.0,2499.0,2501.0,11143,0
2026-04-20 11:00:00+05:30,2501.0,2502.5,2498.2,2501.4,8041,0
2026-04-20 11:05:00+05:30,2501.8,2502.5,2496.9,2498.0,16534,0
2026-04-20 11:10:00+05:30,2498.0,2502.0,2497.2,2500.1,21420,0
2026-04-20 11:15:00+05:30,2500.8,2503.0,2500.2,2502.8,7091,0
2026-04-20 11:20:00+05:30,2502.6,2504.0,2501.2,2503.9,5431,0
2026-04-20 11:25:00+05:30,2503.0,2505.0,2503.0,2504.9,6928,0
2026-04-20 11:30:00+05:30,2504.9,2507.5,2504.6,2505.9,13668,0
2026-04-20 11:35:00+05:30,2505.8,2506.0,2502.2,2504.0,4260,0
2026-04-20 11:40:00+05:30,2505.0,2505.1,2502.1,2504.0,5572,0
2026-04-20 11:45:00+05:30,2503.8,2504.8,2502.1,2502.4,3145,0
2026-04-20 11:50:00+05:30,2503.0,2503.3,2501.4,2502.7,3736,0
2026-04-20 11:55:00+05:30,2502.7,2506.7,2501.7,2506.7,5647,0
2026-04-20 12:00:00+05:30,2506.7,2507.9,2504.0,2505.9,6578,0
2026-04-20 12:05:00+05:30,2506.7,2507.0,2503.6,2504.9,6011,0
2026-04-20 12:10:00+05:30,2505.0,2506.9,2501.9,2506.9,7113,0
2026-04-20 12:15:00+05:30,2507.0,2508.3,2505.9,2508.3,11072,0
2026-04-20 12:20:00+05:30,2508.4,2514.0,2508.3,2512.6,34065,0
2026-04-20 12:25:00+05:30,2513.0,2514.7,2512.2,2514.2,13213,0
2026-04-20 12:30:00+05:30,2514.2,2514.9,2513.3,2514.4,8935,0
2026-04-20 12:35:00+05:30,2514.4,2515.0,2512.5,2513.2,9377,0
2026-04-20 12:40:00+05:30,2513.2,2513.5,2510.8,2512.1,10438,0
2026-04-20 12:45:00+05:30,2512.3,2514.7,2511.0,2511.0,15132,0
2026-04-20 12:50:00+05:30,2511.7,2512.4,2508.0,2511.5,19614,0
2026-04-20 12:55:00+05:30,2511.6,2513.5,2510.5,2511.8,12980,0
2026-04-20 13:00:00+05:30,2512.0,2512.0,2506.0,2509.2,24518,0
2026-04-20 13:05:00+05:30,2509.5,2512.3,2507.3,2510.0,18111,0
2026-04-20 13:10:00+05:30,2510.0,2511.3,2507.5,2509.9,16178,0
2026-04-20 13:15:00+05:30,2510.3,2512.0,2508.4,2510.6,14721,0
2026-04-20 13:20:00+05:30,2510.6,2511.2,2505.7,2507.0,17932,0
2026-04-20 13:25:00+05:30,2507.6,2507.6,2499.6,2507.0,43681,0
2026-04-20 13:30:00+05:30,2507.3,2508.8,2505.2,2507.4,14679,0
2026-04-20 13:35:00+05:30,2507.9,2508.9,2505.1,2506.5,12823,0
2026-04-20 13:40:00+05:30,2507.0,2508.9,2506.5,2507.6,16683,0
2026-04-20 13:45:00+05:30,2507.6,2507.7,2504.0,2505.0,16010,0
2026-04-20 13:50:00+05:30,2505.5,2509.4,2503.4,2507.9,16762,0
2026-04-20 13:55:00+05:30,2508.6,2509.1,2505.4,2509.0,15192,0
2026-04-20 14:00:00+05:30,2509.0,2509.0,2505.2,2508.6,10446,0
2026-04-20 14:05:00+05:30,2507.7,2508.7,2504.5,2507.1,12833,0
2026-04-20 14:10:00+05:30,2507.1,2508.8,2505.2,2507.0,10957,0
2026-04-20 14:15:00+05:30,2507.4,2508.8,2504.5,2506.0,17663,0
2026-04-20 14:20:00+05:30,2505.2,2509.0,2505.1,2508.1,12008,0
2026-04-20 14:25:00+05:30,2508.0,2512.5,2508.0,2512.5,18966,0
2026-04-20 14:30:00+05:30,2512.5,2512.9,2509.1,2511.0,13129,0
2026-04-20 14:35:00+05:30,2510.8,2513.0,2508.5,2512.8,13469,0
2026-04-20 14:40:00+05:30,2512.7,2512.8,2511.0,2512.2,6669,0
2026-04-20 14:45:00+05:30,2512.2,2513.9,2511.0,2513.9,10119,0
2026-04-20 14:50:00+05:30,2513.9,2519.2,2513.6,2518.5,22413,0
2026-04-20 14:55:00+05:30,2518.9,2519.8,2517.0,2517.5,20132,0
2026-04-20 15:00:00+05:30,2517.4,2523.8,2517.4,2522.7,44411,0
2026-04-20 15:05:00+05:30,2523.1,2523.1,2515.5,2517.0,33002,0
2026-04-20 15:10:00+05:30,2517.0,2519.5,2515.1,2517.5,27879,0
2026-04-20 15:15:00+05:30,2517.6,2518.3,2512.2,2513.4,44791,0
2026-04-20 15:20:00+05:30,2513.4,2517.6,2510.0,2512.7,57409,0
2026-04-20 15:25:00+05:30,2512.7,2516.9,2510.0,2510.0,37515,0
2026-04-21 09:15:00+05:30,2516.3,2533.6,2513.7,2532.9,49915,0
2026-04-21 09:20:00+05:30,2533.0,2534.9,2528.1,2532.4,37248,0
2026-04-21 09:25:00+05:30,2532.0,2537.9,2529.0,2532.8,15996,0
2026-04-21 09:30:00+05:30,2532.0,2539.9,2532.0,2535.0,23969,0
2026-04-21 09:35:00+05:30,2535.0,2536.0,2531.3,2531.8,7517,0
2026-04-21 09:40:00+05:30,2531.8,2554.1,2531.6,2544.4,129255,0
2026-04-21 09:45:00+05:30,2544.0,2560.0,2543.6,2555.4,43335,0
2026-04-21 09:50:00+05:30,2555.3,2565.0,2552.3,2563.6,49264,0
2026-04-21 09:55:00+05:30,2563.6,2565.1,2553.6,2558.7,34152,0
2026-04-21 10:00:00+05:30,2559.0,2574.3,2558.0,2573.2,85255,0
2026-04-21 10:05:00+05:30,2572.6,2577.8,2568.7,2577.4,69826,0
2026-04-21 10:10:00+05:30,2577.5,2578.3,2565.2,2568.3,37991,0
2026-04-21 10:15:00+05:30,2568.4,2573.6,2564.0,2564.0,46772,0
2026-04-21 10:20:00+05:30,2564.3,2567.3,2561.4,2566.7,30152,0
2026-04-21 10:25:00+05:30,2566.7,2566.9,2562.3,2565.4,17096,0
2026-04-21 10:30:00+05:30,2565.5,2578.0,2564.5,2577.7,34238,0
2026-04-21 10:35:00+05:30,2577.7,2582.0,2571.5,2572.4,48155,0
2026-04-21 10:40:00+05:30,2572.3,2573.2,2568.3,2571.1,17041,0
2026-04-21 10:45:00+05:30,2571.1,2576.6,2570.5,2575.7,15343,0
2026-04-21 10:50:00+05:30,2575.2,2579.2,2575.2,2576.8,15323,0
2026-04-21 10:55:00+05:30,2576.3,2580.8,2570.4,2573.4,44195,0
2026-04-21 11:00:00+05:30,2574.5,2577.0,2570.0,2574.3,17783,0
2026-04-21 11:05:00+05:30,2574.1,2575.9,2571.4,2571.4,4935,0
2026-04-21 11:10:00+05:30,2572.2,2577.0,2571.0,2576.0,15205,0
2026-04-21 11:15:00+05:30,2576.8,2578.2,2573.1,2576.1,15411,0
2026-04-21 11:20:00+05:30,2576.8,2576.8,2573.0,2574.0,6518,0
2026-04-21 11:25:00+05:30,2574.0,2576.0,2570.6,2571.6,16259,0
2026-04-21 11:30:00+05:30,2571.4,2571.6,2565.1,2567.1,19335,0
2026-04-21 11:35:00+05:30,2567.1,2568.0,2565.0,2565.4,12809,0
2026-04-21 11:40:00+05:30,2565.7,2566.4,2563.1,2566.4,13492,0
2026-04-21 11:45:00+05:30,2566.2,2567.3,2564.0,2564.3,7489,0
2026-04-21 11:50:00+05:30,2564.3,2564.3,2559.6,2560.3,18720,0
2026-04-21 11:55:00+05:30,2560.8,2565.0,2558.0,2563.3,24087,0
2026-04-21 12:00:00+05:30,2563.5,2563.5,2559.8,2560.6,9356,0
2026-04-21 12:05:00+05:30,2560.6,2560.8,2556.6,2558.8,10297,0
2026-04-21 12:10:00+05:30,2558.1,2561.0,2556.7,2556.7,14066,0
2026-04-21 12:15:00+05:30,2556.7,2559.0,2556.7,2558.5,11928,0
2026-04-21 12:20:00+05:30,2559.0,2560.0,2557.3,2559.2,5346,0
2026-04-21 12:25:00+05:30,2559.8,2559.8,2557.0,2557.7,4934,0
2026-04-21 12:30:00+05:30,2557.9,2558.0,2553.0,2553.5,10654,0
2026-04-21 12:35:00+05:30,2553.5,2556.6,2552.6,2555.1,7573,0
2026-04-21 12:40:00+05:30,2554.8,2555.9,2554.0,2555.0,3478,0
2026-04-21 12:45:00+05:30,2555.1,2555.7,2553.0,2553.7,4580,0
2026-04-21 12:50:00+05:30,2553.7,2554.6,2547.8,2547.8,17323,0
2026-04-21 12:55:00+05:30,2548.0,2548.2,2535.0,2535.9,52173,0
2026-04-21 13:00:00+05:30,2535.9,2537.0,2530.7,2533.0,26230,0
2026-04-21 13:05:00+05:30,2533.5,2533.8,2528.2,2528.8,11146,0
2026-04-21 13:10:00+05:30,2528.8,2529.6,2525.8,2527.4,11101,0
2026-04-21 13:15:00+05:30,2527.2,2536.6,2526.1,2529.6,16568,0
2026-04-21 13:20:00+05:30,2529.6,2530.5,2528.1,2529.0,4217,0
2026-04-21 13:25:00+05:30,2529.3,2529.8,2526.8,2528.1,7562,0
2026-04-21 13:30:00+05:30,2528.7,2538.0,2528.0,2535.3,20076,0
2026-04-21 13:35:00+05:30,2535.3,2535.9,2530.1,2531.9,8033,0
2026-04-21 13:40:00+05:30,2531.9,2531.9,2523.4,2524.3,17963,0
2026-04-21 13:45:00+05:30,2524.3,2525.5,2522.6,2522.9,16989,0
2026-04-21 13:50:00+05:30,2522.8,2525.4,2521.2,2525.0,12814,0
2026-04-21 13:55:00+05:30,2525.0,2528.0,2522.7,2524.5,7621,0
2026-04-21 14:00:00+05:30,2525.3,2529.9,2524.5,2528.4,4931,0
2026-04-21 14:05:00+05:30,2528.9,2530.1,2528.0,2528.4,5105,0
2026-04-21 14:10:00+05:30,2528.7,2529.9,2527.6,2528.9,4923,0
2026-04-21 14:15:00+05:30,2529.4,2533.9,2528.5,2532.9,8237,0
2026-04-21 14:20:00+05:30,2531.8,2538.0,2531.4,2536.9,14994,0
2026-04-21 14:25:00+05:30,2537.5,2537.5,2533.0,2533.8,10626,0
2026-04-21 14:30:00+05:30,2534.0,2539.9,2532.4,2538.6,16303,0
2026-04-21 14:35:00+05:30,2538.9,2539.3,2535.0,2537.1,18303,0
2026-04-21 14:40:00+05:30,2537.3,2539.2,2534.1,2537.1,24731,0
2026-04-21 14:45:00+05:30,2537.9,2543.9,2537.7,2542.8,25024,0
2026-04-21 14:50:00+05:30,2542.7,2546.1,2542.2,2545.0,18070,0
2026-04-21 14:55:00+05:30,2544.9,2546.4,2540.2,2541.4,21668,0
2026-04-21 15:00:00+05:30,2541.4,2545.3,2540.1,2542.9,25026,0
2026-04-21 15:05:00+05:30,2542.9,2544.6,2540.1,2543.6,23634,0
2026-04-21 15:10:00+05:30,2543.6,2546.5,2542.2,2543.2,21747,0
2026-04-21 15:15:00+05:30,2543.2,2546.4,2541.0,2543.9,30009,0
2026-04-21 15:20:00+05:30,2543.9,2546.4,2542.4,2544.6,36335,0
2026-04-21 15:25:00+05:30,2544.6,2545.3,2537.0,2545.0,36078,0
2026-04-22 09:15:00+05:30,2500.0,2543.5,2500.0,2532.3,51313,0
2026-04-22 09:20:00+05:30,2532.3,2535.9,2521.2,2523.2,16429,0
2026-04-22 09:25:00+05:30,2522.7,2525.0,2517.8,2524.1,16332,0
2026-04-22 09:30:00+05:30,2524.1,2535.0,2521.8,2533.5,24565,0
2026-04-22 09:35:00+05:30,2534.4,2537.2,2530.0,2530.0,11637,0
2026-04-22 09:40:00+05:30,2530.0,2535.5,2525.4,2534.9,15284,0
2026-04-22 09:45:00+05:30,2534.9,2535.6,2525.9,2528.6,20220,0
2026-04-22 09:50:00+05:30,2528.0,2545.6,2527.0,2544.6,27168,0
2026-04-22 09:55:00+05:30,2544.4,2554.8,2542.1,2550.0,33392,0
2026-04-22 10:00:00+05:30,2550.8,2550.8,2546.0,2549.4,10481,0
2026-04-22 10:05:00+05:30,2548.4,2548.7,2538.0,2540.0,21322,0
2026-04-22 10:10:00+05:30,2539.6,2541.9,2539.5,2541.2,12617,0
2026-04-22 10:15:00+05:30,2541.2,2543.5,2540.0,2540.1,7069,0
2026-04-22 10:20:00+05:30,2540.7,2547.3,2540.1,2546.4,10405,0
2026-04-22 10:25:00+05:30,2546.0,2553.0,2546.0,2550.0,11092,0
2026-04-22 10:30:00+05:30,2549.6,2552.0,2548.0,2551.1,5289,0
2026-04-22 10:35:00+05:30,2551.9,2552.0,2548.0,2549.7,7816,0
2026-04-22 10:40:00+05:30,2549.6,2549.6,2545.6,2548.9,5193,0
2026-04-22 10:45:00+05:30,2548.9,2550.0,2545.2,2546.9,4803,0
2026-04-22 10:50:00+05:30,2546.9,2550.3,2546.0,2548.0,8981,0
2026-04-22 10:55:00+05:30,2548.6,2552.0,2548.0,2551.4,7105,0
2026-04-22 11:00:00+05:30,2551.5,2551.5,2549.0,2550.5,13066,0
2026-04-22 11:05:00+05:30,2550.5,2550.6,2549.6,2550.0,8227,0
2026-04-22 11:10:00+05:30,2549.9,2558.0,2549.4,2555.2,24282,0
2026-04-22 11:15:00+05:30,2556.0,2560.7,2555.3,2558.7,27105,0
2026-04-22 11:20:00+05:30,2558.0,2559.2,2557.1,2557.6,3381,0
2026-04-22 11:25:00+05:30,2558.0,2563.0,2556.0,2561.3,28877,0
2026-04-22 11:30:00+05:30,2561.3,2562.0,2559.5,2560.3,3685,0
2026-04-22 11:35:00+05:30,2560.2,2560.3,2556.0,2557.0,3705,0
2026-04-22 11:40:00+05:30,2557.0,2560.3,2555.8,2557.1,11575,0
2026-04-22 11:45:00+05:30,2556.0,2556.6,2548.9,2551.7,7965,0
2026-04-22 11:50:00+05:30,2551.7,2552.0,2550.1,2550.6,3192,0
2026-04-22 11:55:00+05:30,2550.5,2555.0,2550.0,2553.4,4443,0
2026-04-22 12:00:00+05:30,2553.4,2555.0,2553.1,2554.2,4193,0
2026-04-22 12:05:00+05:30,2554.8,2555.0,2550.2,2551.5,4290,0
2026-04-22 12:10:00+05:30,2551.0,2557.8,2550.4,2557.5,5345,0
2026-04-22 12:15:00+05:30,2557.5,2561.0,2555.3,2556.7,9261,0
2026-04-22 12:20:00+05:30,2556.0,2564.7,2555.0,2558.0,31795,0
2026-04-22 12:25:00+05:30,2557.0,2559.0,2555.8,2557.0,3795,0
2026-04-22 12:30:00+05:30,2556.5,2559.0,2556.0,2559.0,7150,0
2026-04-22 12:35:00+05:30,2559.2,2560.7,2556.0,2558.9,29588,0
2026-04-22 12:40:00+05:30,2558.8,2559.7,2558.2,2558.9,3534,0
2026-04-22 12:45:00+05:30,2559.4,2559.4,2552.4,2554.0,7713,0
2026-04-22 12:50:00+05:30,2554.0,2561.0,2554.0,2559.6,5735,0
2026-04-22 12:55:00+05:30,2559.6,2562.9,2558.3,2559.0,13416,0
2026-04-22 13:00:00+05:30,2559.0,2559.8,2557.2,2557.6,2466,0
2026-04-22 13:05:00+05:30,2558.2,2559.2,2556.7,2556.7,2480,0
2026-04-22 13:10:00+05:30,2557.5,2561.0,2556.6,2559.8,4897,0
2026-04-22 13:15:00+05:30,2560.2,2562.5,2557.6,2560.0,29374,0
2026-04-22 13:20:00+05:30,2560.0,2560.3,2557.0,2560.0,23976,0
2026-04-22 13:25:00+05:30,2560.2,2565.6,2559.0,2564.1,16993,0
2026-04-22 13:30:00+05:30,2565.3,2566.7,2561.9,2565.0,15285,0
2026-04-22 13:35:00+05:30,2565.8,2569.2,2565.7,2567.0,25672,0
2026-04-22 13:40:00+05:30,2567.7,2568.1,2566.1,2566.1,4430,0
2026-04-22 13:45:00+05:30,2566.9,2570.1,2565.6,2567.5,17435,0
2026-04-22 13:50:00+05:30,2567.8,2569.4,2565.7,2566.8,14231,0
2026-04-22 13:55:00+05:30,2566.9,2568.1,2565.8,2567.1,3477,0
2026-04-22 14:00:00+05:30,2567.1,2568.6,2558.0,2560.0,27753,0
2026-04-22 14:05:00+05:30,2560.5,2563.1,2556.0,2561.6,13760,0
2026-04-22 14:10:00+05:30,2561.5,2562.7,2559.6,2561.3,7130,0
2026-04-22 14:15:00+05:30,2562.1,2563.0,2560.8,2562.0,8934,0
2026-04-22 14:20:00+05:30,2562.0,2563.0,2560.4,2562.1,6834,0
2026-04-22 14:25:00+05:30,2563.0,2565.0,2561.2,2563.7,9742,0
2026-04-22 14:30:00+05:30,2563.7,2565.0,2562.5,2563.9,5342,0
2026-04-22 14:35:00+05:30,2564.1,2567.5,2563.5,2565.8,6370,0
2026-04-22 14:40:00+05:30,2565.8,2569.8,2565.2,2569.0,28751,0
2026-04-22 14:45:00+05:30,2569.2,2570.6,2568.1,2570.6,7822,0
2026-04-22 14:50:00+05:30,2569.6,2572.0,2568.1,2570.0,10761,0
2026-04-22 14:55:00+05:30,2570.4,2571.8,2568.8,2571.3,9591,0
2026-04-22 15:00:00+05:30,2571.3,2571.3,2563.0,2564.5,23376,0
2026-04-22 15:05:00+05:30,2564.4,2564.4,2559.5,2561.8,43462,0
2026-04-22 15:10:00+05:30,2561.8,2562.9,2561.0,2562.3,30418,0
2026-04-22 15:15:00+05:30,2562.3,2565.1,2561.0,2563.0,46058,0
2026-04-22 15:20:00+05:30,2563.2,2563.5,2561.0,2561.6,37245,0
2026-04-22 15:25:00+05:30,2562.0,2566.0,2560.7,2563.2,48594,0
2026-04-23 09:15:00+05:30,2530.0,2532.9,2510.0,2517.9,60716,0
2026-04-23 09:20:00+05:30,2518.0,2525.0,2514.4,2522.7,24562,0
2026-04-23 09:25:00+05:30,2521.6,2524.2,2515.0,2518.7,11104,0
2026-04-23 09:30:00+05:30,2519.1,2525.9,2516.5,2522.7,13443,0
2026-04-23 09:35:00+05:30,2523.5,2525.1,2518.1,2519.5,16411,0
2026-04-23 09:40:00+05:30,2520.3,2522.0,2516.9,2518.6,15874,0
2026-04-23 09:45:00+05:30,2519.8,2528.2,2516.1,2525.5,15248,0
2026-04-23 09:50:00+05:30,2526.8,2532.4,2525.7,2532.2,21756,0
2026-04-23 09:55:00+05:30,2532.2,2533.5,2527.3,2532.6,40721,0
2026-04-23 10:00:00+05:30,2532.4,2536.9,2525.6,2530.9,74132,0
2026-04-23 10:05:00+05:30,2530.9,2532.2,2522.3,2531.9,100649,0
2026-04-23 10:10:00+05:30,2531.9,2532.0,2522.3,2523.3,12750,0
2026-04-23 10:15:00+05:30,2523.3,2529.2,2522.3,2527.9,10733,0
2026-04-23 10:20:00+05:30,2528.4,2529.9,2523.1,2525.4,20055,0
2026-04-23 10:25:00+05:30,2525.8,2530.0,2524.2,2526.1,25050,0
2026-04-23 10:30:00+05:30,2526.1,2526.6,2522.6,2523.7,10983,0
2026-04-23 10:35:00+05:30,2524.0,2524.2,2521.2,2522.1,11142,0
2026-04-23 10:40:00+05:30,2522.2,2522.4,2515.0,2517.6,13678,0
2026-04-23 10:45:00+05:30,2517.7,2518.4,2515.0,2517.9,15404,0
2026-04-23 10:50:00+05:30,2518.0,2520.1,2515.2,2518.3,13068,0
2026-04-23 10:55:00+05:30,2518.8,2523.6,2515.8,2523.2,8985,0
2026-04-23 11:00:00+05:30,2523.2,2532.2,2522.7,2532.1,12119,0
2026-04-23 11:05:00+05:30,2532.1,2535.0,2530.0,2534.0,9783,0
2026-04-23 11:10:00+05:30,2534.0,2534.8,2527.5,2529.2,12286,0
2026-04-23 11:15:00+05:30,2529.2,2532.6,2528.5,2532.0,6427,0
2026-04-23 11:20:00+05:30,2532.2,2532.6,2529.7,2530.4,5796,0
2026-04-23 11:25:00+05:30,2530.4,2532.9,2530.0,2532.0,4416,0
2026-04-23 11:30:00+05:30,2531.5,2532.5,2530.7,2530.7,3063,0
2026-04-23 11:35:00+05:30,2530.9,2531.1,2527.1,2527.4,9934,0
2026-04-23 11:40:00+05:30,2528.3,2530.8,2526.9,2528.6,8597,0
2026-04-23 11:45:00+05:30,2528.6,2531.6,2527.4,2530.7,5525,0
2026-04-23 11:50:00+05:30,2530.7,2532.0,2529.7,2530.7,6648,0
2026-04-23 11:55:00+05:30,2530.7,2533.9,2530.0,2532.2,4979,0
2026-04-23 12:00:00+05:30,2532.2,2532.7,2530.0,2532.2,2770,0
2026-04-23 12:05:00+05:30,2532.2,2533.0,2530.7,2532.1,2223,0
2026-04-23 12:10:00+05:30,2532.3,2534.9,2530.5,2531.9,8258,0
2026-04-23 12:15:00+05:30,2531.7,2532.9,2530.4,2532.0,3772,0
2026-04-23 12:20:00+05:30,2532.1,2535.1,2531.4,2533.3,16426,0
2026-04-23 12:25:00+05:30,2533.3,2533.7,2529.0,2530.3,33026,0
2026-04-23 12:30:00+05:30,2530.3,2533.0,2528.1,2530.8,13300,0
2026-04-23 12:35:00+05:30,2531.3,2533.6,2530.2,2532.5,4906,0
2026-04-23 12:40:00+05:30,2532.6,2534.0,2531.0,2533.7,4222,0
2026-04-23 12:45:00+05:30,2533.7,2534.0,2532.4,2533.1,4612,0
2026-04-23 12:50:00+05:30,2533.2,2538.2,2532.3,2537.4,23857,0
2026-04-23 12:55:00+05:30,2537.9,2538.8,2535.0,2535.9,9731,0
2026-04-23 13:00:00+05:30,2535.9,2537.9,2535.0,2537.0,13148,0
2026-04-23 13:05:00+05:30,2537.3,2538.1,2535.0,2536.5,8492,0
2026-04-23 13:10:00+05:30,2536.5,2539.2,2535.2,2535.6,10512,0
2026-04-23 13:15:00+05:30,2535.8,2537.5,2533.5,2537.3,13007,0
2026-04-23 13:20:00+05:30,2537.2,2541.7,2537.0,2541.3,22720,0
2026-04-23 13:25:00+05:30,2541.3,2541.6,2538.6,2539.9,12277,0
2026-04-23 13:30:00+05:30,2539.9,2539.9,2535.6,2537.3,6903,0
2026-04-23 13:35:00+05:30,2537.3,2537.5,2534.2,2535.0,17251,0
2026-04-23 13:40:00+05:30,2535.1,2535.7,2534.2,2535.7,29868,0
2026-04-23 13:45:00+05:30,2535.7,2538.2,2534.5,2536.7,6887,0
2026-04-23 13:50:00+05:30,2536.9,2537.9,2534.2,2536.2,11476,0
2026-04-23 13:55:00+05:30,2536.2,2537.8,2535.0,2537.5,5599,0
2026-04-23 14:00:00+05:30,2537.5,2538.8,2532.4,2535.0,54324,0
2026-04-23 14:05:00+05:30,2535.5,2536.4,2534.3,2535.7,9965,0
2026-04-23 14:10:00+05:30,2536.1,2536.3,2533.8,2535.0,20994,0
2026-04-23 14:15:00+05:30,2535.1,2535.5,2525.7,2527.4,38849,0
2026-04-23 14:20:00+05:30,2527.5,2528.5,2521.9,2523.3,51538,0
2026-04-23 14:25:00+05:30,2523.4,2523.4,2519.7,2520.7,7464,0
2026-04-23 14:30:00+05:30,2520.7,2522.0,2515.0,2515.0,29840,0
2026-04-23 14:35:00+05:30,2515.3,2516.8,2510.9,2512.3,62791,0
2026-04-23 14:40:00+05:30,2512.3,2516.5,2511.8,2516.2,4634,0
2026-04-23 14:45:00+05:30,2516.2,2521.1,2515.2,2518.0,8178,0
2026-04-23 14:50:00+05:30,2518.5,2522.5,2517.8,2519.9,4880,0
2026-04-23 14:55:00+05:30,2519.9,2521.0,2515.8,2517.9,7076,0
2026-04-23 15:00:00+05:30,2517.9,2525.2,2514.6,2524.4,20408,0
2026-04-23 15:05:00+05:30,2524.8,2527.7,2524.4,2525.7,11776,0
2026-04-23 15:10:00+05:30,2525.9,2528.1,2525.0,2527.0,17460,0
2026-04-23 15:15:00+05:30,2527.0,2527.6,2521.6,2523.2,26929,0
2026-04-23 15:20:00+05:30,2523.2,2523.2,2516.8,2519.7,59375,0
2026-04-23 15:25:00+05:30,2519.7,2520.3,2510.0,2516.0,30813,0
2026-04-24 09:15:00+05:30,2521.4,2538.9,2516.1,2525.9,28006,0
2026-04-24 09:20:00+05:30,2526.0,2529.0,2518.4,2524.9,10170,0
2026-04-24 09:25:00+05:30,2524.9,2524.9,2515.5,2516.9,9001,0
2026-04-24 09:30:00+05:30,2516.2,2520.5,2514.0,2516.0,8684,0
2026-04-24 09:35:00+05:30,2516.8,2519.3,2509.0,2509.1,10509,0
2026-04-24 09:40:00+05:30,2509.4,2512.4,2505.0,2505.1,10905,0
2026-04-24 09:45:00+05:30,2505.1,2506.2,2502.8,2505.3,7424,0
2026-04-24 09:50:00+05:30,2504.9,2505.4,2497.6,2499.2,6611,0
2026-04-24 09:55:00+05:30,2498.7,2501.5,2497.0,2501.1,5402,0
2026-04-24 10:00:00+05:30,2501.3,2508.0,2500.0,2507.5,5293,0
2026-04-24 10:05:00+05:30,2507.4,2509.9,2507.0,2507.0,3997,0
2026-04-24 10:10:00+05:30,2507.4,2510.0,2506.5,2509.2,1910,0
2026-04-24 10:15:00+05:30,2508.8,2510.0,2505.0,2506.1,2773,0
2026-04-24 10:20:00+05:30,2505.9,2507.8,2501.8,2502.8,2324,0
2026-04-24 10:25:00+05:30,2502.8,2507.7,2501.6,2506.4,1946,0
2026-04-24 10:30:00+05:30,2506.1,2506.4,2503.0,2504.6,2764,0
2026-04-24 10:35:00+05:30,2504.6,2506.0,2504.0,2504.6,1701,0
2026-04-24 10:40:00+05:30,2504.8,2505.0,2501.4,2501.5,3258,0
2026-04-24 10:45:00+05:30,2501.5,2502.9,2498.4,2499.6,4344,0
2026-04-24 10:50:00+05:30,2498.8,2500.0,2494.0,2496.0,5307,0
2026-04-24 10:55:00+05:30,2496.0,2498.8,2494.0,2494.9,3481,0
2026-04-24 11:00:00+05:30,2495.1,2495.3,2490.5,2491.6,3971,0
2026-04-24 11:05:00+05:30,2491.6,2494.7,2489.0,2489.0,5383,0
2026-04-24 11:10:00+05:30,2489.0,2490.5,2483.2,2485.0,5490,0
2026-04-24 11:15:00+05:30,2485.0,2488.8,2484.1,2487.6,2808,0
2026-04-24 11:20:00+05:30,2487.6,2490.0,2485.0,2485.1,3410,0
2026-04-24 11:25:00+05:30,2485.1,2486.0,2483.1,2484.1,3509,0
2026-04-24 11:30:00+05:30,2484.3,2486.0,2483.2,2483.7,2171,0
2026-04-24 11:35:00+05:30,2483.7,2484.0,2480.1,2484.0,3813,0
2026-04-24 11:40:00+05:30,2483.7,2483.9,2479.6,2482.7,4872,0
2026-04-24 11:45:00+05:30,2482.6,2483.2,2479.3,2481.8,5119,0
2026-04-24 11:50:00+05:30,2482.2,2482.9,2480.2,2481.4,1648,0
2026-04-24 11:55:00+05:30,2481.4,2482.0,2480.0,2480.5,2296,0
2026-04-24 12:00:00+05:30,2480.5,2484.5,2480.0,2484.0,2356,0
2026-04-24 12:05:00+05:30,2483.4,2486.2,2482.8,2484.8,2137,0
2026-04-24 12:10:00+05:30,2484.8,2484.9,2476.5,2478.7,10967,0
2026-04-24 12:15:00+05:30,2479.2,2481.0,2475.5,2477.9,6804,0
2026-04-24 12:20:00+05:30,2478.2,2478.7,2470.7,2472.7,8167,0
2026-04-24 12:25:00+05:30,2473.0,2475.0,2471.0,2475.0,3200,0
2026-04-24 12:30:00+05:30,2474.9,2481.1,2474.9,2480.4,2908,0
2026-04-24 12:35:00+05:30,2480.4,2483.9,2480.4,2482.6,2940,0
2026-04-24 12:40:00+05:30,2482.8,2483.0,2480.0,2480.0,2513,0
2026-04-24 12:45:00+05:30,2480.6,2484.0,2478.7,2482.4,2412,0
2026-04-24 12:50:00+05:30,2483.3,2486.9,2482.1,2484.5,2735,0
2026-04-24 12:55:00+05:30,2484.9,2487.5,2484.1,2484.3,1759,0
2026-04-24 13:00:00+05:30,2484.2,2485.1,2479.3,2480.3,2975,0
2026-04-24 13:05:00+05:30,2480.3,2481.3,2478.3,2479.8,2827,0
2026-04-24 13:10:00+05:30,2479.8,2480.4,2475.4,2478.7,2712,0
2026-04-24 13:15:00+05:30,2479.1,2482.9,2477.1,2482.0,2625,0
2026-04-24 13:20:00+05:30,2481.8,2483.2,2480.2,2481.4,2841,0
2026-04-24 13:25:00+05:30,2481.4,2482.0,2478.4,2481.7,5801,0
2026-04-24 13:30:00+05:30,2481.7,2482.0,2477.8,2479.7,1823,0
2026-04-24 13:35:00+05:30,2479.9,2481.4,2475.2,2476.6,8874,0
2026-04-24 13:40:00+05:30,2476.6,2480.6,2476.3,2480.3,6425,0
2026-04-24 13:45:00+05:30,2480.3,2485.0,2480.3,2482.8,3141,0
2026-04-24 13:50:00+05:30,2484.0,2486.1,2481.0,2482.1,2903,0
2026-04-24 13:55:00+05:30,2482.9,2483.4,2480.5,2482.8,2284,0
2026-04-24 14:00:00+05:30,2482.8,2485.6,2482.1,2483.4,3318,0
2026-04-24 14:05:00+05:30,2484.4,2486.0,2481.0,2484.4,2426,0
2026-04-24 14:10:00+05:30,2485.4,2490.0,2484.5,2484.6,5550,0
2026-04-24 14:15:00+05:30,2484.7,2489.1,2484.2,2488.5,3791,0
2026-04-24 14:20:00+05:30,2488.9,2492.7,2487.7,2491.7,2951,0
2026-04-24 14:25:00+05:30,2492.0,2496.0,2491.2,2494.9,4128,0
2026-04-24 14:30:00+05:30,2494.4,2497.8,2489.1,2489.1,7626,0
2026-04-24 14:35:00+05:30,2489.6,2490.6,2488.0,2488.7,4875,0
2026-04-24 14:40:00+05:30,2489.3,2490.0,2486.4,2487.0,3675,0
2026-04-24 14:45:00+05:30,2487.4,2487.4,2484.8,2486.2,4176,0
2026-04-24 14:50:00+05:30,2486.6,2489.4,2486.0,2487.4,6501,0
2026-04-24 14:55:00+05:30,2487.4,2489.0,2486.8,2487.5,4217,0
2026-04-24 15:00:00+05:30,2487.5,2487.7,2482.9,2483.9,13310,0
2026-04-24 15:05:00+05:30,2484.4,2486.9,2482.9,2486.3,10175,0
2026-04-24 15:10:00+05:30,2486.3,2487.1,2481.6,2484.9,11973,0
2026-04-24 15:15:00+05:30,2484.5,2487.5,2483.6,2485.4,22067,0
2026-04-24 15:20:00+05:30,2485.4,2488.5,2484.3,2485.0,29786,0
2026-04-24 15:25:00+05:30,2485.0,2490.0,2480.0,2483.7,21777,0
2026-04-27 09:15:00+05:30,2503.0,2513.9,2490.3,2508.3,34182,0
2026-04-27 09:20:00+05:30,2508.5,2517.0,2505.4,2509.1,10850,0
2026-04-27 09:25:00+05:30,2508.9,2513.7,2505.6,2511.4,8150,0
2026-04-27 09:30:00+05:30,2512.6,2515.0,2505.9,2506.6,9295,0
2026-04-27 09:35:00+05:30,2507.4,2510.8,2500.8,2501.4,5091,0
2026-04-27 09:40:00+05:30,2501.7,2506.0,2499.2,2506.0,5639,0
2026-04-27 09:45:00+05:30,2504.8,2509.8,2504.8,2507.4,7896,0
2026-04-27 09:50:00+05:30,2508.0,2519.8,2508.0,2518.0,12328,0
2026-04-27 09:55:00+05:30,2517.8,2519.8,2515.0,2518.0,5044,0
2026-04-27 10:00:00+05:30,2518.0,2518.0,2510.8,2510.8,3912,0
2026-04-27 10:05:00+05:30,2510.8,2511.5,2508.6,2509.8,3737,0
2026-04-27 10:10:00+05:30,2509.4,2509.7,2504.3,2507.2,4195,0
2026-04-27 10:15:00+05:30,2507.3,2513.0,2506.6,2511.0,4424,0
2026-04-27 10:20:00+05:30,2511.1,2511.8,2504.9,2505.7,2126,0
2026-04-27 10:25:00+05:30,2506.0,2507.2,2503.9,2505.7,3838,0
2026-04-27 10:30:00+05:30,2505.7,2505.7,2500.4,2501.1,5695,0
2026-04-27 10:35:00+05:30,2501.7,2502.3,2498.2,2502.3,5109,0
2026-04-27 10:40:00+05:30,2502.0,2506.4,2502.0,2505.1,4176,0
2026-04-27 10:45:00+05:30,2505.6,2507.5,2500.8,2506.8,6384,0
2026-04-27 10:50:00+05:30,2506.8,2507.7,2504.5,2506.4,3391,0
2026-04-27 10:55:00+05:30,2506.3,2508.0,2501.6,2501.6,3505,0
2026-04-27 11:00:00+05:30,2502.7,2502.9,2498.1,2499.0,4571,0
2026-04-27 11:05:00+05:30,2499.5,2500.3,2491.1,2491.8,10372,0
2026-04-27 11:10:00+05:30,2492.6,2498.3,2492.5,2496.6,4900,0
2026-04-27 11:15:00+05:30,2497.0,2500.0,2495.0,2495.4,7721,0
2026-04-27 11:20:00+05:30,2495.0,2495.9,2491.2,2493.9,5476,0
2026-04-27 11:25:00+05:30,2493.4,2493.9,2490.5,2491.4,3784,0
2026-04-27 11:30:00+05:30,2491.0,2494.1,2487.1,2488.2,4789,0
2026-04-27 11:35:00+05:30,2488.2,2489.1,2483.0,2485.7,7424,0
2026-04-27 11:40:00+05:30,2485.8,2488.8,2485.8,2486.4,2839,0
2026-04-27 11:45:00+05:30,2486.4,2493.2,2484.5,2491.0,10474,0
2026-04-27 11:50:00+05:30,2490.9,2492.0,2488.3,2489.4,3795,0
2026-04-27 11:55:00+05:30,2489.0,2495.0,2488.2,2493.9,4991,0
2026-04-27 12:00:00+05:30,2493.2,2494.0,2487.5,2488.9,3865,0
2026-04-27 12:05:00+05:30,2488.1,2491.8,2486.4,2487.5,4728,0
2026-04-27 12:10:00+05:30,2486.6,2487.0,2481.1,2482.0,4427,0
2026-04-27 12:15:00+05:30,2481.1,2482.2,2475.5,2481.1,10714,0
2026-04-27 12:20:00+05:30,2481.0,2483.8,2477.3,2482.7,4744,0
2026-04-27 12:25:00+05:30,2482.7,2485.8,2482.4,2485.5,5062,0
2026-04-27 12:30:00+05:30,2485.4,2486.8,2480.1,2482.9,8706,0
2026-04-27 12:35:00+05:30,2482.9,2485.0,2481.6,2484.7,4625,0
2026-04-27 12:40:00+05:30,2485.0,2485.4,2482.3,2483.9,2235,0
2026-04-27 12:45:00+05:30,2483.9,2484.3,2480.4,2480.5,2958,0
2026-04-27 12:50:00+05:30,2480.5,2484.0,2479.4,2482.4,10332,0
2026-04-27 12:55:00+05:30,2482.9,2486.6,2482.4,2486.2,3430,0
2026-04-27 13:00:00+05:30,2486.6,2490.9,2486.2,2490.3,7160,0
2026-04-27 13:05:00+05:30,2489.8,2491.9,2487.0,2491.9,2082,0
2026-04-27 13:10:00+05:30,2491.3,2494.9,2490.4,2494.3,3488,0
2026-04-27 13:15:00+05:30,2493.8,2497.0,2493.3,2495.0,4447,0
2026-04-27 13:20:00+05:30,2495.2,2497.1,2492.1,2495.4,4493,0
2026-04-27 13:25:00+05:30,2494.9,2496.6,2494.5,2494.9,2609,0
2026-04-27 13:30:00+05:30,2494.8,2494.8,2491.4,2491.9,4590,0
2026-04-27 13:35:00+05:30,2491.9,2493.8,2491.4,2492.2,1884,0
2026-04-27 13:40:00+05:30,2492.0,2496.8,2492.0,2496.1,4398,0
2026-04-27 13:45:00+05:30,2495.6,2496.6,2491.0,2491.5,3239,0
2026-04-27 13:50:00+05:30,2491.9,2492.4,2490.1,2491.1,2448,0
2026-04-27 13:55:00+05:30,2491.6,2493.0,2490.7,2491.4,3081,0
2026-04-27 14:00:00+05:30,2491.4,2491.9,2490.0,2490.8,2425,0
2026-04-27 14:05:00+05:30,2490.8,2492.7,2488.2,2488.7,3135,0
2026-04-27 14:10:00+05:30,2488.6,2492.4,2487.3,2490.4,2739,0
2026-04-27 14:15:00+05:30,2490.9,2492.3,2489.1,2490.1,2524,0
2026-04-27 14:20:00+05:30,2490.3,2491.5,2487.7,2489.1,2262,0
2026-04-27 14:25:00+05:30,2488.4,2490.4,2487.6,2489.0,2980,0
2026-04-27 14:30:00+05:30,2488.9,2491.0,2486.8,2486.8,3096,0
2026-04-27 14:35:00+05:30,2486.8,2489.9,2486.4,2487.4,4325,0
2026-04-27 14:40:00+05:30,2487.4,2488.4,2485.1,2487.1,3836,0
2026-04-27 14:45:00+05:30,2486.6,2491.0,2485.2,2490.7,5952,0
2026-04-27 14:50:00+05:30,2491.0,2493.4,2489.4,2492.5,8032,0
2026-04-27 14:55:00+05:30,2493.0,2496.0,2491.8,2495.6,5510,0
2026-04-27 15:00:00+05:30,2494.6,2495.6,2487.4,2488.7,15088,0
2026-04-27 15:05:00+05:30,2488.9,2489.3,2485.2,2486.4,8859,0
2026-04-27 15:10:00+05:30,2486.2,2488.7,2485.7,2487.7,12498,0
2026-04-27 15:15:00+05:30,2488.6,2488.6,2480.0,2480.4,11426,0
2026-04-27 15:20:00+05:30,2480.4,2483.9,2480.0,2482.0,12443,0
2026-04-27 15:25:00+05:30,2481.6,2490.0,2476.5,2478.1,15114,0
2026-04-28 09:15:00+05:30,2475.0,2492.1,2458.0,2488.8,34997,0
2026-04-28 09:20:00+05:30,2489.4,2491.6,2478.2,2482.6,10409,0
2026-04-28 09:25:00+05:30,2483.6,2488.8,2482.7,2487.8,6819,0
2026-04-28 09:30:00+05:30,2487.8,2489.1,2483.7,2483.7,5322,0
2026-04-28 09:35:00+05:30,2484.2,2485.2,2480.1,2484.8,4235,0
2026-04-28 09:40:00+05:30,2484.8,2488.6,2483.1,2483.5,6412,0
2026-04-28 09:45:00+05:30,2483.5,2487.5,2481.7,2484.6,6761,0
2026-04-28 09:50:00+05:30,2484.6,2486.9,2480.1,2481.3,4651,0
2026-04-28 09:55:00+05:30,2481.8,2482.1,2476.8,2478.5,7914,0
2026-04-28 10:00:00+05:30,2478.5,2479.4,2475.0,2478.8,6940,0
2026-04-28 10:05:00+05:30,2478.8,2479.0,2473.4,2476.1,4708,0
2026-04-28 10:10:00+05:30,2476.0,2478.8,2474.0,2478.3,4498,0
2026-04-28 10:15:00+05:30,2478.8,2483.4,2478.8,2482.1,3074,0
2026-04-28 10:20:00+05:30,2482.5,2492.7,2482.2,2492.0,7263,0
2026-04-28 10:25:00+05:30,2491.9,2496.6,2486.2,2494.0,23911,0
2026-04-28 10:30:00+05:30,2494.0,2496.9,2492.6,2495.9,10804,0
2026-04-28 10:35:00+05:30,2495.9,2499.0,2493.1,2495.5,8855,0
2026-04-28 10:40:00+05:30,2495.5,2496.3,2491.0,2494.2,6044,0
2026-04-28 10:45:00+05:30,2494.2,2494.3,2487.5,2491.2,7182,0
2026-04-28 10:50:00+05:30,2492.3,2495.7,2490.1,2494.7,3257,0
2026-04-28 10:55:00+05:30,2494.7,2495.9,2491.9,2492.5,3775,0
2026-04-28 11:00:00+05:30,2492.5,2492.5,2485.5,2488.0,4897,0
2026-04-28 11:05:00+05:30,2488.1,2488.6,2485.5,2487.4,2855,0
2026-04-28 11:10:00+05:30,2487.5,2489.7,2485.9,2488.0,3963,0
2026-04-28 11:15:00+05:30,2488.6,2489.3,2482.2,2482.2,5545,0
2026-04-28 11:20:00+05:30,2483.0,2487.0,2482.2,2483.9,3038,0
2026-04-28 11:25:00+05:30,2483.4,2483.8,2477.1,2478.0,3893,0
2026-04-28 11:30:00+05:30,2478.0,2479.7,2476.8,2479.7,6150,0
2026-04-28 11:35:00+05:30,2479.6,2481.0,2476.5,2480.0,3910,0
2026-04-28 11:40:00+05:30,2480.3,2481.4,2479.6,2481.4,1629,0
2026-04-28 11:45:00+05:30,2481.6,2482.4,2479.9,2480.8,2460,0
2026-04-28 11:50:00+05:30,2480.8,2481.6,2478.2,2478.7,2735,0
2026-04-28 11:55:00+05:30,2478.7,2479.2,2476.5,2476.7,1632,0
2026-04-28 12:00:00+05:30,2476.8,2477.7,2473.4,2473.5,5654,0
2026-04-28 12:05:00+05:30,2474.5,2474.5,2471.6,2472.3,6038,0
2026-04-28 12:10:00+05:30,2472.3,2473.1,2470.0,2471.2,4705,0
2026-04-28 12:15:00+05:30,2471.2,2476.0,2468.2,2469.1,5670,0
2026-04-28 12:20:00+05:30,2469.1,2469.9,2463.5,2468.2,5923,0
2026-04-28 12:25:00+05:30,2467.5,2474.2,2466.5,2471.5,6949,0
2026-04-28 12:30:00+05:30,2471.6,2476.6,2468.7,2474.6,4410,0
2026-04-28 12:35:00+05:30,2476.1,2478.0,2474.6,2477.3,2828,0
2026-04-28 12:40:00+05:30,2477.3,2478.4,2474.3,2478.4,2938,0
2026-04-28 12:45:00+05:30,2478.4,2482.9,2475.8,2482.1,3725,0
2026-04-28 12:50:00+05:30,2481.9,2483.9,2480.6,2482.7,2928,0
2026-04-28 12:55:00+05:30,2482.7,2483.5,2479.7,2481.7,4071,0
2026-04-28 13:00:00+05:30,2482.2,2487.9,2481.2,2486.8,6014,0
2026-04-28 13:05:00+05:30,2486.8,2487.9,2483.2,2486.9,3116,0
2026-04-28 13:10:00+05:30,2486.9,2487.5,2482.5,2483.0,3071,0
2026-04-28 13:15:00+05:30,2483.5,2486.0,2482.1,2484.3,4080,0
2026-04-28 13:20:00+05:30,2484.5,2486.0,2483.4,2485.3,2066,0
2026-04-28 13:25:00+05:30,2486.1,2488.8,2484.1,2484.1,3526,0
2026-04-28 13:30:00+05:30,2483.9,2485.1,2480.3,2482.0,2144,0
2026-04-28 13:35:00+05:30,2482.5,2483.9,2476.9,2480.4,8378,0
2026-04-28 13:40:00+05:30,2481.0,2484.5,2480.3,2481.0,3739,0
2026-04-28 13:45:00+05:30,2481.1,2483.4,2480.0,2481.4,2674,0
2026-04-28 13:50:00+05:30,2482.0,2488.4,2481.1,2487.6,3512,0
2026-04-28 13:55:00+05:30,2487.6,2492.4,2484.0,2484.3,9587,0
2026-04-28 14:00:00+05:30,2484.3,2484.9,2479.1,2480.0,4126,0
2026-04-28 14:05:00+05:30,2480.1,2480.7,2478.0,2479.0,3211,0
2026-04-28 14:10:00+05:30,2479.5,2480.9,2477.0,2477.0,12550,0
2026-04-28 14:15:00+05:30,2477.7,2479.4,2472.3,2474.2,6156,0
2026-04-28 14:20:00+05:30,2475.0,2480.1,2474.2,2478.0,4587,0
2026-04-28 14:25:00+05:30,2478.4,2479.2,2473.8,2474.1,3893,0
2026-04-28 14:30:00+05:30,2474.4,2477.9,2472.4,2472.5,11167,0
2026-04-28 14:35:00+05:30,2473.0,2476.9,2472.4,2474.3,3084,0
2026-04-28 14:40:00+05:30,2475.1,2477.1,2473.0,2475.3,2980,0
2026-04-28 14:45:00+05:30,2475.8,2477.7,2474.3,2476.5,4436,0
2026-04-28 14:50:00+05:30,2476.5,2477.9,2474.5,2475.0,4517,0
2026-04-28 14:55:00+05:30,2475.0,2475.0,2470.0,2470.9,6403,0
2026-04-28 15:00:00+05:30,2471.0,2471.8,2460.0,2460.7,27212,0
2026-04-28 15:05:00+05:30,2460.7,2468.1,2458.0,2458.6,38778,0
2026-04-28 15:10:00+05:30,2459.5,2466.1,2456.2,2464.9,20286,0
2026-04-28 15:15:00+05:30,2465.0,2466.8,2461.9,2461.9,21888,0
2026-04-28 15:20:00+05:30,2462.6,2464.1,2459.4,2463.1,29135,0
2026-04-28 15:25:00+05:30,2463.1,2475.0,2456.1,2456.1,23838,0
2026-04-29 09:15:00+05:30,2469.9,2471.9,2439.2,2451.5,31752,0
2026-04-29 09:20:00+05:30,2451.8,2456.1,2445.0,2448.9,9435,0
2026-04-29 09:25:00+05:30,2450.0,2457.5,2448.9,2452.3,18655,0
2026-04-29 09:30:00+05:30,2452.9,2454.0,2445.2,2446.8,9428,0
2026-04-29 09:35:00+05:30,2447.0,2447.6,2442.3,2444.3,5870,0
2026-04-29 09:40:00+05:30,2445.4,2449.2,2443.8,2447.0,2859,0
2026-04-29 09:45:00+05:30,2448.3,2449.2,2445.9,2447.5,4189,0
2026-04-29 09:50:00+05:30,2447.5,2449.0,2446.0,2447.2,3399,0
2026-04-29 09:55:00+05:30,2447.2,2448.7,2446.1,2446.6,1550,0
2026-04-29 10:00:00+05:30,2447.0,2448.0,2438.9,2439.0,11280,0
2026-04-29 10:05:00+05:30,2440.0,2446.9,2438.6,2445.5,6900,0
2026-04-29 10:10:00+05:30,2445.5,2447.0,2442.9,2445.7,5651,0
2026-04-29 10:15:00+05:30,2446.4,2446.8,2442.0,2444.0,4632,0
2026-04-29 10:20:00+05:30,2445.1,2451.2,2444.3,2448.9,9693,0
2026-04-29 10:25:00+05:30,2448.8,2450.0,2445.6,2448.2,7441,0
2026-04-29 10:30:00+05:30,2449.2,2451.0,2446.5,2447.4,7311,0
2026-04-29 10:35:00+05:30,2447.7,2448.0,2445.5,2447.1,4711,0
2026-04-29 10:40:00+05:30,2448.0,2455.0,2446.3,2453.8,15943,0
2026-04-29 10:45:00+05:30,2453.9,2461.0,2453.4,2458.7,21676,0
2026-04-29 10:50:00+05:30,2459.1,2459.9,2453.6,2456.0,9904,0
2026-04-29 10:55:00+05:30,2456.0,2460.0,2453.0,2456.8,6150,0
2026-04-29 11:00:00+05:30,2456.7,2458.5,2453.7,2454.6,3494,0
2026-04-29 11:05:00+05:30,2454.6,2455.8,2450.0,2453.6,15040,0
2026-04-29 11:10:00+05:30,2453.6,2456.0,2451.0,2453.7,3324,0
2026-04-29 11:15:00+05:30,2453.7,2457.0,2452.9,2456.0,4247,0
2026-04-29 11:20:00+05:30,2456.0,2459.0,2455.1,2458.5,5236,0
2026-04-29 11:25:00+05:30,2458.4,2464.4,2457.7,2461.4,9151,0
2026-04-29 11:30:00+05:30,2462.1,2463.7,2458.4,2461.3,4718,0
2026-04-29 11:35:00+05:30,2461.4,2462.4,2455.1,2460.1,4957,0
2026-04-29 11:40:00+05:30,2460.4,2464.4,2460.1,2462.6,4052,0
2026-04-29 11:45:00+05:30,2462.5,2464.7,2461.5,2463.5,4731,0
2026-04-29 11:50:00+05:30,2463.4,2467.7,2460.2,2466.0,11949,0
2026-04-29 11:55:00+05:30,2466.0,2472.0,2465.5,2468.1,10539,0
2026-04-29 12:00:00+05:30,2468.3,2468.7,2466.3,2466.4,6270,0
2026-04-29 12:05:00+05:30,2466.6,2470.9,2464.7,2469.1,6273,0
2026-04-29 12:10:00+05:30,2469.7,2474.7,2463.6,2463.8,9052,0
2026-04-29 12:15:00+05:30,2463.9,2466.4,2463.0,2466.0,6558,0
2026-04-29 12:20:00+05:30,2466.0,2466.8,2463.2,2464.8,4613,0
2026-04-29 12:25:00+05:30,2465.1,2466.0,2464.2,2464.9,2163,0
2026-04-29 12:30:00+05:30,2464.9,2468.8,2464.8,2466.4,6412,0
2026-04-29 12:35:00+05:30,2466.5,2467.9,2464.1,2464.7,3410,0
2026-04-29 12:40:00+05:30,2465.0,2465.2,2460.1,2462.8,8493,0
2026-04-29 12:45:00+05:30,2462.8,2470.2,2462.5,2468.0,11072,0
2026-04-29 12:50:00+05:30,2468.1,2475.7,2465.8,2471.7,9748,0
2026-04-29 12:55:00+05:30,2471.7,2472.4,2469.2,2469.8,3593,0
2026-04-29 13:00:00+05:30,2469.6,2472.3,2469.1,2470.2,3189,0
2026-04-29 13:05:00+05:30,2470.2,2473.0,2469.5,2470.7,3037,0
2026-04-29 13:10:00+05:30,2470.7,2477.0,2470.7,2477.0,5112,0
2026-04-29 13:15:00+05:30,2476.7,2477.9,2473.8,2474.0,7990,0
2026-04-29 13:20:00+05:30,2474.2,2475.0,2472.0,2472.2,5125,0
2026-04-29 13:25:00+05:30,2472.3,2475.7,2471.0,2472.4,5779,0
2026-04-29 13:30:00+05:30,2472.7,2475.0,2470.0,2470.8,4782,0
2026-04-29 13:35:00+05:30,2470.8,2472.4,2465.5,2466.9,6856,0
2026-04-29 13:40:00+05:30,2467.0,2468.0,2465.2,2465.7,4553,0
2026-04-29 13:45:00+05:30,2466.0,2466.2,2460.6,2463.3,9565,0
2026-04-29 13:50:00+05:30,2463.3,2465.3,2462.5,2462.6,2948,0
2026-04-29 13:55:00+05:30,2462.9,2464.8,2461.0,2461.0,3019,0
2026-04-29 14:00:00+05:30,2460.8,2462.4,2455.1,2455.6,4979,0
2026-04-29 14:05:00+05:30,2455.6,2457.7,2455.0,2455.1,3946,0
2026-04-29 14:10:00+05:30,2455.2,2455.5,2449.3,2454.6,6509,0
2026-04-29 14:15:00+05:30,2454.5,2454.8,2448.2,2448.6,5154,0
2026-04-29 14:20:00+05:30,2449.1,2450.8,2448.0,2450.2,3762,0
2026-04-29 14:25:00+05:30,2449.9,2451.9,2447.7,2449.2,6201,0
2026-04-29 14:30:00+05:30,2449.2,2458.9,2448.5,2454.0,10161,0
2026-04-29 14:35:00+05:30,2454.2,2460.0,2453.0,2457.3,5824,0
2026-04-29 14:40:00+05:30,2457.1,2458.8,2456.3,2457.3,2451,0
2026-04-29 14:45:00+05:30,2457.5,2458.0,2451.0,2452.2,4939,0
2026-04-29 14:50:00+05:30,2453.0,2453.0,2448.4,2449.2,3989,0
2026-04-29 14:55:00+05:30,2449.6,2450.4,2447.0,2447.0,5629,0
2026-04-29 15:00:00+05:30,2447.7,2449.6,2445.4,2447.0,19167,0
2026-04-29 15:05:00+05:30,2447.7,2448.7,2445.6,2447.0,16265,0
2026-04-29 15:10:00+05:30,2447.3,2448.9,2445.0,2447.5,14696,0
2026-04-29 15:15:00+05:30,2447.5,2449.9,2445.4,2448.0,17724,0
2026-04-29 15:20:00+05:30,2447.8,2451.8,2445.8,2445.8,26213,0
2026-04-29 15:25:00+05:30,2445.7,2453.6,2444.4,2451.6,26466,0
2026-04-30 09:15:00+05:30,2426.7,2429.7,2410.9,2414.8,36311,0
2026-04-30 09:20:00+05:30,2414.8,2415.0,2408.7,2410.4,10069,0
2026-04-30 09:25:00+05:30,2410.2,2413.9,2410.0,2411.4,3598,0
2026-04-30 09:30:00+05:30,2412.4,2417.1,2409.1,2417.0,5964,0
2026-04-30 09:35:00+05:30,2417.4,2419.7,2413.6,2414.3,5830,0
2026-04-30 09:40:00+05:30,2414.3,2419.0,2412.0,2416.6,3208,0
2026-04-30 09:45:00+05:30,2416.0,2422.8,2415.6,2420.0,5686,0
2026-04-30 09:50:00+05:30,2420.0,2421.0,2416.8,2417.4,3778,0
2026-04-30 09:55:00+05:30,2417.2,2422.4,2416.8,2417.8,4698,0
2026-04-30 10:00:00+05:30,2416.9,2418.0,2412.3,2416.3,4786,0
2026-04-30 10:05:00+05:30,2416.3,2418.9,2412.2,2412.2,5849,0
2026-04-30 10:10:00+05:30,2412.2,2413.7,2406.0,2408.9,14577,0
2026-04-30 10:15:00+05:30,2409.0,2418.6,2407.3,2417.6,13837,0
2026-04-30 10:20:00+05:30,2417.8,2418.1,2409.2,2412.0,5002,0
2026-04-30 10:25:00+05:30,2412.2,2414.9,2410.3,2413.9,4630,0
2026-04-30 10:30:00+05:30,2413.9,2419.3,2413.1,2419.3,4024,0
2026-04-30 10:35:00+05:30,2418.7,2424.9,2417.3,2424.9,9272,0
2026-04-30 10:40:00+05:30,2424.2,2425.9,2412.1,2414.0,8407,0
2026-04-30 10:45:00+05:30,2414.0,2414.4,2407.9,2411.7,6797,0
2026-04-30 10:50:00+05:30,2411.7,2413.5,2409.0,2409.5,15842,0
2026-04-30 10:55:00+05:30,2409.8,2410.0,2402.5,2405.8,9038,0
2026-04-30 11:00:00+05:30,2405.8,2408.4,2404.5,2405.6,4049,0
2026-04-30 11:05:00+05:30,2405.6,2407.8,2405.2,2405.7,2484,0
2026-04-30 11:10:00+05:30,2405.6,2406.4,2396.0,2397.2,16667,0
2026-04-30 11:15:00+05:30,2398.0,2400.7,2392.0,2392.1,10578,0
2026-04-30 11:20:00+05:30,2392.1,2393.0,2387.0,2391.9,27875,0
2026-04-30 11:25:00+05:30,2392.0,2395.4,2385.5,2388.0,13465,0
2026-04-30 11:30:00+05:30,2387.6,2394.9,2386.8,2394.4,9151,0
2026-04-30 11:35:00+05:30,2394.3,2406.5,2392.8,2404.8,14047,0
2026-04-30 11:40:00+05:30,2404.7,2409.4,2401.1,2408.1,13919,0
2026-04-30 11:45:00+05:30,2408.1,2410.8,2406.2,2408.1,8961,0
2026-04-30 11:50:00+05:30,2408.3,2409.0,2406.4,2409.0,3223,0
2026-04-30 11:55:00+05:30,2409.5,2411.8,2404.9,2406.0,8160,0
2026-04-30 12:00:00+05:30,2406.0,2409.9,2406.0,2409.5,2652,0
2026-04-30 12:05:00+05:30,2409.4,2413.8,2409.4,2411.8,7775,0
2026-04-30 12:10:00+05:30,2411.5,2417.8,2411.4,2415.8,11144,0
2026-04-30 12:15:00+05:30,2416.0,2416.5,2414.1,2415.3,2890,0
2026-04-30 12:20:00+05:30,2415.3,2422.1,2414.3,2421.4,13624,0
2026-04-30 12:25:00+05:30,2420.9,2424.4,2418.6,2422.8,18866,0
2026-04-30 12:30:00+05:30,2423.0,2425.0,2421.7,2422.9,10327,0
2026-04-30 12:35:00+05:30,2422.9,2424.0,2420.8,2423.5,3314,0
2026-04-30 12:40:00+05:30,2423.5,2424.0,2417.3,2422.6,8513,0
2026-04-30 12:45:00+05:30,2422.6,2426.4,2420.5,2426.0,5201,0
2026-04-30 12:50:00+05:30,2425.9,2431.4,2424.4,2430.4,8637,0
2026-04-30 12:55:00+05:30,2430.5,2430.5,2426.9,2428.9,7217,0
2026-04-30 13:00:00+05:30,2428.8,2429.2,2426.0,2426.3,1956,0
2026-04-30 13:05:00+05:30,2426.0,2426.1,2423.1,2425.6,4007,0
2026-04-30 13:10:00+05:30,2425.5,2428.5,2424.4,2428.0,2243,0
2026-04-30 13:15:00+05:30,2428.0,2429.0,2424.4,2426.2,5833,0
2026-04-30 13:20:00+05:30,2425.7,2428.0,2423.1,2427.0,2258,0
2026-04-30 13:25:00+05:30,2427.0,2431.7,2426.2,2430.9,8135,0
2026-04-30 13:30:00+05:30,2430.5,2433.7,2430.0,2430.9,4534,0
2026-04-30 13:35:00+05:30,2430.9,2434.0,2430.6,2432.2,6364,0
2026-04-30 13:40:00+05:30,2431.5,2435.8,2428.3,2434.5,7009,0
2026-04-30 13:45:00+05:30,2435.4,2437.1,2430.3,2431.5,9155,0
2026-04-30 13:50:00+05:30,2431.8,2432.3,2429.2,2430.8,2407,0
2026-04-30 13:55:00+05:30,2430.5,2436.0,2430.5,2436.0,4232,0
2026-04-30 14:00:00+05:30,2436.1,2439.8,2432.4,2437.3,4651,0
2026-04-30 14:05:00+05:30,2437.2,2437.2,2431.2,2436.3,5357,0
2026-04-30 14:10:00+05:30,2436.1,2438.6,2433.7,2436.5,6712,0
2026-04-30 14:15:00+05:30,2436.4,2439.4,2431.3,2431.8,9639,0
2026-04-30 14:20:00+05:30,2431.9,2433.9,2430.0,2433.1,4017,0
2026-04-30 14:25:00+05:30,2433.1,2434.0,2430.2,2434.0,9437,0
2026-04-30 14:30:00+05:30,2433.9,2439.8,2432.8,2439.1,5376,0
2026-04-30 14:35:00+05:30,2439.1,2449.4,2439.0,2447.2,9075,0
2026-04-30 14:40:00+05:30,2447.8,2455.9,2444.9,2451.9,26496,0
2026-04-30 14:45:00+05:30,2450.5,2454.8,2448.0,2449.1,23964,0
2026-04-30 14:50:00+05:30,2449.0,2451.9,2445.1,2447.6,19914,0
2026-04-30 14:55:00+05:30,2447.7,2451.6,2446.8,2449.4,7053,0
2026-04-30 15:00:00+05:30,2449.4,2449.5,2441.4,2444.3,39868,0
2026-04-30 15:05:00+05:30,2444.1,2445.9,2440.5,2440.5,30264,0
2026-04-30 15:10:00+05:30,2440.8,2444.7,2439.7,2443.7,33970,0
2026-04-30 15:15:00+05:30,2443.7,2443.7,2441.8,2442.0,28269,0
2026-04-30 15:20:00+05:30,2441.8,2447.6,2440.8,2447.2,42322,0
2026-04-30 15:25:00+05:30,2447.2,2455.6,2444.8,2450.0,45187,0
2026-05-04 09:15:00+05:30,2460.0,2487.0,2460.0,2471.6,37652,0
2026-05-04 09:20:00+05:30,2472.1,2488.8,2470.3,2485.5,44855,0
2026-05-04 09:25:00+05:30,2485.9,2507.0,2481.1,2493.3,29770,0
2026-05-04 09:30:00+05:30,2494.1,2501.0,2485.7,2499.0,27122,0
2026-05-04 09:35:00+05:30,2499.9,2502.8,2495.7,2497.1,18102,0
2026-05-04 09:40:00+05:30,2497.5,2504.0,2494.2,2502.9,10953,0
2026-05-04 09:45:00+05:30,2504.0,2505.0,2496.0,2496.6,7410,0
2026-05-04 09:50:00+05:30,2497.7,2499.8,2493.7,2495.2,10616,0
2026-05-04 09:55:00+05:30,2495.9,2496.5,2492.6,2496.5,5452,0
2026-05-04 10:00:00+05:30,2496.6,2499.8,2491.3,2494.0,5161,0
2026-05-04 10:05:00+05:30,2494.0,2497.0,2488.1,2490.1,8030,0
2026-05-04 10:10:00+05:30,2491.1,2493.0,2485.0,2486.6,4945,0
2026-05-04 10:15:00+05:30,2487.5,2490.7,2484.4,2487.2,5848,0
2026-05-04 10:20:00+05:30,2487.1,2490.4,2482.6,2482.9,6690,0
2026-05-04 10:25:00+05:30,2483.9,2493.0,2482.6,2492.2,5546,0
2026-05-04 10:30:00+05:30,2493.0,2495.5,2487.0,2489.1,7323,0
2026-05-04 10:35:00+05:30,2488.5,2492.3,2485.7,2487.3,4408,0
2026-05-04 10:40:00+05:30,2487.8,2488.9,2484.0,2487.9,5208,0
2026-05-04 10:45:00+05:30,2488.2,2490.5,2487.1,2490.0,4045,0
2026-05-04 10:50:00+05:30,2490.0,2498.9,2489.2,2493.8,9569,0
2026-05-04 10:55:00+05:30,2494.6,2494.6,2485.0,2485.4,4821,0
2026-05-04 11:00:00+05:30,2486.3,2488.9,2480.5,2483.2,6303,0
2026-05-04 11:05:00+05:30,2482.5,2486.0,2481.5,2484.5,4093,0
2026-05-04 11:10:00+05:30,2485.0,2485.7,2481.8,2484.8,5885,0
2026-05-04 11:15:00+05:30,2484.4,2486.2,2482.5,2482.5,2982,0
2026-05-04 11:20:00+05:30,2483.3,2486.2,2480.5,2481.8,3614,0
2026-05-04 11:25:00+05:30,2482.8,2483.3,2480.0,2481.6,3915,0
2026-05-04 11:30:00+05:30,2482.2,2483.9,2480.0,2480.4,2987,0
2026-05-04 11:35:00+05:30,2481.4,2482.6,2478.1,2481.0,3954,0
2026-05-04 11:40:00+05:30,2480.7,2480.8,2478.0,2478.5,2521,0
2026-05-04 11:45:00+05:30,2478.5,2482.5,2478.0,2482.4,4590,0
2026-05-04 11:50:00+05:30,2482.4,2485.8,2480.0,2480.4,4657,0
2026-05-04 11:55:00+05:30,2481.5,2481.6,2478.1,2479.5,2695,0
2026-05-04 12:00:00+05:30,2479.5,2479.8,2476.3,2478.0,3684,0
2026-05-04 12:05:00+05:30,2477.2,2479.9,2470.7,2471.9,6655,0
2026-05-04 12:10:00+05:30,2472.2,2473.6,2461.0,2462.5,9821,0
2026-05-04 12:15:00+05:30,2461.5,2463.1,2458.1,2461.1,8686,0
2026-05-04 12:20:00+05:30,2461.4,2466.3,2460.6,2462.7,4386,0
2026-05-04 12:25:00+05:30,2462.7,2464.0,2460.5,2462.5,3387,0
2026-05-04 12:30:00+05:30,2462.7,2462.7,2459.1,2459.1,3009,0
2026-05-04 12:35:00+05:30,2459.9,2464.2,2459.1,2463.5,4470,0
2026-05-04 12:40:00+05:30,2462.7,2465.9,2459.3,2463.7,3644,0
2026-05-04 12:45:00+05:30,2463.2,2465.0,2457.6,2459.5,4977,0
2026-05-04 12:50:00+05:30,2459.2,2464.6,2458.8,2461.9,4241,0
2026-05-04 12:55:00+05:30,2462.2,2463.5,2459.2,2460.1,2687,0
2026-05-04 13:00:00+05:30,2460.3,2461.0,2458.6,2460.0,3778,0
2026-05-04 13:05:00+05:30,2460.8,2462.9,2460.0,2461.2,3009,0
2026-05-04 13:10:00+05:30,2462.2,2463.5,2460.1,2460.3,2806,0
2026-05-04 13:15:00+05:30,2461.3,2462.3,2458.0,2459.6,5072,0
2026-05-04 13:20:00+05:30,2460.1,2460.1,2453.4,2454.0,6071,0
2026-05-04 13:25:00+05:30,2454.7,2457.1,2450.5,2451.3,7014,0
2026-05-04 13:30:00+05:30,2451.8,2453.3,2448.4,2449.9,6408,0
2026-05-04 13:35:00+05:30,2450.0,2452.8,2449.0,2452.8,3695,0
2026-05-04 13:40:00+05:30,2452.8,2456.8,2450.0,2455.8,5305,0
2026-05-04 13:45:00+05:30,2454.9,2456.0,2451.3,2453.6,3438,0
2026-05-04 13:50:00+05:30,2453.6,2455.7,2451.8,2453.4,2322,0
2026-05-04 13:55:00+05:30,2453.2,2453.3,2448.0,2450.0,3497,0
2026-05-04 14:00:00+05:30,2450.4,2450.6,2446.3,2450.0,4151,0
2026-05-04 14:05:00+05:30,2450.0,2452.0,2448.8,2451.9,2222,0
2026-05-04 14:10:00+05:30,2451.5,2458.9,2451.0,2458.0,3856,0
2026-05-04 14:15:00+05:30,2457.4,2460.0,2456.0,2457.5,4082,0
2026-05-04 14:20:00+05:30,2457.0,2458.5,2454.0,2455.2,2870,0
2026-05-04 14:25:00+05:30,2456.0,2457.0,2452.7,2454.6,2146,0
2026-05-04 14:30:00+05:30,2455.1,2456.1,2451.1,2455.2,3611,0
2026-05-04 14:35:00+05:30,2454.7,2455.2,2452.5,2452.5,2136,0
2026-05-04 14:40:00+05:30,2453.4,2453.4,2448.0,2451.9,4281,0
2026-05-04 14:45:00+05:30,2451.2,2451.4,2442.3,2446.2,14383,0
2026-05-04 14:50:00+05:30,2446.2,2448.2,2444.1,2448.2,8126,0
2026-05-04 14:55:00+05:30,2448.2,2450.9,2446.7,2450.5,6961,0
2026-05-04 15:00:00+05:30,2451.0,2451.8,2446.7,2448.4,11443,0
2026-05-04 15:05:00+05:30,2448.4,2451.6,2446.8,2449.6,11984,0
2026-05-04 15:10:00+05:30,2449.5,2454.9,2448.5,2450.0,16679,0
2026-05-04 15:15:00+05:30,2450.0,2450.0,2446.5,2448.2,20259,0
2026-05-04 15:20:00+05:30,2448.3,2449.0,2442.5,2443.8,22734,0
2026-05-04 15:25:00+05:30,2442.8,2449.8,2442.5,2448.0,15429,0
2026-05-05 09:15:00+05:30,2430.0,2454.9,2415.0,2448.3,37307,0
2026-05-05 09:20:00+05:30,2449.6,2452.5,2442.2,2442.6,8230,0
2026-05-05 09:25:00+05:30,2442.6,2444.4,2436.7,2442.6,6298,0
2026-05-05 09:30:00+05:30,2443.1,2450.0,2441.9,2445.6,5742,0
2026-05-05 09:35:00+05:30,2445.4,2450.5,2442.0,2444.5,6570,0
2026-05-05 09:40:00+05:30,2444.0,2444.8,2438.5,2440.9,6498,0
2026-05-05 09:45:00+05:30,2440.4,2443.7,2439.3,2443.3,1651,0
2026-05-05 09:50:00+05:30,2442.7,2445.0,2441.2,2443.4,2699,0
2026-05-05 09:55:00+05:30,2442.3,2444.5,2435.1,2438.2,3391,0
2026-05-05 10:00:00+05:30,2438.2,2441.6,2430.4,2440.3,5448,0
2026-05-05 10:05:00+05:30,2439.0,2441.2,2436.0,2440.3,1678,0
2026-05-05 10:10:00+05:30,2439.5,2441.0,2434.2,2435.9,2255,0
2026-05-05 10:15:00+05:30,2435.1,2436.7,2434.3,2435.0,2034,0
2026-05-05 10:20:00+05:30,2436.0,2438.6,2432.8,2434.6,2691,0
2026-05-05 10:25:00+05:30,2434.0,2434.8,2429.2,2430.3,4412,0
2026-05-05 10:30:00+05:30,2429.3,2433.8,2429.0,2430.0,2301,0
2026-05-05 10:35:00+05:30,2429.0,2434.0,2429.0,2433.2,3613,0
2026-05-05 10:40:00+05:30,2432.0,2434.0,2430.2,2431.8,1362,0
2026-05-05 10:45:00+05:30,2430.6,2432.4,2427.6,2428.6,2150,0
2026-05-05 10:50:00+05:30,2428.1,2429.9,2426.4,2429.3,2516,0
2026-05-05 10:55:00+05:30,2428.1,2429.6,2424.9,2427.7,9973,0
2026-05-05 11:00:00+05:30,2427.0,2431.3,2426.5,2430.0,2929,0
2026-05-05 11:05:00+05:30,2430.5,2430.8,2426.7,2428.5,1644,0
2026-05-05 11:10:00+05:30,2428.0,2430.5,2425.7,2427.1,3816,0
2026-05-05 11:15:00+05:30,2426.1,2429.1,2424.3,2426.0,2404,0
2026-05-05 11:20:00+05:30,2424.3,2427.8,2423.2,2426.2,3941,0
2026-05-05 11:25:00+05:30,2425.1,2427.8,2425.1,2427.0,2300,0
2026-05-05 11:30:00+05:30,2425.9,2427.7,2425.7,2426.5,1835,0
2026-05-05 11:35:00+05:30,2426.4,2427.6,2423.2,2424.2,4625,0
2026-05-05 11:40:00+05:30,2423.2,2424.8,2422.1,2423.0,2073,0
2026-05-05 11:45:00+05:30,2422.1,2426.9,2420.0,2421.3,8181,0
2026-05-05 11:50:00+05:30,2421.3,2424.7,2420.0,2421.1,7724,0
2026-05-05 11:55:00+05:30,2421.0,2423.3,2419.6,2420.1,2548,0
2026-05-05 12:00:00+05:30,2420.6,2424.7,2418.4,2423.7,4655,0
2026-05-05 12:05:00+05:30,2423.0,2427.6,2422.6,2426.6,4212,0
2026-05-05 12:10:00+05:30,2425.4,2429.0,2425.1,2427.9,4690,0
2026-05-05 12:15:00+05:30,2427.1,2427.9,2425.0,2426.6,1979,0
2026-05-05 12:20:00+05:30,2425.6,2427.0,2425.0,2426.2,1423,0
2026-05-05 12:25:00+05:30,2426.0,2426.6,2420.1,2420.3,4183,0
2026-05-05 12:30:00+05:30,2420.1,2421.3,2416.4,2418.5,5310,0
2026-05-05 12:35:00+05:30,2418.0,2423.7,2417.2,2421.5,3469,0
2026-05-05 12:40:00+05:30,2421.0,2422.8,2420.2,2420.9,2402,0
2026-05-05 12:45:00+05:30,2420.3,2421.5,2419.1,2421.5,1080,0
2026-05-05 12:50:00+05:30,2421.0,2423.6,2420.1,2421.5,2404,0
2026-05-05 12:55:00+05:30,2420.6,2424.6,2420.5,2424.4,1443,0
2026-05-05 13:00:00+05:30,2424.1,2431.0,2424.0,2429.9,4450,0
2026-05-05 13:05:00+05:30,2429.5,2437.6,2429.0,2432.9,7118,0
2026-05-05 13:10:00+05:30,2432.3,2435.2,2430.5,2431.9,3142,0
2026-05-05 13:15:00+05:30,2431.9,2433.6,2430.2,2431.2,3226,0
2026-05-05 13:20:00+05:30,2430.2,2432.2,2428.8,2430.4,2458,0
2026-05-05 13:25:00+05:30,2430.2,2431.9,2428.2,2428.4,1675,0
2026-05-05 13:30:00+05:30,2428.2,2429.3,2426.0,2427.3,1779,0
2026-05-05 13:35:00+05:30,2426.5,2427.5,2425.6,2427.0,1332,0
2026-05-05 13:40:00+05:30,2426.3,2431.0,2426.3,2430.9,2063,0
2026-05-05 13:45:00+05:30,2430.0,2431.1,2427.3,2429.3,1236,0
2026-05-05 13:50:00+05:30,2428.5,2431.2,2425.8,2426.8,4597,0
2026-05-05 13:55:00+05:30,2426.0,2429.0,2424.1,2427.3,2085,0
2026-05-05 14:00:00+05:30,2426.8,2427.8,2425.6,2427.3,1032,0
2026-05-05 14:05:00+05:30,2426.7,2427.4,2424.0,2425.3,2270,0
2026-05-05 14:10:00+05:30,2424.3,2426.8,2422.8,2424.0,4976,0
2026-05-05 14:15:00+05:30,2423.3,2431.4,2423.3,2429.8,1899,0
2026-05-05 14:20:00+05:30,2428.6,2431.5,2428.3,2430.0,2320,0
2026-05-05 14:25:00+05:30,2429.4,2432.2,2428.8,2432.2,2480,0
2026-05-05 14:30:00+05:30,2431.1,2432.4,2425.2,2426.5,4040,0
2026-05-05 14:35:00+05:30,2425.4,2427.1,2423.4,2425.6,1907,0
2026-05-05 14:40:00+05:30,2425.0,2427.9,2424.2,2427.2,1609,0
2026-05-05 14:45:00+05:30,2425.8,2427.9,2424.0,2426.2,5006,0
2026-05-05 14:50:00+05:30,2426.4,2429.3,2424.0,2428.6,3427,0
2026-05-05 14:55:00+05:30,2427.5,2428.8,2424.7,2426.3,2338,0
2026-05-05 15:00:00+05:30,2427.0,2429.0,2425.2,2426.7,7162,0
2026-05-05 15:05:00+05:30,2426.0,2429.5,2425.9,2427.1,10744,0
2026-05-05 15:10:00+05:30,2426.6,2431.4,2426.6,2430.1,10833,0
2026-05-05 15:15:00+05:30,2429.3,2431.8,2428.0,2429.5,8139,0
2026-05-05 15:20:00+05:30,2428.9,2435.4,2428.1,2434.9,13309,0
2026-05-05 15:25:00+05:30,2433.4,2437.3,2428.0,2432.5,8938,0
2026-05-06 09:15:00+05:30,2460.0,2469.8,2446.1,2447.1,43218,0
2026-05-06 09:20:00+05:30,2447.1,2448.7,2440.4,2448.0,21220,0
2026-05-06 09:25:00+05:30,2448.0,2450.4,2446.0,2449.9,12402,0
2026-05-06 09:30:00+05:30,2449.9,2451.3,2447.3,2449.0,8734,0
2026-05-06 09:35:00+05:30,2449.0,2450.0,2444.1,2446.6,8582,0
2026-05-06 09:40:00+05:30,2446.6,2446.6,2443.1,2445.0,4162,0
2026-05-06 09:45:00+05:30,2445.0,2445.2,2442.0,2442.0,3245,0
2026-05-06 09:50:00+05:30,2442.0,2445.1,2441.2,2445.1,8377,0
2026-05-06 09:55:00+05:30,2444.8,2448.3,2441.6,2444.5,8249,0
2026-05-06 10:00:00+05:30,2444.0,2447.5,2441.8,2446.6,8585,0
2026-05-06 10:05:00+05:30,2446.6,2448.0,2444.5,2445.0,2580,0
2026-05-06 10:10:00+05:30,2445.1,2449.8,2445.0,2449.4,3999,0
2026-05-06 10:15:00+05:30,2449.4,2449.8,2448.2,2449.5,3807,0
2026-05-06 10:20:00+05:30,2449.5,2450.6,2445.8,2446.3,4161,0
2026-05-06 10:25:00+05:30,2446.4,2450.4,2446.0,2449.0,6440,0
2026-05-06 10:30:00+05:30,2449.0,2457.4,2448.0,2455.6,12902,0
2026-05-06 10:35:00+05:30,2455.6,2464.1,2453.5,2462.8,10212,0
2026-05-06 10:40:00+05:30,2463.8,2482.8,2462.8,2481.3,24868,0
2026-05-06 10:45:00+05:30,2481.4,2482.2,2472.0,2472.7,9592,0
2026-05-06 10:50:00+05:30,2473.0,2479.6,2464.8,2468.7,16460,0
2026-05-06 10:55:00+05:30,2468.6,2473.9,2467.0,2471.0,8768,0
2026-05-06 11:00:00+05:30,2471.1,2471.7,2466.6,2467.5,5561,0
2026-05-06 11:05:00+05:30,2467.5,2473.3,2467.3,2470.6,5414,0
2026-05-06 11:10:00+05:30,2470.6,2471.0,2468.6,2470.2,4889,0
2026-05-06 11:15:00+05:30,2470.6,2474.9,2469.5,2470.8,9436,0
2026-05-06 11:20:00+05:30,2470.8,2477.4,2469.6,2474.7,9464,0
2026-05-06 11:25:00+05:30,2474.7,2478.4,2472.5,2476.3,4974,0
2026-05-06 11:30:00+05:30,2477.0,2480.0,2475.0,2476.3,6725,0
2026-05-06 11:35:00+05:30,2477.0,2477.7,2470.0,2470.5,7332,0
2026-05-06 11:40:00+05:30,2470.6,2473.4,2470.1,2472.1,5488,0
2026-05-06 11:45:00+05:30,2473.0,2476.0,2472.1,2475.5,3367,0
2026-05-06 11:50:00+05:30,2475.5,2476.4,2471.7,2474.1,5258,0
2026-05-06 11:55:00+05:30,2474.8,2477.8,2474.3,2477.3,4011,0
2026-05-06 12:00:00+05:30,2477.1,2478.0,2475.3,2476.2,3531,0
2026-05-06 12:05:00+05:30,2476.5,2481.4,2475.4,2480.3,9223,0
2026-05-06 12:10:00+05:30,2480.3,2482.0,2478.3,2478.9,4944,0
2026-05-06 12:15:00+05:30,2478.9,2479.4,2476.4,2478.0,4750,0
2026-05-06 12:20:00+05:30,2478.4,2480.0,2476.2,2476.2,7584,0
2026-05-06 12:25:00+05:30,2477.0,2479.2,2475.9,2477.0,3261,0
2026-05-06 12:30:00+05:30,2477.5,2478.4,2475.9,2475.9,2627,0
2026-05-06 12:35:00+05:30,2475.9,2477.5,2471.6,2473.9,6116,0
2026-05-06 12:40:00+05:30,2474.2,2475.4,2469.7,2470.0,8726,0
2026-05-06 12:45:00+05:30,2470.6,2471.5,2466.2,2467.8,5972,0
2026-05-06 12:50:00+05:30,2467.8,2472.0,2466.4,2470.0,8958,0
2026-05-06 12:55:00+05:30,2470.5,2471.7,2468.3,2469.0,3533,0
2026-05-06 13:00:00+05:30,2469.6,2470.3,2466.8,2466.9,3731,0
2026-05-06 13:05:00+05:30,2467.9,2471.5,2465.4,2471.0,6140,0
2026-05-06 13:10:00+05:30,2471.0,2477.9,2470.6,2474.8,5808,0
2026-05-06 13:15:00+05:30,2475.0,2478.1,2474.6,2476.0,3823,0
2026-05-06 13:20:00+05:30,2476.1,2479.9,2475.5,2477.9,4966,0
2026-05-06 13:25:00+05:30,2478.1,2478.8,2476.0,2477.2,2044,0
2026-05-06 13:30:00+05:30,2477.3,2479.8,2476.0,2477.2,3885,0
2026-05-06 13:35:00+05:30,2477.4,2481.6,2477.2,2478.1,9835,0
2026-05-06 13:40:00+05:30,2478.6,2482.4,2476.0,2482.4,4487,0
2026-05-06 13:45:00+05:30,2482.4,2486.4,2480.2,2482.2,25301,0
2026-05-06 13:50:00+05:30,2483.3,2486.6,2482.1,2486.0,9790,0
2026-05-06 13:55:00+05:30,2486.0,2493.8,2485.4,2491.1,26370,0
2026-05-06 14:00:00+05:30,2492.2,2498.9,2489.5,2498.5,25482,0
2026-05-06 14:05:00+05:30,2498.6,2498.8,2491.6,2493.9,18941,0
2026-05-06 14:10:00+05:30,2493.7,2496.7,2491.8,2494.9,22575,0
2026-05-06 14:15:00+05:30,2496.1,2496.9,2493.7,2494.9,15911,0
2026-05-06 14:20:00+05:30,2495.9,2515.0,2494.7,2508.6,61861,0
2026-05-06 14:25:00+05:30,2508.6,2518.8,2507.0,2508.3,56936,0
2026-05-06 14:30:00+05:30,2508.8,2516.3,2503.0,2505.3,47576,0
2026-05-06 14:35:00+05:30,2505.6,2509.2,2502.4,2509.2,47667,0
2026-05-06 14:40:00+05:30,2509.6,2517.0,2508.1,2511.1,86797,0
2026-05-06 14:45:00+05:30,2511.1,2517.8,2507.8,2514.7,52724,0
2026-05-06 14:50:00+05:30,2514.8,2517.7,2507.4,2509.2,60062,0
2026-05-06 14:55:00+05:30,2510.2,2516.2,2508.6,2509.0,50389,0
2026-05-06 15:00:00+05:30,2509.1,2510.7,2503.0,2505.1,39992,0
2026-05-06 15:05:00+05:30,2505.7,2508.6,2503.9,2507.4,29096,0
2026-05-06 15:10:00+05:30,2507.6,2520.7,2506.8,2520.7,40867,0
2026-05-06 15:15:00+05:30,2520.7,2525.0,2519.1,2524.3,87055,0
2026-05-06 15:20:00+05:30,2524.0,2527.9,2519.1,2522.1,83983,0
2026-05-06 15:25:00+05:30,2522.7,2529.0,2521.0,2525.1,89859,0
2026-05-07 09:15:00+05:30,2534.6,2546.4,2519.0,2521.0,76010,0
2026-05-07 09:20:00+05:30,2520.0,2521.8,2511.3,2517.5,25377,0
2026-05-07 09:25:00+05:30,2517.6,2528.8,2517.6,2522.4,28856,0
2026-05-07 09:30:00+05:30,2523.2,2529.0,2520.0,2523.7,20484,0
2026-05-07 09:35:00+05:30,2523.8,2524.9,2520.0,2523.8,6292,0
2026-05-07 09:40:00+05:30,2523.9,2532.5,2521.8,2530.2,26926,0
2026-05-07 09:45:00+05:30,2529.0,2530.2,2522.4,2523.1,12956,0
2026-05-07 09:50:00+05:30,2522.1,2525.5,2520.0,2521.1,6691,0
2026-05-07 09:55:00+05:30,2521.6,2525.0,2520.6,2523.6,5394,0
2026-05-07 10:00:00+05:30,2523.5,2523.5,2516.1,2518.2,11071,0
2026-05-07 10:05:00+05:30,2518.2,2518.3,2513.1,2517.3,7028,0
2026-05-07 10:10:00+05:30,2517.3,2522.3,2516.7,2522.2,6033,0
2026-05-07 10:15:00+05:30,2522.2,2523.6,2520.0,2521.9,5554,0
2026-05-07 10:20:00+05:30,2521.9,2525.0,2521.0,2523.4,10229,0
2026-05-07 10:25:00+05:30,2523.4,2526.8,2522.8,2524.6,5305,0
2026-05-07 10:30:00+05:30,2524.6,2524.8,2520.2,2520.3,8378,0
2026-05-07 10:35:00+05:30,2521.3,2521.3,2516.0,2519.0,6186,0
2026-05-07 10:40:00+05:30,2518.9,2520.0,2516.3,2519.1,5093,0
2026-05-07 10:45:00+05:30,2519.2,2523.9,2518.5,2522.9,5369,0
2026-05-07 10:50:00+05:30,2522.9,2523.8,2518.0,2519.8,7955,0
2026-05-07 10:55:00+05:30,2521.0,2524.7,2519.3,2522.4,7060,0
2026-05-07 11:00:00+05:30,2522.4,2522.9,2521.0,2521.3,3578,0
2026-05-07 11:05:00+05:30,2521.3,2521.3,2518.2,2520.1,4546,0
2026-05-07 11:10:00+05:30,2520.1,2522.0,2519.2,2521.0,2656,0
2026-05-07 11:15:00+05:30,2521.0,2522.0,2518.9,2521.2,4036,0
2026-05-07 11:20:00+05:30,2521.2,2521.2,2518.2,2521.2,3920,0
2026-05-07 11:25:00+05:30,2520.8,2527.0,2519.0,2526.6,18657,0
2026-05-07 11:30:00+05:30,2526.8,2532.0,2525.9,2529.0,17085,0
2026-05-07 11:35:00+05:30,2529.0,2532.6,2526.2,2529.6,17936,0
2026-05-07 11:40:00+05:30,2529.6,2532.0,2526.0,2526.2,6422,0
2026-05-07 11:45:00+05:30,2526.9,2527.7,2524.7,2526.3,6265,0
2026-05-07 11:50:00+05:30,2527.2,2527.5,2525.2,2525.5,2220,0
2026-05-07 11:55:00+05:30,2525.5,2530.0,2525.1,2528.1,6777,0
2026-05-07 12:00:00+05:30,2528.9,2531.2,2528.0,2530.0,7114,0
2026-05-07 12:05:00+05:30,2530.2,2530.3,2527.9,2530.1,4238,0
2026-05-07 12:10:00+05:30,2530.1,2530.9,2528.0,2529.6,2869,0
2026-05-07 12:15:00+05:30,2529.8,2531.1,2529.0,2529.0,3936,0
2026-05-07 12:20:00+05:30,2529.3,2530.5,2525.5,2528.6,5853,0
2026-05-07 12:25:00+05:30,2528.6,2530.0,2527.0,2527.0,3790,0
2026-05-07 12:30:00+05:30,2527.2,2528.5,2523.1,2525.8,4972,0
2026-05-07 12:35:00+05:30,2525.8,2538.0,2523.6,2538.0,18741,0
2026-05-07 12:40:00+05:30,2538.1,2546.4,2536.0,2539.2,29614,0
2026-05-07 12:45:00+05:30,2539.8,2542.8,2534.0,2539.2,11001,0
2026-05-07 12:50:00+05:30,2538.3,2539.9,2535.0,2537.5,5574,0
2026-05-07 12:55:00+05:30,2537.3,2544.3,2536.0,2542.3,9681,0
2026-05-07 13:00:00+05:30,2543.1,2551.5,2534.5,2550.0,42939,0
2026-05-07 13:05:00+05:30,2550.0,2552.0,2545.0,2545.0,18742,0
2026-05-07 13:10:00+05:30,2545.7,2555.8,2544.2,2552.3,43696,0
2026-05-07 13:15:00+05:30,2552.3,2554.2,2540.9,2543.8,16462,0
2026-05-07 13:20:00+05:30,2543.6,2546.7,2535.3,2536.0,9900,0
2026-05-07 13:25:00+05:30,2536.7,2537.4,2532.2,2534.1,9406,0
2026-05-07 13:30:00+05:30,2534.1,2534.2,2530.0,2531.8,5755,0
2026-05-07 13:35:00+05:30,2531.7,2534.4,2528.4,2530.0,13096,0
2026-05-07 13:40:00+05:30,2530.1,2537.4,2528.2,2536.2,6600,0
2026-05-07 13:45:00+05:30,2536.2,2541.0,2535.0,2535.7,14899,0
2026-05-07 13:50:00+05:30,2535.8,2537.0,2531.3,2532.2,2564,0
2026-05-07 13:55:00+05:30,2532.2,2533.0,2526.0,2530.8,6218,0
2026-05-07 14:00:00+05:30,2531.7,2534.1,2530.2,2531.3,5285,0
2026-05-07 14:05:00+05:30,2531.3,2533.2,2529.8,2531.1,10326,0
2026-05-07 14:10:00+05:30,2530.1,2531.5,2527.5,2528.9,5651,0
2026-05-07 14:15:00+05:30,2528.9,2530.1,2527.3,2528.8,6310,0
2026-05-07 14:20:00+05:30,2528.4,2530.4,2526.0,2530.4,9029,0
2026-05-07 14:25:00+05:30,2530.1,2533.2,2530.1,2532.4,3756,0
2026-05-07 14:30:00+05:30,2532.4,2533.3,2530.0,2531.3,7464,0
2026-05-07 14:35:00+05:30,2530.6,2531.3,2528.0,2528.5,4967,0
2026-05-07 14:40:00+05:30,2528.5,2529.6,2526.4,2528.0,5921,0
2026-05-07 14:45:00+05:30,2528.1,2528.9,2525.4,2526.9,11882,0
2026-05-07 14:50:00+05:30,2526.2,2528.7,2526.1,2528.4,3099,0
2026-05-07 14:55:00+05:30,2528.3,2536.0,2528.0,2531.8,25825,0
2026-05-07 15:00:00+05:30,2531.8,2532.7,2525.3,2526.5,41809,0
2026-05-07 15:05:00+05:30,2526.6,2528.0,2524.5,2526.7,32569,0
2026-05-07 15:10:00+05:30,2526.7,2532.9,2525.7,2530.4,69565,0
2026-05-07 15:15:00+05:30,2530.4,2533.8,2529.7,2533.3,29850,0
2026-05-07 15:20:00+05:30,2533.2,2533.3,2531.9,2532.9,59347,0
2026-05-07 15:25:00+05:30,2532.8,2536.8,2532.0,2536.0,34831,0
2026-05-08 09:15:00+05:30,2540.0,2572.5,2515.4,2566.0,154465,0
2026-05-08 09:20:00+05:30,2566.4,2567.5,2550.0,2561.5,43235,0
2026-05-08 09:25:00+05:30,2562.0,2569.0,2560.4,2563.4,29210,0
2026-05-08 09:30:00+05:30,2563.3,2563.4,2551.5,2554.0,23920,0
2026-05-08 09:35:00+05:30,2554.0,2556.0,2540.6,2543.2,25410,0
2026-05-08 09:40:00+05:30,2543.7,2549.4,2540.2,2547.4,24203,0
2026-05-08 09:45:00+05:30,2547.4,2552.0,2544.4,2547.2,34997,0
2026-05-08 09:50:00+05:30,2547.2,2549.9,2545.0,2548.0,11089,0
2026-05-08 09:55:00+05:30,2548.0,2548.4,2545.0,2547.6,9464,0
2026-05-08 10:00:00+05:30,2547.7,2549.0,2545.2,2548.4,5768,0
2026-05-08 10:05:00+05:30,2549.0,2549.9,2545.0,2547.3,8246,0
2026-05-08 10:10:00+05:30,2547.3,2557.5,2545.1,2557.0,16690,0
2026-05-08 10:15:00+05:30,2557.2,2563.3,2554.3,2562.4,21517,0
2026-05-08 10:20:00+05:30,2562.3,2571.5,2561.6,2570.0,42318,0
2026-05-08 10:25:00+05:30,2570.0,2573.9,2565.0,2571.2,34738,0
2026-05-08 10:30:00+05:30,2572.0,2577.0,2570.6,2575.2,38830,0
2026-05-08 10:35:00+05:30,2576.3,2588.0,2575.2,2586.6,57859,0
2026-05-08 10:40:00+05:30,2587.0,2590.8,2582.5,2587.9,54499,0
2026-05-08 10:45:00+05:30,2587.9,2593.4,2581.0,2582.0,44277,0
2026-05-08 10:50:00+05:30,2582.0,2588.0,2578.0,2587.9,19337,0
2026-05-08 10:55:00+05:30,2587.9,2589.2,2583.5,2584.9,23479,0
2026-05-08 11:00:00+05:30,2584.9,2591.4,2582.6,2590.2,20115,0
2026-05-08 11:05:00+05:30,2590.2,2595.0,2589.4,2594.0,21571,0
2026-05-08 11:10:00+05:30,2594.0,2598.8,2592.0,2597.0,35777,0
2026-05-08 11:15:00+05:30,2597.0,2598.0,2590.0,2596.6,31473,0
2026-05-08 11:20:00+05:30,2596.0,2598.3,2593.9,2596.4,16836,0
2026-05-08 11:25:00+05:30,2596.4,2598.0,2593.3,2597.6,18330,0
2026-05-08 11:30:00+05:30,2596.9,2599.9,2595.8,2599.8,34352,0
2026-05-08 11:35:00+05:30,2599.9,2602.5,2595.6,2600.0,38259,0
2026-05-08 11:40:00+05:30,2600.1,2604.0,2594.8,2599.0,27843,0
2026-05-08 11:45:00+05:30,2599.0,2603.5,2597.0,2602.2,23955,0
2026-05-08 11:50:00+05:30,2602.4,2602.7,2597.0,2599.5,24271,0
2026-05-08 11:55:00+05:30,2599.5,2601.9,2597.9,2600.5,16469,0
2026-05-08 12:00:00+05:30,2600.5,2605.0,2600.0,2604.5,18814,0
2026-05-08 12:05:00+05:30,2604.5,2604.8,2600.0,2600.2,14844,0
2026-05-08 12:10:00+05:30,2601.0,2602.1,2597.0,2598.7,18916,0
2026-05-08 12:15:00+05:30,2598.7,2598.7,2590.1,2592.0,38182,0
2026-05-08 12:20:00+05:30,2591.5,2595.3,2591.0,2593.8,11224,0
2026-05-08 12:25:00+05:30,2595.0,2595.3,2590.7,2591.0,16897,0
2026-05-08 12:30:00+05:30,2591.0,2594.5,2583.8,2586.0,81499,0
2026-05-08 12:35:00+05:30,2585.5,2586.2,2582.5,2583.1,12217,0
2026-05-08 12:40:00+05:30,2583.2,2596.8,2582.0,2596.8,23139,0
2026-05-08 12:45:00+05:30,2596.8,2597.4,2591.5,2596.7,24135,0
2026-05-08 12:50:00+05:30,2596.7,2597.2,2592.8,2595.3,25677,0
2026-05-08 12:55:00+05:30,2595.3,2596.0,2590.3,2594.0,20581,0
2026-05-08 13:00:00+05:30,2594.0,2594.0,2583.7,2584.8,16597,0
2026-05-08 13:05:00+05:30,2584.3,2594.0,2582.5,2594.0,17750,0
2026-05-08 13:10:00+05:30,2594.0,2594.0,2586.5,2587.8,21038,0
2026-05-08 13:15:00+05:30,2587.6,2588.0,2585.0,2587.4,10029,0
2026-05-08 13:20:00+05:30,2587.3,2590.1,2584.6,2589.0,23948,0
2026-05-08 13:25:00+05:30,2589.0,2596.1,2588.4,2594.4,16770,0
2026-05-08 13:30:00+05:30,2594.8,2597.0,2592.7,2596.3,13768,0
2026-05-08 13:35:00+05:30,2595.8,2599.0,2595.0,2597.5,15865,0
2026-05-08 13:40:00+05:30,2597.5,2601.4,2596.4,2601.4,21049,0
2026-05-08 13:45:00+05:30,2601.7,2605.0,2601.1,2603.2,20597,0
2026-05-08 13:50:00+05:30,2602.7,2603.1,2595.0,2598.5,27454,0
2026-05-08 13:55:00+05:30,2598.8,2600.8,2594.0,2594.0,15893,0
2026-05-08 14:00:00+05:30,2594.5,2599.9,2593.5,2599.5,9061,0
2026-05-08 14:05:00+05:30,2599.0,2607.4,2598.7,2602.5,26421,0
2026-05-08 14:10:00+05:30,2603.0,2603.0,2598.0,2601.1,8376,0
2026-05-08 14:15:00+05:30,2601.5,2601.6,2597.6,2600.1,5938,0
2026-05-08 14:20:00+05:30,2599.6,2601.5,2595.0,2599.3,16465,0
2026-05-08 14:25:00+05:30,2599.3,2599.8,2596.0,2599.7,12240,0
2026-05-08 14:30:00+05:30,2599.1,2602.8,2598.2,2600.0,12215,0
2026-05-08 14:35:00+05:30,2599.3,2603.4,2595.1,2602.5,34607,0
2026-05-08 14:40:00+05:30,2603.0,2605.6,2599.1,2602.9,27252,0
2026-05-08 14:45:00+05:30,2602.9,2603.3,2598.4,2601.0,23346,0
2026-05-08 14:50:00+05:30,2601.3,2605.1,2600.3,2602.9,21514,0
2026-05-08 14:55:00+05:30,2603.0,2606.5,2602.2,2603.9,26198,0
2026-05-08 15:00:00+05:30,2603.9,2603.9,2598.2,2600.9,30317,0
2026-05-08 15:05:00+05:30,2601.0,2604.9,2600.4,2603.7,22926,0
2026-05-08 15:10:00+05:30,2603.7,2604.2,2596.1,2600.1,54849,0
2026-05-08 15:15:00+05:30,2600.1,2602.0,2595.2,2600.0,60367,0
2026-05-08 15:20:00+05:30,2598.9,2601.0,2595.4,2599.0,125109,0
2026-05-08 15:25:00+05:30,2598.5,2601.0,2596.1,2600.0,250870,0
2026-05-11 09:15:00+05:30,2578.9,2587.5,2557.0,2582.8,83823,0
2026-05-11 09:20:00+05:30,2582.9,2598.4,2570.7,2598.0,41165,0
2026-05-11 09:25:00+05:30,2597.9,2598.0,2572.5,2576.8,35640,0
2026-05-11 09:30:00+05:30,2577.0,2593.3,2575.0,2583.4,17060,0
2026-05-11 09:35:00+05:30,2584.1,2588.3,2575.1,2575.7,15104,0
2026-05-11 09:40:00+05:30,2576.0,2588.0,2566.0,2586.2,36198,0
2026-05-11 09:45:00+05:30,2586.7,2589.7,2580.0,2580.0,16012,0
2026-05-11 09:50:00+05:30,2580.6,2583.4,2572.6,2580.9,10683,0
2026-05-11 09:55:00+05:30,2581.9,2583.5,2577.0,2582.7,5068,0
2026-05-11 10:00:00+05:30,2582.9,2585.9,2579.6,2580.5,6955,0
2026-05-11 10:05:00+05:30,2581.3,2591.7,2579.9,2583.3,12591,0
2026-05-11 10:10:00+05:30,2583.4,2591.5,2579.6,2588.3,7683,0
2026-05-11 10:15:00+05:30,2588.2,2588.2,2578.3,2582.0,5693,0
2026-05-11 10:20:00+05:30,2582.0,2586.7,2580.4,2584.6,2588,0
2026-05-11 10:25:00+05:30,2584.4,2585.7,2580.7,2582.0,3246,0
2026-05-11 10:30:00+05:30,2582.1,2582.5,2577.3,2579.5,4311,0
2026-05-11 10:35:00+05:30,2579.5,2580.0,2573.0,2577.3,3861,0
2026-05-11 10:40:00+05:30,2577.9,2579.9,2575.0,2577.4,2612,0
2026-05-11 10:45:00+05:30,2578.5,2581.0,2575.3,2580.0,3840,0
2026-05-11 10:50:00+05:30,2580.0,2584.5,2574.2,2575.0,11727,0
2026-05-11 10:55:00+05:30,2575.0,2576.3,2572.2,2572.9,4137,0
2026-05-11 11:00:00+05:30,2572.9,2578.7,2568.0,2576.9,31697,0
2026-05-11 11:05:00+05:30,2576.9,2579.0,2573.3,2574.2,27090,0
2026-05-11 11:10:00+05:30,2575.0,2575.3,2562.4,2572.4,11830,0
2026-05-11 11:15:00+05:30,2572.4,2573.5,2565.9,2571.4,8273,0
2026-05-11 11:20:00+05:30,2571.9,2573.3,2565.0,2567.8,6709,0
2026-05-11 11:25:00+05:30,2568.3,2575.0,2567.8,2569.7,6258,0
2026-05-11 11:30:00+05:30,2570.5,2573.1,2567.5,2571.9,3836,0
2026-05-11 11:35:00+05:30,2571.8,2573.1,2570.0,2571.4,5200,0
2026-05-11 11:40:00+05:30,2571.4,2573.7,2569.0,2569.5,5480,0
2026-05-11 11:45:00+05:30,2570.0,2571.3,2564.0,2566.0,6491,0
2026-05-11 11:50:00+05:30,2566.0,2578.3,2566.0,2577.8,5848,0
2026-05-11 11:55:00+05:30,2577.8,2579.5,2574.7,2576.8,2796,0
2026-05-11 12:00:00+05:30,2577.0,2579.8,2568.2,2568.2,5427,0
2026-05-11 12:05:00+05:30,2569.2,2572.8,2566.0,2568.5,4308,0
2026-05-11 12:10:00+05:30,2568.2,2572.7,2565.2,2570.1,6433,0
2026-05-11 12:15:00+05:30,2570.0,2574.3,2570.0,2572.3,3063,0
2026-05-11 12:20:00+05:30,2572.3,2579.5,2569.9,2578.5,5618,0
2026-05-11 12:25:00+05:30,2579.0,2583.0,2578.3,2580.0,32129,0
2026-05-11 12:30:00+05:30,2580.2,2583.0,2580.0,2581.8,3556,0
2026-05-11 12:35:00+05:30,2582.0,2589.9,2578.8,2580.0,10189,0
2026-05-11 12:40:00+05:30,2580.3,2585.0,2579.2,2580.0,12338,0
2026-05-11 12:45:00+05:30,2580.7,2582.4,2580.0,2580.0,7478,0
2026-05-11 12:50:00+05:30,2580.2,2582.5,2579.7,2580.5,10952,0
2026-05-11 12:55:00+05:30,2581.5,2581.7,2579.5,2580.1,2581,0
2026-05-11 13:00:00+05:30,2580.7,2582.0,2580.0,2580.2,2347,0
2026-05-11 13:05:00+05:30,2580.3,2582.6,2578.8,2580.9,10508,0
2026-05-11 13:10:00+05:30,2580.9,2581.1,2579.1,2580.3,10145,0
2026-05-11 13:15:00+05:30,2581.2,2581.4,2578.2,2580.3,10653,0
2026-05-11 13:20:00+05:30,2580.0,2581.5,2580.0,2580.4,2255,0
2026-05-11 13:25:00+05:30,2580.6,2581.3,2580.0,2580.0,4063,0
2026-05-11 13:30:00+05:30,2580.0,2581.9,2579.4,2580.2,3634,0
2026-05-11 13:35:00+05:30,2580.2,2594.0,2580.0,2586.6,19849,0
2026-05-11 13:40:00+05:30,2586.6,2607.9,2586.5,2603.0,148734,0
2026-05-11 13:45:00+05:30,2603.3,2606.7,2600.2,2600.3,8839,0
2026-05-11 13:50:00+05:30,2601.3,2602.6,2600.0,2602.0,4470,0
2026-05-11 13:55:00+05:30,2602.0,2602.8,2594.7,2596.3,7034,0
2026-05-11 14:00:00+05:30,2596.1,2602.5,2594.7,2602.0,9534,0
2026-05-11 14:05:00+05:30,2602.7,2602.7,2596.1,2596.1,8402,0
2026-05-11 14:10:00+05:30,2597.1,2598.0,2593.2,2594.0,14195,0
2026-05-11 14:15:00+05:30,2594.0,2595.8,2588.8,2590.6,57431,0
2026-05-11 14:20:00+05:30,2590.8,2592.0,2583.6,2583.6,19754,0
2026-05-11 14:25:00+05:30,2583.6,2587.6,2582.1,2586.0,13998,0
2026-05-11 14:30:00+05:30,2585.8,2586.5,2581.9,2585.6,17186,0
2026-05-11 14:35:00+05:30,2586.0,2587.2,2575.0,2580.7,14470,0
2026-05-11 14:40:00+05:30,2580.7,2584.2,2577.6,2579.6,7023,0
2026-05-11 14:45:00+05:30,2579.6,2589.4,2577.6,2587.4,53975,0
2026-05-11 14:50:00+05:30,2587.5,2590.0,2572.0,2576.2,41001,0
2026-05-11 14:55:00+05:30,2577.5,2578.7,2569.6,2569.6,28403,0
2026-05-11 15:00:00+05:30,2569.6,2570.7,2560.6,2563.6,42570,0
2026-05-11 15:05:00+05:30,2563.7,2569.7,2559.5,2569.5,37005,0
2026-05-11 15:10:00+05:30,2569.6,2573.4,2566.3,2567.5,29757,0
2026-05-11 15:15:00+05:30,2567.3,2569.9,2564.1,2566.5,28078,0
2026-05-11 15:20:00+05:30,2566.8,2566.8,2562.5,2563.0,26339,0
2026-05-11 15:25:00+05:30,2563.0,2568.0,2555.0,2568.0,33892,0
2026-05-12 09:15:00+05:30,2546.2,2555.7,2540.5,2544.8,27668,0
2026-05-12 09:20:00+05:30,2544.7,2547.2,2537.0,2539.2,16567,0
2026-05-12 09:25:00+05:30,2539.9,2541.3,2530.1,2532.1,15231,0
2026-05-12 09:30:00+05:30,2532.6,2536.8,2529.1,2529.1,11666,0
2026-05-12 09:35:00+05:30,2530.0,2539.8,2529.1,2536.3,10634,0
2026-05-12 09:40:00+05:30,2536.3,2537.3,2532.4,2535.8,6394,0
2026-05-12 09:45:00+05:30,2535.6,2537.3,2530.2,2531.1,3815,0
2026-05-12 09:50:00+05:30,2531.1,2533.5,2530.0,2531.4,5530,0
2026-05-12 09:55:00+05:30,2531.0,2533.9,2530.3,2531.5,4424,0
2026-05-12 10:00:00+05:30,2531.3,2532.1,2527.1,2528.1,6480,0
2026-05-12 10:05:00+05:30,2528.0,2530.0,2525.0,2526.7,6842,0
2026-05-12 10:10:00+05:30,2527.6,2530.9,2525.7,2530.0,5216,0
2026-05-12 10:15:00+05:30,2529.6,2531.9,2527.5,2529.6,3058,0
2026-05-12 10:20:00+05:30,2530.1,2533.7,2523.9,2526.6,5914,0
2026-05-12 10:25:00+05:30,2527.4,2527.4,2523.5,2525.6,3232,0
2026-05-12 10:30:00+05:30,2525.7,2529.9,2523.8,2525.0,8533,0
2026-05-12 10:35:00+05:30,2525.6,2526.4,2522.0,2525.5,4851,0
2026-05-12 10:40:00+05:30,2526.0,2537.9,2525.9,2532.6,11858,0
2026-05-12 10:45:00+05:30,2534.2,2534.6,2529.0,2529.0,3195,0
2026-05-12 10:50:00+05:30,2529.2,2531.5,2528.0,2531.3,2901,0
2026-05-12 10:55:00+05:30,2531.4,2533.8,2528.0,2528.9,4010,0
2026-05-12 11:00:00+05:30,2528.9,2529.8,2522.2,2523.6,4743,0
2026-05-12 11:05:00+05:30,2523.6,2525.0,2520.2,2520.3,4389,0
2026-05-12 11:10:00+05:30,2520.7,2521.5,2513.1,2514.1,8303,0
2026-05-12 11:15:00+05:30,2515.1,2517.9,2513.6,2517.0,5041,0
2026-05-12 11:20:00+05:30,2517.6,2519.5,2515.2,2516.0,4152,0
2026-05-12 11:25:00+05:30,2516.6,2526.4,2515.0,2521.6,7675,0
2026-05-12 11:30:00+05:30,2522.9,2525.7,2518.2,2523.0,8952,0
2026-05-12 11:35:00+05:30,2523.7,2524.9,2520.4,2523.0,4185,0
2026-05-12 11:40:00+05:30,2524.0,2529.9,2522.7,2524.6,8925,0
2026-05-12 11:45:00+05:30,2524.7,2524.7,2519.4,2521.2,2666,0
2026-05-12 11:50:00+05:30,2521.4,2524.0,2520.2,2523.0,2575,0
2026-05-12 11:55:00+05:30,2523.1,2526.0,2520.6,2525.3,3201,0
2026-05-12 12:00:00+05:30,2525.4,2530.0,2524.5,2527.1,6397,0
2026-05-12 12:05:00+05:30,2527.9,2529.0,2521.8,2522.9,3245,0
2026-05-12 12:10:00+05:30,2523.7,2523.9,2521.4,2522.0,2607,0
2026-05-12 12:15:00+05:30,2522.7,2525.0,2520.9,2521.2,3893,0
2026-05-12 12:20:00+05:30,2521.5,2522.7,2520.0,2521.2,3951,0
2026-05-12 12:25:00+05:30,2521.3,2523.3,2520.0,2521.8,2819,0
2026-05-12 12:30:00+05:30,2522.3,2523.5,2515.0,2515.1,5533,0
2026-05-12 12:35:00+05:30,2515.8,2515.8,2508.3,2509.0,9856,0
2026-05-12 12:40:00+05:30,2509.5,2511.0,2508.0,2509.6,3575,0
2026-05-12 12:45:00+05:30,2510.3,2518.2,2509.5,2516.4,6874,0
2026-05-12 12:50:00+05:30,2516.4,2520.4,2515.7,2515.7,3110,0
2026-05-12 12:55:00+05:30,2516.5,2521.0,2516.0,2520.3,2868,0
2026-05-12 13:00:00+05:30,2520.3,2520.4,2516.5,2517.4,2899,0
2026-05-12 13:05:00+05:30,2518.4,2519.3,2513.8,2514.4,5156,0
2026-05-12 13:10:00+05:30,2514.8,2516.3,2508.0,2509.1,5169,0
2026-05-12 13:15:00+05:30,2509.2,2511.8,2508.2,2511.7,3838,0
2026-05-12 13:20:00+05:30,2511.5,2511.5,2506.0,2506.6,4298,0
2026-05-12 13:25:00+05:30,2506.7,2508.8,2506.0,2507.0,4580,0
2026-05-12 13:30:00+05:30,2507.9,2509.3,2505.1,2505.1,5247,0
2026-05-12 13:35:00+05:30,2505.2,2505.3,2501.2,2502.1,7707,0
2026-05-12 13:40:00+05:30,2502.6,2507.9,2502.0,2506.3,7901,0
2026-05-12 13:45:00+05:30,2506.6,2509.9,2504.5,2507.0,6597,0
2026-05-12 13:50:00+05:30,2507.0,2509.3,2504.9,2504.9,5462,0
2026-05-12 13:55:00+05:30,2505.8,2508.2,2504.0,2507.4,4206,0
2026-05-12 14:00:00+05:30,2507.7,2507.7,2502.0,2504.0,4583,0
2026-05-12 14:05:00+05:30,2504.7,2506.7,2502.3,2503.9,2658,0
2026-05-12 14:10:00+05:30,2504.1,2508.0,2503.4,2507.0,3767,0
2026-05-12 14:15:00+05:30,2507.1,2509.9,2504.7,2506.2,4203,0
2026-05-12 14:20:00+05:30,2506.3,2511.1,2503.5,2509.0,9517,0
2026-05-12 14:25:00+05:30,2509.9,2513.5,2506.6,2512.3,47263,0
2026-05-12 14:30:00+05:30,2512.7,2514.9,2506.7,2507.2,8445,0
2026-05-12 14:35:00+05:30,2508.0,2512.6,2506.7,2511.5,5409,0
2026-05-12 14:40:00+05:30,2512.0,2512.7,2508.4,2510.4,5184,0
2026-05-12 14:45:00+05:30,2510.7,2513.7,2509.2,2510.5,10440,0
2026-05-12 14:50:00+05:30,2510.5,2511.0,2505.0,2505.7,5587,0
2026-05-12 14:55:00+05:30,2505.7,2507.4,2504.1,2504.9,5654,0
2026-05-12 15:00:00+05:30,2504.6,2504.9,2500.0,2502.8,26790,0
2026-05-12 15:05:00+05:30,2502.6,2505.2,2501.0,2505.1,28094,0
2026-05-12 15:10:00+05:30,2505.1,2505.3,2501.5,2502.9,24977,0
2026-05-12 15:15:00+05:30,2503.9,2506.8,2502.4,2506.4,29349,0
2026-05-12 15:20:00+05:30,2506.4,2510.5,2505.2,2510.5,29345,0
2026-05-12 15:25:00+05:30,2510.2,2514.2,2506.5,2508.0,26906,0
2026-05-13 09:15:00+05:30,2554.0,2613.7,2554.0,2591.1,219922,0
2026-05-13 09:20:00+05:30,2592.0,2605.0,2586.7,2590.6,102878,0
2026-05-13 09:25:00+05:30,2590.3,2596.0,2587.7,2589.1,47951,0
2026-05-13 09:30:00+05:30,2590.0,2594.8,2574.1,2577.6,178006,0
2026-05-13 09:35:00+05:30,2578.5,2582.9,2570.1,2581.8,43853,0
2026-05-13 09:40:00+05:30,2581.8,2585.8,2571.1,2582.1,34348,0
2026-05-13 09:45:00+05:30,2582.8,2585.0,2565.6,2575.0,32128,0
2026-05-13 09:50:00+05:30,2576.0,2587.3,2572.5,2583.3,59105,0
2026-05-13 09:55:00+05:30,2584.1,2604.9,2582.4,2604.9,102077,0
2026-05-13 10:00:00+05:30,2605.0,2607.0,2594.6,2603.2,251410,0
2026-05-13 10:05:00+05:30,2603.2,2620.7,2602.9,2611.5,117396,0
2026-05-13 10:10:00+05:30,2612.0,2615.9,2605.0,2609.9,49761,0
2026-05-13 10:15:00+05:30,2609.3,2613.8,2605.0,2613.0,55385,0
2026-05-13 10:20:00+05:30,2613.0,2628.0,2610.0,2626.0,61750,0
2026-05-13 10:25:00+05:30,2625.5,2626.6,2613.0,2617.3,42599,0
2026-05-13 10:30:00+05:30,2617.4,2617.5,2610.6,2612.8,17411,0
2026-05-13 10:35:00+05:30,2612.9,2615.9,2610.0,2612.2,15570,0
2026-05-13 10:40:00+05:30,2612.2,2620.9,2611.0,2616.2,21455,0
2026-05-13 10:45:00+05:30,2616.2,2620.8,2615.1,2617.1,17976,0
2026-05-13 10:50:00+05:30,2617.1,2626.8,2617.1,2623.5,42983,0
2026-05-13 10:55:00+05:30,2623.8,2624.5,2610.0,2614.0,72522,0
2026-05-13 11:00:00+05:30,2614.0,2619.0,2610.0,2615.5,28031,0
2026-05-13 11:05:00+05:30,2615.8,2617.0,2612.0,2613.0,15410,0
2026-05-13 11:10:00+05:30,2613.4,2619.5,2613.0,2619.0,14266,0
2026-05-13 11:15:00+05:30,2619.3,2620.0,2615.0,2615.7,19676,0
2026-05-13 11:20:00+05:30,2615.5,2616.0,2613.5,2614.5,10254,0
2026-05-13 11:25:00+05:30,2614.6,2615.4,2610.5,2612.7,11881,0
2026-05-13 11:30:00+05:30,2612.8,2617.6,2612.2,2617.2,12822,0
2026-05-13 11:35:00+05:30,2617.2,2622.0,2615.6,2621.1,37928,0
2026-05-13 11:40:00+05:30,2620.7,2623.0,2618.2,2620.0,87288,0
2026-05-13 11:45:00+05:30,2620.0,2627.8,2619.9,2624.3,49930,0
2026-05-13 11:50:00+05:30,2625.6,2630.5,2622.5,2630.3,48599,0
2026-05-13 11:55:00+05:30,2630.5,2631.8,2623.1,2624.8,33719,0
2026-05-13 12:00:00+05:30,2624.9,2629.0,2623.0,2624.3,25222,0
2026-05-13 12:05:00+05:30,2623.8,2625.0,2621.2,2625.0,22743,0
2026-05-13 12:10:00+05:30,2624.9,2628.0,2618.6,2621.1,44351,0
2026-05-13 12:15:00+05:30,2621.1,2626.0,2616.9,2623.8,18521,0
2026-05-13 12:20:00+05:30,2623.9,2625.0,2620.1,2622.9,13552,0
2026-05-13 12:25:00+05:30,2622.5,2622.7,2615.2,2620.0,28372,0
2026-05-13 12:30:00+05:30,2620.0,2620.8,2618.3,2619.8,10828,0
2026-05-13 12:35:00+05:30,2619.9,2620.3,2612.7,2615.0,21974,0
2026-05-13 12:40:00+05:30,2614.9,2620.0,2610.0,2619.6,26490,0
2026-05-13 12:45:00+05:30,2619.5,2620.5,2618.2,2620.0,19445,0
2026-05-13 12:50:00+05:30,2620.0,2627.6,2619.9,2626.9,99321,0
2026-05-13 12:55:00+05:30,2627.4,2631.2,2626.1,2630.5,36308,0
2026-05-13 13:00:00+05:30,2630.7,2633.2,2628.0,2632.9,26815,0
2026-05-13 13:05:00+05:30,2632.9,2636.9,2627.6,2636.9,37760,0
2026-05-13 13:10:00+05:30,2636.5,2642.4,2634.2,2638.0,59514,0
2026-05-13 13:15:00+05:30,2637.9,2638.9,2630.6,2635.0,26396,0
2026-05-13 13:20:00+05:30,2635.2,2636.0,2622.6,2624.6,42506,0
2026-05-13 13:25:00+05:30,2624.8,2627.6,2622.2,2625.0,37290,0
2026-05-13 13:30:00+05:30,2625.1,2631.3,2622.0,2629.2,53668,0
2026-05-13 13:35:00+05:30,2629.2,2635.0,2628.0,2633.9,30718,0
2026-05-13 13:40:00+05:30,2633.9,2639.9,2629.8,2629.8,44786,0
2026-05-13 13:45:00+05:30,2630.2,2631.0,2625.9,2630.4,23697,0
2026-05-13 13:50:00+05:30,2630.2,2630.9,2626.7,2628.4,20054,0
2026-05-13 13:55:00+05:30,2628.5,2629.9,2625.2,2627.8,20326,0
2026-05-13 14:00:00+05:30,2628.0,2630.0,2620.3,2622.1,37605,0
2026-05-13 14:05:00+05:30,2621.9,2624.6,2621.0,2623.2,23704,0
2026-05-13 14:10:00+05:30,2623.6,2625.2,2621.1,2623.2,24616,0
2026-05-13 14:15:00+05:30,2623.2,2625.0,2621.8,2623.9,22251,0
2026-05-13 14:20:00+05:30,2623.3,2626.1,2622.0,2625.0,46380,0
2026-05-13 14:25:00+05:30,2624.9,2626.0,2621.2,2622.6,58498,0
2026-05-13 14:30:00+05:30,2622.7,2625.0,2622.0,2623.9,21351,0
2026-05-13 14:35:00+05:30,2624.3,2625.0,2621.0,2623.0,28470,0
2026-05-13 14:40:00+05:30,2623.0,2623.9,2618.0,2619.2,37911,0
2026-05-13 14:45:00+05:30,2619.9,2620.0,2613.3,2619.0,36027,0
2026-05-13 14:50:00+05:30,2618.4,2618.9,2615.8,2617.6,30506,0
2026-05-13 14:55:00+05:30,2617.6,2620.2,2615.0,2619.0,46924,0
2026-05-13 15:00:00+05:30,2618.5,2619.3,2615.0,2618.2,61758,0
2026-05-13 15:05:00+05:30,2618.2,2621.8,2616.2,2620.6,51468,0
2026-05-13 15:10:00+05:30,2620.6,2620.9,2614.0,2615.8,63706,0
2026-05-13 15:15:00+05:30,2615.8,2618.0,2614.3,2616.8,60283,0
2026-05-13 15:20:00+05:30,2616.8,2619.9,2615.1,2619.6,59305,0
2026-05-13 15:25:00+05:30,2619.6,2624.3,2615.0,2615.0,57144,0
2026-05-14 09:15:00+05:30,2620.0,2644.2,2620.0,2636.4,51197,0
2026-05-14 09:20:00+05:30,2636.4,2649.0,2635.5,2642.8,25903,0
2026-05-14 09:25:00+05:30,2643.0,2663.8,2642.1,2657.3,33940,0
2026-05-14 09:30:00+05:30,2657.3,2665.7,2655.3,2661.0,41255,0
2026-05-14 09:35:00+05:30,2661.0,2661.1,2646.1,2648.7,23251,0
2026-05-14 09:40:00+05:30,2649.0,2653.8,2643.1,2651.2,17205,0
2026-05-14 09:45:00+05:30,2652.0,2654.1,2644.0,2644.2,8836,0
2026-05-14 09:50:00+05:30,2644.7,2657.2,2644.2,2652.0,16420,0
2026-05-14 09:55:00+05:30,2651.9,2652.0,2641.1,2644.0,13942,0
2026-05-14 10:00:00+05:30,2643.6,2649.0,2641.7,2645.0,10036,0
2026-05-14 10:05:00+05:30,2646.1,2647.1,2626.3,2632.1,33475,0
2026-05-14 10:10:00+05:30,2632.5,2638.4,2630.9,2636.6,14504,0
2026-05-14 10:15:00+05:30,2636.6,2637.6,2630.0,2632.8,6450,0
2026-05-14 10:20:00+05:30,2634.3,2634.6,2629.6,2633.2,5055,0
2026-05-14 10:25:00+05:30,2633.2,2637.7,2631.8,2634.9,6425,0
2026-05-14 10:30:00+05:30,2634.9,2636.3,2631.5,2632.9,3964,0
2026-05-14 10:35:00+05:30,2633.0,2639.9,2632.5,2639.6,10004,0
2026-05-14 10:40:00+05:30,2639.5,2639.8,2633.1,2634.0,8946,0
2026-05-14 10:45:00+05:30,2634.0,2635.5,2632.0,2632.0,5738,0
2026-05-14 10:50:00+05:30,2632.3,2638.1,2630.2,2635.2,8056,0
2026-05-14 10:55:00+05:30,2635.2,2635.3,2627.7,2628.6,7530,0
2026-05-14 11:00:00+05:30,2629.8,2629.8,2620.0,2625.5,16639,0
2026-05-14 11:05:00+05:30,2625.5,2625.7,2621.0,2622.9,6758,0
2026-05-14 11:10:00+05:30,2622.9,2625.0,2620.0,2622.8,10716,0
2026-05-14 11:15:00+05:30,2622.2,2629.6,2621.9,2628.0,6726,0
2026-05-14 11:20:00+05:30,2628.2,2639.6,2627.9,2637.6,11747,0
2026-05-14 11:25:00+05:30,2637.6,2641.2,2634.7,2638.6,8725,0
2026-05-14 11:30:00+05:30,2638.2,2639.9,2632.1,2633.5,4553,0
2026-05-14 11:35:00+05:30,2633.5,2637.0,2632.6,2634.0,3533,0
2026-05-14 11:40:00+05:30,2634.0,2635.0,2632.1,2634.1,3274,0
2026-05-14 11:45:00+05:30,2634.3,2646.0,2633.3,2645.2,20924,0
2026-05-14 11:50:00+05:30,2645.5,2645.5,2639.0,2641.0,7560,0
2026-05-14 11:55:00+05:30,2640.9,2641.9,2635.7,2636.6,6683,0
2026-05-14 12:00:00+05:30,2636.6,2637.3,2626.6,2628.9,22038,0
2026-05-14 12:05:00+05:30,2628.9,2631.0,2626.8,2627.9,7516,0
2026-05-14 12:10:00+05:30,2628.1,2628.4,2625.0,2626.5,13718,0
2026-05-14 12:15:00+05:30,2626.5,2631.9,2626.2,2631.7,9137,0
2026-05-14 12:20:00+05:30,2631.7,2636.1,2631.4,2633.0,6753,0
2026-05-14 12:25:00+05:30,2633.0,2634.6,2630.2,2631.6,4526,0
2026-05-14 12:30:00+05:30,2631.4,2633.4,2626.1,2629.1,13165,0
2026-05-14 12:35:00+05:30,2629.1,2630.6,2625.3,2626.0,4237,0
2026-05-14 12:40:00+05:30,2625.8,2631.8,2623.4,2631.0,8871,0
2026-05-14 12:45:00+05:30,2631.5,2632.0,2621.8,2630.0,9416,0
2026-05-14 12:50:00+05:30,2630.0,2631.5,2626.5,2628.0,5856,0
2026-05-14 12:55:00+05:30,2628.0,2631.5,2627.0,2630.3,4587,0
2026-05-14 13:00:00+05:30,2630.2,2633.1,2626.8,2627.1,11814,0
2026-05-14 13:05:00+05:30,2627.1,2629.8,2621.6,2623.5,20523,0
2026-05-14 13:10:00+05:30,2623.5,2623.8,2616.2,2618.0,11774,0
2026-05-14 13:15:00+05:30,2617.6,2619.5,2615.0,2616.9,6922,0
2026-05-14 13:20:00+05:30,2616.7,2624.6,2615.0,2620.3,10614,0
2026-05-14 13:25:00+05:30,2620.0,2625.0,2619.0,2622.1,14833,0
2026-05-14 13:30:00+05:30,2622.0,2623.4,2617.2,2621.9,13146,0
2026-05-14 13:35:00+05:30,2621.9,2623.8,2621.0,2622.9,7532,0
2026-05-14 13:40:00+05:30,2622.9,2625.0,2621.5,2623.0,8877,0
2026-05-14 13:45:00+05:30,2623.0,2625.3,2622.4,2622.4,9992,0
2026-05-14 13:50:00+05:30,2622.7,2625.1,2622.7,2624.8,8736,0
2026-05-14 13:55:00+05:30,2624.8,2625.0,2623.2,2624.1,6725,0
2026-05-14 14:00:00+05:30,2623.6,2625.0,2619.0,2624.8,30615,0
2026-05-14 14:05:00+05:30,2624.8,2625.9,2623.5,2623.6,9319,0
2026-05-14 14:10:00+05:30,2623.9,2627.9,2623.5,2626.1,27570,0
2026-05-14 14:15:00+05:30,2626.1,2628.0,2623.1,2623.9,7588,0
2026-05-14 14:20:00+05:30,2623.7,2626.6,2623.0,2626.3,4938,0
2026-05-14 14:25:00+05:30,2626.3,2628.3,2625.2,2626.0,5116,0
2026-05-14 14:30:00+05:30,2626.0,2628.3,2623.9,2625.0,8169,0
2026-05-14 14:35:00+05:30,2625.4,2626.7,2623.4,2626.3,26942,0
2026-05-14 14:40:00+05:30,2626.3,2626.7,2619.9,2621.1,28389,0
2026-05-14 14:45:00+05:30,2620.6,2622.0,2614.0,2614.8,19173,0
2026-05-14 14:50:00+05:30,2614.8,2619.9,2612.6,2618.3,18203,0
2026-05-14 14:55:00+05:30,2618.3,2627.0,2617.0,2626.1,25920,0
2026-05-14 15:00:00+05:30,2626.1,2628.0,2624.6,2626.1,25615,0
2026-05-14 15:05:00+05:30,2626.1,2627.9,2623.0,2626.1,25264,0
2026-05-14 15:10:00+05:30,2627.3,2630.3,2623.6,2623.7,16452,0
2026-05-14 15:15:00+05:30,2624.5,2624.5,2617.4,2620.7,19304,0
2026-05-14 15:20:00+05:30,2620.5,2620.7,2613.6,2617.3,25041,0
2026-05-14 15:25:00+05:30,2617.3,2617.9,2610.0,2614.0,16009,0
