timestamp,open,high,low,close,volume,oi
2025-11-17 09:15:00+05:30,6730.0,6735.5,6675.0,6713.0,52703,0
2025-11-17 09:20:00+05:30,6714.5,6740.0,6693.0,6721.0,28347,0
2025-11-17 09:25:00+05:30,6721.0,6738.5,6720.0,6735.0,21690,0
2025-11-17 09:30:00+05:30,6735.0,6744.5,6731.0,6731.0,18645,0
2025-11-17 09:35:00+05:30,6732.5,6735.0,6723.5,6727.5,6830,0
2025-11-17 09:40:00+05:30,6727.0,6740.0,6725.5,6733.5,8988,0
2025-11-17 09:45:00+05:30,6733.5,6733.5,6715.0,6715.5,5998,0
2025-11-17 09:50:00+05:30,6716.0,6728.0,6715.5,6723.0,6161,0
2025-11-17 09:55:00+05:30,6722.0,6738.0,6721.5,6730.0,12132,0
2025-11-17 10:00:00+05:30,6728.0,6738.0,6727.0,6735.0,4615,0
2025-11-17 10:05:00+05:30,6735.0,6735.5,6728.0,6733.5,3567,0
2025-11-17 10:10:00+05:30,6733.5,6739.5,6724.0,6738.5,4053,0
2025-11-17 10:15:00+05:30,6738.0,6745.0,6732.5,6744.5,9353,0
2025-11-17 10:20:00+05:30,6744.5,6765.0,6742.5,6757.0,15637,0
2025-11-17 10:25:00+05:30,6756.5,6757.5,6741.5,6743.0,7124,0
2025-11-17 10:30:00+05:30,6743.5,6751.5,6735.5,6740.0,3925,0
2025-11-17 10:35:00+05:30,6738.5,6745.5,6738.0,6739.0,2709,0
2025-11-17 10:40:00+05:30,6738.5,6738.5,6731.0,6735.0,3206,0
2025-11-17 10:45:00+05:30,6735.0,6737.5,6733.0,6735.0,1509,0
2025-11-17 10:50:00+05:30,6735.0,6753.5,6734.0,6745.5,6371,0
2025-11-17 10:55:00+05:30,6745.5,6759.5,6744.5,6756.0,4872,0
2025-11-17 11:00:00+05:30,6756.5,6763.5,6755.0,6760.0,10685,0
2025-11-17 11:05:00+05:30,6759.0,6768.0,6758.5,6768.0,4835,0
2025-11-17 11:10:00+05:30,6766.0,6774.0,6765.5,6773.5,9990,0
2025-11-17 11:15:00+05:30,6774.0,6778.0,6769.0,6769.0,7646,0
2025-11-17 11:20:00+05:30,6767.5,6774.0,6764.0,6770.0,5037,0
2025-11-17 11:25:00+05:30,6770.5,6772.0,6745.5,6750.0,8695,0
2025-11-17 11:30:00+05:30,6747.5,6773.0,6747.5,6773.0,7906,0
2025-11-17 11:35:00+05:30,6772.0,6794.5,6772.0,6791.0,10925,0
2025-11-17 11:40:00+05:30,6789.5,6799.5,6786.0,6793.5,5647,0
2025-11-17 11:45:00+05:30,6793.5,6795.5,6785.0,6788.0,3576,0
2025-11-17 11:50:00+05:30,6788.0,6796.0,6785.5,6789.5,4053,0
2025-11-17 11:55:00+05:30,6790.5,6795.0,6785.0,6787.0,3848,0
2025-11-17 12:00:00+05:30,6787.0,6796.0,6775.0,6779.5,9226,0
2025-11-17 12:05:00+05:30,6779.5,6786.5,6779.0,6783.0,11133,0
2025-11-17 12:10:00+05:30,6781.0,6782.5,6774.5,6779.0,3058,0
2025-11-17 12:15:00+05:30,6779.0,6781.5,6774.0,6781.5,4392,0
2025-11-17 12:20:00+05:30,6780.0,6781.0,6774.0,6775.0,2388,0
2025-11-17 12:25:00+05:30,6775.5,6777.0,6775.0,6775.5,2195,0
2025-11-17 12:30:00+05:30,6775.0,6780.5,6775.0,6780.5,2080,0
2025-11-17 12:35:00+05:30,6780.5,6788.5,6779.5,6786.0,3189,0
2025-11-17 12:40:00+05:30,6787.0,6790.5,6777.5,6784.0,10279,0
2025-11-17 12:45:00+05:30,6784.0,6785.0,6779.0,6781.0,3179,0
2025-11-17 12:50:00+05:30,6782.5,6786.0,6780.0,6784.0,16658,0
2025-11-17 12:55:00+05:30,6784.5,6786.5,6782.0,6783.5,1845,0
2025-11-17 13:00:00+05:30,6784.0,6786.5,6783.5,6786.5,2664,0
2025-11-17 13:05:00+05:30,6786.5,6787.0,6783.5,6785.5,5880,0
2025-11-17 13:10:00+05:30,6785.5,6790.0,6785.0,6788.0,1314,0
2025-11-17 13:15:00+05:30,6788.0,6788.0,6770.5,6770.5,6903,0
2025-11-17 13:20:00+05:30,6772.0,6775.0,6767.5,6768.0,1994,0
2025-11-17 13:25:00+05:30,6768.0,6772.0,6766.0,6770.0,1642,0
2025-11-17 13:30:00+05:30,6770.0,6775.0,6770.0,6772.5,1365,0
2025-11-17 13:35:00+05:30,6772.5,6775.0,6772.0,6775.0,5001,0
2025-11-17 13:40:00+05:30,6775.0,6775.0,6772.0,6772.0,1109,0
2025-11-17 13:45:00+05:30,6772.0,6775.0,6771.0,6775.0,2012,0
2025-11-17 13:50:00+05:30,6775.0,6777.0,6773.5,6777.0,12704,0
2025-11-17 13:55:00+05:30,6777.5,6784.0,6777.5,6782.0,2015,0
2025-11-17 14:00:00+05:30,6782.0,6808.0,6781.0,6800.0,20964,0
2025-11-17 14:05:00+05:30,6800.0,6800.0,6795.0,6797.5,5595,0
2025-11-17 14:10:00+05:30,6797.5,6797.5,6792.0,6792.5,7421,0
2025-11-17 14:15:00+05:30,6792.5,6793.5,6786.0,6786.5,7796,0
2025-11-17 14:20:00+05:30,6789.0,6790.5,6785.0,6789.5,13487,0
2025-11-17 14:25:00+05:30,6790.0,6790.0,6789.0,6789.5,3124,0
2025-11-17 14:30:00+05:30,6790.0,6801.0,6789.5,6800.0,17105,0
2025-11-17 14:35:00+05:30,6800.0,6803.0,6790.0,6800.5,10751,0
2025-11-17 14:40:00+05:30,6800.5,6801.0,6795.5,6798.0,20647,0
2025-11-17 14:45:00+05:30,6798.0,6800.5,6798.0,6800.5,11956,0
2025-11-17 14:50:00+05:30,6800.0,6800.5,6800.0,6800.5,8720,0
2025-11-17 14:55:00+05:30,6800.5,6800.5,6794.0,6796.0,8933,0
2025-11-17 15:00:00+05:30,6795.5,6804.0,6791.5,6797.5,132760,0
2025-11-17 15:05:00+05:30,6797.5,6797.5,6795.0,6795.5,13540,0
2025-11-17 15:10:00+05:30,6795.0,6803.0,6789.0,6800.5,21269,0
2025-11-17 15:15:00+05:30,6800.5,6803.0,6800.0,6802.5,18413,0
2025-11-17 15:20:00+05:30,6802.5,6802.5,6796.0,6796.5,19831,0
2025-11-17 15:25:00+05:30,6796.5,6809.0,6788.0,6809.0,21803,0
2025-11-18 09:15:00+05:30,6835.0,6835.0,6769.0,6776.5,34518,0
2025-11-18 09:20:00+05:30,6775.5,6800.0,6771.0,6793.0,11503,0
2025-11-18 09:25:00+05:30,6793.5,6800.0,6786.5,6799.0,5043,0
2025-11-18 09:30:00+05:30,6800.0,6803.0,6793.0,6798.5,23610,0
2025-11-18 09:35:00+05:30,6798.5,6798.5,6786.5,6791.0,4496,0
2025-11-18 09:40:00+05:30,6791.0,6796.0,6789.0,6791.5,2968,0
2025-11-18 09:45:00+05:30,6791.5,6795.0,6786.5,6786.5,3566,0
2025-11-18 09:50:00+05:30,6786.0,6786.0,6771.0,6771.0,5068,0
2025-11-18 09:55:00+05:30,6771.0,6771.0,6763.5,6763.5,4715,0
2025-11-18 10:00:00+05:30,6764.0,6769.0,6754.0,6763.0,5022,0
2025-11-18 10:05:00+05:30,6763.0,6767.5,6762.5,6764.0,3019,0
2025-11-18 10:10:00+05:30,6764.0,6764.0,6755.5,6755.5,4760,0
2025-11-18 10:15:00+05:30,6755.5,6775.5,6755.5,6768.0,8149,0
2025-11-18 10:20:00+05:30,6768.5,6775.5,6768.0,6775.0,5113,0
2025-11-18 10:25:00+05:30,6775.0,6779.5,6760.0,6760.0,15211,0
2025-11-18 10:30:00+05:30,6762.0,6765.5,6760.0,6763.5,1678,0
2025-11-18 10:35:00+05:30,6763.5,6770.0,6761.5,6770.0,2251,0
2025-11-18 10:40:00+05:30,6770.0,6771.5,6764.0,6764.0,2016,0
2025-11-18 10:45:00+05:30,6765.0,6767.0,6761.0,6766.0,1859,0
2025-11-18 10:50:00+05:30,6766.5,6772.0,6766.0,6769.0,3878,0
2025-11-18 10:55:00+05:30,6770.0,6775.0,6769.5,6773.5,2145,0
2025-11-18 11:00:00+05:30,6774.0,6786.5,6773.5,6780.5,61724,0
2025-11-18 11:05:00+05:30,6780.5,6784.5,6780.5,6784.5,2243,0
2025-11-18 11:10:00+05:30,6783.0,6791.5,6783.0,6790.0,2318,0
2025-11-18 11:15:00+05:30,6790.0,6820.0,6790.0,6819.5,12386,0
2025-11-18 11:20:00+05:30,6820.0,6827.5,6815.0,6817.5,9024,0
2025-11-18 11:25:00+05:30,6817.0,6829.0,6817.0,6824.0,4560,0
2025-11-18 11:30:00+05:30,6824.5,6841.0,6824.0,6837.0,8300,0
2025-11-18 11:35:00+05:30,6836.5,6842.0,6835.0,6841.0,5208,0
2025-11-18 11:40:00+05:30,6841.0,6854.0,6824.0,6826.5,25426,0
2025-11-18 11:45:00+05:30,6827.5,6832.0,6825.0,6827.5,4283,0
2025-11-18 11:50:00+05:30,6828.0,6830.0,6826.5,6830.0,1335,0
2025-11-18 11:55:00+05:30,6828.0,6831.0,6827.5,6828.5,2497,0
2025-11-18 12:00:00+05:30,6830.0,6830.0,6826.5,6826.5,2657,0
2025-11-18 12:05:00+05:30,6826.5,6827.5,6822.0,6822.0,2035,0
2025-11-18 12:10:00+05:30,6822.0,6825.5,6820.5,6822.0,1272,0
2025-11-18 12:15:00+05:30,6822.0,6828.0,6821.0,6821.0,1207,0
2025-11-18 12:20:00+05:30,6822.5,6824.0,6812.0,6817.0,3848,0
2025-11-18 12:25:00+05:30,6817.0,6823.0,6816.5,6820.0,1488,0
2025-11-18 12:30:00+05:30,6821.0,6824.5,6815.5,6817.5,1816,0
2025-11-18 12:35:00+05:30,6818.0,6826.5,6814.5,6823.5,1516,0
2025-11-18 12:40:00+05:30,6823.0,6829.5,6822.0,6827.0,2052,0
2025-11-18 12:45:00+05:30,6827.0,6830.0,6825.0,6825.5,1777,0
2025-11-18 12:50:00+05:30,6825.5,6830.0,6813.0,6822.5,18403,0
2025-11-18 12:55:00+05:30,6822.0,6830.0,6819.0,6826.5,1058,0
2025-11-18 13:00:00+05:30,6829.5,6830.0,6827.0,6830.0,2112,0
2025-11-18 13:05:00+05:30,6829.5,6830.0,6828.5,6830.0,2243,0
2025-11-18 13:10:00+05:30,6829.0,6830.0,6827.5,6829.5,1420,0
2025-11-18 13:15:00+05:30,6829.5,6832.0,6828.5,6829.0,3307,0
2025-11-18 13:20:00+05:30,6829.0,6830.0,6828.5,6829.5,1716,0
2025-11-18 13:25:00+05:30,6829.5,6830.5,6828.5,6829.5,3588,0
2025-11-18 13:30:00+05:30,6830.0,6830.0,6828.5,6830.0,2319,0
2025-11-18 13:35:00+05:30,6829.5,6832.0,6829.0,6830.0,3580,0
2025-11-18 13:40:00+05:30,6829.5,6830.0,6822.5,6825.5,4624,0
2025-11-18 13:45:00+05:30,6825.5,6827.0,6820.5,6826.0,1200,0
2025-11-18 13:50:00+05:30,6825.5,6830.0,6824.5,6828.5,912,0
2025-11-18 13:55:00+05:30,6828.5,6830.5,6828.5,6830.0,1187,0
2025-11-18 14:00:00+05:30,6830.0,6830.5,6815.5,6827.0,3734,0
2025-11-18 14:05:00+05:30,6826.5,6830.0,6825.0,6828.0,2713,0
2025-11-18 14:10:00+05:30,6829.0,6841.5,6827.5,6831.5,11527,0
2025-11-18 14:15:00+05:30,6832.0,6834.0,6828.0,6830.0,7729,0
2025-11-18 14:20:00+05:30,6830.0,6830.5,6826.5,6827.5,8278,0
2025-11-18 14:25:00+05:30,6828.0,6830.5,6828.0,6829.5,9988,0
2025-11-18 14:30:00+05:30,6830.0,6832.5,6826.5,6830.0,6304,0
2025-11-18 14:35:00+05:30,6830.0,6831.0,6828.0,6830.5,5608,0
2025-11-18 14:40:00+05:30,6830.0,6840.0,6829.5,6832.0,8610,0
2025-11-18 14:45:00+05:30,6832.5,6834.5,6825.0,6825.0,7367,0
2025-11-18 14:50:00+05:30,6825.0,6825.5,6817.0,6820.0,6775,0
2025-11-18 14:55:00+05:30,6820.0,6823.5,6819.0,6819.5,8066,0
2025-11-18 15:00:00+05:30,6820.0,6822.5,6818.5,6820.0,9632,0
2025-11-18 15:05:00+05:30,6820.0,6820.0,6812.5,6815.5,9986,0
2025-11-18 15:10:00+05:30,6814.5,6830.0,6814.5,6827.0,13154,0
2025-11-18 15:15:00+05:30,6825.0,6827.0,6814.5,6814.5,14158,0
2025-11-18 15:20:00+05:30,6815.0,6815.5,6803.0,6805.5,11838,0
2025-11-18 15:25:00+05:30,6805.5,6808.0,6785.0,6785.0,14415,0
2025-11-19 09:15:00+05:30,6800.0,6800.0,6760.0,6783.5,12257,0
2025-11-19 09:20:00+05:30,6783.5,6811.0,6781.5,6801.0,8151,0
2025-11-19 09:25:00+05:30,6801.0,6810.0,6791.0,6799.0,4327,0
2025-11-19 09:30:00+05:30,6799.0,6809.5,6794.0,6802.0,4194,0
2025-11-19 09:35:00+05:30,6801.5,6835.0,6798.5,6835.0,6391,0
2025-11-19 09:40:00+05:30,6831.5,6845.0,6829.5,6841.0,7357,0
2025-11-19 09:45:00+05:30,6839.0,6841.0,6821.0,6822.0,6854,0
2025-11-19 09:50:00+05:30,6822.0,6825.0,6811.5,6817.0,3623,0
2025-11-19 09:55:00+05:30,6816.0,6824.0,6816.0,6821.0,1765,0
2025-11-19 10:00:00+05:30,6822.0,6825.0,6821.0,6825.0,1178,0
2025-11-19 10:05:00+05:30,6824.5,6830.5,6823.5,6830.0,2814,0
2025-11-19 10:10:00+05:30,6829.5,6832.0,6825.0,6827.0,2723,0
2025-11-19 10:15:00+05:30,6826.0,6847.0,6826.0,6838.0,4228,0
2025-11-19 10:20:00+05:30,6838.0,6843.0,6834.0,6837.5,2432,0
2025-11-19 10:25:00+05:30,6837.0,6841.5,6826.0,6828.5,2743,0
2025-11-19 10:30:00+05:30,6828.0,6837.0,6827.5,6837.0,1715,0
2025-11-19 10:35:00+05:30,6835.5,6842.5,6831.0,6840.0,3299,0
2025-11-19 10:40:00+05:30,6838.5,6841.0,6822.5,6829.0,4445,0
2025-11-19 10:45:00+05:30,6826.5,6830.5,6815.0,6822.5,3567,0
2025-11-19 10:50:00+05:30,6822.5,6824.0,6816.5,6822.0,2021,0
2025-11-19 10:55:00+05:30,6821.5,6823.5,6817.0,6822.5,2232,0
2025-11-19 11:00:00+05:30,6821.0,6824.0,6813.0,6814.0,2689,0
2025-11-19 11:05:00+05:30,6813.5,6820.5,6810.5,6817.0,3037,0
2025-11-19 11:10:00+05:30,6815.5,6819.5,6810.5,6814.5,1852,0
2025-11-19 11:15:00+05:30,6813.5,6814.5,6810.5,6814.5,1346,0
2025-11-19 11:20:00+05:30,6814.5,6814.5,6807.0,6809.0,2128,0
2025-11-19 11:25:00+05:30,6807.5,6815.0,6805.0,6809.0,1410,0
2025-11-19 11:30:00+05:30,6807.5,6814.5,6807.5,6809.5,1624,0
2025-11-19 11:35:00+05:30,6808.5,6812.0,6805.0,6809.5,1559,0
2025-11-19 11:40:00+05:30,6808.5,6813.0,6804.5,6808.5,2114,0
2025-11-19 11:45:00+05:30,6807.5,6812.0,6807.5,6809.5,1589,0
2025-11-19 11:50:00+05:30,6809.0,6812.0,6809.0,6809.5,2163,0
2025-11-19 11:55:00+05:30,6809.0,6812.0,6808.5,6809.5,1876,0
2025-11-19 12:00:00+05:30,6809.0,6818.0,6805.0,6809.5,9460,0
2025-11-19 12:05:00+05:30,6809.5,6823.5,6809.0,6817.5,6010,0
2025-11-19 12:10:00+05:30,6818.0,6818.0,6816.0,6817.0,601,0
2025-11-19 12:15:00+05:30,6817.0,6822.0,6817.0,6818.0,3193,0
2025-11-19 12:20:00+05:30,6818.0,6824.0,6817.5,6818.0,3210,0
2025-11-19 12:25:00+05:30,6818.0,6825.0,6817.5,6817.5,5017,0
2025-11-19 12:30:00+05:30,6818.0,6832.5,6817.0,6829.5,6802,0
2025-11-19 12:35:00+05:30,6829.5,6830.0,6826.5,6827.0,1758,0
2025-11-19 12:40:00+05:30,6827.5,6828.0,6822.0,6825.0,1565,0
2025-11-19 12:45:00+05:30,6825.0,6827.5,6820.0,6824.5,1979,0
2025-11-19 12:50:00+05:30,6825.0,6825.0,6822.5,6825.0,921,0
2025-11-19 12:55:00+05:30,6825.0,6827.0,6823.0,6825.0,1886,0
2025-11-19 13:00:00+05:30,6825.0,6827.5,6813.0,6816.0,3883,0
2025-11-19 13:05:00+05:30,6816.0,6820.0,6816.0,6819.0,813,0
2025-11-19 13:10:00+05:30,6819.0,6819.5,6816.5,6818.5,859,0
2025-11-19 13:15:00+05:30,6818.5,6820.0,6817.0,6820.0,577,0
2025-11-19 13:20:00+05:30,6820.0,6820.0,6817.5,6817.5,1283,0
2025-11-19 13:25:00+05:30,6817.5,6819.5,6808.5,6813.0,2134,0
2025-11-19 13:30:00+05:30,6813.0,6821.5,6812.0,6815.5,1524,0
2025-11-19 13:35:00+05:30,6815.5,6819.5,6813.0,6819.5,752,0
2025-11-19 13:40:00+05:30,6819.5,6821.5,6818.0,6821.5,909,0
2025-11-19 13:45:00+05:30,6822.0,6825.0,6818.0,6824.0,1382,0
2025-11-19 13:50:00+05:30,6824.0,6826.5,6823.0,6825.0,1133,0
2025-11-19 13:55:00+05:30,6825.0,6828.0,6823.5,6824.0,2264,0
2025-11-19 14:00:00+05:30,6825.0,6828.5,6821.0,6825.0,9750,0
2025-11-19 14:05:00+05:30,6825.0,6829.0,6824.5,6825.0,2064,0
2025-11-19 14:10:00+05:30,6825.0,6865.0,6823.0,6865.0,15585,0
2025-11-19 14:15:00+05:30,6864.5,6876.0,6863.5,6869.0,15369,0
2025-11-19 14:20:00+05:30,6869.0,6880.0,6866.0,6874.5,7523,0
2025-11-19 14:25:00+05:30,6874.5,6885.5,6869.0,6885.5,19425,0
2025-11-19 14:30:00+05:30,6885.5,6886.0,6877.0,6881.5,11305,0
2025-11-19 14:35:00+05:30,6880.5,6884.0,6879.0,6881.0,4868,0
2025-11-19 14:40:00+05:30,6881.5,6885.0,6877.5,6877.5,12233,0
2025-11-19 14:45:00+05:30,6879.0,6880.0,6875.0,6879.0,3113,0
2025-11-19 14:50:00+05:30,6879.0,6883.0,6878.0,6881.5,3846,0
2025-11-19 14:55:00+05:30,6881.5,6882.5,6875.0,6875.0,4553,0
2025-11-19 15:00:00+05:30,6875.5,6885.0,6875.0,6885.0,15870,0
2025-11-19 15:05:00+05:30,6885.0,6890.0,6883.0,6889.0,16306,0
2025-11-19 15:10:00+05:30,6889.0,6901.0,6888.5,6896.0,30121,0
2025-11-19 15:15:00+05:30,6895.0,6907.0,6895.0,6907.0,24052,0
2025-11-19 15:20:00+05:30,6906.0,6911.5,6899.0,6899.5,31850,0
2025-11-19 15:25:00+05:30,6900.0,6903.0,6876.0,6898.0,16712,0
2025-11-20 09:15:00+05:30,6906.0,6920.0,6886.5,6908.5,19518,0
2025-11-20 09:20:00+05:30,6908.5,6927.0,6907.0,6919.5,13028,0
2025-11-20 09:25:00+05:30,6919.5,6922.0,6908.0,6911.5,7727,0
2025-11-20 09:30:00+05:30,6912.5,6940.0,6909.0,6939.5,10993,0
2025-11-20 09:35:00+05:30,6939.5,6940.0,6922.0,6932.0,5586,0
2025-11-20 09:40:00+05:30,6932.0,6939.5,6924.0,6931.0,4759,0
2025-11-20 09:45:00+05:30,6932.0,6946.0,6929.0,6934.0,8267,0
2025-11-20 09:50:00+05:30,6935.0,6940.0,6934.0,6936.5,3887,0
2025-11-20 09:55:00+05:30,6938.0,6944.0,6935.0,6940.0,4801,0
2025-11-20 10:00:00+05:30,6942.0,6948.0,6940.5,6948.0,3489,0
2025-11-20 10:05:00+05:30,6948.0,6957.0,6946.5,6950.0,7928,0
2025-11-20 10:10:00+05:30,6950.0,6957.0,6948.5,6954.5,3881,0
2025-11-20 10:15:00+05:30,6956.0,6958.5,6951.0,6958.5,3248,0
2025-11-20 10:20:00+05:30,6958.5,6960.0,6953.0,6960.0,4328,0
2025-11-20 10:25:00+05:30,6958.5,6979.0,6957.5,6966.0,11706,0
2025-11-20 10:30:00+05:30,6965.5,6970.0,6950.0,6957.0,5985,0
2025-11-20 10:35:00+05:30,6957.0,6966.0,6957.0,6964.5,1872,0
2025-11-20 10:40:00+05:30,6963.0,6970.0,6959.5,6967.5,2642,0
2025-11-20 10:45:00+05:30,6968.5,6989.0,6967.0,6985.0,15308,0
2025-11-20 10:50:00+05:30,6986.0,6997.0,6978.5,6993.5,11479,0
2025-11-20 10:55:00+05:30,6993.5,7008.0,6990.5,7004.0,14150,0
2025-11-20 11:00:00+05:30,7004.0,7034.0,7003.0,7027.0,17495,0
2025-11-20 11:05:00+05:30,7027.5,7046.5,7020.0,7045.0,12605,0
2025-11-20 11:10:00+05:30,7046.0,7086.5,7045.0,7083.5,22345,0
2025-11-20 11:15:00+05:30,7083.0,7099.0,7067.5,7099.0,28832,0
2025-11-20 11:20:00+05:30,7099.0,7099.0,7078.5,7095.5,16569,0
2025-11-20 11:25:00+05:30,7097.0,7099.0,7083.0,7092.5,11484,0
2025-11-20 11:30:00+05:30,7093.0,7099.0,7087.0,7090.5,12442,0
2025-11-20 11:35:00+05:30,7092.0,7094.0,7080.0,7084.0,10595,0
2025-11-20 11:40:00+05:30,7085.5,7095.0,7074.0,7094.0,11595,0
2025-11-20 11:45:00+05:30,7093.5,7108.0,7093.0,7097.5,28485,0
2025-11-20 11:50:00+05:30,7096.0,7098.0,7080.5,7087.5,11310,0
2025-11-20 11:55:00+05:30,7088.0,7096.5,7084.5,7094.0,6916,0
2025-11-20 12:00:00+05:30,7094.0,7100.0,7086.0,7088.5,5868,0
2025-11-20 12:05:00+05:30,7090.0,7091.0,7083.0,7084.5,5243,0
2025-11-20 12:10:00+05:30,7084.5,7086.0,7083.5,7084.0,5538,0
2025-11-20 12:15:00+05:30,7085.0,7090.5,7083.0,7090.0,5006,0
2025-11-20 12:20:00+05:30,7090.5,7099.0,7087.0,7089.0,7922,0
2025-11-20 12:25:00+05:30,7088.0,7099.0,7087.0,7095.0,3929,0
2025-11-20 12:30:00+05:30,7097.5,7099.5,7093.5,7098.0,5364,0
2025-11-20 12:35:00+05:30,7098.0,7099.0,7094.0,7096.0,6856,0
2025-11-20 12:40:00+05:30,7096.5,7096.5,7085.0,7093.0,4907,0
2025-11-20 12:45:00+05:30,7095.0,7099.0,7092.0,7097.0,6343,0
2025-11-20 12:50:00+05:30,7097.5,7098.5,7091.0,7097.0,5200,0
2025-11-20 12:55:00+05:30,7098.0,7110.0,7094.5,7107.5,17949,0
2025-11-20 13:00:00+05:30,7107.5,7125.0,7096.0,7097.5,24289,0
2025-11-20 13:05:00+05:30,7097.5,7103.0,7093.0,7098.5,5222,0
2025-11-20 13:10:00+05:30,7098.5,7100.0,7093.0,7099.5,7981,0
2025-11-20 13:15:00+05:30,7099.0,7100.0,7088.0,7091.0,7193,0
2025-11-20 13:20:00+05:30,7090.5,7093.0,7088.0,7092.5,4262,0
2025-11-20 13:25:00+05:30,7092.0,7098.0,7080.0,7085.5,14254,0
2025-11-20 13:30:00+05:30,7086.5,7093.5,7083.0,7092.0,5190,0
2025-11-20 13:35:00+05:30,7093.0,7095.0,7088.0,7094.0,3002,0
2025-11-20 13:40:00+05:30,7094.0,7098.0,7089.5,7096.0,5979,0
2025-11-20 13:45:00+05:30,7096.0,7096.0,7087.0,7091.5,3632,0
2025-11-20 13:50:00+05:30,7092.0,7093.0,7084.5,7084.5,4960,0
2025-11-20 13:55:00+05:30,7087.0,7088.5,7075.0,7079.0,8538,0
2025-11-20 14:00:00+05:30,7081.5,7089.0,7078.5,7085.0,4107,0
2025-11-20 14:05:00+05:30,7085.0,7086.0,7072.5,7078.0,9609,0
2025-11-20 14:10:00+05:30,7078.5,7095.0,7077.0,7093.5,12317,0
2025-11-20 14:15:00+05:30,7094.0,7100.0,7092.0,7097.0,7242,0
2025-11-20 14:20:00+05:30,7098.0,7105.0,7092.5,7104.0,8589,0
2025-11-20 14:25:00+05:30,7104.0,7110.0,7101.5,7108.0,18983,0
2025-11-20 14:30:00+05:30,7108.0,7108.0,7099.5,7103.5,7362,0
2025-11-20 14:35:00+05:30,7104.5,7110.0,7102.5,7108.0,7187,0
2025-11-20 14:40:00+05:30,7107.5,7119.5,7106.0,7108.0,22755,0
2025-11-20 14:45:00+05:30,7107.5,7119.0,7104.0,7115.5,24114,0
2025-11-20 14:50:00+05:30,7116.0,7118.0,7110.5,7111.0,9156,0
2025-11-20 14:55:00+05:30,7111.5,7115.0,7110.0,7114.0,8720,0
2025-11-20 15:00:00+05:30,7114.5,7118.5,7109.0,7117.0,28991,0
2025-11-20 15:05:00+05:30,7115.0,7125.0,7114.0,7121.5,21846,0
2025-11-20 15:10:00+05:30,7122.0,7135.0,7121.0,7133.0,47414,0
2025-11-20 15:15:00+05:30,7132.0,7138.0,7120.0,7130.0,51321,0
2025-11-20 15:20:00+05:30,7130.5,7133.5,7123.5,7127.0,21423,0
2025-11-20 15:25:00+05:30,7125.5,7133.0,7103.5,7125.0,16045,0
2025-11-21 09:15:00+05:30,7125.5,7139.5,7088.5,7138.5,30520,0
2025-11-21 09:20:00+05:30,7138.5,7169.5,7132.0,7163.0,39603,0
2025-11-21 09:25:00+05:30,7162.5,7185.5,7151.0,7176.0,24831,0
2025-11-21 09:30:00+05:30,7178.5,7200.0,7171.0,7189.0,34333,0
2025-11-21 09:35:00+05:30,7189.0,7198.0,7177.0,7196.0,22485,0
2025-11-21 09:40:00+05:30,7195.0,7205.0,7193.0,7199.0,23424,0
2025-11-21 09:45:00+05:30,7199.5,7202.0,7191.0,7200.0,12619,0
2025-11-21 09:50:00+05:30,7200.5,7203.0,7185.0,7185.5,12572,0
2025-11-21 09:55:00+05:30,7188.5,7199.5,7171.5,7196.0,20285,0
2025-11-21 10:00:00+05:30,7196.0,7197.5,7183.0,7187.0,6872,0
2025-11-21 10:05:00+05:30,7185.0,7190.0,7177.5,7182.0,7640,0
2025-11-21 10:10:00+05:30,7182.0,7192.5,7161.5,7171.0,14413,0
2025-11-21 10:15:00+05:30,7168.5,7178.0,7164.0,7176.0,7021,0
2025-11-21 10:20:00+05:30,7175.0,7177.0,7166.0,7174.0,5445,0
2025-11-21 10:25:00+05:30,7176.0,7188.0,7174.0,7182.5,6667,0
2025-11-21 10:30:00+05:30,7182.5,7192.0,7181.0,7189.0,8316,0
2025-11-21 10:35:00+05:30,7187.5,7190.0,7176.5,7179.5,6279,0
2025-11-21 10:40:00+05:30,7179.0,7179.5,7165.0,7170.0,5990,0
2025-11-21 10:45:00+05:30,7169.5,7186.0,7168.0,7182.0,4836,0
2025-11-21 10:50:00+05:30,7182.5,7190.0,7170.5,7172.5,5111,0
2025-11-21 10:55:00+05:30,7172.5,7182.0,7171.0,7177.0,2581,0
2025-11-21 11:00:00+05:30,7179.0,7185.5,7178.5,7181.0,2833,0
2025-11-21 11:05:00+05:30,7180.5,7183.0,7171.0,7179.5,3089,0
2025-11-21 11:10:00+05:30,7178.0,7183.5,7176.5,7183.5,2895,0
2025-11-21 11:15:00+05:30,7183.0,7188.5,7180.0,7186.0,3744,0
2025-11-21 11:20:00+05:30,7184.0,7188.5,7177.0,7178.5,3596,0
2025-11-21 11:25:00+05:30,7181.0,7181.0,7171.0,7180.0,3186,0
2025-11-21 11:30:00+05:30,7179.5,7180.0,7158.0,7158.5,8200,0
2025-11-21 11:35:00+05:30,7158.5,7162.0,7151.0,7161.0,7466,0
2025-11-21 11:40:00+05:30,7161.0,7174.5,7160.5,7174.5,4031,0
2025-11-21 11:45:00+05:30,7173.5,7174.5,7168.0,7173.0,1446,0
2025-11-21 11:50:00+05:30,7171.0,7172.5,7160.5,7168.0,2461,0
2025-11-21 11:55:00+05:30,7169.0,7173.0,7168.0,7172.5,1672,0
2025-11-21 12:00:00+05:30,7171.5,7185.0,7165.0,7179.5,8212,0
2025-11-21 12:05:00+05:30,7180.0,7182.0,7178.0,7181.5,1559,0
2025-11-21 12:10:00+05:30,7181.0,7183.5,7178.0,7178.0,2355,0
2025-11-21 12:15:00+05:30,7177.5,7184.0,7175.5,7182.0,2261,0
2025-11-21 12:20:00+05:30,7182.0,7189.0,7180.0,7184.0,3201,0
2025-11-21 12:25:00+05:30,7186.5,7192.0,7182.5,7191.0,4746,0
2025-11-21 12:30:00+05:30,7190.5,7192.0,7185.5,7189.0,3261,0
2025-11-21 12:35:00+05:30,7189.0,7202.5,7186.5,7200.0,14411,0
2025-11-21 12:40:00+05:30,7200.0,7200.5,7194.0,7198.0,3810,0
2025-11-21 12:45:00+05:30,7197.5,7200.0,7197.0,7198.0,3493,0
2025-11-21 12:50:00+05:30,7198.0,7205.0,7187.5,7196.0,7153,0
2025-11-21 12:55:00+05:30,7194.5,7199.0,7194.0,7199.0,2088,0
2025-11-21 13:00:00+05:30,7197.5,7200.0,7195.0,7198.0,3229,0
2025-11-21 13:05:00+05:30,7198.0,7200.0,7197.0,7199.0,2371,0
2025-11-21 13:10:00+05:30,7199.5,7200.0,7189.0,7192.5,3874,0
2025-11-21 13:15:00+05:30,7189.5,7194.0,7177.0,7180.0,5787,0
2025-11-21 13:20:00+05:30,7180.0,7186.0,7167.0,7168.0,8541,0
2025-11-21 13:25:00+05:30,7170.0,7174.0,7167.0,7173.0,4224,0
2025-11-21 13:30:00+05:30,7169.5,7172.5,7165.0,7167.0,2679,0
2025-11-21 13:35:00+05:30,7165.0,7173.5,7162.0,7163.5,6072,0
2025-11-21 13:40:00+05:30,7163.0,7165.5,7146.5,7151.0,8113,0
2025-11-21 13:45:00+05:30,7150.5,7162.5,7147.0,7149.5,7610,0
2025-11-21 13:50:00+05:30,7149.5,7158.0,7143.0,7151.5,6700,0
2025-11-21 13:55:00+05:30,7151.0,7158.0,7150.5,7153.5,4234,0
2025-11-21 14:00:00+05:30,7153.0,7159.5,7149.5,7149.5,3381,0
2025-11-21 14:05:00+05:30,7149.5,7157.5,7147.5,7155.0,2061,0
2025-11-21 14:10:00+05:30,7154.5,7159.0,7150.0,7153.0,1330,0
2025-11-21 14:15:00+05:30,7153.5,7155.0,7148.5,7151.0,1704,0
2025-11-21 14:20:00+05:30,7151.5,7155.0,7148.5,7150.0,1942,0
2025-11-21 14:25:00+05:30,7150.5,7151.5,7144.5,7147.5,3447,0
2025-11-21 14:30:00+05:30,7147.5,7150.0,7138.0,7145.0,23682,0
2025-11-21 14:35:00+05:30,7145.0,7153.0,7141.5,7150.0,4829,0
2025-11-21 14:40:00+05:30,7150.0,7162.0,7150.0,7153.0,4433,0
2025-11-21 14:45:00+05:30,7153.0,7159.0,7148.5,7149.0,2695,0
2025-11-21 14:50:00+05:30,7149.0,7154.5,7145.0,7149.0,14237,0
2025-11-21 14:55:00+05:30,7148.5,7148.5,7130.0,7137.0,6371,0
2025-11-21 15:00:00+05:30,7136.5,7145.0,7133.0,7140.5,11842,0
2025-11-21 15:05:00+05:30,7140.0,7143.5,7137.5,7141.5,7853,0
2025-11-21 15:10:00+05:30,7141.5,7143.0,7137.5,7140.5,13231,0
2025-11-21 15:15:00+05:30,7141.0,7150.0,7131.0,7138.5,24498,0
2025-11-21 15:20:00+05:30,7138.5,7142.0,7122.5,7132.5,34430,0
2025-11-21 15:25:00+05:30,7132.5,7155.0,7123.5,7139.0,25710,0
2025-11-24 09:15:00+05:30,7151.5,7223.0,7135.0,7213.0,48032,0
2025-11-24 09:20:00+05:30,7211.5,7234.0,7191.0,7213.0,40679,0
2025-11-24 09:25:00+05:30,7213.0,7224.5,7210.0,7213.5,23469,0
2025-11-24 09:30:00+05:30,7211.0,7217.5,7203.0,7210.0,16659,0
2025-11-24 09:35:00+05:30,7209.5,7219.0,7200.0,7217.0,17147,0
2025-11-24 09:40:00+05:30,7217.5,7220.0,7206.5,7206.5,9397,0
2025-11-24 09:45:00+05:30,7206.5,7209.5,7185.5,7208.5,11547,0
2025-11-24 09:50:00+05:30,7209.5,7225.0,7208.5,7222.0,9686,0
2025-11-24 09:55:00+05:30,7222.0,7240.0,7221.0,7240.0,16063,0
2025-11-24 10:00:00+05:30,7238.0,7243.5,7228.5,7235.5,14850,0
2025-11-24 10:05:00+05:30,7233.5,7257.5,7231.0,7243.5,27119,0
2025-11-24 10:10:00+05:30,7243.5,7251.0,7242.0,7250.0,11678,0
2025-11-24 10:15:00+05:30,7250.0,7258.0,7244.0,7258.0,11350,0
2025-11-24 10:20:00+05:30,7258.0,7264.0,7253.5,7261.5,15428,0
2025-11-24 10:25:00+05:30,7259.0,7268.5,7258.0,7263.0,12809,0
2025-11-24 10:30:00+05:30,7266.5,7268.0,7259.5,7266.5,9416,0
2025-11-24 10:35:00+05:30,7266.5,7266.5,7249.5,7258.0,10945,0
2025-11-24 10:40:00+05:30,7259.0,7262.5,7255.0,7259.0,5424,0
2025-11-24 10:45:00+05:30,7261.0,7269.0,7259.0,7259.5,11290,0
2025-11-24 10:50:00+05:30,7262.0,7266.0,7259.0,7262.0,8267,0
2025-11-24 10:55:00+05:30,7262.0,7266.0,7258.0,7263.5,7639,0
2025-11-24 11:00:00+05:30,7263.5,7265.0,7253.5,7258.0,10588,0
2025-11-24 11:05:00+05:30,7258.5,7275.0,7257.0,7260.0,17148,0
2025-11-24 11:10:00+05:30,7260.0,7275.0,7257.0,7273.5,10613,0
2025-11-24 11:15:00+05:30,7272.5,7275.0,7265.0,7267.5,7769,0
2025-11-24 11:20:00+05:30,7267.5,7272.5,7266.0,7272.5,6675,0
2025-11-24 11:25:00+05:30,7272.5,7274.0,7261.5,7268.0,10345,0
2025-11-24 11:30:00+05:30,7268.0,7268.0,7253.0,7265.0,10835,0
2025-11-24 11:35:00+05:30,7264.5,7270.0,7262.5,7264.5,6414,0
2025-11-24 11:40:00+05:30,7264.5,7271.0,7261.5,7271.0,7212,0
2025-11-24 11:45:00+05:30,7271.0,7271.5,7265.0,7270.5,5948,0
2025-11-24 11:50:00+05:30,7270.5,7273.5,7267.0,7271.0,8113,0
2025-11-24 11:55:00+05:30,7271.5,7271.5,7265.0,7271.5,7402,0
2025-11-24 12:00:00+05:30,7271.5,7280.0,7268.5,7273.0,14480,0
2025-11-24 12:05:00+05:30,7273.5,7276.0,7264.0,7265.0,12274,0
2025-11-24 12:10:00+05:30,7265.0,7267.5,7258.5,7264.5,6546,0
2025-11-24 12:15:00+05:30,7264.5,7270.5,7257.0,7266.0,8258,0
2025-11-24 12:20:00+05:30,7268.0,7274.0,7263.5,7266.0,7252,0
2025-11-24 12:25:00+05:30,7265.5,7266.5,7250.0,7254.5,10450,0
2025-11-24 12:30:00+05:30,7253.5,7259.5,7237.5,7259.5,15304,0
2025-11-24 12:35:00+05:30,7260.0,7266.0,7259.0,7263.0,5984,0
2025-11-24 12:40:00+05:30,7263.0,7263.5,7255.0,7258.5,5350,0
2025-11-24 12:45:00+05:30,7258.5,7262.0,7255.0,7260.0,6696,0
2025-11-24 12:50:00+05:30,7260.0,7263.0,7251.0,7253.5,9043,0
2025-11-24 12:55:00+05:30,7253.5,7255.5,7249.0,7255.0,7714,0
2025-11-24 13:00:00+05:30,7255.0,7260.0,7252.0,7259.5,5097,0
2025-11-24 13:05:00+05:30,7260.0,7268.0,7255.0,7260.0,14414,0
2025-11-24 13:10:00+05:30,7260.5,7265.5,7257.0,7262.5,6253,0
2025-11-24 13:15:00+05:30,7262.5,7273.0,7261.5,7273.0,7785,0
2025-11-24 13:20:00+05:30,7273.0,7275.0,7270.0,7273.0,6183,0
2025-11-24 13:25:00+05:30,7273.0,7282.5,7272.0,7281.5,7640,0
2025-11-24 13:30:00+05:30,7281.5,7284.5,7274.0,7279.0,8733,0
2025-11-24 13:35:00+05:30,7280.0,7283.0,7266.0,7275.0,9507,0
2025-11-24 13:40:00+05:30,7275.5,7283.0,7272.5,7282.5,4938,0
2025-11-24 13:45:00+05:30,7282.0,7282.5,7270.5,7273.0,8376,0
2025-11-24 13:50:00+05:30,7274.0,7281.0,7272.0,7275.5,6019,0
2025-11-24 13:55:00+05:30,7279.0,7280.5,7270.5,7274.5,8395,0
2025-11-24 14:00:00+05:30,7274.5,7275.5,7266.5,7273.0,7850,0
2025-11-24 14:05:00+05:30,7273.0,7278.0,7268.0,7272.0,8461,0
2025-11-24 14:10:00+05:30,7275.0,7281.0,7272.5,7281.0,9412,0
2025-11-24 14:15:00+05:30,7280.0,7282.5,7274.5,7275.5,8379,0
2025-11-24 14:20:00+05:30,7274.5,7277.0,7262.0,7266.5,12080,0
2025-11-24 14:25:00+05:30,7266.5,7270.0,7264.5,7267.0,8094,0
2025-11-24 14:30:00+05:30,7266.5,7268.5,7256.0,7259.5,12638,0
2025-11-24 14:35:00+05:30,7259.5,7263.5,7256.5,7257.0,9300,0
2025-11-24 14:40:00+05:30,7257.0,7262.5,7255.5,7257.0,9560,0
2025-11-24 14:45:00+05:30,7257.0,7259.5,7256.0,7257.5,8690,0
2025-11-24 14:50:00+05:30,7258.0,7258.0,7249.0,7250.0,15951,0
2025-11-24 14:55:00+05:30,7250.0,7254.0,7246.5,7250.5,12350,0
2025-11-24 15:00:00+05:30,7254.0,7272.5,7250.5,7250.5,94169,0
2025-11-24 15:05:00+05:30,7250.0,7260.5,7246.0,7257.5,64420,0
2025-11-24 15:10:00+05:30,7258.0,7271.0,7255.0,7258.0,84811,0
2025-11-24 15:15:00+05:30,7257.0,7263.0,7248.0,7260.0,76110,0
2025-11-24 15:20:00+05:30,7260.0,7273.5,7252.0,7263.5,83403,0
2025-11-24 15:25:00+05:30,7263.5,7282.0,7226.0,7250.0,52458,0
2025-11-25 09:15:00+05:30,7258.5,7274.5,7200.0,7218.5,33168,0
2025-11-25 09:20:00+05:30,7218.0,7229.5,7205.0,7223.0,10076,0
2025-11-25 09:25:00+05:30,7223.0,7224.0,7206.5,7221.5,4857,0
2025-11-25 09:30:00+05:30,7221.5,7223.0,7203.0,7206.0,6627,0
2025-11-25 09:35:00+05:30,7206.5,7213.0,7191.0,7198.0,6621,0
2025-11-25 09:40:00+05:30,7199.0,7202.5,7195.0,7200.0,3081,0
2025-11-25 09:45:00+05:30,7200.0,7201.5,7198.0,7201.0,2137,0
2025-11-25 09:50:00+05:30,7200.5,7239.0,7200.5,7238.0,10832,0
2025-11-25 09:55:00+05:30,7238.0,7240.0,7215.0,7219.5,7816,0
2025-11-25 10:00:00+05:30,7219.5,7233.5,7219.5,7225.5,4293,0
2025-11-25 10:05:00+05:30,7226.0,7230.0,7218.5,7218.5,1872,0
2025-11-25 10:10:00+05:30,7218.5,7224.0,7218.0,7222.0,1787,0
2025-11-25 10:15:00+05:30,7223.5,7232.5,7222.0,7231.0,3743,0
2025-11-25 10:20:00+05:30,7230.0,7233.5,7216.5,7220.0,4259,0
2025-11-25 10:25:00+05:30,7218.5,7229.5,7211.5,7215.0,4232,0
2025-11-25 10:30:00+05:30,7211.5,7217.0,7210.0,7214.0,2857,0
2025-11-25 10:35:00+05:30,7213.0,7227.5,7211.5,7226.5,2593,0
2025-11-25 10:40:00+05:30,7227.0,7228.0,7215.0,7215.0,3726,0
2025-11-25 10:45:00+05:30,7215.0,7215.5,7200.5,7205.0,5471,0
2025-11-25 10:50:00+05:30,7205.5,7206.5,7195.0,7196.0,6100,0
2025-11-25 10:55:00+05:30,7196.0,7213.5,7195.0,7211.5,6094,0
2025-11-25 11:00:00+05:30,7211.5,7213.5,7200.5,7208.5,5972,0
2025-11-25 11:05:00+05:30,7207.5,7209.0,7203.5,7203.5,4360,0
2025-11-25 11:10:00+05:30,7202.5,7205.0,7200.5,7201.0,2048,0
2025-11-25 11:15:00+05:30,7201.0,7203.5,7193.0,7197.5,2640,0
2025-11-25 11:20:00+05:30,7197.5,7200.0,7197.5,7200.0,1240,0
2025-11-25 11:25:00+05:30,7199.5,7209.0,7199.5,7209.0,4701,0
2025-11-25 11:30:00+05:30,7208.5,7211.5,7205.5,7208.5,2328,0
2025-11-25 11:35:00+05:30,7208.5,7211.0,7208.0,7210.0,1117,0
2025-11-25 11:40:00+05:30,7210.0,7217.0,7209.5,7212.5,2364,0
2025-11-25 11:45:00+05:30,7210.5,7217.5,7208.5,7212.0,2226,0
2025-11-25 11:50:00+05:30,7212.0,7225.0,7212.0,7222.0,2731,0
2025-11-25 11:55:00+05:30,7222.0,7234.0,7222.0,7231.0,5019,0
2025-11-25 12:00:00+05:30,7231.0,7234.0,7230.0,7230.0,3830,0
2025-11-25 12:05:00+05:30,7232.5,7234.0,7226.5,7228.0,9371,0
2025-11-25 12:10:00+05:30,7227.5,7228.5,7220.5,7223.0,3899,0
2025-11-25 12:15:00+05:30,7223.0,7224.5,7211.0,7211.5,2157,0
2025-11-25 12:20:00+05:30,7212.5,7214.0,7205.5,7205.5,2980,0
2025-11-25 12:25:00+05:30,7207.5,7217.0,7205.5,7214.5,4631,0
2025-11-25 12:30:00+05:30,7212.0,7219.0,7212.0,7213.5,3614,0
2025-11-25 12:35:00+05:30,7213.0,7219.5,7213.0,7214.5,3552,0
2025-11-25 12:40:00+05:30,7214.5,7215.0,7210.0,7213.5,3442,0
2025-11-25 12:45:00+05:30,7212.5,7219.0,7212.5,7215.0,4840,0
2025-11-25 12:50:00+05:30,7215.0,7216.0,7206.5,7212.5,3115,0
2025-11-25 12:55:00+05:30,7212.5,7216.5,7205.5,7211.5,3798,0
2025-11-25 13:00:00+05:30,7209.5,7216.0,7208.5,7214.5,2137,0
2025-11-25 13:05:00+05:30,7214.5,7222.5,7213.5,7222.0,3191,0
2025-11-25 13:10:00+05:30,7220.5,7222.5,7213.0,7215.0,3766,0
2025-11-25 13:15:00+05:30,7215.5,7217.0,7201.5,7202.5,3430,0
2025-11-25 13:20:00+05:30,7202.5,7204.5,7197.0,7200.0,3625,0
2025-11-25 13:25:00+05:30,7198.5,7203.0,7193.5,7200.0,3200,0
2025-11-25 13:30:00+05:30,7199.5,7200.0,7194.0,7198.0,1961,0
2025-11-25 13:35:00+05:30,7195.5,7202.0,7194.5,7198.5,1588,0
2025-11-25 13:40:00+05:30,7198.5,7201.5,7194.0,7194.0,1807,0
2025-11-25 13:45:00+05:30,7194.0,7202.0,7194.0,7195.0,2253,0
2025-11-25 13:50:00+05:30,7195.0,7197.0,7192.0,7192.5,1810,0
2025-11-25 13:55:00+05:30,7193.5,7197.0,7192.0,7195.0,2371,0
2025-11-25 14:00:00+05:30,7195.5,7205.0,7195.0,7195.5,2736,0
2025-11-25 14:05:00+05:30,7195.5,7199.5,7195.0,7195.5,2611,0
2025-11-25 14:10:00+05:30,7195.5,7202.5,7195.0,7200.0,2973,0
2025-11-25 14:15:00+05:30,7200.0,7209.0,7200.0,7204.0,5386,0
2025-11-25 14:20:00+05:30,7201.0,7222.5,7200.0,7220.0,16994,0
2025-11-25 14:25:00+05:30,7220.0,7225.0,7212.0,7220.0,7150,0
2025-11-25 14:30:00+05:30,7220.0,7234.5,7216.5,7229.0,11763,0
2025-11-25 14:35:00+05:30,7229.0,7233.0,7221.0,7225.0,4428,0
2025-11-25 14:40:00+05:30,7223.0,7226.0,7220.0,7222.5,4541,0
2025-11-25 14:45:00+05:30,7223.0,7228.0,7220.0,7227.0,4762,0
2025-11-25 14:50:00+05:30,7227.5,7228.0,7220.0,7222.0,4578,0
2025-11-25 14:55:00+05:30,7222.0,7224.5,7213.5,7220.0,17246,0
2025-11-25 15:00:00+05:30,7220.0,7226.0,7214.0,7220.5,63998,0
2025-11-25 15:05:00+05:30,7220.5,7225.0,7214.5,7220.5,33153,0
2025-11-25 15:10:00+05:30,7221.0,7224.0,7220.0,7220.5,21134,0
2025-11-25 15:15:00+05:30,7220.0,7225.5,7217.5,7220.5,35337,0
2025-11-25 15:20:00+05:30,7220.5,7222.0,7217.0,7217.5,17888,0
2025-11-25 15:25:00+05:30,7217.0,7217.5,7180.0,7200.0,15906,0
2025-11-26 09:15:00+05:30,7258.0,7270.0,7200.0,7202.0,20098,0
2025-11-26 09:20:00+05:30,7202.0,7209.5,7185.5,7186.0,13076,0
2025-11-26 09:25:00+05:30,7186.0,7218.0,7185.0,7214.0,8586,0
2025-11-26 09:30:00+05:30,7214.0,7220.0,7202.0,7213.5,9474,0
2025-11-26 09:35:00+05:30,7213.0,7213.5,7208.0,7211.5,4518,0
2025-11-26 09:40:00+05:30,7211.5,7213.5,7204.0,7209.0,7449,0
2025-11-26 09:45:00+05:30,7207.5,7217.0,7207.5,7217.0,2090,0
2025-11-26 09:50:00+05:30,7217.0,7223.5,7210.0,7219.5,5725,0
2025-11-26 09:55:00+05:30,7219.0,7235.0,7215.5,7233.5,3672,0
2025-11-26 10:00:00+05:30,7233.5,7254.0,7231.0,7251.0,9735,0
2025-11-26 10:05:00+05:30,7251.0,7258.5,7246.0,7250.0,5135,0
2025-11-26 10:10:00+05:30,7250.0,7251.0,7232.5,7235.5,3876,0
2025-11-26 10:15:00+05:30,7234.5,7242.0,7234.0,7236.0,3750,0
2025-11-26 10:20:00+05:30,7235.5,7235.5,7222.0,7233.5,4151,0
2025-11-26 10:25:00+05:30,7233.0,7234.0,7222.5,7225.0,1824,0
2025-11-26 10:30:00+05:30,7225.5,7230.0,7224.0,7225.5,3787,0
2025-11-26 10:35:00+05:30,7226.0,7231.0,7218.0,7230.0,2887,0
2025-11-26 10:40:00+05:30,7230.0,7235.0,7226.5,7232.5,2009,0
2025-11-26 10:45:00+05:30,7232.0,7242.0,7230.0,7236.5,2232,0
2025-11-26 10:50:00+05:30,7235.5,7239.5,7225.0,7228.5,3086,0
2025-11-26 10:55:00+05:30,7228.0,7235.0,7227.0,7227.0,2549,0
2025-11-26 11:00:00+05:30,7228.5,7233.0,7220.0,7220.5,2145,0
2025-11-26 11:05:00+05:30,7221.0,7228.0,7218.5,7228.0,2668,0
2025-11-26 11:10:00+05:30,7227.5,7231.5,7223.0,7226.5,1869,0
2025-11-26 11:15:00+05:30,7226.5,7230.5,7224.0,7230.5,1727,0
2025-11-26 11:20:00+05:30,7230.0,7232.5,7226.0,7228.0,2564,0
2025-11-26 11:25:00+05:30,7229.0,7231.5,7225.0,7229.0,1710,0
2025-11-26 11:30:00+05:30,7228.0,7236.0,7227.5,7235.5,1702,0
2025-11-26 11:35:00+05:30,7235.0,7236.0,7230.0,7231.5,2684,0
2025-11-26 11:40:00+05:30,7231.0,7233.0,7222.5,7227.0,1862,0
2025-11-26 11:45:00+05:30,7227.5,7236.0,7225.5,7235.0,2345,0
2025-11-26 11:50:00+05:30,7234.5,7243.5,7234.0,7240.5,3450,0
2025-11-26 11:55:00+05:30,7240.0,7242.0,7239.0,7240.5,1959,0
2025-11-26 12:00:00+05:30,7240.5,7242.0,7233.5,7236.5,2578,0
2025-11-26 12:05:00+05:30,7236.0,7240.0,7236.0,7239.0,1400,0
2025-11-26 12:10:00+05:30,7237.5,7240.5,7237.5,7240.0,1453,0
2025-11-26 12:15:00+05:30,7239.0,7240.0,7235.0,7237.0,1793,0
2025-11-26 12:20:00+05:30,7237.5,7248.0,7235.0,7248.0,4450,0
2025-11-26 12:25:00+05:30,7247.5,7259.5,7246.0,7256.5,4022,0
2025-11-26 12:30:00+05:30,7257.0,7269.0,7254.0,7266.0,5113,0
2025-11-26 12:35:00+05:30,7266.5,7269.0,7252.0,7259.5,3534,0
2025-11-26 12:40:00+05:30,7258.5,7262.0,7254.0,7259.0,1527,0
2025-11-26 12:45:00+05:30,7259.5,7262.0,7258.0,7262.0,1700,0
2025-11-26 12:50:00+05:30,7261.5,7268.0,7257.0,7267.5,3023,0
2025-11-26 12:55:00+05:30,7268.5,7273.0,7267.0,7269.5,4615,0
2025-11-26 13:00:00+05:30,7268.0,7269.0,7258.5,7262.5,4447,0
2025-11-26 13:05:00+05:30,7262.0,7267.0,7259.5,7264.0,3720,0
2025-11-26 13:10:00+05:30,7263.5,7268.0,7261.0,7263.5,2571,0
2025-11-26 13:15:00+05:30,7263.0,7268.0,7261.5,7267.5,2506,0
2025-11-26 13:20:00+05:30,7266.5,7270.0,7264.5,7265.0,2846,0
2025-11-26 13:25:00+05:30,7264.5,7267.0,7261.0,7263.0,2798,0
2025-11-26 13:30:00+05:30,7262.5,7264.5,7260.5,7262.5,2558,0
2025-11-26 13:35:00+05:30,7261.0,7265.0,7260.0,7265.0,2057,0
2025-11-26 13:40:00+05:30,7264.5,7268.5,7257.5,7259.0,3261,0
2025-11-26 13:45:00+05:30,7259.0,7261.5,7247.5,7249.0,4108,0
2025-11-26 13:50:00+05:30,7249.5,7250.5,7236.5,7238.5,3777,0
2025-11-26 13:55:00+05:30,7238.5,7245.5,7237.0,7242.5,3478,0
2025-11-26 14:00:00+05:30,7240.5,7249.5,7238.5,7245.5,6002,0
2025-11-26 14:05:00+05:30,7245.5,7247.0,7238.5,7243.5,2992,0
2025-11-26 14:10:00+05:30,7243.5,7246.5,7240.5,7245.0,2356,0
2025-11-26 14:15:00+05:30,7244.0,7247.5,7241.0,7245.5,2248,0
2025-11-26 14:20:00+05:30,7246.0,7249.5,7241.0,7242.0,3286,0
2025-11-26 14:25:00+05:30,7242.0,7242.0,7228.0,7229.0,7693,0
2025-11-26 14:30:00+05:30,7229.0,7233.0,7212.0,7220.0,6501,0
2025-11-26 14:35:00+05:30,7219.5,7220.0,7212.0,7214.5,2889,0
2025-11-26 14:40:00+05:30,7214.5,7218.0,7207.0,7207.0,8100,0
2025-11-26 14:45:00+05:30,7207.0,7219.5,7206.0,7208.5,4292,0
2025-11-26 14:50:00+05:30,7208.5,7208.5,7192.5,7195.5,7822,0
2025-11-26 14:55:00+05:30,7195.5,7200.5,7189.5,7199.0,4366,0
2025-11-26 15:00:00+05:30,7199.0,7205.0,7194.5,7194.5,6196,0
2025-11-26 15:05:00+05:30,7194.5,7200.0,7191.5,7200.0,4354,0
2025-11-26 15:10:00+05:30,7199.0,7208.0,7196.5,7207.0,5894,0
2025-11-26 15:15:00+05:30,7207.0,7211.0,7201.0,7202.0,7066,0
2025-11-26 15:20:00+05:30,7201.5,7204.0,7196.5,7199.0,5437,0
2025-11-26 15:25:00+05:30,7199.0,7200.0,7180.0,7180.0,6301,0
2025-11-27 09:15:00+05:30,7210.0,7210.5,7121.5,7130.5,22639,0
2025-11-27 09:20:00+05:30,7130.5,7138.5,7112.0,7133.5,19550,0
2025-11-27 09:25:00+05:30,7133.5,7145.5,7128.0,7131.5,7998,0
2025-11-27 09:30:00+05:30,7132.0,7133.0,7117.0,7128.0,9020,0
2025-11-27 09:35:00+05:30,7128.5,7148.5,7127.0,7142.0,6338,0
2025-11-27 09:40:00+05:30,7141.5,7148.0,7102.0,7119.5,9964,0
2025-11-27 09:45:00+05:30,7121.5,7135.0,7119.0,7135.0,3950,0
2025-11-27 09:50:00+05:30,7135.0,7138.0,7120.5,7128.5,3268,0
2025-11-27 09:55:00+05:30,7128.0,7135.0,7124.5,7130.0,3286,0
2025-11-27 10:00:00+05:30,7130.0,7131.5,7121.5,7122.0,1552,0
2025-11-27 10:05:00+05:30,7121.0,7122.0,7105.0,7112.0,7980,0
2025-11-27 10:10:00+05:30,7112.0,7115.5,7095.0,7096.0,13464,0
2025-11-27 10:15:00+05:30,7097.5,7099.0,7080.0,7085.5,7743,0
2025-11-27 10:20:00+05:30,7087.0,7089.5,7074.0,7074.0,3816,0
2025-11-27 10:25:00+05:30,7074.5,7075.0,7050.5,7074.5,8087,0
2025-11-27 10:30:00+05:30,7072.5,7080.0,7070.0,7079.5,2856,0
2025-11-27 10:35:00+05:30,7079.5,7084.0,7070.0,7075.5,2358,0
2025-11-27 10:40:00+05:30,7076.0,7085.0,7070.0,7073.5,4353,0
2025-11-27 10:45:00+05:30,7073.5,7082.0,7044.5,7053.0,10169,0
2025-11-27 10:50:00+05:30,7053.0,7062.0,7042.0,7048.5,7027,0
2025-11-27 10:55:00+05:30,7049.0,7060.5,7048.0,7050.5,3656,0
2025-11-27 11:00:00+05:30,7050.5,7060.0,7050.5,7055.0,1316,0
2025-11-27 11:05:00+05:30,7055.5,7057.0,7047.0,7051.5,5578,0
2025-11-27 11:10:00+05:30,7054.0,7055.5,7050.0,7051.5,1756,0
2025-11-27 11:15:00+05:30,7051.0,7068.0,7051.0,7066.0,3006,0
2025-11-27 11:20:00+05:30,7065.0,7067.5,7057.5,7062.0,1673,0
2025-11-27 11:25:00+05:30,7060.5,7066.5,7059.5,7064.5,1223,0
2025-11-27 11:30:00+05:30,7065.0,7071.5,7062.0,7070.0,6603,0
2025-11-27 11:35:00+05:30,7069.0,7070.0,7058.0,7066.0,13931,0
2025-11-27 11:40:00+05:30,7065.0,7066.0,7057.0,7057.5,4318,0
2025-11-27 11:45:00+05:30,7058.0,7059.0,7033.0,7042.5,26214,0
2025-11-27 11:50:00+05:30,7042.5,7049.0,7032.0,7034.0,6946,0
2025-11-27 11:55:00+05:30,7034.0,7035.0,7020.5,7022.5,5934,0
2025-11-27 12:00:00+05:30,7024.5,7035.0,7016.0,7026.0,6640,0
2025-11-27 12:05:00+05:30,7026.0,7027.0,7003.0,7004.5,8754,0
2025-11-27 12:10:00+05:30,7004.5,7015.0,7004.5,7005.5,3225,0
2025-11-27 12:15:00+05:30,7007.5,7013.0,7003.5,7006.0,4373,0
2025-11-27 12:20:00+05:30,7006.5,7010.0,7004.5,7009.0,2092,0
2025-11-27 12:25:00+05:30,7009.0,7010.0,7005.0,7007.5,2541,0
2025-11-27 12:30:00+05:30,7006.5,7014.5,7005.0,7010.0,4558,0
2025-11-27 12:35:00+05:30,7011.5,7016.0,7000.0,7000.5,7421,0
2025-11-27 12:40:00+05:30,7003.5,7010.0,6994.0,7010.0,5501,0
2025-11-27 12:45:00+05:30,7010.0,7030.0,7009.0,7025.0,7173,0
2025-11-27 12:50:00+05:30,7026.5,7032.5,7025.0,7027.0,3841,0
2025-11-27 12:55:00+05:30,7027.5,7030.0,7020.5,7021.0,2255,0
2025-11-27 13:00:00+05:30,7021.5,7023.0,7014.0,7014.0,1787,0
2025-11-27 13:05:00+05:30,7014.0,7020.0,7012.0,7013.0,1698,0
2025-11-27 13:10:00+05:30,7015.0,7015.0,7000.0,7000.5,5880,0
2025-11-27 13:15:00+05:30,7000.0,7012.0,6996.0,7008.5,2811,0
2025-11-27 13:20:00+05:30,7009.0,7013.0,7003.5,7009.0,1791,0
2025-11-27 13:25:00+05:30,7008.5,7011.5,7005.0,7010.0,1370,0
2025-11-27 13:30:00+05:30,7007.0,7011.5,7003.5,7011.0,1820,0
2025-11-27 13:35:00+05:30,7011.5,7015.0,7007.5,7012.0,1102,0
2025-11-27 13:40:00+05:30,7012.0,7019.0,7012.0,7019.0,1570,0
2025-11-27 13:45:00+05:30,7019.0,7019.5,7010.0,7010.0,2725,0
2025-11-27 13:50:00+05:30,7010.5,7012.5,7007.0,7008.0,1918,0
2025-11-27 13:55:00+05:30,7008.0,7010.0,7005.0,7005.5,2058,0
2025-11-27 14:00:00+05:30,7005.5,7012.0,7004.0,7005.5,2591,0
2025-11-27 14:05:00+05:30,7006.0,7009.5,7003.5,7008.5,1727,0
2025-11-27 14:10:00+05:30,7008.5,7015.0,7005.0,7009.5,2721,0
2025-11-27 14:15:00+05:30,7010.0,7012.0,7004.0,7006.0,1600,0
2025-11-27 14:20:00+05:30,7006.0,7014.5,7006.0,7009.0,3745,0
2025-11-27 14:25:00+05:30,7009.0,7013.5,7008.0,7009.0,1752,0
2025-11-27 14:30:00+05:30,7010.0,7010.5,7000.0,7000.5,6174,0
2025-11-27 14:35:00+05:30,7002.0,7002.0,6985.0,6992.5,9941,0
2025-11-27 14:40:00+05:30,6992.0,6999.0,6991.5,6998.0,7009,0
2025-11-27 14:45:00+05:30,6997.5,6998.5,6992.5,6995.5,5740,0
2025-11-27 14:50:00+05:30,6995.5,7001.5,6981.0,7001.5,12141,0
2025-11-27 14:55:00+05:30,7000.5,7009.0,7000.0,7009.0,8725,0
2025-11-27 15:00:00+05:30,7009.0,7013.5,7000.0,7006.0,14417,0
2025-11-27 15:05:00+05:30,7006.0,7009.5,6993.5,6997.0,7782,0
2025-11-27 15:10:00+05:30,6997.0,7002.0,6991.0,6993.0,12757,0
2025-11-27 15:15:00+05:30,6993.0,7005.0,6990.0,7003.0,22524,0
2025-11-27 15:20:00+05:30,7003.0,7004.0,6994.0,6997.0,19605,0
2025-11-27 15:25:00+05:30,6997.0,7005.0,6990.0,7004.0,16599,0
2025-11-28 09:15:00+05:30,6999.0,7019.5,6956.0,7012.5,20583,0
2025-11-28 09:20:00+05:30,7011.5,7019.5,7002.5,7009.5,8371,0
2025-11-28 09:25:00+05:30,7009.5,7010.0,6993.0,7000.0,6454,0
2025-11-28 09:30:00+05:30,7000.0,7031.0,6996.0,7027.0,9766,0
2025-11-28 09:35:00+05:30,7025.0,7027.0,7010.0,7011.0,12238,0
2025-11-28 09:40:00+05:30,7014.0,7016.0,6991.5,6996.0,5245,0
2025-11-28 09:45:00+05:30,6996.0,6998.5,6989.0,6995.5,5778,0
2025-11-28 09:50:00+05:30,6995.5,7005.5,6994.0,7003.0,1773,0
2025-11-28 09:55:00+05:30,7003.0,7009.0,7002.0,7008.0,2415,0
2025-11-28 10:00:00+05:30,7007.5,7028.5,7006.5,7024.0,5013,0
2025-11-28 10:05:00+05:30,7024.0,7028.0,7017.5,7028.0,3993,0
2025-11-28 10:10:00+05:30,7026.0,7035.0,7025.0,7033.0,8246,0
2025-11-28 10:15:00+05:30,7032.5,7032.5,7022.0,7025.5,5264,0
2025-11-28 10:20:00+05:30,7023.5,7028.5,7019.5,7020.0,1871,0
2025-11-28 10:25:00+05:30,7019.5,7026.0,7012.0,7024.0,4222,0
2025-11-28 10:30:00+05:30,7024.5,7030.5,7024.0,7027.0,2334,0
2025-11-28 10:35:00+05:30,7027.0,7038.5,7026.0,7031.0,4582,0
2025-11-28 10:40:00+05:30,7030.5,7032.5,7019.0,7020.0,2615,0
2025-11-28 10:45:00+05:30,7020.0,7024.5,7020.0,7021.5,1423,0
2025-11-28 10:50:00+05:30,7022.0,7022.0,7014.5,7020.5,2739,0
2025-11-28 10:55:00+05:30,7020.5,7032.5,7003.0,7031.0,7656,0
2025-11-28 11:00:00+05:30,7031.5,7034.5,7018.0,7027.0,3093,0
2025-11-28 11:05:00+05:30,7028.0,7045.5,7027.0,7044.0,9374,0
2025-11-28 11:10:00+05:30,7044.0,7046.5,7038.5,7045.5,3479,0
2025-11-28 11:15:00+05:30,7045.5,7047.0,7040.5,7043.0,1783,0
2025-11-28 11:20:00+05:30,7043.0,7043.0,7036.5,7036.5,1756,0
2025-11-28 11:25:00+05:30,7038.0,7044.5,7029.0,7036.5,3915,0
2025-11-28 11:30:00+05:30,7036.5,7038.5,7029.5,7029.5,1435,0
2025-11-28 11:35:00+05:30,7029.0,7035.5,7025.0,7032.0,3859,0
2025-11-28 11:40:00+05:30,7032.0,7051.5,7030.0,7048.5,9088,0
2025-11-28 11:45:00+05:30,7049.0,7055.0,7047.0,7054.0,8211,0
2025-11-28 11:50:00+05:30,7055.0,7059.0,7054.5,7057.5,4050,0
2025-11-28 11:55:00+05:30,7057.0,7065.0,7051.5,7055.5,11488,0
2025-11-28 12:00:00+05:30,7056.0,7056.0,7042.5,7049.0,3824,0
2025-11-28 12:05:00+05:30,7049.0,7050.5,7040.5,7043.5,2563,0
2025-11-28 12:10:00+05:30,7043.5,7047.5,7041.0,7045.5,2650,0
2025-11-28 12:15:00+05:30,7046.5,7046.5,7040.5,7041.5,1794,0
2025-11-28 12:20:00+05:30,7042.0,7044.0,7041.5,7044.0,1684,0
2025-11-28 12:25:00+05:30,7044.0,7045.0,7025.5,7029.0,11117,0
2025-11-28 12:30:00+05:30,7029.5,7051.5,7028.5,7049.0,13506,0
2025-11-28 12:35:00+05:30,7048.5,7051.5,7044.5,7050.5,2729,0
2025-11-28 12:40:00+05:30,7050.0,7052.0,7046.0,7047.0,2041,0
2025-11-28 12:45:00+05:30,7047.5,7048.0,7025.0,7034.0,11287,0
2025-11-28 12:50:00+05:30,7033.0,7036.0,7026.0,7026.0,2624,0
2025-11-28 12:55:00+05:30,7026.0,7032.5,7026.0,7027.5,2471,0
2025-11-28 13:00:00+05:30,7028.5,7029.0,7025.5,7027.5,1624,0
2025-11-28 13:05:00+05:30,7027.5,7032.0,7027.5,7029.5,2625,0
2025-11-28 13:10:00+05:30,7030.5,7036.5,7027.0,7035.5,6485,0
2025-11-28 13:15:00+05:30,7034.0,7044.0,7030.0,7036.0,4960,0
2025-11-28 13:20:00+05:30,7036.5,7040.5,7034.0,7040.0,2596,0
2025-11-28 13:25:00+05:30,7040.0,7043.5,7036.5,7041.5,2137,0
2025-11-28 13:30:00+05:30,7044.0,7045.0,7040.0,7041.5,2707,0
2025-11-28 13:35:00+05:30,7042.5,7045.5,7042.5,7045.5,1896,0
2025-11-28 13:40:00+05:30,7044.5,7045.0,7038.0,7039.5,1609,0
2025-11-28 13:45:00+05:30,7039.0,7039.5,7035.5,7038.0,1972,0
2025-11-28 13:50:00+05:30,7036.0,7040.0,7036.0,7040.0,1848,0
2025-11-28 13:55:00+05:30,7040.0,7044.0,7039.5,7042.5,2111,0
2025-11-28 14:00:00+05:30,7042.5,7045.0,7040.5,7042.5,2579,0
2025-11-28 14:05:00+05:30,7043.0,7043.0,7038.5,7039.5,1878,0
2025-11-28 14:10:00+05:30,7039.0,7039.5,7038.0,7039.5,1426,0
2025-11-28 14:15:00+05:30,7039.0,7042.0,7039.0,7042.0,2244,0
2025-11-28 14:20:00+05:30,7042.0,7042.0,7033.0,7039.5,3284,0
2025-11-28 14:25:00+05:30,7039.0,7039.5,7035.5,7037.0,1815,0
2025-11-28 14:30:00+05:30,7038.0,7042.5,7033.0,7041.0,3106,0
2025-11-28 14:35:00+05:30,7041.5,7042.0,7040.5,7041.0,2180,0
2025-11-28 14:40:00+05:30,7040.5,7053.0,7040.0,7047.5,5066,0
2025-11-28 14:45:00+05:30,7047.0,7050.0,7042.5,7048.5,3274,0
2025-11-28 14:50:00+05:30,7048.5,7048.5,7044.0,7044.5,2407,0
2025-11-28 14:55:00+05:30,7044.0,7049.5,7043.5,7048.5,3180,0
2025-11-28 15:00:00+05:30,7048.5,7052.0,7043.0,7049.0,10206,0
2025-11-28 15:05:00+05:30,7048.5,7061.0,7044.0,7059.5,57932,0
2025-11-28 15:10:00+05:30,7058.5,7060.0,7055.0,7058.5,18339,0
2025-11-28 15:15:00+05:30,7058.5,7060.0,7057.5,7059.5,10594,0
2025-11-28 15:20:00+05:30,7059.5,7060.0,7054.0,7055.0,28061,0
2025-11-28 15:25:00+05:30,7055.0,7055.5,7035.5,7045.0,16932,0
2025-12-01 09:15:00+05:30,7061.5,7153.0,7061.5,7086.0,18587,0
2025-12-01 09:20:00+05:30,7087.0,7099.0,7086.0,7098.0,7653,0
2025-12-01 09:25:00+05:30,7095.5,7109.0,7093.5,7100.0,10475,0
2025-12-01 09:30:00+05:30,7100.0,7109.0,7091.0,7099.0,7390,0
2025-12-01 09:35:00+05:30,7098.0,7110.0,7097.0,7110.0,4500,0
2025-12-01 09:40:00+05:30,7110.0,7115.0,7104.5,7112.0,5729,0
2025-12-01 09:45:00+05:30,7112.0,7119.5,7110.5,7116.0,5498,0
2025-12-01 09:50:00+05:30,7116.0,7125.0,7115.0,7116.0,13403,0
2025-12-01 09:55:00+05:30,7116.0,7128.0,7116.0,7122.0,5112,0
2025-12-01 10:00:00+05:30,7122.0,7132.0,7121.0,7130.0,7629,0
2025-12-01 10:05:00+05:30,7131.5,7136.5,7122.5,7135.0,6035,0
2025-12-01 10:10:00+05:30,7135.0,7136.0,7125.0,7128.0,3930,0
2025-12-01 10:15:00+05:30,7128.5,7131.5,7122.0,7131.0,2739,0
2025-12-01 10:20:00+05:30,7130.5,7132.0,7128.5,7128.5,1003,0
2025-12-01 10:25:00+05:30,7128.5,7129.0,7120.0,7127.0,2404,0
2025-12-01 10:30:00+05:30,7124.5,7127.0,7111.0,7114.0,3987,0
2025-12-01 10:35:00+05:30,7116.0,7122.0,7114.5,7117.0,3446,0
2025-12-01 10:40:00+05:30,7117.0,7119.0,7108.5,7112.5,1874,0
2025-12-01 10:45:00+05:30,7112.5,7119.0,7111.5,7113.0,1304,0
2025-12-01 10:50:00+05:30,7112.5,7118.5,7089.0,7094.0,5518,0
2025-12-01 10:55:00+05:30,7093.5,7095.0,7082.0,7084.0,3454,0
2025-12-01 11:00:00+05:30,7085.0,7090.0,7081.0,7083.5,3062,0
2025-12-01 11:05:00+05:30,7083.0,7090.5,7083.0,7087.0,1272,0
2025-12-01 11:10:00+05:30,7086.5,7087.0,7083.5,7085.0,1215,0
2025-12-01 11:15:00+05:30,7085.0,7091.0,7085.0,7090.0,1541,0
2025-12-01 11:20:00+05:30,7090.0,7097.0,7089.5,7091.0,2324,0
2025-12-01 11:25:00+05:30,7091.5,7100.0,7091.5,7096.0,1625,0
2025-12-01 11:30:00+05:30,7096.0,7109.0,7096.0,7102.5,3744,0
2025-12-01 11:35:00+05:30,7106.0,7119.0,7105.0,7110.0,24339,0
2025-12-01 11:40:00+05:30,7110.0,7129.0,7109.0,7121.0,10312,0
2025-12-01 11:45:00+05:30,7121.0,7122.0,7109.0,7110.5,7417,0
2025-12-01 11:50:00+05:30,7113.0,7119.5,7110.0,7116.0,2316,0
2025-12-01 11:55:00+05:30,7117.5,7119.5,7114.0,7115.0,1592,0
2025-12-01 12:00:00+05:30,7116.0,7119.0,7115.5,7116.0,1181,0
2025-12-01 12:05:00+05:30,7115.5,7116.0,7109.5,7109.5,2739,0
2025-12-01 12:10:00+05:30,7109.5,7113.5,7101.0,7101.0,4302,0
2025-12-01 12:15:00+05:30,7104.0,7117.5,7101.5,7114.0,1990,0
2025-12-01 12:20:00+05:30,7114.0,7120.0,7111.0,7116.5,1465,0
2025-12-01 12:25:00+05:30,7116.5,7125.0,7116.0,7121.5,3512,0
2025-12-01 12:30:00+05:30,7119.5,7121.0,7113.0,7116.0,985,0
2025-12-01 12:35:00+05:30,7113.0,7116.5,7112.0,7112.0,906,0
2025-12-01 12:40:00+05:30,7112.0,7117.0,7111.0,7111.0,2380,0
2025-12-01 12:45:00+05:30,7111.0,7117.5,7111.0,7117.0,1030,0
2025-12-01 12:50:00+05:30,7116.5,7119.5,7114.5,7118.0,823,0
2025-12-01 12:55:00+05:30,7118.0,7121.0,7111.0,7118.0,1792,0
2025-12-01 13:00:00+05:30,7118.0,7119.5,7112.0,7116.5,1250,0
2025-12-01 13:05:00+05:30,7117.0,7122.0,7115.5,7122.0,1976,0
2025-12-01 13:10:00+05:30,7119.0,7130.0,7118.0,7120.0,8478,0
2025-12-01 13:15:00+05:30,7120.0,7127.5,7118.5,7120.5,23821,0
2025-12-01 13:20:00+05:30,7121.5,7132.5,7120.0,7131.5,6813,0
2025-12-01 13:25:00+05:30,7131.5,7147.0,7131.5,7142.5,14484,0
2025-12-01 13:30:00+05:30,7142.5,7155.0,7134.0,7152.0,20783,0
2025-12-01 13:35:00+05:30,7153.5,7173.0,7150.0,7165.5,14018,0
2025-12-01 13:40:00+05:30,7166.0,7180.0,7162.0,7173.0,18804,0
2025-12-01 13:45:00+05:30,7175.0,7182.0,7173.0,7173.0,12600,0
2025-12-01 13:50:00+05:30,7173.0,7175.0,7164.5,7167.5,4333,0
2025-12-01 13:55:00+05:30,7169.5,7170.0,7157.0,7160.0,8158,0
2025-12-01 14:00:00+05:30,7158.5,7195.0,7155.5,7194.5,20293,0
2025-12-01 14:05:00+05:30,7194.5,7206.5,7189.0,7201.0,30607,0
2025-12-01 14:10:00+05:30,7203.0,7235.0,7201.5,7230.0,23593,0
2025-12-01 14:15:00+05:30,7230.0,7250.0,7229.0,7243.0,29034,0
2025-12-01 14:20:00+05:30,7243.0,7248.0,7223.5,7235.0,20699,0
2025-12-01 14:25:00+05:30,7235.0,7235.0,7213.5,7225.0,8351,0
2025-12-01 14:30:00+05:30,7223.5,7226.0,7180.5,7193.0,60258,0
2025-12-01 14:35:00+05:30,7193.0,7193.5,7085.5,7089.0,119275,0
2025-12-01 14:40:00+05:30,7088.0,7112.0,7032.5,7104.5,65246,0
2025-12-01 14:45:00+05:30,7102.0,7107.5,7025.0,7098.5,48956,0
2025-12-01 14:50:00+05:30,7096.5,7099.5,7063.5,7066.5,22939,0
2025-12-01 14:55:00+05:30,7066.5,7100.0,7064.0,7099.0,21065,0
2025-12-01 15:00:00+05:30,7099.0,7125.0,7099.0,7118.0,34623,0
2025-12-01 15:05:00+05:30,7118.5,7138.5,7114.5,7129.5,31930,0
2025-12-01 15:10:00+05:30,7129.0,7136.0,7125.0,7127.5,29227,0
2025-12-01 15:15:00+05:30,7128.0,7131.0,7115.5,7124.0,28063,0
2025-12-01 15:20:00+05:30,7124.0,7135.0,7117.5,7135.0,22705,0
2025-12-01 15:25:00+05:30,7135.0,7147.5,7120.0,7135.0,16701,0
2025-12-02 09:15:00+05:30,7125.0,7171.0,7124.0,7157.5,28037,0
2025-12-02 09:20:00+05:30,7157.5,7185.0,7153.0,7173.5,16121,0
2025-12-02 09:25:00+05:30,7175.5,7196.0,7167.0,7173.0,12830,0
2025-12-02 09:30:00+05:30,7175.5,7181.0,7146.5,7154.5,11656,0
2025-12-02 09:35:00+05:30,7151.5,7165.0,7151.0,7160.0,5680,0
2025-12-02 09:40:00+05:30,7160.5,7163.5,7150.5,7154.0,4572,0
2025-12-02 09:45:00+05:30,7154.0,7164.5,7150.0,7150.5,5053,0
2025-12-02 09:50:00+05:30,7150.5,7164.0,7149.5,7161.0,3772,0
2025-12-02 09:55:00+05:30,7163.0,7170.0,7136.0,7139.5,8516,0
2025-12-02 10:00:00+05:30,7136.0,7143.5,7124.5,7135.0,6159,0
2025-12-02 10:05:00+05:30,7135.0,7139.0,7120.0,7126.0,5676,0
2025-12-02 10:10:00+05:30,7124.0,7125.5,7117.0,7123.0,4797,0
2025-12-02 10:15:00+05:30,7121.0,7130.0,7119.0,7128.5,3258,0
2025-12-02 10:20:00+05:30,7129.0,7129.0,7123.0,7129.0,2341,0
2025-12-02 10:25:00+05:30,7129.0,7130.0,7121.0,7123.5,3985,0
2025-12-02 10:30:00+05:30,7124.0,7129.0,7122.5,7125.5,2725,0
2025-12-02 10:35:00+05:30,7126.5,7130.0,7102.0,7103.0,8399,0
2025-12-02 10:40:00+05:30,7103.0,7118.5,7102.5,7113.5,3093,0
2025-12-02 10:45:00+05:30,7114.5,7117.5,7108.0,7114.0,2147,0
2025-12-02 10:50:00+05:30,7113.5,7130.0,7113.5,7123.0,3487,0
2025-12-02 10:55:00+05:30,7123.0,7124.0,7113.5,7115.0,2383,0
2025-12-02 11:00:00+05:30,7115.0,7134.0,7115.0,7130.0,3982,0
2025-12-02 11:05:00+05:30,7129.5,7143.5,7128.0,7140.5,7542,0
2025-12-02 11:10:00+05:30,7140.0,7148.0,7138.0,7144.5,14301,0
2025-12-02 11:15:00+05:30,7145.0,7147.0,7140.5,7143.5,4187,0
2025-12-02 11:20:00+05:30,7144.5,7148.0,7134.5,7137.5,4554,0
2025-12-02 11:25:00+05:30,7137.5,7144.0,7132.0,7133.0,1871,0
2025-12-02 11:30:00+05:30,7135.5,7138.5,7131.5,7131.5,2039,0
2025-12-02 11:35:00+05:30,7131.5,7138.0,7129.0,7136.0,1702,0
2025-12-02 11:40:00+05:30,7136.5,7138.0,7126.5,7130.5,2518,0
2025-12-02 11:45:00+05:30,7129.5,7131.5,7118.5,7125.0,2669,0
2025-12-02 11:50:00+05:30,7125.5,7128.0,7120.5,7120.5,2914,0
2025-12-02 11:55:00+05:30,7120.5,7120.5,7100.5,7107.5,5404,0
2025-12-02 12:00:00+05:30,7107.5,7111.0,7096.0,7108.0,2634,0
2025-12-02 12:05:00+05:30,7108.0,7109.0,7097.5,7098.5,4210,0
2025-12-02 12:10:00+05:30,7099.5,7101.5,7091.5,7094.0,3270,0
2025-12-02 12:15:00+05:30,7093.5,7104.0,7093.5,7100.5,2594,0
2025-12-02 12:20:00+05:30,7100.5,7105.0,7095.0,7104.5,1883,0
2025-12-02 12:25:00+05:30,7104.5,7109.0,7099.5,7103.0,3292,0
2025-12-02 12:30:00+05:30,7102.0,7110.0,7100.5,7109.0,1354,0
2025-12-02 12:35:00+05:30,7109.0,7117.0,7109.0,7109.5,3395,0
2025-12-02 12:40:00+05:30,7109.0,7116.5,7108.5,7113.5,2116,0
2025-12-02 12:45:00+05:30,7114.5,7114.5,7100.0,7102.0,5593,0
2025-12-02 12:50:00+05:30,7101.5,7109.5,7101.5,7106.0,1502,0
2025-12-02 12:55:00+05:30,7106.0,7108.5,7102.0,7107.0,2401,0
2025-12-02 13:00:00+05:30,7106.0,7111.5,7103.5,7105.0,2650,0
2025-12-02 13:05:00+05:30,7105.0,7116.0,7100.0,7114.0,3218,0
2025-12-02 13:10:00+05:30,7114.0,7121.5,7110.0,7120.5,9905,0
2025-12-02 13:15:00+05:30,7120.0,7120.5,7107.5,7108.0,7961,0
2025-12-02 13:20:00+05:30,7108.0,7125.5,7101.0,7121.5,14178,0
2025-12-02 13:25:00+05:30,7121.0,7123.0,7116.5,7122.0,3679,0
2025-12-02 13:30:00+05:30,7121.5,7122.0,7119.0,7119.0,1452,0
2025-12-02 13:35:00+05:30,7119.0,7120.0,7111.5,7115.5,3389,0
2025-12-02 13:40:00+05:30,7115.5,7118.0,7108.0,7110.5,2018,0
2025-12-02 13:45:00+05:30,7109.0,7115.0,7107.5,7112.5,1626,0
2025-12-02 13:50:00+05:30,7112.0,7116.5,7107.0,7108.0,2508,0
2025-12-02 13:55:00+05:30,7108.0,7124.0,7107.5,7118.0,2231,0
2025-12-02 14:00:00+05:30,7118.0,7122.0,7114.0,7121.0,1284,0
2025-12-02 14:05:00+05:30,7120.5,7124.5,7116.0,7122.5,6150,0
2025-12-02 14:10:00+05:30,7122.0,7124.0,7119.5,7119.5,1538,0
2025-12-02 14:15:00+05:30,7119.5,7124.0,7117.5,7123.0,3045,0
2025-12-02 14:20:00+05:30,7121.5,7124.0,7121.5,7122.0,1336,0
2025-12-02 14:25:00+05:30,7122.0,7123.0,7117.0,7122.0,5606,0
2025-12-02 14:30:00+05:30,7122.0,7125.5,7112.0,7125.0,11110,0
2025-12-02 14:35:00+05:30,7125.5,7129.0,7109.0,7113.0,8573,0
2025-12-02 14:40:00+05:30,7113.0,7115.0,7111.0,7112.5,3796,0
2025-12-02 14:45:00+05:30,7112.5,7117.0,7105.5,7111.0,8975,0
2025-12-02 14:50:00+05:30,7111.0,7113.0,7107.5,7107.5,5543,0
2025-12-02 14:55:00+05:30,7107.5,7115.0,7106.5,7111.0,15376,0
2025-12-02 15:00:00+05:30,7111.0,7121.0,7111.0,7113.5,17215,0
2025-12-02 15:05:00+05:30,7114.0,7115.0,7109.5,7110.5,14012,0
2025-12-02 15:10:00+05:30,7110.5,7119.0,7110.0,7113.5,11303,0
2025-12-02 15:15:00+05:30,7113.5,7115.0,7110.5,7110.5,16130,0
2025-12-02 15:20:00+05:30,7111.0,7111.5,7109.5,7111.5,13546,0
2025-12-02 15:25:00+05:30,7111.5,7115.0,7105.0,7105.0,16196,0
2025-12-03 09:15:00+05:30,7090.0,7105.0,7065.0,7065.0,18133,0
2025-12-03 09:20:00+05:30,7065.5,7067.5,7044.0,7044.5,12192,0
2025-12-03 09:25:00+05:30,7044.0,7051.5,7042.0,7049.0,8128,0
2025-12-03 09:30:00+05:30,7047.5,7060.5,7046.5,7052.0,6892,0
2025-12-03 09:35:00+05:30,7052.0,7057.5,7045.0,7048.0,5553,0
2025-12-03 09:40:00+05:30,7048.0,7080.0,7047.0,7079.5,4505,0
2025-12-03 09:45:00+05:30,7080.0,7094.5,7080.0,7084.0,6908,0
2025-12-03 09:50:00+05:30,7084.0,7085.5,7074.5,7085.5,3642,0
2025-12-03 09:55:00+05:30,7085.5,7091.0,7085.5,7086.0,4513,0
2025-12-03 10:00:00+05:30,7085.0,7091.0,7075.5,7075.5,2931,0
2025-12-03 10:05:00+05:30,7075.5,7079.5,7068.0,7070.0,2267,0
2025-12-03 10:10:00+05:30,7070.0,7076.5,7068.5,7069.5,2403,0
2025-12-03 10:15:00+05:30,7069.5,7071.0,7053.0,7055.5,3313,0
2025-12-03 10:20:00+05:30,7055.5,7064.0,7053.5,7054.0,2272,0
2025-12-03 10:25:00+05:30,7054.0,7063.0,7054.0,7056.0,2203,0
2025-12-03 10:30:00+05:30,7057.5,7066.5,7055.5,7063.0,1430,0
2025-12-03 10:35:00+05:30,7063.0,7067.5,7060.0,7060.0,1584,0
2025-12-03 10:40:00+05:30,7059.5,7059.5,7048.0,7056.0,3092,0
2025-12-03 10:45:00+05:30,7055.5,7060.5,7050.5,7052.0,1862,0
2025-12-03 10:50:00+05:30,7052.0,7057.0,7048.0,7054.5,2580,0
2025-12-03 10:55:00+05:30,7054.0,7054.5,7047.5,7050.0,1347,0
2025-12-03 11:00:00+05:30,7050.5,7065.5,7048.0,7051.0,4074,0
2025-12-03 11:05:00+05:30,7051.0,7054.5,7045.0,7054.0,3263,0
2025-12-03 11:10:00+05:30,7053.5,7065.0,7053.5,7064.0,1316,0
2025-12-03 11:15:00+05:30,7064.0,7067.0,7060.5,7062.0,2189,0
2025-12-03 11:20:00+05:30,7062.0,7062.0,7050.0,7057.5,1744,0
2025-12-03 11:25:00+05:30,7057.0,7068.0,7057.0,7061.0,2473,0
2025-12-03 11:30:00+05:30,7063.5,7068.0,7061.0,7065.5,1082,0
2025-12-03 11:35:00+05:30,7065.5,7067.5,7065.5,7066.0,1537,0
2025-12-03 11:40:00+05:30,7066.5,7066.5,7055.5,7055.5,2841,0
2025-12-03 11:45:00+05:30,7055.5,7060.0,7055.5,7059.0,1005,0
2025-12-03 11:50:00+05:30,7059.0,7060.0,7050.0,7050.5,2176,0
2025-12-03 11:55:00+05:30,7050.5,7053.5,7045.0,7050.5,4507,0
2025-12-03 12:00:00+05:30,7050.0,7062.0,7050.0,7059.0,3100,0
2025-12-03 12:05:00+05:30,7059.0,7059.5,7058.0,7059.0,897,0
2025-12-03 12:10:00+05:30,7059.0,7064.5,7058.0,7059.5,2393,0
2025-12-03 12:15:00+05:30,7059.5,7061.0,7058.0,7061.0,652,0
2025-12-03 12:20:00+05:30,7061.0,7066.0,7060.5,7066.0,912,0
2025-12-03 12:25:00+05:30,7064.0,7067.0,7064.0,7064.5,1123,0
2025-12-03 12:30:00+05:30,7064.5,7066.0,7064.0,7064.5,1028,0
2025-12-03 12:35:00+05:30,7064.0,7068.0,7063.0,7064.5,1800,0
2025-12-03 12:40:00+05:30,7065.0,7070.5,7053.5,7064.5,9680,0
2025-12-03 12:45:00+05:30,7067.5,7069.5,7064.5,7065.0,12125,0
2025-12-03 12:50:00+05:30,7065.0,7069.0,7060.5,7063.5,7949,0
2025-12-03 12:55:00+05:30,7064.0,7067.5,7062.0,7063.5,1713,0
2025-12-03 13:00:00+05:30,7063.5,7066.0,7063.0,7065.5,799,0
2025-12-03 13:05:00+05:30,7065.5,7068.0,7064.5,7065.0,1145,0
2025-12-03 13:10:00+05:30,7065.0,7068.5,7064.5,7067.0,2302,0
2025-12-03 13:15:00+05:30,7064.5,7072.0,7064.5,7070.5,2512,0
2025-12-03 13:20:00+05:30,7069.5,7073.5,7069.5,7071.5,1359,0
2025-12-03 13:25:00+05:30,7069.5,7071.5,7069.5,7069.5,1664,0
2025-12-03 13:30:00+05:30,7070.0,7072.0,7069.5,7070.0,1260,0
2025-12-03 13:35:00+05:30,7071.5,7073.0,7069.5,7069.5,1623,0
2025-12-03 13:40:00+05:30,7070.5,7071.5,7060.5,7061.5,4305,0
2025-12-03 13:45:00+05:30,7061.5,7064.0,7059.5,7063.0,3228,0
2025-12-03 13:50:00+05:30,7063.0,7070.0,7061.0,7067.5,2193,0
2025-12-03 13:55:00+05:30,7064.5,7068.0,7064.5,7067.5,1562,0
2025-12-03 14:00:00+05:30,7064.5,7067.5,7064.5,7065.0,1995,0
2025-12-03 14:05:00+05:30,7066.0,7068.5,7063.5,7066.0,6777,0
2025-12-03 14:10:00+05:30,7066.0,7070.5,7063.5,7067.0,3164,0
2025-12-03 14:15:00+05:30,7067.0,7077.0,7064.5,7070.0,9717,0
2025-12-03 14:20:00+05:30,7069.5,7083.5,7069.0,7070.0,10494,0
2025-12-03 14:25:00+05:30,7071.5,7079.5,7063.0,7064.0,13822,0
2025-12-03 14:30:00+05:30,7065.0,7071.5,7064.0,7070.5,3015,0
2025-12-03 14:35:00+05:30,7070.5,7072.0,7069.5,7072.0,2945,0
2025-12-03 14:40:00+05:30,7072.0,7072.0,7069.5,7072.0,3808,0
2025-12-03 14:45:00+05:30,7072.0,7072.5,7069.5,7069.5,3487,0
2025-12-03 14:50:00+05:30,7069.5,7072.0,7069.5,7071.5,2928,0
2025-12-03 14:55:00+05:30,7071.5,7073.0,7069.5,7071.0,3521,0
2025-12-03 15:00:00+05:30,7071.0,7081.5,7069.5,7074.5,13145,0
2025-12-03 15:05:00+05:30,7074.5,7087.0,7074.0,7083.5,13228,0
2025-12-03 15:10:00+05:30,7081.5,7086.0,7077.5,7077.5,10901,0
2025-12-03 15:15:00+05:30,7077.0,7089.0,7077.0,7089.0,13224,0
2025-12-03 15:20:00+05:30,7089.0,7093.5,7088.0,7091.5,14075,0
2025-12-03 15:25:00+05:30,7091.0,7092.5,7055.5,7063.5,10096,0
2025-12-04 09:15:00+05:30,7098.0,7124.5,7066.5,7110.0,17094,0
2025-12-04 09:20:00+05:30,7110.0,7151.5,7097.0,7138.0,11183,0
2025-12-04 09:25:00+05:30,7137.0,7144.0,7127.5,7138.5,4852,0
2025-12-04 09:30:00+05:30,7139.5,7164.5,7132.5,7162.0,7804,0
2025-12-04 09:35:00+05:30,7161.5,7167.5,7146.0,7155.0,9499,0
2025-12-04 09:40:00+05:30,7155.0,7163.5,7153.0,7162.5,4713,0
2025-12-04 09:45:00+05:30,7163.0,7165.0,7151.0,7152.5,4822,0
2025-12-04 09:50:00+05:30,7154.0,7154.5,7146.0,7154.0,4406,0
2025-12-04 09:55:00+05:30,7154.5,7155.5,7149.0,7149.0,2308,0
2025-12-04 10:00:00+05:30,7150.5,7150.5,7121.0,7129.5,5654,0
2025-12-04 10:05:00+05:30,7130.0,7138.0,7121.5,7124.0,4105,0
2025-12-04 10:10:00+05:30,7122.0,7128.5,7117.5,7117.5,3416,0
2025-12-04 10:15:00+05:30,7117.5,7123.0,7110.0,7120.5,3349,0
2025-12-04 10:20:00+05:30,7120.0,7125.0,7117.5,7122.0,1835,0
2025-12-04 10:25:00+05:30,7121.5,7128.5,7121.5,7124.5,3026,0
2025-12-04 10:30:00+05:30,7125.0,7127.5,7124.0,7125.0,2366,0
2025-12-04 10:35:00+05:30,7125.5,7130.0,7123.5,7127.5,2482,0
2025-12-04 10:40:00+05:30,7129.0,7133.5,7114.5,7116.0,4463,0
2025-12-04 10:45:00+05:30,7115.5,7121.5,7112.5,7116.5,2278,0
2025-12-04 10:50:00+05:30,7116.5,7117.5,7111.0,7114.5,2291,0
2025-12-04 10:55:00+05:30,7113.5,7113.5,7103.5,7105.0,4076,0
2025-12-04 11:00:00+05:30,7105.5,7117.5,7105.0,7110.5,2830,0
2025-12-04 11:05:00+05:30,7110.5,7120.0,7109.5,7118.0,3463,0
2025-12-04 11:10:00+05:30,7116.5,7120.5,7110.0,7115.5,3288,0
2025-12-04 11:15:00+05:30,7116.0,7121.5,7114.5,7115.5,2579,0
2025-12-04 11:20:00+05:30,7118.0,7119.0,7107.0,7108.5,2587,0
2025-12-04 11:25:00+05:30,7108.5,7109.5,7105.5,7105.5,1378,0
2025-12-04 11:30:00+05:30,7105.5,7105.5,7100.0,7101.0,3071,0
2025-12-04 11:35:00+05:30,7101.0,7106.0,7093.5,7096.5,2580,0
2025-12-04 11:40:00+05:30,7095.0,7110.0,7095.0,7102.5,4421,0
2025-12-04 11:45:00+05:30,7103.0,7104.0,7079.0,7083.0,15604,0
2025-12-04 11:50:00+05:30,7081.0,7083.0,7068.0,7068.0,5162,0
2025-12-04 11:55:00+05:30,7068.0,7080.5,7068.0,7075.5,3426,0
2025-12-04 12:00:00+05:30,7075.5,7082.5,7075.0,7079.0,2783,0
2025-12-04 12:05:00+05:30,7079.0,7084.0,7078.0,7078.0,2364,0
2025-12-04 12:10:00+05:30,7078.0,7082.5,7075.0,7080.0,3377,0
2025-12-04 12:15:00+05:30,7080.5,7095.5,7076.5,7088.5,4577,0
2025-12-04 12:20:00+05:30,7088.5,7091.5,7085.0,7087.0,2524,0
2025-12-04 12:25:00+05:30,7087.0,7104.0,7087.0,7102.0,2161,0
2025-12-04 12:30:00+05:30,7102.0,7108.0,7096.0,7103.5,2909,0
2025-12-04 12:35:00+05:30,7103.5,7112.0,7101.0,7101.5,3897,0
2025-12-04 12:40:00+05:30,7101.5,7111.0,7100.0,7104.5,7089,0
2025-12-04 12:45:00+05:30,7104.5,7106.5,7097.0,7100.5,2883,0
2025-12-04 12:50:00+05:30,7100.5,7101.0,7086.5,7088.5,3091,0
2025-12-04 12:55:00+05:30,7088.0,7101.0,7087.5,7097.5,3297,0
2025-12-04 13:00:00+05:30,7097.5,7109.5,7097.5,7103.5,2562,0
2025-12-04 13:05:00+05:30,7103.0,7115.5,7103.0,7112.0,3086,0
2025-12-04 13:10:00+05:30,7111.5,7112.0,7099.0,7105.0,3571,0
2025-12-04 13:15:00+05:30,7105.0,7106.0,7095.5,7096.5,8535,0
2025-12-04 13:20:00+05:30,7096.5,7101.0,7096.5,7099.0,1421,0
2025-12-04 13:25:00+05:30,7099.0,7103.5,7091.0,7096.0,8239,0
2025-12-04 13:30:00+05:30,7096.0,7101.0,7093.0,7093.0,2069,0
2025-12-04 13:35:00+05:30,7093.0,7093.5,7086.5,7090.0,2516,0
2025-12-04 13:40:00+05:30,7090.0,7091.0,7081.5,7084.5,3169,0
2025-12-04 13:45:00+05:30,7084.5,7086.5,7079.0,7081.0,3370,0
2025-12-04 13:50:00+05:30,7081.0,7087.0,7081.0,7083.0,2075,0
2025-12-04 13:55:00+05:30,7083.0,7087.0,7081.0,7083.5,1954,0
2025-12-04 14:00:00+05:30,7084.0,7097.0,7083.0,7093.0,2446,0
2025-12-04 14:05:00+05:30,7092.5,7100.0,7092.0,7099.5,4016,0
2025-12-04 14:10:00+05:30,7099.0,7101.5,7097.5,7099.0,4046,0
2025-12-04 14:15:00+05:30,7099.5,7099.5,7094.5,7095.0,3549,0
2025-12-04 14:20:00+05:30,7094.5,7099.0,7093.5,7095.5,2019,0
2025-12-04 14:25:00+05:30,7096.5,7098.0,7092.0,7094.5,2976,0
2025-12-04 14:30:00+05:30,7096.5,7100.0,7093.0,7096.5,2619,0
2025-12-04 14:35:00+05:30,7096.0,7100.5,7093.0,7099.0,3114,0
2025-12-04 14:40:00+05:30,7100.0,7104.5,7095.0,7097.5,4919,0
2025-12-04 14:45:00+05:30,7097.5,7102.0,7093.0,7097.0,5549,0
2025-12-04 14:50:00+05:30,7098.0,7105.0,7097.0,7100.0,11272,0
2025-12-04 14:55:00+05:30,7100.0,7105.5,7099.0,7099.5,10677,0
2025-12-04 15:00:00+05:30,7100.0,7105.0,7099.0,7100.0,12821,0
2025-12-04 15:05:00+05:30,7100.0,7104.0,7099.5,7100.0,7063,0
2025-12-04 15:10:00+05:30,7099.5,7104.0,7093.0,7096.5,10985,0
2025-12-04 15:15:00+05:30,7096.5,7103.5,7095.0,7100.0,11536,0
2025-12-04 15:20:00+05:30,7100.0,7104.0,7094.0,7095.5,14274,0
2025-12-04 15:25:00+05:30,7095.5,7117.5,7092.5,7092.5,10860,0
2025-12-05 09:15:00+05:30,7120.0,7164.5,7070.5,7164.5,23180,0
2025-12-05 09:20:00+05:30,7164.5,7169.0,7136.5,7153.0,11283,0
2025-12-05 09:25:00+05:30,7153.0,7180.0,7153.0,7171.5,14165,0
2025-12-05 09:30:00+05:30,7170.0,7175.0,7159.5,7168.5,16164,0
2025-12-05 09:35:00+05:30,7170.0,7170.0,7157.0,7160.5,8331,0
2025-12-05 09:40:00+05:30,7159.5,7165.0,7153.0,7158.5,4878,0
2025-12-05 09:45:00+05:30,7159.0,7163.5,7145.5,7156.0,5119,0
2025-12-05 09:50:00+05:30,7155.5,7156.0,7147.5,7149.5,3028,0
2025-12-05 09:55:00+05:30,7149.5,7149.5,7141.0,7145.0,3421,0
2025-12-05 10:00:00+05:30,7144.5,7155.5,7133.0,7151.5,7438,0
2025-12-05 10:05:00+05:30,7151.5,7153.5,7142.0,7144.5,3336,0
2025-12-05 10:10:00+05:30,7147.5,7149.0,7143.0,7148.5,1647,0
2025-12-05 10:15:00+05:30,7149.0,7160.0,7145.5,7160.0,9463,0
2025-12-05 10:20:00+05:30,7160.0,7169.0,7159.5,7165.5,5845,0
2025-12-05 10:25:00+05:30,7166.5,7167.0,7141.0,7142.0,9222,0
2025-12-05 10:30:00+05:30,7142.0,7150.0,7126.5,7147.0,4750,0
2025-12-05 10:35:00+05:30,7146.0,7150.0,7145.0,7149.5,1689,0
2025-12-05 10:40:00+05:30,7150.0,7152.0,7149.0,7151.5,1474,0
2025-12-05 10:45:00+05:30,7152.0,7156.0,7148.5,7151.5,9182,0
2025-12-05 10:50:00+05:30,7152.0,7161.5,7148.0,7153.5,19051,0
2025-12-05 10:55:00+05:30,7155.0,7155.0,7135.0,7136.0,4469,0
2025-12-05 11:00:00+05:30,7139.0,7155.0,7136.0,7146.5,4283,0
2025-12-05 11:05:00+05:30,7146.5,7154.0,7141.0,7153.5,4128,0
2025-12-05 11:10:00+05:30,7154.0,7154.0,7148.0,7150.0,2492,0
2025-12-05 11:15:00+05:30,7150.5,7153.0,7145.0,7146.0,8821,0
2025-12-05 11:20:00+05:30,7146.5,7148.0,7143.5,7144.0,1910,0
2025-12-05 11:25:00+05:30,7144.5,7153.0,7143.0,7151.0,3829,0
2025-12-05 11:30:00+05:30,7151.5,7153.0,7144.5,7145.0,8538,0
2025-12-05 11:35:00+05:30,7145.0,7149.0,7145.0,7148.5,2062,0
2025-12-05 11:40:00+05:30,7149.0,7152.0,7148.5,7150.0,2378,0
2025-12-05 11:45:00+05:30,7150.0,7151.0,7150.0,7150.5,2051,0
2025-12-05 11:50:00+05:30,7151.0,7153.0,7150.0,7150.0,2284,0
2025-12-05 11:55:00+05:30,7150.5,7153.0,7150.0,7152.5,2509,0
2025-12-05 12:00:00+05:30,7152.0,7156.5,7150.5,7153.0,12313,0
2025-12-05 12:05:00+05:30,7152.5,7155.5,7150.0,7150.0,3854,0
2025-12-05 12:10:00+05:30,7149.0,7153.5,7146.0,7150.0,1802,0
2025-12-05 12:15:00+05:30,7150.0,7150.0,7136.5,7142.0,2839,0
2025-12-05 12:20:00+05:30,7142.5,7148.0,7142.0,7148.0,1372,0
2025-12-05 12:25:00+05:30,7148.0,7150.0,7147.0,7147.5,1405,0
2025-12-05 12:30:00+05:30,7147.5,7150.0,7147.0,7149.5,2019,0
2025-12-05 12:35:00+05:30,7149.5,7152.0,7146.5,7148.5,2001,0
2025-12-05 12:40:00+05:30,7148.5,7150.0,7145.5,7145.5,1697,0
2025-12-05 12:45:00+05:30,7145.5,7150.0,7145.0,7148.5,1482,0
2025-12-05 12:50:00+05:30,7148.5,7149.0,7141.5,7142.0,2727,0
2025-12-05 12:55:00+05:30,7142.0,7147.0,7137.0,7142.0,2003,0
2025-12-05 13:00:00+05:30,7142.5,7150.0,7140.5,7146.5,2035,0
2025-12-05 13:05:00+05:30,7147.0,7149.5,7143.0,7147.5,1289,0
2025-12-05 13:10:00+05:30,7147.5,7150.0,7144.5,7149.5,1630,0
2025-12-05 13:15:00+05:30,7150.0,7154.5,7147.5,7154.0,3537,0
2025-12-05 13:20:00+05:30,7152.5,7155.0,7152.0,7153.0,2151,0
2025-12-05 13:25:00+05:30,7153.0,7157.5,7153.0,7156.5,2056,0
2025-12-05 13:30:00+05:30,7156.5,7159.5,7156.0,7157.5,1683,0
2025-12-05 13:35:00+05:30,7159.0,7175.0,7158.0,7169.5,17734,0
2025-12-05 13:40:00+05:30,7169.5,7175.0,7163.5,7172.0,6808,0
2025-12-05 13:45:00+05:30,7169.5,7172.5,7166.0,7169.5,4446,0
2025-12-05 13:50:00+05:30,7169.0,7170.0,7164.5,7168.5,4622,0
2025-12-05 13:55:00+05:30,7167.5,7172.5,7164.0,7166.5,6821,0
2025-12-05 14:00:00+05:30,7168.0,7173.0,7166.5,7172.5,5635,0
2025-12-05 14:05:00+05:30,7170.0,7172.5,7168.5,7170.0,5546,0
2025-12-05 14:10:00+05:30,7170.0,7172.5,7169.0,7172.5,8150,0
2025-12-05 14:15:00+05:30,7170.0,7172.5,7169.0,7170.0,3896,0
2025-12-05 14:20:00+05:30,7170.0,7171.5,7169.0,7170.0,4174,0
2025-12-05 14:25:00+05:30,7170.0,7175.0,7169.0,7172.0,7266,0
2025-12-05 14:30:00+05:30,7170.0,7172.5,7169.5,7170.0,8841,0
2025-12-05 14:35:00+05:30,7170.0,7194.0,7169.5,7194.0,11903,0
2025-12-05 14:40:00+05:30,7194.0,7196.0,7187.5,7192.0,10766,0
2025-12-05 14:45:00+05:30,7192.0,7193.0,7178.5,7185.0,9227,0
2025-12-05 14:50:00+05:30,7185.0,7193.5,7184.5,7192.0,7966,0
2025-12-05 14:55:00+05:30,7192.0,7198.5,7191.0,7194.5,8742,0
2025-12-05 15:00:00+05:30,7194.5,7205.0,7190.0,7204.0,18812,0
2025-12-05 15:05:00+05:30,7205.0,7214.0,7200.0,7212.5,17515,0
2025-12-05 15:10:00+05:30,7212.5,7218.0,7207.0,7211.0,19749,0
2025-12-05 15:15:00+05:30,7211.0,7213.0,7204.5,7209.5,21103,0
2025-12-05 15:20:00+05:30,7210.0,7214.0,7204.0,7211.5,17275,0
2025-12-05 15:25:00+05:30,7211.5,7216.0,7200.0,7205.0,11686,0
2025-12-08 09:15:00+05:30,7230.0,7234.0,7185.0,7203.0,15288,0
2025-12-08 09:20:00+05:30,7202.5,7205.5,7183.5,7188.0,6120,0
2025-12-08 09:25:00+05:30,7187.5,7195.0,7174.5,7193.5,3479,0
2025-12-08 09:30:00+05:30,7194.5,7194.5,7173.5,7177.0,5014,0
2025-12-08 09:35:00+05:30,7178.5,7191.5,7172.5,7184.5,3075,0
2025-12-08 09:40:00+05:30,7184.5,7193.0,7182.0,7189.0,2181,0
2025-12-08 09:45:00+05:30,7189.5,7189.5,7177.5,7181.0,2713,0
2025-12-08 09:50:00+05:30,7181.0,7181.5,7166.0,7170.0,3325,0
2025-12-08 09:55:00+05:30,7170.0,7171.5,7166.0,7169.0,1830,0
2025-12-08 10:00:00+05:30,7167.0,7167.0,7159.0,7163.5,2260,0
2025-12-08 10:05:00+05:30,7163.0,7176.5,7161.0,7171.0,1715,0
2025-12-08 10:10:00+05:30,7171.0,7175.5,7165.0,7166.0,793,0
2025-12-08 10:15:00+05:30,7167.0,7198.5,7167.0,7193.5,3497,0
2025-12-08 10:20:00+05:30,7190.5,7202.0,7189.0,7192.5,2802,0
2025-12-08 10:25:00+05:30,7193.5,7198.5,7186.5,7190.0,1016,0
2025-12-08 10:30:00+05:30,7189.0,7190.0,7182.0,7185.0,2507,0
2025-12-08 10:35:00+05:30,7185.0,7190.0,7176.0,7182.0,2193,0
2025-12-08 10:40:00+05:30,7181.0,7188.0,7177.0,7184.0,1509,0
2025-12-08 10:45:00+05:30,7182.5,7186.5,7180.0,7182.0,624,0
2025-12-08 10:50:00+05:30,7183.5,7185.0,7176.0,7182.5,1697,0
2025-12-08 10:55:00+05:30,7182.0,7184.5,7177.0,7180.0,724,0
2025-12-08 11:00:00+05:30,7179.0,7185.5,7176.0,7181.5,1253,0
2025-12-08 11:05:00+05:30,7181.0,7194.5,7178.0,7194.5,1429,0
2025-12-08 11:10:00+05:30,7194.5,7203.0,7187.0,7191.5,4897,0
2025-12-08 11:15:00+05:30,7188.0,7190.5,7178.5,7185.0,1234,0
2025-12-08 11:20:00+05:30,7182.0,7190.0,7181.0,7187.0,1076,0
2025-12-08 11:25:00+05:30,7188.0,7188.0,7182.5,7187.0,854,0
2025-12-08 11:30:00+05:30,7186.0,7197.0,7184.0,7192.0,1229,0
2025-12-08 11:35:00+05:30,7191.0,7192.0,7180.0,7182.0,1757,0
2025-12-08 11:40:00+05:30,7182.0,7186.0,7175.5,7181.0,1891,0
2025-12-08 11:45:00+05:30,7180.0,7185.0,7174.0,7183.5,1429,0
2025-12-08 11:50:00+05:30,7183.5,7186.0,7177.0,7177.5,911,0
2025-12-08 11:55:00+05:30,7179.5,7179.5,7170.5,7173.0,1523,0
2025-12-08 12:00:00+05:30,7173.0,7190.0,7171.0,7187.0,2966,0
2025-12-08 12:05:00+05:30,7187.0,7187.5,7179.5,7185.0,1358,0
2025-12-08 12:10:00+05:30,7184.5,7196.0,7184.5,7192.5,2745,0
2025-12-08 12:15:00+05:30,7193.5,7201.5,7190.0,7190.0,2200,0
2025-12-08 12:20:00+05:30,7191.5,7195.0,7190.0,7195.0,3829,0
2025-12-08 12:25:00+05:30,7194.5,7195.0,7190.5,7192.0,871,0
2025-12-08 12:30:00+05:30,7191.5,7193.0,7190.0,7190.0,1125,0
2025-12-08 12:35:00+05:30,7190.5,7193.5,7183.5,7187.5,7467,0
2025-12-08 12:40:00+05:30,7187.5,7192.0,7177.0,7179.0,2210,0
2025-12-08 12:45:00+05:30,7180.0,7186.5,7178.0,7182.5,480,0
2025-12-08 12:50:00+05:30,7182.5,7186.5,7164.0,7164.0,4154,0
2025-12-08 12:55:00+05:30,7164.0,7167.0,7148.0,7153.0,4945,0
2025-12-08 13:00:00+05:30,7153.0,7158.0,7143.5,7152.5,2833,0
2025-12-08 13:05:00+05:30,7153.5,7166.0,7148.5,7152.5,6572,0
2025-12-08 13:10:00+05:30,7154.0,7155.5,7146.0,7148.5,1560,0
2025-12-08 13:15:00+05:30,7147.5,7150.0,7140.0,7142.0,2129,0
2025-12-08 13:20:00+05:30,7141.0,7141.0,7120.5,7122.5,3168,0
2025-12-08 13:25:00+05:30,7122.0,7132.5,7122.0,7129.5,1338,0
2025-12-08 13:30:00+05:30,7130.5,7134.5,7117.5,7123.5,2442,0
2025-12-08 13:35:00+05:30,7122.5,7124.5,7115.0,7118.5,1492,0
2025-12-08 13:40:00+05:30,7117.0,7124.5,7116.5,7123.0,1673,0
2025-12-08 13:45:00+05:30,7120.5,7131.0,7117.5,7129.5,1826,0
2025-12-08 13:50:00+05:30,7130.0,7136.0,7124.0,7134.0,2068,0
2025-12-08 13:55:00+05:30,7134.0,7136.0,7127.0,7132.5,4216,0
2025-12-08 14:00:00+05:30,7132.0,7133.5,7123.5,7129.5,1490,0
2025-12-08 14:05:00+05:30,7130.5,7139.0,7126.0,7135.0,4858,0
2025-12-08 14:10:00+05:30,7135.0,7135.0,7120.5,7122.5,10601,0
2025-12-08 14:15:00+05:30,7122.0,7125.0,7115.0,7122.0,5251,0
2025-12-08 14:20:00+05:30,7121.5,7127.5,7121.0,7124.5,1113,0
2025-12-08 14:25:00+05:30,7124.5,7134.0,7120.5,7133.0,1523,0
2025-12-08 14:30:00+05:30,7132.0,7132.0,7121.5,7128.0,2085,0
2025-12-08 14:35:00+05:30,7126.5,7130.0,7123.0,7125.0,1834,0
2025-12-08 14:40:00+05:30,7125.0,7128.0,7122.0,7125.5,1832,0
2025-12-08 14:45:00+05:30,7126.0,7130.0,7125.5,7130.0,1582,0
2025-12-08 14:50:00+05:30,7130.0,7139.5,7126.5,7133.0,6279,0
2025-12-08 14:55:00+05:30,7133.0,7136.5,7123.0,7125.5,1962,0
2025-12-08 15:00:00+05:30,7125.5,7146.5,7125.5,7141.5,12404,0
2025-12-08 15:05:00+05:30,7141.5,7148.5,7139.0,7142.0,8068,0
2025-12-08 15:10:00+05:30,7142.0,7143.0,7135.0,7138.5,10638,0
2025-12-08 15:15:00+05:30,7140.5,7150.0,7134.5,7143.5,17003,0
2025-12-08 15:20:00+05:30,7145.5,7152.0,7137.5,7138.5,21545,0
2025-12-08 15:25:00+05:30,7138.5,7166.0,7135.0,7135.0,13923,0
2025-12-09 09:15:00+05:30,7142.0,7183.0,7122.0,7133.0,37252,0
2025-12-09 09:20:00+05:30,7134.0,7135.0,7113.5,7128.5,7052,0
2025-12-09 09:25:00+05:30,7129.0,7131.0,7090.5,7095.0,10751,0
2025-12-09 09:30:00+05:30,7095.0,7097.0,7077.0,7084.5,8275,0
2025-12-09 09:35:00+05:30,7084.5,7098.0,7083.5,7091.5,4965,0
2025-12-09 09:40:00+05:30,7093.0,7096.5,7080.5,7082.5,4943,0
2025-12-09 09:45:00+05:30,7080.5,7095.0,7078.5,7095.0,3858,0
2025-12-09 09:50:00+05:30,7093.5,7093.5,7067.5,7070.0,4453,0
2025-12-09 09:55:00+05:30,7070.0,7079.0,7052.0,7059.5,4260,0
2025-12-09 10:00:00+05:30,7059.5,7074.5,7058.5,7068.0,3470,0
2025-12-09 10:05:00+05:30,7068.0,7088.5,7068.0,7077.5,2409,0
2025-12-09 10:10:00+05:30,7078.5,7089.0,7074.0,7081.5,1823,0
2025-12-09 10:15:00+05:30,7083.5,7107.5,7079.5,7101.5,3451,0
2025-12-09 10:20:00+05:30,7104.5,7125.5,7102.5,7115.5,3138,0
2025-12-09 10:25:00+05:30,7114.0,7125.5,7108.0,7113.0,3497,0
2025-12-09 10:30:00+05:30,7113.0,7114.5,7094.5,7095.0,2323,0
2025-12-09 10:35:00+05:30,7094.5,7100.5,7087.0,7100.5,2967,0
2025-12-09 10:40:00+05:30,7100.0,7111.0,7092.5,7106.0,2836,0
2025-12-09 10:45:00+05:30,7106.0,7106.0,7096.0,7100.5,1128,0
2025-12-09 10:50:00+05:30,7100.0,7106.5,7099.0,7103.5,691,0
2025-12-09 10:55:00+05:30,7103.5,7112.5,7102.0,7112.5,1380,0
2025-12-09 11:00:00+05:30,7110.0,7117.0,7106.5,7110.5,3461,0
2025-12-09 11:05:00+05:30,7110.5,7125.0,7110.5,7122.0,1841,0
2025-12-09 11:10:00+05:30,7122.0,7137.0,7121.5,7137.0,3212,0
2025-12-09 11:15:00+05:30,7135.0,7140.0,7129.5,7136.0,5490,0
2025-12-09 11:20:00+05:30,7135.5,7154.5,7135.5,7143.0,5361,0
2025-12-09 11:25:00+05:30,7143.0,7150.5,7141.0,7146.5,2884,0
2025-12-09 11:30:00+05:30,7146.0,7148.5,7136.5,7148.0,1757,0
2025-12-09 11:35:00+05:30,7146.0,7161.0,7142.0,7156.5,4222,0
2025-12-09 11:40:00+05:30,7156.5,7158.0,7143.0,7143.0,2052,0
2025-12-09 11:45:00+05:30,7143.0,7150.0,7141.5,7150.0,1529,0
2025-12-09 11:50:00+05:30,7151.0,7160.0,7149.5,7160.0,1994,0
2025-12-09 11:55:00+05:30,7158.5,7167.5,7153.0,7158.0,5284,0
2025-12-09 12:00:00+05:30,7158.5,7164.0,7154.5,7160.0,2934,0
2025-12-09 12:05:00+05:30,7160.0,7168.0,7159.5,7167.0,2054,0
2025-12-09 12:10:00+05:30,7166.5,7168.0,7163.5,7168.0,2570,0
2025-12-09 12:15:00+05:30,7168.0,7168.0,7156.0,7158.5,3093,0
2025-12-09 12:20:00+05:30,7158.5,7181.0,7158.5,7179.5,8856,0
2025-12-09 12:25:00+05:30,7179.5,7186.0,7170.5,7179.0,4756,0
2025-12-09 12:30:00+05:30,7178.5,7190.0,7175.0,7186.0,6296,0
2025-12-09 12:35:00+05:30,7185.0,7190.0,7183.5,7185.5,3607,0
2025-12-09 12:40:00+05:30,7187.0,7193.5,7187.0,7193.5,2359,0
2025-12-09 12:45:00+05:30,7194.0,7196.0,7192.5,7193.5,2366,0
2025-12-09 12:50:00+05:30,7193.5,7195.0,7181.5,7182.0,4459,0
2025-12-09 12:55:00+05:30,7184.0,7184.0,7179.5,7179.5,10083,0
2025-12-09 13:00:00+05:30,7179.5,7184.0,7173.5,7182.0,10898,0
2025-12-09 13:05:00+05:30,7183.5,7188.5,7176.5,7176.5,6516,0
2025-12-09 13:10:00+05:30,7176.5,7189.5,7174.0,7175.5,2690,0
2025-12-09 13:15:00+05:30,7177.0,7182.0,7166.0,7168.0,3717,0
2025-12-09 13:20:00+05:30,7170.5,7174.0,7156.5,7166.0,4012,0
2025-12-09 13:25:00+05:30,7166.0,7169.5,7158.0,7161.0,5239,0
2025-12-09 13:30:00+05:30,7159.0,7166.0,7156.5,7157.0,4238,0
2025-12-09 13:35:00+05:30,7158.5,7159.0,7151.5,7157.5,3219,0
2025-12-09 13:40:00+05:30,7154.5,7160.0,7154.5,7154.5,3938,0
2025-12-09 13:45:00+05:30,7154.5,7158.5,7151.0,7156.0,2376,0
2025-12-09 13:50:00+05:30,7155.5,7159.5,7153.5,7155.5,3130,0
2025-12-09 13:55:00+05:30,7155.5,7159.5,7154.0,7156.5,4157,0
2025-12-09 14:00:00+05:30,7156.5,7171.5,7154.0,7165.5,4524,0
2025-12-09 14:05:00+05:30,7164.5,7176.0,7163.5,7176.0,2577,0
2025-12-09 14:10:00+05:30,7175.5,7180.0,7171.5,7177.0,4173,0
2025-12-09 14:15:00+05:30,7176.5,7176.5,7165.5,7166.0,6335,0
2025-12-09 14:20:00+05:30,7166.0,7166.5,7145.5,7147.5,5078,0
2025-12-09 14:25:00+05:30,7146.5,7156.0,7145.5,7152.0,2875,0
2025-12-09 14:30:00+05:30,7152.0,7157.0,7148.5,7148.5,4145,0
2025-12-09 14:35:00+05:30,7149.0,7149.0,7127.0,7139.5,5793,0
2025-12-09 14:40:00+05:30,7139.0,7151.0,7138.5,7145.0,7679,0
2025-12-09 14:45:00+05:30,7145.0,7149.0,7144.0,7149.0,2886,0
2025-12-09 14:50:00+05:30,7148.5,7149.0,7133.5,7147.5,8538,0
2025-12-09 14:55:00+05:30,7148.0,7148.0,7137.0,7141.5,3513,0
2025-12-09 15:00:00+05:30,7142.5,7146.5,7130.0,7130.5,18660,0
2025-12-09 15:05:00+05:30,7130.0,7133.5,7126.0,7129.5,15394,0
2025-12-09 15:10:00+05:30,7129.5,7130.0,7121.5,7124.0,21669,0
2025-12-09 15:15:00+05:30,7124.0,7127.5,7123.0,7124.0,17897,0
2025-12-09 15:20:00+05:30,7124.0,7124.0,7110.0,7113.5,25378,0
2025-12-09 15:25:00+05:30,7112.5,7134.5,7102.0,7122.5,17742,0
2025-12-10 09:15:00+05:30,7129.5,7169.5,7129.5,7160.0,13099,0
2025-12-10 09:20:00+05:30,7160.0,7160.0,7138.0,7152.5,8808,0
2025-12-10 09:25:00+05:30,7150.0,7166.0,7143.0,7163.5,4353,0
2025-12-10 09:30:00+05:30,7163.5,7183.0,7157.5,7167.0,16936,0
2025-12-10 09:35:00+05:30,7167.0,7198.0,7167.0,7185.5,20615,0
2025-12-10 09:40:00+05:30,7185.5,7203.0,7185.0,7201.0,11300,0
2025-12-10 09:45:00+05:30,7201.5,7218.5,7201.0,7210.0,8854,0
2025-12-10 09:50:00+05:30,7210.0,7224.0,7203.0,7219.5,13726,0
2025-12-10 09:55:00+05:30,7219.5,7259.0,7219.5,7233.5,23340,0
2025-12-10 10:00:00+05:30,7235.0,7254.0,7230.5,7247.5,11136,0
2025-12-10 10:05:00+05:30,7247.0,7272.0,7243.5,7260.5,21594,0
2025-12-10 10:10:00+05:30,7260.5,7260.5,7240.0,7249.0,8817,0
2025-12-10 10:15:00+05:30,7249.0,7254.5,7240.5,7244.0,6288,0
2025-12-10 10:20:00+05:30,7244.5,7249.0,7236.0,7241.0,3802,0
2025-12-10 10:25:00+05:30,7242.0,7256.5,7241.5,7253.0,8003,0
2025-12-10 10:30:00+05:30,7253.5,7269.5,7249.0,7262.5,9383,0
2025-12-10 10:35:00+05:30,7262.5,7262.5,7238.5,7245.0,6169,0
2025-12-10 10:40:00+05:30,7245.0,7247.0,7241.0,7242.5,6902,0
2025-12-10 10:45:00+05:30,7242.5,7250.0,7241.0,7245.0,4413,0
2025-12-10 10:50:00+05:30,7245.0,7245.5,7232.0,7236.5,8565,0
2025-12-10 10:55:00+05:30,7234.5,7236.0,7224.0,7228.0,8197,0
2025-12-10 11:00:00+05:30,7228.0,7248.5,7220.0,7244.0,8770,0
2025-12-10 11:05:00+05:30,7244.0,7257.0,7243.5,7255.0,7682,0
2025-12-10 11:10:00+05:30,7252.0,7265.0,7248.5,7262.5,4781,0
2025-12-10 11:15:00+05:30,7263.0,7280.0,7263.0,7272.0,15780,0
2025-12-10 11:20:00+05:30,7272.0,7294.0,7265.0,7268.0,18448,0
2025-12-10 11:25:00+05:30,7266.0,7266.0,7246.0,7248.5,10039,0
2025-12-10 11:30:00+05:30,7249.5,7261.0,7248.5,7253.5,3988,0
2025-12-10 11:35:00+05:30,7253.0,7259.5,7252.0,7259.0,3182,0
2025-12-10 11:40:00+05:30,7258.5,7260.0,7251.0,7251.0,3880,0
2025-12-10 11:45:00+05:30,7251.0,7255.5,7240.0,7243.5,5683,0
2025-12-10 11:50:00+05:30,7242.5,7246.0,7241.0,7244.0,4011,0
2025-12-10 11:55:00+05:30,7244.5,7254.5,7244.0,7251.0,6465,0
2025-12-10 12:00:00+05:30,7251.5,7254.0,7244.5,7251.5,4110,0
2025-12-10 12:05:00+05:30,7252.0,7258.5,7250.0,7250.5,4145,0
2025-12-10 12:10:00+05:30,7250.0,7254.0,7247.0,7253.5,3603,0
2025-12-10 12:15:00+05:30,7251.5,7258.5,7250.0,7253.0,3496,0
2025-12-10 12:20:00+05:30,7253.0,7257.0,7246.5,7251.5,3962,0
2025-12-10 12:25:00+05:30,7249.0,7253.0,7243.5,7245.5,3269,0
2025-12-10 12:30:00+05:30,7246.0,7250.0,7243.0,7243.0,3768,0
2025-12-10 12:35:00+05:30,7243.0,7244.0,7232.5,7233.0,7278,0
2025-12-10 12:40:00+05:30,7232.5,7238.0,7229.0,7237.0,5487,0
2025-12-10 12:45:00+05:30,7236.0,7249.5,7232.0,7245.5,4973,0
2025-12-10 12:50:00+05:30,7245.5,7246.5,7238.0,7244.5,3589,0
2025-12-10 12:55:00+05:30,7244.5,7254.0,7243.0,7253.0,3611,0
2025-12-10 13:00:00+05:30,7253.5,7270.0,7253.5,7255.0,9996,0
2025-12-10 13:05:00+05:30,7255.0,7264.0,7252.0,7257.0,4379,0
2025-12-10 13:10:00+05:30,7257.5,7262.0,7257.0,7258.0,3415,0
2025-12-10 13:15:00+05:30,7258.0,7262.0,7252.5,7261.0,5189,0
2025-12-10 13:20:00+05:30,7261.5,7270.0,7258.5,7264.0,7113,0
2025-12-10 13:25:00+05:30,7264.0,7266.5,7256.5,7265.0,3921,0
2025-12-10 13:30:00+05:30,7265.5,7265.5,7257.0,7260.0,3181,0
2025-12-10 13:35:00+05:30,7260.0,7269.0,7257.5,7263.5,3931,0
2025-12-10 13:40:00+05:30,7263.5,7271.0,7242.5,7251.5,13510,0
2025-12-10 13:45:00+05:30,7251.5,7259.0,7251.0,7255.5,3516,0
2025-12-10 13:50:00+05:30,7256.0,7258.5,7251.5,7255.0,3168,0
2025-12-10 13:55:00+05:30,7254.5,7256.0,7250.5,7252.0,3087,0
2025-12-10 14:00:00+05:30,7252.0,7254.0,7245.0,7250.0,10707,0
2025-12-10 14:05:00+05:30,7250.0,7252.5,7246.5,7250.5,5684,0
2025-12-10 14:10:00+05:30,7250.5,7256.5,7242.0,7251.0,6828,0
2025-12-10 14:15:00+05:30,7251.5,7251.5,7244.5,7246.5,3957,0
2025-12-10 14:20:00+05:30,7247.0,7247.0,7237.0,7240.5,4634,0
2025-12-10 14:25:00+05:30,7239.5,7240.5,7228.0,7232.5,6608,0
2025-12-10 14:30:00+05:30,7233.5,7254.0,7233.0,7251.5,9322,0
2025-12-10 14:35:00+05:30,7252.0,7256.0,7244.5,7251.0,5699,0
2025-12-10 14:40:00+05:30,7249.5,7251.5,7235.0,7236.0,6302,0
2025-12-10 14:45:00+05:30,7236.5,7241.0,7230.0,7238.0,4817,0
2025-12-10 14:50:00+05:30,7237.0,7238.5,7227.5,7231.0,4914,0
2025-12-10 14:55:00+05:30,7230.5,7230.5,7214.5,7224.5,9823,0
2025-12-10 15:00:00+05:30,7224.5,7235.0,7219.5,7230.5,20713,0
2025-12-10 15:05:00+05:30,7230.5,7233.5,7225.0,7231.0,16567,0
2025-12-10 15:10:00+05:30,7231.5,7233.0,7225.0,7230.5,15878,0
2025-12-10 15:15:00+05:30,7231.0,7235.5,7225.5,7229.5,23528,0
2025-12-10 15:20:00+05:30,7230.0,7234.0,7215.0,7223.5,24877,0
2025-12-10 15:25:00+05:30,7223.5,7248.5,7220.5,7233.0,12923,0
2025-12-11 09:15:00+05:30,7250.0,7305.0,7233.0,7296.0,44531,0
2025-12-11 09:20:00+05:30,7298.0,7328.5,7293.0,7305.0,50803,0
2025-12-11 09:25:00+05:30,7304.5,7308.5,7272.0,7277.5,18986,0
2025-12-11 09:30:00+05:30,7277.5,7286.0,7266.0,7283.0,13133,0
2025-12-11 09:35:00+05:30,7282.5,7283.0,7255.0,7268.0,11665,0
2025-12-11 09:40:00+05:30,7266.0,7296.0,7266.0,7287.0,12868,0
2025-12-11 09:45:00+05:30,7286.0,7296.5,7277.5,7291.5,6912,0
2025-12-11 09:50:00+05:30,7291.0,7309.0,7291.0,7298.5,11591,0
2025-12-11 09:55:00+05:30,7302.0,7307.0,7275.5,7278.0,9995,0
2025-12-11 10:00:00+05:30,7277.5,7285.0,7261.5,7272.5,7794,0
2025-12-11 10:05:00+05:30,7273.0,7283.5,7270.0,7283.5,3191,0
2025-12-11 10:10:00+05:30,7283.5,7289.5,7278.0,7285.0,4627,0
2025-12-11 10:15:00+05:30,7285.0,7298.0,7272.5,7277.5,5176,0
2025-12-11 10:20:00+05:30,7277.5,7290.0,7271.0,7289.0,3098,0
2025-12-11 10:25:00+05:30,7289.0,7292.0,7280.0,7287.0,2642,0
2025-12-11 10:30:00+05:30,7285.5,7288.5,7279.5,7285.5,2598,0
2025-12-11 10:35:00+05:30,7285.5,7286.5,7275.0,7276.0,3057,0
2025-12-11 10:40:00+05:30,7276.0,7282.0,7270.0,7278.0,4881,0
2025-12-11 10:45:00+05:30,7278.0,7286.0,7277.5,7284.0,1869,0
2025-12-11 10:50:00+05:30,7280.5,7287.5,7272.0,7275.0,2324,0
2025-12-11 10:55:00+05:30,7275.0,7280.0,7265.5,7276.5,2751,0
2025-12-11 11:00:00+05:30,7276.5,7277.0,7267.0,7268.5,3154,0
2025-12-11 11:05:00+05:30,7267.0,7276.5,7263.5,7270.5,3650,0
2025-12-11 11:10:00+05:30,7270.5,7272.0,7263.5,7269.0,2825,0
2025-12-11 11:15:00+05:30,7269.0,7285.0,7267.0,7283.5,3051,0
2025-12-11 11:20:00+05:30,7285.0,7288.5,7281.5,7283.0,2905,0
2025-12-11 11:25:00+05:30,7283.5,7284.5,7275.5,7279.5,2195,0
2025-12-11 11:30:00+05:30,7279.5,7284.5,7274.0,7276.5,2595,0
2025-12-11 11:35:00+05:30,7276.5,7280.0,7272.5,7277.5,3185,0
2025-12-11 11:40:00+05:30,7276.5,7277.5,7273.0,7275.5,2025,0
2025-12-11 11:45:00+05:30,7275.0,7283.5,7260.5,7263.5,8144,0
2025-12-11 11:50:00+05:30,7261.5,7262.0,7251.5,7258.0,3977,0
2025-12-11 11:55:00+05:30,7256.5,7261.5,7254.0,7260.0,2677,0
2025-12-11 12:00:00+05:30,7260.5,7268.5,7259.0,7268.5,3094,0
2025-12-11 12:05:00+05:30,7268.5,7271.0,7250.0,7254.0,6233,0
2025-12-11 12:10:00+05:30,7255.0,7255.0,7242.0,7254.5,3388,0
2025-12-11 12:15:00+05:30,7253.0,7261.5,7251.5,7260.5,1991,0
2025-12-11 12:20:00+05:30,7261.5,7273.5,7261.5,7267.0,3138,0
2025-12-11 12:25:00+05:30,7268.0,7288.5,7267.0,7280.0,6516,0
2025-12-11 12:30:00+05:30,7282.0,7283.5,7276.0,7277.5,1734,0
2025-12-11 12:35:00+05:30,7277.5,7282.5,7277.5,7280.5,1909,0
2025-12-11 12:40:00+05:30,7280.5,7284.5,7280.0,7280.0,1829,0
2025-12-11 12:45:00+05:30,7280.0,7282.0,7275.0,7275.0,1844,0
2025-12-11 12:50:00+05:30,7277.0,7280.0,7274.5,7279.5,1223,0
2025-12-11 12:55:00+05:30,7280.0,7281.0,7276.5,7277.0,2710,0
2025-12-11 13:00:00+05:30,7279.5,7280.0,7271.0,7273.5,2478,0
2025-12-11 13:05:00+05:30,7271.0,7274.0,7268.5,7272.0,2020,0
2025-12-11 13:10:00+05:30,7271.0,7271.5,7263.0,7267.5,2453,0
2025-12-11 13:15:00+05:30,7269.5,7275.0,7269.0,7272.5,2440,0
2025-12-11 13:20:00+05:30,7272.5,7272.5,7262.0,7262.5,2208,0
2025-12-11 13:25:00+05:30,7263.5,7266.0,7262.5,7265.0,2225,0
2025-12-11 13:30:00+05:30,7265.0,7275.0,7261.5,7268.5,4425,0
2025-12-11 13:35:00+05:30,7266.0,7268.5,7262.0,7265.0,2033,0
2025-12-11 13:40:00+05:30,7265.0,7268.5,7254.0,7255.0,3088,0
2025-12-11 13:45:00+05:30,7255.0,7259.0,7247.5,7258.0,3161,0
2025-12-11 13:50:00+05:30,7258.0,7260.0,7256.0,7258.5,2082,0
2025-12-11 13:55:00+05:30,7260.0,7260.0,7255.0,7259.0,2942,0
2025-12-11 14:00:00+05:30,7258.5,7259.0,7246.0,7249.5,4103,0
2025-12-11 14:05:00+05:30,7249.5,7255.5,7245.0,7250.0,5526,0
2025-12-11 14:10:00+05:30,7250.0,7255.0,7239.0,7245.5,4896,0
2025-12-11 14:15:00+05:30,7247.0,7255.0,7245.5,7253.5,2701,0
2025-12-11 14:20:00+05:30,7252.5,7268.5,7252.5,7266.0,5511,0
2025-12-11 14:25:00+05:30,7266.0,7273.0,7262.5,7272.0,9281,0
2025-12-11 14:30:00+05:30,7271.5,7278.5,7267.5,7268.5,4606,0
2025-12-11 14:35:00+05:30,7269.0,7275.0,7268.5,7272.0,3550,0
2025-12-11 14:40:00+05:30,7272.0,7272.5,7261.5,7262.0,4882,0
2025-12-11 14:45:00+05:30,7262.0,7262.5,7243.0,7243.0,11055,0
2025-12-11 14:50:00+05:30,7244.0,7258.5,7244.0,7251.5,7719,0
2025-12-11 14:55:00+05:30,7251.5,7262.5,7251.5,7260.5,4018,0
2025-12-11 15:00:00+05:30,7262.5,7274.0,7261.0,7269.0,11639,0
2025-12-11 15:05:00+05:30,7269.5,7269.5,7260.0,7267.0,14472,0
2025-12-11 15:10:00+05:30,7267.0,7267.0,7254.5,7256.0,27533,0
2025-12-11 15:15:00+05:30,7255.5,7256.0,7246.5,7251.5,17709,0
2025-12-11 15:20:00+05:30,7250.5,7251.5,7238.0,7239.5,13644,0
2025-12-11 15:25:00+05:30,7239.5,7250.0,7220.5,7235.0,17142,0
2025-12-12 09:15:00+05:30,7235.0,7248.0,7220.0,7228.5,10477,0
2025-12-12 09:20:00+05:30,7228.5,7252.5,7225.5,7231.5,8472,0
2025-12-12 09:25:00+05:30,7231.5,7243.0,7225.5,7241.0,3889,0
2025-12-12 09:30:00+05:30,7241.0,7265.0,7240.5,7265.0,4511,0
2025-12-12 09:35:00+05:30,7263.5,7274.5,7255.0,7256.5,5459,0
2025-12-12 09:40:00+05:30,7259.0,7263.0,7253.0,7258.0,2839,0
2025-12-12 09:45:00+05:30,7257.5,7258.0,7240.0,7252.5,4042,0
2025-12-12 09:50:00+05:30,7255.0,7269.0,7252.5,7257.0,8998,0
2025-12-12 09:55:00+05:30,7257.0,7269.0,7255.5,7263.0,5898,0
2025-12-12 10:00:00+05:30,7263.5,7273.5,7251.0,7253.0,32634,0
2025-12-12 10:05:00+05:30,7255.0,7263.0,7251.5,7258.5,3657,0
2025-12-12 10:10:00+05:30,7257.5,7262.5,7255.0,7258.0,4496,0
2025-12-12 10:15:00+05:30,7256.5,7273.0,7255.5,7255.5,11652,0
2025-12-12 10:20:00+05:30,7258.5,7271.0,7250.0,7251.0,7141,0
2025-12-12 10:25:00+05:30,7251.0,7257.5,7247.0,7254.5,2990,0
2025-12-12 10:30:00+05:30,7257.5,7268.5,7253.5,7260.0,8397,0
2025-12-12 10:35:00+05:30,7256.5,7263.0,7253.0,7258.0,3366,0
2025-12-12 10:40:00+05:30,7257.5,7258.0,7248.0,7252.0,1270,0
2025-12-12 10:45:00+05:30,7252.0,7253.0,7241.5,7241.5,1208,0
2025-12-12 10:50:00+05:30,7242.0,7255.5,7241.0,7252.0,1116,0
2025-12-12 10:55:00+05:30,7252.0,7254.0,7231.5,7236.5,2539,0
2025-12-12 11:00:00+05:30,7236.5,7250.5,7236.5,7242.5,1761,0
2025-12-12 11:05:00+05:30,7245.0,7248.0,7238.5,7244.5,1974,0
2025-12-12 11:10:00+05:30,7247.5,7249.5,7242.5,7247.5,998,0
2025-12-12 11:15:00+05:30,7247.5,7249.5,7237.0,7238.5,2666,0
2025-12-12 11:20:00+05:30,7237.0,7245.5,7237.0,7238.5,2987,0
2025-12-12 11:25:00+05:30,7238.0,7245.0,7231.5,7234.5,2068,0
2025-12-12 11:30:00+05:30,7234.5,7238.0,7232.0,7235.5,913,0
2025-12-12 11:35:00+05:30,7235.5,7240.0,7234.0,7238.0,1251,0
2025-12-12 11:40:00+05:30,7237.0,7243.0,7235.5,7242.5,750,0
2025-12-12 11:45:00+05:30,7241.0,7245.0,7241.0,7245.0,1054,0
2025-12-12 11:50:00+05:30,7244.0,7251.5,7239.0,7245.5,2087,0
2025-12-12 11:55:00+05:30,7248.0,7248.0,7240.0,7241.0,644,0
2025-12-12 12:00:00+05:30,7241.0,7245.0,7240.0,7241.5,916,0
2025-12-12 12:05:00+05:30,7243.0,7243.5,7239.0,7239.0,828,0
2025-12-12 12:10:00+05:30,7241.5,7241.5,7235.5,7238.5,602,0
2025-12-12 12:15:00+05:30,7238.5,7242.0,7238.5,7241.0,399,0
2025-12-12 12:20:00+05:30,7241.0,7245.0,7241.0,7245.0,772,0
2025-12-12 12:25:00+05:30,7244.0,7247.5,7244.0,7245.5,348,0
2025-12-12 12:30:00+05:30,7245.5,7254.0,7245.0,7248.5,4852,0
2025-12-12 12:35:00+05:30,7251.0,7251.0,7247.0,7250.5,804,0
2025-12-12 12:40:00+05:30,7250.5,7252.5,7230.0,7230.0,3174,0
2025-12-12 12:45:00+05:30,7232.0,7235.0,7225.0,7229.0,2134,0
2025-12-12 12:50:00+05:30,7228.0,7233.5,7228.0,7229.0,1492,0
2025-12-12 12:55:00+05:30,7230.0,7232.0,7225.0,7227.5,1811,0
2025-12-12 13:00:00+05:30,7227.5,7227.5,7221.5,7224.0,1320,0
2025-12-12 13:05:00+05:30,7222.5,7224.0,7220.0,7222.0,1856,0
2025-12-12 13:10:00+05:30,7222.0,7223.0,7222.0,7223.0,555,0
2025-12-12 13:15:00+05:30,7222.5,7223.0,7220.0,7220.0,1867,0
2025-12-12 13:20:00+05:30,7221.0,7221.0,7201.0,7202.5,4251,0
2025-12-12 13:25:00+05:30,7202.5,7212.0,7201.5,7206.0,3436,0
2025-12-12 13:30:00+05:30,7205.5,7207.5,7201.0,7202.0,3246,0
2025-12-12 13:35:00+05:30,7202.5,7206.0,7188.0,7197.0,6563,0
2025-12-12 13:40:00+05:30,7198.0,7216.5,7193.5,7210.5,6801,0
2025-12-12 13:45:00+05:30,7210.0,7220.0,7207.5,7219.5,2677,0
2025-12-12 13:50:00+05:30,7216.0,7229.0,7216.0,7226.0,3113,0
2025-12-12 13:55:00+05:30,7228.0,7229.5,7223.5,7228.0,1918,0
2025-12-12 14:00:00+05:30,7228.0,7245.0,7228.0,7245.0,2022,0
2025-12-12 14:05:00+05:30,7245.0,7254.0,7243.5,7248.5,1930,0
2025-12-12 14:10:00+05:30,7248.5,7254.0,7244.5,7249.0,3147,0
2025-12-12 14:15:00+05:30,7248.5,7251.0,7231.0,7231.0,6072,0
2025-12-12 14:20:00+05:30,7231.0,7236.5,7229.0,7232.0,5451,0
2025-12-12 14:25:00+05:30,7232.0,7232.5,7229.5,7232.0,7743,0
2025-12-12 14:30:00+05:30,7230.0,7235.5,7229.0,7232.0,7874,0
2025-12-12 14:35:00+05:30,7229.5,7232.5,7225.0,7232.5,2120,0
2025-12-12 14:40:00+05:30,7229.0,7234.0,7229.0,7233.0,2340,0
2025-12-12 14:45:00+05:30,7234.0,7234.0,7225.5,7230.0,1896,0
2025-12-12 14:50:00+05:30,7229.5,7236.0,7224.5,7233.0,3627,0
2025-12-12 14:55:00+05:30,7232.5,7237.0,7225.5,7229.5,2426,0
2025-12-12 15:00:00+05:30,7230.0,7240.0,7227.0,7233.0,13027,0
2025-12-12 15:05:00+05:30,7233.0,7235.0,7226.0,7229.5,8508,0
2025-12-12 15:10:00+05:30,7229.5,7230.5,7224.0,7228.5,9327,0
2025-12-12 15:15:00+05:30,7228.5,7230.0,7222.5,7229.5,14618,0
2025-12-12 15:20:00+05:30,7229.5,7233.0,7222.5,7229.0,15696,0
2025-12-12 15:25:00+05:30,7229.0,7233.0,7218.0,7230.0,6895,0
2025-12-15 09:15:00+05:30,7200.0,7210.5,7142.0,7152.0,27045,0
2025-12-15 09:20:00+05:30,7152.0,7167.0,7142.5,7148.0,7878,0
2025-12-15 09:25:00+05:30,7148.0,7159.0,7137.0,7141.0,8388,0
2025-12-15 09:30:00+05:30,7140.5,7142.0,7126.5,7129.0,12224,0
2025-12-15 09:35:00+05:30,7129.5,7137.5,7125.0,7131.0,8558,0
2025-12-15 09:40:00+05:30,7130.0,7131.0,7120.0,7123.0,5190,0
2025-12-15 09:45:00+05:30,7124.0,7125.0,7115.0,7121.5,5588,0
2025-12-15 09:50:00+05:30,7122.0,7133.5,7111.5,7125.0,4798,0
2025-12-15 09:55:00+05:30,7125.0,7136.0,7119.5,7131.0,6096,0
2025-12-15 10:00:00+05:30,7129.5,7132.0,7120.0,7128.0,4534,0
2025-12-15 10:05:00+05:30,7128.0,7129.5,7120.0,7124.5,2363,0
2025-12-15 10:10:00+05:30,7124.0,7129.0,7120.5,7122.0,1754,0
2025-12-15 10:15:00+05:30,7125.5,7129.5,7122.0,7128.0,2708,0
2025-12-15 10:20:00+05:30,7128.0,7131.0,7122.5,7124.0,2035,0
2025-12-15 10:25:00+05:30,7122.5,7124.0,7107.5,7122.5,6171,0
2025-12-15 10:30:00+05:30,7122.5,7129.5,7122.5,7127.0,2318,0
2025-12-15 10:35:00+05:30,7126.5,7128.0,7118.5,7121.0,2420,0
2025-12-15 10:40:00+05:30,7121.5,7140.0,7119.5,7136.5,4942,0
2025-12-15 10:45:00+05:30,7134.0,7145.5,7133.0,7143.0,5882,0
2025-12-15 10:50:00+05:30,7143.0,7152.0,7138.0,7146.0,5915,0
2025-12-15 10:55:00+05:30,7143.0,7146.0,7136.0,7138.0,4234,0
2025-12-15 11:00:00+05:30,7139.5,7140.0,7137.0,7138.0,2643,0
2025-12-15 11:05:00+05:30,7138.5,7139.5,7121.5,7126.0,8834,0
2025-12-15 11:10:00+05:30,7127.0,7138.5,7124.0,7127.5,14049,0
2025-12-15 11:15:00+05:30,7127.5,7130.5,7121.0,7123.5,2339,0
2025-12-15 11:20:00+05:30,7125.0,7132.0,7120.5,7122.0,13356,0
2025-12-15 11:25:00+05:30,7124.5,7130.5,7122.0,7128.5,3887,0
2025-12-15 11:30:00+05:30,7130.0,7136.5,7122.0,7123.0,8710,0
2025-12-15 11:35:00+05:30,7123.0,7125.0,7122.0,7125.0,1444,0
2025-12-15 11:40:00+05:30,7125.0,7125.0,7121.0,7125.0,2070,0
2025-12-15 11:45:00+05:30,7125.0,7127.0,7121.0,7123.5,12464,0
2025-12-15 11:50:00+05:30,7123.5,7126.0,7121.0,7123.5,1605,0
2025-12-15 11:55:00+05:30,7124.5,7125.0,7116.0,7116.5,2502,0
2025-12-15 12:00:00+05:30,7117.0,7117.0,7095.0,7097.5,11329,0
2025-12-15 12:05:00+05:30,7098.5,7107.0,7097.5,7102.5,7088,0
2025-12-15 12:10:00+05:30,7102.5,7106.0,7099.0,7103.5,2807,0
2025-12-15 12:15:00+05:30,7103.5,7110.0,7103.5,7106.5,1876,0
2025-12-15 12:20:00+05:30,7109.5,7110.5,7106.5,7108.0,1570,0
2025-12-15 12:25:00+05:30,7108.0,7111.0,7106.5,7109.0,1485,0
2025-12-15 12:30:00+05:30,7110.0,7110.5,7107.5,7109.5,1306,0
2025-12-15 12:35:00+05:30,7109.5,7114.5,7106.0,7110.0,1855,0
2025-12-15 12:40:00+05:30,7110.0,7111.0,7099.5,7102.0,2423,0
2025-12-15 12:45:00+05:30,7100.0,7103.5,7100.0,7101.5,1758,0
2025-12-15 12:50:00+05:30,7101.5,7103.5,7097.0,7101.5,1502,0
2025-12-15 12:55:00+05:30,7103.0,7103.0,7094.5,7099.5,1945,0
2025-12-15 13:00:00+05:30,7100.0,7106.5,7099.5,7105.0,2273,0
2025-12-15 13:05:00+05:30,7106.0,7114.5,7105.5,7110.0,1644,0
2025-12-15 13:10:00+05:30,7110.0,7114.0,7110.0,7112.5,1804,0
2025-12-15 13:15:00+05:30,7113.0,7113.0,7103.0,7105.5,1870,0
2025-12-15 13:20:00+05:30,7106.0,7106.5,7100.5,7103.0,2861,0
2025-12-15 13:25:00+05:30,7103.0,7107.5,7102.0,7105.5,2502,0
2025-12-15 13:30:00+05:30,7105.5,7107.0,7103.0,7105.5,2165,0
2025-12-15 13:35:00+05:30,7106.0,7112.5,7105.5,7107.5,1497,0
2025-12-15 13:40:00+05:30,7109.0,7111.0,7105.0,7107.0,1451,0
2025-12-15 13:45:00+05:30,7108.5,7125.5,7105.0,7123.5,16972,0
2025-12-15 13:50:00+05:30,7123.5,7123.5,7112.0,7114.5,1361,0
2025-12-15 13:55:00+05:30,7116.0,7120.0,7113.0,7115.0,1955,0
2025-12-15 14:00:00+05:30,7115.5,7115.5,7109.5,7111.5,2127,0
2025-12-15 14:05:00+05:30,7114.0,7114.5,7106.0,7107.0,3378,0
2025-12-15 14:10:00+05:30,7109.0,7117.0,7100.5,7110.5,5844,0
2025-12-15 14:15:00+05:30,7111.0,7117.5,7110.0,7115.5,2710,0
2025-12-15 14:20:00+05:30,7114.5,7116.0,7108.0,7115.0,2873,0
2025-12-15 14:25:00+05:30,7116.0,7117.0,7115.5,7116.0,1554,0
2025-12-15 14:30:00+05:30,7117.0,7123.0,7116.0,7122.0,2665,0
2025-12-15 14:35:00+05:30,7122.0,7123.0,7120.0,7121.0,2725,0
2025-12-15 14:40:00+05:30,7120.0,7121.0,7116.0,7120.5,3096,0
2025-12-15 14:45:00+05:30,7120.0,7124.5,7115.0,7115.0,5289,0
2025-12-15 14:50:00+05:30,7116.0,7120.0,7112.0,7117.0,6693,0
2025-12-15 14:55:00+05:30,7119.5,7120.0,7113.5,7117.5,4249,0
2025-12-15 15:00:00+05:30,7118.0,7124.5,7116.5,7120.5,5040,0
2025-12-15 15:05:00+05:30,7120.5,7130.0,7118.0,7119.5,19279,0
2025-12-15 15:10:00+05:30,7120.0,7124.0,7118.0,7122.0,9493,0
2025-12-15 15:15:00+05:30,7122.5,7126.0,7115.5,7119.0,20074,0
2025-12-15 15:20:00+05:30,7119.0,7123.0,7117.5,7119.0,7367,0
2025-12-15 15:25:00+05:30,7119.0,7127.5,7116.0,7116.0,7092,0
2025-12-16 09:15:00+05:30,7120.0,7121.5,7085.0,7101.5,8207,0
2025-12-16 09:20:00+05:30,7103.0,7108.0,7094.5,7098.0,6549,0
2025-12-16 09:25:00+05:30,7095.5,7105.0,7092.5,7098.5,2543,0
2025-12-16 09:30:00+05:30,7097.0,7103.5,7095.5,7100.0,1972,0
2025-12-16 09:35:00+05:30,7100.5,7103.5,7096.5,7098.0,1363,0
2025-12-16 09:40:00+05:30,7098.0,7114.5,7098.0,7110.0,6823,0
2025-12-16 09:45:00+05:30,7109.0,7109.0,7091.0,7093.0,4663,0
2025-12-16 09:50:00+05:30,7093.0,7093.0,7073.0,7077.5,5292,0
2025-12-16 09:55:00+05:30,7077.5,7078.0,7059.0,7060.5,4166,0
2025-12-16 10:00:00+05:30,7060.5,7064.0,7050.0,7057.0,3326,0
2025-12-16 10:05:00+05:30,7058.5,7071.0,7057.0,7063.5,2415,0
2025-12-16 10:10:00+05:30,7063.5,7066.5,7051.0,7062.5,3257,0
2025-12-16 10:15:00+05:30,7062.0,7069.5,7057.5,7069.5,1351,0
2025-12-16 10:20:00+05:30,7069.5,7073.0,7068.0,7073.0,1583,0
2025-12-16 10:25:00+05:30,7074.5,7085.0,7073.0,7080.0,3033,0
2025-12-16 10:30:00+05:30,7080.0,7081.0,7070.5,7070.5,1199,0
2025-12-16 10:35:00+05:30,7070.5,7076.5,7070.0,7076.0,916,0
2025-12-16 10:40:00+05:30,7076.5,7079.0,7072.0,7077.0,1685,0
2025-12-16 10:45:00+05:30,7077.5,7079.0,7073.0,7077.5,919,0
2025-12-16 10:50:00+05:30,7077.5,7080.5,7076.5,7076.5,1218,0
2025-12-16 10:55:00+05:30,7076.5,7082.0,7074.0,7080.0,1604,0
2025-12-16 11:00:00+05:30,7078.5,7088.5,7076.0,7087.5,3439,0
2025-12-16 11:05:00+05:30,7086.0,7090.0,7078.5,7079.5,2658,0
2025-12-16 11:10:00+05:30,7079.5,7084.0,7077.0,7080.5,1110,0
2025-12-16 11:15:00+05:30,7080.5,7084.5,7074.0,7076.0,15701,0
2025-12-16 11:20:00+05:30,7077.5,7080.0,7072.5,7075.0,15900,0
2025-12-16 11:25:00+05:30,7076.5,7079.5,7070.0,7070.0,1990,0
2025-12-16 11:30:00+05:30,7071.5,7073.0,7066.0,7068.0,1804,0
2025-12-16 11:35:00+05:30,7066.5,7072.5,7061.0,7072.5,2152,0
2025-12-16 11:40:00+05:30,7072.5,7073.0,7065.0,7065.5,1756,0
2025-12-16 11:45:00+05:30,7065.0,7074.0,7062.0,7074.0,2980,0
2025-12-16 11:50:00+05:30,7074.0,7074.5,7068.5,7072.5,1611,0
2025-12-16 11:55:00+05:30,7072.5,7084.5,7070.0,7074.0,4809,0
2025-12-16 12:00:00+05:30,7074.0,7074.0,7065.5,7069.0,1424,0
2025-12-16 12:05:00+05:30,7069.0,7074.0,7068.5,7074.0,1716,0
2025-12-16 12:10:00+05:30,7073.0,7077.0,7067.5,7067.5,1801,0
2025-12-16 12:15:00+05:30,7067.0,7070.5,7066.5,7069.5,840,0
2025-12-16 12:20:00+05:30,7069.5,7074.0,7069.0,7072.0,1394,0
2025-12-16 12:25:00+05:30,7072.0,7072.5,7068.5,7071.0,1548,0
2025-12-16 12:30:00+05:30,7071.0,7072.0,7069.5,7070.0,3102,0
2025-12-16 12:35:00+05:30,7070.0,7070.5,7065.5,7070.0,1853,0
2025-12-16 12:40:00+05:30,7070.0,7070.0,7063.5,7066.5,3326,0
2025-12-16 12:45:00+05:30,7066.5,7068.0,7062.5,7066.0,1171,0
2025-12-16 12:50:00+05:30,7065.0,7067.5,7062.0,7065.0,2085,0
2025-12-16 12:55:00+05:30,7065.0,7069.5,7063.5,7065.5,2314,0
2025-12-16 13:00:00+05:30,7065.0,7065.0,7059.5,7059.5,9599,0
2025-12-16 13:05:00+05:30,7060.0,7062.5,7056.0,7059.0,4477,0
2025-12-16 13:10:00+05:30,7059.0,7063.5,7055.0,7058.5,9172,0
2025-12-16 13:15:00+05:30,7057.5,7062.5,7051.5,7062.5,4023,0
2025-12-16 13:20:00+05:30,7061.5,7083.5,7061.5,7074.5,4613,0
2025-12-16 13:25:00+05:30,7074.5,7088.5,7073.5,7088.5,6356,0
2025-12-16 13:30:00+05:30,7088.5,7090.0,7083.5,7084.5,4533,0
2025-12-16 13:35:00+05:30,7084.5,7095.0,7082.5,7086.5,3553,0
2025-12-16 13:40:00+05:30,7086.0,7089.0,7083.0,7086.5,2351,0
2025-12-16 13:45:00+05:30,7086.0,7092.5,7082.5,7091.5,3860,0
2025-12-16 13:50:00+05:30,7091.0,7091.5,7088.0,7089.5,1692,0
2025-12-16 13:55:00+05:30,7089.5,7089.5,7080.0,7082.5,2627,0
2025-12-16 14:00:00+05:30,7081.5,7084.0,7077.5,7084.0,4636,0
2025-12-16 14:05:00+05:30,7084.0,7084.0,7080.0,7082.5,1867,0
2025-12-16 14:10:00+05:30,7082.5,7082.5,7080.0,7081.0,2575,0
2025-12-16 14:15:00+05:30,7081.0,7085.0,7080.0,7080.5,3238,0
2025-12-16 14:20:00+05:30,7080.5,7080.5,7070.0,7075.5,6254,0
2025-12-16 14:25:00+05:30,7075.0,7078.5,7073.5,7078.5,4982,0
2025-12-16 14:30:00+05:30,7077.5,7078.5,7075.0,7076.5,3104,0
2025-12-16 14:35:00+05:30,7076.5,7083.0,7075.5,7081.0,2480,0
2025-12-16 14:40:00+05:30,7081.0,7084.5,7080.0,7084.0,2765,0
2025-12-16 14:45:00+05:30,7082.5,7088.0,7082.5,7086.0,4111,0
2025-12-16 14:50:00+05:30,7086.0,7087.0,7083.5,7086.5,5106,0
2025-12-16 14:55:00+05:30,7086.5,7089.0,7083.0,7086.5,4496,0
2025-12-16 15:00:00+05:30,7086.5,7090.0,7071.0,7080.5,10884,0
2025-12-16 15:05:00+05:30,7081.0,7082.0,7059.0,7059.5,214895,0
2025-12-16 15:10:00+05:30,7060.0,7063.5,7053.5,7057.5,8669,0
2025-12-16 15:15:00+05:30,7057.5,7060.5,7050.0,7050.5,6892,0
2025-12-16 15:20:00+05:30,7050.0,7060.0,7049.5,7056.5,9668,0
2025-12-16 15:25:00+05:30,7056.5,7070.0,7035.5,7042.0,9840,0
2025-12-17 09:15:00+05:30,7104.0,7168.0,7080.5,7158.5,47874,0
2025-12-17 09:20:00+05:30,7159.0,7176.5,7151.0,7166.0,22243,0
2025-12-17 09:25:00+05:30,7166.0,7170.0,7152.0,7155.0,12940,0
2025-12-17 09:30:00+05:30,7155.5,7164.0,7143.0,7159.5,8624,0
2025-12-17 09:35:00+05:30,7159.5,7160.0,7151.0,7151.5,6352,0
2025-12-17 09:40:00+05:30,7152.0,7155.5,7142.0,7144.0,8232,0
2025-12-17 09:45:00+05:30,7144.0,7153.5,7142.0,7144.0,6324,0
2025-12-17 09:50:00+05:30,7144.0,7151.0,7144.0,7147.5,2501,0
2025-12-17 09:55:00+05:30,7148.0,7152.0,7145.0,7148.0,4463,0
2025-12-17 10:00:00+05:30,7147.5,7156.0,7146.0,7150.0,4641,0
2025-12-17 10:05:00+05:30,7150.0,7155.5,7148.0,7151.5,3582,0
2025-12-17 10:10:00+05:30,7153.0,7155.0,7148.0,7151.5,2925,0
2025-12-17 10:15:00+05:30,7152.5,7159.0,7149.5,7155.0,3266,0
2025-12-17 10:20:00+05:30,7155.0,7156.5,7149.0,7149.0,7631,0
2025-12-17 10:25:00+05:30,7149.0,7153.0,7148.0,7151.0,3922,0
2025-12-17 10:30:00+05:30,7151.5,7153.5,7150.0,7152.0,2770,0
2025-12-17 10:35:00+05:30,7151.5,7152.5,7147.0,7147.5,2882,0
2025-12-17 10:40:00+05:30,7147.5,7154.0,7147.0,7152.5,5290,0
2025-12-17 10:45:00+05:30,7152.5,7163.5,7150.5,7155.0,6100,0
2025-12-17 10:50:00+05:30,7154.5,7156.5,7153.0,7155.5,1707,0
2025-12-17 10:55:00+05:30,7156.0,7156.5,7150.0,7152.0,2544,0
2025-12-17 11:00:00+05:30,7150.5,7156.5,7150.0,7155.0,3835,0
2025-12-17 11:05:00+05:30,7154.5,7160.5,7151.5,7157.5,5479,0
2025-12-17 11:10:00+05:30,7157.5,7168.5,7157.5,7162.0,5564,0
2025-12-17 11:15:00+05:30,7160.5,7165.5,7152.0,7153.0,6481,0
2025-12-17 11:20:00+05:30,7155.0,7157.5,7151.0,7152.0,3172,0
2025-12-17 11:25:00+05:30,7154.5,7155.0,7150.5,7155.0,2359,0
2025-12-17 11:30:00+05:30,7155.0,7155.0,7150.0,7150.0,4057,0
2025-12-17 11:35:00+05:30,7150.0,7154.5,7150.0,7153.0,1490,0
2025-12-17 11:40:00+05:30,7153.0,7155.0,7150.5,7152.0,9410,0
2025-12-17 11:45:00+05:30,7153.0,7160.5,7151.0,7157.5,8185,0
2025-12-17 11:50:00+05:30,7157.5,7162.5,7157.0,7158.0,3482,0
2025-12-17 11:55:00+05:30,7161.0,7162.0,7156.5,7157.5,2116,0
2025-12-17 12:00:00+05:30,7158.0,7158.5,7151.0,7157.5,3464,0
2025-12-17 12:05:00+05:30,7156.0,7161.5,7155.0,7157.0,5136,0
2025-12-17 12:10:00+05:30,7157.0,7162.0,7153.5,7155.5,54484,0
2025-12-17 12:15:00+05:30,7156.5,7159.5,7142.5,7155.0,7221,0
2025-12-17 12:20:00+05:30,7155.0,7158.5,7152.0,7153.0,2606,0
2025-12-17 12:25:00+05:30,7153.0,7155.0,7148.0,7151.0,8599,0
2025-12-17 12:30:00+05:30,7151.0,7163.0,7150.0,7156.0,4981,0
2025-12-17 12:35:00+05:30,7156.0,7160.0,7154.0,7156.0,2510,0
2025-12-17 12:40:00+05:30,7155.0,7158.0,7152.0,7155.0,4017,0
2025-12-17 12:45:00+05:30,7154.0,7154.0,7150.5,7152.0,3215,0
2025-12-17 12:50:00+05:30,7153.0,7159.0,7151.0,7158.5,10681,0
2025-12-17 12:55:00+05:30,7159.0,7160.0,7153.5,7153.5,1918,0
2025-12-17 13:00:00+05:30,7154.5,7158.0,7153.0,7156.0,2520,0
2025-12-17 13:05:00+05:30,7156.0,7157.5,7152.0,7152.0,4249,0
2025-12-17 13:10:00+05:30,7154.0,7154.0,7150.0,7150.0,12469,0
2025-12-17 13:15:00+05:30,7150.5,7157.5,7150.0,7157.5,1689,0
2025-12-17 13:20:00+05:30,7156.5,7159.0,7130.5,7152.0,31738,0
2025-12-17 13:25:00+05:30,7152.0,7154.5,7146.0,7154.0,3385,0
2025-12-17 13:30:00+05:30,7154.0,7154.0,7146.5,7150.0,2961,0
2025-12-17 13:35:00+05:30,7150.0,7153.0,7147.5,7153.0,2122,0
2025-12-17 13:40:00+05:30,7153.5,7153.5,7147.0,7150.5,3392,0
2025-12-17 13:45:00+05:30,7151.5,7154.0,7148.5,7151.5,2331,0
2025-12-17 13:50:00+05:30,7152.0,7154.5,7151.0,7154.0,1533,0
2025-12-17 13:55:00+05:30,7154.0,7155.0,7150.5,7153.5,2361,0
2025-12-17 14:00:00+05:30,7153.5,7154.5,7150.0,7154.0,2096,0
2025-12-17 14:05:00+05:30,7155.0,7158.5,7154.0,7155.5,2795,0
2025-12-17 14:10:00+05:30,7155.0,7156.0,7155.0,7155.5,2589,0
2025-12-17 14:15:00+05:30,7155.5,7159.0,7155.5,7157.0,6600,0
2025-12-17 14:20:00+05:30,7157.0,7157.0,7152.5,7155.5,3354,0
2025-12-17 14:25:00+05:30,7155.5,7157.0,7152.0,7152.0,4988,0
2025-12-17 14:30:00+05:30,7152.0,7152.5,7148.0,7152.0,6492,0
2025-12-17 14:35:00+05:30,7151.0,7153.5,7146.5,7147.0,7014,0
2025-12-17 14:40:00+05:30,7146.5,7150.0,7145.5,7150.0,4045,0
2025-12-17 14:45:00+05:30,7150.0,7151.0,7146.0,7150.0,5328,0
2025-12-17 14:50:00+05:30,7149.0,7157.0,7148.0,7156.0,8871,0
2025-12-17 14:55:00+05:30,7156.0,7159.0,7153.0,7157.0,5008,0
2025-12-17 15:00:00+05:30,7155.5,7164.5,7154.5,7155.0,14595,0
2025-12-17 15:05:00+05:30,7154.5,7155.0,7120.0,7124.5,53183,0
2025-12-17 15:10:00+05:30,7124.5,7134.0,7120.0,7128.0,21770,0
2025-12-17 15:15:00+05:30,7129.0,7130.5,7123.5,7129.0,17004,0
2025-12-17 15:20:00+05:30,7129.0,7145.5,7128.0,7142.0,13213,0
2025-12-17 15:25:00+05:30,7142.0,7147.0,7133.0,7143.0,13293,0
2025-12-18 09:15:00+05:30,7135.0,7144.0,7060.5,7071.0,17652,0
2025-12-18 09:20:00+05:30,7068.5,7093.5,7065.0,7088.0,10164,0
2025-12-18 09:25:00+05:30,7088.5,7099.0,7079.0,7084.0,6340,0
2025-12-18 09:30:00+05:30,7083.0,7090.0,7068.5,7069.5,7487,0
2025-12-18 09:35:00+05:30,7070.0,7070.5,7060.0,7062.0,4956,0
2025-12-18 09:40:00+05:30,7062.0,7068.0,7045.5,7045.5,5290,0
2025-12-18 09:45:00+05:30,7045.0,7050.0,7033.0,7038.5,7076,0
2025-12-18 09:50:00+05:30,7038.5,7044.0,7035.0,7042.0,5671,0
2025-12-18 09:55:00+05:30,7041.5,7042.0,7022.0,7025.5,14608,0
2025-12-18 10:00:00+05:30,7023.5,7028.0,7013.5,7019.0,4465,0
2025-12-18 10:05:00+05:30,7019.0,7034.5,7016.5,7034.0,3389,0
2025-12-18 10:10:00+05:30,7034.0,7044.0,7031.5,7038.5,5527,0
2025-12-18 10:15:00+05:30,7038.5,7055.0,7032.5,7053.0,6148,0
2025-12-18 10:20:00+05:30,7053.0,7068.0,7050.0,7063.5,4331,0
2025-12-18 10:25:00+05:30,7063.5,7077.0,7063.5,7074.5,3860,0
2025-12-18 10:30:00+05:30,7072.5,7079.0,7069.5,7073.5,5039,0
2025-12-18 10:35:00+05:30,7073.0,7074.0,7070.0,7073.5,1619,0
2025-12-18 10:40:00+05:30,7073.5,7084.0,7073.5,7077.0,3304,0
2025-12-18 10:45:00+05:30,7076.5,7081.0,7072.0,7078.0,2127,0
2025-12-18 10:50:00+05:30,7078.0,7078.0,7060.0,7060.0,2258,0
2025-12-18 10:55:00+05:30,7061.5,7074.0,7058.5,7074.0,2057,0
2025-12-18 11:00:00+05:30,7074.0,7074.0,7063.0,7067.0,1929,0
2025-12-18 11:05:00+05:30,7067.0,7068.0,7056.5,7059.5,3084,0
2025-12-18 11:10:00+05:30,7059.5,7059.5,7047.0,7051.5,5626,0
2025-12-18 11:15:00+05:30,7052.5,7055.5,7047.0,7052.5,2155,0
2025-12-18 11:20:00+05:30,7053.0,7062.5,7050.5,7062.5,3137,0
2025-12-18 11:25:00+05:30,7062.5,7070.0,7059.5,7070.0,1819,0
2025-12-18 11:30:00+05:30,7070.0,7070.0,7065.5,7067.0,1652,0
2025-12-18 11:35:00+05:30,7068.0,7072.5,7066.5,7070.5,1609,0
2025-12-18 11:40:00+05:30,7071.5,7073.5,7069.0,7073.0,2044,0
2025-12-18 11:45:00+05:30,7073.0,7073.0,7065.5,7067.5,2812,0
2025-12-18 11:50:00+05:30,7066.0,7084.0,7065.5,7083.5,2694,0
2025-12-18 11:55:00+05:30,7083.5,7100.5,7082.0,7087.0,7242,0
2025-12-18 12:00:00+05:30,7086.5,7088.5,7076.0,7077.0,2461,0
2025-12-18 12:05:00+05:30,7078.5,7080.0,7075.0,7079.0,1512,0
2025-12-18 12:10:00+05:30,7078.5,7085.5,7076.0,7081.5,1249,0
2025-12-18 12:15:00+05:30,7083.5,7087.0,7078.5,7081.0,1426,0
2025-12-18 12:20:00+05:30,7082.0,7087.0,7078.5,7086.5,2091,0
2025-12-18 12:25:00+05:30,7087.0,7101.5,7086.0,7096.0,2946,0
2025-12-18 12:30:00+05:30,7096.0,7100.0,7095.0,7096.5,2269,0
2025-12-18 12:35:00+05:30,7099.0,7105.0,7096.5,7103.5,1866,0
2025-12-18 12:40:00+05:30,7104.0,7108.5,7103.0,7108.0,2560,0
2025-12-18 12:45:00+05:30,7108.0,7113.5,7104.5,7105.0,3129,0
2025-12-18 12:50:00+05:30,7106.5,7106.5,7098.5,7102.5,2316,0
2025-12-18 12:55:00+05:30,7103.0,7111.0,7101.5,7105.5,2114,0
2025-12-18 13:00:00+05:30,7105.0,7108.5,7102.5,7105.0,2544,0
2025-12-18 13:05:00+05:30,7105.0,7109.5,7104.0,7105.5,1252,0
2025-12-18 13:10:00+05:30,7105.5,7108.5,7102.0,7105.0,1375,0
2025-12-18 13:15:00+05:30,7106.0,7108.0,7100.5,7103.5,2344,0
2025-12-18 13:20:00+05:30,7105.5,7107.0,7100.0,7104.0,1396,0
2025-12-18 13:25:00+05:30,7104.0,7106.5,7101.0,7105.5,1955,0
2025-12-18 13:30:00+05:30,7105.5,7107.5,7101.0,7103.5,5509,0
2025-12-18 13:35:00+05:30,7102.5,7105.0,7090.5,7095.0,2814,0
2025-12-18 13:40:00+05:30,7094.5,7097.5,7091.5,7093.5,1709,0
2025-12-18 13:45:00+05:30,7096.0,7099.0,7087.0,7089.0,2402,0
2025-12-18 13:50:00+05:30,7089.0,7095.0,7085.5,7092.0,1900,0
2025-12-18 13:55:00+05:30,7092.0,7096.0,7088.5,7090.0,1699,0
2025-12-18 14:00:00+05:30,7090.5,7095.0,7077.5,7079.0,2900,0
2025-12-18 14:05:00+05:30,7079.0,7084.5,7071.0,7074.5,4490,0
2025-12-18 14:10:00+05:30,7073.5,7080.0,7069.0,7074.5,4098,0
2025-12-18 14:15:00+05:30,7077.0,7084.0,7072.0,7076.5,2468,0
2025-12-18 14:20:00+05:30,7076.0,7079.5,7070.5,7075.0,2759,0
2025-12-18 14:25:00+05:30,7074.0,7078.0,7071.0,7075.5,3267,0
2025-12-18 14:30:00+05:30,7076.0,7087.5,7075.0,7077.0,6447,0
2025-12-18 14:35:00+05:30,7077.0,7079.5,7070.0,7070.0,3236,0
2025-12-18 14:40:00+05:30,7071.5,7075.5,7069.0,7072.5,4552,0
2025-12-18 14:45:00+05:30,7072.0,7075.0,7070.0,7073.5,3618,0
2025-12-18 14:50:00+05:30,7073.5,7077.0,7064.0,7072.5,7934,0
2025-12-18 14:55:00+05:30,7070.0,7078.0,7063.5,7074.5,3400,0
2025-12-18 15:00:00+05:30,7075.5,7114.0,7074.5,7111.5,15358,0
2025-12-18 15:05:00+05:30,7111.5,7112.0,7101.0,7112.0,9540,0
2025-12-18 15:10:00+05:30,7111.5,7116.5,7108.0,7113.5,11211,0
2025-12-18 15:15:00+05:30,7113.0,7115.0,7111.5,7115.0,7829,0
2025-12-18 15:20:00+05:30,7114.0,7116.0,7102.0,7107.0,13124,0
2025-12-18 15:25:00+05:30,7107.0,7111.0,7088.0,7090.0,9457,0
2025-12-19 09:15:00+05:30,7075.0,7172.0,7075.0,7155.5,25012,0
2025-12-19 09:20:00+05:30,7155.5,7163.0,7142.0,7157.5,13643,0
2025-12-19 09:25:00+05:30,7158.0,7160.0,7140.0,7147.5,6063,0
2025-12-19 09:30:00+05:30,7149.0,7154.5,7143.5,7152.0,3344,0
2025-12-19 09:35:00+05:30,7151.5,7168.5,7150.5,7168.5,5722,0
2025-12-19 09:40:00+05:30,7168.5,7168.5,7161.5,7164.0,3101,0
2025-12-19 09:45:00+05:30,7164.0,7180.5,7163.5,7179.5,6889,0
2025-12-19 09:50:00+05:30,7179.5,7200.0,7177.0,7200.0,11365,0
2025-12-19 09:55:00+05:30,7198.5,7204.0,7185.0,7190.0,9537,0
2025-12-19 10:00:00+05:30,7190.5,7199.0,7190.0,7194.0,3870,0
2025-12-19 10:05:00+05:30,7194.0,7196.0,7182.0,7185.5,3872,0
2025-12-19 10:10:00+05:30,7185.5,7187.5,7177.0,7184.0,3852,0
2025-12-19 10:15:00+05:30,7184.0,7190.0,7177.5,7190.0,2473,0
2025-12-19 10:20:00+05:30,7189.5,7197.5,7188.5,7195.5,3375,0
2025-12-19 10:25:00+05:30,7195.5,7210.0,7187.5,7193.5,8080,0
2025-12-19 10:30:00+05:30,7193.5,7195.0,7189.0,7190.0,2231,0
2025-12-19 10:35:00+05:30,7190.0,7194.5,7189.0,7191.5,1879,0
2025-12-19 10:40:00+05:30,7190.0,7197.5,7189.0,7196.0,2741,0
2025-12-19 10:45:00+05:30,7196.5,7197.0,7193.0,7197.0,1662,0
2025-12-19 10:50:00+05:30,7197.0,7199.0,7185.0,7186.0,3011,0
2025-12-19 10:55:00+05:30,7185.0,7190.0,7185.0,7189.5,1117,0
2025-12-19 11:00:00+05:30,7189.0,7190.0,7188.0,7188.0,1595,0
2025-12-19 11:05:00+05:30,7189.0,7189.0,7174.0,7180.0,3536,0
2025-12-19 11:10:00+05:30,7182.0,7183.5,7177.0,7182.5,3179,0
2025-12-19 11:15:00+05:30,7182.0,7188.0,7182.0,7188.0,1142,0
2025-12-19 11:20:00+05:30,7189.0,7194.0,7188.0,7190.5,3403,0
2025-12-19 11:25:00+05:30,7190.5,7195.5,7186.0,7188.5,3569,0
2025-12-19 11:30:00+05:30,7188.5,7193.0,7188.0,7191.0,1216,0
2025-12-19 11:35:00+05:30,7192.0,7198.0,7191.5,7194.5,1968,0
2025-12-19 11:40:00+05:30,7194.5,7199.0,7190.0,7192.0,3918,0
2025-12-19 11:45:00+05:30,7192.0,7196.0,7189.5,7194.5,2634,0
2025-12-19 11:50:00+05:30,7195.0,7205.0,7194.5,7200.0,4305,0
2025-12-19 11:55:00+05:30,7200.0,7200.0,7190.5,7193.0,3001,0
2025-12-19 12:00:00+05:30,7191.5,7198.0,7191.5,7197.5,1535,0
2025-12-19 12:05:00+05:30,7198.0,7214.0,7197.5,7212.0,6366,0
2025-12-19 12:10:00+05:30,7210.5,7220.0,7204.0,7206.0,7617,0
2025-12-19 12:15:00+05:30,7206.5,7210.0,7201.5,7201.5,2092,0
2025-12-19 12:20:00+05:30,7201.5,7207.0,7195.0,7204.0,3046,0
2025-12-19 12:25:00+05:30,7204.0,7205.0,7196.0,7200.0,1525,0
2025-12-19 12:30:00+05:30,7200.5,7201.5,7194.0,7197.0,2501,0
2025-12-19 12:35:00+05:30,7196.0,7203.5,7196.0,7203.0,2074,0
2025-12-19 12:40:00+05:30,7203.0,7210.0,7200.5,7202.0,2881,0
2025-12-19 12:45:00+05:30,7202.0,7205.5,7202.0,7205.0,1438,0
2025-12-19 12:50:00+05:30,7205.0,7207.0,7203.5,7206.0,2746,0
2025-12-19 12:55:00+05:30,7206.0,7206.5,7205.5,7205.5,1214,0
2025-12-19 13:00:00+05:30,7206.5,7215.0,7206.0,7212.5,3168,0
2025-12-19 13:05:00+05:30,7214.0,7216.5,7211.5,7212.0,3286,0
2025-12-19 13:10:00+05:30,7211.5,7214.5,7204.5,7206.5,3170,0
2025-12-19 13:15:00+05:30,7208.0,7211.0,7206.5,7209.0,1933,0
2025-12-19 13:20:00+05:30,7209.5,7214.5,7209.5,7213.5,1304,0
2025-12-19 13:25:00+05:30,7214.0,7215.0,7203.5,7214.0,3742,0
2025-12-19 13:30:00+05:30,7214.0,7214.5,7207.0,7211.0,3297,0
2025-12-19 13:35:00+05:30,7211.5,7216.5,7209.0,7210.0,3210,0
2025-12-19 13:40:00+05:30,7209.5,7216.0,7206.0,7215.0,1681,0
2025-12-19 13:45:00+05:30,7214.0,7215.0,7210.5,7212.0,2221,0
2025-12-19 13:50:00+05:30,7211.0,7214.5,7207.0,7208.5,2558,0
2025-12-19 13:55:00+05:30,7208.5,7210.0,7205.0,7208.5,2274,0
2025-12-19 14:00:00+05:30,7209.0,7214.0,7201.5,7203.5,3322,0
2025-12-19 14:05:00+05:30,7204.5,7204.5,7195.0,7201.0,3133,0
2025-12-19 14:10:00+05:30,7200.0,7203.5,7199.5,7200.5,3174,0
2025-12-19 14:15:00+05:30,7199.5,7210.0,7198.5,7210.0,3156,0
2025-12-19 14:20:00+05:30,7209.0,7213.0,7208.0,7213.0,3539,0
2025-12-19 14:25:00+05:30,7213.0,7224.0,7207.5,7220.5,7862,0
2025-12-19 14:30:00+05:30,7220.5,7221.5,7207.5,7210.0,4510,0
2025-12-19 14:35:00+05:30,7210.5,7211.0,7204.0,7208.0,3805,0
2025-12-19 14:40:00+05:30,7208.0,7212.0,7207.0,7211.5,2751,0
2025-12-19 14:45:00+05:30,7211.5,7214.5,7211.0,7214.5,4663,0
2025-12-19 14:50:00+05:30,7214.5,7214.5,7201.0,7205.0,6443,0
2025-12-19 14:55:00+05:30,7205.0,7209.0,7204.0,7209.0,3667,0
2025-12-19 15:00:00+05:30,7207.5,7213.5,7193.0,7205.5,27442,0
2025-12-19 15:05:00+05:30,7205.5,7219.5,7205.5,7217.0,21847,0
2025-12-19 15:10:00+05:30,7217.5,7221.0,7210.0,7221.0,25793,0
2025-12-19 15:15:00+05:30,7220.0,7230.0,7219.0,7220.0,30106,0
2025-12-19 15:20:00+05:30,7220.5,7228.0,7218.0,7220.5,25654,0
2025-12-19 15:25:00+05:30,7221.0,7242.0,7214.0,7229.5,19301,0
2025-12-22 09:15:00+05:30,7238.0,7253.0,7213.0,7249.0,9805,0
2025-12-22 09:20:00+05:30,7246.5,7255.0,7239.5,7250.0,4374,0
2025-12-22 09:25:00+05:30,7250.0,7260.0,7234.5,7250.5,5544,0
2025-12-22 09:30:00+05:30,7250.5,7258.0,7242.5,7258.0,4138,0
2025-12-22 09:35:00+05:30,7255.5,7270.0,7253.5,7259.0,4560,0
2025-12-22 09:40:00+05:30,7258.5,7265.0,7253.0,7258.0,1678,0
2025-12-22 09:45:00+05:30,7258.0,7262.5,7255.5,7261.0,1620,0
2025-12-22 09:50:00+05:30,7256.0,7260.5,7255.5,7257.5,1491,0
2025-12-22 09:55:00+05:30,7257.0,7264.5,7256.0,7259.0,1552,0
2025-12-22 10:00:00+05:30,7257.5,7263.5,7255.0,7262.0,1770,0
2025-12-22 10:05:00+05:30,7259.5,7263.0,7256.5,7259.5,1501,0
2025-12-22 10:10:00+05:30,7259.5,7270.0,7256.0,7269.5,1731,0
2025-12-22 10:15:00+05:30,7269.5,7279.5,7268.5,7275.5,3372,0
2025-12-22 10:20:00+05:30,7275.0,7276.0,7256.0,7262.0,2304,0
2025-12-22 10:25:00+05:30,7262.0,7265.0,7254.0,7257.0,1638,0
2025-12-22 10:30:00+05:30,7257.0,7267.0,7254.0,7266.5,1899,0
2025-12-22 10:35:00+05:30,7266.5,7269.0,7260.0,7260.5,2305,0
2025-12-22 10:40:00+05:30,7260.5,7262.5,7258.5,7260.0,1851,0
2025-12-22 10:45:00+05:30,7260.0,7263.5,7257.0,7263.0,931,0
2025-12-22 10:50:00+05:30,7263.0,7269.0,7261.0,7267.0,907,0
2025-12-22 10:55:00+05:30,7265.0,7269.5,7265.0,7268.0,1233,0
2025-12-22 11:00:00+05:30,7266.0,7270.0,7263.5,7263.5,1556,0
2025-12-22 11:05:00+05:30,7263.5,7265.0,7262.5,7265.0,701,0
2025-12-22 11:10:00+05:30,7263.5,7270.0,7254.0,7255.5,4111,0
2025-12-22 11:15:00+05:30,7255.5,7260.0,7254.0,7258.0,1309,0
2025-12-22 11:20:00+05:30,7258.0,7260.0,7252.0,7253.0,1747,0
2025-12-22 11:25:00+05:30,7253.0,7255.0,7252.0,7255.0,600,0
2025-12-22 11:30:00+05:30,7253.0,7258.0,7253.0,7255.5,1217,0
2025-12-22 11:35:00+05:30,7254.5,7260.0,7250.5,7255.0,2742,0
2025-12-22 11:40:00+05:30,7252.0,7260.0,7250.0,7255.0,4530,0
2025-12-22 11:45:00+05:30,7254.5,7260.5,7252.0,7255.0,3655,0
2025-12-22 11:50:00+05:30,7256.0,7260.0,7254.5,7257.0,1739,0
2025-12-22 11:55:00+05:30,7257.0,7259.5,7255.0,7255.5,1446,0
2025-12-22 12:00:00+05:30,7255.5,7259.5,7255.0,7256.0,768,0
2025-12-22 12:05:00+05:30,7255.5,7265.0,7255.0,7264.0,2074,0
2025-12-22 12:10:00+05:30,7264.5,7265.0,7260.0,7262.5,1421,0
2025-12-22 12:15:00+05:30,7262.5,7265.0,7262.0,7263.5,1776,0
2025-12-22 12:20:00+05:30,7262.5,7265.0,7261.5,7261.5,1178,0
2025-12-22 12:25:00+05:30,7261.5,7264.5,7258.0,7259.5,1414,0
2025-12-22 12:30:00+05:30,7259.5,7261.0,7256.5,7259.5,1169,0
2025-12-22 12:35:00+05:30,7260.0,7261.0,7256.0,7256.0,895,0
2025-12-22 12:40:00+05:30,7256.0,7260.0,7256.0,7259.0,752,0
2025-12-22 12:45:00+05:30,7257.0,7260.0,7257.0,7260.0,1061,0
2025-12-22 12:50:00+05:30,7259.5,7260.0,7257.5,7258.5,1021,0
2025-12-22 12:55:00+05:30,7257.5,7260.0,7256.5,7256.5,733,0
2025-12-22 13:00:00+05:30,7256.5,7258.0,7255.0,7258.0,725,0
2025-12-22 13:05:00+05:30,7257.5,7260.0,7257.0,7258.5,1613,0
2025-12-22 13:10:00+05:30,7257.5,7258.5,7246.0,7248.5,1781,0
2025-12-22 13:15:00+05:30,7248.5,7255.5,7244.0,7253.5,1269,0
2025-12-22 13:20:00+05:30,7252.0,7258.5,7252.0,7257.0,1156,0
2025-12-22 13:25:00+05:30,7255.0,7258.0,7253.0,7255.0,1901,0
2025-12-22 13:30:00+05:30,7255.0,7259.0,7255.0,7256.5,1062,0
2025-12-22 13:35:00+05:30,7255.5,7260.0,7254.0,7258.5,841,0
2025-12-22 13:40:00+05:30,7258.0,7264.5,7258.0,7260.0,4374,0
2025-12-22 13:45:00+05:30,7260.0,7275.0,7259.0,7268.5,16188,0
2025-12-22 13:50:00+05:30,7266.0,7270.0,7257.5,7261.5,6444,0
2025-12-22 13:55:00+05:30,7261.5,7261.5,7256.5,7257.0,2587,0
2025-12-22 14:00:00+05:30,7257.0,7260.0,7256.5,7260.0,605,0
2025-12-22 14:05:00+05:30,7259.5,7260.0,7253.0,7256.0,2816,0
2025-12-22 14:10:00+05:30,7256.0,7256.0,7248.0,7249.0,4450,0
2025-12-22 14:15:00+05:30,7249.0,7252.5,7249.0,7252.5,1174,0
2025-12-22 14:20:00+05:30,7251.5,7255.0,7251.0,7253.0,868,0
2025-12-22 14:25:00+05:30,7253.0,7255.0,7249.5,7253.0,1533,0
2025-12-22 14:30:00+05:30,7253.0,7262.0,7253.0,7262.0,1532,0
2025-12-22 14:35:00+05:30,7262.0,7265.5,7259.0,7262.0,6807,0
2025-12-22 14:40:00+05:30,7261.5,7264.5,7259.5,7264.0,3060,0
2025-12-22 14:45:00+05:30,7261.5,7264.0,7261.5,7262.0,3018,0
2025-12-22 14:50:00+05:30,7261.5,7262.0,7258.0,7259.0,2955,0
2025-12-22 14:55:00+05:30,7259.0,7266.0,7257.5,7265.0,15912,0
2025-12-22 15:00:00+05:30,7263.5,7285.0,7263.5,7281.5,7333,0
2025-12-22 15:05:00+05:30,7282.5,7285.5,7280.5,7283.5,6037,0
2025-12-22 15:10:00+05:30,7283.5,7289.0,7279.5,7289.0,6835,0
2025-12-22 15:15:00+05:30,7289.0,7297.5,7284.0,7295.0,11916,0
2025-12-22 15:20:00+05:30,7296.5,7310.0,7292.5,7310.0,12190,0
2025-12-22 15:25:00+05:30,7308.5,7310.0,7299.0,7306.5,9163,0
2025-12-23 09:15:00+05:30,7338.0,7338.0,7296.5,7324.5,22370,0
2025-12-23 09:20:00+05:30,7323.0,7328.5,7307.5,7312.0,6643,0
2025-12-23 09:25:00+05:30,7314.0,7323.5,7310.5,7310.5,6886,0
2025-12-23 09:30:00+05:30,7312.5,7319.5,7311.0,7316.0,2864,0
2025-12-23 09:35:00+05:30,7315.5,7322.0,7311.0,7315.0,4252,0
2025-12-23 09:40:00+05:30,7317.0,7317.0,7300.0,7306.0,3410,0
2025-12-23 09:45:00+05:30,7306.0,7310.0,7282.5,7286.5,4292,0
2025-12-23 09:50:00+05:30,7286.5,7292.0,7280.0,7289.5,3412,0
2025-12-23 09:55:00+05:30,7286.0,7308.0,7286.0,7308.0,3127,0
2025-12-23 10:00:00+05:30,7305.0,7313.5,7302.5,7310.5,2055,0
2025-12-23 10:05:00+05:30,7310.5,7316.0,7307.0,7311.5,2864,0
2025-12-23 10:10:00+05:30,7313.0,7316.5,7301.0,7301.0,2319,0
2025-12-23 10:15:00+05:30,7304.5,7306.0,7299.5,7300.0,1174,0
2025-12-23 10:20:00+05:30,7301.5,7314.0,7296.5,7312.0,2541,0
2025-12-23 10:25:00+05:30,7311.0,7318.5,7311.0,7317.5,2391,0
2025-12-23 10:30:00+05:30,7318.5,7321.5,7313.5,7317.5,2082,0
2025-12-23 10:35:00+05:30,7315.0,7317.5,7311.5,7314.5,2152,0
2025-12-23 10:40:00+05:30,7314.5,7314.5,7308.0,7311.5,2522,0
2025-12-23 10:45:00+05:30,7311.0,7317.0,7310.0,7316.0,1905,0
2025-12-23 10:50:00+05:30,7316.5,7318.5,7312.0,7316.5,1751,0
2025-12-23 10:55:00+05:30,7315.5,7323.5,7315.5,7323.5,4085,0
2025-12-23 11:00:00+05:30,7323.5,7323.5,7317.0,7322.0,2997,0
2025-12-23 11:05:00+05:30,7321.0,7335.0,7320.0,7334.5,3705,0
2025-12-23 11:10:00+05:30,7333.5,7335.0,7326.5,7327.0,2670,0
2025-12-23 11:15:00+05:30,7328.0,7330.0,7325.5,7328.5,1847,0
2025-12-23 11:20:00+05:30,7328.5,7330.0,7324.5,7329.0,2016,0
2025-12-23 11:25:00+05:30,7328.5,7333.5,7327.0,7332.0,2485,0
2025-12-23 11:30:00+05:30,7331.0,7333.5,7329.0,7330.0,1667,0
2025-12-23 11:35:00+05:30,7331.0,7332.0,7315.0,7318.5,2400,0
2025-12-23 11:40:00+05:30,7318.5,7321.5,7317.5,7318.5,1605,0
2025-12-23 11:45:00+05:30,7318.5,7320.5,7313.0,7318.0,2110,0
2025-12-23 11:50:00+05:30,7318.0,7325.5,7316.5,7319.5,3915,0
2025-12-23 11:55:00+05:30,7319.5,7323.5,7318.0,7320.5,2980,0
2025-12-23 12:00:00+05:30,7320.5,7322.0,7316.0,7322.0,1594,0
2025-12-23 12:05:00+05:30,7321.0,7326.0,7321.0,7323.0,2497,0
2025-12-23 12:10:00+05:30,7323.0,7326.0,7315.0,7317.5,1916,0
2025-12-23 12:15:00+05:30,7317.5,7318.0,7311.5,7313.5,1771,0
2025-12-23 12:20:00+05:30,7313.5,7320.5,7310.5,7317.5,1877,0
2025-12-23 12:25:00+05:30,7317.0,7317.5,7311.5,7315.0,1126,0
2025-12-23 12:30:00+05:30,7315.0,7315.5,7311.5,7314.0,842,0
2025-12-23 12:35:00+05:30,7314.0,7315.0,7312.0,7313.5,856,0
2025-12-23 12:40:00+05:30,7313.5,7316.0,7311.5,7311.5,774,0
2025-12-23 12:45:00+05:30,7312.0,7312.5,7308.0,7310.5,2368,0
2025-12-23 12:50:00+05:30,7309.5,7316.5,7309.5,7314.5,1599,0
2025-12-23 12:55:00+05:30,7314.0,7314.5,7308.0,7308.0,1697,0
2025-12-23 13:00:00+05:30,7308.5,7310.0,7303.0,7309.5,1965,0
2025-12-23 13:05:00+05:30,7309.0,7310.0,7308.0,7309.5,928,0
2025-12-23 13:10:00+05:30,7309.5,7310.5,7308.0,7309.5,1175,0
2025-12-23 13:15:00+05:30,7309.0,7310.0,7305.0,7307.5,1552,0
2025-12-23 13:20:00+05:30,7307.5,7315.0,7305.0,7314.5,3376,0
2025-12-23 13:25:00+05:30,7315.0,7319.0,7314.0,7319.0,4982,0
2025-12-23 13:30:00+05:30,7317.5,7320.5,7317.5,7320.0,1794,0
2025-12-23 13:35:00+05:30,7319.0,7322.0,7319.0,7320.5,1260,0
2025-12-23 13:40:00+05:30,7321.0,7322.0,7316.5,7317.0,1834,0
2025-12-23 13:45:00+05:30,7319.5,7320.5,7315.0,7319.5,1682,0
2025-12-23 13:50:00+05:30,7319.0,7321.5,7318.0,7321.5,1418,0
2025-12-23 13:55:00+05:30,7320.5,7322.5,7316.0,7319.0,4979,0
2025-12-23 14:00:00+05:30,7318.5,7318.5,7311.0,7316.5,1446,0
2025-12-23 14:05:00+05:30,7318.0,7322.0,7311.0,7317.5,4400,0
2025-12-23 14:10:00+05:30,7317.5,7318.0,7310.0,7314.0,3734,0
2025-12-23 14:15:00+05:30,7314.0,7323.0,7312.5,7319.0,7989,0
2025-12-23 14:20:00+05:30,7320.0,7321.0,7315.0,7315.0,1531,0
2025-12-23 14:25:00+05:30,7315.0,7317.0,7311.0,7315.0,2026,0
2025-12-23 14:30:00+05:30,7316.0,7317.0,7313.5,7316.0,1632,0
2025-12-23 14:35:00+05:30,7316.0,7317.0,7313.0,7314.0,1408,0
2025-12-23 14:40:00+05:30,7314.5,7316.0,7303.0,7303.0,5871,0
2025-12-23 14:45:00+05:30,7303.0,7313.0,7300.0,7309.5,5331,0
2025-12-23 14:50:00+05:30,7309.5,7309.5,7302.0,7303.0,2220,0
2025-12-23 14:55:00+05:30,7302.5,7310.0,7298.0,7307.0,2684,0
2025-12-23 15:00:00+05:30,7307.0,7318.0,7298.5,7303.5,9600,0
2025-12-23 15:05:00+05:30,7303.0,7307.5,7303.0,7304.5,6120,0
2025-12-23 15:10:00+05:30,7305.0,7310.0,7300.0,7304.5,9990,0
2025-12-23 15:15:00+05:30,7304.5,7309.5,7295.5,7300.0,8074,0
2025-12-23 15:20:00+05:30,7299.5,7302.5,7295.0,7300.0,5910,0
2025-12-23 15:25:00+05:30,7300.5,7302.5,7285.5,7290.0,7830,0
2025-12-24 09:15:00+05:30,7300.0,7300.0,7240.5,7269.5,9162,0
2025-12-24 09:20:00+05:30,7268.0,7277.5,7253.5,7263.0,4201,0
2025-12-24 09:25:00+05:30,7263.0,7270.0,7254.5,7261.0,4363,0
2025-12-24 09:30:00+05:30,7261.0,7269.0,7260.0,7264.5,2995,0
2025-12-24 09:35:00+05:30,7264.5,7265.0,7251.5,7256.0,3607,0
2025-12-24 09:40:00+05:30,7256.0,7260.5,7251.0,7252.5,1675,0
2025-12-24 09:45:00+05:30,7255.0,7256.0,7243.0,7251.5,3378,0
2025-12-24 09:50:00+05:30,7253.5,7264.5,7250.5,7264.0,2064,0
2025-12-24 09:55:00+05:30,7261.0,7261.0,7252.5,7252.5,1674,0
2025-12-24 10:00:00+05:30,7253.5,7267.0,7253.5,7261.0,1617,0
2025-12-24 10:05:00+05:30,7258.5,7268.0,7256.5,7267.0,711,0
2025-12-24 10:10:00+05:30,7266.0,7270.0,7262.5,7270.0,1275,0
2025-12-24 10:15:00+05:30,7270.0,7272.0,7262.0,7272.0,2165,0
2025-12-24 10:20:00+05:30,7272.0,7274.5,7266.0,7273.0,3039,0
2025-12-24 10:25:00+05:30,7273.0,7283.0,7270.5,7281.0,2829,0
2025-12-24 10:30:00+05:30,7282.0,7283.5,7275.0,7280.0,2948,0
2025-12-24 10:35:00+05:30,7281.0,7284.0,7269.5,7281.5,2004,0
2025-12-24 10:40:00+05:30,7282.0,7295.0,7282.0,7290.0,3027,0
2025-12-24 10:45:00+05:30,7290.0,7294.5,7290.0,7290.0,1026,0
2025-12-24 10:50:00+05:30,7290.0,7293.0,7282.5,7289.0,1251,0
2025-12-24 10:55:00+05:30,7288.5,7308.5,7287.5,7303.0,2743,0
2025-12-24 11:00:00+05:30,7305.5,7324.0,7305.5,7308.5,2682,0
2025-12-24 11:05:00+05:30,7309.0,7316.5,7308.0,7311.5,1756,0
2025-12-24 11:10:00+05:30,7310.0,7313.0,7308.0,7310.0,670,0
2025-12-24 11:15:00+05:30,7309.0,7312.5,7306.0,7309.0,671,0
2025-12-24 11:20:00+05:30,7310.5,7319.0,7306.5,7314.5,1720,0
2025-12-24 11:25:00+05:30,7314.5,7320.0,7313.0,7320.0,788,0
2025-12-24 11:30:00+05:30,7320.0,7325.5,7315.5,7317.0,2112,0
2025-12-24 11:35:00+05:30,7317.0,7320.0,7311.5,7312.5,1370,0
2025-12-24 11:40:00+05:30,7314.5,7315.0,7310.0,7310.0,1055,0
2025-12-24 11:45:00+05:30,7311.5,7327.0,7306.5,7318.5,4417,0
2025-12-24 11:50:00+05:30,7319.0,7322.0,7318.0,7318.5,1129,0
2025-12-24 11:55:00+05:30,7318.5,7321.0,7317.0,7318.0,1136,0
2025-12-24 12:00:00+05:30,7318.0,7326.5,7316.5,7325.0,3460,0
2025-12-24 12:05:00+05:30,7325.0,7328.5,7323.5,7326.0,1703,0
2025-12-24 12:10:00+05:30,7326.0,7327.0,7320.0,7321.5,995,0
2025-12-24 12:15:00+05:30,7322.0,7327.0,7320.0,7324.5,661,0
2025-12-24 12:20:00+05:30,7325.0,7327.0,7321.5,7324.0,904,0
2025-12-24 12:25:00+05:30,7324.0,7327.0,7320.0,7324.0,1490,0
2025-12-24 12:30:00+05:30,7324.0,7327.0,7320.0,7325.0,865,0
2025-12-24 12:35:00+05:30,7325.0,7337.0,7324.5,7337.0,5231,0
2025-12-24 12:40:00+05:30,7337.0,7349.5,7333.0,7343.5,9281,0
2025-12-24 12:45:00+05:30,7343.5,7348.0,7333.0,7333.0,2838,0
2025-12-24 12:50:00+05:30,7333.0,7338.0,7326.5,7326.5,2385,0
2025-12-24 12:55:00+05:30,7329.5,7329.5,7325.0,7326.0,1065,0
2025-12-24 13:00:00+05:30,7328.0,7328.0,7320.5,7325.0,2161,0
2025-12-24 13:05:00+05:30,7324.5,7325.0,7320.0,7324.5,1324,0
2025-12-24 13:10:00+05:30,7322.5,7328.0,7322.5,7323.5,1230,0
2025-12-24 13:15:00+05:30,7323.5,7325.5,7320.5,7323.5,2095,0
2025-12-24 13:20:00+05:30,7320.5,7323.5,7318.0,7322.5,10140,0
2025-12-24 13:25:00+05:30,7320.5,7323.0,7319.5,7320.0,1796,0
2025-12-24 13:30:00+05:30,7320.0,7327.0,7319.0,7326.0,1595,0
2025-12-24 13:35:00+05:30,7324.5,7334.5,7324.0,7334.0,1409,0
2025-12-24 13:40:00+05:30,7334.5,7336.0,7330.0,7330.5,1972,0
2025-12-24 13:45:00+05:30,7333.5,7337.0,7329.0,7329.5,1900,0
2025-12-24 13:50:00+05:30,7329.5,7332.0,7326.5,7329.0,961,0
2025-12-24 13:55:00+05:30,7327.0,7331.5,7323.5,7328.0,1283,0
2025-12-24 14:00:00+05:30,7328.0,7329.0,7323.5,7328.5,609,0
2025-12-24 14:05:00+05:30,7329.5,7335.0,7327.0,7333.5,5134,0
2025-12-24 14:10:00+05:30,7331.0,7335.0,7327.0,7330.5,4885,0
2025-12-24 14:15:00+05:30,7330.0,7337.0,7328.5,7333.0,2847,0
2025-12-24 14:20:00+05:30,7333.0,7336.0,7322.0,7323.0,1726,0
2025-12-24 14:25:00+05:30,7323.0,7329.0,7320.0,7325.5,12391,0
2025-12-24 14:30:00+05:30,7327.0,7330.0,7325.0,7325.0,3124,0
2025-12-24 14:35:00+05:30,7322.0,7324.5,7320.0,7322.5,8761,0
2025-12-24 14:40:00+05:30,7323.5,7327.5,7322.5,7326.0,337,0
2025-12-24 14:45:00+05:30,7328.5,7329.0,7323.0,7323.0,1768,0
2025-12-24 14:50:00+05:30,7323.0,7326.0,7312.5,7314.5,5779,0
2025-12-24 14:55:00+05:30,7314.5,7318.0,7312.5,7316.0,1236,0
2025-12-24 15:00:00+05:30,7317.0,7321.0,7309.5,7313.0,3268,0
2025-12-24 15:05:00+05:30,7311.5,7313.5,7308.5,7310.5,2678,0
2025-12-24 15:10:00+05:30,7310.5,7312.0,7303.0,7312.0,2624,0
2025-12-24 15:15:00+05:30,7312.0,7316.0,7310.0,7313.0,4022,0
2025-12-24 15:20:00+05:30,7313.0,7316.5,7308.0,7309.5,3319,0
2025-12-24 15:25:00+05:30,7309.5,7322.0,7290.5,7300.0,4683,0
2025-12-26 09:15:00+05:30,7300.0,7347.0,7274.0,7332.0,7874,0
2025-12-26 09:20:00+05:30,7335.0,7349.0,7322.5,7347.0,5099,0
2025-12-26 09:25:00+05:30,7346.5,7360.0,7339.0,7353.5,8545,0
2025-12-26 09:30:00+05:30,7355.0,7360.0,7349.5,7355.5,5296,0
2025-12-26 09:35:00+05:30,7355.5,7356.5,7348.0,7352.0,2585,0
2025-12-26 09:40:00+05:30,7353.5,7355.0,7342.5,7350.0,3695,0
2025-12-26 09:45:00+05:30,7350.0,7350.0,7341.5,7346.5,2009,0
2025-12-26 09:50:00+05:30,7345.5,7349.0,7336.5,7344.0,2357,0
2025-12-26 09:55:00+05:30,7344.0,7354.0,7341.0,7350.0,1754,0
2025-12-26 10:00:00+05:30,7349.0,7349.5,7333.0,7339.5,4551,0
2025-12-26 10:05:00+05:30,7339.5,7340.0,7321.0,7328.5,3424,0
2025-12-26 10:10:00+05:30,7325.0,7329.0,7312.5,7320.0,3179,0
2025-12-26 10:15:00+05:30,7320.5,7324.5,7317.5,7319.0,567,0
2025-12-26 10:20:00+05:30,7319.0,7319.0,7314.0,7314.0,1240,0
2025-12-26 10:25:00+05:30,7316.0,7329.5,7314.5,7329.5,1132,0
2025-12-26 10:30:00+05:30,7330.0,7330.0,7320.5,7325.0,1228,0
2025-12-26 10:35:00+05:30,7324.0,7330.0,7321.0,7330.0,523,0
2025-12-26 10:40:00+05:30,7330.0,7333.0,7325.0,7328.0,735,0
2025-12-26 10:45:00+05:30,7328.5,7328.5,7322.0,7324.5,834,0
2025-12-26 10:50:00+05:30,7323.5,7325.0,7320.0,7321.0,508,0
2025-12-26 10:55:00+05:30,7323.5,7323.5,7315.5,7321.5,850,0
2025-12-26 11:00:00+05:30,7319.0,7322.0,7315.0,7318.0,435,0
2025-12-26 11:05:00+05:30,7315.0,7317.0,7304.0,7304.0,2163,0
2025-12-26 11:10:00+05:30,7305.0,7306.0,7302.0,7302.0,1192,0
2025-12-26 11:15:00+05:30,7302.0,7302.0,7293.5,7298.0,1010,0
2025-12-26 11:20:00+05:30,7296.5,7300.0,7295.5,7295.5,514,0
2025-12-26 11:25:00+05:30,7296.5,7299.5,7291.0,7292.5,1141,0
2025-12-26 11:30:00+05:30,7291.0,7294.5,7286.5,7293.0,882,0
2025-12-26 11:35:00+05:30,7293.0,7294.0,7285.0,7285.0,1502,0
2025-12-26 11:40:00+05:30,7288.0,7295.5,7285.5,7294.5,1109,0
2025-12-26 11:45:00+05:30,7293.5,7304.5,7292.0,7304.0,928,0
2025-12-26 11:50:00+05:30,7304.0,7318.5,7300.0,7315.5,1567,0
2025-12-26 11:55:00+05:30,7318.5,7318.5,7312.5,7313.0,510,0
2025-12-26 12:00:00+05:30,7313.0,7321.0,7311.0,7321.0,772,0
2025-12-26 12:05:00+05:30,7321.0,7324.0,7318.5,7322.5,1392,0
2025-12-26 12:10:00+05:30,7323.5,7337.0,7319.0,7332.0,4045,0
2025-12-26 12:15:00+05:30,7329.5,7331.5,7323.0,7328.0,721,0
2025-12-26 12:20:00+05:30,7327.0,7331.5,7325.0,7327.5,978,0
2025-12-26 12:25:00+05:30,7327.5,7333.0,7325.0,7328.5,862,0
2025-12-26 12:30:00+05:30,7326.5,7328.5,7319.5,7322.5,2052,0
2025-12-26 12:35:00+05:30,7320.0,7323.5,7315.0,7323.5,2344,0
2025-12-26 12:40:00+05:30,7324.0,7327.0,7319.5,7326.5,656,0
2025-12-26 12:45:00+05:30,7325.0,7328.5,7324.5,7325.0,805,0
2025-12-26 12:50:00+05:30,7326.5,7335.5,7325.0,7333.5,953,0
2025-12-26 12:55:00+05:30,7334.0,7335.0,7330.0,7330.0,438,0
2025-12-26 13:00:00+05:30,7331.5,7341.0,7331.5,7338.5,2162,0
2025-12-26 13:05:00+05:30,7338.0,7341.5,7335.0,7336.0,739,0
2025-12-26 13:10:00+05:30,7336.0,7338.0,7331.5,7336.0,604,0
2025-12-26 13:15:00+05:30,7336.0,7345.0,7336.0,7341.5,1950,0
2025-12-26 13:20:00+05:30,7345.0,7345.0,7340.0,7343.0,839,0
2025-12-26 13:25:00+05:30,7342.0,7345.5,7337.5,7343.5,1937,0
2025-12-26 13:30:00+05:30,7342.0,7346.5,7340.0,7342.0,657,0
2025-12-26 13:35:00+05:30,7342.0,7347.5,7338.5,7346.5,1459,0
2025-12-26 13:40:00+05:30,7344.5,7346.5,7337.5,7342.0,946,0
2025-12-26 13:45:00+05:30,7342.5,7347.0,7342.0,7347.0,1017,0
2025-12-26 13:50:00+05:30,7346.5,7352.0,7338.5,7340.5,3656,0
2025-12-26 13:55:00+05:30,7338.0,7341.5,7333.0,7337.5,1977,0
2025-12-26 14:00:00+05:30,7336.0,7340.5,7335.0,7340.0,754,0
2025-12-26 14:05:00+05:30,7339.5,7339.5,7331.0,7334.5,808,0
2025-12-26 14:10:00+05:30,7332.5,7345.0,7326.0,7335.0,3324,0
2025-12-26 14:15:00+05:30,7335.5,7336.5,7326.0,7328.0,930,0
2025-12-26 14:20:00+05:30,7331.0,7331.0,7320.0,7324.0,3312,0
2025-12-26 14:25:00+05:30,7324.5,7329.0,7320.5,7324.5,827,0
2025-12-26 14:30:00+05:30,7325.0,7327.5,7315.0,7315.0,2285,0
2025-12-26 14:35:00+05:30,7316.0,7316.5,7312.5,7312.5,1320,0
2025-12-26 14:40:00+05:30,7313.5,7314.5,7305.5,7314.0,1616,0
2025-12-26 14:45:00+05:30,7315.0,7321.0,7310.5,7315.0,4002,0
2025-12-26 14:50:00+05:30,7313.0,7320.0,7310.5,7317.0,1852,0
2025-12-26 14:55:00+05:30,7319.0,7324.0,7314.5,7323.0,2539,0
2025-12-26 15:00:00+05:30,7324.0,7327.0,7313.5,7320.0,7834,0
2025-12-26 15:05:00+05:30,7319.5,7320.0,7315.0,7318.5,2307,0
2025-12-26 15:10:00+05:30,7317.5,7323.0,7315.0,7320.0,5391,0
2025-12-26 15:15:00+05:30,7320.0,7336.5,7318.0,7336.5,5009,0
2025-12-26 15:20:00+05:30,7336.5,7336.5,7325.0,7332.0,4371,0
2025-12-26 15:25:00+05:30,7334.5,7335.5,7310.0,7330.0,4316,0
2025-12-29 09:15:00+05:30,7324.0,7363.5,7307.0,7334.5,9902,0
2025-12-29 09:20:00+05:30,7332.0,7334.5,7311.0,7318.5,2827,0
2025-12-29 09:25:00+05:30,7319.5,7338.0,7314.0,7338.0,2763,0
2025-12-29 09:30:00+05:30,7337.5,7350.0,7333.5,7338.5,3608,0
2025-12-29 09:35:00+05:30,7339.0,7343.0,7336.5,7341.0,1803,0
2025-12-29 09:40:00+05:30,7343.0,7343.0,7333.0,7334.0,2532,0
2025-12-29 09:45:00+05:30,7335.0,7355.0,7327.5,7351.5,4991,0
2025-12-29 09:50:00+05:30,7355.0,7374.5,7351.5,7360.0,4053,0
2025-12-29 09:55:00+05:30,7361.0,7361.0,7331.5,7335.5,2350,0
2025-12-29 10:00:00+05:30,7333.5,7334.0,7323.5,7326.0,2858,0
2025-12-29 10:05:00+05:30,7326.0,7326.5,7311.0,7315.0,3320,0
2025-12-29 10:10:00+05:30,7313.0,7317.5,7307.5,7314.5,2564,0
2025-12-29 10:15:00+05:30,7317.0,7317.5,7304.5,7308.0,1547,0
2025-12-29 10:20:00+05:30,7308.0,7313.0,7304.5,7310.0,2046,0
2025-12-29 10:25:00+05:30,7310.0,7314.5,7307.0,7311.0,888,0
2025-12-29 10:30:00+05:30,7314.0,7318.5,7311.0,7315.5,1185,0
2025-12-29 10:35:00+05:30,7318.5,7319.5,7304.0,7305.5,1306,0
2025-12-29 10:40:00+05:30,7306.0,7306.0,7295.5,7295.5,1704,0
2025-12-29 10:45:00+05:30,7295.5,7298.5,7289.5,7291.0,1466,0
2025-12-29 10:50:00+05:30,7292.0,7294.0,7289.0,7292.0,772,0
2025-12-29 10:55:00+05:30,7292.5,7292.5,7288.0,7291.0,1044,0
2025-12-29 11:00:00+05:30,7291.0,7292.0,7284.0,7285.0,1416,0
2025-12-29 11:05:00+05:30,7284.0,7288.0,7275.0,7276.5,1930,0
2025-12-29 11:10:00+05:30,7275.0,7281.0,7271.5,7279.5,1977,0
2025-12-29 11:15:00+05:30,7276.5,7282.0,7274.5,7276.0,1040,0
2025-12-29 11:20:00+05:30,7278.0,7285.5,7275.5,7280.0,1267,0
2025-12-29 11:25:00+05:30,7280.0,7298.5,7278.5,7292.5,3961,0
2025-12-29 11:30:00+05:30,7289.5,7300.0,7286.0,7295.0,651,0
2025-12-29 11:35:00+05:30,7298.5,7301.0,7293.5,7296.5,953,0
2025-12-29 11:40:00+05:30,7299.5,7305.0,7292.5,7300.0,871,0
2025-12-29 11:45:00+05:30,7300.0,7313.5,7300.0,7309.5,1056,0
2025-12-29 11:50:00+05:30,7309.5,7310.0,7303.0,7305.0,529,0
2025-12-29 11:55:00+05:30,7308.0,7311.0,7302.5,7306.5,1043,0
2025-12-29 12:00:00+05:30,7308.5,7309.0,7293.0,7295.0,1186,0
2025-12-29 12:05:00+05:30,7296.0,7304.0,7292.5,7300.0,794,0
2025-12-29 12:10:00+05:30,7300.0,7307.5,7290.0,7291.5,2669,0
2025-12-29 12:15:00+05:30,7293.0,7293.0,7283.5,7286.0,564,0
2025-12-29 12:20:00+05:30,7287.5,7289.5,7275.0,7282.0,1320,0
2025-12-29 12:25:00+05:30,7282.0,7288.0,7275.5,7284.0,2054,0
2025-12-29 12:30:00+05:30,7284.0,7287.0,7276.5,7277.5,526,0
2025-12-29 12:35:00+05:30,7278.5,7278.5,7270.0,7270.5,1212,0
2025-12-29 12:40:00+05:30,7270.0,7274.0,7265.5,7270.0,1436,0
2025-12-29 12:45:00+05:30,7271.0,7271.5,7266.5,7271.5,623,0
2025-12-29 12:50:00+05:30,7271.5,7281.0,7259.5,7272.0,10553,0
2025-12-29 12:55:00+05:30,7275.0,7289.0,7272.5,7281.5,1574,0
2025-12-29 13:00:00+05:30,7282.0,7291.5,7280.0,7285.5,4453,0
2025-12-29 13:05:00+05:30,7286.5,7288.0,7279.0,7283.5,4107,0
2025-12-29 13:10:00+05:30,7284.5,7290.0,7281.0,7285.0,7740,0
2025-12-29 13:15:00+05:30,7286.0,7288.0,7281.0,7283.5,6219,0
2025-12-29 13:20:00+05:30,7285.5,7300.0,7272.0,7278.0,13654,0
2025-12-29 13:25:00+05:30,7278.0,7289.0,7270.0,7270.5,19257,0
2025-12-29 13:30:00+05:30,7272.0,7289.0,7252.0,7256.0,14273,0
2025-12-29 13:35:00+05:30,7255.5,7262.0,7255.5,7257.5,9739,0
2025-12-29 13:40:00+05:30,7259.5,7262.0,7256.0,7260.5,1632,0
2025-12-29 13:45:00+05:30,7260.5,7263.0,7258.0,7262.0,1606,0
2025-12-29 13:50:00+05:30,7261.0,7278.0,7260.5,7271.5,4575,0
2025-12-29 13:55:00+05:30,7273.0,7287.0,7270.5,7281.0,2500,0
2025-12-29 14:00:00+05:30,7284.0,7290.0,7274.5,7278.5,4367,0
2025-12-29 14:05:00+05:30,7278.0,7287.0,7270.0,7271.5,8192,0
2025-12-29 14:10:00+05:30,7272.0,7272.0,7256.5,7261.5,1672,0
2025-12-29 14:15:00+05:30,7264.5,7266.5,7250.0,7254.5,1504,0
2025-12-29 14:20:00+05:30,7255.5,7260.5,7250.0,7256.5,1449,0
2025-12-29 14:25:00+05:30,7256.5,7263.5,7250.0,7251.0,5227,0
2025-12-29 14:30:00+05:30,7251.5,7262.5,7248.0,7253.0,2887,0
2025-12-29 14:35:00+05:30,7254.0,7261.0,7248.5,7250.0,1938,0
2025-12-29 14:40:00+05:30,7248.5,7252.0,7240.5,7245.0,3732,0
2025-12-29 14:45:00+05:30,7248.5,7248.5,7240.5,7242.5,1433,0
2025-12-29 14:50:00+05:30,7242.5,7244.0,7236.5,7236.5,1977,0
2025-12-29 14:55:00+05:30,7236.5,7253.5,7232.5,7250.5,8683,0
2025-12-29 15:00:00+05:30,7250.5,7265.0,7250.5,7255.5,4672,0
2025-12-29 15:05:00+05:30,7256.0,7267.0,7255.0,7260.5,8352,0
2025-12-29 15:10:00+05:30,7259.5,7272.0,7259.0,7265.5,4460,0
2025-12-29 15:15:00+05:30,7263.5,7273.5,7263.0,7273.0,6331,0
2025-12-29 15:20:00+05:30,7273.5,7275.0,7265.0,7273.0,7384,0
2025-12-29 15:25:00+05:30,7274.5,7288.0,7270.0,7275.5,21822,0
2025-12-30 09:15:00+05:30,7272.0,7274.5,7190.5,7210.0,17679,0
2025-12-30 09:20:00+05:30,7210.0,7222.0,7208.0,7218.0,4053,0
2025-12-30 09:25:00+05:30,7213.5,7232.5,7210.0,7228.5,3076,0
2025-12-30 09:30:00+05:30,7228.0,7242.5,7220.5,7240.0,6313,0
2025-12-30 09:35:00+05:30,7240.0,7271.5,7235.0,7262.0,6163,0
2025-12-30 09:40:00+05:30,7261.5,7267.5,7248.0,7262.5,7180,0
2025-12-30 09:45:00+05:30,7264.0,7272.0,7251.5,7258.5,4993,0
2025-12-30 09:50:00+05:30,7255.5,7270.5,7250.5,7261.5,5152,0
2025-12-30 09:55:00+05:30,7263.5,7267.0,7248.0,7250.0,4146,0
2025-12-30 10:00:00+05:30,7253.0,7279.0,7253.0,7272.5,6192,0
2025-12-30 10:05:00+05:30,7272.5,7285.0,7270.5,7277.5,7847,0
2025-12-30 10:10:00+05:30,7279.0,7284.0,7270.5,7279.0,8869,0
2025-12-30 10:15:00+05:30,7277.5,7280.0,7270.0,7270.0,6209,0
2025-12-30 10:20:00+05:30,7271.5,7273.0,7257.0,7262.0,7015,0
2025-12-30 10:25:00+05:30,7263.0,7264.5,7251.0,7260.0,5122,0
2025-12-30 10:30:00+05:30,7260.0,7296.0,7260.0,7292.0,11113,0
2025-12-30 10:35:00+05:30,7292.0,7299.0,7281.5,7290.0,20223,0
2025-12-30 10:40:00+05:30,7289.0,7304.5,7289.0,7300.0,10747,0
2025-12-30 10:45:00+05:30,7299.0,7300.5,7270.0,7275.5,17507,0
2025-12-30 10:50:00+05:30,7275.5,7276.5,7254.0,7257.5,11285,0
2025-12-30 10:55:00+05:30,7254.5,7259.0,7244.0,7253.5,11083,0
2025-12-30 11:00:00+05:30,7253.5,7259.0,7244.0,7246.0,8632,0
2025-12-30 11:05:00+05:30,7247.5,7249.0,7230.0,7237.0,11457,0
2025-12-30 11:10:00+05:30,7234.0,7241.5,7224.0,7230.5,8165,0
2025-12-30 11:15:00+05:30,7231.0,7251.0,7228.5,7246.0,8603,0
2025-12-30 11:20:00+05:30,7244.0,7250.0,7237.0,7245.5,8707,0
2025-12-30 11:25:00+05:30,7245.0,7254.0,7240.0,7250.5,7829,0
2025-12-30 11:30:00+05:30,7248.0,7268.0,7245.0,7254.5,13805,0
2025-12-30 11:35:00+05:30,7255.0,7256.0,7246.0,7248.0,7465,0
2025-12-30 11:40:00+05:30,7248.0,7255.0,7233.0,7238.0,14461,0
2025-12-30 11:45:00+05:30,7238.0,7240.5,7230.5,7236.5,9109,0
2025-12-30 11:50:00+05:30,7237.5,7244.5,7233.5,7241.5,7810,0
2025-12-30 11:55:00+05:30,7241.5,7247.5,7232.5,7241.5,8634,0
2025-12-30 12:00:00+05:30,7241.5,7245.0,7224.0,7237.5,10634,0
2025-12-30 12:05:00+05:30,7235.0,7239.0,7226.0,7235.5,7684,0
2025-12-30 12:10:00+05:30,7235.5,7240.0,7229.0,7240.0,8530,0
2025-12-30 12:15:00+05:30,7238.0,7248.5,7236.5,7240.0,9861,0
2025-12-30 12:20:00+05:30,7240.0,7240.0,7231.5,7234.0,7201,0
2025-12-30 12:25:00+05:30,7234.5,7235.0,7225.0,7229.0,8342,0
2025-12-30 12:30:00+05:30,7230.0,7230.5,7215.5,7226.0,9783,0
2025-12-30 12:35:00+05:30,7225.5,7230.5,7222.0,7229.5,11116,0
2025-12-30 12:40:00+05:30,7229.0,7230.5,7219.5,7223.5,8419,0
2025-12-30 12:45:00+05:30,7224.0,7227.0,7218.0,7224.0,9038,0
2025-12-30 12:50:00+05:30,7221.0,7228.5,7220.0,7223.0,8211,0
2025-12-30 12:55:00+05:30,7221.0,7232.0,7221.0,7226.5,7978,0
2025-12-30 13:00:00+05:30,7226.5,7229.5,7216.0,7219.5,11087,0
2025-12-30 13:05:00+05:30,7218.0,7219.5,7202.0,7204.5,13875,0
2025-12-30 13:10:00+05:30,7205.5,7221.5,7202.5,7214.5,13794,0
2025-12-30 13:15:00+05:30,7214.5,7218.5,7207.5,7214.5,13708,0
2025-12-30 13:20:00+05:30,7212.0,7229.5,7212.0,7229.0,13298,0
2025-12-30 13:25:00+05:30,7229.0,7238.0,7225.5,7234.0,14920,0
2025-12-30 13:30:00+05:30,7234.0,7243.5,7229.5,7239.0,21166,0
2025-12-30 13:35:00+05:30,7238.5,7245.0,7233.0,7234.5,20265,0
2025-12-30 13:40:00+05:30,7235.5,7250.0,7235.0,7248.0,12917,0
2025-12-30 13:45:00+05:30,7247.5,7251.0,7243.5,7246.0,13443,0
2025-12-30 13:50:00+05:30,7247.0,7281.5,7246.5,7277.0,36807,0
2025-12-30 13:55:00+05:30,7277.0,7280.0,7268.0,7271.5,17840,0
2025-12-30 14:00:00+05:30,7271.0,7274.0,7257.0,7259.5,12584,0
2025-12-30 14:05:00+05:30,7260.0,7264.0,7252.5,7256.5,11632,0
2025-12-30 14:10:00+05:30,7256.5,7259.5,7252.0,7253.5,10473,0
2025-12-30 14:15:00+05:30,7254.0,7264.0,7253.0,7260.0,11793,0
2025-12-30 14:20:00+05:30,7260.0,7274.5,7260.0,7273.5,12798,0
2025-12-30 14:25:00+05:30,7273.5,7274.5,7259.0,7266.0,11956,0
2025-12-30 14:30:00+05:30,7266.5,7279.5,7264.0,7277.0,11820,0
2025-12-30 14:35:00+05:30,7277.5,7280.0,7271.0,7275.5,10401,0
2025-12-30 14:40:00+05:30,7276.5,7285.5,7274.0,7281.0,23871,0
2025-12-30 14:45:00+05:30,7281.5,7310.0,7281.5,7302.0,37316,0
2025-12-30 14:50:00+05:30,7301.5,7312.0,7297.0,7302.0,38059,0
2025-12-30 14:55:00+05:30,7302.5,7305.0,7290.5,7296.5,28061,0
2025-12-30 15:00:00+05:30,7294.5,7305.0,7172.5,7181.5,276787,0
2025-12-30 15:05:00+05:30,7181.0,7204.5,7172.0,7187.0,213262,0
2025-12-30 15:10:00+05:30,7186.5,7214.5,7186.5,7198.0,194157,0
2025-12-30 15:15:00+05:30,7198.0,7206.0,7167.0,7168.0,192134,0
2025-12-30 15:20:00+05:30,7172.5,7177.5,7157.0,7162.5,168039,0
2025-12-30 15:25:00+05:30,7165.0,7168.0,7132.5,7132.5,102765,0
2025-12-31 09:15:00+05:30,7189.0,7189.0,7140.0,7163.5,9600,0
2025-12-31 09:20:00+05:30,7165.0,7199.5,7163.0,7181.5,6758,0
2025-12-31 09:25:00+05:30,7181.5,7199.5,7171.0,7192.5,4486,0
2025-12-31 09:30:00+05:30,7192.5,7213.5,7189.5,7198.0,10597,0
2025-12-31 09:35:00+05:30,7198.0,7210.0,7198.0,7202.0,5689,0
2025-12-31 09:40:00+05:30,7201.0,7205.5,7188.0,7192.0,4279,0
2025-12-31 09:45:00+05:30,7194.5,7196.0,7178.5,7184.0,5000,0
2025-12-31 09:50:00+05:30,7184.0,7203.0,7181.5,7203.0,2585,0
2025-12-31 09:55:00+05:30,7200.5,7206.0,7191.5,7200.0,2833,0
2025-12-31 10:00:00+05:30,7200.0,7209.0,7200.0,7200.0,1477,0
2025-12-31 10:05:00+05:30,7200.0,7210.0,7200.0,7207.0,1682,0
2025-12-31 10:10:00+05:30,7207.0,7210.0,7204.0,7209.5,1751,0
2025-12-31 10:15:00+05:30,7205.5,7210.0,7203.5,7207.5,1995,0
2025-12-31 10:20:00+05:30,7207.5,7212.5,7201.0,7207.0,3451,0
2025-12-31 10:25:00+05:30,7204.5,7224.5,7203.5,7224.0,4639,0
2025-12-31 10:30:00+05:30,7222.5,7239.5,7218.5,7233.0,5081,0
2025-12-31 10:35:00+05:30,7232.5,7241.0,7230.0,7234.5,1730,0
2025-12-31 10:40:00+05:30,7232.5,7239.5,7232.0,7236.0,1369,0
2025-12-31 10:45:00+05:30,7236.0,7252.0,7231.5,7239.0,6714,0
2025-12-31 10:50:00+05:30,7240.0,7242.5,7235.0,7237.5,1145,0
2025-12-31 10:55:00+05:30,7237.5,7249.0,7230.5,7246.0,1646,0
2025-12-31 11:00:00+05:30,7248.5,7252.0,7244.0,7248.0,1759,0
2025-12-31 11:05:00+05:30,7250.0,7257.5,7244.0,7252.5,2799,0
2025-12-31 11:10:00+05:30,7253.5,7258.5,7243.0,7244.5,1904,0
2025-12-31 11:15:00+05:30,7248.5,7248.5,7230.0,7231.5,1661,0
2025-12-31 11:20:00+05:30,7230.0,7240.0,7229.0,7235.0,1119,0
2025-12-31 11:25:00+05:30,7232.0,7240.0,7231.0,7234.0,1071,0
2025-12-31 11:30:00+05:30,7231.5,7235.5,7225.5,7230.0,1640,0
2025-12-31 11:35:00+05:30,7232.0,7235.0,7229.0,7233.5,987,0
2025-12-31 11:40:00+05:30,7231.5,7243.0,7230.0,7242.5,1270,0
2025-12-31 11:45:00+05:30,7242.5,7255.0,7235.0,7250.0,1894,0
2025-12-31 11:50:00+05:30,7250.0,7256.0,7242.0,7250.5,12093,0
2025-12-31 11:55:00+05:30,7250.5,7275.0,7246.0,7265.5,7346,0
2025-12-31 12:00:00+05:30,7267.5,7282.0,7264.5,7277.0,3766,0
2025-12-31 12:05:00+05:30,7275.5,7277.0,7255.0,7263.5,14306,0
2025-12-31 12:10:00+05:30,7264.0,7267.0,7258.0,7260.5,1711,0
2025-12-31 12:15:00+05:30,7258.0,7269.0,7254.0,7254.5,2614,0
2025-12-31 12:20:00+05:30,7257.0,7269.5,7254.0,7266.0,2178,0
2025-12-31 12:25:00+05:30,7266.5,7276.5,7266.5,7273.0,1546,0
2025-12-31 12:30:00+05:30,7274.0,7278.5,7266.0,7274.5,2919,0
2025-12-31 12:35:00+05:30,7276.0,7282.0,7274.0,7276.0,1159,0
2025-12-31 12:40:00+05:30,7278.0,7283.5,7275.5,7281.0,2776,0
2025-12-31 12:45:00+05:30,7283.0,7290.0,7278.5,7281.5,2416,0
2025-12-31 12:50:00+05:30,7282.5,7292.0,7278.0,7285.5,1318,0
2025-12-31 12:55:00+05:30,7288.5,7291.5,7281.0,7285.5,2662,0
2025-12-31 13:00:00+05:30,7285.5,7289.0,7269.0,7275.5,1834,0
2025-12-31 13:05:00+05:30,7276.5,7280.0,7271.0,7276.5,1865,0
2025-12-31 13:10:00+05:30,7279.0,7280.5,7269.5,7271.0,3231,0
2025-12-31 13:15:00+05:30,7273.5,7278.5,7271.5,7278.0,1511,0
2025-12-31 13:20:00+05:30,7278.0,7280.0,7271.0,7271.0,1815,0
2025-12-31 13:25:00+05:30,7271.5,7275.0,7266.0,7272.5,2131,0
2025-12-31 13:30:00+05:30,7269.5,7275.0,7269.0,7271.5,2192,0
2025-12-31 13:35:00+05:30,7274.0,7275.0,7267.0,7272.0,2000,0
2025-12-31 13:40:00+05:30,7274.5,7276.0,7270.0,7275.0,2075,0
2025-12-31 13:45:00+05:30,7275.0,7278.0,7271.0,7273.0,3154,0
2025-12-31 13:50:00+05:30,7274.0,7285.0,7274.0,7285.0,1929,0
2025-12-31 13:55:00+05:30,7285.0,7288.5,7280.5,7284.5,3539,0
2025-12-31 14:00:00+05:30,7285.5,7299.0,7282.0,7296.5,3520,0
2025-12-31 14:05:00+05:30,7296.5,7305.0,7294.5,7301.0,8076,0
2025-12-31 14:10:00+05:30,7301.0,7302.0,7289.5,7291.5,3129,0
2025-12-31 14:15:00+05:30,7292.5,7295.0,7287.0,7291.0,2590,0
2025-12-31 14:20:00+05:30,7292.0,7295.0,7287.5,7291.0,3505,0
2025-12-31 14:25:00+05:30,7291.0,7295.0,7285.0,7287.5,3152,0
2025-12-31 14:30:00+05:30,7288.5,7291.5,7286.0,7289.5,3254,0
2025-12-31 14:35:00+05:30,7289.5,7291.0,7286.5,7290.0,6694,0
2025-12-31 14:40:00+05:30,7289.5,7290.5,7286.0,7287.0,3902,0
2025-12-31 14:45:00+05:30,7288.0,7289.5,7278.5,7279.5,4085,0
2025-12-31 14:50:00+05:30,7279.5,7291.0,7276.0,7290.5,6046,0
2025-12-31 14:55:00+05:30,7288.0,7302.5,7287.5,7299.5,4673,0
2025-12-31 15:00:00+05:30,7300.0,7313.0,7290.5,7310.5,22284,0
2025-12-31 15:05:00+05:30,7310.5,7314.5,7307.0,7310.5,13923,0
2025-12-31 15:10:00+05:30,7313.5,7320.0,7310.5,7317.5,17035,0
2025-12-31 15:15:00+05:30,7318.0,7322.5,7311.5,7312.0,24933,0
2025-12-31 15:20:00+05:30,7312.0,7319.0,7302.5,7317.0,23653,0
2025-12-31 15:25:00+05:30,7316.5,7318.0,7308.5,7314.0,16141,0
2026-01-01 09:15:00+05:30,7317.0,7344.5,7303.5,7308.5,6051,0
2026-01-01 09:20:00+05:30,7304.0,7325.0,7287.5,7322.5,3483,0
2026-01-01 09:25:00+05:30,7321.0,7323.5,7292.5,7296.0,1522,0
2026-01-01 09:30:00+05:30,7297.5,7302.0,7293.0,7297.5,812,0
2026-01-01 09:35:00+05:30,7297.5,7301.5,7285.0,7286.0,1278,0
2026-01-01 09:40:00+05:30,7285.5,7294.5,7283.0,7291.5,2202,0
2026-01-01 09:45:00+05:30,7291.5,7305.5,7285.5,7304.0,1253,0
2026-01-01 09:50:00+05:30,7303.0,7304.0,7290.0,7297.0,2144,0
2026-01-01 09:55:00+05:30,7297.0,7297.0,7272.0,7273.5,2413,0
2026-01-01 10:00:00+05:30,7273.0,7297.0,7271.5,7288.5,1875,0
2026-01-01 10:05:00+05:30,7290.0,7308.5,7284.0,7306.5,3092,0
2026-01-01 10:10:00+05:30,7305.0,7314.5,7280.0,7287.0,3848,0
2026-01-01 10:15:00+05:30,7287.5,7288.5,7272.5,7279.0,2582,0
2026-01-01 10:20:00+05:30,7276.0,7285.0,7273.5,7282.0,1451,0
2026-01-01 10:25:00+05:30,7282.5,7286.5,7276.0,7282.5,1484,0
2026-01-01 10:30:00+05:30,7283.5,7294.0,7273.0,7294.0,1336,0
2026-01-01 10:35:00+05:30,7294.5,7299.0,7292.5,7296.0,1306,0
2026-01-01 10:40:00+05:30,7295.0,7296.5,7287.5,7295.0,985,0
2026-01-01 10:45:00+05:30,7295.0,7310.0,7292.0,7308.0,2381,0
2026-01-01 10:50:00+05:30,7307.5,7307.5,7301.5,7302.0,917,0
2026-01-01 10:55:00+05:30,7304.5,7308.0,7301.0,7303.5,741,0
2026-01-01 11:00:00+05:30,7303.0,7307.0,7296.5,7299.5,385,0
2026-01-01 11:05:00+05:30,7300.0,7311.0,7299.0,7310.0,763,0
2026-01-01 11:10:00+05:30,7311.0,7320.0,7307.0,7317.5,869,0
2026-01-01 11:15:00+05:30,7320.0,7320.0,7313.0,7315.0,760,0
2026-01-01 11:20:00+05:30,7315.0,7320.0,7312.0,7318.5,1243,0
2026-01-01 11:25:00+05:30,7318.5,7324.0,7312.5,7321.0,3795,0
2026-01-01 11:30:00+05:30,7321.0,7324.0,7314.5,7315.5,1543,0
2026-01-01 11:35:00+05:30,7316.0,7330.0,7315.0,7321.0,3330,0
2026-01-01 11:40:00+05:30,7324.0,7324.0,7308.0,7311.0,1285,0
2026-01-01 11:45:00+05:30,7311.0,7314.0,7308.0,7312.0,623,0
2026-01-01 11:50:00+05:30,7310.5,7313.5,7309.0,7311.0,578,0
2026-01-01 11:55:00+05:30,7311.0,7312.5,7305.5,7312.0,1270,0
2026-01-01 12:00:00+05:30,7312.0,7320.0,7311.0,7320.0,1359,0
2026-01-01 12:05:00+05:30,7320.0,7321.5,7308.5,7311.0,1140,0
2026-01-01 12:10:00+05:30,7311.0,7313.5,7302.5,7312.0,1026,0
2026-01-01 12:15:00+05:30,7312.5,7318.5,7305.0,7316.0,896,0
2026-01-01 12:20:00+05:30,7316.0,7320.0,7314.0,7318.0,837,0
2026-01-01 12:25:00+05:30,7318.0,7322.5,7308.5,7320.5,2764,0
2026-01-01 12:30:00+05:30,7320.0,7350.0,7316.0,7335.0,14999,0
2026-01-01 12:35:00+05:30,7336.0,7349.0,7325.0,7337.0,5254,0
2026-01-01 12:40:00+05:30,7340.0,7345.5,7336.5,7342.0,3062,0
2026-01-01 12:45:00+05:30,7341.0,7348.0,7335.0,7340.0,2535,0
2026-01-01 12:50:00+05:30,7339.5,7345.0,7337.5,7344.0,1221,0
2026-01-01 12:55:00+05:30,7344.0,7350.0,7341.5,7347.0,1878,0
2026-01-01 13:00:00+05:30,7348.5,7363.0,7344.5,7354.5,4942,0
2026-01-01 13:05:00+05:30,7352.0,7357.5,7349.5,7357.0,1317,0
2026-01-01 13:10:00+05:30,7355.0,7357.0,7340.0,7348.5,1823,0
2026-01-01 13:15:00+05:30,7350.0,7355.5,7345.5,7351.5,1004,0
2026-01-01 13:20:00+05:30,7348.0,7351.5,7343.0,7345.0,1034,0
2026-01-01 13:25:00+05:30,7345.0,7348.0,7343.0,7347.5,862,0
2026-01-01 13:30:00+05:30,7347.5,7350.0,7343.0,7346.0,1009,0
2026-01-01 13:35:00+05:30,7343.0,7346.0,7335.0,7336.0,2690,0
2026-01-01 13:40:00+05:30,7338.5,7338.5,7329.0,7333.5,1627,0
2026-01-01 13:45:00+05:30,7336.5,7339.0,7333.0,7335.5,701,0
2026-01-01 13:50:00+05:30,7336.0,7349.5,7334.0,7348.5,1843,0
2026-01-01 13:55:00+05:30,7349.0,7359.0,7345.5,7353.0,2964,0
2026-01-01 14:00:00+05:30,7351.5,7355.0,7350.0,7351.5,622,0
2026-01-01 14:05:00+05:30,7352.0,7360.0,7349.0,7356.0,2252,0
2026-01-01 14:10:00+05:30,7358.5,7359.5,7354.0,7359.0,732,0
2026-01-01 14:15:00+05:30,7359.0,7360.0,7352.0,7355.5,1615,0
2026-01-01 14:20:00+05:30,7356.0,7360.0,7350.0,7352.0,1867,0
2026-01-01 14:25:00+05:30,7354.5,7354.5,7341.0,7349.0,1465,0
2026-01-01 14:30:00+05:30,7349.0,7349.5,7344.5,7347.5,877,0
2026-01-01 14:35:00+05:30,7347.0,7349.0,7341.0,7341.0,903,0
2026-01-01 14:40:00+05:30,7341.0,7346.5,7341.0,7345.5,975,0
2026-01-01 14:45:00+05:30,7345.5,7346.0,7341.0,7345.0,903,0
2026-01-01 14:50:00+05:30,7343.0,7348.5,7342.5,7348.0,1060,0
2026-01-01 14:55:00+05:30,7346.5,7353.0,7344.5,7353.0,2606,0
2026-01-01 15:00:00+05:30,7350.5,7355.0,7346.5,7348.0,1535,0
2026-01-01 15:05:00+05:30,7350.0,7352.0,7346.5,7348.5,1236,0
2026-01-01 15:10:00+05:30,7348.0,7349.5,7340.0,7344.5,3463,0
2026-01-01 15:15:00+05:30,7344.5,7352.0,7342.0,7346.0,4791,0
2026-01-01 15:20:00+05:30,7348.0,7356.0,7340.5,7346.0,5387,0
2026-01-01 15:25:00+05:30,7346.0,7358.0,7344.5,7349.0,4615,0
2026-01-02 09:15:00+05:30,7348.0,7371.0,7326.0,7342.0,16129,0
2026-01-02 09:20:00+05:30,7341.0,7359.0,7341.0,7351.0,3982,0
2026-01-02 09:25:00+05:30,7351.0,7377.0,7348.5,7372.5,10073,0
2026-01-02 09:30:00+05:30,7376.0,7382.5,7325.0,7329.5,11387,0
2026-01-02 09:35:00+05:30,7330.5,7343.0,7307.0,7313.5,13688,0
2026-01-02 09:40:00+05:30,7313.5,7322.0,7301.5,7322.0,5412,0
2026-01-02 09:45:00+05:30,7322.0,7348.5,7315.0,7347.5,4529,0
2026-01-02 09:50:00+05:30,7347.5,7363.5,7343.5,7361.5,6886,0
2026-01-02 09:55:00+05:30,7362.5,7369.0,7358.5,7368.5,3515,0
2026-01-02 10:00:00+05:30,7368.5,7368.5,7359.0,7363.0,1827,0
2026-01-02 10:05:00+05:30,7365.5,7369.0,7362.0,7365.0,2553,0
2026-01-02 10:10:00+05:30,7368.0,7373.5,7363.5,7365.5,1428,0
2026-01-02 10:15:00+05:30,7365.5,7367.0,7357.5,7357.5,1581,0
2026-01-02 10:20:00+05:30,7357.5,7358.5,7341.5,7342.0,3335,0
2026-01-02 10:25:00+05:30,7341.5,7342.5,7320.0,7322.5,2521,0
2026-01-02 10:30:00+05:30,7322.0,7329.0,7311.0,7314.5,3074,0
2026-01-02 10:35:00+05:30,7314.5,7319.5,7306.0,7313.5,6731,0
2026-01-02 10:40:00+05:30,7313.5,7320.0,7298.0,7312.0,5630,0
2026-01-02 10:45:00+05:30,7310.0,7316.0,7309.0,7312.0,1789,0
2026-01-02 10:50:00+05:30,7314.0,7325.0,7310.0,7325.0,2073,0
2026-01-02 10:55:00+05:30,7325.0,7330.0,7321.0,7329.0,1226,0
2026-01-02 11:00:00+05:30,7329.0,7329.5,7323.5,7328.0,3758,0
2026-01-02 11:05:00+05:30,7327.5,7348.5,7324.5,7344.0,3266,0
2026-01-02 11:10:00+05:30,7346.0,7347.0,7339.0,7345.5,1915,0
2026-01-02 11:15:00+05:30,7345.0,7358.0,7344.0,7353.5,3460,0
2026-01-02 11:20:00+05:30,7353.0,7358.0,7350.0,7350.5,2074,0
2026-01-02 11:25:00+05:30,7350.5,7357.0,7350.0,7355.5,1609,0
2026-01-02 11:30:00+05:30,7355.0,7360.0,7353.5,7357.5,2254,0
2026-01-02 11:35:00+05:30,7357.5,7360.0,7355.0,7360.0,691,0
2026-01-02 11:40:00+05:30,7360.0,7360.0,7355.0,7358.5,684,0
2026-01-02 11:45:00+05:30,7357.5,7359.0,7351.0,7359.0,1512,0
2026-01-02 11:50:00+05:30,7357.5,7360.0,7354.5,7359.0,1434,0
2026-01-02 11:55:00+05:30,7358.5,7359.5,7351.0,7354.0,863,0
2026-01-02 12:00:00+05:30,7353.0,7359.5,7351.0,7353.0,515,0
2026-01-02 12:05:00+05:30,7352.0,7360.0,7350.0,7356.5,2010,0
2026-01-02 12:10:00+05:30,7355.5,7358.0,7355.0,7355.0,358,0
2026-01-02 12:15:00+05:30,7355.5,7357.0,7353.0,7354.5,490,0
2026-01-02 12:20:00+05:30,7354.0,7360.0,7353.0,7360.0,935,0
2026-01-02 12:25:00+05:30,7359.5,7360.0,7354.0,7357.5,655,0
2026-01-02 12:30:00+05:30,7356.5,7364.5,7356.0,7364.5,4858,0
2026-01-02 12:35:00+05:30,7364.5,7368.5,7350.0,7351.0,2508,0
2026-01-02 12:40:00+05:30,7352.0,7353.0,7340.5,7345.0,2794,0
2026-01-02 12:45:00+05:30,7344.5,7352.0,7340.0,7343.5,869,0
2026-01-02 12:50:00+05:30,7342.5,7349.5,7339.0,7346.0,1397,0
2026-01-02 12:55:00+05:30,7346.0,7348.0,7344.0,7347.5,776,0
2026-01-02 13:00:00+05:30,7347.5,7349.5,7344.0,7344.0,612,0
2026-01-02 13:05:00+05:30,7345.0,7348.5,7344.5,7345.5,349,0
2026-01-02 13:10:00+05:30,7346.0,7355.0,7344.0,7354.0,550,0
2026-01-02 13:15:00+05:30,7354.0,7354.5,7350.0,7351.5,468,0
2026-01-02 13:20:00+05:30,7352.5,7357.0,7351.0,7353.0,650,0
2026-01-02 13:25:00+05:30,7352.0,7354.0,7345.0,7350.5,1240,0
2026-01-02 13:30:00+05:30,7350.0,7356.5,7349.5,7355.0,1129,0
2026-01-02 13:35:00+05:30,7355.5,7355.5,7350.0,7351.5,930,0
2026-01-02 13:40:00+05:30,7351.5,7354.5,7350.0,7352.5,690,0
2026-01-02 13:45:00+05:30,7351.0,7354.0,7347.5,7353.5,742,0
2026-01-02 13:50:00+05:30,7354.0,7357.0,7353.0,7354.0,501,0
2026-01-02 13:55:00+05:30,7354.0,7357.0,7350.0,7350.0,1104,0
2026-01-02 14:00:00+05:30,7350.0,7353.0,7350.0,7351.5,467,0
2026-01-02 14:05:00+05:30,7350.5,7353.0,7350.0,7350.5,729,0
2026-01-02 14:10:00+05:30,7351.5,7355.0,7350.0,7350.5,998,0
2026-01-02 14:15:00+05:30,7351.0,7354.5,7349.0,7350.5,848,0
2026-01-02 14:20:00+05:30,7350.5,7353.0,7350.0,7350.0,1122,0
2026-01-02 14:25:00+05:30,7350.0,7355.0,7348.0,7350.0,1615,0
2026-01-02 14:30:00+05:30,7350.0,7350.5,7328.5,7333.0,5068,0
2026-01-02 14:35:00+05:30,7333.5,7338.5,7332.0,7335.0,2079,0
2026-01-02 14:40:00+05:30,7334.5,7339.0,7328.0,7332.5,6349,0
2026-01-02 14:45:00+05:30,7335.0,7336.0,7309.0,7314.5,9051,0
2026-01-02 14:50:00+05:30,7316.0,7325.0,7311.0,7317.0,2959,0
2026-01-02 14:55:00+05:30,7315.5,7320.0,7315.0,7317.5,1218,0
2026-01-02 15:00:00+05:30,7317.5,7333.0,7317.5,7331.0,3134,0
2026-01-02 15:05:00+05:30,7331.0,7332.0,7322.0,7326.0,4374,0
2026-01-02 15:10:00+05:30,7327.0,7337.0,7326.0,7332.0,5122,0
2026-01-02 15:15:00+05:30,7330.0,7336.5,7325.0,7334.5,7416,0
2026-01-02 15:20:00+05:30,7334.5,7344.0,7331.0,7339.0,8613,0
2026-01-02 15:25:00+05:30,7339.0,7345.0,7336.5,7344.0,6263,0
2026-01-05 09:15:00+05:30,7344.0,7363.0,7328.0,7348.5,4859,0
2026-01-05 09:20:00+05:30,7348.5,7354.0,7332.0,7350.5,4279,0
2026-01-05 09:25:00+05:30,7350.5,7374.0,7349.0,7371.5,3216,0
2026-01-05 09:30:00+05:30,7371.5,7380.0,7361.5,7372.0,2767,0
2026-01-05 09:35:00+05:30,7372.0,7396.5,7371.0,7380.0,6019,0
2026-01-05 09:40:00+05:30,7378.0,7392.0,7376.5,7392.0,2875,0
2026-01-05 09:45:00+05:30,7392.0,7428.0,7391.0,7421.0,14042,0
2026-01-05 09:50:00+05:30,7420.5,7435.0,7415.0,7420.5,5618,0
2026-01-05 09:55:00+05:30,7423.0,7440.0,7420.0,7433.0,6775,0
2026-01-05 10:00:00+05:30,7433.5,7437.0,7414.0,7421.0,4618,0
2026-01-05 10:05:00+05:30,7421.0,7439.0,7421.0,7439.0,3507,0
2026-01-05 10:10:00+05:30,7439.0,7467.5,7438.0,7464.0,10543,0
2026-01-05 10:15:00+05:30,7465.0,7484.0,7464.0,7467.5,15538,0
2026-01-05 10:20:00+05:30,7469.5,7476.0,7460.0,7468.0,5962,0
2026-01-05 10:25:00+05:30,7470.0,7478.0,7466.0,7476.5,9010,0
2026-01-05 10:30:00+05:30,7477.0,7482.5,7470.0,7474.0,5635,0
2026-01-05 10:35:00+05:30,7476.0,7483.5,7474.5,7477.5,4159,0
2026-01-05 10:40:00+05:30,7480.0,7480.5,7464.5,7470.0,3782,0
2026-01-05 10:45:00+05:30,7469.0,7487.0,7469.0,7487.0,5155,0
2026-01-05 10:50:00+05:30,7486.5,7499.0,7486.5,7495.5,9370,0
2026-01-05 10:55:00+05:30,7494.0,7514.5,7494.0,7500.0,7601,0
2026-01-05 11:00:00+05:30,7500.5,7501.5,7480.5,7482.0,4291,0
2026-01-05 11:05:00+05:30,7480.5,7480.5,7460.0,7461.0,9821,0
2026-01-05 11:10:00+05:30,7460.5,7465.0,7452.5,7465.0,5190,0
2026-01-05 11:15:00+05:30,7463.0,7466.0,7456.5,7460.0,2864,0
2026-01-05 11:20:00+05:30,7458.0,7465.5,7455.5,7455.5,4866,0
2026-01-05 11:25:00+05:30,7456.5,7462.5,7453.5,7453.5,1978,0
2026-01-05 11:30:00+05:30,7456.0,7462.5,7450.0,7451.5,3531,0
2026-01-05 11:35:00+05:30,7452.5,7462.0,7452.0,7462.0,1308,0
2026-01-05 11:40:00+05:30,7460.5,7476.0,7459.5,7469.0,9830,0
2026-01-05 11:45:00+05:30,7470.5,7475.0,7467.0,7471.0,4980,0
2026-01-05 11:50:00+05:30,7470.0,7472.0,7468.0,7471.5,1755,0
2026-01-05 11:55:00+05:30,7471.5,7472.0,7469.5,7470.5,1279,0
2026-01-05 12:00:00+05:30,7470.0,7472.0,7453.5,7458.0,4782,0
2026-01-05 12:05:00+05:30,7456.0,7470.0,7456.0,7469.0,9691,0
2026-01-05 12:10:00+05:30,7470.0,7475.0,7469.0,7472.0,4043,0
2026-01-05 12:15:00+05:30,7472.0,7485.5,7471.5,7481.5,6697,0
2026-01-05 12:20:00+05:30,7482.0,7482.5,7470.0,7472.5,2165,0
2026-01-05 12:25:00+05:30,7473.0,7474.5,7462.5,7469.5,2932,0
2026-01-05 12:30:00+05:30,7469.0,7473.0,7464.0,7473.0,1616,0
2026-01-05 12:35:00+05:30,7471.5,7474.0,7466.0,7469.5,1407,0
2026-01-05 12:40:00+05:30,7469.5,7475.0,7468.0,7474.0,1622,0
2026-01-05 12:45:00+05:30,7473.0,7476.5,7470.0,7470.5,2062,0
2026-01-05 12:50:00+05:30,7472.5,7476.0,7470.0,7476.0,1565,0
2026-01-05 12:55:00+05:30,7476.0,7480.5,7473.5,7477.0,6311,0
2026-01-05 13:00:00+05:30,7477.5,7478.5,7469.5,7470.5,2350,0
2026-01-05 13:05:00+05:30,7470.5,7480.0,7463.5,7472.0,11825,0
2026-01-05 13:10:00+05:30,7472.0,7473.5,7461.0,7465.0,1950,0
2026-01-05 13:15:00+05:30,7465.0,7467.0,7456.0,7462.5,3298,0
2026-01-05 13:20:00+05:30,7460.5,7468.0,7460.0,7466.0,1963,0
2026-01-05 13:25:00+05:30,7466.5,7468.0,7460.0,7461.0,2981,0
2026-01-05 13:30:00+05:30,7461.0,7472.5,7460.0,7471.0,2375,0
2026-01-05 13:35:00+05:30,7471.0,7473.5,7470.0,7472.0,1752,0
2026-01-05 13:40:00+05:30,7472.0,7472.0,7465.0,7467.5,2912,0
2026-01-05 13:45:00+05:30,7468.0,7472.0,7467.5,7467.5,2143,0
2026-01-05 13:50:00+05:30,7466.5,7472.0,7465.0,7470.0,2302,0
2026-01-05 13:55:00+05:30,7472.5,7473.5,7466.0,7469.0,5741,0
2026-01-05 14:00:00+05:30,7468.5,7475.0,7467.5,7472.0,10827,0
2026-01-05 14:05:00+05:30,7472.5,7473.0,7460.5,7465.0,5033,0
2026-01-05 14:10:00+05:30,7464.5,7467.0,7460.0,7467.0,3241,0
2026-01-05 14:15:00+05:30,7466.0,7470.0,7461.5,7462.0,2977,0
2026-01-05 14:20:00+05:30,7463.0,7470.0,7463.0,7470.0,1356,0
2026-01-05 14:25:00+05:30,7469.5,7482.0,7469.5,7481.5,8780,0
2026-01-05 14:30:00+05:30,7480.5,7490.0,7480.5,7487.5,5709,0
2026-01-05 14:35:00+05:30,7486.0,7490.0,7483.5,7489.0,3768,0
2026-01-05 14:40:00+05:30,7489.0,7495.0,7487.0,7492.5,8549,0
2026-01-05 14:45:00+05:30,7492.5,7498.5,7492.0,7496.0,3715,0
2026-01-05 14:50:00+05:30,7495.5,7501.0,7487.0,7497.5,15384,0
2026-01-05 14:55:00+05:30,7497.0,7499.0,7493.5,7498.5,5824,0
2026-01-05 15:00:00+05:30,7498.5,7498.5,7484.5,7485.5,10389,0
2026-01-05 15:05:00+05:30,7485.0,7492.0,7484.0,7485.5,9775,0
2026-01-05 15:10:00+05:30,7485.0,7489.0,7481.5,7483.5,11717,0
2026-01-05 15:15:00+05:30,7484.0,7484.5,7470.0,7479.0,21773,0
2026-01-05 15:20:00+05:30,7479.0,7485.0,7476.0,7481.0,11177,0
2026-01-05 15:25:00+05:30,7481.0,7494.0,7476.0,7494.0,13285,0
2026-01-06 09:15:00+05:30,7514.0,7526.5,7484.5,7520.5,25272,0
2026-01-06 09:20:00+05:30,7520.5,7524.0,7506.5,7511.5,5319,0
2026-01-06 09:25:00+05:30,7510.5,7517.0,7506.0,7507.5,3851,0
2026-01-06 09:30:00+05:30,7507.5,7538.0,7507.5,7537.0,10210,0
2026-01-06 09:35:00+05:30,7537.0,7567.0,7537.0,7563.0,15749,0
2026-01-06 09:40:00+05:30,7564.0,7564.5,7545.0,7545.5,5672,0
2026-01-06 09:45:00+05:30,7547.0,7559.0,7540.5,7550.0,3746,0
2026-01-06 09:50:00+05:30,7550.0,7551.0,7524.0,7539.0,9272,0
2026-01-06 09:55:00+05:30,7538.5,7560.0,7532.0,7556.0,4747,0
2026-01-06 10:00:00+05:30,7556.5,7564.0,7545.0,7545.0,5945,0
2026-01-06 10:05:00+05:30,7543.0,7545.5,7536.0,7543.0,3285,0
2026-01-06 10:10:00+05:30,7542.5,7546.5,7535.0,7537.0,2524,0
2026-01-06 10:15:00+05:30,7538.0,7543.5,7523.0,7523.0,3119,0
2026-01-06 10:20:00+05:30,7523.0,7527.5,7510.0,7513.0,5699,0
2026-01-06 10:25:00+05:30,7512.5,7517.5,7509.5,7510.0,2691,0
2026-01-06 10:30:00+05:30,7510.5,7521.0,7505.5,7518.5,2683,0
2026-01-06 10:35:00+05:30,7520.0,7523.5,7513.5,7517.0,1062,0
2026-01-06 10:40:00+05:30,7518.0,7520.0,7505.5,7509.5,4008,0
2026-01-06 10:45:00+05:30,7509.5,7515.5,7509.0,7512.0,1484,0
2026-01-06 10:50:00+05:30,7512.0,7525.5,7506.5,7525.0,4065,0
2026-01-06 10:55:00+05:30,7525.5,7541.5,7525.0,7536.5,9469,0
2026-01-06 11:00:00+05:30,7536.0,7539.0,7536.0,7537.0,3724,0
2026-01-06 11:05:00+05:30,7537.0,7543.0,7536.0,7540.5,3761,0
2026-01-06 11:10:00+05:30,7541.0,7542.5,7536.0,7536.5,1611,0
2026-01-06 11:15:00+05:30,7539.0,7539.0,7528.0,7535.0,2043,0
2026-01-06 11:20:00+05:30,7535.0,7540.0,7532.0,7539.0,1359,0
2026-01-06 11:25:00+05:30,7538.5,7539.5,7537.5,7538.5,1076,0
2026-01-06 11:30:00+05:30,7538.5,7548.5,7532.5,7540.5,5229,0
2026-01-06 11:35:00+05:30,7540.5,7547.0,7539.0,7539.5,9548,0
2026-01-06 11:40:00+05:30,7540.0,7553.0,7539.0,7540.0,10318,0
2026-01-06 11:45:00+05:30,7542.0,7543.0,7539.5,7541.0,1409,0
2026-01-06 11:50:00+05:30,7540.0,7551.0,7540.0,7541.0,30209,0
2026-01-06 11:55:00+05:30,7542.5,7569.0,7540.5,7566.5,19780,0
2026-01-06 12:00:00+05:30,7566.5,7567.0,7551.5,7556.5,5729,0
2026-01-06 12:05:00+05:30,7556.5,7559.5,7547.5,7550.5,9691,0
2026-01-06 12:10:00+05:30,7550.5,7551.5,7540.5,7549.0,9664,0
2026-01-06 12:15:00+05:30,7550.0,7557.5,7549.5,7551.5,10198,0
2026-01-06 12:20:00+05:30,7551.5,7552.0,7548.0,7548.0,1961,0
2026-01-06 12:25:00+05:30,7549.0,7550.5,7545.0,7550.0,9417,0
2026-01-06 12:30:00+05:30,7550.0,7552.5,7547.0,7547.5,5123,0
2026-01-06 12:35:00+05:30,7548.0,7551.0,7546.5,7546.5,6257,0
2026-01-06 12:40:00+05:30,7546.5,7546.5,7533.5,7538.5,2573,0
2026-01-06 12:45:00+05:30,7539.0,7540.0,7537.5,7540.0,638,0
2026-01-06 12:50:00+05:30,7540.0,7544.0,7536.5,7540.0,8240,0
2026-01-06 12:55:00+05:30,7540.5,7542.5,7535.0,7536.0,2537,0
2026-01-06 13:00:00+05:30,7537.0,7540.0,7535.0,7536.0,4491,0
2026-01-06 13:05:00+05:30,7536.0,7540.5,7535.0,7538.5,1511,0
2026-01-06 13:10:00+05:30,7540.0,7540.0,7535.0,7537.0,1070,0
2026-01-06 13:15:00+05:30,7537.5,7540.0,7536.0,7536.0,558,0
2026-01-06 13:20:00+05:30,7536.0,7539.5,7535.5,7538.5,1104,0
2026-01-06 13:25:00+05:30,7538.5,7539.5,7536.5,7539.0,752,0
2026-01-06 13:30:00+05:30,7539.0,7539.5,7528.5,7534.5,2467,0
2026-01-06 13:35:00+05:30,7534.5,7540.0,7533.0,7538.5,1087,0
2026-01-06 13:40:00+05:30,7538.5,7538.5,7530.0,7530.5,1085,0
2026-01-06 13:45:00+05:30,7531.0,7532.5,7525.5,7529.5,1358,0
2026-01-06 13:50:00+05:30,7529.0,7534.0,7522.0,7522.0,1364,0
2026-01-06 13:55:00+05:30,7522.5,7527.0,7521.0,7524.0,1987,0
2026-01-06 14:00:00+05:30,7524.5,7535.5,7522.5,7526.0,3434,0
2026-01-06 14:05:00+05:30,7526.5,7532.0,7524.5,7524.5,2916,0
2026-01-06 14:10:00+05:30,7526.0,7526.0,7516.5,7518.0,4486,0
2026-01-06 14:15:00+05:30,7519.5,7523.5,7516.0,7518.0,2232,0
2026-01-06 14:20:00+05:30,7518.0,7523.0,7512.0,7517.0,2683,0
2026-01-06 14:25:00+05:30,7517.0,7520.0,7513.0,7519.5,1728,0
2026-01-06 14:30:00+05:30,7518.5,7524.0,7515.0,7515.5,1472,0
2026-01-06 14:35:00+05:30,7516.5,7517.5,7509.0,7509.5,5070,0
2026-01-06 14:40:00+05:30,7509.5,7516.0,7509.0,7511.5,2227,0
2026-01-06 14:45:00+05:30,7512.0,7515.0,7510.5,7510.5,1808,0
2026-01-06 14:50:00+05:30,7510.5,7511.0,7507.0,7510.0,3382,0
2026-01-06 14:55:00+05:30,7510.0,7511.0,7505.0,7510.0,4678,0
2026-01-06 15:00:00+05:30,7509.0,7523.0,7509.0,7522.0,10837,0
2026-01-06 15:05:00+05:30,7522.0,7525.5,7521.0,7521.5,4985,0
2026-01-06 15:10:00+05:30,7521.5,7522.0,7517.0,7520.0,6568,0
2026-01-06 15:15:00+05:30,7519.5,7535.5,7515.0,7530.0,9554,0
2026-01-06 15:20:00+05:30,7531.5,7532.5,7525.5,7529.0,7811,0
2026-01-06 15:25:00+05:30,7528.5,7529.0,7509.0,7524.0,9411,0
2026-01-07 09:15:00+05:30,7523.0,7555.0,7503.0,7508.0,11052,0
2026-01-07 09:20:00+05:30,7508.0,7511.0,7501.0,7501.5,2686,0
2026-01-07 09:25:00+05:30,7500.5,7513.5,7490.0,7511.0,10674,0
2026-01-07 09:30:00+05:30,7511.0,7533.0,7510.0,7522.0,6547,0
2026-01-07 09:35:00+05:30,7522.0,7522.5,7500.0,7503.5,4742,0
2026-01-07 09:40:00+05:30,7504.0,7508.5,7501.5,7504.0,1908,0
2026-01-07 09:45:00+05:30,7503.5,7510.5,7502.0,7507.0,2298,0
2026-01-07 09:50:00+05:30,7508.0,7513.5,7507.5,7507.5,2047,0
2026-01-07 09:55:00+05:30,7508.0,7517.0,7505.5,7516.0,2264,0
2026-01-07 10:00:00+05:30,7515.5,7520.5,7508.0,7511.5,1991,0
2026-01-07 10:05:00+05:30,7511.5,7524.0,7509.0,7519.5,2686,0
2026-01-07 10:10:00+05:30,7522.0,7529.0,7519.5,7526.0,2800,0
2026-01-07 10:15:00+05:30,7526.0,7535.5,7520.0,7523.0,4254,0
2026-01-07 10:20:00+05:30,7525.0,7554.0,7523.5,7538.0,4219,0
2026-01-07 10:25:00+05:30,7538.0,7540.5,7528.5,7530.0,2565,0
2026-01-07 10:30:00+05:30,7531.0,7537.5,7530.5,7535.0,1713,0
2026-01-07 10:35:00+05:30,7535.0,7537.0,7533.5,7537.0,1059,0
2026-01-07 10:40:00+05:30,7535.5,7550.0,7535.5,7549.0,6363,0
2026-01-07 10:45:00+05:30,7549.5,7550.0,7542.5,7546.5,1199,0
2026-01-07 10:50:00+05:30,7546.0,7553.5,7541.0,7553.5,2266,0
2026-01-07 10:55:00+05:30,7553.5,7566.0,7553.5,7562.5,3278,0
2026-01-07 11:00:00+05:30,7562.0,7563.0,7556.5,7557.5,1455,0
2026-01-07 11:05:00+05:30,7557.5,7560.0,7552.0,7554.5,1523,0
2026-01-07 11:10:00+05:30,7554.0,7554.0,7532.5,7536.0,5908,0
2026-01-07 11:15:00+05:30,7535.5,7548.5,7533.5,7547.0,1638,0
2026-01-07 11:20:00+05:30,7547.0,7548.5,7543.0,7547.0,1583,0
2026-01-07 11:25:00+05:30,7547.0,7547.0,7534.0,7535.0,1744,0
2026-01-07 11:30:00+05:30,7535.5,7548.0,7533.0,7547.5,3648,0
2026-01-07 11:35:00+05:30,7548.0,7553.5,7540.0,7542.0,5351,0
2026-01-07 11:40:00+05:30,7540.5,7545.0,7540.0,7541.0,3389,0
2026-01-07 11:45:00+05:30,7541.0,7548.5,7540.0,7545.0,2840,0
2026-01-07 11:50:00+05:30,7544.5,7549.0,7541.5,7543.0,3207,0
2026-01-07 11:55:00+05:30,7543.0,7558.5,7541.5,7557.5,3372,0
2026-01-07 12:00:00+05:30,7553.5,7556.5,7546.0,7551.0,1733,0
2026-01-07 12:05:00+05:30,7550.5,7552.5,7543.0,7546.0,2573,0
2026-01-07 12:10:00+05:30,7545.5,7547.0,7540.0,7543.5,4464,0
2026-01-07 12:15:00+05:30,7543.5,7552.5,7543.0,7547.5,2502,0
2026-01-07 12:20:00+05:30,7547.5,7553.5,7546.0,7549.0,2225,0
2026-01-07 12:25:00+05:30,7548.5,7555.5,7547.0,7552.5,2337,0
2026-01-07 12:30:00+05:30,7550.5,7559.5,7546.0,7559.5,4814,0
2026-01-07 12:35:00+05:30,7559.5,7586.0,7559.5,7582.5,17688,0
2026-01-07 12:40:00+05:30,7582.5,7583.0,7566.5,7567.5,16349,0
2026-01-07 12:45:00+05:30,7568.5,7573.0,7564.5,7569.0,2779,0
2026-01-07 12:50:00+05:30,7569.0,7575.0,7565.5,7570.5,12930,0
2026-01-07 12:55:00+05:30,7570.5,7572.0,7559.0,7570.5,3633,0
2026-01-07 13:00:00+05:30,7570.5,7574.5,7568.5,7570.5,1664,0
2026-01-07 13:05:00+05:30,7570.5,7571.0,7569.0,7571.0,2200,0
2026-01-07 13:10:00+05:30,7570.5,7576.0,7570.0,7571.0,2692,0
2026-01-07 13:15:00+05:30,7571.0,7571.0,7554.0,7559.0,8807,0
2026-01-07 13:20:00+05:30,7559.0,7569.0,7555.0,7559.5,12376,0
2026-01-07 13:25:00+05:30,7559.5,7559.5,7550.5,7554.0,2045,0
2026-01-07 13:30:00+05:30,7554.0,7561.0,7549.5,7553.5,2761,0
2026-01-07 13:35:00+05:30,7554.0,7557.5,7550.0,7555.5,2837,0
2026-01-07 13:40:00+05:30,7557.0,7558.5,7550.0,7557.0,1474,0
2026-01-07 13:45:00+05:30,7555.5,7558.5,7548.5,7550.5,1716,0
2026-01-07 13:50:00+05:30,7549.0,7553.5,7535.0,7536.5,2898,0
2026-01-07 13:55:00+05:30,7536.0,7544.0,7534.0,7540.0,4089,0
2026-01-07 14:00:00+05:30,7539.5,7547.5,7531.0,7546.0,4566,0
2026-01-07 14:05:00+05:30,7545.0,7550.0,7531.5,7548.0,9027,0
2026-01-07 14:10:00+05:30,7548.0,7555.5,7545.0,7548.0,3013,0
2026-01-07 14:15:00+05:30,7545.0,7553.5,7543.0,7551.0,2628,0
2026-01-07 14:20:00+05:30,7552.0,7555.0,7548.5,7552.5,3616,0
2026-01-07 14:25:00+05:30,7552.0,7561.0,7551.0,7557.5,5132,0
2026-01-07 14:30:00+05:30,7555.0,7562.0,7553.0,7558.5,2329,0
2026-01-07 14:35:00+05:30,7560.0,7570.0,7556.5,7569.5,2770,0
2026-01-07 14:40:00+05:30,7569.5,7574.5,7567.0,7574.0,4333,0
2026-01-07 14:45:00+05:30,7574.0,7575.5,7570.0,7573.0,4539,0
2026-01-07 14:50:00+05:30,7572.0,7583.0,7569.0,7579.5,9205,0
2026-01-07 14:55:00+05:30,7579.5,7585.0,7577.0,7584.0,4663,0
2026-01-07 15:00:00+05:30,7584.0,7590.0,7579.5,7586.5,15705,0
2026-01-07 15:05:00+05:30,7586.5,7587.5,7580.5,7583.5,11993,0
2026-01-07 15:10:00+05:30,7583.5,7584.0,7575.5,7582.0,15828,0
2026-01-07 15:15:00+05:30,7582.0,7582.5,7575.5,7576.0,15624,0
2026-01-07 15:20:00+05:30,7576.0,7588.5,7573.0,7588.5,20492,0
2026-01-07 15:25:00+05:30,7588.5,7597.0,7579.0,7597.0,11442,0
2026-01-08 09:15:00+05:30,7590.0,7601.0,7550.5,7577.5,13362,0
2026-01-08 09:20:00+05:30,7581.0,7590.5,7574.0,7589.0,18309,0
2026-01-08 09:25:00+05:30,7589.0,7591.0,7575.5,7585.5,12149,0
2026-01-08 09:30:00+05:30,7587.0,7587.5,7566.5,7570.0,4061,0
2026-01-08 09:35:00+05:30,7570.0,7582.5,7557.5,7581.0,4830,0
2026-01-08 09:40:00+05:30,7580.5,7590.0,7570.5,7584.5,8424,0
2026-01-08 09:45:00+05:30,7582.0,7582.0,7570.0,7571.0,6064,0
2026-01-08 09:50:00+05:30,7571.0,7575.0,7562.5,7573.5,6622,0
2026-01-08 09:55:00+05:30,7573.0,7586.0,7572.5,7580.5,5777,0
2026-01-08 10:00:00+05:30,7578.0,7579.0,7562.0,7571.0,4273,0
2026-01-08 10:05:00+05:30,7571.0,7574.5,7555.5,7556.0,3508,0
2026-01-08 10:10:00+05:30,7555.5,7573.0,7551.5,7569.0,5102,0
2026-01-08 10:15:00+05:30,7570.0,7572.5,7559.0,7559.0,2905,0
2026-01-08 10:20:00+05:30,7561.5,7568.0,7558.5,7564.5,4102,0
2026-01-08 10:25:00+05:30,7564.5,7576.0,7563.5,7573.0,6465,0
2026-01-08 10:30:00+05:30,7576.0,7580.0,7571.0,7572.5,5367,0
2026-01-08 10:35:00+05:30,7574.0,7579.5,7570.5,7575.5,3743,0
2026-01-08 10:40:00+05:30,7574.5,7580.0,7566.0,7577.0,5057,0
2026-01-08 10:45:00+05:30,7575.5,7583.5,7575.0,7580.5,3667,0
2026-01-08 10:50:00+05:30,7580.5,7580.5,7571.5,7572.5,3150,0
2026-01-08 10:55:00+05:30,7572.5,7588.5,7570.0,7585.0,6791,0
2026-01-08 11:00:00+05:30,7585.0,7586.0,7570.5,7572.5,2548,0
2026-01-08 11:05:00+05:30,7572.5,7575.5,7570.0,7573.0,3284,0
2026-01-08 11:10:00+05:30,7571.5,7578.5,7570.0,7577.5,10427,0
2026-01-08 11:15:00+05:30,7577.5,7586.5,7576.5,7585.0,9051,0
2026-01-08 11:20:00+05:30,7584.5,7585.0,7566.5,7571.0,14020,0
2026-01-08 11:25:00+05:30,7571.0,7583.5,7566.5,7583.5,9674,0
2026-01-08 11:30:00+05:30,7583.5,7585.0,7578.0,7580.5,4778,0
2026-01-08 11:35:00+05:30,7580.5,7580.5,7552.5,7565.0,22117,0
2026-01-08 11:40:00+05:30,7565.0,7565.0,7553.0,7565.0,4890,0
2026-01-08 11:45:00+05:30,7562.0,7570.0,7562.0,7565.0,10392,0
2026-01-08 11:50:00+05:30,7565.0,7566.5,7556.0,7557.0,5654,0
2026-01-08 11:55:00+05:30,7557.5,7567.0,7555.5,7557.0,11828,0
2026-01-08 12:00:00+05:30,7557.0,7557.5,7540.5,7543.0,6103,0
2026-01-08 12:05:00+05:30,7543.0,7549.0,7539.0,7541.0,4843,0
2026-01-08 12:10:00+05:30,7541.0,7549.5,7539.0,7544.5,4131,0
2026-01-08 12:15:00+05:30,7545.5,7555.0,7544.0,7553.0,4801,0
2026-01-08 12:20:00+05:30,7555.0,7557.5,7550.0,7557.5,2618,0
2026-01-08 12:25:00+05:30,7561.0,7570.0,7556.5,7563.5,4745,0
2026-01-08 12:30:00+05:30,7563.5,7563.5,7544.0,7545.5,7652,0
2026-01-08 12:35:00+05:30,7545.5,7556.0,7544.0,7549.0,4140,0
2026-01-08 12:40:00+05:30,7549.0,7556.0,7546.5,7547.5,4143,0
2026-01-08 12:45:00+05:30,7548.5,7550.0,7544.5,7545.0,2927,0
2026-01-08 12:50:00+05:30,7546.0,7552.0,7542.5,7546.5,4485,0
2026-01-08 12:55:00+05:30,7547.5,7558.0,7547.5,7555.0,3316,0
2026-01-08 13:00:00+05:30,7555.5,7557.0,7550.0,7553.0,3904,0
2026-01-08 13:05:00+05:30,7556.0,7557.0,7550.5,7555.5,3134,0
2026-01-08 13:10:00+05:30,7555.5,7563.5,7555.0,7558.0,3808,0
2026-01-08 13:15:00+05:30,7558.0,7570.0,7556.5,7566.0,2598,0
2026-01-08 13:20:00+05:30,7567.5,7568.5,7561.0,7568.0,3794,0
2026-01-08 13:25:00+05:30,7568.5,7568.5,7564.0,7564.0,1714,0
2026-01-08 13:30:00+05:30,7564.5,7570.0,7562.0,7567.5,4444,0
2026-01-08 13:35:00+05:30,7569.5,7571.5,7566.0,7566.5,6125,0
2026-01-08 13:40:00+05:30,7566.5,7568.5,7562.0,7565.0,2676,0
2026-01-08 13:45:00+05:30,7567.5,7570.0,7565.0,7566.0,3207,0
2026-01-08 13:50:00+05:30,7567.0,7570.0,7565.0,7568.0,2148,0
2026-01-08 13:55:00+05:30,7568.5,7572.0,7566.5,7567.5,4473,0
2026-01-08 14:00:00+05:30,7568.0,7570.0,7562.0,7563.0,3873,0
2026-01-08 14:05:00+05:30,7564.0,7570.0,7564.0,7564.5,3978,0
2026-01-08 14:10:00+05:30,7565.0,7570.0,7563.0,7566.5,3045,0
2026-01-08 14:15:00+05:30,7566.5,7571.0,7564.5,7571.0,5471,0
2026-01-08 14:20:00+05:30,7570.5,7573.0,7567.0,7567.0,7691,0
2026-01-08 14:25:00+05:30,7570.0,7570.0,7553.0,7555.5,4896,0
2026-01-08 14:30:00+05:30,7556.0,7566.5,7552.0,7562.5,4368,0
2026-01-08 14:35:00+05:30,7565.0,7565.5,7560.0,7560.0,1174,0
2026-01-08 14:40:00+05:30,7561.0,7570.0,7560.0,7567.5,3594,0
2026-01-08 14:45:00+05:30,7567.5,7569.0,7562.5,7562.5,4131,0
2026-01-08 14:50:00+05:30,7562.5,7569.5,7562.5,7567.0,4214,0
2026-01-08 14:55:00+05:30,7568.0,7570.0,7567.0,7569.5,4548,0
2026-01-08 15:00:00+05:30,7568.0,7569.5,7557.5,7557.5,12159,0
2026-01-08 15:05:00+05:30,7557.5,7563.5,7548.0,7548.0,10491,0
2026-01-08 15:10:00+05:30,7548.0,7548.5,7541.5,7546.0,11688,0
2026-01-08 15:15:00+05:30,7546.0,7553.5,7544.0,7553.5,16099,0
2026-01-08 15:20:00+05:30,7552.5,7554.5,7546.0,7549.0,9278,0
2026-01-08 15:25:00+05:30,7548.5,7563.5,7546.0,7552.5,10702,0
2026-01-09 09:15:00+05:30,7582.0,7613.5,7551.0,7593.5,45438,0
2026-01-09 09:20:00+05:30,7593.0,7597.0,7583.5,7589.0,21158,0
2026-01-09 09:25:00+05:30,7588.0,7599.0,7583.0,7586.5,9489,0
2026-01-09 09:30:00+05:30,7587.5,7596.5,7580.0,7583.0,11186,0
2026-01-09 09:35:00+05:30,7584.0,7587.5,7568.0,7572.0,7725,0
2026-01-09 09:40:00+05:30,7572.0,7580.0,7567.5,7580.0,6530,0
2026-01-09 09:45:00+05:30,7580.0,7593.0,7575.5,7581.5,19178,0
2026-01-09 09:50:00+05:30,7581.5,7582.5,7564.5,7577.5,3624,0
2026-01-09 09:55:00+05:30,7580.5,7580.5,7571.5,7573.0,2890,0
2026-01-09 10:00:00+05:30,7573.0,7580.0,7564.5,7571.5,4272,0
2026-01-09 10:05:00+05:30,7571.5,7573.5,7565.0,7570.0,2279,0
2026-01-09 10:10:00+05:30,7570.0,7571.0,7567.5,7570.0,1945,0
2026-01-09 10:15:00+05:30,7570.5,7574.0,7562.5,7564.5,5697,0
2026-01-09 10:20:00+05:30,7564.5,7565.0,7555.0,7562.0,2900,0
2026-01-09 10:25:00+05:30,7563.0,7565.0,7552.5,7559.0,2605,0
2026-01-09 10:30:00+05:30,7559.0,7559.0,7543.5,7547.5,4687,0
2026-01-09 10:35:00+05:30,7547.5,7563.5,7544.5,7559.5,4240,0
2026-01-09 10:40:00+05:30,7557.5,7581.0,7557.5,7580.0,5048,0
2026-01-09 10:45:00+05:30,7580.0,7595.0,7579.0,7591.5,22810,0
2026-01-09 10:50:00+05:30,7592.0,7595.0,7590.5,7592.5,3235,0
2026-01-09 10:55:00+05:30,7592.5,7594.5,7583.0,7587.5,4296,0
2026-01-09 11:00:00+05:30,7589.0,7589.0,7586.0,7586.0,1651,0
2026-01-09 11:05:00+05:30,7587.0,7596.0,7585.5,7587.5,3955,0
2026-01-09 11:10:00+05:30,7587.5,7592.5,7584.5,7591.5,4362,0
2026-01-09 11:15:00+05:30,7591.5,7593.5,7590.0,7590.5,2420,0
2026-01-09 11:20:00+05:30,7590.5,7590.5,7588.5,7589.0,1918,0
2026-01-09 11:25:00+05:30,7589.0,7589.0,7588.5,7589.0,995,0
2026-01-09 11:30:00+05:30,7589.0,7599.0,7588.5,7591.0,51737,0
2026-01-09 11:35:00+05:30,7591.0,7592.0,7575.0,7579.5,4556,0
2026-01-09 11:40:00+05:30,7579.5,7579.5,7570.0,7570.0,2651,0
2026-01-09 11:45:00+05:30,7572.5,7572.5,7561.5,7562.0,2861,0
2026-01-09 11:50:00+05:30,7562.5,7563.0,7556.0,7556.0,5244,0
2026-01-09 11:55:00+05:30,7558.0,7558.0,7548.0,7553.5,6260,0
2026-01-09 12:00:00+05:30,7554.0,7558.0,7546.5,7558.0,7454,0
2026-01-09 12:05:00+05:30,7558.0,7571.5,7554.5,7555.0,14462,0
2026-01-09 12:10:00+05:30,7555.0,7574.0,7554.5,7570.0,12269,0
2026-01-09 12:15:00+05:30,7571.5,7573.0,7564.5,7570.0,10226,0
2026-01-09 12:20:00+05:30,7570.0,7572.0,7552.0,7552.0,6384,0
2026-01-09 12:25:00+05:30,7553.5,7556.0,7528.0,7531.0,6477,0
2026-01-09 12:30:00+05:30,7528.0,7531.0,7519.5,7521.0,5535,0
2026-01-09 12:35:00+05:30,7523.5,7528.0,7514.0,7527.5,4040,0
2026-01-09 12:40:00+05:30,7527.5,7527.5,7515.0,7520.0,2212,0
2026-01-09 12:45:00+05:30,7522.0,7522.5,7509.0,7514.5,2155,0
2026-01-09 12:50:00+05:30,7514.5,7527.5,7514.5,7523.5,2447,0
2026-01-09 12:55:00+05:30,7523.5,7525.0,7520.5,7524.0,1306,0
2026-01-09 13:00:00+05:30,7525.5,7527.5,7520.0,7520.0,1831,0
2026-01-09 13:05:00+05:30,7521.5,7521.5,7515.5,7516.0,971,0
2026-01-09 13:10:00+05:30,7517.5,7517.5,7509.0,7514.5,1832,0
2026-01-09 13:15:00+05:30,7514.5,7521.5,7512.5,7520.5,1191,0
2026-01-09 13:20:00+05:30,7521.5,7528.0,7520.5,7524.5,1781,0
2026-01-09 13:25:00+05:30,7524.5,7526.0,7517.0,7523.0,1595,0
2026-01-09 13:30:00+05:30,7525.5,7528.0,7521.0,7525.5,2008,0
2026-01-09 13:35:00+05:30,7527.5,7528.0,7518.0,7525.5,7830,0
2026-01-09 13:40:00+05:30,7528.0,7528.0,7517.0,7517.5,1897,0
2026-01-09 13:45:00+05:30,7518.5,7524.0,7510.5,7511.0,2022,0
2026-01-09 13:50:00+05:30,7512.0,7515.0,7507.0,7510.0,2921,0
2026-01-09 13:55:00+05:30,7510.0,7523.5,7507.0,7518.5,2824,0
2026-01-09 14:00:00+05:30,7520.0,7520.0,7511.5,7515.0,2893,0
2026-01-09 14:05:00+05:30,7517.0,7519.0,7513.0,7518.5,1972,0
2026-01-09 14:10:00+05:30,7519.0,7519.0,7506.5,7508.0,2147,0
2026-01-09 14:15:00+05:30,7508.0,7513.0,7507.5,7509.5,2042,0
2026-01-09 14:20:00+05:30,7510.5,7515.0,7499.0,7507.0,6178,0
2026-01-09 14:25:00+05:30,7508.0,7513.5,7502.0,7506.0,2100,0
2026-01-09 14:30:00+05:30,7507.5,7510.0,7503.0,7509.5,1433,0
2026-01-09 14:35:00+05:30,7510.0,7511.5,7492.0,7496.5,2863,0
2026-01-09 14:40:00+05:30,7496.5,7502.0,7486.0,7498.5,3159,0
2026-01-09 14:45:00+05:30,7499.5,7510.0,7499.0,7506.0,2679,0
2026-01-09 14:50:00+05:30,7507.5,7522.5,7504.0,7516.0,6269,0
2026-01-09 14:55:00+05:30,7517.5,7525.0,7512.5,7519.5,3014,0
2026-01-09 15:00:00+05:30,7520.5,7521.0,7499.0,7507.5,7941,0
2026-01-09 15:05:00+05:30,7507.5,7515.5,7500.5,7500.5,11179,0
2026-01-09 15:10:00+05:30,7501.0,7511.5,7499.0,7509.5,8704,0
2026-01-09 15:15:00+05:30,7510.0,7510.0,7500.5,7502.5,8245,0
2026-01-09 15:20:00+05:30,7503.0,7510.0,7502.5,7508.5,10797,0
2026-01-09 15:25:00+05:30,7508.0,7510.0,7507.5,7510.0,7483,0
2026-01-12 09:15:00+05:30,7477.0,7507.0,7448.0,7460.0,11727,0
2026-01-12 09:20:00+05:30,7460.0,7474.5,7441.5,7444.0,6653,0
2026-01-12 09:25:00+05:30,7443.0,7452.5,7428.0,7439.0,6308,0
2026-01-12 09:30:00+05:30,7435.5,7460.0,7435.5,7436.0,7095,0
2026-01-12 09:35:00+05:30,7437.0,7444.0,7430.0,7431.5,5510,0
2026-01-12 09:40:00+05:30,7431.5,7433.5,7417.0,7427.5,7066,0
2026-01-12 09:45:00+05:30,7427.0,7428.0,7419.5,7427.0,2596,0
2026-01-12 09:50:00+05:30,7428.0,7444.0,7425.0,7428.0,4342,0
2026-01-12 09:55:00+05:30,7428.5,7437.0,7411.0,7413.0,4023,0
2026-01-12 10:00:00+05:30,7414.5,7423.0,7404.0,7420.0,3803,0
2026-01-12 10:05:00+05:30,7420.5,7428.5,7410.5,7410.5,2389,0
2026-01-12 10:10:00+05:30,7412.5,7413.0,7401.5,7403.0,2946,0
2026-01-12 10:15:00+05:30,7403.5,7410.0,7401.0,7409.0,1808,0
2026-01-12 10:20:00+05:30,7409.0,7422.5,7405.0,7415.0,3590,0
2026-01-12 10:25:00+05:30,7414.5,7415.0,7381.0,7383.0,4829,0
2026-01-12 10:30:00+05:30,7383.0,7402.5,7349.5,7351.5,8439,0
2026-01-12 10:35:00+05:30,7353.0,7371.5,7350.0,7357.0,3027,0
2026-01-12 10:40:00+05:30,7356.5,7362.0,7352.0,7354.0,2031,0
2026-01-12 10:45:00+05:30,7355.0,7369.5,7342.0,7367.0,2528,0
2026-01-12 10:50:00+05:30,7366.5,7378.0,7356.0,7362.0,2292,0
2026-01-12 10:55:00+05:30,7361.5,7361.5,7350.5,7351.0,1194,0
2026-01-12 11:00:00+05:30,7350.5,7356.0,7340.5,7347.5,2392,0
2026-01-12 11:05:00+05:30,7347.0,7350.5,7341.0,7341.0,1641,0
2026-01-12 11:10:00+05:30,7341.0,7344.5,7335.5,7341.5,3140,0
2026-01-12 11:15:00+05:30,7341.0,7344.5,7336.0,7341.5,1453,0
2026-01-12 11:20:00+05:30,7340.0,7344.0,7329.0,7334.5,2071,0
2026-01-12 11:25:00+05:30,7335.0,7348.0,7334.5,7336.5,1413,0
2026-01-12 11:30:00+05:30,7337.0,7340.0,7331.5,7332.5,2001,0
2026-01-12 11:35:00+05:30,7332.5,7341.0,7323.0,7333.0,2933,0
2026-01-12 11:40:00+05:30,7333.0,7333.0,7322.0,7329.0,1895,0
2026-01-12 11:45:00+05:30,7329.5,7344.5,7329.5,7335.0,1682,0
2026-01-12 11:50:00+05:30,7334.5,7338.0,7329.5,7335.5,1748,0
2026-01-12 11:55:00+05:30,7335.5,7348.0,7335.5,7345.5,2418,0
2026-01-12 12:00:00+05:30,7345.5,7345.5,7331.5,7332.0,2770,0
2026-01-12 12:05:00+05:30,7331.5,7352.5,7331.0,7349.0,1480,0
2026-01-12 12:10:00+05:30,7349.0,7352.0,7338.5,7350.5,4363,0
2026-01-12 12:15:00+05:30,7354.0,7377.5,7353.0,7374.5,4786,0
2026-01-12 12:20:00+05:30,7374.5,7394.0,7374.0,7386.5,3988,0
2026-01-12 12:25:00+05:30,7386.5,7395.5,7382.0,7389.5,5291,0
2026-01-12 12:30:00+05:30,7389.0,7410.0,7388.5,7397.5,4869,0
2026-01-12 12:35:00+05:30,7398.0,7398.0,7376.0,7383.5,7455,0
2026-01-12 12:40:00+05:30,7384.0,7395.0,7383.5,7387.0,2722,0
2026-01-12 12:45:00+05:30,7386.5,7391.5,7385.5,7388.0,3791,0
2026-01-12 12:50:00+05:30,7389.0,7395.5,7383.0,7392.0,6704,0
2026-01-12 12:55:00+05:30,7390.0,7390.0,7380.5,7381.5,1994,0
2026-01-12 13:00:00+05:30,7382.0,7386.5,7377.5,7385.5,4303,0
2026-01-12 13:05:00+05:30,7386.5,7393.0,7383.0,7389.5,1615,0
2026-01-12 13:10:00+05:30,7390.5,7392.5,7387.5,7389.5,2184,0
2026-01-12 13:15:00+05:30,7391.5,7392.0,7386.0,7390.5,2974,0
2026-01-12 13:20:00+05:30,7390.0,7391.5,7387.0,7390.5,1320,0
2026-01-12 13:25:00+05:30,7389.5,7390.5,7388.0,7388.0,1345,0
2026-01-12 13:30:00+05:30,7388.0,7396.0,7385.0,7390.0,6281,0
2026-01-12 13:35:00+05:30,7390.0,7405.5,7386.0,7390.0,9020,0
2026-01-12 13:40:00+05:30,7391.5,7396.5,7386.5,7386.5,1735,0
2026-01-12 13:45:00+05:30,7387.0,7394.5,7385.5,7390.5,2595,0
2026-01-12 13:50:00+05:30,7391.5,7396.0,7387.0,7392.0,3447,0
2026-01-12 13:55:00+05:30,7394.0,7394.0,7388.0,7390.0,2317,0
2026-01-12 14:00:00+05:30,7390.5,7390.5,7381.5,7382.5,2654,0
2026-01-12 14:05:00+05:30,7382.5,7388.0,7382.0,7388.0,1191,0
2026-01-12 14:10:00+05:30,7386.5,7388.0,7383.5,7383.5,881,0
2026-01-12 14:15:00+05:30,7384.0,7387.5,7383.0,7383.5,2979,0
2026-01-12 14:20:00+05:30,7383.5,7392.5,7381.5,7391.0,3266,0
2026-01-12 14:25:00+05:30,7391.0,7391.0,7380.0,7384.0,2053,0
2026-01-12 14:30:00+05:30,7384.5,7389.0,7382.5,7382.5,2092,0
2026-01-12 14:35:00+05:30,7383.0,7387.5,7380.0,7387.5,5696,0
2026-01-12 14:40:00+05:30,7387.0,7392.5,7384.0,7389.5,2103,0
2026-01-12 14:45:00+05:30,7391.5,7393.0,7388.5,7389.5,2518,0
2026-01-12 14:50:00+05:30,7390.0,7405.0,7389.5,7402.0,9883,0
2026-01-12 14:55:00+05:30,7402.0,7436.5,7399.5,7433.0,11620,0
2026-01-12 15:00:00+05:30,7433.0,7433.5,7417.5,7424.5,12138,0
2026-01-12 15:05:00+05:30,7424.5,7432.0,7416.0,7432.0,11126,0
2026-01-12 15:10:00+05:30,7430.5,7440.0,7426.5,7438.5,7637,0
2026-01-12 15:15:00+05:30,7439.5,7450.5,7436.5,7450.0,13865,0
2026-01-12 15:20:00+05:30,7450.5,7453.0,7443.0,7450.5,8489,0
2026-01-12 15:25:00+05:30,7450.5,7455.5,7443.0,7443.0,7055,0
2026-01-13 09:15:00+05:30,7488.0,7514.5,7443.5,7510.0,12352,0
2026-01-13 09:20:00+05:30,7512.0,7512.5,7483.0,7496.5,5383,0
2026-01-13 09:25:00+05:30,7496.5,7497.0,7470.0,7471.0,4173,0
2026-01-13 09:30:00+05:30,7471.0,7492.0,7460.0,7461.5,3964,0
2026-01-13 09:35:00+05:30,7461.0,7466.5,7458.5,7458.5,1623,0
2026-01-13 09:40:00+05:30,7458.5,7460.5,7450.0,7460.5,1340,0
2026-01-13 09:45:00+05:30,7460.0,7493.5,7460.0,7469.5,5022,0
2026-01-13 09:50:00+05:30,7467.0,7477.0,7460.0,7460.0,1945,0
2026-01-13 09:55:00+05:30,7459.0,7462.0,7443.0,7446.0,3256,0
2026-01-13 10:00:00+05:30,7446.0,7465.0,7440.0,7460.0,2850,0
2026-01-13 10:05:00+05:30,7460.0,7472.0,7458.0,7462.5,1478,0
2026-01-13 10:10:00+05:30,7462.5,7466.0,7453.5,7454.0,1865,0
2026-01-13 10:15:00+05:30,7454.0,7469.0,7451.0,7468.0,1731,0
2026-01-13 10:20:00+05:30,7468.5,7482.5,7467.0,7475.0,3514,0
2026-01-13 10:25:00+05:30,7475.0,7488.0,7475.0,7482.0,1820,0
2026-01-13 10:30:00+05:30,7483.0,7489.0,7477.0,7481.0,3434,0
2026-01-13 10:35:00+05:30,7481.0,7484.5,7435.5,7435.5,7320,0
2026-01-13 10:40:00+05:30,7434.5,7435.5,7420.0,7429.0,2793,0
2026-01-13 10:45:00+05:30,7428.5,7434.5,7414.0,7414.0,2238,0
2026-01-13 10:50:00+05:30,7413.5,7430.5,7410.5,7410.5,2476,0
2026-01-13 10:55:00+05:30,7411.0,7430.5,7409.0,7423.0,1800,0
2026-01-13 11:00:00+05:30,7423.0,7426.0,7413.0,7414.5,1214,0
2026-01-13 11:05:00+05:30,7414.5,7416.5,7405.0,7411.0,2904,0
2026-01-13 11:10:00+05:30,7410.0,7421.0,7406.5,7412.0,1673,0
2026-01-13 11:15:00+05:30,7412.0,7419.5,7412.0,7419.5,1055,0
2026-01-13 11:20:00+05:30,7419.5,7420.0,7414.5,7418.5,1367,0
2026-01-13 11:25:00+05:30,7417.0,7443.5,7417.0,7438.5,4249,0
2026-01-13 11:30:00+05:30,7436.0,7456.0,7435.5,7454.0,1543,0
2026-01-13 11:35:00+05:30,7451.5,7456.0,7451.0,7454.5,1562,0
2026-01-13 11:40:00+05:30,7453.0,7455.5,7444.5,7449.0,1396,0
2026-01-13 11:45:00+05:30,7449.0,7451.0,7444.0,7450.0,1484,0
2026-01-13 11:50:00+05:30,7449.5,7452.5,7433.0,7435.5,2324,0
2026-01-13 11:55:00+05:30,7435.5,7450.0,7435.5,7440.5,1268,0
2026-01-13 12:00:00+05:30,7440.5,7445.0,7434.5,7436.5,2048,0
2026-01-13 12:05:00+05:30,7436.5,7440.5,7433.0,7438.0,1940,0
2026-01-13 12:10:00+05:30,7437.0,7439.5,7434.5,7435.5,1613,0
2026-01-13 12:15:00+05:30,7435.5,7443.0,7423.5,7426.0,5029,0
2026-01-13 12:20:00+05:30,7426.0,7429.0,7420.0,7420.5,1434,0
2026-01-13 12:25:00+05:30,7420.0,7446.5,7420.0,7444.0,2605,0
2026-01-13 12:30:00+05:30,7440.5,7443.0,7411.5,7411.5,5479,0
2026-01-13 12:35:00+05:30,7411.0,7423.0,7408.0,7411.0,4036,0
2026-01-13 12:40:00+05:30,7408.0,7409.5,7393.0,7402.0,2396,0
2026-01-13 12:45:00+05:30,7402.0,7405.5,7398.0,7401.5,1241,0
2026-01-13 12:50:00+05:30,7400.0,7406.0,7393.5,7396.0,2481,0
2026-01-13 12:55:00+05:30,7396.0,7399.0,7393.5,7398.0,1138,0
2026-01-13 13:00:00+05:30,7395.0,7398.0,7383.0,7387.5,3265,0
2026-01-13 13:05:00+05:30,7387.5,7391.0,7381.0,7385.0,1818,0
2026-01-13 13:10:00+05:30,7385.0,7395.0,7385.0,7390.5,2123,0
2026-01-13 13:15:00+05:30,7390.5,7392.0,7382.0,7386.0,1396,0
2026-01-13 13:20:00+05:30,7384.5,7393.0,7383.5,7386.0,1782,0
2026-01-13 13:25:00+05:30,7385.0,7393.0,7385.0,7391.0,1655,0
2026-01-13 13:30:00+05:30,7390.0,7391.5,7380.0,7390.5,3859,0
2026-01-13 13:35:00+05:30,7390.5,7398.5,7389.0,7394.0,1500,0
2026-01-13 13:40:00+05:30,7393.0,7399.0,7388.0,7396.5,1686,0
2026-01-13 13:45:00+05:30,7396.5,7397.5,7380.0,7380.0,1992,0
2026-01-13 13:50:00+05:30,7380.0,7384.5,7377.5,7380.0,1520,0
2026-01-13 13:55:00+05:30,7380.0,7381.0,7366.0,7372.0,1900,0
2026-01-13 14:00:00+05:30,7372.0,7375.0,7360.0,7361.5,2597,0
2026-01-13 14:05:00+05:30,7361.5,7365.0,7358.0,7358.0,1943,0
2026-01-13 14:10:00+05:30,7360.0,7360.0,7348.0,7352.5,2477,0
2026-01-13 14:15:00+05:30,7352.0,7362.5,7350.0,7360.0,2491,0
2026-01-13 14:20:00+05:30,7357.0,7360.0,7351.0,7354.5,2146,0
2026-01-13 14:25:00+05:30,7354.5,7360.0,7350.0,7357.0,5810,0
2026-01-13 14:30:00+05:30,7355.0,7369.5,7354.5,7369.0,3473,0
2026-01-13 14:35:00+05:30,7368.0,7373.5,7366.0,7371.5,3418,0
2026-01-13 14:40:00+05:30,7371.5,7390.5,7367.0,7389.5,5635,0
2026-01-13 14:45:00+05:30,7389.0,7397.0,7370.0,7377.5,7384,0
2026-01-13 14:50:00+05:30,7374.5,7392.5,7374.5,7388.0,4658,0
2026-01-13 14:55:00+05:30,7386.0,7391.0,7375.5,7383.5,3563,0
2026-01-13 15:00:00+05:30,7383.5,7405.0,7381.5,7399.0,11616,0
2026-01-13 15:05:00+05:30,7398.5,7401.0,7392.0,7397.5,7714,0
2026-01-13 15:10:00+05:30,7398.5,7402.5,7390.0,7400.0,10281,0
2026-01-13 15:15:00+05:30,7395.0,7419.5,7395.0,7416.5,11273,0
2026-01-13 15:20:00+05:30,7416.5,7429.0,7413.0,7427.5,10994,0
2026-01-13 15:25:00+05:30,7427.5,7427.5,7382.5,7383.0,14790,0
2026-01-14 09:15:00+05:30,7390.0,7390.0,7236.0,7283.5,27641,0
2026-01-14 09:20:00+05:30,7287.0,7304.0,7266.5,7286.5,11072,0
2026-01-14 09:25:00+05:30,7288.0,7315.0,7281.5,7315.0,7123,0
2026-01-14 09:30:00+05:30,7315.0,7332.0,7284.0,7301.5,14449,0
2026-01-14 09:35:00+05:30,7303.5,7310.0,7295.0,7297.5,5685,0
2026-01-14 09:40:00+05:30,7298.5,7317.0,7267.0,7275.5,9304,0
2026-01-14 09:45:00+05:30,7274.5,7280.5,7250.0,7269.5,10306,0
2026-01-14 09:50:00+05:30,7270.0,7299.0,7269.5,7299.0,5802,0
2026-01-14 09:55:00+05:30,7297.0,7308.0,7281.5,7289.0,4582,0
2026-01-14 10:00:00+05:30,7289.0,7298.5,7282.0,7291.0,3419,0
2026-01-14 10:05:00+05:30,7290.5,7299.5,7287.5,7296.5,2585,0
2026-01-14 10:10:00+05:30,7296.5,7315.0,7291.0,7297.5,5368,0
2026-01-14 10:15:00+05:30,7297.5,7303.0,7281.5,7287.5,2522,0
2026-01-14 10:20:00+05:30,7285.0,7298.0,7281.0,7298.0,2163,0
2026-01-14 10:25:00+05:30,7296.0,7308.5,7289.0,7306.0,2471,0
2026-01-14 10:30:00+05:30,7306.0,7307.5,7276.0,7288.0,4200,0
2026-01-14 10:35:00+05:30,7288.5,7296.5,7283.5,7290.0,1900,0
2026-01-14 10:40:00+05:30,7290.0,7310.0,7290.0,7291.5,3349,0
2026-01-14 10:45:00+05:30,7294.0,7299.0,7286.5,7296.5,1439,0
2026-01-14 10:50:00+05:30,7298.0,7308.5,7296.5,7300.0,2890,0
2026-01-14 10:55:00+05:30,7300.0,7312.0,7300.0,7309.0,2319,0
2026-01-14 11:00:00+05:30,7308.5,7315.0,7301.0,7304.0,3107,0
2026-01-14 11:05:00+05:30,7306.0,7311.0,7300.5,7305.0,2256,0
2026-01-14 11:10:00+05:30,7305.0,7310.0,7301.0,7303.5,2025,0
2026-01-14 11:15:00+05:30,7303.5,7316.0,7302.0,7313.0,1657,0
2026-01-14 11:20:00+05:30,7313.0,7325.5,7312.5,7320.0,3017,0
2026-01-14 11:25:00+05:30,7322.5,7328.0,7320.0,7324.5,3182,0
2026-01-14 11:30:00+05:30,7326.0,7333.5,7322.0,7330.0,3673,0
2026-01-14 11:35:00+05:30,7330.0,7331.5,7318.0,7322.5,2432,0
2026-01-14 11:40:00+05:30,7324.0,7324.5,7297.5,7314.5,3698,0
2026-01-14 11:45:00+05:30,7313.0,7323.5,7313.0,7320.0,2131,0
2026-01-14 11:50:00+05:30,7320.0,7322.0,7310.0,7317.5,2464,0
2026-01-14 11:55:00+05:30,7317.5,7322.5,7314.0,7316.0,3182,0
2026-01-14 12:00:00+05:30,7320.5,7321.0,7312.0,7314.5,1890,0
2026-01-14 12:05:00+05:30,7315.0,7316.5,7310.0,7310.0,3934,0
2026-01-14 12:10:00+05:30,7312.5,7316.5,7310.0,7314.0,2875,0
2026-01-14 12:15:00+05:30,7313.5,7322.0,7310.0,7311.5,3641,0
2026-01-14 12:20:00+05:30,7310.0,7319.5,7310.0,7318.0,2758,0
2026-01-14 12:25:00+05:30,7318.0,7323.5,7313.5,7321.0,3336,0
2026-01-14 12:30:00+05:30,7320.0,7331.0,7317.5,7328.5,2748,0
2026-01-14 12:35:00+05:30,7331.0,7333.5,7323.5,7329.0,3955,0
2026-01-14 12:40:00+05:30,7331.0,7333.5,7318.0,7322.0,3697,0
2026-01-14 12:45:00+05:30,7323.0,7330.0,7310.0,7312.5,3630,0
2026-01-14 12:50:00+05:30,7311.5,7322.5,7310.0,7315.0,3920,0
2026-01-14 12:55:00+05:30,7315.0,7320.0,7313.0,7315.0,2632,0
2026-01-14 13:00:00+05:30,7318.5,7320.0,7315.0,7318.5,2341,0
2026-01-14 13:05:00+05:30,7320.0,7327.0,7318.5,7327.0,3210,0
2026-01-14 13:10:00+05:30,7327.0,7328.5,7317.0,7321.0,3396,0
2026-01-14 13:15:00+05:30,7318.5,7322.5,7311.5,7315.0,3489,0
2026-01-14 13:20:00+05:30,7317.5,7317.5,7301.0,7306.0,12781,0
2026-01-14 13:25:00+05:30,7303.5,7313.0,7292.5,7299.0,15128,0
2026-01-14 13:30:00+05:30,7299.0,7310.0,7295.0,7301.0,5675,0
2026-01-14 13:35:00+05:30,7301.0,7308.5,7293.0,7295.0,7225,0
2026-01-14 13:40:00+05:30,7292.0,7302.0,7288.5,7296.5,5419,0
2026-01-14 13:45:00+05:30,7296.5,7301.0,7284.5,7287.5,3284,0
2026-01-14 13:50:00+05:30,7290.5,7296.0,7276.0,7280.0,4633,0
2026-01-14 13:55:00+05:30,7280.0,7288.5,7280.0,7282.0,3164,0
2026-01-14 14:00:00+05:30,7280.0,7295.0,7280.0,7284.0,5442,0
2026-01-14 14:05:00+05:30,7284.5,7295.5,7283.0,7284.5,4109,0
2026-01-14 14:10:00+05:30,7284.5,7317.5,7284.5,7317.5,13933,0
2026-01-14 14:15:00+05:30,7317.0,7320.0,7310.0,7311.5,7788,0
2026-01-14 14:20:00+05:30,7310.0,7319.0,7296.0,7297.5,9501,0
2026-01-14 14:25:00+05:30,7297.5,7308.5,7296.0,7304.0,3547,0
2026-01-14 14:30:00+05:30,7304.0,7318.5,7300.0,7318.0,7872,0
2026-01-14 14:35:00+05:30,7317.5,7324.0,7309.0,7321.0,4062,0
2026-01-14 14:40:00+05:30,7321.0,7330.5,7317.5,7328.5,7643,0
2026-01-14 14:45:00+05:30,7329.0,7340.0,7329.0,7335.5,7276,0
2026-01-14 14:50:00+05:30,7335.5,7343.5,7335.5,7337.5,3983,0
2026-01-14 14:55:00+05:30,7339.5,7348.0,7334.5,7342.5,4467,0
2026-01-14 15:00:00+05:30,7343.0,7357.0,7339.5,7353.0,10832,0
2026-01-14 15:05:00+05:30,7354.0,7370.0,7347.5,7364.5,12704,0
2026-01-14 15:10:00+05:30,7366.0,7369.5,7355.5,7355.5,14571,0
2026-01-14 15:15:00+05:30,7358.0,7363.5,7353.5,7358.0,11447,0
2026-01-14 15:20:00+05:30,7358.5,7364.0,7357.5,7363.5,11914,0
2026-01-14 15:25:00+05:30,7364.0,7370.0,7350.0,7370.0,12814,0
2026-01-16 09:15:00+05:30,7330.0,7368.0,7319.0,7348.0,28317,0
2026-01-16 09:20:00+05:30,7348.0,7370.5,7345.0,7350.0,9987,0
2026-01-16 09:25:00+05:30,7351.5,7358.5,7345.0,7354.5,5772,0
2026-01-16 09:30:00+05:30,7355.5,7355.5,7321.0,7321.5,8290,0
2026-01-16 09:35:00+05:30,7321.5,7326.5,7314.5,7320.5,4331,0
2026-01-16 09:40:00+05:30,7322.0,7331.5,7319.0,7325.0,4308,0
2026-01-16 09:45:00+05:30,7325.0,7339.5,7325.0,7337.5,3745,0
2026-01-16 09:50:00+05:30,7337.5,7344.5,7333.5,7344.5,3776,0
2026-01-16 09:55:00+05:30,7344.0,7348.0,7339.0,7341.5,3272,0
2026-01-16 10:00:00+05:30,7342.0,7343.0,7335.5,7340.5,2929,0
2026-01-16 10:05:00+05:30,7341.5,7358.5,7338.5,7358.0,2102,0
2026-01-16 10:10:00+05:30,7358.5,7358.5,7345.0,7347.0,3435,0
2026-01-16 10:15:00+05:30,7347.0,7358.5,7345.5,7355.0,17144,0
2026-01-16 10:20:00+05:30,7356.0,7388.0,7355.5,7388.0,13707,0
2026-01-16 10:25:00+05:30,7387.5,7393.0,7378.5,7383.0,4010,0
2026-01-16 10:30:00+05:30,7383.0,7388.0,7377.0,7382.5,3980,0
2026-01-16 10:35:00+05:30,7383.5,7387.5,7378.5,7380.0,2452,0
2026-01-16 10:40:00+05:30,7380.5,7389.5,7378.0,7379.5,3366,0
2026-01-16 10:45:00+05:30,7380.0,7381.0,7369.0,7373.0,3931,0
2026-01-16 10:50:00+05:30,7373.0,7373.5,7364.5,7371.0,3068,0
2026-01-16 10:55:00+05:30,7372.0,7380.0,7371.0,7375.0,3527,0
2026-01-16 11:00:00+05:30,7377.0,7377.0,7367.0,7375.0,4409,0
2026-01-16 11:05:00+05:30,7376.0,7393.5,7375.0,7392.0,3993,0
2026-01-16 11:10:00+05:30,7392.5,7402.5,7390.0,7396.5,3685,0
2026-01-16 11:15:00+05:30,7397.0,7412.5,7395.5,7408.5,3055,0
2026-01-16 11:20:00+05:30,7409.0,7417.0,7406.0,7406.5,2315,0
2026-01-16 11:25:00+05:30,7406.5,7409.5,7402.0,7402.5,2492,0
2026-01-16 11:30:00+05:30,7403.5,7406.5,7391.0,7392.0,4865,0
2026-01-16 11:35:00+05:30,7392.5,7392.5,7384.5,7388.5,2855,0
2026-01-16 11:40:00+05:30,7388.5,7397.5,7381.5,7381.5,3225,0
2026-01-16 11:45:00+05:30,7382.0,7385.0,7357.5,7360.5,7909,0
2026-01-16 11:50:00+05:30,7362.5,7373.5,7360.5,7370.0,3213,0
2026-01-16 11:55:00+05:30,7370.0,7370.0,7361.5,7365.5,2515,0
2026-01-16 12:00:00+05:30,7365.5,7372.5,7360.5,7366.5,2243,0
2026-01-16 12:05:00+05:30,7366.5,7366.5,7361.0,7365.0,2309,0
2026-01-16 12:10:00+05:30,7366.0,7366.0,7360.0,7365.5,2921,0
2026-01-16 12:15:00+05:30,7366.5,7379.5,7365.0,7376.0,2088,0
2026-01-16 12:20:00+05:30,7374.5,7377.5,7363.5,7367.0,3309,0
2026-01-16 12:25:00+05:30,7367.0,7372.5,7352.5,7355.0,2975,0
2026-01-16 12:30:00+05:30,7355.5,7357.0,7350.5,7353.0,3118,0
2026-01-16 12:35:00+05:30,7355.0,7355.0,7348.0,7352.0,3933,0
2026-01-16 12:40:00+05:30,7352.5,7353.5,7350.0,7350.5,2521,0
2026-01-16 12:45:00+05:30,7351.0,7365.0,7350.5,7364.0,10582,0
2026-01-16 12:50:00+05:30,7364.0,7373.0,7350.0,7354.5,18115,0
2026-01-16 12:55:00+05:30,7356.0,7356.0,7340.0,7344.5,3539,0
2026-01-16 13:00:00+05:30,7344.5,7347.0,7330.5,7344.0,17857,0
2026-01-16 13:05:00+05:30,7343.5,7351.5,7342.0,7351.0,2134,0
2026-01-16 13:10:00+05:30,7351.0,7351.0,7339.5,7351.0,8746,0
2026-01-16 13:15:00+05:30,7351.0,7354.0,7345.5,7350.0,5443,0
2026-01-16 13:20:00+05:30,7351.5,7351.5,7348.0,7348.5,3245,0
2026-01-16 13:25:00+05:30,7348.5,7348.5,7334.0,7346.5,6202,0
2026-01-16 13:30:00+05:30,7346.5,7356.0,7335.0,7349.5,3846,0
2026-01-16 13:35:00+05:30,7349.0,7349.0,7338.5,7340.0,10609,0
2026-01-16 13:40:00+05:30,7340.5,7348.5,7330.0,7331.5,5912,0
2026-01-16 13:45:00+05:30,7331.5,7340.5,7323.0,7332.0,4288,0
2026-01-16 13:50:00+05:30,7332.0,7332.0,7316.0,7316.0,2803,0
2026-01-16 13:55:00+05:30,7316.5,7324.5,7306.0,7324.0,4365,0
2026-01-16 14:00:00+05:30,7324.5,7328.0,7319.0,7319.0,2450,0
2026-01-16 14:05:00+05:30,7320.5,7323.0,7312.0,7314.0,2704,0
2026-01-16 14:10:00+05:30,7314.0,7321.5,7311.5,7315.5,2427,0
2026-01-16 14:15:00+05:30,7316.5,7316.5,7310.0,7315.0,1883,0
2026-01-16 14:20:00+05:30,7315.0,7329.5,7313.5,7328.0,2785,0
2026-01-16 14:25:00+05:30,7328.5,7329.5,7316.5,7318.5,3265,0
2026-01-16 14:30:00+05:30,7320.5,7320.5,7311.0,7314.5,2651,0
2026-01-16 14:35:00+05:30,7314.5,7315.5,7298.5,7314.0,4383,0
2026-01-16 14:40:00+05:30,7314.5,7315.0,7310.5,7311.0,3231,0
2026-01-16 14:45:00+05:30,7312.0,7315.0,7307.0,7313.5,3607,0
2026-01-16 14:50:00+05:30,7314.5,7315.0,7305.0,7313.5,6700,0
2026-01-16 14:55:00+05:30,7314.5,7324.5,7312.5,7317.5,12929,0
2026-01-16 15:00:00+05:30,7316.5,7322.5,7313.0,7320.0,15337,0
2026-01-16 15:05:00+05:30,7321.0,7322.5,7314.0,7319.0,14216,0
2026-01-16 15:10:00+05:30,7319.5,7319.5,7314.0,7315.0,8819,0
2026-01-16 15:15:00+05:30,7314.5,7315.0,7312.5,7315.0,14095,0
2026-01-16 15:20:00+05:30,7315.0,7315.5,7311.0,7312.5,14542,0
2026-01-16 15:25:00+05:30,7312.5,7315.0,7300.0,7300.0,11916,0
2026-01-19 09:15:00+05:30,7300.0,7314.0,7268.5,7271.5,10196,0
2026-01-19 09:20:00+05:30,7270.0,7281.5,7268.5,7277.0,4065,0
2026-01-19 09:25:00+05:30,7277.0,7283.0,7272.5,7282.5,2933,0
2026-01-19 09:30:00+05:30,7282.5,7291.5,7277.0,7285.5,2450,0
2026-01-19 09:35:00+05:30,7285.0,7296.5,7285.0,7285.0,2011,0
2026-01-19 09:40:00+05:30,7286.5,7288.0,7280.0,7285.0,2296,0
2026-01-19 09:45:00+05:30,7284.5,7289.5,7282.5,7286.5,1063,0
2026-01-19 09:50:00+05:30,7285.0,7294.0,7281.5,7288.0,1764,0
2026-01-19 09:55:00+05:30,7286.5,7295.5,7285.0,7287.0,2104,0
2026-01-19 10:00:00+05:30,7288.5,7288.5,7275.0,7280.0,4017,0
2026-01-19 10:05:00+05:30,7281.0,7308.0,7280.0,7303.0,3491,0
2026-01-19 10:10:00+05:30,7302.0,7311.0,7299.0,7304.0,4606,0
2026-01-19 10:15:00+05:30,7302.5,7315.0,7301.5,7314.0,3744,0
2026-01-19 10:20:00+05:30,7315.0,7320.0,7310.0,7313.0,2554,0
2026-01-19 10:25:00+05:30,7315.0,7320.0,7303.0,7306.5,2428,0
2026-01-19 10:30:00+05:30,7306.5,7313.5,7304.0,7306.5,1945,0
2026-01-19 10:35:00+05:30,7310.0,7310.0,7301.0,7301.0,1010,0
2026-01-19 10:40:00+05:30,7301.0,7311.0,7298.0,7310.0,1838,0
2026-01-19 10:45:00+05:30,7310.0,7315.5,7308.0,7310.0,6045,0
2026-01-19 10:50:00+05:30,7310.0,7314.0,7301.0,7301.5,5485,0
2026-01-19 10:55:00+05:30,7302.5,7309.5,7301.5,7308.0,1273,0
2026-01-19 11:00:00+05:30,7308.0,7322.5,7305.0,7317.5,4320,0
2026-01-19 11:05:00+05:30,7319.0,7325.0,7314.0,7315.0,3194,0
2026-01-19 11:10:00+05:30,7315.0,7316.0,7304.5,7310.0,1777,0
2026-01-19 11:15:00+05:30,7311.0,7315.0,7306.0,7306.0,1097,0
2026-01-19 11:20:00+05:30,7307.5,7313.0,7306.0,7308.5,1369,0
2026-01-19 11:25:00+05:30,7309.0,7309.5,7306.0,7307.0,692,0
2026-01-19 11:30:00+05:30,7307.0,7307.5,7293.5,7296.0,1348,0
2026-01-19 11:35:00+05:30,7297.5,7309.5,7296.0,7308.5,1850,0
2026-01-19 11:40:00+05:30,7309.0,7313.0,7307.5,7312.0,1741,0
2026-01-19 11:45:00+05:30,7312.5,7313.0,7307.0,7307.0,1133,0
2026-01-19 11:50:00+05:30,7307.5,7309.5,7304.5,7308.0,1220,0
2026-01-19 11:55:00+05:30,7308.0,7308.0,7301.0,7301.0,968,0
2026-01-19 12:00:00+05:30,7301.5,7304.5,7301.0,7304.0,1192,0
2026-01-19 12:05:00+05:30,7304.0,7306.0,7303.5,7304.5,1133,0
2026-01-19 12:10:00+05:30,7305.0,7320.0,7304.5,7319.0,2576,0
2026-01-19 12:15:00+05:30,7319.0,7325.5,7316.5,7323.5,2871,0
2026-01-19 12:20:00+05:30,7321.5,7325.0,7317.0,7317.0,864,0
2026-01-19 12:25:00+05:30,7317.0,7321.5,7312.0,7314.0,2340,0
2026-01-19 12:30:00+05:30,7314.0,7318.0,7312.0,7316.5,1299,0
2026-01-19 12:35:00+05:30,7316.5,7316.5,7306.5,7308.5,1902,0
2026-01-19 12:40:00+05:30,7308.5,7317.5,7308.0,7314.0,1434,0
2026-01-19 12:45:00+05:30,7314.5,7317.5,7314.0,7316.0,918,0
2026-01-19 12:50:00+05:30,7316.0,7332.5,7313.5,7326.0,3180,0
2026-01-19 12:55:00+05:30,7325.0,7332.0,7323.5,7331.0,1160,0
2026-01-19 13:00:00+05:30,7330.0,7333.0,7325.5,7325.5,1606,0
2026-01-19 13:05:00+05:30,7326.0,7332.0,7325.0,7327.0,1330,0
2026-01-19 13:10:00+05:30,7328.0,7329.0,7313.0,7319.0,1278,0
2026-01-19 13:15:00+05:30,7318.5,7323.5,7318.5,7319.0,977,0
2026-01-19 13:20:00+05:30,7319.0,7324.0,7312.0,7315.0,1649,0
2026-01-19 13:25:00+05:30,7315.5,7318.0,7309.5,7313.0,1465,0
2026-01-19 13:30:00+05:30,7315.0,7321.5,7313.0,7321.5,1485,0
2026-01-19 13:35:00+05:30,7321.0,7322.0,7311.5,7317.0,1691,0
2026-01-19 13:40:00+05:30,7314.5,7317.5,7313.5,7313.5,710,0
2026-01-19 13:45:00+05:30,7313.5,7329.0,7312.0,7328.5,2245,0
2026-01-19 13:50:00+05:30,7328.5,7329.0,7321.5,7325.5,1873,0
2026-01-19 13:55:00+05:30,7325.5,7330.0,7323.5,7326.0,1314,0
2026-01-19 14:00:00+05:30,7325.5,7338.5,7325.5,7337.0,2353,0
2026-01-19 14:05:00+05:30,7336.0,7346.0,7336.0,7337.5,2542,0
2026-01-19 14:10:00+05:30,7337.0,7337.5,7328.5,7330.5,2341,0
2026-01-19 14:15:00+05:30,7329.5,7343.0,7328.5,7343.0,3809,0
2026-01-19 14:20:00+05:30,7342.0,7343.0,7338.5,7340.5,1070,0
2026-01-19 14:25:00+05:30,7340.5,7344.5,7340.0,7340.5,1452,0
2026-01-19 14:30:00+05:30,7341.0,7347.5,7340.5,7346.5,1916,0
2026-01-19 14:35:00+05:30,7344.5,7366.0,7343.0,7360.0,3917,0
2026-01-19 14:40:00+05:30,7360.5,7373.0,7357.0,7371.0,3310,0
2026-01-19 14:45:00+05:30,7371.5,7372.5,7358.0,7359.0,5891,0
2026-01-19 14:50:00+05:30,7359.0,7364.5,7357.5,7360.0,9071,0
2026-01-19 14:55:00+05:30,7361.0,7363.0,7348.5,7357.0,6408,0
2026-01-19 15:00:00+05:30,7357.0,7360.0,7335.0,7335.0,6485,0
2026-01-19 15:05:00+05:30,7333.0,7335.0,7323.5,7324.5,5250,0
2026-01-19 15:10:00+05:30,7323.5,7327.5,7313.5,7317.5,5211,0
2026-01-19 15:15:00+05:30,7317.0,7319.0,7310.0,7310.5,5754,0
2026-01-19 15:20:00+05:30,7310.5,7327.0,7307.0,7324.0,11306,0
2026-01-19 15:25:00+05:30,7321.0,7330.0,7302.5,7313.5,7076,0
2026-01-20 09:15:00+05:30,7336.0,7375.0,7324.0,7352.0,12818,0
2026-01-20 09:20:00+05:30,7352.0,7362.0,7338.5,7344.5,6461,0
2026-01-20 09:25:00+05:30,7343.5,7348.5,7333.0,7333.5,5123,0
2026-01-20 09:30:00+05:30,7333.5,7352.0,7331.5,7344.0,7564,0
2026-01-20 09:35:00+05:30,7344.0,7345.5,7325.0,7327.0,3553,0
2026-01-20 09:40:00+05:30,7327.0,7337.5,7310.0,7315.0,5730,0
2026-01-20 09:45:00+05:30,7311.5,7324.5,7305.0,7315.5,3340,0
2026-01-20 09:50:00+05:30,7315.5,7323.5,7306.5,7309.0,2305,0
2026-01-20 09:55:00+05:30,7309.0,7313.5,7296.5,7305.5,3586,0
2026-01-20 10:00:00+05:30,7307.0,7319.5,7305.0,7313.0,1984,0
2026-01-20 10:05:00+05:30,7312.5,7313.0,7304.0,7305.0,1828,0
2026-01-20 10:10:00+05:30,7306.0,7310.0,7304.5,7306.5,1044,0
2026-01-20 10:15:00+05:30,7306.5,7330.0,7297.0,7323.5,4558,0
2026-01-20 10:20:00+05:30,7323.0,7330.0,7318.5,7325.0,4616,0
2026-01-20 10:25:00+05:30,7325.0,7325.0,7312.0,7315.5,1618,0
2026-01-20 10:30:00+05:30,7315.5,7322.5,7303.5,7317.0,2431,0
2026-01-20 10:35:00+05:30,7317.0,7329.5,7315.5,7326.5,1596,0
2026-01-20 10:40:00+05:30,7326.5,7333.5,7323.5,7327.5,2011,0
2026-01-20 10:45:00+05:30,7327.5,7327.5,7311.5,7316.0,1371,0
2026-01-20 10:50:00+05:30,7316.5,7316.5,7308.5,7309.0,1696,0
2026-01-20 10:55:00+05:30,7309.5,7309.5,7297.5,7305.5,3159,0
2026-01-20 11:00:00+05:30,7305.5,7305.5,7300.5,7301.5,1782,0
2026-01-20 11:05:00+05:30,7301.5,7311.5,7300.0,7303.0,1779,0
2026-01-20 11:10:00+05:30,7303.5,7303.5,7290.0,7292.5,2598,0
2026-01-20 11:15:00+05:30,7292.0,7305.5,7290.0,7293.0,3174,0
2026-01-20 11:20:00+05:30,7293.0,7296.5,7290.5,7292.0,1725,0
2026-01-20 11:25:00+05:30,7292.0,7294.0,7277.0,7292.5,3974,0
2026-01-20 11:30:00+05:30,7292.5,7295.0,7286.5,7287.5,1924,0
2026-01-20 11:35:00+05:30,7289.5,7303.5,7289.0,7296.0,4466,0
2026-01-20 11:40:00+05:30,7295.0,7296.0,7289.0,7289.5,2369,0
2026-01-20 11:45:00+05:30,7291.0,7301.0,7290.0,7294.5,4557,0
2026-01-20 11:50:00+05:30,7293.5,7299.0,7289.0,7296.0,2846,0
2026-01-20 11:55:00+05:30,7296.5,7298.5,7290.0,7295.0,2387,0
2026-01-20 12:00:00+05:30,7294.0,7294.0,7288.0,7291.0,1827,0
2026-01-20 12:05:00+05:30,7291.0,7296.0,7289.0,7290.0,2479,0
2026-01-20 12:10:00+05:30,7291.0,7294.0,7289.5,7290.0,2991,0
2026-01-20 12:15:00+05:30,7290.0,7293.0,7287.0,7289.5,1179,0
2026-01-20 12:20:00+05:30,7291.5,7302.0,7291.5,7294.5,1824,0
2026-01-20 12:25:00+05:30,7294.5,7294.5,7289.0,7289.5,2096,0
2026-01-20 12:30:00+05:30,7292.5,7292.5,7289.0,7290.5,1237,0
2026-01-20 12:35:00+05:30,7290.5,7301.0,7289.5,7299.0,2900,0
2026-01-20 12:40:00+05:30,7298.5,7298.5,7289.5,7292.0,2375,0
2026-01-20 12:45:00+05:30,7292.0,7297.5,7289.5,7290.5,2202,0
2026-01-20 12:50:00+05:30,7291.5,7294.0,7289.0,7289.5,1924,0
2026-01-20 12:55:00+05:30,7291.5,7292.0,7289.5,7289.5,1369,0
2026-01-20 13:00:00+05:30,7290.0,7290.0,7278.5,7279.5,2436,0
2026-01-20 13:05:00+05:30,7283.0,7283.0,7279.0,7279.0,1333,0
2026-01-20 13:10:00+05:30,7280.5,7281.0,7276.5,7279.0,2728,0
2026-01-20 13:15:00+05:30,7279.0,7281.5,7269.5,7276.5,7142,0
2026-01-20 13:20:00+05:30,7278.0,7279.0,7261.5,7268.5,3156,0
2026-01-20 13:25:00+05:30,7266.5,7270.5,7266.0,7270.0,883,0
2026-01-20 13:30:00+05:30,7270.0,7270.0,7247.0,7247.0,4324,0
2026-01-20 13:35:00+05:30,7247.0,7247.0,7237.5,7240.5,2607,0
2026-01-20 13:40:00+05:30,7240.5,7240.5,7237.0,7239.5,1711,0
2026-01-20 13:45:00+05:30,7240.0,7240.0,7237.0,7239.0,1372,0
2026-01-20 13:50:00+05:30,7239.0,7240.5,7237.5,7239.0,1719,0
2026-01-20 13:55:00+05:30,7238.0,7247.0,7231.5,7245.0,4622,0
2026-01-20 14:00:00+05:30,7245.0,7259.0,7232.5,7250.5,4029,0
2026-01-20 14:05:00+05:30,7246.5,7248.5,7241.0,7245.0,1810,0
2026-01-20 14:10:00+05:30,7245.0,7253.5,7243.5,7252.5,3679,0
2026-01-20 14:15:00+05:30,7252.0,7257.0,7248.0,7253.5,4486,0
2026-01-20 14:20:00+05:30,7252.0,7252.0,7237.0,7240.0,3125,0
2026-01-20 14:25:00+05:30,7240.5,7255.0,7238.0,7254.0,3898,0
2026-01-20 14:30:00+05:30,7252.0,7255.0,7236.0,7249.0,4255,0
2026-01-20 14:35:00+05:30,7248.0,7252.0,7240.5,7246.0,5084,0
2026-01-20 14:40:00+05:30,7247.0,7250.5,7241.0,7241.0,7883,0
2026-01-20 14:45:00+05:30,7241.0,7249.0,7238.0,7249.0,4335,0
2026-01-20 14:50:00+05:30,7247.5,7249.5,7237.0,7244.0,4121,0
2026-01-20 14:55:00+05:30,7244.0,7246.0,7226.5,7227.5,5558,0
2026-01-20 15:00:00+05:30,7229.0,7230.5,7211.5,7215.0,14128,0
2026-01-20 15:05:00+05:30,7216.0,7217.0,7201.0,7201.0,8741,0
2026-01-20 15:10:00+05:30,7201.0,7201.5,7164.5,7166.5,13934,0
2026-01-20 15:15:00+05:30,7165.5,7174.0,7163.5,7165.0,10769,0
2026-01-20 15:20:00+05:30,7165.0,7165.0,7133.0,7134.5,13277,0
2026-01-20 15:25:00+05:30,7135.0,7196.0,7130.0,7170.0,18594,0
2026-01-21 09:15:00+05:30,7100.5,7187.5,7100.5,7179.5,27177,0
2026-01-21 09:20:00+05:30,7184.0,7197.5,7163.0,7194.5,15004,0
2026-01-21 09:25:00+05:30,7196.0,7219.0,7154.5,7156.0,12028,0
2026-01-21 09:30:00+05:30,7154.5,7174.5,7149.0,7157.0,13519,0
2026-01-21 09:35:00+05:30,7157.0,7157.0,7126.5,7129.5,9032,0
2026-01-21 09:40:00+05:30,7128.0,7143.5,7124.0,7128.0,8657,0
2026-01-21 09:45:00+05:30,7130.0,7131.5,7107.5,7118.0,7325,0
2026-01-21 09:50:00+05:30,7118.0,7127.5,7092.0,7104.0,9692,0
2026-01-21 09:55:00+05:30,7099.5,7116.0,7063.0,7065.0,12046,0
2026-01-21 10:00:00+05:30,7066.0,7089.5,7054.5,7079.0,8672,0
2026-01-21 10:05:00+05:30,7077.5,7086.5,7057.5,7062.0,15392,0
2026-01-21 10:10:00+05:30,7062.0,7079.0,7050.0,7056.5,14869,0
2026-01-21 10:15:00+05:30,7055.5,7063.5,7044.5,7052.5,14405,0
2026-01-21 10:20:00+05:30,7051.5,7058.0,7031.5,7037.5,8148,0
2026-01-21 10:25:00+05:30,7037.5,7054.5,7034.0,7042.0,6758,0
2026-01-21 10:30:00+05:30,7042.0,7049.5,7035.0,7049.5,5906,0
2026-01-21 10:35:00+05:30,7049.5,7049.5,7030.0,7030.0,8996,0
2026-01-21 10:40:00+05:30,7031.0,7035.0,7005.0,7020.0,9989,0
2026-01-21 10:45:00+05:30,7019.0,7036.0,7008.0,7032.5,5668,0
2026-01-21 10:50:00+05:30,7032.5,7037.5,7024.5,7033.5,2079,0
2026-01-21 10:55:00+05:30,7033.5,7052.0,7026.5,7049.0,7535,0
2026-01-21 11:00:00+05:30,7045.5,7053.5,7040.0,7047.0,4109,0
2026-01-21 11:05:00+05:30,7048.0,7056.5,7045.5,7053.0,2958,0
2026-01-21 11:10:00+05:30,7052.5,7090.0,7052.5,7083.0,6660,0
2026-01-21 11:15:00+05:30,7082.5,7085.5,7073.5,7085.0,6034,0
2026-01-21 11:20:00+05:30,7085.5,7085.5,7060.5,7075.5,4566,0
2026-01-21 11:25:00+05:30,7075.5,7083.0,7065.5,7078.0,2864,0
2026-01-21 11:30:00+05:30,7077.0,7094.5,7076.5,7082.5,2459,0
2026-01-21 11:35:00+05:30,7083.5,7092.5,7080.0,7080.5,2698,0
2026-01-21 11:40:00+05:30,7080.5,7084.0,7068.5,7069.0,2927,0
2026-01-21 11:45:00+05:30,7070.0,7082.5,7070.0,7080.0,1544,0
2026-01-21 11:50:00+05:30,7078.5,7084.0,7075.0,7075.0,1945,0
2026-01-21 11:55:00+05:30,7075.5,7081.0,7072.0,7079.0,2074,0
2026-01-21 12:00:00+05:30,7079.0,7098.0,7076.0,7092.5,1970,0
2026-01-21 12:05:00+05:30,7094.5,7098.5,7088.0,7089.5,3154,0
2026-01-21 12:10:00+05:30,7089.5,7095.0,7059.0,7072.5,19697,0
2026-01-21 12:15:00+05:30,7072.5,7072.5,7052.5,7060.0,8978,0
2026-01-21 12:20:00+05:30,7059.0,7073.5,7057.0,7069.0,5038,0
2026-01-21 12:25:00+05:30,7068.0,7070.0,7032.5,7041.0,8329,0
2026-01-21 12:30:00+05:30,7039.5,7051.5,7038.5,7047.5,3739,0
2026-01-21 12:35:00+05:30,7047.5,7067.5,7047.5,7056.0,7829,0
2026-01-21 12:40:00+05:30,7057.5,7065.0,7048.0,7060.5,8254,0
2026-01-21 12:45:00+05:30,7060.0,7131.0,7060.0,7122.0,9244,0
2026-01-21 12:50:00+05:30,7122.0,7127.5,7113.0,7124.5,4979,0
2026-01-21 12:55:00+05:30,7124.5,7126.5,7114.0,7126.0,6344,0
2026-01-21 13:00:00+05:30,7126.0,7128.5,7118.5,7124.5,7016,0
2026-01-21 13:05:00+05:30,7124.5,7128.0,7112.0,7113.5,5575,0
2026-01-21 13:10:00+05:30,7113.5,7114.0,7095.0,7112.5,10600,0
2026-01-21 13:15:00+05:30,7113.0,7117.0,7104.5,7112.5,5776,0
2026-01-21 13:20:00+05:30,7112.0,7125.0,7111.5,7122.5,4950,0
2026-01-21 13:25:00+05:30,7123.0,7140.5,7122.0,7135.0,4460,0
2026-01-21 13:30:00+05:30,7135.5,7142.0,7127.0,7135.0,2543,0
2026-01-21 13:35:00+05:30,7135.0,7155.5,7134.5,7145.0,1713,0
2026-01-21 13:40:00+05:30,7145.0,7154.0,7144.0,7152.0,1207,0
2026-01-21 13:45:00+05:30,7152.0,7159.0,7149.5,7152.0,1774,0
2026-01-21 13:50:00+05:30,7153.0,7155.0,7128.5,7130.5,6184,0
2026-01-21 13:55:00+05:30,7129.5,7133.5,7120.0,7125.0,1922,0
2026-01-21 14:00:00+05:30,7124.5,7124.5,7104.0,7107.5,2337,0
2026-01-21 14:05:00+05:30,7107.5,7113.0,7100.0,7100.0,1803,0
2026-01-21 14:10:00+05:30,7100.0,7107.0,7098.0,7101.5,1398,0
2026-01-21 14:15:00+05:30,7101.5,7127.0,7093.0,7115.5,1956,0
2026-01-21 14:20:00+05:30,7115.0,7124.5,7109.0,7113.0,1103,0
2026-01-21 14:25:00+05:30,7113.5,7116.5,7110.5,7111.0,1168,0
2026-01-21 14:30:00+05:30,7111.0,7124.0,7110.0,7120.5,1168,0
2026-01-21 14:35:00+05:30,7121.0,7127.5,7115.0,7125.0,1474,0
2026-01-21 14:40:00+05:30,7125.0,7132.0,7118.5,7125.5,2262,0
2026-01-21 14:45:00+05:30,7126.5,7129.0,7118.5,7125.0,1862,0
2026-01-21 14:50:00+05:30,7125.0,7137.0,7125.0,7132.5,1988,0
2026-01-21 14:55:00+05:30,7134.5,7140.0,7119.5,7122.5,3745,0
2026-01-21 15:00:00+05:30,7122.5,7136.5,7115.5,7135.0,7052,0
2026-01-21 15:05:00+05:30,7138.0,7144.0,7133.5,7138.0,7998,0
2026-01-21 15:10:00+05:30,7138.5,7141.5,7130.5,7140.0,7903,0
2026-01-21 15:15:00+05:30,7140.0,7150.0,7136.5,7147.0,8276,0
2026-01-21 15:20:00+05:30,7147.5,7149.0,7135.5,7144.0,13670,0
2026-01-21 15:25:00+05:30,7140.5,7152.5,7121.5,7125.0,8577,0
2026-01-22 09:15:00+05:30,7175.0,7221.0,7162.0,7218.0,16174,0
2026-01-22 09:20:00+05:30,7218.0,7227.5,7195.0,7200.0,10919,0
2026-01-22 09:25:00+05:30,7200.0,7226.5,7196.5,7226.5,9300,0
2026-01-22 09:30:00+05:30,7226.5,7263.5,7223.5,7262.0,6722,0
2026-01-22 09:35:00+05:30,7262.5,7296.5,7258.5,7290.0,7163,0
2026-01-22 09:40:00+05:30,7290.0,7298.0,7276.0,7292.0,5017,0
2026-01-22 09:45:00+05:30,7291.5,7315.0,7288.5,7314.5,5423,0
2026-01-22 09:50:00+05:30,7314.5,7325.0,7312.5,7314.0,5249,0
2026-01-22 09:55:00+05:30,7314.0,7315.0,7292.0,7304.0,4098,0
2026-01-22 10:00:00+05:30,7303.5,7304.5,7248.5,7265.0,6912,0
2026-01-22 10:05:00+05:30,7264.5,7269.5,7251.5,7255.5,3054,0
2026-01-22 10:10:00+05:30,7254.0,7276.5,7252.5,7266.5,2904,0
2026-01-22 10:15:00+05:30,7268.0,7270.0,7236.5,7243.0,4072,0
2026-01-22 10:20:00+05:30,7244.0,7246.0,7235.0,7237.5,3157,0
2026-01-22 10:25:00+05:30,7238.5,7239.0,7217.0,7219.5,3554,0
2026-01-22 10:30:00+05:30,7221.5,7230.0,7213.0,7229.5,3068,0
2026-01-22 10:35:00+05:30,7230.0,7239.0,7213.5,7216.0,3732,0
2026-01-22 10:40:00+05:30,7216.0,7226.5,7216.0,7218.5,1855,0
2026-01-22 10:45:00+05:30,7219.5,7220.0,7191.0,7194.0,3864,0
2026-01-22 10:50:00+05:30,7193.0,7194.0,7164.0,7166.0,3975,0
2026-01-22 10:55:00+05:30,7165.0,7173.5,7145.0,7147.5,4696,0
2026-01-22 11:00:00+05:30,7147.5,7163.5,7145.0,7155.5,2028,0
2026-01-22 11:05:00+05:30,7155.5,7163.5,7145.5,7151.5,2702,0
2026-01-22 11:10:00+05:30,7149.5,7152.0,7135.0,7149.0,5553,0
2026-01-22 11:15:00+05:30,7151.5,7157.5,7144.5,7146.0,3857,0
2026-01-22 11:20:00+05:30,7144.5,7156.0,7144.0,7150.5,3400,0
2026-01-22 11:25:00+05:30,7150.5,7153.5,7142.0,7149.0,2155,0
2026-01-22 11:30:00+05:30,7147.0,7151.5,7135.5,7137.5,2322,0
2026-01-22 11:35:00+05:30,7136.0,7139.0,7119.5,7120.5,4622,0
2026-01-22 11:40:00+05:30,7120.5,7126.0,7104.5,7113.5,4096,0
2026-01-22 11:45:00+05:30,7113.5,7120.5,7110.5,7118.5,2943,0
2026-01-22 11:50:00+05:30,7117.5,7124.0,7111.0,7116.5,1850,0
2026-01-22 11:55:00+05:30,7116.5,7120.0,7110.0,7112.0,2134,0
2026-01-22 12:00:00+05:30,7112.0,7112.5,7094.5,7100.0,3329,0
2026-01-22 12:05:00+05:30,7100.0,7110.0,7096.5,7106.5,2444,0
2026-01-22 12:10:00+05:30,7106.5,7106.5,7095.0,7098.5,4353,0
2026-01-22 12:15:00+05:30,7100.0,7103.5,7096.0,7099.5,2528,0
2026-01-22 12:20:00+05:30,7100.0,7115.0,7099.5,7105.5,3660,0
2026-01-22 12:25:00+05:30,7107.5,7122.5,7096.5,7122.5,5225,0
2026-01-22 12:30:00+05:30,7122.5,7132.5,7120.5,7124.5,1865,0
2026-01-22 12:35:00+05:30,7125.5,7125.5,7103.5,7114.0,2226,0
2026-01-22 12:40:00+05:30,7114.0,7116.0,7101.5,7109.5,2416,0
2026-01-22 12:45:00+05:30,7111.0,7116.0,7104.5,7105.5,1428,0
2026-01-22 12:50:00+05:30,7106.5,7110.0,7103.0,7103.0,2548,0
2026-01-22 12:55:00+05:30,7103.0,7103.5,7094.5,7095.5,3663,0
2026-01-22 13:00:00+05:30,7095.5,7103.5,7090.0,7102.0,2851,0
2026-01-22 13:05:00+05:30,7102.5,7102.5,7095.0,7099.5,1835,0
2026-01-22 13:10:00+05:30,7099.0,7099.5,7091.0,7094.0,1974,0
2026-01-22 13:15:00+05:30,7093.5,7102.0,7090.0,7102.0,2231,0
2026-01-22 13:20:00+05:30,7101.5,7104.0,7090.0,7103.5,1685,0
2026-01-22 13:25:00+05:30,7104.0,7104.0,7085.5,7089.5,2858,0
2026-01-22 13:30:00+05:30,7087.0,7087.0,7077.0,7083.5,3180,0
2026-01-22 13:35:00+05:30,7083.5,7087.0,7073.0,7074.5,2464,0
2026-01-22 13:40:00+05:30,7074.0,7074.0,7065.0,7069.0,3352,0
2026-01-22 13:45:00+05:30,7069.0,7071.5,7063.0,7071.0,1591,0
2026-01-22 13:50:00+05:30,7071.0,7087.0,7064.0,7082.5,8679,0
2026-01-22 13:55:00+05:30,7082.0,7085.0,7068.5,7072.5,2570,0
2026-01-22 14:00:00+05:30,7073.0,7079.5,7070.0,7070.5,2292,0
2026-01-22 14:05:00+05:30,7070.5,7074.5,7065.0,7069.5,2282,0
2026-01-22 14:10:00+05:30,7069.0,7071.0,7061.0,7065.0,2611,0
2026-01-22 14:15:00+05:30,7065.0,7065.5,7048.5,7054.5,5168,0
2026-01-22 14:20:00+05:30,7054.0,7061.0,7053.5,7056.5,2586,0
2026-01-22 14:25:00+05:30,7056.5,7070.5,7056.5,7070.0,4473,0
2026-01-22 14:30:00+05:30,7070.0,7088.0,7069.5,7088.0,5344,0
2026-01-22 14:35:00+05:30,7088.0,7090.0,7080.0,7085.0,5217,0
2026-01-22 14:40:00+05:30,7085.0,7087.0,7071.5,7074.5,3370,0
2026-01-22 14:45:00+05:30,7074.5,7081.5,7065.0,7069.0,19977,0
2026-01-22 14:50:00+05:30,7069.0,7071.0,7056.0,7057.5,4053,0
2026-01-22 14:55:00+05:30,7057.5,7068.5,7051.0,7055.0,5274,0
2026-01-22 15:00:00+05:30,7055.0,7056.0,7040.0,7051.0,11319,0
2026-01-22 15:05:00+05:30,7050.5,7078.0,7050.5,7068.5,12303,0
2026-01-22 15:10:00+05:30,7068.5,7077.5,7034.5,7038.0,15402,0
2026-01-22 15:15:00+05:30,7036.5,7049.0,7034.0,7044.0,15193,0
2026-01-22 15:20:00+05:30,7044.0,7047.0,7032.0,7035.0,15976,0
2026-01-22 15:25:00+05:30,7032.5,7046.5,7026.0,7046.0,10052,0
2026-01-23 09:15:00+05:30,7088.5,7088.5,6986.0,7013.0,23039,0
2026-01-23 09:20:00+05:30,7013.0,7059.5,7010.5,7035.5,9081,0
2026-01-23 09:25:00+05:30,7035.5,7058.5,7033.5,7057.5,4912,0
2026-01-23 09:30:00+05:30,7058.0,7058.0,7030.0,7030.0,4001,0
2026-01-23 09:35:00+05:30,7030.5,7034.0,7015.5,7024.0,3614,0
2026-01-23 09:40:00+05:30,7024.0,7028.5,7015.0,7017.5,2279,0
2026-01-23 09:45:00+05:30,7016.0,7027.0,7004.0,7018.5,5022,0
2026-01-23 09:50:00+05:30,7018.5,7024.5,6993.0,6993.0,3061,0
2026-01-23 09:55:00+05:30,6995.0,7006.5,6993.0,7002.5,1479,0
2026-01-23 10:00:00+05:30,7002.5,7010.0,6992.0,7010.0,2738,0
2026-01-23 10:05:00+05:30,7012.0,7021.0,7002.0,7009.0,2682,0
2026-01-23 10:10:00+05:30,7010.5,7028.5,7010.5,7018.0,2087,0
2026-01-23 10:15:00+05:30,7018.0,7038.5,7016.5,7038.0,5455,0
2026-01-23 10:20:00+05:30,7037.5,7055.0,7037.5,7045.5,2487,0
2026-01-23 10:25:00+05:30,7047.5,7066.5,7041.5,7066.5,2535,0
2026-01-23 10:30:00+05:30,7068.0,7088.5,7068.0,7083.5,4500,0
2026-01-23 10:35:00+05:30,7082.5,7085.0,7079.0,7080.0,1407,0
2026-01-23 10:40:00+05:30,7081.0,7088.5,7080.0,7085.5,4148,0
2026-01-23 10:45:00+05:30,7083.5,7086.5,7080.0,7085.0,1513,0
2026-01-23 10:50:00+05:30,7086.5,7095.0,7068.0,7069.5,5006,0
2026-01-23 10:55:00+05:30,7070.0,7070.5,7051.5,7051.5,3394,0
2026-01-23 11:00:00+05:30,7053.0,7055.0,7030.0,7030.0,4956,0
2026-01-23 11:05:00+05:30,7030.5,7039.0,7026.5,7032.0,2541,0
2026-01-23 11:10:00+05:30,7032.5,7051.5,7030.0,7047.5,2733,0
2026-01-23 11:15:00+05:30,7048.0,7054.0,7044.0,7054.0,1358,0
2026-01-23 11:20:00+05:30,7051.5,7062.5,7049.5,7057.0,2106,0
2026-01-23 11:25:00+05:30,7057.5,7062.5,7051.5,7060.0,1985,0
2026-01-23 11:30:00+05:30,7060.5,7062.0,7044.0,7044.5,1950,0
2026-01-23 11:35:00+05:30,7044.5,7051.0,7042.0,7044.0,1464,0
2026-01-23 11:40:00+05:30,7044.5,7045.0,7039.0,7044.5,1663,0
2026-01-23 11:45:00+05:30,7043.5,7048.5,7030.0,7030.0,2322,0
2026-01-23 11:50:00+05:30,7030.5,7036.0,7027.0,7034.0,1331,0
2026-01-23 11:55:00+05:30,7034.5,7034.5,7028.0,7032.0,1762,0
2026-01-23 12:00:00+05:30,7032.5,7040.0,7030.0,7038.0,1812,0
2026-01-23 12:05:00+05:30,7038.5,7040.0,7025.0,7026.0,1562,0
2026-01-23 12:10:00+05:30,7026.5,7031.5,7023.5,7025.0,3212,0
2026-01-23 12:15:00+05:30,7026.0,7031.5,7024.5,7031.5,1686,0
2026-01-23 12:20:00+05:30,7032.0,7036.0,7019.0,7023.0,3089,0
2026-01-23 12:25:00+05:30,7024.0,7033.0,7018.0,7030.0,2320,0
2026-01-23 12:30:00+05:30,7030.5,7030.5,7015.5,7019.0,1861,0
2026-01-23 12:35:00+05:30,7021.0,7027.0,7016.0,7024.5,1847,0
2026-01-23 12:40:00+05:30,7025.0,7035.0,7018.5,7030.0,2144,0
2026-01-23 12:45:00+05:30,7031.0,7044.0,7022.5,7028.0,3349,0
2026-01-23 12:50:00+05:30,7028.0,7032.5,7019.5,7030.0,2300,0
2026-01-23 12:55:00+05:30,7030.5,7031.0,7017.0,7017.0,1707,0
2026-01-23 13:00:00+05:30,7018.0,7018.0,7008.0,7008.5,3010,0
2026-01-23 13:05:00+05:30,7008.5,7022.0,7006.5,7020.0,1796,0
2026-01-23 13:10:00+05:30,7021.5,7031.5,7020.0,7030.0,2706,0
2026-01-23 13:15:00+05:30,7030.0,7030.5,7022.5,7027.5,1496,0
2026-01-23 13:20:00+05:30,7027.0,7029.0,7014.5,7014.5,2637,0
2026-01-23 13:25:00+05:30,7017.0,7025.0,7016.5,7022.0,1480,0
2026-01-23 13:30:00+05:30,7022.5,7024.5,7010.0,7020.0,1656,0
2026-01-23 13:35:00+05:30,7020.5,7024.5,7014.5,7017.0,1844,0
2026-01-23 13:40:00+05:30,7016.0,7020.0,7002.0,7002.5,3393,0
2026-01-23 13:45:00+05:30,7002.5,7022.5,7002.5,7015.0,5737,0
2026-01-23 13:50:00+05:30,7016.0,7021.0,7010.0,7013.0,2613,0
2026-01-23 13:55:00+05:30,7014.5,7017.5,7010.5,7013.5,1770,0
2026-01-23 14:00:00+05:30,7014.5,7027.5,7005.5,7022.0,5536,0
2026-01-23 14:05:00+05:30,7021.5,7024.5,7012.5,7021.0,2643,0
2026-01-23 14:10:00+05:30,7023.0,7024.0,7012.0,7016.0,2102,0
2026-01-23 14:15:00+05:30,7016.5,7037.5,7015.5,7025.0,6265,0
2026-01-23 14:20:00+05:30,7024.0,7031.0,7020.5,7020.5,2667,0
2026-01-23 14:25:00+05:30,7021.5,7033.0,7019.5,7025.0,3973,0
2026-01-23 14:30:00+05:30,7025.5,7048.0,7024.0,7030.0,6995,0
2026-01-23 14:35:00+05:30,7030.5,7034.0,7026.0,7030.0,2584,0
2026-01-23 14:40:00+05:30,7030.5,7037.0,7023.5,7026.5,2066,0
2026-01-23 14:45:00+05:30,7026.5,7031.5,7018.0,7027.0,6078,0
2026-01-23 14:50:00+05:30,7027.0,7036.0,7025.0,7030.0,4980,0
2026-01-23 14:55:00+05:30,7030.0,7033.0,6982.5,6987.5,22481,0
2026-01-23 15:00:00+05:30,6987.0,6992.0,6950.0,6973.5,43036,0
2026-01-23 15:05:00+05:30,6973.5,6977.0,6961.5,6975.0,13149,0
2026-01-23 15:10:00+05:30,6975.0,6980.0,6965.0,6973.5,14793,0
2026-01-23 15:15:00+05:30,6973.0,6981.0,6973.0,6976.0,15694,0
2026-01-23 15:20:00+05:30,6976.0,6983.5,6971.0,6980.0,17938,0
2026-01-23 15:25:00+05:30,6979.5,6980.0,6965.0,6970.0,15213,0
2026-01-27 09:15:00+05:30,7020.0,7020.0,6926.5,6929.5,34656,0
2026-01-27 09:20:00+05:30,6926.5,6942.5,6910.5,6939.0,16757,0
2026-01-27 09:25:00+05:30,6939.0,6984.5,6938.0,6980.0,7840,0
2026-01-27 09:30:00+05:30,6984.0,7004.5,6980.5,6996.5,9883,0
2026-01-27 09:35:00+05:30,6994.5,7036.0,6987.5,7027.0,10119,0
2026-01-27 09:40:00+05:30,7026.5,7045.0,7018.0,7040.0,6812,0
2026-01-27 09:45:00+05:30,7040.0,7058.0,7035.0,7057.5,5186,0
2026-01-27 09:50:00+05:30,7058.0,7058.0,7033.0,7040.0,6367,0
2026-01-27 09:55:00+05:30,7040.0,7042.5,7024.5,7037.0,4122,0
2026-01-27 10:00:00+05:30,7037.0,7043.0,7020.5,7028.0,6491,0
2026-01-27 10:05:00+05:30,7028.0,7028.0,6994.0,7000.0,9540,0
2026-01-27 10:10:00+05:30,6998.0,7011.0,6993.0,7010.5,5116,0
2026-01-27 10:15:00+05:30,7010.5,7044.0,7008.0,7041.0,4602,0
2026-01-27 10:20:00+05:30,7041.0,7043.0,7029.5,7034.0,3020,0
2026-01-27 10:25:00+05:30,7034.0,7038.0,7013.5,7017.5,2635,0
2026-01-27 10:30:00+05:30,7017.5,7020.5,7009.5,7017.0,3105,0
2026-01-27 10:35:00+05:30,7016.5,7027.5,7016.0,7026.0,2846,0
2026-01-27 10:40:00+05:30,7026.0,7026.0,7003.0,7010.0,3612,0
2026-01-27 10:45:00+05:30,7010.0,7019.0,7008.5,7018.0,3759,0
2026-01-27 10:50:00+05:30,7017.5,7018.5,7009.0,7013.0,3563,0
2026-01-27 10:55:00+05:30,7013.0,7016.5,7005.5,7008.0,5099,0
2026-01-27 11:00:00+05:30,7008.0,7017.0,6998.0,7012.0,6443,0
2026-01-27 11:05:00+05:30,7011.0,7030.0,7008.5,7024.5,4698,0
2026-01-27 11:10:00+05:30,7024.5,7030.0,7021.5,7024.0,3971,0
2026-01-27 11:15:00+05:30,7024.0,7042.5,7021.5,7040.5,3015,0
2026-01-27 11:20:00+05:30,7040.5,7043.0,7033.5,7036.5,3152,0
2026-01-27 11:25:00+05:30,7036.5,7038.5,7022.5,7034.0,4098,0
2026-01-27 11:30:00+05:30,7034.0,7038.0,7025.5,7035.0,3194,0
2026-01-27 11:35:00+05:30,7035.0,7050.0,7034.5,7050.0,4559,0
2026-01-27 11:40:00+05:30,7050.0,7077.5,7048.0,7075.0,6071,0
2026-01-27 11:45:00+05:30,7075.0,7083.0,7065.0,7068.0,5128,0
2026-01-27 11:50:00+05:30,7068.0,7070.0,7056.0,7060.0,2898,0
2026-01-27 11:55:00+05:30,7059.5,7063.0,7055.0,7058.5,3021,0
2026-01-27 12:00:00+05:30,7058.5,7065.0,7055.5,7058.5,2725,0
2026-01-27 12:05:00+05:30,7057.5,7062.5,7055.5,7058.5,2521,0
2026-01-27 12:10:00+05:30,7058.0,7062.5,7050.0,7060.5,3170,0
2026-01-27 12:15:00+05:30,7059.5,7063.5,7052.5,7054.0,2547,0
2026-01-27 12:20:00+05:30,7054.0,7065.0,7050.0,7061.5,3361,0
2026-01-27 12:25:00+05:30,7061.0,7069.5,7057.0,7061.5,3260,0
2026-01-27 12:30:00+05:30,7061.0,7068.0,7043.0,7048.5,5323,0
2026-01-27 12:35:00+05:30,7049.0,7064.5,7048.0,7064.5,10962,0
2026-01-27 12:40:00+05:30,7064.5,7069.0,7053.0,7062.0,7024,0
2026-01-27 12:45:00+05:30,7061.0,7062.5,7054.5,7055.5,3794,0
2026-01-27 12:50:00+05:30,7054.5,7067.5,7054.0,7064.5,4062,0
2026-01-27 12:55:00+05:30,7064.0,7075.0,7059.0,7072.5,3287,0
2026-01-27 13:00:00+05:30,7072.0,7072.0,7059.5,7068.5,4692,0
2026-01-27 13:05:00+05:30,7068.5,7068.5,7058.5,7064.0,4227,0
2026-01-27 13:10:00+05:30,7063.5,7080.0,7063.0,7080.0,3731,0
2026-01-27 13:15:00+05:30,7078.5,7092.0,7078.5,7092.0,3732,0
2026-01-27 13:20:00+05:30,7091.5,7093.0,7080.5,7083.5,4621,0
2026-01-27 13:25:00+05:30,7083.5,7094.5,7082.5,7094.5,3956,0
2026-01-27 13:30:00+05:30,7094.5,7114.5,7094.5,7104.0,6500,0
2026-01-27 13:35:00+05:30,7102.5,7104.0,7080.0,7084.5,4934,0
2026-01-27 13:40:00+05:30,7083.5,7093.0,7078.5,7086.5,3755,0
2026-01-27 13:45:00+05:30,7086.0,7095.5,7084.0,7092.5,3952,0
2026-01-27 13:50:00+05:30,7092.5,7094.0,7082.5,7090.5,3371,0
2026-01-27 13:55:00+05:30,7088.5,7093.5,7078.5,7089.0,5110,0
2026-01-27 14:00:00+05:30,7086.5,7091.0,7077.5,7080.0,3415,0
2026-01-27 14:05:00+05:30,7080.0,7083.0,7072.5,7075.5,3766,0
2026-01-27 14:10:00+05:30,7078.5,7087.5,7065.5,7067.0,5122,0
2026-01-27 14:15:00+05:30,7070.0,7072.0,7065.0,7067.0,2796,0
2026-01-27 14:20:00+05:30,7065.0,7070.5,7061.0,7061.0,3098,0
2026-01-27 14:25:00+05:30,7064.0,7084.5,7063.5,7081.0,3013,0
2026-01-27 14:30:00+05:30,7081.5,7098.5,7081.0,7090.5,4950,0
2026-01-27 14:35:00+05:30,7092.5,7124.0,7089.0,7124.0,5803,0
2026-01-27 14:40:00+05:30,7124.0,7129.0,7117.0,7118.0,5980,0
2026-01-27 14:45:00+05:30,7118.0,7133.0,7111.0,7133.0,9103,0
2026-01-27 14:50:00+05:30,7133.0,7155.0,7131.5,7154.5,8437,0
2026-01-27 14:55:00+05:30,7154.0,7162.0,7139.5,7149.0,9835,0
2026-01-27 15:00:00+05:30,7149.0,7159.5,7146.0,7157.0,23494,0
2026-01-27 15:05:00+05:30,7157.0,7175.0,7156.5,7169.5,22676,0
2026-01-27 15:10:00+05:30,7169.5,7171.5,7161.0,7170.5,23418,0
2026-01-27 15:15:00+05:30,7171.0,7173.5,7159.0,7163.5,20959,0
2026-01-27 15:20:00+05:30,7163.5,7172.5,7161.5,7170.5,17335,0
2026-01-27 15:25:00+05:30,7173.0,7175.0,7127.5,7147.5,15160,0
2026-01-28 09:15:00+05:30,7124.0,7124.0,7040.5,7075.0,21823,0
2026-01-28 09:20:00+05:30,7075.0,7083.0,7048.5,7051.0,10478,0
2026-01-28 09:25:00+05:30,7051.0,7065.0,7021.5,7033.5,12472,0
2026-01-28 09:30:00+05:30,7036.0,7048.0,7026.5,7040.0,9618,0
2026-01-28 09:35:00+05:30,7039.5,7042.5,7001.0,7006.5,12926,0
2026-01-28 09:40:00+05:30,7008.0,7010.0,6971.5,6974.5,16837,0
2026-01-28 09:45:00+05:30,6973.0,6989.5,6963.0,6966.0,12281,0
2026-01-28 09:50:00+05:30,6966.0,6973.5,6953.0,6964.5,9771,0
2026-01-28 09:55:00+05:30,6963.0,6971.5,6957.5,6963.5,8130,0
2026-01-28 10:00:00+05:30,6963.5,6972.0,6943.0,6943.5,12907,0
2026-01-28 10:05:00+05:30,6944.0,6944.0,6912.0,6912.0,16227,0
2026-01-28 10:10:00+05:30,6912.5,6915.0,6872.5,6879.5,18707,0
2026-01-28 10:15:00+05:30,6883.5,6922.0,6877.0,6913.0,15989,0
2026-01-28 10:20:00+05:30,6913.0,6913.5,6890.0,6897.0,12916,0
2026-01-28 10:25:00+05:30,6897.0,6899.5,6883.0,6887.5,8013,0
2026-01-28 10:30:00+05:30,6888.5,6899.0,6880.0,6881.5,5538,0
2026-01-28 10:35:00+05:30,6881.5,6897.5,6865.5,6894.5,9395,0
2026-01-28 10:40:00+05:30,6894.5,6900.0,6871.5,6873.0,9495,0
2026-01-28 10:45:00+05:30,6873.5,6884.0,6871.0,6873.0,5740,0
2026-01-28 10:50:00+05:30,6873.0,6876.0,6851.0,6856.5,11892,0
2026-01-28 10:55:00+05:30,6859.5,6886.5,6855.5,6878.0,10629,0
2026-01-28 11:00:00+05:30,6878.0,6900.0,6863.0,6877.5,10811,0
2026-01-28 11:05:00+05:30,6877.5,6897.0,6877.5,6891.5,11459,0
2026-01-28 11:10:00+05:30,6892.0,6893.5,6880.0,6891.5,9188,0
2026-01-28 11:15:00+05:30,6889.5,6894.0,6881.5,6883.0,10406,0
2026-01-28 11:20:00+05:30,6882.0,6900.0,6882.0,6893.5,14407,0
2026-01-28 11:25:00+05:30,6892.5,6900.0,6887.0,6897.5,12641,0
2026-01-28 11:30:00+05:30,6898.0,6907.5,6893.5,6895.0,20697,0
2026-01-28 11:35:00+05:30,6895.0,6896.0,6878.0,6879.0,11928,0
2026-01-28 11:40:00+05:30,6882.0,6882.5,6871.0,6879.0,10662,0
2026-01-28 11:45:00+05:30,6879.0,6880.0,6867.5,6874.5,9960,0
2026-01-28 11:50:00+05:30,6874.0,6892.0,6869.5,6884.0,13263,0
2026-01-28 11:55:00+05:30,6884.0,6895.0,6880.5,6893.5,6614,0
2026-01-28 12:00:00+05:30,6894.5,6948.0,6889.0,6947.0,35379,0
2026-01-28 12:05:00+05:30,6946.0,6949.5,6926.5,6927.0,11587,0
2026-01-28 12:10:00+05:30,6927.0,6937.0,6918.5,6924.0,13676,0
2026-01-28 12:15:00+05:30,6924.0,6931.5,6923.0,6928.0,9788,0
2026-01-28 12:20:00+05:30,6928.0,6941.0,6911.5,6911.5,7275,0
2026-01-28 12:25:00+05:30,6912.0,6944.0,6912.0,6935.5,9408,0
2026-01-28 12:30:00+05:30,6935.5,6940.0,6922.5,6924.0,4513,0
2026-01-28 12:35:00+05:30,6923.5,6927.0,6913.5,6920.5,7773,0
2026-01-28 12:40:00+05:30,6920.5,6923.0,6908.0,6913.0,9116,0
2026-01-28 12:45:00+05:30,6912.5,6913.5,6900.5,6902.5,8180,0
2026-01-28 12:50:00+05:30,6902.5,6912.5,6901.5,6910.5,6307,0
2026-01-28 12:55:00+05:30,6910.5,6925.5,6909.5,6914.5,5777,0
2026-01-28 13:00:00+05:30,6914.5,6916.0,6908.0,6908.5,3693,0
2026-01-28 13:05:00+05:30,6908.5,6936.5,6905.0,6933.0,14136,0
2026-01-28 13:10:00+05:30,6933.0,6999.5,6930.0,6998.0,32929,0
2026-01-28 13:15:00+05:30,6998.0,7059.5,6993.5,7043.5,28122,0
2026-01-28 13:20:00+05:30,7043.5,7055.5,7026.5,7033.5,35550,0
2026-01-28 13:25:00+05:30,7034.0,7034.0,7003.0,7003.5,10566,0
2026-01-28 13:30:00+05:30,7002.0,7019.0,7001.0,7006.5,6705,0
2026-01-28 13:35:00+05:30,7006.5,7010.0,6998.5,7009.0,4669,0
2026-01-28 13:40:00+05:30,7009.0,7012.0,6984.0,6984.0,5299,0
2026-01-28 13:45:00+05:30,6987.5,6994.0,6981.5,6984.5,7964,0
2026-01-28 13:50:00+05:30,6984.5,7003.5,6984.5,6991.0,5456,0
2026-01-28 13:55:00+05:30,6991.5,6997.5,6986.5,6993.0,2638,0
2026-01-28 14:00:00+05:30,6993.5,7030.5,6991.0,7026.0,21938,0
2026-01-28 14:05:00+05:30,7026.0,7026.0,7008.0,7009.0,2811,0
2026-01-28 14:10:00+05:30,7009.0,7023.5,7004.0,7004.5,4314,0
2026-01-28 14:15:00+05:30,7004.5,7014.0,6972.0,7011.0,6905,0
2026-01-28 14:20:00+05:30,7013.5,7019.5,7005.5,7005.5,3065,0
2026-01-28 14:25:00+05:30,7005.5,7006.0,6981.5,6999.0,5331,0
2026-01-28 14:30:00+05:30,6997.0,7002.5,6987.0,6990.0,2925,0
2026-01-28 14:35:00+05:30,6989.0,7009.5,6987.0,7009.5,6608,0
2026-01-28 14:40:00+05:30,7009.5,7015.0,7002.5,7003.5,3303,0
2026-01-28 14:45:00+05:30,7008.0,7020.0,7004.5,7019.0,5051,0
2026-01-28 14:50:00+05:30,7019.5,7054.0,7018.5,7049.0,9160,0
2026-01-28 14:55:00+05:30,7049.5,7062.5,7042.5,7050.5,9788,0
2026-01-28 15:00:00+05:30,7052.0,7069.0,7050.0,7051.5,17150,0
2026-01-28 15:05:00+05:30,7052.0,7054.5,7045.5,7049.5,12498,0
2026-01-28 15:10:00+05:30,7051.5,7069.5,7049.5,7066.0,14372,0
2026-01-28 15:15:00+05:30,7067.0,7080.0,7064.5,7078.5,15432,0
2026-01-28 15:20:00+05:30,7079.0,7097.5,7072.0,7089.5,24773,0
2026-01-28 15:25:00+05:30,7090.0,7100.0,7085.0,7095.0,10520,0
2026-01-29 09:15:00+05:30,7071.5,7080.0,7020.0,7064.5,45344,0
2026-01-29 09:20:00+05:30,7064.5,7090.0,7044.5,7084.0,16780,0
2026-01-29 09:25:00+05:30,7083.0,7098.0,7080.0,7093.0,13480,0
2026-01-29 09:30:00+05:30,7093.5,7108.5,7086.5,7093.0,10197,0
2026-01-29 09:35:00+05:30,7093.0,7093.0,7054.0,7068.5,10685,0
2026-01-29 09:40:00+05:30,7068.0,7069.5,7056.5,7058.0,6221,0
2026-01-29 09:45:00+05:30,7057.5,7077.0,7057.5,7073.5,9075,0
2026-01-29 09:50:00+05:30,7073.5,7089.0,7059.5,7060.0,9883,0
2026-01-29 09:55:00+05:30,7059.5,7070.0,7054.0,7069.5,4853,0
2026-01-29 10:00:00+05:30,7070.5,7086.5,7057.0,7059.5,10814,0
2026-01-29 10:05:00+05:30,7059.0,7063.0,7035.0,7048.0,9857,0
2026-01-29 10:10:00+05:30,7050.0,7073.5,7049.5,7067.5,8035,0
2026-01-29 10:15:00+05:30,7067.0,7073.0,7059.0,7062.0,10297,0
2026-01-29 10:20:00+05:30,7062.0,7063.5,7043.0,7061.0,9302,0
2026-01-29 10:25:00+05:30,7060.5,7062.5,7042.0,7048.0,13907,0
2026-01-29 10:30:00+05:30,7046.0,7052.5,7039.5,7049.0,16260,0
2026-01-29 10:35:00+05:30,7050.5,7051.5,7032.0,7033.5,13482,0
2026-01-29 10:40:00+05:30,7031.5,7044.0,7026.0,7039.5,12074,0
2026-01-29 10:45:00+05:30,7039.5,7044.0,7026.5,7031.0,15730,0
2026-01-29 10:50:00+05:30,7027.5,7037.5,7013.5,7035.5,14134,0
2026-01-29 10:55:00+05:30,7035.0,7049.0,7023.0,7048.0,11913,0
2026-01-29 11:00:00+05:30,7047.5,7059.0,7035.0,7035.0,13719,0
2026-01-29 11:05:00+05:30,7035.5,7035.5,6978.0,6985.0,13646,0
2026-01-29 11:10:00+05:30,6984.0,7012.0,6982.5,7003.5,13034,0
2026-01-29 11:15:00+05:30,7006.5,7021.5,7001.0,7019.0,9896,0
2026-01-29 11:20:00+05:30,7021.0,7028.5,7014.0,7015.0,5466,0
2026-01-29 11:25:00+05:30,7014.5,7023.0,7012.0,7018.0,5160,0
2026-01-29 11:30:00+05:30,7018.0,7028.5,7013.5,7013.5,4221,0
2026-01-29 11:35:00+05:30,7015.5,7020.5,7013.0,7016.5,5496,0
2026-01-29 11:40:00+05:30,7016.5,7025.0,7013.0,7019.0,4526,0
2026-01-29 11:45:00+05:30,7020.0,7036.0,7017.0,7022.0,3404,0
2026-01-29 11:50:00+05:30,7023.5,7024.0,7018.0,7023.0,2095,0
2026-01-29 11:55:00+05:30,7024.0,7024.0,7018.0,7022.0,1470,0
2026-01-29 12:00:00+05:30,7022.0,7029.0,7011.5,7012.0,4697,0
2026-01-29 12:05:00+05:30,7012.0,7016.0,7000.0,7012.0,6895,0
2026-01-29 12:10:00+05:30,7014.5,7019.0,7010.0,7017.0,6741,0
2026-01-29 12:15:00+05:30,7016.5,7027.5,7013.0,7016.5,4684,0
2026-01-29 12:20:00+05:30,7016.0,7026.0,7012.5,7025.5,4043,0
2026-01-29 12:25:00+05:30,7025.0,7033.0,7017.0,7024.5,5300,0
2026-01-29 12:30:00+05:30,7024.0,7040.5,7019.5,7035.5,14705,0
2026-01-29 12:35:00+05:30,7035.0,7035.0,7018.5,7026.0,4939,0
2026-01-29 12:40:00+05:30,7026.0,7030.5,7020.5,7023.0,2805,0
2026-01-29 12:45:00+05:30,7023.0,7029.5,7020.0,7026.5,2401,0
2026-01-29 12:50:00+05:30,7026.5,7032.5,7025.5,7032.5,2298,0
2026-01-29 12:55:00+05:30,7032.5,7032.5,7020.0,7022.0,2814,0
2026-01-29 13:00:00+05:30,7023.0,7037.0,7021.5,7035.0,2929,0
2026-01-29 13:05:00+05:30,7035.5,7040.0,7034.0,7037.0,3222,0
2026-01-29 13:10:00+05:30,7037.0,7039.0,7033.0,7037.5,2525,0
2026-01-29 13:15:00+05:30,7037.0,7038.0,7030.5,7033.0,3721,0
2026-01-29 13:20:00+05:30,7033.0,7043.0,7030.0,7034.0,4510,0
2026-01-29 13:25:00+05:30,7035.0,7036.5,7013.0,7018.0,3474,0
2026-01-29 13:30:00+05:30,7018.5,7032.5,7018.0,7023.5,2608,0
2026-01-29 13:35:00+05:30,7025.0,7042.0,7021.0,7042.0,4059,0
2026-01-29 13:40:00+05:30,7042.5,7057.5,7040.5,7055.0,6684,0
2026-01-29 13:45:00+05:30,7054.5,7077.5,7051.5,7067.5,8941,0
2026-01-29 13:50:00+05:30,7067.5,7069.5,7050.5,7063.5,11239,0
2026-01-29 13:55:00+05:30,7065.0,7069.0,7052.0,7054.0,13025,0
2026-01-29 14:00:00+05:30,7058.0,7066.0,7054.0,7058.5,4731,0
2026-01-29 14:05:00+05:30,7058.5,7060.0,7045.5,7049.5,7401,0
2026-01-29 14:10:00+05:30,7051.5,7060.0,7048.0,7059.5,3246,0
2026-01-29 14:15:00+05:30,7060.0,7061.5,7052.5,7054.0,4027,0
2026-01-29 14:20:00+05:30,7053.0,7064.0,7051.5,7062.0,2907,0
2026-01-29 14:25:00+05:30,7063.5,7075.5,7062.0,7075.5,4211,0
2026-01-29 14:30:00+05:30,7076.0,7090.0,7069.5,7074.5,8465,0
2026-01-29 14:35:00+05:30,7075.0,7075.0,7057.5,7060.0,8476,0
2026-01-29 14:40:00+05:30,7060.0,7064.5,7056.5,7063.5,6178,0
2026-01-29 14:45:00+05:30,7064.0,7071.0,7060.0,7068.0,4548,0
2026-01-29 14:50:00+05:30,7068.0,7069.0,7051.0,7054.5,8491,0
2026-01-29 14:55:00+05:30,7056.5,7056.5,7046.5,7054.5,4903,0
2026-01-29 15:00:00+05:30,7055.5,7063.0,7054.5,7058.5,10636,0
2026-01-29 15:05:00+05:30,7058.5,7072.0,7047.0,7052.5,19800,0
2026-01-29 15:10:00+05:30,7052.5,7055.5,7044.0,7044.5,9972,0
2026-01-29 15:15:00+05:30,7046.5,7054.0,7044.5,7046.5,14269,0
2026-01-29 15:20:00+05:30,7047.0,7068.5,7046.5,7066.0,14628,0
2026-01-29 15:25:00+05:30,7066.0,7074.5,7043.5,7071.5,12293,0
2026-01-30 09:15:00+05:30,6980.0,7029.0,6980.0,7002.5,12896,0
2026-01-30 09:20:00+05:30,7002.5,7029.0,7002.0,7021.0,6980,0
2026-01-30 09:25:00+05:30,7020.5,7054.5,7018.0,7051.0,6220,0
2026-01-30 09:30:00+05:30,7051.0,7065.5,7045.5,7059.5,5802,0
2026-01-30 09:35:00+05:30,7059.5,7081.5,7059.0,7066.5,6160,0
2026-01-30 09:40:00+05:30,7068.5,7069.0,7045.0,7057.5,4053,0
2026-01-30 09:45:00+05:30,7057.5,7057.5,7042.5,7046.5,3245,0
2026-01-30 09:50:00+05:30,7046.5,7054.0,7034.5,7038.0,3713,0
2026-01-30 09:55:00+05:30,7037.0,7038.0,7017.0,7017.0,3597,0
2026-01-30 10:00:00+05:30,7019.5,7030.0,7015.0,7015.0,3415,0
2026-01-30 10:05:00+05:30,7015.0,7018.0,7010.0,7014.5,4355,0
2026-01-30 10:10:00+05:30,7017.0,7029.0,7011.0,7025.5,4520,0
2026-01-30 10:15:00+05:30,7028.0,7036.5,7025.0,7031.5,3452,0
2026-01-30 10:20:00+05:30,7031.5,7031.5,7016.5,7026.0,2841,0
2026-01-30 10:25:00+05:30,7026.5,7027.0,7019.0,7026.0,2552,0
2026-01-30 10:30:00+05:30,7025.5,7042.5,7021.0,7042.0,2949,0
2026-01-30 10:35:00+05:30,7038.5,7045.5,7035.0,7040.0,3656,0
2026-01-30 10:40:00+05:30,7042.0,7050.0,7039.0,7049.0,2756,0
2026-01-30 10:45:00+05:30,7049.5,7051.0,7037.5,7037.5,3456,0
2026-01-30 10:50:00+05:30,7037.5,7047.0,7034.5,7045.0,3735,0
2026-01-30 10:55:00+05:30,7041.5,7050.5,7040.0,7044.0,2454,0
2026-01-30 11:00:00+05:30,7045.0,7050.5,7043.5,7045.0,3430,0
2026-01-30 11:05:00+05:30,7046.0,7047.0,7034.0,7039.0,3890,0
2026-01-30 11:10:00+05:30,7039.5,7047.0,7025.5,7035.0,3522,0
2026-01-30 11:15:00+05:30,7034.0,7064.5,7033.5,7057.0,2739,0
2026-01-30 11:20:00+05:30,7060.0,7072.0,7048.5,7051.0,3725,0
2026-01-30 11:25:00+05:30,7049.0,7055.0,7046.5,7051.0,1617,0
2026-01-30 11:30:00+05:30,7053.0,7053.5,7041.5,7041.5,1060,0
2026-01-30 11:35:00+05:30,7041.5,7060.0,7041.5,7050.0,1696,0
2026-01-30 11:40:00+05:30,7050.5,7053.5,7047.5,7051.0,1027,0
2026-01-30 11:45:00+05:30,7049.0,7051.0,7035.0,7041.0,2127,0
2026-01-30 11:50:00+05:30,7043.0,7053.0,7037.5,7049.5,1358,0
2026-01-30 11:55:00+05:30,7050.5,7050.5,7043.5,7045.0,977,0
2026-01-30 12:00:00+05:30,7046.0,7048.5,7040.5,7046.0,1009,0
2026-01-30 12:05:00+05:30,7043.5,7049.5,7042.0,7048.0,924,0
2026-01-30 12:10:00+05:30,7048.0,7062.5,7046.0,7060.0,1800,0
2026-01-30 12:15:00+05:30,7060.5,7074.0,7060.0,7064.5,2525,0
2026-01-30 12:20:00+05:30,7065.5,7074.0,7065.5,7072.5,1758,0
2026-01-30 12:25:00+05:30,7073.5,7090.0,7073.5,7086.0,3954,0
2026-01-30 12:30:00+05:30,7086.5,7113.5,7086.0,7102.0,5796,0
2026-01-30 12:35:00+05:30,7103.5,7112.5,7101.5,7111.0,2002,0
2026-01-30 12:40:00+05:30,7111.5,7111.5,7091.0,7099.5,2898,0
2026-01-30 12:45:00+05:30,7099.5,7109.0,7066.5,7076.0,18175,0
2026-01-30 12:50:00+05:30,7076.0,7084.0,7074.0,7082.5,2902,0
2026-01-30 12:55:00+05:30,7082.5,7114.5,7082.5,7107.0,4282,0
2026-01-30 13:00:00+05:30,7106.5,7107.5,7065.5,7069.0,4926,0
2026-01-30 13:05:00+05:30,7071.0,7071.5,7047.5,7047.5,3073,0
2026-01-30 13:10:00+05:30,7049.5,7054.5,7043.0,7044.5,2648,0
2026-01-30 13:15:00+05:30,7045.5,7045.5,7023.0,7026.0,5833,0
2026-01-30 13:20:00+05:30,7028.0,7028.0,7015.5,7023.5,2488,0
2026-01-30 13:25:00+05:30,7024.0,7031.5,7022.5,7029.5,3075,0
2026-01-30 13:30:00+05:30,7031.0,7048.0,7031.0,7046.5,1438,0
2026-01-30 13:35:00+05:30,7046.5,7055.0,7046.5,7052.0,1177,0
2026-01-30 13:40:00+05:30,7053.5,7077.5,7052.5,7073.0,3320,0
2026-01-30 13:45:00+05:30,7074.5,7074.5,7061.0,7063.5,1320,0
2026-01-30 13:50:00+05:30,7063.5,7074.0,7062.5,7073.5,1785,0
2026-01-30 13:55:00+05:30,7072.0,7084.0,7070.0,7081.0,1104,0
2026-01-30 14:00:00+05:30,7083.0,7083.5,7066.0,7071.0,1291,0
2026-01-30 14:05:00+05:30,7071.0,7096.5,7071.0,7096.5,2156,0
2026-01-30 14:10:00+05:30,7096.5,7099.0,7085.5,7088.0,2136,0
2026-01-30 14:15:00+05:30,7090.0,7095.0,7085.5,7095.0,950,0
2026-01-30 14:20:00+05:30,7095.0,7099.0,7090.5,7093.0,1261,0
2026-01-30 14:25:00+05:30,7094.0,7094.5,7088.5,7089.5,1161,0
2026-01-30 14:30:00+05:30,7089.5,7092.0,7082.0,7085.0,976,0
2026-01-30 14:35:00+05:30,7082.0,7109.5,7082.0,7108.0,3339,0
2026-01-30 14:40:00+05:30,7106.0,7115.5,7100.5,7103.5,9638,0
2026-01-30 14:45:00+05:30,7103.0,7133.0,7102.0,7126.0,12868,0
2026-01-30 14:50:00+05:30,7128.0,7141.5,7115.0,7130.5,18320,0
2026-01-30 14:55:00+05:30,7131.5,7151.0,7120.0,7124.5,21090,0
2026-01-30 15:00:00+05:30,7125.5,7128.5,7105.5,7115.0,30383,0
2026-01-30 15:05:00+05:30,7115.0,7127.0,7106.5,7126.0,26648,0
2026-01-30 15:10:00+05:30,7124.5,7138.5,7117.0,7120.5,32057,0
2026-01-30 15:15:00+05:30,7121.5,7135.0,7119.0,7125.0,28466,0
2026-01-30 15:20:00+05:30,7125.5,7135.0,7116.0,7116.5,32049,0
2026-01-30 15:25:00+05:30,7118.0,7145.5,7100.0,7129.5,29512,0
2026-02-01 09:15:00+05:30,7122.5,7122.5,7061.5,7090.0,5717,0
2026-02-01 09:20:00+05:30,7090.0,7109.5,7084.5,7084.5,2781,0
2026-02-01 09:25:00+05:30,7085.0,7107.0,7081.0,7106.0,1744,0
2026-02-01 09:30:00+05:30,7104.5,7139.0,7092.5,7120.0,3049,0
2026-02-01 09:35:00+05:30,7123.0,7132.0,7117.5,7128.0,1175,0
2026-02-01 09:40:00+05:30,7128.0,7145.5,7124.0,7141.0,2637,0
2026-02-01 09:45:00+05:30,7144.5,7165.0,7140.5,7156.0,3175,0
2026-02-01 09:50:00+05:30,7160.0,7169.0,7151.5,7163.5,3445,0
2026-02-01 09:55:00+05:30,7162.5,7173.0,7159.0,7165.5,2593,0
2026-02-01 10:00:00+05:30,7164.5,7165.5,7147.5,7153.0,1400,0
2026-02-01 10:05:00+05:30,7152.0,7160.0,7150.0,7157.0,600,0
2026-02-01 10:10:00+05:30,7157.0,7162.5,7151.0,7159.5,768,0
2026-02-01 10:15:00+05:30,7162.0,7170.0,7158.5,7164.0,1099,0
2026-02-01 10:20:00+05:30,7164.0,7169.0,7160.0,7166.0,1199,0
2026-02-01 10:25:00+05:30,7166.0,7215.0,7158.0,7215.0,4902,0
2026-02-01 10:30:00+05:30,7218.5,7218.5,7191.0,7193.0,1967,0
2026-02-01 10:35:00+05:30,7194.5,7205.0,7190.0,7202.0,1063,0
2026-02-01 10:40:00+05:30,7202.0,7218.0,7200.5,7215.0,2392,0
2026-02-01 10:45:00+05:30,7211.5,7218.0,7186.0,7189.0,1836,0
2026-02-01 10:50:00+05:30,7190.0,7195.5,7186.0,7192.0,719,0
2026-02-01 10:55:00+05:30,7195.5,7195.5,7177.5,7179.0,1653,0
2026-02-01 11:00:00+05:30,7179.5,7181.5,7163.5,7170.0,2202,0
2026-02-01 11:05:00+05:30,7172.5,7194.5,7167.5,7178.0,1269,0
2026-02-01 11:10:00+05:30,7180.5,7190.0,7178.0,7185.5,1330,0
2026-02-01 11:15:00+05:30,7186.0,7188.0,7182.0,7188.0,212,0
2026-02-01 11:20:00+05:30,7187.5,7188.0,7175.5,7179.5,462,0
2026-02-01 11:25:00+05:30,7175.5,7185.0,7170.0,7170.5,342,0
2026-02-01 11:30:00+05:30,7170.5,7180.0,7170.0,7180.0,388,0
2026-02-01 11:35:00+05:30,7175.5,7183.0,7167.0,7167.0,991,0
2026-02-01 11:40:00+05:30,7167.0,7167.0,7019.0,7031.0,12865,0
2026-02-01 11:45:00+05:30,7035.5,7074.0,7020.0,7033.0,10537,0
2026-02-01 11:50:00+05:30,7033.5,7054.0,7030.0,7045.5,2291,0
2026-02-01 11:55:00+05:30,7041.5,7051.5,7033.0,7033.0,1334,0
2026-02-01 12:00:00+05:30,7031.0,7032.5,6957.5,6964.0,8206,0
2026-02-01 12:05:00+05:30,6966.5,7014.0,6963.0,7014.0,1905,0
2026-02-01 12:10:00+05:30,7013.5,7023.0,6956.0,6965.0,3669,0
2026-02-01 12:15:00+05:30,6966.5,6980.0,6940.0,6943.0,2865,0
2026-02-01 12:20:00+05:30,6942.5,6959.0,6932.0,6937.5,1787,0
2026-02-01 12:25:00+05:30,6935.0,6945.0,6911.5,6913.0,2861,0
2026-02-01 12:30:00+05:30,6913.0,6916.0,6825.0,6882.0,12806,0
2026-02-01 12:35:00+05:30,6882.0,6960.0,6878.5,6925.0,6994,0
2026-02-01 12:40:00+05:30,6925.0,6972.5,6920.0,6936.5,8547,0
2026-02-01 12:45:00+05:30,6936.0,6964.5,6910.5,6960.0,6192,0
2026-02-01 12:50:00+05:30,6957.5,6960.0,6932.5,6955.0,3201,0
2026-02-01 12:55:00+05:30,6955.0,6977.0,6951.0,6965.0,2429,0
2026-02-01 13:00:00+05:30,6961.5,6963.0,6908.5,6929.5,8730,0
2026-02-01 13:05:00+05:30,6928.0,6941.0,6907.0,6926.5,4053,0
2026-02-01 13:10:00+05:30,6925.5,6940.5,6920.0,6929.0,3644,0
2026-02-01 13:15:00+05:30,6930.0,6934.5,6909.5,6915.0,5129,0
2026-02-01 13:20:00+05:30,6915.0,6934.0,6912.0,6919.5,1679,0
2026-02-01 13:25:00+05:30,6920.5,6933.0,6891.0,6892.5,6052,0
2026-02-01 13:30:00+05:30,6896.0,6898.5,6885.0,6893.5,1815,0
2026-02-01 13:35:00+05:30,6893.0,6910.0,6877.0,6881.0,1609,0
2026-02-01 13:40:00+05:30,6886.5,6917.0,6875.0,6910.5,7630,0
2026-02-01 13:45:00+05:30,6912.5,6924.5,6900.0,6906.5,2011,0
2026-02-01 13:50:00+05:30,6906.5,6913.5,6895.0,6908.0,3000,0
2026-02-01 13:55:00+05:30,6906.5,6922.5,6905.0,6922.0,1215,0
2026-02-01 14:00:00+05:30,6919.5,6934.0,6912.0,6915.5,2977,0
2026-02-01 14:05:00+05:30,6919.0,6921.5,6909.5,6910.5,921,0
2026-02-01 14:10:00+05:30,6909.0,6919.0,6901.5,6912.0,1483,0
2026-02-01 14:15:00+05:30,6912.0,6920.0,6906.0,6915.5,1948,0
2026-02-01 14:20:00+05:30,6915.5,6920.0,6910.0,6916.0,481,0
2026-02-01 14:25:00+05:30,6916.0,6933.5,6913.0,6930.0,1550,0
2026-02-01 14:30:00+05:30,6933.5,6955.5,6930.0,6938.5,2527,0
2026-02-01 14:35:00+05:30,6938.5,6950.0,6922.5,6931.5,1438,0
2026-02-01 14:40:00+05:30,6931.5,6939.5,6924.5,6930.5,1721,0
2026-02-01 14:45:00+05:30,6930.0,6941.0,6901.0,6901.0,5581,0
2026-02-01 14:50:00+05:30,6903.5,6929.0,6897.0,6914.5,18212,0
2026-02-01 14:55:00+05:30,6918.0,6927.5,6902.0,6919.5,8456,0
2026-02-01 15:00:00+05:30,6919.5,6922.0,6902.5,6916.5,8517,0
2026-02-01 15:05:00+05:30,6913.0,6920.0,6910.5,6915.5,11328,0
2026-02-01 15:10:00+05:30,6915.5,6922.0,6887.5,6891.5,16153,0
2026-02-01 15:15:00+05:30,6888.0,6892.5,6852.5,6856.5,8642,0
2026-02-01 15:20:00+05:30,6853.5,6870.5,6850.0,6854.5,8647,0
2026-02-01 15:25:00+05:30,6854.5,6860.0,6814.0,6850.0,8849,0
2026-02-02 09:15:00+05:30,6805.0,6832.5,6738.0,6796.0,52185,0
2026-02-02 09:20:00+05:30,6798.0,6850.5,6793.5,6833.0,20913,0
2026-02-02 09:25:00+05:30,6834.0,6880.0,6811.0,6871.5,17628,0
2026-02-02 09:30:00+05:30,6873.0,6904.5,6861.5,6877.5,16958,0
2026-02-02 09:35:00+05:30,6877.5,6907.5,6871.0,6896.0,12919,0
2026-02-02 09:40:00+05:30,6895.5,6896.0,6873.0,6883.0,5987,0
2026-02-02 09:45:00+05:30,6881.5,6895.0,6874.5,6882.5,4786,0
2026-02-02 09:50:00+05:30,6882.5,6937.0,6881.5,6937.0,7968,0
2026-02-02 09:55:00+05:30,6936.5,6942.0,6896.5,6899.5,7392,0
2026-02-02 10:00:00+05:30,6896.5,6901.5,6891.0,6895.0,5243,0
2026-02-02 10:05:00+05:30,6893.0,6897.5,6880.5,6890.5,4984,0
2026-02-02 10:10:00+05:30,6890.5,6893.0,6866.5,6872.0,3597,0
2026-02-02 10:15:00+05:30,6872.0,6882.5,6865.5,6876.5,3488,0
2026-02-02 10:20:00+05:30,6878.0,6881.5,6867.0,6873.5,2280,0
2026-02-02 10:25:00+05:30,6873.5,6877.5,6862.0,6867.5,3233,0
2026-02-02 10:30:00+05:30,6868.5,6894.0,6868.5,6891.0,3939,0
2026-02-02 10:35:00+05:30,6891.5,6908.0,6885.5,6903.5,3312,0
2026-02-02 10:40:00+05:30,6903.5,6907.5,6893.5,6901.5,3610,0
2026-02-02 10:45:00+05:30,6901.5,6913.0,6894.5,6909.5,3034,0
2026-02-02 10:50:00+05:30,6911.0,6928.0,6904.5,6910.5,7669,0
2026-02-02 10:55:00+05:30,6907.0,6907.0,6886.0,6889.5,3776,0
2026-02-02 11:00:00+05:30,6889.5,6894.5,6874.0,6875.5,3613,0
2026-02-02 11:05:00+05:30,6875.5,6882.5,6865.5,6875.0,3704,0
2026-02-02 11:10:00+05:30,6874.0,6876.5,6864.0,6865.5,3259,0
2026-02-02 11:15:00+05:30,6867.0,6869.0,6851.0,6855.0,3290,0
2026-02-02 11:20:00+05:30,6856.0,6878.5,6851.0,6853.0,4071,0
2026-02-02 11:25:00+05:30,6852.5,6872.0,6852.0,6870.0,5070,0
2026-02-02 11:30:00+05:30,6869.5,6897.0,6867.5,6892.5,6418,0
2026-02-02 11:35:00+05:30,6894.0,6910.0,6881.0,6905.5,10161,0
2026-02-02 11:40:00+05:30,6906.0,6907.0,6890.0,6894.5,9093,0
2026-02-02 11:45:00+05:30,6894.5,6899.0,6887.0,6890.0,5021,0
2026-02-02 11:50:00+05:30,6889.5,6896.0,6884.0,6891.0,3813,0
2026-02-02 11:55:00+05:30,6891.0,6899.0,6886.0,6899.0,6136,0
2026-02-02 12:00:00+05:30,6899.0,6904.0,6881.0,6886.0,3331,0
2026-02-02 12:05:00+05:30,6885.0,6898.5,6883.0,6888.0,5732,0
2026-02-02 12:10:00+05:30,6888.5,6900.0,6883.5,6896.5,6528,0
2026-02-02 12:15:00+05:30,6894.0,6899.5,6880.0,6881.5,9833,0
2026-02-02 12:20:00+05:30,6882.0,6889.0,6877.0,6886.0,2859,0
2026-02-02 12:25:00+05:30,6885.5,6892.0,6877.0,6887.0,3256,0
2026-02-02 12:30:00+05:30,6887.5,6887.5,6870.5,6878.0,4155,0
2026-02-02 12:35:00+05:30,6878.0,6882.5,6871.5,6879.0,3269,0
2026-02-02 12:40:00+05:30,6881.5,6889.5,6880.0,6884.5,7589,0
2026-02-02 12:45:00+05:30,6884.5,6897.0,6883.5,6895.5,6446,0
2026-02-02 12:50:00+05:30,6893.0,6902.5,6886.5,6897.0,5347,0
2026-02-02 12:55:00+05:30,6898.0,6918.0,6897.5,6917.0,4050,0
2026-02-02 13:00:00+05:30,6917.0,6924.0,6914.5,6920.0,4859,0
2026-02-02 13:05:00+05:30,6921.0,6924.0,6918.5,6923.0,3342,0
2026-02-02 13:10:00+05:30,6923.0,6929.5,6922.0,6928.5,2708,0
2026-02-02 13:15:00+05:30,6928.5,6933.0,6909.5,6915.0,5770,0
2026-02-02 13:20:00+05:30,6915.0,6915.0,6901.0,6908.5,2898,0
2026-02-02 13:25:00+05:30,6909.0,6919.5,6907.0,6916.5,4961,0
2026-02-02 13:30:00+05:30,6916.5,6932.0,6914.5,6932.0,3333,0
2026-02-02 13:35:00+05:30,6932.5,6934.5,6920.5,6924.0,4292,0
2026-02-02 13:40:00+05:30,6924.5,6939.0,6923.5,6935.0,4731,0
2026-02-02 13:45:00+05:30,6935.5,6935.5,6928.5,6935.5,2502,0
2026-02-02 13:50:00+05:30,6934.5,6944.5,6931.5,6932.0,4561,0
2026-02-02 13:55:00+05:30,6932.5,6936.0,6925.0,6932.0,2368,0
2026-02-02 14:00:00+05:30,6932.0,6937.5,6926.5,6932.0,3319,0
2026-02-02 14:05:00+05:30,6932.0,6937.5,6928.5,6934.0,3009,0
2026-02-02 14:10:00+05:30,6933.5,6945.0,6929.5,6943.0,3416,0
2026-02-02 14:15:00+05:30,6942.5,6955.0,6942.5,6948.0,4685,0
2026-02-02 14:20:00+05:30,6948.0,6958.0,6947.5,6951.5,1868,0
2026-02-02 14:25:00+05:30,6951.5,6954.0,6945.0,6952.0,3308,0
2026-02-02 14:30:00+05:30,6954.0,6955.5,6939.5,6944.0,3606,0
2026-02-02 14:35:00+05:30,6944.0,6949.5,6939.5,6946.5,2252,0
2026-02-02 14:40:00+05:30,6946.0,6953.5,6946.0,6952.0,2462,0
2026-02-02 14:45:00+05:30,6952.0,6959.5,6951.0,6955.0,3352,0
2026-02-02 14:50:00+05:30,6955.5,6960.0,6949.5,6956.5,3772,0
2026-02-02 14:55:00+05:30,6957.0,6971.5,6956.0,6971.0,4391,0
2026-02-02 15:00:00+05:30,6971.0,6986.0,6969.5,6983.0,12277,0
2026-02-02 15:05:00+05:30,6982.5,6990.0,6982.0,6989.5,7573,0
2026-02-02 15:10:00+05:30,6989.0,6989.0,6982.5,6983.0,13007,0
2026-02-02 15:15:00+05:30,6984.0,6997.0,6984.0,6988.0,15428,0
2026-02-02 15:20:00+05:30,6987.5,6988.5,6982.5,6985.5,18588,0
2026-02-02 15:25:00+05:30,6985.5,6996.0,6974.5,6982.0,17259,0
2026-02-03 09:15:00+05:30,7200.0,7226.5,7115.5,7193.5,43428,0
2026-02-03 09:20:00+05:30,7193.5,7230.0,7192.5,7203.0,25546,0
2026-02-03 09:25:00+05:30,7203.0,7210.5,7180.0,7197.0,18839,0
2026-02-03 09:30:00+05:30,7196.0,7204.0,7170.5,7176.5,15322,0
2026-02-03 09:35:00+05:30,7178.0,7202.0,7173.0,7200.5,6105,0
2026-02-03 09:40:00+05:30,7202.0,7218.5,7194.5,7208.0,12685,0
2026-02-03 09:45:00+05:30,7206.0,7211.5,7179.5,7197.0,13071,0
2026-02-03 09:50:00+05:30,7194.0,7215.0,7186.5,7187.5,8807,0
2026-02-03 09:55:00+05:30,7187.5,7198.5,7181.0,7181.0,5642,0
2026-02-03 10:00:00+05:30,7181.0,7187.0,7171.0,7172.0,6152,0
2026-02-03 10:05:00+05:30,7172.0,7173.0,7102.0,7104.0,10447,0
2026-02-03 10:10:00+05:30,7102.0,7105.0,7053.0,7094.0,17853,0
2026-02-03 10:15:00+05:30,7093.5,7131.5,7093.5,7125.0,9988,0
2026-02-03 10:20:00+05:30,7125.0,7133.5,7120.5,7127.0,4524,0
2026-02-03 10:25:00+05:30,7127.0,7129.0,7119.5,7125.0,18968,0
2026-02-03 10:30:00+05:30,7126.5,7128.0,7120.0,7124.5,18002,0
2026-02-03 10:35:00+05:30,7125.0,7127.5,7114.0,7124.5,13817,0
2026-02-03 10:40:00+05:30,7125.0,7128.0,7116.0,7116.0,13048,0
2026-02-03 10:45:00+05:30,7116.0,7126.0,7114.0,7121.5,3462,0
2026-02-03 10:50:00+05:30,7121.0,7136.5,7117.0,7128.0,18061,0
2026-02-03 10:55:00+05:30,7127.0,7130.0,7121.0,7126.5,11405,0
2026-02-03 11:00:00+05:30,7128.0,7167.0,7125.0,7162.0,39337,0
2026-02-03 11:05:00+05:30,7161.0,7164.0,7156.0,7158.0,2863,0
2026-02-03 11:10:00+05:30,7160.0,7183.5,7158.0,7180.0,4678,0
2026-02-03 11:15:00+05:30,7180.5,7191.0,7172.5,7175.5,8874,0
2026-02-03 11:20:00+05:30,7174.5,7180.5,7162.0,7169.0,4181,0
2026-02-03 11:25:00+05:30,7168.5,7183.0,7161.5,7183.0,7364,0
2026-02-03 11:30:00+05:30,7180.5,7206.0,7178.0,7204.0,10021,0
2026-02-03 11:35:00+05:30,7204.0,7214.0,7198.0,7212.5,5296,0
2026-02-03 11:40:00+05:30,7210.5,7215.0,7204.0,7207.5,3291,0
2026-02-03 11:45:00+05:30,7207.5,7209.5,7201.0,7202.0,4007,0
2026-02-03 11:50:00+05:30,7202.0,7214.5,7194.5,7207.0,2609,0
2026-02-03 11:55:00+05:30,7207.0,7218.5,7203.0,7215.5,3704,0
2026-02-03 12:00:00+05:30,7215.5,7227.5,7199.5,7204.0,8350,0
2026-02-03 12:05:00+05:30,7206.0,7211.0,7199.0,7203.0,1891,0
2026-02-03 12:10:00+05:30,7200.0,7214.5,7198.5,7208.5,3303,0
2026-02-03 12:15:00+05:30,7208.5,7212.0,7204.5,7206.5,2684,0
2026-02-03 12:20:00+05:30,7206.5,7209.0,7187.0,7188.0,3239,0
2026-02-03 12:25:00+05:30,7188.0,7192.0,7176.5,7182.5,7483,0
2026-02-03 12:30:00+05:30,7182.0,7193.0,7168.5,7170.5,7966,0
2026-02-03 12:35:00+05:30,7173.0,7183.0,7160.0,7180.0,5264,0
2026-02-03 12:40:00+05:30,7182.5,7188.5,7176.5,7186.0,3841,0
2026-02-03 12:45:00+05:30,7186.0,7187.5,7169.5,7176.5,4771,0
2026-02-03 12:50:00+05:30,7179.5,7188.5,7175.5,7181.5,6170,0
2026-02-03 12:55:00+05:30,7184.0,7205.5,7172.0,7196.5,8748,0
2026-02-03 13:00:00+05:30,7196.5,7203.5,7189.5,7196.5,3388,0
2026-02-03 13:05:00+05:30,7196.5,7218.5,7193.0,7218.5,4198,0
2026-02-03 13:10:00+05:30,7216.0,7219.0,7203.0,7209.5,3128,0
2026-02-03 13:15:00+05:30,7211.0,7218.0,7202.0,7218.0,2852,0
2026-02-03 13:20:00+05:30,7218.0,7238.5,7205.0,7210.0,14201,0
2026-02-03 13:25:00+05:30,7208.5,7211.5,7199.0,7199.0,3022,0
2026-02-03 13:30:00+05:30,7199.5,7213.0,7199.0,7212.5,3079,0
2026-02-03 13:35:00+05:30,7212.5,7218.0,7196.5,7218.0,5398,0
2026-02-03 13:40:00+05:30,7218.0,7249.5,7215.5,7246.5,8665,0
2026-02-03 13:45:00+05:30,7248.0,7258.5,7245.0,7246.0,8883,0
2026-02-03 13:50:00+05:30,7248.0,7255.5,7235.5,7239.0,6143,0
2026-02-03 13:55:00+05:30,7240.5,7246.5,7235.0,7237.5,3532,0
2026-02-03 14:00:00+05:30,7239.5,7241.0,7216.5,7231.5,3430,0
2026-02-03 14:05:00+05:30,7231.0,7233.0,7217.5,7228.0,5542,0
2026-02-03 14:10:00+05:30,7228.0,7232.0,7214.0,7214.0,3231,0
2026-02-03 14:15:00+05:30,7216.0,7220.5,7209.0,7215.0,3837,0
2026-02-03 14:20:00+05:30,7216.0,7225.0,7213.5,7224.5,4077,0
2026-02-03 14:25:00+05:30,7225.0,7235.0,7220.5,7232.0,4707,0
2026-02-03 14:30:00+05:30,7232.0,7237.0,7212.5,7215.0,6980,0
2026-02-03 14:35:00+05:30,7217.0,7232.0,7215.5,7226.0,4273,0
2026-02-03 14:40:00+05:30,7225.0,7230.0,7207.5,7217.5,7304,0
2026-02-03 14:45:00+05:30,7217.5,7231.5,7212.0,7225.0,5674,0
2026-02-03 14:50:00+05:30,7227.5,7236.5,7222.5,7227.0,6770,0
2026-02-03 14:55:00+05:30,7227.0,7237.5,7222.5,7237.5,8298,0
2026-02-03 15:00:00+05:30,7237.0,7240.0,7206.0,7212.0,14958,0
2026-02-03 15:05:00+05:30,7214.0,7221.5,7209.0,7216.0,10842,0
2026-02-03 15:10:00+05:30,7216.5,7219.0,7207.0,7209.0,21881,0
2026-02-03 15:15:00+05:30,7208.5,7220.5,7208.5,7215.5,19124,0
2026-02-03 15:20:00+05:30,7216.0,7219.0,7206.5,7212.0,17353,0
2026-02-03 15:25:00+05:30,7215.0,7229.5,7205.0,7205.0,19942,0
2026-02-04 09:15:00+05:30,7215.0,7285.0,7170.5,7267.0,13617,0
2026-02-04 09:20:00+05:30,7268.0,7274.0,7252.5,7269.0,5557,0
2026-02-04 09:25:00+05:30,7265.5,7277.5,7262.5,7263.0,1839,0
2026-02-04 09:30:00+05:30,7264.5,7285.0,7264.5,7271.5,5130,0
2026-02-04 09:35:00+05:30,7273.5,7277.5,7262.5,7265.0,4297,0
2026-02-04 09:40:00+05:30,7265.0,7294.0,7264.5,7286.0,5100,0
2026-02-04 09:45:00+05:30,7286.5,7289.0,7281.0,7285.0,2886,0
2026-02-04 09:50:00+05:30,7285.0,7285.0,7265.5,7270.5,2727,0
2026-02-04 09:55:00+05:30,7272.0,7277.5,7268.5,7273.5,1535,0
2026-02-04 10:00:00+05:30,7274.0,7289.0,7260.5,7263.0,15063,0
2026-02-04 10:05:00+05:30,7263.0,7279.5,7260.5,7278.5,8935,0
2026-02-04 10:10:00+05:30,7278.5,7283.5,7275.5,7280.5,1572,0
2026-02-04 10:15:00+05:30,7281.5,7287.0,7280.5,7281.5,2428,0
2026-02-04 10:20:00+05:30,7281.0,7284.5,7278.5,7279.0,1576,0
2026-02-04 10:25:00+05:30,7278.5,7279.5,7268.0,7274.0,2374,0
2026-02-04 10:30:00+05:30,7272.0,7275.0,7270.0,7270.5,1316,0
2026-02-04 10:35:00+05:30,7270.0,7275.0,7262.0,7271.5,2282,0
2026-02-04 10:40:00+05:30,7272.0,7287.0,7272.0,7285.0,2068,0
2026-02-04 10:45:00+05:30,7285.0,7288.0,7277.5,7288.0,1505,0
2026-02-04 10:50:00+05:30,7287.5,7287.5,7279.5,7280.0,686,0
2026-02-04 10:55:00+05:30,7280.0,7294.0,7279.0,7284.5,2901,0
2026-02-04 11:00:00+05:30,7284.5,7290.0,7282.0,7284.0,1190,0
2026-02-04 11:05:00+05:30,7284.0,7285.5,7277.5,7277.5,1346,0
2026-02-04 11:10:00+05:30,7277.0,7277.5,7267.0,7277.0,1503,0
2026-02-04 11:15:00+05:30,7274.5,7277.0,7270.0,7275.0,919,0
2026-02-04 11:20:00+05:30,7275.0,7278.0,7271.5,7272.5,571,0
2026-02-04 11:25:00+05:30,7272.5,7278.0,7267.0,7273.0,1368,0
2026-02-04 11:30:00+05:30,7273.0,7278.0,7270.0,7274.5,656,0
2026-02-04 11:35:00+05:30,7275.0,7285.0,7274.5,7279.5,1525,0
2026-02-04 11:40:00+05:30,7280.0,7290.0,7279.5,7285.0,1193,0
2026-02-04 11:45:00+05:30,7285.0,7290.0,7285.0,7287.5,956,0
2026-02-04 11:50:00+05:30,7287.5,7299.5,7285.0,7299.5,4700,0
2026-02-04 11:55:00+05:30,7299.5,7305.0,7299.0,7302.5,3209,0
2026-02-04 12:00:00+05:30,7300.5,7309.0,7300.5,7309.0,2550,0
2026-02-04 12:05:00+05:30,7309.0,7310.5,7306.5,7309.5,1538,0
2026-02-04 12:10:00+05:30,7309.5,7321.5,7309.5,7320.5,3288,0
2026-02-04 12:15:00+05:30,7320.0,7325.0,7315.5,7316.0,1603,0
2026-02-04 12:20:00+05:30,7316.0,7328.0,7316.0,7325.0,2444,0
2026-02-04 12:25:00+05:30,7325.0,7327.0,7312.0,7315.0,2874,0
2026-02-04 12:30:00+05:30,7315.5,7315.5,7300.5,7307.5,1642,0
2026-02-04 12:35:00+05:30,7307.5,7310.0,7303.0,7309.0,827,0
2026-02-04 12:40:00+05:30,7308.5,7316.5,7300.0,7300.0,2175,0
2026-02-04 12:45:00+05:30,7300.0,7302.5,7286.5,7290.0,2011,0
2026-02-04 12:50:00+05:30,7290.5,7292.0,7283.0,7285.0,1851,0
2026-02-04 12:55:00+05:30,7285.0,7288.0,7279.5,7282.5,1297,0
2026-02-04 13:00:00+05:30,7282.5,7292.5,7281.0,7285.5,1918,0
2026-02-04 13:05:00+05:30,7288.0,7291.0,7281.5,7287.5,1016,0
2026-02-04 13:10:00+05:30,7285.5,7287.5,7273.0,7277.5,1947,0
2026-02-04 13:15:00+05:30,7277.5,7281.5,7271.0,7271.0,1328,0
2026-02-04 13:20:00+05:30,7272.0,7276.5,7270.0,7272.0,1556,0
2026-02-04 13:25:00+05:30,7272.0,7280.5,7272.0,7279.0,1163,0
2026-02-04 13:30:00+05:30,7280.5,7288.0,7274.5,7278.0,2408,0
2026-02-04 13:35:00+05:30,7278.5,7286.0,7272.5,7286.0,1671,0
2026-02-04 13:40:00+05:30,7286.0,7288.5,7279.5,7288.0,1480,0
2026-02-04 13:45:00+05:30,7288.0,7290.0,7283.0,7289.0,1490,0
2026-02-04 13:50:00+05:30,7289.0,7289.0,7275.0,7278.0,1964,0
2026-02-04 13:55:00+05:30,7278.0,7288.0,7272.0,7283.5,1663,0
2026-02-04 14:00:00+05:30,7280.0,7281.5,7270.0,7272.5,1929,0
2026-02-04 14:05:00+05:30,7270.5,7276.0,7270.0,7275.5,1409,0
2026-02-04 14:10:00+05:30,7275.5,7285.0,7275.0,7280.0,1796,0
2026-02-04 14:15:00+05:30,7280.0,7289.0,7277.0,7280.5,1268,0
2026-02-04 14:20:00+05:30,7280.0,7286.5,7276.5,7276.5,1407,0
2026-02-04 14:25:00+05:30,7276.5,7283.0,7274.0,7282.0,1211,0
2026-02-04 14:30:00+05:30,7282.5,7303.0,7282.5,7290.0,9136,0
2026-02-04 14:35:00+05:30,7288.5,7299.5,7288.5,7295.5,8933,0
2026-02-04 14:40:00+05:30,7295.5,7300.0,7284.5,7291.5,10703,0
2026-02-04 14:45:00+05:30,7290.0,7295.5,7275.0,7278.5,9989,0
2026-02-04 14:50:00+05:30,7278.5,7286.5,7276.5,7284.0,8806,0
2026-02-04 14:55:00+05:30,7286.0,7287.5,7265.0,7268.5,10162,0
2026-02-04 15:00:00+05:30,7269.0,7290.0,7269.0,7289.0,7451,0
2026-02-04 15:05:00+05:30,7289.0,7295.0,7280.5,7283.0,6424,0
2026-02-04 15:10:00+05:30,7283.0,7287.0,7282.0,7287.0,6376,0
2026-02-04 15:15:00+05:30,7287.0,7287.5,7280.5,7282.0,6776,0
2026-02-04 15:20:00+05:30,7281.5,7282.0,7262.5,7269.5,10968,0
2026-02-04 15:25:00+05:30,7269.5,7271.0,7250.5,7271.0,7174,0
2026-02-05 09:15:00+05:30,7290.0,7309.5,7247.0,7289.0,12580,0
2026-02-05 09:20:00+05:30,7287.5,7287.5,7248.0,7254.0,6423,0
2026-02-05 09:25:00+05:30,7249.5,7250.0,7221.5,7239.0,5585,0
2026-02-05 09:30:00+05:30,7240.0,7273.0,7240.0,7248.0,7845,0
2026-02-05 09:35:00+05:30,7248.0,7257.0,7227.0,7240.5,9430,0
2026-02-05 09:40:00+05:30,7240.5,7241.0,7206.0,7206.0,13485,0
2026-02-05 09:45:00+05:30,7206.0,7210.5,7183.0,7185.5,8642,0
2026-02-05 09:50:00+05:30,7185.0,7191.0,7177.0,7183.5,4367,0
2026-02-05 09:55:00+05:30,7183.5,7190.5,7177.0,7184.5,2937,0
2026-02-05 10:00:00+05:30,7185.0,7193.0,7176.5,7183.5,3761,0
2026-02-05 10:05:00+05:30,7183.5,7189.5,7181.0,7182.0,2192,0
2026-02-05 10:10:00+05:30,7182.0,7212.0,7182.0,7211.5,6873,0
2026-02-05 10:15:00+05:30,7211.0,7222.0,7207.0,7220.0,1999,0
2026-02-05 10:20:00+05:30,7220.0,7228.0,7217.5,7226.0,2208,0
2026-02-05 10:25:00+05:30,7225.0,7229.5,7213.5,7217.0,2230,0
2026-02-05 10:30:00+05:30,7218.5,7226.0,7210.0,7220.5,2570,0
2026-02-05 10:35:00+05:30,7220.5,7221.0,7210.0,7210.0,1748,0
2026-02-05 10:40:00+05:30,7210.0,7225.0,7208.0,7224.0,1632,0
2026-02-05 10:45:00+05:30,7224.0,7228.5,7220.0,7225.5,1420,0
2026-02-05 10:50:00+05:30,7225.5,7225.5,7209.5,7211.5,1626,0
2026-02-05 10:55:00+05:30,7212.5,7212.5,7195.0,7200.5,2216,0
2026-02-05 11:00:00+05:30,7200.0,7218.5,7195.0,7217.0,1724,0
2026-02-05 11:05:00+05:30,7217.0,7217.0,7209.0,7217.0,1145,0
2026-02-05 11:10:00+05:30,7216.5,7216.5,7206.0,7211.0,1346,0
2026-02-05 11:15:00+05:30,7210.5,7212.0,7203.0,7204.0,1438,0
2026-02-05 11:20:00+05:30,7204.0,7215.5,7202.0,7212.5,1007,0
2026-02-05 11:25:00+05:30,7212.5,7219.0,7210.0,7216.0,1182,0
2026-02-05 11:30:00+05:30,7216.0,7219.0,7209.5,7209.5,1294,0
2026-02-05 11:35:00+05:30,7211.0,7223.0,7208.0,7215.0,1035,0
2026-02-05 11:40:00+05:30,7217.5,7220.0,7211.0,7211.5,1000,0
2026-02-05 11:45:00+05:30,7210.0,7214.5,7202.0,7202.5,1175,0
2026-02-05 11:50:00+05:30,7202.5,7207.5,7199.5,7204.5,1088,0
2026-02-05 11:55:00+05:30,7207.0,7212.5,7204.0,7211.5,773,0
2026-02-05 12:00:00+05:30,7211.5,7214.5,7202.0,7213.0,1242,0
2026-02-05 12:05:00+05:30,7214.0,7214.5,7202.0,7206.0,1061,0
2026-02-05 12:10:00+05:30,7206.0,7213.0,7204.5,7212.0,823,0
2026-02-05 12:15:00+05:30,7212.0,7212.0,7203.5,7206.5,931,0
2026-02-05 12:20:00+05:30,7206.5,7209.5,7185.0,7185.0,2431,0
2026-02-05 12:25:00+05:30,7185.5,7197.5,7185.0,7192.0,1856,0
2026-02-05 12:30:00+05:30,7191.0,7201.5,7191.0,7198.0,2375,0
2026-02-05 12:35:00+05:30,7200.0,7203.0,7195.5,7196.5,2171,0
2026-02-05 12:40:00+05:30,7197.0,7206.0,7194.0,7204.0,3053,0
2026-02-05 12:45:00+05:30,7204.0,7206.0,7198.5,7203.0,1743,0
2026-02-05 12:50:00+05:30,7203.5,7209.0,7197.5,7201.5,2689,0
2026-02-05 12:55:00+05:30,7201.5,7214.5,7196.0,7210.0,2344,0
2026-02-05 13:00:00+05:30,7212.0,7212.0,7202.0,7209.5,1919,0
2026-02-05 13:05:00+05:30,7209.5,7217.5,7207.0,7214.5,1689,0
2026-02-05 13:10:00+05:30,7216.5,7217.5,7205.0,7211.5,1474,0
2026-02-05 13:15:00+05:30,7211.5,7214.0,7208.0,7212.0,1516,0
2026-02-05 13:20:00+05:30,7212.5,7217.5,7206.5,7207.5,2094,0
2026-02-05 13:25:00+05:30,7207.5,7209.5,7193.5,7199.0,2626,0
2026-02-05 13:30:00+05:30,7199.0,7203.5,7195.0,7199.5,3250,0
2026-02-05 13:35:00+05:30,7199.5,7210.5,7195.0,7207.0,3966,0
2026-02-05 13:40:00+05:30,7208.5,7208.5,7197.0,7203.0,2651,0
2026-02-05 13:45:00+05:30,7204.0,7206.5,7200.0,7203.0,1908,0
2026-02-05 13:50:00+05:30,7203.0,7208.0,7197.5,7201.0,2225,0
2026-02-05 13:55:00+05:30,7201.0,7208.0,7197.5,7198.5,2439,0
2026-02-05 14:00:00+05:30,7201.0,7202.5,7182.0,7189.5,3765,0
2026-02-05 14:05:00+05:30,7190.5,7194.5,7182.0,7187.5,6184,0
2026-02-05 14:10:00+05:30,7185.0,7194.0,7181.0,7182.0,2522,0
2026-02-05 14:15:00+05:30,7185.0,7186.5,7180.0,7183.0,1821,0
2026-02-05 14:20:00+05:30,7182.5,7195.0,7180.5,7190.5,2312,0
2026-02-05 14:25:00+05:30,7191.0,7196.0,7187.5,7191.5,2110,0
2026-02-05 14:30:00+05:30,7194.5,7208.0,7193.0,7206.5,2661,0
2026-02-05 14:35:00+05:30,7208.0,7221.0,7206.5,7215.0,16190,0
2026-02-05 14:40:00+05:30,7216.5,7216.5,7204.0,7209.5,5302,0
2026-02-05 14:45:00+05:30,7209.5,7210.0,7203.5,7210.0,2156,0
2026-02-05 14:50:00+05:30,7209.5,7218.0,7209.5,7218.0,1784,0
2026-02-05 14:55:00+05:30,7218.0,7220.0,7214.5,7216.5,1812,0
2026-02-05 15:00:00+05:30,7216.5,7224.5,7210.5,7223.0,4961,0
2026-02-05 15:05:00+05:30,7223.0,7227.0,7212.0,7217.5,5826,0
2026-02-05 15:10:00+05:30,7218.0,7222.5,7215.5,7216.5,5371,0
2026-02-05 15:15:00+05:30,7218.0,7219.5,7208.5,7208.5,6187,0
2026-02-05 15:20:00+05:30,7208.5,7209.5,7193.5,7196.5,8776,0
2026-02-05 15:25:00+05:30,7196.5,7217.0,7192.5,7193.0,8010,0
2026-02-06 09:15:00+05:30,7209.5,7209.5,7151.0,7183.5,11313,0
2026-02-06 09:20:00+05:30,7183.5,7194.5,7178.5,7185.0,7854,0
2026-02-06 09:25:00+05:30,7185.0,7192.5,7180.0,7180.0,4191,0
2026-02-06 09:30:00+05:30,7180.0,7187.5,7171.0,7177.0,6154,0
2026-02-06 09:35:00+05:30,7175.5,7177.0,7116.5,7118.5,14267,0
2026-02-06 09:40:00+05:30,7117.0,7128.0,7110.5,7118.0,8647,0
2026-02-06 09:45:00+05:30,7118.0,7140.5,7117.0,7130.5,5042,0
2026-02-06 09:50:00+05:30,7132.5,7140.5,7124.0,7132.5,2914,0
2026-02-06 09:55:00+05:30,7134.5,7134.5,7126.0,7127.5,2080,0
2026-02-06 10:00:00+05:30,7127.5,7137.0,7125.0,7130.0,3132,0
2026-02-06 10:05:00+05:30,7130.0,7140.5,7128.0,7132.0,2362,0
2026-02-06 10:10:00+05:30,7132.0,7141.5,7130.0,7131.5,2277,0
2026-02-06 10:15:00+05:30,7130.0,7150.0,7130.0,7146.0,3650,0
2026-02-06 10:20:00+05:30,7146.0,7150.5,7138.5,7143.5,3153,0
2026-02-06 10:25:00+05:30,7143.5,7144.0,7133.0,7133.0,2897,0
2026-02-06 10:30:00+05:30,7133.5,7143.0,7131.0,7131.5,2175,0
2026-02-06 10:35:00+05:30,7131.0,7151.5,7131.0,7144.0,1676,0
2026-02-06 10:40:00+05:30,7146.5,7151.0,7138.5,7149.5,942,0
2026-02-06 10:45:00+05:30,7149.5,7152.0,7148.0,7150.0,1348,0
2026-02-06 10:50:00+05:30,7150.0,7157.5,7143.0,7148.0,6710,0
2026-02-06 10:55:00+05:30,7147.5,7152.0,7147.0,7149.5,1258,0
2026-02-06 11:00:00+05:30,7150.0,7152.5,7141.0,7147.5,1603,0
2026-02-06 11:05:00+05:30,7147.5,7156.5,7147.0,7150.0,23898,0
2026-02-06 11:10:00+05:30,7149.0,7157.5,7148.0,7149.5,4487,0
2026-02-06 11:15:00+05:30,7150.0,7157.5,7144.0,7150.0,10117,0
2026-02-06 11:20:00+05:30,7149.0,7180.0,7149.0,7179.5,8961,0
2026-02-06 11:25:00+05:30,7177.0,7179.5,7171.0,7174.5,928,0
2026-02-06 11:30:00+05:30,7174.5,7180.0,7170.5,7179.0,2069,0
2026-02-06 11:35:00+05:30,7179.0,7196.5,7176.5,7195.0,3161,0
2026-02-06 11:40:00+05:30,7193.0,7200.0,7185.5,7185.5,1996,0
2026-02-06 11:45:00+05:30,7186.5,7203.5,7185.0,7202.5,1759,0
2026-02-06 11:50:00+05:30,7202.5,7203.0,7191.0,7191.5,1622,0
2026-02-06 11:55:00+05:30,7191.5,7195.0,7190.0,7195.0,647,0
2026-02-06 12:00:00+05:30,7193.5,7197.0,7179.5,7185.5,1558,0
2026-02-06 12:05:00+05:30,7185.0,7185.5,7169.5,7172.0,1639,0
2026-02-06 12:10:00+05:30,7171.0,7182.0,7170.0,7170.0,1361,0
2026-02-06 12:15:00+05:30,7166.5,7168.0,7157.5,7163.5,912,0
2026-02-06 12:20:00+05:30,7162.5,7162.5,7145.5,7152.0,1315,0
2026-02-06 12:25:00+05:30,7149.5,7164.0,7149.5,7162.5,1211,0
2026-02-06 12:30:00+05:30,7161.0,7163.5,7147.0,7154.0,1549,0
2026-02-06 12:35:00+05:30,7151.5,7165.5,7150.5,7161.5,1598,0
2026-02-06 12:40:00+05:30,7161.0,7163.0,7160.5,7163.0,740,0
2026-02-06 12:45:00+05:30,7162.5,7165.0,7155.0,7157.0,1429,0
2026-02-06 12:50:00+05:30,7157.0,7158.0,7149.5,7150.5,1142,0
2026-02-06 12:55:00+05:30,7151.5,7160.5,7150.0,7160.0,875,0
2026-02-06 13:00:00+05:30,7160.0,7160.0,7145.5,7150.5,1651,0
2026-02-06 13:05:00+05:30,7153.0,7161.0,7150.5,7154.0,1134,0
2026-02-06 13:10:00+05:30,7156.0,7156.5,7149.5,7151.0,1245,0
2026-02-06 13:15:00+05:30,7153.0,7154.5,7147.5,7147.5,1080,0
2026-02-06 13:20:00+05:30,7147.0,7148.5,7144.0,7146.5,781,0
2026-02-06 13:25:00+05:30,7145.5,7149.5,7139.0,7149.5,1374,0
2026-02-06 13:30:00+05:30,7149.5,7152.0,7142.0,7148.5,1329,0
2026-02-06 13:35:00+05:30,7147.5,7155.5,7145.0,7155.5,1298,0
2026-02-06 13:40:00+05:30,7155.5,7158.5,7151.0,7152.0,1748,0
2026-02-06 13:45:00+05:30,7152.0,7160.5,7152.0,7160.0,1185,0
2026-02-06 13:50:00+05:30,7157.5,7164.5,7156.5,7157.5,1799,0
2026-02-06 13:55:00+05:30,7157.5,7162.5,7152.0,7156.0,1386,0
2026-02-06 14:00:00+05:30,7158.5,7164.5,7156.5,7162.0,1323,0
2026-02-06 14:05:00+05:30,7161.0,7163.5,7158.5,7163.5,840,0
2026-02-06 14:10:00+05:30,7163.0,7165.0,7156.0,7165.0,2395,0
2026-02-06 14:15:00+05:30,7164.0,7167.5,7159.5,7166.0,1447,0
2026-02-06 14:20:00+05:30,7166.0,7168.5,7156.0,7156.0,1285,0
2026-02-06 14:25:00+05:30,7158.0,7165.0,7152.5,7152.5,1942,0
2026-02-06 14:30:00+05:30,7157.5,7163.5,7152.5,7160.5,1000,0
2026-02-06 14:35:00+05:30,7161.0,7168.0,7161.0,7168.0,1351,0
2026-02-06 14:40:00+05:30,7168.0,7172.5,7165.0,7168.0,2767,0
2026-02-06 14:45:00+05:30,7168.0,7170.5,7163.5,7164.0,1522,0
2026-02-06 14:50:00+05:30,7167.0,7168.0,7160.0,7168.0,1535,0
2026-02-06 14:55:00+05:30,7168.5,7178.5,7168.0,7178.5,1760,0
2026-02-06 15:00:00+05:30,7178.0,7189.0,7174.0,7176.0,9510,0
2026-02-06 15:05:00+05:30,7175.0,7181.5,7172.0,7179.5,6783,0
2026-02-06 15:10:00+05:30,7179.5,7180.5,7173.0,7179.0,7188,0
2026-02-06 15:15:00+05:30,7178.5,7180.0,7177.5,7178.5,7575,0
2026-02-06 15:20:00+05:30,7178.0,7184.0,7177.5,7183.0,8284,0
2026-02-06 15:25:00+05:30,7183.0,7183.0,7142.0,7155.0,6641,0
2026-02-09 09:15:00+05:30,7116.0,7140.0,7063.5,7135.5,23105,0
2026-02-09 09:20:00+05:30,7136.0,7144.5,7098.0,7114.5,11987,0
2026-02-09 09:25:00+05:30,7111.5,7138.5,7110.0,7130.0,4679,0
2026-02-09 09:30:00+05:30,7132.0,7137.5,7102.0,7105.5,4103,0
2026-02-09 09:35:00+05:30,7106.0,7119.0,7101.5,7109.0,3918,0
2026-02-09 09:40:00+05:30,7107.5,7145.0,7102.5,7133.5,7146,0
2026-02-09 09:45:00+05:30,7134.5,7152.0,7132.5,7144.5,6435,0
2026-02-09 09:50:00+05:30,7144.5,7159.0,7144.5,7154.5,5148,0
2026-02-09 09:55:00+05:30,7151.5,7155.0,7134.0,7141.5,4065,0
2026-02-09 10:00:00+05:30,7142.0,7144.5,7135.0,7142.0,3993,0
2026-02-09 10:05:00+05:30,7142.0,7142.0,7135.0,7140.5,1617,0
2026-02-09 10:10:00+05:30,7137.5,7142.0,7132.5,7135.5,1627,0
2026-02-09 10:15:00+05:30,7135.5,7138.0,7126.5,7129.0,6760,0
2026-02-09 10:20:00+05:30,7129.0,7141.0,7122.5,7137.0,3465,0
2026-02-09 10:25:00+05:30,7137.0,7159.5,7136.5,7158.5,7542,0
2026-02-09 10:30:00+05:30,7155.5,7163.0,7155.0,7158.0,3019,0
2026-02-09 10:35:00+05:30,7158.5,7177.5,7157.0,7175.5,3817,0
2026-02-09 10:40:00+05:30,7176.0,7203.0,7175.5,7200.0,8456,0
2026-02-09 10:45:00+05:30,7200.5,7209.0,7195.0,7209.0,3687,0
2026-02-09 10:50:00+05:30,7209.0,7219.5,7206.5,7216.0,2872,0
2026-02-09 10:55:00+05:30,7217.0,7218.5,7200.0,7200.0,6148,0
2026-02-09 11:00:00+05:30,7200.5,7206.5,7198.0,7200.5,9682,0
2026-02-09 11:05:00+05:30,7200.0,7207.0,7184.5,7198.0,11527,0
2026-02-09 11:10:00+05:30,7198.0,7199.0,7191.0,7194.5,1346,0
2026-02-09 11:15:00+05:30,7194.5,7194.5,7183.5,7190.0,2831,0
2026-02-09 11:20:00+05:30,7186.5,7195.0,7184.0,7192.0,3187,0
2026-02-09 11:25:00+05:30,7194.0,7194.5,7187.5,7191.0,1597,0
2026-02-09 11:30:00+05:30,7189.0,7191.0,7186.5,7190.0,1311,0
2026-02-09 11:35:00+05:30,7190.0,7201.0,7189.5,7198.0,1859,0
2026-02-09 11:40:00+05:30,7200.0,7214.0,7197.5,7211.0,3581,0
2026-02-09 11:45:00+05:30,7211.0,7215.0,7207.0,7212.5,1872,0
2026-02-09 11:50:00+05:30,7212.5,7215.0,7201.0,7201.5,3391,0
2026-02-09 11:55:00+05:30,7201.5,7204.5,7199.0,7202.0,1624,0
2026-02-09 12:00:00+05:30,7200.5,7205.0,7200.0,7205.0,1352,0
2026-02-09 12:05:00+05:30,7204.0,7208.0,7197.5,7200.5,1660,0
2026-02-09 12:10:00+05:30,7203.0,7205.5,7192.0,7200.0,3181,0
2026-02-09 12:15:00+05:30,7200.5,7203.0,7195.0,7200.0,1396,0
2026-02-09 12:20:00+05:30,7201.5,7201.5,7195.5,7200.0,1218,0
2026-02-09 12:25:00+05:30,7200.0,7200.0,7192.5,7194.0,1210,0
2026-02-09 12:30:00+05:30,7194.0,7197.0,7190.0,7193.0,1334,0
2026-02-09 12:35:00+05:30,7193.0,7199.5,7193.0,7196.0,2331,0
2026-02-09 12:40:00+05:30,7196.0,7197.5,7184.5,7185.0,1598,0
2026-02-09 12:45:00+05:30,7185.0,7186.0,7179.0,7184.0,1893,0
2026-02-09 12:50:00+05:30,7182.5,7187.0,7180.5,7184.5,1691,0
2026-02-09 12:55:00+05:30,7185.5,7194.0,7183.5,7193.5,2135,0
2026-02-09 13:00:00+05:30,7192.0,7198.5,7192.0,7196.0,1132,0
2026-02-09 13:05:00+05:30,7196.0,7202.0,7195.5,7199.5,1673,0
2026-02-09 13:10:00+05:30,7202.0,7207.0,7199.5,7203.0,1592,0
2026-02-09 13:15:00+05:30,7203.0,7206.0,7198.0,7201.5,1371,0
2026-02-09 13:20:00+05:30,7201.5,7201.5,7195.0,7201.5,1364,0
2026-02-09 13:25:00+05:30,7198.5,7202.0,7192.5,7195.0,1108,0
2026-02-09 13:30:00+05:30,7196.0,7199.0,7195.0,7196.5,1238,0
2026-02-09 13:35:00+05:30,7198.0,7200.0,7187.5,7188.0,3053,0
2026-02-09 13:40:00+05:30,7188.5,7194.5,7185.0,7186.5,3677,0
2026-02-09 13:45:00+05:30,7186.5,7194.5,7185.0,7185.5,1953,0
2026-02-09 13:50:00+05:30,7185.5,7190.0,7178.0,7180.5,2604,0
2026-02-09 13:55:00+05:30,7178.5,7195.5,7178.5,7190.0,2057,0
2026-02-09 14:00:00+05:30,7189.5,7195.0,7173.0,7174.0,5036,0
2026-02-09 14:05:00+05:30,7176.0,7178.0,7170.5,7175.0,1374,0
2026-02-09 14:10:00+05:30,7174.5,7183.0,7169.5,7171.0,7982,0
2026-02-09 14:15:00+05:30,7171.0,7175.0,7167.0,7167.5,1768,0
2026-02-09 14:20:00+05:30,7169.0,7178.5,7167.5,7178.5,1669,0
2026-02-09 14:25:00+05:30,7178.5,7178.5,7167.5,7169.5,2199,0
2026-02-09 14:30:00+05:30,7169.0,7171.5,7163.5,7167.0,3320,0
2026-02-09 14:35:00+05:30,7167.0,7170.0,7164.5,7164.5,3311,0
2026-02-09 14:40:00+05:30,7164.5,7166.5,7147.0,7154.0,4873,0
2026-02-09 14:45:00+05:30,7154.0,7163.5,7149.5,7153.5,2448,0
2026-02-09 14:50:00+05:30,7154.0,7161.5,7151.0,7157.5,2580,0
2026-02-09 14:55:00+05:30,7160.0,7193.0,7160.0,7186.5,14058,0
2026-02-09 15:00:00+05:30,7186.0,7200.0,7186.0,7197.0,5763,0
2026-02-09 15:05:00+05:30,7196.5,7208.5,7196.5,7207.5,12991,0
2026-02-09 15:10:00+05:30,7206.0,7207.5,7192.0,7195.0,8824,0
2026-02-09 15:15:00+05:30,7194.5,7195.0,7188.0,7188.5,6750,0
2026-02-09 15:20:00+05:30,7188.0,7194.5,7185.5,7188.5,10194,0
2026-02-09 15:25:00+05:30,7188.0,7209.0,7188.0,7209.0,7846,0
2026-02-10 09:15:00+05:30,7280.0,7280.0,7201.0,7235.0,42595,0
2026-02-10 09:20:00+05:30,7234.5,7246.0,7224.5,7241.0,8614,0
2026-02-10 09:25:00+05:30,7239.0,7240.5,7214.5,7222.0,7389,0
2026-02-10 09:30:00+05:30,7222.0,7226.5,7217.0,7221.0,5558,0
2026-02-10 09:35:00+05:30,7221.0,7238.5,7221.0,7235.5,5301,0
2026-02-10 09:40:00+05:30,7235.5,7268.0,7233.5,7263.0,11096,0
2026-02-10 09:45:00+05:30,7261.0,7279.5,7261.0,7262.0,8649,0
2026-02-10 09:50:00+05:30,7264.5,7268.0,7260.0,7261.5,3717,0
2026-02-10 09:55:00+05:30,7261.5,7263.0,7255.0,7261.5,3380,0
2026-02-10 10:00:00+05:30,7261.5,7270.0,7261.5,7264.0,4673,0
2026-02-10 10:05:00+05:30,7261.5,7264.5,7257.0,7258.5,3047,0
2026-02-10 10:10:00+05:30,7258.5,7262.0,7251.0,7259.0,6705,0
2026-02-10 10:15:00+05:30,7259.0,7261.5,7256.0,7260.5,2473,0
2026-02-10 10:20:00+05:30,7260.5,7261.5,7258.0,7261.5,3530,0
2026-02-10 10:25:00+05:30,7261.5,7265.0,7242.0,7251.5,6796,0
2026-02-10 10:30:00+05:30,7248.0,7255.5,7243.0,7246.0,7588,0
2026-02-10 10:35:00+05:30,7243.5,7250.0,7243.0,7249.0,4520,0
2026-02-10 10:40:00+05:30,7249.0,7253.0,7243.0,7249.5,3908,0
2026-02-10 10:45:00+05:30,7248.5,7258.0,7242.0,7243.0,4677,0
2026-02-10 10:50:00+05:30,7243.0,7248.0,7235.5,7248.0,3894,0
2026-02-10 10:55:00+05:30,7249.0,7259.5,7248.0,7258.5,2823,0
2026-02-10 11:00:00+05:30,7258.0,7269.5,7257.5,7267.0,6359,0
2026-02-10 11:05:00+05:30,7265.0,7290.0,7265.0,7289.5,11474,0
2026-02-10 11:10:00+05:30,7286.0,7289.0,7274.5,7286.5,4377,0
2026-02-10 11:15:00+05:30,7285.0,7290.0,7283.5,7285.0,4394,0
2026-02-10 11:20:00+05:30,7285.5,7289.0,7282.0,7289.0,3336,0
2026-02-10 11:25:00+05:30,7288.5,7299.0,7285.0,7287.5,6385,0
2026-02-10 11:30:00+05:30,7287.5,7304.5,7287.0,7301.5,8066,0
2026-02-10 11:35:00+05:30,7302.0,7310.0,7300.0,7305.0,10263,0
2026-02-10 11:40:00+05:30,7305.0,7313.5,7302.0,7306.0,8723,0
2026-02-10 11:45:00+05:30,7303.5,7309.0,7300.0,7306.0,4433,0
2026-02-10 11:50:00+05:30,7305.0,7314.0,7304.5,7311.5,4431,0
2026-02-10 11:55:00+05:30,7310.0,7313.0,7307.0,7309.5,3549,0
2026-02-10 12:00:00+05:30,7309.0,7320.0,7308.5,7317.0,7041,0
2026-02-10 12:05:00+05:30,7317.0,7317.5,7303.5,7313.5,3775,0
2026-02-10 12:10:00+05:30,7313.5,7320.0,7312.5,7320.0,3038,0
2026-02-10 12:15:00+05:30,7318.5,7325.0,7318.5,7322.0,6719,0
2026-02-10 12:20:00+05:30,7322.5,7323.0,7310.5,7314.0,5033,0
2026-02-10 12:25:00+05:30,7314.0,7318.5,7309.5,7316.0,4780,0
2026-02-10 12:30:00+05:30,7317.0,7318.0,7304.0,7306.0,4007,0
2026-02-10 12:35:00+05:30,7306.0,7320.0,7306.0,7320.0,5558,0
2026-02-10 12:40:00+05:30,7318.0,7320.0,7311.0,7313.5,4167,0
2026-02-10 12:45:00+05:30,7313.5,7317.0,7311.5,7311.5,3238,0
2026-02-10 12:50:00+05:30,7312.0,7319.5,7310.5,7319.5,2950,0
2026-02-10 12:55:00+05:30,7319.0,7319.5,7310.5,7311.5,2538,0
2026-02-10 13:00:00+05:30,7312.0,7314.5,7305.5,7307.0,4615,0
2026-02-10 13:05:00+05:30,7307.0,7312.0,7302.0,7311.0,4398,0
2026-02-10 13:10:00+05:30,7309.0,7312.0,7301.5,7306.5,5999,0
2026-02-10 13:15:00+05:30,7303.5,7306.0,7296.0,7299.5,5170,0
2026-02-10 13:20:00+05:30,7301.5,7301.5,7284.0,7285.5,6275,0
2026-02-10 13:25:00+05:30,7287.5,7296.0,7281.5,7281.5,7162,0
2026-02-10 13:30:00+05:30,7284.5,7287.5,7271.0,7281.0,6174,0
2026-02-10 13:35:00+05:30,7283.5,7284.5,7277.0,7283.5,4671,0
2026-02-10 13:40:00+05:30,7283.5,7285.0,7277.0,7279.5,2504,0
2026-02-10 13:45:00+05:30,7279.5,7285.0,7271.0,7272.5,6315,0
2026-02-10 13:50:00+05:30,7272.5,7280.0,7272.0,7279.0,2442,0
2026-02-10 13:55:00+05:30,7279.0,7280.0,7270.5,7275.0,3352,0
2026-02-10 14:00:00+05:30,7272.0,7281.0,7272.0,7276.0,3068,0
2026-02-10 14:05:00+05:30,7276.0,7284.5,7271.0,7282.5,5437,0
2026-02-10 14:10:00+05:30,7281.0,7283.0,7271.0,7283.0,3481,0
2026-02-10 14:15:00+05:30,7283.0,7290.0,7278.5,7288.5,7403,0
2026-02-10 14:20:00+05:30,7289.5,7290.5,7283.0,7286.5,3291,0
2026-02-10 14:25:00+05:30,7284.5,7289.0,7283.0,7284.5,2733,0
2026-02-10 14:30:00+05:30,7283.5,7289.0,7283.0,7286.0,2606,0
2026-02-10 14:35:00+05:30,7286.5,7290.0,7280.0,7280.5,3485,0
2026-02-10 14:40:00+05:30,7280.5,7281.5,7267.0,7275.5,6943,0
2026-02-10 14:45:00+05:30,7275.0,7284.0,7275.0,7282.0,3436,0
2026-02-10 14:50:00+05:30,7282.0,7288.5,7281.5,7285.5,4915,0
2026-02-10 14:55:00+05:30,7285.0,7291.5,7282.0,7283.5,7717,0
2026-02-10 15:00:00+05:30,7283.5,7293.5,7282.0,7289.5,13407,0
2026-02-10 15:05:00+05:30,7290.5,7300.0,7289.5,7299.5,12843,0
2026-02-10 15:10:00+05:30,7299.5,7300.0,7291.5,7294.5,12523,0
2026-02-10 15:15:00+05:30,7294.5,7295.0,7280.0,7290.5,12647,0
2026-02-10 15:20:00+05:30,7289.5,7310.0,7289.5,7309.5,11336,0
2026-02-10 15:25:00+05:30,7309.5,7310.5,7290.0,7290.5,11738,0
2026-02-11 09:15:00+05:30,7505.0,7707.0,7501.0,7700.0,264774,0
2026-02-11 09:20:00+05:30,7700.0,7786.0,7691.0,7782.5,210896,0
2026-02-11 09:25:00+05:30,7782.0,7783.5,7731.5,7752.5,101362,0
2026-02-11 09:30:00+05:30,7752.5,7784.5,7735.5,7770.0,107739,0
2026-02-11 09:35:00+05:30,7770.5,7777.0,7740.0,7755.0,55188,0
2026-02-11 09:40:00+05:30,7752.0,7772.5,7740.0,7767.5,55235,0
2026-02-11 09:45:00+05:30,7767.5,7794.0,7764.0,7772.0,82640,0
2026-02-11 09:50:00+05:30,7775.0,7784.0,7761.0,7771.0,37042,0
2026-02-11 09:55:00+05:30,7771.0,7779.5,7751.0,7759.5,33258,0
2026-02-11 10:00:00+05:30,7756.5,7775.0,7756.0,7768.5,20768,0
2026-02-11 10:05:00+05:30,7768.5,7779.5,7763.0,7772.0,23217,0
2026-02-11 10:10:00+05:30,7772.0,7776.5,7742.0,7748.5,63889,0
2026-02-11 10:15:00+05:30,7746.0,7783.0,7746.0,7782.0,36888,0
2026-02-11 10:20:00+05:30,7781.5,7805.0,7765.0,7772.5,87884,0
2026-02-11 10:25:00+05:30,7772.5,7794.0,7771.0,7794.0,17368,0
2026-02-11 10:30:00+05:30,7794.0,7800.0,7780.0,7785.0,24427,0
2026-02-11 10:35:00+05:30,7785.0,7794.0,7770.0,7777.5,18003,0
2026-02-11 10:40:00+05:30,7777.5,7784.0,7770.0,7770.0,15945,0
2026-02-11 10:45:00+05:30,7770.0,7779.0,7763.0,7771.5,14216,0
2026-02-11 10:50:00+05:30,7771.5,7773.0,7760.0,7762.0,14834,0
2026-02-11 10:55:00+05:30,7762.0,7775.0,7755.0,7771.0,13438,0
2026-02-11 11:00:00+05:30,7771.0,7779.5,7771.0,7778.0,9784,0
2026-02-11 11:05:00+05:30,7776.5,7782.5,7774.0,7778.5,20430,0
2026-02-11 11:10:00+05:30,7779.0,7788.0,7772.5,7779.0,15826,0
2026-02-11 11:15:00+05:30,7779.0,7783.0,7770.0,7775.5,8555,0
2026-02-11 11:20:00+05:30,7775.5,7780.5,7772.5,7775.0,5690,0
2026-02-11 11:25:00+05:30,7775.0,7776.5,7762.5,7770.0,11989,0
2026-02-11 11:30:00+05:30,7770.5,7770.5,7747.0,7764.0,64140,0
2026-02-11 11:35:00+05:30,7764.0,7776.0,7761.0,7769.5,14018,0
2026-02-11 11:40:00+05:30,7769.0,7771.5,7764.5,7765.0,8416,0
2026-02-11 11:45:00+05:30,7765.0,7769.0,7764.0,7768.0,4879,0
2026-02-11 11:50:00+05:30,7767.0,7768.0,7754.5,7758.5,9961,0
2026-02-11 11:55:00+05:30,7758.0,7765.0,7756.0,7757.0,8523,0
2026-02-11 12:00:00+05:30,7757.5,7762.0,7745.0,7749.0,18378,0
2026-02-11 12:05:00+05:30,7749.0,7750.0,7720.0,7720.0,62286,0
2026-02-11 12:10:00+05:30,7720.0,7740.0,7720.0,7735.0,49171,0
2026-02-11 12:15:00+05:30,7735.0,7748.5,7735.0,7742.5,25814,0
2026-02-11 12:20:00+05:30,7742.0,7754.0,7738.0,7749.0,25323,0
2026-02-11 12:25:00+05:30,7749.5,7750.5,7736.5,7743.0,14736,0
2026-02-11 12:30:00+05:30,7744.0,7749.5,7738.0,7740.0,17283,0
2026-02-11 12:35:00+05:30,7741.0,7745.0,7722.0,7734.5,13374,0
2026-02-11 12:40:00+05:30,7734.5,7739.0,7730.5,7732.5,6546,0
2026-02-11 12:45:00+05:30,7732.0,7735.5,7725.0,7728.0,14503,0
2026-02-11 12:50:00+05:30,7727.5,7749.5,7725.0,7747.0,16336,0
2026-02-11 12:55:00+05:30,7747.0,7750.5,7736.0,7740.5,20675,0
2026-02-11 13:00:00+05:30,7741.5,7746.0,7736.0,7742.5,6156,0
2026-02-11 13:05:00+05:30,7742.5,7748.0,7739.0,7747.0,6584,0
2026-02-11 13:10:00+05:30,7747.0,7758.0,7735.5,7742.0,21575,0
2026-02-11 13:15:00+05:30,7742.0,7745.0,7737.0,7745.0,7784,0
2026-02-11 13:20:00+05:30,7743.5,7745.5,7738.0,7741.0,6122,0
2026-02-11 13:25:00+05:30,7742.0,7747.0,7738.0,7743.0,8354,0
2026-02-11 13:30:00+05:30,7742.0,7747.5,7738.0,7744.5,9302,0
2026-02-11 13:35:00+05:30,7744.5,7752.0,7740.0,7752.0,12617,0
2026-02-11 13:40:00+05:30,7752.0,7758.5,7745.0,7745.0,18612,0
2026-02-11 13:45:00+05:30,7745.0,7765.0,7743.5,7757.5,12275,0
2026-02-11 13:50:00+05:30,7757.0,7763.0,7744.0,7746.0,10898,0
2026-02-11 13:55:00+05:30,7746.5,7747.0,7738.0,7744.0,8475,0
2026-02-11 14:00:00+05:30,7744.0,7747.0,7739.0,7743.0,7740,0
2026-02-11 14:05:00+05:30,7742.0,7749.0,7742.0,7744.0,5541,0
2026-02-11 14:10:00+05:30,7744.0,7750.0,7742.0,7749.0,9331,0
2026-02-11 14:15:00+05:30,7749.0,7749.5,7740.0,7741.0,7031,0
2026-02-11 14:20:00+05:30,7741.0,7743.0,7734.5,7738.0,11405,0
2026-02-11 14:25:00+05:30,7738.0,7750.0,7736.5,7747.0,26071,0
2026-02-11 14:30:00+05:30,7746.5,7785.0,7745.0,7765.0,62818,0
2026-02-11 14:35:00+05:30,7765.0,7780.0,7760.0,7760.0,17195,0
2026-02-11 14:40:00+05:30,7760.5,7767.0,7745.0,7764.0,17248,0
2026-02-11 14:45:00+05:30,7763.0,7773.5,7760.5,7765.0,15676,0
2026-02-11 14:50:00+05:30,7765.0,7768.0,7757.0,7764.5,12880,0
2026-02-11 14:55:00+05:30,7764.5,7775.0,7763.0,7772.0,11390,0
2026-02-11 15:00:00+05:30,7772.0,7780.0,7762.0,7775.0,21405,0
2026-02-11 15:05:00+05:30,7775.0,7778.0,7768.0,7776.5,16970,0
2026-02-11 15:10:00+05:30,7777.0,7780.0,7769.5,7778.0,25180,0
2026-02-11 15:15:00+05:30,7779.5,7780.0,7771.5,7779.5,48432,0
2026-02-11 15:20:00+05:30,7776.0,7779.0,7749.5,7767.0,51277,0
2026-02-11 15:25:00+05:30,7767.0,7777.0,7761.0,7766.5,24380,0
2026-02-12 09:15:00+05:30,7779.5,7865.0,7760.0,7828.0,141433,0
2026-02-12 09:20:00+05:30,7828.0,7840.0,7800.0,7829.0,39626,0
2026-02-12 09:25:00+05:30,7826.5,7840.0,7807.0,7812.5,26320,0
2026-02-12 09:30:00+05:30,7812.5,7828.5,7803.0,7819.5,15625,0
2026-02-12 09:35:00+05:30,7819.5,7835.0,7819.5,7830.5,15352,0
2026-02-12 09:40:00+05:30,7832.0,7858.0,7830.5,7858.0,32156,0
2026-02-12 09:45:00+05:30,7856.0,7885.0,7849.5,7863.5,31815,0
2026-02-12 09:50:00+05:30,7863.5,7866.5,7840.5,7855.5,17348,0
2026-02-12 09:55:00+05:30,7854.0,7855.5,7840.0,7847.0,12419,0
2026-02-12 10:00:00+05:30,7847.0,7849.5,7828.0,7828.0,15146,0
2026-02-12 10:05:00+05:30,7827.5,7855.5,7826.5,7852.5,10380,0
2026-02-12 10:10:00+05:30,7852.5,7853.5,7840.0,7849.0,8101,0
2026-02-12 10:15:00+05:30,7849.0,7853.0,7842.5,7852.0,4062,0
2026-02-12 10:20:00+05:30,7850.5,7867.0,7847.0,7856.5,15627,0
2026-02-12 10:25:00+05:30,7856.5,7860.0,7850.5,7858.0,6632,0
2026-02-12 10:30:00+05:30,7858.0,7860.0,7851.5,7858.0,6653,0
2026-02-12 10:35:00+05:30,7857.5,7860.0,7852.0,7858.5,7761,0
2026-02-12 10:40:00+05:30,7857.5,7867.0,7850.5,7852.5,9180,0
2026-02-12 10:45:00+05:30,7853.0,7855.0,7848.0,7855.0,6406,0
2026-02-12 10:50:00+05:30,7855.0,7861.5,7852.0,7857.0,5477,0
2026-02-12 10:55:00+05:30,7857.0,7861.5,7856.5,7857.0,4794,0
2026-02-12 11:00:00+05:30,7857.0,7864.0,7856.5,7864.0,4522,0
2026-02-12 11:05:00+05:30,7863.5,7874.5,7863.0,7871.5,13481,0
2026-02-12 11:10:00+05:30,7871.5,7876.5,7866.5,7874.5,12247,0
2026-02-12 11:15:00+05:30,7874.0,7884.0,7874.0,7882.0,11601,0
2026-02-12 11:20:00+05:30,7882.0,7909.0,7882.0,7902.0,40738,0
2026-02-12 11:25:00+05:30,7902.0,7914.5,7893.0,7893.5,16819,0
2026-02-12 11:30:00+05:30,7893.5,7900.0,7881.5,7897.0,10280,0
2026-02-12 11:35:00+05:30,7896.0,7908.5,7890.0,7895.5,12763,0
2026-02-12 11:40:00+05:30,7895.5,7905.0,7894.5,7901.5,4430,0
2026-02-12 11:45:00+05:30,7901.5,7902.5,7899.0,7902.0,4519,0
2026-02-12 11:50:00+05:30,7901.5,7908.0,7901.0,7908.0,4594,0
2026-02-12 11:55:00+05:30,7907.5,7910.0,7901.0,7902.0,8304,0
2026-02-12 12:00:00+05:30,7902.0,7904.5,7891.0,7894.5,6511,0
2026-02-12 12:05:00+05:30,7894.5,7902.0,7892.5,7894.0,5084,0
2026-02-12 12:10:00+05:30,7894.0,7899.0,7891.5,7898.0,4810,0
2026-02-12 12:15:00+05:30,7898.0,7905.0,7897.5,7903.0,4226,0
2026-02-12 12:20:00+05:30,7903.0,7908.0,7902.0,7907.5,9172,0
2026-02-12 12:25:00+05:30,7906.0,7908.0,7903.0,7904.0,3797,0
2026-02-12 12:30:00+05:30,7904.0,7919.0,7904.0,7917.0,13465,0
2026-02-12 12:35:00+05:30,7918.5,7925.0,7911.0,7916.5,14298,0
2026-02-12 12:40:00+05:30,7916.5,7921.0,7913.0,7916.5,8041,0
2026-02-12 12:45:00+05:30,7916.0,7927.0,7914.0,7923.0,10466,0
2026-02-12 12:50:00+05:30,7921.0,7927.0,7920.5,7927.0,8000,0
2026-02-12 12:55:00+05:30,7927.0,7968.0,7925.0,7954.5,44740,0
2026-02-12 13:00:00+05:30,7954.5,7960.0,7945.5,7950.0,13780,0
2026-02-12 13:05:00+05:30,7950.0,7952.0,7928.0,7934.0,16456,0
2026-02-12 13:10:00+05:30,7934.0,7942.0,7931.5,7933.5,10368,0
2026-02-12 13:15:00+05:30,7934.5,7938.0,7924.5,7933.0,10971,0
2026-02-12 13:20:00+05:30,7933.0,7949.0,7927.5,7948.5,7904,0
2026-02-12 13:25:00+05:30,7949.0,7954.5,7947.5,7951.0,9713,0
2026-02-12 13:30:00+05:30,7951.0,7955.0,7948.5,7952.0,10817,0
2026-02-12 13:35:00+05:30,7951.0,7955.0,7950.0,7952.5,5038,0
2026-02-12 13:40:00+05:30,7955.5,7957.0,7950.0,7957.0,4854,0
2026-02-12 13:45:00+05:30,7957.0,7957.0,7937.0,7938.0,19246,0
2026-02-12 13:50:00+05:30,7940.0,7940.0,7922.0,7933.0,12863,0
2026-02-12 13:55:00+05:30,7934.0,7936.0,7930.0,7935.0,5311,0
2026-02-12 14:00:00+05:30,7935.0,7940.0,7932.0,7937.5,5431,0
2026-02-12 14:05:00+05:30,7937.5,7945.0,7935.0,7937.0,3205,0
2026-02-12 14:10:00+05:30,7939.0,7943.0,7936.0,7941.0,3507,0
2026-02-12 14:15:00+05:30,7941.0,7941.0,7934.0,7936.0,5422,0
2026-02-12 14:20:00+05:30,7937.5,7949.5,7935.0,7948.0,7673,0
2026-02-12 14:25:00+05:30,7948.0,7950.0,7935.0,7942.0,7730,0
2026-02-12 14:30:00+05:30,7942.0,7944.5,7937.5,7944.5,3437,0
2026-02-12 14:35:00+05:30,7944.5,7945.0,7936.0,7936.0,5268,0
2026-02-12 14:40:00+05:30,7938.5,7939.0,7930.5,7938.0,16585,0
2026-02-12 14:45:00+05:30,7938.0,7939.0,7906.5,7908.0,33172,0
2026-02-12 14:50:00+05:30,7908.0,7924.0,7903.5,7916.0,13738,0
2026-02-12 14:55:00+05:30,7917.5,7925.0,7914.0,7925.0,9943,0
2026-02-12 15:00:00+05:30,7925.0,7944.0,7925.0,7940.5,20807,0
2026-02-12 15:05:00+05:30,7941.5,7950.0,7940.0,7950.0,24996,0
2026-02-12 15:10:00+05:30,7949.5,7953.0,7941.0,7943.0,24897,0
2026-02-12 15:15:00+05:30,7943.0,7953.0,7940.0,7945.5,28511,0
2026-02-12 15:20:00+05:30,7945.5,7954.0,7939.0,7944.0,41005,0
2026-02-12 15:25:00+05:30,7942.5,7945.0,7918.5,7936.5,15879,0
2026-02-13 09:15:00+05:30,7900.0,7982.5,7886.5,7950.5,34265,0
2026-02-13 09:20:00+05:30,7948.0,7955.0,7931.0,7946.0,14370,0
2026-02-13 09:25:00+05:30,7947.5,7953.5,7925.5,7925.5,11574,0
2026-02-13 09:30:00+05:30,7928.0,7932.0,7914.0,7922.0,10220,0
2026-02-13 09:35:00+05:30,7922.0,7935.0,7919.5,7935.0,6673,0
2026-02-13 09:40:00+05:30,7938.0,7950.0,7934.0,7945.5,7799,0
2026-02-13 09:45:00+05:30,7946.0,7949.0,7935.5,7943.0,10229,0
2026-02-13 09:50:00+05:30,7943.5,7960.0,7941.5,7950.0,8424,0
2026-02-13 09:55:00+05:30,7952.0,7960.0,7945.0,7957.5,5574,0
2026-02-13 10:00:00+05:30,7957.0,7957.5,7946.0,7947.0,5632,0
2026-02-13 10:05:00+05:30,7947.0,7948.0,7931.5,7937.0,6249,0
2026-02-13 10:10:00+05:30,7939.0,7947.0,7930.0,7939.0,7731,0
2026-02-13 10:15:00+05:30,7939.5,7939.5,7927.0,7936.5,6402,0
2026-02-13 10:20:00+05:30,7936.5,7958.5,7935.5,7957.0,5442,0
2026-02-13 10:25:00+05:30,7957.0,7965.0,7956.0,7958.5,6877,0
2026-02-13 10:30:00+05:30,7958.5,7977.0,7958.0,7964.0,11776,0
2026-02-13 10:35:00+05:30,7964.5,7965.0,7955.5,7960.0,4963,0
2026-02-13 10:40:00+05:30,7960.0,7968.0,7957.0,7967.0,2980,0
2026-02-13 10:45:00+05:30,7968.0,7970.0,7960.0,7969.0,5658,0
2026-02-13 10:50:00+05:30,7969.0,7974.0,7961.0,7970.5,6047,0
2026-02-13 10:55:00+05:30,7971.0,7978.5,7969.5,7970.0,6610,0
2026-02-13 11:00:00+05:30,7971.0,7974.5,7965.0,7968.0,3989,0
2026-02-13 11:05:00+05:30,7968.0,7975.0,7965.0,7975.0,4701,0
2026-02-13 11:10:00+05:30,7974.5,7977.0,7972.0,7976.0,3268,0
2026-02-13 11:15:00+05:30,7977.0,7985.0,7974.0,7974.5,5779,0
2026-02-13 11:20:00+05:30,7975.0,7981.5,7973.0,7980.5,4219,0
2026-02-13 11:25:00+05:30,7980.5,8008.5,7979.0,8000.5,16387,0
2026-02-13 11:30:00+05:30,8002.5,8040.0,7999.5,8034.5,25648,0
2026-02-13 11:35:00+05:30,8035.0,8040.0,8000.0,8015.0,32900,0
2026-02-13 11:40:00+05:30,8015.0,8023.0,8002.0,8020.5,7829,0
2026-02-13 11:45:00+05:30,8023.5,8067.5,8020.5,8064.0,18089,0
2026-02-13 11:50:00+05:30,8066.0,8068.0,8020.5,8026.5,15755,0
2026-02-13 11:55:00+05:30,8029.0,8045.0,8026.0,8036.5,34838,0
2026-02-13 12:00:00+05:30,8038.0,8054.0,8035.0,8047.0,8328,0
2026-02-13 12:05:00+05:30,8047.0,8052.0,8042.0,8050.0,8810,0
2026-02-13 12:10:00+05:30,8050.0,8074.0,8046.0,8067.5,10093,0
2026-02-13 12:15:00+05:30,8070.0,8095.0,8062.0,8094.5,17116,0
2026-02-13 12:20:00+05:30,8094.5,8113.5,8070.0,8098.5,29910,0
2026-02-13 12:25:00+05:30,8095.5,8115.0,8090.5,8095.0,16365,0
2026-02-13 12:30:00+05:30,8095.0,8119.0,8076.0,8107.0,30972,0
2026-02-13 12:35:00+05:30,8108.5,8108.5,8094.5,8100.0,19012,0
2026-02-13 12:40:00+05:30,8098.0,8100.0,8085.5,8087.0,13135,0
2026-02-13 12:45:00+05:30,8087.0,8092.0,8070.0,8076.5,14456,0
2026-02-13 12:50:00+05:30,8078.0,8085.0,8071.0,8074.5,6229,0
2026-02-13 12:55:00+05:30,8075.0,8083.0,8070.0,8070.5,6937,0
2026-02-13 13:00:00+05:30,8071.0,8095.0,8071.0,8082.5,15942,0
2026-02-13 13:05:00+05:30,8082.5,8082.5,8054.0,8060.0,14254,0
2026-02-13 13:10:00+05:30,8059.0,8082.0,8050.0,8055.0,70534,0
2026-02-13 13:15:00+05:30,8055.5,8066.5,8050.0,8056.5,6763,0
2026-02-13 13:20:00+05:30,8057.0,8057.0,8050.0,8053.0,7515,0
2026-02-13 13:25:00+05:30,8052.5,8060.0,8046.0,8054.5,11337,0
2026-02-13 13:30:00+05:30,8054.5,8055.0,8050.0,8050.0,8520,0
2026-02-13 13:35:00+05:30,8050.5,8052.0,8043.0,8050.5,11180,0
2026-02-13 13:40:00+05:30,8050.0,8061.5,8048.0,8055.0,11863,0
2026-02-13 13:45:00+05:30,8056.0,8062.0,8050.5,8052.0,5046,0
2026-02-13 13:50:00+05:30,8055.0,8062.0,8051.5,8051.5,4500,0
2026-02-13 13:55:00+05:30,8051.5,8065.0,8045.5,8065.0,11833,0
2026-02-13 14:00:00+05:30,8064.5,8085.0,8058.5,8080.5,11608,0
2026-02-13 14:05:00+05:30,8081.0,8083.0,8074.0,8077.0,6181,0
2026-02-13 14:10:00+05:30,8077.0,8080.0,8069.5,8077.5,6480,0
2026-02-13 14:15:00+05:30,8077.5,8078.0,8066.5,8066.5,5323,0
2026-02-13 14:20:00+05:30,8067.5,8068.0,8050.0,8060.5,6730,0
2026-02-13 14:25:00+05:30,8063.5,8063.5,8055.5,8057.0,6033,0
2026-02-13 14:30:00+05:30,8057.0,8067.5,8054.0,8062.0,13606,0
2026-02-13 14:35:00+05:30,8064.5,8072.0,8060.0,8070.0,6469,0
2026-02-13 14:40:00+05:30,8070.0,8075.0,8064.0,8071.0,7553,0
2026-02-13 14:45:00+05:30,8071.0,8071.5,8060.0,8062.5,6606,0
2026-02-13 14:50:00+05:30,8062.5,8066.5,8060.0,8063.0,10695,0
2026-02-13 14:55:00+05:30,8065.0,8073.0,8060.5,8070.5,9463,0
2026-02-13 15:00:00+05:30,8070.5,8073.0,8060.0,8061.0,12313,0
2026-02-13 15:05:00+05:30,8061.0,8087.0,8060.0,8066.0,34186,0
2026-02-13 15:10:00+05:30,8066.0,8072.5,8060.0,8067.0,18595,0
2026-02-13 15:15:00+05:30,8068.0,8073.0,8060.0,8062.5,24277,0
2026-02-13 15:20:00+05:30,8062.0,8072.0,8060.0,8060.5,36596,0
2026-02-13 15:25:00+05:30,8060.5,8074.5,8052.0,8067.0,25626,0
2026-02-16 09:15:00+05:30,8078.5,8080.0,8014.0,8028.0,25628,0
2026-02-16 09:20:00+05:30,8026.5,8063.5,8026.5,8060.0,18288,0
2026-02-16 09:25:00+05:30,8062.5,8084.5,8059.0,8063.0,15083,0
2026-02-16 09:30:00+05:30,8064.0,8080.0,8060.0,8072.5,7680,0
2026-02-16 09:35:00+05:30,8072.5,8075.0,8059.5,8066.0,6540,0
2026-02-16 09:40:00+05:30,8063.5,8070.0,8041.5,8048.5,62858,0
2026-02-16 09:45:00+05:30,8048.5,8052.5,8039.5,8046.5,5671,0
2026-02-16 09:50:00+05:30,8047.0,8059.0,8037.0,8055.5,45841,0
2026-02-16 09:55:00+05:30,8058.0,8074.5,8055.5,8073.0,5215,0
2026-02-16 10:00:00+05:30,8075.0,8078.5,8056.5,8061.5,5164,0
2026-02-16 10:05:00+05:30,8061.5,8067.5,8059.0,8063.0,1525,0
2026-02-16 10:10:00+05:30,8062.5,8064.0,8051.0,8059.0,4097,0
2026-02-16 10:15:00+05:30,8058.5,8060.0,8050.0,8058.5,2203,0
2026-02-16 10:20:00+05:30,8057.0,8058.5,8049.0,8049.0,2221,0
2026-02-16 10:25:00+05:30,8049.0,8058.5,8021.5,8040.5,14274,0
2026-02-16 10:30:00+05:30,8039.5,8048.5,8037.0,8048.5,2075,0
2026-02-16 10:35:00+05:30,8048.0,8059.5,8037.5,8043.5,3130,0
2026-02-16 10:40:00+05:30,8041.5,8050.0,8038.5,8042.5,2334,0
2026-02-16 10:45:00+05:30,8042.0,8047.0,8039.5,8045.0,1378,0
2026-02-16 10:50:00+05:30,8044.0,8049.0,8037.5,8046.5,2633,0
2026-02-16 10:55:00+05:30,8044.0,8054.5,8037.5,8037.5,3062,0
2026-02-16 11:00:00+05:30,8038.5,8041.0,8030.0,8035.5,11639,0
2026-02-16 11:05:00+05:30,8035.5,8037.5,8028.5,8029.5,1578,0
2026-02-16 11:10:00+05:30,8032.0,8038.0,8029.0,8035.0,1135,0
2026-02-16 11:15:00+05:30,8034.0,8037.0,8028.5,8034.0,1949,0
2026-02-16 11:20:00+05:30,8035.0,8035.0,8027.0,8032.5,2885,0
2026-02-16 11:25:00+05:30,8032.5,8033.5,8010.0,8015.0,5404,0
2026-02-16 11:30:00+05:30,8014.5,8014.5,7997.5,8003.5,5875,0
2026-02-16 11:35:00+05:30,8003.5,8009.5,7994.0,8000.0,4401,0
2026-02-16 11:40:00+05:30,8000.0,8015.5,8000.0,8002.0,4562,0
2026-02-16 11:45:00+05:30,8002.0,8004.0,7992.5,7995.0,2640,0
2026-02-16 11:50:00+05:30,7995.0,7997.0,7987.0,7991.5,3225,0
2026-02-16 11:55:00+05:30,7988.0,8003.5,7987.5,7999.5,41699,0
2026-02-16 12:00:00+05:30,8003.5,8009.5,7999.5,8002.0,2345,0
2026-02-16 12:05:00+05:30,8001.5,8006.0,7998.5,8000.0,1805,0
2026-02-16 12:10:00+05:30,8004.0,8015.0,7999.5,8009.0,2642,0
2026-02-16 12:15:00+05:30,8009.5,8011.5,8000.5,8006.5,1727,0
2026-02-16 12:20:00+05:30,8007.0,8012.0,8002.0,8002.5,1590,0
2026-02-16 12:25:00+05:30,8002.5,8005.0,7998.0,8001.0,3332,0
2026-02-16 12:30:00+05:30,8002.0,8013.0,8001.0,8005.0,3051,0
2026-02-16 12:35:00+05:30,8008.0,8014.0,8004.5,8011.5,6835,0
2026-02-16 12:40:00+05:30,8011.5,8013.0,8005.0,8006.0,2022,0
2026-02-16 12:45:00+05:30,8010.0,8015.0,8006.0,8008.5,1600,0
2026-02-16 12:50:00+05:30,8008.5,8012.5,8005.5,8012.5,1740,0
2026-02-16 12:55:00+05:30,8013.5,8015.0,8001.0,8005.5,4520,0
2026-02-16 13:00:00+05:30,8002.0,8006.0,7997.5,7998.5,2077,0
2026-02-16 13:05:00+05:30,7998.5,8007.0,7998.5,8006.0,2208,0
2026-02-16 13:10:00+05:30,8002.5,8021.0,8002.5,8007.0,5062,0
2026-02-16 13:15:00+05:30,8007.0,8011.0,8002.5,8006.0,1544,0
2026-02-16 13:20:00+05:30,8002.5,8008.5,8001.0,8001.0,1651,0
2026-02-16 13:25:00+05:30,8001.0,8006.5,7998.5,8004.5,1646,0
2026-02-16 13:30:00+05:30,8002.0,8006.5,7983.0,7984.5,3550,0
2026-02-16 13:35:00+05:30,7989.5,7996.0,7981.0,7986.0,7580,0
2026-02-16 13:40:00+05:30,7986.0,7989.0,7968.5,7985.0,11713,0
2026-02-16 13:45:00+05:30,7985.0,7992.0,7982.0,7982.0,5453,0
2026-02-16 13:50:00+05:30,7984.5,7990.0,7980.0,7980.0,2793,0
2026-02-16 13:55:00+05:30,7980.0,7989.0,7980.0,7981.5,2326,0
2026-02-16 14:00:00+05:30,7981.5,7996.0,7981.5,7984.0,17422,0
2026-02-16 14:05:00+05:30,7987.5,7988.0,7978.5,7983.0,1776,0
2026-02-16 14:10:00+05:30,7983.0,7985.0,7978.0,7978.0,2034,0
2026-02-16 14:15:00+05:30,7978.0,7986.5,7978.0,7981.5,5049,0
2026-02-16 14:20:00+05:30,7981.5,7994.0,7980.5,7993.5,3591,0
2026-02-16 14:25:00+05:30,7990.0,8016.5,7990.0,8008.5,36501,0
2026-02-16 14:30:00+05:30,8008.5,8010.0,7999.0,8002.0,2201,0
2026-02-16 14:35:00+05:30,8002.0,8008.5,7990.5,8003.0,3727,0
2026-02-16 14:40:00+05:30,8002.0,8008.0,7999.0,8004.0,14487,0
2026-02-16 14:45:00+05:30,8004.0,8005.0,7989.5,8002.0,7046,0
2026-02-16 14:50:00+05:30,8000.0,8002.5,7989.5,7994.0,2976,0
2026-02-16 14:55:00+05:30,7990.0,8001.5,7990.0,7997.0,41187,0
2026-02-16 15:00:00+05:30,8000.0,8010.0,7997.5,8010.0,8634,0
2026-02-16 15:05:00+05:30,8010.0,8010.0,7999.5,8002.5,6416,0
2026-02-16 15:10:00+05:30,8001.5,8023.0,8001.5,8018.0,9098,0
2026-02-16 15:15:00+05:30,8017.5,8025.0,8010.5,8016.0,9690,0
2026-02-16 15:20:00+05:30,8016.0,8020.0,8011.5,8013.5,7322,0
2026-02-16 15:25:00+05:30,8014.0,8025.0,7997.5,8000.5,6109,0
2026-02-17 09:15:00+05:30,7981.0,7994.5,7956.0,7978.5,9536,0
2026-02-17 09:20:00+05:30,7981.5,7985.0,7972.0,7977.5,3553,0
2026-02-17 09:25:00+05:30,7975.5,7990.0,7975.0,7979.0,4386,0
2026-02-17 09:30:00+05:30,7980.0,7980.0,7960.5,7968.5,5316,0
2026-02-17 09:35:00+05:30,7970.0,7972.0,7950.0,7963.5,2853,0
2026-02-17 09:40:00+05:30,7963.0,7975.0,7954.5,7972.5,4242,0
2026-02-17 09:45:00+05:30,7975.0,7975.0,7961.5,7965.0,2147,0
2026-02-17 09:50:00+05:30,7965.0,7969.0,7957.0,7961.0,2649,0
2026-02-17 09:55:00+05:30,7959.0,7964.0,7943.5,7945.5,4232,0
2026-02-17 10:00:00+05:30,7946.0,7968.0,7945.5,7961.0,1759,0
2026-02-17 10:05:00+05:30,7961.0,7966.0,7956.0,7963.0,1311,0
2026-02-17 10:10:00+05:30,7966.0,7970.0,7959.0,7966.5,1244,0
2026-02-17 10:15:00+05:30,7966.5,7968.0,7962.0,7966.0,869,0
2026-02-17 10:20:00+05:30,7966.0,7966.0,7957.5,7960.5,855,0
2026-02-17 10:25:00+05:30,7964.0,7977.0,7958.5,7973.5,1646,0
2026-02-17 10:30:00+05:30,7974.0,7990.0,7970.0,7973.5,2957,0
2026-02-17 10:35:00+05:30,7973.5,7973.5,7962.0,7963.0,2264,0
2026-02-17 10:40:00+05:30,7963.0,7969.5,7958.0,7960.0,578,0
2026-02-17 10:45:00+05:30,7960.5,7960.5,7944.5,7953.0,2470,0
2026-02-17 10:50:00+05:30,7952.5,7964.5,7952.0,7960.5,1524,0
2026-02-17 10:55:00+05:30,7960.5,7969.5,7957.0,7965.0,1129,0
2026-02-17 11:00:00+05:30,7965.0,7969.0,7962.5,7964.5,457,0
2026-02-17 11:05:00+05:30,7963.5,7983.0,7963.5,7983.0,1605,0
2026-02-17 11:10:00+05:30,7982.0,7986.0,7976.5,7981.0,1163,0
2026-02-17 11:15:00+05:30,7985.0,7985.0,7975.5,7977.0,510,0
2026-02-17 11:20:00+05:30,7977.0,7980.0,7975.0,7980.0,514,0
2026-02-17 11:25:00+05:30,7980.0,7981.0,7975.0,7977.5,222,0
2026-02-17 11:30:00+05:30,7977.5,7979.0,7968.5,7968.5,703,0
2026-02-17 11:35:00+05:30,7969.5,7979.5,7969.0,7975.5,553,0
2026-02-17 11:40:00+05:30,7976.0,7980.5,7968.5,7973.0,2299,0
2026-02-17 11:45:00+05:30,7973.0,7977.5,7960.5,7960.5,1557,0
2026-02-17 11:50:00+05:30,7960.0,7964.0,7948.5,7950.0,16558,0
2026-02-17 11:55:00+05:30,7949.5,7952.0,7937.0,7943.0,4301,0
2026-02-17 12:00:00+05:30,7944.0,7950.0,7939.0,7944.0,4909,0
2026-02-17 12:05:00+05:30,7945.0,7946.5,7925.0,7936.0,3224,0
2026-02-17 12:10:00+05:30,7936.0,7948.5,7936.0,7939.0,2383,0
2026-02-17 12:15:00+05:30,7939.0,7951.5,7938.0,7950.5,5927,0
2026-02-17 12:20:00+05:30,7949.5,7962.5,7949.0,7959.5,2229,0
2026-02-17 12:25:00+05:30,7959.0,7959.5,7953.0,7953.5,1184,0
2026-02-17 12:30:00+05:30,7953.5,7965.0,7953.5,7964.0,1425,0
2026-02-17 12:35:00+05:30,7963.0,7963.5,7956.0,7961.5,1455,0
2026-02-17 12:40:00+05:30,7961.5,7974.5,7959.0,7973.5,1771,0
2026-02-17 12:45:00+05:30,7972.0,7980.0,7972.0,7979.5,2657,0
2026-02-17 12:50:00+05:30,7979.5,7994.0,7975.0,7993.5,5963,0
2026-02-17 12:55:00+05:30,7992.5,7997.0,7970.5,7971.5,2600,0
2026-02-17 13:00:00+05:30,7970.0,7997.0,7969.5,7991.0,2202,0
2026-02-17 13:05:00+05:30,7993.0,8018.0,7990.0,8005.0,8814,0
2026-02-17 13:10:00+05:30,8004.5,8016.5,8004.5,8016.0,6458,0
2026-02-17 13:15:00+05:30,8015.5,8027.0,8012.0,8025.0,5260,0
2026-02-17 13:20:00+05:30,8025.5,8032.0,8012.5,8014.0,5150,0
2026-02-17 13:25:00+05:30,8013.5,8022.0,8009.0,8012.0,2309,0
2026-02-17 13:30:00+05:30,8010.5,8019.0,8007.0,8008.5,3326,0
2026-02-17 13:35:00+05:30,8010.0,8022.5,8001.0,8012.5,3170,0
2026-02-17 13:40:00+05:30,8012.5,8023.5,8012.0,8023.0,2758,0
2026-02-17 13:45:00+05:30,8023.0,8029.0,8022.0,8023.5,2719,0
2026-02-17 13:50:00+05:30,8023.5,8024.5,8016.5,8023.5,2670,0
2026-02-17 13:55:00+05:30,8021.5,8026.0,8009.0,8015.5,4936,0
2026-02-17 14:00:00+05:30,8016.0,8027.5,8012.0,8026.0,4026,0
2026-02-17 14:05:00+05:30,8027.0,8045.5,8027.0,8034.5,5389,0
2026-02-17 14:10:00+05:30,8033.0,8035.0,8012.5,8016.0,5046,0
2026-02-17 14:15:00+05:30,8016.0,8026.5,8014.0,8017.0,1481,0
2026-02-17 14:20:00+05:30,8018.5,8018.5,8010.5,8015.0,870,0
2026-02-17 14:25:00+05:30,8013.0,8020.0,8008.0,8008.0,2066,0
2026-02-17 14:30:00+05:30,8010.0,8010.0,7997.0,8004.0,3019,0
2026-02-17 14:35:00+05:30,8005.0,8028.5,8000.0,8026.5,10186,0
2026-02-17 14:40:00+05:30,8026.0,8031.0,8019.0,8019.5,4662,0
2026-02-17 14:45:00+05:30,8019.5,8030.0,8018.0,8027.0,2850,0
2026-02-17 14:50:00+05:30,8030.0,8032.0,8021.0,8028.0,4227,0
2026-02-17 14:55:00+05:30,8028.0,8033.0,8017.5,8029.5,4297,0
2026-02-17 15:00:00+05:30,8029.5,8051.5,8029.0,8044.0,9620,0
2026-02-17 15:05:00+05:30,8044.0,8044.5,8035.5,8039.0,5480,0
2026-02-17 15:10:00+05:30,8039.5,8048.5,8039.5,8042.5,7196,0
2026-02-17 15:15:00+05:30,8042.5,8046.5,8028.0,8028.0,9689,0
2026-02-17 15:20:00+05:30,8028.5,8032.5,8017.5,8018.0,6184,0
2026-02-17 15:25:00+05:30,8018.5,8022.0,8000.0,8022.0,6669,0
2026-02-18 09:15:00+05:30,8024.0,8043.5,7981.5,7991.5,10459,0
2026-02-18 09:20:00+05:30,7987.0,7995.5,7974.0,7989.0,8288,0
2026-02-18 09:25:00+05:30,7987.0,8008.5,7985.0,8005.0,3381,0
2026-02-18 09:30:00+05:30,8006.0,8015.0,8001.5,8010.0,4121,0
2026-02-18 09:35:00+05:30,8010.0,8010.0,8001.0,8005.0,2044,0
2026-02-18 09:40:00+05:30,8006.0,8006.0,7982.0,7987.0,3527,0
2026-02-18 09:45:00+05:30,7987.0,7988.5,7977.0,7984.0,2761,0
2026-02-18 09:50:00+05:30,7984.0,7985.0,7966.0,7966.0,2935,0
2026-02-18 09:55:00+05:30,7966.0,7968.5,7955.5,7964.5,3887,0
2026-02-18 10:00:00+05:30,7960.5,7965.0,7959.0,7959.0,2085,0
2026-02-18 10:05:00+05:30,7959.0,7962.0,7950.0,7962.0,3700,0
2026-02-18 10:10:00+05:30,7964.0,7970.0,7960.0,7968.0,1738,0
2026-02-18 10:15:00+05:30,7966.0,7970.0,7963.5,7968.0,2186,0
2026-02-18 10:20:00+05:30,7966.5,7974.0,7965.0,7969.5,1093,0
2026-02-18 10:25:00+05:30,7969.5,7974.0,7965.5,7971.0,1354,0
2026-02-18 10:30:00+05:30,7971.0,7980.0,7971.0,7977.5,2541,0
2026-02-18 10:35:00+05:30,7975.0,7980.0,7965.5,7968.0,1443,0
2026-02-18 10:40:00+05:30,7969.5,7975.0,7966.0,7966.5,2640,0
2026-02-18 10:45:00+05:30,7966.5,7972.0,7964.0,7966.0,2117,0
2026-02-18 10:50:00+05:30,7965.0,7967.0,7958.0,7959.0,2914,0
2026-02-18 10:55:00+05:30,7959.0,7960.0,7947.0,7948.0,2287,0
2026-02-18 11:00:00+05:30,7949.0,7954.0,7945.0,7951.0,1733,0
2026-02-18 11:05:00+05:30,7950.0,7969.0,7947.0,7967.5,4589,0
2026-02-18 11:10:00+05:30,7968.0,7973.0,7964.5,7971.5,2067,0
2026-02-18 11:15:00+05:30,7972.5,7974.5,7970.0,7972.5,1016,0
2026-02-18 11:20:00+05:30,7972.5,7973.0,7970.0,7970.0,592,0
2026-02-18 11:25:00+05:30,7970.5,7974.0,7970.0,7974.0,680,0
2026-02-18 11:30:00+05:30,7973.5,7975.0,7971.5,7974.0,606,0
2026-02-18 11:35:00+05:30,7974.0,7976.5,7973.5,7976.5,1003,0
2026-02-18 11:40:00+05:30,7976.5,7980.0,7964.0,7968.0,5225,0
2026-02-18 11:45:00+05:30,7967.5,7971.0,7965.0,7969.5,1064,0
2026-02-18 11:50:00+05:30,7969.5,7970.0,7969.0,7969.5,716,0
2026-02-18 11:55:00+05:30,7970.0,7971.0,7959.0,7963.5,6411,0
2026-02-18 12:00:00+05:30,7964.0,7968.5,7963.0,7967.5,1896,0
2026-02-18 12:05:00+05:30,7968.0,7975.0,7966.0,7972.0,937,0
2026-02-18 12:10:00+05:30,7970.5,7975.0,7970.0,7971.0,461,0
2026-02-18 12:15:00+05:30,7973.0,7973.5,7970.0,7970.0,498,0
2026-02-18 12:20:00+05:30,7972.5,7975.0,7970.0,7972.0,878,0
2026-02-18 12:25:00+05:30,7972.0,7980.0,7972.0,7980.0,3158,0
2026-02-18 12:30:00+05:30,7979.0,7987.5,7978.0,7985.5,3190,0
2026-02-18 12:35:00+05:30,7984.5,7988.0,7979.5,7979.5,1601,0
2026-02-18 12:40:00+05:30,7979.5,7980.0,7974.0,7974.0,978,0
2026-02-18 12:45:00+05:30,7974.0,7981.0,7974.0,7976.0,1279,0
2026-02-18 12:50:00+05:30,7974.0,7980.0,7974.0,7979.0,1036,0
2026-02-18 12:55:00+05:30,7974.5,7980.0,7974.0,7977.5,1148,0
2026-02-18 13:00:00+05:30,7977.5,7985.0,7977.0,7977.0,1385,0
2026-02-18 13:05:00+05:30,7977.0,7980.0,7977.0,7979.5,756,0
2026-02-18 13:10:00+05:30,7977.5,7980.0,7977.0,7977.0,870,0
2026-02-18 13:15:00+05:30,7977.0,7980.0,7975.5,7976.0,1056,0
2026-02-18 13:20:00+05:30,7976.0,7980.0,7976.0,7978.5,1519,0
2026-02-18 13:25:00+05:30,7978.5,7980.0,7975.0,7977.0,983,0
2026-02-18 13:30:00+05:30,7977.0,7980.0,7975.0,7978.0,964,0
2026-02-18 13:35:00+05:30,7978.0,7989.5,7978.0,7989.5,1645,0
2026-02-18 13:40:00+05:30,7989.0,7998.0,7989.0,7995.5,3583,0
2026-02-18 13:45:00+05:30,7995.5,7999.5,7993.0,7998.0,1987,0
2026-02-18 13:50:00+05:30,7998.5,8000.0,7992.0,7992.0,2158,0
2026-02-18 13:55:00+05:30,7992.0,7997.5,7984.5,7986.0,4112,0
2026-02-18 14:00:00+05:30,7986.5,7990.0,7982.5,7986.0,5319,0
2026-02-18 14:05:00+05:30,7986.0,7998.0,7985.0,7995.0,4838,0
2026-02-18 14:10:00+05:30,7997.0,8005.0,7994.0,8000.0,6480,0
2026-02-18 14:15:00+05:30,8000.0,8002.0,7994.5,7998.5,1498,0
2026-02-18 14:20:00+05:30,7998.5,8003.0,7997.5,7999.5,2547,0
2026-02-18 14:25:00+05:30,7999.5,8000.0,7996.0,7998.0,1636,0
2026-02-18 14:30:00+05:30,7997.0,7998.5,7990.0,7995.5,1854,0
2026-02-18 14:35:00+05:30,7996.0,7998.5,7994.0,7998.5,2126,0
2026-02-18 14:40:00+05:30,7997.5,7998.0,7988.5,7992.0,1914,0
2026-02-18 14:45:00+05:30,7992.5,7995.5,7989.5,7993.5,1666,0
2026-02-18 14:50:00+05:30,7994.0,8000.0,7993.0,7998.5,3388,0
2026-02-18 14:55:00+05:30,7998.5,8000.0,7998.0,8000.0,2723,0
2026-02-18 15:00:00+05:30,7998.0,8012.0,7995.5,8000.0,16618,0
2026-02-18 15:05:00+05:30,8000.0,8008.0,7998.5,8007.0,6751,0
2026-02-18 15:10:00+05:30,8006.0,8009.5,8000.0,8004.5,6582,0
2026-02-18 15:15:00+05:30,8004.5,8018.0,7998.0,8013.5,7358,0
2026-02-18 15:20:00+05:30,8014.0,8022.0,8009.0,8020.0,10931,0
2026-02-18 15:25:00+05:30,8020.0,8023.0,8015.0,8020.0,7797,0
2026-02-19 09:15:00+05:30,8036.0,8099.0,8016.0,8064.5,20610,0
2026-02-19 09:20:00+05:30,8065.0,8110.0,8062.5,8097.0,21103,0
2026-02-19 09:25:00+05:30,8098.0,8100.0,8071.5,8072.5,9071,0
2026-02-19 09:30:00+05:30,8074.0,8122.5,8071.0,8120.0,15793,0
2026-02-19 09:35:00+05:30,8120.0,8140.0,8111.0,8116.0,26921,0
2026-02-19 09:40:00+05:30,8118.5,8120.0,8083.0,8104.0,13819,0
2026-02-19 09:45:00+05:30,8104.0,8129.5,8100.0,8125.0,10663,0
2026-02-19 09:50:00+05:30,8126.0,8134.0,8113.5,8114.5,11190,0
2026-02-19 09:55:00+05:30,8112.5,8121.0,8066.0,8071.0,19030,0
2026-02-19 10:00:00+05:30,8071.5,8085.0,8041.5,8057.5,16085,0
2026-02-19 10:05:00+05:30,8059.0,8065.0,8044.0,8044.0,6330,0
2026-02-19 10:10:00+05:30,8044.0,8048.5,8025.0,8034.5,10814,0
2026-02-19 10:15:00+05:30,8037.5,8048.0,8027.0,8040.5,5908,0
2026-02-19 10:20:00+05:30,8042.0,8045.5,8030.0,8039.0,3463,0
2026-02-19 10:25:00+05:30,8039.5,8041.5,8020.5,8036.0,4050,0
2026-02-19 10:30:00+05:30,8035.0,8042.5,8031.0,8036.5,2924,0
2026-02-19 10:35:00+05:30,8037.5,8041.5,8025.0,8030.5,2628,0
2026-02-19 10:40:00+05:30,8030.5,8034.0,8020.0,8020.5,2883,0
2026-02-19 10:45:00+05:30,8023.0,8026.0,7998.0,8005.0,11759,0
2026-02-19 10:50:00+05:30,8005.0,8015.5,7992.0,8015.5,3421,0
2026-02-19 10:55:00+05:30,8015.0,8028.0,8008.5,8025.5,3665,0
2026-02-19 11:00:00+05:30,8025.5,8029.0,8017.5,8023.0,2630,0
2026-02-19 11:05:00+05:30,8023.0,8024.0,8008.5,8012.0,1219,0
2026-02-19 11:10:00+05:30,8012.5,8015.0,7996.0,7998.5,3528,0
2026-02-19 11:15:00+05:30,7998.5,8000.0,7982.0,7984.5,3293,0
2026-02-19 11:20:00+05:30,7984.0,7988.5,7975.5,7977.0,2757,0
2026-02-19 11:25:00+05:30,7977.0,7991.5,7976.5,7986.0,2087,0
2026-02-19 11:30:00+05:30,7986.0,7992.0,7984.5,7987.0,1234,0
2026-02-19 11:35:00+05:30,7987.0,7992.0,7982.0,7987.5,1446,0
2026-02-19 11:40:00+05:30,7987.0,7987.5,7977.5,7984.0,2443,0
2026-02-19 11:45:00+05:30,7984.0,7987.5,7975.0,7976.0,895,0
2026-02-19 11:50:00+05:30,7976.0,7979.5,7969.5,7975.0,2145,0
2026-02-19 11:55:00+05:30,7976.5,7980.0,7975.0,7977.5,1032,0
2026-02-19 12:00:00+05:30,7977.5,7980.0,7971.0,7971.0,888,0
2026-02-19 12:05:00+05:30,7971.0,7981.0,7968.0,7968.0,2176,0
2026-02-19 12:10:00+05:30,7967.0,7968.5,7957.5,7960.0,2588,0
2026-02-19 12:15:00+05:30,7960.0,7966.5,7957.0,7960.5,1410,0
2026-02-19 12:20:00+05:30,7960.5,7977.0,7960.5,7967.0,1850,0
2026-02-19 12:25:00+05:30,7968.5,7969.0,7957.0,7957.5,1350,0
2026-02-19 12:30:00+05:30,7957.5,7962.0,7951.0,7955.5,3044,0
2026-02-19 12:35:00+05:30,7955.0,7957.0,7945.5,7949.0,2707,0
2026-02-19 12:40:00+05:30,7948.5,7954.0,7936.0,7944.5,3797,0
2026-02-19 12:45:00+05:30,7944.5,7947.0,7937.0,7943.0,1503,0
2026-02-19 12:50:00+05:30,7944.0,7954.5,7940.0,7949.0,2366,0
2026-02-19 12:55:00+05:30,7949.5,7955.5,7946.0,7949.5,2013,0
2026-02-19 13:00:00+05:30,7949.5,7954.0,7945.0,7945.0,1076,0
2026-02-19 13:05:00+05:30,7945.5,7968.0,7945.0,7966.5,2529,0
2026-02-19 13:10:00+05:30,7968.5,7986.0,7965.0,7977.5,5135,0
2026-02-19 13:15:00+05:30,7977.0,7980.5,7958.5,7959.0,2460,0
2026-02-19 13:20:00+05:30,7959.0,7962.5,7952.5,7955.0,1257,0
2026-02-19 13:25:00+05:30,7953.5,7960.0,7953.0,7955.0,1553,0
2026-02-19 13:30:00+05:30,7955.0,7958.0,7947.5,7956.0,7074,0
2026-02-19 13:35:00+05:30,7953.0,7964.5,7950.0,7959.5,3144,0
2026-02-19 13:40:00+05:30,7959.5,7965.5,7953.0,7956.0,979,0
2026-02-19 13:45:00+05:30,7956.0,7957.0,7950.0,7950.0,949,0
2026-02-19 13:50:00+05:30,7950.5,7956.5,7950.0,7955.0,1559,0
2026-02-19 13:55:00+05:30,7953.0,7955.0,7950.0,7950.5,1573,0
2026-02-19 14:00:00+05:30,7950.5,7951.5,7931.0,7938.0,5671,0
2026-02-19 14:05:00+05:30,7938.0,7943.0,7935.0,7941.0,1668,0
2026-02-19 14:10:00+05:30,7942.0,7948.5,7938.0,7940.0,1787,0
2026-02-19 14:15:00+05:30,7940.0,7945.0,7925.5,7930.0,28692,0
2026-02-19 14:20:00+05:30,7929.0,7942.0,7926.0,7931.0,10096,0
2026-02-19 14:25:00+05:30,7931.0,7933.0,7912.5,7918.0,3463,0
2026-02-19 14:30:00+05:30,7918.0,7928.0,7915.5,7922.0,1716,0
2026-02-19 14:35:00+05:30,7922.0,7930.0,7922.0,7924.5,1632,0
2026-02-19 14:40:00+05:30,7922.5,7928.0,7905.5,7910.5,6860,0
2026-02-19 14:45:00+05:30,7907.5,7917.0,7896.5,7906.5,7390,0
2026-02-19 14:50:00+05:30,7904.5,7919.0,7903.5,7917.0,4212,0
2026-02-19 14:55:00+05:30,7913.0,7929.0,7911.0,7916.0,4020,0
2026-02-19 15:00:00+05:30,7916.0,7921.5,7890.0,7897.5,7870,0
2026-02-19 15:05:00+05:30,7897.0,7906.5,7884.0,7906.0,11292,0
2026-02-19 15:10:00+05:30,7905.0,7906.0,7898.0,7899.0,4669,0
2026-02-19 15:15:00+05:30,7900.0,7900.5,7890.0,7892.0,8501,0
2026-02-19 15:20:00+05:30,7894.0,7898.5,7890.0,7897.5,7636,0
2026-02-19 15:25:00+05:30,7897.5,7900.5,7890.0,7890.0,5721,0
2026-02-20 09:15:00+05:30,7894.5,7975.5,7894.5,7958.0,13663,0
2026-02-20 09:20:00+05:30,7957.5,7958.0,7910.0,7925.0,7120,0
2026-02-20 09:25:00+05:30,7922.0,7929.0,7885.5,7894.0,8731,0
2026-02-20 09:30:00+05:30,7892.5,7924.0,7890.0,7912.5,4145,0
2026-02-20 09:35:00+05:30,7911.5,7934.0,7909.5,7929.0,4869,0
2026-02-20 09:40:00+05:30,7929.0,7949.0,7919.0,7949.0,4220,0
2026-02-20 09:45:00+05:30,7949.0,7955.0,7937.5,7955.0,5326,0
2026-02-20 09:50:00+05:30,7954.0,7965.0,7946.0,7950.0,5387,0
2026-02-20 09:55:00+05:30,7950.0,7964.5,7940.5,7949.0,3719,0
2026-02-20 10:00:00+05:30,7950.0,7951.5,7928.0,7928.0,3478,0
2026-02-20 10:05:00+05:30,7930.0,7935.5,7915.5,7918.0,2616,0
2026-02-20 10:10:00+05:30,7918.0,7936.0,7916.0,7928.0,2539,0
2026-02-20 10:15:00+05:30,7928.5,7949.5,7928.5,7941.0,2671,0
2026-02-20 10:20:00+05:30,7940.0,7943.5,7931.5,7932.0,1528,0
2026-02-20 10:25:00+05:30,7930.5,7948.0,7930.0,7944.5,1160,0
2026-02-20 10:30:00+05:30,7943.0,7949.5,7936.5,7937.0,3415,0
2026-02-20 10:35:00+05:30,7937.0,7945.0,7936.5,7945.0,774,0
2026-02-20 10:40:00+05:30,7945.0,7955.0,7944.5,7947.5,2883,0
2026-02-20 10:45:00+05:30,7947.5,7960.0,7941.0,7943.0,2728,0
2026-02-20 10:50:00+05:30,7942.5,7948.0,7938.5,7948.0,1548,0
2026-02-20 10:55:00+05:30,7948.0,7950.0,7945.5,7947.5,1745,0
2026-02-20 11:00:00+05:30,7947.5,7952.0,7945.0,7951.0,2163,0
2026-02-20 11:05:00+05:30,7949.5,7958.0,7945.5,7954.5,2740,0
2026-02-20 11:10:00+05:30,7954.0,7965.0,7950.5,7960.0,2253,0
2026-02-20 11:15:00+05:30,7960.0,7972.0,7960.0,7969.5,3492,0
2026-02-20 11:20:00+05:30,7969.0,7975.0,7954.0,7955.0,2656,0
2026-02-20 11:25:00+05:30,7955.0,7964.5,7949.5,7961.0,2110,0
2026-02-20 11:30:00+05:30,7961.0,7966.0,7956.0,7958.5,1403,0
2026-02-20 11:35:00+05:30,7957.5,7958.5,7951.5,7954.5,1612,0
2026-02-20 11:40:00+05:30,7954.0,7956.0,7952.5,7956.0,963,0
2026-02-20 11:45:00+05:30,7954.5,7965.0,7954.0,7954.5,1943,0
2026-02-20 11:50:00+05:30,7954.5,7956.0,7954.0,7954.5,675,0
2026-02-20 11:55:00+05:30,7954.5,7965.0,7953.0,7956.0,2310,0
2026-02-20 12:00:00+05:30,7954.5,7954.5,7943.0,7944.5,2312,0
2026-02-20 12:05:00+05:30,7944.5,7950.0,7932.5,7934.0,3990,0
2026-02-20 12:10:00+05:30,7934.0,7946.0,7933.5,7942.0,1932,0
2026-02-20 12:15:00+05:30,7941.5,7962.0,7941.5,7960.0,1776,0
2026-02-20 12:20:00+05:30,7960.0,7965.5,7950.5,7962.5,2647,0
2026-02-20 12:25:00+05:30,7962.5,7967.0,7954.0,7954.0,2300,0
2026-02-20 12:30:00+05:30,7955.5,7968.5,7955.0,7965.5,1503,0
2026-02-20 12:35:00+05:30,7965.5,7966.0,7957.5,7959.5,1426,0
2026-02-20 12:40:00+05:30,7960.0,7968.5,7954.0,7955.0,2255,0
2026-02-20 12:45:00+05:30,7955.5,7959.5,7946.5,7955.5,1718,0
2026-02-20 12:50:00+05:30,7955.5,7956.5,7947.0,7948.0,1604,0
2026-02-20 12:55:00+05:30,7948.0,7949.5,7940.0,7947.5,1495,0
2026-02-20 13:00:00+05:30,7948.0,7950.0,7941.5,7941.5,1070,0
2026-02-20 13:05:00+05:30,7942.0,7943.0,7935.0,7938.0,1588,0
2026-02-20 13:10:00+05:30,7938.0,7943.0,7924.5,7929.5,2488,0
2026-02-20 13:15:00+05:30,7929.5,7946.5,7927.5,7937.0,2955,0
2026-02-20 13:20:00+05:30,7937.0,7946.0,7936.5,7944.0,1709,0
2026-02-20 13:25:00+05:30,7944.0,7951.5,7941.5,7946.5,2300,0
2026-02-20 13:30:00+05:30,7948.5,7954.5,7947.0,7949.0,1538,0
2026-02-20 13:35:00+05:30,7949.5,7960.0,7949.5,7951.5,2155,0
2026-02-20 13:40:00+05:30,7951.5,7960.0,7947.0,7955.0,1887,0
2026-02-20 13:45:00+05:30,7957.0,7964.0,7953.5,7961.5,1643,0
2026-02-20 13:50:00+05:30,7961.5,7964.0,7953.5,7953.5,1682,0
2026-02-20 13:55:00+05:30,7953.5,7966.0,7951.5,7960.0,2074,0
2026-02-20 14:00:00+05:30,7960.0,7964.0,7960.0,7961.0,1046,0
2026-02-20 14:05:00+05:30,7961.0,7966.5,7948.5,7964.5,2402,0
2026-02-20 14:10:00+05:30,7964.5,7965.0,7961.5,7963.5,1068,0
2026-02-20 14:15:00+05:30,7964.0,7968.5,7963.5,7967.5,1540,0
2026-02-20 14:20:00+05:30,7967.5,7968.5,7952.5,7956.0,2628,0
2026-02-20 14:25:00+05:30,7955.5,7960.5,7950.0,7950.0,2267,0
2026-02-20 14:30:00+05:30,7950.0,7955.0,7945.0,7953.5,1669,0
2026-02-20 14:35:00+05:30,7953.5,7960.0,7951.0,7953.0,2004,0
2026-02-20 14:40:00+05:30,7953.0,7958.0,7946.5,7954.0,2867,0
2026-02-20 14:45:00+05:30,7954.0,7969.0,7952.0,7966.0,4739,0
2026-02-20 14:50:00+05:30,7967.5,7967.5,7955.5,7962.0,3946,0
2026-02-20 14:55:00+05:30,7962.0,7975.0,7958.5,7975.0,4503,0
2026-02-20 15:00:00+05:30,7975.0,7977.5,7950.0,7951.5,17041,0
2026-02-20 15:05:00+05:30,7951.5,7953.0,7937.0,7939.0,11734,0
2026-02-20 15:10:00+05:30,7939.0,7942.0,7934.0,7934.5,9556,0
2026-02-20 15:15:00+05:30,7934.0,7936.0,7916.5,7917.0,7928,0
2026-02-20 15:20:00+05:30,7917.0,7937.5,7901.5,7937.0,21200,0
2026-02-20 15:25:00+05:30,7937.0,7978.0,7911.5,7920.0,9256,0
2026-02-23 09:15:00+05:30,7990.0,7999.0,7937.5,7999.0,11058,0
2026-02-23 09:20:00+05:30,7997.5,8015.0,7992.0,8011.5,8210,0
2026-02-23 09:25:00+05:30,8011.0,8040.0,8006.5,8030.0,9798,0
2026-02-23 09:30:00+05:30,8032.0,8035.0,8017.0,8017.0,5361,0
2026-02-23 09:35:00+05:30,8017.0,8032.5,8015.0,8019.0,5689,0
2026-02-23 09:40:00+05:30,8017.5,8045.0,8017.5,8031.5,5508,0
2026-02-23 09:45:00+05:30,8033.5,8036.0,8016.5,8022.0,5329,0
2026-02-23 09:50:00+05:30,8020.5,8026.5,8010.5,8018.0,3338,0
2026-02-23 09:55:00+05:30,8018.5,8026.5,8012.0,8022.0,2156,0
2026-02-23 10:00:00+05:30,8025.0,8031.0,8022.0,8031.0,1888,0
2026-02-23 10:05:00+05:30,8028.0,8035.0,8023.5,8029.0,3345,0
2026-02-23 10:10:00+05:30,8027.0,8032.0,8023.5,8030.0,1444,0
2026-02-23 10:15:00+05:30,8031.5,8044.0,8030.0,8042.5,3120,0
2026-02-23 10:20:00+05:30,8042.0,8042.0,8030.5,8040.0,4016,0
2026-02-23 10:25:00+05:30,8039.0,8045.0,8033.5,8042.0,2933,0
2026-02-23 10:30:00+05:30,8042.0,8057.5,8042.0,8051.5,8643,0
2026-02-23 10:35:00+05:30,8051.5,8052.0,8035.0,8041.5,2713,0
2026-02-23 10:40:00+05:30,8043.5,8044.5,8016.5,8022.5,6282,0
2026-02-23 10:45:00+05:30,8023.0,8032.0,8010.5,8015.0,3333,0
2026-02-23 10:50:00+05:30,8014.5,8021.5,8012.0,8021.5,1003,0
2026-02-23 10:55:00+05:30,8020.5,8027.0,8015.5,8024.5,2038,0
2026-02-23 11:00:00+05:30,8026.0,8039.0,8024.5,8037.5,2354,0
2026-02-23 11:05:00+05:30,8037.5,8039.5,8025.0,8037.0,1818,0
2026-02-23 11:10:00+05:30,8035.0,8042.0,8035.0,8040.0,1603,0
2026-02-23 11:15:00+05:30,8040.5,8042.5,8031.0,8031.0,1234,0
2026-02-23 11:20:00+05:30,8030.0,8030.0,8021.0,8029.0,2872,0
2026-02-23 11:25:00+05:30,8028.0,8033.0,8027.0,8031.5,630,0
2026-02-23 11:30:00+05:30,8032.0,8032.0,8025.0,8025.0,1274,0
2026-02-23 11:35:00+05:30,8025.0,8031.0,8020.0,8030.0,846,0
2026-02-23 11:40:00+05:30,8028.5,8030.5,8028.0,8028.0,635,0
2026-02-23 11:45:00+05:30,8028.0,8031.5,8025.0,8027.0,803,0
2026-02-23 11:50:00+05:30,8025.0,8040.0,8021.0,8038.0,1827,0
2026-02-23 11:55:00+05:30,8037.0,8038.5,8027.5,8030.0,2021,0
2026-02-23 12:00:00+05:30,8030.0,8035.5,8025.0,8031.5,1093,0
2026-02-23 12:05:00+05:30,8028.5,8033.5,8026.5,8026.5,727,0
2026-02-23 12:10:00+05:30,8031.0,8034.0,8028.5,8034.0,525,0
2026-02-23 12:15:00+05:30,8032.5,8040.0,8027.0,8028.0,1481,0
2026-02-23 12:20:00+05:30,8029.0,8030.5,8008.5,8013.0,4436,0
2026-02-23 12:25:00+05:30,8011.5,8016.0,8007.0,8010.0,3692,0
2026-02-23 12:30:00+05:30,8010.0,8017.0,8010.0,8015.5,1582,0
2026-02-23 12:35:00+05:30,8013.0,8016.0,8010.5,8014.0,926,0
2026-02-23 12:40:00+05:30,8013.5,8022.5,8012.0,8022.0,2327,0
2026-02-23 12:45:00+05:30,8022.0,8027.0,8015.0,8015.0,3310,0
2026-02-23 12:50:00+05:30,8015.0,8018.5,7998.0,8009.5,4114,0
2026-02-23 12:55:00+05:30,8009.5,8018.0,7995.5,7997.0,2505,0
2026-02-23 13:00:00+05:30,7997.5,8000.0,7988.0,7997.5,2010,0
2026-02-23 13:05:00+05:30,7997.5,8000.0,7993.0,7997.0,1427,0
2026-02-23 13:10:00+05:30,7994.5,8000.0,7994.0,7996.5,1091,0
2026-02-23 13:15:00+05:30,7997.0,8000.0,7994.0,8000.0,836,0
2026-02-23 13:20:00+05:30,8000.0,8015.5,7999.5,8014.5,3999,0
2026-02-23 13:25:00+05:30,8014.5,8024.0,8013.0,8024.0,2080,0
2026-02-23 13:30:00+05:30,8020.5,8028.5,8011.0,8013.5,6106,0
2026-02-23 13:35:00+05:30,8013.5,8016.5,8009.0,8014.0,2365,0
2026-02-23 13:40:00+05:30,8014.0,8022.5,8013.5,8022.5,2078,0
2026-02-23 13:45:00+05:30,8021.0,8025.0,8012.5,8018.5,3619,0
2026-02-23 13:50:00+05:30,8017.0,8022.0,8016.5,8022.0,815,0
2026-02-23 13:55:00+05:30,8021.5,8022.0,8011.0,8012.5,1344,0
2026-02-23 14:00:00+05:30,8012.0,8014.5,7998.0,8005.0,2123,0
2026-02-23 14:05:00+05:30,8005.5,8011.0,7997.0,8005.5,1558,0
2026-02-23 14:10:00+05:30,8006.5,8012.5,8000.0,8005.0,2202,0
2026-02-23 14:15:00+05:30,8005.0,8009.5,8000.0,8005.0,1686,0
2026-02-23 14:20:00+05:30,8006.5,8010.0,8004.5,8008.0,995,0
2026-02-23 14:25:00+05:30,8008.0,8019.0,8004.5,8018.5,1553,0
2026-02-23 14:30:00+05:30,8019.0,8022.0,8016.5,8020.5,1850,0
2026-02-23 14:35:00+05:30,8020.5,8021.5,8011.0,8019.0,1144,0
2026-02-23 14:40:00+05:30,8017.0,8021.5,8012.5,8014.5,1137,0
2026-02-23 14:45:00+05:30,8017.0,8033.5,8015.0,8030.0,2012,0
2026-02-23 14:50:00+05:30,8032.0,8032.0,8010.0,8014.0,3827,0
2026-02-23 14:55:00+05:30,8015.0,8021.5,8014.0,8016.5,4136,0
2026-02-23 15:00:00+05:30,8016.5,8045.0,8016.5,8036.5,11336,0
2026-02-23 15:05:00+05:30,8036.5,8045.0,8030.5,8032.0,11777,0
2026-02-23 15:10:00+05:30,8032.0,8044.0,8031.0,8040.0,6570,0
2026-02-23 15:15:00+05:30,8040.0,8046.0,8039.5,8044.5,7517,0
2026-02-23 15:20:00+05:30,8046.0,8046.0,8035.0,8039.5,9611,0
2026-02-23 15:25:00+05:30,8042.0,8045.0,8035.0,8044.0,6568,0
2026-02-24 09:15:00+05:30,7990.0,7998.0,7911.5,7981.5,22945,0
2026-02-24 09:20:00+05:30,7981.5,7996.0,7978.0,7993.0,6584,0
2026-02-24 09:25:00+05:30,7994.5,8025.0,7994.0,8019.5,7167,0
2026-02-24 09:30:00+05:30,8021.0,8021.0,8004.5,8010.0,4923,0
2026-02-24 09:35:00+05:30,8010.0,8025.0,8004.5,8020.0,3964,0
2026-02-24 09:40:00+05:30,8019.0,8027.5,8016.5,8023.5,4105,0
2026-02-24 09:45:00+05:30,8025.0,8059.5,8024.5,8040.0,8019,0
2026-02-24 09:50:00+05:30,8036.0,8041.5,8012.5,8020.5,6094,0
2026-02-24 09:55:00+05:30,8020.5,8024.0,8011.0,8020.0,2271,0
2026-02-24 10:00:00+05:30,8021.5,8021.5,8004.0,8004.5,3937,0
2026-02-24 10:05:00+05:30,8007.0,8007.0,7991.5,7994.5,4625,0
2026-02-24 10:10:00+05:30,7998.5,7998.5,7988.0,7988.5,2511,0
2026-02-24 10:15:00+05:30,7990.0,7998.5,7990.0,7996.5,2544,0
2026-02-24 10:20:00+05:30,7996.5,7999.5,7990.5,7992.0,2607,0
2026-02-24 10:25:00+05:30,7992.0,8004.0,7992.0,8000.5,2231,0
2026-02-24 10:30:00+05:30,8000.5,8003.0,7990.0,7992.0,4954,0
2026-02-24 10:35:00+05:30,7992.0,8000.5,7992.0,7994.5,1788,0
2026-02-24 10:40:00+05:30,7995.0,8012.0,7994.5,8007.5,5731,0
2026-02-24 10:45:00+05:30,8007.5,8008.0,7993.0,7993.0,4117,0
2026-02-24 10:50:00+05:30,7994.5,8001.0,7990.5,7995.0,3562,0
2026-02-24 10:55:00+05:30,7995.0,8005.0,7988.5,7988.5,12770,0
2026-02-24 11:00:00+05:30,7990.0,7999.0,7973.0,7973.5,6111,0
2026-02-24 11:05:00+05:30,7973.0,7978.0,7966.5,7969.5,4599,0
2026-02-24 11:10:00+05:30,7969.5,7969.5,7955.5,7958.5,4508,0
2026-02-24 11:15:00+05:30,7958.5,7959.5,7942.5,7948.0,5194,0
2026-02-24 11:20:00+05:30,7948.0,7952.0,7929.0,7930.0,4966,0
2026-02-24 11:25:00+05:30,7930.0,7947.0,7915.0,7942.0,6122,0
2026-02-24 11:30:00+05:30,7943.5,7948.5,7931.0,7944.0,2735,0
2026-02-24 11:35:00+05:30,7944.0,7953.5,7944.0,7949.5,3443,0
2026-02-24 11:40:00+05:30,7947.5,7952.5,7935.0,7935.0,3300,0
2026-02-24 11:45:00+05:30,7935.0,7938.5,7933.0,7937.0,2072,0
2026-02-24 11:50:00+05:30,7937.0,7944.0,7936.5,7942.5,1719,0
2026-02-24 11:55:00+05:30,7942.5,7944.5,7932.5,7932.5,2916,0
2026-02-24 12:00:00+05:30,7933.5,7935.5,7925.5,7931.5,3190,0
2026-02-24 12:05:00+05:30,7932.0,7934.5,7931.0,7932.5,1944,0
2026-02-24 12:10:00+05:30,7933.0,7942.0,7931.5,7935.5,2192,0
2026-02-24 12:15:00+05:30,7935.5,7938.0,7928.0,7928.0,2126,0
2026-02-24 12:20:00+05:30,7928.0,7934.5,7925.0,7926.5,3138,0
2026-02-24 12:25:00+05:30,7927.5,7930.5,7920.5,7927.5,3402,0
2026-02-24 12:30:00+05:30,7927.5,7929.5,7921.0,7926.5,1959,0
2026-02-24 12:35:00+05:30,7926.5,7928.0,7923.5,7925.5,2321,0
2026-02-24 12:40:00+05:30,7926.0,7938.0,7925.0,7935.5,3429,0
2026-02-24 12:45:00+05:30,7935.0,7937.5,7927.5,7933.5,2382,0
2026-02-24 12:50:00+05:30,7933.5,7937.5,7925.5,7937.5,2278,0
2026-02-24 12:55:00+05:30,7936.5,7950.0,7933.0,7947.0,3434,0
2026-02-24 13:00:00+05:30,7948.0,7969.0,7943.5,7964.5,4509,0
2026-02-24 13:05:00+05:30,7965.0,7968.0,7958.0,7962.5,2229,0
2026-02-24 13:10:00+05:30,7961.0,7968.5,7959.5,7963.5,1894,0
2026-02-24 13:15:00+05:30,7964.0,7965.5,7940.0,7949.5,4366,0
2026-02-24 13:20:00+05:30,7950.0,7950.0,7935.0,7937.5,2621,0
2026-02-24 13:25:00+05:30,7936.5,7944.0,7920.5,7921.0,3436,0
2026-02-24 13:30:00+05:30,7922.0,7927.0,7902.0,7917.5,9224,0
2026-02-24 13:35:00+05:30,7917.5,7925.0,7910.0,7924.5,4539,0
2026-02-24 13:40:00+05:30,7924.5,7927.5,7918.0,7923.0,3001,0
2026-02-24 13:45:00+05:30,7922.5,7926.5,7918.5,7924.0,2380,0
2026-02-24 13:50:00+05:30,7924.0,7927.0,7918.0,7922.5,10056,0
2026-02-24 13:55:00+05:30,7921.5,7941.0,7921.5,7938.5,4650,0
2026-02-24 14:00:00+05:30,7939.0,7939.0,7926.0,7929.5,3818,0
2026-02-24 14:05:00+05:30,7929.5,7931.5,7926.0,7931.0,1809,0
2026-02-24 14:10:00+05:30,7931.5,7938.0,7931.0,7937.5,1986,0
2026-02-24 14:15:00+05:30,7936.0,7938.5,7925.0,7938.0,3731,0
2026-02-24 14:20:00+05:30,7938.0,7947.5,7931.0,7932.0,5286,0
2026-02-24 14:25:00+05:30,7932.0,7936.0,7925.0,7926.0,3611,0
2026-02-24 14:30:00+05:30,7926.0,7929.5,7910.0,7912.0,3586,0
2026-02-24 14:35:00+05:30,7913.5,7928.0,7912.0,7919.0,3341,0
2026-02-24 14:40:00+05:30,7920.0,7922.5,7905.5,7905.5,5090,0
2026-02-24 14:45:00+05:30,7905.5,7917.0,7904.0,7916.5,4360,0
2026-02-24 14:50:00+05:30,7916.5,7922.5,7915.5,7921.0,3011,0
2026-02-24 14:55:00+05:30,7921.0,7930.0,7921.0,7926.5,6290,0
2026-02-24 15:00:00+05:30,7926.5,7937.5,7925.5,7934.5,25851,0
2026-02-24 15:05:00+05:30,7933.0,7940.0,7916.5,7918.5,27850,0
2026-02-24 15:10:00+05:30,7918.5,7920.0,7910.0,7918.5,17289,0
2026-02-24 15:15:00+05:30,7918.0,7927.5,7918.0,7927.5,18379,0
2026-02-24 15:20:00+05:30,7927.0,7945.0,7927.0,7939.0,24614,0
2026-02-24 15:25:00+05:30,7938.5,7941.0,7912.0,7915.0,21041,0
2026-02-25 09:15:00+05:30,7930.0,7938.5,7787.5,7798.0,43637,0
2026-02-25 09:20:00+05:30,7800.5,7837.0,7772.0,7821.5,14374,0
2026-02-25 09:25:00+05:30,7821.5,7879.5,7816.0,7871.0,14438,0
2026-02-25 09:30:00+05:30,7871.0,7888.5,7865.5,7883.5,4849,0
2026-02-25 09:35:00+05:30,7883.5,7896.0,7879.5,7884.5,4267,0
2026-02-25 09:40:00+05:30,7884.5,7921.5,7882.0,7908.5,6961,0
2026-02-25 09:45:00+05:30,7908.5,7940.0,7907.5,7937.0,7519,0
2026-02-25 09:50:00+05:30,7937.0,7941.5,7912.0,7922.0,7114,0
2026-02-25 09:55:00+05:30,7922.0,7944.5,7911.5,7944.5,7959,0
2026-02-25 10:00:00+05:30,7945.0,7950.5,7939.5,7945.5,6473,0
2026-02-25 10:05:00+05:30,7945.5,7951.0,7940.5,7944.0,2951,0
2026-02-25 10:10:00+05:30,7945.0,7948.5,7934.5,7946.0,5007,0
2026-02-25 10:15:00+05:30,7946.5,7959.0,7935.0,7949.5,7367,0
2026-02-25 10:20:00+05:30,7949.5,7964.0,7946.5,7959.0,4455,0
2026-02-25 10:25:00+05:30,7959.0,7974.0,7959.0,7966.0,5839,0
2026-02-25 10:30:00+05:30,7964.0,7980.0,7964.0,7979.5,5547,0
2026-02-25 10:35:00+05:30,7980.0,7980.0,7963.5,7979.0,4868,0
2026-02-25 10:40:00+05:30,7979.5,7998.5,7979.5,7989.0,7451,0
2026-02-25 10:45:00+05:30,7989.5,7994.0,7975.0,7980.0,5361,0
2026-02-25 10:50:00+05:30,7979.5,7989.5,7977.5,7981.0,2940,0
2026-02-25 10:55:00+05:30,7981.0,7982.0,7966.0,7967.0,4163,0
2026-02-25 11:00:00+05:30,7967.5,7986.0,7950.0,7973.5,17545,0
2026-02-25 11:05:00+05:30,7973.0,8024.0,7972.5,8023.0,14230,0
2026-02-25 11:10:00+05:30,8023.5,8026.0,8015.0,8026.0,8881,0
2026-02-25 11:15:00+05:30,8026.0,8028.0,8016.0,8018.0,8359,0
2026-02-25 11:20:00+05:30,8017.5,8017.5,7999.5,8008.0,6516,0
2026-02-25 11:25:00+05:30,8008.5,8010.5,8000.0,8004.5,4176,0
2026-02-25 11:30:00+05:30,8004.5,8011.5,7997.0,7998.0,5279,0
2026-02-25 11:35:00+05:30,7998.5,8017.0,7993.0,8016.5,3090,0
2026-02-25 11:40:00+05:30,8016.0,8024.0,8005.5,8020.0,3502,0
2026-02-25 11:45:00+05:30,8021.0,8057.0,8020.5,8057.0,21820,0
2026-02-25 11:50:00+05:30,8056.5,8057.0,8040.5,8045.0,6384,0
2026-02-25 11:55:00+05:30,8047.0,8056.0,8044.5,8051.0,7436,0
2026-02-25 12:00:00+05:30,8051.0,8074.0,8047.0,8063.5,14652,0
2026-02-25 12:05:00+05:30,8063.5,8070.0,8060.0,8067.5,4494,0
2026-02-25 12:10:00+05:30,8067.5,8076.0,8062.0,8074.0,4848,0
2026-02-25 12:15:00+05:30,8074.0,8082.0,8062.0,8062.0,7031,0
2026-02-25 12:20:00+05:30,8063.5,8064.0,8053.5,8064.0,3332,0
2026-02-25 12:25:00+05:30,8063.5,8064.0,8043.0,8048.0,8343,0
2026-02-25 12:30:00+05:30,8046.5,8046.5,8025.0,8031.5,12510,0
2026-02-25 12:35:00+05:30,8031.0,8043.5,8025.5,8040.0,3072,0
2026-02-25 12:40:00+05:30,8042.0,8044.5,8020.0,8030.5,9050,0
2026-02-25 12:45:00+05:30,8031.0,8037.0,8026.0,8029.0,7025,0
2026-02-25 12:50:00+05:30,8029.0,8044.0,8023.0,8039.0,9029,0
2026-02-25 12:55:00+05:30,8039.0,8041.5,8024.0,8024.5,6508,0
2026-02-25 13:00:00+05:30,8025.0,8025.0,8008.5,8019.5,7512,0
2026-02-25 13:05:00+05:30,8019.5,8041.0,8015.5,8041.0,11347,0
2026-02-25 13:10:00+05:30,8040.0,8045.0,8028.0,8032.5,14047,0
2026-02-25 13:15:00+05:30,8032.5,8032.5,8024.5,8030.0,3110,0
2026-02-25 13:20:00+05:30,8030.0,8037.0,8029.5,8032.0,2434,0
2026-02-25 13:25:00+05:30,8032.0,8032.0,8018.0,8028.5,2830,0
2026-02-25 13:30:00+05:30,8028.5,8040.0,8028.5,8039.0,4664,0
2026-02-25 13:35:00+05:30,8039.0,8043.0,8038.0,8040.0,3664,0
2026-02-25 13:40:00+05:30,8040.0,8046.0,8038.5,8041.0,3364,0
2026-02-25 13:45:00+05:30,8040.0,8045.0,8034.5,8038.5,4824,0
2026-02-25 13:50:00+05:30,8038.5,8039.0,8037.0,8039.0,476,0
2026-02-25 13:55:00+05:30,8039.0,8039.0,8020.0,8022.5,5292,0
2026-02-25 14:00:00+05:30,8022.5,8033.5,8021.0,8023.5,2726,0
2026-02-25 14:05:00+05:30,8024.0,8028.0,7998.5,8012.0,9798,0
2026-02-25 14:10:00+05:30,8012.5,8020.5,7998.5,8001.0,5951,0
2026-02-25 14:15:00+05:30,8000.5,8012.5,7998.5,8007.5,2613,0
2026-02-25 14:20:00+05:30,8009.5,8014.5,7999.5,8000.0,1807,0
2026-02-25 14:25:00+05:30,8000.0,8006.0,7997.5,7997.5,3984,0
2026-02-25 14:30:00+05:30,7998.5,8011.5,7998.5,8006.5,1359,0
2026-02-25 14:35:00+05:30,8006.5,8013.0,8005.5,8006.5,1720,0
2026-02-25 14:40:00+05:30,8007.5,8008.0,7999.5,8006.0,1361,0
2026-02-25 14:45:00+05:30,8005.0,8007.5,7992.5,7992.5,3746,0
2026-02-25 14:50:00+05:30,7993.0,8000.0,7991.0,8000.0,1840,0
2026-02-25 14:55:00+05:30,7999.0,8003.0,7984.5,7993.5,8953,0
2026-02-25 15:00:00+05:30,7993.5,8016.5,7987.5,8016.5,27532,0
2026-02-25 15:05:00+05:30,8013.5,8013.5,7994.0,8003.0,22549,0
2026-02-25 15:10:00+05:30,8000.5,8006.5,7991.5,7995.0,17636,0
2026-02-25 15:15:00+05:30,7994.5,8029.0,7988.0,8025.5,33314,0
2026-02-25 15:20:00+05:30,8025.0,8033.0,8018.0,8023.0,16425,0
2026-02-25 15:25:00+05:30,8023.0,8051.0,8023.0,8040.0,12189,0
2026-02-26 09:15:00+05:30,8040.0,8099.5,8024.5,8077.5,19248,0
2026-02-26 09:20:00+05:30,8075.0,8087.5,8048.5,8070.0,15661,0
2026-02-26 09:25:00+05:30,8066.5,8089.0,8054.0,8071.0,10769,0
2026-02-26 09:30:00+05:30,8070.0,8097.0,8058.5,8092.5,13606,0
2026-02-26 09:35:00+05:30,8093.0,8100.0,8080.0,8083.5,9635,0
2026-02-26 09:40:00+05:30,8083.5,8087.5,8070.0,8082.5,6159,0
2026-02-26 09:45:00+05:30,8082.5,8082.5,8070.5,8075.0,3910,0
2026-02-26 09:50:00+05:30,8075.0,8076.0,8044.0,8046.0,18527,0
2026-02-26 09:55:00+05:30,8046.0,8069.5,8046.0,8069.5,8517,0
2026-02-26 10:00:00+05:30,8069.5,8075.0,8063.5,8066.0,2524,0
2026-02-26 10:05:00+05:30,8066.0,8078.0,8057.5,8075.5,7119,0
2026-02-26 10:10:00+05:30,8075.5,8080.0,8069.0,8075.0,1985,0
2026-02-26 10:15:00+05:30,8075.0,8094.0,8073.0,8087.5,6583,0
2026-02-26 10:20:00+05:30,8086.5,8090.0,8080.0,8090.0,3167,0
2026-02-26 10:25:00+05:30,8090.0,8091.0,8075.5,8078.0,4222,0
2026-02-26 10:30:00+05:30,8080.0,8086.0,8078.0,8080.0,2218,0
2026-02-26 10:35:00+05:30,8080.0,8082.0,8073.0,8078.0,5136,0
2026-02-26 10:40:00+05:30,8079.0,8080.5,8076.0,8079.0,1368,0
2026-02-26 10:45:00+05:30,8079.5,8080.0,8074.0,8079.0,1705,0
2026-02-26 10:50:00+05:30,8079.0,8080.0,8061.0,8064.5,2536,0
2026-02-26 10:55:00+05:30,8066.5,8066.5,8050.0,8055.5,3419,0
2026-02-26 11:00:00+05:30,8055.5,8063.0,8052.0,8055.0,3053,0
2026-02-26 11:05:00+05:30,8053.5,8056.0,8051.0,8054.5,1656,0
2026-02-26 11:10:00+05:30,8055.0,8062.5,8054.0,8062.5,1494,0
2026-02-26 11:15:00+05:30,8061.5,8068.0,8060.0,8067.0,1632,0
2026-02-26 11:20:00+05:30,8067.0,8068.0,8060.0,8064.0,1382,0
2026-02-26 11:25:00+05:30,8064.0,8074.5,8063.0,8066.0,1996,0
2026-02-26 11:30:00+05:30,8067.0,8069.0,8055.0,8067.0,2215,0
2026-02-26 11:35:00+05:30,8067.0,8072.0,8065.0,8068.0,1399,0
2026-02-26 11:40:00+05:30,8068.0,8068.0,8054.5,8062.0,1541,0
2026-02-26 11:45:00+05:30,8061.5,8063.5,8057.5,8062.5,1430,0
2026-02-26 11:50:00+05:30,8063.0,8064.5,8061.5,8064.5,954,0
2026-02-26 11:55:00+05:30,8063.5,8065.0,8055.5,8060.5,1465,0
2026-02-26 12:00:00+05:30,8061.0,8070.0,8060.5,8069.0,1175,0
2026-02-26 12:05:00+05:30,8070.0,8070.0,8058.0,8058.5,1593,0
2026-02-26 12:10:00+05:30,8058.0,8061.5,8055.0,8057.5,1268,0
2026-02-26 12:15:00+05:30,8058.5,8058.5,8046.0,8050.0,2757,0
2026-02-26 12:20:00+05:30,8050.0,8054.5,8040.0,8050.5,3574,0
2026-02-26 12:25:00+05:30,8050.5,8065.5,8049.0,8061.5,9620,0
2026-02-26 12:30:00+05:30,8061.0,8072.0,8061.0,8071.5,1879,0
2026-02-26 12:35:00+05:30,8072.0,8088.0,8072.0,8082.0,8591,0
2026-02-26 12:40:00+05:30,8082.0,8095.0,8078.0,8095.0,6428,0
2026-02-26 12:45:00+05:30,8093.5,8108.0,8089.0,8102.0,9281,0
2026-02-26 12:50:00+05:30,8102.0,8102.5,8092.0,8098.0,2649,0
2026-02-26 12:55:00+05:30,8098.0,8098.0,8092.0,8093.5,2180,0
2026-02-26 13:00:00+05:30,8094.5,8102.0,8092.0,8102.0,2736,0
2026-02-26 13:05:00+05:30,8102.0,8106.0,8099.0,8103.0,2552,0
2026-02-26 13:10:00+05:30,8102.0,8110.0,8101.5,8102.0,4854,0
2026-02-26 13:15:00+05:30,8103.0,8105.0,8095.0,8102.5,3702,0
2026-02-26 13:20:00+05:30,8103.5,8107.5,8100.0,8104.0,3839,0
2026-02-26 13:25:00+05:30,8104.0,8110.0,8100.0,8107.5,6701,0
2026-02-26 13:30:00+05:30,8108.0,8119.5,8105.0,8112.5,5519,0
2026-02-26 13:35:00+05:30,8112.5,8116.5,8111.0,8114.0,2014,0
2026-02-26 13:40:00+05:30,8114.0,8117.0,8108.5,8110.0,2458,0
2026-02-26 13:45:00+05:30,8108.5,8116.0,8095.0,8096.5,7081,0
2026-02-26 13:50:00+05:30,8097.5,8105.5,8090.0,8103.0,3834,0
2026-02-26 13:55:00+05:30,8103.5,8105.0,8100.0,8100.0,1377,0
2026-02-26 14:00:00+05:30,8101.0,8109.0,8100.0,8106.0,1935,0
2026-02-26 14:05:00+05:30,8107.0,8110.0,8104.5,8110.0,1908,0
2026-02-26 14:10:00+05:30,8110.0,8117.0,8110.0,8115.0,2626,0
2026-02-26 14:15:00+05:30,8115.0,8117.0,8110.0,8111.5,3472,0
2026-02-26 14:20:00+05:30,8111.0,8116.0,8109.5,8113.0,4262,0
2026-02-26 14:25:00+05:30,8114.0,8127.0,8110.5,8123.0,8362,0
2026-02-26 14:30:00+05:30,8123.0,8129.0,8119.5,8125.0,4707,0
2026-02-26 14:35:00+05:30,8125.0,8138.5,8123.5,8134.0,8474,0
2026-02-26 14:40:00+05:30,8134.0,8160.0,8131.5,8154.0,11707,0
2026-02-26 14:45:00+05:30,8156.5,8165.0,8151.0,8160.0,12115,0
2026-02-26 14:50:00+05:30,8160.5,8171.0,8155.0,8171.0,8350,0
2026-02-26 14:55:00+05:30,8171.0,8173.5,8160.0,8165.0,6446,0
2026-02-26 15:00:00+05:30,8165.0,8182.5,8165.0,8182.0,12177,0
2026-02-26 15:05:00+05:30,8182.0,8195.0,8177.0,8194.5,14032,0
2026-02-26 15:10:00+05:30,8194.5,8200.0,8185.0,8190.0,16670,0
2026-02-26 15:15:00+05:30,8190.0,8195.5,8180.0,8188.0,14686,0
2026-02-26 15:20:00+05:30,8188.5,8200.0,8187.0,8197.0,15382,0
2026-02-26 15:25:00+05:30,8199.5,8225.0,8190.5,8224.0,14191,0
2026-02-27 09:15:00+05:30,8220.0,8230.0,8174.0,8217.5,69446,0
2026-02-27 09:20:00+05:30,8217.0,8222.0,8160.0,8162.0,29313,0
2026-02-27 09:25:00+05:30,8163.0,8169.0,8116.5,8121.0,25049,0
2026-02-27 09:30:00+05:30,8121.0,8135.0,8097.0,8110.0,16692,0
2026-02-27 09:35:00+05:30,8108.5,8130.0,8094.5,8124.0,11556,0
2026-02-27 09:40:00+05:30,8124.0,8127.0,8111.5,8111.5,5433,0
2026-02-27 09:45:00+05:30,8112.0,8112.0,8061.5,8066.0,14510,0
2026-02-27 09:50:00+05:30,8065.5,8080.0,8061.0,8078.5,5347,0
2026-02-27 09:55:00+05:30,8078.5,8098.0,8077.5,8095.0,6105,0
2026-02-27 10:00:00+05:30,8095.0,8097.0,8072.0,8073.0,6202,0
2026-02-27 10:05:00+05:30,8074.0,8078.5,8070.0,8074.0,6900,0
2026-02-27 10:10:00+05:30,8074.5,8089.0,8064.0,8087.0,13764,0
2026-02-27 10:15:00+05:30,8084.5,8087.5,8076.5,8080.0,6551,0
2026-02-27 10:20:00+05:30,8081.0,8082.0,8056.0,8074.0,8159,0
2026-02-27 10:25:00+05:30,8073.0,8078.5,8056.0,8070.0,6299,0
2026-02-27 10:30:00+05:30,8071.0,8078.5,8067.0,8077.0,3439,0
2026-02-27 10:35:00+05:30,8076.5,8097.0,8076.5,8081.5,7250,0
2026-02-27 10:40:00+05:30,8082.0,8087.5,8060.0,8067.0,15869,0
2026-02-27 10:45:00+05:30,8067.5,8072.5,8061.0,8071.0,5967,0
2026-02-27 10:50:00+05:30,8070.0,8076.0,8068.5,8072.0,4378,0
2026-02-27 10:55:00+05:30,8072.5,8076.5,8065.0,8074.0,3377,0
2026-02-27 11:00:00+05:30,8073.0,8084.5,8060.5,8084.0,10165,0
2026-02-27 11:05:00+05:30,8084.5,8090.5,8082.0,8083.5,5317,0
2026-02-27 11:10:00+05:30,8084.0,8084.0,8071.0,8083.5,2912,0
2026-02-27 11:15:00+05:30,8083.5,8086.0,8076.0,8079.0,3136,0
2026-02-27 11:20:00+05:30,8079.5,8091.0,8077.0,8089.5,4350,0
2026-02-27 11:25:00+05:30,8088.5,8091.0,8080.0,8084.0,2640,0
2026-02-27 11:30:00+05:30,8084.0,8087.0,8073.0,8073.0,3123,0
2026-02-27 11:35:00+05:30,8072.0,8084.0,8057.0,8072.5,11732,0
2026-02-27 11:40:00+05:30,8072.0,8100.0,8071.5,8095.5,24786,0
2026-02-27 11:45:00+05:30,8096.0,8106.0,8094.0,8101.0,4627,0
2026-02-27 11:50:00+05:30,8100.5,8108.5,8096.5,8107.5,3534,0
2026-02-27 11:55:00+05:30,8107.5,8109.5,8098.5,8101.0,5848,0
2026-02-27 12:00:00+05:30,8102.0,8103.0,8100.0,8101.0,2569,0
2026-02-27 12:05:00+05:30,8101.0,8101.5,8091.0,8093.5,4981,0
2026-02-27 12:10:00+05:30,8094.0,8094.5,8075.0,8075.0,4581,0
2026-02-27 12:15:00+05:30,8075.0,8080.5,8074.5,8079.0,2715,0
2026-02-27 12:20:00+05:30,8078.5,8081.5,8070.0,8073.5,3926,0
2026-02-27 12:25:00+05:30,8074.0,8083.5,8071.5,8072.5,3223,0
2026-02-27 12:30:00+05:30,8071.5,8075.0,8070.0,8074.5,3094,0
2026-02-27 12:35:00+05:30,8074.5,8076.0,8069.5,8075.5,3769,0
2026-02-27 12:40:00+05:30,8075.5,8076.0,8070.5,8071.0,2882,0
2026-02-27 12:45:00+05:30,8071.0,8078.5,8065.0,8068.0,3178,0
2026-02-27 12:50:00+05:30,8068.0,8077.0,8068.0,8072.0,2406,0
2026-02-27 12:55:00+05:30,8072.0,8072.5,8069.5,8069.5,1950,0
2026-02-27 13:00:00+05:30,8069.5,8075.0,8069.5,8072.5,1619,0
2026-02-27 13:05:00+05:30,8072.5,8081.0,8072.5,8076.5,2010,0
2026-02-27 13:10:00+05:30,8076.0,8082.0,8070.0,8081.5,2432,0
2026-02-27 13:15:00+05:30,8082.0,8082.0,8070.0,8072.0,2292,0
2026-02-27 13:20:00+05:30,8075.0,8078.0,8071.5,8071.5,1847,0
2026-02-27 13:25:00+05:30,8071.5,8077.0,8070.0,8077.0,2553,0
2026-02-27 13:30:00+05:30,8076.0,8086.5,8076.0,8082.5,3292,0
2026-02-27 13:35:00+05:30,8082.0,8082.0,8078.5,8078.5,1685,0
2026-02-27 13:40:00+05:30,8079.0,8084.5,8078.5,8080.5,1798,0
2026-02-27 13:45:00+05:30,8081.0,8105.0,8081.0,8103.5,7988,0
2026-02-27 13:50:00+05:30,8103.5,8104.0,8092.5,8095.5,4337,0
2026-02-27 13:55:00+05:30,8095.5,8102.5,8095.5,8101.5,2593,0
2026-02-27 14:00:00+05:30,8101.5,8103.0,8086.5,8087.0,4496,0
2026-02-27 14:05:00+05:30,8087.5,8095.5,8083.5,8095.5,3993,0
2026-02-27 14:10:00+05:30,8096.0,8103.0,8090.0,8091.0,4570,0
2026-02-27 14:15:00+05:30,8091.0,8091.5,8091.0,8091.0,2611,0
2026-02-27 14:20:00+05:30,8091.5,8097.0,8091.0,8091.5,4170,0
2026-02-27 14:25:00+05:30,8091.0,8092.5,8082.0,8085.5,3917,0
2026-02-27 14:30:00+05:30,8085.0,8090.5,8075.0,8079.0,4358,0
2026-02-27 14:35:00+05:30,8079.0,8090.5,8079.0,8084.5,3352,0
2026-02-27 14:40:00+05:30,8085.0,8099.0,8082.0,8097.5,7586,0
2026-02-27 14:45:00+05:30,8096.5,8097.5,8085.0,8088.0,8480,0
2026-02-27 14:50:00+05:30,8089.0,8094.0,8087.0,8088.0,8036,0
2026-02-27 14:55:00+05:30,8088.5,8093.0,8085.0,8087.5,5895,0
2026-02-27 15:00:00+05:30,8087.0,8088.0,7991.5,7993.5,58734,0
2026-02-27 15:05:00+05:30,7994.0,8010.0,7987.0,8010.0,54063,0
2026-02-27 15:10:00+05:30,8009.5,8034.0,8005.0,8005.0,42811,0
2026-02-27 15:15:00+05:30,8005.0,8019.0,8002.5,8005.0,47093,0
2026-02-27 15:20:00+05:30,8006.5,8011.5,7994.5,8005.0,50191,0
2026-02-27 15:25:00+05:30,8005.0,8019.0,7993.0,8014.0,32424,0
2026-03-02 09:15:00+05:30,7800.0,7976.0,7800.0,7972.0,42549,0
2026-03-02 09:20:00+05:30,7972.5,7996.5,7933.5,7944.0,13806,0
2026-03-02 09:25:00+05:30,7944.5,7945.5,7900.0,7910.0,12193,0
2026-03-02 09:30:00+05:30,7909.0,7939.0,7902.0,7934.0,11439,0
2026-03-02 09:35:00+05:30,7935.5,7954.5,7930.0,7944.0,4386,0
2026-03-02 09:40:00+05:30,7944.0,7961.0,7941.5,7948.0,4557,0
2026-03-02 09:45:00+05:30,7948.0,7956.0,7937.5,7938.0,3611,0
2026-03-02 09:50:00+05:30,7937.0,7940.0,7920.0,7920.0,3421,0
2026-03-02 09:55:00+05:30,7921.5,7940.0,7916.5,7939.5,2515,0
2026-03-02 10:00:00+05:30,7940.5,7945.5,7925.5,7928.0,9694,0
2026-03-02 10:05:00+05:30,7928.5,7935.0,7927.0,7935.0,2235,0
2026-03-02 10:10:00+05:30,7934.0,7937.0,7923.5,7927.0,4346,0
2026-03-02 10:15:00+05:30,7928.5,7931.0,7909.5,7915.5,6631,0
2026-03-02 10:20:00+05:30,7915.5,7917.5,7887.0,7895.5,5571,0
2026-03-02 10:25:00+05:30,7895.0,7898.0,7890.0,7893.0,2270,0
2026-03-02 10:30:00+05:30,7892.0,7895.5,7882.0,7889.5,4737,0
2026-03-02 10:35:00+05:30,7887.5,7903.5,7883.5,7891.5,5289,0
2026-03-02 10:40:00+05:30,7891.0,7900.5,7868.5,7870.5,5383,0
2026-03-02 10:45:00+05:30,7870.0,7875.5,7856.0,7858.5,5051,0
2026-03-02 10:50:00+05:30,7858.0,7859.0,7833.5,7841.0,8880,0
2026-03-02 10:55:00+05:30,7844.0,7877.0,7841.5,7872.5,5799,0
2026-03-02 11:00:00+05:30,7872.0,7875.0,7860.5,7860.5,9861,0
2026-03-02 11:05:00+05:30,7860.5,7873.0,7844.0,7873.0,15773,0
2026-03-02 11:10:00+05:30,7873.0,7874.5,7850.0,7853.5,3874,0
2026-03-02 11:15:00+05:30,7853.5,7855.5,7842.0,7848.0,2772,0
2026-03-02 11:20:00+05:30,7848.0,7854.5,7839.5,7843.0,3293,0
2026-03-02 11:25:00+05:30,7843.0,7849.0,7831.0,7833.5,2228,0
2026-03-02 11:30:00+05:30,7833.5,7835.0,7817.5,7817.5,3329,0
2026-03-02 11:35:00+05:30,7817.5,7824.0,7807.0,7823.5,2988,0
2026-03-02 11:40:00+05:30,7823.5,7825.5,7810.5,7824.5,2610,0
2026-03-02 11:45:00+05:30,7824.5,7838.0,7820.0,7823.0,2644,0
2026-03-02 11:50:00+05:30,7823.0,7826.0,7809.0,7816.5,2607,0
2026-03-02 11:55:00+05:30,7816.5,7819.0,7806.5,7808.0,2515,0
2026-03-02 12:00:00+05:30,7809.0,7810.0,7780.5,7784.0,6808,0
2026-03-02 12:05:00+05:30,7784.0,7790.0,7772.5,7781.5,3017,0
2026-03-02 12:10:00+05:30,7779.5,7790.0,7776.0,7780.0,4402,0
2026-03-02 12:15:00+05:30,7780.0,7783.0,7756.5,7764.0,8913,0
2026-03-02 12:20:00+05:30,7762.0,7774.5,7761.0,7771.5,2633,0
2026-03-02 12:25:00+05:30,7771.5,7780.5,7762.0,7773.5,5063,0
2026-03-02 12:30:00+05:30,7773.5,7787.0,7772.0,7772.0,2129,0
2026-03-02 12:35:00+05:30,7772.0,7779.0,7755.5,7761.5,9221,0
2026-03-02 12:40:00+05:30,7757.0,7769.5,7756.5,7760.5,4012,0
2026-03-02 12:45:00+05:30,7760.5,7767.5,7756.5,7758.5,3464,0
2026-03-02 12:50:00+05:30,7758.5,7769.5,7755.5,7760.0,3119,0
2026-03-02 12:55:00+05:30,7760.0,7764.0,7755.5,7760.0,8761,0
2026-03-02 13:00:00+05:30,7760.0,7760.5,7740.0,7750.5,12909,0
2026-03-02 13:05:00+05:30,7748.0,7752.5,7744.5,7749.0,2894,0
2026-03-02 13:10:00+05:30,7750.0,7768.0,7748.5,7768.0,3919,0
2026-03-02 13:15:00+05:30,7766.0,7784.0,7765.5,7781.0,3581,0
2026-03-02 13:20:00+05:30,7780.0,7782.5,7771.5,7777.0,2186,0
2026-03-02 13:25:00+05:30,7775.0,7778.0,7755.0,7755.0,2857,0
2026-03-02 13:30:00+05:30,7756.0,7760.0,7745.0,7755.5,3867,0
2026-03-02 13:35:00+05:30,7753.0,7760.0,7747.5,7750.5,3314,0
2026-03-02 13:40:00+05:30,7747.5,7758.5,7745.0,7757.0,10007,0
2026-03-02 13:45:00+05:30,7757.0,7759.0,7750.0,7751.0,2987,0
2026-03-02 13:50:00+05:30,7750.0,7757.5,7727.5,7729.0,5371,0
2026-03-02 13:55:00+05:30,7732.0,7732.0,7715.5,7725.5,5306,0
2026-03-02 14:00:00+05:30,7723.5,7793.5,7721.0,7774.0,8915,0
2026-03-02 14:05:00+05:30,7772.5,7814.5,7772.0,7801.5,8589,0
2026-03-02 14:10:00+05:30,7801.5,7838.0,7800.0,7838.0,7801,0
2026-03-02 14:15:00+05:30,7838.0,7840.0,7821.0,7830.0,5213,0
2026-03-02 14:20:00+05:30,7830.0,7834.0,7809.5,7823.0,3774,0
2026-03-02 14:25:00+05:30,7823.0,7823.0,7801.5,7805.0,4133,0
2026-03-02 14:30:00+05:30,7804.0,7830.0,7785.0,7830.0,5595,0
2026-03-02 14:35:00+05:30,7830.0,7847.5,7828.0,7835.0,8745,0
2026-03-02 14:40:00+05:30,7838.0,7850.0,7835.5,7847.0,5781,0
2026-03-02 14:45:00+05:30,7847.5,7855.0,7834.5,7843.5,4097,0
2026-03-02 14:50:00+05:30,7843.5,7847.5,7835.0,7845.0,5253,0
2026-03-02 14:55:00+05:30,7845.0,7848.0,7813.5,7819.5,7142,0
2026-03-02 15:00:00+05:30,7822.0,7834.5,7811.0,7833.0,15482,0
2026-03-02 15:05:00+05:30,7833.0,7840.0,7823.0,7838.0,9094,0
2026-03-02 15:10:00+05:30,7838.0,7845.0,7833.0,7844.0,16254,0
2026-03-02 15:15:00+05:30,7844.0,7846.5,7832.0,7832.0,9579,0
2026-03-02 15:20:00+05:30,7833.0,7835.0,7799.0,7802.5,15221,0
2026-03-02 15:25:00+05:30,7802.0,7818.0,7796.5,7809.0,13399,0
2026-03-04 09:15:00+05:30,7700.0,7705.0,7626.5,7633.5,92274,0
2026-03-04 09:20:00+05:30,7633.0,7648.5,7621.0,7633.0,21667,0
2026-03-04 09:25:00+05:30,7631.0,7660.0,7625.0,7643.0,12685,0
2026-03-04 09:30:00+05:30,7643.0,7659.0,7627.0,7627.5,14803,0
2026-03-04 09:35:00+05:30,7630.0,7630.0,7593.5,7616.5,12336,0
2026-03-04 09:40:00+05:30,7616.5,7669.0,7613.5,7648.0,11726,0
2026-03-04 09:45:00+05:30,7648.0,7654.0,7631.0,7643.0,7811,0
2026-03-04 09:50:00+05:30,7642.0,7675.0,7640.0,7653.5,7557,0
2026-03-04 09:55:00+05:30,7653.5,7659.0,7631.5,7633.5,6761,0
2026-03-04 10:00:00+05:30,7633.5,7635.5,7620.0,7630.5,5444,0
2026-03-04 10:05:00+05:30,7631.0,7645.5,7625.0,7643.0,8327,0
2026-03-04 10:10:00+05:30,7643.0,7651.5,7635.0,7650.0,12480,0
2026-03-04 10:15:00+05:30,7649.5,7657.0,7625.5,7632.5,12654,0
2026-03-04 10:20:00+05:30,7632.5,7638.0,7622.5,7626.5,5330,0
2026-03-04 10:25:00+05:30,7626.5,7644.5,7625.0,7631.0,4304,0
2026-03-04 10:30:00+05:30,7630.0,7631.0,7617.0,7618.0,2700,0
2026-03-04 10:35:00+05:30,7621.0,7621.0,7610.0,7612.5,3782,0
2026-03-04 10:40:00+05:30,7612.5,7616.0,7608.5,7613.0,3044,0
2026-03-04 10:45:00+05:30,7612.0,7629.5,7610.5,7625.5,3923,0
2026-03-04 10:50:00+05:30,7625.0,7630.0,7620.0,7628.0,2721,0
2026-03-04 10:55:00+05:30,7627.5,7627.5,7620.0,7626.0,2926,0
2026-03-04 11:00:00+05:30,7626.0,7634.0,7621.0,7628.0,4643,0
2026-03-04 11:05:00+05:30,7628.0,7628.0,7606.0,7614.5,3895,0
2026-03-04 11:10:00+05:30,7614.5,7622.0,7600.5,7602.0,3269,0
2026-03-04 11:15:00+05:30,7602.0,7605.0,7584.5,7592.0,7314,0
2026-03-04 11:20:00+05:30,7590.5,7594.0,7582.5,7589.5,3767,0
2026-03-04 11:25:00+05:30,7589.5,7598.0,7582.5,7584.5,3253,0
2026-03-04 11:30:00+05:30,7584.5,7595.5,7582.5,7593.5,2957,0
2026-03-04 11:35:00+05:30,7593.5,7601.0,7583.0,7599.0,5670,0
2026-03-04 11:40:00+05:30,7598.0,7610.0,7587.0,7590.0,4321,0
2026-03-04 11:45:00+05:30,7590.0,7596.0,7585.0,7593.5,2703,0
2026-03-04 11:50:00+05:30,7594.0,7611.5,7592.0,7603.5,5840,0
2026-03-04 11:55:00+05:30,7603.5,7611.5,7603.5,7611.0,3199,0
2026-03-04 12:00:00+05:30,7611.0,7620.5,7610.0,7614.0,2594,0
2026-03-04 12:05:00+05:30,7614.0,7615.5,7610.0,7613.0,1693,0
2026-03-04 12:10:00+05:30,7613.5,7613.5,7607.0,7608.0,3531,0
2026-03-04 12:15:00+05:30,7608.5,7610.0,7582.0,7585.0,10996,0
2026-03-04 12:20:00+05:30,7585.0,7586.5,7575.0,7581.5,4744,0
2026-03-04 12:25:00+05:30,7582.5,7588.5,7580.0,7582.0,3818,0
2026-03-04 12:30:00+05:30,7582.0,7583.5,7577.0,7580.0,3271,0
2026-03-04 12:35:00+05:30,7580.0,7583.0,7576.5,7580.5,3808,0
2026-03-04 12:40:00+05:30,7580.5,7593.5,7571.5,7587.5,6397,0
2026-03-04 12:45:00+05:30,7587.5,7590.0,7580.0,7583.0,2557,0
2026-03-04 12:50:00+05:30,7581.5,7585.5,7577.0,7583.0,2457,0
2026-03-04 12:55:00+05:30,7583.0,7597.0,7580.0,7586.5,6413,0
2026-03-04 13:00:00+05:30,7586.5,7591.5,7585.0,7588.0,2022,0
2026-03-04 13:05:00+05:30,7587.5,7595.0,7585.0,7593.5,3069,0
2026-03-04 13:10:00+05:30,7593.5,7599.5,7588.0,7596.5,4192,0
2026-03-04 13:15:00+05:30,7596.0,7604.0,7595.5,7602.0,3786,0
2026-03-04 13:20:00+05:30,7602.0,7608.0,7597.5,7608.0,3335,0
2026-03-04 13:25:00+05:30,7607.5,7610.0,7599.0,7600.5,3171,0
2026-03-04 13:30:00+05:30,7600.5,7610.0,7600.5,7608.0,3035,0
2026-03-04 13:35:00+05:30,7608.5,7622.5,7604.0,7618.5,11855,0
2026-03-04 13:40:00+05:30,7618.0,7624.0,7615.0,7624.0,3347,0
2026-03-04 13:45:00+05:30,7624.0,7625.0,7615.5,7617.0,4141,0
2026-03-04 13:50:00+05:30,7616.5,7616.5,7606.5,7614.0,2884,0
2026-03-04 13:55:00+05:30,7614.0,7619.5,7613.5,7619.5,4621,0
2026-03-04 14:00:00+05:30,7619.5,7624.5,7619.0,7622.0,3953,0
2026-03-04 14:05:00+05:30,7622.0,7630.0,7616.0,7626.5,6194,0
2026-03-04 14:10:00+05:30,7625.5,7645.5,7625.0,7645.5,6347,0
2026-03-04 14:15:00+05:30,7645.5,7665.0,7645.0,7660.0,11611,0
2026-03-04 14:20:00+05:30,7660.0,7660.0,7648.0,7650.0,2845,0
2026-03-04 14:25:00+05:30,7649.5,7651.0,7637.5,7639.0,4274,0
2026-03-04 14:30:00+05:30,7639.5,7651.0,7627.5,7645.0,5280,0
2026-03-04 14:35:00+05:30,7646.0,7646.0,7631.5,7638.0,3314,0
2026-03-04 14:40:00+05:30,7640.0,7647.0,7632.5,7640.0,3287,0
2026-03-04 14:45:00+05:30,7640.0,7641.5,7625.5,7640.0,4817,0
2026-03-04 14:50:00+05:30,7640.0,7657.0,7636.0,7652.0,6371,0
2026-03-04 14:55:00+05:30,7652.0,7656.0,7641.5,7650.5,6025,0
2026-03-04 15:00:00+05:30,7650.5,7650.5,7610.5,7626.0,19816,0
2026-03-04 15:05:00+05:30,7626.0,7635.0,7623.5,7630.0,19992,0
2026-03-04 15:10:00+05:30,7629.5,7636.0,7623.0,7635.5,27220,0
2026-03-04 15:15:00+05:30,7635.5,7637.5,7622.0,7624.0,18092,0
2026-03-04 15:20:00+05:30,7623.5,7625.0,7613.0,7622.5,19443,0
2026-03-04 15:25:00+05:30,7622.5,7640.0,7614.0,7640.0,16990,0
2026-03-05 09:15:00+05:30,7705.0,7740.0,7671.5,7717.0,31934,0
2026-03-05 09:20:00+05:30,7716.5,7734.5,7703.0,7731.5,12441,0
2026-03-05 09:25:00+05:30,7731.5,7731.5,7713.5,7720.5,9643,0
2026-03-05 09:30:00+05:30,7721.5,7730.0,7705.0,7711.0,15695,0
2026-03-05 09:35:00+05:30,7711.5,7722.5,7703.5,7705.0,18907,0
2026-03-05 09:40:00+05:30,7704.0,7725.0,7701.5,7716.5,8263,0
2026-03-05 09:45:00+05:30,7714.5,7719.0,7690.5,7692.0,13462,0
2026-03-05 09:50:00+05:30,7692.0,7717.5,7692.0,7717.0,15606,0
2026-03-05 09:55:00+05:30,7717.0,7720.0,7702.0,7705.5,11175,0
2026-03-05 10:00:00+05:30,7706.0,7715.0,7703.0,7705.5,6776,0
2026-03-05 10:05:00+05:30,7704.5,7709.0,7694.5,7695.0,13132,0
2026-03-05 10:10:00+05:30,7695.5,7696.5,7690.5,7696.0,3590,0
2026-03-05 10:15:00+05:30,7696.0,7697.5,7685.5,7685.5,5268,0
2026-03-05 10:20:00+05:30,7685.5,7686.0,7670.0,7676.5,3766,0
2026-03-05 10:25:00+05:30,7674.0,7677.5,7665.5,7669.0,7370,0
2026-03-05 10:30:00+05:30,7669.0,7671.0,7660.5,7671.0,5974,0
2026-03-05 10:35:00+05:30,7680.0,7695.0,7675.5,7692.5,6049,0
2026-03-05 10:40:00+05:30,7692.5,7695.0,7684.0,7688.0,2519,0
2026-03-05 10:45:00+05:30,7688.0,7697.5,7688.0,7688.5,2737,0
2026-03-05 10:50:00+05:30,7686.5,7693.0,7683.5,7687.5,4319,0
2026-03-05 10:55:00+05:30,7687.5,7693.0,7677.5,7682.5,2509,0
2026-03-05 11:00:00+05:30,7682.5,7689.5,7668.5,7670.0,5918,0
2026-03-05 11:05:00+05:30,7671.0,7675.0,7660.0,7665.0,5665,0
2026-03-05 11:10:00+05:30,7665.0,7665.0,7656.0,7657.0,3086,0
2026-03-05 11:15:00+05:30,7653.0,7672.0,7650.0,7655.5,3999,0
2026-03-05 11:20:00+05:30,7656.5,7660.0,7645.0,7657.5,2804,0
2026-03-05 11:25:00+05:30,7655.5,7660.0,7648.5,7651.0,1895,0
2026-03-05 11:30:00+05:30,7650.5,7669.5,7650.5,7667.0,4095,0
2026-03-05 11:35:00+05:30,7667.0,7677.0,7656.5,7677.0,4666,0
2026-03-05 11:40:00+05:30,7674.5,7676.0,7665.0,7665.0,3792,0
2026-03-05 11:45:00+05:30,7667.5,7670.5,7650.5,7654.5,4264,0
2026-03-05 11:50:00+05:30,7652.0,7655.0,7643.0,7648.0,4831,0
2026-03-05 11:55:00+05:30,7649.0,7650.5,7615.0,7626.5,6499,0
2026-03-05 12:00:00+05:30,7627.5,7635.0,7626.0,7632.5,4250,0
2026-03-05 12:05:00+05:30,7635.5,7638.0,7624.5,7636.0,3696,0
2026-03-05 12:10:00+05:30,7636.0,7643.0,7634.0,7639.5,3812,0
2026-03-05 12:15:00+05:30,7642.5,7649.0,7641.0,7646.0,3310,0
2026-03-05 12:20:00+05:30,7644.5,7652.0,7644.0,7648.5,4485,0
2026-03-05 12:25:00+05:30,7648.5,7652.0,7644.0,7652.0,3088,0
2026-03-05 12:30:00+05:30,7652.0,7653.0,7639.0,7639.0,5358,0
2026-03-05 12:35:00+05:30,7639.0,7649.0,7637.0,7649.0,3289,0
2026-03-05 12:40:00+05:30,7649.5,7670.0,7649.5,7662.0,32831,0
2026-03-05 12:45:00+05:30,7662.0,7664.0,7650.0,7657.5,3077,0
2026-03-05 12:50:00+05:30,7656.0,7661.0,7654.0,7660.0,3412,0
2026-03-05 12:55:00+05:30,7660.0,7661.0,7656.0,7660.0,2884,0
2026-03-05 13:00:00+05:30,7661.0,7665.5,7658.0,7658.5,3830,0
2026-03-05 13:05:00+05:30,7656.5,7672.0,7656.5,7672.0,6081,0
2026-03-05 13:10:00+05:30,7671.5,7677.5,7669.5,7676.5,3984,0
2026-03-05 13:15:00+05:30,7679.0,7680.0,7673.5,7678.5,2971,0
2026-03-05 13:20:00+05:30,7680.0,7685.5,7666.0,7677.0,8576,0
2026-03-05 13:25:00+05:30,7677.0,7682.5,7671.5,7682.5,4991,0
2026-03-05 13:30:00+05:30,7684.0,7692.0,7680.5,7689.5,4572,0
2026-03-05 13:35:00+05:30,7685.5,7689.5,7674.0,7676.5,2320,0
2026-03-05 13:40:00+05:30,7673.5,7687.0,7673.5,7686.5,2383,0
2026-03-05 13:45:00+05:30,7686.5,7691.0,7682.0,7683.0,2636,0
2026-03-05 13:50:00+05:30,7682.5,7685.0,7667.5,7673.0,3821,0
2026-03-05 13:55:00+05:30,7671.5,7679.5,7667.5,7668.5,7472,0
2026-03-05 14:00:00+05:30,7668.5,7680.5,7667.5,7679.0,3934,0
2026-03-05 14:05:00+05:30,7675.5,7686.5,7670.5,7674.5,10284,0
2026-03-05 14:10:00+05:30,7671.0,7676.0,7663.0,7669.0,4947,0
2026-03-05 14:15:00+05:30,7669.0,7675.0,7654.0,7656.0,5258,0
2026-03-05 14:20:00+05:30,7656.5,7675.0,7654.5,7675.0,6938,0
2026-03-05 14:25:00+05:30,7671.5,7676.5,7668.5,7676.0,3643,0
2026-03-05 14:30:00+05:30,7674.0,7677.5,7666.0,7677.0,2866,0
2026-03-05 14:35:00+05:30,7678.0,7716.0,7676.5,7716.0,7602,0
2026-03-05 14:40:00+05:30,7716.0,7741.5,7716.0,7738.0,8215,0
2026-03-05 14:45:00+05:30,7741.5,7765.5,7741.5,7764.5,7565,0
2026-03-05 14:50:00+05:30,7766.5,7798.0,7766.5,7798.0,9471,0
2026-03-05 14:55:00+05:30,7798.0,7801.5,7780.0,7784.0,10225,0
2026-03-05 15:00:00+05:30,7784.0,7787.0,7762.5,7768.5,19125,0
2026-03-05 15:05:00+05:30,7768.0,7768.5,7757.0,7757.0,12855,0
2026-03-05 15:10:00+05:30,7763.5,7763.5,7720.0,7725.0,20500,0
2026-03-05 15:15:00+05:30,7725.5,7744.0,7724.0,7741.0,17334,0
2026-03-05 15:20:00+05:30,7741.0,7769.0,7741.0,7750.0,24133,0
2026-03-05 15:25:00+05:30,7749.5,7772.0,7742.0,7742.0,13463,0
2026-03-06 09:15:00+05:30,7733.0,7735.0,7660.0,7662.0,14970,0
2026-03-06 09:20:00+05:30,7656.0,7682.5,7654.5,7668.0,10025,0
2026-03-06 09:25:00+05:30,7669.0,7688.0,7669.0,7681.0,6293,0
2026-03-06 09:30:00+05:30,7679.5,7679.5,7649.5,7649.5,8348,0
2026-03-06 09:35:00+05:30,7645.0,7655.0,7637.0,7651.0,6144,0
2026-03-06 09:40:00+05:30,7652.5,7674.0,7651.0,7659.0,6352,0
2026-03-06 09:45:00+05:30,7658.0,7670.0,7652.0,7652.0,3760,0
2026-03-06 09:50:00+05:30,7652.5,7655.5,7647.0,7647.0,4089,0
2026-03-06 09:55:00+05:30,7645.0,7645.0,7626.5,7626.5,6888,0
2026-03-06 10:00:00+05:30,7626.0,7639.5,7621.0,7635.0,5028,0
2026-03-06 10:05:00+05:30,7633.0,7645.0,7633.0,7642.0,3740,0
2026-03-06 10:10:00+05:30,7646.0,7647.5,7645.0,7647.0,1943,0
2026-03-06 10:15:00+05:30,7647.5,7655.5,7647.0,7647.5,2091,0
2026-03-06 10:20:00+05:30,7646.0,7646.0,7640.0,7644.5,1683,0
2026-03-06 10:25:00+05:30,7646.5,7656.5,7646.5,7646.5,2850,0
2026-03-06 10:30:00+05:30,7647.0,7647.0,7629.5,7630.5,4793,0
2026-03-06 10:35:00+05:30,7631.0,7643.0,7631.0,7639.0,5531,0
2026-03-06 10:40:00+05:30,7640.5,7647.0,7630.0,7632.5,3090,0
2026-03-06 10:45:00+05:30,7632.0,7632.5,7610.0,7618.0,4625,0
2026-03-06 10:50:00+05:30,7616.5,7631.0,7615.0,7622.0,3486,0
2026-03-06 10:55:00+05:30,7624.5,7624.5,7603.0,7615.0,6366,0
2026-03-06 11:00:00+05:30,7616.0,7639.0,7616.0,7632.0,3625,0
2026-03-06 11:05:00+05:30,7632.5,7636.5,7622.0,7626.0,2475,0
2026-03-06 11:10:00+05:30,7627.0,7627.5,7622.5,7627.5,1763,0
2026-03-06 11:15:00+05:30,7627.5,7633.5,7626.5,7628.5,2394,0
2026-03-06 11:20:00+05:30,7629.0,7637.0,7626.0,7631.0,2715,0
2026-03-06 11:25:00+05:30,7629.0,7633.5,7614.5,7626.5,2998,0
2026-03-06 11:30:00+05:30,7626.5,7628.5,7620.0,7623.0,2403,0
2026-03-06 11:35:00+05:30,7623.5,7628.5,7620.5,7628.5,1878,0
2026-03-06 11:40:00+05:30,7628.0,7646.5,7626.0,7636.0,4383,0
2026-03-06 11:45:00+05:30,7634.5,7646.0,7633.0,7646.0,2036,0
2026-03-06 11:50:00+05:30,7646.0,7655.0,7635.5,7640.5,4395,0
2026-03-06 11:55:00+05:30,7640.5,7640.5,7624.5,7631.5,4305,0
2026-03-06 12:00:00+05:30,7632.5,7640.5,7631.0,7639.0,4858,0
2026-03-06 12:05:00+05:30,7640.0,7645.0,7635.5,7644.0,3054,0
2026-03-06 12:10:00+05:30,7645.0,7646.0,7634.5,7641.5,2134,0
2026-03-06 12:15:00+05:30,7642.5,7648.5,7636.5,7644.0,2577,0
2026-03-06 12:20:00+05:30,7644.5,7648.0,7634.0,7634.0,1530,0
2026-03-06 12:25:00+05:30,7635.0,7635.5,7629.5,7629.5,1589,0
2026-03-06 12:30:00+05:30,7627.5,7639.0,7627.5,7635.0,2096,0
2026-03-06 12:35:00+05:30,7632.0,7635.5,7627.0,7629.0,1772,0
2026-03-06 12:40:00+05:30,7629.5,7631.0,7621.5,7623.5,2571,0
2026-03-06 12:45:00+05:30,7624.0,7629.5,7622.0,7624.0,1847,0
2026-03-06 12:50:00+05:30,7625.0,7636.0,7624.0,7629.0,1973,0
2026-03-06 12:55:00+05:30,7628.5,7629.0,7622.0,7628.0,2252,0
2026-03-06 13:00:00+05:30,7628.5,7634.5,7627.5,7631.0,2296,0
2026-03-06 13:05:00+05:30,7632.0,7638.5,7628.0,7634.5,2496,0
2026-03-06 13:10:00+05:30,7634.5,7637.0,7630.5,7637.0,2351,0
2026-03-06 13:15:00+05:30,7635.5,7647.0,7635.0,7642.5,5299,0
2026-03-06 13:20:00+05:30,7642.0,7643.0,7637.5,7640.5,3513,0
2026-03-06 13:25:00+05:30,7641.5,7649.5,7641.5,7644.0,3273,0
2026-03-06 13:30:00+05:30,7644.5,7644.5,7633.5,7633.5,4668,0
2026-03-06 13:35:00+05:30,7633.5,7646.0,7632.0,7639.5,2261,0
2026-03-06 13:40:00+05:30,7638.0,7643.5,7636.5,7637.5,2073,0
2026-03-06 13:45:00+05:30,7638.0,7643.0,7618.5,7624.5,9816,0
2026-03-06 13:50:00+05:30,7626.5,7639.0,7626.5,7632.5,4287,0
2026-03-06 13:55:00+05:30,7632.5,7632.5,7623.5,7624.0,4458,0
2026-03-06 14:00:00+05:30,7623.5,7637.5,7623.5,7633.5,5445,0
2026-03-06 14:05:00+05:30,7633.5,7640.0,7631.5,7640.0,4216,0
2026-03-06 14:10:00+05:30,7640.0,7646.0,7640.0,7642.0,4777,0
2026-03-06 14:15:00+05:30,7642.0,7655.0,7641.0,7651.5,6956,0
2026-03-06 14:20:00+05:30,7652.0,7655.0,7649.5,7654.5,4172,0
2026-03-06 14:25:00+05:30,7654.0,7656.5,7650.0,7651.5,5028,0
2026-03-06 14:30:00+05:30,7651.5,7653.5,7637.0,7641.5,7170,0
2026-03-06 14:35:00+05:30,7639.0,7639.5,7628.0,7628.5,3943,0
2026-03-06 14:40:00+05:30,7627.5,7630.0,7620.0,7626.0,4657,0
2026-03-06 14:45:00+05:30,7623.5,7637.0,7617.5,7625.5,11902,0
2026-03-06 14:50:00+05:30,7625.0,7639.0,7622.5,7622.5,6053,0
2026-03-06 14:55:00+05:30,7627.0,7629.5,7617.0,7618.5,4649,0
2026-03-06 15:00:00+05:30,7616.0,7622.0,7613.5,7617.0,12529,0
2026-03-06 15:05:00+05:30,7617.0,7625.0,7612.0,7620.5,11720,0
2026-03-06 15:10:00+05:30,7621.0,7625.5,7620.0,7623.0,13199,0
2026-03-06 15:15:00+05:30,7624.0,7627.0,7620.0,7623.5,10978,0
2026-03-06 15:20:00+05:30,7622.0,7624.0,7620.0,7624.0,13761,0
2026-03-06 15:25:00+05:30,7623.5,7634.0,7620.0,7625.5,12555,0
2026-03-09 09:15:00+05:30,7517.0,7517.0,7402.0,7419.5,38769,0
2026-03-09 09:20:00+05:30,7421.5,7431.5,7363.5,7368.0,17937,0
2026-03-09 09:25:00+05:30,7368.0,7368.0,7321.5,7331.0,28121,0
2026-03-09 09:30:00+05:30,7331.5,7345.0,7313.5,7334.0,9768,0
2026-03-09 09:35:00+05:30,7334.0,7350.0,7323.0,7333.5,8196,0
2026-03-09 09:40:00+05:30,7335.0,7342.0,7311.5,7335.0,8624,0
2026-03-09 09:45:00+05:30,7335.0,7342.0,7310.0,7330.0,18823,0
2026-03-09 09:50:00+05:30,7330.0,7341.0,7315.0,7326.0,26061,0
2026-03-09 09:55:00+05:30,7321.5,7330.0,7318.5,7327.0,5136,0
2026-03-09 10:00:00+05:30,7323.5,7370.0,7323.0,7367.5,16170,0
2026-03-09 10:05:00+05:30,7368.0,7386.0,7365.0,7382.5,4900,0
2026-03-09 10:10:00+05:30,7381.0,7385.0,7351.5,7351.5,3918,0
2026-03-09 10:15:00+05:30,7351.0,7352.0,7302.5,7326.5,8314,0
2026-03-09 10:20:00+05:30,7326.5,7330.0,7291.0,7303.0,12699,0
2026-03-09 10:25:00+05:30,7300.5,7300.5,7282.5,7288.5,4589,0
2026-03-09 10:30:00+05:30,7289.0,7292.5,7263.0,7272.0,8188,0
2026-03-09 10:35:00+05:30,7271.5,7285.0,7267.0,7271.0,5187,0
2026-03-09 10:40:00+05:30,7270.5,7272.5,7255.0,7257.0,7368,0
2026-03-09 10:45:00+05:30,7257.0,7280.0,7242.0,7269.5,8848,0
2026-03-09 10:50:00+05:30,7269.5,7290.0,7267.5,7290.0,10944,0
2026-03-09 10:55:00+05:30,7290.0,7300.0,7277.0,7280.5,13082,0
2026-03-09 11:00:00+05:30,7284.0,7302.5,7280.0,7288.5,13872,0
2026-03-09 11:05:00+05:30,7289.5,7301.5,7285.0,7298.0,6183,0
2026-03-09 11:10:00+05:30,7298.0,7304.0,7277.5,7282.0,4859,0
2026-03-09 11:15:00+05:30,7284.5,7289.0,7270.0,7285.5,4433,0
2026-03-09 11:20:00+05:30,7285.5,7290.0,7280.5,7282.0,3991,0
2026-03-09 11:25:00+05:30,7284.5,7288.5,7276.5,7281.5,4802,0
2026-03-09 11:30:00+05:30,7281.5,7288.0,7280.0,7287.0,3237,0
2026-03-09 11:35:00+05:30,7287.5,7295.0,7284.5,7292.0,5757,0
2026-03-09 11:40:00+05:30,7292.0,7300.0,7281.5,7281.5,7680,0
2026-03-09 11:45:00+05:30,7281.0,7285.0,7270.0,7270.5,3751,0
2026-03-09 11:50:00+05:30,7272.0,7296.5,7268.5,7286.5,3997,0
2026-03-09 11:55:00+05:30,7286.5,7290.0,7280.0,7286.0,1610,0
2026-03-09 12:00:00+05:30,7288.5,7290.0,7284.5,7289.5,1832,0
2026-03-09 12:05:00+05:30,7289.0,7289.0,7276.5,7279.0,2233,0
2026-03-09 12:10:00+05:30,7279.0,7284.0,7275.0,7284.0,2107,0
2026-03-09 12:15:00+05:30,7283.0,7286.0,7277.0,7280.0,2515,0
2026-03-09 12:20:00+05:30,7283.0,7290.0,7273.0,7289.0,2339,0
2026-03-09 12:25:00+05:30,7287.0,7314.5,7287.0,7310.0,5505,0
2026-03-09 12:30:00+05:30,7314.0,7320.0,7307.5,7313.5,2271,0
2026-03-09 12:35:00+05:30,7310.0,7321.0,7306.0,7317.0,2576,0
2026-03-09 12:40:00+05:30,7318.5,7321.0,7311.5,7317.0,2160,0
2026-03-09 12:45:00+05:30,7317.0,7319.0,7300.0,7300.0,2294,0
2026-03-09 12:50:00+05:30,7302.5,7310.5,7297.5,7309.0,2578,0
2026-03-09 12:55:00+05:30,7309.0,7310.5,7299.0,7303.5,2837,0
2026-03-09 13:00:00+05:30,7303.5,7304.5,7293.0,7297.5,5047,0
2026-03-09 13:05:00+05:30,7298.0,7300.5,7276.0,7277.0,2440,0
2026-03-09 13:10:00+05:30,7278.0,7281.5,7256.0,7260.0,5205,0
2026-03-09 13:15:00+05:30,7258.0,7273.0,7256.0,7268.5,1803,0
2026-03-09 13:20:00+05:30,7268.5,7277.5,7265.5,7272.5,2246,0
2026-03-09 13:25:00+05:30,7270.5,7288.0,7266.0,7282.5,4087,0
2026-03-09 13:30:00+05:30,7281.0,7292.0,7277.0,7283.5,3584,0
2026-03-09 13:35:00+05:30,7282.5,7289.5,7271.0,7288.0,3062,0
2026-03-09 13:40:00+05:30,7286.5,7294.5,7286.5,7292.0,1966,0
2026-03-09 13:45:00+05:30,7291.5,7297.5,7282.0,7291.5,5763,0
2026-03-09 13:50:00+05:30,7291.5,7296.5,7289.5,7295.0,2728,0
2026-03-09 13:55:00+05:30,7295.0,7296.0,7265.0,7268.0,3506,0
2026-03-09 14:00:00+05:30,7268.0,7268.0,7255.0,7259.5,3829,0
2026-03-09 14:05:00+05:30,7262.5,7274.5,7260.0,7270.5,2063,0
2026-03-09 14:10:00+05:30,7270.5,7275.5,7265.5,7265.5,3378,0
2026-03-09 14:15:00+05:30,7267.5,7270.5,7265.0,7269.5,1855,0
2026-03-09 14:20:00+05:30,7267.5,7270.0,7256.0,7264.0,7165,0
2026-03-09 14:25:00+05:30,7264.0,7272.0,7252.0,7255.5,2806,0
2026-03-09 14:30:00+05:30,7255.5,7274.0,7252.0,7264.5,3837,0
2026-03-09 14:35:00+05:30,7264.0,7270.5,7258.5,7263.0,2784,0
2026-03-09 14:40:00+05:30,7264.5,7272.0,7255.0,7267.0,3792,0
2026-03-09 14:45:00+05:30,7267.0,7290.0,7263.0,7275.5,9863,0
2026-03-09 14:50:00+05:30,7273.5,7284.0,7264.5,7280.0,9500,0
2026-03-09 14:55:00+05:30,7280.0,7282.0,7264.0,7273.5,5052,0
2026-03-09 15:00:00+05:30,7273.0,7273.5,7256.5,7265.5,16074,0
2026-03-09 15:05:00+05:30,7265.5,7275.0,7264.0,7274.0,13116,0
2026-03-09 15:10:00+05:30,7273.5,7282.0,7268.5,7280.5,16470,0
2026-03-09 15:15:00+05:30,7280.5,7281.0,7268.0,7273.0,17240,0
2026-03-09 15:20:00+05:30,7272.5,7273.0,7237.0,7260.5,23022,0
2026-03-09 15:25:00+05:30,7261.0,7280.0,7250.5,7275.0,10519,0
2026-03-10 09:15:00+05:30,7380.0,7437.0,7338.5,7399.0,19572,0
2026-03-10 09:20:00+05:30,7400.5,7431.0,7392.5,7400.5,10320,0
2026-03-10 09:25:00+05:30,7400.0,7411.5,7388.0,7393.0,7169,0
2026-03-10 09:30:00+05:30,7393.5,7394.0,7368.5,7375.5,6335,0
2026-03-10 09:35:00+05:30,7374.5,7380.0,7360.0,7362.5,4767,0
2026-03-10 09:40:00+05:30,7362.5,7387.0,7362.0,7385.0,5375,0
2026-03-10 09:45:00+05:30,7384.0,7384.0,7361.0,7363.0,4030,0
2026-03-10 09:50:00+05:30,7363.0,7374.5,7361.0,7371.5,3503,0
2026-03-10 09:55:00+05:30,7372.5,7372.5,7353.0,7357.0,4176,0
2026-03-10 10:00:00+05:30,7356.5,7370.0,7356.5,7368.0,2813,0
2026-03-10 10:05:00+05:30,7368.0,7384.0,7367.5,7376.5,3899,0
2026-03-10 10:10:00+05:30,7375.5,7393.0,7366.0,7383.5,4472,0
2026-03-10 10:15:00+05:30,7383.5,7400.0,7379.0,7396.5,4729,0
2026-03-10 10:20:00+05:30,7396.5,7397.0,7380.0,7388.5,3204,0
2026-03-10 10:25:00+05:30,7388.0,7394.0,7371.5,7385.5,2687,0
2026-03-10 10:30:00+05:30,7386.0,7397.5,7384.5,7397.5,2166,0
2026-03-10 10:35:00+05:30,7397.5,7443.0,7396.0,7438.0,7612,0
2026-03-10 10:40:00+05:30,7441.0,7465.5,7437.5,7465.5,10908,0
2026-03-10 10:45:00+05:30,7467.0,7496.0,7460.0,7490.5,7892,0
2026-03-10 10:50:00+05:30,7490.0,7494.0,7475.0,7480.0,5142,0
2026-03-10 10:55:00+05:30,7481.5,7486.0,7444.5,7455.0,7025,0
2026-03-10 11:00:00+05:30,7457.0,7462.5,7448.5,7460.0,3078,0
2026-03-10 11:05:00+05:30,7462.5,7475.0,7459.5,7474.5,3786,0
2026-03-10 11:10:00+05:30,7471.5,7484.5,7471.5,7483.0,5042,0
2026-03-10 11:15:00+05:30,7481.5,7496.0,7481.0,7483.0,7426,0
2026-03-10 11:20:00+05:30,7484.0,7494.0,7481.0,7494.0,2210,0
2026-03-10 11:25:00+05:30,7493.0,7508.5,7487.0,7495.5,10278,0
2026-03-10 11:30:00+05:30,7495.5,7507.5,7490.0,7492.5,4043,0
2026-03-10 11:35:00+05:30,7494.0,7501.5,7470.0,7473.0,14171,0
2026-03-10 11:40:00+05:30,7472.0,7495.5,7471.5,7493.5,4883,0
2026-03-10 11:45:00+05:30,7495.0,7496.0,7460.0,7461.0,4861,0
2026-03-10 11:50:00+05:30,7461.0,7472.0,7457.5,7471.5,7991,0
2026-03-10 11:55:00+05:30,7472.0,7476.0,7460.5,7472.5,2690,0
2026-03-10 12:00:00+05:30,7473.0,7474.5,7455.0,7455.0,2799,0
2026-03-10 12:05:00+05:30,7456.0,7465.0,7452.0,7452.5,1904,0
2026-03-10 12:10:00+05:30,7452.5,7456.0,7442.0,7442.0,3224,0
2026-03-10 12:15:00+05:30,7442.0,7451.0,7435.0,7447.5,4225,0
2026-03-10 12:20:00+05:30,7447.0,7449.5,7422.0,7427.5,3687,0
2026-03-10 12:25:00+05:30,7428.0,7434.0,7424.5,7425.5,3054,0
2026-03-10 12:30:00+05:30,7425.5,7431.0,7411.5,7413.0,3729,0
2026-03-10 12:35:00+05:30,7413.0,7427.0,7411.0,7419.0,3172,0
2026-03-10 12:40:00+05:30,7419.0,7421.0,7411.0,7416.0,3242,0
2026-03-10 12:45:00+05:30,7414.5,7441.0,7414.5,7441.0,4131,0
2026-03-10 12:50:00+05:30,7441.0,7456.0,7433.5,7452.0,10831,0
2026-03-10 12:55:00+05:30,7452.0,7464.0,7442.0,7450.0,48241,0
2026-03-10 13:00:00+05:30,7450.0,7487.5,7448.5,7487.5,7361,0
2026-03-10 13:05:00+05:30,7487.0,7488.5,7469.0,7485.0,6911,0
2026-03-10 13:10:00+05:30,7486.0,7495.0,7478.0,7494.0,7818,0
2026-03-10 13:15:00+05:30,7494.0,7494.5,7477.5,7483.5,3915,0
2026-03-10 13:20:00+05:30,7483.0,7489.0,7461.5,7464.5,3697,0
2026-03-10 13:25:00+05:30,7464.5,7470.0,7460.0,7468.0,2756,0
2026-03-10 13:30:00+05:30,7467.0,7479.0,7464.5,7475.0,2940,0
2026-03-10 13:35:00+05:30,7478.0,7480.5,7460.0,7476.5,2909,0
2026-03-10 13:40:00+05:30,7475.0,7482.0,7467.0,7472.5,3923,0
2026-03-10 13:45:00+05:30,7472.5,7482.5,7470.5,7474.5,2690,0
2026-03-10 13:50:00+05:30,7474.0,7481.5,7469.5,7478.5,2561,0
2026-03-10 13:55:00+05:30,7476.0,7481.0,7472.0,7478.5,2706,0
2026-03-10 14:00:00+05:30,7480.0,7481.5,7465.0,7480.0,2978,0
2026-03-10 14:05:00+05:30,7480.0,7500.0,7473.0,7497.0,6557,0
2026-03-10 14:10:00+05:30,7498.0,7503.0,7485.0,7494.0,8544,0
2026-03-10 14:15:00+05:30,7495.5,7497.0,7482.0,7487.0,3454,0
2026-03-10 14:20:00+05:30,7487.0,7488.5,7472.5,7487.5,5074,0
2026-03-10 14:25:00+05:30,7487.5,7489.5,7477.0,7485.0,3274,0
2026-03-10 14:30:00+05:30,7485.0,7493.0,7483.0,7485.0,3201,0
2026-03-10 14:35:00+05:30,7487.0,7501.0,7484.0,7499.0,4814,0
2026-03-10 14:40:00+05:30,7498.5,7505.0,7491.5,7500.5,6787,0
2026-03-10 14:45:00+05:30,7501.0,7515.0,7491.0,7513.5,8396,0
2026-03-10 14:50:00+05:30,7513.5,7518.0,7502.5,7516.0,5820,0
2026-03-10 14:55:00+05:30,7516.0,7517.5,7504.0,7513.0,5852,0
2026-03-10 15:00:00+05:30,7511.5,7528.0,7505.0,7524.5,18739,0
2026-03-10 15:05:00+05:30,7523.5,7549.0,7523.5,7539.5,13976,0
2026-03-10 15:10:00+05:30,7539.0,7546.5,7524.0,7525.5,12705,0
2026-03-10 15:15:00+05:30,7524.5,7542.5,7524.5,7542.0,12894,0
2026-03-10 15:20:00+05:30,7541.5,7558.5,7541.0,7552.5,17555,0
2026-03-10 15:25:00+05:30,7555.0,7566.5,7531.0,7545.0,13344,0
2026-03-11 09:15:00+05:30,7574.0,7574.0,7480.0,7509.0,24513,0
2026-03-11 09:20:00+05:30,7509.0,7529.5,7500.0,7522.0,12572,0
2026-03-11 09:25:00+05:30,7523.5,7549.5,7515.0,7545.0,10092,0
2026-03-11 09:30:00+05:30,7544.5,7546.5,7530.0,7539.0,6306,0
2026-03-11 09:35:00+05:30,7538.0,7539.0,7522.0,7525.0,5983,0
2026-03-11 09:40:00+05:30,7526.0,7542.5,7510.5,7538.0,5117,0
2026-03-11 09:45:00+05:30,7537.5,7542.0,7523.0,7526.5,11319,0
2026-03-11 09:50:00+05:30,7526.0,7527.0,7491.5,7497.5,6398,0
2026-03-11 09:55:00+05:30,7498.5,7504.5,7494.5,7496.5,3005,0
2026-03-11 10:00:00+05:30,7497.0,7499.0,7487.0,7494.5,5228,0
2026-03-11 10:05:00+05:30,7493.0,7494.0,7468.0,7469.5,7402,0
2026-03-11 10:10:00+05:30,7469.0,7475.5,7462.0,7468.0,4448,0
2026-03-11 10:15:00+05:30,7464.5,7470.0,7458.0,7462.0,4299,0
2026-03-11 10:20:00+05:30,7462.0,7479.5,7460.0,7478.5,2581,0
2026-03-11 10:25:00+05:30,7479.0,7489.0,7460.0,7463.5,3516,0
2026-03-11 10:30:00+05:30,7462.5,7480.0,7462.5,7468.0,1563,0
2026-03-11 10:35:00+05:30,7468.5,7468.5,7452.0,7456.0,3127,0
2026-03-11 10:40:00+05:30,7453.0,7458.0,7426.0,7434.0,10333,0
2026-03-11 10:45:00+05:30,7432.0,7453.5,7420.0,7448.0,7252,0
2026-03-11 10:50:00+05:30,7448.0,7460.5,7447.0,7460.0,4262,0
2026-03-11 10:55:00+05:30,7458.5,7466.0,7454.0,7466.0,2803,0
2026-03-11 11:00:00+05:30,7466.0,7471.0,7451.0,7466.0,4451,0
2026-03-11 11:05:00+05:30,7466.5,7466.5,7430.0,7431.0,4274,0
2026-03-11 11:10:00+05:30,7433.5,7439.5,7415.0,7422.0,9480,0
2026-03-11 11:15:00+05:30,7422.0,7425.5,7410.0,7413.0,5986,0
2026-03-11 11:20:00+05:30,7413.0,7422.0,7405.0,7413.5,6905,0
2026-03-11 11:25:00+05:30,7414.0,7430.5,7413.5,7426.5,5318,0
2026-03-11 11:30:00+05:30,7426.5,7428.5,7417.5,7428.0,6763,0
2026-03-11 11:35:00+05:30,7429.0,7432.0,7420.0,7425.5,5395,0
2026-03-11 11:40:00+05:30,7425.5,7431.5,7421.0,7427.5,3501,0
2026-03-11 11:45:00+05:30,7428.5,7435.5,7415.0,7424.0,7192,0
2026-03-11 11:50:00+05:30,7424.0,7430.0,7417.0,7430.0,4696,0
2026-03-11 11:55:00+05:30,7429.5,7433.0,7423.5,7429.0,5510,0
2026-03-11 12:00:00+05:30,7430.0,7445.0,7425.0,7433.0,5477,0
2026-03-11 12:05:00+05:30,7433.5,7443.0,7418.5,7424.0,5295,0
2026-03-11 12:10:00+05:30,7424.0,7426.0,7408.5,7418.0,9799,0
2026-03-11 12:15:00+05:30,7418.5,7418.5,7405.0,7409.0,4066,0
2026-03-11 12:20:00+05:30,7409.0,7422.0,7408.5,7413.0,3954,0
2026-03-11 12:25:00+05:30,7415.0,7425.0,7400.0,7404.5,6704,0
2026-03-11 12:30:00+05:30,7406.5,7409.5,7389.5,7391.0,4381,0
2026-03-11 12:35:00+05:30,7393.0,7397.0,7385.0,7389.0,4437,0
2026-03-11 12:40:00+05:30,7390.0,7404.5,7390.0,7402.5,3911,0
2026-03-11 12:45:00+05:30,7402.5,7404.5,7397.0,7403.5,7256,0
2026-03-11 12:50:00+05:30,7403.0,7409.0,7400.0,7404.0,5514,0
2026-03-11 12:55:00+05:30,7405.0,7407.5,7400.0,7402.5,8917,0
2026-03-11 13:00:00+05:30,7405.0,7413.5,7398.0,7405.5,10005,0
2026-03-11 13:05:00+05:30,7406.5,7410.5,7398.5,7400.0,6307,0
2026-03-11 13:10:00+05:30,7400.0,7403.0,7385.5,7392.0,10638,0
2026-03-11 13:15:00+05:30,7391.5,7396.0,7370.0,7375.0,14482,0
2026-03-11 13:20:00+05:30,7374.0,7380.0,7350.0,7358.0,5981,0
2026-03-11 13:25:00+05:30,7356.5,7370.0,7355.0,7366.0,5411,0
2026-03-11 13:30:00+05:30,7366.5,7376.0,7351.5,7351.5,5354,0
2026-03-11 13:35:00+05:30,7352.5,7355.0,7328.5,7331.5,7400,0
2026-03-11 13:40:00+05:30,7333.0,7338.0,7326.0,7331.0,4394,0
2026-03-11 13:45:00+05:30,7331.0,7344.0,7329.0,7333.5,4536,0
2026-03-11 13:50:00+05:30,7333.5,7334.0,7315.0,7321.0,6358,0
2026-03-11 13:55:00+05:30,7320.0,7322.5,7308.5,7315.5,3946,0
2026-03-11 14:00:00+05:30,7316.5,7320.0,7308.5,7315.0,3834,0
2026-03-11 14:05:00+05:30,7316.0,7320.0,7307.0,7310.5,6196,0
2026-03-11 14:10:00+05:30,7312.5,7314.0,7301.0,7307.5,7502,0
2026-03-11 14:15:00+05:30,7307.5,7308.5,7290.0,7295.5,4316,0
2026-03-11 14:20:00+05:30,7297.5,7298.0,7281.5,7282.5,5210,0
2026-03-11 14:25:00+05:30,7284.5,7314.0,7275.0,7310.5,5656,0
2026-03-11 14:30:00+05:30,7310.5,7315.0,7285.5,7289.0,11996,0
2026-03-11 14:35:00+05:30,7288.5,7298.5,7284.0,7289.5,5285,0
2026-03-11 14:40:00+05:30,7292.0,7294.0,7280.0,7285.0,4903,0
2026-03-11 14:45:00+05:30,7285.5,7293.0,7272.0,7276.5,7733,0
2026-03-11 14:50:00+05:30,7277.5,7277.5,7248.0,7264.5,25954,0
2026-03-11 14:55:00+05:30,7263.5,7270.0,7249.0,7249.0,10420,0
2026-03-11 15:00:00+05:30,7250.0,7270.0,7249.0,7251.0,15623,0
2026-03-11 15:05:00+05:30,7251.5,7254.5,7227.0,7251.0,27164,0
2026-03-11 15:10:00+05:30,7251.0,7260.0,7239.5,7241.0,27992,0
2026-03-11 15:15:00+05:30,7241.0,7266.5,7241.0,7260.5,30963,0
2026-03-11 15:20:00+05:30,7261.0,7266.5,7250.0,7260.0,33972,0
2026-03-11 15:25:00+05:30,7261.0,7263.0,7251.5,7261.0,20703,0
2026-03-12 09:15:00+05:30,7175.0,7227.5,7120.0,7122.0,37010,0
2026-03-12 09:20:00+05:30,7120.5,7130.0,7089.0,7113.5,15025,0
2026-03-12 09:25:00+05:30,7114.0,7144.0,7104.5,7137.0,10368,0
2026-03-12 09:30:00+05:30,7136.5,7162.5,7126.5,7146.0,10641,0
2026-03-12 09:35:00+05:30,7147.5,7151.0,7122.5,7133.5,8165,0
2026-03-12 09:40:00+05:30,7134.5,7147.0,7107.5,7112.0,11793,0
2026-03-12 09:45:00+05:30,7113.0,7135.0,7101.5,7132.0,7381,0
2026-03-12 09:50:00+05:30,7132.0,7132.5,7120.0,7129.5,6132,0
2026-03-12 09:55:00+05:30,7129.5,7152.0,7111.0,7152.0,6169,0
2026-03-12 10:00:00+05:30,7152.0,7152.0,7126.0,7135.5,4324,0
2026-03-12 10:05:00+05:30,7135.5,7139.0,7099.5,7112.5,8225,0
2026-03-12 10:10:00+05:30,7112.5,7113.5,7073.5,7077.5,10094,0
2026-03-12 10:15:00+05:30,7078.5,7079.0,7045.5,7069.5,11235,0
2026-03-12 10:20:00+05:30,7069.5,7085.5,7066.0,7074.5,6848,0
2026-03-12 10:25:00+05:30,7074.5,7088.0,7070.5,7077.0,5479,0
2026-03-12 10:30:00+05:30,7077.0,7079.0,7060.0,7068.5,10524,0
2026-03-12 10:35:00+05:30,7068.5,7083.0,7061.5,7067.0,10354,0
2026-03-12 10:40:00+05:30,7067.5,7071.0,7052.5,7060.5,9906,0
2026-03-12 10:45:00+05:30,7060.5,7066.5,7053.0,7066.5,7835,0
2026-03-12 10:50:00+05:30,7066.0,7069.0,7052.5,7053.5,10038,0
2026-03-12 10:55:00+05:30,7054.5,7065.0,7044.0,7059.5,30729,0
2026-03-12 11:00:00+05:30,7059.0,7077.5,7056.5,7066.0,58353,0
2026-03-12 11:05:00+05:30,7066.0,7067.0,7055.5,7056.5,6894,0
2026-03-12 11:10:00+05:30,7057.0,7087.0,7056.0,7069.5,53589,0
2026-03-12 11:15:00+05:30,7070.0,7087.5,7035.0,7042.5,11757,0
2026-03-12 11:20:00+05:30,7043.0,7051.0,7036.5,7051.0,5115,0
2026-03-12 11:25:00+05:30,7051.5,7052.5,7040.5,7045.0,5402,0
2026-03-12 11:30:00+05:30,7044.0,7044.0,7013.0,7021.5,8411,0
2026-03-12 11:35:00+05:30,7021.0,7024.0,7015.0,7018.5,5316,0
2026-03-12 11:40:00+05:30,7018.5,7035.0,7015.5,7021.5,43673,0
2026-03-12 11:45:00+05:30,7020.0,7025.0,7013.0,7016.5,6054,0
2026-03-12 11:50:00+05:30,7016.5,7028.5,7015.0,7027.0,4694,0
2026-03-12 11:55:00+05:30,7026.5,7038.0,7019.0,7038.0,5265,0
2026-03-12 12:00:00+05:30,7036.5,7041.0,7003.0,7015.0,12699,0
2026-03-12 12:05:00+05:30,7014.0,7016.0,6994.0,7002.0,19703,0
2026-03-12 12:10:00+05:30,7002.0,7003.5,6979.5,6993.0,14264,0
2026-03-12 12:15:00+05:30,6993.0,7001.0,6983.0,6983.0,32362,0
2026-03-12 12:20:00+05:30,6983.0,7002.0,6979.0,6998.0,12854,0
2026-03-12 12:25:00+05:30,6998.0,7015.5,6991.0,7012.5,31746,0
2026-03-12 12:30:00+05:30,7013.5,7020.0,7001.5,7008.0,14251,0
2026-03-12 12:35:00+05:30,7008.0,7009.0,6974.0,6991.0,13914,0
2026-03-12 12:40:00+05:30,6990.5,6992.5,6976.0,6983.0,6831,0
2026-03-12 12:45:00+05:30,6983.5,6990.0,6977.0,6981.5,5362,0
2026-03-12 12:50:00+05:30,6981.0,6988.0,6978.0,6980.5,4612,0
2026-03-12 12:55:00+05:30,6980.5,6994.0,6978.0,6989.0,5331,0
2026-03-12 13:00:00+05:30,6989.0,6989.5,6978.0,6981.5,5103,0
2026-03-12 13:05:00+05:30,6981.5,7000.0,6961.0,6987.0,17040,0
2026-03-12 13:10:00+05:30,6987.5,7000.5,6981.5,6997.5,18896,0
2026-03-12 13:15:00+05:30,6997.0,7001.0,6988.5,6990.0,13349,0
2026-03-12 13:20:00+05:30,6990.0,7000.0,6987.0,6999.0,6277,0
2026-03-12 13:25:00+05:30,6998.5,7010.5,6962.5,7005.0,112601,0
2026-03-12 13:30:00+05:30,7005.0,7060.5,7000.0,7057.5,28760,0
2026-03-12 13:35:00+05:30,7057.5,7085.0,7045.5,7048.5,20336,0
2026-03-12 13:40:00+05:30,7048.5,7059.0,7029.0,7039.0,12385,0
2026-03-12 13:45:00+05:30,7037.0,7045.0,7033.0,7037.5,8438,0
2026-03-12 13:50:00+05:30,7039.0,7047.5,7027.0,7029.0,7533,0
2026-03-12 13:55:00+05:30,7028.5,7030.5,7012.0,7015.0,11597,0
2026-03-12 14:00:00+05:30,7015.0,7028.0,7013.0,7018.5,12466,0
2026-03-12 14:05:00+05:30,7019.0,7023.5,7001.5,7005.0,5280,0
2026-03-12 14:10:00+05:30,7003.5,7014.5,6996.0,7009.5,12121,0
2026-03-12 14:15:00+05:30,7009.5,7025.0,7002.0,7022.5,9497,0
2026-03-12 14:20:00+05:30,7022.5,7027.5,7018.0,7018.0,4691,0
2026-03-12 14:25:00+05:30,7018.0,7026.5,7018.0,7020.0,4969,0
2026-03-12 14:30:00+05:30,7020.0,7030.0,7020.0,7023.5,6311,0
2026-03-12 14:35:00+05:30,7023.5,7030.0,7020.0,7025.0,14548,0
2026-03-12 14:40:00+05:30,7025.0,7030.0,7014.0,7018.0,23940,0
2026-03-12 14:45:00+05:30,7015.5,7017.5,7004.5,7004.5,17961,0
2026-03-12 14:50:00+05:30,7004.5,7006.0,6975.0,6986.0,18418,0
2026-03-12 14:55:00+05:30,6986.0,6991.5,6980.5,6990.0,9523,0
2026-03-12 15:00:00+05:30,6990.5,6994.0,6968.0,6978.0,38867,0
2026-03-12 15:05:00+05:30,6978.0,6987.0,6970.0,6980.0,30579,0
2026-03-12 15:10:00+05:30,6980.0,6982.0,6970.5,6972.5,31296,0
2026-03-12 15:15:00+05:30,6972.5,6988.0,6969.5,6983.5,66803,0
2026-03-12 15:20:00+05:30,6983.0,6984.0,6968.0,6970.5,37685,0
2026-03-12 15:25:00+05:30,6970.0,6971.5,6961.0,6969.5,25854,0
2026-03-13 09:15:00+05:30,6865.0,6942.5,6865.0,6892.0,41798,0
2026-03-13 09:20:00+05:30,6892.5,6892.5,6856.0,6868.5,20965,0
2026-03-13 09:25:00+05:30,6868.5,6900.5,6860.5,6896.5,16607,0
2026-03-13 09:30:00+05:30,6895.0,6925.0,6883.5,6897.5,16370,0
2026-03-13 09:35:00+05:30,6897.5,6913.5,6882.5,6893.0,9013,0
2026-03-13 09:40:00+05:30,6892.0,6899.5,6876.5,6888.0,9442,0
2026-03-13 09:45:00+05:30,6886.5,6890.0,6856.0,6857.0,10102,0
2026-03-13 09:50:00+05:30,6858.0,6865.5,6852.0,6852.5,10052,0
2026-03-13 09:55:00+05:30,6853.0,6864.0,6842.5,6851.5,12591,0
2026-03-13 10:00:00+05:30,6851.5,6855.0,6836.0,6843.0,16082,0
2026-03-13 10:05:00+05:30,6842.5,6842.5,6822.5,6825.0,14599,0
2026-03-13 10:10:00+05:30,6825.0,6825.5,6815.5,6822.5,6554,0
2026-03-13 10:15:00+05:30,6822.5,6825.5,6805.0,6807.0,8322,0
2026-03-13 10:20:00+05:30,6807.0,6812.0,6800.0,6804.5,7198,0
2026-03-13 10:25:00+05:30,6804.5,6816.5,6801.5,6812.0,8591,0
2026-03-13 10:30:00+05:30,6814.0,6816.5,6803.5,6807.0,6091,0
2026-03-13 10:35:00+05:30,6806.0,6809.0,6789.5,6799.0,13125,0
2026-03-13 10:40:00+05:30,6799.0,6807.5,6792.5,6800.5,8582,0
2026-03-13 10:45:00+05:30,6801.0,6802.5,6791.5,6799.5,3614,0
2026-03-13 10:50:00+05:30,6799.0,6816.0,6799.0,6803.5,7354,0
2026-03-13 10:55:00+05:30,6802.5,6814.5,6800.0,6810.0,5584,0
2026-03-13 11:00:00+05:30,6810.0,6812.0,6802.5,6812.0,4087,0
2026-03-13 11:05:00+05:30,6810.5,6811.5,6792.5,6796.0,6780,0
2026-03-13 11:10:00+05:30,6796.0,6796.0,6786.0,6790.0,5930,0
2026-03-13 11:15:00+05:30,6789.5,6789.5,6775.5,6778.5,5712,0
2026-03-13 11:20:00+05:30,6778.5,6785.5,6772.5,6781.5,6354,0
2026-03-13 11:25:00+05:30,6782.0,6799.5,6781.0,6795.5,5398,0
2026-03-13 11:30:00+05:30,6795.5,6795.5,6782.5,6785.5,6490,0
2026-03-13 11:35:00+05:30,6785.5,6796.5,6778.5,6791.5,7291,0
2026-03-13 11:40:00+05:30,6791.5,6801.5,6789.0,6790.0,6815,0
2026-03-13 11:45:00+05:30,6790.0,6795.5,6785.0,6787.5,5030,0
2026-03-13 11:50:00+05:30,6788.0,6789.5,6768.0,6769.0,7202,0
2026-03-13 11:55:00+05:30,6769.0,6770.5,6758.0,6759.0,6837,0
2026-03-13 12:00:00+05:30,6761.0,6764.0,6755.0,6757.0,3629,0
2026-03-13 12:05:00+05:30,6757.0,6759.5,6753.0,6758.5,4963,0
2026-03-13 12:10:00+05:30,6758.5,6764.5,6754.0,6758.5,4077,0
2026-03-13 12:15:00+05:30,6757.5,6758.5,6745.5,6746.0,6045,0
2026-03-13 12:20:00+05:30,6746.0,6746.0,6720.0,6722.5,7537,0
2026-03-13 12:25:00+05:30,6722.5,6743.5,6720.0,6741.0,9831,0
2026-03-13 12:30:00+05:30,6742.0,6744.0,6715.5,6718.0,8174,0
2026-03-13 12:35:00+05:30,6716.0,6717.0,6705.0,6708.5,6720,0
2026-03-13 12:40:00+05:30,6708.0,6709.5,6700.0,6701.5,6908,0
2026-03-13 12:45:00+05:30,6701.5,6710.5,6698.0,6706.5,8064,0
2026-03-13 12:50:00+05:30,6705.0,6709.0,6691.5,6699.0,8716,0
2026-03-13 12:55:00+05:30,6701.0,6701.5,6685.0,6692.0,4928,0
2026-03-13 13:00:00+05:30,6693.0,6694.5,6686.0,6688.5,5369,0
2026-03-13 13:05:00+05:30,6688.5,6693.0,6682.0,6685.5,6497,0
2026-03-13 13:10:00+05:30,6685.5,6693.0,6681.5,6685.0,5115,0
2026-03-13 13:15:00+05:30,6685.0,6699.0,6685.0,6695.0,4492,0
2026-03-13 13:20:00+05:30,6694.5,6705.0,6670.0,6670.0,8092,0
2026-03-13 13:25:00+05:30,6670.5,6684.0,6670.0,6683.0,6717,0
2026-03-13 13:30:00+05:30,6683.0,6688.5,6677.0,6687.0,10857,0
2026-03-13 13:35:00+05:30,6687.0,6697.0,6681.5,6687.5,4027,0
2026-03-13 13:40:00+05:30,6687.5,6693.0,6677.0,6685.0,17952,0
2026-03-13 13:45:00+05:30,6685.0,6721.0,6678.0,6717.5,10840,0
2026-03-13 13:50:00+05:30,6715.5,6730.5,6709.5,6720.0,4757,0
2026-03-13 13:55:00+05:30,6722.0,6728.5,6715.0,6720.0,11110,0
2026-03-13 14:00:00+05:30,6720.5,6728.5,6712.5,6723.0,7330,0
2026-03-13 14:05:00+05:30,6723.5,6745.5,6722.0,6734.5,7838,0
2026-03-13 14:10:00+05:30,6736.0,6745.0,6726.5,6741.0,7982,0
2026-03-13 14:15:00+05:30,6741.0,6741.5,6721.5,6731.0,6462,0
2026-03-13 14:20:00+05:30,6731.0,6733.5,6722.5,6728.5,6863,0
2026-03-13 14:25:00+05:30,6728.5,6742.0,6722.0,6733.0,11970,0
2026-03-13 14:30:00+05:30,6733.5,6764.0,6733.0,6750.5,15063,0
2026-03-13 14:35:00+05:30,6750.5,6760.0,6741.0,6754.5,13906,0
2026-03-13 14:40:00+05:30,6754.5,6773.5,6752.5,6771.0,13149,0
2026-03-13 14:45:00+05:30,6771.0,6773.0,6746.0,6750.5,10437,0
2026-03-13 14:50:00+05:30,6753.0,6760.5,6740.5,6740.5,17260,0
2026-03-13 14:55:00+05:30,6742.0,6747.5,6728.0,6742.5,25217,0
2026-03-13 15:00:00+05:30,6744.5,6751.5,6740.0,6743.0,29024,0
2026-03-13 15:05:00+05:30,6743.0,6743.5,6720.0,6733.5,64824,0
2026-03-13 15:10:00+05:30,6732.5,6757.0,6730.0,6745.5,19437,0
2026-03-13 15:15:00+05:30,6746.0,6753.5,6740.0,6752.0,20642,0
2026-03-13 15:20:00+05:30,6752.0,6752.5,6741.0,6745.0,18051,0
2026-03-13 15:25:00+05:30,6745.0,6765.0,6741.0,6765.0,21790,0
2026-03-16 09:15:00+05:30,6701.0,6769.5,6701.0,6750.5,50861,0
2026-03-16 09:20:00+05:30,6750.5,6763.0,6727.0,6727.0,29049,0
2026-03-16 09:25:00+05:30,6729.0,6777.5,6701.5,6763.0,29861,0
2026-03-16 09:30:00+05:30,6762.5,6764.5,6736.0,6762.5,18052,0
2026-03-16 09:35:00+05:30,6762.5,6790.0,6759.0,6759.0,24509,0
2026-03-16 09:40:00+05:30,6761.5,6796.0,6758.0,6777.0,20006,0
2026-03-16 09:45:00+05:30,6777.0,6816.0,6776.0,6787.0,26245,0
2026-03-16 09:50:00+05:30,6787.0,6825.0,6781.0,6807.5,11478,0
2026-03-16 09:55:00+05:30,6807.5,6810.5,6740.0,6740.0,16422,0
2026-03-16 10:00:00+05:30,6741.5,6758.5,6737.0,6757.5,20527,0
2026-03-16 10:05:00+05:30,6757.5,6764.5,6743.5,6745.0,10554,0
2026-03-16 10:10:00+05:30,6744.0,6745.0,6711.5,6725.0,21289,0
2026-03-16 10:15:00+05:30,6725.0,6725.0,6710.5,6715.5,27977,0
2026-03-16 10:20:00+05:30,6717.0,6717.5,6697.0,6712.0,28956,0
2026-03-16 10:25:00+05:30,6712.0,6723.0,6677.0,6677.0,31009,0
2026-03-16 10:30:00+05:30,6677.0,6686.5,6663.0,6670.5,12730,0
2026-03-16 10:35:00+05:30,6672.0,6684.0,6665.5,6667.5,9355,0
2026-03-16 10:40:00+05:30,6666.0,6684.0,6663.5,6664.5,7496,0
2026-03-16 10:45:00+05:30,6663.0,6680.0,6653.0,6677.0,18541,0
2026-03-16 10:50:00+05:30,6679.0,6686.0,6657.0,6659.5,8284,0
2026-03-16 10:55:00+05:30,6659.5,6690.0,6643.5,6689.0,12174,0
2026-03-16 11:00:00+05:30,6688.5,6710.0,6680.5,6698.0,11365,0
2026-03-16 11:05:00+05:30,6698.0,6710.5,6692.5,6710.5,7815,0
2026-03-16 11:10:00+05:30,6708.5,6750.0,6700.0,6745.5,8056,0
2026-03-16 11:15:00+05:30,6745.5,6782.0,6737.0,6782.0,8191,0
2026-03-16 11:20:00+05:30,6781.5,6781.5,6748.5,6759.5,6063,0
2026-03-16 11:25:00+05:30,6757.0,6763.5,6746.5,6756.5,4746,0
2026-03-16 11:30:00+05:30,6759.5,6782.5,6753.0,6775.5,4306,0
2026-03-16 11:35:00+05:30,6772.5,6794.0,6765.5,6770.0,8467,0
2026-03-16 11:40:00+05:30,6770.0,6772.5,6754.0,6758.5,4676,0
2026-03-16 11:45:00+05:30,6758.5,6779.5,6756.5,6778.5,5631,0
2026-03-16 11:50:00+05:30,6775.5,6781.0,6769.0,6772.0,6383,0
2026-03-16 11:55:00+05:30,6771.0,6786.0,6763.0,6772.0,4609,0
2026-03-16 12:00:00+05:30,6772.0,6780.5,6763.0,6765.5,5631,0
2026-03-16 12:05:00+05:30,6765.5,6765.5,6750.0,6755.5,5437,0
2026-03-16 12:10:00+05:30,6752.5,6766.0,6747.0,6747.0,3363,0
2026-03-16 12:15:00+05:30,6747.5,6750.5,6733.5,6742.0,4977,0
2026-03-16 12:20:00+05:30,6741.0,6753.5,6734.0,6752.5,3613,0
2026-03-16 12:25:00+05:30,6751.0,6757.5,6741.5,6754.0,4355,0
2026-03-16 12:30:00+05:30,6752.5,6753.0,6730.0,6735.5,4743,0
2026-03-16 12:35:00+05:30,6736.0,6754.5,6727.0,6737.5,5017,0
2026-03-16 12:40:00+05:30,6738.0,6743.0,6731.0,6733.5,2797,0
2026-03-16 12:45:00+05:30,6733.5,6734.0,6717.0,6717.5,4020,0
2026-03-16 12:50:00+05:30,6717.5,6733.5,6713.5,6729.5,4757,0
2026-03-16 12:55:00+05:30,6728.5,6730.5,6717.0,6725.5,3429,0
2026-03-16 13:00:00+05:30,6724.5,6742.5,6721.5,6735.0,5599,0
2026-03-16 13:05:00+05:30,6734.5,6743.0,6723.0,6738.0,8848,0
2026-03-16 13:10:00+05:30,6737.0,6748.5,6733.0,6733.0,4757,0
2026-03-16 13:15:00+05:30,6734.0,6751.0,6732.5,6744.5,3624,0
2026-03-16 13:20:00+05:30,6744.0,6744.5,6733.0,6737.0,3976,0
2026-03-16 13:25:00+05:30,6737.0,6755.0,6735.0,6747.5,4907,0
2026-03-16 13:30:00+05:30,6747.0,6764.0,6741.5,6748.0,5334,0
2026-03-16 13:35:00+05:30,6748.0,6760.0,6744.0,6756.5,3540,0
2026-03-16 13:40:00+05:30,6756.5,6773.5,6755.0,6761.5,7693,0
2026-03-16 13:45:00+05:30,6761.0,6761.0,6742.5,6746.0,4933,0
2026-03-16 13:50:00+05:30,6745.5,6766.5,6740.5,6757.0,4015,0
2026-03-16 13:55:00+05:30,6756.5,6765.0,6755.0,6762.0,3754,0
2026-03-16 14:00:00+05:30,6762.0,6763.0,6738.0,6741.5,3313,0
2026-03-16 14:05:00+05:30,6741.5,6752.5,6741.5,6751.5,3608,0
2026-03-16 14:10:00+05:30,6752.5,6768.0,6750.0,6760.0,5500,0
2026-03-16 14:15:00+05:30,6759.5,6794.5,6753.0,6794.5,6625,0
2026-03-16 14:20:00+05:30,6795.0,6825.5,6789.0,6819.5,11196,0
2026-03-16 14:25:00+05:30,6819.0,6844.0,6811.0,6844.0,12725,0
2026-03-16 14:30:00+05:30,6844.0,6860.5,6834.0,6849.5,11687,0
2026-03-16 14:35:00+05:30,6848.0,6852.0,6837.0,6847.5,9276,0
2026-03-16 14:40:00+05:30,6848.0,6854.0,6833.5,6843.0,9242,0
2026-03-16 14:45:00+05:30,6843.0,6846.0,6833.0,6842.0,8802,0
2026-03-16 14:50:00+05:30,6839.5,6843.5,6824.0,6830.5,14351,0
2026-03-16 14:55:00+05:30,6831.5,6861.5,6819.5,6855.5,28449,0
2026-03-16 15:00:00+05:30,6856.5,6859.5,6814.0,6822.5,29206,0
2026-03-16 15:05:00+05:30,6822.5,6841.5,6817.5,6836.0,16444,0
2026-03-16 15:10:00+05:30,6835.0,6839.5,6826.5,6826.5,16148,0
2026-03-16 15:15:00+05:30,6828.0,6834.0,6810.5,6814.0,13524,0
2026-03-16 15:20:00+05:30,6814.0,6827.5,6813.0,6827.0,21556,0
2026-03-16 15:25:00+05:30,6826.5,6831.5,6794.0,6822.5,15590,0
2026-03-17 09:15:00+05:30,6827.5,6832.0,6770.0,6786.5,12128,0
2026-03-17 09:20:00+05:30,6787.5,6836.5,6785.0,6810.5,6351,0
2026-03-17 09:25:00+05:30,6810.0,6837.5,6807.0,6830.0,5955,0
2026-03-17 09:30:00+05:30,6830.0,6844.0,6820.0,6844.0,5380,0
2026-03-17 09:35:00+05:30,6843.5,6890.5,6836.5,6877.5,18128,0
2026-03-17 09:40:00+05:30,6875.5,6878.0,6840.0,6866.0,14770,0
2026-03-17 09:45:00+05:30,6868.5,6888.0,6862.5,6885.0,10267,0
2026-03-17 09:50:00+05:30,6884.5,6915.5,6872.5,6910.0,12359,0
2026-03-17 09:55:00+05:30,6910.0,6942.0,6897.5,6938.5,17077,0
2026-03-17 10:00:00+05:30,6939.5,6958.5,6938.5,6954.0,12208,0
2026-03-17 10:05:00+05:30,6956.0,6974.5,6951.5,6952.0,12159,0
2026-03-17 10:10:00+05:30,6952.0,6952.0,6927.5,6932.5,12652,0
2026-03-17 10:15:00+05:30,6932.5,6953.0,6932.5,6950.5,7376,0
2026-03-17 10:20:00+05:30,6950.5,6953.0,6934.5,6943.5,6828,0
2026-03-17 10:25:00+05:30,6944.5,6944.5,6905.0,6909.0,7341,0
2026-03-17 10:30:00+05:30,6906.5,6930.0,6901.0,6912.5,6311,0
2026-03-17 10:35:00+05:30,6911.5,6917.5,6900.0,6914.0,3914,0
2026-03-17 10:40:00+05:30,6914.5,6924.0,6904.0,6912.0,5466,0
2026-03-17 10:45:00+05:30,6912.5,6939.5,6907.0,6939.5,4300,0
2026-03-17 10:50:00+05:30,6939.5,6941.0,6924.5,6930.0,3873,0
2026-03-17 10:55:00+05:30,6930.0,6941.5,6920.0,6930.0,6187,0
2026-03-17 11:00:00+05:30,6930.0,6955.5,6925.0,6944.5,14015,0
2026-03-17 11:05:00+05:30,6944.5,6946.5,6925.5,6931.0,5765,0
2026-03-17 11:10:00+05:30,6931.0,6937.0,6925.0,6932.0,4168,0
2026-03-17 11:15:00+05:30,6932.0,6932.0,6910.0,6913.5,4227,0
2026-03-17 11:20:00+05:30,6914.0,6917.5,6896.5,6900.0,4189,0
2026-03-17 11:25:00+05:30,6899.5,6906.5,6890.0,6893.0,17682,0
2026-03-17 11:30:00+05:30,6892.5,6897.0,6872.0,6886.0,24635,0
2026-03-17 11:35:00+05:30,6886.0,6894.0,6878.5,6883.5,9463,0
2026-03-17 11:40:00+05:30,6883.5,6892.0,6878.0,6881.0,2818,0
2026-03-17 11:45:00+05:30,6882.5,6890.0,6874.5,6877.5,2798,0
2026-03-17 11:50:00+05:30,6877.5,6885.0,6870.0,6874.0,3489,0
2026-03-17 11:55:00+05:30,6873.5,6887.0,6865.5,6881.0,3508,0
2026-03-17 12:00:00+05:30,6881.5,6884.0,6873.0,6875.0,3841,0
2026-03-17 12:05:00+05:30,6873.0,6884.0,6871.0,6880.0,3879,0
2026-03-17 12:10:00+05:30,6880.0,6893.5,6872.0,6875.5,8412,0
2026-03-17 12:15:00+05:30,6875.0,6882.0,6867.0,6869.0,4162,0
2026-03-17 12:20:00+05:30,6869.0,6880.0,6868.0,6871.0,2380,0
2026-03-17 12:25:00+05:30,6871.0,6876.5,6867.5,6872.5,2174,0
2026-03-17 12:30:00+05:30,6873.5,6874.0,6862.0,6870.0,3489,0
2026-03-17 12:35:00+05:30,6870.0,6879.0,6866.5,6874.5,3522,0
2026-03-17 12:40:00+05:30,6874.5,6874.5,6857.0,6863.5,3335,0
2026-03-17 12:45:00+05:30,6863.5,6870.0,6861.5,6869.0,4682,0
2026-03-17 12:50:00+05:30,6869.0,6878.0,6865.5,6868.5,5762,0
2026-03-17 12:55:00+05:30,6868.5,6884.0,6862.5,6880.0,5687,0
2026-03-17 13:00:00+05:30,6882.5,6903.5,6880.5,6891.5,10018,0
2026-03-17 13:05:00+05:30,6891.0,6899.5,6887.0,6897.5,8868,0
2026-03-17 13:10:00+05:30,6898.5,6910.0,6896.0,6910.0,5911,0
2026-03-17 13:15:00+05:30,6910.0,6914.5,6902.0,6909.5,6704,0
2026-03-17 13:20:00+05:30,6909.5,6911.5,6896.5,6901.5,5259,0
2026-03-17 13:25:00+05:30,6902.5,6910.0,6898.5,6909.0,3909,0
2026-03-17 13:30:00+05:30,6909.0,6920.0,6907.0,6914.5,6978,0
2026-03-17 13:35:00+05:30,6915.0,6916.5,6887.0,6888.0,8112,0
2026-03-17 13:40:00+05:30,6888.0,6906.0,6878.0,6904.0,11920,0
2026-03-17 13:45:00+05:30,6904.0,6925.0,6904.0,6921.0,6699,0
2026-03-17 13:50:00+05:30,6921.0,6924.0,6910.0,6910.0,3315,0
2026-03-17 13:55:00+05:30,6911.5,6917.0,6907.5,6913.5,3912,0
2026-03-17 14:00:00+05:30,6913.5,6933.5,6907.5,6929.0,9755,0
2026-03-17 14:05:00+05:30,6930.0,6930.5,6912.5,6917.0,7323,0
2026-03-17 14:10:00+05:30,6917.0,6931.5,6916.5,6927.0,3644,0
2026-03-17 14:15:00+05:30,6927.0,6932.0,6913.5,6918.5,6585,0
2026-03-17 14:20:00+05:30,6918.5,6921.0,6906.0,6912.5,4691,0
2026-03-17 14:25:00+05:30,6912.0,6917.5,6905.0,6915.5,3997,0
2026-03-17 14:30:00+05:30,6915.5,6927.5,6915.5,6922.5,3134,0
2026-03-17 14:35:00+05:30,6922.5,6926.5,6917.0,6922.0,2857,0
2026-03-17 14:40:00+05:30,6922.0,6928.0,6918.0,6920.5,3546,0
2026-03-17 14:45:00+05:30,6920.5,6923.5,6912.5,6920.5,4837,0
2026-03-17 14:50:00+05:30,6920.5,6925.5,6916.5,6922.5,4510,0
2026-03-17 14:55:00+05:30,6922.5,6931.0,6922.5,6930.0,4748,0
2026-03-17 15:00:00+05:30,6930.0,6930.0,6895.5,6907.0,14391,0
2026-03-17 15:05:00+05:30,6906.5,6908.0,6896.5,6906.0,10653,0
2026-03-17 15:10:00+05:30,6906.0,6912.0,6900.0,6906.5,10653,0
2026-03-17 15:15:00+05:30,6904.5,6909.5,6900.0,6905.0,12993,0
2026-03-17 15:20:00+05:30,6904.0,6924.0,6900.0,6921.0,15984,0
2026-03-17 15:25:00+05:30,6919.0,6941.0,6918.0,6935.0,10794,0
2026-03-18 09:15:00+05:30,6984.0,7063.5,6971.0,7021.0,75412,0
2026-03-18 09:20:00+05:30,7021.0,7042.5,7019.0,7024.5,15982,0
2026-03-18 09:25:00+05:30,7022.0,7068.0,7013.0,7057.5,26055,0
2026-03-18 09:30:00+05:30,7055.0,7060.0,7021.0,7035.0,13504,0
2026-03-18 09:35:00+05:30,7033.5,7045.5,7022.0,7031.0,10560,0
2026-03-18 09:40:00+05:30,7030.5,7038.5,7025.0,7028.5,5085,0
2026-03-18 09:45:00+05:30,7028.5,7034.0,7000.0,7032.5,16094,0
2026-03-18 09:50:00+05:30,7032.5,7037.5,7026.0,7026.5,6746,0
2026-03-18 09:55:00+05:30,7026.5,7027.0,7012.0,7020.5,5795,0
2026-03-18 10:00:00+05:30,7020.5,7030.5,7009.0,7015.0,7350,0
2026-03-18 10:05:00+05:30,7015.0,7024.0,7007.5,7015.0,3929,0
2026-03-18 10:10:00+05:30,7015.0,7023.5,7011.0,7019.0,4821,0
2026-03-18 10:15:00+05:30,7019.0,7037.5,7016.5,7037.0,5823,0
2026-03-18 10:20:00+05:30,7037.0,7049.5,7032.0,7036.0,6005,0
2026-03-18 10:25:00+05:30,7036.0,7039.0,7021.0,7025.5,3207,0
2026-03-18 10:30:00+05:30,7025.5,7029.0,7021.5,7025.5,2310,0
2026-03-18 10:35:00+05:30,7025.5,7038.0,7025.0,7032.5,1715,0
2026-03-18 10:40:00+05:30,7032.0,7036.5,7021.5,7024.0,2511,0
2026-03-18 10:45:00+05:30,7022.5,7034.5,7021.5,7026.5,3883,0
2026-03-18 10:50:00+05:30,7026.5,7026.5,7013.0,7018.0,2885,0
2026-03-18 10:55:00+05:30,7018.0,7019.5,7010.0,7015.0,3470,0
2026-03-18 11:00:00+05:30,7015.0,7036.0,7013.0,7035.0,8346,0
2026-03-18 11:05:00+05:30,7035.5,7048.0,7032.0,7046.5,9336,0
2026-03-18 11:10:00+05:30,7047.0,7055.0,7045.0,7052.5,6144,0
2026-03-18 11:15:00+05:30,7052.0,7053.5,7029.5,7049.5,6490,0
2026-03-18 11:20:00+05:30,7050.5,7050.5,7029.5,7031.5,3279,0
2026-03-18 11:25:00+05:30,7032.5,7039.0,7031.0,7034.5,1664,0
2026-03-18 11:30:00+05:30,7033.0,7035.5,7025.0,7031.0,3278,0
2026-03-18 11:35:00+05:30,7031.0,7034.0,7027.5,7032.5,2120,0
2026-03-18 11:40:00+05:30,7033.0,7033.5,7021.0,7025.5,3876,0
2026-03-18 11:45:00+05:30,7025.5,7028.0,7020.5,7023.0,2798,0
2026-03-18 11:50:00+05:30,7022.5,7025.0,7020.0,7025.0,2092,0
2026-03-18 11:55:00+05:30,7025.0,7027.0,7017.5,7021.5,2013,0
2026-03-18 12:00:00+05:30,7021.5,7022.5,7014.0,7019.5,3264,0
2026-03-18 12:05:00+05:30,7019.0,7029.0,7015.0,7026.5,2764,0
2026-03-18 12:10:00+05:30,7025.0,7027.0,7013.0,7015.5,2337,0
2026-03-18 12:15:00+05:30,7016.0,7022.5,7010.5,7016.0,2870,0
2026-03-18 12:20:00+05:30,7016.0,7022.0,7011.5,7022.0,2736,0
2026-03-18 12:25:00+05:30,7022.0,7022.0,7013.0,7016.5,2063,0
2026-03-18 12:30:00+05:30,7016.5,7023.5,7015.0,7020.0,2453,0
2026-03-18 12:35:00+05:30,7020.0,7022.0,6989.0,6991.5,11134,0
2026-03-18 12:40:00+05:30,6992.0,6992.0,6975.0,6979.0,7727,0
2026-03-18 12:45:00+05:30,6979.0,6984.0,6975.0,6983.5,5748,0
2026-03-18 12:50:00+05:30,6983.5,6990.0,6973.5,6980.0,5707,0
2026-03-18 12:55:00+05:30,6979.5,6982.0,6978.5,6980.5,2406,0
2026-03-18 13:00:00+05:30,6980.5,6988.0,6975.5,6987.0,6029,0
2026-03-18 13:05:00+05:30,6987.0,6987.5,6974.0,6982.0,4402,0
2026-03-18 13:10:00+05:30,6981.5,7011.5,6978.0,7011.5,18287,0
2026-03-18 13:15:00+05:30,7011.5,7039.0,7011.0,7031.5,8182,0
2026-03-18 13:20:00+05:30,7032.0,7042.0,7027.0,7029.0,10004,0
2026-03-18 13:25:00+05:30,7027.0,7029.0,7009.0,7013.5,4270,0
2026-03-18 13:30:00+05:30,7012.5,7013.5,6982.0,6997.5,9099,0
2026-03-18 13:35:00+05:30,6997.5,7004.5,6986.5,7001.0,11626,0
2026-03-18 13:40:00+05:30,7000.5,7015.0,6996.5,7013.5,6250,0
2026-03-18 13:45:00+05:30,7011.5,7023.0,7009.5,7014.0,5973,0
2026-03-18 13:50:00+05:30,7012.5,7022.0,7007.0,7022.0,2969,0
2026-03-18 13:55:00+05:30,7022.0,7023.0,7015.0,7018.5,1895,0
2026-03-18 14:00:00+05:30,7017.0,7023.0,7013.5,7020.0,3313,0
2026-03-18 14:05:00+05:30,7020.0,7028.0,7015.0,7023.0,4110,0
2026-03-18 14:10:00+05:30,7020.5,7023.0,7014.5,7018.5,1928,0
2026-03-18 14:15:00+05:30,7018.0,7026.0,7014.5,7025.5,2417,0
2026-03-18 14:20:00+05:30,7025.5,7026.0,7020.0,7026.0,3694,0
2026-03-18 14:25:00+05:30,7025.0,7028.0,7021.0,7025.0,3653,0
2026-03-18 14:30:00+05:30,7025.0,7025.0,7000.0,7001.5,14382,0
2026-03-18 14:35:00+05:30,7001.0,7010.0,6996.0,7007.0,2975,0
2026-03-18 14:40:00+05:30,7007.0,7010.0,7000.0,7005.0,3526,0
2026-03-18 14:45:00+05:30,7005.0,7013.5,7003.5,7010.0,2020,0
2026-03-18 14:50:00+05:30,7009.5,7020.0,7000.5,7010.5,6961,0
2026-03-18 14:55:00+05:30,7010.0,7027.0,7008.5,7025.5,6817,0
2026-03-18 15:00:00+05:30,7025.5,7030.0,7012.0,7029.5,13709,0
2026-03-18 15:05:00+05:30,7029.5,7042.5,7024.0,7040.0,15938,0
2026-03-18 15:10:00+05:30,7040.0,7044.0,7037.0,7043.5,14764,0
2026-03-18 15:15:00+05:30,7044.0,7044.0,7028.5,7032.5,15026,0
2026-03-18 15:20:00+05:30,7032.5,7034.0,7006.5,7012.0,16121,0
2026-03-18 15:25:00+05:30,7012.0,7025.0,7004.0,7016.0,10948,0
2026-03-19 09:15:00+05:30,6929.0,6943.5,6815.0,6824.0,28329,0
2026-03-19 09:20:00+05:30,6824.0,6847.5,6810.0,6847.0,12920,0
2026-03-19 09:25:00+05:30,6847.0,6898.0,6841.5,6889.0,12139,0
2026-03-19 09:30:00+05:30,6889.0,6919.5,6888.5,6904.5,14850,0
2026-03-19 09:35:00+05:30,6903.5,6919.5,6889.5,6894.0,18358,0
2026-03-19 09:40:00+05:30,6894.5,6911.0,6891.5,6907.0,8453,0
2026-03-19 09:45:00+05:30,6905.0,6917.5,6902.0,6903.5,4906,0
2026-03-19 09:50:00+05:30,6903.5,6905.0,6890.0,6899.5,6384,0
2026-03-19 09:55:00+05:30,6898.0,6899.5,6886.5,6895.5,4796,0
2026-03-19 10:00:00+05:30,6896.0,6901.5,6890.5,6900.5,3962,0
2026-03-19 10:05:00+05:30,6899.0,6904.0,6898.5,6899.5,2478,0
2026-03-19 10:10:00+05:30,6899.5,6900.0,6890.0,6897.5,3608,0
2026-03-19 10:15:00+05:30,6897.0,6897.0,6861.5,6862.5,5382,0
2026-03-19 10:20:00+05:30,6862.5,6879.0,6860.0,6879.0,4540,0
2026-03-19 10:25:00+05:30,6879.0,6895.0,6878.5,6893.5,4768,0
2026-03-19 10:30:00+05:30,6893.5,6908.5,6888.0,6906.0,3918,0
2026-03-19 10:35:00+05:30,6906.0,6912.0,6902.5,6907.0,4387,0
2026-03-19 10:40:00+05:30,6907.5,6908.0,6899.0,6903.5,3844,0
2026-03-19 10:45:00+05:30,6902.5,6904.5,6885.5,6885.5,3125,0
2026-03-19 10:50:00+05:30,6889.0,6894.5,6886.5,6894.0,2436,0
2026-03-19 10:55:00+05:30,6893.5,6902.0,6890.5,6893.0,2811,0
2026-03-19 11:00:00+05:30,6893.5,6897.5,6879.5,6880.0,3203,0
2026-03-19 11:05:00+05:30,6880.0,6890.0,6864.0,6866.0,5148,0
2026-03-19 11:10:00+05:30,6866.5,6876.0,6862.0,6865.0,2945,0
2026-03-19 11:15:00+05:30,6867.0,6870.5,6858.5,6863.0,3056,0
2026-03-19 11:20:00+05:30,6863.5,6874.5,6847.0,6850.0,15694,0
2026-03-19 11:25:00+05:30,6850.0,6850.0,6820.0,6826.5,20622,0
2026-03-19 11:30:00+05:30,6826.5,6842.5,6820.0,6824.5,16770,0
2026-03-19 11:35:00+05:30,6826.5,6830.0,6809.5,6812.0,15141,0
2026-03-19 11:40:00+05:30,6812.0,6813.0,6802.5,6807.5,4549,0
2026-03-19 11:45:00+05:30,6806.0,6820.5,6805.0,6812.0,5020,0
2026-03-19 11:50:00+05:30,6813.0,6821.5,6810.0,6811.0,5844,0
2026-03-19 11:55:00+05:30,6810.5,6813.5,6801.0,6802.5,5321,0
2026-03-19 12:00:00+05:30,6802.5,6802.5,6791.0,6792.0,6360,0
2026-03-19 12:05:00+05:30,6792.0,6792.0,6781.5,6783.0,4922,0
2026-03-19 12:10:00+05:30,6783.0,6801.5,6781.5,6801.0,5059,0
2026-03-19 12:15:00+05:30,6801.0,6825.0,6794.0,6824.5,8132,0
2026-03-19 12:20:00+05:30,6824.5,6824.5,6805.0,6810.5,4046,0
2026-03-19 12:25:00+05:30,6808.0,6824.5,6806.0,6824.0,2681,0
2026-03-19 12:30:00+05:30,6823.0,6827.0,6815.0,6818.0,2455,0
2026-03-19 12:35:00+05:30,6818.5,6827.0,6816.0,6822.0,2576,0
2026-03-19 12:40:00+05:30,6823.0,6828.5,6811.5,6813.5,2687,0
2026-03-19 12:45:00+05:30,6814.0,6828.5,6811.5,6827.0,2598,0
2026-03-19 12:50:00+05:30,6827.5,6832.0,6817.0,6819.5,2825,0
2026-03-19 12:55:00+05:30,6820.5,6822.5,6815.0,6816.5,2050,0
2026-03-19 13:00:00+05:30,6817.0,6838.0,6815.0,6834.0,3643,0
2026-03-19 13:05:00+05:30,6834.0,6849.0,6833.0,6849.0,3820,0
2026-03-19 13:10:00+05:30,6849.0,6858.0,6836.0,6846.5,5264,0
2026-03-19 13:15:00+05:30,6845.5,6851.5,6844.5,6847.0,4317,0
2026-03-19 13:20:00+05:30,6847.5,6855.0,6847.0,6853.0,2859,0
2026-03-19 13:25:00+05:30,6853.5,6859.5,6842.0,6844.0,2683,0
2026-03-19 13:30:00+05:30,6844.5,6856.5,6824.5,6826.0,4571,0
2026-03-19 13:35:00+05:30,6824.0,6834.5,6813.5,6834.5,5867,0
2026-03-19 13:40:00+05:30,6834.5,6849.0,6833.0,6833.5,4699,0
2026-03-19 13:45:00+05:30,6833.5,6839.0,6828.0,6833.5,4726,0
2026-03-19 13:50:00+05:30,6833.5,6834.5,6820.0,6824.5,4301,0
2026-03-19 13:55:00+05:30,6824.5,6829.0,6806.5,6815.5,5213,0
2026-03-19 14:00:00+05:30,6813.5,6815.5,6791.0,6792.5,4650,0
2026-03-19 14:05:00+05:30,6792.5,6795.5,6781.0,6781.5,6184,0
2026-03-19 14:10:00+05:30,6783.0,6787.0,6777.0,6787.0,4729,0
2026-03-19 14:15:00+05:30,6786.5,6805.0,6782.0,6805.0,5263,0
2026-03-19 14:20:00+05:30,6804.5,6804.5,6788.0,6792.0,4447,0
2026-03-19 14:25:00+05:30,6792.5,6792.5,6782.0,6787.0,5836,0
2026-03-19 14:30:00+05:30,6787.0,6800.0,6781.5,6794.0,11865,0
2026-03-19 14:35:00+05:30,6794.0,6796.5,6780.0,6783.5,8225,0
2026-03-19 14:40:00+05:30,6782.5,6799.5,6780.5,6799.0,13047,0
2026-03-19 14:45:00+05:30,6797.0,6797.0,6775.0,6781.0,14866,0
2026-03-19 14:50:00+05:30,6781.0,6788.0,6766.0,6775.0,27474,0
2026-03-19 14:55:00+05:30,6775.5,6782.0,6750.5,6758.5,30477,0
2026-03-19 15:00:00+05:30,6759.0,6787.0,6750.0,6784.5,26980,0
2026-03-19 15:05:00+05:30,6782.5,6788.0,6772.0,6788.0,19870,0
2026-03-19 15:10:00+05:30,6787.0,6799.5,6781.0,6799.0,22034,0
2026-03-19 15:15:00+05:30,6799.0,6814.0,6791.0,6809.0,21869,0
2026-03-19 15:20:00+05:30,6808.0,6815.0,6800.5,6808.5,26378,0
2026-03-19 15:25:00+05:30,6809.0,6830.0,6806.5,6825.0,17205,0
2026-03-20 09:15:00+05:30,6802.5,6897.0,6802.5,6883.0,17331,0
2026-03-20 09:20:00+05:30,6883.0,6906.5,6870.5,6886.0,10317,0
2026-03-20 09:25:00+05:30,6888.0,6898.0,6880.0,6884.5,5906,0
2026-03-20 09:30:00+05:30,6883.0,6890.0,6871.5,6881.5,4056,0
2026-03-20 09:35:00+05:30,6880.5,6887.5,6857.0,6864.0,6232,0
2026-03-20 09:40:00+05:30,6863.5,6863.5,6840.5,6842.5,5419,0
2026-03-20 09:45:00+05:30,6842.5,6854.5,6837.0,6850.5,3863,0
2026-03-20 09:50:00+05:30,6849.5,6860.0,6842.5,6848.5,2894,0
2026-03-20 09:55:00+05:30,6847.5,6856.5,6843.0,6853.5,2656,0
2026-03-20 10:00:00+05:30,6852.5,6853.0,6829.5,6836.0,2202,0
2026-03-20 10:05:00+05:30,6836.0,6852.5,6836.0,6845.0,2292,0
2026-03-20 10:10:00+05:30,6846.0,6854.5,6842.5,6842.5,2422,0
2026-03-20 10:15:00+05:30,6844.5,6845.5,6828.5,6830.0,2763,0
2026-03-20 10:20:00+05:30,6830.0,6837.0,6810.0,6836.5,5631,0
2026-03-20 10:25:00+05:30,6836.5,6842.0,6827.5,6841.0,4026,0
2026-03-20 10:30:00+05:30,6841.0,6858.0,6837.0,6853.0,2032,0
2026-03-20 10:35:00+05:30,6854.0,6863.5,6849.0,6860.0,3031,0
2026-03-20 10:40:00+05:30,6860.0,6868.0,6858.0,6866.5,2943,0
2026-03-20 10:45:00+05:30,6864.5,6880.0,6864.5,6874.0,2527,0
2026-03-20 10:50:00+05:30,6874.0,6878.0,6864.5,6868.5,2028,0
2026-03-20 10:55:00+05:30,6868.5,6868.5,6855.0,6859.5,1600,0
2026-03-20 11:00:00+05:30,6859.5,6864.5,6852.0,6861.5,2503,0
2026-03-20 11:05:00+05:30,6861.5,6875.5,6861.0,6873.5,2545,0
2026-03-20 11:10:00+05:30,6873.5,6879.5,6867.0,6875.0,2416,0
2026-03-20 11:15:00+05:30,6875.0,6880.0,6874.5,6877.5,1578,0
2026-03-20 11:20:00+05:30,6877.0,6894.0,6875.0,6894.0,3550,0
2026-03-20 11:25:00+05:30,6894.0,6896.0,6883.0,6889.5,2245,0
2026-03-20 11:30:00+05:30,6889.5,6891.0,6881.5,6884.5,1158,0
2026-03-20 11:35:00+05:30,6884.5,6891.0,6882.0,6885.5,1148,0
2026-03-20 11:40:00+05:30,6885.5,6885.5,6876.5,6878.0,1707,0
2026-03-20 11:45:00+05:30,6878.0,6880.0,6867.0,6873.0,1663,0
2026-03-20 11:50:00+05:30,6873.0,6873.0,6853.5,6857.5,2840,0
2026-03-20 11:55:00+05:30,6857.0,6860.0,6848.0,6858.5,2274,0
2026-03-20 12:00:00+05:30,6858.5,6865.0,6852.5,6857.0,1307,0
2026-03-20 12:05:00+05:30,6856.5,6857.0,6843.5,6848.0,3380,0
2026-03-20 12:10:00+05:30,6848.0,6857.0,6847.0,6854.0,2645,0
2026-03-20 12:15:00+05:30,6854.0,6854.0,6840.0,6842.0,3318,0
2026-03-20 12:20:00+05:30,6841.5,6841.5,6825.5,6829.5,3088,0
2026-03-20 12:25:00+05:30,6828.5,6838.0,6828.0,6838.0,1943,0
2026-03-20 12:30:00+05:30,6838.0,6839.5,6822.5,6837.5,2555,0
2026-03-20 12:35:00+05:30,6837.5,6852.0,6835.0,6850.0,2852,0
2026-03-20 12:40:00+05:30,6851.0,6855.0,6845.0,6851.5,2368,0
2026-03-20 12:45:00+05:30,6851.5,6855.0,6847.0,6855.0,1574,0
2026-03-20 12:50:00+05:30,6854.5,6858.0,6844.5,6850.5,2888,0
2026-03-20 12:55:00+05:30,6850.0,6858.0,6847.0,6854.5,13098,0
2026-03-20 13:00:00+05:30,6854.0,6870.0,6850.0,6870.0,2722,0
2026-03-20 13:05:00+05:30,6870.0,6880.0,6868.5,6877.5,2861,0
2026-03-20 13:10:00+05:30,6877.5,6877.5,6863.0,6865.5,2611,0
2026-03-20 13:15:00+05:30,6865.5,6875.0,6865.0,6871.5,11500,0
2026-03-20 13:20:00+05:30,6871.5,6877.5,6870.0,6875.0,1608,0
2026-03-20 13:25:00+05:30,6875.0,6889.0,6874.0,6886.5,2738,0
2026-03-20 13:30:00+05:30,6886.5,6900.0,6885.0,6894.5,4239,0
2026-03-20 13:35:00+05:30,6894.5,6905.0,6890.5,6904.0,3084,0
2026-03-20 13:40:00+05:30,6903.5,6920.0,6900.0,6909.5,7270,0
2026-03-20 13:45:00+05:30,6908.5,6910.0,6900.0,6903.0,3082,0
2026-03-20 13:50:00+05:30,6902.0,6912.0,6900.0,6911.5,4714,0
2026-03-20 13:55:00+05:30,6911.0,6917.5,6900.0,6909.0,6596,0
2026-03-20 14:00:00+05:30,6907.0,6925.0,6900.0,6925.0,6341,0
2026-03-20 14:05:00+05:30,6925.0,6925.0,6914.0,6920.0,3743,0
2026-03-20 14:10:00+05:30,6920.0,6920.0,6907.5,6914.5,3693,0
2026-03-20 14:15:00+05:30,6914.0,6917.5,6904.5,6914.0,6975,0
2026-03-20 14:20:00+05:30,6914.0,6915.5,6901.0,6903.5,19805,0
2026-03-20 14:25:00+05:30,6904.0,6916.0,6892.5,6909.5,30020,0
2026-03-20 14:30:00+05:30,6906.5,6915.0,6900.0,6912.0,5511,0
2026-03-20 14:35:00+05:30,6912.0,6912.0,6898.5,6908.5,4862,0
2026-03-20 14:40:00+05:30,6908.0,6911.5,6900.5,6905.0,19009,0
2026-03-20 14:45:00+05:30,6905.0,6905.5,6885.5,6888.5,14757,0
2026-03-20 14:50:00+05:30,6889.0,6897.0,6880.5,6895.5,10790,0
2026-03-20 14:55:00+05:30,6895.5,6898.5,6886.0,6898.0,11760,0
2026-03-20 15:00:00+05:30,6897.0,6928.0,6884.5,6912.5,51923,0
2026-03-20 15:05:00+05:30,6913.0,6914.5,6899.0,6901.5,32859,0
2026-03-20 15:10:00+05:30,6901.0,6915.0,6898.0,6910.0,44187,0
2026-03-20 15:15:00+05:30,6912.5,6917.5,6905.0,6910.0,35569,0
2026-03-20 15:20:00+05:30,6910.5,6921.0,6910.0,6918.5,34362,0
2026-03-20 15:25:00+05:30,6918.5,6925.0,6905.0,6925.0,27112,0
2026-03-23 09:15:00+05:30,6790.0,6809.0,6752.0,6799.5,22068,0
2026-03-23 09:20:00+05:30,6800.0,6814.5,6780.0,6780.5,8703,0
2026-03-23 09:25:00+05:30,6782.0,6808.0,6780.5,6798.0,7128,0
2026-03-23 09:30:00+05:30,6797.0,6829.0,6789.0,6821.0,12674,0
2026-03-23 09:35:00+05:30,6820.0,6831.5,6809.0,6826.0,11622,0
2026-03-23 09:40:00+05:30,6828.5,6829.5,6791.0,6804.0,6229,0
2026-03-23 09:45:00+05:30,6804.0,6804.0,6783.0,6785.5,5369,0
2026-03-23 09:50:00+05:30,6785.5,6785.5,6764.5,6764.5,6102,0
2026-03-23 09:55:00+05:30,6766.0,6768.0,6756.0,6756.0,6410,0
2026-03-23 10:00:00+05:30,6759.0,6777.0,6755.0,6774.0,4064,0
2026-03-23 10:05:00+05:30,6775.0,6776.5,6751.5,6759.0,5975,0
2026-03-23 10:10:00+05:30,6759.0,6761.5,6744.0,6745.0,5127,0
2026-03-23 10:15:00+05:30,6745.0,6755.0,6740.0,6744.0,7042,0
2026-03-23 10:20:00+05:30,6744.0,6756.0,6742.0,6744.0,7527,0
2026-03-23 10:25:00+05:30,6746.5,6750.5,6730.0,6735.0,3646,0
2026-03-23 10:30:00+05:30,6735.0,6740.5,6723.5,6727.0,2719,0
2026-03-23 10:35:00+05:30,6727.0,6744.5,6723.0,6737.0,3019,0
2026-03-23 10:40:00+05:30,6736.0,6740.0,6731.5,6736.0,1599,0
2026-03-23 10:45:00+05:30,6738.0,6741.5,6729.0,6739.0,3827,0
2026-03-23 10:50:00+05:30,6739.0,6739.0,6722.0,6729.0,2233,0
2026-03-23 10:55:00+05:30,6729.0,6729.5,6723.0,6727.5,1940,0
2026-03-23 11:00:00+05:30,6728.0,6732.5,6723.0,6732.5,2051,0
2026-03-23 11:05:00+05:30,6732.5,6746.0,6725.0,6734.0,3381,0
2026-03-23 11:10:00+05:30,6734.0,6736.0,6725.5,6733.0,2536,0
2026-03-23 11:15:00+05:30,6733.0,6733.5,6717.5,6729.0,2337,0
2026-03-23 11:20:00+05:30,6727.5,6749.0,6727.0,6745.5,2195,0
2026-03-23 11:25:00+05:30,6748.0,6748.0,6742.0,6748.0,1579,0
2026-03-23 11:30:00+05:30,6748.0,6764.0,6738.0,6746.0,3266,0
2026-03-23 11:35:00+05:30,6746.0,6755.5,6742.5,6753.0,1973,0
2026-03-23 11:40:00+05:30,6753.5,6753.5,6732.5,6736.5,4033,0
2026-03-23 11:45:00+05:30,6736.5,6742.0,6712.5,6717.0,3170,0
2026-03-23 11:50:00+05:30,6718.0,6726.5,6713.5,6725.0,2758,0
2026-03-23 11:55:00+05:30,6725.0,6729.0,6711.0,6712.5,3053,0
2026-03-23 12:00:00+05:30,6712.5,6714.0,6706.0,6707.5,2880,0
2026-03-23 12:05:00+05:30,6710.0,6718.0,6705.0,6711.5,3266,0
2026-03-23 12:10:00+05:30,6715.0,6725.0,6711.0,6711.5,3793,0
2026-03-23 12:15:00+05:30,6713.5,6714.5,6702.0,6707.5,2885,0
2026-03-23 12:20:00+05:30,6707.0,6707.0,6687.5,6692.5,5087,0
2026-03-23 12:25:00+05:30,6689.5,6704.0,6687.5,6704.0,5067,0
2026-03-23 12:30:00+05:30,6703.0,6709.0,6691.0,6697.5,2605,0
2026-03-23 12:35:00+05:30,6697.5,6702.5,6691.0,6694.0,2080,0
2026-03-23 12:40:00+05:30,6694.0,6712.0,6685.5,6705.5,3344,0
2026-03-23 12:45:00+05:30,6708.5,6723.0,6706.5,6718.5,3098,0
2026-03-23 12:50:00+05:30,6720.5,6724.0,6702.5,6706.0,3582,0
2026-03-23 12:55:00+05:30,6706.0,6707.5,6701.0,6704.0,1976,0
2026-03-23 13:00:00+05:30,6704.0,6704.0,6687.5,6691.5,2680,0
2026-03-23 13:05:00+05:30,6691.5,6703.0,6690.0,6695.0,3479,0
2026-03-23 13:10:00+05:30,6695.0,6695.5,6688.0,6694.5,2416,0
2026-03-23 13:15:00+05:30,6694.5,6704.0,6693.5,6702.0,2081,0
2026-03-23 13:20:00+05:30,6700.5,6702.0,6693.5,6701.5,1886,0
2026-03-23 13:25:00+05:30,6701.5,6701.5,6688.0,6691.0,2186,0
2026-03-23 13:30:00+05:30,6690.0,6698.0,6676.0,6686.5,6406,0
2026-03-23 13:35:00+05:30,6686.5,6693.0,6683.5,6687.0,2279,0
2026-03-23 13:40:00+05:30,6686.0,6718.5,6685.5,6713.5,5440,0
2026-03-23 13:45:00+05:30,6712.0,6719.0,6706.0,6718.5,4566,0
2026-03-23 13:50:00+05:30,6718.5,6729.0,6710.5,6713.5,5287,0
2026-03-23 13:55:00+05:30,6713.5,6729.0,6710.5,6721.5,3068,0
2026-03-23 14:00:00+05:30,6721.0,6737.5,6713.5,6731.5,5443,0
2026-03-23 14:05:00+05:30,6731.5,6735.5,6718.5,6722.5,3554,0
2026-03-23 14:10:00+05:30,6720.0,6722.5,6710.0,6710.0,2616,0
2026-03-23 14:15:00+05:30,6712.5,6714.5,6703.5,6711.0,4113,0
2026-03-23 14:20:00+05:30,6711.0,6718.0,6708.5,6708.5,2871,0
2026-03-23 14:25:00+05:30,6710.0,6710.0,6695.5,6700.0,4569,0
2026-03-23 14:30:00+05:30,6700.0,6706.0,6690.0,6692.0,19912,0
2026-03-23 14:35:00+05:30,6690.0,6710.5,6689.5,6701.5,3307,0
2026-03-23 14:40:00+05:30,6701.5,6705.5,6687.0,6705.0,5300,0
2026-03-23 14:45:00+05:30,6704.5,6709.5,6700.5,6708.5,3600,0
2026-03-23 14:50:00+05:30,6708.5,6723.0,6708.5,6710.5,5646,0
2026-03-23 14:55:00+05:30,6711.5,6713.0,6692.0,6705.0,4635,0
2026-03-23 15:00:00+05:30,6703.5,6705.0,6666.0,6668.5,8616,0
2026-03-23 15:05:00+05:30,6668.5,6682.0,6661.0,6677.0,9879,0
2026-03-23 15:10:00+05:30,6676.5,6696.0,6676.5,6694.0,10283,0
2026-03-23 15:15:00+05:30,6696.0,6697.0,6685.0,6687.5,8801,0
2026-03-23 15:20:00+05:30,6685.5,6689.5,6680.0,6683.5,12118,0
2026-03-23 15:25:00+05:30,6684.0,6690.5,6667.0,6683.5,15629,0
2026-03-24 09:15:00+05:30,6800.0,6883.0,6753.0,6867.0,43153,0
2026-03-24 09:20:00+05:30,6866.0,6910.0,6866.0,6896.0,20233,0
2026-03-24 09:25:00+05:30,6895.0,6908.5,6877.0,6891.0,21668,0
2026-03-24 09:30:00+05:30,6893.5,6919.5,6883.5,6905.5,20378,0
2026-03-24 09:35:00+05:30,6905.5,6914.0,6877.5,6895.0,21366,0
2026-03-24 09:40:00+05:30,6895.0,6905.0,6856.0,6859.5,19645,0
2026-03-24 09:45:00+05:30,6861.0,6886.0,6856.0,6866.5,10830,0
2026-03-24 09:50:00+05:30,6867.0,6872.0,6850.5,6862.5,9218,0
2026-03-24 09:55:00+05:30,6863.0,6880.0,6857.0,6859.0,6209,0
2026-03-24 10:00:00+05:30,6858.0,6859.0,6827.0,6828.0,13513,0
2026-03-24 10:05:00+05:30,6830.0,6838.5,6822.5,6827.0,7099,0
2026-03-24 10:10:00+05:30,6828.0,6843.0,6824.0,6830.0,5442,0
2026-03-24 10:15:00+05:30,6828.5,6849.0,6826.5,6832.5,7232,0
2026-03-24 10:20:00+05:30,6833.5,6851.5,6833.5,6842.5,6272,0
2026-03-24 10:25:00+05:30,6841.5,6845.0,6826.0,6830.0,4916,0
2026-03-24 10:30:00+05:30,6829.5,6835.5,6826.0,6826.0,4085,0
2026-03-24 10:35:00+05:30,6827.0,6828.0,6811.5,6827.0,7585,0
2026-03-24 10:40:00+05:30,6825.5,6833.5,6820.0,6820.5,3817,0
2026-03-24 10:45:00+05:30,6820.5,6835.0,6805.0,6830.0,5088,0
2026-03-24 10:50:00+05:30,6830.0,6837.0,6802.0,6810.0,6384,0
2026-03-24 10:55:00+05:30,6808.5,6815.0,6791.0,6795.0,9448,0
2026-03-24 11:00:00+05:30,6794.0,6823.0,6794.0,6818.5,4532,0
2026-03-24 11:05:00+05:30,6817.5,6818.5,6804.0,6810.0,3979,0
2026-03-24 11:10:00+05:30,6809.5,6822.0,6808.5,6822.0,3769,0
2026-03-24 11:15:00+05:30,6822.0,6828.0,6812.5,6825.0,5645,0
2026-03-24 11:20:00+05:30,6824.5,6845.0,6814.5,6820.5,4297,0
2026-03-24 11:25:00+05:30,6821.5,6826.0,6815.0,6818.5,3189,0
2026-03-24 11:30:00+05:30,6817.0,6827.0,6817.0,6826.5,1962,0
2026-03-24 11:35:00+05:30,6826.5,6843.0,6826.5,6835.5,3700,0
2026-03-24 11:40:00+05:30,6835.5,6839.0,6826.0,6838.5,5350,0
2026-03-24 11:45:00+05:30,6837.0,6852.0,6837.0,6845.5,3345,0
2026-03-24 11:50:00+05:30,6844.0,6848.5,6838.5,6840.0,2697,0
2026-03-24 11:55:00+05:30,6840.0,6860.0,6840.0,6850.5,3664,0
2026-03-24 12:00:00+05:30,6850.0,6870.0,6850.0,6866.0,5345,0
2026-03-24 12:05:00+05:30,6865.0,6866.0,6848.0,6854.5,4204,0
2026-03-24 12:10:00+05:30,6855.0,6863.0,6850.0,6861.5,3942,0
2026-03-24 12:15:00+05:30,6859.5,6866.5,6857.0,6866.5,2029,0
2026-03-24 12:20:00+05:30,6865.5,6915.0,6862.0,6915.0,14130,0
2026-03-24 12:25:00+05:30,6915.5,6939.0,6900.0,6912.0,12202,0
2026-03-24 12:30:00+05:30,6908.0,6938.0,6908.0,6937.0,6559,0
2026-03-24 12:35:00+05:30,6936.5,6950.0,6933.5,6944.0,8467,0
2026-03-24 12:40:00+05:30,6945.0,6952.0,6938.0,6942.0,5390,0
2026-03-24 12:45:00+05:30,6941.5,6966.5,6940.5,6956.0,6688,0
2026-03-24 12:50:00+05:30,6955.5,6964.0,6947.5,6956.0,4374,0
2026-03-24 12:55:00+05:30,6955.0,6958.5,6940.0,6950.5,4153,0
2026-03-24 13:00:00+05:30,6950.5,6955.0,6940.5,6944.0,4018,0
2026-03-24 13:05:00+05:30,6944.5,6945.0,6925.5,6928.0,4029,0
2026-03-24 13:10:00+05:30,6928.0,6943.0,6925.0,6942.5,3153,0
2026-03-24 13:15:00+05:30,6943.0,6954.5,6936.0,6947.0,3355,0
2026-03-24 13:20:00+05:30,6946.0,6961.0,6941.0,6952.5,3067,0
2026-03-24 13:25:00+05:30,6951.0,6960.0,6944.0,6958.5,3586,0
2026-03-24 13:30:00+05:30,6958.5,6963.0,6950.0,6953.0,4138,0
2026-03-24 13:35:00+05:30,6955.5,6962.0,6947.5,6951.5,4817,0
2026-03-24 13:40:00+05:30,6951.5,6957.0,6948.0,6950.5,2387,0
2026-03-24 13:45:00+05:30,6949.5,6955.0,6926.0,6929.0,4855,0
2026-03-24 13:50:00+05:30,6928.0,6933.5,6921.0,6926.0,5796,0
2026-03-24 13:55:00+05:30,6926.0,6936.5,6923.5,6927.5,4466,0
2026-03-24 14:00:00+05:30,6927.0,6932.0,6914.5,6914.5,2945,0
2026-03-24 14:05:00+05:30,6915.0,6930.0,6914.5,6922.5,3649,0
2026-03-24 14:10:00+05:30,6921.5,6934.5,6916.5,6930.0,11103,0
2026-03-24 14:15:00+05:30,6929.0,6947.5,6920.0,6920.0,6261,0
2026-03-24 14:20:00+05:30,6920.0,6924.0,6900.0,6907.5,7568,0
2026-03-24 14:25:00+05:30,6907.0,6910.0,6891.5,6896.5,5160,0
2026-03-24 14:30:00+05:30,6897.0,6907.0,6893.0,6897.5,5125,0
2026-03-24 14:35:00+05:30,6897.5,6899.0,6877.5,6880.0,6070,0
2026-03-24 14:40:00+05:30,6880.0,6900.0,6871.5,6883.0,5806,0
2026-03-24 14:45:00+05:30,6883.0,6897.0,6880.0,6890.5,5947,0
2026-03-24 14:50:00+05:30,6890.5,6895.0,6881.0,6887.5,6972,0
2026-03-24 14:55:00+05:30,6887.0,6898.5,6885.0,6891.5,9032,0
2026-03-24 15:00:00+05:30,6891.5,6891.5,6857.5,6872.5,43693,0
2026-03-24 15:05:00+05:30,6873.0,6881.5,6862.5,6866.0,41319,0
2026-03-24 15:10:00+05:30,6866.0,6875.0,6863.5,6865.5,33838,0
2026-03-24 15:15:00+05:30,6865.5,6874.0,6856.0,6866.5,36958,0
2026-03-24 15:20:00+05:30,6867.0,6876.0,6862.0,6868.5,44380,0
2026-03-24 15:25:00+05:30,6868.5,6890.0,6866.5,6867.5,22941,0
2026-03-25 09:15:00+05:30,6988.0,6988.0,6904.0,6960.0,36357,0
2026-03-25 09:20:00+05:30,6957.5,7000.0,6957.5,6992.0,20992,0
2026-03-25 09:25:00+05:30,6989.5,7010.0,6972.5,7001.5,16926,0
2026-03-25 09:30:00+05:30,7001.5,7006.5,6983.0,6998.0,10050,0
2026-03-25 09:35:00+05:30,6995.0,7010.0,6987.0,6994.5,8949,0
2026-03-25 09:40:00+05:30,6993.0,7031.5,6993.0,7024.0,11216,0
2026-03-25 09:45:00+05:30,7024.0,7044.0,7021.0,7034.5,16990,0
2026-03-25 09:50:00+05:30,7033.5,7055.0,7025.5,7050.5,16820,0
2026-03-25 09:55:00+05:30,7050.5,7058.5,7032.0,7041.5,17919,0
2026-03-25 10:00:00+05:30,7040.0,7046.5,7024.5,7032.0,14107,0
2026-03-25 10:05:00+05:30,7032.0,7040.0,7026.0,7032.0,9173,0
2026-03-25 10:10:00+05:30,7031.0,7050.0,7029.0,7050.0,11419,0
2026-03-25 10:15:00+05:30,7049.5,7058.0,7038.5,7040.0,9049,0
2026-03-25 10:20:00+05:30,7038.5,7044.0,7031.0,7043.5,7335,0
2026-03-25 10:25:00+05:30,7043.5,7049.0,7040.5,7049.0,6523,0
2026-03-25 10:30:00+05:30,7048.5,7050.0,7040.0,7044.5,6439,0
2026-03-25 10:35:00+05:30,7044.0,7051.0,7036.5,7046.0,8588,0
2026-03-25 10:40:00+05:30,7043.0,7064.5,7043.0,7064.5,8246,0
2026-03-25 10:45:00+05:30,7064.0,7064.5,7054.5,7057.5,3938,0
2026-03-25 10:50:00+05:30,7057.5,7064.0,7050.0,7055.5,4781,0
2026-03-25 10:55:00+05:30,7054.0,7060.0,7052.0,7059.5,3409,0
2026-03-25 11:00:00+05:30,7057.0,7073.0,7056.0,7062.5,11835,0
2026-03-25 11:05:00+05:30,7060.5,7066.0,7056.0,7065.0,3811,0
2026-03-25 11:10:00+05:30,7062.0,7066.5,7056.0,7060.5,3763,0
2026-03-25 11:15:00+05:30,7059.5,7069.5,7056.0,7062.5,10898,0
2026-03-25 11:20:00+05:30,7061.0,7062.5,7028.0,7035.0,4739,0
2026-03-25 11:25:00+05:30,7032.0,7038.5,7021.5,7031.0,3623,0
2026-03-25 11:30:00+05:30,7028.0,7031.0,7014.5,7021.0,6846,0
2026-03-25 11:35:00+05:30,7021.0,7028.0,7012.5,7018.5,2465,0
2026-03-25 11:40:00+05:30,7018.0,7027.5,7015.0,7023.5,2488,0
2026-03-25 11:45:00+05:30,7021.5,7030.5,7019.0,7026.0,2301,0
2026-03-25 11:50:00+05:30,7026.5,7036.5,7025.0,7033.0,2317,0
2026-03-25 11:55:00+05:30,7031.0,7040.0,7030.5,7039.0,1823,0
2026-03-25 12:00:00+05:30,7038.0,7040.0,7034.0,7040.0,1458,0
2026-03-25 12:05:00+05:30,7039.0,7041.0,7035.0,7035.5,1716,0
2026-03-25 12:10:00+05:30,7035.0,7042.0,7033.0,7042.0,2016,0
2026-03-25 12:15:00+05:30,7041.5,7042.0,7024.0,7030.5,2227,0
2026-03-25 12:20:00+05:30,7030.0,7035.5,7025.5,7028.0,1498,0
2026-03-25 12:25:00+05:30,7030.0,7030.5,7016.5,7022.5,2691,0
2026-03-25 12:30:00+05:30,7022.0,7039.0,7015.0,7032.0,2611,0
2026-03-25 12:35:00+05:30,7032.0,7035.5,7027.5,7031.5,1692,0
2026-03-25 12:40:00+05:30,7031.5,7040.5,7030.0,7040.0,2786,0
2026-03-25 12:45:00+05:30,7039.5,7040.5,7030.0,7034.0,1933,0
2026-03-25 12:50:00+05:30,7032.0,7034.0,7030.0,7031.0,4208,0
2026-03-25 12:55:00+05:30,7030.5,7031.5,7011.0,7019.5,7749,0
2026-03-25 13:00:00+05:30,7019.0,7029.5,7019.0,7028.5,2513,0
2026-03-25 13:05:00+05:30,7027.5,7034.0,7021.5,7025.0,3750,0
2026-03-25 13:10:00+05:30,7024.5,7028.0,7022.5,7023.5,1561,0
2026-03-25 13:15:00+05:30,7023.0,7028.0,7020.5,7023.5,1756,0
2026-03-25 13:20:00+05:30,7023.0,7035.0,7016.5,7035.0,3345,0
2026-03-25 13:25:00+05:30,7034.0,7040.0,7033.0,7036.5,1927,0
2026-03-25 13:30:00+05:30,7035.5,7038.0,7023.5,7033.5,1915,0
2026-03-25 13:35:00+05:30,7033.0,7040.0,7028.5,7039.5,2350,0
2026-03-25 13:40:00+05:30,7038.5,7050.0,7035.5,7045.5,3472,0
2026-03-25 13:45:00+05:30,7044.0,7047.0,7040.0,7045.0,1605,0
2026-03-25 13:50:00+05:30,7044.5,7050.0,7032.0,7037.5,3955,0
2026-03-25 13:55:00+05:30,7036.5,7046.5,7036.5,7045.5,2109,0
2026-03-25 14:00:00+05:30,7045.5,7065.0,7045.0,7055.5,3453,0
2026-03-25 14:05:00+05:30,7054.5,7055.5,7034.0,7034.5,3024,0
2026-03-25 14:10:00+05:30,7034.0,7037.0,7028.0,7033.5,2782,0
2026-03-25 14:15:00+05:30,7033.0,7038.0,7021.5,7023.5,2976,0
2026-03-25 14:20:00+05:30,7022.5,7023.5,7008.0,7009.5,5286,0
2026-03-25 14:25:00+05:30,7008.5,7016.5,7002.5,7016.5,5471,0
2026-03-25 14:30:00+05:30,7011.5,7019.0,7007.5,7016.0,5286,0
2026-03-25 14:35:00+05:30,7012.5,7017.0,7005.0,7012.0,4332,0
2026-03-25 14:40:00+05:30,7010.0,7017.0,7007.5,7013.0,1797,0
2026-03-25 14:45:00+05:30,7012.5,7015.0,7001.0,7005.5,5245,0
2026-03-25 14:50:00+05:30,7004.0,7006.5,6993.5,6998.5,5995,0
2026-03-25 14:55:00+05:30,6998.5,7013.5,6997.0,7006.0,4282,0
2026-03-25 15:00:00+05:30,7005.5,7013.0,6988.0,7004.5,13594,0
2026-03-25 15:05:00+05:30,7003.5,7007.0,6997.0,6998.0,8537,0
2026-03-25 15:10:00+05:30,6998.0,7000.0,6990.5,6991.5,12146,0
2026-03-25 15:15:00+05:30,6991.0,6995.5,6981.0,6982.5,14798,0
2026-03-25 15:20:00+05:30,6982.0,6987.0,6980.0,6987.0,12483,0
2026-03-25 15:25:00+05:30,6987.0,6995.0,6975.0,6995.0,9829,0
2026-03-27 09:15:00+05:30,6915.0,6916.5,6870.5,6892.0,19760,0
2026-03-27 09:20:00+05:30,6892.0,6898.5,6878.0,6878.0,10081,0
2026-03-27 09:25:00+05:30,6878.0,6901.0,6874.0,6892.0,6136,0
2026-03-27 09:30:00+05:30,6892.0,6892.0,6872.5,6874.5,6508,0
2026-03-27 09:35:00+05:30,6874.5,6874.5,6853.0,6865.0,6673,0
2026-03-27 09:40:00+05:30,6865.0,6875.0,6853.0,6870.0,4074,0
2026-03-27 09:45:00+05:30,6872.0,6872.0,6857.5,6857.5,2098,0
2026-03-27 09:50:00+05:30,6857.5,6873.0,6853.0,6860.5,8988,0
2026-03-27 09:55:00+05:30,6860.5,6862.5,6834.0,6844.5,16856,0
2026-03-27 10:00:00+05:30,6844.5,6854.5,6837.5,6841.5,4929,0
2026-03-27 10:05:00+05:30,6841.5,6850.0,6832.0,6847.0,13798,0
2026-03-27 10:10:00+05:30,6847.0,6847.5,6826.0,6828.0,2756,0
2026-03-27 10:15:00+05:30,6828.0,6829.0,6805.0,6806.5,5188,0
2026-03-27 10:20:00+05:30,6806.5,6819.0,6793.5,6817.0,11326,0
2026-03-27 10:25:00+05:30,6817.0,6826.0,6812.0,6825.5,3340,0
2026-03-27 10:30:00+05:30,6825.5,6826.0,6786.0,6791.0,7480,0
2026-03-27 10:35:00+05:30,6791.0,6792.0,6770.0,6776.5,9036,0
2026-03-27 10:40:00+05:30,6776.0,6780.5,6760.0,6773.0,6213,0
2026-03-27 10:45:00+05:30,6773.0,6796.0,6770.5,6782.5,2942,0
2026-03-27 10:50:00+05:30,6782.5,6783.0,6760.0,6761.0,3784,0
2026-03-27 10:55:00+05:30,6761.0,6768.5,6760.0,6764.0,5069,0
2026-03-27 11:00:00+05:30,6764.0,6776.0,6754.0,6766.0,7951,0
2026-03-27 11:05:00+05:30,6764.0,6767.0,6742.0,6758.0,6477,0
2026-03-27 11:10:00+05:30,6758.5,6791.5,6755.5,6783.5,18741,0
2026-03-27 11:15:00+05:30,6786.0,6789.5,6779.0,6780.5,2901,0
2026-03-27 11:20:00+05:30,6781.0,6783.5,6775.0,6775.5,3042,0
2026-03-27 11:25:00+05:30,6775.5,6789.5,6775.0,6785.0,2645,0
2026-03-27 11:30:00+05:30,6786.5,6790.0,6775.5,6775.5,2077,0
2026-03-27 11:35:00+05:30,6777.0,6783.5,6770.0,6776.0,3137,0
2026-03-27 11:40:00+05:30,6776.0,6795.5,6776.0,6793.0,2433,0
2026-03-27 11:45:00+05:30,6793.0,6798.0,6785.5,6785.5,2734,0
2026-03-27 11:50:00+05:30,6786.0,6797.5,6783.5,6790.5,2664,0
2026-03-27 11:55:00+05:30,6791.5,6793.0,6782.0,6783.5,3592,0
2026-03-27 12:00:00+05:30,6785.5,6786.0,6772.5,6775.5,3032,0
2026-03-27 12:05:00+05:30,6778.0,6781.5,6774.0,6775.0,2494,0
2026-03-27 12:10:00+05:30,6776.5,6777.0,6765.0,6768.0,8082,0
2026-03-27 12:15:00+05:30,6769.0,6772.0,6760.0,6765.5,9232,0
2026-03-27 12:20:00+05:30,6765.5,6774.5,6762.5,6772.0,3095,0
2026-03-27 12:25:00+05:30,6772.0,6791.5,6770.5,6788.5,2848,0
2026-03-27 12:30:00+05:30,6788.5,6803.0,6780.5,6800.0,5207,0
2026-03-27 12:35:00+05:30,6800.0,6802.5,6795.0,6798.5,3142,0
2026-03-27 12:40:00+05:30,6798.5,6810.0,6795.0,6810.0,2869,0
2026-03-27 12:45:00+05:30,6810.0,6814.0,6803.0,6808.5,3079,0
2026-03-27 12:50:00+05:30,6809.5,6832.0,6808.5,6831.5,5914,0
2026-03-27 12:55:00+05:30,6831.5,6832.0,6822.5,6824.5,3829,0
2026-03-27 13:00:00+05:30,6825.0,6827.0,6817.0,6818.5,3828,0
2026-03-27 13:05:00+05:30,6820.0,6826.0,6817.5,6821.0,5586,0
2026-03-27 13:10:00+05:30,6821.0,6832.0,6820.5,6830.5,5043,0
2026-03-27 13:15:00+05:30,6830.5,6848.0,6829.0,6837.5,5179,0
2026-03-27 13:20:00+05:30,6838.0,6838.5,6826.5,6831.0,3520,0
2026-03-27 13:25:00+05:30,6832.0,6842.5,6831.5,6832.5,4035,0
2026-03-27 13:30:00+05:30,6834.5,6834.5,6824.0,6828.0,3515,0
2026-03-27 13:35:00+05:30,6828.5,6831.0,6823.0,6825.5,3080,0
2026-03-27 13:40:00+05:30,6825.5,6840.0,6825.0,6838.5,3874,0
2026-03-27 13:45:00+05:30,6837.5,6851.0,6836.0,6838.5,12881,0
2026-03-27 13:50:00+05:30,6838.5,6844.0,6832.0,6840.5,3850,0
2026-03-27 13:55:00+05:30,6842.5,6852.5,6840.0,6852.5,5122,0
2026-03-27 14:00:00+05:30,6850.0,6854.5,6844.5,6854.5,3928,0
2026-03-27 14:05:00+05:30,6854.5,6855.0,6841.5,6844.0,6688,0
2026-03-27 14:10:00+05:30,6844.5,6849.0,6836.5,6845.5,6309,0
2026-03-27 14:15:00+05:30,6845.5,6855.0,6844.5,6847.5,5038,0
2026-03-27 14:20:00+05:30,6850.0,6853.5,6845.5,6850.0,3712,0
2026-03-27 14:25:00+05:30,6851.5,6854.0,6845.0,6850.0,4299,0
2026-03-27 14:30:00+05:30,6852.5,6853.0,6835.0,6839.5,5816,0
2026-03-27 14:35:00+05:30,6839.5,6840.5,6816.5,6824.0,12580,0
2026-03-27 14:40:00+05:30,6827.0,6839.5,6824.0,6830.5,7148,0
2026-03-27 14:45:00+05:30,6831.5,6836.0,6820.5,6834.5,9753,0
2026-03-27 14:50:00+05:30,6834.5,6839.0,6823.5,6825.5,8870,0
2026-03-27 14:55:00+05:30,6825.5,6830.0,6815.5,6824.5,11416,0
2026-03-27 15:00:00+05:30,6824.5,6826.5,6812.0,6824.0,20824,0
2026-03-27 15:05:00+05:30,6824.5,6832.0,6811.0,6817.5,21487,0
2026-03-27 15:10:00+05:30,6817.5,6819.0,6804.0,6813.5,20372,0
2026-03-27 15:15:00+05:30,6813.5,6817.5,6805.5,6809.0,19031,0
2026-03-27 15:20:00+05:30,6809.0,6812.5,6798.5,6800.0,20419,0
2026-03-27 15:25:00+05:30,6802.5,6809.0,6782.0,6799.0,17916,0
2026-03-30 09:15:00+05:30,6730.5,6750.0,6666.5,6750.0,45865,0
2026-03-30 09:20:00+05:30,6746.0,6763.5,6742.0,6748.0,14456,0
2026-03-30 09:25:00+05:30,6745.5,6763.0,6732.0,6736.0,11302,0
2026-03-30 09:30:00+05:30,6736.5,6784.0,6731.0,6778.0,8093,0
2026-03-30 09:35:00+05:30,6778.0,6782.5,6760.0,6760.0,5343,0
2026-03-30 09:40:00+05:30,6760.0,6765.5,6751.0,6756.0,4698,0
2026-03-30 09:45:00+05:30,6755.0,6775.5,6755.0,6756.0,5360,0
2026-03-30 09:50:00+05:30,6755.0,6763.5,6745.0,6747.5,4198,0
2026-03-30 09:55:00+05:30,6745.5,6749.5,6740.0,6749.5,4285,0
2026-03-30 10:00:00+05:30,6748.5,6767.0,6747.5,6755.5,3934,0
2026-03-30 10:05:00+05:30,6753.5,6757.0,6733.5,6737.0,4267,0
2026-03-30 10:10:00+05:30,6737.0,6749.0,6730.0,6747.5,6734,0
2026-03-30 10:15:00+05:30,6747.5,6749.5,6730.5,6733.5,2565,0
2026-03-30 10:20:00+05:30,6733.0,6745.5,6724.0,6728.0,5012,0
2026-03-30 10:25:00+05:30,6726.5,6727.0,6710.5,6711.5,4532,0
2026-03-30 10:30:00+05:30,6710.5,6715.5,6707.5,6715.5,4796,0
2026-03-30 10:35:00+05:30,6714.5,6720.0,6706.0,6718.0,5495,0
2026-03-30 10:40:00+05:30,6717.5,6720.0,6705.0,6705.0,3858,0
2026-03-30 10:45:00+05:30,6705.0,6715.5,6704.5,6714.5,5113,0
2026-03-30 10:50:00+05:30,6713.0,6715.0,6703.5,6708.0,3472,0
2026-03-30 10:55:00+05:30,6708.0,6725.0,6701.5,6701.5,8020,0
2026-03-30 11:00:00+05:30,6701.5,6705.0,6693.5,6696.5,9390,0
2026-03-30 11:05:00+05:30,6696.0,6700.0,6688.5,6688.5,7503,0
2026-03-30 11:10:00+05:30,6688.5,6691.0,6679.5,6681.5,5018,0
2026-03-30 11:15:00+05:30,6681.0,6685.0,6678.0,6680.5,3896,0
2026-03-30 11:20:00+05:30,6680.0,6685.0,6668.5,6668.5,5641,0
2026-03-30 11:25:00+05:30,6668.5,6673.0,6654.0,6660.5,4726,0
2026-03-30 11:30:00+05:30,6660.5,6672.0,6658.5,6666.5,5973,0
2026-03-30 11:35:00+05:30,6666.5,6691.0,6666.0,6668.0,8254,0
2026-03-30 11:40:00+05:30,6667.0,6668.0,6655.5,6657.0,3519,0
2026-03-30 11:45:00+05:30,6656.5,6656.5,6639.0,6647.5,10189,0
2026-03-30 11:50:00+05:30,6646.5,6658.5,6643.0,6656.0,5735,0
2026-03-30 11:55:00+05:30,6655.0,6662.0,6650.0,6660.5,7261,0
2026-03-30 12:00:00+05:30,6660.0,6688.0,6657.0,6675.5,7970,0
2026-03-30 12:05:00+05:30,6675.0,6693.0,6668.0,6671.5,8554,0
2026-03-30 12:10:00+05:30,6671.5,6678.5,6668.0,6672.5,6208,0
2026-03-30 12:15:00+05:30,6672.0,6677.5,6667.0,6671.5,4190,0
2026-03-30 12:20:00+05:30,6671.5,6677.0,6650.5,6651.0,6921,0
2026-03-30 12:25:00+05:30,6651.0,6655.5,6645.0,6655.5,8518,0
2026-03-30 12:30:00+05:30,6653.0,6654.5,6647.5,6650.5,3790,0
2026-03-30 12:35:00+05:30,6649.0,6667.5,6649.0,6664.0,6903,0
2026-03-30 12:40:00+05:30,6661.5,6667.5,6655.5,6655.5,3467,0
2026-03-30 12:45:00+05:30,6655.5,6658.0,6651.0,6651.5,3897,0
2026-03-30 12:50:00+05:30,6651.0,6652.5,6645.0,6650.0,2626,0
2026-03-30 12:55:00+05:30,6649.0,6653.5,6642.0,6653.5,5486,0
2026-03-30 13:00:00+05:30,6653.0,6655.0,6647.0,6650.5,3055,0
2026-03-30 13:05:00+05:30,6650.0,6656.5,6646.5,6650.0,4131,0
2026-03-30 13:10:00+05:30,6649.5,6656.0,6647.0,6650.0,4330,0
2026-03-30 13:15:00+05:30,6649.5,6656.5,6647.0,6648.5,5205,0
2026-03-30 13:20:00+05:30,6648.0,6651.0,6644.5,6650.0,3513,0
2026-03-30 13:25:00+05:30,6648.0,6650.0,6630.5,6640.0,5833,0
2026-03-30 13:30:00+05:30,6639.0,6651.5,6636.0,6651.0,3565,0
2026-03-30 13:35:00+05:30,6650.5,6661.5,6643.5,6652.0,4281,0
2026-03-30 13:40:00+05:30,6651.5,6653.0,6633.5,6634.0,4045,0
2026-03-30 13:45:00+05:30,6634.5,6637.5,6615.0,6616.5,8948,0
2026-03-30 13:50:00+05:30,6615.0,6621.5,6605.5,6605.5,9864,0
2026-03-30 13:55:00+05:30,6606.5,6613.0,6605.0,6608.0,4299,0
2026-03-30 14:00:00+05:30,6607.0,6627.0,6606.0,6616.5,11685,0
2026-03-30 14:05:00+05:30,6615.0,6625.5,6611.0,6613.5,5518,0
2026-03-30 14:10:00+05:30,6613.0,6613.5,6600.5,6601.0,6274,0
2026-03-30 14:15:00+05:30,6601.5,6611.5,6601.5,6611.0,9867,0
2026-03-30 14:20:00+05:30,6609.0,6624.0,6602.0,6613.0,18707,0
2026-03-30 14:25:00+05:30,6611.5,6619.5,6610.0,6611.0,13668,0
2026-03-30 14:30:00+05:30,6611.0,6617.0,6594.5,6596.0,20460,0
2026-03-30 14:35:00+05:30,6595.5,6606.0,6588.0,6598.0,18516,0
2026-03-30 14:40:00+05:30,6596.5,6608.0,6592.0,6595.5,14598,0
2026-03-30 14:45:00+05:30,6593.0,6601.5,6590.5,6600.5,14473,0
2026-03-30 14:50:00+05:30,6601.0,6605.5,6592.5,6599.5,21807,0
2026-03-30 14:55:00+05:30,6599.0,6600.0,6588.0,6597.0,17757,0
2026-03-30 15:00:00+05:30,6596.5,6596.5,6571.5,6581.0,103803,0
2026-03-30 15:05:00+05:30,6581.0,6587.5,6577.5,6581.5,73390,0
2026-03-30 15:10:00+05:30,6581.0,6598.5,6581.0,6591.0,72508,0
2026-03-30 15:15:00+05:30,6591.0,6599.0,6578.5,6591.5,88891,0
2026-03-30 15:20:00+05:30,6591.5,6593.5,6578.5,6589.5,73672,0
2026-03-30 15:25:00+05:30,6589.5,6604.5,6572.0,6602.0,61445,0
2026-04-01 09:15:00+05:30,6787.5,6849.5,6750.0,6819.0,56573,0
2026-04-01 09:20:00+05:30,6817.5,6849.5,6787.5,6795.0,28129,0
2026-04-01 09:25:00+05:30,6796.0,6825.0,6792.5,6825.0,8047,0
2026-04-01 09:30:00+05:30,6824.0,6835.5,6782.0,6801.0,14428,0
2026-04-01 09:35:00+05:30,6799.5,6803.0,6781.0,6783.5,6850,0
2026-04-01 09:40:00+05:30,6786.5,6805.0,6781.0,6799.5,8528,0
2026-04-01 09:45:00+05:30,6799.5,6825.0,6795.0,6820.5,5126,0
2026-04-01 09:50:00+05:30,6822.0,6840.0,6818.5,6830.0,7927,0
2026-04-01 09:55:00+05:30,6830.0,6833.0,6813.5,6821.5,7030,0
2026-04-01 10:00:00+05:30,6821.5,6840.0,6815.0,6835.0,5815,0
2026-04-01 10:05:00+05:30,6835.0,6844.5,6821.5,6827.5,15232,0
2026-04-01 10:10:00+05:30,6828.5,6829.0,6801.5,6805.5,10059,0
2026-04-01 10:15:00+05:30,6805.5,6828.5,6805.5,6822.5,3884,0
2026-04-01 10:20:00+05:30,6822.0,6830.0,6814.5,6820.0,5211,0
2026-04-01 10:25:00+05:30,6820.0,6820.0,6779.5,6788.0,14210,0
2026-04-01 10:30:00+05:30,6788.0,6800.0,6775.0,6792.5,3720,0
2026-04-01 10:35:00+05:30,6792.5,6817.5,6792.5,6817.5,3977,0
2026-04-01 10:40:00+05:30,6815.5,6827.5,6803.5,6819.0,4895,0
2026-04-01 10:45:00+05:30,6819.0,6819.0,6800.0,6800.0,3085,0
2026-04-01 10:50:00+05:30,6800.0,6801.0,6783.0,6783.5,2612,0
2026-04-01 10:55:00+05:30,6783.5,6793.0,6778.0,6786.5,3013,0
2026-04-01 11:00:00+05:30,6788.0,6789.5,6772.0,6772.0,4064,0
2026-04-01 11:05:00+05:30,6772.5,6782.5,6767.5,6776.5,3585,0
2026-04-01 11:10:00+05:30,6776.5,6785.0,6772.5,6774.0,2603,0
2026-04-01 11:15:00+05:30,6774.5,6804.0,6768.0,6801.0,4420,0
2026-04-01 11:20:00+05:30,6802.5,6820.0,6794.0,6809.5,8452,0
2026-04-01 11:25:00+05:30,6807.5,6814.0,6788.0,6790.0,11041,0
2026-04-01 11:30:00+05:30,6790.0,6804.0,6790.0,6798.5,2840,0
2026-04-01 11:35:00+05:30,6798.0,6808.5,6796.0,6808.0,2803,0
2026-04-01 11:40:00+05:30,6807.0,6815.0,6802.0,6809.5,3377,0
2026-04-01 11:45:00+05:30,6808.0,6809.0,6780.5,6798.5,12505,0
2026-04-01 11:50:00+05:30,6796.5,6801.5,6791.0,6794.0,3270,0
2026-04-01 11:55:00+05:30,6794.0,6807.5,6792.0,6805.0,2908,0
2026-04-01 12:00:00+05:30,6802.5,6827.5,6802.5,6827.5,5244,0
2026-04-01 12:05:00+05:30,6827.0,6831.5,6815.0,6830.0,6587,0
2026-04-01 12:10:00+05:30,6829.5,6834.0,6819.5,6834.0,6885,0
2026-04-01 12:15:00+05:30,6834.0,6857.5,6831.0,6835.5,8787,0
2026-04-01 12:20:00+05:30,6835.5,6837.5,6830.0,6834.5,3297,0
2026-04-01 12:25:00+05:30,6834.5,6851.5,6825.0,6851.5,5695,0
2026-04-01 12:30:00+05:30,6851.0,6860.5,6846.0,6853.0,7503,0
2026-04-01 12:35:00+05:30,6852.5,6864.5,6848.5,6862.5,4558,0
2026-04-01 12:40:00+05:30,6860.5,6870.0,6856.0,6866.5,9951,0
2026-04-01 12:45:00+05:30,6867.5,6891.5,6865.5,6885.5,6331,0
2026-04-01 12:50:00+05:30,6885.5,6887.5,6876.5,6886.0,3214,0
2026-04-01 12:55:00+05:30,6885.0,6885.5,6876.5,6876.5,3702,0
2026-04-01 13:00:00+05:30,6876.5,6876.5,6862.5,6863.0,3126,0
2026-04-01 13:05:00+05:30,6864.0,6872.5,6860.5,6870.0,7943,0
2026-04-01 13:10:00+05:30,6870.0,6881.5,6868.5,6881.5,3562,0
2026-04-01 13:15:00+05:30,6882.0,6884.0,6867.5,6868.0,4877,0
2026-04-01 13:20:00+05:30,6867.5,6873.5,6860.0,6871.5,8635,0
2026-04-01 13:25:00+05:30,6871.5,6874.5,6867.0,6873.5,4483,0
2026-04-01 13:30:00+05:30,6874.5,6878.5,6865.0,6870.0,33680,0
2026-04-01 13:35:00+05:30,6869.5,6876.0,6854.5,6874.5,12532,0
2026-04-01 13:40:00+05:30,6874.0,6874.5,6840.5,6845.0,18229,0
2026-04-01 13:45:00+05:30,6845.0,6852.5,6834.0,6843.5,11000,0
2026-04-01 13:50:00+05:30,6843.0,6857.5,6840.0,6853.0,5142,0
2026-04-01 13:55:00+05:30,6852.5,6858.5,6836.0,6846.5,7988,0
2026-04-01 14:00:00+05:30,6846.5,6858.0,6836.5,6854.5,7007,0
2026-04-01 14:05:00+05:30,6855.0,6878.0,6851.5,6865.5,17171,0
2026-04-01 14:10:00+05:30,6864.5,6866.5,6853.0,6864.0,5040,0
2026-04-01 14:15:00+05:30,6864.0,6865.5,6843.0,6853.0,7608,0
2026-04-01 14:20:00+05:30,6853.0,6859.0,6841.5,6854.0,7314,0
2026-04-01 14:25:00+05:30,6857.0,6859.5,6852.0,6858.5,3565,0
2026-04-01 14:30:00+05:30,6859.0,6861.0,6841.5,6847.0,16444,0
2026-04-01 14:35:00+05:30,6848.0,6858.5,6847.0,6854.0,6594,0
2026-04-01 14:40:00+05:30,6852.5,6864.0,6850.0,6860.0,10073,0
2026-04-01 14:45:00+05:30,6859.0,6859.5,6828.0,6831.0,17000,0
2026-04-01 14:50:00+05:30,6831.0,6836.0,6816.0,6818.0,15175,0
2026-04-01 14:55:00+05:30,6818.0,6840.0,6810.0,6812.0,14760,0
2026-04-01 15:00:00+05:30,6812.0,6829.5,6811.0,6821.0,31322,0
2026-04-01 15:05:00+05:30,6821.0,6827.0,6816.5,6820.0,22705,0
2026-04-01 15:10:00+05:30,6821.5,6830.0,6819.0,6825.0,22239,0
2026-04-01 15:15:00+05:30,6826.0,6841.5,6825.0,6830.5,22348,0
2026-04-01 15:20:00+05:30,6830.5,6840.5,6823.5,6828.0,22767,0
2026-04-01 15:25:00+05:30,6828.0,6835.0,6802.0,6820.0,14614,0
2026-04-02 09:15:00+05:30,6766.0,6766.0,6638.0,6648.5,22244,0
2026-04-02 09:20:00+05:30,6650.5,6660.0,6621.0,6626.5,14502,0
2026-04-02 09:25:00+05:30,6630.0,6659.0,6626.0,6657.5,8022,0
2026-04-02 09:30:00+05:30,6659.0,6676.0,6657.5,6673.0,8916,0
2026-04-02 09:35:00+05:30,6672.5,6680.0,6664.5,6670.5,6548,0
2026-04-02 09:40:00+05:30,6670.5,6682.5,6664.0,6667.0,6328,0
2026-04-02 09:45:00+05:30,6666.5,6666.5,6636.0,6638.0,7114,0
2026-04-02 09:50:00+05:30,6640.0,6650.0,6614.5,6624.5,7099,0
2026-04-02 09:55:00+05:30,6625.0,6646.5,6620.0,6623.5,13201,0
2026-04-02 10:00:00+05:30,6623.5,6633.5,6617.5,6625.0,7915,0
2026-04-02 10:05:00+05:30,6625.0,6625.0,6605.0,6609.5,7880,0
2026-04-02 10:10:00+05:30,6609.5,6634.0,6606.0,6631.0,4100,0
2026-04-02 10:15:00+05:30,6631.0,6631.0,6617.5,6620.5,2718,0
2026-04-02 10:20:00+05:30,6620.5,6624.0,6601.0,6605.0,5927,0
2026-04-02 10:25:00+05:30,6605.0,6612.5,6600.5,6604.0,4689,0
2026-04-02 10:30:00+05:30,6604.0,6610.0,6600.0,6607.0,3364,0
2026-04-02 10:35:00+05:30,6608.0,6615.0,6603.5,6612.5,3350,0
2026-04-02 10:40:00+05:30,6612.5,6628.0,6612.5,6620.0,8438,0
2026-04-02 10:45:00+05:30,6620.0,6621.0,6600.0,6614.5,4678,0
2026-04-02 10:50:00+05:30,6614.5,6627.0,6610.0,6619.5,2666,0
2026-04-02 10:55:00+05:30,6619.5,6620.0,6613.0,6617.0,1509,0
2026-04-02 11:00:00+05:30,6617.0,6619.0,6593.0,6596.5,7095,0
2026-04-02 11:05:00+05:30,6596.0,6608.5,6596.0,6607.0,3959,0
2026-04-02 11:10:00+05:30,6606.5,6610.5,6598.0,6609.0,3557,0
2026-04-02 11:15:00+05:30,6609.5,6612.0,6603.0,6609.5,1739,0
2026-04-02 11:20:00+05:30,6609.5,6612.0,6597.0,6607.5,20290,0
2026-04-02 11:25:00+05:30,6605.5,6609.0,6599.0,6603.0,3429,0
2026-04-02 11:30:00+05:30,6603.0,6606.0,6600.0,6605.0,2329,0
2026-04-02 11:35:00+05:30,6605.0,6607.5,6600.0,6607.0,2493,0
2026-04-02 11:40:00+05:30,6606.0,6607.0,6596.0,6600.5,3661,0
2026-04-02 11:45:00+05:30,6600.5,6613.5,6597.5,6611.5,2578,0
2026-04-02 11:50:00+05:30,6611.5,6615.0,6610.5,6615.0,1836,0
2026-04-02 11:55:00+05:30,6615.0,6636.0,6610.0,6630.0,6685,0
2026-04-02 12:00:00+05:30,6627.0,6632.0,6616.5,6619.5,2591,0
2026-04-02 12:05:00+05:30,6618.0,6619.0,6607.0,6618.0,1815,0
2026-04-02 12:10:00+05:30,6616.5,6624.0,6605.0,6608.5,4726,0
2026-04-02 12:15:00+05:30,6609.0,6617.5,6607.0,6609.0,2282,0
2026-04-02 12:20:00+05:30,6609.0,6610.5,6585.0,6596.5,11946,0
2026-04-02 12:25:00+05:30,6596.5,6625.5,6591.0,6616.5,24201,0
2026-04-02 12:30:00+05:30,6617.5,6626.0,6615.5,6619.5,14847,0
2026-04-02 12:35:00+05:30,6620.0,6635.0,6617.0,6625.5,8965,0
2026-04-02 12:40:00+05:30,6625.5,6632.0,6618.5,6631.0,2569,0
2026-04-02 12:45:00+05:30,6632.0,6634.0,6620.0,6625.5,3369,0
2026-04-02 12:50:00+05:30,6625.5,6629.0,6615.0,6616.5,3156,0
2026-04-02 12:55:00+05:30,6616.5,6639.0,6616.5,6638.5,5426,0
2026-04-02 13:00:00+05:30,6639.0,6651.0,6633.0,6635.0,10209,0
2026-04-02 13:05:00+05:30,6635.0,6637.0,6624.0,6636.0,3305,0
2026-04-02 13:10:00+05:30,6635.5,6635.5,6623.5,6632.0,2695,0
2026-04-02 13:15:00+05:30,6631.5,6637.0,6629.0,6635.0,5458,0
2026-04-02 13:20:00+05:30,6636.0,6650.5,6633.0,6649.5,6243,0
2026-04-02 13:25:00+05:30,6649.5,6665.0,6643.5,6664.5,5949,0
2026-04-02 13:30:00+05:30,6665.0,6675.0,6652.5,6660.0,11890,0
2026-04-02 13:35:00+05:30,6660.0,6669.0,6652.0,6666.0,4935,0
2026-04-02 13:40:00+05:30,6666.5,6667.5,6654.5,6660.0,8475,0
2026-04-02 13:45:00+05:30,6660.0,6669.0,6655.0,6659.5,8540,0
2026-04-02 13:50:00+05:30,6659.5,6668.0,6653.0,6655.0,6986,0
2026-04-02 13:55:00+05:30,6655.0,6665.0,6647.5,6661.0,13561,0
2026-04-02 14:00:00+05:30,6661.0,6668.0,6651.5,6661.5,5139,0
2026-04-02 14:05:00+05:30,6661.0,6661.0,6643.0,6655.5,10598,0
2026-04-02 14:10:00+05:30,6655.5,6685.0,6655.5,6680.0,19957,0
2026-04-02 14:15:00+05:30,6681.0,6684.0,6664.5,6674.5,6426,0
2026-04-02 14:20:00+05:30,6671.5,6685.0,6666.0,6683.5,5848,0
2026-04-02 14:25:00+05:30,6683.5,6685.0,6665.0,6675.0,7629,0
2026-04-02 14:30:00+05:30,6675.5,6682.0,6672.0,6680.0,4868,0
2026-04-02 14:35:00+05:30,6680.0,6683.0,6662.5,6669.0,6364,0
2026-04-02 14:40:00+05:30,6671.0,6671.5,6629.0,6633.0,9394,0
2026-04-02 14:45:00+05:30,6633.0,6652.0,6627.5,6643.5,4178,0
2026-04-02 14:50:00+05:30,6643.5,6648.5,6637.0,6642.0,5489,0
2026-04-02 14:55:00+05:30,6642.0,6647.5,6637.5,6645.0,8320,0
2026-04-02 15:00:00+05:30,6643.5,6657.0,6637.0,6639.0,22970,0
2026-04-02 15:05:00+05:30,6639.0,6654.0,6631.0,6654.0,24869,0
2026-04-02 15:10:00+05:30,6654.0,6659.0,6644.0,6647.5,25635,0
2026-04-02 15:15:00+05:30,6647.5,6664.5,6647.5,6651.5,37333,0
2026-04-02 15:20:00+05:30,6652.5,6655.0,6640.0,6650.0,31897,0
2026-04-02 15:25:00+05:30,6650.0,6664.0,6646.5,6660.0,38414,0
2026-04-06 09:15:00+05:30,6699.0,6710.5,6576.0,6599.5,38448,0
2026-04-06 09:20:00+05:30,6600.0,6613.5,6581.5,6588.5,16689,0
2026-04-06 09:25:00+05:30,6591.5,6614.0,6587.5,6610.5,13434,0
2026-04-06 09:30:00+05:30,6608.0,6654.0,6599.5,6650.0,24115,0
2026-04-06 09:35:00+05:30,6650.5,6695.0,6650.0,6675.5,20346,0
2026-04-06 09:40:00+05:30,6676.5,6682.5,6637.0,6664.0,21553,0
2026-04-06 09:45:00+05:30,6667.5,6679.0,6659.5,6672.0,18510,0
2026-04-06 09:50:00+05:30,6671.5,6671.5,6646.5,6648.0,7816,0
2026-04-06 09:55:00+05:30,6649.0,6653.5,6638.0,6640.5,4727,0
2026-04-06 10:00:00+05:30,6640.5,6649.5,6637.0,6642.0,4094,0
2026-04-06 10:05:00+05:30,6641.0,6659.0,6638.0,6648.0,7932,0
2026-04-06 10:10:00+05:30,6648.0,6671.5,6641.5,6655.0,10846,0
2026-04-06 10:15:00+05:30,6655.5,6661.5,6601.0,6609.5,14880,0
2026-04-06 10:20:00+05:30,6609.5,6622.5,6606.5,6607.0,6844,0
2026-04-06 10:25:00+05:30,6607.0,6618.0,6595.0,6614.0,9705,0
2026-04-06 10:30:00+05:30,6613.5,6625.0,6600.5,6623.0,7348,0
2026-04-06 10:35:00+05:30,6624.5,6641.5,6620.0,6620.0,7150,0
2026-04-06 10:40:00+05:30,6620.0,6620.0,6600.0,6604.5,4604,0
2026-04-06 10:45:00+05:30,6606.5,6616.0,6600.0,6608.0,3579,0
2026-04-06 10:50:00+05:30,6609.0,6620.5,6602.0,6605.5,5927,0
2026-04-06 10:55:00+05:30,6606.5,6616.5,6603.0,6609.0,3883,0
2026-04-06 11:00:00+05:30,6609.0,6610.5,6595.0,6597.0,4480,0
2026-04-06 11:05:00+05:30,6596.0,6606.5,6595.5,6600.5,2132,0
2026-04-06 11:10:00+05:30,6600.5,6600.5,6582.0,6599.0,8233,0
2026-04-06 11:15:00+05:30,6599.5,6601.0,6590.0,6601.0,2582,0
2026-04-06 11:20:00+05:30,6600.0,6601.0,6588.0,6592.0,4192,0
2026-04-06 11:25:00+05:30,6592.0,6601.0,6590.0,6598.5,1896,0
2026-04-06 11:30:00+05:30,6598.5,6599.5,6590.0,6595.5,2726,0
2026-04-06 11:35:00+05:30,6595.5,6600.0,6591.0,6594.5,4406,0
2026-04-06 11:40:00+05:30,6594.0,6606.5,6592.0,6603.5,4485,0
2026-04-06 11:45:00+05:30,6605.5,6607.5,6598.0,6600.0,4716,0
2026-04-06 11:50:00+05:30,6603.0,6610.0,6594.0,6598.0,5596,0
2026-04-06 11:55:00+05:30,6598.0,6604.0,6589.0,6592.0,7048,0
2026-04-06 12:00:00+05:30,6591.0,6600.0,6585.0,6586.5,12404,0
2026-04-06 12:05:00+05:30,6585.0,6594.5,6581.0,6590.0,3505,0
2026-04-06 12:10:00+05:30,6590.0,6591.5,6575.0,6575.0,5499,0
2026-04-06 12:15:00+05:30,6575.0,6580.5,6572.5,6574.0,4501,0
2026-04-06 12:20:00+05:30,6574.0,6599.0,6573.0,6585.5,6109,0
2026-04-06 12:25:00+05:30,6583.0,6595.0,6583.0,6591.0,4996,0
2026-04-06 12:30:00+05:30,6591.0,6600.0,6579.0,6583.5,6325,0
2026-04-06 12:35:00+05:30,6583.5,6587.0,6580.5,6585.5,4468,0
2026-04-06 12:40:00+05:30,6586.0,6606.5,6580.0,6600.0,11342,0
2026-04-06 12:45:00+05:30,6599.5,6615.0,6597.0,6610.5,29218,0
2026-04-06 12:50:00+05:30,6610.5,6615.0,6601.5,6604.0,15693,0
2026-04-06 12:55:00+05:30,6604.0,6620.0,6603.5,6617.5,20922,0
2026-04-06 13:00:00+05:30,6619.5,6623.5,6596.0,6598.0,15733,0
2026-04-06 13:05:00+05:30,6598.0,6609.0,6596.0,6598.0,21301,0
2026-04-06 13:10:00+05:30,6598.5,6616.5,6598.5,6610.0,13956,0
2026-04-06 13:15:00+05:30,6610.5,6619.5,6603.5,6612.5,11798,0
2026-04-06 13:20:00+05:30,6610.5,6622.0,6606.5,6619.0,17038,0
2026-04-06 13:25:00+05:30,6619.0,6624.0,6598.5,6612.0,23880,0
2026-04-06 13:30:00+05:30,6612.0,6629.0,6612.0,6617.0,17334,0
2026-04-06 13:35:00+05:30,6617.0,6621.0,6602.5,6603.0,15752,0
2026-04-06 13:40:00+05:30,6604.0,6614.0,6584.5,6603.0,21682,0
2026-04-06 13:45:00+05:30,6605.5,6611.0,6597.0,6597.0,5115,0
2026-04-06 13:50:00+05:30,6598.5,6608.0,6598.0,6606.0,6698,0
2026-04-06 13:55:00+05:30,6608.0,6610.0,6600.0,6605.0,5032,0
2026-04-06 14:00:00+05:30,6604.5,6616.5,6603.0,6614.0,20832,0
2026-04-06 14:05:00+05:30,6613.0,6617.0,6597.5,6600.0,23816,0
2026-04-06 14:10:00+05:30,6597.5,6612.0,6595.0,6607.0,22154,0
2026-04-06 14:15:00+05:30,6608.0,6620.0,6602.5,6608.0,25286,0
2026-04-06 14:20:00+05:30,6608.0,6611.0,6603.0,6603.0,8729,0
2026-04-06 14:25:00+05:30,6603.0,6605.0,6595.0,6601.5,7853,0
2026-04-06 14:30:00+05:30,6603.5,6610.5,6602.0,6605.0,10237,0
2026-04-06 14:35:00+05:30,6607.5,6612.0,6602.0,6604.0,19177,0
2026-04-06 14:40:00+05:30,6607.0,6609.5,6597.5,6599.0,8424,0
2026-04-06 14:45:00+05:30,6599.5,6609.0,6598.0,6602.0,21293,0
2026-04-06 14:50:00+05:30,6602.0,6606.0,6597.0,6598.0,15956,0
2026-04-06 14:55:00+05:30,6599.0,6600.5,6590.0,6595.0,6119,0
2026-04-06 15:00:00+05:30,6596.5,6604.0,6590.5,6600.0,8170,0
2026-04-06 15:05:00+05:30,6600.0,6601.5,6585.0,6591.0,22327,0
2026-04-06 15:10:00+05:30,6590.0,6608.0,6586.0,6608.0,72935,0
2026-04-06 15:15:00+05:30,6608.0,6610.0,6599.5,6603.5,20935,0
2026-04-06 15:20:00+05:30,6604.0,6608.0,6593.0,6597.0,36656,0
2026-04-06 15:25:00+05:30,6597.0,6600.0,6590.0,6592.0,14737,0
2026-04-07 09:15:00+05:30,6550.0,6564.5,6446.0,6451.5,49567,0
2026-04-07 09:20:00+05:30,6452.5,6489.0,6442.0,6483.5,19765,0
2026-04-07 09:25:00+05:30,6481.0,6499.0,6480.5,6497.5,11612,0
2026-04-07 09:30:00+05:30,6498.0,6506.0,6483.0,6490.5,10862,0
2026-04-07 09:35:00+05:30,6490.5,6495.0,6480.0,6488.0,14019,0
2026-04-07 09:40:00+05:30,6489.5,6492.0,6462.0,6465.0,12501,0
2026-04-07 09:45:00+05:30,6465.0,6484.0,6457.0,6462.0,12095,0
2026-04-07 09:50:00+05:30,6461.0,6470.0,6451.0,6455.5,9022,0
2026-04-07 09:55:00+05:30,6457.5,6476.0,6455.5,6473.0,12358,0
2026-04-07 10:00:00+05:30,6472.5,6486.5,6467.0,6477.5,14394,0
2026-04-07 10:05:00+05:30,6477.5,6484.0,6470.0,6476.5,7949,0
2026-04-07 10:10:00+05:30,6474.0,6482.0,6467.0,6481.5,6465,0
2026-04-07 10:15:00+05:30,6482.0,6522.0,6481.0,6515.5,18913,0
2026-04-07 10:20:00+05:30,6516.0,6525.0,6497.5,6507.0,14560,0
2026-04-07 10:25:00+05:30,6507.0,6522.0,6507.0,6513.5,13172,0
2026-04-07 10:30:00+05:30,6514.0,6522.0,6507.0,6508.0,9502,0
2026-04-07 10:35:00+05:30,6508.0,6519.0,6496.0,6516.5,10093,0
2026-04-07 10:40:00+05:30,6518.5,6541.5,6517.0,6533.5,21045,0
2026-04-07 10:45:00+05:30,6534.5,6543.0,6525.0,6530.0,15058,0
2026-04-07 10:50:00+05:30,6529.5,6532.5,6501.0,6506.0,17003,0
2026-04-07 10:55:00+05:30,6506.5,6512.5,6486.0,6493.0,19003,0
2026-04-07 11:00:00+05:30,6493.0,6496.5,6471.0,6483.0,19925,0
2026-04-07 11:05:00+05:30,6483.0,6490.5,6471.5,6488.0,9438,0
2026-04-07 11:10:00+05:30,6487.5,6490.5,6471.5,6472.5,11755,0
2026-04-07 11:15:00+05:30,6472.5,6496.0,6470.5,6493.5,6771,0
2026-04-07 11:20:00+05:30,6493.5,6517.0,6493.0,6508.0,12669,0
2026-04-07 11:25:00+05:30,6511.0,6525.0,6506.0,6512.5,15635,0
2026-04-07 11:30:00+05:30,6514.0,6520.0,6510.5,6515.5,10109,0
2026-04-07 11:35:00+05:30,6515.5,6522.0,6502.5,6516.5,12387,0
2026-04-07 11:40:00+05:30,6516.5,6517.0,6500.5,6508.5,9930,0
2026-04-07 11:45:00+05:30,6508.0,6514.5,6506.0,6506.5,7552,0
2026-04-07 11:50:00+05:30,6506.5,6527.0,6506.5,6516.5,11051,0
2026-04-07 11:55:00+05:30,6516.5,6533.0,6513.0,6525.5,16215,0
2026-04-07 12:00:00+05:30,6528.0,6533.0,6516.0,6524.0,17432,0
2026-04-07 12:05:00+05:30,6524.5,6530.0,6516.5,6521.0,11008,0
2026-04-07 12:10:00+05:30,6522.0,6522.5,6500.0,6517.0,13428,0
2026-04-07 12:15:00+05:30,6517.0,6518.5,6509.0,6513.0,7910,0
2026-04-07 12:20:00+05:30,6513.0,6517.0,6504.0,6511.0,7646,0
2026-04-07 12:25:00+05:30,6511.0,6514.5,6505.0,6510.5,8558,0
2026-04-07 12:30:00+05:30,6511.0,6518.5,6507.0,6512.5,9897,0
2026-04-07 12:35:00+05:30,6515.5,6519.0,6506.5,6515.5,14031,0
2026-04-07 12:40:00+05:30,6518.5,6521.5,6503.0,6508.0,16725,0
2026-04-07 12:45:00+05:30,6508.0,6516.0,6506.0,6507.0,5654,0
2026-04-07 12:50:00+05:30,6507.5,6510.0,6490.0,6495.0,16774,0
2026-04-07 12:55:00+05:30,6495.5,6498.5,6483.5,6487.0,10844,0
2026-04-07 13:00:00+05:30,6487.0,6503.5,6486.0,6501.5,9333,0
2026-04-07 13:05:00+05:30,6502.5,6505.0,6495.0,6502.5,5773,0
2026-04-07 13:10:00+05:30,6503.0,6516.5,6500.5,6514.5,7390,0
2026-04-07 13:15:00+05:30,6516.0,6523.5,6513.5,6517.5,8445,0
2026-04-07 13:20:00+05:30,6518.0,6519.0,6508.5,6511.0,8097,0
2026-04-07 13:25:00+05:30,6511.5,6520.0,6505.5,6518.5,5258,0
2026-04-07 13:30:00+05:30,6519.5,6546.0,6518.5,6537.5,19234,0
2026-04-07 13:35:00+05:30,6537.5,6555.5,6537.5,6554.5,15751,0
2026-04-07 13:40:00+05:30,6554.5,6579.0,6554.5,6570.0,18854,0
2026-04-07 13:45:00+05:30,6569.5,6571.0,6553.0,6560.0,8443,0
2026-04-07 13:50:00+05:30,6558.5,6559.5,6541.5,6548.5,7084,0
2026-04-07 13:55:00+05:30,6549.0,6554.5,6530.0,6540.0,8225,0
2026-04-07 14:00:00+05:30,6541.0,6551.5,6539.0,6551.0,9092,0
2026-04-07 14:05:00+05:30,6550.5,6560.0,6550.0,6553.0,8390,0
2026-04-07 14:10:00+05:30,6554.0,6556.5,6540.5,6547.5,6941,0
2026-04-07 14:15:00+05:30,6548.0,6560.5,6546.0,6553.0,8330,0
2026-04-07 14:20:00+05:30,6553.0,6575.0,6550.5,6559.0,9916,0
2026-04-07 14:25:00+05:30,6559.0,6579.0,6559.0,6575.0,10865,0
2026-04-07 14:30:00+05:30,6575.5,6591.0,6575.0,6584.5,10638,0
2026-04-07 14:35:00+05:30,6584.5,6584.5,6565.0,6571.0,10373,0
2026-04-07 14:40:00+05:30,6574.0,6584.0,6572.5,6580.0,7122,0
2026-04-07 14:45:00+05:30,6579.0,6588.5,6579.0,6588.5,8223,0
2026-04-07 14:50:00+05:30,6585.0,6596.0,6584.5,6591.5,12861,0
2026-04-07 14:55:00+05:30,6592.0,6598.5,6577.5,6588.5,40259,0
2026-04-07 15:00:00+05:30,6589.0,6595.5,6575.0,6591.0,54444,0
2026-04-07 15:05:00+05:30,6591.0,6595.0,6585.5,6591.0,52841,0
2026-04-07 15:10:00+05:30,6591.5,6609.0,6591.5,6598.5,43223,0
2026-04-07 15:15:00+05:30,6598.5,6612.0,6596.0,6612.0,47385,0
2026-04-07 15:20:00+05:30,6611.0,6640.0,6609.0,6637.5,52544,0
2026-04-07 15:25:00+05:30,6638.0,6660.5,6626.0,6648.0,32864,0
2026-04-08 09:15:00+05:30,6899.5,6971.5,6851.5,6926.0,65537,0
2026-04-08 09:20:00+05:30,6926.0,6950.0,6905.5,6914.0,29857,0
2026-04-08 09:25:00+05:30,6915.0,6955.0,6913.0,6931.5,22573,0
2026-04-08 09:30:00+05:30,6931.5,6952.5,6925.0,6936.0,14533,0
2026-04-08 09:35:00+05:30,6936.0,6959.0,6929.5,6958.5,17829,0
2026-04-08 09:40:00+05:30,6956.5,6981.0,6953.5,6970.0,22658,0
2026-04-08 09:45:00+05:30,6970.0,7014.0,6968.0,7008.5,22894,0
2026-04-08 09:50:00+05:30,7008.5,7011.5,6982.0,6984.0,14919,0
2026-04-08 09:55:00+05:30,6982.0,6993.0,6969.0,6980.5,17398,0
2026-04-08 10:00:00+05:30,6982.0,7010.5,6980.0,6992.5,31450,0
2026-04-08 10:05:00+05:30,6992.5,7005.5,6988.0,6991.5,7253,0
2026-04-08 10:10:00+05:30,6991.5,7021.0,6987.0,6997.5,15979,0
2026-04-08 10:15:00+05:30,6999.0,7019.0,6992.0,7008.5,13129,0
2026-04-08 10:20:00+05:30,7007.5,7029.0,6992.0,7016.0,14741,0
2026-04-08 10:25:00+05:30,7016.5,7029.5,7011.0,7022.5,7168,0
2026-04-08 10:30:00+05:30,7024.5,7028.5,7012.0,7021.5,7414,0
2026-04-08 10:35:00+05:30,7021.5,7022.0,7003.5,7019.0,6833,0
2026-04-08 10:40:00+05:30,7018.5,7039.5,7016.0,7033.5,10762,0
2026-04-08 10:45:00+05:30,7031.5,7039.0,7019.0,7026.5,6576,0
2026-04-08 10:50:00+05:30,7027.0,7032.0,7022.0,7029.5,5458,0
2026-04-08 10:55:00+05:30,7030.0,7045.5,7029.5,7038.0,16408,0
2026-04-08 11:00:00+05:30,7038.0,7052.5,7038.0,7050.5,13347,0
2026-04-08 11:05:00+05:30,7052.0,7065.5,7044.5,7058.5,15289,0
2026-04-08 11:10:00+05:30,7058.5,7061.5,7042.5,7050.0,8751,0
2026-04-08 11:15:00+05:30,7050.0,7063.0,7050.0,7054.0,4483,0
2026-04-08 11:20:00+05:30,7054.5,7064.0,7053.5,7058.5,4371,0
2026-04-08 11:25:00+05:30,7059.0,7059.0,7040.0,7044.5,8654,0
2026-04-08 11:30:00+05:30,7045.5,7069.0,7044.0,7063.5,6378,0
2026-04-08 11:35:00+05:30,7063.0,7069.0,7051.0,7059.5,6110,0
2026-04-08 11:40:00+05:30,7061.5,7083.0,7060.0,7070.0,13149,0
2026-04-08 11:45:00+05:30,7070.0,7075.0,7058.5,7063.5,9569,0
2026-04-08 11:50:00+05:30,7066.0,7072.0,7044.0,7067.5,12191,0
2026-04-08 11:55:00+05:30,7069.5,7074.5,7059.0,7060.5,9545,0
2026-04-08 12:00:00+05:30,7060.5,7074.0,7060.0,7067.5,6551,0
2026-04-08 12:05:00+05:30,7068.5,7085.0,7068.0,7076.5,13554,0
2026-04-08 12:10:00+05:30,7078.5,7089.0,7070.0,7071.0,23844,0
2026-04-08 12:15:00+05:30,7071.0,7085.0,7070.0,7080.0,6941,0
2026-04-08 12:20:00+05:30,7080.0,7083.0,7075.5,7079.5,4763,0
2026-04-08 12:25:00+05:30,7082.0,7095.0,7076.0,7086.5,8602,0
2026-04-08 12:30:00+05:30,7086.0,7096.0,7084.0,7085.0,16396,0
2026-04-08 12:35:00+05:30,7086.0,7100.0,7083.0,7097.0,19045,0
2026-04-08 12:40:00+05:30,7096.5,7117.0,7090.0,7113.5,8545,0
2026-04-08 12:45:00+05:30,7111.5,7129.0,7105.0,7121.0,10555,0
2026-04-08 12:50:00+05:30,7121.0,7125.0,7111.5,7112.0,6159,0
2026-04-08 12:55:00+05:30,7112.5,7128.0,7112.0,7125.0,10409,0
2026-04-08 13:00:00+05:30,7127.0,7130.0,7112.0,7114.0,9468,0
2026-04-08 13:05:00+05:30,7114.0,7114.0,7100.0,7107.5,10117,0
2026-04-08 13:10:00+05:30,7109.0,7109.5,7090.0,7094.5,13937,0
2026-04-08 13:15:00+05:30,7096.0,7109.5,7093.5,7105.5,4005,0
2026-04-08 13:20:00+05:30,7107.0,7122.0,7102.0,7122.0,4779,0
2026-04-08 13:25:00+05:30,7122.0,7123.0,7110.0,7116.0,5517,0
2026-04-08 13:30:00+05:30,7119.0,7125.0,7112.0,7123.0,6463,0
2026-04-08 13:35:00+05:30,7123.0,7151.0,7123.0,7141.0,24224,0
2026-04-08 13:40:00+05:30,7143.5,7153.5,7138.5,7140.0,9193,0
2026-04-08 13:45:00+05:30,7140.0,7145.0,7105.0,7107.0,10430,0
2026-04-08 13:50:00+05:30,7107.0,7117.0,7103.0,7107.0,7621,0
2026-04-08 13:55:00+05:30,7107.0,7111.0,7102.5,7103.5,5678,0
2026-04-08 14:00:00+05:30,7103.5,7110.0,7101.5,7107.5,4128,0
2026-04-08 14:05:00+05:30,7110.0,7121.5,7103.0,7115.5,4611,0
2026-04-08 14:10:00+05:30,7116.0,7119.5,7103.5,7110.0,4541,0
2026-04-08 14:15:00+05:30,7109.5,7118.0,7107.0,7115.5,3263,0
2026-04-08 14:20:00+05:30,7115.0,7119.0,7113.5,7118.0,3332,0
2026-04-08 14:25:00+05:30,7119.0,7120.0,7110.0,7114.0,3321,0
2026-04-08 14:30:00+05:30,7115.5,7125.0,7113.0,7123.0,5508,0
2026-04-08 14:35:00+05:30,7124.5,7125.0,7110.0,7110.0,5184,0
2026-04-08 14:40:00+05:30,7110.0,7120.0,7110.0,7116.5,3362,0
2026-04-08 14:45:00+05:30,7118.0,7119.0,7100.0,7100.5,9570,0
2026-04-08 14:50:00+05:30,7102.0,7105.5,7083.0,7103.0,21436,0
2026-04-08 14:55:00+05:30,7103.5,7109.0,7100.5,7100.5,6144,0
2026-04-08 15:00:00+05:30,7101.0,7117.5,7085.0,7116.0,23289,0
2026-04-08 15:05:00+05:30,7115.0,7133.0,7115.0,7123.0,11265,0
2026-04-08 15:10:00+05:30,7123.5,7127.5,7116.0,7126.0,12044,0
2026-04-08 15:15:00+05:30,7127.0,7150.0,7124.0,7136.0,26891,0
2026-04-08 15:20:00+05:30,7135.5,7163.0,7135.0,7146.5,19676,0
2026-04-08 15:25:00+05:30,7147.5,7170.0,7146.5,7170.0,19693,0
2026-04-09 09:15:00+05:30,7147.0,7149.5,7037.0,7149.5,33965,0
2026-04-09 09:20:00+05:30,7149.5,7173.0,7130.0,7168.5,37013,0
2026-04-09 09:25:00+05:30,7168.0,7180.5,7145.0,7162.0,18869,0
2026-04-09 09:30:00+05:30,7162.0,7162.0,7110.0,7114.0,19113,0
2026-04-09 09:35:00+05:30,7111.0,7124.0,7101.0,7110.0,8063,0
2026-04-09 09:40:00+05:30,7111.0,7118.0,7086.0,7089.0,7226,0
2026-04-09 09:45:00+05:30,7089.5,7103.0,7067.5,7072.0,7821,0
2026-04-09 09:50:00+05:30,7067.5,7073.0,7052.0,7066.0,10558,0
2026-04-09 09:55:00+05:30,7063.5,7069.0,7051.0,7060.0,11533,0
2026-04-09 10:00:00+05:30,7057.0,7076.0,7050.0,7068.0,10382,0
2026-04-09 10:05:00+05:30,7068.0,7076.5,7053.0,7064.0,7876,0
2026-04-09 10:10:00+05:30,7064.5,7068.5,7056.0,7060.0,3066,0
2026-04-09 10:15:00+05:30,7062.0,7087.0,7050.5,7087.0,6940,0
2026-04-09 10:20:00+05:30,7087.0,7089.0,7073.5,7079.0,2432,0
2026-04-09 10:25:00+05:30,7079.0,7081.0,7060.0,7076.0,5119,0
2026-04-09 10:30:00+05:30,7076.0,7086.5,7072.5,7076.0,3754,0
2026-04-09 10:35:00+05:30,7076.0,7079.0,7063.0,7064.5,4017,0
2026-04-09 10:40:00+05:30,7063.5,7069.0,7060.0,7060.0,2861,0
2026-04-09 10:45:00+05:30,7060.5,7068.5,7060.0,7065.0,1497,0
2026-04-09 10:50:00+05:30,7065.0,7068.0,7041.0,7047.0,7398,0
2026-04-09 10:55:00+05:30,7049.0,7058.5,7044.0,7047.0,3379,0
2026-04-09 11:00:00+05:30,7047.0,7065.0,7047.0,7056.5,4240,0
2026-04-09 11:05:00+05:30,7056.0,7072.0,7052.0,7063.5,3839,0
2026-04-09 11:10:00+05:30,7064.0,7069.5,7060.5,7068.0,1805,0
2026-04-09 11:15:00+05:30,7067.5,7068.0,7051.0,7055.5,3873,0
2026-04-09 11:20:00+05:30,7056.0,7062.5,7051.5,7054.0,1687,0
2026-04-09 11:25:00+05:30,7052.0,7068.0,7052.0,7066.0,2510,0
2026-04-09 11:30:00+05:30,7067.0,7083.0,7060.5,7072.5,8113,0
2026-04-09 11:35:00+05:30,7071.5,7083.5,7070.0,7073.0,3310,0
2026-04-09 11:40:00+05:30,7074.5,7090.0,7069.0,7084.5,1807,0
2026-04-09 11:45:00+05:30,7084.5,7121.0,7081.5,7119.0,16162,0
2026-04-09 11:50:00+05:30,7119.0,7142.5,7106.0,7131.0,7950,0
2026-04-09 11:55:00+05:30,7130.0,7144.5,7128.0,7142.0,6557,0
2026-04-09 12:00:00+05:30,7142.0,7145.0,7129.0,7144.5,5072,0
2026-04-09 12:05:00+05:30,7144.5,7145.0,7131.0,7140.0,3531,0
2026-04-09 12:10:00+05:30,7139.5,7155.0,7126.5,7143.0,28945,0
2026-04-09 12:15:00+05:30,7143.0,7155.0,7143.0,7150.5,10420,0
2026-04-09 12:20:00+05:30,7152.0,7158.0,7143.5,7145.5,11516,0
2026-04-09 12:25:00+05:30,7146.5,7153.0,7140.5,7147.0,8544,0
2026-04-09 12:30:00+05:30,7148.0,7156.0,7142.5,7147.0,10110,0
2026-04-09 12:35:00+05:30,7145.5,7149.0,7133.0,7140.0,3581,0
2026-04-09 12:40:00+05:30,7140.0,7146.5,7131.0,7135.0,7001,0
2026-04-09 12:45:00+05:30,7136.0,7136.5,7113.5,7116.0,5109,0
2026-04-09 12:50:00+05:30,7116.5,7132.0,7114.0,7128.5,4987,0
2026-04-09 12:55:00+05:30,7128.5,7140.0,7128.5,7135.5,3579,0
2026-04-09 13:00:00+05:30,7135.5,7143.5,7131.0,7141.5,3473,0
2026-04-09 13:05:00+05:30,7140.5,7140.5,7131.0,7133.0,3722,0
2026-04-09 13:10:00+05:30,7133.5,7138.0,7116.5,7131.0,6641,0
2026-04-09 13:15:00+05:30,7131.5,7132.5,7122.0,7128.5,3257,0
2026-04-09 13:20:00+05:30,7128.5,7133.0,7123.5,7133.0,7015,0
2026-04-09 13:25:00+05:30,7133.0,7139.5,7131.0,7133.5,6737,0
2026-04-09 13:30:00+05:30,7133.5,7147.0,7131.0,7143.0,10980,0
2026-04-09 13:35:00+05:30,7140.5,7152.0,7136.5,7143.0,7821,0
2026-04-09 13:40:00+05:30,7142.5,7147.0,7140.5,7146.5,2122,0
2026-04-09 13:45:00+05:30,7146.5,7147.0,7111.5,7115.5,11138,0
2026-04-09 13:50:00+05:30,7116.5,7128.0,7115.5,7128.0,4426,0
2026-04-09 13:55:00+05:30,7128.0,7133.5,7125.5,7127.5,3422,0
2026-04-09 14:00:00+05:30,7127.5,7144.0,7123.0,7140.0,4149,0
2026-04-09 14:05:00+05:30,7138.5,7140.0,7125.5,7130.0,4679,0
2026-04-09 14:10:00+05:30,7131.0,7132.5,7114.5,7117.0,8868,0
2026-04-09 14:15:00+05:30,7120.5,7131.5,7118.0,7125.5,5712,0
2026-04-09 14:20:00+05:30,7124.5,7128.5,7117.5,7121.0,5640,0
2026-04-09 14:25:00+05:30,7123.5,7134.5,7118.0,7130.5,7239,0
2026-04-09 14:30:00+05:30,7130.5,7131.0,7101.5,7110.0,10400,0
2026-04-09 14:35:00+05:30,7110.0,7112.0,7103.5,7107.5,7133,0
2026-04-09 14:40:00+05:30,7109.5,7127.0,7107.5,7124.0,5539,0
2026-04-09 14:45:00+05:30,7125.0,7127.5,7113.0,7125.0,6932,0
2026-04-09 14:50:00+05:30,7125.5,7137.0,7123.0,7135.0,4152,0
2026-04-09 14:55:00+05:30,7137.0,7139.0,7123.0,7126.5,4789,0
2026-04-09 15:00:00+05:30,7127.5,7158.0,7124.0,7143.5,23533,0
2026-04-09 15:05:00+05:30,7143.5,7158.0,7143.0,7158.0,16335,0
2026-04-09 15:10:00+05:30,7158.0,7163.5,7144.0,7144.5,23001,0
2026-04-09 15:15:00+05:30,7144.5,7147.0,7138.0,7138.0,17849,0
2026-04-09 15:20:00+05:30,7139.0,7149.0,7135.5,7149.0,22976,0
2026-04-09 15:25:00+05:30,7148.5,7159.5,7110.0,7119.5,21338,0
2026-04-10 09:15:00+05:30,7201.0,7309.5,7201.0,7285.0,41538,0
2026-04-10 09:20:00+05:30,7285.0,7310.0,7273.0,7277.0,18557,0
2026-04-10 09:25:00+05:30,7276.0,7279.0,7223.5,7260.0,17123,0
2026-04-10 09:30:00+05:30,7259.0,7279.5,7254.5,7270.5,15745,0
2026-04-10 09:35:00+05:30,7270.5,7288.5,7245.5,7284.0,9405,0
2026-04-10 09:40:00+05:30,7284.5,7300.0,7281.5,7297.0,14730,0
2026-04-10 09:45:00+05:30,7297.5,7345.0,7293.5,7335.0,24352,0
2026-04-10 09:50:00+05:30,7334.0,7337.5,7320.0,7320.0,10182,0
2026-04-10 09:55:00+05:30,7320.0,7354.5,7318.0,7350.0,17809,0
2026-04-10 10:00:00+05:30,7350.0,7358.0,7336.0,7337.0,19786,0
2026-04-10 10:05:00+05:30,7338.0,7340.0,7275.0,7320.0,30542,0
2026-04-10 10:10:00+05:30,7320.0,7339.0,7320.0,7322.0,6748,0
2026-04-10 10:15:00+05:30,7321.5,7329.0,7312.0,7320.0,5530,0
2026-04-10 10:20:00+05:30,7318.0,7332.0,7313.0,7328.0,4708,0
2026-04-10 10:25:00+05:30,7328.0,7335.0,7320.0,7323.0,3639,0
2026-04-10 10:30:00+05:30,7323.0,7333.0,7317.5,7328.5,6048,0
2026-04-10 10:35:00+05:30,7330.0,7332.0,7313.5,7324.5,2854,0
2026-04-10 10:40:00+05:30,7324.5,7331.5,7315.5,7315.5,3572,0
2026-04-10 10:45:00+05:30,7316.0,7325.0,7312.0,7318.0,3567,0
2026-04-10 10:50:00+05:30,7317.5,7317.5,7306.0,7312.5,4460,0
2026-04-10 10:55:00+05:30,7312.5,7320.0,7302.0,7318.0,6115,0
2026-04-10 11:00:00+05:30,7318.5,7321.5,7310.5,7317.0,3080,0
2026-04-10 11:05:00+05:30,7316.5,7330.0,7314.5,7320.5,5859,0
2026-04-10 11:10:00+05:30,7323.5,7328.0,7320.5,7321.5,1977,0
2026-04-10 11:15:00+05:30,7325.0,7326.0,7311.5,7315.0,2442,0
2026-04-10 11:20:00+05:30,7315.5,7324.0,7311.5,7316.0,3301,0
2026-04-10 11:25:00+05:30,7316.0,7320.5,7305.0,7308.5,2624,0
2026-04-10 11:30:00+05:30,7308.5,7320.0,7305.0,7317.0,2293,0
2026-04-10 11:35:00+05:30,7319.5,7337.5,7313.5,7328.5,8915,0
2026-04-10 11:40:00+05:30,7331.0,7350.0,7326.0,7348.5,11759,0
2026-04-10 11:45:00+05:30,7348.5,7356.5,7340.0,7346.0,15418,0
2026-04-10 11:50:00+05:30,7349.5,7362.0,7344.5,7355.0,9315,0
2026-04-10 11:55:00+05:30,7355.0,7370.0,7351.0,7367.5,9059,0
2026-04-10 12:00:00+05:30,7367.5,7384.0,7363.0,7376.0,19714,0
2026-04-10 12:05:00+05:30,7376.0,7387.0,7375.0,7380.0,10287,0
2026-04-10 12:10:00+05:30,7380.0,7380.0,7368.0,7372.5,7086,0
2026-04-10 12:15:00+05:30,7372.5,7378.0,7345.5,7350.0,13790,0
2026-04-10 12:20:00+05:30,7352.0,7392.5,7348.0,7391.0,17691,0
2026-04-10 12:25:00+05:30,7392.0,7393.5,7375.0,7386.5,4897,0
2026-04-10 12:30:00+05:30,7388.0,7420.0,7380.5,7415.5,14483,0
2026-04-10 12:35:00+05:30,7415.5,7424.5,7411.5,7414.0,7228,0
2026-04-10 12:40:00+05:30,7414.0,7416.0,7405.5,7409.5,4338,0
2026-04-10 12:45:00+05:30,7410.0,7414.0,7404.5,7413.0,4242,0
2026-04-10 12:50:00+05:30,7413.0,7420.0,7400.0,7415.0,9862,0
2026-04-10 12:55:00+05:30,7413.0,7422.0,7410.5,7420.0,5813,0
2026-04-10 13:00:00+05:30,7417.5,7429.0,7406.5,7424.5,10242,0
2026-04-10 13:05:00+05:30,7425.0,7427.0,7415.0,7421.5,6883,0
2026-04-10 13:10:00+05:30,7422.5,7425.0,7400.0,7406.5,11870,0
2026-04-10 13:15:00+05:30,7406.5,7422.5,7405.0,7413.0,5948,0
2026-04-10 13:20:00+05:30,7415.5,7419.5,7409.0,7409.0,4803,0
2026-04-10 13:25:00+05:30,7410.5,7418.0,7408.0,7414.5,4386,0
2026-04-10 13:30:00+05:30,7414.5,7415.0,7410.0,7412.5,2146,0
2026-04-10 13:35:00+05:30,7413.5,7413.5,7405.0,7409.0,7587,0
2026-04-10 13:40:00+05:30,7409.0,7420.0,7402.0,7417.5,5562,0
2026-04-10 13:45:00+05:30,7418.0,7421.5,7407.0,7414.0,8821,0
2026-04-10 13:50:00+05:30,7414.0,7417.0,7408.5,7417.0,5834,0
2026-04-10 13:55:00+05:30,7416.0,7416.0,7405.0,7410.0,2571,0
2026-04-10 14:00:00+05:30,7410.0,7413.5,7407.0,7413.5,1933,0
2026-04-10 14:05:00+05:30,7413.5,7421.0,7413.0,7416.5,2798,0
2026-04-10 14:10:00+05:30,7418.0,7421.5,7400.5,7404.5,4687,0
2026-04-10 14:15:00+05:30,7405.0,7412.0,7363.0,7410.0,19080,0
2026-04-10 14:20:00+05:30,7412.0,7417.0,7399.0,7402.5,8016,0
2026-04-10 14:25:00+05:30,7403.5,7404.5,7383.0,7390.0,9373,0
2026-04-10 14:30:00+05:30,7388.5,7400.0,7386.0,7399.5,5841,0
2026-04-10 14:35:00+05:30,7401.0,7407.0,7393.0,7405.0,4909,0
2026-04-10 14:40:00+05:30,7406.0,7406.0,7382.0,7394.0,7896,0
2026-04-10 14:45:00+05:30,7392.5,7409.0,7388.0,7402.5,5617,0
2026-04-10 14:50:00+05:30,7403.5,7409.0,7400.0,7402.0,4323,0
2026-04-10 14:55:00+05:30,7405.5,7413.0,7402.5,7411.0,4300,0
2026-04-10 15:00:00+05:30,7411.0,7420.5,7405.5,7415.5,11175,0
2026-04-10 15:05:00+05:30,7417.0,7425.0,7413.5,7423.5,7683,0
2026-04-10 15:10:00+05:30,7423.5,7435.0,7420.0,7433.0,18356,0
2026-04-10 15:15:00+05:30,7435.0,7435.5,7417.0,7428.5,23532,0
2026-04-10 15:20:00+05:30,7429.0,7432.0,7422.0,7427.5,17101,0
2026-04-10 15:25:00+05:30,7426.0,7427.5,7395.0,7415.5,9593,0
2026-04-13 09:15:00+05:30,7150.0,7270.5,7120.0,7169.0,67417,0
2026-04-13 09:20:00+05:30,7165.5,7187.0,7162.5,7180.0,20476,0
2026-04-13 09:25:00+05:30,7178.0,7195.0,7170.0,7175.0,18792,0
2026-04-13 09:30:00+05:30,7174.0,7182.5,7170.0,7181.0,7606,0
2026-04-13 09:35:00+05:30,7180.5,7181.0,7123.0,7127.5,24614,0
2026-04-13 09:40:00+05:30,7129.0,7154.5,7122.0,7152.5,13635,0
2026-04-13 09:45:00+05:30,7150.0,7175.0,7148.0,7162.5,21648,0
2026-04-13 09:50:00+05:30,7162.5,7178.5,7153.5,7158.0,16116,0
2026-04-13 09:55:00+05:30,7155.5,7170.0,7154.0,7168.5,8376,0
2026-04-13 10:00:00+05:30,7169.0,7170.0,7146.0,7155.5,12179,0
2026-04-13 10:05:00+05:30,7155.5,7160.5,7150.0,7150.5,6076,0
2026-04-13 10:10:00+05:30,7151.0,7160.0,7138.5,7140.0,9429,0
2026-04-13 10:15:00+05:30,7140.0,7142.5,7108.5,7121.0,21186,0
2026-04-13 10:20:00+05:30,7122.5,7139.0,7120.0,7134.0,17572,0
2026-04-13 10:25:00+05:30,7134.0,7140.0,7130.0,7136.0,5682,0
2026-04-13 10:30:00+05:30,7136.0,7145.0,7125.0,7143.0,11445,0
2026-04-13 10:35:00+05:30,7142.0,7144.0,7122.0,7133.0,12557,0
2026-04-13 10:40:00+05:30,7131.5,7134.0,7115.0,7124.0,16746,0
2026-04-13 10:45:00+05:30,7125.0,7146.5,7125.0,7138.0,9422,0
2026-04-13 10:50:00+05:30,7136.5,7149.0,7136.0,7145.0,7846,0
2026-04-13 10:55:00+05:30,7144.0,7149.0,7138.0,7145.5,7445,0
2026-04-13 11:00:00+05:30,7145.5,7145.5,7115.0,7122.0,12823,0
2026-04-13 11:05:00+05:30,7121.5,7125.0,7109.0,7119.0,22340,0
2026-04-13 11:10:00+05:30,7117.5,7119.5,7105.0,7115.0,12523,0
2026-04-13 11:15:00+05:30,7117.0,7125.0,7112.5,7115.0,8498,0
2026-04-13 11:20:00+05:30,7115.5,7120.0,7109.5,7111.0,8799,0
2026-04-13 11:25:00+05:30,7111.0,7118.0,7100.0,7103.0,15611,0
2026-04-13 11:30:00+05:30,7102.5,7108.5,7101.0,7106.0,7368,0
2026-04-13 11:35:00+05:30,7107.5,7124.5,7105.0,7119.0,9090,0
2026-04-13 11:40:00+05:30,7118.5,7127.0,7114.0,7120.0,7226,0
2026-04-13 11:45:00+05:30,7118.5,7118.5,7110.5,7114.0,149022,0
2026-04-13 11:50:00+05:30,7114.0,7120.0,7110.0,7120.0,32835,0
2026-04-13 11:55:00+05:30,7119.5,7125.0,7118.0,7119.5,7809,0
2026-04-13 12:00:00+05:30,7119.0,7124.0,7115.0,7115.5,6325,0
2026-04-13 12:05:00+05:30,7117.5,7125.0,7116.0,7124.0,4836,0
2026-04-13 12:10:00+05:30,7124.5,7130.0,7115.0,7124.5,15505,0
2026-04-13 12:15:00+05:30,7122.5,7125.0,7105.0,7111.5,13593,0
2026-04-13 12:20:00+05:30,7111.5,7113.0,7105.0,7112.5,6013,0
2026-04-13 12:25:00+05:30,7113.0,7124.0,7110.0,7122.5,5787,0
2026-04-13 12:30:00+05:30,7124.0,7125.0,7115.0,7116.0,4865,0
2026-04-13 12:35:00+05:30,7117.5,7124.0,7110.0,7120.5,5544,0
2026-04-13 12:40:00+05:30,7119.0,7121.5,7112.0,7120.0,8725,0
2026-04-13 12:45:00+05:30,7117.5,7120.5,7110.0,7113.0,8239,0
2026-04-13 12:50:00+05:30,7112.0,7115.0,7104.0,7107.0,6567,0
2026-04-13 12:55:00+05:30,7106.0,7111.5,7101.0,7110.0,6517,0
2026-04-13 13:00:00+05:30,7108.0,7110.0,7090.5,7097.5,13873,0
2026-04-13 13:05:00+05:30,7097.5,7109.0,7097.0,7106.0,4869,0
2026-04-13 13:10:00+05:30,7102.0,7106.0,7097.5,7105.5,5126,0
2026-04-13 13:15:00+05:30,7103.5,7106.0,7090.5,7098.5,7145,0
2026-04-13 13:20:00+05:30,7097.0,7100.0,7083.0,7093.5,12723,0
2026-04-13 13:25:00+05:30,7092.5,7094.0,7074.0,7076.5,12783,0
2026-04-13 13:30:00+05:30,7075.0,7080.0,7071.0,7075.0,11677,0
2026-04-13 13:35:00+05:30,7072.5,7074.0,7060.0,7063.0,15244,0
2026-04-13 13:40:00+05:30,7062.0,7064.5,7055.0,7056.0,14278,0
2026-04-13 13:45:00+05:30,7056.0,7064.5,7055.5,7064.5,8212,0
2026-04-13 13:50:00+05:30,7062.5,7073.0,7058.5,7068.5,7524,0
2026-04-13 13:55:00+05:30,7069.0,7078.5,7065.5,7070.0,94719,0
2026-04-13 14:00:00+05:30,7069.0,7073.5,7058.5,7063.0,12263,0
2026-04-13 14:05:00+05:30,7062.5,7071.5,7058.5,7063.0,7958,0
2026-04-13 14:10:00+05:30,7064.5,7066.5,7060.0,7064.0,3734,0
2026-04-13 14:15:00+05:30,7065.0,7067.0,7051.0,7065.0,14279,0
2026-04-13 14:20:00+05:30,7065.0,7074.5,7062.0,7071.5,8031,0
2026-04-13 14:25:00+05:30,7069.5,7077.0,7061.0,7067.0,33125,0
2026-04-13 14:30:00+05:30,7066.5,7070.0,7064.0,7067.5,4771,0
2026-04-13 14:35:00+05:30,7068.0,7070.0,7062.5,7065.0,9148,0
2026-04-13 14:40:00+05:30,7064.0,7068.0,7053.0,7062.5,14052,0
2026-04-13 14:45:00+05:30,7061.0,7066.0,7058.0,7063.0,7855,0
2026-04-13 14:50:00+05:30,7062.0,7065.5,7057.5,7061.5,9050,0
2026-04-13 14:55:00+05:30,7061.0,7065.0,7057.0,7061.0,8753,0
2026-04-13 15:00:00+05:30,7061.0,7065.0,7050.0,7059.0,35114,0
2026-04-13 15:05:00+05:30,7057.0,7061.0,7050.5,7052.0,15376,0
2026-04-13 15:10:00+05:30,7052.0,7058.0,7050.0,7054.0,22045,0
2026-04-13 15:15:00+05:30,7054.0,7057.0,7040.0,7042.0,38892,0
2026-04-13 15:20:00+05:30,7043.5,7046.5,7039.0,7042.5,29839,0
2026-04-13 15:25:00+05:30,7042.5,7061.0,7037.0,7050.0,41395,0
2026-04-15 09:15:00+05:30,7160.0,7199.5,7125.0,7142.0,94997,0
2026-04-15 09:20:00+05:30,7140.5,7147.0,7120.5,7126.0,18752,0
2026-04-15 09:25:00+05:30,7125.0,7132.5,7115.0,7122.5,13344,0
2026-04-15 09:30:00+05:30,7122.0,7122.5,7086.0,7089.0,22810,0
2026-04-15 09:35:00+05:30,7089.5,7097.0,7082.0,7089.0,13878,0
2026-04-15 09:40:00+05:30,7089.0,7123.0,7084.5,7114.5,10591,0
2026-04-15 09:45:00+05:30,7114.5,7121.0,7103.0,7108.5,7772,0
2026-04-15 09:50:00+05:30,7108.5,7127.0,7105.0,7122.5,8716,0
2026-04-15 09:55:00+05:30,7124.0,7125.5,7118.5,7122.0,5736,0
2026-04-15 10:00:00+05:30,7123.0,7127.0,7113.5,7120.5,6504,0
2026-04-15 10:05:00+05:30,7120.5,7125.0,7115.0,7120.0,5179,0
2026-04-15 10:10:00+05:30,7119.0,7133.0,7112.0,7129.5,11652,0
2026-04-15 10:15:00+05:30,7130.5,7137.5,7124.0,7125.5,9913,0
2026-04-15 10:20:00+05:30,7125.0,7132.0,7103.0,7113.0,67673,0
2026-04-15 10:25:00+05:30,7116.5,7136.0,7111.5,7135.0,17132,0
2026-04-15 10:30:00+05:30,7135.0,7140.0,7115.0,7123.0,17901,0
2026-04-15 10:35:00+05:30,7122.5,7133.5,7122.0,7124.5,7533,0
2026-04-15 10:40:00+05:30,7124.0,7132.5,7123.0,7125.0,3466,0
2026-04-15 10:45:00+05:30,7125.0,7133.0,7116.5,7130.0,6750,0
2026-04-15 10:50:00+05:30,7130.0,7130.0,7103.0,7110.0,14392,0
2026-04-15 10:55:00+05:30,7109.5,7119.0,7105.0,7115.0,4660,0
2026-04-15 11:00:00+05:30,7115.0,7115.0,7108.0,7112.0,3597,0
2026-04-15 11:05:00+05:30,7112.5,7113.0,7092.5,7097.5,10342,0
2026-04-15 11:10:00+05:30,7097.0,7103.5,7093.0,7098.0,5900,0
2026-04-15 11:15:00+05:30,7098.0,7102.5,7090.0,7091.0,5396,0
2026-04-15 11:20:00+05:30,7090.5,7097.0,7085.0,7094.5,13680,0
2026-04-15 11:25:00+05:30,7094.5,7098.5,7086.0,7090.0,14627,0
2026-04-15 11:30:00+05:30,7090.0,7090.5,7086.0,7089.0,7366,0
2026-04-15 11:35:00+05:30,7089.0,7093.0,7080.0,7080.0,8387,0
2026-04-15 11:40:00+05:30,7083.0,7096.5,7075.0,7092.5,9608,0
2026-04-15 11:45:00+05:30,7092.5,7094.0,7089.5,7093.0,4192,0
2026-04-15 11:50:00+05:30,7093.0,7097.0,7092.5,7095.5,3922,0
2026-04-15 11:55:00+05:30,7095.5,7097.0,7090.0,7090.5,5365,0
2026-04-15 12:00:00+05:30,7090.0,7093.5,7088.0,7093.5,2960,0
2026-04-15 12:05:00+05:30,7093.0,7097.0,7086.5,7089.5,4745,0
2026-04-15 12:10:00+05:30,7089.5,7097.0,7088.5,7094.0,3814,0
2026-04-15 12:15:00+05:30,7094.0,7104.5,7089.0,7100.0,9478,0
2026-04-15 12:20:00+05:30,7100.0,7108.5,7092.5,7101.0,5405,0
2026-04-15 12:25:00+05:30,7100.5,7100.5,7088.5,7090.5,2484,0
2026-04-15 12:30:00+05:30,7090.5,7098.0,7090.0,7095.5,7641,0
2026-04-15 12:35:00+05:30,7095.5,7105.0,7094.0,7099.5,9095,0
2026-04-15 12:40:00+05:30,7099.5,7113.5,7098.5,7113.0,14636,0
2026-04-15 12:45:00+05:30,7112.0,7115.5,7108.0,7115.0,5279,0
2026-04-15 12:50:00+05:30,7115.0,7117.5,7107.0,7109.5,4161,0
2026-04-15 12:55:00+05:30,7109.5,7115.5,7108.5,7112.0,3803,0
2026-04-15 13:00:00+05:30,7113.0,7113.0,7108.5,7110.5,7837,0
2026-04-15 13:05:00+05:30,7110.5,7111.5,7104.5,7105.5,5522,0
2026-04-15 13:10:00+05:30,7106.5,7107.0,7100.0,7103.5,3958,0
2026-04-15 13:15:00+05:30,7103.5,7108.0,7100.0,7104.0,87683,0
2026-04-15 13:20:00+05:30,7104.0,7104.5,7100.0,7103.0,6422,0
2026-04-15 13:25:00+05:30,7103.0,7108.0,7101.0,7108.0,3455,0
2026-04-15 13:30:00+05:30,7107.5,7127.0,7098.0,7123.0,66711,0
2026-04-15 13:35:00+05:30,7123.0,7130.0,7114.5,7127.0,9861,0
2026-04-15 13:40:00+05:30,7127.0,7144.0,7125.5,7138.0,10326,0
2026-04-15 13:45:00+05:30,7137.5,7140.0,7128.5,7132.5,6641,0
2026-04-15 13:50:00+05:30,7132.0,7137.5,7130.0,7133.5,4078,0
2026-04-15 13:55:00+05:30,7133.5,7149.5,7132.5,7148.0,14808,0
2026-04-15 14:00:00+05:30,7147.5,7148.0,7128.0,7128.5,9265,0
2026-04-15 14:05:00+05:30,7130.0,7131.0,7126.5,7127.0,2920,0
2026-04-15 14:10:00+05:30,7127.5,7131.5,7125.0,7127.5,2547,0
2026-04-15 14:15:00+05:30,7126.0,7127.5,7123.5,7125.5,5298,0
2026-04-15 14:20:00+05:30,7125.5,7128.0,7125.0,7127.0,3774,0
2026-04-15 14:25:00+05:30,7127.5,7128.0,7123.0,7125.0,3815,0
2026-04-15 14:30:00+05:30,7124.0,7128.5,7124.0,7124.5,3783,0
2026-04-15 14:35:00+05:30,7124.5,7125.0,7122.5,7124.5,6055,0
2026-04-15 14:40:00+05:30,7124.0,7130.0,7124.0,7125.0,5579,0
2026-04-15 14:45:00+05:30,7127.5,7130.0,7124.0,7129.0,4885,0
2026-04-15 14:50:00+05:30,7129.0,7129.0,7124.5,7125.0,4146,0
2026-04-15 14:55:00+05:30,7125.5,7130.0,7124.0,7129.5,5580,0
2026-04-15 15:00:00+05:30,7129.5,7133.0,7124.5,7126.0,9990,0
2026-04-15 15:05:00+05:30,7126.5,7131.0,7126.0,7131.0,11231,0
2026-04-15 15:10:00+05:30,7131.0,7133.0,7128.5,7129.0,13227,0
2026-04-15 15:15:00+05:30,7129.0,7129.5,7124.0,7127.5,16779,0
2026-04-15 15:20:00+05:30,7127.0,7132.0,7124.0,7131.0,23252,0
2026-04-15 15:25:00+05:30,7131.5,7132.0,7114.0,7118.0,18301,0
2026-04-16 09:15:00+05:30,7160.0,7198.5,7151.0,7178.0,43930,0
2026-04-16 09:20:00+05:30,7176.0,7180.0,7138.0,7140.5,13773,0
2026-04-16 09:25:00+05:30,7141.5,7144.5,7125.0,7126.0,12364,0
2026-04-16 09:30:00+05:30,7129.0,7138.5,7126.0,7138.5,6960,0
2026-04-16 09:35:00+05:30,7138.5,7146.5,7128.0,7141.0,9484,0
2026-04-16 09:40:00+05:30,7139.0,7145.0,7126.0,7126.0,3719,0
2026-04-16 09:45:00+05:30,7128.0,7128.0,7100.0,7102.0,14350,0
2026-04-16 09:50:00+05:30,7102.0,7106.0,7087.0,7096.0,14641,0
2026-04-16 09:55:00+05:30,7097.0,7098.0,7060.5,7061.0,14849,0
2026-04-16 10:00:00+05:30,7062.0,7070.5,7052.0,7063.0,16313,0
2026-04-16 10:05:00+05:30,7062.5,7079.5,7062.0,7071.5,8825,0
2026-04-16 10:10:00+05:30,7071.5,7074.5,7056.0,7058.5,13154,0
2026-04-16 10:15:00+05:30,7056.0,7063.5,7052.0,7060.0,7367,0
2026-04-16 10:20:00+05:30,7059.5,7068.0,7055.0,7065.0,4818,0
2026-04-16 10:25:00+05:30,7064.5,7074.0,7063.5,7074.0,4194,0
2026-04-16 10:30:00+05:30,7074.0,7082.0,7071.0,7079.5,5678,0
2026-04-16 10:35:00+05:30,7079.0,7083.0,7075.0,7079.0,2584,0
2026-04-16 10:40:00+05:30,7078.5,7085.0,7075.0,7084.0,2802,0
2026-04-16 10:45:00+05:30,7084.0,7089.0,7077.5,7080.5,3645,0
2026-04-16 10:50:00+05:30,7080.0,7085.5,7060.0,7068.5,9771,0
2026-04-16 10:55:00+05:30,7065.5,7072.5,7063.0,7065.5,3048,0
2026-04-16 11:00:00+05:30,7065.5,7065.5,7056.5,7063.5,3995,0
2026-04-16 11:05:00+05:30,7063.0,7070.0,7054.0,7070.0,7472,0
2026-04-16 11:10:00+05:30,7066.0,7078.5,7066.0,7077.5,5209,0
2026-04-16 11:15:00+05:30,7077.5,7082.0,7076.5,7079.0,2698,0
2026-04-16 11:20:00+05:30,7078.5,7082.5,7076.0,7079.5,2054,0
2026-04-16 11:25:00+05:30,7078.0,7080.5,7075.0,7078.0,3265,0
2026-04-16 11:30:00+05:30,7079.5,7082.0,7076.0,7081.5,5858,0
2026-04-16 11:35:00+05:30,7081.0,7085.0,7080.0,7084.0,3158,0
2026-04-16 11:40:00+05:30,7081.0,7084.0,7068.0,7083.0,10712,0
2026-04-16 11:45:00+05:30,7082.5,7089.5,7073.0,7085.0,12590,0
2026-04-16 11:50:00+05:30,7084.0,7086.0,7080.5,7082.0,2613,0
2026-04-16 11:55:00+05:30,7081.0,7083.0,7071.5,7074.5,6922,0
2026-04-16 12:00:00+05:30,7073.5,7073.5,7058.0,7058.5,7737,0
2026-04-16 12:05:00+05:30,7058.5,7064.5,7052.5,7059.5,5366,0
2026-04-16 12:10:00+05:30,7060.0,7072.0,7060.0,7070.0,3111,0
2026-04-16 12:15:00+05:30,7071.0,7080.0,7062.0,7075.5,6837,0
2026-04-16 12:20:00+05:30,7075.5,7080.5,7064.0,7067.5,7082,0
2026-04-16 12:25:00+05:30,7067.5,7082.0,7065.0,7080.0,4882,0
2026-04-16 12:30:00+05:30,7080.0,7082.0,7073.0,7080.0,5161,0
2026-04-16 12:35:00+05:30,7080.0,7083.0,7076.0,7083.0,6948,0
2026-04-16 12:40:00+05:30,7081.5,7083.0,7071.5,7073.5,1899,0
2026-04-16 12:45:00+05:30,7073.0,7084.0,7070.0,7073.5,9626,0
2026-04-16 12:50:00+05:30,7073.5,7081.0,7062.0,7070.0,6281,0
2026-04-16 12:55:00+05:30,7067.5,7079.5,7066.0,7077.0,4305,0
2026-04-16 13:00:00+05:30,7076.5,7085.0,7075.5,7085.0,4032,0
2026-04-16 13:05:00+05:30,7084.5,7089.0,7083.0,7083.5,2765,0
2026-04-16 13:10:00+05:30,7083.0,7084.0,7078.0,7078.0,5218,0
2026-04-16 13:15:00+05:30,7078.5,7084.0,7071.0,7073.0,5232,0
2026-04-16 13:20:00+05:30,7072.5,7075.0,7060.0,7063.0,4277,0
2026-04-16 13:25:00+05:30,7062.5,7063.0,7052.0,7056.5,5578,0
2026-04-16 13:30:00+05:30,7058.0,7063.0,7057.0,7061.5,3954,0
2026-04-16 13:35:00+05:30,7061.5,7063.5,7059.5,7061.0,3011,0
2026-04-16 13:40:00+05:30,7062.0,7070.5,7060.0,7061.5,22241,0
2026-04-16 13:45:00+05:30,7061.0,7084.0,7060.5,7082.0,7373,0
2026-04-16 13:50:00+05:30,7081.5,7096.0,7081.5,7094.0,6120,0
2026-04-16 13:55:00+05:30,7094.0,7098.5,7090.0,7092.0,5647,0
2026-04-16 14:00:00+05:30,7093.0,7095.5,7081.5,7084.0,2974,0
2026-04-16 14:05:00+05:30,7083.5,7090.5,7081.5,7085.5,1998,0
2026-04-16 14:10:00+05:30,7086.0,7097.0,7085.5,7095.5,4235,0
2026-04-16 14:15:00+05:30,7095.5,7098.5,7094.5,7098.5,4503,0
2026-04-16 14:20:00+05:30,7098.0,7099.0,7097.0,7099.0,5336,0
2026-04-16 14:25:00+05:30,7098.5,7114.0,7098.5,7112.5,7082,0
2026-04-16 14:30:00+05:30,7113.0,7122.0,7112.0,7121.0,7060,0
2026-04-16 14:35:00+05:30,7122.0,7122.0,7119.5,7122.0,4952,0
2026-04-16 14:40:00+05:30,7122.0,7124.5,7121.5,7123.0,3423,0
2026-04-16 14:45:00+05:30,7123.0,7133.5,7121.5,7124.5,12917,0
2026-04-16 14:50:00+05:30,7125.0,7130.0,7123.5,7126.5,3204,0
2026-04-16 14:55:00+05:30,7124.0,7135.0,7123.5,7133.0,6427,0
2026-04-16 15:00:00+05:30,7131.0,7138.5,7118.0,7126.0,16437,0
2026-04-16 15:05:00+05:30,7126.0,7130.0,7121.5,7124.5,9694,0
2026-04-16 15:10:00+05:30,7125.0,7135.0,7124.0,7131.5,13227,0
2026-04-16 15:15:00+05:30,7131.0,7135.5,7125.5,7130.0,14222,0
2026-04-16 15:20:00+05:30,7130.0,7136.0,7130.0,7133.0,15967,0
2026-04-16 15:25:00+05:30,7134.0,7140.0,7128.0,7130.5,11993,0
2026-04-17 09:15:00+05:30,7130.5,7138.5,7062.0,7106.5,28716,0
2026-04-17 09:20:00+05:30,7107.5,7141.5,7106.0,7117.5,14649,0
2026-04-17 09:25:00+05:30,7117.0,7123.5,7110.5,7115.0,6674,0
2026-04-17 09:30:00+05:30,7117.5,7122.5,7100.0,7112.0,7804,0
2026-04-17 09:35:00+05:30,7114.5,7143.0,7092.0,7125.0,15234,0
2026-04-17 09:40:00+05:30,7121.5,7132.0,7089.5,7093.0,9319,0
2026-04-17 09:45:00+05:30,7092.0,7112.5,7090.0,7110.0,5993,0
2026-04-17 09:50:00+05:30,7110.0,7113.5,7104.0,7109.0,2466,0
2026-04-17 09:55:00+05:30,7109.0,7114.5,7101.0,7111.5,3489,0
2026-04-17 10:00:00+05:30,7111.0,7130.0,7097.0,7127.5,17324,0
2026-04-17 10:05:00+05:30,7127.5,7142.0,7126.0,7137.0,9493,0
2026-04-17 10:10:00+05:30,7137.0,7146.5,7137.0,7141.0,9994,0
2026-04-17 10:15:00+05:30,7142.0,7146.5,7137.0,7145.0,4695,0
2026-04-17 10:20:00+05:30,7145.0,7153.0,7145.0,7152.5,9519,0
2026-04-17 10:25:00+05:30,7152.0,7160.5,7146.5,7153.5,9375,0
2026-04-17 10:30:00+05:30,7152.5,7158.5,7144.0,7147.5,5262,0
2026-04-17 10:35:00+05:30,7146.0,7150.0,7136.0,7137.5,2183,0
2026-04-17 10:40:00+05:30,7137.5,7152.0,7132.0,7152.0,3150,0
2026-04-17 10:45:00+05:30,7152.0,7158.0,7149.5,7154.0,2686,0
2026-04-17 10:50:00+05:30,7155.0,7155.0,7148.0,7150.0,2141,0
2026-04-17 10:55:00+05:30,7150.0,7152.5,7149.5,7151.0,921,0
2026-04-17 11:00:00+05:30,7151.5,7153.5,7144.0,7150.0,2855,0
2026-04-17 11:05:00+05:30,7150.0,7155.0,7148.0,7154.5,3591,0
2026-04-17 11:10:00+05:30,7154.5,7168.0,7153.0,7165.0,8559,0
2026-04-17 11:15:00+05:30,7164.5,7169.5,7162.0,7162.5,2804,0
2026-04-17 11:20:00+05:30,7164.0,7165.5,7160.0,7161.0,2116,0
2026-04-17 11:25:00+05:30,7160.5,7163.0,7150.5,7154.0,2853,0
2026-04-17 11:30:00+05:30,7150.5,7162.0,7150.0,7157.0,2698,0
2026-04-17 11:35:00+05:30,7159.0,7161.5,7157.5,7160.0,1192,0
2026-04-17 11:40:00+05:30,7160.5,7165.0,7160.0,7164.0,1446,0
2026-04-17 11:45:00+05:30,7164.0,7168.5,7156.0,7158.0,3447,0
2026-04-17 11:50:00+05:30,7157.0,7162.5,7151.0,7158.5,2827,0
2026-04-17 11:55:00+05:30,7159.0,7159.5,7140.0,7140.5,2319,0
2026-04-17 12:00:00+05:30,7142.0,7146.0,7137.0,7144.5,1935,0
2026-04-17 12:05:00+05:30,7144.5,7147.0,7140.0,7142.5,1083,0
2026-04-17 12:10:00+05:30,7144.0,7151.5,7142.5,7148.0,1062,0
2026-04-17 12:15:00+05:30,7148.0,7150.5,7143.0,7143.0,1046,0
2026-04-17 12:20:00+05:30,7143.0,7158.5,7140.5,7155.0,3765,0
2026-04-17 12:25:00+05:30,7155.0,7165.0,7155.0,7162.0,2841,0
2026-04-17 12:30:00+05:30,7161.0,7162.0,7158.0,7160.0,1624,0
2026-04-17 12:35:00+05:30,7159.5,7160.0,7144.0,7146.0,1559,0
2026-04-17 12:40:00+05:30,7146.5,7157.0,7142.0,7151.5,9131,0
2026-04-17 12:45:00+05:30,7152.0,7175.0,7148.5,7171.0,9192,0
2026-04-17 12:50:00+05:30,7172.5,7175.0,7164.0,7165.5,6878,0
2026-04-17 12:55:00+05:30,7165.5,7169.0,7160.5,7162.5,1254,0
2026-04-17 13:00:00+05:30,7162.5,7165.0,7154.5,7156.5,2959,0
2026-04-17 13:05:00+05:30,7156.5,7168.5,7156.5,7163.5,3373,0
2026-04-17 13:10:00+05:30,7164.0,7167.0,7162.0,7165.0,1469,0
2026-04-17 13:15:00+05:30,7165.0,7166.0,7160.0,7163.0,2307,0
2026-04-17 13:20:00+05:30,7162.5,7162.5,7150.0,7156.0,3430,0
2026-04-17 13:25:00+05:30,7156.0,7163.0,7153.5,7163.0,1685,0
2026-04-17 13:30:00+05:30,7162.5,7166.0,7160.5,7164.5,2379,0
2026-04-17 13:35:00+05:30,7165.0,7181.5,7159.0,7174.0,31614,0
2026-04-17 13:40:00+05:30,7174.0,7175.0,7165.5,7172.5,5789,0
2026-04-17 13:45:00+05:30,7174.5,7180.0,7172.5,7176.5,4040,0
2026-04-17 13:50:00+05:30,7178.0,7179.5,7167.5,7170.5,3340,0
2026-04-17 13:55:00+05:30,7171.0,7174.0,7167.5,7172.0,2860,0
2026-04-17 14:00:00+05:30,7172.0,7176.5,7165.0,7169.5,3471,0
2026-04-17 14:05:00+05:30,7169.5,7174.5,7167.0,7169.5,6369,0
2026-04-17 14:10:00+05:30,7170.0,7173.0,7164.0,7165.5,3351,0
2026-04-17 14:15:00+05:30,7167.5,7185.0,7166.0,7179.5,21045,0
2026-04-17 14:20:00+05:30,7180.0,7189.0,7178.5,7183.0,8263,0
2026-04-17 14:25:00+05:30,7183.0,7190.0,7177.0,7183.0,11001,0
2026-04-17 14:30:00+05:30,7182.5,7185.0,7177.5,7184.0,6442,0
2026-04-17 14:35:00+05:30,7183.5,7199.0,7181.0,7192.5,20512,0
2026-04-17 14:40:00+05:30,7195.5,7197.0,7187.0,7191.5,10632,0
2026-04-17 14:45:00+05:30,7191.5,7197.0,7188.5,7191.0,9449,0
2026-04-17 14:50:00+05:30,7191.0,7197.0,7189.5,7190.0,9151,0
2026-04-17 14:55:00+05:30,7193.0,7193.0,7181.0,7181.0,7937,0
2026-04-17 15:00:00+05:30,7182.5,7188.0,7167.5,7176.0,22328,0
2026-04-17 15:05:00+05:30,7176.5,7185.0,7175.5,7184.5,12193,0
2026-04-17 15:10:00+05:30,7184.5,7195.0,7183.5,7192.0,26562,0
2026-04-17 15:15:00+05:30,7191.5,7193.0,7187.0,7190.5,25582,0
2026-04-17 15:20:00+05:30,7190.0,7200.0,7190.0,7200.0,38983,0
2026-04-17 15:25:00+05:30,7198.0,7200.0,7172.0,7172.0,25122,0
2026-04-20 09:15:00+05:30,7160.5,7197.0,7115.0,7184.0,41291,0
2026-04-20 09:20:00+05:30,7184.5,7208.5,7184.0,7196.5,13039,0
2026-04-20 09:25:00+05:30,7196.5,7205.5,7181.5,7181.5,6950,0
2026-04-20 09:30:00+05:30,7181.5,7182.0,7160.5,7170.0,4272,0
2026-04-20 09:35:00+05:30,7169.0,7169.0,7147.0,7157.0,4811,0
2026-04-20 09:40:00+05:30,7157.0,7157.0,7121.0,7129.5,8918,0
2026-04-20 09:45:00+05:30,7127.5,7130.0,7121.5,7126.0,3848,0
2026-04-20 09:50:00+05:30,7127.0,7153.0,7121.5,7148.5,5421,0
2026-04-20 09:55:00+05:30,7149.5,7154.5,7143.0,7151.0,2083,0
2026-04-20 10:00:00+05:30,7150.0,7169.5,7148.0,7162.5,8055,0
2026-04-20 10:05:00+05:30,7163.0,7175.5,7158.5,7175.5,2635,0
2026-04-20 10:10:00+05:30,7174.5,7176.0,7160.0,7170.0,4387,0
2026-04-20 10:15:00+05:30,7169.5,7189.5,7163.5,7175.0,30712,0
2026-04-20 10:20:00+05:30,7176.5,7196.5,7173.5,7196.0,5224,0
2026-04-20 10:25:00+05:30,7196.0,7199.5,7192.0,7195.0,6036,0
2026-04-20 10:30:00+05:30,7194.5,7203.5,7194.0,7200.0,13469,0
2026-04-20 10:35:00+05:30,7199.0,7200.0,7181.0,7181.0,4565,0
2026-04-20 10:40:00+05:30,7182.5,7195.0,7180.0,7188.5,6284,0
2026-04-20 10:45:00+05:30,7189.0,7191.5,7183.0,7189.5,7843,0
2026-04-20 10:50:00+05:30,7189.5,7190.5,7188.5,7189.5,3763,0
2026-04-20 10:55:00+05:30,7189.5,7190.0,7187.0,7190.0,2527,0
2026-04-20 11:00:00+05:30,7189.5,7200.5,7187.5,7198.0,10355,0
2026-04-20 11:05:00+05:30,7198.0,7200.0,7173.5,7178.0,6911,0
2026-04-20 11:10:00+05:30,7178.0,7184.5,7176.5,7178.0,2322,0
2026-04-20 11:15:00+05:30,7178.5,7188.0,7178.0,7186.5,1371,0
2026-04-20 11:20:00+05:30,7187.5,7192.5,7186.0,7188.5,2364,0
2026-04-20 11:25:00+05:30,7188.0,7190.0,7180.5,7182.5,1930,0
2026-04-20 11:30:00+05:30,7182.0,7193.0,7180.5,7192.0,1722,0
2026-04-20 11:35:00+05:30,7192.0,7194.5,7191.0,7194.5,1546,0
2026-04-20 11:40:00+05:30,7194.0,7198.0,7192.0,7192.5,1807,0
2026-04-20 11:45:00+05:30,7192.0,7198.0,7179.0,7188.5,5630,0
2026-04-20 11:50:00+05:30,7189.5,7199.0,7186.5,7199.0,2287,0
2026-04-20 11:55:00+05:30,7200.0,7200.0,7193.0,7194.0,1835,0
2026-04-20 12:00:00+05:30,7194.0,7199.0,7190.0,7190.0,6212,0
2026-04-20 12:05:00+05:30,7190.5,7195.0,7182.5,7194.0,5060,0
2026-04-20 12:10:00+05:30,7195.0,7208.0,7193.5,7203.0,9879,0
2026-04-20 12:15:00+05:30,7202.5,7208.0,7200.5,7200.5,2071,0
2026-04-20 12:20:00+05:30,7201.5,7208.0,7200.5,7206.0,2029,0
2026-04-20 12:25:00+05:30,7206.0,7216.5,7206.0,7210.5,6798,0
2026-04-20 12:30:00+05:30,7210.0,7213.0,7207.5,7208.5,2405,0
2026-04-20 12:35:00+05:30,7208.5,7223.0,7207.0,7220.5,7046,0
2026-04-20 12:40:00+05:30,7221.5,7230.0,7219.5,7228.0,5073,0
2026-04-20 12:45:00+05:30,7227.5,7243.0,7227.0,7242.0,24505,0
2026-04-20 12:50:00+05:30,7242.0,7252.0,7242.0,7248.0,36530,0
2026-04-20 12:55:00+05:30,7249.5,7257.0,7248.0,7255.5,10760,0
2026-04-20 13:00:00+05:30,7255.5,7257.0,7236.0,7250.0,28799,0
2026-04-20 13:05:00+05:30,7250.5,7255.5,7243.5,7255.0,25716,0
2026-04-20 13:10:00+05:30,7252.0,7255.0,7247.5,7253.0,10083,0
2026-04-20 13:15:00+05:30,7252.5,7255.0,7233.0,7237.5,23868,0
2026-04-20 13:20:00+05:30,7235.5,7249.0,7235.0,7240.0,6749,0
2026-04-20 13:25:00+05:30,7240.0,7242.5,7224.0,7238.0,19635,0
2026-04-20 13:30:00+05:30,7240.5,7247.5,7237.5,7243.5,4547,0
2026-04-20 13:35:00+05:30,7243.5,7249.0,7237.0,7239.0,3794,0
2026-04-20 13:40:00+05:30,7239.0,7241.5,7236.5,7237.0,3174,0
2026-04-20 13:45:00+05:30,7237.0,7239.5,7224.0,7224.0,4973,0
2026-04-20 13:50:00+05:30,7224.0,7232.5,7222.0,7232.5,4324,0
2026-04-20 13:55:00+05:30,7229.0,7232.0,7226.5,7228.5,2138,0
2026-04-20 14:00:00+05:30,7230.5,7233.0,7210.0,7230.0,13721,0
2026-04-20 14:05:00+05:30,7230.0,7234.0,7224.5,7229.5,3660,0
2026-04-20 14:10:00+05:30,7226.5,7236.0,7226.0,7235.0,4400,0
2026-04-20 14:15:00+05:30,7235.0,7250.0,7232.5,7250.0,5808,0
2026-04-20 14:20:00+05:30,7247.5,7255.0,7245.0,7247.0,6691,0
2026-04-20 14:25:00+05:30,7246.5,7252.0,7240.0,7252.0,4722,0
2026-04-20 14:30:00+05:30,7252.0,7254.0,7250.0,7252.0,5257,0
2026-04-20 14:35:00+05:30,7252.0,7257.0,7251.5,7256.5,5005,0
2026-04-20 14:40:00+05:30,7255.5,7257.0,7248.0,7248.5,14073,0
2026-04-20 14:45:00+05:30,7248.5,7257.5,7246.5,7257.5,9990,0
2026-04-20 14:50:00+05:30,7255.5,7260.0,7254.0,7257.5,5070,0
2026-04-20 14:55:00+05:30,7259.0,7259.5,7253.0,7256.0,4547,0
2026-04-20 15:00:00+05:30,7256.0,7259.5,7250.5,7253.0,10037,0
2026-04-20 15:05:00+05:30,7253.0,7264.0,7240.0,7240.5,36679,0
2026-04-20 15:10:00+05:30,7240.5,7250.0,7240.0,7248.0,15687,0
2026-04-20 15:15:00+05:30,7248.0,7248.0,7222.0,7225.5,33632,0
2026-04-20 15:20:00+05:30,7226.0,7239.0,7226.0,7231.5,17129,0
2026-04-20 15:25:00+05:30,7232.0,7247.5,7220.0,7233.5,16791,0
2026-04-21 09:15:00+05:30,7243.0,7272.0,7243.0,7261.0,13953,0
2026-04-21 09:20:00+05:30,7260.5,7276.0,7235.0,7260.0,9994,0
2026-04-21 09:25:00+05:30,7262.0,7262.0,7246.5,7248.5,4263,0
2026-04-21 09:30:00+05:30,7248.5,7254.0,7245.0,7252.0,2248,0
2026-04-21 09:35:00+05:30,7252.0,7255.0,7247.0,7252.0,2480,0
2026-04-21 09:40:00+05:30,7249.0,7258.0,7249.0,7255.0,2621,0
2026-04-21 09:45:00+05:30,7255.5,7272.0,7255.0,7270.0,5831,0
2026-04-21 09:50:00+05:30,7272.0,7274.0,7260.0,7262.5,2040,0
2026-04-21 09:55:00+05:30,7262.5,7268.0,7260.0,7266.5,1512,0
2026-04-21 10:00:00+05:30,7266.0,7269.5,7263.0,7266.0,1439,0
2026-04-21 10:05:00+05:30,7265.5,7275.0,7260.0,7275.0,3062,0
2026-04-21 10:10:00+05:30,7274.5,7275.5,7262.0,7267.0,3996,0
2026-04-21 10:15:00+05:30,7268.0,7268.0,7259.0,7261.0,3598,0
2026-04-21 10:20:00+05:30,7261.0,7265.0,7258.0,7265.0,1919,0
2026-04-21 10:25:00+05:30,7264.5,7268.5,7260.5,7262.5,1569,0
2026-04-21 10:30:00+05:30,7262.5,7270.0,7260.5,7270.0,1567,0
2026-04-21 10:35:00+05:30,7269.5,7270.0,7265.0,7270.0,1079,0
2026-04-21 10:40:00+05:30,7269.5,7270.0,7263.5,7266.0,1333,0
2026-04-21 10:45:00+05:30,7267.0,7269.5,7266.5,7267.0,1059,0
2026-04-21 10:50:00+05:30,7267.0,7272.0,7262.0,7268.5,3573,0
2026-04-21 10:55:00+05:30,7267.0,7272.0,7265.0,7266.0,1352,0
2026-04-21 11:00:00+05:30,7266.0,7268.0,7263.5,7268.0,891,0
2026-04-21 11:05:00+05:30,7268.0,7273.5,7265.5,7273.0,1471,0
2026-04-21 11:10:00+05:30,7271.0,7272.0,7265.5,7268.5,1976,0
2026-04-21 11:15:00+05:30,7266.5,7283.5,7265.0,7280.0,15789,0
2026-04-21 11:20:00+05:30,7276.5,7284.0,7276.5,7280.0,5893,0
2026-04-21 11:25:00+05:30,7280.0,7281.5,7279.5,7280.5,3459,0
2026-04-21 11:30:00+05:30,7280.0,7281.5,7268.5,7280.0,8841,0
2026-04-21 11:35:00+05:30,7277.0,7281.5,7277.0,7280.0,5487,0
2026-04-21 11:40:00+05:30,7281.0,7283.0,7270.5,7279.5,16789,0
2026-04-21 11:45:00+05:30,7279.5,7285.0,7279.5,7282.0,2039,0
2026-04-21 11:50:00+05:30,7282.0,7284.5,7280.0,7282.5,2761,0
2026-04-21 11:55:00+05:30,7281.5,7282.5,7280.0,7281.0,1473,0
2026-04-21 12:00:00+05:30,7281.0,7281.5,7280.0,7280.0,3550,0
2026-04-21 12:05:00+05:30,7280.0,7281.5,7280.0,7280.0,4558,0
2026-04-21 12:10:00+05:30,7280.0,7281.5,7275.5,7275.5,4456,0
2026-04-21 12:15:00+05:30,7275.5,7286.0,7273.5,7286.0,4171,0
2026-04-21 12:20:00+05:30,7285.5,7293.5,7285.5,7288.0,7023,0
2026-04-21 12:25:00+05:30,7290.5,7296.0,7289.0,7291.5,16202,0
2026-04-21 12:30:00+05:30,7291.0,7291.5,7280.5,7280.5,1575,0
2026-04-21 12:35:00+05:30,7280.5,7290.0,7280.0,7287.5,4078,0
2026-04-21 12:40:00+05:30,7287.0,7292.0,7285.0,7289.0,2496,0
2026-04-21 12:45:00+05:30,7289.0,7292.0,7282.0,7283.5,1796,0
2026-04-21 12:50:00+05:30,7283.5,7286.0,7282.0,7283.5,1353,0
2026-04-21 12:55:00+05:30,7283.5,7287.0,7282.0,7283.5,1338,0
2026-04-21 13:00:00+05:30,7283.5,7286.0,7282.0,7282.0,1225,0
2026-04-21 13:05:00+05:30,7282.0,7288.5,7280.0,7283.0,2942,0
2026-04-21 13:10:00+05:30,7283.0,7284.0,7280.5,7280.5,885,0
2026-04-21 13:15:00+05:30,7281.5,7288.5,7281.0,7283.5,2131,0
2026-04-21 13:20:00+05:30,7285.0,7290.0,7282.0,7285.5,1461,0
2026-04-21 13:25:00+05:30,7285.5,7287.5,7281.0,7281.0,1880,0
2026-04-21 13:30:00+05:30,7281.0,7296.0,7280.0,7295.0,2783,0
2026-04-21 13:35:00+05:30,7295.0,7296.0,7284.5,7286.0,2618,0
2026-04-21 13:40:00+05:30,7285.0,7287.0,7275.0,7276.5,10021,0
2026-04-21 13:45:00+05:30,7276.0,7276.5,7260.5,7266.5,11854,0
2026-04-21 13:50:00+05:30,7267.0,7275.0,7265.5,7266.5,2218,0
2026-04-21 13:55:00+05:30,7266.5,7280.5,7266.5,7277.0,1186,0
2026-04-21 14:00:00+05:30,7277.5,7283.5,7275.0,7282.5,3373,0
2026-04-21 14:05:00+05:30,7282.5,7282.5,7272.5,7277.5,2459,0
2026-04-21 14:10:00+05:30,7277.5,7285.5,7271.5,7280.5,7311,0
2026-04-21 14:15:00+05:30,7282.0,7284.5,7278.0,7284.0,1656,0
2026-04-21 14:20:00+05:30,7284.5,7292.0,7283.0,7287.0,4048,0
2026-04-21 14:25:00+05:30,7288.5,7289.0,7280.0,7280.0,2150,0
2026-04-21 14:30:00+05:30,7282.5,7284.0,7276.5,7277.5,1930,0
2026-04-21 14:35:00+05:30,7278.0,7283.5,7277.0,7277.5,2388,0
2026-04-21 14:40:00+05:30,7279.0,7279.0,7252.5,7260.0,7042,0
2026-04-21 14:45:00+05:30,7262.5,7269.0,7257.0,7265.5,2582,0
2026-04-21 14:50:00+05:30,7268.5,7273.0,7264.0,7265.5,2650,0
2026-04-21 14:55:00+05:30,7266.0,7269.5,7262.5,7262.5,10164,0
2026-04-21 15:00:00+05:30,7265.0,7267.0,7250.0,7255.0,13952,0
2026-04-21 15:05:00+05:30,7255.0,7259.0,7243.5,7245.0,12663,0
2026-04-21 15:10:00+05:30,7245.0,7245.5,7237.5,7239.0,12524,0
2026-04-21 15:15:00+05:30,7239.0,7244.0,7234.0,7234.0,13570,0
2026-04-21 15:20:00+05:30,7235.5,7236.0,7220.0,7226.5,9401,0
2026-04-21 15:25:00+05:30,7227.0,7227.0,7215.0,7220.0,11979,0
2026-04-22 09:15:00+05:30,7215.0,7226.5,7174.0,7199.5,23778,0
2026-04-22 09:20:00+05:30,7198.5,7208.5,7187.0,7203.0,5644,0
2026-04-22 09:25:00+05:30,7201.5,7202.5,7180.0,7184.0,7066,0
2026-04-22 09:30:00+05:30,7184.0,7210.0,7180.0,7208.5,6364,0
2026-04-22 09:35:00+05:30,7206.5,7212.0,7188.0,7201.5,3492,0
2026-04-22 09:40:00+05:30,7201.5,7203.0,7190.5,7195.5,3540,0
2026-04-22 09:45:00+05:30,7195.5,7196.0,7171.0,7184.5,7416,0
2026-04-22 09:50:00+05:30,7182.5,7194.0,7180.5,7182.5,7779,0
2026-04-22 09:55:00+05:30,7182.0,7182.5,7165.0,7165.0,7987,0
2026-04-22 10:00:00+05:30,7165.0,7176.5,7157.0,7173.0,5625,0
2026-04-22 10:05:00+05:30,7173.0,7178.0,7155.0,7164.5,4824,0
2026-04-22 10:10:00+05:30,7164.0,7170.0,7162.0,7165.0,2640,0
2026-04-22 10:15:00+05:30,7166.0,7170.0,7161.0,7163.0,2277,0
2026-04-22 10:20:00+05:30,7163.0,7166.0,7160.0,7163.5,2841,0
2026-04-22 10:25:00+05:30,7162.5,7183.5,7162.5,7182.0,3229,0
2026-04-22 10:30:00+05:30,7182.0,7182.0,7155.5,7155.5,3300,0
2026-04-22 10:35:00+05:30,7157.0,7157.0,7140.5,7148.0,6823,0
2026-04-22 10:40:00+05:30,7148.5,7159.0,7145.0,7153.0,3890,0
2026-04-22 10:45:00+05:30,7154.5,7158.5,7150.0,7157.0,5015,0
2026-04-22 10:50:00+05:30,7157.0,7168.5,7156.5,7163.0,6887,0
2026-04-22 10:55:00+05:30,7164.5,7168.5,7160.5,7162.0,2838,0
2026-04-22 11:00:00+05:30,7161.5,7166.5,7150.0,7154.0,5120,0
2026-04-22 11:05:00+05:30,7155.5,7157.5,7150.5,7152.5,969,0
2026-04-22 11:10:00+05:30,7153.5,7157.0,7140.0,7141.5,6236,0
2026-04-22 11:15:00+05:30,7141.0,7147.5,7136.5,7143.5,5763,0
2026-04-22 11:20:00+05:30,7145.0,7147.0,7138.0,7138.0,2564,0
2026-04-22 11:25:00+05:30,7139.5,7160.0,7138.0,7147.0,16191,0
2026-04-22 11:30:00+05:30,7148.0,7154.0,7144.5,7149.0,2624,0
2026-04-22 11:35:00+05:30,7150.0,7170.5,7149.0,7170.5,8251,0
2026-04-22 11:40:00+05:30,7170.0,7183.0,7170.0,7178.0,10474,0
2026-04-22 11:45:00+05:30,7177.5,7185.0,7175.0,7182.5,9581,0
2026-04-22 11:50:00+05:30,7182.5,7189.0,7180.0,7188.5,2965,0
2026-04-22 11:55:00+05:30,7189.0,7189.5,7185.0,7186.0,2847,0
2026-04-22 12:00:00+05:30,7185.5,7193.5,7185.5,7190.5,2985,0
2026-04-22 12:05:00+05:30,7190.5,7192.0,7185.0,7185.0,2566,0
2026-04-22 12:10:00+05:30,7185.0,7186.0,7180.0,7180.0,4740,0
2026-04-22 12:15:00+05:30,7180.0,7190.0,7174.5,7189.0,3992,0
2026-04-22 12:20:00+05:30,7189.0,7190.0,7184.5,7185.0,2243,0
2026-04-22 12:25:00+05:30,7185.5,7185.5,7184.5,7185.0,1290,0
2026-04-22 12:30:00+05:30,7185.0,7188.0,7184.0,7186.0,3342,0
2026-04-22 12:35:00+05:30,7187.0,7187.0,7175.5,7176.5,5552,0
2026-04-22 12:40:00+05:30,7177.0,7190.0,7176.5,7185.5,2828,0
2026-04-22 12:45:00+05:30,7185.5,7190.0,7184.5,7185.0,5797,0
2026-04-22 12:50:00+05:30,7185.0,7186.5,7183.0,7185.0,6466,0
2026-04-22 12:55:00+05:30,7185.5,7186.0,7183.5,7185.5,2083,0
2026-04-22 13:00:00+05:30,7185.5,7185.5,7183.0,7184.0,2085,0
2026-04-22 13:05:00+05:30,7184.0,7194.0,7184.0,7191.0,1794,0
2026-04-22 13:10:00+05:30,7191.5,7193.0,7186.0,7191.5,2719,0
2026-04-22 13:15:00+05:30,7193.0,7198.5,7189.5,7192.5,1898,0
2026-04-22 13:20:00+05:30,7192.5,7194.0,7191.0,7191.5,2734,0
2026-04-22 13:25:00+05:30,7192.5,7194.5,7191.5,7192.5,2413,0
2026-04-22 13:30:00+05:30,7193.0,7199.0,7192.5,7196.0,1459,0
2026-04-22 13:35:00+05:30,7198.0,7198.0,7191.0,7192.5,2119,0
2026-04-22 13:40:00+05:30,7192.5,7199.5,7191.0,7194.5,2457,0
2026-04-22 13:45:00+05:30,7196.0,7201.5,7193.5,7201.5,4365,0
2026-04-22 13:50:00+05:30,7201.5,7210.0,7197.0,7210.0,3513,0
2026-04-22 13:55:00+05:30,7210.0,7225.5,7206.0,7218.0,14180,0
2026-04-22 14:00:00+05:30,7218.0,7240.0,7212.0,7234.5,16682,0
2026-04-22 14:05:00+05:30,7237.0,7246.0,7233.0,7240.5,7713,0
2026-04-22 14:10:00+05:30,7240.0,7243.5,7238.0,7240.5,9491,0
2026-04-22 14:15:00+05:30,7241.0,7245.0,7240.0,7242.0,5817,0
2026-04-22 14:20:00+05:30,7243.0,7243.0,7238.5,7240.0,2542,0
2026-04-22 14:25:00+05:30,7240.0,7243.0,7220.5,7223.5,4555,0
2026-04-22 14:30:00+05:30,7224.0,7229.0,7220.0,7227.5,3323,0
2026-04-22 14:35:00+05:30,7228.0,7238.0,7224.5,7236.5,3406,0
2026-04-22 14:40:00+05:30,7236.5,7267.0,7236.0,7247.5,23784,0
2026-04-22 14:45:00+05:30,7249.0,7259.0,7248.0,7249.5,9484,0
2026-04-22 14:50:00+05:30,7249.0,7261.0,7242.5,7259.5,8594,0
2026-04-22 14:55:00+05:30,7259.5,7263.5,7250.0,7255.0,10720,0
2026-04-22 15:00:00+05:30,7255.0,7255.0,7238.5,7244.0,17784,0
2026-04-22 15:05:00+05:30,7242.0,7243.5,7225.5,7228.5,11302,0
2026-04-22 15:10:00+05:30,7226.0,7238.0,7225.0,7229.5,22962,0
2026-04-22 15:15:00+05:30,7230.0,7231.0,7214.0,7216.5,16614,0
2026-04-22 15:20:00+05:30,7216.0,7230.0,7216.0,7229.5,23993,0
2026-04-22 15:25:00+05:30,7227.0,7229.5,7209.0,7220.0,16619,0
2026-04-23 09:15:00+05:30,7195.5,7195.5,7130.0,7132.0,27563,0
2026-04-23 09:20:00+05:30,7132.5,7169.5,7127.5,7142.0,10739,0
2026-04-23 09:25:00+05:30,7144.0,7163.5,7133.5,7154.0,6193,0
2026-04-23 09:30:00+05:30,7154.5,7179.5,7148.0,7151.5,7017,0
2026-04-23 09:35:00+05:30,7151.5,7152.5,7131.5,7143.0,7131,0
2026-04-23 09:40:00+05:30,7142.5,7149.0,7127.0,7143.5,5815,0
2026-04-23 09:45:00+05:30,7143.5,7153.5,7135.0,7149.5,5681,0
2026-04-23 09:50:00+05:30,7148.0,7167.0,7147.5,7165.0,6415,0
2026-04-23 09:55:00+05:30,7163.0,7187.5,7163.0,7180.0,9926,0
2026-04-23 10:00:00+05:30,7182.0,7195.0,7170.0,7192.0,7423,0
2026-04-23 10:05:00+05:30,7192.0,7192.5,7177.5,7182.0,4030,0
2026-04-23 10:10:00+05:30,7182.5,7186.5,7177.5,7180.0,6766,0
2026-04-23 10:15:00+05:30,7178.5,7178.5,7153.0,7159.5,5340,0
2026-04-23 10:20:00+05:30,7160.5,7168.5,7153.0,7158.0,2315,0
2026-04-23 10:25:00+05:30,7157.0,7164.0,7152.0,7152.0,2233,0
2026-04-23 10:30:00+05:30,7153.0,7154.0,7144.0,7154.0,3060,0
2026-04-23 10:35:00+05:30,7155.0,7157.0,7141.5,7141.5,3438,0
2026-04-23 10:40:00+05:30,7143.5,7143.5,7125.0,7126.0,4413,0
2026-04-23 10:45:00+05:30,7125.0,7131.5,7113.5,7113.5,7980,0
2026-04-23 10:50:00+05:30,7117.0,7126.5,7101.5,7105.5,6714,0
2026-04-23 10:55:00+05:30,7105.5,7115.5,7100.0,7105.0,5863,0
2026-04-23 11:00:00+05:30,7105.5,7112.0,7097.5,7097.5,4641,0
2026-04-23 11:05:00+05:30,7096.0,7100.0,7091.0,7094.0,3555,0
2026-04-23 11:10:00+05:30,7093.0,7098.5,7092.0,7093.5,2117,0
2026-04-23 11:15:00+05:30,7093.0,7110.0,7091.5,7104.5,2934,0
2026-04-23 11:20:00+05:30,7103.5,7106.0,7095.0,7096.0,2501,0
2026-04-23 11:25:00+05:30,7096.0,7107.5,7096.0,7104.0,3375,0
2026-04-23 11:30:00+05:30,7104.0,7104.0,7086.5,7098.5,11523,0
2026-04-23 11:35:00+05:30,7098.5,7103.0,7095.5,7099.0,2420,0
2026-04-23 11:40:00+05:30,7097.5,7108.0,7096.0,7100.0,1755,0
2026-04-23 11:45:00+05:30,7100.0,7100.0,7096.0,7096.0,2380,0
2026-04-23 11:50:00+05:30,7097.0,7103.0,7096.0,7101.5,1650,0
2026-04-23 11:55:00+05:30,7102.0,7103.5,7099.0,7099.5,2086,0
2026-04-23 12:00:00+05:30,7099.5,7104.5,7091.0,7102.0,3721,0
2026-04-23 12:05:00+05:30,7102.5,7113.0,7100.0,7110.0,6940,0
2026-04-23 12:10:00+05:30,7110.0,7111.0,7104.5,7108.0,1864,0
2026-04-23 12:15:00+05:30,7109.5,7112.0,7105.0,7106.0,1861,0
2026-04-23 12:20:00+05:30,7106.5,7115.0,7106.0,7108.5,1751,0
2026-04-23 12:25:00+05:30,7106.0,7108.0,7097.5,7100.5,2693,0
2026-04-23 12:30:00+05:30,7100.5,7102.0,7098.5,7100.0,7950,0
2026-04-23 12:35:00+05:30,7100.0,7101.5,7095.0,7097.0,5177,0
2026-04-23 12:40:00+05:30,7097.0,7100.0,7091.5,7092.5,2462,0
2026-04-23 12:45:00+05:30,7093.0,7101.5,7080.0,7085.0,8883,0
2026-04-23 12:50:00+05:30,7085.0,7086.5,7075.0,7084.0,10605,0
2026-04-23 12:55:00+05:30,7084.5,7096.0,7084.0,7094.5,2018,0
2026-04-23 13:00:00+05:30,7093.5,7094.5,7062.0,7081.5,25442,0
2026-04-23 13:05:00+05:30,7083.0,7087.5,7067.0,7072.0,9512,0
2026-04-23 13:10:00+05:30,7072.0,7078.5,7065.0,7072.0,4681,0
2026-04-23 13:15:00+05:30,7072.0,7075.5,7062.0,7074.5,11521,0
2026-04-23 13:20:00+05:30,7074.5,7099.0,7072.0,7096.0,6139,0
2026-04-23 13:25:00+05:30,7096.5,7102.0,7093.0,7097.0,3637,0
2026-04-23 13:30:00+05:30,7096.0,7098.5,7083.0,7083.5,8084,0
2026-04-23 13:35:00+05:30,7082.0,7082.0,7072.5,7074.0,2866,0
2026-04-23 13:40:00+05:30,7075.0,7077.5,7070.0,7072.0,2306,0
2026-04-23 13:45:00+05:30,7072.0,7073.0,7065.0,7067.5,4770,0
2026-04-23 13:50:00+05:30,7067.5,7076.5,7065.0,7066.0,4823,0
2026-04-23 13:55:00+05:30,7066.5,7073.0,7065.0,7073.0,3034,0
2026-04-23 14:00:00+05:30,7073.0,7075.5,7066.5,7074.0,1734,0
2026-04-23 14:05:00+05:30,7074.0,7082.5,7070.5,7080.0,2806,0
2026-04-23 14:10:00+05:30,7080.0,7080.5,7075.0,7075.5,5081,0
2026-04-23 14:15:00+05:30,7075.5,7095.0,7075.5,7080.5,4335,0
2026-04-23 14:20:00+05:30,7080.5,7090.0,7076.5,7085.0,2319,0
2026-04-23 14:25:00+05:30,7085.5,7086.5,7079.5,7085.0,4324,0
2026-04-23 14:30:00+05:30,7085.0,7085.5,7075.0,7077.0,7357,0
2026-04-23 14:35:00+05:30,7076.5,7078.5,7075.0,7076.5,2816,0
2026-04-23 14:40:00+05:30,7078.0,7085.0,7076.0,7080.0,6697,0
2026-04-23 14:45:00+05:30,7080.0,7092.5,7080.0,7087.0,6534,0
2026-04-23 14:50:00+05:30,7087.0,7090.0,7083.0,7087.0,5131,0
2026-04-23 14:55:00+05:30,7086.0,7092.0,7084.0,7090.5,8014,0
2026-04-23 15:00:00+05:30,7092.0,7100.5,7084.5,7089.5,16826,0
2026-04-23 15:05:00+05:30,7089.5,7115.5,7088.0,7099.5,23322,0
2026-04-23 15:10:00+05:30,7099.5,7104.5,7086.5,7087.5,14661,0
2026-04-23 15:15:00+05:30,7087.0,7088.0,7078.0,7085.0,12405,0
2026-04-23 15:20:00+05:30,7086.0,7092.0,7077.5,7080.5,10172,0
2026-04-23 15:25:00+05:30,7082.5,7103.0,7075.0,7085.0,17532,0
2026-04-24 09:15:00+05:30,7054.5,7142.0,7052.5,7099.5,26158,0
2026-04-24 09:20:00+05:30,7099.0,7114.0,7073.0,7101.0,7182,0
2026-04-24 09:25:00+05:30,7097.5,7109.5,7080.0,7085.5,6124,0
2026-04-24 09:30:00+05:30,7085.0,7098.5,7065.5,7068.0,6958,0
2026-04-24 09:35:00+05:30,7065.5,7072.0,7055.0,7061.0,7035,0
2026-04-24 09:40:00+05:30,7061.5,7076.5,7055.0,7057.5,3739,0
2026-04-24 09:45:00+05:30,7060.0,7077.0,7049.0,7071.5,4701,0
2026-04-24 09:50:00+05:30,7071.5,7084.5,7066.0,7082.5,3621,0
2026-04-24 09:55:00+05:30,7079.0,7092.0,7073.5,7083.5,5121,0
2026-04-24 10:00:00+05:30,7083.0,7119.5,7083.0,7117.5,5657,0
2026-04-24 10:05:00+05:30,7118.0,7130.0,7115.5,7118.0,5511,0
2026-04-24 10:10:00+05:30,7118.0,7125.0,7116.0,7119.0,1773,0
2026-04-24 10:15:00+05:30,7118.5,7118.5,7105.5,7105.5,1958,0
2026-04-24 10:20:00+05:30,7108.0,7108.5,7098.0,7099.5,1622,0
2026-04-24 10:25:00+05:30,7099.0,7120.0,7094.5,7116.0,2670,0
2026-04-24 10:30:00+05:30,7116.5,7118.5,7106.0,7111.5,3625,0
2026-04-24 10:35:00+05:30,7111.5,7117.0,7105.0,7106.5,2200,0
2026-04-24 10:40:00+05:30,7105.5,7110.0,7099.0,7100.0,1623,0
2026-04-24 10:45:00+05:30,7102.5,7105.5,7091.0,7094.0,1121,0
2026-04-24 10:50:00+05:30,7093.0,7107.5,7086.0,7106.0,1979,0
2026-04-24 10:55:00+05:30,7106.5,7116.5,7094.5,7108.5,3310,0
2026-04-24 11:00:00+05:30,7112.0,7117.5,7101.5,7112.0,1646,0
2026-04-24 11:05:00+05:30,7112.0,7118.5,7107.0,7110.0,1960,0
2026-04-24 11:10:00+05:30,7109.5,7114.0,7106.5,7112.0,1179,0
2026-04-24 11:15:00+05:30,7111.5,7112.0,7105.0,7112.0,1483,0
2026-04-24 11:20:00+05:30,7108.5,7122.5,7108.5,7116.0,2401,0
2026-04-24 11:25:00+05:30,7118.5,7137.0,7116.5,7135.5,7396,0
2026-04-24 11:30:00+05:30,7135.0,7155.0,7135.0,7146.0,6512,0
2026-04-24 11:35:00+05:30,7148.0,7151.5,7134.0,7139.0,3400,0
2026-04-24 11:40:00+05:30,7137.5,7147.0,7130.0,7144.5,3193,0
2026-04-24 11:45:00+05:30,7144.5,7144.5,7130.0,7132.0,2083,0
2026-04-24 11:50:00+05:30,7130.0,7135.0,7126.0,7133.5,9077,0
2026-04-24 11:55:00+05:30,7134.5,7135.0,7130.0,7130.5,2158,0
2026-04-24 12:00:00+05:30,7130.0,7135.0,7124.5,7133.5,4095,0
2026-04-24 12:05:00+05:30,7131.5,7147.0,7129.0,7146.0,2567,0
2026-04-24 12:10:00+05:30,7144.0,7150.0,7140.5,7149.0,4302,0
2026-04-24 12:15:00+05:30,7149.5,7160.0,7143.0,7147.0,5962,0
2026-04-24 12:20:00+05:30,7147.0,7149.0,7130.0,7136.5,7548,0
2026-04-24 12:25:00+05:30,7135.0,7137.5,7130.0,7133.5,1797,0
2026-04-24 12:30:00+05:30,7135.5,7136.5,7130.0,7136.5,1363,0
2026-04-24 12:35:00+05:30,7136.0,7140.0,7118.5,7120.0,14440,0
2026-04-24 12:40:00+05:30,7118.0,7133.0,7115.0,7124.0,9091,0
2026-04-24 12:45:00+05:30,7124.0,7134.5,7121.5,7126.5,2261,0
2026-04-24 12:50:00+05:30,7126.5,7139.5,7125.0,7129.0,2652,0
2026-04-24 12:55:00+05:30,7127.5,7130.0,7104.5,7113.5,4277,0
2026-04-24 13:00:00+05:30,7108.5,7112.5,7100.5,7107.0,5151,0
2026-04-24 13:05:00+05:30,7107.0,7108.5,7086.0,7103.5,13376,0
2026-04-24 13:10:00+05:30,7104.5,7108.0,7090.0,7105.5,6040,0
2026-04-24 13:15:00+05:30,7107.0,7114.5,7099.0,7110.5,15581,0
2026-04-24 13:20:00+05:30,7110.5,7111.0,7105.0,7107.5,3063,0
2026-04-24 13:25:00+05:30,7107.0,7113.5,7105.0,7110.0,5117,0
2026-04-24 13:30:00+05:30,7111.0,7111.0,7091.0,7093.5,6754,0
2026-04-24 13:35:00+05:30,7093.5,7097.0,7084.0,7085.5,4257,0
2026-04-24 13:40:00+05:30,7086.0,7099.5,7084.0,7098.5,7574,0
2026-04-24 13:45:00+05:30,7098.5,7106.5,7096.0,7106.0,2908,0
2026-04-24 13:50:00+05:30,7106.0,7118.0,7104.0,7117.5,2625,0
2026-04-24 13:55:00+05:30,7116.0,7128.0,7110.5,7115.5,5375,0
2026-04-24 14:00:00+05:30,7118.5,7127.0,7112.5,7120.5,3914,0
2026-04-24 14:05:00+05:30,7117.5,7123.0,7110.0,7123.0,2981,0
2026-04-24 14:10:00+05:30,7123.0,7132.0,7121.5,7127.0,2923,0
2026-04-24 14:15:00+05:30,7127.0,7135.0,7117.0,7130.0,4070,0
2026-04-24 14:20:00+05:30,7130.0,7131.0,7123.0,7125.5,2233,0
2026-04-24 14:25:00+05:30,7125.5,7127.0,7120.0,7126.0,1294,0
2026-04-24 14:30:00+05:30,7126.0,7132.0,7114.5,7115.5,3499,0
2026-04-24 14:35:00+05:30,7117.5,7122.5,7113.5,7120.0,3935,0
2026-04-24 14:40:00+05:30,7120.0,7121.5,7114.0,7119.0,2533,0
2026-04-24 14:45:00+05:30,7119.5,7129.0,7115.5,7129.0,9360,0
2026-04-24 14:50:00+05:30,7128.0,7130.0,7114.0,7122.5,9979,0
2026-04-24 14:55:00+05:30,7122.5,7126.5,7117.0,7125.0,5323,0
2026-04-24 15:00:00+05:30,7126.0,7126.5,7095.0,7096.0,11614,0
2026-04-24 15:05:00+05:30,7095.0,7112.5,7093.0,7101.0,17768,0
2026-04-24 15:10:00+05:30,7101.5,7111.0,7094.0,7106.0,11198,0
2026-04-24 15:15:00+05:30,7105.5,7120.0,7105.5,7116.5,9029,0
2026-04-24 15:20:00+05:30,7117.5,7122.0,7105.5,7118.0,11584,0
2026-04-24 15:25:00+05:30,7118.0,7132.0,7106.5,7132.0,16047,0
2026-04-27 09:15:00+05:30,7150.0,7199.0,7136.5,7171.0,18339,0
2026-04-27 09:20:00+05:30,7170.5,7189.0,7165.5,7175.0,6628,0
2026-04-27 09:25:00+05:30,7174.5,7181.5,7159.5,7166.0,5954,0
2026-04-27 09:30:00+05:30,7166.0,7176.0,7146.0,7147.0,4893,0
2026-04-27 09:35:00+05:30,7147.0,7160.0,7130.0,7134.0,5597,0
2026-04-27 09:40:00+05:30,7132.5,7153.0,7132.5,7153.0,5014,0
2026-04-27 09:45:00+05:30,7153.0,7163.5,7147.0,7160.5,4943,0
2026-04-27 09:50:00+05:30,7162.5,7167.5,7154.0,7158.5,3417,0
2026-04-27 09:55:00+05:30,7162.5,7171.0,7156.0,7158.5,3410,0
2026-04-27 10:00:00+05:30,7160.5,7168.0,7152.0,7160.5,4413,0
2026-04-27 10:05:00+05:30,7157.0,7161.5,7147.0,7150.0,3010,0
2026-04-27 10:10:00+05:30,7152.5,7153.5,7136.0,7138.5,3671,0
2026-04-27 10:15:00+05:30,7139.5,7160.0,7139.0,7153.5,5171,0
2026-04-27 10:20:00+05:30,7152.0,7153.0,7133.0,7136.5,2177,0
2026-04-27 10:25:00+05:30,7136.5,7140.0,7122.5,7127.0,2771,0
2026-04-27 10:30:00+05:30,7127.0,7128.5,7110.0,7118.0,3727,0
2026-04-27 10:35:00+05:30,7117.5,7118.5,7102.0,7106.5,10983,0
2026-04-27 10:40:00+05:30,7107.5,7118.5,7104.0,7118.0,2971,0
2026-04-27 10:45:00+05:30,7116.5,7127.5,7113.0,7120.0,2589,0
2026-04-27 10:50:00+05:30,7121.0,7130.5,7119.0,7124.0,2317,0
2026-04-27 10:55:00+05:30,7124.5,7133.0,7122.5,7122.5,2009,0
2026-04-27 11:00:00+05:30,7122.0,7124.5,7112.5,7120.0,3739,0
2026-04-27 11:05:00+05:30,7119.5,7127.0,7119.5,7122.0,3738,0
2026-04-27 11:10:00+05:30,7122.0,7134.0,7122.0,7134.0,2846,0
2026-04-27 11:15:00+05:30,7133.5,7141.0,7133.5,7134.0,3578,0
2026-04-27 11:20:00+05:30,7134.0,7145.0,7130.5,7143.0,5058,0
2026-04-27 11:25:00+05:30,7143.0,7156.5,7141.0,7154.5,4886,0
2026-04-27 11:30:00+05:30,7157.0,7160.0,7147.0,7150.0,7458,0
2026-04-27 11:35:00+05:30,7150.0,7150.0,7138.0,7146.5,5113,0
2026-04-27 11:40:00+05:30,7145.5,7150.0,7138.0,7138.0,7199,0
2026-04-27 11:45:00+05:30,7138.0,7148.5,7138.0,7147.0,6703,0
2026-04-27 11:50:00+05:30,7147.5,7148.5,7140.0,7148.0,1546,0
2026-04-27 11:55:00+05:30,7147.5,7155.0,7146.5,7152.0,1114,0
2026-04-27 12:00:00+05:30,7152.0,7152.5,7143.0,7146.5,1076,0
2026-04-27 12:05:00+05:30,7146.0,7160.0,7143.5,7155.0,2941,0
2026-04-27 12:10:00+05:30,7155.5,7175.0,7155.5,7168.5,4917,0
2026-04-27 12:15:00+05:30,7168.5,7169.0,7162.0,7162.0,1709,0
2026-04-27 12:20:00+05:30,7161.5,7174.5,7161.0,7172.5,4332,0
2026-04-27 12:25:00+05:30,7172.5,7177.5,7168.0,7170.0,4552,0
2026-04-27 12:30:00+05:30,7170.0,7178.0,7170.0,7176.5,2926,0
2026-04-27 12:35:00+05:30,7176.5,7189.0,7173.0,7186.5,6051,0
2026-04-27 12:40:00+05:30,7185.5,7190.0,7183.0,7186.5,4085,0
2026-04-27 12:45:00+05:30,7186.0,7196.0,7184.0,7195.0,4451,0
2026-04-27 12:50:00+05:30,7194.5,7214.0,7189.5,7210.0,11093,0
2026-04-27 12:55:00+05:30,7209.5,7213.5,7200.0,7200.0,4104,0
2026-04-27 13:00:00+05:30,7200.5,7206.5,7198.5,7200.0,2460,0
2026-04-27 13:05:00+05:30,7200.0,7201.0,7185.0,7197.5,5717,0
2026-04-27 13:10:00+05:30,7196.5,7198.0,7191.5,7193.5,914,0
2026-04-27 13:15:00+05:30,7194.0,7205.0,7193.0,7200.0,2154,0
2026-04-27 13:20:00+05:30,7201.0,7203.0,7190.0,7190.0,1496,0
2026-04-27 13:25:00+05:30,7191.5,7197.5,7188.0,7188.0,1760,0
2026-04-27 13:30:00+05:30,7186.0,7190.5,7182.0,7190.5,2287,0
2026-04-27 13:35:00+05:30,7190.5,7195.5,7185.0,7186.0,3489,0
2026-04-27 13:40:00+05:30,7184.5,7185.0,7176.0,7180.0,3573,0
2026-04-27 13:45:00+05:30,7179.5,7182.5,7170.0,7172.0,2436,0
2026-04-27 13:50:00+05:30,7171.5,7174.0,7169.0,7174.0,2203,0
2026-04-27 13:55:00+05:30,7172.5,7175.0,7166.0,7174.5,2684,0
2026-04-27 14:00:00+05:30,7174.0,7175.5,7170.0,7172.0,3430,0
2026-04-27 14:05:00+05:30,7173.5,7174.0,7170.0,7172.0,3531,0
2026-04-27 14:10:00+05:30,7171.0,7184.0,7170.5,7184.0,2819,0
2026-04-27 14:15:00+05:30,7182.5,7184.0,7168.0,7175.0,3192,0
2026-04-27 14:20:00+05:30,7175.0,7177.5,7173.5,7175.5,3460,0
2026-04-27 14:25:00+05:30,7175.0,7189.5,7174.5,7184.5,5745,0
2026-04-27 14:30:00+05:30,7183.0,7184.5,7174.0,7175.0,3532,0
2026-04-27 14:35:00+05:30,7175.5,7176.0,7170.0,7176.0,3048,0
2026-04-27 14:40:00+05:30,7175.5,7176.0,7170.0,7173.0,2229,0
2026-04-27 14:45:00+05:30,7172.5,7173.5,7165.5,7168.0,2626,0
2026-04-27 14:50:00+05:30,7166.0,7172.0,7166.0,7170.5,2848,0
2026-04-27 14:55:00+05:30,7170.0,7180.5,7166.0,7171.0,5974,0
2026-04-27 15:00:00+05:30,7171.0,7174.5,7166.0,7171.5,6434,0
2026-04-27 15:05:00+05:30,7171.0,7172.0,7166.0,7169.0,5046,0
2026-04-27 15:10:00+05:30,7169.0,7174.5,7165.0,7170.0,8617,0
2026-04-27 15:15:00+05:30,7170.5,7174.0,7165.0,7168.0,6983,0
2026-04-27 15:20:00+05:30,7168.0,7192.0,7165.0,7180.0,16450,0
2026-04-27 15:25:00+05:30,7180.0,7185.0,7170.0,7178.0,9302,0
2026-04-28 09:15:00+05:30,7170.0,7209.5,7140.0,7196.0,14714,0
2026-04-28 09:20:00+05:30,7196.0,7212.5,7196.0,7207.0,7723,0
2026-04-28 09:25:00+05:30,7206.0,7220.0,7205.0,7218.0,8531,0
2026-04-28 09:30:00+05:30,7218.0,7239.0,7215.0,7228.0,8777,0
2026-04-28 09:35:00+05:30,7225.0,7245.5,7217.5,7245.5,7615,0
2026-04-28 09:40:00+05:30,7247.0,7254.0,7241.0,7244.0,9086,0
2026-04-28 09:45:00+05:30,7242.0,7249.0,7234.0,7235.0,3077,0
2026-04-28 09:50:00+05:30,7235.0,7235.0,7220.5,7232.0,2480,0
2026-04-28 09:55:00+05:30,7232.0,7235.0,7221.0,7221.0,1398,0
2026-04-28 10:00:00+05:30,7221.0,7227.5,7217.5,7221.5,2808,0
2026-04-28 10:05:00+05:30,7220.0,7228.0,7210.5,7226.0,4494,0
2026-04-28 10:10:00+05:30,7227.0,7227.0,7223.0,7225.0,2919,0
2026-04-28 10:15:00+05:30,7225.5,7231.5,7222.0,7231.0,6686,0
2026-04-28 10:20:00+05:30,7231.0,7233.5,7226.5,7231.0,2879,0
2026-04-28 10:25:00+05:30,7230.5,7231.0,7224.5,7227.0,1296,0
2026-04-28 10:30:00+05:30,7227.0,7227.0,7205.0,7211.0,16284,0
2026-04-28 10:35:00+05:30,7211.0,7220.0,7202.0,7204.5,10982,0
2026-04-28 10:40:00+05:30,7205.0,7205.5,7198.5,7203.0,5948,0
2026-04-28 10:45:00+05:30,7205.0,7206.5,7200.0,7202.5,4395,0
2026-04-28 10:50:00+05:30,7203.0,7203.0,7199.0,7202.5,2485,0
2026-04-28 10:55:00+05:30,7202.5,7204.0,7193.5,7201.0,5892,0
2026-04-28 11:00:00+05:30,7200.0,7201.5,7197.5,7200.5,7125,0
2026-04-28 11:05:00+05:30,7200.0,7202.0,7198.0,7200.0,5966,0
2026-04-28 11:10:00+05:30,7201.0,7202.0,7197.5,7200.0,3171,0
2026-04-28 11:15:00+05:30,7200.0,7209.0,7197.0,7208.5,8070,0
2026-04-28 11:20:00+05:30,7209.0,7210.0,7178.0,7178.0,9668,0
2026-04-28 11:25:00+05:30,7180.5,7181.5,7132.5,7147.0,19486,0
2026-04-28 11:30:00+05:30,7149.5,7157.5,7142.0,7143.5,12435,0
2026-04-28 11:35:00+05:30,7141.5,7153.0,7133.5,7133.5,16460,0
2026-04-28 11:40:00+05:30,7134.0,7138.5,7127.0,7138.0,7717,0
2026-04-28 11:45:00+05:30,7138.0,7147.0,7133.0,7141.5,13674,0
2026-04-28 11:50:00+05:30,7143.5,7151.5,7131.0,7131.0,14023,0
2026-04-28 11:55:00+05:30,7132.5,7133.0,7090.0,7093.0,11357,0
2026-04-28 12:00:00+05:30,7093.5,7094.0,7071.0,7074.5,6889,0
2026-04-28 12:05:00+05:30,7074.0,7075.5,7065.5,7069.5,6355,0
2026-04-28 12:10:00+05:30,7069.5,7071.5,7060.0,7065.5,6130,0
2026-04-28 12:15:00+05:30,7065.0,7093.0,7061.5,7062.0,16308,0
2026-04-28 12:20:00+05:30,7062.0,7065.5,7053.0,7059.5,7739,0
2026-04-28 12:25:00+05:30,7059.0,7062.5,7055.5,7058.0,5135,0
2026-04-28 12:30:00+05:30,7061.0,7062.5,7054.5,7057.0,3946,0
2026-04-28 12:35:00+05:30,7057.0,7064.0,7056.5,7058.0,3891,0
2026-04-28 12:40:00+05:30,7059.0,7082.5,7058.5,7078.0,16839,0
2026-04-28 12:45:00+05:30,7078.0,7084.0,7075.0,7081.5,4447,0
2026-04-28 12:50:00+05:30,7081.0,7092.5,7078.0,7090.5,4040,0
2026-04-28 12:55:00+05:30,7091.5,7092.0,7078.0,7088.0,3926,0
2026-04-28 13:00:00+05:30,7085.5,7094.0,7085.0,7090.5,3710,0
2026-04-28 13:05:00+05:30,7092.0,7100.5,7087.5,7095.0,8799,0
2026-04-28 13:10:00+05:30,7095.0,7100.0,7086.0,7086.0,9599,0
2026-04-28 13:15:00+05:30,7085.0,7095.0,7082.0,7087.5,6602,0
2026-04-28 13:20:00+05:30,7087.5,7092.5,7077.5,7091.0,6341,0
2026-04-28 13:25:00+05:30,7091.5,7094.5,7082.0,7082.0,4321,0
2026-04-28 13:30:00+05:30,7082.0,7082.5,7070.0,7072.5,4542,0
2026-04-28 13:35:00+05:30,7073.0,7082.0,7068.5,7071.0,6950,0
2026-04-28 13:40:00+05:30,7071.5,7082.0,7066.5,7080.0,5765,0
2026-04-28 13:45:00+05:30,7077.0,7079.5,7070.0,7073.5,3743,0
2026-04-28 13:50:00+05:30,7075.5,7081.5,7070.5,7073.5,2647,0
2026-04-28 13:55:00+05:30,7074.0,7084.5,7071.0,7081.0,3453,0
2026-04-28 14:00:00+05:30,7078.5,7081.0,7074.0,7076.0,2782,0
2026-04-28 14:05:00+05:30,7078.0,7092.5,7071.5,7092.0,7792,0
2026-04-28 14:10:00+05:30,7092.0,7092.0,7079.0,7081.0,8758,0
2026-04-28 14:15:00+05:30,7083.0,7089.5,7079.0,7084.0,4010,0
2026-04-28 14:20:00+05:30,7084.0,7090.0,7079.5,7086.0,2963,0
2026-04-28 14:25:00+05:30,7086.0,7087.0,7075.0,7078.5,1749,0
2026-04-28 14:30:00+05:30,7077.0,7097.0,7077.0,7095.0,5078,0
2026-04-28 14:35:00+05:30,7094.5,7104.0,7093.0,7099.0,4385,0
2026-04-28 14:40:00+05:30,7099.0,7101.0,7085.0,7097.5,12834,0
2026-04-28 14:45:00+05:30,7097.5,7098.5,7085.5,7092.0,7397,0
2026-04-28 14:50:00+05:30,7095.5,7100.0,7085.0,7085.0,7980,0
2026-04-28 14:55:00+05:30,7085.0,7100.0,7077.5,7092.0,8786,0
2026-04-28 15:00:00+05:30,7092.0,7094.5,7062.5,7063.0,12278,0
2026-04-28 15:05:00+05:30,7063.0,7090.0,7059.5,7068.5,15910,0
2026-04-28 15:10:00+05:30,7068.0,7084.0,7065.0,7072.0,12173,0
2026-04-28 15:15:00+05:30,7074.5,7079.0,7067.0,7068.5,9968,0
2026-04-28 15:20:00+05:30,7069.5,7071.0,7060.0,7063.0,13553,0
2026-04-28 15:25:00+05:30,7066.0,7084.5,7060.5,7075.0,9920,0
2026-04-29 09:15:00+05:30,7106.0,7196.5,7099.0,7172.5,20119,0
2026-04-29 09:20:00+05:30,7176.0,7202.5,7163.5,7180.0,7322,0
2026-04-29 09:25:00+05:30,7179.0,7217.0,7175.0,7214.0,9493,0
2026-04-29 09:30:00+05:30,7210.0,7240.0,7210.0,7210.5,13894,0
2026-04-29 09:35:00+05:30,7211.0,7217.5,7202.5,7208.0,6517,0
2026-04-29 09:40:00+05:30,7208.0,7228.0,7202.0,7225.0,6080,0
2026-04-29 09:45:00+05:30,7227.5,7244.0,7227.5,7243.0,12081,0
2026-04-29 09:50:00+05:30,7244.5,7294.0,7242.5,7288.0,29755,0
2026-04-29 09:55:00+05:30,7288.0,7288.5,7262.0,7273.0,7334,0
2026-04-29 10:00:00+05:30,7273.5,7286.5,7235.5,7238.5,10981,0
2026-04-29 10:05:00+05:30,7241.0,7245.5,7229.0,7239.5,7277,0
2026-04-29 10:10:00+05:30,7239.0,7247.5,7231.0,7231.0,3578,0
2026-04-29 10:15:00+05:30,7231.0,7249.5,7230.5,7247.0,5426,0
2026-04-29 10:20:00+05:30,7247.5,7261.0,7247.0,7251.5,6343,0
2026-04-29 10:25:00+05:30,7251.5,7254.0,7242.0,7246.5,4315,0
2026-04-29 10:30:00+05:30,7245.0,7245.0,7233.5,7238.0,3428,0
2026-04-29 10:35:00+05:30,7236.5,7243.0,7230.0,7236.0,3626,0
2026-04-29 10:40:00+05:30,7235.5,7240.0,7219.5,7225.5,5146,0
2026-04-29 10:45:00+05:30,7224.0,7230.0,7218.0,7225.0,4266,0
2026-04-29 10:50:00+05:30,7225.0,7230.0,7224.5,7228.5,3732,0
2026-04-29 10:55:00+05:30,7228.5,7236.0,7223.5,7232.5,7744,0
2026-04-29 11:00:00+05:30,7233.5,7240.0,7223.0,7225.0,3914,0
2026-04-29 11:05:00+05:30,7223.5,7233.5,7220.0,7227.5,3137,0
2026-04-29 11:10:00+05:30,7225.5,7232.0,7220.5,7229.5,3121,0
2026-04-29 11:15:00+05:30,7230.5,7238.5,7222.0,7228.0,3281,0
2026-04-29 11:20:00+05:30,7229.0,7236.0,7225.0,7227.0,2853,0
2026-04-29 11:25:00+05:30,7226.0,7233.5,7225.0,7227.0,2722,0
2026-04-29 11:30:00+05:30,7225.0,7256.0,7225.0,7247.5,9567,0
2026-04-29 11:35:00+05:30,7249.0,7268.5,7246.0,7254.0,7493,0
2026-04-29 11:40:00+05:30,7254.0,7261.5,7251.0,7256.0,3403,0
2026-04-29 11:45:00+05:30,7256.0,7258.0,7250.0,7253.5,3238,0
2026-04-29 11:50:00+05:30,7254.0,7255.5,7250.0,7251.0,2571,0
2026-04-29 11:55:00+05:30,7250.0,7263.0,7250.0,7263.0,3883,0
2026-04-29 12:00:00+05:30,7260.5,7263.5,7257.0,7258.5,2655,0
2026-04-29 12:05:00+05:30,7258.5,7263.5,7254.5,7256.0,3485,0
2026-04-29 12:10:00+05:30,7256.0,7270.0,7255.5,7269.0,4800,0
2026-04-29 12:15:00+05:30,7269.0,7275.0,7265.0,7269.0,4380,0
2026-04-29 12:20:00+05:30,7267.5,7274.5,7265.0,7273.5,3892,0
2026-04-29 12:25:00+05:30,7273.5,7287.5,7273.5,7281.0,7870,0
2026-04-29 12:30:00+05:30,7280.5,7283.5,7276.5,7281.5,3133,0
2026-04-29 12:35:00+05:30,7281.0,7285.5,7276.5,7278.5,5256,0
2026-04-29 12:40:00+05:30,7277.0,7286.0,7277.0,7283.5,3441,0
2026-04-29 12:45:00+05:30,7282.0,7289.0,7281.5,7285.0,10060,0
2026-04-29 12:50:00+05:30,7286.0,7290.0,7285.0,7286.0,4901,0
2026-04-29 12:55:00+05:30,7286.0,7288.5,7277.5,7281.5,7391,0
2026-04-29 13:00:00+05:30,7279.0,7289.0,7278.0,7283.0,4076,0
2026-04-29 13:05:00+05:30,7283.0,7285.5,7272.0,7273.5,4589,0
2026-04-29 13:10:00+05:30,7273.5,7277.5,7265.0,7266.5,4933,0
2026-04-29 13:15:00+05:30,7265.0,7272.0,7265.0,7266.5,3573,0
2026-04-29 13:20:00+05:30,7266.0,7269.0,7259.0,7266.0,6969,0
2026-04-29 13:25:00+05:30,7265.5,7267.5,7255.0,7257.5,8027,0
2026-04-29 13:30:00+05:30,7257.5,7265.5,7256.0,7262.0,4169,0
2026-04-29 13:35:00+05:30,7261.5,7262.5,7246.0,7257.0,6752,0
2026-04-29 13:40:00+05:30,7257.0,7258.0,7240.0,7242.5,6501,0
2026-04-29 13:45:00+05:30,7241.0,7244.0,7230.5,7235.5,3993,0
2026-04-29 13:50:00+05:30,7235.5,7252.5,7235.0,7241.5,3530,0
2026-04-29 13:55:00+05:30,7241.0,7248.5,7231.0,7232.5,2948,0
2026-04-29 14:00:00+05:30,7232.0,7237.5,7219.5,7225.0,4840,0
2026-04-29 14:05:00+05:30,7225.0,7237.0,7223.0,7230.0,2465,0
2026-04-29 14:10:00+05:30,7230.0,7237.5,7223.5,7225.0,6655,0
2026-04-29 14:15:00+05:30,7224.5,7230.0,7202.5,7205.0,23736,0
2026-04-29 14:20:00+05:30,7205.5,7214.0,7202.5,7211.0,12905,0
2026-04-29 14:25:00+05:30,7210.0,7210.0,7182.5,7183.5,21000,0
2026-04-29 14:30:00+05:30,7183.0,7183.0,7172.5,7181.5,5351,0
2026-04-29 14:35:00+05:30,7181.0,7187.5,7173.5,7180.5,6498,0
2026-04-29 14:40:00+05:30,7180.0,7200.0,7180.0,7192.0,9782,0
2026-04-29 14:45:00+05:30,7191.0,7196.5,7186.5,7192.0,5484,0
2026-04-29 14:50:00+05:30,7191.0,7197.0,7190.0,7195.0,3446,0
2026-04-29 14:55:00+05:30,7193.5,7195.5,7175.0,7175.0,9080,0
2026-04-29 15:00:00+05:30,7176.0,7195.5,7175.0,7188.0,10631,0
2026-04-29 15:05:00+05:30,7188.0,7199.0,7183.0,7195.5,8439,0
2026-04-29 15:10:00+05:30,7195.0,7197.0,7187.5,7188.0,9930,0
2026-04-29 15:15:00+05:30,7188.0,7195.5,7179.0,7180.5,12728,0
2026-04-29 15:20:00+05:30,7180.5,7191.5,7180.0,7189.5,12265,0
2026-04-29 15:25:00+05:30,7188.5,7199.0,7181.0,7185.0,8375,0
2026-04-30 09:15:00+05:30,7120.0,7146.0,7064.5,7087.0,36797,0
2026-04-30 09:20:00+05:30,7087.5,7091.5,7050.5,7060.0,14119,0
2026-04-30 09:25:00+05:30,7059.5,7062.0,7035.0,7039.5,9336,0
2026-04-30 09:30:00+05:30,7038.0,7044.5,7030.0,7040.0,7215,0
2026-04-30 09:35:00+05:30,7039.5,7051.0,7017.0,7025.0,9628,0
2026-04-30 09:40:00+05:30,7023.5,7037.5,7017.0,7028.0,5874,0
2026-04-30 09:45:00+05:30,7028.0,7044.0,7025.0,7035.0,3556,0
2026-04-30 09:50:00+05:30,7035.0,7039.0,7030.0,7030.0,2861,0
2026-04-30 09:55:00+05:30,7031.0,7033.0,7007.0,7012.0,5806,0
2026-04-30 10:00:00+05:30,7013.5,7014.0,7005.0,7006.0,5911,0
2026-04-30 10:05:00+05:30,7008.5,7014.5,6985.5,6986.0,13979,0
2026-04-30 10:10:00+05:30,6986.0,6994.0,6980.0,6982.5,7250,0
2026-04-30 10:15:00+05:30,6982.0,6999.0,6978.0,6996.5,5507,0
2026-04-30 10:20:00+05:30,6996.5,7022.5,6995.0,7013.0,7334,0
2026-04-30 10:25:00+05:30,7010.5,7021.5,7010.5,7016.5,2334,0
2026-04-30 10:30:00+05:30,7016.5,7021.5,7015.0,7018.5,2121,0
2026-04-30 10:35:00+05:30,7020.0,7069.0,7016.0,7060.0,8905,0
2026-04-30 10:40:00+05:30,7056.5,7072.0,7052.0,7063.0,6088,0
2026-04-30 10:45:00+05:30,7064.5,7070.0,7051.0,7059.0,4371,0
2026-04-30 10:50:00+05:30,7058.5,7061.0,7050.0,7060.0,2489,0
2026-04-30 10:55:00+05:30,7058.5,7059.0,7045.0,7054.0,2361,0
2026-04-30 11:00:00+05:30,7052.0,7060.0,7045.0,7049.0,1586,0
2026-04-30 11:05:00+05:30,7049.0,7050.0,7040.5,7044.5,2149,0
2026-04-30 11:10:00+05:30,7044.5,7045.0,7008.0,7009.5,3763,0
2026-04-30 11:15:00+05:30,7009.5,7030.0,7004.0,7028.0,2588,0
2026-04-30 11:20:00+05:30,7028.0,7031.0,7020.0,7020.0,1780,0
2026-04-30 11:25:00+05:30,7020.0,7023.5,7012.0,7017.0,1936,0
2026-04-30 11:30:00+05:30,7017.0,7017.0,7002.0,7006.0,2121,0
2026-04-30 11:35:00+05:30,7006.5,7016.0,7003.0,7007.5,2372,0
2026-04-30 11:40:00+05:30,7007.5,7022.0,7007.5,7012.5,4626,0
2026-04-30 11:45:00+05:30,7015.5,7021.0,7010.0,7015.0,4480,0
2026-04-30 11:50:00+05:30,7013.5,7015.0,7003.5,7004.5,6464,0
2026-04-30 11:55:00+05:30,7004.0,7016.0,7003.5,7014.0,3430,0
2026-04-30 12:00:00+05:30,7013.0,7016.5,7011.0,7014.5,3293,0
2026-04-30 12:05:00+05:30,7013.0,7023.5,7013.0,7018.5,1710,0
2026-04-30 12:10:00+05:30,7018.5,7023.0,7015.5,7023.0,1593,0
2026-04-30 12:15:00+05:30,7021.0,7028.0,7020.0,7025.5,4086,0
2026-04-30 12:20:00+05:30,7025.5,7039.5,7023.0,7038.0,4213,0
2026-04-30 12:25:00+05:30,7037.5,7043.0,7031.5,7034.5,4160,0
2026-04-30 12:30:00+05:30,7034.5,7042.5,7033.0,7040.0,1787,0
2026-04-30 12:35:00+05:30,7040.0,7048.5,7031.5,7044.0,2225,0
2026-04-30 12:40:00+05:30,7045.0,7049.0,7041.5,7044.0,1593,0
2026-04-30 12:45:00+05:30,7044.5,7049.0,7042.0,7046.0,2040,0
2026-04-30 12:50:00+05:30,7047.0,7057.0,7045.0,7056.5,3116,0
2026-04-30 12:55:00+05:30,7056.5,7058.0,7050.0,7050.0,2683,0
2026-04-30 13:00:00+05:30,7051.5,7055.0,7042.0,7052.0,3684,0
2026-04-30 13:05:00+05:30,7051.5,7057.5,7042.0,7055.5,4582,0
2026-04-30 13:10:00+05:30,7055.5,7055.5,7046.0,7046.5,5276,0
2026-04-30 13:15:00+05:30,7046.5,7047.5,7035.0,7036.0,1751,0
2026-04-30 13:20:00+05:30,7036.0,7049.0,7030.0,7049.0,3132,0
2026-04-30 13:25:00+05:30,7049.0,7049.0,7039.0,7039.0,3820,0
2026-04-30 13:30:00+05:30,7039.0,7046.0,7030.0,7046.0,19379,0
2026-04-30 13:35:00+05:30,7046.0,7049.5,7037.0,7037.0,4212,0
2026-04-30 13:40:00+05:30,7037.0,7049.0,7034.0,7044.5,16096,0
2026-04-30 13:45:00+05:30,7045.0,7061.5,7042.5,7058.0,12599,0
2026-04-30 13:50:00+05:30,7059.0,7062.0,7046.0,7060.0,16679,0
2026-04-30 13:55:00+05:30,7062.0,7070.0,7055.0,7059.5,4803,0
2026-04-30 14:00:00+05:30,7059.0,7059.5,7049.0,7054.5,2558,0
2026-04-30 14:05:00+05:30,7054.5,7077.5,7045.0,7075.0,9450,0
2026-04-30 14:10:00+05:30,7075.5,7096.5,7068.5,7084.5,16438,0
2026-04-30 14:15:00+05:30,7084.5,7099.0,7082.5,7087.0,14470,0
2026-04-30 14:20:00+05:30,7086.5,7097.0,7083.0,7095.0,4516,0
2026-04-30 14:25:00+05:30,7095.0,7109.0,7087.0,7106.5,7239,0
2026-04-30 14:30:00+05:30,7106.5,7125.0,7106.5,7121.5,4920,0
2026-04-30 14:35:00+05:30,7123.0,7135.0,7121.0,7132.5,4145,0
2026-04-30 14:40:00+05:30,7130.0,7135.0,7126.0,7134.5,3120,0
2026-04-30 14:45:00+05:30,7134.5,7136.0,7120.0,7120.0,3807,0
2026-04-30 14:50:00+05:30,7121.0,7135.0,7110.0,7134.0,6573,0
2026-04-30 14:55:00+05:30,7133.0,7146.0,7130.5,7145.5,5061,0
2026-04-30 15:00:00+05:30,7144.5,7146.0,7111.5,7113.5,23098,0
2026-04-30 15:05:00+05:30,7114.5,7121.5,7107.0,7114.0,21730,0
2026-04-30 15:10:00+05:30,7114.0,7114.0,7101.0,7110.0,21791,0
2026-04-30 15:15:00+05:30,7111.5,7113.5,7104.0,7107.0,15804,0
2026-04-30 15:20:00+05:30,7106.0,7112.0,7094.0,7110.5,25575,0
2026-04-30 15:25:00+05:30,7110.0,7114.0,7090.0,7110.0,18542,0
2026-05-04 09:15:00+05:30,7109.0,7224.5,7070.0,7200.0,47019,0
2026-05-04 09:20:00+05:30,7203.0,7279.0,7197.0,7266.0,21493,0
2026-05-04 09:25:00+05:30,7266.0,7310.5,7266.0,7308.5,21010,0
2026-05-04 09:30:00+05:30,7310.0,7310.5,7278.5,7282.5,14532,0
2026-05-04 09:35:00+05:30,7284.5,7291.5,7251.0,7257.5,11070,0
2026-05-04 09:40:00+05:30,7259.5,7262.0,7231.0,7241.5,10049,0
2026-05-04 09:45:00+05:30,7242.5,7243.0,7208.5,7225.5,8005,0
2026-05-04 09:50:00+05:30,7224.0,7248.5,7222.0,7241.5,6438,0
2026-05-04 09:55:00+05:30,7242.5,7255.5,7235.5,7246.5,6743,0
2026-05-04 10:00:00+05:30,7247.0,7252.0,7229.0,7233.0,7292,0
2026-05-04 10:05:00+05:30,7235.0,7242.0,7227.0,7233.0,7510,0
2026-05-04 10:10:00+05:30,7231.5,7235.5,7203.0,7204.5,10020,0
2026-05-04 10:15:00+05:30,7204.5,7210.0,7184.5,7205.0,6573,0
2026-05-04 10:20:00+05:30,7200.0,7207.0,7187.0,7187.0,6845,0
2026-05-04 10:25:00+05:30,7187.0,7195.5,7173.0,7195.5,6586,0
2026-05-04 10:30:00+05:30,7195.5,7215.5,7184.5,7200.0,4666,0
2026-05-04 10:35:00+05:30,7200.0,7202.0,7189.0,7199.0,2895,0
2026-05-04 10:40:00+05:30,7198.5,7199.0,7182.0,7185.0,3506,0
2026-05-04 10:45:00+05:30,7185.0,7211.5,7170.5,7207.5,7518,0
2026-05-04 10:50:00+05:30,7207.0,7224.5,7200.5,7206.0,4049,0
2026-05-04 10:55:00+05:30,7206.0,7214.0,7200.0,7200.0,2075,0
2026-05-04 11:00:00+05:30,7202.5,7202.5,7188.0,7199.5,1462,0
2026-05-04 11:05:00+05:30,7199.5,7213.5,7182.5,7212.5,13634,0
2026-05-04 11:10:00+05:30,7213.0,7216.5,7206.0,7215.0,1905,0
2026-05-04 11:15:00+05:30,7215.0,7228.0,7211.5,7227.0,3048,0
2026-05-04 11:20:00+05:30,7227.0,7240.0,7220.0,7225.0,3690,0
2026-05-04 11:25:00+05:30,7225.0,7225.0,7214.0,7214.5,18090,0
2026-05-04 11:30:00+05:30,7214.5,7223.0,7211.0,7216.5,4110,0
2026-05-04 11:35:00+05:30,7214.0,7229.5,7214.0,7226.5,4634,0
2026-05-04 11:40:00+05:30,7226.5,7226.5,7217.5,7221.0,678,0
2026-05-04 11:45:00+05:30,7221.5,7225.0,7197.5,7224.5,10093,0
2026-05-04 11:50:00+05:30,7223.0,7227.0,7215.0,7220.0,2838,0
2026-05-04 11:55:00+05:30,7220.0,7226.5,7217.5,7226.5,1360,0
2026-05-04 12:00:00+05:30,7225.5,7226.5,7218.0,7220.5,4608,0
2026-05-04 12:05:00+05:30,7221.5,7222.0,7197.5,7207.0,24388,0
2026-05-04 12:10:00+05:30,7207.0,7207.0,7170.0,7170.5,10957,0
2026-05-04 12:15:00+05:30,7170.5,7185.5,7156.0,7185.5,7725,0
2026-05-04 12:20:00+05:30,7185.5,7195.5,7180.0,7186.0,7048,0
2026-05-04 12:25:00+05:30,7186.0,7194.0,7181.5,7189.0,4726,0
2026-05-04 12:30:00+05:30,7189.0,7194.5,7181.0,7186.0,5857,0
2026-05-04 12:35:00+05:30,7186.0,7197.5,7186.0,7194.5,4234,0
2026-05-04 12:40:00+05:30,7194.5,7196.0,7183.5,7184.0,5935,0
2026-05-04 12:45:00+05:30,7184.5,7192.0,7179.0,7188.0,7780,0
2026-05-04 12:50:00+05:30,7188.0,7204.0,7182.5,7199.0,12338,0
2026-05-04 12:55:00+05:30,7197.0,7202.0,7196.0,7202.0,4229,0
2026-05-04 13:00:00+05:30,7202.0,7210.0,7200.5,7210.0,1337,0
2026-05-04 13:05:00+05:30,7209.5,7214.0,7200.0,7214.0,5861,0
2026-05-04 13:10:00+05:30,7213.5,7223.0,7213.5,7219.0,2525,0
2026-05-04 13:15:00+05:30,7219.0,7222.5,7210.0,7221.0,6499,0
2026-05-04 13:20:00+05:30,7221.0,7221.0,7210.0,7216.5,6688,0
2026-05-04 13:25:00+05:30,7216.5,7227.0,7210.0,7213.0,5868,0
2026-05-04 13:30:00+05:30,7213.0,7227.0,7208.0,7215.0,11270,0
2026-05-04 13:35:00+05:30,7215.0,7222.0,7210.0,7220.0,4240,0
2026-05-04 13:40:00+05:30,7223.0,7257.0,7219.5,7254.0,9928,0
2026-05-04 13:45:00+05:30,7254.0,7264.0,7248.5,7258.0,4639,0
2026-05-04 13:50:00+05:30,7258.0,7264.5,7251.5,7260.0,2897,0
2026-05-04 13:55:00+05:30,7261.0,7265.0,7246.5,7258.0,4484,0
2026-05-04 14:00:00+05:30,7260.0,7265.0,7252.0,7263.5,2835,0
2026-05-04 14:05:00+05:30,7264.0,7280.0,7263.5,7280.0,6008,0
2026-05-04 14:10:00+05:30,7279.0,7308.5,7278.0,7308.5,20069,0
2026-05-04 14:15:00+05:30,7307.0,7348.5,7307.0,7341.5,20366,0
2026-05-04 14:20:00+05:30,7341.5,7345.0,7322.0,7322.0,10293,0
2026-05-04 14:25:00+05:30,7322.0,7329.0,7316.0,7325.5,8499,0
2026-05-04 14:30:00+05:30,7326.0,7328.0,7314.0,7328.0,7273,0
2026-05-04 14:35:00+05:30,7327.0,7330.0,7320.0,7323.0,8300,0
2026-05-04 14:40:00+05:30,7322.0,7328.5,7305.5,7325.5,15917,0
2026-05-04 14:45:00+05:30,7323.5,7323.5,7300.0,7306.0,15135,0
2026-05-04 14:50:00+05:30,7306.0,7329.0,7302.5,7327.0,12939,0
2026-05-04 14:55:00+05:30,7326.0,7331.5,7316.5,7327.0,11278,0
2026-05-04 15:00:00+05:30,7327.0,7333.0,7320.5,7327.0,13079,0
2026-05-04 15:05:00+05:30,7328.5,7343.5,7324.5,7339.5,15809,0
2026-05-04 15:10:00+05:30,7339.5,7344.5,7336.5,7342.0,12599,0
2026-05-04 15:15:00+05:30,7342.0,7343.0,7316.5,7323.0,16609,0
2026-05-04 15:20:00+05:30,7322.5,7331.5,7315.5,7325.0,18010,0
2026-05-04 15:25:00+05:30,7324.0,7336.0,7310.0,7330.0,21824,0
2026-05-05 09:15:00+05:30,7325.0,7325.0,7246.0,7285.5,25662,0
2026-05-05 09:20:00+05:30,7285.5,7330.0,7270.0,7311.0,13873,0
2026-05-05 09:25:00+05:30,7309.5,7311.5,7270.0,7289.0,16744,0
2026-05-05 09:30:00+05:30,7287.5,7314.0,7285.5,7310.5,4135,0
2026-05-05 09:35:00+05:30,7308.0,7316.0,7292.5,7306.0,7004,0
2026-05-05 09:40:00+05:30,7305.0,7317.0,7299.0,7307.0,3872,0
2026-05-05 09:45:00+05:30,7305.5,7318.0,7297.5,7302.5,6293,0
2026-05-05 09:50:00+05:30,7303.5,7305.5,7294.0,7296.5,1929,0
2026-05-05 09:55:00+05:30,7295.0,7305.5,7286.0,7288.0,4447,0
2026-05-05 10:00:00+05:30,7287.5,7288.0,7270.0,7273.0,15313,0
2026-05-05 10:05:00+05:30,7272.0,7277.0,7266.5,7268.0,5007,0
2026-05-05 10:10:00+05:30,7268.0,7275.0,7260.0,7267.5,4628,0
2026-05-05 10:15:00+05:30,7267.5,7280.0,7257.0,7266.5,9015,0
2026-05-05 10:20:00+05:30,7267.0,7273.5,7260.0,7260.5,2659,0
2026-05-05 10:25:00+05:30,7260.5,7261.5,7245.0,7252.5,7619,0
2026-05-05 10:30:00+05:30,7252.5,7254.5,7241.0,7246.5,4789,0
2026-05-05 10:35:00+05:30,7248.5,7263.0,7245.0,7258.0,4409,0
2026-05-05 10:40:00+05:30,7258.0,7269.5,7247.0,7260.0,8108,0
2026-05-05 10:45:00+05:30,7260.0,7265.0,7248.0,7248.0,3841,0
2026-05-05 10:50:00+05:30,7250.0,7250.0,7230.0,7232.0,3776,0
2026-05-05 10:55:00+05:30,7231.5,7247.5,7230.0,7232.0,10282,0
2026-05-05 11:00:00+05:30,7232.0,7250.0,7230.0,7248.5,1973,0
2026-05-05 11:05:00+05:30,7246.5,7256.5,7238.5,7249.0,5282,0
2026-05-05 11:10:00+05:30,7249.5,7268.5,7247.0,7256.5,8529,0
2026-05-05 11:15:00+05:30,7253.5,7264.5,7249.5,7250.0,1980,0
2026-05-05 11:20:00+05:30,7252.0,7253.5,7234.0,7245.5,6870,0
2026-05-05 11:25:00+05:30,7244.5,7251.0,7232.0,7232.0,4244,0
2026-05-05 11:30:00+05:30,7234.0,7237.0,7221.5,7232.5,11049,0
2026-05-05 11:35:00+05:30,7232.5,7237.0,7228.0,7230.5,2295,0
2026-05-05 11:40:00+05:30,7230.5,7234.0,7213.5,7220.0,13860,0
2026-05-05 11:45:00+05:30,7222.0,7245.0,7222.0,7240.0,5263,0
2026-05-05 11:50:00+05:30,7240.5,7249.5,7240.0,7241.0,7286,0
2026-05-05 11:55:00+05:30,7241.0,7249.0,7240.0,7249.0,2003,0
2026-05-05 12:00:00+05:30,7247.0,7258.0,7246.0,7254.5,4185,0
2026-05-05 12:05:00+05:30,7253.0,7259.0,7252.0,7258.0,1350,0
2026-05-05 12:10:00+05:30,7255.5,7269.0,7255.0,7267.0,9963,0
2026-05-05 12:15:00+05:30,7265.5,7276.5,7264.5,7274.5,3773,0
2026-05-05 12:20:00+05:30,7276.0,7289.5,7270.5,7280.5,2355,0
2026-05-05 12:25:00+05:30,7281.5,7289.5,7270.0,7273.5,3155,0
2026-05-05 12:30:00+05:30,7273.0,7286.0,7272.5,7285.5,5283,0
2026-05-05 12:35:00+05:30,7285.5,7305.0,7280.0,7303.5,5717,0
2026-05-05 12:40:00+05:30,7303.5,7303.5,7290.5,7294.0,2477,0
2026-05-05 12:45:00+05:30,7295.0,7298.0,7274.5,7276.5,6038,0
2026-05-05 12:50:00+05:30,7276.5,7278.0,7250.5,7260.0,11754,0
2026-05-05 12:55:00+05:30,7261.0,7270.0,7250.0,7270.0,9800,0
2026-05-05 13:00:00+05:30,7270.0,7293.0,7270.0,7287.0,4187,0
2026-05-05 13:05:00+05:30,7288.5,7329.5,7285.0,7329.5,10592,0
2026-05-05 13:10:00+05:30,7330.0,7345.0,7321.0,7335.0,6528,0
2026-05-05 13:15:00+05:30,7335.0,7335.5,7310.0,7313.5,4941,0
2026-05-05 13:20:00+05:30,7313.5,7316.5,7307.0,7314.5,4190,0
2026-05-05 13:25:00+05:30,7314.5,7315.5,7303.5,7310.5,3068,0
2026-05-05 13:30:00+05:30,7309.5,7312.5,7305.0,7306.0,3117,0
2026-05-05 13:35:00+05:30,7306.0,7309.0,7297.0,7301.0,2356,0
2026-05-05 13:40:00+05:30,7302.0,7310.0,7300.5,7301.5,2972,0
2026-05-05 13:45:00+05:30,7304.5,7307.0,7290.5,7296.5,3638,0
2026-05-05 13:50:00+05:30,7296.5,7299.0,7284.5,7293.0,5321,0
2026-05-05 13:55:00+05:30,7293.0,7308.0,7288.0,7291.5,4056,0
2026-05-05 14:00:00+05:30,7291.5,7302.0,7285.5,7300.5,7595,0
2026-05-05 14:05:00+05:30,7300.5,7302.0,7285.5,7290.0,2335,0
2026-05-05 14:10:00+05:30,7291.5,7306.5,7288.0,7304.0,15771,0
2026-05-05 14:15:00+05:30,7302.0,7315.0,7301.0,7313.0,2806,0
2026-05-05 14:20:00+05:30,7314.5,7315.5,7309.0,7309.5,2224,0
2026-05-05 14:25:00+05:30,7310.5,7312.0,7306.0,7309.0,2674,0
2026-05-05 14:30:00+05:30,7309.0,7311.5,7300.0,7309.5,4839,0
2026-05-05 14:35:00+05:30,7309.5,7311.0,7300.0,7306.0,4626,0
2026-05-05 14:40:00+05:30,7306.0,7310.0,7300.0,7305.5,4008,0
2026-05-05 14:45:00+05:30,7304.5,7309.0,7292.5,7305.5,10813,0
2026-05-05 14:50:00+05:30,7305.5,7311.0,7300.0,7308.0,4788,0
2026-05-05 14:55:00+05:30,7308.0,7312.5,7304.0,7308.0,3474,0
2026-05-05 15:00:00+05:30,7306.5,7310.0,7294.0,7308.0,7341,0
2026-05-05 15:05:00+05:30,7308.0,7309.5,7299.0,7303.0,6232,0
2026-05-05 15:10:00+05:30,7301.0,7312.0,7301.0,7312.0,7408,0
2026-05-05 15:15:00+05:30,7312.0,7316.0,7292.0,7301.5,12959,0
2026-05-05 15:20:00+05:30,7301.5,7307.5,7291.0,7294.0,11574,0
2026-05-05 15:25:00+05:30,7293.5,7310.0,7280.0,7300.0,16159,0
2026-05-06 09:15:00+05:30,7370.0,7386.5,7337.0,7373.0,18055,0
2026-05-06 09:20:00+05:30,7373.5,7392.0,7361.5,7389.0,11699,0
2026-05-06 09:25:00+05:30,7386.0,7389.5,7324.5,7330.0,12650,0
2026-05-06 09:30:00+05:30,7330.0,7339.5,7318.5,7334.5,6587,0
2026-05-06 09:35:00+05:30,7334.5,7344.5,7325.0,7342.0,3692,0
2026-05-06 09:40:00+05:30,7344.0,7355.5,7336.0,7349.0,3154,0
2026-05-06 09:45:00+05:30,7348.5,7353.0,7342.0,7347.0,2679,0
2026-05-06 09:50:00+05:30,7347.0,7350.0,7336.5,7346.5,2265,0
2026-05-06 09:55:00+05:30,7347.5,7356.5,7343.0,7346.5,3472,0
2026-05-06 10:00:00+05:30,7346.5,7346.5,7331.5,7335.5,2327,0
2026-05-06 10:05:00+05:30,7336.0,7343.0,7328.5,7335.5,3279,0
2026-05-06 10:10:00+05:30,7338.0,7345.0,7335.0,7345.0,2435,0
2026-05-06 10:15:00+05:30,7345.0,7350.0,7343.0,7348.5,1884,0
2026-05-06 10:20:00+05:30,7348.5,7350.0,7337.0,7340.5,2558,0
2026-05-06 10:25:00+05:30,7340.0,7345.5,7338.5,7340.0,1030,0
2026-05-06 10:30:00+05:30,7340.0,7344.5,7333.5,7336.5,1964,0
2026-05-06 10:35:00+05:30,7335.5,7341.5,7333.0,7341.5,1731,0
2026-05-06 10:40:00+05:30,7341.5,7353.0,7336.0,7346.5,2941,0
2026-05-06 10:45:00+05:30,7345.0,7345.5,7326.5,7330.0,2482,0
2026-05-06 10:50:00+05:30,7327.5,7330.5,7255.5,7265.0,15696,0
2026-05-06 10:55:00+05:30,7267.5,7274.5,7217.5,7229.0,12283,0
2026-05-06 11:00:00+05:30,7229.0,7236.5,7194.5,7196.5,11345,0
2026-05-06 11:05:00+05:30,7195.0,7224.0,7175.5,7213.0,9374,0
2026-05-06 11:10:00+05:30,7214.0,7221.0,7194.5,7220.0,4763,0
2026-05-06 11:15:00+05:30,7216.5,7233.0,7216.5,7226.0,4239,0
2026-05-06 11:20:00+05:30,7224.0,7249.0,7217.0,7245.5,4982,0
2026-05-06 11:25:00+05:30,7245.0,7260.0,7241.5,7256.0,3016,0
2026-05-06 11:30:00+05:30,7258.5,7260.0,7247.5,7258.5,3761,0
2026-05-06 11:35:00+05:30,7258.0,7260.0,7236.5,7251.5,3547,0
2026-05-06 11:40:00+05:30,7249.0,7260.0,7245.0,7258.5,2428,0
2026-05-06 11:45:00+05:30,7258.0,7260.5,7251.5,7257.5,3607,0
2026-05-06 11:50:00+05:30,7257.5,7261.0,7254.0,7257.0,2417,0
2026-05-06 11:55:00+05:30,7258.5,7265.0,7253.0,7257.5,3975,0
2026-05-06 12:00:00+05:30,7257.5,7258.5,7245.5,7251.0,2339,0
2026-05-06 12:05:00+05:30,7250.0,7251.0,7241.0,7248.5,2021,0
2026-05-06 12:10:00+05:30,7248.0,7249.0,7243.0,7247.0,1489,0
2026-05-06 12:15:00+05:30,7247.0,7253.5,7242.5,7252.0,2163,0
2026-05-06 12:20:00+05:30,7251.5,7258.0,7243.0,7254.0,2712,0
2026-05-06 12:25:00+05:30,7254.0,7258.0,7249.5,7253.0,1504,0
2026-05-06 12:30:00+05:30,7254.0,7254.0,7245.0,7248.5,1786,0
2026-05-06 12:35:00+05:30,7248.5,7249.0,7225.0,7225.0,2297,0
2026-05-06 12:40:00+05:30,7225.5,7247.5,7225.5,7240.0,5058,0
2026-05-06 12:45:00+05:30,7243.0,7245.5,7220.0,7226.5,6683,0
2026-05-06 12:50:00+05:30,7227.0,7244.5,7226.5,7237.0,12301,0
2026-05-06 12:55:00+05:30,7237.0,7249.5,7234.0,7249.5,6756,0
2026-05-06 13:00:00+05:30,7249.5,7260.0,7245.5,7253.0,4552,0
2026-05-06 13:05:00+05:30,7251.5,7265.0,7250.0,7259.5,3355,0
2026-05-06 13:10:00+05:30,7259.5,7274.0,7258.0,7271.0,4100,0
2026-05-06 13:15:00+05:30,7270.5,7274.0,7266.0,7273.5,1704,0
2026-05-06 13:20:00+05:30,7273.5,7274.5,7262.5,7269.0,1750,0
2026-05-06 13:25:00+05:30,7269.0,7269.0,7261.0,7266.5,2988,0
2026-05-06 13:30:00+05:30,7266.5,7268.5,7255.0,7255.5,4460,0
2026-05-06 13:35:00+05:30,7256.5,7260.5,7255.0,7259.0,1488,0
2026-05-06 13:40:00+05:30,7259.0,7259.0,7249.5,7252.0,2421,0
2026-05-06 13:45:00+05:30,7252.0,7256.5,7245.0,7249.5,2148,0
2026-05-06 13:50:00+05:30,7249.5,7260.0,7245.5,7253.5,3837,0
2026-05-06 13:55:00+05:30,7253.5,7259.5,7240.0,7246.5,5931,0
2026-05-06 14:00:00+05:30,7246.5,7250.0,7229.5,7231.5,12468,0
2026-05-06 14:05:00+05:30,7232.5,7248.0,7226.0,7226.0,3822,0
2026-05-06 14:10:00+05:30,7226.5,7237.0,7226.5,7233.0,4477,0
2026-05-06 14:15:00+05:30,7233.0,7251.5,7233.0,7247.0,4831,0
2026-05-06 14:20:00+05:30,7248.0,7262.0,7245.0,7258.5,9633,0
2026-05-06 14:25:00+05:30,7259.0,7286.5,7259.0,7280.0,6946,0
2026-05-06 14:30:00+05:30,7280.0,7298.0,7280.0,7293.5,7041,0
2026-05-06 14:35:00+05:30,7294.5,7309.0,7290.0,7305.5,7234,0
2026-05-06 14:40:00+05:30,7307.0,7333.0,7299.5,7310.0,10162,0
2026-05-06 14:45:00+05:30,7307.5,7312.5,7284.5,7297.0,7196,0
2026-05-06 14:50:00+05:30,7297.0,7310.0,7295.0,7303.5,8392,0
2026-05-06 14:55:00+05:30,7303.5,7307.0,7293.0,7299.0,4272,0
2026-05-06 15:00:00+05:30,7299.0,7309.0,7293.5,7307.5,8666,0
2026-05-06 15:05:00+05:30,7307.0,7310.5,7301.5,7310.5,11949,0
2026-05-06 15:10:00+05:30,7310.5,7315.5,7310.0,7314.0,6970,0
2026-05-06 15:15:00+05:30,7314.0,7314.0,7306.0,7312.0,7950,0
2026-05-06 15:20:00+05:30,7312.0,7316.5,7306.0,7315.0,11697,0
2026-05-06 15:25:00+05:30,7315.0,7324.0,7300.0,7315.0,11614,0
2026-05-07 09:15:00+05:30,7360.5,7374.0,7315.5,7335.5,18973,0
2026-05-07 09:20:00+05:30,7338.5,7407.0,7330.5,7401.5,22793,0
2026-05-07 09:25:00+05:30,7397.5,7444.5,7395.5,7420.5,27707,0
2026-05-07 09:30:00+05:30,7423.5,7439.0,7418.0,7427.0,17411,0
2026-05-07 09:35:00+05:30,7427.0,7448.0,7426.0,7436.0,14357,0
2026-05-07 09:40:00+05:30,7440.0,7455.0,7425.0,7455.0,18413,0
2026-05-07 09:45:00+05:30,7455.0,7468.5,7447.5,7458.5,25490,0
2026-05-07 09:50:00+05:30,7457.0,7470.0,7410.0,7413.0,22613,0
2026-05-07 09:55:00+05:30,7410.0,7420.5,7401.0,7409.0,11105,0
2026-05-07 10:00:00+05:30,7408.0,7421.5,7406.0,7415.0,6519,0
2026-05-07 10:05:00+05:30,7414.5,7416.0,7375.0,7388.0,10900,0
2026-05-07 10:10:00+05:30,7385.5,7410.0,7385.5,7403.5,8868,0
2026-05-07 10:15:00+05:30,7404.5,7419.5,7398.5,7418.0,13429,0
2026-05-07 10:20:00+05:30,7416.5,7433.0,7412.5,7432.5,9703,0
2026-05-07 10:25:00+05:30,7430.5,7433.0,7425.0,7426.0,3572,0
2026-05-07 10:30:00+05:30,7427.0,7442.0,7425.0,7442.0,6224,0
2026-05-07 10:35:00+05:30,7440.0,7458.0,7439.0,7455.5,10293,0
2026-05-07 10:40:00+05:30,7455.5,7471.5,7453.5,7464.5,15002,0
2026-05-07 10:45:00+05:30,7464.5,7468.0,7436.0,7447.5,10760,0
2026-05-07 10:50:00+05:30,7447.5,7449.0,7437.5,7446.0,2641,0
2026-05-07 10:55:00+05:30,7446.0,7448.0,7436.0,7440.5,2946,0
2026-05-07 11:00:00+05:30,7438.0,7456.0,7438.0,7449.5,3278,0
2026-05-07 11:05:00+05:30,7449.5,7451.0,7429.0,7435.0,5080,0
2026-05-07 11:10:00+05:30,7432.5,7445.0,7432.5,7444.0,5113,0
2026-05-07 11:15:00+05:30,7444.0,7450.5,7443.0,7446.0,5844,0
2026-05-07 11:20:00+05:30,7445.5,7451.5,7442.0,7451.5,2900,0
2026-05-07 11:25:00+05:30,7450.5,7452.0,7420.5,7420.5,5335,0
2026-05-07 11:30:00+05:30,7423.0,7438.0,7419.0,7431.0,3689,0
2026-05-07 11:35:00+05:30,7431.0,7431.0,7410.0,7411.0,3815,0
2026-05-07 11:40:00+05:30,7412.0,7414.0,7396.5,7403.5,8443,0
2026-05-07 11:45:00+05:30,7403.0,7431.5,7400.0,7427.5,7691,0
2026-05-07 11:50:00+05:30,7427.0,7440.0,7425.0,7433.5,8273,0
2026-05-07 11:55:00+05:30,7433.0,7434.0,7424.5,7431.5,2710,0
2026-05-07 12:00:00+05:30,7431.5,7431.5,7410.5,7416.0,3614,0
2026-05-07 12:05:00+05:30,7416.0,7417.5,7399.0,7399.5,9119,0
2026-05-07 12:10:00+05:30,7402.0,7405.0,7399.0,7400.0,12352,0
2026-05-07 12:15:00+05:30,7400.0,7416.0,7399.5,7405.5,3907,0
2026-05-07 12:20:00+05:30,7405.5,7408.0,7400.0,7406.5,3212,0
2026-05-07 12:25:00+05:30,7407.0,7407.0,7391.5,7396.5,3634,0
2026-05-07 12:30:00+05:30,7396.0,7399.0,7385.0,7390.0,5260,0
2026-05-07 12:35:00+05:30,7392.0,7395.0,7385.5,7393.0,3320,0
2026-05-07 12:40:00+05:30,7394.0,7400.0,7392.0,7398.5,5108,0
2026-05-07 12:45:00+05:30,7400.0,7410.0,7385.5,7398.0,8565,0
2026-05-07 12:50:00+05:30,7397.0,7400.0,7386.0,7400.0,2718,0
2026-05-07 12:55:00+05:30,7400.0,7404.0,7388.5,7394.5,2671,0
2026-05-07 13:00:00+05:30,7395.0,7398.0,7390.0,7395.0,2142,0
2026-05-07 13:05:00+05:30,7395.0,7422.0,7395.0,7422.0,6342,0
2026-05-07 13:10:00+05:30,7422.0,7426.0,7414.0,7417.5,5489,0
2026-05-07 13:15:00+05:30,7417.5,7418.0,7382.0,7398.0,6351,0
2026-05-07 13:20:00+05:30,7396.5,7400.0,7384.0,7390.5,2752,0
2026-05-07 13:25:00+05:30,7390.0,7400.0,7388.5,7397.5,4806,0
2026-05-07 13:30:00+05:30,7399.0,7400.5,7391.0,7395.0,2399,0
2026-05-07 13:35:00+05:30,7396.5,7396.5,7370.0,7375.0,8438,0
2026-05-07 13:40:00+05:30,7375.0,7381.5,7372.0,7379.5,3937,0
2026-05-07 13:45:00+05:30,7380.0,7380.5,7364.0,7372.0,4527,0
2026-05-07 13:50:00+05:30,7374.0,7375.5,7368.5,7369.0,2217,0
2026-05-07 13:55:00+05:30,7370.0,7376.0,7365.0,7366.0,2455,0
2026-05-07 14:00:00+05:30,7365.5,7367.5,7349.5,7360.0,6458,0
2026-05-07 14:05:00+05:30,7360.0,7369.0,7358.5,7364.0,2905,0
2026-05-07 14:10:00+05:30,7361.5,7365.5,7358.0,7358.0,2095,0
2026-05-07 14:15:00+05:30,7360.0,7362.0,7350.5,7350.5,2718,0
2026-05-07 14:20:00+05:30,7353.0,7355.0,7345.0,7351.5,4651,0
2026-05-07 14:25:00+05:30,7350.5,7356.0,7350.0,7356.0,2024,0
2026-05-07 14:30:00+05:30,7355.5,7358.0,7350.0,7352.5,5255,0
2026-05-07 14:35:00+05:30,7351.0,7354.0,7342.5,7347.0,3129,0
2026-05-07 14:40:00+05:30,7346.5,7346.5,7335.5,7337.0,3178,0
2026-05-07 14:45:00+05:30,7337.5,7344.0,7331.0,7338.0,5234,0
2026-05-07 14:50:00+05:30,7338.0,7348.5,7338.0,7345.0,5148,0
2026-05-07 14:55:00+05:30,7344.5,7347.0,7341.0,7342.5,2583,0
2026-05-07 15:00:00+05:30,7343.0,7344.5,7323.5,7323.5,16973,0
2026-05-07 15:05:00+05:30,7324.0,7329.5,7317.0,7328.0,15421,0
2026-05-07 15:10:00+05:30,7325.5,7328.5,7325.0,7327.5,11384,0
2026-05-07 15:15:00+05:30,7327.5,7332.0,7315.5,7331.0,20909,0
2026-05-07 15:20:00+05:30,7331.5,7332.0,7310.5,7330.0,21421,0
2026-05-07 15:25:00+05:30,7326.5,7349.0,7325.0,7342.0,17640,0
2026-05-08 09:15:00+05:30,7299.5,7300.0,7228.0,7276.0,26170,0
2026-05-08 09:20:00+05:30,7275.0,7290.0,7268.5,7271.0,7643,0
2026-05-08 09:25:00+05:30,7274.0,7312.5,7262.5,7309.5,7992,0
2026-05-08 09:30:00+05:30,7314.0,7321.5,7292.0,7298.0,7160,0
2026-05-08 09:35:00+05:30,7298.5,7307.5,7290.0,7290.0,3011,0
2026-05-08 09:40:00+05:30,7290.0,7300.5,7281.5,7290.5,3319,0
2026-05-08 09:45:00+05:30,7290.5,7296.5,7280.0,7296.5,1568,0
2026-05-08 09:50:00+05:30,7295.0,7302.0,7286.0,7302.0,2390,0
2026-05-08 09:55:00+05:30,7303.0,7315.0,7302.0,7311.0,3160,0
2026-05-08 10:00:00+05:30,7312.0,7318.0,7311.0,7311.0,1412,0
2026-05-08 10:05:00+05:30,7311.5,7314.5,7306.0,7311.0,1685,0
2026-05-08 10:10:00+05:30,7310.0,7315.0,7295.0,7311.0,1991,0
2026-05-08 10:15:00+05:30,7314.5,7315.0,7304.0,7310.0,1623,0
2026-05-08 10:20:00+05:30,7307.5,7323.5,7302.5,7322.0,2704,0
2026-05-08 10:25:00+05:30,7321.0,7330.0,7320.0,7330.0,3956,0
2026-05-08 10:30:00+05:30,7329.5,7335.0,7318.0,7320.5,3298,0
2026-05-08 10:35:00+05:30,7320.5,7330.0,7318.5,7328.5,2074,0
2026-05-08 10:40:00+05:30,7327.5,7330.0,7325.0,7329.0,1110,0
2026-05-08 10:45:00+05:30,7330.5,7336.5,7325.0,7331.0,2705,0
2026-05-08 10:50:00+05:30,7331.5,7338.0,7330.0,7332.0,2572,0
2026-05-08 10:55:00+05:30,7330.0,7340.0,7330.0,7338.0,2858,0
2026-05-08 11:00:00+05:30,7338.0,7360.0,7336.5,7358.0,7186,0
2026-05-08 11:05:00+05:30,7357.5,7360.0,7352.0,7359.0,4070,0
2026-05-08 11:10:00+05:30,7360.0,7362.0,7352.0,7354.5,3267,0
2026-05-08 11:15:00+05:30,7354.5,7357.0,7347.0,7352.5,1697,0
2026-05-08 11:20:00+05:30,7350.0,7361.5,7350.0,7356.5,2026,0
2026-05-08 11:25:00+05:30,7356.5,7370.0,7354.5,7355.5,3814,0
2026-05-08 11:30:00+05:30,7355.0,7360.0,7346.5,7356.0,1782,0
2026-05-08 11:35:00+05:30,7355.5,7357.0,7350.5,7351.0,782,0
2026-05-08 11:40:00+05:30,7351.5,7360.0,7351.5,7354.0,972,0
2026-05-08 11:45:00+05:30,7354.0,7359.0,7352.0,7355.0,565,0
2026-05-08 11:50:00+05:30,7352.5,7362.0,7350.0,7360.0,1381,0
2026-05-08 11:55:00+05:30,7360.0,7362.0,7351.5,7357.0,881,0
2026-05-08 12:00:00+05:30,7354.0,7363.0,7341.5,7350.0,11459,0
2026-05-08 12:05:00+05:30,7351.5,7351.5,7341.0,7345.0,1207,0
2026-05-08 12:10:00+05:30,7342.5,7357.0,7341.5,7350.0,5364,0
2026-05-08 12:15:00+05:30,7349.0,7350.0,7342.5,7349.0,897,0
2026-05-08 12:20:00+05:30,7347.0,7349.0,7340.0,7343.0,936,0
2026-05-08 12:25:00+05:30,7343.5,7348.0,7343.0,7348.0,591,0
2026-05-08 12:30:00+05:30,7344.5,7348.0,7331.5,7337.0,1284,0
2026-05-08 12:35:00+05:30,7337.5,7340.5,7330.0,7331.5,1745,0
2026-05-08 12:40:00+05:30,7331.5,7338.0,7327.5,7330.0,1787,0
2026-05-08 12:45:00+05:30,7330.0,7333.5,7322.5,7333.5,3216,0
2026-05-08 12:50:00+05:30,7331.0,7335.0,7328.0,7332.5,1294,0
2026-05-08 12:55:00+05:30,7335.0,7335.0,7328.0,7331.0,723,0
2026-05-08 13:00:00+05:30,7329.5,7331.0,7324.5,7327.5,1066,0
2026-05-08 13:05:00+05:30,7326.0,7328.0,7318.0,7321.5,1447,0
2026-05-08 13:10:00+05:30,7320.0,7322.0,7316.0,7320.5,1423,0
2026-05-08 13:15:00+05:30,7318.5,7323.0,7315.0,7319.5,1184,0
2026-05-08 13:20:00+05:30,7319.5,7323.0,7315.0,7318.0,2233,0
2026-05-08 13:25:00+05:30,7319.0,7332.5,7315.5,7331.5,1529,0
2026-05-08 13:30:00+05:30,7328.5,7331.0,7318.5,7323.0,1403,0
2026-05-08 13:35:00+05:30,7321.0,7321.0,7303.0,7308.5,3398,0
2026-05-08 13:40:00+05:30,7309.0,7315.0,7309.0,7311.0,1210,0
2026-05-08 13:45:00+05:30,7311.0,7315.5,7309.5,7314.0,1803,0
2026-05-08 13:50:00+05:30,7312.0,7315.0,7308.5,7314.5,896,0
2026-05-08 13:55:00+05:30,7314.0,7320.0,7308.0,7309.5,6198,0
2026-05-08 14:00:00+05:30,7311.0,7332.5,7309.5,7327.0,3895,0
2026-05-08 14:05:00+05:30,7326.5,7340.0,7325.0,7330.5,12121,0
2026-05-08 14:10:00+05:30,7330.5,7334.0,7322.5,7325.5,2257,0
2026-05-08 14:15:00+05:30,7325.0,7329.5,7320.5,7323.5,2593,0
2026-05-08 14:20:00+05:30,7321.0,7324.0,7318.5,7318.5,2557,0
2026-05-08 14:25:00+05:30,7318.5,7332.0,7318.5,7323.5,3015,0
2026-05-08 14:30:00+05:30,7322.0,7325.5,7318.5,7322.5,2610,0
2026-05-08 14:35:00+05:30,7320.0,7328.0,7319.0,7325.0,2888,0
2026-05-08 14:40:00+05:30,7325.0,7332.0,7324.0,7326.0,5492,0
2026-05-08 14:45:00+05:30,7327.0,7328.0,7315.0,7322.5,3486,0
2026-05-08 14:50:00+05:30,7323.0,7327.0,7316.5,7321.0,2795,0
2026-05-08 14:55:00+05:30,7323.0,7324.0,7313.0,7317.5,1966,0
2026-05-08 15:00:00+05:30,7317.5,7317.5,7294.5,7300.5,6995,0
2026-05-08 15:05:00+05:30,7298.5,7310.5,7298.0,7304.0,5105,0
2026-05-08 15:10:00+05:30,7305.0,7306.5,7300.0,7301.5,6894,0
2026-05-08 15:15:00+05:30,7300.5,7308.5,7300.0,7302.0,5905,0
2026-05-08 15:20:00+05:30,7301.5,7303.0,7297.0,7301.5,8581,0
2026-05-08 15:25:00+05:30,7301.5,7315.0,7299.0,7315.0,7229,0
2026-05-11 09:15:00+05:30,7269.0,7269.0,7159.0,7198.5,15286,0
2026-05-11 09:20:00+05:30,7195.0,7224.0,7186.5,7220.5,4628,0
2026-05-11 09:25:00+05:30,7220.0,7221.0,7206.5,7216.0,3041,0
2026-05-11 09:30:00+05:30,7213.5,7217.0,7183.5,7210.0,4875,0
2026-05-11 09:35:00+05:30,7211.0,7222.5,7196.0,7200.5,5320,0
2026-05-11 09:40:00+05:30,7202.5,7209.0,7195.0,7206.0,1887,0
2026-05-11 09:45:00+05:30,7208.0,7218.0,7203.0,7216.5,1905,0
2026-05-11 09:50:00+05:30,7216.5,7222.5,7210.5,7220.5,1170,0
2026-05-11 09:55:00+05:30,7217.5,7220.5,7189.5,7191.5,2354,0
2026-05-11 10:00:00+05:30,7193.0,7217.0,7191.5,7216.0,1567,0
2026-05-11 10:05:00+05:30,7216.0,7217.0,7205.0,7211.0,1012,0
2026-05-11 10:10:00+05:30,7213.0,7215.5,7202.5,7206.5,1072,0
2026-05-11 10:15:00+05:30,7209.0,7210.0,7201.0,7201.0,1030,0
2026-05-11 10:20:00+05:30,7201.0,7210.0,7198.0,7203.5,1313,0
2026-05-11 10:25:00+05:30,7203.5,7205.0,7200.0,7202.0,995,0
2026-05-11 10:30:00+05:30,7202.0,7207.5,7185.5,7190.0,2681,0
2026-05-11 10:35:00+05:30,7190.0,7190.0,7170.0,7174.5,3598,0
2026-05-11 10:40:00+05:30,7173.0,7176.5,7167.0,7173.0,2212,0
2026-05-11 10:45:00+05:30,7173.0,7176.0,7163.0,7168.5,5236,0
2026-05-11 10:50:00+05:30,7168.5,7188.5,7166.0,7186.0,2911,0
2026-05-11 10:55:00+05:30,7185.5,7191.0,7176.0,7184.5,3002,0
2026-05-11 11:00:00+05:30,7182.5,7195.5,7182.0,7190.0,3052,0
2026-05-11 11:05:00+05:30,7190.0,7205.0,7189.0,7199.0,1543,0
2026-05-11 11:10:00+05:30,7200.0,7205.0,7195.5,7199.0,1152,0
2026-05-11 11:15:00+05:30,7196.5,7198.0,7190.5,7192.5,812,0
2026-05-11 11:20:00+05:30,7192.0,7210.0,7187.5,7200.0,5621,0
2026-05-11 11:25:00+05:30,7201.0,7209.5,7199.0,7201.5,1430,0
2026-05-11 11:30:00+05:30,7202.0,7205.0,7196.0,7199.0,2685,0
2026-05-11 11:35:00+05:30,7199.0,7209.5,7199.0,7201.5,1734,0
2026-05-11 11:40:00+05:30,7202.0,7215.0,7201.5,7210.5,2231,0
2026-05-11 11:45:00+05:30,7211.5,7214.5,7199.5,7199.5,3359,0
2026-05-11 11:50:00+05:30,7199.5,7205.5,7192.5,7201.5,5080,0
2026-05-11 11:55:00+05:30,7202.5,7205.5,7197.0,7200.0,1288,0
2026-05-11 12:00:00+05:30,7200.0,7205.0,7199.5,7200.0,1742,0
2026-05-11 12:05:00+05:30,7200.0,7206.0,7197.0,7202.0,2638,0
2026-05-11 12:10:00+05:30,7203.0,7216.0,7202.0,7206.0,3037,0
2026-05-11 12:15:00+05:30,7207.0,7214.0,7205.0,7214.0,7344,0
2026-05-11 12:20:00+05:30,7214.0,7225.0,7211.0,7225.0,3393,0
2026-05-11 12:25:00+05:30,7223.5,7225.0,7218.0,7220.0,4180,0
2026-05-11 12:30:00+05:30,7220.0,7225.0,7218.0,7222.5,3610,0
2026-05-11 12:35:00+05:30,7222.5,7242.0,7221.5,7235.5,12545,0
2026-05-11 12:40:00+05:30,7236.0,7250.0,7235.0,7242.5,3395,0
2026-05-11 12:45:00+05:30,7243.5,7255.0,7238.0,7250.0,15862,0
2026-05-11 12:50:00+05:30,7249.5,7254.5,7239.0,7240.5,3258,0
2026-05-11 12:55:00+05:30,7240.5,7249.0,7238.5,7238.5,2068,0
2026-05-11 13:00:00+05:30,7239.0,7241.5,7225.0,7225.5,6216,0
2026-05-11 13:05:00+05:30,7226.0,7230.0,7217.0,7219.5,4051,0
2026-05-11 13:10:00+05:30,7218.0,7224.0,7217.0,7223.0,3061,0
2026-05-11 13:15:00+05:30,7221.0,7232.5,7221.0,7224.0,3226,0
2026-05-11 13:20:00+05:30,7224.5,7232.5,7224.0,7231.5,3340,0
2026-05-11 13:25:00+05:30,7231.0,7235.0,7224.0,7230.0,3957,0
2026-05-11 13:30:00+05:30,7230.5,7240.0,7230.0,7238.0,4255,0
2026-05-11 13:35:00+05:30,7235.0,7249.0,7232.0,7232.0,2574,0
2026-05-11 13:40:00+05:30,7232.0,7240.0,7230.0,7238.0,1667,0
2026-05-11 13:45:00+05:30,7238.0,7249.0,7238.0,7244.5,2657,0
2026-05-11 13:50:00+05:30,7244.5,7250.0,7241.0,7247.0,3022,0
2026-05-11 13:55:00+05:30,7247.5,7250.0,7240.0,7240.5,1624,0
2026-05-11 14:00:00+05:30,7240.5,7247.0,7235.0,7238.5,3615,0
2026-05-11 14:05:00+05:30,7238.5,7243.0,7235.0,7235.0,1988,0
2026-05-11 14:10:00+05:30,7235.0,7240.0,7227.5,7236.0,4436,0
2026-05-11 14:15:00+05:30,7236.0,7245.0,7231.5,7239.0,2120,0
2026-05-11 14:20:00+05:30,7239.5,7248.0,7239.5,7244.0,1328,0
2026-05-11 14:25:00+05:30,7244.5,7248.0,7238.5,7242.0,1438,0
2026-05-11 14:30:00+05:30,7241.5,7247.0,7235.0,7243.5,4092,0
2026-05-11 14:35:00+05:30,7244.5,7248.0,7230.0,7232.0,4744,0
2026-05-11 14:40:00+05:30,7232.0,7248.0,7231.0,7240.5,2583,0
2026-05-11 14:45:00+05:30,7241.0,7243.5,7224.0,7226.5,3841,0
2026-05-11 14:50:00+05:30,7228.0,7234.0,7224.0,7225.0,1400,0
2026-05-11 14:55:00+05:30,7225.0,7228.0,7224.0,7225.0,2818,0
2026-05-11 15:00:00+05:30,7226.0,7226.0,7191.5,7203.5,25355,0
2026-05-11 15:05:00+05:30,7205.5,7205.5,7190.5,7199.0,9462,0
2026-05-11 15:10:00+05:30,7199.0,7202.5,7190.5,7190.5,12896,0
2026-05-11 15:15:00+05:30,7192.5,7209.5,7186.5,7198.0,14576,0
2026-05-11 15:20:00+05:30,7197.5,7204.5,7189.0,7199.5,10992,0
2026-05-11 15:25:00+05:30,7198.5,7209.5,7191.5,7205.0,13145,0
2026-05-12 09:15:00+05:30,7203.5,7233.0,7155.0,7231.5,15743,0
2026-05-12 09:20:00+05:30,7229.0,7234.0,7201.5,7217.0,6865,0
2026-05-12 09:25:00+05:30,7214.5,7224.5,7200.0,7215.5,3889,0
2026-05-12 09:30:00+05:30,7215.0,7228.0,7210.0,7223.0,4856,0
2026-05-12 09:35:00+05:30,7222.0,7239.0,7197.0,7205.5,9785,0
2026-05-12 09:40:00+05:30,7203.5,7229.0,7200.0,7213.0,4136,0
2026-05-12 09:45:00+05:30,7214.5,7216.0,7191.5,7209.5,6537,0
2026-05-12 09:50:00+05:30,7208.0,7230.5,7205.5,7228.0,2300,0
2026-05-12 09:55:00+05:30,7225.5,7229.0,7208.0,7225.0,2599,0
2026-05-12 10:00:00+05:30,7225.0,7229.5,7214.0,7223.0,1896,0
2026-05-12 10:05:00+05:30,7219.0,7226.0,7216.5,7217.0,919,0
2026-05-12 10:10:00+05:30,7217.0,7236.0,7216.0,7235.0,3994,0
2026-05-12 10:15:00+05:30,7233.5,7239.0,7230.0,7236.0,1785,0
2026-05-12 10:20:00+05:30,7235.0,7239.5,7225.5,7228.5,1138,0
2026-05-12 10:25:00+05:30,7226.5,7230.0,7221.0,7228.5,1638,0
2026-05-12 10:30:00+05:30,7229.0,7230.0,7225.0,7226.5,907,0
2026-05-12 10:35:00+05:30,7226.5,7233.0,7221.0,7232.0,1613,0
2026-05-12 10:40:00+05:30,7232.0,7253.5,7231.0,7252.0,4860,0
2026-05-12 10:45:00+05:30,7250.5,7260.0,7249.0,7252.5,4881,0
2026-05-12 10:50:00+05:30,7252.5,7263.0,7251.5,7261.0,5137,0
2026-05-12 10:55:00+05:30,7261.0,7275.5,7253.0,7264.5,5564,0
2026-05-12 11:00:00+05:30,7263.5,7265.0,7232.0,7246.5,3595,0
2026-05-12 11:05:00+05:30,7246.0,7257.0,7241.5,7251.0,3039,0
2026-05-12 11:10:00+05:30,7251.5,7255.5,7250.0,7251.5,2114,0
2026-05-12 11:15:00+05:30,7250.0,7253.0,7239.0,7251.0,11477,0
2026-05-12 11:20:00+05:30,7250.5,7265.5,7236.5,7262.0,17733,0
2026-05-12 11:25:00+05:30,7262.0,7268.5,7251.0,7267.0,5248,0
2026-05-12 11:30:00+05:30,7266.5,7270.0,7259.0,7262.0,5289,0
2026-05-12 11:35:00+05:30,7262.0,7265.0,7252.0,7260.5,2296,0
2026-05-12 11:40:00+05:30,7259.5,7265.0,7256.0,7263.5,995,0
2026-05-12 11:45:00+05:30,7263.5,7266.0,7257.0,7264.5,1812,0
2026-05-12 11:50:00+05:30,7263.0,7265.0,7257.0,7262.0,2213,0
2026-05-12 11:55:00+05:30,7262.0,7265.0,7242.0,7249.0,7603,0
2026-05-12 12:00:00+05:30,7246.0,7246.0,7225.5,7245.0,7206,0
2026-05-12 12:05:00+05:30,7244.0,7255.5,7242.0,7245.5,1211,0
2026-05-12 12:10:00+05:30,7245.5,7255.0,7243.0,7255.0,1229,0
2026-05-12 12:15:00+05:30,7252.5,7262.0,7248.0,7251.0,2605,0
2026-05-12 12:20:00+05:30,7251.0,7258.0,7242.5,7249.5,2724,0
2026-05-12 12:25:00+05:30,7247.0,7249.5,7235.0,7240.0,3771,0
2026-05-12 12:30:00+05:30,7237.5,7238.5,7225.0,7235.0,5174,0
2026-05-12 12:35:00+05:30,7233.0,7235.0,7226.5,7230.0,1160,0
2026-05-12 12:40:00+05:30,7228.0,7233.0,7225.0,7231.5,1638,0
2026-05-12 12:45:00+05:30,7230.0,7237.0,7218.0,7226.5,3149,0
2026-05-12 12:50:00+05:30,7225.5,7232.0,7221.5,7221.5,1111,0
2026-05-12 12:55:00+05:30,7221.5,7235.0,7219.5,7230.0,4433,0
2026-05-12 13:00:00+05:30,7230.0,7231.5,7215.5,7219.0,4055,0
2026-05-12 13:05:00+05:30,7218.5,7220.0,7195.0,7198.5,6104,0
2026-05-12 13:10:00+05:30,7198.5,7209.0,7198.5,7208.0,2478,0
2026-05-12 13:15:00+05:30,7206.5,7219.0,7206.5,7211.0,2069,0
2026-05-12 13:20:00+05:30,7210.5,7212.0,7202.0,7202.0,1822,0
2026-05-12 13:25:00+05:30,7202.0,7218.0,7201.5,7217.0,2188,0
2026-05-12 13:30:00+05:30,7217.0,7223.0,7209.5,7211.0,2264,0
2026-05-12 13:35:00+05:30,7211.0,7219.5,7201.5,7203.0,1161,0
2026-05-12 13:40:00+05:30,7203.0,7206.5,7195.0,7202.5,1796,0
2026-05-12 13:45:00+05:30,7202.5,7210.0,7202.0,7206.5,851,0
2026-05-12 13:50:00+05:30,7206.5,7212.5,7200.0,7200.0,1177,0
2026-05-12 13:55:00+05:30,7200.0,7201.5,7195.0,7198.5,1113,0
2026-05-12 14:00:00+05:30,7198.5,7203.0,7195.0,7201.5,1239,0
2026-05-12 14:05:00+05:30,7200.0,7200.0,7182.0,7183.0,3383,0
2026-05-12 14:10:00+05:30,7183.0,7193.5,7174.0,7185.0,5978,0
2026-05-12 14:15:00+05:30,7185.0,7189.5,7170.0,7172.5,3996,0
2026-05-12 14:20:00+05:30,7173.0,7192.5,7165.5,7182.0,7355,0
2026-05-12 14:25:00+05:30,7180.0,7187.0,7168.5,7174.0,3300,0
2026-05-12 14:30:00+05:30,7171.5,7178.0,7162.5,7164.0,5419,0
2026-05-12 14:35:00+05:30,7163.0,7172.0,7160.5,7165.5,6082,0
2026-05-12 14:40:00+05:30,7165.5,7174.0,7161.5,7163.0,4416,0
2026-05-12 14:45:00+05:30,7163.0,7166.5,7153.5,7162.5,5582,0
2026-05-12 14:50:00+05:30,7161.5,7164.0,7147.0,7152.5,4075,0
2026-05-12 14:55:00+05:30,7152.5,7158.5,7146.5,7152.5,2102,0
2026-05-12 15:00:00+05:30,7152.5,7153.5,7115.5,7121.5,14342,0
2026-05-12 15:05:00+05:30,7122.5,7124.5,7112.0,7113.5,10638,0
2026-05-12 15:10:00+05:30,7113.5,7115.5,7105.0,7108.5,11673,0
2026-05-12 15:15:00+05:30,7108.0,7124.5,7107.0,7123.0,13390,0
2026-05-12 15:20:00+05:30,7123.0,7124.0,7110.0,7119.0,11322,0
2026-05-12 15:25:00+05:30,7120.0,7159.5,7109.0,7125.0,33254,0
2026-05-13 09:15:00+05:30,7125.0,7157.0,7060.0,7060.5,18351,0
2026-05-13 09:20:00+05:30,7060.0,7076.0,7030.0,7068.5,10285,0
2026-05-13 09:25:00+05:30,7068.5,7069.0,7035.5,7037.0,8248,0
2026-05-13 09:30:00+05:30,7038.5,7043.0,7002.0,7005.0,7999,0
2026-05-13 09:35:00+05:30,7005.0,7009.0,6920.5,6927.0,20647,0
2026-05-13 09:40:00+05:30,6930.5,6954.0,6900.5,6932.0,24718,0
2026-05-13 09:45:00+05:30,6932.0,6940.5,6880.0,6887.0,13045,0
2026-05-13 09:50:00+05:30,6883.5,6931.0,6863.0,6888.0,21348,0
2026-05-13 09:55:00+05:30,6888.0,6911.5,6881.5,6898.0,8889,0
2026-05-13 10:00:00+05:30,6894.5,6953.0,6887.0,6952.0,14741,0
2026-05-13 10:05:00+05:30,6951.5,6989.0,6950.0,6961.0,15370,0
2026-05-13 10:10:00+05:30,6963.0,6965.0,6940.0,6940.0,6431,0
2026-05-13 10:15:00+05:30,6942.5,6960.0,6942.0,6957.5,5787,0
2026-05-13 10:20:00+05:30,6957.5,7000.0,6957.5,6995.0,7570,0
2026-05-13 10:25:00+05:30,6996.0,7050.0,6995.0,7019.0,19799,0
2026-05-13 10:30:00+05:30,7019.0,7050.0,7013.0,7050.0,6789,0
2026-05-13 10:35:00+05:30,7048.5,7058.5,7010.5,7018.0,10816,0
2026-05-13 10:40:00+05:30,7016.5,7020.5,6965.0,6965.0,18424,0
2026-05-13 10:45:00+05:30,6964.5,6974.0,6951.5,6956.0,6374,0
2026-05-13 10:50:00+05:30,6955.0,6960.5,6935.0,6944.0,6183,0
2026-05-13 10:55:00+05:30,6944.0,6944.0,6914.0,6919.0,5569,0
2026-05-13 11:00:00+05:30,6919.0,6923.0,6901.0,6907.5,8310,0
2026-05-13 11:05:00+05:30,6909.5,6923.0,6892.0,6919.0,9350,0
2026-05-13 11:10:00+05:30,6919.0,6934.5,6905.0,6932.5,13944,0
2026-05-13 11:15:00+05:30,6928.5,6931.5,6904.0,6914.0,13596,0
2026-05-13 11:20:00+05:30,6914.0,6914.5,6904.0,6911.5,3973,0
2026-05-13 11:25:00+05:30,6911.5,6926.0,6900.0,6921.0,5461,0
2026-05-13 11:30:00+05:30,6923.5,6950.0,6922.0,6946.0,4994,0
2026-05-13 11:35:00+05:30,6946.0,6967.5,6943.0,6967.0,5562,0
2026-05-13 11:40:00+05:30,6967.0,6980.5,6963.0,6970.0,6060,0
2026-05-13 11:45:00+05:30,6970.0,6975.0,6965.5,6969.5,3033,0
2026-05-13 11:50:00+05:30,6967.5,6969.5,6934.5,6952.5,6926,0
2026-05-13 11:55:00+05:30,6952.5,6960.5,6949.0,6953.0,3537,0
2026-05-13 12:00:00+05:30,6950.5,6955.0,6925.0,6953.5,16356,0
2026-05-13 12:05:00+05:30,6953.5,6967.0,6946.5,6965.5,8354,0
2026-05-13 12:10:00+05:30,6967.0,6979.5,6961.0,6978.0,3072,0
2026-05-13 12:15:00+05:30,6978.0,6982.5,6963.0,6973.5,4704,0
2026-05-13 12:20:00+05:30,6971.5,6979.5,6971.5,6975.0,3642,0
2026-05-13 12:25:00+05:30,6973.5,6986.0,6970.0,6984.0,4589,0
2026-05-13 12:30:00+05:30,6983.5,6990.0,6979.5,6989.0,4857,0
2026-05-13 12:35:00+05:30,6989.0,6998.0,6985.5,6987.0,6849,0
2026-05-13 12:40:00+05:30,6987.0,6993.5,6981.5,6990.0,4570,0
2026-05-13 12:45:00+05:30,6988.0,7006.5,6988.0,7005.5,5565,0
2026-05-13 12:50:00+05:30,7003.5,7011.0,6995.0,7009.5,8611,0
2026-05-13 12:55:00+05:30,7009.5,7018.5,7005.0,7005.5,4811,0
2026-05-13 13:00:00+05:30,7007.0,7009.5,6998.5,7001.5,5458,0
2026-05-13 13:05:00+05:30,7002.0,7009.5,7000.0,7000.0,5478,0
2026-05-13 13:10:00+05:30,7000.0,7040.0,7000.0,7032.0,12331,0
2026-05-13 13:15:00+05:30,7032.0,7032.0,7002.0,7011.5,5958,0
2026-05-13 13:20:00+05:30,7011.0,7015.0,6998.0,7004.5,10596,0
2026-05-13 13:25:00+05:30,7004.5,7008.5,6997.5,7000.0,10910,0
2026-05-13 13:30:00+05:30,6997.5,7001.0,6980.0,6996.0,6239,0
2026-05-13 13:35:00+05:30,6996.0,7006.0,6989.5,7003.5,4579,0
2026-05-13 13:40:00+05:30,7004.0,7006.0,7000.0,7000.0,3086,0
2026-05-13 13:45:00+05:30,7000.0,7011.0,6998.5,7001.0,5362,0
2026-05-13 13:50:00+05:30,7000.0,7008.5,6997.5,7006.5,4048,0
2026-05-13 13:55:00+05:30,7006.0,7007.0,6982.0,6998.5,7001,0
2026-05-13 14:00:00+05:30,6998.5,7005.0,6990.5,7002.0,6915,0
2026-05-13 14:05:00+05:30,7001.0,7003.0,6992.0,6999.5,4311,0
2026-05-13 14:10:00+05:30,7000.0,7008.0,6998.0,7004.0,3551,0
2026-05-13 14:15:00+05:30,7004.0,7007.0,6994.0,6997.5,7619,0
2026-05-13 14:20:00+05:30,6997.5,7010.0,6990.5,7005.0,7055,0
2026-05-13 14:25:00+05:30,7005.0,7009.5,7001.0,7006.0,3955,0
2026-05-13 14:30:00+05:30,7006.0,7015.0,7005.5,7011.5,3517,0
2026-05-13 14:35:00+05:30,7011.5,7016.5,7004.5,7013.5,4368,0
2026-05-13 14:40:00+05:30,7013.0,7013.0,7000.0,7000.0,6685,0
2026-05-13 14:45:00+05:30,7000.0,7008.0,6995.0,6999.0,8956,0
2026-05-13 14:50:00+05:30,6999.0,7007.0,6999.0,7003.0,5033,0
2026-05-13 14:55:00+05:30,7004.0,7008.0,7000.0,7002.5,2854,0
2026-05-13 15:00:00+05:30,7002.0,7002.5,6964.0,6981.0,29978,0
2026-05-13 15:05:00+05:30,6981.0,6982.0,6971.5,6976.5,11187,0
2026-05-13 15:10:00+05:30,6976.5,6977.5,6956.0,6972.0,18278,0
2026-05-13 15:15:00+05:30,6972.0,6975.5,6967.0,6971.0,12070,0
2026-05-13 15:20:00+05:30,6971.0,6971.5,6961.5,6967.5,17869,0
2026-05-13 15:25:00+05:30,6967.5,6975.0,6963.0,6972.0,14751,0
2026-05-14 09:15:00+05:30,7000.0,7033.5,6962.0,6977.5,20264,0
2026-05-14 09:20:00+05:30,6979.0,6986.0,6941.5,6949.5,11709,0
2026-05-14 09:25:00+05:30,6950.0,6978.5,6947.5,6965.5,10283,0
2026-05-14 09:30:00+05:30,6966.0,6974.5,6955.0,6959.0,2730,0
2026-05-14 09:35:00+05:30,6958.0,6958.0,6925.0,6925.0,4678,0
2026-05-14 09:40:00+05:30,6926.5,6932.5,6907.5,6913.0,4702,0
2026-05-14 09:45:00+05:30,6912.5,6926.0,6894.0,6896.0,7199,0
2026-05-14 09:50:00+05:30,6895.0,6895.5,6865.0,6865.5,7812,0
2026-05-14 09:55:00+05:30,6868.5,6877.5,6863.0,6875.0,5096,0
2026-05-14 10:00:00+05:30,6875.0,6878.0,6867.0,6870.0,3236,0
2026-05-14 10:05:00+05:30,6870.0,6874.5,6860.5,6869.5,2781,0
2026-05-14 10:10:00+05:30,6866.5,6898.5,6865.5,6892.5,6643,0
2026-05-14 10:15:00+05:30,6893.5,6911.0,6875.5,6886.5,4563,0
2026-05-14 10:20:00+05:30,6888.0,6888.0,6862.0,6879.0,3845,0
2026-05-14 10:25:00+05:30,6879.0,6889.0,6873.0,6878.0,3030,0
2026-05-14 10:30:00+05:30,6877.5,6889.5,6876.0,6887.0,2218,0
2026-05-14 10:35:00+05:30,6887.0,6895.0,6885.0,6887.5,6389,0
2026-05-14 10:40:00+05:30,6890.5,6894.0,6870.0,6870.0,5972,0
2026-05-14 10:45:00+05:30,6870.0,6877.5,6863.5,6868.5,4046,0
2026-05-14 10:50:00+05:30,6867.0,6881.0,6861.0,6873.0,3528,0
2026-05-14 10:55:00+05:30,6873.0,6874.0,6856.5,6860.0,2406,0
2026-05-14 11:00:00+05:30,6862.0,6865.5,6847.0,6851.5,3813,0
2026-05-14 11:05:00+05:30,6853.0,6855.0,6843.5,6847.0,2056,0
2026-05-14 11:10:00+05:30,6844.0,6868.5,6842.5,6868.0,2979,0
2026-05-14 11:15:00+05:30,6866.0,6884.0,6866.0,6868.0,2249,0
2026-05-14 11:20:00+05:30,6870.5,6876.5,6860.5,6860.5,1631,0
2026-05-14 11:25:00+05:30,6861.0,6866.0,6850.0,6864.0,2034,0
2026-05-14 11:30:00+05:30,6864.0,6865.0,6852.5,6862.0,2383,0
2026-05-14 11:35:00+05:30,6859.5,6887.0,6859.5,6879.0,2270,0
2026-05-14 11:40:00+05:30,6879.0,6894.0,6866.0,6889.5,2850,0
2026-05-14 11:45:00+05:30,6892.5,6939.0,6891.0,6939.0,12226,0
2026-05-14 11:50:00+05:30,6939.0,6948.0,6930.5,6941.5,8597,0
2026-05-14 11:55:00+05:30,6943.0,6960.0,6941.0,6957.0,7520,0
2026-05-14 12:00:00+05:30,6957.0,6960.0,6946.0,6948.0,3099,0
2026-05-14 12:05:00+05:30,6951.0,6952.0,6924.5,6936.5,5000,0
2026-05-14 12:10:00+05:30,6933.0,6950.0,6932.5,6947.0,9044,0
2026-05-14 12:15:00+05:30,6948.5,6967.0,6945.5,6953.5,5807,0
2026-05-14 12:20:00+05:30,6954.0,6961.5,6952.0,6958.5,2156,0
2026-05-14 12:25:00+05:30,6958.5,6965.5,6947.0,6950.0,8334,0
2026-05-14 12:30:00+05:30,6949.0,6966.0,6939.5,6965.0,6965,0
2026-05-14 12:35:00+05:30,6966.0,6969.0,6952.5,6959.5,6631,0
2026-05-14 12:40:00+05:30,6960.0,6982.0,6959.0,6978.0,3518,0
2026-05-14 12:45:00+05:30,6980.0,6997.0,6976.0,6993.5,4944,0
2026-05-14 12:50:00+05:30,6992.0,6992.0,6976.5,6984.0,4437,0
2026-05-14 12:55:00+05:30,6984.0,6984.0,6964.0,6974.5,4900,0
2026-05-14 13:00:00+05:30,6978.0,6998.0,6959.0,6992.5,12816,0
2026-05-14 13:05:00+05:30,6993.0,7000.0,6991.5,6994.0,2836,0
2026-05-14 13:10:00+05:30,6994.0,6995.5,6982.0,6991.5,4266,0
2026-05-14 13:15:00+05:30,6990.0,6996.5,6987.0,6990.5,3551,0
2026-05-14 13:20:00+05:30,6990.0,6998.0,6990.0,6992.0,1311,0
2026-05-14 13:25:00+05:30,6994.0,7009.0,6991.0,6999.0,3312,0
2026-05-14 13:30:00+05:30,6999.0,7003.0,6993.0,7000.0,743,0
2026-05-14 13:35:00+05:30,7001.5,7001.5,6993.0,6996.5,1890,0
2026-05-14 13:40:00+05:30,6994.0,7000.0,6991.5,6997.0,1335,0
2026-05-14 13:45:00+05:30,6999.0,7002.0,6990.5,6992.0,1712,0
2026-05-14 13:50:00+05:30,6992.0,7004.5,6992.0,7000.0,3346,0
2026-05-14 13:55:00+05:30,7000.0,7015.0,6999.5,7013.0,5275,0
2026-05-14 14:00:00+05:30,7010.5,7020.0,7007.0,7011.5,3573,0
2026-05-14 14:05:00+05:30,7012.0,7025.0,7009.5,7018.5,4321,0
2026-05-14 14:10:00+05:30,7017.0,7023.5,7010.0,7019.0,3463,0
2026-05-14 14:15:00+05:30,7020.0,7030.0,7001.0,7004.5,4695,0
2026-05-14 14:20:00+05:30,7004.0,7037.0,7002.0,7036.5,5968,0
2026-05-14 14:25:00+05:30,7036.5,7055.0,7036.5,7054.0,8972,0
2026-05-14 14:30:00+05:30,7055.0,7102.0,7052.5,7080.0,27938,0
2026-05-14 14:35:00+05:30,7081.5,7088.0,7074.0,7080.0,9097,0
2026-05-14 14:40:00+05:30,7080.0,7082.5,7053.0,7065.5,8454,0
2026-05-14 14:45:00+05:30,7064.5,7065.5,7049.0,7049.0,6308,0
2026-05-14 14:50:00+05:30,7049.0,7053.5,7040.0,7046.0,5189,0
2026-05-14 14:55:00+05:30,7046.0,7058.5,7043.5,7050.5,3068,0
2026-05-14 15:00:00+05:30,7052.5,7057.0,7029.5,7031.0,15319,0
2026-05-14 15:05:00+05:30,7031.5,7034.0,7018.0,7034.0,8459,0
2026-05-14 15:10:00+05:30,7033.5,7040.0,7022.0,7026.5,12814,0
2026-05-14 15:15:00+05:30,7026.0,7039.5,7025.5,7033.5,8975,0
2026-05-14 15:20:00+05:30,7035.0,7051.0,7026.5,7039.0,16083,0
2026-05-14 15:25:00+05:30,7039.0,7056.0,7028.0,7040.5,14316,0
