timestamp,open,high,low,close,volume,oi
2025-11-17 09:15:00+05:30,1375.1,1380.0,1373.6,1378.1,209846,0
2025-11-17 09:20:00+05:30,1378.0,1379.3,1376.7,1378.5,95756,0
2025-11-17 09:25:00+05:30,1378.3,1379.0,1377.0,1377.0,87377,0
2025-11-17 09:30:00+05:30,1377.6,1378.0,1376.0,1376.1,70587,0
2025-11-17 09:35:00+05:30,1376.4,1378.1,1376.0,1377.0,86112,0
2025-11-17 09:40:00+05:30,1376.5,1377.3,1375.6,1376.0,47989,0
2025-11-17 09:45:00+05:30,1376.0,1376.4,1375.3,1376.0,30368,0
2025-11-17 09:50:00+05:30,1376.0,1376.4,1375.1,1376.0,19652,0
2025-11-17 09:55:00+05:30,1376.4,1377.6,1376.0,1376.8,78105,0
2025-11-17 10:00:00+05:30,1376.8,1377.6,1375.6,1376.4,67322,0
2025-11-17 10:05:00+05:30,1376.4,1377.2,1376.0,1376.0,25611,0
2025-11-17 10:10:00+05:30,1376.3,1377.6,1375.8,1377.0,40529,0
2025-11-17 10:15:00+05:30,1376.9,1379.4,1376.4,1379.4,56641,0
2025-11-17 10:20:00+05:30,1379.0,1382.5,1378.9,1381.0,683013,0
2025-11-17 10:25:00+05:30,1381.0,1381.2,1378.2,1379.0,153531,0
2025-11-17 10:30:00+05:30,1379.0,1379.0,1378.0,1379.0,46286,0
2025-11-17 10:35:00+05:30,1379.0,1379.6,1378.0,1378.0,35183,0
2025-11-17 10:40:00+05:30,1378.4,1378.8,1377.8,1378.5,31963,0
2025-11-17 10:45:00+05:30,1378.7,1378.9,1378.0,1378.4,54202,0
2025-11-17 10:50:00+05:30,1378.4,1378.7,1378.0,1378.4,19667,0
2025-11-17 10:55:00+05:30,1378.6,1379.0,1378.1,1378.9,42369,0
2025-11-17 11:00:00+05:30,1378.9,1379.7,1378.5,1379.5,50010,0
2025-11-17 11:05:00+05:30,1379.5,1379.7,1378.5,1379.5,63382,0
2025-11-17 11:10:00+05:30,1379.5,1379.5,1378.1,1378.6,40875,0
2025-11-17 11:15:00+05:30,1378.6,1378.8,1378.0,1378.7,51264,0
2025-11-17 11:20:00+05:30,1378.7,1378.8,1378.2,1378.6,29020,0
2025-11-17 11:25:00+05:30,1378.5,1379.2,1376.5,1377.4,74963,0
2025-11-17 11:30:00+05:30,1377.5,1378.8,1376.5,1378.3,146792,0
2025-11-17 11:35:00+05:30,1378.6,1378.8,1377.9,1378.0,35603,0
2025-11-17 11:40:00+05:30,1378.5,1378.5,1377.3,1378.1,31136,0
2025-11-17 11:45:00+05:30,1378.1,1378.4,1377.3,1377.6,24270,0
2025-11-17 11:50:00+05:30,1377.6,1378.1,1377.3,1377.8,22907,0
2025-11-17 11:55:00+05:30,1378.0,1379.0,1377.8,1378.4,43622,0
2025-11-17 12:00:00+05:30,1378.9,1379.1,1378.0,1378.6,98630,0
2025-11-17 12:05:00+05:30,1378.4,1379.9,1378.2,1379.3,69869,0
2025-11-17 12:10:00+05:30,1379.3,1379.8,1378.9,1379.2,41083,0
2025-11-17 12:15:00+05:30,1379.6,1380.0,1379.0,1379.8,43285,0
2025-11-17 12:20:00+05:30,1379.8,1380.2,1379.3,1380.0,67001,0
2025-11-17 12:25:00+05:30,1380.0,1380.2,1379.0,1379.3,136953,0
2025-11-17 12:30:00+05:30,1379.3,1380.4,1378.6,1380.1,77393,0
2025-11-17 12:35:00+05:30,1380.2,1381.3,1380.0,1380.1,75978,0
2025-11-17 12:40:00+05:30,1380.4,1381.5,1380.1,1380.5,56643,0
2025-11-17 12:45:00+05:30,1380.7,1380.7,1380.0,1380.0,44106,0
2025-11-17 12:50:00+05:30,1380.3,1380.4,1379.2,1380.3,134993,0
2025-11-17 12:55:00+05:30,1380.3,1381.0,1380.0,1380.2,116077,0
2025-11-17 13:00:00+05:30,1380.4,1380.7,1380.0,1380.0,36959,0
2025-11-17 13:05:00+05:30,1380.2,1380.2,1379.7,1380.0,42189,0
2025-11-17 13:10:00+05:30,1380.1,1380.5,1379.8,1379.8,27102,0
2025-11-17 13:15:00+05:30,1380.2,1380.5,1379.7,1380.1,50514,0
2025-11-17 13:20:00+05:30,1380.2,1380.4,1379.3,1379.6,53615,0
2025-11-17 13:25:00+05:30,1379.6,1379.9,1378.4,1379.2,65756,0
2025-11-17 13:30:00+05:30,1379.2,1379.5,1377.5,1378.5,98009,0
2025-11-17 13:35:00+05:30,1378.3,1379.2,1378.0,1378.0,233047,0
2025-11-17 13:40:00+05:30,1378.0,1379.0,1378.0,1378.3,63311,0
2025-11-17 13:45:00+05:30,1378.7,1380.0,1378.1,1379.0,121046,0
2025-11-17 13:50:00+05:30,1379.1,1379.2,1378.1,1378.7,130266,0
2025-11-17 13:55:00+05:30,1378.7,1379.2,1378.2,1378.7,51441,0
2025-11-17 14:00:00+05:30,1378.9,1379.6,1378.1,1379.5,161513,0
2025-11-17 14:05:00+05:30,1379.5,1379.9,1378.8,1379.2,123603,0
2025-11-17 14:10:00+05:30,1379.3,1379.8,1378.2,1378.5,85223,0
2025-11-17 14:15:00+05:30,1378.7,1379.0,1378.1,1378.2,114315,0
2025-11-17 14:20:00+05:30,1378.3,1379.6,1378.1,1379.4,174462,0
2025-11-17 14:25:00+05:30,1379.4,1379.4,1377.9,1378.7,114248,0
2025-11-17 14:30:00+05:30,1378.7,1379.4,1377.5,1379.2,73812,0
2025-11-17 14:35:00+05:30,1379.2,1380.0,1378.1,1378.7,65531,0
2025-11-17 14:40:00+05:30,1379.0,1379.1,1377.9,1378.3,106066,0
2025-11-17 14:45:00+05:30,1378.6,1379.0,1377.8,1379.0,187622,0
2025-11-17 14:50:00+05:30,1379.0,1379.1,1378.2,1378.6,54626,0
2025-11-17 14:55:00+05:30,1378.8,1379.1,1378.1,1378.6,54794,0
2025-11-17 15:00:00+05:30,1378.6,1379.1,1378.3,1379.1,254097,0
2025-11-17 15:05:00+05:30,1379.1,1379.9,1378.0,1378.7,292384,0
2025-11-17 15:10:00+05:30,1378.6,1378.9,1378.2,1378.7,270265,0
2025-11-17 15:15:00+05:30,1378.7,1380.0,1378.6,1379.7,379902,0
2025-11-17 15:20:00+05:30,1379.7,1379.8,1378.7,1379.0,311892,0
2025-11-17 15:25:00+05:30,1379.1,1380.0,1378.1,1379.1,304610,0
2025-11-18 09:15:00+05:30,1380.2,1382.8,1373.0,1375.1,506760,0
2025-11-18 09:20:00+05:30,1375.1,1375.9,1373.6,1375.3,77525,0
2025-11-18 09:25:00+05:30,1375.3,1377.3,1375.0,1376.0,65304,0
2025-11-18 09:30:00+05:30,1376.0,1376.0,1374.1,1374.7,40334,0
2025-11-18 09:35:00+05:30,1374.7,1375.0,1373.6,1374.8,66019,0
2025-11-18 09:40:00+05:30,1374.7,1376.4,1374.7,1376.4,32635,0
2025-11-18 09:45:00+05:30,1376.0,1376.9,1374.8,1374.8,35116,0
2025-11-18 09:50:00+05:30,1374.8,1376.2,1374.0,1375.4,65019,0
2025-11-18 09:55:00+05:30,1375.4,1375.8,1374.9,1375.5,18263,0
2025-11-18 10:00:00+05:30,1375.5,1376.9,1374.8,1376.4,79559,0
2025-11-18 10:05:00+05:30,1376.7,1377.8,1376.1,1376.3,45897,0
2025-11-18 10:10:00+05:30,1376.2,1376.7,1375.9,1376.0,33127,0
2025-11-18 10:15:00+05:30,1376.0,1376.5,1375.6,1375.9,14903,0
2025-11-18 10:20:00+05:30,1376.0,1376.5,1375.9,1376.0,12599,0
2025-11-18 10:25:00+05:30,1376.0,1376.5,1374.9,1375.1,20920,0
2025-11-18 10:30:00+05:30,1375.3,1375.5,1374.9,1375.4,42727,0
2025-11-18 10:35:00+05:30,1375.2,1375.4,1374.2,1374.5,76347,0
2025-11-18 10:40:00+05:30,1374.7,1375.6,1374.5,1375.3,44061,0
2025-11-18 10:45:00+05:30,1375.4,1375.5,1375.0,1375.3,42129,0
2025-11-18 10:50:00+05:30,1375.3,1377.6,1375.0,1376.5,80218,0
2025-11-18 10:55:00+05:30,1376.4,1378.1,1376.4,1377.9,55840,0
2025-11-18 11:00:00+05:30,1377.8,1378.9,1377.7,1378.2,43541,0
2025-11-18 11:05:00+05:30,1378.3,1378.3,1376.1,1376.8,58312,0
2025-11-18 11:10:00+05:30,1376.8,1377.2,1376.5,1376.7,21452,0
2025-11-18 11:15:00+05:30,1376.4,1377.9,1376.4,1377.9,28839,0
2025-11-18 11:20:00+05:30,1377.9,1378.0,1376.5,1376.6,32122,0
2025-11-18 11:25:00+05:30,1376.6,1376.7,1375.0,1375.1,39447,0
2025-11-18 11:30:00+05:30,1375.1,1376.5,1375.0,1376.0,58850,0
2025-11-18 11:35:00+05:30,1376.5,1376.5,1375.8,1376.0,22612,0
2025-11-18 11:40:00+05:30,1376.0,1376.3,1375.5,1375.6,24439,0
2025-11-18 11:45:00+05:30,1375.5,1377.0,1375.5,1376.1,48532,0
2025-11-18 11:50:00+05:30,1376.1,1377.9,1375.9,1376.8,39556,0
2025-11-18 11:55:00+05:30,1376.8,1377.1,1375.1,1376.8,77137,0
2025-11-18 12:00:00+05:30,1376.8,1377.3,1375.7,1375.9,62111,0
2025-11-18 12:05:00+05:30,1375.8,1376.2,1375.8,1376.0,25412,0
2025-11-18 12:10:00+05:30,1375.9,1377.2,1375.7,1376.0,151994,0
2025-11-18 12:15:00+05:30,1375.8,1375.8,1374.9,1374.9,112546,0
2025-11-18 12:20:00+05:30,1374.9,1375.9,1374.9,1375.0,104455,0
2025-11-18 12:25:00+05:30,1374.9,1375.9,1374.9,1375.0,140121,0
2025-11-18 12:30:00+05:30,1375.0,1375.4,1375.0,1375.1,89464,0
2025-11-18 12:35:00+05:30,1375.1,1375.2,1372.8,1374.4,175519,0
2025-11-18 12:40:00+05:30,1374.2,1374.6,1374.0,1374.1,42147,0
2025-11-18 12:45:00+05:30,1374.0,1375.7,1373.8,1374.6,320481,0
2025-11-18 12:50:00+05:30,1374.6,1375.7,1374.3,1375.4,116395,0
2025-11-18 12:55:00+05:30,1375.3,1375.6,1374.9,1375.1,64007,0
2025-11-18 13:00:00+05:30,1375.2,1376.7,1374.8,1375.9,183827,0
2025-11-18 13:05:00+05:30,1375.7,1376.2,1374.8,1375.1,37458,0
2025-11-18 13:10:00+05:30,1375.0,1375.3,1373.5,1373.5,80982,0
2025-11-18 13:15:00+05:30,1373.5,1375.4,1373.5,1374.5,152051,0
2025-11-18 13:20:00+05:30,1374.5,1375.0,1374.3,1374.6,34113,0
2025-11-18 13:25:00+05:30,1374.6,1374.8,1374.2,1374.2,41109,0
2025-11-18 13:30:00+05:30,1374.2,1374.6,1374.0,1374.3,30345,0
2025-11-18 13:35:00+05:30,1374.3,1375.2,1374.3,1374.9,34298,0
2025-11-18 13:40:00+05:30,1374.9,1375.3,1374.0,1375.1,232449,0
2025-11-18 13:45:00+05:30,1375.1,1375.6,1373.8,1374.4,94276,0
2025-11-18 13:50:00+05:30,1374.4,1374.8,1374.2,1374.6,46296,0
2025-11-18 13:55:00+05:30,1374.6,1374.8,1374.3,1374.7,35031,0
2025-11-18 14:00:00+05:30,1374.7,1375.3,1374.6,1375.3,63727,0
2025-11-18 14:05:00+05:30,1375.3,1375.7,1374.6,1375.2,177591,0
2025-11-18 14:10:00+05:30,1375.3,1375.6,1373.1,1374.9,269238,0
2025-11-18 14:15:00+05:30,1374.8,1375.3,1374.7,1374.7,47830,0
2025-11-18 14:20:00+05:30,1374.7,1375.8,1374.6,1375.0,149830,0
2025-11-18 14:25:00+05:30,1375.0,1375.8,1374.6,1375.1,176521,0
2025-11-18 14:30:00+05:30,1375.0,1375.8,1374.5,1375.6,140578,0
2025-11-18 14:35:00+05:30,1375.6,1377.0,1375.0,1377.0,129354,0
2025-11-18 14:40:00+05:30,1376.9,1377.2,1374.6,1376.7,234163,0
2025-11-18 14:45:00+05:30,1376.7,1376.8,1374.7,1375.5,340556,0
2025-11-18 14:50:00+05:30,1375.5,1376.0,1375.0,1375.4,81712,0
2025-11-18 14:55:00+05:30,1375.0,1375.6,1375.0,1375.0,57907,0
2025-11-18 15:00:00+05:30,1375.1,1375.6,1373.4,1373.8,754235,0
2025-11-18 15:05:00+05:30,1374.4,1375.5,1373.5,1374.5,581412,0
2025-11-18 15:10:00+05:30,1374.6,1376.0,1371.3,1371.5,694581,0
2025-11-18 15:15:00+05:30,1371.9,1374.4,1370.7,1372.1,478830,0
2025-11-18 15:20:00+05:30,1372.1,1373.7,1370.8,1371.9,428473,0
2025-11-18 15:25:00+05:30,1371.9,1372.0,1369.1,1370.0,364334,0
2025-11-19 09:15:00+05:30,1373.5,1375.7,1372.3,1373.7,264056,0
2025-11-19 09:20:00+05:30,1373.6,1375.3,1371.6,1374.6,144879,0
2025-11-19 09:25:00+05:30,1374.5,1377.1,1373.8,1376.4,129071,0
2025-11-19 09:30:00+05:30,1376.3,1378.4,1375.4,1375.9,97495,0
2025-11-19 09:35:00+05:30,1375.8,1377.4,1375.7,1376.9,498465,0
2025-11-19 09:40:00+05:30,1376.7,1377.1,1375.0,1375.1,125929,0
2025-11-19 09:45:00+05:30,1375.0,1376.2,1374.7,1375.2,105592,0
2025-11-19 09:50:00+05:30,1375.2,1376.0,1374.7,1375.7,75755,0
2025-11-19 09:55:00+05:30,1375.6,1376.4,1375.6,1376.0,52713,0
2025-11-19 10:00:00+05:30,1376.0,1376.1,1374.6,1375.8,65675,0
2025-11-19 10:05:00+05:30,1375.8,1376.0,1374.6,1374.8,59185,0
2025-11-19 10:10:00+05:30,1374.8,1376.2,1373.9,1376.2,88858,0
2025-11-19 10:15:00+05:30,1376.1,1376.4,1375.9,1376.0,44918,0
2025-11-19 10:20:00+05:30,1376.0,1376.3,1374.9,1376.0,93900,0
2025-11-19 10:25:00+05:30,1376.0,1376.6,1375.9,1376.2,131799,0
2025-11-19 10:30:00+05:30,1376.2,1377.1,1376.0,1377.1,122344,0
2025-11-19 10:35:00+05:30,1376.6,1377.8,1376.6,1377.2,90286,0
2025-11-19 10:40:00+05:30,1377.0,1378.0,1376.4,1377.7,82528,0
2025-11-19 10:45:00+05:30,1377.6,1378.3,1376.9,1377.2,101892,0
2025-11-19 10:50:00+05:30,1377.2,1377.9,1376.7,1377.4,68154,0
2025-11-19 10:55:00+05:30,1377.4,1378.0,1377.1,1377.4,67476,0
2025-11-19 11:00:00+05:30,1377.4,1377.6,1376.7,1377.0,72865,0
2025-11-19 11:05:00+05:30,1377.0,1378.0,1377.0,1377.5,68460,0
2025-11-19 11:10:00+05:30,1377.6,1377.6,1375.6,1376.4,106404,0
2025-11-19 11:15:00+05:30,1376.4,1377.3,1375.8,1377.3,67572,0
2025-11-19 11:20:00+05:30,1377.2,1377.7,1377.1,1377.4,59913,0
2025-11-19 11:25:00+05:30,1377.4,1379.0,1377.3,1379.0,68577,0
2025-11-19 11:30:00+05:30,1378.8,1378.9,1378.1,1378.1,38884,0
2025-11-19 11:35:00+05:30,1378.1,1379.0,1378.1,1378.3,51259,0
2025-11-19 11:40:00+05:30,1378.4,1379.5,1378.1,1379.3,59793,0
2025-11-19 11:45:00+05:30,1379.3,1380.0,1379.2,1379.9,58590,0
2025-11-19 11:50:00+05:30,1379.8,1380.0,1378.8,1378.9,88013,0
2025-11-19 11:55:00+05:30,1378.9,1379.5,1378.7,1379.0,48967,0
2025-11-19 12:00:00+05:30,1378.8,1379.5,1378.7,1379.0,94245,0
2025-11-19 12:05:00+05:30,1378.9,1379.1,1378.8,1378.8,55164,0
2025-11-19 12:10:00+05:30,1378.8,1379.4,1378.5,1378.6,52886,0
2025-11-19 12:15:00+05:30,1378.6,1379.1,1378.6,1379.0,57324,0
2025-11-19 12:20:00+05:30,1378.9,1379.3,1378.7,1379.2,80378,0
2025-11-19 12:25:00+05:30,1379.1,1379.9,1379.1,1379.6,86544,0
2025-11-19 12:30:00+05:30,1379.3,1380.5,1379.0,1379.3,124265,0
2025-11-19 12:35:00+05:30,1379.4,1381.0,1379.2,1380.7,85043,0
2025-11-19 12:40:00+05:30,1380.5,1381.5,1380.5,1381.3,79306,0
2025-11-19 12:45:00+05:30,1381.2,1382.0,1380.0,1381.3,213670,0
2025-11-19 12:50:00+05:30,1381.3,1381.9,1380.5,1381.1,103545,0
2025-11-19 12:55:00+05:30,1381.1,1381.5,1380.5,1380.5,68011,0
2025-11-19 13:00:00+05:30,1380.5,1381.7,1380.2,1380.9,130408,0
2025-11-19 13:05:00+05:30,1380.9,1381.9,1380.5,1380.5,57983,0
2025-11-19 13:10:00+05:30,1380.5,1381.4,1380.3,1380.9,66995,0
2025-11-19 13:15:00+05:30,1380.9,1381.1,1380.1,1380.2,90994,0
2025-11-19 13:20:00+05:30,1380.2,1380.9,1379.9,1380.0,69060,0
2025-11-19 13:25:00+05:30,1380.0,1381.1,1379.5,1379.5,169803,0
2025-11-19 13:30:00+05:30,1379.5,1380.3,1379.2,1379.3,94502,0
2025-11-19 13:35:00+05:30,1379.3,1380.0,1377.4,1377.6,209375,0
2025-11-19 13:40:00+05:30,1377.6,1380.1,1377.2,1379.0,139894,0
2025-11-19 13:45:00+05:30,1379.0,1380.3,1379.0,1379.7,124020,0
2025-11-19 13:50:00+05:30,1379.7,1380.6,1379.5,1380.0,59745,0
2025-11-19 13:55:00+05:30,1380.0,1381.1,1379.8,1379.8,118253,0
2025-11-19 14:00:00+05:30,1379.8,1380.4,1379.0,1379.5,310816,0
2025-11-19 14:05:00+05:30,1379.6,1380.4,1379.3,1379.9,141368,0
2025-11-19 14:10:00+05:30,1379.9,1380.5,1379.1,1380.3,263699,0
2025-11-19 14:15:00+05:30,1380.0,1381.2,1379.9,1380.6,197930,0
2025-11-19 14:20:00+05:30,1380.6,1381.2,1379.9,1380.3,215976,0
2025-11-19 14:25:00+05:30,1380.2,1381.6,1379.9,1381.5,294802,0
2025-11-19 14:30:00+05:30,1381.3,1381.6,1381.2,1381.3,286861,0
2025-11-19 14:35:00+05:30,1381.3,1382.1,1381.3,1381.9,423607,0
2025-11-19 14:40:00+05:30,1381.8,1382.3,1381.7,1381.8,431903,0
2025-11-19 14:45:00+05:30,1381.7,1382.8,1381.7,1382.4,157984,0
2025-11-19 14:50:00+05:30,1382.2,1383.0,1381.9,1382.0,172431,0
2025-11-19 14:55:00+05:30,1382.1,1383.8,1382.0,1382.8,220985,0
2025-11-19 15:00:00+05:30,1382.8,1383.0,1382.1,1382.8,281810,0
2025-11-19 15:05:00+05:30,1382.7,1383.3,1382.4,1383.1,267695,0
2025-11-19 15:10:00+05:30,1383.1,1384.0,1382.9,1383.4,282329,0
2025-11-19 15:15:00+05:30,1383.3,1383.9,1382.8,1383.0,205396,0
2025-11-19 15:20:00+05:30,1383.0,1383.9,1382.9,1383.2,227425,0
2025-11-19 15:25:00+05:30,1383.2,1384.0,1382.0,1383.1,279157,0
2025-11-20 09:15:00+05:30,1380.1,1382.1,1375.4,1377.3,839132,0
2025-11-20 09:20:00+05:30,1377.2,1381.4,1376.2,1380.0,263320,0
2025-11-20 09:25:00+05:30,1379.9,1379.9,1377.3,1377.8,124108,0
2025-11-20 09:30:00+05:30,1377.9,1378.5,1377.2,1377.7,101167,0
2025-11-20 09:35:00+05:30,1377.6,1378.4,1376.6,1376.8,112241,0
2025-11-20 09:40:00+05:30,1376.8,1377.8,1375.5,1376.4,155902,0
2025-11-20 09:45:00+05:30,1376.5,1377.9,1376.0,1377.8,81401,0
2025-11-20 09:50:00+05:30,1377.9,1379.0,1377.8,1377.8,60568,0
2025-11-20 09:55:00+05:30,1377.9,1378.8,1377.2,1378.1,101764,0
2025-11-20 10:00:00+05:30,1378.1,1380.1,1377.0,1380.0,481785,0
2025-11-20 10:05:00+05:30,1380.1,1382.1,1379.7,1381.3,109265,0
2025-11-20 10:10:00+05:30,1381.3,1382.0,1380.7,1381.2,69790,0
2025-11-20 10:15:00+05:30,1381.3,1382.2,1381.2,1382.0,80019,0
2025-11-20 10:20:00+05:30,1382.0,1382.0,1379.7,1380.0,66996,0
2025-11-20 10:25:00+05:30,1380.1,1380.1,1379.4,1380.0,135709,0
2025-11-20 10:30:00+05:30,1380.0,1380.1,1377.7,1377.8,456682,0
2025-11-20 10:35:00+05:30,1377.7,1380.3,1377.5,1379.6,81407,0
2025-11-20 10:40:00+05:30,1379.6,1380.4,1379.3,1380.0,84724,0
2025-11-20 10:45:00+05:30,1380.1,1381.9,1379.9,1381.6,85161,0
2025-11-20 10:50:00+05:30,1381.7,1382.5,1380.5,1382.0,60037,0
2025-11-20 10:55:00+05:30,1382.1,1382.4,1381.7,1382.0,86843,0
2025-11-20 11:00:00+05:30,1382.1,1382.1,1381.6,1382.0,124279,0
2025-11-20 11:05:00+05:30,1382.1,1382.3,1381.7,1382.2,67341,0
2025-11-20 11:10:00+05:30,1382.3,1382.5,1379.9,1380.0,138145,0
2025-11-20 11:15:00+05:30,1380.5,1380.8,1379.2,1380.0,239662,0
2025-11-20 11:20:00+05:30,1380.1,1380.2,1379.5,1380.1,70775,0
2025-11-20 11:25:00+05:30,1380.1,1380.2,1380.0,1380.0,35857,0
2025-11-20 11:30:00+05:30,1380.1,1381.0,1379.9,1380.8,70763,0
2025-11-20 11:35:00+05:30,1380.8,1381.0,1380.0,1380.0,34073,0
2025-11-20 11:40:00+05:30,1380.1,1382.5,1380.0,1382.2,62345,0
2025-11-20 11:45:00+05:30,1382.3,1382.4,1380.4,1381.1,61722,0
2025-11-20 11:50:00+05:30,1381.1,1381.7,1380.4,1381.3,49629,0
2025-11-20 11:55:00+05:30,1381.3,1381.9,1380.5,1381.3,47881,0
2025-11-20 12:00:00+05:30,1381.4,1382.1,1380.6,1380.7,43503,0
2025-11-20 12:05:00+05:30,1380.8,1381.2,1380.2,1380.4,32248,0
2025-11-20 12:10:00+05:30,1380.5,1380.9,1380.2,1380.9,41353,0
2025-11-20 12:15:00+05:30,1380.9,1380.9,1378.5,1380.0,338367,0
2025-11-20 12:20:00+05:30,1380.1,1380.5,1379.5,1379.9,176492,0
2025-11-20 12:25:00+05:30,1379.9,1380.9,1379.5,1380.2,112244,0
2025-11-20 12:30:00+05:30,1380.3,1380.6,1379.9,1380.4,34875,0
2025-11-20 12:35:00+05:30,1380.5,1380.5,1380.0,1380.1,37300,0
2025-11-20 12:40:00+05:30,1380.1,1381.3,1379.8,1380.2,122906,0
2025-11-20 12:45:00+05:30,1380.3,1381.0,1379.9,1381.0,93279,0
2025-11-20 12:50:00+05:30,1381.1,1381.1,1380.1,1380.7,129983,0
2025-11-20 12:55:00+05:30,1380.7,1381.4,1380.4,1380.7,51416,0
2025-11-20 13:00:00+05:30,1380.7,1381.2,1380.0,1380.7,76097,0
2025-11-20 13:05:00+05:30,1380.7,1380.8,1380.5,1380.6,35008,0
2025-11-20 13:10:00+05:30,1380.6,1380.8,1380.5,1380.7,37093,0
2025-11-20 13:15:00+05:30,1380.7,1380.8,1380.4,1380.6,60145,0
2025-11-20 13:20:00+05:30,1380.6,1381.4,1379.7,1381.1,131218,0
2025-11-20 13:25:00+05:30,1381.1,1381.9,1380.8,1381.6,65090,0
2025-11-20 13:30:00+05:30,1381.6,1381.8,1381.2,1381.8,56018,0
2025-11-20 13:35:00+05:30,1381.8,1382.9,1381.4,1382.5,68958,0
2025-11-20 13:40:00+05:30,1382.7,1382.7,1381.5,1381.6,112700,0
2025-11-20 13:45:00+05:30,1381.7,1382.9,1381.5,1382.7,91637,0
2025-11-20 13:50:00+05:30,1382.7,1384.4,1382.0,1384.1,89241,0
2025-11-20 13:55:00+05:30,1383.9,1384.6,1383.5,1384.4,57470,0
2025-11-20 14:00:00+05:30,1384.4,1386.4,1384.2,1385.5,141148,0
2025-11-20 14:05:00+05:30,1385.5,1387.0,1384.3,1385.1,123998,0
2025-11-20 14:10:00+05:30,1385.3,1385.9,1384.7,1385.0,33790,0
2025-11-20 14:15:00+05:30,1385.3,1387.0,1384.6,1386.6,164426,0
2025-11-20 14:20:00+05:30,1386.5,1386.5,1385.1,1385.2,36201,0
2025-11-20 14:25:00+05:30,1385.2,1385.5,1383.4,1383.9,173463,0
2025-11-20 14:30:00+05:30,1383.9,1385.7,1383.6,1385.2,81003,0
2025-11-20 14:35:00+05:30,1385.3,1385.9,1384.8,1385.4,50443,0
2025-11-20 14:40:00+05:30,1385.9,1387.4,1385.2,1385.7,165759,0
2025-11-20 14:45:00+05:30,1385.7,1388.3,1385.4,1387.4,203055,0
2025-11-20 14:50:00+05:30,1387.4,1388.0,1385.6,1385.7,132355,0
2025-11-20 14:55:00+05:30,1385.8,1387.1,1385.0,1385.6,147884,0
2025-11-20 15:00:00+05:30,1385.2,1385.9,1383.2,1384.2,269883,0
2025-11-20 15:05:00+05:30,1384.2,1386.0,1381.3,1382.5,563283,0
2025-11-20 15:10:00+05:30,1382.4,1383.9,1381.4,1383.3,402136,0
2025-11-20 15:15:00+05:30,1383.3,1383.3,1381.9,1382.4,245012,0
2025-11-20 15:20:00+05:30,1382.3,1382.8,1382.2,1382.7,247215,0
2025-11-20 15:25:00+05:30,1382.7,1383.6,1382.0,1382.0,214975,0
2025-11-21 09:15:00+05:30,1373.0,1376.0,1371.0,1374.2,961960,0
2025-11-21 09:20:00+05:30,1374.1,1376.0,1373.1,1374.9,101453,0
2025-11-21 09:25:00+05:30,1374.8,1375.4,1372.7,1373.2,88188,0
2025-11-21 09:30:00+05:30,1373.2,1373.2,1370.7,1371.3,436138,0
2025-11-21 09:35:00+05:30,1371.1,1371.5,1370.5,1370.8,51321,0
2025-11-21 09:40:00+05:30,1370.8,1371.1,1369.3,1369.4,101018,0
2025-11-21 09:45:00+05:30,1369.4,1369.7,1366.6,1366.8,107742,0
2025-11-21 09:50:00+05:30,1366.8,1366.9,1365.4,1365.7,75603,0
2025-11-21 09:55:00+05:30,1365.7,1367.3,1365.1,1367.0,119402,0
2025-11-21 10:00:00+05:30,1367.3,1367.4,1364.6,1366.0,74049,0
2025-11-21 10:05:00+05:30,1366.1,1368.4,1366.1,1367.1,82616,0
2025-11-21 10:10:00+05:30,1367.1,1369.2,1366.4,1368.7,124765,0
2025-11-21 10:15:00+05:30,1368.7,1368.9,1367.7,1367.9,77573,0
2025-11-21 10:20:00+05:30,1367.8,1368.5,1366.8,1367.4,105622,0
2025-11-21 10:25:00+05:30,1367.5,1369.6,1367.1,1368.5,229105,0
2025-11-21 10:30:00+05:30,1368.5,1370.0,1367.0,1367.0,1929703,0
2025-11-21 10:35:00+05:30,1367.0,1367.8,1366.2,1367.0,155690,0
2025-11-21 10:40:00+05:30,1367.6,1368.3,1366.9,1367.2,149242,0
2025-11-21 10:45:00+05:30,1367.4,1367.8,1366.5,1367.6,109676,0
2025-11-21 10:50:00+05:30,1367.6,1367.9,1367.1,1367.4,40695,0
2025-11-21 10:55:00+05:30,1367.4,1368.8,1367.3,1368.2,92989,0
2025-11-21 11:00:00+05:30,1368.2,1368.9,1368.1,1368.2,58603,0
2025-11-21 11:05:00+05:30,1368.2,1368.7,1367.2,1368.3,52461,0
2025-11-21 11:10:00+05:30,1368.3,1370.5,1368.1,1370.4,91492,0
2025-11-21 11:15:00+05:30,1370.5,1370.5,1369.6,1369.9,34456,0
2025-11-21 11:20:00+05:30,1370.0,1370.5,1369.1,1369.9,324852,0
2025-11-21 11:25:00+05:30,1370.0,1370.3,1367.9,1370.0,359698,0
2025-11-21 11:30:00+05:30,1370.1,1370.2,1368.7,1369.1,55588,0
2025-11-21 11:35:00+05:30,1369.2,1370.3,1369.0,1369.8,205635,0
2025-11-21 11:40:00+05:30,1369.8,1369.9,1368.0,1369.2,207488,0
2025-11-21 11:45:00+05:30,1369.2,1370.1,1369.0,1369.0,78442,0
2025-11-21 11:50:00+05:30,1369.1,1369.3,1368.7,1369.0,22143,0
2025-11-21 11:55:00+05:30,1368.9,1369.2,1368.3,1368.8,24715,0
2025-11-21 12:00:00+05:30,1368.8,1369.7,1368.2,1368.5,404727,0
2025-11-21 12:05:00+05:30,1368.6,1369.3,1368.5,1369.1,28295,0
2025-11-21 12:10:00+05:30,1369.1,1369.9,1368.8,1369.6,32856,0
2025-11-21 12:15:00+05:30,1369.8,1370.5,1369.8,1370.2,108337,0
2025-11-21 12:20:00+05:30,1370.3,1370.4,1369.9,1370.1,45990,0
2025-11-21 12:25:00+05:30,1370.1,1370.5,1369.4,1369.8,67317,0
2025-11-21 12:30:00+05:30,1369.9,1370.0,1368.6,1369.1,150732,0
2025-11-21 12:35:00+05:30,1369.2,1370.0,1368.8,1369.9,61236,0
2025-11-21 12:40:00+05:30,1370.0,1370.0,1369.0,1369.4,699170,0
2025-11-21 12:45:00+05:30,1369.7,1370.0,1369.3,1369.9,51971,0
2025-11-21 12:50:00+05:30,1370.0,1371.6,1369.9,1371.5,100007,0
2025-11-21 12:55:00+05:30,1371.6,1372.5,1371.5,1372.2,62313,0
2025-11-21 13:00:00+05:30,1372.2,1372.5,1372.0,1372.2,38930,0
2025-11-21 13:05:00+05:30,1372.3,1372.3,1371.1,1371.4,61138,0
2025-11-21 13:10:00+05:30,1371.5,1371.7,1370.2,1371.1,94511,0
2025-11-21 13:15:00+05:30,1371.2,1371.7,1368.8,1368.8,91890,0
2025-11-21 13:20:00+05:30,1368.9,1368.9,1368.4,1368.5,55939,0
2025-11-21 13:25:00+05:30,1368.6,1369.2,1368.0,1368.5,74047,0
2025-11-21 13:30:00+05:30,1368.6,1369.0,1367.7,1368.9,56636,0
2025-11-21 13:35:00+05:30,1368.9,1369.0,1366.3,1367.2,168718,0
2025-11-21 13:40:00+05:30,1367.3,1367.3,1365.6,1365.7,120402,0
2025-11-21 13:45:00+05:30,1365.9,1368.1,1365.5,1367.7,104735,0
2025-11-21 13:50:00+05:30,1367.8,1368.6,1366.9,1367.5,189061,0
2025-11-21 13:55:00+05:30,1367.7,1368.3,1367.4,1367.8,52700,0
2025-11-21 14:00:00+05:30,1367.8,1367.8,1367.2,1367.5,44990,0
2025-11-21 14:05:00+05:30,1367.6,1368.6,1366.9,1368.6,79041,0
2025-11-21 14:10:00+05:30,1368.4,1368.9,1368.1,1368.7,57826,0
2025-11-21 14:15:00+05:30,1368.8,1368.8,1368.2,1368.6,61457,0
2025-11-21 14:20:00+05:30,1368.5,1369.5,1368.4,1369.2,76146,0
2025-11-21 14:25:00+05:30,1369.1,1369.7,1368.9,1369.6,59415,0
2025-11-21 14:30:00+05:30,1369.5,1370.0,1369.2,1369.5,63218,0
2025-11-21 14:35:00+05:30,1369.6,1369.8,1368.2,1368.4,64548,0
2025-11-21 14:40:00+05:30,1368.3,1369.1,1368.2,1368.5,70405,0
2025-11-21 14:45:00+05:30,1368.6,1369.1,1367.7,1368.2,219920,0
2025-11-21 14:50:00+05:30,1368.1,1368.3,1367.2,1367.3,67130,0
2025-11-21 14:55:00+05:30,1367.3,1368.0,1366.8,1367.7,70055,0
2025-11-21 15:00:00+05:30,1367.7,1369.5,1367.5,1368.8,153198,0
2025-11-21 15:05:00+05:30,1368.8,1370.0,1368.6,1369.6,156986,0
2025-11-21 15:10:00+05:30,1369.6,1370.4,1368.9,1370.3,172935,0
2025-11-21 15:15:00+05:30,1370.4,1370.4,1369.6,1370.2,130812,0
2025-11-21 15:20:00+05:30,1370.3,1370.3,1369.1,1369.5,134931,0
2025-11-21 15:25:00+05:30,1369.5,1370.3,1367.5,1369.0,148536,0
2025-11-24 09:15:00+05:30,1373.3,1377.0,1370.7,1371.3,392238,0
2025-11-24 09:20:00+05:30,1371.5,1371.7,1370.0,1370.8,69031,0
2025-11-24 09:25:00+05:30,1370.8,1371.1,1370.0,1370.5,47548,0
2025-11-24 09:30:00+05:30,1370.5,1370.5,1367.6,1368.1,96652,0
2025-11-24 09:35:00+05:30,1368.1,1368.2,1366.5,1368.0,82833,0
2025-11-24 09:40:00+05:30,1367.9,1367.9,1366.2,1366.6,59533,0
2025-11-24 09:45:00+05:30,1366.3,1368.3,1366.0,1367.7,107058,0
2025-11-24 09:50:00+05:30,1367.3,1368.5,1367.0,1367.2,56296,0
2025-11-24 09:55:00+05:30,1367.2,1367.8,1366.8,1367.4,41423,0
2025-11-24 10:00:00+05:30,1367.4,1368.0,1366.6,1366.8,49300,0
2025-11-24 10:05:00+05:30,1367.1,1368.3,1366.1,1367.8,68864,0
2025-11-24 10:10:00+05:30,1367.4,1368.6,1366.8,1368.0,121121,0
2025-11-24 10:15:00+05:30,1368.0,1368.5,1367.4,1368.1,67459,0
2025-11-24 10:20:00+05:30,1368.2,1369.9,1368.1,1369.8,85455,0
2025-11-24 10:25:00+05:30,1369.4,1370.9,1368.5,1370.4,99234,0
2025-11-24 10:30:00+05:30,1370.5,1370.6,1369.9,1369.9,50892,0
2025-11-24 10:35:00+05:30,1370.4,1370.6,1369.3,1370.6,34931,0
2025-11-24 10:40:00+05:30,1370.3,1370.6,1369.5,1369.5,20037,0
2025-11-24 10:45:00+05:30,1369.5,1369.7,1369.0,1369.1,19252,0
2025-11-24 10:50:00+05:30,1369.0,1369.9,1368.8,1369.1,20163,0
2025-11-24 10:55:00+05:30,1368.9,1370.3,1368.8,1370.0,21191,0
2025-11-24 11:00:00+05:30,1370.2,1370.9,1369.9,1370.2,37452,0
2025-11-24 11:05:00+05:30,1370.2,1372.2,1370.0,1371.0,110298,0
2025-11-24 11:10:00+05:30,1371.0,1371.0,1370.3,1370.9,45341,0
2025-11-24 11:15:00+05:30,1370.9,1371.0,1370.0,1370.5,69476,0
2025-11-24 11:20:00+05:30,1370.8,1372.0,1370.4,1370.7,61634,0
2025-11-24 11:25:00+05:30,1370.7,1372.6,1370.5,1372.5,64582,0
2025-11-24 11:30:00+05:30,1372.3,1374.8,1372.1,1373.4,132700,0
2025-11-24 11:35:00+05:30,1373.4,1373.5,1372.8,1372.9,42274,0
2025-11-24 11:40:00+05:30,1372.8,1374.1,1372.7,1373.1,67604,0
2025-11-24 11:45:00+05:30,1373.1,1373.2,1372.8,1372.9,53558,0
2025-11-24 11:50:00+05:30,1372.8,1373.1,1371.0,1371.2,164081,0
2025-11-24 11:55:00+05:30,1371.3,1372.7,1371.0,1372.4,94283,0
2025-11-24 12:00:00+05:30,1372.4,1372.8,1371.8,1372.6,47887,0
2025-11-24 12:05:00+05:30,1372.6,1372.6,1371.0,1371.7,62436,0
2025-11-24 12:10:00+05:30,1371.6,1371.7,1370.5,1371.0,43015,0
2025-11-24 12:15:00+05:30,1370.9,1372.0,1370.8,1371.8,45350,0
2025-11-24 12:20:00+05:30,1371.8,1371.8,1370.5,1370.9,43297,0
2025-11-24 12:25:00+05:30,1370.9,1371.1,1370.2,1370.8,135309,0
2025-11-24 12:30:00+05:30,1370.8,1371.3,1370.1,1370.9,150088,0
2025-11-24 12:35:00+05:30,1370.9,1371.3,1370.0,1371.0,64224,0
2025-11-24 12:40:00+05:30,1371.1,1371.6,1370.4,1371.5,53797,0
2025-11-24 12:45:00+05:30,1371.4,1371.8,1371.0,1371.0,56325,0
2025-11-24 12:50:00+05:30,1371.0,1372.5,1371.0,1372.0,78409,0
2025-11-24 12:55:00+05:30,1372.1,1372.2,1371.9,1372.1,94206,0
2025-11-24 13:00:00+05:30,1372.1,1372.5,1371.8,1372.1,254917,0
2025-11-24 13:05:00+05:30,1372.0,1372.9,1371.1,1372.4,399395,0
2025-11-24 13:10:00+05:30,1372.4,1373.4,1372.2,1373.1,170342,0
2025-11-24 13:15:00+05:30,1373.1,1373.1,1372.9,1373.1,73867,0
2025-11-24 13:20:00+05:30,1373.0,1374.2,1373.0,1374.0,118830,0
2025-11-24 13:25:00+05:30,1374.0,1374.0,1373.2,1373.4,100793,0
2025-11-24 13:30:00+05:30,1373.3,1373.5,1372.2,1373.3,187127,0
2025-11-24 13:35:00+05:30,1373.2,1374.0,1372.1,1372.1,130668,0
2025-11-24 13:40:00+05:30,1372.1,1373.8,1371.4,1373.6,324253,0
2025-11-24 13:45:00+05:30,1373.6,1373.6,1372.7,1373.3,76937,0
2025-11-24 13:50:00+05:30,1373.4,1373.4,1372.6,1372.9,52643,0
2025-11-24 13:55:00+05:30,1372.9,1373.4,1372.2,1372.2,60825,0
2025-11-24 14:00:00+05:30,1372.5,1372.8,1371.0,1371.2,107135,0
2025-11-24 14:05:00+05:30,1371.2,1372.3,1370.5,1370.5,136910,0
2025-11-24 14:10:00+05:30,1370.5,1372.6,1370.5,1372.5,205871,0
2025-11-24 14:15:00+05:30,1372.3,1372.9,1371.4,1371.6,146530,0
2025-11-24 14:20:00+05:30,1371.6,1371.6,1370.4,1370.6,148538,0
2025-11-24 14:25:00+05:30,1370.8,1371.6,1370.5,1371.2,73507,0
2025-11-24 14:30:00+05:30,1371.2,1372.0,1370.8,1370.9,122141,0
2025-11-24 14:35:00+05:30,1370.8,1372.0,1370.5,1371.8,98248,0
2025-11-24 14:40:00+05:30,1371.8,1372.6,1371.0,1371.6,93233,0
2025-11-24 14:45:00+05:30,1371.8,1372.7,1371.4,1372.3,93762,0
2025-11-24 14:50:00+05:30,1372.3,1372.3,1370.5,1370.8,135452,0
2025-11-24 14:55:00+05:30,1371.0,1373.0,1370.7,1372.7,153552,0
2025-11-24 15:00:00+05:30,1372.7,1374.3,1371.9,1372.1,1746519,0
2025-11-24 15:05:00+05:30,1372.1,1372.1,1367.5,1368.0,1394218,0
2025-11-24 15:10:00+05:30,1368.0,1370.6,1367.5,1369.9,1558544,0
2025-11-24 15:15:00+05:30,1369.9,1370.0,1365.8,1368.3,1612347,0
2025-11-24 15:20:00+05:30,1368.4,1368.5,1363.4,1363.8,1444222,0
2025-11-24 15:25:00+05:30,1363.7,1368.3,1361.5,1366.0,1246333,0
2025-11-25 09:15:00+05:30,1365.0,1367.8,1356.2,1367.4,771366,0
2025-11-25 09:20:00+05:30,1367.3,1367.9,1363.1,1364.3,170620,0
2025-11-25 09:25:00+05:30,1364.2,1366.1,1363.3,1365.9,107800,0
2025-11-25 09:30:00+05:30,1365.9,1370.8,1365.2,1370.1,183916,0
2025-11-25 09:35:00+05:30,1370.8,1371.2,1369.0,1370.1,66627,0
2025-11-25 09:40:00+05:30,1370.1,1370.4,1368.4,1368.9,33308,0
2025-11-25 09:45:00+05:30,1368.9,1370.2,1368.7,1369.9,59132,0
2025-11-25 09:50:00+05:30,1369.9,1370.5,1369.0,1370.1,70089,0
2025-11-25 09:55:00+05:30,1370.0,1371.9,1369.4,1371.6,58712,0
2025-11-25 10:00:00+05:30,1371.2,1371.8,1370.7,1371.5,61942,0
2025-11-25 10:05:00+05:30,1371.5,1373.4,1371.5,1373.2,109953,0
2025-11-25 10:10:00+05:30,1373.2,1374.5,1373.0,1374.2,60747,0
2025-11-25 10:15:00+05:30,1374.1,1374.5,1373.6,1374.1,85905,0
2025-11-25 10:20:00+05:30,1374.1,1374.9,1373.8,1374.8,51094,0
2025-11-25 10:25:00+05:30,1374.9,1376.9,1374.6,1375.9,87866,0
2025-11-25 10:30:00+05:30,1375.8,1376.8,1372.8,1372.8,136193,0
2025-11-25 10:35:00+05:30,1373.0,1373.7,1372.2,1373.0,65593,0
2025-11-25 10:40:00+05:30,1373.0,1374.4,1371.6,1371.6,70012,0
2025-11-25 10:45:00+05:30,1371.7,1371.8,1369.9,1370.0,67605,0
2025-11-25 10:50:00+05:30,1370.0,1370.2,1368.5,1369.0,57135,0
2025-11-25 10:55:00+05:30,1368.7,1369.0,1364.1,1364.1,82658,0
2025-11-25 11:00:00+05:30,1364.5,1364.5,1363.0,1363.2,63970,0
2025-11-25 11:05:00+05:30,1363.2,1363.7,1362.4,1362.6,61430,0
2025-11-25 11:10:00+05:30,1362.8,1362.9,1362.2,1362.3,43803,0
2025-11-25 11:15:00+05:30,1362.5,1364.7,1362.2,1363.4,61076,0
2025-11-25 11:20:00+05:30,1363.6,1364.3,1362.4,1363.0,62110,0
2025-11-25 11:25:00+05:30,1363.0,1364.7,1362.9,1364.0,61232,0
2025-11-25 11:30:00+05:30,1364.2,1365.4,1364.0,1364.1,96809,0
2025-11-25 11:35:00+05:30,1364.1,1365.3,1364.0,1364.9,50498,0
2025-11-25 11:40:00+05:30,1364.9,1365.4,1363.9,1363.9,77119,0
2025-11-25 11:45:00+05:30,1364.0,1364.7,1363.0,1364.7,53636,0
2025-11-25 11:50:00+05:30,1364.7,1366.0,1364.4,1365.1,128935,0
2025-11-25 11:55:00+05:30,1365.1,1366.3,1365.0,1365.6,98364,0
2025-11-25 12:00:00+05:30,1365.7,1366.0,1364.3,1364.9,378195,0
2025-11-25 12:05:00+05:30,1365.0,1366.6,1364.9,1366.4,101088,0
2025-11-25 12:10:00+05:30,1366.4,1366.8,1365.6,1366.4,97218,0
2025-11-25 12:15:00+05:30,1366.6,1366.8,1364.6,1364.7,77995,0
2025-11-25 12:20:00+05:30,1364.7,1365.0,1363.3,1365.0,114912,0
2025-11-25 12:25:00+05:30,1364.9,1365.9,1362.9,1363.4,129978,0
2025-11-25 12:30:00+05:30,1363.3,1364.1,1363.2,1363.3,149482,0
2025-11-25 12:35:00+05:30,1363.6,1364.9,1363.1,1364.0,200707,0
2025-11-25 12:40:00+05:30,1364.0,1364.6,1364.0,1364.3,102807,0
2025-11-25 12:45:00+05:30,1364.3,1364.3,1363.5,1363.6,63306,0
2025-11-25 12:50:00+05:30,1363.6,1365.0,1363.3,1364.6,47144,0
2025-11-25 12:55:00+05:30,1364.6,1365.3,1363.6,1363.6,238105,0
2025-11-25 13:00:00+05:30,1363.6,1363.8,1361.7,1363.1,91758,0
2025-11-25 13:05:00+05:30,1363.1,1364.8,1363.0,1364.8,34447,0
2025-11-25 13:10:00+05:30,1364.3,1364.9,1363.3,1363.4,67927,0
2025-11-25 13:15:00+05:30,1363.3,1365.2,1363.3,1363.8,93615,0
2025-11-25 13:20:00+05:30,1363.9,1364.7,1363.2,1363.8,86740,0
2025-11-25 13:25:00+05:30,1363.8,1364.4,1362.8,1363.0,157106,0
2025-11-25 13:30:00+05:30,1363.0,1363.8,1361.1,1362.8,367505,0
2025-11-25 13:35:00+05:30,1362.8,1363.4,1361.8,1363.0,141141,0
2025-11-25 13:40:00+05:30,1362.9,1363.3,1361.2,1361.5,199558,0
2025-11-25 13:45:00+05:30,1361.4,1361.9,1360.4,1360.7,146772,0
2025-11-25 13:50:00+05:30,1360.6,1361.5,1360.3,1361.4,45974,0
2025-11-25 13:55:00+05:30,1361.4,1362.5,1360.9,1362.3,93550,0
2025-11-25 14:00:00+05:30,1362.2,1363.7,1362.2,1362.9,59366,0
2025-11-25 14:05:00+05:30,1362.9,1363.9,1362.5,1363.3,57524,0
2025-11-25 14:10:00+05:30,1363.3,1365.0,1363.0,1364.4,156302,0
2025-11-25 14:15:00+05:30,1364.4,1365.0,1363.0,1363.0,290278,0
2025-11-25 14:20:00+05:30,1363.1,1363.8,1361.5,1361.7,69665,0
2025-11-25 14:25:00+05:30,1361.5,1361.8,1359.5,1360.2,103031,0
2025-11-25 14:30:00+05:30,1360.1,1360.3,1357.7,1358.3,276403,0
2025-11-25 14:35:00+05:30,1358.5,1358.8,1356.8,1357.2,141978,0
2025-11-25 14:40:00+05:30,1357.2,1359.0,1356.9,1358.5,226333,0
2025-11-25 14:45:00+05:30,1358.4,1359.0,1356.8,1357.6,146395,0
2025-11-25 14:50:00+05:30,1357.6,1357.9,1356.5,1357.0,186178,0
2025-11-25 14:55:00+05:30,1357.1,1357.3,1355.5,1355.8,195308,0
2025-11-25 15:00:00+05:30,1355.8,1357.2,1354.3,1357.1,824473,0
2025-11-25 15:05:00+05:30,1357.1,1359.8,1356.6,1358.8,1127843,0
2025-11-25 15:10:00+05:30,1358.7,1360.6,1356.9,1357.7,759341,0
2025-11-25 15:15:00+05:30,1357.7,1359.7,1356.8,1358.2,529590,0
2025-11-25 15:20:00+05:30,1358.1,1359.0,1357.1,1357.4,285064,0
2025-11-25 15:25:00+05:30,1357.2,1357.4,1356.0,1356.9,254485,0
2025-11-26 09:15:00+05:30,1360.0,1369.7,1359.9,1365.6,551044,0
2025-11-26 09:20:00+05:30,1365.3,1367.0,1364.6,1365.9,144581,0
2025-11-26 09:25:00+05:30,1365.9,1366.6,1363.6,1364.1,93559,0
2025-11-26 09:30:00+05:30,1364.1,1367.9,1363.9,1367.6,122413,0
2025-11-26 09:35:00+05:30,1367.5,1368.0,1364.2,1365.2,97261,0
2025-11-26 09:40:00+05:30,1364.9,1365.3,1364.2,1365.0,44805,0
2025-11-26 09:45:00+05:30,1364.8,1367.8,1364.6,1367.8,48124,0
2025-11-26 09:50:00+05:30,1367.7,1368.5,1367.0,1367.2,66932,0
2025-11-26 09:55:00+05:30,1367.0,1367.9,1366.8,1367.0,43289,0
2025-11-26 10:00:00+05:30,1367.1,1368.4,1367.0,1367.5,37159,0
2025-11-26 10:05:00+05:30,1367.4,1367.6,1367.0,1367.0,39594,0
2025-11-26 10:10:00+05:30,1367.0,1367.2,1366.0,1366.5,404802,0
2025-11-26 10:15:00+05:30,1366.4,1367.4,1365.9,1366.1,68346,0
2025-11-26 10:20:00+05:30,1366.0,1366.0,1364.3,1365.0,76087,0
2025-11-26 10:25:00+05:30,1364.7,1365.0,1362.0,1363.4,92224,0
2025-11-26 10:30:00+05:30,1363.3,1364.6,1362.5,1364.3,512146,0
2025-11-26 10:35:00+05:30,1364.2,1366.6,1363.7,1365.6,78567,0
2025-11-26 10:40:00+05:30,1365.5,1366.6,1365.5,1366.0,60220,0
2025-11-26 10:45:00+05:30,1365.7,1368.0,1365.7,1367.5,79029,0
2025-11-26 10:50:00+05:30,1367.5,1367.7,1366.5,1367.1,33691,0
2025-11-26 10:55:00+05:30,1367.0,1367.7,1366.5,1367.3,25309,0
2025-11-26 11:00:00+05:30,1367.3,1368.0,1366.9,1367.5,50453,0
2025-11-26 11:05:00+05:30,1367.5,1368.0,1366.8,1368.0,29954,0
2025-11-26 11:10:00+05:30,1367.9,1368.5,1367.7,1368.0,45776,0
2025-11-26 11:15:00+05:30,1368.0,1368.5,1367.6,1368.4,36301,0
2025-11-26 11:20:00+05:30,1368.4,1369.0,1368.0,1368.3,71647,0
2025-11-26 11:25:00+05:30,1368.2,1368.4,1367.5,1367.8,38649,0
2025-11-26 11:30:00+05:30,1367.7,1368.0,1366.7,1367.8,32234,0
2025-11-26 11:35:00+05:30,1367.7,1368.0,1367.6,1367.9,25644,0
2025-11-26 11:40:00+05:30,1367.8,1368.9,1366.7,1368.0,107357,0
2025-11-26 11:45:00+05:30,1368.1,1368.5,1368.0,1368.5,40382,0
2025-11-26 11:50:00+05:30,1368.3,1368.5,1368.0,1368.3,37585,0
2025-11-26 11:55:00+05:30,1368.0,1369.0,1368.0,1369.0,97403,0
2025-11-26 12:00:00+05:30,1368.8,1369.9,1367.6,1368.7,213479,0
2025-11-26 12:05:00+05:30,1369.0,1369.6,1368.6,1369.6,44862,0
2025-11-26 12:10:00+05:30,1369.5,1370.0,1368.6,1368.9,150967,0
2025-11-26 12:15:00+05:30,1368.8,1369.0,1368.0,1368.7,42313,0
2025-11-26 12:20:00+05:30,1368.4,1369.4,1367.6,1369.4,63813,0
2025-11-26 12:25:00+05:30,1369.2,1370.4,1368.4,1369.9,115853,0
2025-11-26 12:30:00+05:30,1369.7,1370.4,1369.1,1370.1,83011,0
2025-11-26 12:35:00+05:30,1370.0,1370.6,1370.0,1370.4,31324,0
2025-11-26 12:40:00+05:30,1370.4,1370.7,1369.8,1370.3,115661,0
2025-11-26 12:45:00+05:30,1370.1,1370.5,1369.7,1370.0,73963,0
2025-11-26 12:50:00+05:30,1369.9,1370.4,1369.8,1370.2,33455,0
2025-11-26 12:55:00+05:30,1370.1,1370.4,1369.8,1370.2,56467,0
2025-11-26 13:00:00+05:30,1370.1,1370.5,1370.0,1370.5,31147,0
2025-11-26 13:05:00+05:30,1370.3,1372.6,1370.1,1372.0,125054,0
2025-11-26 13:10:00+05:30,1371.9,1372.5,1371.4,1371.8,56179,0
2025-11-26 13:15:00+05:30,1371.7,1372.2,1370.5,1371.7,86981,0
2025-11-26 13:20:00+05:30,1371.6,1372.5,1370.9,1371.2,95046,0
2025-11-26 13:25:00+05:30,1371.1,1372.0,1369.9,1369.9,119285,0
2025-11-26 13:30:00+05:30,1369.9,1371.8,1369.9,1371.3,73162,0
2025-11-26 13:35:00+05:30,1371.0,1371.8,1370.7,1371.0,24518,0
2025-11-26 13:40:00+05:30,1371.0,1372.3,1370.8,1371.0,99946,0
2025-11-26 13:45:00+05:30,1371.0,1371.1,1370.0,1370.6,46038,0
2025-11-26 13:50:00+05:30,1370.8,1371.0,1368.9,1369.7,226095,0
2025-11-26 13:55:00+05:30,1369.7,1371.3,1369.6,1370.1,102177,0
2025-11-26 14:00:00+05:30,1370.1,1371.4,1370.0,1370.7,169534,0
2025-11-26 14:05:00+05:30,1370.8,1371.0,1367.4,1369.0,385872,0
2025-11-26 14:10:00+05:30,1369.0,1370.5,1368.7,1370.1,144491,0
2025-11-26 14:15:00+05:30,1370.1,1370.8,1369.2,1370.0,178137,0
2025-11-26 14:20:00+05:30,1369.9,1370.9,1369.7,1370.5,26962,0
2025-11-26 14:25:00+05:30,1370.5,1371.0,1368.9,1369.0,179381,0
2025-11-26 14:30:00+05:30,1369.1,1370.0,1368.7,1369.0,39704,0
2025-11-26 14:35:00+05:30,1369.0,1370.9,1368.7,1370.5,173106,0
2025-11-26 14:40:00+05:30,1370.5,1371.5,1370.0,1370.4,210825,0
2025-11-26 14:45:00+05:30,1370.5,1375.8,1370.4,1375.3,974538,0
2025-11-26 14:50:00+05:30,1375.7,1377.0,1374.1,1376.2,211277,0
2025-11-26 14:55:00+05:30,1376.2,1376.9,1375.4,1375.9,167020,0
2025-11-26 15:00:00+05:30,1375.9,1375.9,1374.2,1375.0,258410,0
2025-11-26 15:05:00+05:30,1374.8,1375.5,1374.0,1375.5,222122,0
2025-11-26 15:10:00+05:30,1375.4,1375.5,1374.2,1375.5,243260,0
2025-11-26 15:15:00+05:30,1375.3,1375.6,1374.8,1375.0,228533,0
2025-11-26 15:20:00+05:30,1374.8,1375.7,1374.7,1375.2,236145,0
2025-11-26 15:25:00+05:30,1375.5,1375.8,1375.0,1375.0,165133,0
2025-11-27 09:15:00+05:30,1379.0,1380.9,1375.7,1378.1,205159,0
2025-11-27 09:20:00+05:30,1378.1,1386.0,1378.1,1385.0,614079,0
2025-11-27 09:25:00+05:30,1385.1,1386.4,1383.6,1386.2,621240,0
2025-11-27 09:30:00+05:30,1386.2,1388.2,1385.4,1387.6,408417,0
2025-11-27 09:35:00+05:30,1387.6,1387.6,1383.4,1383.5,95000,0
2025-11-27 09:40:00+05:30,1383.2,1384.4,1382.5,1383.7,101049,0
2025-11-27 09:45:00+05:30,1383.7,1386.0,1382.6,1386.0,86991,0
2025-11-27 09:50:00+05:30,1385.9,1387.4,1385.4,1387.1,173351,0
2025-11-27 09:55:00+05:30,1387.1,1390.0,1385.7,1386.6,372402,0
2025-11-27 10:00:00+05:30,1386.3,1386.6,1384.1,1384.9,58353,0
2025-11-27 10:05:00+05:30,1384.9,1390.1,1384.8,1388.4,432104,0
2025-11-27 10:10:00+05:30,1388.4,1389.6,1386.0,1389.0,128131,0
2025-11-27 10:15:00+05:30,1389.5,1390.0,1387.3,1387.9,137730,0
2025-11-27 10:20:00+05:30,1387.9,1388.0,1385.2,1385.8,202401,0
2025-11-27 10:25:00+05:30,1385.8,1385.9,1384.2,1384.7,34483,0
2025-11-27 10:30:00+05:30,1384.7,1386.8,1383.3,1384.6,80657,0
2025-11-27 10:35:00+05:30,1385.1,1385.6,1384.3,1385.4,37961,0
2025-11-27 10:40:00+05:30,1385.4,1386.8,1384.3,1386.1,44920,0
2025-11-27 10:45:00+05:30,1386.0,1389.4,1385.5,1389.1,117952,0
2025-11-27 10:50:00+05:30,1389.0,1390.7,1388.4,1390.0,219702,0
2025-11-27 10:55:00+05:30,1390.0,1390.2,1389.3,1390.0,287416,0
2025-11-27 11:00:00+05:30,1390.0,1391.8,1390.0,1391.1,158645,0
2025-11-27 11:05:00+05:30,1391.1,1391.4,1391.0,1391.1,125095,0
2025-11-27 11:10:00+05:30,1391.1,1392.6,1391.0,1392.0,276335,0
2025-11-27 11:15:00+05:30,1392.3,1393.3,1392.0,1392.2,395378,0
2025-11-27 11:20:00+05:30,1392.0,1392.8,1392.0,1392.3,149028,0
2025-11-27 11:25:00+05:30,1392.2,1392.6,1391.8,1392.0,407462,0
2025-11-27 11:30:00+05:30,1392.0,1392.1,1388.1,1389.4,348361,0
2025-11-27 11:35:00+05:30,1389.4,1390.9,1386.9,1387.2,181652,0
2025-11-27 11:40:00+05:30,1387.2,1390.1,1386.8,1389.0,400975,0
2025-11-27 11:45:00+05:30,1389.3,1389.4,1385.8,1386.5,142751,0
2025-11-27 11:50:00+05:30,1386.6,1387.1,1386.0,1386.5,98686,0
2025-11-27 11:55:00+05:30,1386.5,1387.3,1386.0,1387.0,100943,0
2025-11-27 12:00:00+05:30,1387.0,1388.6,1387.0,1387.5,103868,0
2025-11-27 12:05:00+05:30,1387.5,1388.8,1387.0,1388.4,154196,0
2025-11-27 12:10:00+05:30,1388.4,1389.2,1387.8,1388.3,102832,0
2025-11-27 12:15:00+05:30,1388.3,1389.9,1388.3,1389.1,114789,0
2025-11-27 12:20:00+05:30,1389.1,1389.2,1386.9,1387.3,90564,0
2025-11-27 12:25:00+05:30,1387.3,1388.2,1387.0,1387.7,130742,0
2025-11-27 12:30:00+05:30,1387.7,1388.0,1387.0,1387.8,89053,0
2025-11-27 12:35:00+05:30,1387.8,1389.0,1387.5,1388.8,71609,0
2025-11-27 12:40:00+05:30,1388.8,1390.4,1388.4,1389.4,115217,0
2025-11-27 12:45:00+05:30,1389.4,1390.3,1388.4,1389.7,90883,0
2025-11-27 12:50:00+05:30,1389.7,1390.9,1388.9,1390.1,102944,0
2025-11-27 12:55:00+05:30,1390.1,1390.8,1389.9,1390.3,77842,0
2025-11-27 13:00:00+05:30,1390.0,1390.4,1388.2,1388.8,89842,0
2025-11-27 13:05:00+05:30,1388.8,1389.2,1388.0,1388.4,84847,0
2025-11-27 13:10:00+05:30,1388.4,1388.5,1385.7,1386.1,183761,0
2025-11-27 13:15:00+05:30,1386.3,1386.9,1385.5,1386.8,148748,0
2025-11-27 13:20:00+05:30,1386.8,1387.7,1385.0,1385.4,184455,0
2025-11-27 13:25:00+05:30,1385.4,1385.4,1383.1,1384.2,185836,0
2025-11-27 13:30:00+05:30,1384.2,1387.0,1383.8,1386.7,131286,0
2025-11-27 13:35:00+05:30,1387.0,1387.1,1385.0,1385.9,100474,0
2025-11-27 13:40:00+05:30,1386.1,1386.3,1385.6,1386.2,108401,0
2025-11-27 13:45:00+05:30,1386.1,1388.2,1386.1,1388.1,104009,0
2025-11-27 13:50:00+05:30,1388.1,1388.2,1386.2,1388.0,106877,0
2025-11-27 13:55:00+05:30,1387.9,1388.1,1386.7,1387.8,95283,0
2025-11-27 14:00:00+05:30,1387.9,1388.1,1385.8,1387.3,130126,0
2025-11-27 14:05:00+05:30,1387.2,1388.9,1386.2,1388.2,225273,0
2025-11-27 14:10:00+05:30,1388.3,1390.0,1387.5,1389.6,236322,0
2025-11-27 14:15:00+05:30,1389.7,1390.6,1388.8,1389.6,231904,0
2025-11-27 14:20:00+05:30,1389.7,1390.2,1388.7,1389.1,315155,0
2025-11-27 14:25:00+05:30,1389.1,1391.5,1389.1,1390.5,212777,0
2025-11-27 14:30:00+05:30,1390.5,1391.9,1389.2,1390.0,435136,0
2025-11-27 14:35:00+05:30,1389.7,1391.0,1389.1,1390.8,192914,0
2025-11-27 14:40:00+05:30,1390.9,1391.7,1390.0,1391.7,217471,0
2025-11-27 14:45:00+05:30,1391.5,1391.7,1390.5,1391.5,130999,0
2025-11-27 14:50:00+05:30,1391.6,1391.6,1390.3,1390.8,155264,0
2025-11-27 14:55:00+05:30,1390.9,1392.0,1390.2,1390.6,377706,0
2025-11-27 15:00:00+05:30,1390.6,1393.0,1390.6,1391.5,520989,0
2025-11-27 15:05:00+05:30,1391.2,1392.0,1390.5,1391.8,323942,0
2025-11-27 15:10:00+05:30,1391.8,1392.7,1391.0,1391.8,481654,0
2025-11-27 15:15:00+05:30,1391.8,1393.0,1391.2,1392.7,370589,0
2025-11-27 15:20:00+05:30,1392.7,1393.2,1391.9,1392.8,288730,0
2025-11-27 15:25:00+05:30,1392.8,1394.0,1392.6,1393.9,298358,0
2025-11-28 09:15:00+05:30,1392.0,1398.5,1389.0,1398.0,318444,0
2025-11-28 09:20:00+05:30,1397.8,1398.3,1394.5,1394.7,122629,0
2025-11-28 09:25:00+05:30,1394.7,1394.8,1392.2,1393.2,105908,0
2025-11-28 09:30:00+05:30,1393.2,1394.8,1392.5,1394.4,72880,0
2025-11-28 09:35:00+05:30,1394.0,1394.9,1392.2,1393.1,52248,0
2025-11-28 09:40:00+05:30,1393.1,1396.7,1392.8,1394.0,82563,0
2025-11-28 09:45:00+05:30,1394.0,1394.5,1392.4,1393.9,49327,0
2025-11-28 09:50:00+05:30,1393.9,1394.2,1392.3,1392.9,33777,0
2025-11-28 09:55:00+05:30,1393.0,1393.5,1392.5,1393.3,31464,0
2025-11-28 10:00:00+05:30,1393.4,1393.9,1392.9,1393.8,26654,0
2025-11-28 10:05:00+05:30,1393.8,1394.6,1392.7,1393.9,39342,0
2025-11-28 10:10:00+05:30,1393.9,1393.9,1392.5,1392.6,27189,0
2025-11-28 10:15:00+05:30,1392.6,1392.8,1390.7,1392.2,86527,0
2025-11-28 10:20:00+05:30,1392.2,1392.4,1390.7,1390.8,28213,0
2025-11-28 10:25:00+05:30,1390.8,1391.0,1390.1,1391.0,40072,0
2025-11-28 10:30:00+05:30,1391.0,1393.3,1390.7,1393.0,46563,0
2025-11-28 10:35:00+05:30,1393.0,1393.9,1392.5,1393.7,53372,0
2025-11-28 10:40:00+05:30,1393.7,1394.5,1392.7,1394.3,56407,0
2025-11-28 10:45:00+05:30,1394.3,1396.0,1394.1,1395.5,118514,0
2025-11-28 10:50:00+05:30,1395.4,1395.7,1394.2,1395.0,123273,0
2025-11-28 10:55:00+05:30,1395.0,1395.0,1393.4,1393.8,52460,0
2025-11-28 11:00:00+05:30,1393.8,1394.7,1392.3,1393.5,116722,0
2025-11-28 11:05:00+05:30,1393.4,1393.6,1392.5,1392.8,84271,0
2025-11-28 11:10:00+05:30,1392.8,1394.5,1391.6,1392.7,975887,0
2025-11-28 11:15:00+05:30,1392.8,1393.6,1391.6,1392.8,79619,0
2025-11-28 11:20:00+05:30,1392.8,1392.8,1391.1,1391.8,80505,0
2025-11-28 11:25:00+05:30,1391.8,1391.9,1390.2,1390.7,54961,0
2025-11-28 11:30:00+05:30,1390.7,1390.9,1390.2,1390.6,38202,0
2025-11-28 11:35:00+05:30,1390.6,1390.7,1389.0,1389.6,73435,0
2025-11-28 11:40:00+05:30,1389.7,1389.7,1388.0,1389.7,72172,0
2025-11-28 11:45:00+05:30,1389.7,1389.7,1389.0,1389.7,36994,0
2025-11-28 11:50:00+05:30,1389.7,1389.7,1388.3,1388.9,45294,0
2025-11-28 11:55:00+05:30,1388.8,1389.0,1388.0,1388.5,78853,0
2025-11-28 12:00:00+05:30,1388.5,1388.9,1388.3,1388.7,39613,0
2025-11-28 12:05:00+05:30,1388.7,1388.8,1386.7,1387.2,60477,0
2025-11-28 12:10:00+05:30,1387.2,1387.9,1386.8,1387.9,46618,0
2025-11-28 12:15:00+05:30,1387.9,1389.0,1386.5,1388.4,157616,0
2025-11-28 12:20:00+05:30,1388.4,1388.6,1386.7,1387.3,46837,0
2025-11-28 12:25:00+05:30,1387.1,1387.6,1386.5,1387.0,58374,0
2025-11-28 12:30:00+05:30,1386.9,1389.0,1386.4,1389.0,94035,0
2025-11-28 12:35:00+05:30,1389.0,1389.4,1388.5,1389.4,46637,0
2025-11-28 12:40:00+05:30,1389.4,1389.5,1388.2,1388.9,48493,0
2025-11-28 12:45:00+05:30,1388.8,1388.9,1387.6,1388.2,143308,0
2025-11-28 12:50:00+05:30,1388.1,1388.3,1386.6,1387.5,73869,0
2025-11-28 12:55:00+05:30,1387.5,1388.2,1387.1,1388.1,72995,0
2025-11-28 13:00:00+05:30,1388.0,1388.4,1388.0,1388.2,62794,0
2025-11-28 13:05:00+05:30,1388.1,1388.2,1387.4,1387.9,51817,0
2025-11-28 13:10:00+05:30,1387.9,1388.0,1387.3,1388.0,53011,0
2025-11-28 13:15:00+05:30,1387.9,1388.0,1387.3,1387.4,48602,0
2025-11-28 13:20:00+05:30,1387.4,1388.2,1387.1,1388.2,61306,0
2025-11-28 13:25:00+05:30,1388.0,1388.2,1387.8,1388.2,59161,0
2025-11-28 13:30:00+05:30,1388.2,1389.4,1388.0,1389.1,56623,0
2025-11-28 13:35:00+05:30,1388.9,1389.2,1387.8,1388.1,41701,0
2025-11-28 13:40:00+05:30,1388.1,1388.1,1387.7,1387.9,43533,0
2025-11-28 13:45:00+05:30,1387.8,1388.2,1387.3,1388.2,97946,0
2025-11-28 13:50:00+05:30,1388.2,1388.2,1385.6,1387.6,117830,0
2025-11-28 13:55:00+05:30,1387.5,1388.1,1387.1,1387.6,50380,0
2025-11-28 14:00:00+05:30,1387.6,1387.8,1387.5,1387.7,60394,0
2025-11-28 14:05:00+05:30,1387.7,1388.4,1387.5,1388.2,82912,0
2025-11-28 14:10:00+05:30,1388.0,1388.5,1388.0,1388.2,79743,0
2025-11-28 14:15:00+05:30,1388.1,1388.2,1387.0,1387.8,70728,0
2025-11-28 14:20:00+05:30,1387.8,1388.0,1386.4,1387.1,65874,0
2025-11-28 14:25:00+05:30,1387.1,1388.0,1386.9,1388.0,85942,0
2025-11-28 14:30:00+05:30,1388.0,1388.8,1387.4,1387.9,92743,0
2025-11-28 14:35:00+05:30,1387.9,1388.7,1387.6,1388.3,66547,0
2025-11-28 14:40:00+05:30,1388.3,1388.5,1387.4,1387.7,62456,0
2025-11-28 14:45:00+05:30,1387.7,1387.7,1387.2,1387.3,68574,0
2025-11-28 14:50:00+05:30,1387.3,1388.2,1387.0,1388.2,84115,0
2025-11-28 14:55:00+05:30,1388.2,1388.5,1388.0,1388.5,78421,0
2025-11-28 15:00:00+05:30,1388.4,1389.2,1387.0,1388.6,371479,0
2025-11-28 15:05:00+05:30,1388.6,1390.3,1388.4,1388.7,313994,0
2025-11-28 15:10:00+05:30,1388.7,1388.8,1388.2,1388.2,294032,0
2025-11-28 15:15:00+05:30,1388.3,1388.7,1388.0,1388.7,292887,0
2025-11-28 15:20:00+05:30,1388.6,1389.9,1388.6,1389.6,332541,0
2025-11-28 15:25:00+05:30,1389.6,1390.0,1387.5,1388.4,241178,0
2025-12-01 09:15:00+05:30,1394.0,1394.8,1388.8,1390.2,245228,0
2025-12-01 09:20:00+05:30,1390.6,1391.8,1388.4,1391.4,126121,0
2025-12-01 09:25:00+05:30,1391.3,1394.0,1390.1,1392.5,71553,0
2025-12-01 09:30:00+05:30,1392.8,1396.0,1392.3,1395.0,150215,0
2025-12-01 09:35:00+05:30,1395.3,1396.0,1394.1,1396.0,144103,0
2025-12-01 09:40:00+05:30,1395.8,1396.3,1392.6,1393.6,116678,0
2025-12-01 09:45:00+05:30,1393.4,1394.8,1392.6,1394.7,89499,0
2025-12-01 09:50:00+05:30,1394.3,1394.9,1393.5,1394.0,47210,0
2025-12-01 09:55:00+05:30,1394.0,1394.8,1393.3,1394.0,99951,0
2025-12-01 10:00:00+05:30,1393.4,1396.3,1392.6,1396.2,138581,0
2025-12-01 10:05:00+05:30,1396.0,1396.4,1395.2,1396.1,154824,0
2025-12-01 10:10:00+05:30,1396.0,1398.2,1396.0,1398.0,426650,0
2025-12-01 10:15:00+05:30,1398.0,1398.2,1396.9,1397.4,268252,0
2025-12-01 10:20:00+05:30,1397.4,1398.1,1396.7,1397.3,142187,0
2025-12-01 10:25:00+05:30,1397.3,1399.1,1397.1,1399.0,911267,0
2025-12-01 10:30:00+05:30,1399.0,1399.5,1398.4,1399.2,164321,0
2025-12-01 10:35:00+05:30,1399.2,1400.0,1398.3,1399.1,240746,0
2025-12-01 10:40:00+05:30,1399.0,1399.6,1397.2,1397.9,72335,0
2025-12-01 10:45:00+05:30,1398.1,1398.1,1396.5,1396.5,37150,0
2025-12-01 10:50:00+05:30,1396.5,1396.6,1394.1,1394.2,50872,0
2025-12-01 10:55:00+05:30,1394.1,1395.0,1393.8,1395.0,44301,0
2025-12-01 11:00:00+05:30,1394.7,1395.0,1393.8,1394.2,50263,0
2025-12-01 11:05:00+05:30,1394.0,1394.8,1393.5,1393.9,38305,0
2025-12-01 11:10:00+05:30,1393.5,1396.0,1393.5,1395.8,26193,0
2025-12-01 11:15:00+05:30,1395.6,1396.0,1395.0,1395.4,19589,0
2025-12-01 11:20:00+05:30,1395.5,1396.2,1394.8,1395.6,29324,0
2025-12-01 11:25:00+05:30,1395.6,1396.8,1395.5,1396.5,22902,0
2025-12-01 11:30:00+05:30,1396.5,1397.0,1395.2,1396.4,31782,0
2025-12-01 11:35:00+05:30,1396.2,1396.6,1395.8,1396.1,15310,0
2025-12-01 11:40:00+05:30,1396.0,1396.1,1391.1,1391.9,67563,0
2025-12-01 11:45:00+05:30,1391.8,1392.7,1390.1,1391.8,110292,0
2025-12-01 11:50:00+05:30,1391.8,1393.2,1391.0,1392.5,46751,0
2025-12-01 11:55:00+05:30,1392.5,1394.4,1392.5,1394.1,41632,0
2025-12-01 12:00:00+05:30,1394.2,1394.4,1392.6,1393.6,35739,0
2025-12-01 12:05:00+05:30,1393.6,1393.7,1392.0,1392.0,31933,0
2025-12-01 12:10:00+05:30,1392.0,1393.4,1390.9,1391.5,69109,0
2025-12-01 12:15:00+05:30,1391.0,1393.4,1390.5,1391.4,252650,0
2025-12-01 12:20:00+05:30,1391.1,1392.5,1391.0,1392.3,52266,0
2025-12-01 12:25:00+05:30,1392.2,1393.6,1392.0,1393.5,42837,0
2025-12-01 12:30:00+05:30,1393.5,1393.6,1390.2,1391.0,70486,0
2025-12-01 12:35:00+05:30,1391.1,1392.2,1390.6,1391.2,154422,0
2025-12-01 12:40:00+05:30,1391.1,1392.6,1391.0,1391.6,64910,0
2025-12-01 12:45:00+05:30,1391.2,1392.0,1391.0,1391.1,93769,0
2025-12-01 12:50:00+05:30,1391.1,1392.4,1391.1,1392.3,75093,0
2025-12-01 12:55:00+05:30,1392.3,1393.1,1391.0,1392.9,127502,0
2025-12-01 13:00:00+05:30,1392.8,1393.3,1391.4,1393.1,96733,0
2025-12-01 13:05:00+05:30,1393.1,1393.6,1391.8,1393.3,173017,0
2025-12-01 13:10:00+05:30,1393.3,1393.5,1393.0,1393.4,44128,0
2025-12-01 13:15:00+05:30,1393.4,1393.4,1393.0,1393.3,26334,0
2025-12-01 13:20:00+05:30,1393.2,1393.5,1390.1,1390.5,93427,0
2025-12-01 13:25:00+05:30,1390.2,1390.5,1390.0,1390.0,43152,0
2025-12-01 13:30:00+05:30,1390.0,1390.2,1389.2,1389.6,82630,0
2025-12-01 13:35:00+05:30,1389.4,1391.0,1389.2,1389.7,52469,0
2025-12-01 13:40:00+05:30,1389.6,1390.9,1389.5,1390.1,52699,0
2025-12-01 13:45:00+05:30,1390.1,1390.7,1389.9,1390.2,53078,0
2025-12-01 13:50:00+05:30,1390.2,1390.4,1390.0,1390.2,61918,0
2025-12-01 13:55:00+05:30,1390.2,1390.2,1389.2,1390.1,104739,0
2025-12-01 14:00:00+05:30,1390.1,1392.6,1389.5,1392.2,220341,0
2025-12-01 14:05:00+05:30,1392.3,1392.8,1391.1,1391.3,111271,0
2025-12-01 14:10:00+05:30,1391.3,1391.7,1391.1,1391.3,85566,0
2025-12-01 14:15:00+05:30,1391.3,1391.3,1389.4,1390.0,77708,0
2025-12-01 14:20:00+05:30,1389.8,1390.3,1389.3,1390.3,60250,0
2025-12-01 14:25:00+05:30,1390.3,1390.5,1389.8,1389.8,43919,0
2025-12-01 14:30:00+05:30,1389.9,1390.0,1389.5,1389.9,103919,0
2025-12-01 14:35:00+05:30,1389.8,1390.2,1389.8,1389.9,84732,0
2025-12-01 14:40:00+05:30,1389.8,1389.9,1388.3,1388.3,89877,0
2025-12-01 14:45:00+05:30,1388.5,1388.5,1387.3,1387.5,80699,0
2025-12-01 14:50:00+05:30,1387.5,1387.5,1385.4,1385.8,219773,0
2025-12-01 14:55:00+05:30,1385.8,1387.9,1385.4,1387.4,194602,0
2025-12-01 15:00:00+05:30,1387.6,1390.7,1386.4,1390.7,208493,0
2025-12-01 15:05:00+05:30,1390.6,1392.8,1389.8,1390.3,254306,0
2025-12-01 15:10:00+05:30,1390.2,1391.1,1389.8,1390.7,197448,0
2025-12-01 15:15:00+05:30,1390.7,1390.7,1390.0,1390.4,167775,0
2025-12-01 15:20:00+05:30,1390.2,1391.0,1389.2,1390.1,307354,0
2025-12-01 15:25:00+05:30,1390.2,1390.4,1388.3,1390.2,162339,0
2025-12-02 09:15:00+05:30,1381.8,1381.8,1373.8,1373.8,721281,0
2025-12-02 09:20:00+05:30,1374.3,1377.6,1374.0,1376.8,277763,0
2025-12-02 09:25:00+05:30,1376.7,1377.2,1372.5,1372.9,504208,0
2025-12-02 09:30:00+05:30,1372.9,1375.9,1372.0,1374.6,191599,0
2025-12-02 09:35:00+05:30,1374.6,1375.9,1373.4,1373.4,120838,0
2025-12-02 09:40:00+05:30,1373.4,1375.1,1372.4,1372.8,107382,0
2025-12-02 09:45:00+05:30,1372.7,1373.7,1370.6,1372.3,298050,0
2025-12-02 09:50:00+05:30,1372.3,1375.8,1372.0,1375.3,205588,0
2025-12-02 09:55:00+05:30,1375.2,1375.7,1374.0,1374.2,223096,0
2025-12-02 10:00:00+05:30,1374.1,1374.6,1373.1,1374.1,77545,0
2025-12-02 10:05:00+05:30,1374.1,1374.1,1372.5,1372.6,80759,0
2025-12-02 10:10:00+05:30,1372.6,1373.7,1372.4,1373.1,103474,0
2025-12-02 10:15:00+05:30,1373.0,1373.7,1372.6,1373.7,130999,0
2025-12-02 10:20:00+05:30,1373.7,1374.9,1373.3,1373.6,99641,0
2025-12-02 10:25:00+05:30,1373.5,1374.9,1373.5,1374.7,85197,0
2025-12-02 10:30:00+05:30,1374.8,1375.6,1374.5,1375.5,92780,0
2025-12-02 10:35:00+05:30,1375.5,1375.8,1374.3,1375.5,92784,0
2025-12-02 10:40:00+05:30,1375.5,1376.2,1374.7,1374.7,88711,0
2025-12-02 10:45:00+05:30,1374.8,1376.0,1374.7,1375.6,71003,0
2025-12-02 10:50:00+05:30,1375.7,1377.1,1375.6,1376.2,157666,0
2025-12-02 10:55:00+05:30,1376.3,1379.5,1376.2,1379.4,163618,0
2025-12-02 11:00:00+05:30,1379.4,1380.1,1377.2,1378.3,124729,0
2025-12-02 11:05:00+05:30,1378.2,1379.7,1377.5,1377.7,215426,0
2025-12-02 11:10:00+05:30,1377.8,1377.8,1375.0,1375.2,50885,0
2025-12-02 11:15:00+05:30,1375.2,1377.5,1375.0,1377.1,168048,0
2025-12-02 11:20:00+05:30,1377.0,1377.3,1376.4,1376.5,63566,0
2025-12-02 11:25:00+05:30,1376.4,1376.5,1375.2,1375.2,54668,0
2025-12-02 11:30:00+05:30,1375.3,1375.3,1375.0,1375.1,40233,0
2025-12-02 11:35:00+05:30,1375.0,1375.1,1374.9,1374.9,70850,0
2025-12-02 11:40:00+05:30,1375.0,1375.3,1374.3,1374.7,114794,0
2025-12-02 11:45:00+05:30,1374.7,1374.7,1374.1,1374.3,87098,0
2025-12-02 11:50:00+05:30,1374.3,1374.4,1373.2,1373.5,91162,0
2025-12-02 11:55:00+05:30,1373.4,1373.6,1373.0,1373.1,78289,0
2025-12-02 12:00:00+05:30,1373.1,1374.0,1372.0,1372.5,124689,0
2025-12-02 12:05:00+05:30,1372.5,1374.6,1372.0,1374.1,143525,0
2025-12-02 12:10:00+05:30,1374.1,1375.1,1373.1,1373.5,65046,0
2025-12-02 12:15:00+05:30,1373.5,1373.5,1373.0,1373.1,63942,0
2025-12-02 12:20:00+05:30,1373.1,1374.4,1372.6,1373.4,90243,0
2025-12-02 12:25:00+05:30,1373.4,1375.4,1373.1,1375.4,78435,0
2025-12-02 12:30:00+05:30,1375.4,1376.9,1375.2,1376.4,67398,0
2025-12-02 12:35:00+05:30,1376.4,1378.4,1376.1,1378.2,130690,0
2025-12-02 12:40:00+05:30,1378.1,1378.2,1377.2,1377.5,66601,0
2025-12-02 12:45:00+05:30,1377.5,1377.5,1376.0,1376.2,53462,0
2025-12-02 12:50:00+05:30,1376.2,1376.3,1375.6,1375.8,94183,0
2025-12-02 12:55:00+05:30,1375.8,1375.9,1375.5,1375.6,44588,0
2025-12-02 13:00:00+05:30,1375.5,1375.6,1375.5,1375.6,28325,0
2025-12-02 13:05:00+05:30,1375.6,1376.0,1375.5,1376.0,108627,0
2025-12-02 13:10:00+05:30,1376.0,1376.2,1375.1,1375.5,83750,0
2025-12-02 13:15:00+05:30,1375.5,1375.7,1375.1,1375.7,67059,0
2025-12-02 13:20:00+05:30,1375.7,1376.6,1375.7,1376.5,52019,0
2025-12-02 13:25:00+05:30,1376.5,1377.0,1375.1,1376.3,58426,0
2025-12-02 13:30:00+05:30,1376.3,1376.3,1375.3,1376.3,49379,0
2025-12-02 13:35:00+05:30,1376.3,1376.5,1375.5,1375.7,66823,0
2025-12-02 13:40:00+05:30,1375.7,1376.3,1375.1,1376.0,58467,0
2025-12-02 13:45:00+05:30,1376.2,1377.1,1376.0,1376.4,93258,0
2025-12-02 13:50:00+05:30,1376.5,1376.8,1376.0,1376.1,57222,0
2025-12-02 13:55:00+05:30,1376.0,1377.2,1375.3,1377.2,78663,0
2025-12-02 14:00:00+05:30,1377.1,1377.2,1376.0,1376.7,72527,0
2025-12-02 14:05:00+05:30,1376.6,1376.8,1375.0,1375.2,247367,0
2025-12-02 14:10:00+05:30,1375.2,1375.2,1374.4,1374.5,62311,0
2025-12-02 14:15:00+05:30,1374.5,1375.0,1374.0,1374.8,107285,0
2025-12-02 14:20:00+05:30,1374.9,1375.2,1374.3,1375.0,61376,0
2025-12-02 14:25:00+05:30,1375.1,1375.9,1374.5,1375.1,208754,0
2025-12-02 14:30:00+05:30,1375.1,1375.3,1374.5,1375.1,62833,0
2025-12-02 14:35:00+05:30,1375.1,1375.8,1373.7,1375.0,288879,0
2025-12-02 14:40:00+05:30,1375.0,1375.0,1374.0,1374.2,102066,0
2025-12-02 14:45:00+05:30,1374.2,1374.6,1373.6,1374.6,120981,0
2025-12-02 14:50:00+05:30,1374.6,1374.8,1373.5,1374.1,289521,0
2025-12-02 14:55:00+05:30,1374.0,1374.6,1373.1,1373.7,204404,0
2025-12-02 15:00:00+05:30,1373.9,1374.8,1372.5,1374.0,631870,0
2025-12-02 15:05:00+05:30,1374.1,1375.6,1373.8,1374.7,420689,0
2025-12-02 15:10:00+05:30,1374.6,1374.6,1372.5,1373.0,601316,0
2025-12-02 15:15:00+05:30,1373.0,1373.9,1371.6,1371.8,701280,0
2025-12-02 15:20:00+05:30,1371.7,1372.6,1371.5,1372.1,666970,0
2025-12-02 15:25:00+05:30,1372.0,1373.9,1371.4,1373.8,396476,0
2025-12-03 09:15:00+05:30,1367.0,1378.4,1367.0,1374.7,441696,0
2025-12-03 09:20:00+05:30,1374.7,1375.2,1370.3,1370.6,147266,0
2025-12-03 09:25:00+05:30,1370.6,1375.4,1370.6,1373.5,277446,0
2025-12-03 09:30:00+05:30,1373.5,1374.9,1372.4,1372.6,45379,0
2025-12-03 09:35:00+05:30,1372.9,1374.9,1372.5,1373.3,42346,0
2025-12-03 09:40:00+05:30,1373.5,1375.0,1373.0,1374.2,54002,0
2025-12-03 09:45:00+05:30,1374.5,1375.6,1374.0,1374.6,54913,0
2025-12-03 09:50:00+05:30,1374.6,1374.9,1372.0,1373.1,51529,0
2025-12-03 09:55:00+05:30,1373.1,1374.0,1372.0,1374.0,55790,0
2025-12-03 10:00:00+05:30,1374.0,1374.0,1371.2,1371.7,39818,0
2025-12-03 10:05:00+05:30,1371.7,1372.9,1371.3,1372.7,61665,0
2025-12-03 10:10:00+05:30,1372.8,1373.4,1372.0,1372.9,41549,0
2025-12-03 10:15:00+05:30,1372.9,1373.8,1371.9,1373.6,46401,0
2025-12-03 10:20:00+05:30,1373.4,1374.7,1373.2,1373.6,46703,0
2025-12-03 10:25:00+05:30,1373.6,1377.3,1373.1,1376.9,106182,0
2025-12-03 10:30:00+05:30,1376.9,1378.0,1376.2,1377.8,70121,0
2025-12-03 10:35:00+05:30,1377.8,1378.8,1377.2,1378.7,65034,0
2025-12-03 10:40:00+05:30,1378.7,1378.9,1377.5,1378.7,62652,0
2025-12-03 10:45:00+05:30,1378.7,1378.7,1377.3,1377.8,88158,0
2025-12-03 10:50:00+05:30,1377.8,1378.7,1377.5,1378.5,69419,0
2025-12-03 10:55:00+05:30,1378.3,1378.8,1377.6,1378.4,97607,0
2025-12-03 11:00:00+05:30,1378.4,1378.7,1377.5,1378.1,93525,0
2025-12-03 11:05:00+05:30,1377.9,1378.5,1376.3,1376.5,106197,0
2025-12-03 11:10:00+05:30,1376.5,1378.1,1376.0,1377.5,175532,0
2025-12-03 11:15:00+05:30,1377.4,1378.6,1377.0,1378.0,97696,0
2025-12-03 11:20:00+05:30,1377.9,1378.7,1377.7,1378.0,169766,0
2025-12-03 11:25:00+05:30,1378.0,1380.0,1377.8,1379.8,105306,0
2025-12-03 11:30:00+05:30,1380.0,1381.0,1379.7,1380.7,52761,0
2025-12-03 11:35:00+05:30,1380.4,1382.0,1379.8,1381.9,55225,0
2025-12-03 11:40:00+05:30,1382.0,1383.0,1380.0,1380.8,63704,0
2025-12-03 11:45:00+05:30,1380.9,1382.7,1380.8,1381.5,46372,0
2025-12-03 11:50:00+05:30,1381.7,1382.8,1381.4,1382.5,47884,0
2025-12-03 11:55:00+05:30,1382.5,1382.9,1381.0,1382.5,46730,0
2025-12-03 12:00:00+05:30,1382.3,1384.9,1382.0,1384.9,56792,0
2025-12-03 12:05:00+05:30,1384.5,1385.4,1384.0,1385.3,52020,0
2025-12-03 12:10:00+05:30,1385.3,1386.4,1384.8,1385.9,59872,0
2025-12-03 12:15:00+05:30,1385.6,1386.9,1384.1,1385.4,111279,0
2025-12-03 12:20:00+05:30,1385.4,1386.6,1385.1,1385.8,46650,0
2025-12-03 12:25:00+05:30,1385.4,1386.1,1385.2,1385.8,36150,0
2025-12-03 12:30:00+05:30,1385.7,1386.0,1384.7,1385.8,43589,0
2025-12-03 12:35:00+05:30,1385.8,1385.9,1385.0,1385.3,45344,0
2025-12-03 12:40:00+05:30,1385.1,1385.6,1382.9,1383.9,51400,0
2025-12-03 12:45:00+05:30,1383.9,1384.7,1382.3,1382.6,55350,0
2025-12-03 12:50:00+05:30,1382.6,1383.8,1382.5,1383.8,42033,0
2025-12-03 12:55:00+05:30,1383.7,1384.1,1383.1,1383.8,52854,0
2025-12-03 13:00:00+05:30,1384.1,1384.3,1382.9,1383.5,43732,0
2025-12-03 13:05:00+05:30,1383.2,1383.5,1381.0,1382.0,59209,0
2025-12-03 13:10:00+05:30,1381.7,1382.8,1381.7,1382.1,66551,0
2025-12-03 13:15:00+05:30,1382.1,1383.2,1381.2,1382.3,147999,0
2025-12-03 13:20:00+05:30,1382.3,1383.1,1381.8,1383.0,70822,0
2025-12-03 13:25:00+05:30,1383.0,1384.7,1383.0,1383.8,61881,0
2025-12-03 13:30:00+05:30,1383.8,1385.0,1383.8,1384.7,55564,0
2025-12-03 13:35:00+05:30,1384.6,1385.8,1384.0,1385.5,69338,0
2025-12-03 13:40:00+05:30,1385.3,1385.6,1384.5,1384.9,48991,0
2025-12-03 13:45:00+05:30,1384.9,1385.4,1382.1,1382.4,88485,0
2025-12-03 13:50:00+05:30,1382.4,1385.4,1382.1,1384.8,617958,0
2025-12-03 13:55:00+05:30,1384.7,1385.1,1383.5,1384.3,50763,0
2025-12-03 14:00:00+05:30,1384.3,1385.0,1383.1,1384.9,89674,0
2025-12-03 14:05:00+05:30,1384.9,1386.3,1384.4,1386.2,234268,0
2025-12-03 14:10:00+05:30,1386.1,1387.0,1385.9,1387.0,62874,0
2025-12-03 14:15:00+05:30,1387.0,1387.5,1385.6,1386.8,83074,0
2025-12-03 14:20:00+05:30,1386.7,1387.9,1385.3,1387.8,83245,0
2025-12-03 14:25:00+05:30,1387.7,1388.0,1386.5,1386.8,232689,0
2025-12-03 14:30:00+05:30,1386.8,1387.6,1385.4,1386.8,96257,0
2025-12-03 14:35:00+05:30,1386.7,1388.0,1386.6,1387.3,68839,0
2025-12-03 14:40:00+05:30,1387.2,1388.4,1387.1,1387.8,75420,0
2025-12-03 14:45:00+05:30,1387.9,1388.8,1387.8,1388.7,68057,0
2025-12-03 14:50:00+05:30,1388.7,1390.6,1388.6,1390.1,142956,0
2025-12-03 14:55:00+05:30,1390.1,1390.5,1389.4,1390.3,134689,0
2025-12-03 15:00:00+05:30,1390.3,1391.0,1388.1,1389.9,285316,0
2025-12-03 15:05:00+05:30,1390.0,1391.3,1389.9,1390.9,257973,0
2025-12-03 15:10:00+05:30,1390.8,1392.9,1390.8,1392.2,274290,0
2025-12-03 15:15:00+05:30,1392.1,1392.7,1391.6,1392.0,201332,0
2025-12-03 15:20:00+05:30,1392.0,1392.5,1391.5,1392.0,223580,0
2025-12-03 15:25:00+05:30,1391.9,1394.2,1390.0,1392.0,280204,0
2025-12-04 09:15:00+05:30,1387.0,1390.0,1384.0,1384.2,452798,0
2025-12-04 09:20:00+05:30,1384.6,1385.9,1382.5,1385.5,234060,0
2025-12-04 09:25:00+05:30,1385.6,1387.2,1384.0,1387.0,207389,0
2025-12-04 09:30:00+05:30,1387.0,1387.0,1386.0,1386.7,56920,0
2025-12-04 09:35:00+05:30,1386.7,1391.6,1386.6,1389.0,308531,0
2025-12-04 09:40:00+05:30,1389.0,1389.8,1387.3,1389.8,81570,0
2025-12-04 09:45:00+05:30,1389.7,1390.1,1388.4,1389.1,40000,0
2025-12-04 09:50:00+05:30,1388.8,1391.0,1388.8,1390.3,53584,0
2025-12-04 09:55:00+05:30,1390.2,1391.5,1389.2,1389.2,47650,0
2025-12-04 10:00:00+05:30,1389.5,1389.6,1388.0,1388.8,55053,0
2025-12-04 10:05:00+05:30,1389.0,1389.1,1386.6,1386.7,69517,0
2025-12-04 10:10:00+05:30,1386.7,1386.8,1385.9,1386.7,55811,0
2025-12-04 10:15:00+05:30,1386.7,1387.9,1385.6,1387.0,52714,0
2025-12-04 10:20:00+05:30,1387.0,1387.6,1386.1,1386.6,49943,0
2025-12-04 10:25:00+05:30,1386.6,1388.4,1386.4,1387.8,49941,0
2025-12-04 10:30:00+05:30,1387.7,1388.8,1387.4,1388.2,50735,0
2025-12-04 10:35:00+05:30,1388.2,1389.0,1387.7,1388.2,42433,0
2025-12-04 10:40:00+05:30,1388.2,1388.4,1387.5,1388.0,39493,0
2025-12-04 10:45:00+05:30,1388.2,1388.2,1387.0,1387.0,37561,0
2025-12-04 10:50:00+05:30,1387.2,1388.0,1386.9,1387.4,42406,0
2025-12-04 10:55:00+05:30,1387.4,1388.0,1386.9,1387.3,41017,0
2025-12-04 11:00:00+05:30,1387.3,1387.7,1386.8,1387.5,39467,0
2025-12-04 11:05:00+05:30,1387.6,1388.0,1386.6,1386.9,36698,0
2025-12-04 11:10:00+05:30,1386.9,1386.9,1386.0,1386.5,40541,0
2025-12-04 11:15:00+05:30,1386.5,1386.5,1384.7,1385.7,172489,0
2025-12-04 11:20:00+05:30,1385.8,1385.8,1384.8,1385.8,113126,0
2025-12-04 11:25:00+05:30,1385.8,1386.2,1385.2,1385.5,105932,0
2025-12-04 11:30:00+05:30,1385.5,1385.8,1385.1,1385.4,85332,0
2025-12-04 11:35:00+05:30,1385.5,1385.7,1384.6,1385.0,105981,0
2025-12-04 11:40:00+05:30,1385.0,1385.0,1383.7,1384.2,142622,0
2025-12-04 11:45:00+05:30,1384.2,1386.4,1383.2,1386.0,73138,0
2025-12-04 11:50:00+05:30,1386.0,1386.5,1384.1,1384.3,56503,0
2025-12-04 11:55:00+05:30,1384.5,1385.0,1384.1,1384.5,71231,0
2025-12-04 12:00:00+05:30,1384.5,1385.0,1383.6,1384.0,89698,0
2025-12-04 12:05:00+05:30,1384.3,1384.6,1383.4,1383.9,160698,0
2025-12-04 12:10:00+05:30,1383.9,1384.5,1383.0,1383.5,60437,0
2025-12-04 12:15:00+05:30,1383.5,1384.0,1382.5,1383.1,42870,0
2025-12-04 12:20:00+05:30,1383.1,1384.4,1382.5,1384.3,89156,0
2025-12-04 12:25:00+05:30,1384.4,1385.9,1383.6,1385.0,104999,0
2025-12-04 12:30:00+05:30,1385.0,1385.9,1384.5,1384.5,80374,0
2025-12-04 12:35:00+05:30,1384.6,1385.3,1384.1,1384.4,53642,0
2025-12-04 12:40:00+05:30,1384.4,1385.0,1382.1,1382.5,55386,0
2025-12-04 12:45:00+05:30,1382.5,1383.0,1381.2,1382.3,80666,0
2025-12-04 12:50:00+05:30,1382.3,1382.8,1381.7,1382.2,50271,0
2025-12-04 12:55:00+05:30,1382.1,1383.1,1381.9,1382.1,81800,0
2025-12-04 13:00:00+05:30,1382.0,1382.9,1381.8,1382.4,100826,0
2025-12-04 13:05:00+05:30,1382.4,1382.9,1381.9,1382.3,62946,0
2025-12-04 13:10:00+05:30,1382.3,1383.0,1381.8,1382.0,86932,0
2025-12-04 13:15:00+05:30,1382.1,1382.5,1381.8,1382.3,91239,0
2025-12-04 13:20:00+05:30,1382.3,1384.1,1382.1,1383.3,87702,0
2025-12-04 13:25:00+05:30,1383.3,1384.1,1382.5,1382.9,106342,0
2025-12-04 13:30:00+05:30,1382.8,1383.2,1381.9,1382.1,106504,0
2025-12-04 13:35:00+05:30,1382.1,1382.2,1379.9,1380.9,153045,0
2025-12-04 13:40:00+05:30,1380.9,1381.8,1380.1,1381.3,67874,0
2025-12-04 13:45:00+05:30,1381.3,1382.2,1380.9,1381.2,55545,0
2025-12-04 13:50:00+05:30,1381.2,1382.2,1381.0,1381.5,52644,0
2025-12-04 13:55:00+05:30,1381.5,1382.9,1381.1,1382.3,65211,0
2025-12-04 14:00:00+05:30,1382.3,1383.2,1381.9,1383.2,51066,0
2025-12-04 14:05:00+05:30,1383.2,1384.4,1382.5,1383.8,154073,0
2025-12-04 14:10:00+05:30,1383.8,1384.4,1382.4,1382.6,132565,0
2025-12-04 14:15:00+05:30,1382.6,1383.8,1382.4,1383.4,53553,0
2025-12-04 14:20:00+05:30,1383.4,1384.1,1382.7,1383.8,54222,0
2025-12-04 14:25:00+05:30,1383.8,1384.2,1383.1,1383.6,43850,0
2025-12-04 14:30:00+05:30,1383.7,1384.0,1383.1,1383.4,69188,0
2025-12-04 14:35:00+05:30,1383.4,1384.9,1383.2,1384.9,72422,0
2025-12-04 14:40:00+05:30,1384.9,1386.0,1384.2,1384.7,157874,0
2025-12-04 14:45:00+05:30,1384.7,1385.0,1383.9,1383.9,202520,0
2025-12-04 14:50:00+05:30,1384.0,1386.0,1383.8,1385.6,91645,0
2025-12-04 14:55:00+05:30,1385.6,1386.9,1385.5,1386.2,57740,0
2025-12-04 15:00:00+05:30,1386.2,1387.9,1385.7,1387.4,202183,0
2025-12-04 15:05:00+05:30,1387.4,1387.6,1386.3,1386.5,220534,0
2025-12-04 15:10:00+05:30,1386.5,1386.7,1386.3,1386.6,155288,0
2025-12-04 15:15:00+05:30,1386.6,1387.0,1385.9,1386.9,207396,0
2025-12-04 15:20:00+05:30,1386.8,1386.9,1385.6,1386.5,194802,0
2025-12-04 15:25:00+05:30,1386.4,1387.3,1385.3,1386.0,153626,0
2025-12-05 09:15:00+05:30,1381.0,1388.2,1381.0,1387.8,302310,0
2025-12-05 09:20:00+05:30,1387.8,1390.0,1386.5,1387.9,50038,0
2025-12-05 09:25:00+05:30,1387.9,1389.2,1387.0,1388.4,34900,0
2025-12-05 09:30:00+05:30,1388.4,1389.4,1387.8,1388.9,29865,0
2025-12-05 09:35:00+05:30,1388.9,1389.9,1388.2,1389.8,33515,0
2025-12-05 09:40:00+05:30,1389.5,1390.2,1388.3,1390.0,38677,0
2025-12-05 09:45:00+05:30,1389.8,1390.5,1389.0,1389.6,35830,0
2025-12-05 09:50:00+05:30,1389.5,1390.4,1389.0,1389.9,20061,0
2025-12-05 09:55:00+05:30,1389.7,1389.9,1388.7,1389.7,42178,0
2025-12-05 10:00:00+05:30,1389.8,1394.9,1388.6,1394.4,78097,0
2025-12-05 10:05:00+05:30,1394.5,1395.3,1390.2,1392.0,95488,0
2025-12-05 10:10:00+05:30,1391.7,1393.1,1390.9,1392.1,100107,0
2025-12-05 10:15:00+05:30,1392.1,1393.0,1390.4,1391.7,111866,0
2025-12-05 10:20:00+05:30,1391.5,1391.9,1389.8,1390.0,79393,0
2025-12-05 10:25:00+05:30,1389.9,1391.2,1387.5,1388.8,53876,0
2025-12-05 10:30:00+05:30,1388.8,1390.0,1386.1,1388.9,37817,0
2025-12-05 10:35:00+05:30,1388.9,1389.6,1388.2,1389.0,22305,0
2025-12-05 10:40:00+05:30,1389.3,1390.6,1388.8,1389.9,49016,0
2025-12-05 10:45:00+05:30,1390.2,1392.0,1388.7,1391.9,73677,0
2025-12-05 10:50:00+05:30,1391.9,1391.9,1389.9,1390.5,63365,0
2025-12-05 10:55:00+05:30,1390.5,1390.9,1389.0,1389.9,34496,0
2025-12-05 11:00:00+05:30,1389.9,1391.0,1389.1,1390.3,42507,0
2025-12-05 11:05:00+05:30,1390.3,1391.2,1389.7,1390.7,43922,0
2025-12-05 11:10:00+05:30,1390.6,1391.4,1390.0,1390.9,24726,0
2025-12-05 11:15:00+05:30,1390.5,1391.3,1390.1,1390.2,30242,0
2025-12-05 11:20:00+05:30,1390.5,1391.5,1390.3,1391.0,33790,0
2025-12-05 11:25:00+05:30,1391.0,1391.5,1390.5,1390.5,20236,0
2025-12-05 11:30:00+05:30,1390.8,1392.0,1389.1,1391.2,288147,0
2025-12-05 11:35:00+05:30,1391.3,1392.0,1390.9,1391.6,125645,0
2025-12-05 11:40:00+05:30,1391.4,1392.0,1391.4,1391.5,55280,0
2025-12-05 11:45:00+05:30,1391.5,1391.9,1390.1,1390.4,183459,0
2025-12-05 11:50:00+05:30,1390.4,1390.8,1389.3,1389.5,27894,0
2025-12-05 11:55:00+05:30,1390.0,1390.0,1389.0,1389.1,16304,0
2025-12-05 12:00:00+05:30,1389.4,1389.5,1388.6,1388.6,24441,0
2025-12-05 12:05:00+05:30,1388.6,1389.9,1388.6,1389.3,19847,0
2025-12-05 12:10:00+05:30,1389.0,1389.8,1388.0,1388.2,49346,0
2025-12-05 12:15:00+05:30,1388.2,1389.3,1388.0,1388.8,23970,0
2025-12-05 12:20:00+05:30,1388.7,1389.9,1388.1,1389.9,18175,0
2025-12-05 12:25:00+05:30,1389.9,1390.0,1389.1,1389.9,20625,0
2025-12-05 12:30:00+05:30,1389.9,1391.3,1389.2,1391.0,35760,0
2025-12-05 12:35:00+05:30,1391.0,1392.0,1390.4,1391.0,43378,0
2025-12-05 12:40:00+05:30,1390.4,1391.0,1390.0,1390.9,27377,0
2025-12-05 12:45:00+05:30,1390.9,1390.9,1389.9,1390.3,29328,0
2025-12-05 12:50:00+05:30,1390.5,1390.7,1389.9,1390.4,16490,0
2025-12-05 12:55:00+05:30,1390.4,1390.7,1389.9,1390.2,18059,0
2025-12-05 13:00:00+05:30,1390.2,1391.0,1390.0,1390.8,12462,0
2025-12-05 13:05:00+05:30,1390.9,1390.9,1390.0,1390.5,14652,0
2025-12-05 13:10:00+05:30,1390.0,1390.9,1390.0,1390.9,20052,0
2025-12-05 13:15:00+05:30,1390.5,1391.6,1390.5,1391.5,24321,0
2025-12-05 13:20:00+05:30,1391.5,1391.8,1390.1,1390.8,27339,0
2025-12-05 13:25:00+05:30,1390.7,1391.2,1390.1,1390.9,23232,0
2025-12-05 13:30:00+05:30,1390.9,1391.5,1390.5,1391.0,24551,0
2025-12-05 13:35:00+05:30,1391.0,1391.5,1390.5,1391.2,16375,0
2025-12-05 13:40:00+05:30,1391.4,1391.5,1390.6,1390.6,13580,0
2025-12-05 13:45:00+05:30,1390.6,1391.5,1390.0,1390.5,24686,0
2025-12-05 13:50:00+05:30,1390.5,1391.0,1390.1,1390.8,30159,0
2025-12-05 13:55:00+05:30,1390.4,1391.5,1388.5,1389.7,138215,0
2025-12-05 14:00:00+05:30,1389.0,1390.4,1388.7,1389.0,54715,0
2025-12-05 14:05:00+05:30,1389.1,1390.8,1388.0,1390.0,167187,0
2025-12-05 14:10:00+05:30,1390.0,1391.8,1389.7,1390.5,90319,0
2025-12-05 14:15:00+05:30,1390.5,1391.0,1389.9,1390.9,17627,0
2025-12-05 14:20:00+05:30,1390.9,1390.9,1389.7,1390.5,36608,0
2025-12-05 14:25:00+05:30,1390.5,1390.6,1389.9,1390.2,16039,0
2025-12-05 14:30:00+05:30,1390.2,1390.3,1388.9,1389.5,19903,0
2025-12-05 14:35:00+05:30,1389.4,1390.4,1388.7,1390.2,34468,0
2025-12-05 14:40:00+05:30,1390.2,1390.8,1389.8,1390.2,33357,0
2025-12-05 14:45:00+05:30,1390.0,1390.2,1388.0,1389.6,106700,0
2025-12-05 14:50:00+05:30,1390.0,1391.0,1389.6,1390.5,54961,0
2025-12-05 14:55:00+05:30,1390.5,1391.0,1390.0,1391.0,74647,0
2025-12-05 15:00:00+05:30,1391.0,1392.5,1391.0,1392.4,255853,0
2025-12-05 15:05:00+05:30,1392.5,1393.8,1391.9,1392.7,247807,0
2025-12-05 15:10:00+05:30,1392.8,1392.9,1392.2,1392.9,186445,0
2025-12-05 15:15:00+05:30,1392.9,1393.0,1391.2,1392.7,219396,0
2025-12-05 15:20:00+05:30,1392.8,1392.8,1391.6,1392.8,182043,0
2025-12-05 15:25:00+05:30,1392.8,1393.2,1390.2,1392.5,168489,0
2025-12-08 09:15:00+05:30,1387.0,1389.7,1383.3,1388.3,390362,0
2025-12-08 09:20:00+05:30,1387.9,1388.7,1386.5,1386.8,153131,0
2025-12-08 09:25:00+05:30,1386.8,1387.2,1386.1,1386.5,48268,0
2025-12-08 09:30:00+05:30,1386.5,1386.6,1385.0,1385.0,72602,0
2025-12-08 09:35:00+05:30,1384.8,1385.3,1383.8,1385.1,69477,0
2025-12-08 09:40:00+05:30,1384.7,1385.7,1384.0,1385.7,38291,0
2025-12-08 09:45:00+05:30,1385.6,1386.0,1385.1,1385.5,60049,0
2025-12-08 09:50:00+05:30,1385.5,1386.9,1385.5,1386.3,59765,0
2025-12-08 09:55:00+05:30,1386.3,1387.3,1386.2,1387.1,34294,0
2025-12-08 10:00:00+05:30,1387.1,1387.8,1386.5,1386.9,46576,0
2025-12-08 10:05:00+05:30,1386.5,1389.0,1386.4,1389.0,88938,0
2025-12-08 10:10:00+05:30,1388.9,1392.0,1388.9,1391.9,87718,0
2025-12-08 10:15:00+05:30,1391.9,1394.0,1391.7,1391.8,87165,0
2025-12-08 10:20:00+05:30,1391.8,1393.3,1390.9,1393.0,92065,0
2025-12-08 10:25:00+05:30,1392.8,1393.0,1392.6,1393.0,37374,0
2025-12-08 10:30:00+05:30,1392.9,1393.0,1391.6,1391.9,47560,0
2025-12-08 10:35:00+05:30,1391.9,1393.2,1391.5,1392.9,45879,0
2025-12-08 10:40:00+05:30,1392.8,1393.4,1391.8,1393.0,46813,0
2025-12-08 10:45:00+05:30,1392.7,1394.0,1392.4,1393.2,47997,0
2025-12-08 10:50:00+05:30,1393.2,1394.9,1392.5,1394.2,50432,0
2025-12-08 10:55:00+05:30,1394.2,1394.6,1391.7,1392.4,38512,0
2025-12-08 11:00:00+05:30,1392.3,1394.0,1391.1,1392.0,67207,0
2025-12-08 11:05:00+05:30,1392.0,1392.2,1390.1,1391.1,61547,0
2025-12-08 11:10:00+05:30,1391.0,1392.9,1390.2,1391.2,90179,0
2025-12-08 11:15:00+05:30,1391.2,1391.3,1389.0,1389.6,36434,0
2025-12-08 11:20:00+05:30,1389.6,1390.7,1389.0,1390.4,37466,0
2025-12-08 11:25:00+05:30,1390.4,1390.7,1390.2,1390.3,17478,0
2025-12-08 11:30:00+05:30,1390.4,1391.3,1390.0,1390.6,45953,0
2025-12-08 11:35:00+05:30,1390.7,1391.1,1390.0,1390.3,36894,0
2025-12-08 11:40:00+05:30,1390.3,1392.0,1390.0,1391.8,126874,0
2025-12-08 11:45:00+05:30,1391.7,1392.6,1391.2,1392.2,65616,0
2025-12-08 11:50:00+05:30,1392.2,1392.5,1391.1,1392.0,40649,0
2025-12-08 11:55:00+05:30,1391.9,1392.9,1391.7,1392.8,51143,0
2025-12-08 12:00:00+05:30,1392.8,1392.8,1391.0,1391.7,50011,0
2025-12-08 12:05:00+05:30,1391.5,1392.3,1391.0,1391.4,59394,0
2025-12-08 12:10:00+05:30,1391.2,1392.3,1391.0,1392.0,113622,0
2025-12-08 12:15:00+05:30,1391.6,1393.9,1391.0,1391.0,206810,0
2025-12-08 12:20:00+05:30,1391.0,1391.5,1390.0,1391.2,66773,0
2025-12-08 12:25:00+05:30,1391.2,1391.3,1389.3,1389.9,63624,0
2025-12-08 12:30:00+05:30,1389.7,1389.9,1388.3,1388.6,95889,0
2025-12-08 12:35:00+05:30,1388.6,1388.8,1387.8,1387.9,77864,0
2025-12-08 12:40:00+05:30,1387.8,1388.5,1387.1,1388.0,127131,0
2025-12-08 12:45:00+05:30,1387.9,1389.4,1387.9,1389.1,80428,0
2025-12-08 12:50:00+05:30,1388.9,1389.5,1388.8,1389.2,58503,0
2025-12-08 12:55:00+05:30,1389.2,1389.8,1389.0,1389.5,83822,0
2025-12-08 13:00:00+05:30,1389.4,1390.6,1389.2,1390.5,87647,0
2025-12-08 13:05:00+05:30,1390.5,1390.6,1389.2,1389.4,80321,0
2025-12-08 13:10:00+05:30,1389.2,1390.4,1389.0,1389.9,101660,0
2025-12-08 13:15:00+05:30,1389.9,1390.2,1388.9,1389.1,106554,0
2025-12-08 13:20:00+05:30,1389.1,1389.4,1387.5,1388.8,203365,0
2025-12-08 13:25:00+05:30,1388.5,1389.1,1387.0,1387.5,97420,0
2025-12-08 13:30:00+05:30,1387.4,1388.0,1383.3,1385.1,123143,0
2025-12-08 13:35:00+05:30,1385.1,1385.6,1383.6,1384.8,119255,0
2025-12-08 13:40:00+05:30,1384.8,1386.1,1384.6,1385.8,83915,0
2025-12-08 13:45:00+05:30,1385.8,1386.8,1385.4,1386.4,110720,0
2025-12-08 13:50:00+05:30,1386.4,1386.7,1385.3,1386.2,80380,0
2025-12-08 13:55:00+05:30,1386.2,1386.2,1384.8,1385.1,91870,0
2025-12-08 14:00:00+05:30,1385.0,1385.2,1384.1,1385.0,103276,0
2025-12-08 14:05:00+05:30,1384.9,1386.0,1384.8,1386.0,104116,0
2025-12-08 14:10:00+05:30,1385.9,1388.1,1385.6,1386.3,193755,0
2025-12-08 14:15:00+05:30,1386.3,1388.0,1385.3,1387.5,248092,0
2025-12-08 14:20:00+05:30,1387.6,1389.6,1387.1,1388.2,178851,0
2025-12-08 14:25:00+05:30,1388.3,1388.6,1387.4,1388.2,70386,0
2025-12-08 14:30:00+05:30,1388.2,1388.3,1387.0,1387.8,90166,0
2025-12-08 14:35:00+05:30,1387.7,1388.0,1386.8,1387.9,101880,0
2025-12-08 14:40:00+05:30,1387.9,1389.2,1387.5,1389.0,160820,0
2025-12-08 14:45:00+05:30,1388.7,1389.9,1388.1,1389.6,167256,0
2025-12-08 14:50:00+05:30,1389.6,1390.4,1388.9,1389.3,259758,0
2025-12-08 14:55:00+05:30,1389.4,1389.9,1389.0,1389.2,87939,0
2025-12-08 15:00:00+05:30,1389.2,1390.3,1389.2,1390.0,192195,0
2025-12-08 15:05:00+05:30,1390.0,1390.7,1389.2,1390.2,245491,0
2025-12-08 15:10:00+05:30,1390.2,1390.9,1389.6,1390.3,261480,0
2025-12-08 15:15:00+05:30,1390.3,1390.3,1388.9,1389.7,226147,0
2025-12-08 15:20:00+05:30,1389.7,1390.4,1388.6,1389.5,246592,0
2025-12-08 15:25:00+05:30,1389.5,1389.7,1385.8,1387.5,196726,0
2025-12-09 09:15:00+05:30,1379.9,1384.3,1376.9,1382.6,933412,0
2025-12-09 09:20:00+05:30,1382.6,1383.9,1381.0,1381.7,223807,0
2025-12-09 09:25:00+05:30,1381.8,1384.0,1381.7,1382.6,229117,0
2025-12-09 09:30:00+05:30,1382.4,1382.6,1378.4,1379.9,254817,0
2025-12-09 09:35:00+05:30,1379.8,1380.6,1377.5,1379.3,116995,0
2025-12-09 09:40:00+05:30,1379.1,1380.6,1378.1,1380.2,76421,0
2025-12-09 09:45:00+05:30,1380.3,1380.8,1379.1,1380.4,77977,0
2025-12-09 09:50:00+05:30,1380.4,1382.6,1379.7,1382.5,109933,0
2025-12-09 09:55:00+05:30,1382.4,1383.2,1380.3,1381.7,98588,0
2025-12-09 10:00:00+05:30,1381.6,1382.6,1380.5,1381.3,108068,0
2025-12-09 10:05:00+05:30,1381.2,1381.7,1379.7,1380.9,85054,0
2025-12-09 10:10:00+05:30,1381.0,1381.9,1380.7,1381.2,62829,0
2025-12-09 10:15:00+05:30,1381.1,1382.9,1380.2,1381.7,124971,0
2025-12-09 10:20:00+05:30,1381.7,1382.1,1379.7,1381.5,68113,0
2025-12-09 10:25:00+05:30,1381.5,1382.0,1379.5,1379.7,74007,0
2025-12-09 10:30:00+05:30,1379.6,1381.0,1379.5,1380.3,61691,0
2025-12-09 10:35:00+05:30,1380.3,1380.9,1379.5,1380.6,59795,0
2025-12-09 10:40:00+05:30,1380.6,1380.9,1379.7,1379.8,34829,0
2025-12-09 10:45:00+05:30,1379.8,1380.0,1378.8,1379.5,38899,0
2025-12-09 10:50:00+05:30,1379.5,1380.3,1378.7,1380.2,65583,0
2025-12-09 10:55:00+05:30,1380.2,1381.0,1379.7,1380.8,87976,0
2025-12-09 11:00:00+05:30,1380.9,1381.0,1379.8,1380.5,41756,0
2025-12-09 11:05:00+05:30,1380.5,1381.0,1380.3,1380.9,58927,0
2025-12-09 11:10:00+05:30,1380.8,1381.0,1380.1,1380.4,53035,0
2025-12-09 11:15:00+05:30,1380.7,1380.9,1379.7,1379.9,47129,0
2025-12-09 11:20:00+05:30,1380.0,1380.0,1378.1,1378.4,48004,0
2025-12-09 11:25:00+05:30,1378.4,1379.4,1377.7,1378.5,50204,0
2025-12-09 11:30:00+05:30,1378.4,1379.0,1377.3,1378.5,129900,0
2025-12-09 11:35:00+05:30,1378.5,1379.5,1378.0,1378.9,44413,0
2025-12-09 11:40:00+05:30,1378.9,1378.9,1375.6,1375.6,154329,0
2025-12-09 11:45:00+05:30,1375.8,1376.4,1374.5,1375.0,87258,0
2025-12-09 11:50:00+05:30,1375.0,1375.8,1374.5,1375.1,100697,0
2025-12-09 11:55:00+05:30,1375.1,1376.4,1375.0,1376.1,60580,0
2025-12-09 12:00:00+05:30,1376.1,1376.7,1374.9,1376.2,67924,0
2025-12-09 12:05:00+05:30,1376.2,1377.5,1375.7,1376.9,195412,0
2025-12-09 12:10:00+05:30,1376.9,1377.1,1375.4,1375.6,73855,0
2025-12-09 12:15:00+05:30,1375.7,1375.9,1375.1,1375.4,52474,0
2025-12-09 12:20:00+05:30,1375.5,1377.7,1375.2,1377.6,131022,0
2025-12-09 12:25:00+05:30,1377.7,1377.8,1376.1,1376.7,70447,0
2025-12-09 12:30:00+05:30,1376.8,1377.7,1376.3,1376.9,116513,0
2025-12-09 12:35:00+05:30,1377.1,1377.3,1375.8,1375.9,56335,0
2025-12-09 12:40:00+05:30,1375.9,1377.5,1375.9,1377.2,95663,0
2025-12-09 12:45:00+05:30,1377.3,1378.2,1377.0,1377.8,83795,0
2025-12-09 12:50:00+05:30,1377.9,1378.0,1377.1,1377.5,67184,0
2025-12-09 12:55:00+05:30,1377.6,1378.1,1376.0,1376.9,151531,0
2025-12-09 13:00:00+05:30,1377.1,1378.3,1376.1,1377.9,79278,0
2025-12-09 13:05:00+05:30,1378.2,1378.4,1377.0,1377.0,66694,0
2025-12-09 13:10:00+05:30,1377.1,1377.1,1375.1,1375.3,92610,0
2025-12-09 13:15:00+05:30,1375.5,1375.8,1374.9,1375.1,88998,0
2025-12-09 13:20:00+05:30,1375.0,1375.8,1374.9,1375.0,71876,0
2025-12-09 13:25:00+05:30,1375.1,1376.2,1375.0,1375.9,69219,0
2025-12-09 13:30:00+05:30,1376.0,1376.5,1375.0,1376.2,89011,0
2025-12-09 13:35:00+05:30,1376.3,1377.7,1375.7,1377.1,120224,0
2025-12-09 13:40:00+05:30,1377.3,1377.6,1376.2,1376.7,82075,0
2025-12-09 13:45:00+05:30,1376.7,1377.5,1376.0,1376.9,65735,0
2025-12-09 13:50:00+05:30,1377.0,1377.3,1376.0,1376.3,89521,0
2025-12-09 13:55:00+05:30,1376.3,1376.4,1375.1,1375.5,59272,0
2025-12-09 14:00:00+05:30,1375.7,1375.8,1374.3,1374.8,96096,0
2025-12-09 14:05:00+05:30,1374.9,1375.2,1374.3,1374.6,104167,0
2025-12-09 14:10:00+05:30,1374.9,1375.1,1374.2,1375.0,97769,0
2025-12-09 14:15:00+05:30,1375.1,1376.0,1374.6,1375.5,303416,0
2025-12-09 14:20:00+05:30,1375.7,1377.6,1375.0,1375.4,165395,0
2025-12-09 14:25:00+05:30,1375.7,1376.5,1375.2,1375.5,62680,0
2025-12-09 14:30:00+05:30,1376.0,1376.0,1374.9,1375.5,100455,0
2025-12-09 14:35:00+05:30,1375.8,1376.0,1374.7,1375.9,94093,0
2025-12-09 14:40:00+05:30,1376.0,1376.1,1374.5,1374.7,212163,0
2025-12-09 14:45:00+05:30,1374.7,1375.2,1374.2,1374.7,111644,0
2025-12-09 14:50:00+05:30,1374.4,1375.3,1374.3,1374.7,98127,0
2025-12-09 14:55:00+05:30,1374.9,1376.5,1374.4,1376.2,166315,0
2025-12-09 15:00:00+05:30,1376.3,1377.0,1375.6,1376.2,571948,0
2025-12-09 15:05:00+05:30,1375.9,1376.5,1374.4,1374.6,480415,0
2025-12-09 15:10:00+05:30,1374.9,1376.6,1373.7,1375.0,675520,0
2025-12-09 15:15:00+05:30,1375.1,1375.4,1374.0,1374.4,430151,0
2025-12-09 15:20:00+05:30,1374.4,1375.5,1373.4,1374.6,404142,0
2025-12-09 15:25:00+05:30,1374.6,1375.5,1374.0,1375.0,310770,0
2025-12-10 09:15:00+05:30,1377.9,1379.0,1373.0,1375.4,535142,0
2025-12-10 09:20:00+05:30,1375.6,1375.6,1371.6,1371.6,122705,0
2025-12-10 09:25:00+05:30,1371.6,1375.2,1370.5,1375.0,136771,0
2025-12-10 09:30:00+05:30,1374.7,1375.8,1374.7,1375.3,78744,0
2025-12-10 09:35:00+05:30,1375.5,1376.9,1375.3,1375.5,48160,0
2025-12-10 09:40:00+05:30,1375.5,1375.7,1374.6,1375.2,42549,0
2025-12-10 09:45:00+05:30,1375.3,1376.3,1375.1,1375.8,40821,0
2025-12-10 09:50:00+05:30,1375.5,1376.0,1375.0,1375.7,43413,0
2025-12-10 09:55:00+05:30,1375.9,1377.0,1375.7,1376.5,59119,0
2025-12-10 10:00:00+05:30,1376.5,1378.0,1376.5,1378.0,53324,0
2025-12-10 10:05:00+05:30,1378.0,1379.1,1377.5,1377.7,88905,0
2025-12-10 10:10:00+05:30,1377.9,1378.2,1377.0,1377.1,40810,0
2025-12-10 10:15:00+05:30,1377.4,1377.7,1376.1,1376.7,51861,0
2025-12-10 10:20:00+05:30,1376.6,1377.1,1375.8,1376.7,77536,0
2025-12-10 10:25:00+05:30,1376.6,1378.0,1376.5,1377.8,52362,0
2025-12-10 10:30:00+05:30,1377.6,1378.4,1377.3,1378.0,45770,0
2025-12-10 10:35:00+05:30,1378.1,1379.4,1377.5,1378.8,72976,0
2025-12-10 10:40:00+05:30,1378.6,1378.9,1378.1,1378.9,35706,0
2025-12-10 10:45:00+05:30,1378.9,1378.9,1376.3,1376.5,33269,0
2025-12-10 10:50:00+05:30,1376.4,1376.5,1375.1,1375.7,70412,0
2025-12-10 10:55:00+05:30,1375.7,1375.8,1373.3,1373.5,36608,0
2025-12-10 11:00:00+05:30,1373.4,1373.5,1371.2,1372.6,49589,0
2025-12-10 11:05:00+05:30,1372.6,1373.1,1372.4,1373.1,55076,0
2025-12-10 11:10:00+05:30,1372.9,1373.7,1371.8,1373.7,57641,0
2025-12-10 11:15:00+05:30,1373.7,1374.0,1373.0,1373.1,43032,0
2025-12-10 11:20:00+05:30,1373.1,1373.2,1372.0,1372.7,60199,0
2025-12-10 11:25:00+05:30,1372.7,1373.0,1371.2,1371.2,57712,0
2025-12-10 11:30:00+05:30,1371.3,1371.5,1370.1,1370.2,43181,0
2025-12-10 11:35:00+05:30,1370.4,1370.5,1369.1,1369.7,93760,0
2025-12-10 11:40:00+05:30,1369.7,1370.0,1369.2,1369.5,28032,0
2025-12-10 11:45:00+05:30,1369.5,1370.4,1369.2,1370.4,65184,0
2025-12-10 11:50:00+05:30,1370.2,1370.9,1370.1,1370.6,41956,0
2025-12-10 11:55:00+05:30,1370.9,1371.7,1370.6,1371.5,49255,0
2025-12-10 12:00:00+05:30,1371.3,1371.8,1370.5,1371.1,68099,0
2025-12-10 12:05:00+05:30,1371.6,1372.1,1371.1,1371.4,59921,0
2025-12-10 12:10:00+05:30,1371.3,1371.7,1370.9,1371.1,37236,0
2025-12-10 12:15:00+05:30,1371.1,1371.1,1370.7,1371.1,46992,0
2025-12-10 12:20:00+05:30,1371.0,1371.1,1370.4,1371.1,48962,0
2025-12-10 12:25:00+05:30,1371.0,1371.1,1369.9,1370.1,45778,0
2025-12-10 12:30:00+05:30,1369.9,1370.2,1368.3,1369.0,53121,0
2025-12-10 12:35:00+05:30,1369.0,1369.1,1367.0,1367.6,56162,0
2025-12-10 12:40:00+05:30,1367.4,1367.7,1366.7,1367.1,36028,0
2025-12-10 12:45:00+05:30,1367.1,1367.5,1366.2,1367.0,51306,0
2025-12-10 12:50:00+05:30,1367.0,1368.0,1367.0,1367.4,43675,0
2025-12-10 12:55:00+05:30,1367.1,1367.4,1366.2,1367.0,125691,0
2025-12-10 13:00:00+05:30,1366.8,1367.2,1366.4,1366.9,31048,0
2025-12-10 13:05:00+05:30,1366.9,1366.9,1366.0,1366.3,53759,0
2025-12-10 13:10:00+05:30,1366.3,1367.1,1365.8,1366.1,81934,0
2025-12-10 13:15:00+05:30,1366.1,1366.5,1365.1,1366.5,64459,0
2025-12-10 13:20:00+05:30,1366.4,1367.1,1365.5,1366.4,170875,0
2025-12-10 13:25:00+05:30,1366.4,1367.6,1365.8,1367.0,125736,0
2025-12-10 13:30:00+05:30,1367.0,1367.2,1365.9,1366.4,52598,0
2025-12-10 13:35:00+05:30,1366.3,1366.7,1365.1,1365.3,41051,0
2025-12-10 13:40:00+05:30,1365.3,1366.2,1365.3,1365.5,45942,0
2025-12-10 13:45:00+05:30,1365.6,1365.8,1363.8,1364.4,133543,0
2025-12-10 13:50:00+05:30,1364.1,1364.4,1361.4,1362.2,238177,0
2025-12-10 13:55:00+05:30,1362.1,1362.2,1360.5,1362.1,125831,0
2025-12-10 14:00:00+05:30,1362.0,1362.1,1359.4,1359.7,357693,0
2025-12-10 14:05:00+05:30,1359.7,1360.3,1358.0,1358.1,283085,0
2025-12-10 14:10:00+05:30,1358.1,1359.8,1357.9,1359.1,244901,0
2025-12-10 14:15:00+05:30,1359.1,1361.9,1358.5,1361.2,141123,0
2025-12-10 14:20:00+05:30,1361.2,1361.2,1359.7,1360.3,144586,0
2025-12-10 14:25:00+05:30,1360.4,1360.8,1359.6,1360.5,148896,0
2025-12-10 14:30:00+05:30,1360.4,1362.9,1360.2,1362.8,305638,0
2025-12-10 14:35:00+05:30,1362.8,1362.8,1360.6,1361.9,193684,0
2025-12-10 14:40:00+05:30,1361.5,1361.8,1360.3,1361.3,112786,0
2025-12-10 14:45:00+05:30,1361.5,1362.4,1361.1,1361.9,162706,0
2025-12-10 14:50:00+05:30,1361.9,1362.4,1360.9,1361.9,125346,0
2025-12-10 14:55:00+05:30,1361.9,1363.9,1361.6,1363.1,152372,0
2025-12-10 15:00:00+05:30,1363.5,1364.9,1362.9,1363.8,267512,0
2025-12-10 15:05:00+05:30,1363.7,1365.0,1363.0,1363.7,288637,0
2025-12-10 15:10:00+05:30,1363.7,1364.1,1362.0,1362.5,255584,0
2025-12-10 15:15:00+05:30,1362.5,1363.5,1362.5,1363.4,301509,0
2025-12-10 15:20:00+05:30,1363.4,1363.7,1362.8,1363.3,298697,0
2025-12-10 15:25:00+05:30,1363.3,1365.4,1362.9,1364.5,690204,0
2025-12-11 09:15:00+05:30,1363.7,1366.6,1360.1,1361.9,245709,0
2025-12-11 09:20:00+05:30,1362.1,1364.8,1360.8,1361.0,83806,0
2025-12-11 09:25:00+05:30,1361.4,1361.7,1359.8,1361.6,102643,0
2025-12-11 09:30:00+05:30,1361.6,1362.8,1360.3,1360.8,61076,0
2025-12-11 09:35:00+05:30,1360.5,1360.8,1356.5,1357.1,134669,0
2025-12-11 09:40:00+05:30,1357.0,1357.5,1355.1,1356.4,56990,0
2025-12-11 09:45:00+05:30,1356.1,1357.6,1355.2,1357.2,45206,0
2025-12-11 09:50:00+05:30,1357.2,1357.5,1355.7,1356.7,35468,0
2025-12-11 09:55:00+05:30,1356.7,1356.8,1353.9,1354.7,85254,0
2025-12-11 10:00:00+05:30,1354.7,1355.8,1352.8,1354.8,73334,0
2025-12-11 10:05:00+05:30,1355.3,1357.8,1354.8,1357.2,85741,0
2025-12-11 10:10:00+05:30,1357.2,1359.8,1356.0,1359.8,84567,0
2025-12-11 10:15:00+05:30,1359.8,1360.8,1358.4,1359.1,88983,0
2025-12-11 10:20:00+05:30,1359.1,1359.8,1357.3,1359.3,67670,0
2025-12-11 10:25:00+05:30,1359.3,1360.9,1358.5,1359.1,89728,0
2025-12-11 10:30:00+05:30,1359.4,1362.5,1358.8,1361.6,57025,0
2025-12-11 10:35:00+05:30,1361.6,1363.0,1361.0,1361.8,65110,0
2025-12-11 10:40:00+05:30,1361.8,1362.6,1361.1,1362.4,54125,0
2025-12-11 10:45:00+05:30,1362.4,1363.8,1361.6,1363.3,61489,0
2025-12-11 10:50:00+05:30,1363.0,1363.6,1362.0,1362.2,84491,0
2025-12-11 10:55:00+05:30,1362.2,1362.3,1360.4,1360.6,85844,0
2025-12-11 11:00:00+05:30,1360.6,1360.6,1357.4,1357.5,105213,0
2025-12-11 11:05:00+05:30,1357.5,1358.9,1357.0,1357.9,89289,0
2025-12-11 11:10:00+05:30,1357.9,1359.4,1357.7,1358.5,76344,0
2025-12-11 11:15:00+05:30,1358.3,1360.2,1357.7,1358.7,94221,0
2025-12-11 11:20:00+05:30,1358.7,1359.5,1358.3,1358.7,65667,0
2025-12-11 11:25:00+05:30,1358.7,1360.0,1358.3,1358.7,90017,0
2025-12-11 11:30:00+05:30,1358.5,1359.0,1358.3,1358.7,67363,0
2025-12-11 11:35:00+05:30,1358.7,1359.7,1358.0,1359.4,94469,0
2025-12-11 11:40:00+05:30,1359.4,1360.0,1358.9,1359.9,84110,0
2025-12-11 11:45:00+05:30,1359.9,1359.9,1358.2,1359.5,74684,0
2025-12-11 11:50:00+05:30,1359.2,1360.7,1358.2,1359.8,80011,0
2025-12-11 11:55:00+05:30,1359.8,1361.7,1359.7,1361.1,68169,0
2025-12-11 12:00:00+05:30,1361.1,1365.0,1360.9,1365.0,113786,0
2025-12-11 12:05:00+05:30,1364.9,1365.8,1363.3,1363.8,103444,0
2025-12-11 12:10:00+05:30,1363.6,1365.0,1363.2,1363.8,88144,0
2025-12-11 12:15:00+05:30,1363.8,1364.5,1362.9,1363.2,82331,0
2025-12-11 12:20:00+05:30,1363.8,1364.1,1361.9,1362.5,97440,0
2025-12-11 12:25:00+05:30,1362.3,1364.8,1361.8,1363.6,96143,0
2025-12-11 12:30:00+05:30,1363.6,1364.2,1361.8,1362.5,69937,0
2025-12-11 12:35:00+05:30,1362.4,1363.3,1361.8,1362.4,60408,0
2025-12-11 12:40:00+05:30,1362.3,1363.9,1361.6,1363.5,59073,0
2025-12-11 12:45:00+05:30,1363.5,1363.5,1361.9,1362.3,54851,0
2025-12-11 12:50:00+05:30,1362.3,1362.7,1361.0,1361.9,78353,0
2025-12-11 12:55:00+05:30,1361.6,1362.2,1360.8,1361.3,55080,0
2025-12-11 13:00:00+05:30,1361.3,1361.9,1360.1,1360.8,60947,0
2025-12-11 13:05:00+05:30,1360.8,1360.9,1359.8,1360.2,55980,0
2025-12-11 13:10:00+05:30,1360.2,1360.8,1358.2,1358.6,112808,0
2025-12-11 13:15:00+05:30,1358.6,1359.5,1358.1,1359.3,74510,0
2025-12-11 13:20:00+05:30,1359.3,1359.3,1358.0,1358.9,60843,0
2025-12-11 13:25:00+05:30,1358.7,1359.2,1358.0,1359.1,63306,0
2025-12-11 13:30:00+05:30,1359.1,1360.3,1358.5,1360.0,85653,0
2025-12-11 13:35:00+05:30,1359.8,1360.5,1359.2,1359.7,56510,0
2025-12-11 13:40:00+05:30,1359.7,1360.6,1359.1,1359.8,49927,0
2025-12-11 13:45:00+05:30,1359.8,1360.9,1359.2,1360.5,52010,0
2025-12-11 13:50:00+05:30,1360.5,1361.6,1359.9,1361.5,64803,0
2025-12-11 13:55:00+05:30,1361.5,1362.0,1360.4,1361.0,65519,0
2025-12-11 14:00:00+05:30,1361.0,1361.4,1360.2,1361.1,57764,0
2025-12-11 14:05:00+05:30,1361.0,1361.4,1360.1,1361.0,68272,0
2025-12-11 14:10:00+05:30,1360.9,1361.1,1359.1,1359.4,58764,0
2025-12-11 14:15:00+05:30,1359.5,1361.3,1359.5,1360.9,63563,0
2025-12-11 14:20:00+05:30,1360.9,1361.9,1360.3,1361.0,66248,0
2025-12-11 14:25:00+05:30,1361.0,1362.6,1360.6,1362.3,242015,0
2025-12-11 14:30:00+05:30,1362.3,1363.5,1361.5,1363.0,116544,0
2025-12-11 14:35:00+05:30,1363.0,1363.2,1361.1,1361.5,69570,0
2025-12-11 14:40:00+05:30,1361.5,1361.9,1360.5,1361.1,86764,0
2025-12-11 14:45:00+05:30,1361.1,1361.4,1359.8,1360.0,200820,0
2025-12-11 14:50:00+05:30,1360.1,1361.3,1359.4,1360.2,195632,0
2025-12-11 14:55:00+05:30,1360.3,1361.0,1359.7,1360.0,80543,0
2025-12-11 15:00:00+05:30,1360.2,1361.0,1359.5,1360.1,149185,0
2025-12-11 15:05:00+05:30,1360.2,1361.0,1359.8,1360.0,154735,0
2025-12-11 15:10:00+05:30,1360.2,1360.2,1359.2,1359.2,143500,0
2025-12-11 15:15:00+05:30,1359.4,1360.8,1358.8,1359.9,184784,0
2025-12-11 15:20:00+05:30,1359.9,1360.2,1359.4,1359.7,133903,0
2025-12-11 15:25:00+05:30,1359.7,1361.8,1359.3,1361.0,161679,0
2025-12-12 09:15:00+05:30,1368.0,1368.9,1365.8,1366.8,158552,0
2025-12-12 09:20:00+05:30,1366.7,1367.6,1365.8,1365.9,55687,0
2025-12-12 09:25:00+05:30,1365.8,1367.7,1364.6,1367.5,61706,0
2025-12-12 09:30:00+05:30,1367.8,1368.6,1367.5,1368.1,27320,0
2025-12-12 09:35:00+05:30,1368.2,1368.3,1367.5,1367.8,20115,0
2025-12-12 09:40:00+05:30,1367.8,1367.8,1367.0,1367.1,17786,0
2025-12-12 09:45:00+05:30,1367.0,1368.5,1366.7,1368.2,28496,0
2025-12-12 09:50:00+05:30,1368.5,1368.6,1367.2,1367.5,31473,0
2025-12-12 09:55:00+05:30,1367.4,1368.0,1366.5,1367.2,33343,0
2025-12-12 10:00:00+05:30,1367.1,1367.5,1366.4,1367.0,40008,0
2025-12-12 10:05:00+05:30,1367.0,1367.5,1366.6,1367.2,41423,0
2025-12-12 10:10:00+05:30,1367.2,1367.6,1366.8,1367.6,69946,0
2025-12-12 10:15:00+05:30,1367.6,1368.0,1366.6,1368.0,117382,0
2025-12-12 10:20:00+05:30,1368.0,1368.2,1365.5,1365.5,80497,0
2025-12-12 10:25:00+05:30,1365.6,1365.9,1363.3,1364.4,44661,0
2025-12-12 10:30:00+05:30,1364.4,1366.2,1364.1,1366.2,19394,0
2025-12-12 10:35:00+05:30,1366.2,1366.2,1364.1,1364.5,16778,0
2025-12-12 10:40:00+05:30,1364.5,1364.8,1364.1,1364.5,13325,0
2025-12-12 10:45:00+05:30,1364.5,1365.4,1364.2,1364.3,21659,0
2025-12-12 10:50:00+05:30,1364.4,1365.3,1364.1,1364.6,14751,0
2025-12-12 10:55:00+05:30,1364.7,1365.8,1364.1,1364.5,17671,0
2025-12-12 11:00:00+05:30,1364.5,1366.0,1364.4,1365.3,19676,0
2025-12-12 11:05:00+05:30,1365.5,1365.8,1364.9,1365.5,15493,0
2025-12-12 11:10:00+05:30,1365.6,1366.9,1365.5,1366.0,27752,0
2025-12-12 11:15:00+05:30,1366.1,1366.8,1366.0,1366.6,14354,0
2025-12-12 11:20:00+05:30,1366.6,1370.0,1366.5,1369.9,37663,0
2025-12-12 11:25:00+05:30,1369.9,1370.0,1369.2,1369.9,27126,0
2025-12-12 11:30:00+05:30,1369.9,1370.7,1369.0,1369.9,50412,0
2025-12-12 11:35:00+05:30,1370.0,1370.0,1368.6,1369.2,23473,0
2025-12-12 11:40:00+05:30,1369.3,1369.3,1367.3,1368.2,29400,0
2025-12-12 11:45:00+05:30,1368.2,1369.4,1367.9,1368.3,25077,0
2025-12-12 11:50:00+05:30,1368.4,1369.1,1367.0,1367.8,157789,0
2025-12-12 11:55:00+05:30,1367.8,1369.1,1366.8,1366.9,91269,0
2025-12-12 12:00:00+05:30,1366.9,1368.2,1366.6,1366.9,118602,0
2025-12-12 12:05:00+05:30,1366.9,1367.2,1366.2,1366.8,14796,0
2025-12-12 12:10:00+05:30,1366.8,1366.8,1365.0,1366.4,23680,0
2025-12-12 12:15:00+05:30,1366.4,1366.8,1365.3,1366.1,23310,0
2025-12-12 12:20:00+05:30,1366.1,1366.9,1365.5,1366.7,17307,0
2025-12-12 12:25:00+05:30,1366.7,1367.6,1366.4,1366.9,21849,0
2025-12-12 12:30:00+05:30,1367.0,1367.5,1366.1,1367.2,44679,0
2025-12-12 12:35:00+05:30,1367.2,1367.4,1366.0,1366.1,39524,0
2025-12-12 12:40:00+05:30,1366.1,1366.9,1365.3,1365.6,32122,0
2025-12-12 12:45:00+05:30,1365.5,1366.6,1365.5,1365.8,31004,0
2025-12-12 12:50:00+05:30,1365.8,1366.1,1365.2,1366.1,20317,0
2025-12-12 12:55:00+05:30,1366.1,1366.7,1365.8,1366.0,26928,0
2025-12-12 13:00:00+05:30,1366.1,1367.4,1365.8,1366.6,34781,0
2025-12-12 13:05:00+05:30,1366.6,1367.1,1365.5,1366.1,27566,0
2025-12-12 13:10:00+05:30,1366.1,1366.5,1365.6,1366.3,26874,0
2025-12-12 13:15:00+05:30,1366.3,1366.5,1365.9,1366.0,23919,0
2025-12-12 13:20:00+05:30,1366.1,1366.4,1366.0,1366.3,24852,0
2025-12-12 13:25:00+05:30,1366.3,1366.4,1364.2,1364.3,66921,0
2025-12-12 13:30:00+05:30,1364.7,1364.7,1364.1,1364.7,30349,0
2025-12-12 13:35:00+05:30,1364.7,1365.0,1364.1,1364.2,23991,0
2025-12-12 13:40:00+05:30,1364.4,1365.1,1364.2,1364.5,23847,0
2025-12-12 13:45:00+05:30,1364.5,1365.4,1364.1,1365.1,27066,0
2025-12-12 13:50:00+05:30,1365.1,1365.9,1365.0,1365.2,28036,0
2025-12-12 13:55:00+05:30,1365.2,1365.6,1365.0,1365.1,28106,0
2025-12-12 14:00:00+05:30,1365.1,1366.2,1365.0,1366.0,61360,0
2025-12-12 14:05:00+05:30,1366.0,1366.9,1365.5,1366.5,44673,0
2025-12-12 14:10:00+05:30,1366.5,1366.7,1366.0,1366.1,32224,0
2025-12-12 14:15:00+05:30,1366.0,1366.5,1365.5,1365.7,46500,0
2025-12-12 14:20:00+05:30,1365.7,1366.1,1365.2,1366.0,34217,0
2025-12-12 14:25:00+05:30,1366.0,1366.2,1365.0,1365.5,38170,0
2025-12-12 14:30:00+05:30,1365.5,1366.1,1365.1,1365.5,41561,0
2025-12-12 14:35:00+05:30,1365.7,1365.7,1363.7,1364.0,71053,0
2025-12-12 14:40:00+05:30,1364.0,1365.3,1363.8,1365.0,50181,0
2025-12-12 14:45:00+05:30,1365.1,1365.3,1364.9,1365.1,77682,0
2025-12-12 14:50:00+05:30,1365.1,1365.2,1365.0,1365.1,50385,0
2025-12-12 14:55:00+05:30,1365.1,1365.3,1365.0,1365.1,63599,0
2025-12-12 15:00:00+05:30,1365.1,1366.7,1365.1,1365.9,178655,0
2025-12-12 15:05:00+05:30,1365.9,1366.0,1365.6,1366.0,157769,0
2025-12-12 15:10:00+05:30,1366.0,1366.5,1365.9,1366.1,196551,0
2025-12-12 15:15:00+05:30,1366.2,1366.3,1365.8,1366.0,187207,0
2025-12-12 15:20:00+05:30,1366.0,1366.2,1365.8,1366.1,200385,0
2025-12-12 15:25:00+05:30,1366.2,1366.4,1366.0,1366.0,125800,0
2025-12-15 09:15:00+05:30,1356.1,1369.0,1356.1,1365.5,711562,0
2025-12-15 09:20:00+05:30,1365.2,1365.5,1363.0,1363.1,66954,0
2025-12-15 09:25:00+05:30,1363.2,1363.9,1360.6,1361.0,45601,0
2025-12-15 09:30:00+05:30,1361.0,1361.5,1360.1,1360.8,98092,0
2025-12-15 09:35:00+05:30,1360.9,1361.7,1360.1,1360.9,71410,0
2025-12-15 09:40:00+05:30,1360.8,1361.4,1360.1,1360.5,37870,0
2025-12-15 09:45:00+05:30,1360.6,1362.0,1360.2,1361.3,68664,0
2025-12-15 09:50:00+05:30,1361.6,1362.0,1360.3,1361.9,57794,0
2025-12-15 09:55:00+05:30,1361.9,1364.4,1361.4,1364.2,55004,0
2025-12-15 10:00:00+05:30,1364.1,1365.0,1363.4,1364.7,44568,0
2025-12-15 10:05:00+05:30,1364.8,1365.7,1363.2,1363.9,86031,0
2025-12-15 10:10:00+05:30,1363.9,1365.8,1363.3,1365.8,24963,0
2025-12-15 10:15:00+05:30,1365.8,1365.8,1363.8,1365.0,35376,0
2025-12-15 10:20:00+05:30,1365.0,1365.2,1364.0,1364.2,22063,0
2025-12-15 10:25:00+05:30,1364.1,1364.5,1363.1,1364.4,25957,0
2025-12-15 10:30:00+05:30,1364.4,1364.8,1362.4,1362.5,30482,0
2025-12-15 10:35:00+05:30,1362.5,1363.5,1361.6,1361.6,39140,0
2025-12-15 10:40:00+05:30,1361.7,1362.2,1361.0,1362.0,24705,0
2025-12-15 10:45:00+05:30,1362.0,1364.6,1362.0,1363.3,43063,0
2025-12-15 10:50:00+05:30,1363.2,1364.9,1363.1,1364.4,17272,0
2025-12-15 10:55:00+05:30,1364.5,1364.9,1363.7,1363.7,22841,0
2025-12-15 11:00:00+05:30,1363.8,1364.1,1363.0,1363.7,47087,0
2025-12-15 11:05:00+05:30,1363.3,1363.9,1363.1,1363.1,19967,0
2025-12-15 11:10:00+05:30,1363.3,1363.8,1362.3,1363.4,67025,0
2025-12-15 11:15:00+05:30,1363.5,1364.0,1363.4,1363.7,20944,0
2025-12-15 11:20:00+05:30,1363.7,1365.3,1363.5,1365.0,82947,0
2025-12-15 11:25:00+05:30,1365.1,1366.5,1365.0,1365.4,46482,0
2025-12-15 11:30:00+05:30,1365.4,1366.1,1365.0,1365.1,35604,0
2025-12-15 11:35:00+05:30,1365.4,1365.6,1364.9,1365.0,27187,0
2025-12-15 11:40:00+05:30,1365.1,1365.6,1365.0,1365.0,28286,0
2025-12-15 11:45:00+05:30,1365.0,1365.9,1365.0,1365.6,21633,0
2025-12-15 11:50:00+05:30,1365.6,1366.4,1365.1,1365.9,29761,0
2025-12-15 11:55:00+05:30,1365.8,1366.9,1365.6,1366.7,26909,0
2025-12-15 12:00:00+05:30,1366.5,1366.9,1365.4,1366.0,88338,0
2025-12-15 12:05:00+05:30,1366.0,1368.0,1365.5,1365.9,154815,0
2025-12-15 12:10:00+05:30,1365.8,1366.5,1365.4,1366.0,45211,0
2025-12-15 12:15:00+05:30,1366.0,1366.8,1365.6,1365.7,72319,0
2025-12-15 12:20:00+05:30,1365.7,1368.2,1365.6,1367.7,117582,0
2025-12-15 12:25:00+05:30,1367.8,1368.3,1367.0,1367.3,37289,0
2025-12-15 12:30:00+05:30,1367.7,1370.0,1367.0,1368.5,104418,0
2025-12-15 12:35:00+05:30,1368.5,1369.2,1368.0,1368.4,38438,0
2025-12-15 12:40:00+05:30,1368.3,1369.0,1366.0,1366.1,78097,0
2025-12-15 12:45:00+05:30,1366.1,1366.6,1365.2,1365.8,35192,0
2025-12-15 12:50:00+05:30,1365.9,1366.9,1365.6,1366.0,35208,0
2025-12-15 12:55:00+05:30,1366.0,1366.4,1365.3,1365.5,41167,0
2025-12-15 13:00:00+05:30,1365.7,1366.4,1365.0,1366.1,34737,0
2025-12-15 13:05:00+05:30,1365.9,1366.8,1365.5,1366.5,36220,0
2025-12-15 13:10:00+05:30,1366.5,1368.0,1366.0,1367.5,51711,0
2025-12-15 13:15:00+05:30,1367.5,1367.6,1365.4,1365.8,34802,0
2025-12-15 13:20:00+05:30,1365.8,1366.0,1365.1,1365.5,32105,0
2025-12-15 13:25:00+05:30,1365.2,1366.0,1364.9,1365.2,48871,0
2025-12-15 13:30:00+05:30,1365.2,1365.5,1365.0,1365.4,33436,0
2025-12-15 13:35:00+05:30,1365.1,1367.7,1365.0,1367.0,122097,0
2025-12-15 13:40:00+05:30,1367.0,1367.6,1365.1,1365.7,48914,0
2025-12-15 13:45:00+05:30,1365.7,1366.3,1365.4,1365.8,29941,0
2025-12-15 13:50:00+05:30,1365.8,1366.2,1365.0,1365.5,32392,0
2025-12-15 13:55:00+05:30,1365.5,1366.0,1365.0,1365.8,35663,0
2025-12-15 14:00:00+05:30,1365.7,1367.5,1365.7,1366.0,41666,0
2025-12-15 14:05:00+05:30,1366.0,1366.4,1365.0,1365.1,106535,0
2025-12-15 14:10:00+05:30,1365.1,1365.9,1364.1,1365.4,199761,0
2025-12-15 14:15:00+05:30,1365.5,1365.8,1365.0,1365.8,34779,0
2025-12-15 14:20:00+05:30,1365.7,1366.5,1365.2,1365.6,43835,0
2025-12-15 14:25:00+05:30,1365.6,1366.4,1365.1,1366.3,39602,0
2025-12-15 14:30:00+05:30,1366.3,1366.3,1365.1,1365.3,42155,0
2025-12-15 14:35:00+05:30,1365.4,1365.4,1364.8,1365.1,67583,0
2025-12-15 14:40:00+05:30,1365.1,1365.7,1365.0,1365.7,66559,0
2025-12-15 14:45:00+05:30,1365.7,1367.0,1365.4,1365.6,229145,0
2025-12-15 14:50:00+05:30,1365.7,1366.8,1365.3,1365.6,53179,0
2025-12-15 14:55:00+05:30,1366.0,1366.7,1365.5,1366.6,48749,0
2025-12-15 15:00:00+05:30,1366.7,1366.8,1365.0,1365.2,112243,0
2025-12-15 15:05:00+05:30,1365.2,1366.0,1365.0,1365.7,139394,0
2025-12-15 15:10:00+05:30,1365.6,1366.0,1365.0,1365.0,154047,0
2025-12-15 15:15:00+05:30,1365.0,1365.2,1365.0,1365.1,159342,0
2025-12-15 15:20:00+05:30,1365.1,1365.5,1365.0,1365.1,145806,0
2025-12-15 15:25:00+05:30,1365.1,1365.4,1365.0,1365.0,185803,0
2025-12-16 09:15:00+05:30,1364.0,1367.1,1359.6,1362.3,382823,0
2025-12-16 09:20:00+05:30,1362.3,1362.3,1359.5,1359.8,149657,0
2025-12-16 09:25:00+05:30,1359.8,1360.2,1357.0,1358.4,168994,0
2025-12-16 09:30:00+05:30,1358.4,1359.3,1357.1,1357.2,96944,0
2025-12-16 09:35:00+05:30,1357.1,1357.3,1355.5,1356.4,153505,0
2025-12-16 09:40:00+05:30,1356.3,1358.1,1355.7,1358.1,72824,0
2025-12-16 09:45:00+05:30,1358.1,1358.8,1358.0,1358.5,51078,0
2025-12-16 09:50:00+05:30,1358.4,1359.1,1357.4,1359.1,79315,0
2025-12-16 09:55:00+05:30,1359.1,1360.4,1359.0,1360.2,113553,0
2025-12-16 10:00:00+05:30,1360.2,1360.9,1360.0,1360.7,68616,0
2025-12-16 10:05:00+05:30,1360.7,1362.1,1360.4,1361.9,89039,0
2025-12-16 10:10:00+05:30,1361.8,1365.1,1361.8,1364.3,189146,0
2025-12-16 10:15:00+05:30,1364.3,1365.9,1363.3,1365.8,56314,0
2025-12-16 10:20:00+05:30,1365.8,1367.5,1365.5,1366.0,86883,0
2025-12-16 10:25:00+05:30,1366.0,1366.6,1365.0,1365.8,39557,0
2025-12-16 10:30:00+05:30,1365.8,1365.9,1364.4,1364.8,81010,0
2025-12-16 10:35:00+05:30,1365.0,1365.1,1364.3,1364.8,56650,0
2025-12-16 10:40:00+05:30,1364.8,1365.0,1364.4,1365.0,32815,0
2025-12-16 10:45:00+05:30,1365.0,1365.0,1364.2,1364.8,45960,0
2025-12-16 10:50:00+05:30,1364.8,1365.0,1364.3,1365.0,39735,0
2025-12-16 10:55:00+05:30,1365.0,1365.4,1363.6,1364.6,93280,0
2025-12-16 11:00:00+05:30,1364.6,1365.1,1364.0,1364.9,57122,0
2025-12-16 11:05:00+05:30,1364.9,1365.4,1364.3,1365.0,48482,0
2025-12-16 11:10:00+05:30,1364.9,1365.3,1364.5,1365.0,90709,0
2025-12-16 11:15:00+05:30,1365.0,1365.0,1364.3,1365.0,39915,0
2025-12-16 11:20:00+05:30,1365.0,1365.1,1363.6,1364.2,159661,0
2025-12-16 11:25:00+05:30,1364.1,1365.9,1363.7,1365.0,708503,0
2025-12-16 11:30:00+05:30,1365.0,1365.3,1364.0,1364.5,80912,0
2025-12-16 11:35:00+05:30,1364.4,1364.5,1362.5,1363.2,84198,0
2025-12-16 11:40:00+05:30,1363.2,1363.8,1362.0,1362.3,65773,0
2025-12-16 11:45:00+05:30,1362.3,1363.9,1361.6,1363.9,72149,0
2025-12-16 11:50:00+05:30,1363.9,1365.1,1363.5,1364.8,126317,0
2025-12-16 11:55:00+05:30,1364.7,1365.0,1362.9,1363.9,59031,0
2025-12-16 12:00:00+05:30,1363.9,1365.0,1363.8,1365.0,39118,0
2025-12-16 12:05:00+05:30,1365.0,1365.0,1364.0,1364.3,33865,0
2025-12-16 12:10:00+05:30,1364.3,1364.4,1362.8,1363.5,35545,0
2025-12-16 12:15:00+05:30,1363.5,1364.5,1362.9,1364.2,53724,0
2025-12-16 12:20:00+05:30,1364.3,1364.3,1362.9,1363.1,38483,0
2025-12-16 12:25:00+05:30,1363.1,1364.2,1362.7,1363.2,62038,0
2025-12-16 12:30:00+05:30,1363.2,1364.4,1362.4,1363.6,83524,0
2025-12-16 12:35:00+05:30,1363.6,1364.5,1362.6,1363.8,64473,0
2025-12-16 12:40:00+05:30,1363.7,1364.9,1363.2,1364.3,121870,0
2025-12-16 12:45:00+05:30,1364.3,1364.3,1362.6,1363.5,98107,0
2025-12-16 12:50:00+05:30,1363.5,1364.8,1362.2,1362.7,246523,0
2025-12-16 12:55:00+05:30,1362.7,1364.5,1361.1,1364.4,258739,0
2025-12-16 13:00:00+05:30,1364.5,1364.5,1362.3,1363.7,87755,0
2025-12-16 13:05:00+05:30,1363.7,1363.7,1362.4,1362.6,39167,0
2025-12-16 13:10:00+05:30,1362.6,1363.5,1362.0,1363.3,84033,0
2025-12-16 13:15:00+05:30,1363.3,1365.1,1361.7,1362.7,269571,0
2025-12-16 13:20:00+05:30,1362.7,1363.9,1362.6,1363.6,42945,0
2025-12-16 13:25:00+05:30,1363.6,1363.8,1362.2,1362.9,90947,0
2025-12-16 13:30:00+05:30,1362.9,1363.9,1362.8,1363.5,46507,0
2025-12-16 13:35:00+05:30,1363.5,1363.8,1362.3,1363.4,69682,0
2025-12-16 13:40:00+05:30,1363.4,1364.3,1361.2,1362.3,341668,0
2025-12-16 13:45:00+05:30,1362.3,1365.2,1362.1,1365.1,319407,0
2025-12-16 13:50:00+05:30,1365.1,1365.4,1364.4,1365.1,92191,0
2025-12-16 13:55:00+05:30,1365.1,1365.4,1363.1,1364.7,307740,0
2025-12-16 14:00:00+05:30,1364.7,1364.8,1363.2,1364.0,98030,0
2025-12-16 14:05:00+05:30,1364.0,1365.6,1362.3,1363.0,358987,0
2025-12-16 14:10:00+05:30,1363.0,1363.6,1361.5,1362.2,100030,0
2025-12-16 14:15:00+05:30,1362.2,1362.6,1361.1,1361.2,74934,0
2025-12-16 14:20:00+05:30,1361.2,1363.1,1360.1,1362.6,339757,0
2025-12-16 14:25:00+05:30,1362.5,1363.5,1360.1,1363.1,380873,0
2025-12-16 14:30:00+05:30,1363.1,1363.8,1361.6,1361.7,178164,0
2025-12-16 14:35:00+05:30,1362.1,1363.1,1361.6,1362.2,106387,0
2025-12-16 14:40:00+05:30,1362.2,1363.5,1361.7,1363.1,70482,0
2025-12-16 14:45:00+05:30,1363.1,1366.3,1362.5,1364.1,551411,0
2025-12-16 14:50:00+05:30,1364.2,1366.5,1362.9,1365.4,652015,0
2025-12-16 14:55:00+05:30,1365.3,1367.8,1363.3,1366.3,475989,0
2025-12-16 15:00:00+05:30,1366.5,1368.1,1364.3,1366.8,518824,0
2025-12-16 15:05:00+05:30,1366.8,1368.7,1364.6,1365.2,829614,0
2025-12-16 15:10:00+05:30,1365.3,1366.7,1364.3,1364.5,347964,0
2025-12-16 15:15:00+05:30,1364.5,1365.2,1363.8,1364.2,176118,0
2025-12-16 15:20:00+05:30,1364.2,1366.7,1363.4,1365.6,308933,0
2025-12-16 15:25:00+05:30,1365.6,1367.0,1365.0,1366.6,122929,0
2025-12-17 09:15:00+05:30,1365.0,1365.0,1351.4,1351.8,489764,0
2025-12-17 09:20:00+05:30,1351.8,1355.7,1351.1,1355.1,151690,0
2025-12-17 09:25:00+05:30,1355.3,1355.3,1351.8,1352.3,56381,0
2025-12-17 09:30:00+05:30,1352.3,1354.5,1352.0,1354.1,49945,0
2025-12-17 09:35:00+05:30,1354.2,1354.5,1351.0,1351.2,78178,0
2025-12-17 09:40:00+05:30,1351.2,1351.7,1348.6,1349.0,177274,0
2025-12-17 09:45:00+05:30,1349.0,1350.0,1346.0,1346.5,165004,0
2025-12-17 09:50:00+05:30,1346.8,1347.5,1346.0,1346.2,101489,0
2025-12-17 09:55:00+05:30,1346.2,1348.4,1345.4,1347.0,106257,0
2025-12-17 10:00:00+05:30,1347.0,1347.6,1346.8,1347.2,92451,0
2025-12-17 10:05:00+05:30,1347.3,1347.3,1347.0,1347.1,107825,0
2025-12-17 10:10:00+05:30,1347.1,1347.5,1346.7,1347.0,166137,0
2025-12-17 10:15:00+05:30,1347.1,1347.2,1345.5,1346.5,137418,0
2025-12-17 10:20:00+05:30,1346.5,1346.7,1345.1,1345.3,74439,0
2025-12-17 10:25:00+05:30,1345.3,1345.7,1344.0,1344.0,113697,0
2025-12-17 10:30:00+05:30,1344.1,1344.9,1343.1,1344.1,106434,0
2025-12-17 10:35:00+05:30,1344.3,1345.0,1343.8,1344.5,55636,0
2025-12-17 10:40:00+05:30,1344.6,1345.1,1344.3,1344.9,62688,0
2025-12-17 10:45:00+05:30,1345.0,1347.7,1344.5,1347.0,181338,0
2025-12-17 10:50:00+05:30,1347.0,1348.0,1346.6,1347.4,284987,0
2025-12-17 10:55:00+05:30,1347.4,1349.6,1346.1,1349.3,138108,0
2025-12-17 11:00:00+05:30,1349.2,1349.5,1347.0,1347.1,125629,0
2025-12-17 11:05:00+05:30,1347.2,1348.0,1346.5,1347.5,61465,0
2025-12-17 11:10:00+05:30,1347.6,1348.8,1347.3,1347.8,56014,0
2025-12-17 11:15:00+05:30,1348.0,1350.5,1347.8,1349.2,133067,0
2025-12-17 11:20:00+05:30,1349.2,1349.8,1348.1,1348.2,58085,0
2025-12-17 11:25:00+05:30,1348.4,1348.8,1347.9,1348.0,52478,0
2025-12-17 11:30:00+05:30,1348.2,1349.0,1347.4,1348.2,118841,0
2025-12-17 11:35:00+05:30,1348.2,1348.7,1347.7,1347.7,88442,0
2025-12-17 11:40:00+05:30,1347.9,1349.6,1347.6,1349.2,71404,0
2025-12-17 11:45:00+05:30,1349.3,1352.0,1349.0,1351.4,220229,0
2025-12-17 11:50:00+05:30,1351.4,1353.2,1348.8,1349.2,285160,0
2025-12-17 11:55:00+05:30,1349.3,1350.6,1349.0,1350.1,141228,0
2025-12-17 12:00:00+05:30,1350.3,1350.7,1348.5,1350.4,92934,0
2025-12-17 12:05:00+05:30,1350.6,1352.9,1350.0,1350.3,288716,0
2025-12-17 12:10:00+05:30,1350.3,1351.5,1349.7,1350.1,108657,0
2025-12-17 12:15:00+05:30,1350.2,1351.0,1349.6,1350.9,80961,0
2025-12-17 12:20:00+05:30,1351.0,1351.0,1350.0,1350.4,70418,0
2025-12-17 12:25:00+05:30,1350.9,1351.4,1349.8,1349.8,72022,0
2025-12-17 12:30:00+05:30,1349.9,1350.1,1349.6,1349.7,52304,0
2025-12-17 12:35:00+05:30,1349.9,1349.9,1348.3,1348.3,88390,0
2025-12-17 12:40:00+05:30,1348.4,1350.0,1348.3,1350.0,70914,0
2025-12-17 12:45:00+05:30,1350.0,1351.2,1349.6,1350.5,70299,0
2025-12-17 12:50:00+05:30,1350.6,1351.9,1349.9,1350.0,133367,0
2025-12-17 12:55:00+05:30,1350.0,1351.0,1349.2,1350.1,120854,0
2025-12-17 13:00:00+05:30,1350.2,1351.7,1349.9,1350.7,63935,0
2025-12-17 13:05:00+05:30,1350.7,1351.8,1350.6,1350.9,53843,0
2025-12-17 13:10:00+05:30,1351.1,1352.1,1350.4,1350.7,72106,0
2025-12-17 13:15:00+05:30,1350.8,1352.0,1350.3,1351.3,70012,0
2025-12-17 13:20:00+05:30,1351.5,1352.2,1350.5,1351.6,61782,0
2025-12-17 13:25:00+05:30,1351.6,1353.0,1350.7,1350.7,164797,0
2025-12-17 13:30:00+05:30,1350.8,1351.6,1349.5,1349.6,157826,0
2025-12-17 13:35:00+05:30,1349.6,1349.7,1348.4,1348.5,81517,0
2025-12-17 13:40:00+05:30,1348.6,1349.2,1348.1,1348.6,56111,0
2025-12-17 13:45:00+05:30,1348.8,1349.7,1348.6,1349.0,59148,0
2025-12-17 13:50:00+05:30,1349.2,1349.4,1349.0,1349.2,43537,0
2025-12-17 13:55:00+05:30,1349.3,1350.0,1348.6,1349.8,76484,0
2025-12-17 14:00:00+05:30,1349.9,1350.0,1349.5,1349.8,47334,0
2025-12-17 14:05:00+05:30,1349.9,1350.0,1349.2,1349.3,63859,0
2025-12-17 14:10:00+05:30,1349.4,1350.0,1349.0,1350.0,91015,0
2025-12-17 14:15:00+05:30,1350.0,1352.3,1349.6,1352.2,221701,0
2025-12-17 14:20:00+05:30,1352.3,1352.5,1349.8,1350.0,144431,0
2025-12-17 14:25:00+05:30,1350.0,1351.2,1349.7,1350.5,74441,0
2025-12-17 14:30:00+05:30,1350.7,1354.1,1350.5,1353.3,148745,0
2025-12-17 14:35:00+05:30,1353.8,1354.6,1351.4,1352.2,376799,0
2025-12-17 14:40:00+05:30,1352.2,1353.0,1351.8,1352.7,116864,0
2025-12-17 14:45:00+05:30,1352.8,1353.2,1351.9,1352.4,73093,0
2025-12-17 14:50:00+05:30,1352.7,1353.9,1352.2,1352.2,95755,0
2025-12-17 14:55:00+05:30,1352.5,1352.7,1352.3,1352.7,51954,0
2025-12-17 15:00:00+05:30,1352.7,1352.9,1351.8,1351.9,176808,0
2025-12-17 15:05:00+05:30,1352.0,1352.3,1351.9,1352.2,232042,0
2025-12-17 15:10:00+05:30,1352.3,1352.3,1351.7,1351.8,191637,0
2025-12-17 15:15:00+05:30,1351.9,1351.9,1351.2,1351.3,223223,0
2025-12-17 15:20:00+05:30,1351.3,1354.6,1351.2,1354.2,413089,0
2025-12-17 15:25:00+05:30,1354.0,1354.9,1353.0,1353.5,176708,0
2025-12-18 09:15:00+05:30,1346.3,1350.6,1345.5,1348.6,366658,0
2025-12-18 09:20:00+05:30,1348.6,1351.6,1348.6,1351.4,76232,0
2025-12-18 09:25:00+05:30,1351.4,1351.9,1348.4,1349.1,59300,0
2025-12-18 09:30:00+05:30,1349.0,1350.8,1348.7,1349.5,49765,0
2025-12-18 09:35:00+05:30,1349.4,1351.9,1348.8,1351.0,37258,0
2025-12-18 09:40:00+05:30,1351.0,1351.2,1349.2,1350.0,36850,0
2025-12-18 09:45:00+05:30,1350.0,1350.0,1348.5,1349.7,40925,0
2025-12-18 09:50:00+05:30,1349.7,1351.8,1349.1,1351.5,52961,0
2025-12-18 09:55:00+05:30,1351.3,1353.5,1351.3,1352.9,47275,0
2025-12-18 10:00:00+05:30,1352.9,1354.5,1352.0,1354.3,55607,0
2025-12-18 10:05:00+05:30,1354.2,1356.8,1354.2,1356.7,60634,0
2025-12-18 10:10:00+05:30,1356.6,1359.2,1355.6,1359.1,115562,0
2025-12-18 10:15:00+05:30,1359.1,1360.8,1358.1,1359.4,104094,0
2025-12-18 10:20:00+05:30,1359.4,1359.9,1358.1,1359.1,97807,0
2025-12-18 10:25:00+05:30,1359.1,1359.2,1358.9,1359.2,60471,0
2025-12-18 10:30:00+05:30,1359.1,1361.8,1359.0,1361.4,58812,0
2025-12-18 10:35:00+05:30,1361.3,1362.9,1360.5,1362.2,123194,0
2025-12-18 10:40:00+05:30,1362.2,1362.8,1361.5,1361.8,68599,0
2025-12-18 10:45:00+05:30,1361.6,1362.6,1361.6,1362.3,28459,0
2025-12-18 10:50:00+05:30,1362.2,1364.0,1362.0,1363.4,50376,0
2025-12-18 10:55:00+05:30,1363.4,1365.5,1363.1,1363.5,148559,0
2025-12-18 11:00:00+05:30,1363.5,1364.2,1363.0,1364.1,59098,0
2025-12-18 11:05:00+05:30,1364.0,1366.5,1364.0,1365.5,96990,0
2025-12-18 11:10:00+05:30,1365.4,1366.0,1365.0,1365.6,41495,0
2025-12-18 11:15:00+05:30,1365.6,1365.6,1363.2,1363.8,96168,0
2025-12-18 11:20:00+05:30,1363.6,1366.0,1363.6,1365.9,38243,0
2025-12-18 11:25:00+05:30,1365.9,1366.8,1365.3,1366.7,39819,0
2025-12-18 11:30:00+05:30,1366.6,1366.9,1365.5,1365.6,23393,0
2025-12-18 11:35:00+05:30,1365.6,1365.6,1364.4,1365.1,44620,0
2025-12-18 11:40:00+05:30,1365.1,1365.2,1363.6,1363.8,112819,0
2025-12-18 11:45:00+05:30,1363.8,1364.8,1362.9,1364.1,56107,0
2025-12-18 11:50:00+05:30,1364.1,1364.5,1363.3,1364.1,98760,0
2025-12-18 11:55:00+05:30,1364.1,1365.2,1363.2,1363.5,97050,0
2025-12-18 12:00:00+05:30,1363.5,1365.1,1362.3,1363.4,278740,0
2025-12-18 12:05:00+05:30,1363.4,1364.8,1362.1,1364.4,224185,0
2025-12-18 12:10:00+05:30,1364.4,1364.9,1363.2,1364.7,101284,0
2025-12-18 12:15:00+05:30,1364.7,1365.5,1363.9,1364.2,35478,0
2025-12-18 12:20:00+05:30,1364.1,1364.2,1363.1,1363.8,53827,0
2025-12-18 12:25:00+05:30,1363.8,1366.9,1363.0,1366.9,267010,0
2025-12-18 12:30:00+05:30,1366.9,1368.0,1366.3,1367.9,162399,0
2025-12-18 12:35:00+05:30,1367.9,1369.5,1367.3,1368.5,94835,0
2025-12-18 12:40:00+05:30,1368.4,1369.1,1368.2,1368.3,30055,0
2025-12-18 12:45:00+05:30,1368.3,1368.4,1366.2,1366.6,131049,0
2025-12-18 12:50:00+05:30,1366.6,1366.7,1365.0,1365.1,37707,0
2025-12-18 12:55:00+05:30,1365.1,1365.2,1363.8,1364.4,96459,0
2025-12-18 13:00:00+05:30,1364.3,1364.7,1362.5,1362.9,53109,0
2025-12-18 13:05:00+05:30,1362.9,1363.1,1362.3,1362.6,37480,0
2025-12-18 13:10:00+05:30,1362.5,1362.7,1361.6,1362.3,64671,0
2025-12-18 13:15:00+05:30,1362.3,1362.3,1360.4,1360.6,45207,0
2025-12-18 13:20:00+05:30,1360.5,1361.3,1360.0,1361.3,83344,0
2025-12-18 13:25:00+05:30,1361.3,1362.3,1360.5,1362.3,92982,0
2025-12-18 13:30:00+05:30,1362.2,1362.7,1361.3,1362.1,43262,0
2025-12-18 13:35:00+05:30,1362.0,1363.4,1361.3,1362.7,82452,0
2025-12-18 13:40:00+05:30,1362.7,1362.7,1361.3,1361.8,62343,0
2025-12-18 13:45:00+05:30,1361.8,1362.0,1360.5,1361.7,110876,0
2025-12-18 13:50:00+05:30,1361.7,1363.2,1361.4,1362.5,137236,0
2025-12-18 13:55:00+05:30,1362.5,1362.8,1361.3,1362.2,64538,0
2025-12-18 14:00:00+05:30,1362.2,1362.3,1361.3,1361.6,29034,0
2025-12-18 14:05:00+05:30,1361.6,1361.8,1360.3,1360.8,47084,0
2025-12-18 14:10:00+05:30,1360.7,1360.7,1360.0,1360.5,24956,0
2025-12-18 14:15:00+05:30,1360.5,1361.3,1360.0,1361.2,52044,0
2025-12-18 14:20:00+05:30,1361.1,1361.9,1358.6,1358.9,206057,0
2025-12-18 14:25:00+05:30,1358.9,1359.7,1358.7,1359.4,37293,0
2025-12-18 14:30:00+05:30,1359.6,1360.4,1358.7,1359.1,270820,0
2025-12-18 14:35:00+05:30,1359.1,1359.5,1358.2,1359.0,46720,0
2025-12-18 14:40:00+05:30,1359.0,1359.4,1358.3,1359.1,69022,0
2025-12-18 14:45:00+05:30,1359.2,1359.4,1358.5,1358.8,43464,0
2025-12-18 14:50:00+05:30,1358.7,1359.9,1357.9,1359.9,255475,0
2025-12-18 14:55:00+05:30,1359.9,1360.1,1357.3,1358.1,163210,0
2025-12-18 15:00:00+05:30,1358.1,1358.7,1356.4,1357.4,170305,0
2025-12-18 15:05:00+05:30,1357.4,1358.5,1355.6,1356.3,306810,0
2025-12-18 15:10:00+05:30,1356.3,1358.3,1356.2,1357.4,215253,0
2025-12-18 15:15:00+05:30,1357.1,1358.0,1356.0,1356.3,145691,0
2025-12-18 15:20:00+05:30,1356.3,1356.9,1356.0,1356.3,134934,0
2025-12-18 15:25:00+05:30,1356.4,1357.9,1356.0,1357.0,161788,0
2025-12-19 09:15:00+05:30,1354.0,1360.4,1352.2,1357.4,563978,0
2025-12-19 09:20:00+05:30,1357.4,1358.6,1355.5,1356.9,131629,0
2025-12-19 09:25:00+05:30,1356.9,1358.0,1356.1,1357.7,97970,0
2025-12-19 09:30:00+05:30,1357.6,1358.4,1356.7,1357.2,87279,0
2025-12-19 09:35:00+05:30,1357.3,1358.4,1356.6,1357.9,87035,0
2025-12-19 09:40:00+05:30,1358.0,1359.7,1356.9,1357.3,410995,0
2025-12-19 09:45:00+05:30,1357.0,1357.4,1354.3,1356.4,58086,0
2025-12-19 09:50:00+05:30,1356.5,1357.0,1355.6,1356.3,57018,0
2025-12-19 09:55:00+05:30,1356.7,1357.4,1356.2,1356.8,239738,0
2025-12-19 10:00:00+05:30,1356.9,1357.4,1356.1,1356.2,54313,0
2025-12-19 10:05:00+05:30,1356.2,1356.5,1354.1,1355.6,52354,0
2025-12-19 10:10:00+05:30,1355.6,1356.2,1355.1,1355.4,32331,0
2025-12-19 10:15:00+05:30,1355.7,1355.7,1354.2,1355.1,35264,0
2025-12-19 10:20:00+05:30,1355.1,1355.8,1354.4,1354.7,27238,0
2025-12-19 10:25:00+05:30,1354.7,1355.6,1354.4,1355.5,36302,0
2025-12-19 10:30:00+05:30,1355.5,1356.8,1355.3,1356.6,46464,0
2025-12-19 10:35:00+05:30,1356.6,1356.8,1356.2,1356.7,31355,0
2025-12-19 10:40:00+05:30,1356.7,1356.9,1356.0,1356.8,50334,0
2025-12-19 10:45:00+05:30,1356.8,1356.8,1355.8,1356.1,32884,0
2025-12-19 10:50:00+05:30,1356.1,1356.7,1356.0,1356.7,38170,0
2025-12-19 10:55:00+05:30,1356.7,1356.7,1355.5,1355.9,33722,0
2025-12-19 11:00:00+05:30,1355.9,1356.5,1355.2,1355.5,29999,0
2025-12-19 11:05:00+05:30,1355.5,1355.9,1355.3,1355.8,26178,0
2025-12-19 11:10:00+05:30,1355.9,1356.0,1355.2,1355.9,24466,0
2025-12-19 11:15:00+05:30,1356.0,1356.0,1355.0,1355.2,36841,0
2025-12-19 11:20:00+05:30,1355.1,1355.2,1354.5,1354.9,38383,0
2025-12-19 11:25:00+05:30,1355.0,1355.1,1354.1,1354.5,39404,0
2025-12-19 11:30:00+05:30,1354.2,1354.9,1351.8,1353.7,108475,0
2025-12-19 11:35:00+05:30,1353.7,1354.6,1353.3,1354.5,35578,0
2025-12-19 11:40:00+05:30,1354.3,1354.5,1352.0,1352.6,38692,0
2025-12-19 11:45:00+05:30,1352.6,1352.7,1350.8,1351.9,114608,0
2025-12-19 11:50:00+05:30,1351.8,1352.7,1351.5,1351.5,55925,0
2025-12-19 11:55:00+05:30,1351.6,1352.7,1350.8,1352.6,250878,0
2025-12-19 12:00:00+05:30,1352.6,1356.0,1352.5,1355.0,314382,0
2025-12-19 12:05:00+05:30,1355.0,1356.9,1355.0,1355.9,97775,0
2025-12-19 12:10:00+05:30,1355.8,1356.8,1355.3,1356.7,85581,0
2025-12-19 12:15:00+05:30,1356.6,1357.1,1356.2,1357.1,63851,0
2025-12-19 12:20:00+05:30,1357.0,1357.1,1355.6,1356.1,45748,0
2025-12-19 12:25:00+05:30,1356.0,1356.5,1354.9,1355.7,42526,0
2025-12-19 12:30:00+05:30,1355.7,1356.0,1355.4,1355.8,29710,0
2025-12-19 12:35:00+05:30,1355.8,1356.1,1355.6,1356.1,32273,0
2025-12-19 12:40:00+05:30,1356.0,1356.4,1355.6,1356.2,102608,0
2025-12-19 12:45:00+05:30,1356.2,1356.3,1355.0,1355.7,44940,0
2025-12-19 12:50:00+05:30,1355.7,1356.6,1355.3,1356.5,33019,0
2025-12-19 12:55:00+05:30,1356.6,1356.7,1355.8,1356.2,31382,0
2025-12-19 13:00:00+05:30,1356.2,1356.5,1355.9,1356.0,43040,0
2025-12-19 13:05:00+05:30,1356.0,1356.4,1354.8,1355.2,86771,0
2025-12-19 13:10:00+05:30,1355.2,1355.4,1353.1,1353.3,132903,0
2025-12-19 13:15:00+05:30,1353.3,1354.2,1351.7,1354.1,198200,0
2025-12-19 13:20:00+05:30,1354.1,1354.7,1351.9,1353.5,2626248,0
2025-12-19 13:25:00+05:30,1353.5,1354.2,1352.1,1353.0,131429,0
2025-12-19 13:30:00+05:30,1353.0,1354.9,1353.0,1354.3,156945,0
2025-12-19 13:35:00+05:30,1354.3,1355.6,1354.0,1354.6,77766,0
2025-12-19 13:40:00+05:30,1354.5,1355.0,1353.5,1354.3,64503,0
2025-12-19 13:45:00+05:30,1354.2,1355.7,1353.8,1355.4,35489,0
2025-12-19 13:50:00+05:30,1355.5,1356.1,1355.0,1355.1,70901,0
2025-12-19 13:55:00+05:30,1355.1,1355.5,1354.5,1355.3,26711,0
2025-12-19 14:00:00+05:30,1354.8,1355.7,1354.7,1354.8,28819,0
2025-12-19 14:05:00+05:30,1354.8,1355.5,1354.0,1354.7,49493,0
2025-12-19 14:10:00+05:30,1354.4,1355.3,1354.2,1354.4,49053,0
2025-12-19 14:15:00+05:30,1354.4,1355.0,1354.3,1354.9,24827,0
2025-12-19 14:20:00+05:30,1354.9,1356.2,1354.9,1356.0,31498,0
2025-12-19 14:25:00+05:30,1356.1,1356.5,1354.8,1354.9,58002,0
2025-12-19 14:30:00+05:30,1354.9,1355.9,1354.9,1355.3,42237,0
2025-12-19 14:35:00+05:30,1355.3,1355.9,1355.2,1355.7,40358,0
2025-12-19 14:40:00+05:30,1355.7,1355.9,1355.5,1355.8,41102,0
2025-12-19 14:45:00+05:30,1355.7,1355.9,1355.5,1355.7,65242,0
2025-12-19 14:50:00+05:30,1355.6,1355.8,1354.7,1354.7,57122,0
2025-12-19 14:55:00+05:30,1354.7,1355.4,1354.6,1354.7,47492,0
2025-12-19 15:00:00+05:30,1354.8,1355.2,1353.4,1354.4,3207912,0
2025-12-19 15:05:00+05:30,1354.4,1355.7,1353.9,1354.4,665505,0
2025-12-19 15:10:00+05:30,1354.3,1354.7,1353.3,1354.1,669731,0
2025-12-19 15:15:00+05:30,1354.2,1354.4,1353.9,1354.3,574194,0
2025-12-19 15:20:00+05:30,1354.3,1354.4,1354.0,1354.1,598990,0
2025-12-19 15:25:00+05:30,1354.1,1355.0,1354.0,1354.3,487786,0
2025-12-22 09:15:00+05:30,1358.0,1360.4,1354.8,1358.7,799226,0
2025-12-22 09:20:00+05:30,1358.7,1362.2,1358.6,1361.8,121561,0
2025-12-22 09:25:00+05:30,1362.0,1363.0,1361.2,1361.6,75465,0
2025-12-22 09:30:00+05:30,1361.7,1362.0,1359.6,1360.6,57326,0
2025-12-22 09:35:00+05:30,1360.5,1361.0,1358.1,1359.0,73680,0
2025-12-22 09:40:00+05:30,1358.7,1359.1,1358.4,1358.9,20621,0
2025-12-22 09:45:00+05:30,1359.0,1360.2,1357.6,1358.2,91347,0
2025-12-22 09:50:00+05:30,1358.5,1360.8,1358.2,1360.6,43916,0
2025-12-22 09:55:00+05:30,1360.5,1362.7,1360.2,1362.4,121411,0
2025-12-22 10:00:00+05:30,1362.1,1365.3,1362.0,1364.5,401684,0
2025-12-22 10:05:00+05:30,1364.1,1364.5,1363.9,1364.0,144559,0
2025-12-22 10:10:00+05:30,1364.1,1364.1,1363.5,1364.1,129046,0
2025-12-22 10:15:00+05:30,1364.0,1364.1,1361.9,1363.2,142057,0
2025-12-22 10:20:00+05:30,1363.2,1363.5,1361.6,1362.5,43207,0
2025-12-22 10:25:00+05:30,1362.5,1362.6,1361.1,1362.2,61327,0
2025-12-22 10:30:00+05:30,1362.1,1362.4,1360.3,1361.6,56313,0
2025-12-22 10:35:00+05:30,1361.5,1361.7,1360.1,1360.3,49594,0
2025-12-22 10:40:00+05:30,1360.3,1361.1,1359.7,1360.9,42099,0
2025-12-22 10:45:00+05:30,1360.5,1362.2,1360.5,1362.1,43977,0
2025-12-22 10:50:00+05:30,1361.7,1362.9,1361.5,1362.6,49067,0
2025-12-22 10:55:00+05:30,1362.9,1363.5,1362.1,1363.3,35454,0
2025-12-22 11:00:00+05:30,1363.0,1365.1,1363.0,1364.1,557676,0
2025-12-22 11:05:00+05:30,1364.1,1365.1,1363.0,1363.3,267874,0
2025-12-22 11:10:00+05:30,1363.2,1364.4,1362.6,1363.7,150291,0
2025-12-22 11:15:00+05:30,1363.5,1363.9,1363.1,1363.8,42769,0
2025-12-22 11:20:00+05:30,1363.8,1364.5,1363.2,1364.3,49944,0
2025-12-22 11:25:00+05:30,1364.2,1364.8,1364.0,1364.8,67785,0
2025-12-22 11:30:00+05:30,1364.2,1364.9,1362.7,1363.8,176032,0
2025-12-22 11:35:00+05:30,1363.6,1364.2,1363.2,1364.0,46153,0
2025-12-22 11:40:00+05:30,1364.0,1364.2,1363.1,1364.0,101951,0
2025-12-22 11:45:00+05:30,1363.8,1364.9,1363.2,1364.9,144651,0
2025-12-22 11:50:00+05:30,1364.9,1365.7,1364.5,1365.2,41162,0
2025-12-22 11:55:00+05:30,1365.1,1365.9,1364.7,1365.8,55127,0
2025-12-22 12:00:00+05:30,1365.8,1367.4,1365.4,1366.9,67986,0
2025-12-22 12:05:00+05:30,1366.9,1367.7,1366.5,1367.2,33290,0
2025-12-22 12:10:00+05:30,1367.3,1368.7,1366.9,1368.2,139392,0
2025-12-22 12:15:00+05:30,1368.3,1369.0,1368.0,1368.9,87246,0
2025-12-22 12:20:00+05:30,1368.9,1369.2,1368.5,1369.1,208499,0
2025-12-22 12:25:00+05:30,1369.0,1370.2,1368.5,1369.5,104353,0
2025-12-22 12:30:00+05:30,1369.5,1369.7,1368.2,1368.2,28302,0
2025-12-22 12:35:00+05:30,1368.2,1369.0,1368.0,1368.1,34746,0
2025-12-22 12:40:00+05:30,1368.0,1368.4,1365.2,1365.5,174527,0
2025-12-22 12:45:00+05:30,1365.3,1366.1,1364.6,1366.0,173367,0
2025-12-22 12:50:00+05:30,1366.0,1369.0,1365.6,1368.8,239523,0
2025-12-22 12:55:00+05:30,1368.8,1369.1,1367.2,1368.7,157674,0
2025-12-22 13:00:00+05:30,1368.7,1369.3,1368.1,1368.8,43898,0
2025-12-22 13:05:00+05:30,1368.8,1369.8,1368.7,1369.8,66798,0
2025-12-22 13:10:00+05:30,1369.7,1369.8,1368.8,1369.5,25949,0
2025-12-22 13:15:00+05:30,1369.0,1369.7,1368.7,1369.5,63588,0
2025-12-22 13:20:00+05:30,1369.5,1370.0,1369.1,1369.9,33014,0
2025-12-22 13:25:00+05:30,1369.9,1370.0,1369.3,1369.6,26979,0
2025-12-22 13:30:00+05:30,1369.5,1370.5,1369.3,1370.4,58588,0
2025-12-22 13:35:00+05:30,1370.5,1370.6,1368.9,1369.2,55443,0
2025-12-22 13:40:00+05:30,1369.3,1370.0,1369.1,1369.4,30585,0
2025-12-22 13:45:00+05:30,1369.6,1370.4,1368.7,1370.1,213442,0
2025-12-22 13:50:00+05:30,1370.1,1370.5,1370.0,1370.0,110875,0
2025-12-22 13:55:00+05:30,1370.0,1370.5,1370.0,1370.4,34657,0
2025-12-22 14:00:00+05:30,1370.4,1371.3,1370.3,1370.7,43270,0
2025-12-22 14:05:00+05:30,1370.7,1370.8,1368.7,1369.0,140759,0
2025-12-22 14:10:00+05:30,1369.0,1369.5,1368.1,1368.7,213467,0
2025-12-22 14:15:00+05:30,1368.7,1369.4,1366.7,1366.8,135306,0
2025-12-22 14:20:00+05:30,1366.8,1369.4,1366.6,1369.2,145591,0
2025-12-22 14:25:00+05:30,1369.2,1369.7,1368.5,1369.3,215061,0
2025-12-22 14:30:00+05:30,1369.3,1369.6,1368.8,1369.4,139581,0
2025-12-22 14:35:00+05:30,1369.4,1370.0,1368.6,1369.0,391754,0
2025-12-22 14:40:00+05:30,1369.0,1369.6,1368.2,1369.1,50336,0
2025-12-22 14:45:00+05:30,1369.1,1370.0,1368.5,1369.0,74506,0
2025-12-22 14:50:00+05:30,1368.9,1370.2,1368.1,1369.2,338269,0
2025-12-22 14:55:00+05:30,1369.2,1369.2,1368.2,1369.0,57798,0
2025-12-22 15:00:00+05:30,1369.0,1369.1,1368.0,1368.4,142513,0
2025-12-22 15:05:00+05:30,1368.5,1369.1,1368.2,1368.7,164343,0
2025-12-22 15:10:00+05:30,1368.7,1369.2,1368.4,1368.9,150287,0
2025-12-22 15:15:00+05:30,1369.0,1369.0,1368.1,1368.8,156792,0
2025-12-22 15:20:00+05:30,1368.6,1368.8,1368.0,1368.3,158000,0
2025-12-22 15:25:00+05:30,1368.4,1368.9,1366.8,1367.5,140125,0
2025-12-23 09:15:00+05:30,1361.1,1365.0,1361.1,1364.7,244348,0
2025-12-23 09:20:00+05:30,1364.4,1364.7,1362.1,1362.9,113829,0
2025-12-23 09:25:00+05:30,1362.6,1363.2,1361.7,1362.0,97872,0
2025-12-23 09:30:00+05:30,1362.1,1362.2,1361.1,1361.6,67118,0
2025-12-23 09:35:00+05:30,1361.6,1362.0,1361.0,1361.6,51518,0
2025-12-23 09:40:00+05:30,1361.1,1361.6,1360.0,1360.4,47000,0
2025-12-23 09:45:00+05:30,1360.4,1361.5,1360.1,1360.7,72894,0
2025-12-23 09:50:00+05:30,1361.0,1361.3,1360.4,1360.9,40648,0
2025-12-23 09:55:00+05:30,1360.9,1361.4,1360.8,1361.0,39384,0
2025-12-23 10:00:00+05:30,1360.9,1362.0,1360.9,1360.9,41909,0
2025-12-23 10:05:00+05:30,1361.0,1361.2,1360.5,1360.9,50406,0
2025-12-23 10:10:00+05:30,1360.9,1361.0,1360.4,1360.5,52516,0
2025-12-23 10:15:00+05:30,1360.4,1360.7,1359.0,1359.6,55399,0
2025-12-23 10:20:00+05:30,1359.6,1359.9,1358.5,1359.3,44545,0
2025-12-23 10:25:00+05:30,1359.3,1360.2,1359.1,1360.2,42856,0
2025-12-23 10:30:00+05:30,1360.1,1360.6,1360.0,1360.3,36131,0
2025-12-23 10:35:00+05:30,1360.4,1360.6,1359.3,1360.1,71299,0
2025-12-23 10:40:00+05:30,1360.2,1361.1,1359.4,1361.0,33276,0
2025-12-23 10:45:00+05:30,1361.1,1361.1,1360.1,1360.1,45461,0
2025-12-23 10:50:00+05:30,1360.1,1360.7,1360.1,1360.5,17474,0
2025-12-23 10:55:00+05:30,1360.7,1360.8,1359.6,1359.9,54932,0
2025-12-23 11:00:00+05:30,1359.9,1360.6,1359.0,1359.7,51378,0
2025-12-23 11:05:00+05:30,1359.7,1360.9,1359.6,1360.5,27680,0
2025-12-23 11:10:00+05:30,1360.5,1361.1,1360.3,1360.3,46075,0
2025-12-23 11:15:00+05:30,1360.4,1360.8,1360.2,1360.6,23638,0
2025-12-23 11:20:00+05:30,1360.3,1361.3,1360.3,1361.2,50921,0
2025-12-23 11:25:00+05:30,1361.0,1361.4,1360.5,1361.1,48156,0
2025-12-23 11:30:00+05:30,1360.9,1360.9,1359.9,1359.9,43679,0
2025-12-23 11:35:00+05:30,1360.0,1360.1,1359.6,1359.8,28091,0
2025-12-23 11:40:00+05:30,1359.8,1360.3,1359.6,1360.1,34840,0
2025-12-23 11:45:00+05:30,1359.9,1360.5,1359.6,1360.1,170044,0
2025-12-23 11:50:00+05:30,1359.9,1361.0,1359.5,1360.0,102590,0
2025-12-23 11:55:00+05:30,1359.9,1360.8,1359.9,1360.6,44737,0
2025-12-23 12:00:00+05:30,1360.6,1361.6,1360.5,1361.6,48503,0
2025-12-23 12:05:00+05:30,1361.4,1362.2,1361.0,1361.4,92451,0
2025-12-23 12:10:00+05:30,1361.4,1361.8,1360.6,1360.7,66842,0
2025-12-23 12:15:00+05:30,1361.1,1361.4,1360.5,1361.2,131042,0
2025-12-23 12:20:00+05:30,1361.2,1361.5,1360.6,1360.7,67162,0
2025-12-23 12:25:00+05:30,1361.0,1362.0,1359.9,1360.4,88461,0
2025-12-23 12:30:00+05:30,1360.2,1361.3,1358.2,1358.4,351018,0
2025-12-23 12:35:00+05:30,1358.4,1358.8,1357.0,1357.5,201899,0
2025-12-23 12:40:00+05:30,1357.7,1358.5,1357.5,1358.0,101581,0
2025-12-23 12:45:00+05:30,1358.1,1360.6,1358.0,1360.5,228569,0
2025-12-23 12:50:00+05:30,1360.5,1360.7,1359.0,1360.0,211718,0
2025-12-23 12:55:00+05:30,1360.0,1360.6,1359.9,1360.6,87202,0
2025-12-23 13:00:00+05:30,1360.3,1362.3,1360.3,1361.0,71381,0
2025-12-23 13:05:00+05:30,1361.0,1361.5,1360.6,1361.0,32723,0
2025-12-23 13:10:00+05:30,1361.0,1361.4,1360.8,1361.4,31175,0
2025-12-23 13:15:00+05:30,1361.0,1361.5,1360.8,1361.2,46751,0
2025-12-23 13:20:00+05:30,1361.1,1361.6,1361.1,1361.5,22841,0
2025-12-23 13:25:00+05:30,1361.5,1362.2,1361.0,1362.1,44331,0
2025-12-23 13:30:00+05:30,1362.1,1362.8,1361.8,1362.7,57517,0
2025-12-23 13:35:00+05:30,1362.7,1362.9,1362.0,1362.9,46471,0
2025-12-23 13:40:00+05:30,1362.9,1363.3,1361.0,1361.2,114421,0
2025-12-23 13:45:00+05:30,1361.0,1362.4,1361.0,1362.0,66827,0
2025-12-23 13:50:00+05:30,1362.0,1362.0,1360.9,1361.2,88692,0
2025-12-23 13:55:00+05:30,1361.2,1361.6,1360.9,1361.4,62158,0
2025-12-23 14:00:00+05:30,1361.4,1362.0,1360.8,1361.6,75599,0
2025-12-23 14:05:00+05:30,1361.6,1361.7,1359.6,1361.2,148104,0
2025-12-23 14:10:00+05:30,1361.0,1362.2,1360.8,1361.4,161602,0
2025-12-23 14:15:00+05:30,1361.4,1362.9,1361.3,1362.3,320372,0
2025-12-23 14:20:00+05:30,1362.3,1363.0,1360.7,1362.7,252042,0
2025-12-23 14:25:00+05:30,1362.7,1363.5,1361.6,1362.0,215198,0
2025-12-23 14:30:00+05:30,1361.9,1362.9,1361.8,1361.9,47332,0
2025-12-23 14:35:00+05:30,1361.9,1364.2,1361.3,1364.0,458627,0
2025-12-23 14:40:00+05:30,1364.0,1364.5,1362.5,1363.3,401565,0
2025-12-23 14:45:00+05:30,1363.2,1364.7,1363.0,1363.8,142316,0
2025-12-23 14:50:00+05:30,1363.8,1364.8,1362.5,1363.8,287613,0
2025-12-23 14:55:00+05:30,1363.9,1364.6,1363.3,1364.2,72293,0
2025-12-23 15:00:00+05:30,1364.4,1364.7,1361.2,1363.7,463224,0
2025-12-23 15:05:00+05:30,1363.7,1364.2,1361.7,1362.7,725409,0
2025-12-23 15:10:00+05:30,1362.7,1364.2,1361.8,1364.0,267357,0
2025-12-23 15:15:00+05:30,1364.0,1364.3,1362.0,1362.4,371820,0
2025-12-23 15:20:00+05:30,1362.3,1364.0,1362.2,1362.7,188665,0
2025-12-23 15:25:00+05:30,1362.7,1363.3,1361.5,1362.4,150919,0
2025-12-24 09:15:00+05:30,1363.8,1365.7,1359.6,1363.7,276545,0
2025-12-24 09:20:00+05:30,1363.7,1363.8,1362.4,1363.4,38781,0
2025-12-24 09:25:00+05:30,1363.3,1364.6,1363.0,1364.1,30254,0
2025-12-24 09:30:00+05:30,1364.5,1365.7,1362.8,1365.0,253154,0
2025-12-24 09:35:00+05:30,1365.2,1365.2,1363.5,1365.0,559275,0
2025-12-24 09:40:00+05:30,1365.1,1368.1,1364.1,1367.0,204328,0
2025-12-24 09:45:00+05:30,1367.1,1367.2,1366.0,1367.0,227226,0
2025-12-24 09:50:00+05:30,1367.0,1367.2,1365.0,1365.4,81276,0
2025-12-24 09:55:00+05:30,1365.4,1367.3,1364.9,1366.0,60810,0
2025-12-24 10:00:00+05:30,1365.6,1367.2,1365.4,1366.4,55822,0
2025-12-24 10:05:00+05:30,1366.4,1366.7,1365.1,1365.3,50639,0
2025-12-24 10:10:00+05:30,1365.3,1368.2,1364.6,1366.3,158571,0
2025-12-24 10:15:00+05:30,1366.3,1368.1,1366.0,1366.2,201569,0
2025-12-24 10:20:00+05:30,1366.2,1366.6,1365.8,1366.6,32270,0
2025-12-24 10:25:00+05:30,1366.5,1367.0,1366.1,1366.3,33243,0
2025-12-24 10:30:00+05:30,1366.3,1366.7,1365.5,1365.9,37557,0
2025-12-24 10:35:00+05:30,1365.9,1366.0,1365.1,1365.3,24257,0
2025-12-24 10:40:00+05:30,1365.3,1365.6,1363.5,1363.6,51600,0
2025-12-24 10:45:00+05:30,1364.0,1364.4,1363.6,1363.9,22844,0
2025-12-24 10:50:00+05:30,1364.0,1364.9,1363.5,1364.9,23586,0
2025-12-24 10:55:00+05:30,1364.8,1365.3,1364.0,1364.8,26099,0
2025-12-24 11:00:00+05:30,1364.8,1365.3,1364.3,1364.5,22718,0
2025-12-24 11:05:00+05:30,1364.6,1365.0,1364.1,1364.6,24160,0
2025-12-24 11:10:00+05:30,1365.0,1365.2,1364.2,1365.0,27184,0
2025-12-24 11:15:00+05:30,1365.0,1365.1,1364.1,1364.5,28794,0
2025-12-24 11:20:00+05:30,1364.5,1365.1,1364.3,1364.9,30021,0
2025-12-24 11:25:00+05:30,1365.0,1365.1,1364.4,1365.0,28315,0
2025-12-24 11:30:00+05:30,1365.0,1365.0,1364.2,1364.4,31609,0
2025-12-24 11:35:00+05:30,1364.5,1364.8,1361.1,1361.7,132999,0
2025-12-24 11:40:00+05:30,1361.7,1363.8,1361.6,1362.6,27356,0
2025-12-24 11:45:00+05:30,1362.6,1362.6,1361.5,1361.8,29653,0
2025-12-24 11:50:00+05:30,1361.8,1362.5,1361.8,1362.3,12143,0
2025-12-24 11:55:00+05:30,1362.3,1363.1,1362.2,1362.7,20804,0
2025-12-24 12:00:00+05:30,1362.8,1363.0,1362.1,1362.4,16440,0
2025-12-24 12:05:00+05:30,1362.4,1362.8,1362.0,1362.2,20467,0
2025-12-24 12:10:00+05:30,1362.2,1362.6,1361.9,1362.1,17355,0
2025-12-24 12:15:00+05:30,1362.1,1362.5,1361.2,1361.4,90787,0
2025-12-24 12:20:00+05:30,1361.8,1361.8,1360.8,1361.0,33354,0
2025-12-24 12:25:00+05:30,1361.0,1361.0,1360.4,1360.6,32155,0
2025-12-24 12:30:00+05:30,1360.6,1361.7,1360.2,1361.2,92505,0
2025-12-24 12:35:00+05:30,1361.2,1361.6,1360.7,1360.7,35483,0
2025-12-24 12:40:00+05:30,1360.7,1361.0,1360.2,1360.5,100224,0
2025-12-24 12:45:00+05:30,1360.5,1362.1,1360.5,1361.4,39054,0
2025-12-24 12:50:00+05:30,1361.0,1362.0,1360.3,1360.8,74057,0
2025-12-24 12:55:00+05:30,1360.8,1362.7,1360.6,1361.8,63076,0
2025-12-24 13:00:00+05:30,1361.8,1361.9,1360.6,1360.9,86193,0
2025-12-24 13:05:00+05:30,1360.7,1361.0,1360.0,1360.5,115563,0
2025-12-24 13:10:00+05:30,1360.5,1360.9,1360.0,1360.5,84918,0
2025-12-24 13:15:00+05:30,1360.8,1360.8,1359.1,1359.9,145107,0
2025-12-24 13:20:00+05:30,1359.9,1360.8,1359.4,1359.5,62288,0
2025-12-24 13:25:00+05:30,1359.4,1361.2,1358.9,1360.1,138779,0
2025-12-24 13:30:00+05:30,1360.5,1360.7,1359.2,1360.6,43757,0
2025-12-24 13:35:00+05:30,1360.7,1360.7,1359.0,1359.9,90305,0
2025-12-24 13:40:00+05:30,1360.0,1360.7,1359.3,1360.5,35454,0
2025-12-24 13:45:00+05:30,1360.5,1361.9,1360.0,1361.5,70602,0
2025-12-24 13:50:00+05:30,1361.6,1362.5,1361.1,1362.3,75056,0
2025-12-24 13:55:00+05:30,1362.3,1362.5,1361.4,1361.9,66079,0
2025-12-24 14:00:00+05:30,1361.9,1362.8,1361.5,1362.5,141492,0
2025-12-24 14:05:00+05:30,1362.6,1363.1,1361.2,1362.5,432693,0
2025-12-24 14:10:00+05:30,1362.5,1363.0,1361.6,1362.6,207229,0
2025-12-24 14:15:00+05:30,1362.6,1363.0,1361.5,1363.0,138451,0
2025-12-24 14:20:00+05:30,1363.0,1363.0,1362.0,1362.6,53939,0
2025-12-24 14:25:00+05:30,1362.8,1363.0,1361.5,1362.7,256251,0
2025-12-24 14:30:00+05:30,1362.7,1363.8,1361.1,1361.9,354975,0
2025-12-24 14:35:00+05:30,1361.9,1362.9,1360.9,1362.8,174172,0
2025-12-24 14:40:00+05:30,1362.8,1363.3,1361.2,1362.2,155566,0
2025-12-24 14:45:00+05:30,1362.4,1362.8,1361.7,1362.0,32795,0
2025-12-24 14:50:00+05:30,1362.0,1362.0,1359.5,1361.5,251211,0
2025-12-24 14:55:00+05:30,1361.5,1362.0,1361.0,1361.0,245089,0
2025-12-24 15:00:00+05:30,1361.0,1361.4,1358.5,1360.8,395570,0
2025-12-24 15:05:00+05:30,1360.9,1361.7,1358.5,1358.5,497120,0
2025-12-24 15:10:00+05:30,1358.5,1361.5,1358.3,1360.9,579305,0
2025-12-24 15:15:00+05:30,1360.9,1361.2,1358.8,1359.0,229325,0
2025-12-24 15:20:00+05:30,1359.0,1360.0,1357.9,1358.6,196973,0
2025-12-24 15:25:00+05:30,1358.6,1359.2,1357.6,1359.0,118327,0
2025-12-26 09:15:00+05:30,1356.5,1362.0,1356.5,1360.5,76206,0
2025-12-26 09:20:00+05:30,1360.6,1360.7,1356.8,1358.3,44447,0
2025-12-26 09:25:00+05:30,1358.2,1358.8,1356.6,1357.2,51417,0
2025-12-26 09:30:00+05:30,1357.6,1357.6,1355.6,1356.0,49761,0
2025-12-26 09:35:00+05:30,1356.0,1356.4,1354.7,1354.7,38170,0
2025-12-26 09:40:00+05:30,1354.9,1355.3,1353.6,1353.9,38350,0
2025-12-26 09:45:00+05:30,1354.0,1355.3,1353.8,1354.8,34148,0
2025-12-26 09:50:00+05:30,1354.7,1356.7,1354.0,1356.0,53995,0
2025-12-26 09:55:00+05:30,1356.0,1357.4,1355.5,1357.0,79918,0
2025-12-26 10:00:00+05:30,1356.7,1357.0,1355.2,1356.4,14100,0
2025-12-26 10:05:00+05:30,1356.4,1357.2,1356.0,1356.8,27494,0
2025-12-26 10:10:00+05:30,1357.0,1357.7,1356.2,1356.3,9356,0
2025-12-26 10:15:00+05:30,1356.3,1357.0,1356.0,1357.0,15114,0
2025-12-26 10:20:00+05:30,1356.8,1357.0,1356.2,1356.4,19444,0
2025-12-26 10:25:00+05:30,1356.2,1357.2,1356.2,1356.3,12135,0
2025-12-26 10:30:00+05:30,1356.3,1357.0,1356.1,1356.4,19389,0
2025-12-26 10:35:00+05:30,1356.4,1357.0,1355.3,1356.2,41292,0
2025-12-26 10:40:00+05:30,1356.0,1357.1,1355.6,1357.0,52587,0
2025-12-26 10:45:00+05:30,1357.0,1357.0,1356.5,1356.7,11087,0
2025-12-26 10:50:00+05:30,1356.7,1357.0,1356.3,1356.9,12280,0
2025-12-26 10:55:00+05:30,1356.9,1358.3,1356.4,1356.9,42944,0
2025-12-26 11:00:00+05:30,1357.0,1357.6,1356.3,1357.0,11066,0
2025-12-26 11:05:00+05:30,1356.9,1356.9,1355.2,1355.9,10625,0
2025-12-26 11:10:00+05:30,1355.7,1356.3,1355.1,1355.3,8463,0
2025-12-26 11:15:00+05:30,1355.3,1355.5,1355.0,1355.0,13978,0
2025-12-26 11:20:00+05:30,1355.1,1356.0,1354.7,1355.0,21960,0
2025-12-26 11:25:00+05:30,1355.1,1355.9,1355.0,1355.4,8814,0
2025-12-26 11:30:00+05:30,1355.7,1356.4,1354.8,1355.0,24314,0
2025-12-26 11:35:00+05:30,1355.0,1356.4,1354.8,1356.1,22787,0
2025-12-26 11:40:00+05:30,1356.1,1356.3,1355.0,1355.0,22983,0
2025-12-26 11:45:00+05:30,1355.0,1356.3,1355.0,1355.5,19108,0
2025-12-26 11:50:00+05:30,1355.6,1356.3,1355.4,1355.6,14673,0
2025-12-26 11:55:00+05:30,1355.6,1356.0,1355.3,1355.9,14097,0
2025-12-26 12:00:00+05:30,1355.8,1356.0,1354.7,1355.2,19783,0
2025-12-26 12:05:00+05:30,1355.0,1355.8,1354.5,1355.0,27642,0
2025-12-26 12:10:00+05:30,1355.0,1356.2,1354.5,1354.8,66378,0
2025-12-26 12:15:00+05:30,1354.8,1356.0,1354.6,1355.6,48931,0
2025-12-26 12:20:00+05:30,1355.5,1355.6,1354.1,1354.3,30111,0
2025-12-26 12:25:00+05:30,1354.2,1354.7,1354.1,1354.4,16771,0
2025-12-26 12:30:00+05:30,1354.4,1354.6,1353.6,1354.0,38004,0
2025-12-26 12:35:00+05:30,1353.9,1354.5,1353.6,1354.2,21575,0
2025-12-26 12:40:00+05:30,1354.2,1354.6,1353.6,1353.8,20750,0
2025-12-26 12:45:00+05:30,1353.8,1354.0,1353.5,1353.6,18535,0
2025-12-26 12:50:00+05:30,1353.7,1353.9,1353.2,1353.2,19622,0
2025-12-26 12:55:00+05:30,1353.4,1353.6,1353.0,1353.0,22801,0
2025-12-26 13:00:00+05:30,1353.0,1353.7,1353.0,1353.0,19313,0
2025-12-26 13:05:00+05:30,1353.0,1353.5,1353.0,1353.3,26099,0
2025-12-26 13:10:00+05:30,1353.1,1354.8,1353.0,1353.6,29920,0
2025-12-26 13:15:00+05:30,1353.5,1354.0,1352.7,1352.8,72190,0
2025-12-26 13:20:00+05:30,1352.7,1353.0,1352.5,1352.6,27075,0
2025-12-26 13:25:00+05:30,1352.6,1353.2,1352.0,1352.1,64899,0
2025-12-26 13:30:00+05:30,1352.0,1352.7,1351.8,1352.2,50481,0
2025-12-26 13:35:00+05:30,1352.0,1352.1,1351.5,1351.5,34901,0
2025-12-26 13:40:00+05:30,1351.5,1352.1,1351.3,1351.6,55038,0
2025-12-26 13:45:00+05:30,1351.6,1352.0,1351.2,1351.4,34172,0
2025-12-26 13:50:00+05:30,1351.3,1351.8,1351.1,1351.7,35669,0
2025-12-26 13:55:00+05:30,1351.5,1352.1,1351.2,1351.4,41657,0
2025-12-26 14:00:00+05:30,1351.4,1351.9,1350.7,1351.0,39665,0
2025-12-26 14:05:00+05:30,1350.7,1351.0,1350.0,1350.3,36324,0
2025-12-26 14:10:00+05:30,1350.0,1350.6,1350.0,1350.3,29622,0
2025-12-26 14:15:00+05:30,1350.3,1350.6,1348.8,1349.2,72279,0
2025-12-26 14:20:00+05:30,1348.9,1349.4,1348.5,1348.6,39279,0
2025-12-26 14:25:00+05:30,1348.6,1350.0,1348.5,1349.7,49834,0
2025-12-26 14:30:00+05:30,1349.7,1350.3,1349.4,1349.6,33304,0
2025-12-26 14:35:00+05:30,1349.5,1350.6,1349.4,1350.0,37246,0
2025-12-26 14:40:00+05:30,1350.0,1351.0,1349.9,1350.7,38306,0
2025-12-26 14:45:00+05:30,1350.7,1351.6,1350.7,1350.9,41012,0
2025-12-26 14:50:00+05:30,1350.9,1351.6,1350.7,1350.7,41300,0
2025-12-26 14:55:00+05:30,1350.7,1351.3,1350.7,1351.0,41961,0
2025-12-26 15:00:00+05:30,1351.0,1351.1,1350.5,1350.5,49065,0
2025-12-26 15:05:00+05:30,1350.5,1352.2,1350.0,1351.3,103488,0
2025-12-26 15:10:00+05:30,1350.7,1351.3,1350.0,1350.0,66965,0
2025-12-26 15:15:00+05:30,1350.1,1351.0,1349.5,1350.0,93500,0
2025-12-26 15:20:00+05:30,1350.3,1351.0,1349.9,1350.0,157085,0
2025-12-26 15:25:00+05:30,1350.2,1351.2,1349.8,1351.0,61315,0
2025-12-29 09:15:00+05:30,1352.1,1355.7,1350.6,1351.5,207783,0
2025-12-29 09:20:00+05:30,1351.5,1352.5,1349.1,1349.9,58364,0
2025-12-29 09:25:00+05:30,1349.2,1352.0,1349.2,1350.6,53136,0
2025-12-29 09:30:00+05:30,1350.6,1352.0,1350.1,1351.5,63196,0
2025-12-29 09:35:00+05:30,1351.3,1352.4,1350.3,1351.6,40114,0
2025-12-29 09:40:00+05:30,1351.6,1351.8,1350.2,1351.4,39207,0
2025-12-29 09:45:00+05:30,1351.4,1352.0,1350.0,1350.1,27947,0
2025-12-29 09:50:00+05:30,1350.1,1350.6,1348.6,1348.9,38821,0
2025-12-29 09:55:00+05:30,1348.9,1349.4,1348.1,1349.1,37454,0
2025-12-29 10:00:00+05:30,1349.1,1349.9,1348.1,1349.6,85319,0
2025-12-29 10:05:00+05:30,1349.5,1350.5,1349.0,1350.4,59307,0
2025-12-29 10:10:00+05:30,1350.3,1351.5,1349.8,1351.3,104721,0
2025-12-29 10:15:00+05:30,1351.2,1351.7,1350.1,1350.2,154187,0
2025-12-29 10:20:00+05:30,1350.2,1351.1,1349.5,1351.1,90740,0
2025-12-29 10:25:00+05:30,1351.1,1351.5,1350.1,1350.4,81937,0
2025-12-29 10:30:00+05:30,1350.7,1350.7,1349.5,1350.0,39739,0
2025-12-29 10:35:00+05:30,1350.0,1350.0,1348.9,1349.6,49468,0
2025-12-29 10:40:00+05:30,1349.6,1349.6,1347.5,1347.5,53064,0
2025-12-29 10:45:00+05:30,1347.6,1348.3,1347.1,1347.7,43022,0
2025-12-29 10:50:00+05:30,1347.7,1348.1,1347.1,1347.2,41581,0
2025-12-29 10:55:00+05:30,1347.5,1347.7,1346.6,1347.0,38994,0
2025-12-29 11:00:00+05:30,1347.0,1348.0,1345.1,1346.0,127393,0
2025-12-29 11:05:00+05:30,1346.1,1347.4,1346.0,1346.8,98820,0
2025-12-29 11:10:00+05:30,1346.8,1347.4,1346.3,1346.8,59342,0
2025-12-29 11:15:00+05:30,1346.9,1347.0,1345.6,1345.8,39241,0
2025-12-29 11:20:00+05:30,1345.9,1345.9,1344.3,1344.4,51049,0
2025-12-29 11:25:00+05:30,1344.9,1346.0,1344.3,1345.2,35184,0
2025-12-29 11:30:00+05:30,1345.5,1346.0,1345.0,1345.3,33021,0
2025-12-29 11:35:00+05:30,1345.8,1346.0,1345.0,1345.0,27971,0
2025-12-29 11:40:00+05:30,1345.1,1345.4,1344.4,1344.8,33087,0
2025-12-29 11:45:00+05:30,1344.8,1345.6,1344.3,1345.0,27757,0
2025-12-29 11:50:00+05:30,1345.0,1345.2,1344.3,1344.7,34930,0
2025-12-29 11:55:00+05:30,1344.9,1345.7,1344.3,1344.6,42911,0
2025-12-29 12:00:00+05:30,1344.9,1345.0,1344.1,1344.1,26630,0
2025-12-29 12:05:00+05:30,1344.3,1344.5,1343.6,1343.9,31158,0
2025-12-29 12:10:00+05:30,1344.1,1344.7,1343.7,1344.5,30253,0
2025-12-29 12:15:00+05:30,1344.5,1344.9,1343.8,1343.8,30811,0
2025-12-29 12:20:00+05:30,1344.1,1344.7,1343.7,1343.9,28050,0
2025-12-29 12:25:00+05:30,1344.0,1344.7,1343.7,1344.0,30752,0
2025-12-29 12:30:00+05:30,1344.0,1344.8,1343.7,1344.2,39676,0
2025-12-29 12:35:00+05:30,1344.2,1344.7,1343.3,1343.9,42352,0
2025-12-29 12:40:00+05:30,1344.0,1344.2,1343.5,1343.8,39916,0
2025-12-29 12:45:00+05:30,1344.1,1344.3,1343.6,1344.1,31910,0
2025-12-29 12:50:00+05:30,1344.2,1344.3,1343.2,1343.7,41532,0
2025-12-29 12:55:00+05:30,1344.0,1344.3,1343.5,1343.6,33441,0
2025-12-29 13:00:00+05:30,1343.7,1344.4,1343.6,1344.0,47268,0
2025-12-29 13:05:00+05:30,1344.0,1345.6,1343.8,1345.6,151866,0
2025-12-29 13:10:00+05:30,1345.6,1346.8,1345.0,1345.0,212796,0
2025-12-29 13:15:00+05:30,1345.2,1346.0,1343.8,1344.1,165434,0
2025-12-29 13:20:00+05:30,1344.3,1344.7,1343.7,1344.5,40695,0
2025-12-29 13:25:00+05:30,1344.7,1345.2,1344.5,1344.6,40587,0
2025-12-29 13:30:00+05:30,1344.6,1345.4,1344.5,1345.4,41403,0
2025-12-29 13:35:00+05:30,1345.3,1345.6,1344.8,1345.2,71336,0
2025-12-29 13:40:00+05:30,1345.5,1346.1,1345.2,1345.6,62778,0
2025-12-29 13:45:00+05:30,1345.6,1346.2,1345.0,1345.6,39126,0
2025-12-29 13:50:00+05:30,1345.9,1346.2,1345.2,1345.3,34509,0
2025-12-29 13:55:00+05:30,1345.5,1345.9,1344.6,1344.9,90681,0
2025-12-29 14:00:00+05:30,1344.9,1345.9,1344.6,1345.5,79901,0
2025-12-29 14:05:00+05:30,1345.5,1346.8,1345.0,1346.3,115194,0
2025-12-29 14:10:00+05:30,1346.3,1347.0,1344.2,1344.3,215977,0
2025-12-29 14:15:00+05:30,1344.4,1345.0,1343.3,1344.0,139270,0
2025-12-29 14:20:00+05:30,1344.0,1346.0,1343.4,1345.8,57377,0
2025-12-29 14:25:00+05:30,1345.8,1346.3,1345.2,1345.9,214475,0
2025-12-29 14:30:00+05:30,1345.9,1346.0,1345.1,1345.9,40373,0
2025-12-29 14:35:00+05:30,1345.9,1346.4,1345.5,1346.1,44765,0
2025-12-29 14:40:00+05:30,1346.1,1346.3,1345.1,1345.4,72651,0
2025-12-29 14:45:00+05:30,1345.4,1346.0,1344.9,1345.9,81923,0
2025-12-29 14:50:00+05:30,1345.9,1346.1,1345.1,1345.2,115106,0
2025-12-29 14:55:00+05:30,1345.2,1346.6,1344.4,1345.1,318590,0
2025-12-29 15:00:00+05:30,1345.0,1345.6,1342.4,1343.9,406719,0
2025-12-29 15:05:00+05:30,1343.7,1344.9,1343.7,1343.9,272004,0
2025-12-29 15:10:00+05:30,1344.0,1344.3,1342.7,1342.9,105923,0
2025-12-29 15:15:00+05:30,1342.8,1343.3,1341.5,1342.6,147625,0
2025-12-29 15:20:00+05:30,1342.5,1343.2,1342.3,1343.1,101032,0
2025-12-29 15:25:00+05:30,1343.1,1343.6,1342.3,1343.6,104391,0
2025-12-30 09:15:00+05:30,1343.3,1345.9,1341.4,1345.8,121220,0
2025-12-30 09:20:00+05:30,1345.6,1345.8,1343.1,1343.5,67998,0
2025-12-30 09:25:00+05:30,1343.4,1344.3,1342.2,1342.6,62698,0
2025-12-30 09:30:00+05:30,1342.8,1343.1,1340.8,1341.9,117230,0
2025-12-30 09:35:00+05:30,1342.0,1344.2,1341.8,1344.0,109043,0
2025-12-30 09:40:00+05:30,1344.2,1344.2,1342.8,1343.3,19878,0
2025-12-30 09:45:00+05:30,1343.3,1343.5,1341.2,1341.7,30963,0
2025-12-30 09:50:00+05:30,1341.7,1344.1,1341.6,1343.5,89764,0
2025-12-30 09:55:00+05:30,1343.7,1343.9,1343.0,1343.6,32321,0
2025-12-30 10:00:00+05:30,1343.6,1343.8,1342.4,1343.0,46598,0
2025-12-30 10:05:00+05:30,1343.0,1343.0,1342.0,1342.3,34743,0
2025-12-30 10:10:00+05:30,1342.2,1344.2,1342.0,1343.5,49941,0
2025-12-30 10:15:00+05:30,1343.6,1344.2,1343.1,1344.0,32752,0
2025-12-30 10:20:00+05:30,1344.2,1345.0,1343.7,1344.9,37858,0
2025-12-30 10:25:00+05:30,1345.0,1345.6,1344.3,1344.5,40159,0
2025-12-30 10:30:00+05:30,1344.6,1345.5,1344.1,1345.2,40879,0
2025-12-30 10:35:00+05:30,1345.1,1345.3,1342.4,1342.4,187924,0
2025-12-30 10:40:00+05:30,1342.4,1342.7,1340.4,1340.7,92522,0
2025-12-30 10:45:00+05:30,1340.7,1342.0,1340.3,1341.7,43488,0
2025-12-30 10:50:00+05:30,1342.0,1342.2,1340.6,1341.0,119014,0
2025-12-30 10:55:00+05:30,1341.0,1341.9,1340.5,1341.7,37702,0
2025-12-30 11:00:00+05:30,1341.7,1342.0,1341.1,1341.2,43165,0
2025-12-30 11:05:00+05:30,1341.2,1342.1,1340.4,1340.5,54459,0
2025-12-30 11:10:00+05:30,1340.6,1341.0,1339.2,1341.0,149246,0
2025-12-30 11:15:00+05:30,1341.0,1341.5,1340.7,1341.0,71631,0
2025-12-30 11:20:00+05:30,1341.0,1341.3,1340.0,1340.5,48177,0
2025-12-30 11:25:00+05:30,1340.5,1340.9,1339.5,1340.4,47152,0
2025-12-30 11:30:00+05:30,1340.4,1340.6,1339.0,1339.8,52903,0
2025-12-30 11:35:00+05:30,1339.8,1341.3,1339.4,1341.2,129554,0
2025-12-30 11:40:00+05:30,1341.2,1342.5,1340.6,1342.1,106997,0
2025-12-30 11:45:00+05:30,1342.5,1342.8,1341.7,1341.9,55657,0
2025-12-30 11:50:00+05:30,1342.3,1342.6,1341.5,1342.0,78634,0
2025-12-30 11:55:00+05:30,1342.0,1342.2,1340.4,1341.6,56104,0
2025-12-30 12:00:00+05:30,1341.2,1342.0,1339.6,1339.6,93307,0
2025-12-30 12:05:00+05:30,1340.0,1340.7,1339.4,1340.0,75711,0
2025-12-30 12:10:00+05:30,1340.3,1340.7,1338.5,1339.1,88437,0
2025-12-30 12:15:00+05:30,1339.0,1340.0,1338.4,1339.7,44565,0
2025-12-30 12:20:00+05:30,1339.7,1340.3,1339.1,1339.9,36572,0
2025-12-30 12:25:00+05:30,1339.9,1340.6,1338.9,1339.6,111451,0
2025-12-30 12:30:00+05:30,1339.6,1339.8,1338.7,1339.2,121262,0
2025-12-30 12:35:00+05:30,1339.1,1339.6,1338.7,1339.0,171983,0
2025-12-30 12:40:00+05:30,1339.0,1340.2,1338.5,1338.9,122185,0
2025-12-30 12:45:00+05:30,1338.6,1340.4,1338.3,1340.4,72177,0
2025-12-30 12:50:00+05:30,1340.2,1340.4,1338.5,1339.6,161435,0
2025-12-30 12:55:00+05:30,1339.6,1339.8,1338.5,1338.8,70318,0
2025-12-30 13:00:00+05:30,1338.9,1339.7,1338.5,1339.0,56713,0
2025-12-30 13:05:00+05:30,1338.7,1339.7,1338.5,1339.2,59117,0
2025-12-30 13:10:00+05:30,1339.0,1339.4,1338.3,1339.0,45879,0
2025-12-30 13:15:00+05:30,1339.1,1339.4,1338.2,1338.9,41920,0
2025-12-30 13:20:00+05:30,1339.3,1339.8,1338.1,1338.2,85552,0
2025-12-30 13:25:00+05:30,1338.2,1339.9,1338.1,1339.4,205746,0
2025-12-30 13:30:00+05:30,1339.5,1339.8,1338.8,1339.6,63387,0
2025-12-30 13:35:00+05:30,1339.6,1340.3,1339.2,1340.0,86501,0
2025-12-30 13:40:00+05:30,1340.2,1341.6,1339.7,1340.2,219214,0
2025-12-30 13:45:00+05:30,1340.2,1342.1,1340.1,1341.1,289553,0
2025-12-30 13:50:00+05:30,1341.1,1341.4,1340.0,1340.2,148145,0
2025-12-30 13:55:00+05:30,1340.2,1341.2,1339.5,1340.3,142842,0
2025-12-30 14:00:00+05:30,1340.3,1342.0,1340.0,1340.8,271407,0
2025-12-30 14:05:00+05:30,1340.8,1341.0,1340.0,1340.7,86522,0
2025-12-30 14:10:00+05:30,1340.7,1341.0,1340.4,1340.9,74584,0
2025-12-30 14:15:00+05:30,1340.7,1342.7,1340.5,1341.1,144463,0
2025-12-30 14:20:00+05:30,1341.1,1341.7,1340.1,1340.6,123394,0
2025-12-30 14:25:00+05:30,1340.6,1340.7,1339.2,1339.4,219895,0
2025-12-30 14:30:00+05:30,1339.4,1341.9,1339.2,1341.5,92823,0
2025-12-30 14:35:00+05:30,1341.5,1341.6,1339.5,1341.1,190486,0
2025-12-30 14:40:00+05:30,1341.1,1342.1,1340.1,1342.0,220756,0
2025-12-30 14:45:00+05:30,1342.0,1342.5,1341.0,1342.3,176351,0
2025-12-30 14:50:00+05:30,1342.5,1343.3,1341.7,1342.7,175853,0
2025-12-30 14:55:00+05:30,1342.8,1343.1,1341.2,1342.0,208808,0
2025-12-30 15:00:00+05:30,1342.4,1343.4,1339.3,1342.9,2179407,0
2025-12-30 15:05:00+05:30,1343.1,1345.6,1340.3,1343.5,2401992,0
2025-12-30 15:10:00+05:30,1343.2,1343.5,1339.8,1343.0,2119163,0
2025-12-30 15:15:00+05:30,1342.9,1344.0,1341.6,1343.6,1904154,0
2025-12-30 15:20:00+05:30,1343.4,1344.0,1342.0,1343.7,1988477,0
2025-12-30 15:25:00+05:30,1343.5,1347.1,1342.4,1347.0,1119055,0
2025-12-31 09:15:00+05:30,1342.8,1347.9,1342.6,1344.4,139046,0
2025-12-31 09:20:00+05:30,1344.4,1344.7,1341.8,1343.7,55144,0
2025-12-31 09:25:00+05:30,1343.2,1346.2,1342.9,1345.3,66280,0
2025-12-31 09:30:00+05:30,1345.3,1346.6,1344.5,1345.4,24221,0
2025-12-31 09:35:00+05:30,1345.1,1346.0,1344.6,1345.3,15500,0
2025-12-31 09:40:00+05:30,1345.3,1345.9,1343.6,1344.1,21259,0
2025-12-31 09:45:00+05:30,1343.7,1344.8,1343.5,1344.4,15166,0
2025-12-31 09:50:00+05:30,1344.4,1345.0,1343.0,1343.0,25854,0
2025-12-31 09:55:00+05:30,1343.0,1345.0,1342.2,1343.9,133515,0
2025-12-31 10:00:00+05:30,1343.5,1344.0,1342.5,1342.6,33817,0
2025-12-31 10:05:00+05:30,1342.6,1342.9,1341.4,1341.9,31300,0
2025-12-31 10:10:00+05:30,1341.9,1342.7,1341.9,1342.7,16375,0
2025-12-31 10:15:00+05:30,1342.4,1342.8,1342.2,1342.7,43827,0
2025-12-31 10:20:00+05:30,1342.3,1343.2,1341.3,1341.5,51090,0
2025-12-31 10:25:00+05:30,1341.5,1342.2,1340.1,1341.0,75849,0
2025-12-31 10:30:00+05:30,1341.0,1342.8,1340.6,1341.9,101683,0
2025-12-31 10:35:00+05:30,1341.4,1342.0,1341.0,1341.8,32319,0
2025-12-31 10:40:00+05:30,1341.7,1343.2,1341.4,1342.9,66938,0
2025-12-31 10:45:00+05:30,1342.7,1343.1,1341.8,1342.5,30605,0
2025-12-31 10:50:00+05:30,1342.2,1343.1,1342.1,1342.8,42506,0
2025-12-31 10:55:00+05:30,1342.9,1343.0,1342.1,1342.9,32078,0
2025-12-31 11:00:00+05:30,1342.4,1343.0,1342.0,1343.0,26718,0
2025-12-31 11:05:00+05:30,1342.5,1343.0,1342.0,1342.7,46546,0
2025-12-31 11:10:00+05:30,1342.7,1343.0,1341.2,1341.8,48050,0
2025-12-31 11:15:00+05:30,1341.7,1342.4,1341.4,1342.0,35234,0
2025-12-31 11:20:00+05:30,1342.0,1342.2,1340.2,1340.3,45279,0
2025-12-31 11:25:00+05:30,1340.3,1341.0,1339.5,1340.3,100711,0
2025-12-31 11:30:00+05:30,1340.1,1341.0,1339.6,1341.0,65492,0
2025-12-31 11:35:00+05:30,1340.8,1342.6,1340.5,1341.5,98791,0
2025-12-31 11:40:00+05:30,1341.4,1342.0,1340.6,1340.9,46096,0
2025-12-31 11:45:00+05:30,1340.8,1341.4,1340.3,1340.9,46362,0
2025-12-31 11:50:00+05:30,1340.9,1341.6,1340.8,1341.2,43021,0
2025-12-31 11:55:00+05:30,1341.1,1341.6,1340.0,1341.2,71685,0
2025-12-31 12:00:00+05:30,1341.1,1341.8,1341.0,1341.6,36611,0
2025-12-31 12:05:00+05:30,1341.6,1342.4,1341.2,1342.2,47791,0
2025-12-31 12:10:00+05:30,1342.0,1342.5,1341.5,1342.0,32330,0
2025-12-31 12:15:00+05:30,1341.9,1342.6,1340.0,1341.0,169823,0
2025-12-31 12:20:00+05:30,1341.0,1341.3,1340.3,1340.5,36740,0
2025-12-31 12:25:00+05:30,1340.5,1341.4,1340.5,1340.9,38286,0
2025-12-31 12:30:00+05:30,1340.7,1342.7,1340.4,1342.7,39914,0
2025-12-31 12:35:00+05:30,1342.7,1343.5,1342.2,1343.5,41660,0
2025-12-31 12:40:00+05:30,1343.1,1345.4,1343.1,1345.2,70783,0
2025-12-31 12:45:00+05:30,1345.0,1346.4,1345.0,1345.8,73439,0
2025-12-31 12:50:00+05:30,1345.8,1346.5,1345.2,1345.7,39215,0
2025-12-31 12:55:00+05:30,1345.7,1347.0,1345.6,1346.0,39333,0
2025-12-31 13:00:00+05:30,1346.0,1347.3,1346.0,1346.2,72293,0
2025-12-31 13:05:00+05:30,1346.1,1346.9,1346.1,1346.6,36317,0
2025-12-31 13:10:00+05:30,1346.5,1346.8,1345.5,1346.4,78696,0
2025-12-31 13:15:00+05:30,1346.1,1347.5,1345.7,1347.3,64634,0
2025-12-31 13:20:00+05:30,1347.0,1348.0,1346.8,1347.7,63739,0
2025-12-31 13:25:00+05:30,1347.6,1348.0,1347.2,1347.9,41529,0
2025-12-31 13:30:00+05:30,1347.9,1348.4,1346.4,1347.6,71683,0
2025-12-31 13:35:00+05:30,1347.1,1347.7,1345.2,1345.9,148122,0
2025-12-31 13:40:00+05:30,1345.8,1347.0,1345.6,1346.4,48529,0
2025-12-31 13:45:00+05:30,1346.4,1346.9,1345.8,1346.7,45722,0
2025-12-31 13:50:00+05:30,1346.7,1347.3,1345.7,1347.1,89832,0
2025-12-31 13:55:00+05:30,1347.0,1348.0,1347.0,1347.2,148010,0
2025-12-31 14:00:00+05:30,1347.4,1347.6,1346.3,1347.3,136772,0
2025-12-31 14:05:00+05:30,1347.5,1347.9,1347.1,1347.5,62813,0
2025-12-31 14:10:00+05:30,1347.5,1347.9,1347.2,1347.9,46282,0
2025-12-31 14:15:00+05:30,1347.7,1348.0,1346.9,1347.8,130051,0
2025-12-31 14:20:00+05:30,1347.8,1348.0,1345.8,1346.8,109318,0
2025-12-31 14:25:00+05:30,1346.3,1347.9,1346.3,1347.1,107975,0
2025-12-31 14:30:00+05:30,1347.2,1347.8,1346.4,1346.9,158759,0
2025-12-31 14:35:00+05:30,1347.0,1348.9,1346.8,1348.6,101752,0
2025-12-31 14:40:00+05:30,1348.6,1350.0,1348.1,1349.6,104245,0
2025-12-31 14:45:00+05:30,1349.6,1349.6,1348.2,1348.3,95347,0
2025-12-31 14:50:00+05:30,1348.5,1349.2,1348.0,1348.7,99600,0
2025-12-31 14:55:00+05:30,1348.3,1349.0,1347.3,1347.4,155630,0
2025-12-31 15:00:00+05:30,1347.4,1347.4,1341.5,1342.4,287544,0
2025-12-31 15:05:00+05:30,1342.4,1343.1,1342.1,1342.4,264603,0
2025-12-31 15:10:00+05:30,1342.4,1344.8,1341.5,1344.1,373320,0
2025-12-31 15:15:00+05:30,1344.1,1344.1,1342.6,1342.7,189042,0
2025-12-31 15:20:00+05:30,1342.9,1343.1,1342.4,1342.7,229915,0
2025-12-31 15:25:00+05:30,1342.6,1343.1,1342.2,1343.0,193510,0
2026-01-01 09:15:00+05:30,1343.9,1347.7,1343.0,1345.7,113302,0
2026-01-01 09:20:00+05:30,1345.5,1346.8,1345.0,1345.3,25271,0
2026-01-01 09:25:00+05:30,1345.3,1346.3,1344.8,1346.3,22931,0
2026-01-01 09:30:00+05:30,1346.3,1347.7,1346.0,1346.6,43853,0
2026-01-01 09:35:00+05:30,1346.9,1347.6,1345.6,1346.1,51417,0
2026-01-01 09:40:00+05:30,1346.3,1348.4,1345.7,1347.9,29203,0
2026-01-01 09:45:00+05:30,1347.8,1348.3,1346.4,1347.3,39247,0
2026-01-01 09:50:00+05:30,1347.3,1348.0,1346.2,1346.8,39983,0
2026-01-01 09:55:00+05:30,1346.8,1347.2,1342.9,1343.1,54899,0
2026-01-01 10:00:00+05:30,1343.0,1344.6,1342.6,1344.0,33508,0
2026-01-01 10:05:00+05:30,1344.0,1344.4,1343.2,1343.8,19858,0
2026-01-01 10:10:00+05:30,1343.5,1344.4,1343.1,1344.2,14378,0
2026-01-01 10:15:00+05:30,1343.9,1344.7,1343.7,1344.6,18559,0
2026-01-01 10:20:00+05:30,1344.6,1344.9,1342.9,1344.6,20027,0
2026-01-01 10:25:00+05:30,1344.8,1345.9,1344.2,1345.0,19271,0
2026-01-01 10:30:00+05:30,1345.0,1345.8,1344.6,1345.7,18025,0
2026-01-01 10:35:00+05:30,1345.6,1346.0,1344.4,1344.8,16213,0
2026-01-01 10:40:00+05:30,1344.8,1345.0,1344.1,1344.8,9505,0
2026-01-01 10:45:00+05:30,1344.8,1345.7,1344.5,1344.9,10822,0
2026-01-01 10:50:00+05:30,1344.9,1345.4,1344.6,1344.9,12120,0
2026-01-01 10:55:00+05:30,1344.8,1345.0,1344.0,1345.0,12716,0
2026-01-01 11:00:00+05:30,1345.0,1345.8,1344.4,1344.5,10673,0
2026-01-01 11:05:00+05:30,1344.5,1345.8,1344.5,1345.7,17727,0
2026-01-01 11:10:00+05:30,1345.7,1345.7,1345.0,1345.5,9372,0
2026-01-01 11:15:00+05:30,1345.5,1345.7,1344.7,1345.0,16396,0
2026-01-01 11:20:00+05:30,1345.0,1345.0,1343.5,1344.5,30270,0
2026-01-01 11:25:00+05:30,1344.6,1345.0,1342.8,1343.0,51879,0
2026-01-01 11:30:00+05:30,1343.0,1343.0,1342.2,1342.7,23359,0
2026-01-01 11:35:00+05:30,1342.5,1343.4,1342.2,1342.5,11881,0
2026-01-01 11:40:00+05:30,1342.5,1343.3,1342.2,1342.5,10852,0
2026-01-01 11:45:00+05:30,1342.5,1342.5,1341.1,1341.6,20250,0
2026-01-01 11:50:00+05:30,1341.6,1342.3,1340.6,1342.3,53867,0
2026-01-01 11:55:00+05:30,1342.3,1342.4,1339.9,1340.7,56390,0
2026-01-01 12:00:00+05:30,1340.6,1341.4,1340.0,1340.0,10473,0
2026-01-01 12:05:00+05:30,1340.3,1340.5,1339.5,1340.0,14933,0
2026-01-01 12:10:00+05:30,1340.1,1340.4,1338.7,1338.8,59029,0
2026-01-01 12:15:00+05:30,1338.8,1339.9,1338.0,1339.8,105663,0
2026-01-01 12:20:00+05:30,1339.6,1340.5,1339.5,1340.4,25532,0
2026-01-01 12:25:00+05:30,1340.4,1340.9,1339.5,1340.1,37509,0
2026-01-01 12:30:00+05:30,1340.3,1340.4,1339.3,1340.1,17597,0
2026-01-01 12:35:00+05:30,1340.1,1340.3,1338.0,1338.1,66376,0
2026-01-01 12:40:00+05:30,1338.1,1339.7,1337.4,1339.5,78365,0
2026-01-01 12:45:00+05:30,1339.4,1341.0,1339.1,1340.8,151470,0
2026-01-01 12:50:00+05:30,1340.8,1340.8,1339.2,1339.9,34493,0
2026-01-01 12:55:00+05:30,1339.9,1340.0,1339.3,1339.7,20195,0
2026-01-01 13:00:00+05:30,1339.5,1340.0,1339.5,1339.9,9805,0
2026-01-01 13:05:00+05:30,1339.9,1340.0,1339.5,1339.7,8026,0
2026-01-01 13:10:00+05:30,1339.8,1340.0,1339.5,1339.9,9255,0
2026-01-01 13:15:00+05:30,1339.9,1341.7,1339.7,1341.6,30701,0
2026-01-01 13:20:00+05:30,1341.5,1342.0,1339.2,1339.2,250463,0
2026-01-01 13:25:00+05:30,1339.2,1341.4,1338.4,1341.0,124183,0
2026-01-01 13:30:00+05:30,1341.1,1341.8,1340.3,1340.3,165828,0
2026-01-01 13:35:00+05:30,1340.3,1341.3,1339.4,1339.5,114575,0
2026-01-01 13:40:00+05:30,1340.0,1340.0,1339.0,1339.2,12305,0
2026-01-01 13:45:00+05:30,1339.2,1340.0,1339.1,1339.3,22564,0
2026-01-01 13:50:00+05:30,1339.3,1340.5,1338.9,1339.7,83485,0
2026-01-01 13:55:00+05:30,1340.2,1340.4,1339.6,1340.0,9370,0
2026-01-01 14:00:00+05:30,1340.0,1341.1,1340.0,1340.1,12241,0
2026-01-01 14:05:00+05:30,1340.1,1340.9,1340.0,1340.1,10807,0
2026-01-01 14:10:00+05:30,1340.1,1340.9,1340.0,1340.9,10084,0
2026-01-01 14:15:00+05:30,1340.2,1341.0,1340.1,1340.1,6932,0
2026-01-01 14:20:00+05:30,1340.5,1340.6,1339.5,1340.0,80564,0
2026-01-01 14:25:00+05:30,1339.7,1340.0,1339.4,1339.6,8704,0
2026-01-01 14:30:00+05:30,1340.0,1340.0,1339.5,1340.0,8428,0
2026-01-01 14:35:00+05:30,1339.9,1340.0,1339.5,1339.8,8642,0
2026-01-01 14:40:00+05:30,1339.5,1340.0,1339.4,1339.5,29962,0
2026-01-01 14:45:00+05:30,1339.5,1340.9,1339.5,1339.8,47631,0
2026-01-01 14:50:00+05:30,1339.6,1340.3,1339.1,1339.3,38682,0
2026-01-01 14:55:00+05:30,1339.3,1340.1,1339.2,1339.5,14950,0
2026-01-01 15:00:00+05:30,1339.5,1340.0,1337.6,1340.0,202686,0
2026-01-01 15:05:00+05:30,1339.9,1340.3,1338.1,1338.3,502027,0
2026-01-01 15:10:00+05:30,1338.3,1339.3,1336.3,1337.0,279729,0
2026-01-01 15:15:00+05:30,1337.3,1337.6,1336.0,1337.2,260144,0
2026-01-01 15:20:00+05:30,1337.2,1337.4,1336.2,1336.8,104894,0
2026-01-01 15:25:00+05:30,1336.7,1337.7,1336.0,1337.6,150512,0
2026-01-02 09:15:00+05:30,1338.0,1342.2,1336.3,1341.9,210083,0
2026-01-02 09:20:00+05:30,1341.9,1343.4,1341.5,1342.5,60899,0
2026-01-02 09:25:00+05:30,1342.3,1343.5,1341.3,1343.5,68775,0
2026-01-02 09:30:00+05:30,1343.7,1344.7,1343.0,1343.5,30533,0
2026-01-02 09:35:00+05:30,1343.7,1345.2,1342.9,1345.0,51756,0
2026-01-02 09:40:00+05:30,1345.2,1347.7,1345.0,1347.7,115435,0
2026-01-02 09:45:00+05:30,1347.2,1347.7,1345.2,1346.0,52078,0
2026-01-02 09:50:00+05:30,1346.0,1346.9,1343.6,1345.4,88828,0
2026-01-02 09:55:00+05:30,1345.4,1346.9,1345.2,1345.6,91566,0
2026-01-02 10:00:00+05:30,1345.6,1346.8,1345.0,1346.5,80627,0
2026-01-02 10:05:00+05:30,1346.5,1346.8,1344.8,1345.1,61751,0
2026-01-02 10:10:00+05:30,1345.1,1345.4,1343.5,1344.1,55881,0
2026-01-02 10:15:00+05:30,1344.0,1345.1,1343.1,1343.6,84348,0
2026-01-02 10:20:00+05:30,1344.0,1344.5,1342.0,1342.6,75594,0
2026-01-02 10:25:00+05:30,1342.6,1343.0,1341.6,1341.7,59583,0
2026-01-02 10:30:00+05:30,1341.8,1342.3,1341.2,1342.0,51982,0
2026-01-02 10:35:00+05:30,1341.9,1342.5,1341.5,1341.7,68773,0
2026-01-02 10:40:00+05:30,1341.7,1343.1,1341.6,1342.8,52372,0
2026-01-02 10:45:00+05:30,1342.9,1343.0,1341.2,1342.2,138669,0
2026-01-02 10:50:00+05:30,1342.3,1342.7,1340.4,1341.1,156721,0
2026-01-02 10:55:00+05:30,1341.5,1342.7,1341.1,1342.5,57279,0
2026-01-02 11:00:00+05:30,1342.2,1342.6,1340.7,1341.2,164607,0
2026-01-02 11:05:00+05:30,1341.3,1342.3,1341.1,1341.4,158624,0
2026-01-02 11:10:00+05:30,1341.4,1342.9,1341.1,1342.9,63113,0
2026-01-02 11:15:00+05:30,1342.7,1343.3,1342.0,1342.9,100679,0
2026-01-02 11:20:00+05:30,1342.9,1343.9,1341.2,1341.9,130704,0
2026-01-02 11:25:00+05:30,1341.9,1342.5,1341.3,1342.2,39549,0
2026-01-02 11:30:00+05:30,1342.4,1344.4,1342.1,1344.0,108978,0
2026-01-02 11:35:00+05:30,1344.4,1344.8,1342.5,1344.3,122711,0
2026-01-02 11:40:00+05:30,1344.0,1344.4,1342.8,1343.7,103915,0
2026-01-02 11:45:00+05:30,1343.9,1345.3,1343.2,1345.0,132301,0
2026-01-02 11:50:00+05:30,1345.0,1346.0,1344.6,1345.0,71335,0
2026-01-02 11:55:00+05:30,1345.0,1345.0,1343.5,1343.7,104492,0
2026-01-02 12:00:00+05:30,1344.0,1347.9,1343.6,1347.1,507225,0
2026-01-02 12:05:00+05:30,1347.2,1347.9,1346.0,1347.4,142434,0
2026-01-02 12:10:00+05:30,1347.2,1350.4,1347.0,1350.0,528775,0
2026-01-02 12:15:00+05:30,1350.0,1350.4,1349.0,1349.6,66124,0
2026-01-02 12:20:00+05:30,1349.5,1350.8,1349.4,1350.4,90163,0
2026-01-02 12:25:00+05:30,1350.5,1351.6,1350.0,1350.9,58686,0
2026-01-02 12:30:00+05:30,1350.9,1351.6,1350.3,1351.3,36578,0
2026-01-02 12:35:00+05:30,1351.2,1351.7,1350.7,1351.4,41106,0
2026-01-02 12:40:00+05:30,1351.4,1351.7,1350.9,1351.5,35961,0
2026-01-02 12:45:00+05:30,1351.5,1351.5,1350.0,1350.1,34791,0
2026-01-02 12:50:00+05:30,1350.4,1351.1,1350.0,1351.1,32783,0
2026-01-02 12:55:00+05:30,1351.1,1351.6,1350.6,1351.2,34240,0
2026-01-02 13:00:00+05:30,1351.3,1352.4,1350.9,1352.0,46471,0
2026-01-02 13:05:00+05:30,1352.0,1352.9,1351.5,1352.0,42486,0
2026-01-02 13:10:00+05:30,1351.6,1352.0,1350.5,1350.8,112150,0
2026-01-02 13:15:00+05:30,1350.8,1351.6,1350.4,1351.5,88264,0
2026-01-02 13:20:00+05:30,1351.5,1352.8,1351.1,1352.5,121947,0
2026-01-02 13:25:00+05:30,1352.5,1352.5,1352.0,1352.4,45537,0
2026-01-02 13:30:00+05:30,1352.2,1353.5,1352.0,1352.7,59630,0
2026-01-02 13:35:00+05:30,1352.8,1352.8,1352.1,1352.3,24887,0
2026-01-02 13:40:00+05:30,1352.6,1352.9,1351.8,1352.1,37943,0
2026-01-02 13:45:00+05:30,1352.2,1352.4,1351.4,1351.9,36578,0
2026-01-02 13:50:00+05:30,1352.0,1352.6,1351.6,1352.6,30576,0
2026-01-02 13:55:00+05:30,1352.2,1352.7,1351.9,1352.4,24709,0
2026-01-02 14:00:00+05:30,1352.4,1352.6,1351.0,1352.0,56293,0
2026-01-02 14:05:00+05:30,1352.0,1352.5,1351.9,1352.5,31992,0
2026-01-02 14:10:00+05:30,1352.5,1352.8,1352.0,1352.2,34113,0
2026-01-02 14:15:00+05:30,1352.2,1352.5,1352.0,1352.3,27061,0
2026-01-02 14:20:00+05:30,1352.0,1352.9,1352.0,1352.6,51171,0
2026-01-02 14:25:00+05:30,1352.6,1353.0,1352.2,1352.7,41537,0
2026-01-02 14:30:00+05:30,1352.4,1352.5,1350.1,1351.1,118287,0
2026-01-02 14:35:00+05:30,1351.0,1351.2,1350.0,1350.3,61211,0
2026-01-02 14:40:00+05:30,1350.3,1350.9,1350.0,1350.6,58315,0
2026-01-02 14:45:00+05:30,1350.5,1351.0,1350.0,1351.0,53175,0
2026-01-02 14:50:00+05:30,1350.8,1351.9,1350.6,1351.9,38266,0
2026-01-02 14:55:00+05:30,1351.8,1352.9,1351.7,1352.8,36478,0
2026-01-02 15:00:00+05:30,1352.5,1352.8,1351.0,1351.0,116480,0
2026-01-02 15:05:00+05:30,1351.0,1353.0,1350.7,1353.0,95200,0
2026-01-02 15:10:00+05:30,1352.9,1355.4,1352.8,1355.1,670636,0
2026-01-02 15:15:00+05:30,1355.0,1356.7,1355.0,1355.9,321610,0
2026-01-02 15:20:00+05:30,1356.3,1356.9,1355.6,1356.6,582804,0
2026-01-02 15:25:00+05:30,1356.6,1356.8,1355.0,1355.1,535996,0
2026-01-05 09:15:00+05:30,1354.2,1366.9,1352.6,1366.4,745283,0
2026-01-05 09:20:00+05:30,1366.9,1369.6,1362.3,1364.0,178748,0
2026-01-05 09:25:00+05:30,1363.9,1366.6,1363.1,1364.8,78780,0
2026-01-05 09:30:00+05:30,1364.8,1367.5,1363.0,1367.1,76811,0
2026-01-05 09:35:00+05:30,1367.2,1368.0,1365.6,1367.7,118158,0
2026-01-05 09:40:00+05:30,1367.7,1369.0,1367.0,1367.3,77415,0
2026-01-05 09:45:00+05:30,1367.4,1368.7,1367.0,1368.4,33075,0
2026-01-05 09:50:00+05:30,1368.4,1369.4,1365.5,1369.3,81694,0
2026-01-05 09:55:00+05:30,1369.2,1370.2,1368.5,1369.8,135997,0
2026-01-05 10:00:00+05:30,1370.1,1370.5,1368.9,1369.2,67571,0
2026-01-05 10:05:00+05:30,1369.2,1370.9,1368.4,1370.2,77027,0
2026-01-05 10:10:00+05:30,1370.5,1370.9,1369.5,1369.5,46785,0
2026-01-05 10:15:00+05:30,1369.6,1372.7,1369.5,1371.5,136192,0
2026-01-05 10:20:00+05:30,1371.6,1372.0,1370.6,1371.4,34869,0
2026-01-05 10:25:00+05:30,1371.7,1371.8,1370.7,1370.9,33556,0
2026-01-05 10:30:00+05:30,1370.9,1371.0,1370.2,1370.7,43226,0
2026-01-05 10:35:00+05:30,1370.7,1371.9,1370.0,1371.9,43684,0
2026-01-05 10:40:00+05:30,1371.9,1371.9,1369.9,1370.9,42304,0
2026-01-05 10:45:00+05:30,1370.8,1371.9,1370.5,1371.4,32389,0
2026-01-05 10:50:00+05:30,1371.4,1373.7,1371.1,1373.5,59550,0
2026-01-05 10:55:00+05:30,1373.5,1374.9,1373.3,1374.2,75424,0
2026-01-05 11:00:00+05:30,1374.5,1374.9,1374.0,1374.8,52789,0
2026-01-05 11:05:00+05:30,1374.9,1375.5,1373.1,1374.3,142432,0
2026-01-05 11:10:00+05:30,1374.3,1375.0,1374.1,1374.9,46176,0
2026-01-05 11:15:00+05:30,1374.8,1375.0,1374.0,1374.6,33611,0
2026-01-05 11:20:00+05:30,1374.5,1374.9,1373.0,1373.5,40124,0
2026-01-05 11:25:00+05:30,1373.5,1373.5,1371.1,1372.2,45656,0
2026-01-05 11:30:00+05:30,1372.4,1373.2,1371.6,1372.0,67090,0
2026-01-05 11:35:00+05:30,1371.9,1373.0,1371.3,1372.7,25216,0
2026-01-05 11:40:00+05:30,1372.7,1373.0,1372.2,1373.0,23706,0
2026-01-05 11:45:00+05:30,1373.0,1373.0,1370.8,1371.4,32910,0
2026-01-05 11:50:00+05:30,1371.5,1371.5,1369.9,1370.8,101177,0
2026-01-05 11:55:00+05:30,1370.8,1371.5,1370.0,1371.2,46288,0
2026-01-05 12:00:00+05:30,1371.2,1371.3,1370.0,1370.6,29294,0
2026-01-05 12:05:00+05:30,1370.6,1370.7,1369.7,1370.0,30597,0
2026-01-05 12:10:00+05:30,1369.9,1372.7,1369.6,1372.7,104592,0
2026-01-05 12:15:00+05:30,1372.7,1374.9,1372.5,1373.1,48212,0
2026-01-05 12:20:00+05:30,1373.4,1374.0,1373.1,1373.6,18405,0
2026-01-05 12:25:00+05:30,1373.7,1373.8,1373.0,1373.6,18450,0
2026-01-05 12:30:00+05:30,1373.7,1375.0,1373.5,1374.3,26746,0
2026-01-05 12:35:00+05:30,1374.5,1375.0,1373.9,1374.8,81429,0
2026-01-05 12:40:00+05:30,1374.9,1374.9,1373.3,1373.9,26973,0
2026-01-05 12:45:00+05:30,1374.0,1374.3,1373.2,1374.3,41233,0
2026-01-05 12:50:00+05:30,1374.3,1375.2,1373.9,1374.2,59798,0
2026-01-05 12:55:00+05:30,1374.2,1374.2,1373.9,1374.0,27154,0
2026-01-05 13:00:00+05:30,1374.0,1374.1,1373.3,1374.0,81708,0
2026-01-05 13:05:00+05:30,1374.0,1374.0,1373.3,1373.4,47628,0
2026-01-05 13:10:00+05:30,1373.4,1373.5,1371.7,1371.9,55236,0
2026-01-05 13:15:00+05:30,1371.8,1371.8,1370.4,1371.1,46603,0
2026-01-05 13:20:00+05:30,1371.2,1372.1,1370.6,1371.9,74777,0
2026-01-05 13:25:00+05:30,1371.9,1372.0,1370.8,1371.0,35767,0
2026-01-05 13:30:00+05:30,1371.0,1371.1,1370.3,1370.5,98556,0
2026-01-05 13:35:00+05:30,1370.6,1371.0,1369.5,1370.4,162847,0
2026-01-05 13:40:00+05:30,1370.4,1371.3,1369.3,1371.2,74053,0
2026-01-05 13:45:00+05:30,1371.2,1371.3,1369.3,1369.7,121517,0
2026-01-05 13:50:00+05:30,1369.7,1369.9,1368.4,1368.9,98258,0
2026-01-05 13:55:00+05:30,1368.9,1369.4,1367.7,1368.3,63380,0
2026-01-05 14:00:00+05:30,1368.2,1368.5,1366.7,1367.4,98432,0
2026-01-05 14:05:00+05:30,1367.4,1367.6,1365.8,1366.8,104663,0
2026-01-05 14:10:00+05:30,1366.7,1367.4,1365.3,1365.5,50084,0
2026-01-05 14:15:00+05:30,1365.5,1365.7,1365.0,1365.0,44636,0
2026-01-05 14:20:00+05:30,1365.3,1366.0,1364.1,1365.6,174779,0
2026-01-05 14:25:00+05:30,1365.6,1366.1,1364.4,1365.0,90387,0
2026-01-05 14:30:00+05:30,1365.2,1366.2,1365.0,1365.2,86527,0
2026-01-05 14:35:00+05:30,1365.4,1367.2,1365.0,1367.0,137590,0
2026-01-05 14:40:00+05:30,1367.2,1370.7,1366.2,1369.3,138633,0
2026-01-05 14:45:00+05:30,1369.4,1370.2,1368.1,1369.7,122494,0
2026-01-05 14:50:00+05:30,1369.7,1372.7,1369.5,1372.0,163502,0
2026-01-05 14:55:00+05:30,1372.2,1373.4,1372.0,1372.5,128352,0
2026-01-05 15:00:00+05:30,1372.6,1373.2,1371.7,1371.8,211724,0
2026-01-05 15:05:00+05:30,1371.7,1371.9,1370.0,1370.0,209294,0
2026-01-05 15:10:00+05:30,1370.0,1372.4,1369.7,1371.0,205531,0
2026-01-05 15:15:00+05:30,1370.8,1372.5,1370.8,1372.0,192212,0
2026-01-05 15:20:00+05:30,1372.0,1372.2,1370.2,1370.8,225591,0
2026-01-05 15:25:00+05:30,1370.2,1372.8,1369.4,1372.0,186812,0
2026-01-06 09:15:00+05:30,1372.0,1392.4,1366.0,1387.1,1903222,0
2026-01-06 09:20:00+05:30,1386.8,1395.9,1386.3,1390.7,993276,0
2026-01-06 09:25:00+05:30,1390.3,1396.4,1390.2,1394.4,551971,0
2026-01-06 09:30:00+05:30,1394.4,1406.0,1391.9,1404.9,923060,0
2026-01-06 09:35:00+05:30,1404.7,1410.9,1403.3,1404.3,1018797,0
2026-01-06 09:40:00+05:30,1404.3,1405.0,1401.7,1403.9,209233,0
2026-01-06 09:45:00+05:30,1403.8,1408.9,1403.1,1407.2,289208,0
2026-01-06 09:50:00+05:30,1407.2,1410.0,1405.2,1405.7,260668,0
2026-01-06 09:55:00+05:30,1406.1,1407.0,1403.8,1405.6,146244,0
2026-01-06 10:00:00+05:30,1405.6,1410.0,1405.5,1409.8,277559,0
2026-01-06 10:05:00+05:30,1409.8,1409.8,1407.4,1408.8,118135,0
2026-01-06 10:10:00+05:30,1408.8,1409.9,1407.6,1409.7,151826,0
2026-01-06 10:15:00+05:30,1409.7,1411.6,1405.4,1406.3,249786,0
2026-01-06 10:20:00+05:30,1406.2,1409.8,1406.2,1408.9,142118,0
2026-01-06 10:25:00+05:30,1408.6,1413.6,1408.5,1412.0,607935,0
2026-01-06 10:30:00+05:30,1411.9,1412.6,1410.5,1410.8,117436,0
2026-01-06 10:35:00+05:30,1410.8,1412.5,1410.5,1410.8,101232,0
2026-01-06 10:40:00+05:30,1410.5,1412.0,1410.1,1411.0,88339,0
2026-01-06 10:45:00+05:30,1411.1,1412.5,1410.0,1412.0,334902,0
2026-01-06 10:50:00+05:30,1412.0,1413.0,1411.1,1412.8,249538,0
2026-01-06 10:55:00+05:30,1412.8,1412.9,1410.4,1410.8,483658,0
2026-01-06 11:00:00+05:30,1410.8,1410.9,1408.4,1408.4,112021,0
2026-01-06 11:05:00+05:30,1408.5,1410.3,1408.4,1409.7,96934,0
2026-01-06 11:10:00+05:30,1409.7,1409.9,1408.0,1409.6,118412,0
2026-01-06 11:15:00+05:30,1409.5,1410.3,1408.8,1409.9,153353,0
2026-01-06 11:20:00+05:30,1409.9,1410.0,1407.6,1407.9,131959,0
2026-01-06 11:25:00+05:30,1407.8,1408.0,1406.5,1407.9,118129,0
2026-01-06 11:30:00+05:30,1407.9,1408.6,1406.8,1407.5,89816,0
2026-01-06 11:35:00+05:30,1407.5,1408.7,1406.5,1408.2,123222,0
2026-01-06 11:40:00+05:30,1408.1,1409.2,1407.3,1408.1,230339,0
2026-01-06 11:45:00+05:30,1408.1,1408.6,1406.4,1408.5,168389,0
2026-01-06 11:50:00+05:30,1408.4,1409.0,1405.6,1405.6,174350,0
2026-01-06 11:55:00+05:30,1405.6,1406.0,1403.1,1404.9,267544,0
2026-01-06 12:00:00+05:30,1404.9,1406.3,1403.5,1405.9,222551,0
2026-01-06 12:05:00+05:30,1405.9,1407.3,1404.4,1407.1,235450,0
2026-01-06 12:10:00+05:30,1407.1,1408.9,1406.5,1408.1,142480,0
2026-01-06 12:15:00+05:30,1408.1,1408.9,1407.2,1407.9,61655,0
2026-01-06 12:20:00+05:30,1407.9,1408.6,1407.0,1407.2,110300,0
2026-01-06 12:25:00+05:30,1407.2,1407.9,1405.4,1407.2,138469,0
2026-01-06 12:30:00+05:30,1407.2,1409.0,1407.1,1408.9,59337,0
2026-01-06 12:35:00+05:30,1408.9,1409.2,1407.9,1408.3,58522,0
2026-01-06 12:40:00+05:30,1408.3,1408.5,1407.7,1408.3,38468,0
2026-01-06 12:45:00+05:30,1408.3,1409.5,1407.8,1408.4,65388,0
2026-01-06 12:50:00+05:30,1408.4,1409.2,1407.9,1409.1,52718,0
2026-01-06 12:55:00+05:30,1409.1,1410.9,1408.8,1410.2,125218,0
2026-01-06 13:00:00+05:30,1410.2,1411.2,1409.8,1410.3,113180,0
2026-01-06 13:05:00+05:30,1410.2,1412.8,1410.0,1411.7,172260,0
2026-01-06 13:10:00+05:30,1411.7,1412.2,1409.2,1410.1,84400,0
2026-01-06 13:15:00+05:30,1410.1,1410.4,1408.6,1410.0,74155,0
2026-01-06 13:20:00+05:30,1409.5,1410.1,1409.0,1409.5,56072,0
2026-01-06 13:25:00+05:30,1409.6,1409.8,1408.6,1409.0,70308,0
2026-01-06 13:30:00+05:30,1409.0,1409.6,1408.0,1408.6,61793,0
2026-01-06 13:35:00+05:30,1408.6,1409.5,1408.0,1408.1,49451,0
2026-01-06 13:40:00+05:30,1408.0,1408.2,1405.8,1407.1,256326,0
2026-01-06 13:45:00+05:30,1407.1,1408.3,1406.3,1408.2,222935,0
2026-01-06 13:50:00+05:30,1408.2,1410.7,1408.0,1408.0,177166,0
2026-01-06 13:55:00+05:30,1408.0,1408.6,1407.0,1407.8,51810,0
2026-01-06 14:00:00+05:30,1407.8,1409.6,1407.7,1408.9,132917,0
2026-01-06 14:05:00+05:30,1408.9,1409.9,1408.2,1409.0,87088,0
2026-01-06 14:10:00+05:30,1409.0,1409.1,1407.6,1408.2,83572,0
2026-01-06 14:15:00+05:30,1408.2,1409.0,1407.0,1408.9,94063,0
2026-01-06 14:20:00+05:30,1408.9,1409.3,1408.0,1408.8,60383,0
2026-01-06 14:25:00+05:30,1408.8,1410.4,1408.8,1410.3,96219,0
2026-01-06 14:30:00+05:30,1410.3,1410.8,1409.5,1410.0,83430,0
2026-01-06 14:35:00+05:30,1409.9,1411.5,1408.7,1409.9,156243,0
2026-01-06 14:40:00+05:30,1409.9,1411.6,1409.5,1411.2,105105,0
2026-01-06 14:45:00+05:30,1411.2,1411.7,1410.3,1410.5,76062,0
2026-01-06 14:50:00+05:30,1410.5,1410.6,1409.3,1410.0,101243,0
2026-01-06 14:55:00+05:30,1410.0,1411.2,1409.4,1409.6,276163,0
2026-01-06 15:00:00+05:30,1409.9,1411.5,1409.6,1411.0,384902,0
2026-01-06 15:05:00+05:30,1411.2,1413.0,1410.6,1411.6,491519,0
2026-01-06 15:10:00+05:30,1411.7,1411.9,1410.4,1410.9,321107,0
2026-01-06 15:15:00+05:30,1410.9,1412.1,1410.4,1411.4,354210,0
2026-01-06 15:20:00+05:30,1411.4,1411.7,1410.4,1410.6,366110,0
2026-01-06 15:25:00+05:30,1410.6,1411.8,1409.0,1409.9,286817,0
2026-01-07 09:15:00+05:30,1408.0,1413.2,1404.2,1409.7,1465982,0
2026-01-07 09:20:00+05:30,1409.7,1410.2,1408.5,1409.3,158049,0
2026-01-07 09:25:00+05:30,1409.3,1412.7,1408.5,1410.7,500317,0
2026-01-07 09:30:00+05:30,1410.0,1410.9,1409.0,1410.8,60353,0
2026-01-07 09:35:00+05:30,1410.5,1413.6,1410.5,1413.0,91426,0
2026-01-07 09:40:00+05:30,1412.6,1417.0,1412.5,1414.5,143206,0
2026-01-07 09:45:00+05:30,1414.5,1417.4,1413.9,1415.2,146807,0
2026-01-07 09:50:00+05:30,1415.1,1415.6,1413.6,1414.1,108031,0
2026-01-07 09:55:00+05:30,1414.0,1414.4,1412.8,1413.6,74386,0
2026-01-07 10:00:00+05:30,1413.6,1415.1,1412.7,1413.0,102961,0
2026-01-07 10:05:00+05:30,1413.0,1413.9,1412.7,1413.7,53252,0
2026-01-07 10:10:00+05:30,1413.5,1416.1,1412.6,1416.0,397157,0
2026-01-07 10:15:00+05:30,1416.0,1417.5,1414.0,1414.7,98796,0
2026-01-07 10:20:00+05:30,1414.7,1414.7,1412.6,1414.4,73433,0
2026-01-07 10:25:00+05:30,1414.4,1417.2,1413.9,1416.8,163933,0
2026-01-07 10:30:00+05:30,1416.9,1418.8,1416.4,1418.8,168055,0
2026-01-07 10:35:00+05:30,1418.8,1420.5,1418.6,1420.0,251198,0
2026-01-07 10:40:00+05:30,1420.4,1424.0,1420.0,1423.4,391007,0
2026-01-07 10:45:00+05:30,1423.4,1425.5,1423.4,1425.0,336135,0
2026-01-07 10:50:00+05:30,1425.0,1426.4,1425.0,1425.8,178030,0
2026-01-07 10:55:00+05:30,1426.0,1427.1,1422.6,1425.3,338241,0
2026-01-07 11:00:00+05:30,1425.3,1427.5,1425.0,1427.2,141317,0
2026-01-07 11:05:00+05:30,1427.0,1428.3,1426.5,1427.5,226520,0
2026-01-07 11:10:00+05:30,1427.6,1427.6,1422.9,1425.1,831141,0
2026-01-07 11:15:00+05:30,1424.9,1426.0,1423.9,1426.0,205340,0
2026-01-07 11:20:00+05:30,1426.0,1426.0,1423.0,1424.7,662741,0
2026-01-07 11:25:00+05:30,1424.7,1425.0,1423.3,1424.2,380927,0
2026-01-07 11:30:00+05:30,1423.9,1424.6,1423.6,1424.4,40507,0
2026-01-07 11:35:00+05:30,1424.5,1425.0,1423.3,1424.0,132036,0
2026-01-07 11:40:00+05:30,1424.0,1424.0,1423.4,1423.8,55969,0
2026-01-07 11:45:00+05:30,1423.9,1424.3,1422.9,1423.8,87039,0
2026-01-07 11:50:00+05:30,1424.0,1424.9,1423.1,1423.8,130750,0
2026-01-07 11:55:00+05:30,1423.8,1424.0,1423.3,1423.7,59174,0
2026-01-07 12:00:00+05:30,1423.7,1424.3,1423.6,1424.0,66099,0
2026-01-07 12:05:00+05:30,1424.0,1424.7,1423.7,1424.6,111935,0
2026-01-07 12:10:00+05:30,1424.6,1424.9,1423.8,1424.3,64454,0
2026-01-07 12:15:00+05:30,1424.3,1424.9,1423.7,1423.9,46119,0
2026-01-07 12:20:00+05:30,1423.9,1425.3,1423.0,1425.0,259508,0
2026-01-07 12:25:00+05:30,1425.0,1427.3,1424.6,1426.6,144923,0
2026-01-07 12:30:00+05:30,1426.6,1427.6,1426.2,1427.0,112317,0
2026-01-07 12:35:00+05:30,1427.0,1427.0,1424.5,1425.0,99880,0
2026-01-07 12:40:00+05:30,1425.0,1425.5,1424.5,1425.0,63985,0
2026-01-07 12:45:00+05:30,1425.0,1425.3,1424.5,1425.2,43299,0
2026-01-07 12:50:00+05:30,1425.2,1425.5,1423.9,1425.1,60202,0
2026-01-07 12:55:00+05:30,1425.1,1426.3,1424.7,1425.9,1492291,0
2026-01-07 13:00:00+05:30,1425.9,1427.9,1425.4,1426.8,193903,0
2026-01-07 13:05:00+05:30,1426.8,1426.8,1425.6,1426.4,108319,0
2026-01-07 13:10:00+05:30,1426.4,1426.9,1425.0,1426.6,71541,0
2026-01-07 13:15:00+05:30,1426.6,1429.3,1425.7,1428.5,180953,0
2026-01-07 13:20:00+05:30,1428.5,1429.2,1426.4,1427.0,122768,0
2026-01-07 13:25:00+05:30,1427.0,1428.1,1425.6,1426.0,485955,0
2026-01-07 13:30:00+05:30,1426.1,1426.4,1422.7,1423.7,128772,0
2026-01-07 13:35:00+05:30,1423.2,1424.1,1422.3,1422.7,119810,0
2026-01-07 13:40:00+05:30,1422.7,1422.9,1418.5,1419.0,183653,0
2026-01-07 13:45:00+05:30,1419.0,1420.3,1418.5,1419.6,131981,0
2026-01-07 13:50:00+05:30,1419.6,1420.8,1418.5,1420.2,133185,0
2026-01-07 13:55:00+05:30,1420.2,1422.3,1420.0,1422.3,119413,0
2026-01-07 14:00:00+05:30,1422.3,1423.0,1421.5,1422.4,69978,0
2026-01-07 14:05:00+05:30,1422.2,1423.3,1421.7,1423.3,72999,0
2026-01-07 14:10:00+05:30,1423.3,1423.8,1422.6,1423.2,63279,0
2026-01-07 14:15:00+05:30,1423.3,1423.7,1422.5,1422.7,184950,0
2026-01-07 14:20:00+05:30,1423.0,1424.0,1422.6,1423.4,122964,0
2026-01-07 14:25:00+05:30,1423.4,1425.0,1423.0,1425.0,73286,0
2026-01-07 14:30:00+05:30,1425.0,1425.9,1424.8,1425.6,151194,0
2026-01-07 14:35:00+05:30,1425.6,1426.4,1425.2,1426.2,78224,0
2026-01-07 14:40:00+05:30,1426.3,1429.5,1426.1,1428.0,170968,0
2026-01-07 14:45:00+05:30,1428.0,1428.9,1426.9,1427.6,178559,0
2026-01-07 14:50:00+05:30,1427.6,1427.9,1426.1,1427.3,115537,0
2026-01-07 14:55:00+05:30,1427.3,1427.4,1426.6,1427.3,90588,0
2026-01-07 15:00:00+05:30,1427.3,1428.0,1426.8,1427.2,282688,0
2026-01-07 15:05:00+05:30,1427.3,1429.3,1427.1,1429.1,237971,0
2026-01-07 15:10:00+05:30,1429.1,1429.9,1428.1,1428.5,289883,0
2026-01-07 15:15:00+05:30,1428.6,1429.0,1427.1,1427.1,267811,0
2026-01-07 15:20:00+05:30,1427.2,1427.5,1425.2,1425.4,293803,0
2026-01-07 15:25:00+05:30,1425.4,1429.4,1425.1,1425.6,267101,0
2026-01-08 09:15:00+05:30,1429.0,1438.0,1423.3,1437.4,908533,0
2026-01-08 09:20:00+05:30,1437.4,1437.8,1431.3,1436.8,377707,0
2026-01-08 09:25:00+05:30,1436.7,1437.7,1433.1,1435.2,288354,0
2026-01-08 09:30:00+05:30,1435.2,1439.6,1433.5,1438.4,505205,0
2026-01-08 09:35:00+05:30,1438.3,1440.5,1437.5,1438.2,685238,0
2026-01-08 09:40:00+05:30,1438.3,1440.5,1437.5,1439.7,717670,0
2026-01-08 09:45:00+05:30,1439.7,1439.8,1437.5,1439.0,785983,0
2026-01-08 09:50:00+05:30,1439.0,1439.6,1436.6,1436.7,400648,0
2026-01-08 09:55:00+05:30,1437.0,1437.8,1433.5,1434.8,237742,0
2026-01-08 10:00:00+05:30,1434.5,1436.8,1433.0,1435.7,100611,0
2026-01-08 10:05:00+05:30,1435.6,1437.7,1435.1,1435.8,80043,0
2026-01-08 10:10:00+05:30,1436.0,1436.0,1433.9,1434.4,146198,0
2026-01-08 10:15:00+05:30,1434.4,1435.5,1433.1,1434.4,124433,0
2026-01-08 10:20:00+05:30,1434.4,1435.0,1433.2,1433.4,68644,0
2026-01-08 10:25:00+05:30,1433.4,1435.3,1432.6,1434.8,97813,0
2026-01-08 10:30:00+05:30,1434.9,1435.1,1434.0,1434.8,66659,0
2026-01-08 10:35:00+05:30,1434.8,1435.4,1433.7,1435.0,97454,0
2026-01-08 10:40:00+05:30,1435.0,1435.5,1434.7,1434.8,54636,0
2026-01-08 10:45:00+05:30,1434.8,1435.3,1434.5,1435.1,47785,0
2026-01-08 10:50:00+05:30,1434.9,1435.5,1432.9,1433.2,203080,0
2026-01-08 10:55:00+05:30,1433.2,1434.2,1431.4,1434.2,159877,0
2026-01-08 11:00:00+05:30,1433.9,1435.3,1433.8,1435.1,146956,0
2026-01-08 11:05:00+05:30,1434.8,1436.0,1433.8,1435.9,239857,0
2026-01-08 11:10:00+05:30,1436.0,1436.0,1434.5,1435.6,124041,0
2026-01-08 11:15:00+05:30,1435.4,1436.0,1434.8,1435.8,115920,0
2026-01-08 11:20:00+05:30,1435.8,1436.0,1434.5,1435.5,141865,0
2026-01-08 11:25:00+05:30,1435.5,1436.9,1435.2,1436.8,128659,0
2026-01-08 11:30:00+05:30,1436.8,1437.5,1436.3,1436.9,74058,0
2026-01-08 11:35:00+05:30,1436.9,1437.1,1435.0,1435.7,199828,0
2026-01-08 11:40:00+05:30,1435.7,1436.6,1435.2,1435.7,265499,0
2026-01-08 11:45:00+05:30,1435.7,1436.6,1435.1,1436.1,202534,0
2026-01-08 11:50:00+05:30,1436.1,1437.0,1436.0,1436.4,53495,0
2026-01-08 11:55:00+05:30,1436.4,1437.0,1435.7,1436.2,69668,0
2026-01-08 12:00:00+05:30,1436.2,1436.8,1432.8,1433.0,213711,0
2026-01-08 12:05:00+05:30,1433.5,1434.1,1429.2,1433.1,320309,0
2026-01-08 12:10:00+05:30,1433.1,1435.0,1431.9,1434.7,252571,0
2026-01-08 12:15:00+05:30,1434.6,1436.7,1434.0,1436.1,302892,0
2026-01-08 12:20:00+05:30,1436.4,1436.6,1434.1,1434.8,128693,0
2026-01-08 12:25:00+05:30,1434.8,1435.5,1434.3,1434.7,69192,0
2026-01-08 12:30:00+05:30,1434.6,1435.5,1434.2,1434.7,128955,0
2026-01-08 12:35:00+05:30,1434.8,1435.3,1434.4,1434.8,138035,0
2026-01-08 12:40:00+05:30,1434.8,1435.4,1432.8,1434.9,137678,0
2026-01-08 12:45:00+05:30,1434.9,1435.1,1433.7,1434.6,254295,0
2026-01-08 12:50:00+05:30,1434.7,1435.0,1433.0,1433.5,182837,0
2026-01-08 12:55:00+05:30,1433.5,1434.3,1432.6,1433.3,86187,0
2026-01-08 13:00:00+05:30,1433.2,1433.6,1432.1,1433.5,61163,0
2026-01-08 13:05:00+05:30,1433.6,1434.0,1432.8,1433.7,50328,0
2026-01-08 13:10:00+05:30,1433.6,1434.9,1433.3,1434.5,51868,0
2026-01-08 13:15:00+05:30,1434.5,1434.7,1434.3,1434.4,40333,0
2026-01-08 13:20:00+05:30,1434.4,1434.6,1433.3,1433.9,64022,0
2026-01-08 13:25:00+05:30,1434.0,1434.1,1432.9,1433.6,58668,0
2026-01-08 13:30:00+05:30,1433.6,1434.0,1433.0,1433.3,61750,0
2026-01-08 13:35:00+05:30,1433.3,1434.6,1433.3,1434.3,54094,0
2026-01-08 13:40:00+05:30,1434.3,1434.7,1433.8,1433.9,89412,0
2026-01-08 13:45:00+05:30,1433.9,1435.3,1433.5,1435.0,162682,0
2026-01-08 13:50:00+05:30,1434.9,1436.8,1434.5,1436.6,131633,0
2026-01-08 13:55:00+05:30,1436.6,1437.9,1436.3,1437.4,114617,0
2026-01-08 14:00:00+05:30,1437.5,1438.8,1437.2,1437.8,93679,0
2026-01-08 14:05:00+05:30,1437.8,1438.7,1436.8,1437.7,285706,0
2026-01-08 14:10:00+05:30,1437.5,1438.9,1437.2,1438.4,146055,0
2026-01-08 14:15:00+05:30,1438.3,1438.6,1437.7,1438.3,87124,0
2026-01-08 14:20:00+05:30,1438.4,1440.8,1437.9,1439.9,294753,0
2026-01-08 14:25:00+05:30,1439.9,1440.8,1438.7,1439.1,158152,0
2026-01-08 14:30:00+05:30,1439.0,1440.2,1438.7,1440.0,242624,0
2026-01-08 14:35:00+05:30,1439.9,1442.0,1438.6,1441.9,200827,0
2026-01-08 14:40:00+05:30,1442.0,1442.2,1440.4,1440.9,126351,0
2026-01-08 14:45:00+05:30,1440.6,1440.9,1434.5,1434.7,225463,0
2026-01-08 14:50:00+05:30,1434.6,1435.1,1431.9,1432.4,206111,0
2026-01-08 14:55:00+05:30,1432.1,1433.9,1431.2,1432.9,136651,0
2026-01-08 15:00:00+05:30,1432.9,1436.4,1432.6,1434.4,288322,0
2026-01-08 15:05:00+05:30,1434.8,1436.8,1434.4,1435.7,327617,0
2026-01-08 15:10:00+05:30,1435.7,1436.9,1435.3,1435.8,229765,0
2026-01-08 15:15:00+05:30,1435.7,1436.4,1433.3,1434.6,280753,0
2026-01-08 15:20:00+05:30,1434.5,1434.9,1433.5,1434.0,262576,0
2026-01-08 15:25:00+05:30,1433.9,1435.4,1433.0,1434.9,195949,0
2026-01-09 09:15:00+05:30,1427.1,1429.5,1419.5,1422.1,718352,0
2026-01-09 09:20:00+05:30,1422.1,1422.9,1418.0,1419.0,370221,0
2026-01-09 09:25:00+05:30,1419.0,1421.7,1417.2,1417.3,225130,0
2026-01-09 09:30:00+05:30,1417.3,1417.7,1415.6,1417.5,182645,0
2026-01-09 09:35:00+05:30,1417.5,1420.6,1416.9,1418.9,96723,0
2026-01-09 09:40:00+05:30,1419.0,1419.2,1417.1,1418.6,89064,0
2026-01-09 09:45:00+05:30,1418.4,1418.4,1414.3,1414.3,140845,0
2026-01-09 09:50:00+05:30,1414.7,1416.1,1413.9,1415.1,76976,0
2026-01-09 09:55:00+05:30,1415.1,1417.2,1414.6,1414.9,119143,0
2026-01-09 10:00:00+05:30,1415.1,1416.3,1413.1,1413.8,103932,0
2026-01-09 10:05:00+05:30,1414.0,1414.7,1413.0,1413.2,91343,0
2026-01-09 10:10:00+05:30,1413.1,1414.2,1412.2,1412.9,105351,0
2026-01-09 10:15:00+05:30,1412.9,1413.4,1411.0,1411.6,74925,0
2026-01-09 10:20:00+05:30,1411.6,1412.0,1409.0,1411.0,202945,0
2026-01-09 10:25:00+05:30,1411.0,1415.3,1410.0,1412.9,293338,0
2026-01-09 10:30:00+05:30,1412.7,1412.8,1408.0,1408.3,85809,0
2026-01-09 10:35:00+05:30,1408.3,1409.6,1407.0,1408.0,140243,0
2026-01-09 10:40:00+05:30,1408.5,1410.3,1406.9,1408.4,176956,0
2026-01-09 10:45:00+05:30,1408.7,1408.7,1405.1,1405.5,428574,0
2026-01-09 10:50:00+05:30,1405.8,1406.1,1402.1,1403.5,258359,0
2026-01-09 10:55:00+05:30,1403.4,1405.3,1403.2,1405.0,119343,0
2026-01-09 11:00:00+05:30,1405.2,1405.2,1403.0,1403.4,72107,0
2026-01-09 11:05:00+05:30,1403.4,1404.2,1402.1,1403.0,137486,0
2026-01-09 11:10:00+05:30,1403.0,1403.8,1402.5,1403.0,51093,0
2026-01-09 11:15:00+05:30,1403.5,1404.9,1403.0,1403.9,88598,0
2026-01-09 11:20:00+05:30,1403.8,1404.2,1402.5,1403.2,44749,0
2026-01-09 11:25:00+05:30,1403.2,1403.9,1402.6,1403.2,50898,0
2026-01-09 11:30:00+05:30,1403.3,1406.3,1403.2,1404.6,68895,0
2026-01-09 11:35:00+05:30,1404.6,1404.8,1403.5,1404.7,107233,0
2026-01-09 11:40:00+05:30,1404.8,1408.3,1404.6,1405.6,129161,0
2026-01-09 11:45:00+05:30,1405.6,1406.5,1404.4,1405.4,67607,0
2026-01-09 11:50:00+05:30,1405.4,1406.0,1403.5,1403.9,368375,0
2026-01-09 11:55:00+05:30,1403.9,1404.4,1403.0,1403.8,190649,0
2026-01-09 12:00:00+05:30,1403.8,1404.8,1403.1,1404.1,214172,0
2026-01-09 12:05:00+05:30,1404.3,1404.5,1403.0,1403.4,103852,0
2026-01-09 12:10:00+05:30,1403.4,1403.6,1402.6,1403.0,162009,0
2026-01-09 12:15:00+05:30,1403.0,1405.7,1402.6,1405.6,442388,0
2026-01-09 12:20:00+05:30,1405.6,1406.0,1403.6,1405.7,325550,0
2026-01-09 12:25:00+05:30,1405.7,1407.3,1405.2,1407.0,58633,0
2026-01-09 12:30:00+05:30,1407.0,1407.2,1405.1,1406.7,62345,0
2026-01-09 12:35:00+05:30,1406.4,1407.8,1405.3,1407.7,100817,0
2026-01-09 12:40:00+05:30,1407.4,1407.7,1406.2,1407.3,64451,0
2026-01-09 12:45:00+05:30,1407.3,1407.5,1405.6,1406.0,265211,0
2026-01-09 12:50:00+05:30,1405.9,1406.5,1405.1,1406.0,118627,0
2026-01-09 12:55:00+05:30,1406.0,1407.2,1405.3,1405.3,153601,0
2026-01-09 13:00:00+05:30,1405.7,1406.0,1404.2,1404.6,86888,0
2026-01-09 13:05:00+05:30,1404.6,1404.9,1403.4,1404.0,355198,0
2026-01-09 13:10:00+05:30,1404.0,1405.2,1403.6,1403.9,164548,0
2026-01-09 13:15:00+05:30,1403.9,1404.0,1403.1,1404.0,54722,0
2026-01-09 13:20:00+05:30,1403.9,1404.1,1403.5,1403.5,166717,0
2026-01-09 13:25:00+05:30,1403.5,1406.0,1403.1,1405.4,132206,0
2026-01-09 13:30:00+05:30,1405.4,1405.5,1404.5,1404.8,233617,0
2026-01-09 13:35:00+05:30,1404.8,1406.0,1404.4,1404.8,390756,0
2026-01-09 13:40:00+05:30,1404.8,1405.6,1404.0,1404.9,129651,0
2026-01-09 13:45:00+05:30,1404.8,1406.0,1404.3,1405.3,190381,0
2026-01-09 13:50:00+05:30,1405.2,1405.4,1403.0,1404.1,155844,0
2026-01-09 13:55:00+05:30,1404.1,1405.0,1403.5,1403.8,80807,0
2026-01-09 14:00:00+05:30,1403.9,1404.5,1403.1,1404.2,121506,0
2026-01-09 14:05:00+05:30,1404.3,1404.4,1403.2,1404.0,81037,0
2026-01-09 14:10:00+05:30,1404.0,1404.6,1403.3,1403.8,76072,0
2026-01-09 14:15:00+05:30,1404.0,1404.6,1402.9,1403.3,83226,0
2026-01-09 14:20:00+05:30,1403.5,1404.8,1403.2,1404.6,103143,0
2026-01-09 14:25:00+05:30,1404.4,1405.4,1404.2,1405.0,117073,0
2026-01-09 14:30:00+05:30,1405.0,1405.9,1404.8,1405.6,133345,0
2026-01-09 14:35:00+05:30,1405.6,1406.0,1404.9,1405.4,119006,0
2026-01-09 14:40:00+05:30,1405.4,1405.7,1402.6,1403.9,173502,0
2026-01-09 14:45:00+05:30,1403.8,1404.4,1403.4,1404.2,131861,0
2026-01-09 14:50:00+05:30,1404.2,1404.6,1403.0,1403.1,100162,0
2026-01-09 14:55:00+05:30,1403.1,1403.5,1402.6,1403.0,103448,0
2026-01-09 15:00:00+05:30,1403.1,1406.8,1402.5,1406.1,283566,0
2026-01-09 15:05:00+05:30,1406.1,1406.5,1405.1,1405.9,200693,0
2026-01-09 15:10:00+05:30,1405.9,1407.6,1403.4,1403.9,266475,0
2026-01-09 15:15:00+05:30,1403.6,1404.3,1402.2,1402.7,241263,0
2026-01-09 15:20:00+05:30,1402.7,1403.6,1402.1,1402.7,286180,0
2026-01-09 15:25:00+05:30,1402.7,1405.0,1401.5,1405.0,243444,0
2026-01-12 09:15:00+05:30,1399.9,1400.1,1391.7,1394.8,765176,0
2026-01-12 09:20:00+05:30,1394.7,1396.9,1393.8,1395.9,252757,0
2026-01-12 09:25:00+05:30,1395.9,1397.0,1393.6,1395.2,169309,0
2026-01-12 09:30:00+05:30,1395.0,1396.0,1394.0,1395.7,150940,0
2026-01-12 09:35:00+05:30,1395.7,1396.3,1395.0,1396.0,129217,0
2026-01-12 09:40:00+05:30,1395.6,1398.0,1395.2,1396.4,210238,0
2026-01-12 09:45:00+05:30,1396.5,1399.1,1396.5,1398.7,150090,0
2026-01-12 09:50:00+05:30,1398.7,1399.7,1397.3,1398.0,71996,0
2026-01-12 09:55:00+05:30,1398.0,1400.1,1398.0,1398.4,61109,0
2026-01-12 10:00:00+05:30,1398.4,1404.0,1398.4,1402.8,130921,0
2026-01-12 10:05:00+05:30,1402.8,1404.0,1399.8,1402.7,162143,0
2026-01-12 10:10:00+05:30,1402.8,1405.0,1401.3,1403.8,151768,0
2026-01-12 10:15:00+05:30,1403.8,1408.1,1403.6,1407.6,257497,0
2026-01-12 10:20:00+05:30,1407.7,1407.9,1404.4,1405.2,107247,0
2026-01-12 10:25:00+05:30,1405.1,1406.9,1404.8,1405.3,50881,0
2026-01-12 10:30:00+05:30,1405.3,1407.5,1404.9,1406.0,35219,0
2026-01-12 10:35:00+05:30,1405.9,1407.8,1404.9,1406.5,120023,0
2026-01-12 10:40:00+05:30,1406.4,1409.3,1406.1,1407.7,184322,0
2026-01-12 10:45:00+05:30,1407.7,1408.4,1405.4,1406.5,195687,0
2026-01-12 10:50:00+05:30,1406.1,1406.3,1404.2,1404.8,581978,0
2026-01-12 10:55:00+05:30,1404.5,1406.2,1404.2,1405.0,103433,0
2026-01-12 11:00:00+05:30,1405.1,1407.3,1404.7,1407.0,45256,0
2026-01-12 11:05:00+05:30,1407.0,1407.7,1406.3,1406.9,71652,0
2026-01-12 11:10:00+05:30,1406.9,1409.3,1406.7,1408.5,188984,0
2026-01-12 11:15:00+05:30,1408.5,1408.6,1404.6,1404.9,133791,0
2026-01-12 11:20:00+05:30,1404.9,1406.7,1404.4,1406.0,134227,0
2026-01-12 11:25:00+05:30,1406.0,1407.3,1406.0,1407.0,41525,0
2026-01-12 11:30:00+05:30,1406.9,1408.7,1405.2,1406.1,487672,0
2026-01-12 11:35:00+05:30,1406.1,1407.5,1405.6,1406.3,53288,0
2026-01-12 11:40:00+05:30,1406.4,1406.9,1405.9,1406.4,58953,0
2026-01-12 11:45:00+05:30,1406.4,1407.3,1406.0,1407.1,43103,0
2026-01-12 11:50:00+05:30,1407.0,1408.4,1406.7,1407.8,54747,0
2026-01-12 11:55:00+05:30,1407.7,1408.0,1406.2,1406.6,41523,0
2026-01-12 12:00:00+05:30,1406.6,1408.0,1406.2,1407.1,65526,0
2026-01-12 12:05:00+05:30,1407.1,1408.0,1407.0,1407.5,81555,0
2026-01-12 12:10:00+05:30,1407.5,1407.7,1405.4,1407.3,97981,0
2026-01-12 12:15:00+05:30,1407.2,1408.2,1406.0,1407.9,96783,0
2026-01-12 12:20:00+05:30,1407.9,1413.8,1407.6,1413.6,243508,0
2026-01-12 12:25:00+05:30,1413.6,1415.5,1411.3,1414.0,168399,0
2026-01-12 12:30:00+05:30,1413.9,1419.4,1413.6,1419.3,275203,0
2026-01-12 12:35:00+05:30,1419.2,1422.8,1418.5,1420.9,526364,0
2026-01-12 12:40:00+05:30,1420.8,1423.9,1419.6,1423.2,152556,0
2026-01-12 12:45:00+05:30,1423.1,1423.8,1421.5,1421.8,86189,0
2026-01-12 12:50:00+05:30,1421.8,1423.6,1421.6,1423.4,52537,0
2026-01-12 12:55:00+05:30,1423.4,1424.3,1422.1,1423.9,91263,0
2026-01-12 13:00:00+05:30,1423.9,1424.3,1421.1,1421.7,93462,0
2026-01-12 13:05:00+05:30,1421.8,1422.6,1419.4,1420.3,82030,0
2026-01-12 13:10:00+05:30,1420.4,1421.0,1419.7,1420.1,86043,0
2026-01-12 13:15:00+05:30,1420.1,1420.8,1417.8,1418.5,65416,0
2026-01-12 13:20:00+05:30,1418.4,1419.0,1417.7,1418.2,56238,0
2026-01-12 13:25:00+05:30,1418.2,1418.5,1416.0,1417.0,64465,0
2026-01-12 13:30:00+05:30,1417.2,1420.0,1417.0,1420.0,62770,0
2026-01-12 13:35:00+05:30,1419.9,1421.0,1418.5,1419.3,83662,0
2026-01-12 13:40:00+05:30,1419.1,1419.8,1418.2,1418.3,72259,0
2026-01-12 13:45:00+05:30,1418.3,1419.8,1417.8,1417.9,99787,0
2026-01-12 13:50:00+05:30,1417.9,1418.3,1417.1,1417.9,65074,0
2026-01-12 13:55:00+05:30,1417.8,1418.1,1417.0,1417.8,52670,0
2026-01-12 14:00:00+05:30,1417.8,1417.9,1415.7,1416.6,116131,0
2026-01-12 14:05:00+05:30,1416.6,1417.1,1416.2,1416.7,46378,0
2026-01-12 14:10:00+05:30,1416.7,1417.0,1416.0,1416.6,62005,0
2026-01-12 14:15:00+05:30,1416.7,1416.9,1415.6,1415.6,89456,0
2026-01-12 14:20:00+05:30,1415.7,1416.1,1414.6,1415.8,81196,0
2026-01-12 14:25:00+05:30,1415.6,1416.3,1414.2,1414.6,149035,0
2026-01-12 14:30:00+05:30,1414.6,1415.9,1413.9,1414.2,92916,0
2026-01-12 14:35:00+05:30,1414.2,1414.7,1411.2,1413.2,120991,0
2026-01-12 14:40:00+05:30,1413.2,1414.5,1413.0,1413.5,75677,0
2026-01-12 14:45:00+05:30,1413.5,1415.0,1413.4,1413.7,96587,0
2026-01-12 14:50:00+05:30,1413.7,1414.6,1413.6,1413.8,63757,0
2026-01-12 14:55:00+05:30,1413.8,1414.7,1413.5,1413.7,62181,0
2026-01-12 15:00:00+05:30,1413.8,1413.8,1410.7,1411.3,165293,0
2026-01-12 15:05:00+05:30,1410.8,1411.8,1410.0,1410.8,228833,0
2026-01-12 15:10:00+05:30,1410.6,1412.2,1410.2,1410.6,256269,0
2026-01-12 15:15:00+05:30,1410.6,1411.7,1410.4,1411.3,197453,0
2026-01-12 15:20:00+05:30,1411.3,1416.2,1411.0,1415.9,423407,0
2026-01-12 15:25:00+05:30,1416.0,1420.0,1415.0,1420.0,377608,0
2026-01-13 09:15:00+05:30,1420.0,1423.0,1416.1,1417.9,956882,0
2026-01-13 09:20:00+05:30,1417.9,1418.0,1412.2,1412.9,193532,0
2026-01-13 09:25:00+05:30,1412.9,1415.3,1412.6,1414.1,74823,0
2026-01-13 09:30:00+05:30,1413.9,1415.4,1412.1,1414.5,65150,0
2026-01-13 09:35:00+05:30,1414.0,1414.6,1412.1,1414.4,66471,0
2026-01-13 09:40:00+05:30,1414.0,1415.7,1411.1,1415.7,53094,0
2026-01-13 09:45:00+05:30,1415.3,1418.0,1415.1,1415.9,79660,0
2026-01-13 09:50:00+05:30,1415.8,1419.7,1415.2,1418.7,111067,0
2026-01-13 09:55:00+05:30,1418.7,1419.6,1417.7,1419.0,112480,0
2026-01-13 10:00:00+05:30,1419.0,1421.7,1418.8,1421.5,105099,0
2026-01-13 10:05:00+05:30,1421.5,1424.7,1420.3,1424.4,152730,0
2026-01-13 10:10:00+05:30,1424.4,1424.9,1422.0,1422.7,141347,0
2026-01-13 10:15:00+05:30,1422.7,1423.8,1421.5,1421.6,99184,0
2026-01-13 10:20:00+05:30,1421.5,1423.8,1421.1,1423.7,60260,0
2026-01-13 10:25:00+05:30,1423.7,1426.0,1422.8,1425.2,142860,0
2026-01-13 10:30:00+05:30,1425.2,1429.8,1424.7,1428.7,162254,0
2026-01-13 10:35:00+05:30,1428.5,1429.0,1426.1,1426.9,68868,0
2026-01-13 10:40:00+05:30,1426.7,1427.9,1425.6,1427.5,83051,0
2026-01-13 10:45:00+05:30,1427.2,1427.9,1425.1,1427.1,198657,0
2026-01-13 10:50:00+05:30,1427.0,1427.7,1425.9,1427.0,136375,0
2026-01-13 10:55:00+05:30,1426.8,1428.8,1426.2,1427.9,162158,0
2026-01-13 11:00:00+05:30,1427.9,1429.0,1426.5,1427.8,115673,0
2026-01-13 11:05:00+05:30,1428.4,1434.9,1427.8,1434.8,336430,0
2026-01-13 11:10:00+05:30,1434.7,1435.6,1431.3,1434.2,253791,0
2026-01-13 11:15:00+05:30,1434.2,1434.2,1431.9,1433.3,174686,0
2026-01-13 11:20:00+05:30,1433.3,1433.3,1431.3,1432.3,55237,0
2026-01-13 11:25:00+05:30,1432.1,1434.0,1432.1,1433.1,56011,0
2026-01-13 11:30:00+05:30,1433.1,1434.5,1432.5,1434.4,70026,0
2026-01-13 11:35:00+05:30,1434.3,1436.9,1433.7,1436.4,241077,0
2026-01-13 11:40:00+05:30,1436.2,1437.8,1436.2,1436.8,107953,0
2026-01-13 11:45:00+05:30,1436.5,1436.9,1434.9,1436.0,115558,0
2026-01-13 11:50:00+05:30,1436.0,1436.0,1434.0,1435.3,95919,0
2026-01-13 11:55:00+05:30,1435.2,1436.3,1434.1,1435.6,84423,0
2026-01-13 12:00:00+05:30,1435.9,1436.8,1434.3,1434.6,113445,0
2026-01-13 12:05:00+05:30,1434.6,1437.3,1434.0,1436.8,140930,0
2026-01-13 12:10:00+05:30,1436.8,1437.0,1434.5,1434.8,73332,0
2026-01-13 12:15:00+05:30,1434.7,1437.2,1433.5,1437.2,202498,0
2026-01-13 12:20:00+05:30,1437.1,1438.4,1436.2,1436.4,124836,0
2026-01-13 12:25:00+05:30,1436.3,1437.9,1436.1,1437.9,87759,0
2026-01-13 12:30:00+05:30,1437.8,1438.0,1436.1,1436.6,74164,0
2026-01-13 12:35:00+05:30,1436.6,1438.8,1436.5,1438.0,108217,0
2026-01-13 12:40:00+05:30,1438.0,1439.0,1435.0,1437.3,364682,0
2026-01-13 12:45:00+05:30,1437.6,1438.3,1435.3,1436.8,151332,0
2026-01-13 12:50:00+05:30,1436.8,1436.8,1432.7,1433.7,147124,0
2026-01-13 12:55:00+05:30,1433.6,1435.8,1433.3,1434.0,75299,0
2026-01-13 13:00:00+05:30,1434.0,1434.4,1432.1,1433.9,89119,0
2026-01-13 13:05:00+05:30,1433.8,1435.9,1432.3,1435.7,159032,0
2026-01-13 13:10:00+05:30,1435.6,1437.0,1435.1,1437.0,82160,0
2026-01-13 13:15:00+05:30,1436.9,1437.3,1435.3,1436.6,74907,0
2026-01-13 13:20:00+05:30,1436.4,1438.4,1435.8,1438.0,192128,0
2026-01-13 13:25:00+05:30,1438.0,1438.2,1434.5,1435.3,296397,0
2026-01-13 13:30:00+05:30,1435.2,1436.2,1434.6,1435.6,63880,0
2026-01-13 13:35:00+05:30,1435.2,1437.6,1435.0,1437.3,84947,0
2026-01-13 13:40:00+05:30,1437.3,1437.3,1434.8,1436.2,118214,0
2026-01-13 13:45:00+05:30,1436.1,1436.9,1435.1,1436.8,130188,0
2026-01-13 13:50:00+05:30,1436.8,1437.4,1436.2,1436.4,127605,0
2026-01-13 13:55:00+05:30,1436.4,1436.4,1435.7,1436.0,66652,0
2026-01-13 14:00:00+05:30,1435.9,1437.2,1434.6,1435.2,180502,0
2026-01-13 14:05:00+05:30,1435.1,1437.0,1434.5,1437.0,108926,0
2026-01-13 14:10:00+05:30,1436.9,1437.0,1434.4,1435.4,128607,0
2026-01-13 14:15:00+05:30,1435.8,1436.0,1434.6,1435.7,139215,0
2026-01-13 14:20:00+05:30,1435.5,1437.0,1434.7,1435.0,195070,0
2026-01-13 14:25:00+05:30,1434.9,1435.9,1434.6,1435.0,240529,0
2026-01-13 14:30:00+05:30,1435.0,1436.2,1433.1,1434.9,205129,0
2026-01-13 14:35:00+05:30,1434.9,1436.2,1434.1,1435.5,96466,0
2026-01-13 14:40:00+05:30,1435.6,1437.9,1435.0,1436.5,422443,0
2026-01-13 14:45:00+05:30,1436.5,1439.2,1435.8,1438.3,398691,0
2026-01-13 14:50:00+05:30,1437.9,1440.0,1437.5,1438.2,225782,0
2026-01-13 14:55:00+05:30,1438.0,1438.8,1436.3,1438.0,281953,0
2026-01-13 15:00:00+05:30,1438.4,1441.8,1434.5,1434.9,1051878,0
2026-01-13 15:05:00+05:30,1434.9,1438.2,1434.7,1436.5,988302,0
2026-01-13 15:10:00+05:30,1436.3,1437.3,1435.2,1435.8,480689,0
2026-01-13 15:15:00+05:30,1435.9,1437.6,1435.6,1436.9,454419,0
2026-01-13 15:20:00+05:30,1436.9,1437.7,1435.2,1435.9,335944,0
2026-01-13 15:25:00+05:30,1435.9,1437.0,1435.0,1436.5,278371,0
2026-01-14 09:15:00+05:30,1425.6,1443.9,1425.1,1439.0,1422976,0
2026-01-14 09:20:00+05:30,1439.1,1441.2,1435.0,1436.4,772260,0
2026-01-14 09:25:00+05:30,1436.2,1440.8,1435.9,1440.4,201400,0
2026-01-14 09:30:00+05:30,1440.4,1442.1,1437.0,1437.0,302090,0
2026-01-14 09:35:00+05:30,1437.3,1440.0,1435.5,1436.0,247211,0
2026-01-14 09:40:00+05:30,1436.1,1436.3,1433.5,1433.9,126306,0
2026-01-14 09:45:00+05:30,1433.9,1433.9,1429.3,1431.2,129808,0
2026-01-14 09:50:00+05:30,1431.1,1433.9,1429.2,1431.5,489439,0
2026-01-14 09:55:00+05:30,1431.8,1435.0,1426.1,1426.2,372773,0
2026-01-14 10:00:00+05:30,1426.4,1426.9,1424.5,1425.2,169906,0
2026-01-14 10:05:00+05:30,1425.3,1425.3,1421.5,1422.4,137172,0
2026-01-14 10:10:00+05:30,1422.8,1423.0,1420.6,1421.4,142550,0
2026-01-14 10:15:00+05:30,1421.3,1425.0,1420.5,1422.4,332883,0
2026-01-14 10:20:00+05:30,1422.4,1422.8,1420.3,1422.2,71369,0
2026-01-14 10:25:00+05:30,1422.2,1423.8,1421.6,1422.9,66716,0
2026-01-14 10:30:00+05:30,1422.9,1422.9,1418.1,1418.3,151035,0
2026-01-14 10:35:00+05:30,1418.3,1418.6,1415.7,1416.8,89205,0
2026-01-14 10:40:00+05:30,1417.1,1421.0,1416.6,1418.5,126008,0
2026-01-14 10:45:00+05:30,1418.8,1418.9,1416.6,1417.5,167197,0
2026-01-14 10:50:00+05:30,1417.1,1418.8,1417.1,1418.1,101836,0
2026-01-14 10:55:00+05:30,1418.1,1418.6,1417.1,1418.5,93109,0
2026-01-14 11:00:00+05:30,1418.1,1418.6,1416.0,1416.6,85044,0
2026-01-14 11:05:00+05:30,1416.6,1418.9,1415.0,1417.5,173880,0
2026-01-14 11:10:00+05:30,1417.7,1418.1,1416.0,1416.6,97251,0
2026-01-14 11:15:00+05:30,1416.6,1420.6,1416.1,1419.8,132419,0
2026-01-14 11:20:00+05:30,1420.2,1421.7,1418.1,1418.1,396687,0
2026-01-14 11:25:00+05:30,1418.4,1427.9,1418.0,1427.1,250128,0
2026-01-14 11:30:00+05:30,1427.2,1427.8,1425.2,1426.5,84175,0
2026-01-14 11:35:00+05:30,1426.4,1427.0,1425.4,1426.5,51290,0
2026-01-14 11:40:00+05:30,1426.5,1428.0,1425.9,1426.8,71394,0
2026-01-14 11:45:00+05:30,1426.8,1429.8,1426.5,1429.5,84492,0
2026-01-14 11:50:00+05:30,1429.5,1429.5,1426.9,1427.5,61923,0
2026-01-14 11:55:00+05:30,1427.6,1430.8,1427.3,1429.6,128449,0
2026-01-14 12:00:00+05:30,1429.6,1431.8,1429.2,1429.6,81164,0
2026-01-14 12:05:00+05:30,1429.6,1430.9,1428.9,1429.6,59842,0
2026-01-14 12:10:00+05:30,1429.6,1429.6,1428.0,1429.1,50971,0
2026-01-14 12:15:00+05:30,1429.2,1431.8,1427.9,1431.7,107952,0
2026-01-14 12:20:00+05:30,1431.8,1431.9,1429.8,1430.0,56053,0
2026-01-14 12:25:00+05:30,1430.3,1430.7,1429.5,1430.0,62008,0
2026-01-14 12:30:00+05:30,1430.0,1430.4,1428.0,1428.7,57683,0
2026-01-14 12:35:00+05:30,1428.7,1429.8,1427.7,1427.7,102041,0
2026-01-14 12:40:00+05:30,1427.9,1429.4,1427.3,1427.5,33572,0
2026-01-14 12:45:00+05:30,1427.8,1428.7,1426.8,1427.0,55963,0
2026-01-14 12:50:00+05:30,1427.0,1427.2,1425.5,1426.3,52660,0
2026-01-14 12:55:00+05:30,1426.3,1427.0,1425.0,1425.1,87753,0
2026-01-14 13:00:00+05:30,1425.3,1425.8,1423.5,1424.1,56409,0
2026-01-14 13:05:00+05:30,1424.3,1425.2,1423.7,1424.3,52980,0
2026-01-14 13:10:00+05:30,1424.3,1424.9,1422.5,1422.8,71524,0
2026-01-14 13:15:00+05:30,1423.1,1424.8,1422.6,1423.8,62783,0
2026-01-14 13:20:00+05:30,1423.8,1424.3,1422.9,1423.5,70358,0
2026-01-14 13:25:00+05:30,1423.6,1424.4,1422.8,1423.1,64290,0
2026-01-14 13:30:00+05:30,1423.3,1424.7,1422.9,1423.7,51562,0
2026-01-14 13:35:00+05:30,1424.3,1424.5,1422.0,1422.4,76288,0
2026-01-14 13:40:00+05:30,1422.5,1422.5,1419.4,1420.1,122835,0
2026-01-14 13:45:00+05:30,1420.1,1422.5,1420.0,1421.2,47554,0
2026-01-14 13:50:00+05:30,1421.3,1422.0,1419.0,1419.0,196057,0
2026-01-14 13:55:00+05:30,1419.2,1419.2,1417.4,1419.0,94434,0
2026-01-14 14:00:00+05:30,1419.1,1419.6,1417.8,1418.2,113536,0
2026-01-14 14:05:00+05:30,1418.2,1420.9,1417.8,1420.1,178665,0
2026-01-14 14:10:00+05:30,1420.1,1421.9,1420.0,1421.0,103351,0
2026-01-14 14:15:00+05:30,1421.1,1422.7,1420.0,1422.0,197691,0
2026-01-14 14:20:00+05:30,1421.9,1422.1,1420.0,1420.2,314707,0
2026-01-14 14:25:00+05:30,1420.2,1421.6,1420.0,1420.9,203681,0
2026-01-14 14:30:00+05:30,1420.9,1422.2,1420.0,1420.0,115577,0
2026-01-14 14:35:00+05:30,1420.1,1422.7,1419.7,1422.2,89482,0
2026-01-14 14:40:00+05:30,1422.2,1423.3,1421.4,1422.1,244414,0
2026-01-14 14:45:00+05:30,1422.1,1424.2,1421.8,1422.4,211710,0
2026-01-14 14:50:00+05:30,1422.6,1422.9,1421.3,1421.7,79034,0
2026-01-14 14:55:00+05:30,1421.7,1422.1,1420.0,1420.3,118362,0
2026-01-14 15:00:00+05:30,1420.3,1422.5,1419.0,1422.3,567548,0
2026-01-14 15:05:00+05:30,1422.4,1423.0,1417.6,1418.4,575288,0
2026-01-14 15:10:00+05:30,1418.4,1419.6,1416.5,1417.5,593442,0
2026-01-14 15:15:00+05:30,1417.5,1418.0,1415.5,1417.0,368649,0
2026-01-14 15:20:00+05:30,1417.1,1417.2,1415.7,1415.7,359566,0
2026-01-14 15:25:00+05:30,1415.8,1417.9,1414.9,1416.6,292325,0
2026-01-16 09:15:00+05:30,1417.9,1419.7,1409.1,1412.3,1657044,0
2026-01-16 09:20:00+05:30,1412.3,1416.4,1411.0,1412.7,255250,0
2026-01-16 09:25:00+05:30,1412.5,1415.4,1411.5,1413.8,190415,0
2026-01-16 09:30:00+05:30,1413.8,1413.8,1408.5,1410.5,227138,0
2026-01-16 09:35:00+05:30,1410.5,1410.5,1407.1,1409.6,165554,0
2026-01-16 09:40:00+05:30,1409.5,1411.6,1408.8,1411.2,118583,0
2026-01-16 09:45:00+05:30,1411.2,1413.9,1409.1,1412.9,124950,0
2026-01-16 09:50:00+05:30,1412.8,1414.9,1411.2,1414.0,118398,0
2026-01-16 09:55:00+05:30,1413.8,1415.4,1413.5,1414.4,118084,0
2026-01-16 10:00:00+05:30,1414.3,1415.8,1412.4,1415.1,256556,0
2026-01-16 10:05:00+05:30,1415.1,1415.2,1409.9,1410.2,202249,0
2026-01-16 10:10:00+05:30,1410.2,1413.6,1409.1,1413.4,70518,0
2026-01-16 10:15:00+05:30,1413.3,1415.2,1412.8,1413.9,166926,0
2026-01-16 10:20:00+05:30,1413.9,1415.3,1413.8,1414.8,108117,0
2026-01-16 10:25:00+05:30,1414.7,1418.4,1414.7,1418.0,192412,0
2026-01-16 10:30:00+05:30,1418.0,1418.8,1416.6,1418.4,164207,0
2026-01-16 10:35:00+05:30,1418.4,1421.1,1417.9,1420.1,401603,0
2026-01-16 10:40:00+05:30,1420.0,1420.4,1417.9,1418.2,129942,0
2026-01-16 10:45:00+05:30,1418.2,1419.0,1418.0,1418.2,68377,0
2026-01-16 10:50:00+05:30,1418.2,1418.3,1415.4,1416.5,155163,0
2026-01-16 10:55:00+05:30,1416.4,1416.5,1415.1,1415.4,60556,0
2026-01-16 11:00:00+05:30,1415.3,1415.4,1413.8,1414.7,95800,0
2026-01-16 11:05:00+05:30,1414.6,1415.9,1414.3,1415.0,76315,0
2026-01-16 11:10:00+05:30,1414.9,1416.3,1414.0,1416.0,120247,0
2026-01-16 11:15:00+05:30,1415.9,1416.0,1413.0,1413.6,85659,0
2026-01-16 11:20:00+05:30,1413.5,1414.4,1413.0,1414.3,88505,0
2026-01-16 11:25:00+05:30,1414.1,1416.1,1414.1,1415.8,112227,0
2026-01-16 11:30:00+05:30,1415.8,1417.2,1415.7,1416.3,99680,0
2026-01-16 11:35:00+05:30,1416.2,1416.3,1414.1,1414.6,74978,0
2026-01-16 11:40:00+05:30,1414.5,1415.8,1414.3,1414.6,49883,0
2026-01-16 11:45:00+05:30,1414.5,1415.0,1413.8,1414.9,58709,0
2026-01-16 11:50:00+05:30,1414.8,1414.9,1414.2,1414.3,56727,0
2026-01-16 11:55:00+05:30,1414.2,1415.4,1414.0,1414.9,68634,0
2026-01-16 12:00:00+05:30,1414.9,1416.8,1414.8,1416.8,69292,0
2026-01-16 12:05:00+05:30,1416.8,1419.1,1416.5,1419.1,182261,0
2026-01-16 12:10:00+05:30,1419.0,1419.6,1416.3,1417.0,260868,0
2026-01-16 12:15:00+05:30,1416.9,1417.1,1416.3,1417.1,67676,0
2026-01-16 12:20:00+05:30,1417.0,1417.3,1416.5,1417.0,48705,0
2026-01-16 12:25:00+05:30,1416.9,1417.2,1410.3,1412.3,351776,0
2026-01-16 12:30:00+05:30,1412.2,1412.5,1410.8,1411.7,153444,0
2026-01-16 12:35:00+05:30,1411.7,1413.3,1410.6,1412.1,167025,0
2026-01-16 12:40:00+05:30,1412.0,1412.2,1410.0,1410.5,116875,0
2026-01-16 12:45:00+05:30,1410.4,1410.6,1409.2,1410.4,221479,0
2026-01-16 12:50:00+05:30,1410.3,1410.3,1407.5,1408.4,230624,0
2026-01-16 12:55:00+05:30,1408.4,1408.6,1405.5,1406.3,183232,0
2026-01-16 13:00:00+05:30,1405.9,1406.3,1402.8,1404.3,168508,0
2026-01-16 13:05:00+05:30,1404.1,1404.7,1403.1,1404.0,75535,0
2026-01-16 13:10:00+05:30,1403.7,1404.1,1400.2,1401.6,132592,0
2026-01-16 13:15:00+05:30,1401.5,1404.3,1400.6,1404.3,127751,0
2026-01-16 13:20:00+05:30,1403.9,1404.7,1402.0,1403.2,95849,0
2026-01-16 13:25:00+05:30,1403.0,1409.7,1401.3,1409.6,189886,0
2026-01-16 13:30:00+05:30,1409.2,1410.8,1408.5,1409.9,151881,0
2026-01-16 13:35:00+05:30,1409.6,1411.0,1409.0,1410.1,83475,0
2026-01-16 13:40:00+05:30,1409.7,1412.0,1409.0,1411.6,130811,0
2026-01-16 13:45:00+05:30,1411.3,1415.5,1411.3,1414.0,114822,0
2026-01-16 13:50:00+05:30,1413.8,1414.7,1411.6,1412.9,141961,0
2026-01-16 13:55:00+05:30,1412.5,1413.8,1412.1,1412.5,71597,0
2026-01-16 14:00:00+05:30,1412.4,1413.2,1411.4,1413.2,62539,0
2026-01-16 14:05:00+05:30,1413.1,1415.0,1412.1,1413.6,106090,0
2026-01-16 14:10:00+05:30,1413.6,1416.0,1413.5,1415.6,89751,0
2026-01-16 14:15:00+05:30,1415.6,1416.8,1414.3,1416.7,106367,0
2026-01-16 14:20:00+05:30,1416.7,1417.7,1415.5,1416.1,119815,0
2026-01-16 14:25:00+05:30,1416.1,1417.6,1415.0,1416.2,123810,0
2026-01-16 14:30:00+05:30,1416.2,1419.0,1415.5,1418.5,110760,0
2026-01-16 14:35:00+05:30,1418.5,1419.0,1416.5,1417.6,133593,0
2026-01-16 14:40:00+05:30,1417.6,1420.6,1417.3,1418.8,169668,0
2026-01-16 14:45:00+05:30,1418.7,1419.8,1417.1,1417.8,161826,0
2026-01-16 14:50:00+05:30,1417.8,1418.5,1415.2,1415.2,132288,0
2026-01-16 14:55:00+05:30,1415.3,1415.6,1413.2,1413.3,137443,0
2026-01-16 15:00:00+05:30,1413.3,1413.9,1410.7,1410.9,222222,0
2026-01-16 15:05:00+05:30,1410.8,1411.0,1409.8,1410.3,280161,0
2026-01-16 15:10:00+05:30,1410.3,1410.4,1407.8,1408.3,261474,0
2026-01-16 15:15:00+05:30,1408.3,1410.8,1407.9,1410.5,254610,0
2026-01-16 15:20:00+05:30,1410.6,1411.8,1410.0,1411.1,288395,0
2026-01-16 15:25:00+05:30,1411.1,1429.0,1409.4,1413.0,292646,0
2026-01-19 09:15:00+05:30,1399.9,1400.0,1372.2,1375.0,2453455,0
2026-01-19 09:20:00+05:30,1375.0,1380.3,1370.4,1372.1,1672694,0
2026-01-19 09:25:00+05:30,1371.7,1372.8,1364.3,1369.9,508118,0
2026-01-19 09:30:00+05:30,1369.6,1372.0,1366.9,1371.5,206492,0
2026-01-19 09:35:00+05:30,1371.5,1372.5,1367.3,1369.5,188629,0
2026-01-19 09:40:00+05:30,1369.5,1371.9,1368.4,1370.7,356832,0
2026-01-19 09:45:00+05:30,1370.7,1374.4,1369.2,1374.0,631968,0
2026-01-19 09:50:00+05:30,1374.0,1374.8,1370.8,1371.2,454813,0
2026-01-19 09:55:00+05:30,1371.1,1372.8,1369.6,1370.8,230123,0
2026-01-19 10:00:00+05:30,1370.8,1370.8,1364.0,1364.9,423575,0
2026-01-19 10:05:00+05:30,1365.4,1365.4,1361.2,1362.3,258331,0
2026-01-19 10:10:00+05:30,1362.3,1364.4,1361.1,1362.1,250454,0
2026-01-19 10:15:00+05:30,1362.1,1363.5,1361.1,1362.6,192278,0
2026-01-19 10:20:00+05:30,1362.6,1363.9,1361.5,1363.9,365692,0
2026-01-19 10:25:00+05:30,1363.9,1363.9,1360.0,1361.5,203379,0
2026-01-19 10:30:00+05:30,1361.4,1364.1,1360.9,1362.3,188024,0
2026-01-19 10:35:00+05:30,1362.3,1365.9,1361.3,1365.7,288331,0
2026-01-19 10:40:00+05:30,1365.7,1366.1,1363.8,1365.8,199063,0
2026-01-19 10:45:00+05:30,1365.8,1370.2,1365.7,1367.6,597475,0
2026-01-19 10:50:00+05:30,1367.6,1368.0,1365.6,1367.3,277630,0
2026-01-19 10:55:00+05:30,1367.2,1370.6,1367.1,1369.6,216012,0
2026-01-19 11:00:00+05:30,1369.6,1370.2,1368.6,1370.0,194943,0
2026-01-19 11:05:00+05:30,1370.0,1372.0,1369.8,1371.4,148735,0
2026-01-19 11:10:00+05:30,1371.4,1371.6,1370.0,1370.2,104149,0
2026-01-19 11:15:00+05:30,1370.2,1371.6,1370.0,1370.1,116938,0
2026-01-19 11:20:00+05:30,1370.1,1371.3,1369.5,1371.0,148034,0
2026-01-19 11:25:00+05:30,1371.0,1371.7,1370.0,1371.6,134532,0
2026-01-19 11:30:00+05:30,1371.6,1372.2,1370.4,1371.2,111726,0
2026-01-19 11:35:00+05:30,1371.2,1371.4,1370.1,1370.8,101053,0
2026-01-19 11:40:00+05:30,1371.1,1372.3,1370.6,1372.2,119449,0
2026-01-19 11:45:00+05:30,1372.2,1373.1,1371.5,1372.2,114106,0
2026-01-19 11:50:00+05:30,1372.2,1374.0,1370.9,1372.0,208075,0
2026-01-19 11:55:00+05:30,1372.0,1372.5,1370.7,1372.5,122911,0
2026-01-19 12:00:00+05:30,1372.5,1372.5,1371.3,1371.7,108003,0
2026-01-19 12:05:00+05:30,1371.7,1371.9,1370.2,1370.7,303677,0
2026-01-19 12:10:00+05:30,1370.7,1371.7,1370.4,1371.2,139281,0
2026-01-19 12:15:00+05:30,1371.2,1372.6,1371.0,1371.5,152813,0
2026-01-19 12:20:00+05:30,1371.5,1372.2,1368.7,1369.0,476895,0
2026-01-19 12:25:00+05:30,1368.7,1370.2,1367.8,1370.0,181116,0
2026-01-19 12:30:00+05:30,1370.0,1371.3,1369.9,1370.2,431052,0
2026-01-19 12:35:00+05:30,1370.2,1370.9,1369.5,1370.3,133353,0
2026-01-19 12:40:00+05:30,1370.3,1370.3,1368.1,1368.5,324746,0
2026-01-19 12:45:00+05:30,1368.5,1368.8,1366.5,1368.2,176302,0
2026-01-19 12:50:00+05:30,1368.2,1369.0,1367.8,1368.8,105333,0
2026-01-19 12:55:00+05:30,1368.5,1369.6,1368.1,1369.2,242695,0
2026-01-19 13:00:00+05:30,1369.2,1371.8,1368.5,1371.6,205679,0
2026-01-19 13:05:00+05:30,1371.5,1373.0,1370.1,1370.7,329236,0
2026-01-19 13:10:00+05:30,1370.5,1370.7,1367.8,1369.6,404056,0
2026-01-19 13:15:00+05:30,1369.4,1370.0,1368.3,1369.6,127909,0
2026-01-19 13:20:00+05:30,1369.5,1371.1,1369.3,1370.6,145022,0
2026-01-19 13:25:00+05:30,1370.5,1370.6,1370.0,1370.1,116877,0
2026-01-19 13:30:00+05:30,1370.0,1370.7,1370.0,1370.1,130081,0
2026-01-19 13:35:00+05:30,1370.0,1372.4,1370.0,1372.4,300803,0
2026-01-19 13:40:00+05:30,1372.1,1372.6,1370.0,1370.6,371735,0
2026-01-19 13:45:00+05:30,1370.5,1375.8,1369.6,1375.1,743472,0
2026-01-19 13:50:00+05:30,1375.0,1380.0,1374.9,1379.4,524271,0
2026-01-19 13:55:00+05:30,1379.3,1382.0,1378.4,1380.1,218654,0
2026-01-19 14:00:00+05:30,1380.1,1383.4,1380.1,1382.4,141409,0
2026-01-19 14:05:00+05:30,1382.4,1384.4,1382.2,1383.1,177464,0
2026-01-19 14:10:00+05:30,1383.0,1383.4,1380.0,1381.1,312949,0
2026-01-19 14:15:00+05:30,1381.0,1382.3,1380.5,1381.0,176713,0
2026-01-19 14:20:00+05:30,1380.9,1383.7,1380.8,1383.0,213141,0
2026-01-19 14:25:00+05:30,1382.9,1383.5,1382.2,1383.0,237028,0
2026-01-19 14:30:00+05:30,1382.7,1383.6,1382.2,1383.5,125220,0
2026-01-19 14:35:00+05:30,1383.3,1385.8,1383.2,1385.5,264671,0
2026-01-19 14:40:00+05:30,1385.5,1385.9,1384.3,1385.1,245595,0
2026-01-19 14:45:00+05:30,1385.0,1385.3,1382.6,1383.2,229402,0
2026-01-19 14:50:00+05:30,1383.1,1385.1,1382.1,1382.5,579794,0
2026-01-19 14:55:00+05:30,1382.4,1384.2,1382.1,1383.2,330908,0
2026-01-19 15:00:00+05:30,1383.2,1383.6,1380.8,1382.3,668377,0
2026-01-19 15:05:00+05:30,1382.0,1382.3,1379.5,1380.1,383775,0
2026-01-19 15:10:00+05:30,1380.1,1380.8,1379.5,1380.5,304301,0
2026-01-19 15:15:00+05:30,1380.5,1381.0,1379.4,1380.3,239205,0
2026-01-19 15:20:00+05:30,1380.3,1380.3,1377.3,1378.9,305080,0
2026-01-19 15:25:00+05:30,1378.8,1379.3,1377.1,1377.7,185437,0
2026-01-20 09:15:00+05:30,1374.7,1378.7,1371.6,1376.4,908470,0
2026-01-20 09:20:00+05:30,1376.0,1378.4,1374.6,1376.9,373478,0
2026-01-20 09:25:00+05:30,1376.9,1378.2,1376.0,1378.0,169599,0
2026-01-20 09:30:00+05:30,1377.5,1384.5,1377.4,1384.1,151125,0
2026-01-20 09:35:00+05:30,1384.1,1384.1,1382.0,1383.4,106215,0
2026-01-20 09:40:00+05:30,1383.3,1386.0,1383.3,1385.6,136786,0
2026-01-20 09:45:00+05:30,1385.6,1387.7,1382.2,1383.9,352946,0
2026-01-20 09:50:00+05:30,1383.9,1384.9,1382.3,1383.2,134998,0
2026-01-20 09:55:00+05:30,1383.3,1384.9,1381.9,1384.4,209957,0
2026-01-20 10:00:00+05:30,1384.4,1385.0,1382.7,1383.0,106513,0
2026-01-20 10:05:00+05:30,1383.0,1384.9,1382.7,1384.9,71440,0
2026-01-20 10:10:00+05:30,1384.9,1384.9,1381.9,1382.5,184802,0
2026-01-20 10:15:00+05:30,1382.4,1384.5,1382.4,1384.3,61524,0
2026-01-20 10:20:00+05:30,1384.3,1384.3,1382.6,1382.9,94417,0
2026-01-20 10:25:00+05:30,1382.9,1383.5,1382.6,1383.4,53366,0
2026-01-20 10:30:00+05:30,1383.4,1383.4,1382.5,1383.1,49071,0
2026-01-20 10:35:00+05:30,1383.1,1383.4,1381.2,1381.3,62454,0
2026-01-20 10:40:00+05:30,1381.3,1381.4,1380.3,1380.6,88097,0
2026-01-20 10:45:00+05:30,1380.6,1381.2,1380.0,1381.0,77408,0
2026-01-20 10:50:00+05:30,1381.2,1382.3,1380.0,1381.4,98581,0
2026-01-20 10:55:00+05:30,1381.4,1382.0,1380.4,1382.0,57197,0
2026-01-20 11:00:00+05:30,1381.9,1382.4,1380.5,1382.1,86188,0
2026-01-20 11:05:00+05:30,1382.1,1385.0,1382.0,1384.3,231462,0
2026-01-20 11:10:00+05:30,1384.3,1385.8,1383.7,1384.3,146269,0
2026-01-20 11:15:00+05:30,1384.3,1384.5,1383.4,1384.3,75224,0
2026-01-20 11:20:00+05:30,1384.3,1386.7,1384.1,1385.4,98261,0
2026-01-20 11:25:00+05:30,1385.4,1387.6,1385.0,1386.6,103006,0
2026-01-20 11:30:00+05:30,1386.6,1386.8,1385.5,1385.5,84409,0
2026-01-20 11:35:00+05:30,1385.5,1386.8,1385.0,1386.6,76451,0
2026-01-20 11:40:00+05:30,1386.7,1387.0,1385.0,1385.9,70909,0
2026-01-20 11:45:00+05:30,1385.9,1387.8,1385.8,1386.5,123725,0
2026-01-20 11:50:00+05:30,1386.5,1386.6,1385.0,1385.1,89269,0
2026-01-20 11:55:00+05:30,1385.1,1385.1,1383.9,1384.4,104502,0
2026-01-20 12:00:00+05:30,1384.4,1385.3,1384.0,1384.6,108421,0
2026-01-20 12:05:00+05:30,1384.6,1384.7,1383.5,1384.0,143934,0
2026-01-20 12:10:00+05:30,1384.1,1384.3,1383.5,1383.8,97407,0
2026-01-20 12:15:00+05:30,1383.8,1387.0,1383.8,1386.7,149853,0
2026-01-20 12:20:00+05:30,1386.5,1387.5,1384.6,1386.0,287621,0
2026-01-20 12:25:00+05:30,1386.1,1387.7,1386.0,1386.8,112675,0
2026-01-20 12:30:00+05:30,1386.8,1387.6,1386.7,1387.1,119505,0
2026-01-20 12:35:00+05:30,1387.1,1387.1,1386.0,1386.1,135476,0
2026-01-20 12:40:00+05:30,1386.2,1386.2,1385.0,1385.5,117237,0
2026-01-20 12:45:00+05:30,1385.6,1385.8,1385.0,1385.2,91655,0
2026-01-20 12:50:00+05:30,1385.0,1386.2,1382.1,1382.7,276571,0
2026-01-20 12:55:00+05:30,1382.8,1383.4,1382.0,1383.1,122927,0
2026-01-20 13:00:00+05:30,1383.0,1384.2,1382.8,1383.9,89623,0
2026-01-20 13:05:00+05:30,1384.0,1385.4,1383.8,1385.3,167163,0
2026-01-20 13:10:00+05:30,1385.3,1385.4,1384.4,1384.8,165411,0
2026-01-20 13:15:00+05:30,1384.9,1386.6,1384.2,1385.9,125675,0
2026-01-20 13:20:00+05:30,1385.9,1386.5,1384.1,1384.6,106165,0
2026-01-20 13:25:00+05:30,1384.5,1385.8,1384.4,1385.3,95156,0
2026-01-20 13:30:00+05:30,1385.4,1386.2,1385.0,1385.7,88885,0
2026-01-20 13:35:00+05:30,1385.7,1386.0,1385.0,1385.9,119083,0
2026-01-20 13:40:00+05:30,1385.9,1386.9,1385.0,1385.0,293129,0
2026-01-20 13:45:00+05:30,1385.1,1386.3,1382.4,1382.7,152392,0
2026-01-20 13:50:00+05:30,1382.7,1383.6,1382.0,1383.1,155033,0
2026-01-20 13:55:00+05:30,1383.1,1383.6,1380.8,1381.8,338656,0
2026-01-20 14:00:00+05:30,1381.8,1382.6,1380.6,1381.2,234497,0
2026-01-20 14:05:00+05:30,1381.2,1381.2,1378.0,1378.8,191129,0
2026-01-20 14:10:00+05:30,1378.8,1381.2,1378.4,1380.0,296207,0
2026-01-20 14:15:00+05:30,1379.9,1382.5,1379.9,1380.6,251074,0
2026-01-20 14:20:00+05:30,1380.6,1382.4,1379.9,1382.4,148849,0
2026-01-20 14:25:00+05:30,1382.4,1382.8,1379.8,1382.4,211310,0
2026-01-20 14:30:00+05:30,1382.4,1382.4,1381.2,1381.3,106083,0
2026-01-20 14:35:00+05:30,1381.5,1382.1,1378.7,1379.7,168061,0
2026-01-20 14:40:00+05:30,1379.4,1379.9,1376.6,1377.3,243880,0
2026-01-20 14:45:00+05:30,1377.3,1378.5,1377.0,1377.2,137195,0
2026-01-20 14:50:00+05:30,1377.2,1377.8,1376.0,1376.7,139799,0
2026-01-20 14:55:00+05:30,1376.8,1376.9,1376.0,1376.1,161058,0
2026-01-20 15:00:00+05:30,1376.1,1376.7,1371.6,1376.5,937498,0
2026-01-20 15:05:00+05:30,1376.5,1379.2,1376.3,1377.8,926763,0
2026-01-20 15:10:00+05:30,1378.2,1378.4,1375.2,1375.6,703954,0
2026-01-20 15:15:00+05:30,1375.5,1379.2,1375.3,1376.9,492685,0
2026-01-20 15:20:00+05:30,1376.9,1376.9,1372.2,1372.5,691290,0
2026-01-20 15:25:00+05:30,1372.5,1376.4,1371.5,1375.6,473448,0
2026-01-21 09:15:00+05:30,1367.5,1371.5,1361.0,1361.4,1450842,0
2026-01-21 09:20:00+05:30,1361.4,1361.7,1357.6,1358.1,668373,0
2026-01-21 09:25:00+05:30,1357.9,1360.0,1357.0,1358.0,1896110,0
2026-01-21 09:30:00+05:30,1357.6,1360.0,1356.1,1356.1,338083,0
2026-01-21 09:35:00+05:30,1356.1,1357.0,1354.1,1354.1,182719,0
2026-01-21 09:40:00+05:30,1354.2,1357.1,1354.1,1355.0,110125,0
2026-01-21 09:45:00+05:30,1355.0,1358.0,1354.8,1356.3,741477,0
2026-01-21 09:50:00+05:30,1356.5,1356.7,1355.1,1355.6,106572,0
2026-01-21 09:55:00+05:30,1355.6,1355.8,1352.8,1353.1,315235,0
2026-01-21 10:00:00+05:30,1352.8,1354.0,1350.3,1351.3,254068,0
2026-01-21 10:05:00+05:30,1351.4,1351.5,1348.9,1349.3,281132,0
2026-01-21 10:10:00+05:30,1349.4,1349.6,1347.5,1348.6,398112,0
2026-01-21 10:15:00+05:30,1348.4,1349.0,1346.6,1347.8,147979,0
2026-01-21 10:20:00+05:30,1347.9,1350.9,1347.2,1349.7,125810,0
2026-01-21 10:25:00+05:30,1349.7,1349.9,1347.1,1348.5,122615,0
2026-01-21 10:30:00+05:30,1348.7,1349.5,1348.0,1349.0,60741,0
2026-01-21 10:35:00+05:30,1349.4,1352.2,1349.0,1351.1,500392,0
2026-01-21 10:40:00+05:30,1351.1,1353.3,1346.9,1347.2,267595,0
2026-01-21 10:45:00+05:30,1346.9,1347.4,1344.0,1345.0,157094,0
2026-01-21 10:50:00+05:30,1345.0,1349.1,1344.7,1345.0,705275,0
2026-01-21 10:55:00+05:30,1345.1,1346.2,1341.4,1342.8,241095,0
2026-01-21 11:00:00+05:30,1342.4,1342.9,1339.6,1341.0,169936,0
2026-01-21 11:05:00+05:30,1341.0,1343.7,1339.5,1343.5,185588,0
2026-01-21 11:10:00+05:30,1343.5,1348.6,1342.4,1348.0,265337,0
2026-01-21 11:15:00+05:30,1348.2,1348.5,1345.0,1346.3,200347,0
2026-01-21 11:20:00+05:30,1346.3,1346.3,1342.7,1344.6,201554,0
2026-01-21 11:25:00+05:30,1345.0,1345.0,1341.8,1342.5,117920,0
2026-01-21 11:30:00+05:30,1342.3,1346.4,1342.0,1345.8,139570,0
2026-01-21 11:35:00+05:30,1345.8,1345.8,1344.3,1345.2,124773,0
2026-01-21 11:40:00+05:30,1345.2,1346.8,1344.9,1345.3,88087,0
2026-01-21 11:45:00+05:30,1345.5,1347.6,1345.1,1347.1,100251,0
2026-01-21 11:50:00+05:30,1347.2,1349.1,1346.4,1346.5,105648,0
2026-01-21 11:55:00+05:30,1347.0,1347.0,1345.0,1345.4,88070,0
2026-01-21 12:00:00+05:30,1345.1,1349.0,1345.0,1347.9,99277,0
2026-01-21 12:05:00+05:30,1348.2,1350.3,1347.9,1350.1,177911,0
2026-01-21 12:10:00+05:30,1350.1,1350.5,1349.3,1350.4,122133,0
2026-01-21 12:15:00+05:30,1350.5,1352.0,1350.1,1350.8,109013,0
2026-01-21 12:20:00+05:30,1350.8,1351.1,1348.8,1349.6,126017,0
2026-01-21 12:25:00+05:30,1349.9,1349.9,1346.3,1347.2,106008,0
2026-01-21 12:30:00+05:30,1347.1,1349.0,1345.7,1349.0,105417,0
2026-01-21 12:35:00+05:30,1349.0,1350.7,1348.2,1349.4,182333,0
2026-01-21 12:40:00+05:30,1349.4,1352.0,1349.0,1349.3,696615,0
2026-01-21 12:45:00+05:30,1349.3,1360.5,1349.1,1357.3,1282014,0
2026-01-21 12:50:00+05:30,1357.1,1359.8,1355.4,1358.2,187700,0
2026-01-21 12:55:00+05:30,1358.2,1359.3,1355.7,1356.9,120185,0
2026-01-21 13:00:00+05:30,1356.9,1360.0,1355.9,1355.9,177311,0
2026-01-21 13:05:00+05:30,1356.4,1357.2,1353.5,1353.5,369330,0
2026-01-21 13:10:00+05:30,1353.9,1354.0,1351.7,1352.7,97853,0
2026-01-21 13:15:00+05:30,1352.9,1354.5,1349.4,1349.4,364034,0
2026-01-21 13:20:00+05:30,1349.4,1352.1,1349.4,1351.2,205123,0
2026-01-21 13:25:00+05:30,1351.2,1352.0,1350.7,1351.2,101858,0
2026-01-21 13:30:00+05:30,1351.2,1352.4,1350.0,1351.3,140254,0
2026-01-21 13:35:00+05:30,1351.0,1354.7,1350.9,1352.8,299011,0
2026-01-21 13:40:00+05:30,1352.8,1354.1,1349.6,1351.9,683834,0
2026-01-21 13:45:00+05:30,1352.0,1354.7,1351.0,1353.4,381076,0
2026-01-21 13:50:00+05:30,1353.4,1353.6,1350.7,1351.3,103122,0
2026-01-21 13:55:00+05:30,1351.3,1351.9,1350.1,1350.9,106462,0
2026-01-21 14:00:00+05:30,1351.0,1353.0,1350.5,1352.3,112991,0
2026-01-21 14:05:00+05:30,1352.4,1353.5,1351.3,1353.2,107867,0
2026-01-21 14:10:00+05:30,1353.1,1355.9,1352.9,1354.9,120499,0
2026-01-21 14:15:00+05:30,1354.8,1356.0,1353.2,1355.4,177576,0
2026-01-21 14:20:00+05:30,1355.4,1356.3,1354.1,1355.1,183467,0
2026-01-21 14:25:00+05:30,1355.0,1355.0,1353.6,1353.7,82816,0
2026-01-21 14:30:00+05:30,1353.7,1357.4,1353.6,1357.2,227635,0
2026-01-21 14:35:00+05:30,1357.2,1357.3,1353.5,1354.6,231901,0
2026-01-21 14:40:00+05:30,1354.8,1354.9,1353.7,1354.1,115020,0
2026-01-21 14:45:00+05:30,1354.1,1354.2,1353.0,1353.5,84556,0
2026-01-21 14:50:00+05:30,1353.5,1353.9,1352.8,1353.6,120067,0
2026-01-21 14:55:00+05:30,1353.6,1353.6,1350.5,1351.3,142773,0
2026-01-21 15:00:00+05:30,1351.3,1353.6,1349.9,1352.7,683680,0
2026-01-21 15:05:00+05:30,1352.3,1352.5,1348.5,1349.9,708913,0
2026-01-21 15:10:00+05:30,1349.8,1350.8,1348.6,1348.7,361536,0
2026-01-21 15:15:00+05:30,1348.7,1349.1,1346.7,1348.3,328970,0
2026-01-21 15:20:00+05:30,1348.2,1348.3,1343.7,1343.8,476287,0
2026-01-21 15:25:00+05:30,1343.8,1347.4,1343.8,1346.9,295522,0
2026-01-22 09:15:00+05:30,1355.1,1358.0,1347.5,1353.3,872773,0
2026-01-22 09:20:00+05:30,1353.2,1354.4,1351.2,1352.6,469585,0
2026-01-22 09:25:00+05:30,1352.6,1354.0,1350.2,1352.8,394830,0
2026-01-22 09:30:00+05:30,1352.8,1354.9,1352.8,1353.2,316905,0
2026-01-22 09:35:00+05:30,1353.2,1353.8,1348.5,1349.2,334117,0
2026-01-22 09:40:00+05:30,1349.2,1350.5,1347.4,1348.6,215514,0
2026-01-22 09:45:00+05:30,1348.3,1349.0,1347.1,1348.5,108331,0
2026-01-22 09:50:00+05:30,1348.2,1349.9,1347.7,1347.9,197413,0
2026-01-22 09:55:00+05:30,1347.9,1350.4,1346.9,1349.3,133013,0
2026-01-22 10:00:00+05:30,1349.0,1350.6,1347.7,1348.2,153268,0
2026-01-22 10:05:00+05:30,1348.2,1349.6,1347.7,1349.6,127402,0
2026-01-22 10:10:00+05:30,1349.5,1350.4,1348.4,1349.2,104341,0
2026-01-22 10:15:00+05:30,1349.2,1349.4,1347.0,1347.5,138087,0
2026-01-22 10:20:00+05:30,1347.3,1348.1,1347.1,1347.8,92328,0
2026-01-22 10:25:00+05:30,1347.7,1347.8,1345.4,1345.5,138702,0
2026-01-22 10:30:00+05:30,1345.7,1346.3,1342.8,1346.3,330014,0
2026-01-22 10:35:00+05:30,1346.1,1346.7,1344.3,1345.2,102491,0
2026-01-22 10:40:00+05:30,1345.1,1345.2,1343.5,1344.8,90702,0
2026-01-22 10:45:00+05:30,1344.3,1344.8,1343.5,1344.0,86692,0
2026-01-22 10:50:00+05:30,1343.7,1344.3,1343.0,1344.0,89746,0
2026-01-22 10:55:00+05:30,1344.0,1344.1,1341.6,1341.9,80411,0
2026-01-22 11:00:00+05:30,1341.6,1343.3,1341.3,1342.4,59548,0
2026-01-22 11:05:00+05:30,1342.1,1342.4,1341.5,1342.0,74495,0
2026-01-22 11:10:00+05:30,1341.8,1342.0,1340.5,1341.3,74399,0
2026-01-22 11:15:00+05:30,1341.6,1342.0,1340.4,1341.3,127953,0
2026-01-22 11:20:00+05:30,1341.0,1344.8,1341.0,1344.1,115495,0
2026-01-22 11:25:00+05:30,1343.6,1345.9,1342.4,1344.0,103927,0
2026-01-22 11:30:00+05:30,1344.0,1344.6,1342.2,1343.2,174800,0
2026-01-22 11:35:00+05:30,1343.7,1344.0,1340.8,1342.0,214587,0
2026-01-22 11:40:00+05:30,1342.0,1342.2,1340.1,1341.3,74497,0
2026-01-22 11:45:00+05:30,1341.2,1341.3,1338.0,1339.5,114902,0
2026-01-22 11:50:00+05:30,1339.6,1341.9,1338.5,1340.0,181684,0
2026-01-22 11:55:00+05:30,1340.3,1340.7,1338.0,1338.8,130452,0
2026-01-22 12:00:00+05:30,1339.1,1340.9,1338.7,1340.7,94560,0
2026-01-22 12:05:00+05:30,1340.4,1343.1,1340.3,1342.6,129558,0
2026-01-22 12:10:00+05:30,1342.5,1343.8,1340.7,1342.9,173264,0
2026-01-22 12:15:00+05:30,1342.9,1343.6,1340.7,1341.9,224323,0
2026-01-22 12:20:00+05:30,1341.9,1345.7,1341.8,1342.5,184477,0
2026-01-22 12:25:00+05:30,1342.6,1343.7,1342.0,1342.0,71879,0
2026-01-22 12:30:00+05:30,1342.1,1343.9,1341.7,1343.5,202382,0
2026-01-22 12:35:00+05:30,1343.5,1344.7,1341.2,1343.2,341122,0
2026-01-22 12:40:00+05:30,1343.1,1343.9,1341.5,1343.9,341849,0
2026-01-22 12:45:00+05:30,1343.9,1344.7,1342.2,1344.2,358620,0
2026-01-22 12:50:00+05:30,1344.2,1344.8,1342.2,1343.0,375930,0
2026-01-22 12:55:00+05:30,1342.5,1342.9,1340.0,1340.1,152846,0
2026-01-22 13:00:00+05:30,1340.1,1343.0,1339.1,1342.2,105748,0
2026-01-22 13:05:00+05:30,1342.3,1343.9,1341.4,1342.4,260230,0
2026-01-22 13:10:00+05:30,1342.2,1343.8,1341.8,1342.5,87834,0
2026-01-22 13:15:00+05:30,1342.2,1343.1,1341.3,1342.9,91478,0
2026-01-22 13:20:00+05:30,1342.6,1343.1,1341.7,1342.4,92101,0
2026-01-22 13:25:00+05:30,1342.4,1342.7,1341.0,1341.6,103419,0
2026-01-22 13:30:00+05:30,1341.2,1342.9,1340.7,1342.5,142926,0
2026-01-22 13:35:00+05:30,1342.4,1344.6,1341.1,1341.1,255874,0
2026-01-22 13:40:00+05:30,1341.4,1343.5,1340.8,1343.0,321366,0
2026-01-22 13:45:00+05:30,1342.8,1343.7,1341.9,1343.3,90377,0
2026-01-22 13:50:00+05:30,1343.5,1344.8,1343.0,1344.0,195898,0
2026-01-22 13:55:00+05:30,1343.7,1345.4,1343.1,1343.2,306141,0
2026-01-22 14:00:00+05:30,1343.2,1345.3,1342.8,1345.0,262485,0
2026-01-22 14:05:00+05:30,1345.0,1345.5,1344.7,1344.7,129970,0
2026-01-22 14:10:00+05:30,1344.8,1345.1,1341.7,1341.7,148406,0
2026-01-22 14:15:00+05:30,1341.6,1342.3,1340.3,1342.2,247683,0
2026-01-22 14:20:00+05:30,1342.2,1344.6,1341.7,1343.2,167355,0
2026-01-22 14:25:00+05:30,1343.2,1344.8,1343.0,1344.7,129331,0
2026-01-22 14:30:00+05:30,1344.2,1346.9,1343.9,1346.3,182720,0
2026-01-22 14:35:00+05:30,1346.3,1346.8,1345.0,1345.5,414137,0
2026-01-22 14:40:00+05:30,1345.4,1346.2,1344.2,1345.2,197647,0
2026-01-22 14:45:00+05:30,1345.1,1346.5,1344.6,1345.6,214355,0
2026-01-22 14:50:00+05:30,1345.5,1346.2,1344.6,1344.7,147360,0
2026-01-22 14:55:00+05:30,1344.8,1346.0,1344.4,1345.1,168820,0
2026-01-22 15:00:00+05:30,1345.0,1346.6,1341.7,1344.9,1112223,0
2026-01-22 15:05:00+05:30,1344.8,1346.2,1343.1,1345.2,855834,0
2026-01-22 15:10:00+05:30,1345.2,1346.5,1344.9,1345.2,382414,0
2026-01-22 15:15:00+05:30,1345.2,1348.6,1345.1,1347.2,578110,0
2026-01-22 15:20:00+05:30,1347.0,1349.8,1346.0,1346.2,666639,0
2026-01-22 15:25:00+05:30,1346.3,1347.6,1345.7,1347.0,446373,0
2026-01-23 09:15:00+05:30,1340.5,1345.6,1340.1,1340.5,848078,0
2026-01-23 09:20:00+05:30,1340.6,1342.8,1340.1,1341.7,420795,0
2026-01-23 09:25:00+05:30,1341.8,1342.1,1339.1,1339.4,272487,0
2026-01-23 09:30:00+05:30,1339.4,1339.7,1338.2,1338.2,167751,0
2026-01-23 09:35:00+05:30,1338.6,1338.9,1337.0,1337.9,198702,0
2026-01-23 09:40:00+05:30,1338.1,1338.9,1337.0,1337.5,113160,0
2026-01-23 09:45:00+05:30,1337.4,1338.2,1335.9,1337.0,287176,0
2026-01-23 09:50:00+05:30,1337.0,1337.2,1335.7,1336.1,123073,0
2026-01-23 09:55:00+05:30,1336.2,1338.6,1335.9,1338.1,151186,0
2026-01-23 10:00:00+05:30,1338.2,1339.0,1337.0,1338.9,142881,0
2026-01-23 10:05:00+05:30,1338.8,1340.1,1338.1,1339.1,108439,0
2026-01-23 10:10:00+05:30,1339.1,1340.0,1338.2,1339.0,103432,0
2026-01-23 10:15:00+05:30,1339.0,1339.2,1337.0,1339.1,185643,0
2026-01-23 10:20:00+05:30,1339.0,1340.6,1338.4,1340.1,102571,0
2026-01-23 10:25:00+05:30,1340.2,1341.6,1340.0,1341.3,98851,0
2026-01-23 10:30:00+05:30,1341.2,1342.3,1340.9,1342.3,121394,0
2026-01-23 10:35:00+05:30,1342.3,1342.7,1341.7,1342.3,98855,0
2026-01-23 10:40:00+05:30,1342.2,1344.1,1342.1,1343.5,137515,0
2026-01-23 10:45:00+05:30,1343.5,1343.8,1341.8,1342.6,122648,0
2026-01-23 10:50:00+05:30,1342.5,1344.0,1341.8,1343.8,132675,0
2026-01-23 10:55:00+05:30,1343.8,1344.5,1343.6,1343.7,107238,0
2026-01-23 11:00:00+05:30,1344.0,1345.7,1343.6,1345.0,153701,0
2026-01-23 11:05:00+05:30,1345.1,1345.6,1344.0,1345.3,119254,0
2026-01-23 11:10:00+05:30,1345.3,1347.0,1344.9,1346.0,115865,0
2026-01-23 11:15:00+05:30,1345.9,1346.0,1344.7,1344.8,104281,0
2026-01-23 11:20:00+05:30,1344.9,1345.8,1344.0,1344.6,119798,0
2026-01-23 11:25:00+05:30,1344.6,1345.9,1344.6,1345.6,95388,0
2026-01-23 11:30:00+05:30,1345.6,1346.6,1345.2,1345.8,92014,0
2026-01-23 11:35:00+05:30,1345.8,1346.8,1345.3,1345.8,98599,0
2026-01-23 11:40:00+05:30,1345.8,1346.1,1343.8,1344.5,143706,0
2026-01-23 11:45:00+05:30,1344.6,1345.6,1344.1,1344.2,74004,0
2026-01-23 11:50:00+05:30,1344.5,1346.5,1344.0,1345.1,94764,0
2026-01-23 11:55:00+05:30,1345.2,1348.0,1345.0,1347.8,88681,0
2026-01-23 12:00:00+05:30,1347.8,1348.7,1347.6,1348.4,101408,0
2026-01-23 12:05:00+05:30,1348.4,1348.5,1345.7,1346.0,123747,0
2026-01-23 12:10:00+05:30,1345.9,1347.1,1345.8,1347.1,98667,0
2026-01-23 12:15:00+05:30,1347.0,1351.0,1347.0,1350.1,143208,0
2026-01-23 12:20:00+05:30,1350.0,1350.4,1348.0,1348.5,148321,0
2026-01-23 12:25:00+05:30,1348.5,1349.6,1348.4,1348.8,93662,0
2026-01-23 12:30:00+05:30,1348.7,1350.9,1348.6,1350.2,197094,0
2026-01-23 12:35:00+05:30,1350.4,1351.1,1350.0,1350.9,99574,0
2026-01-23 12:40:00+05:30,1350.8,1353.1,1350.1,1352.2,143022,0
2026-01-23 12:45:00+05:30,1352.1,1353.7,1351.0,1351.6,158839,0
2026-01-23 12:50:00+05:30,1351.5,1353.3,1350.8,1353.3,188956,0
2026-01-23 12:55:00+05:30,1353.2,1353.5,1352.0,1352.3,112142,0
2026-01-23 13:00:00+05:30,1352.2,1353.0,1352.0,1352.3,110301,0
2026-01-23 13:05:00+05:30,1352.2,1353.1,1351.8,1352.6,326129,0
2026-01-23 13:10:00+05:30,1352.5,1355.2,1352.2,1354.5,422757,0
2026-01-23 13:15:00+05:30,1354.6,1354.6,1351.8,1352.1,284130,0
2026-01-23 13:20:00+05:30,1352.1,1352.9,1351.8,1352.1,206915,0
2026-01-23 13:25:00+05:30,1352.0,1353.0,1350.5,1350.8,171583,0
2026-01-23 13:30:00+05:30,1350.6,1350.9,1347.2,1347.8,245533,0
2026-01-23 13:35:00+05:30,1347.8,1348.4,1346.6,1347.1,145129,0
2026-01-23 13:40:00+05:30,1347.1,1349.2,1347.0,1347.5,91245,0
2026-01-23 13:45:00+05:30,1347.4,1348.1,1346.3,1347.6,103170,0
2026-01-23 13:50:00+05:30,1348.1,1348.1,1346.7,1346.9,100291,0
2026-01-23 13:55:00+05:30,1346.9,1347.9,1346.4,1347.1,137370,0
2026-01-23 14:00:00+05:30,1347.1,1348.1,1346.8,1348.0,123853,0
2026-01-23 14:05:00+05:30,1348.0,1348.7,1346.8,1347.3,125189,0
2026-01-23 14:10:00+05:30,1347.3,1348.5,1346.4,1347.6,143263,0
2026-01-23 14:15:00+05:30,1347.6,1349.6,1347.0,1347.4,167855,0
2026-01-23 14:20:00+05:30,1347.3,1348.3,1345.6,1346.6,124803,0
2026-01-23 14:25:00+05:30,1346.5,1348.8,1346.1,1346.5,289265,0
2026-01-23 14:30:00+05:30,1346.6,1347.8,1345.8,1347.0,353325,0
2026-01-23 14:35:00+05:30,1346.7,1347.9,1346.0,1347.9,466377,0
2026-01-23 14:40:00+05:30,1347.9,1349.0,1347.3,1348.1,181500,0
2026-01-23 14:45:00+05:30,1348.1,1348.8,1346.6,1346.6,210021,0
2026-01-23 14:50:00+05:30,1346.8,1347.0,1345.6,1346.0,131170,0
2026-01-23 14:55:00+05:30,1346.0,1347.0,1346.0,1346.4,136672,0
2026-01-23 15:00:00+05:30,1346.2,1347.2,1343.4,1343.5,429306,0
2026-01-23 15:05:00+05:30,1343.5,1344.6,1343.0,1343.3,364207,0
2026-01-23 15:10:00+05:30,1343.3,1344.7,1343.1,1344.3,432758,0
2026-01-23 15:15:00+05:30,1344.3,1347.0,1341.2,1342.4,351941,0
2026-01-23 15:20:00+05:30,1342.4,1342.5,1339.6,1341.6,423878,0
2026-01-23 15:25:00+05:30,1341.8,1346.5,1341.1,1346.0,303075,0
2026-01-27 09:15:00+05:30,1340.0,1351.3,1340.0,1344.5,1382683,0
2026-01-27 09:20:00+05:30,1344.5,1344.5,1337.7,1338.5,467764,0
2026-01-27 09:25:00+05:30,1338.5,1338.5,1331.3,1332.2,432886,0
2026-01-27 09:30:00+05:30,1332.2,1336.1,1328.6,1335.3,394282,0
2026-01-27 09:35:00+05:30,1335.3,1342.0,1334.4,1340.8,352879,0
2026-01-27 09:40:00+05:30,1340.8,1343.0,1337.6,1342.3,333966,0
2026-01-27 09:45:00+05:30,1342.6,1343.3,1338.4,1340.7,314066,0
2026-01-27 09:50:00+05:30,1340.9,1342.5,1339.3,1341.1,149474,0
2026-01-27 09:55:00+05:30,1341.1,1341.1,1336.1,1336.6,118067,0
2026-01-27 10:00:00+05:30,1336.8,1340.0,1336.8,1338.3,109530,0
2026-01-27 10:05:00+05:30,1338.4,1339.1,1335.3,1335.6,99847,0
2026-01-27 10:10:00+05:30,1335.6,1339.9,1335.2,1339.7,138470,0
2026-01-27 10:15:00+05:30,1339.7,1341.0,1338.2,1340.6,198475,0
2026-01-27 10:20:00+05:30,1340.6,1340.8,1338.5,1339.0,134615,0
2026-01-27 10:25:00+05:30,1339.0,1339.7,1335.9,1335.9,142020,0
2026-01-27 10:30:00+05:30,1335.9,1338.2,1335.9,1338.2,101262,0
2026-01-27 10:35:00+05:30,1338.0,1339.1,1336.6,1336.9,264582,0
2026-01-27 10:40:00+05:30,1337.0,1337.0,1333.7,1334.7,157810,0
2026-01-27 10:45:00+05:30,1334.7,1335.6,1333.3,1334.8,144454,0
2026-01-27 10:50:00+05:30,1334.8,1334.8,1332.8,1334.2,407870,0
2026-01-27 10:55:00+05:30,1334.3,1336.4,1333.4,1335.2,98371,0
2026-01-27 11:00:00+05:30,1335.2,1338.0,1334.3,1337.5,262158,0
2026-01-27 11:05:00+05:30,1337.1,1340.8,1335.5,1338.3,163143,0
2026-01-27 11:10:00+05:30,1338.3,1339.6,1337.2,1339.5,83064,0
2026-01-27 11:15:00+05:30,1339.5,1342.1,1338.5,1341.8,652600,0
2026-01-27 11:20:00+05:30,1341.8,1342.1,1339.1,1339.6,81917,0
2026-01-27 11:25:00+05:30,1339.9,1341.0,1339.3,1340.6,62454,0
2026-01-27 11:30:00+05:30,1340.8,1342.9,1340.5,1341.1,97933,0
2026-01-27 11:35:00+05:30,1341.2,1343.0,1341.0,1342.1,151574,0
2026-01-27 11:40:00+05:30,1342.2,1348.4,1341.2,1347.5,198344,0
2026-01-27 11:45:00+05:30,1347.6,1348.5,1345.4,1346.2,124673,0
2026-01-27 11:50:00+05:30,1346.2,1346.3,1344.1,1344.2,71139,0
2026-01-27 11:55:00+05:30,1344.2,1346.7,1344.1,1345.0,94675,0
2026-01-27 12:00:00+05:30,1345.0,1348.1,1344.6,1347.2,101948,0
2026-01-27 12:05:00+05:30,1347.5,1348.9,1346.8,1347.7,66647,0
2026-01-27 12:10:00+05:30,1347.8,1349.8,1347.6,1348.6,148657,0
2026-01-27 12:15:00+05:30,1348.5,1348.9,1347.4,1348.1,78460,0
2026-01-27 12:20:00+05:30,1348.3,1350.0,1348.1,1349.5,263300,0
2026-01-27 12:25:00+05:30,1349.8,1350.0,1348.6,1349.2,163089,0
2026-01-27 12:30:00+05:30,1349.3,1349.7,1347.2,1348.3,153663,0
2026-01-27 12:35:00+05:30,1348.6,1349.0,1346.6,1347.7,112097,0
2026-01-27 12:40:00+05:30,1347.8,1348.4,1346.7,1346.7,93473,0
2026-01-27 12:45:00+05:30,1346.8,1348.1,1346.0,1346.8,120977,0
2026-01-27 12:50:00+05:30,1346.6,1349.5,1346.5,1349.3,120129,0
2026-01-27 12:55:00+05:30,1349.4,1353.1,1349.0,1352.4,731313,0
2026-01-27 13:00:00+05:30,1352.5,1354.7,1351.9,1353.5,301780,0
2026-01-27 13:05:00+05:30,1353.5,1355.8,1352.5,1355.0,175664,0
2026-01-27 13:10:00+05:30,1354.8,1356.8,1353.9,1356.6,158912,0
2026-01-27 13:15:00+05:30,1356.6,1358.1,1355.7,1358.1,155576,0
2026-01-27 13:20:00+05:30,1358.1,1358.3,1355.4,1356.2,260801,0
2026-01-27 13:25:00+05:30,1356.2,1357.2,1354.6,1355.4,278692,0
2026-01-27 13:30:00+05:30,1355.8,1357.2,1354.5,1355.4,333149,0
2026-01-27 13:35:00+05:30,1355.5,1356.3,1351.1,1351.8,527692,0
2026-01-27 13:40:00+05:30,1351.9,1355.6,1350.9,1355.3,499470,0
2026-01-27 13:45:00+05:30,1355.3,1357.0,1354.8,1356.4,216568,0
2026-01-27 13:50:00+05:30,1356.5,1358.1,1354.8,1356.1,596571,0
2026-01-27 13:55:00+05:30,1356.1,1360.0,1355.1,1358.0,1087927,0
2026-01-27 14:00:00+05:30,1358.0,1358.7,1353.6,1353.6,337691,0
2026-01-27 14:05:00+05:30,1354.0,1355.9,1351.8,1355.3,361165,0
2026-01-27 14:10:00+05:30,1355.3,1359.5,1355.2,1356.6,440590,0
2026-01-27 14:15:00+05:30,1356.7,1357.7,1355.2,1356.0,184836,0
2026-01-27 14:20:00+05:30,1356.0,1357.3,1355.0,1355.8,273797,0
2026-01-27 14:25:00+05:30,1355.9,1356.5,1354.1,1355.8,268544,0
2026-01-27 14:30:00+05:30,1355.9,1357.8,1355.0,1357.3,270186,0
2026-01-27 14:35:00+05:30,1357.1,1360.3,1356.5,1360.3,598079,0
2026-01-27 14:40:00+05:30,1360.1,1361.2,1359.3,1360.0,770576,0
2026-01-27 14:45:00+05:30,1360.0,1361.6,1360.0,1360.7,259779,0
2026-01-27 14:50:00+05:30,1360.6,1362.5,1360.3,1360.6,309182,0
2026-01-27 14:55:00+05:30,1360.5,1361.6,1358.1,1359.2,437008,0
2026-01-27 15:00:00+05:30,1359.2,1359.9,1355.6,1356.3,893518,0
2026-01-27 15:05:00+05:30,1356.3,1360.5,1355.7,1359.0,1231492,0
2026-01-27 15:10:00+05:30,1359.1,1363.7,1358.0,1360.2,1202871,0
2026-01-27 15:15:00+05:30,1360.3,1365.7,1359.6,1363.0,720619,0
2026-01-27 15:20:00+05:30,1363.1,1368.0,1360.7,1365.6,1190204,0
2026-01-27 15:25:00+05:30,1365.6,1369.1,1362.8,1367.1,774614,0
2026-01-28 09:15:00+05:30,1362.6,1376.3,1362.6,1375.0,503996,0
2026-01-28 09:20:00+05:30,1375.1,1380.2,1375.0,1379.1,254434,0
2026-01-28 09:25:00+05:30,1379.2,1380.4,1375.2,1378.0,247453,0
2026-01-28 09:30:00+05:30,1378.5,1378.9,1377.4,1378.0,233000,0
2026-01-28 09:35:00+05:30,1378.1,1378.4,1375.8,1377.3,314542,0
2026-01-28 09:40:00+05:30,1377.3,1377.5,1373.0,1374.4,245217,0
2026-01-28 09:45:00+05:30,1374.4,1376.8,1374.4,1375.6,219412,0
2026-01-28 09:50:00+05:30,1375.9,1376.3,1372.2,1373.2,279760,0
2026-01-28 09:55:00+05:30,1373.2,1374.3,1373.0,1374.1,91551,0
2026-01-28 10:00:00+05:30,1374.1,1375.0,1372.3,1373.6,143669,0
2026-01-28 10:05:00+05:30,1373.8,1374.8,1370.0,1371.0,151130,0
2026-01-28 10:10:00+05:30,1370.6,1373.3,1370.1,1370.3,336862,0
2026-01-28 10:15:00+05:30,1370.3,1371.1,1369.6,1370.3,306748,0
2026-01-28 10:20:00+05:30,1370.3,1371.0,1369.4,1370.3,183243,0
2026-01-28 10:25:00+05:30,1370.3,1371.7,1369.9,1370.2,165661,0
2026-01-28 10:30:00+05:30,1370.2,1370.3,1367.1,1369.1,210383,0
2026-01-28 10:35:00+05:30,1369.1,1370.3,1368.8,1370.1,592075,0
2026-01-28 10:40:00+05:30,1370.3,1370.6,1368.2,1368.9,98685,0
2026-01-28 10:45:00+05:30,1368.9,1369.5,1368.0,1369.4,123179,0
2026-01-28 10:50:00+05:30,1369.5,1369.6,1368.0,1369.1,154578,0
2026-01-28 10:55:00+05:30,1369.2,1369.3,1367.6,1368.3,505634,0
2026-01-28 11:00:00+05:30,1368.2,1368.8,1365.8,1368.5,300796,0
2026-01-28 11:05:00+05:30,1368.6,1370.0,1368.4,1369.4,85114,0
2026-01-28 11:10:00+05:30,1369.5,1370.3,1369.3,1370.2,54497,0
2026-01-28 11:15:00+05:30,1370.2,1370.4,1369.0,1369.2,43569,0
2026-01-28 11:20:00+05:30,1369.3,1370.7,1369.0,1370.1,68192,0
2026-01-28 11:25:00+05:30,1370.1,1370.5,1368.2,1368.6,102125,0
2026-01-28 11:30:00+05:30,1368.7,1370.1,1368.2,1369.8,70621,0
2026-01-28 11:35:00+05:30,1369.8,1369.8,1368.2,1368.8,62606,0
2026-01-28 11:40:00+05:30,1368.8,1369.0,1367.7,1368.3,83261,0
2026-01-28 11:45:00+05:30,1368.3,1373.2,1368.0,1372.2,150731,0
2026-01-28 11:50:00+05:30,1372.3,1372.5,1371.2,1372.0,82678,0
2026-01-28 11:55:00+05:30,1372.0,1372.9,1371.1,1372.3,249819,0
2026-01-28 12:00:00+05:30,1372.5,1373.7,1372.1,1372.2,78912,0
2026-01-28 12:05:00+05:30,1372.3,1372.9,1370.0,1370.0,61315,0
2026-01-28 12:10:00+05:30,1370.0,1370.8,1369.5,1370.3,77082,0
2026-01-28 12:15:00+05:30,1370.2,1370.7,1369.3,1369.8,146211,0
2026-01-28 12:20:00+05:30,1369.9,1370.3,1369.0,1369.7,134488,0
2026-01-28 12:25:00+05:30,1369.9,1370.0,1368.9,1369.2,138589,0
2026-01-28 12:30:00+05:30,1369.2,1369.5,1367.9,1368.2,230275,0
2026-01-28 12:35:00+05:30,1368.3,1369.5,1367.7,1368.5,162010,0
2026-01-28 12:40:00+05:30,1368.6,1370.0,1368.1,1369.9,59768,0
2026-01-28 12:45:00+05:30,1370.0,1370.7,1368.7,1369.2,71833,0
2026-01-28 12:50:00+05:30,1369.2,1369.9,1368.5,1369.0,77530,0
2026-01-28 12:55:00+05:30,1369.0,1369.3,1368.5,1368.9,62185,0
2026-01-28 13:00:00+05:30,1369.0,1369.0,1368.2,1368.5,93110,0
2026-01-28 13:05:00+05:30,1368.6,1369.0,1368.0,1368.5,121265,0
2026-01-28 13:10:00+05:30,1368.5,1370.0,1368.2,1369.3,90503,0
2026-01-28 13:15:00+05:30,1369.2,1370.2,1368.6,1369.4,114083,0
2026-01-28 13:20:00+05:30,1369.3,1369.4,1365.3,1367.2,327277,0
2026-01-28 13:25:00+05:30,1367.3,1367.9,1366.1,1366.9,83242,0
2026-01-28 13:30:00+05:30,1366.9,1367.5,1365.4,1366.2,98153,0
2026-01-28 13:35:00+05:30,1366.2,1366.7,1365.2,1366.0,273360,0
2026-01-28 13:40:00+05:30,1366.1,1367.0,1365.2,1366.1,151991,0
2026-01-28 13:45:00+05:30,1366.0,1366.1,1363.4,1365.3,155162,0
2026-01-28 13:50:00+05:30,1365.3,1366.1,1364.2,1365.9,86710,0
2026-01-28 13:55:00+05:30,1365.9,1366.5,1364.5,1365.5,52638,0
2026-01-28 14:00:00+05:30,1365.5,1366.7,1364.5,1366.7,65865,0
2026-01-28 14:05:00+05:30,1366.8,1366.8,1364.5,1364.8,103076,0
2026-01-28 14:10:00+05:30,1364.9,1365.6,1364.0,1364.6,59466,0
2026-01-28 14:15:00+05:30,1364.7,1365.2,1364.0,1364.4,102537,0
2026-01-28 14:20:00+05:30,1364.3,1364.7,1363.5,1364.2,173107,0
2026-01-28 14:25:00+05:30,1364.3,1364.8,1363.8,1364.5,112495,0
2026-01-28 14:30:00+05:30,1364.5,1366.7,1364.4,1366.2,101445,0
2026-01-28 14:35:00+05:30,1366.2,1366.6,1364.9,1365.6,215139,0
2026-01-28 14:40:00+05:30,1365.6,1367.0,1365.5,1367.0,127730,0
2026-01-28 14:45:00+05:30,1367.0,1367.9,1366.6,1367.1,162005,0
2026-01-28 14:50:00+05:30,1367.1,1369.1,1367.1,1367.7,179955,0
2026-01-28 14:55:00+05:30,1367.9,1368.6,1367.5,1368.6,107421,0
2026-01-28 15:00:00+05:30,1368.6,1369.5,1366.3,1367.4,296886,0
2026-01-28 15:05:00+05:30,1367.6,1368.1,1366.5,1368.0,319168,0
2026-01-28 15:10:00+05:30,1368.1,1368.1,1366.7,1367.4,394423,0
2026-01-28 15:15:00+05:30,1367.5,1368.9,1367.1,1367.3,321588,0
2026-01-28 15:20:00+05:30,1367.7,1368.3,1367.1,1367.4,420786,0
2026-01-28 15:25:00+05:30,1367.7,1369.8,1367.1,1368.3,316318,0
2026-01-29 09:15:00+05:30,1359.0,1363.1,1356.1,1356.3,840495,0
2026-01-29 09:20:00+05:30,1356.3,1357.8,1355.2,1356.2,311394,0
2026-01-29 09:25:00+05:30,1356.2,1358.0,1355.2,1355.5,208014,0
2026-01-29 09:30:00+05:30,1355.4,1356.7,1355.2,1355.4,159288,0
2026-01-29 09:35:00+05:30,1355.4,1355.6,1354.9,1355.2,240761,0
2026-01-29 09:40:00+05:30,1355.3,1356.8,1354.4,1356.2,572208,0
2026-01-29 09:45:00+05:30,1356.2,1357.9,1356.0,1356.7,173847,0
2026-01-29 09:50:00+05:30,1356.4,1357.6,1355.1,1356.3,372772,0
2026-01-29 09:55:00+05:30,1356.3,1357.3,1355.2,1356.1,214483,0
2026-01-29 10:00:00+05:30,1356.0,1357.4,1355.7,1357.4,161869,0
2026-01-29 10:05:00+05:30,1357.4,1359.5,1357.4,1358.0,167313,0
2026-01-29 10:10:00+05:30,1358.0,1364.3,1357.5,1363.9,201435,0
2026-01-29 10:15:00+05:30,1363.9,1364.8,1362.1,1363.7,157653,0
2026-01-29 10:20:00+05:30,1363.7,1365.6,1362.7,1364.3,129639,0
2026-01-29 10:25:00+05:30,1364.4,1365.0,1363.0,1364.0,66245,0
2026-01-29 10:30:00+05:30,1364.4,1365.1,1363.6,1364.1,67765,0
2026-01-29 10:35:00+05:30,1364.1,1365.0,1363.0,1363.0,65908,0
2026-01-29 10:40:00+05:30,1363.3,1365.0,1363.0,1363.8,67430,0
2026-01-29 10:45:00+05:30,1363.8,1364.9,1363.3,1364.1,60322,0
2026-01-29 10:50:00+05:30,1364.2,1367.0,1364.1,1366.2,127313,0
2026-01-29 10:55:00+05:30,1366.0,1367.8,1365.5,1366.5,89445,0
2026-01-29 11:00:00+05:30,1366.5,1367.0,1364.5,1365.2,82170,0
2026-01-29 11:05:00+05:30,1365.2,1366.5,1364.6,1366.3,61572,0
2026-01-29 11:10:00+05:30,1366.3,1366.6,1364.6,1365.4,58156,0
2026-01-29 11:15:00+05:30,1365.4,1365.9,1364.8,1365.3,102274,0
2026-01-29 11:20:00+05:30,1365.3,1368.0,1364.8,1367.4,205333,0
2026-01-29 11:25:00+05:30,1367.5,1367.5,1366.1,1367.0,123865,0
2026-01-29 11:30:00+05:30,1367.0,1367.1,1366.3,1366.3,91670,0
2026-01-29 11:35:00+05:30,1366.5,1366.5,1365.0,1365.3,53796,0
2026-01-29 11:40:00+05:30,1365.2,1366.1,1365.2,1365.8,67960,0
2026-01-29 11:45:00+05:30,1365.8,1367.7,1365.5,1367.4,253468,0
2026-01-29 11:50:00+05:30,1367.4,1367.5,1365.3,1365.4,119406,0
2026-01-29 11:55:00+05:30,1365.4,1366.3,1365.0,1366.3,90610,0
2026-01-29 12:00:00+05:30,1366.2,1366.6,1365.0,1365.4,432554,0
2026-01-29 12:05:00+05:30,1365.6,1368.9,1364.4,1368.4,117332,0
2026-01-29 12:10:00+05:30,1368.4,1369.0,1366.4,1367.5,186643,0
2026-01-29 12:15:00+05:30,1367.5,1369.8,1367.0,1368.7,159310,0
2026-01-29 12:20:00+05:30,1368.7,1371.1,1367.7,1369.8,151373,0
2026-01-29 12:25:00+05:30,1369.8,1370.5,1367.9,1370.4,140873,0
2026-01-29 12:30:00+05:30,1370.4,1372.9,1369.1,1369.2,200901,0
2026-01-29 12:35:00+05:30,1369.4,1369.9,1368.1,1368.4,179960,0
2026-01-29 12:40:00+05:30,1368.1,1368.8,1368.0,1368.3,110514,0
2026-01-29 12:45:00+05:30,1368.1,1370.9,1368.1,1370.5,173352,0
2026-01-29 12:50:00+05:30,1370.8,1372.4,1370.4,1371.5,144039,0
2026-01-29 12:55:00+05:30,1371.5,1372.0,1370.3,1371.3,96421,0
2026-01-29 13:00:00+05:30,1371.2,1373.9,1370.1,1373.4,223453,0
2026-01-29 13:05:00+05:30,1373.2,1374.8,1372.8,1373.1,147695,0
2026-01-29 13:10:00+05:30,1373.1,1373.9,1372.2,1373.4,73525,0
2026-01-29 13:15:00+05:30,1373.0,1373.7,1371.8,1372.5,93225,0
2026-01-29 13:20:00+05:30,1372.5,1372.7,1371.5,1371.7,72287,0
2026-01-29 13:25:00+05:30,1371.8,1372.0,1370.5,1371.2,80159,0
2026-01-29 13:30:00+05:30,1371.1,1372.6,1370.5,1372.3,149342,0
2026-01-29 13:35:00+05:30,1371.9,1373.4,1371.9,1373.2,142142,0
2026-01-29 13:40:00+05:30,1373.3,1374.1,1373.0,1374.0,99550,0
2026-01-29 13:45:00+05:30,1373.9,1377.4,1373.6,1376.9,289738,0
2026-01-29 13:50:00+05:30,1376.6,1378.1,1375.4,1376.1,169672,0
2026-01-29 13:55:00+05:30,1376.1,1377.5,1375.9,1377.5,198708,0
2026-01-29 14:00:00+05:30,1377.3,1378.4,1377.1,1378.1,239877,0
2026-01-29 14:05:00+05:30,1378.1,1378.2,1376.4,1376.8,410426,0
2026-01-29 14:10:00+05:30,1376.8,1378.5,1376.6,1378.0,269523,0
2026-01-29 14:15:00+05:30,1378.0,1378.2,1376.5,1377.6,224620,0
2026-01-29 14:20:00+05:30,1377.4,1379.0,1377.4,1378.9,227230,0
2026-01-29 14:25:00+05:30,1378.9,1380.4,1378.5,1380.0,327522,0
2026-01-29 14:30:00+05:30,1380.0,1384.4,1379.4,1384.4,337579,0
2026-01-29 14:35:00+05:30,1384.3,1386.0,1383.0,1385.3,241608,0
2026-01-29 14:40:00+05:30,1385.3,1386.6,1384.4,1386.2,217016,0
2026-01-29 14:45:00+05:30,1386.2,1387.7,1385.0,1385.7,263638,0
2026-01-29 14:50:00+05:30,1385.7,1386.9,1384.7,1386.6,368761,0
2026-01-29 14:55:00+05:30,1386.3,1387.1,1383.7,1384.6,422100,0
2026-01-29 15:00:00+05:30,1384.0,1385.2,1380.7,1381.7,1922001,0
2026-01-29 15:05:00+05:30,1381.7,1384.4,1381.4,1382.9,1599203,0
2026-01-29 15:10:00+05:30,1383.0,1385.1,1381.7,1382.8,1629159,0
2026-01-29 15:15:00+05:30,1383.2,1386.0,1382.6,1385.9,2088581,0
2026-01-29 15:20:00+05:30,1385.8,1386.0,1382.3,1383.3,1635012,0
2026-01-29 15:25:00+05:30,1383.3,1385.0,1382.7,1385.0,1095509,0
2026-01-30 09:15:00+05:30,1368.2,1381.9,1368.2,1379.1,748906,0
2026-01-30 09:20:00+05:30,1378.7,1380.0,1374.6,1374.7,244617,0
2026-01-30 09:25:00+05:30,1374.8,1376.7,1372.6,1375.1,393741,0
2026-01-30 09:30:00+05:30,1375.4,1376.9,1374.0,1375.8,134917,0
2026-01-30 09:35:00+05:30,1375.8,1377.9,1375.8,1376.9,62470,0
2026-01-30 09:40:00+05:30,1376.9,1377.7,1375.0,1376.7,99953,0
2026-01-30 09:45:00+05:30,1376.3,1378.2,1375.8,1377.9,34057,0
2026-01-30 09:50:00+05:30,1377.9,1378.3,1376.1,1378.2,216992,0
2026-01-30 09:55:00+05:30,1378.2,1378.3,1370.9,1373.7,4216634,0
2026-01-30 10:00:00+05:30,1373.7,1376.4,1373.3,1375.0,349608,0
2026-01-30 10:05:00+05:30,1374.9,1376.4,1374.0,1376.1,124885,0
2026-01-30 10:10:00+05:30,1376.1,1377.6,1374.7,1377.1,168485,0
2026-01-30 10:15:00+05:30,1377.2,1377.2,1374.7,1375.4,169645,0
2026-01-30 10:20:00+05:30,1375.4,1375.9,1369.0,1369.8,4205662,0
2026-01-30 10:25:00+05:30,1369.7,1371.5,1368.8,1371.1,176782,0
2026-01-30 10:30:00+05:30,1371.1,1371.6,1367.8,1368.7,129867,0
2026-01-30 10:35:00+05:30,1368.6,1370.0,1368.5,1370.0,134623,0
2026-01-30 10:40:00+05:30,1369.9,1370.8,1368.8,1369.0,182228,0
2026-01-30 10:45:00+05:30,1369.3,1370.0,1368.3,1368.3,125097,0
2026-01-30 10:50:00+05:30,1368.4,1369.2,1366.8,1368.4,254234,0
2026-01-30 10:55:00+05:30,1368.3,1369.9,1366.1,1368.5,361196,0
2026-01-30 11:00:00+05:30,1368.6,1369.5,1368.0,1368.7,101684,0
2026-01-30 11:05:00+05:30,1368.8,1369.4,1364.4,1364.6,225938,0
2026-01-30 11:10:00+05:30,1364.6,1365.9,1364.2,1364.9,132582,0
2026-01-30 11:15:00+05:30,1364.9,1365.0,1361.4,1361.5,162533,0
2026-01-30 11:20:00+05:30,1361.4,1361.9,1359.1,1359.8,176086,0
2026-01-30 11:25:00+05:30,1359.8,1360.8,1359.2,1359.7,88893,0
2026-01-30 11:30:00+05:30,1359.3,1360.3,1358.0,1360.0,116641,0
2026-01-30 11:35:00+05:30,1359.7,1360.8,1359.4,1360.6,38670,0
2026-01-30 11:40:00+05:30,1360.6,1364.0,1360.0,1363.5,180608,0
2026-01-30 11:45:00+05:30,1363.5,1363.5,1361.7,1362.3,45794,0
2026-01-30 11:50:00+05:30,1362.2,1365.1,1361.9,1364.0,233788,0
2026-01-30 11:55:00+05:30,1363.6,1365.3,1360.2,1360.5,152096,0
2026-01-30 12:00:00+05:30,1360.6,1360.7,1359.3,1359.9,38835,0
2026-01-30 12:05:00+05:30,1359.9,1360.4,1359.3,1360.1,60718,0
2026-01-30 12:10:00+05:30,1360.1,1360.6,1359.9,1360.4,76392,0
2026-01-30 12:15:00+05:30,1360.2,1362.5,1360.2,1361.2,36237,0
2026-01-30 12:20:00+05:30,1361.3,1363.0,1361.2,1362.4,48036,0
2026-01-30 12:25:00+05:30,1362.7,1362.7,1360.7,1361.0,41241,0
2026-01-30 12:30:00+05:30,1361.0,1361.0,1360.4,1360.7,29962,0
2026-01-30 12:35:00+05:30,1360.5,1361.8,1360.1,1360.7,64021,0
2026-01-30 12:40:00+05:30,1360.7,1363.0,1360.4,1361.1,260190,0
2026-01-30 12:45:00+05:30,1361.2,1361.3,1360.1,1360.4,41181,0
2026-01-30 12:50:00+05:30,1360.2,1360.4,1359.1,1359.5,69933,0
2026-01-30 12:55:00+05:30,1359.5,1359.9,1359.0,1359.9,376986,0
2026-01-30 13:00:00+05:30,1359.6,1360.1,1358.2,1358.6,96701,0
2026-01-30 13:05:00+05:30,1358.6,1359.8,1358.3,1359.0,72982,0
2026-01-30 13:10:00+05:30,1359.0,1359.7,1358.0,1358.0,68186,0
2026-01-30 13:15:00+05:30,1358.1,1358.1,1356.4,1357.2,87120,0
2026-01-30 13:20:00+05:30,1357.1,1357.6,1356.4,1357.1,28773,0
2026-01-30 13:25:00+05:30,1357.0,1357.4,1357.0,1357.2,71438,0
2026-01-30 13:30:00+05:30,1357.0,1358.1,1357.0,1357.8,58958,0
2026-01-30 13:35:00+05:30,1357.7,1359.4,1357.5,1359.0,41990,0
2026-01-30 13:40:00+05:30,1359.0,1360.6,1358.9,1360.4,65763,0
2026-01-30 13:45:00+05:30,1360.4,1360.9,1358.4,1359.8,28613,0
2026-01-30 13:50:00+05:30,1359.6,1361.8,1359.2,1360.9,240773,0
2026-01-30 13:55:00+05:30,1360.9,1361.5,1359.3,1360.0,71480,0
2026-01-30 14:00:00+05:30,1359.8,1361.5,1359.5,1360.9,183652,0
2026-01-30 14:05:00+05:30,1360.9,1362.0,1360.7,1361.8,32419,0
2026-01-30 14:10:00+05:30,1361.9,1362.0,1360.6,1361.1,52245,0
2026-01-30 14:15:00+05:30,1361.0,1361.3,1360.3,1360.9,30597,0
2026-01-30 14:20:00+05:30,1360.9,1361.3,1360.0,1360.8,46346,0
2026-01-30 14:25:00+05:30,1360.4,1360.8,1359.1,1359.5,85562,0
2026-01-30 14:30:00+05:30,1359.2,1359.5,1357.6,1358.3,62644,0
2026-01-30 14:35:00+05:30,1358.3,1361.0,1358.0,1359.6,208472,0
2026-01-30 14:40:00+05:30,1359.7,1360.3,1358.1,1359.8,248954,0
2026-01-30 14:45:00+05:30,1359.5,1360.8,1358.7,1360.6,139314,0
2026-01-30 14:50:00+05:30,1360.6,1361.2,1360.0,1360.4,211631,0
2026-01-30 14:55:00+05:30,1360.3,1362.0,1360.0,1361.9,133213,0
2026-01-30 15:00:00+05:30,1361.9,1362.0,1353.2,1354.6,1328435,0
2026-01-30 15:05:00+05:30,1354.6,1355.6,1353.5,1353.7,1063413,0
2026-01-30 15:10:00+05:30,1353.8,1355.8,1353.6,1355.8,1057468,0
2026-01-30 15:15:00+05:30,1355.7,1357.4,1354.9,1355.3,1015099,0
2026-01-30 15:20:00+05:30,1355.2,1355.9,1353.7,1355.0,1144484,0
2026-01-30 15:25:00+05:30,1354.9,1358.7,1354.1,1357.0,703187,0
2026-02-01 09:15:00+05:30,1352.0,1359.9,1351.0,1356.2,60028,0
2026-02-01 09:20:00+05:30,1356.0,1357.5,1354.3,1356.0,66016,0
2026-02-01 09:25:00+05:30,1356.4,1356.5,1355.0,1355.5,111369,0
2026-02-01 09:30:00+05:30,1355.6,1355.9,1349.2,1350.3,171900,0
2026-02-01 09:35:00+05:30,1350.2,1351.5,1348.8,1349.5,85159,0
2026-02-01 09:40:00+05:30,1349.9,1350.9,1349.3,1350.0,70472,0
2026-02-01 09:45:00+05:30,1350.2,1352.6,1350.2,1351.5,32785,0
2026-02-01 09:50:00+05:30,1351.8,1352.9,1346.0,1348.2,216975,0
2026-02-01 09:55:00+05:30,1348.2,1350.9,1347.7,1349.4,41901,0
2026-02-01 10:00:00+05:30,1349.4,1353.2,1349.3,1351.4,47553,0
2026-02-01 10:05:00+05:30,1351.8,1352.8,1350.8,1351.5,13135,0
2026-02-01 10:10:00+05:30,1351.5,1353.8,1351.1,1353.5,26603,0
2026-02-01 10:15:00+05:30,1353.5,1354.1,1352.7,1353.3,24191,0
2026-02-01 10:20:00+05:30,1353.3,1356.0,1353.2,1355.3,26536,0
2026-02-01 10:25:00+05:30,1355.3,1356.0,1354.1,1354.4,24630,0
2026-02-01 10:30:00+05:30,1354.3,1356.4,1352.9,1356.0,45173,0
2026-02-01 10:35:00+05:30,1356.2,1360.8,1356.0,1359.7,86369,0
2026-02-01 10:40:00+05:30,1360.0,1360.4,1357.2,1358.2,69845,0
2026-02-01 10:45:00+05:30,1358.8,1360.5,1358.4,1359.3,137099,0
2026-02-01 10:50:00+05:30,1359.3,1359.9,1358.3,1359.3,16136,0
2026-02-01 10:55:00+05:30,1359.3,1359.6,1358.1,1359.0,17274,0
2026-02-01 11:00:00+05:30,1359.0,1359.4,1356.5,1359.4,22495,0
2026-02-01 11:05:00+05:30,1359.4,1364.0,1358.9,1362.5,45403,0
2026-02-01 11:10:00+05:30,1362.5,1362.9,1360.4,1360.9,19782,0
2026-02-01 11:15:00+05:30,1360.2,1361.0,1359.1,1359.5,37320,0
2026-02-01 11:20:00+05:30,1359.5,1360.9,1357.3,1359.3,83293,0
2026-02-01 11:25:00+05:30,1359.3,1362.5,1359.0,1361.0,43235,0
2026-02-01 11:30:00+05:30,1361.0,1361.0,1358.5,1359.0,90936,0
2026-02-01 11:35:00+05:30,1359.0,1360.9,1358.8,1359.7,83648,0
2026-02-01 11:40:00+05:30,1359.7,1360.8,1358.1,1358.3,60615,0
2026-02-01 11:45:00+05:30,1358.2,1358.7,1355.3,1355.9,88144,0
2026-02-01 11:50:00+05:30,1355.7,1359.7,1354.6,1356.4,90005,0
2026-02-01 11:55:00+05:30,1356.1,1361.5,1353.4,1359.9,28921,0
2026-02-01 12:00:00+05:30,1359.9,1362.9,1359.0,1361.9,27019,0
2026-02-01 12:05:00+05:30,1361.4,1365.9,1360.6,1361.9,31112,0
2026-02-01 12:10:00+05:30,1362.1,1364.1,1355.9,1360.2,34713,0
2026-02-01 12:15:00+05:30,1360.0,1360.0,1356.1,1358.0,47455,0
2026-02-01 12:20:00+05:30,1357.7,1359.9,1353.5,1354.2,442033,0
2026-02-01 12:25:00+05:30,1353.5,1354.6,1344.1,1347.6,83378,0
2026-02-01 12:30:00+05:30,1347.6,1356.3,1336.2,1349.3,238843,0
2026-02-01 12:35:00+05:30,1349.5,1355.0,1344.7,1351.9,88164,0
2026-02-01 12:40:00+05:30,1352.1,1355.8,1347.0,1347.5,54128,0
2026-02-01 12:45:00+05:30,1347.1,1350.6,1344.4,1345.9,52713,0
2026-02-01 12:50:00+05:30,1345.6,1349.9,1345.3,1349.2,50192,0
2026-02-01 12:55:00+05:30,1349.2,1352.0,1347.2,1352.0,43921,0
2026-02-01 13:00:00+05:30,1351.6,1352.1,1346.6,1348.2,49829,0
2026-02-01 13:05:00+05:30,1348.2,1349.2,1344.4,1346.7,50785,0
2026-02-01 13:10:00+05:30,1346.6,1346.9,1342.1,1345.4,49178,0
2026-02-01 13:15:00+05:30,1345.4,1349.1,1344.0,1348.2,103452,0
2026-02-01 13:20:00+05:30,1348.2,1348.9,1346.7,1347.4,23983,0
2026-02-01 13:25:00+05:30,1347.7,1348.4,1345.6,1346.2,23250,0
2026-02-01 13:30:00+05:30,1346.0,1347.6,1342.9,1343.7,126841,0
2026-02-01 13:35:00+05:30,1343.2,1343.5,1339.3,1341.3,133356,0
2026-02-01 13:40:00+05:30,1341.3,1342.8,1339.5,1341.4,62939,0
2026-02-01 13:45:00+05:30,1341.3,1343.4,1340.0,1340.3,22198,0
2026-02-01 13:50:00+05:30,1340.0,1340.3,1336.1,1338.3,89533,0
2026-02-01 13:55:00+05:30,1338.7,1343.4,1338.3,1341.6,24597,0
2026-02-01 14:00:00+05:30,1341.7,1344.7,1341.5,1343.3,23475,0
2026-02-01 14:05:00+05:30,1343.1,1343.4,1341.7,1342.6,28673,0
2026-02-01 14:10:00+05:30,1342.6,1346.6,1341.6,1345.5,36684,0
2026-02-01 14:15:00+05:30,1345.5,1348.8,1344.2,1348.6,19402,0
2026-02-01 14:20:00+05:30,1348.7,1351.2,1347.4,1348.5,41171,0
2026-02-01 14:25:00+05:30,1348.5,1350.0,1346.2,1347.0,10986,0
2026-02-01 14:30:00+05:30,1347.1,1347.5,1346.0,1347.3,8854,0
2026-02-01 14:35:00+05:30,1347.3,1350.7,1346.6,1348.6,13584,0
2026-02-01 14:40:00+05:30,1348.8,1349.6,1347.5,1347.6,9136,0
2026-02-01 14:45:00+05:30,1347.9,1349.5,1346.0,1346.4,10937,0
2026-02-01 14:50:00+05:30,1346.2,1346.4,1341.0,1341.5,41557,0
2026-02-01 14:55:00+05:30,1341.5,1342.5,1340.1,1341.2,14498,0
2026-02-01 15:00:00+05:30,1341.2,1341.9,1339.4,1340.0,82422,0
2026-02-01 15:05:00+05:30,1340.0,1340.4,1337.3,1338.0,50672,0
2026-02-01 15:10:00+05:30,1338.0,1339.1,1335.1,1335.4,90460,0
2026-02-01 15:15:00+05:30,1335.7,1335.7,1330.0,1330.8,155459,0
2026-02-01 15:20:00+05:30,1331.1,1334.8,1328.8,1333.4,231829,0
2026-02-01 15:25:00+05:30,1334.0,1334.8,1332.0,1334.0,60415,0
2026-02-02 09:15:00+05:30,1329.9,1343.2,1329.1,1338.8,548409,0
2026-02-02 09:20:00+05:30,1338.1,1343.1,1338.1,1342.0,205472,0
2026-02-02 09:25:00+05:30,1342.2,1342.7,1337.2,1338.1,207563,0
2026-02-02 09:30:00+05:30,1338.0,1341.8,1338.0,1340.7,119689,0
2026-02-02 09:35:00+05:30,1340.7,1343.3,1339.8,1342.2,198034,0
2026-02-02 09:40:00+05:30,1342.5,1344.7,1342.2,1342.8,175966,0
2026-02-02 09:45:00+05:30,1342.6,1347.1,1341.6,1346.0,156275,0
2026-02-02 09:50:00+05:30,1346.0,1346.0,1343.6,1345.3,97327,0
2026-02-02 09:55:00+05:30,1345.3,1345.8,1340.0,1341.2,161512,0
2026-02-02 10:00:00+05:30,1341.2,1341.5,1338.0,1339.3,712541,0
2026-02-02 10:05:00+05:30,1339.5,1340.0,1336.0,1339.3,1317906,0
2026-02-02 10:10:00+05:30,1339.1,1341.2,1338.3,1339.2,91197,0
2026-02-02 10:15:00+05:30,1339.4,1341.4,1338.5,1341.1,97507,0
2026-02-02 10:20:00+05:30,1341.0,1341.3,1338.5,1339.5,110164,0
2026-02-02 10:25:00+05:30,1339.2,1342.4,1339.2,1341.6,84899,0
2026-02-02 10:30:00+05:30,1341.6,1343.2,1340.7,1342.7,43281,0
2026-02-02 10:35:00+05:30,1342.7,1343.1,1340.9,1342.4,50683,0
2026-02-02 10:40:00+05:30,1342.4,1343.4,1340.5,1341.0,44128,0
2026-02-02 10:45:00+05:30,1341.0,1343.7,1340.3,1343.4,56564,0
2026-02-02 10:50:00+05:30,1343.4,1345.0,1342.4,1343.2,102423,0
2026-02-02 10:55:00+05:30,1343.2,1343.3,1340.6,1341.7,64845,0
2026-02-02 11:00:00+05:30,1341.7,1341.8,1340.0,1341.0,75463,0
2026-02-02 11:05:00+05:30,1340.7,1341.4,1340.0,1340.5,75298,0
2026-02-02 11:10:00+05:30,1340.2,1342.0,1339.6,1341.9,124249,0
2026-02-02 11:15:00+05:30,1341.8,1341.9,1340.4,1340.8,77508,0
2026-02-02 11:20:00+05:30,1340.8,1341.8,1339.9,1340.1,80188,0
2026-02-02 11:25:00+05:30,1340.0,1341.4,1339.6,1341.0,105016,0
2026-02-02 11:30:00+05:30,1341.0,1342.9,1339.6,1342.6,56828,0
2026-02-02 11:35:00+05:30,1342.6,1344.9,1341.0,1344.7,96543,0
2026-02-02 11:40:00+05:30,1344.7,1345.7,1342.8,1344.3,75712,0
2026-02-02 11:45:00+05:30,1344.2,1345.2,1343.7,1344.7,62996,0
2026-02-02 11:50:00+05:30,1344.5,1344.9,1342.5,1343.5,74409,0
2026-02-02 11:55:00+05:30,1343.5,1344.4,1342.1,1343.7,64543,0
2026-02-02 12:00:00+05:30,1343.7,1344.4,1342.2,1342.6,167970,0
2026-02-02 12:05:00+05:30,1342.4,1344.9,1342.4,1343.6,141441,0
2026-02-02 12:10:00+05:30,1343.6,1345.7,1342.4,1345.1,101292,0
2026-02-02 12:15:00+05:30,1345.1,1347.7,1344.9,1346.7,56999,0
2026-02-02 12:20:00+05:30,1346.7,1347.4,1346.0,1347.1,38304,0
2026-02-02 12:25:00+05:30,1347.1,1348.0,1345.9,1347.9,96032,0
2026-02-02 12:30:00+05:30,1347.5,1348.1,1346.6,1346.9,100128,0
2026-02-02 12:35:00+05:30,1346.9,1347.0,1346.0,1347.0,57424,0
2026-02-02 12:40:00+05:30,1347.0,1347.0,1345.5,1346.0,54893,0
2026-02-02 12:45:00+05:30,1346.0,1347.0,1345.2,1346.0,191090,0
2026-02-02 12:50:00+05:30,1346.0,1346.0,1345.0,1345.6,70104,0
2026-02-02 12:55:00+05:30,1345.6,1348.5,1345.2,1347.8,254242,0
2026-02-02 13:00:00+05:30,1347.7,1348.2,1347.2,1348.0,66356,0
2026-02-02 13:05:00+05:30,1348.0,1348.3,1347.7,1348.0,107290,0
2026-02-02 13:10:00+05:30,1348.0,1348.3,1347.0,1347.3,158216,0
2026-02-02 13:15:00+05:30,1347.3,1347.7,1344.5,1345.4,78496,0
2026-02-02 13:20:00+05:30,1345.5,1345.8,1344.2,1345.1,174974,0
2026-02-02 13:25:00+05:30,1344.9,1346.5,1344.2,1345.4,206351,0
2026-02-02 13:30:00+05:30,1345.4,1347.0,1345.2,1346.6,61101,0
2026-02-02 13:35:00+05:30,1346.6,1347.8,1342.9,1346.9,406967,0
2026-02-02 13:40:00+05:30,1346.8,1350.0,1346.2,1349.7,50838,0
2026-02-02 13:45:00+05:30,1349.7,1349.9,1348.2,1349.1,37177,0
2026-02-02 13:50:00+05:30,1349.1,1350.2,1348.2,1348.8,47018,0
2026-02-02 13:55:00+05:30,1348.7,1349.6,1348.0,1348.7,35213,0
2026-02-02 14:00:00+05:30,1348.7,1350.0,1348.0,1349.9,25270,0
2026-02-02 14:05:00+05:30,1349.9,1350.5,1348.0,1348.2,23973,0
2026-02-02 14:10:00+05:30,1348.2,1349.8,1347.2,1348.9,36292,0
2026-02-02 14:15:00+05:30,1348.9,1349.9,1347.5,1348.0,39793,0
2026-02-02 14:20:00+05:30,1348.0,1349.3,1347.4,1348.7,54286,0
2026-02-02 14:25:00+05:30,1348.6,1349.2,1348.1,1348.7,46826,0
2026-02-02 14:30:00+05:30,1348.7,1349.0,1346.1,1346.6,81562,0
2026-02-02 14:35:00+05:30,1346.9,1348.2,1345.9,1347.4,220041,0
2026-02-02 14:40:00+05:30,1347.2,1347.9,1344.9,1344.9,161104,0
2026-02-02 14:45:00+05:30,1344.9,1348.4,1344.5,1347.8,295029,0
2026-02-02 14:50:00+05:30,1347.8,1350.4,1347.5,1350.3,217643,0
2026-02-02 14:55:00+05:30,1349.7,1351.2,1349.7,1350.7,63406,0
2026-02-02 15:00:00+05:30,1350.7,1352.0,1349.7,1350.2,321567,0
2026-02-02 15:05:00+05:30,1350.4,1352.8,1350.2,1352.6,349754,0
2026-02-02 15:10:00+05:30,1352.6,1353.3,1351.8,1352.7,584889,0
2026-02-02 15:15:00+05:30,1352.8,1353.2,1351.8,1353.0,450225,0
2026-02-02 15:20:00+05:30,1352.9,1354.2,1352.4,1354.0,629558,0
2026-02-02 15:25:00+05:30,1353.8,1354.4,1350.0,1351.0,823612,0
2026-02-03 09:15:00+05:30,1412.0,1417.0,1373.4,1384.0,5153766,0
2026-02-03 09:20:00+05:30,1384.1,1396.6,1382.0,1394.2,1418942,0
2026-02-03 09:25:00+05:30,1394.2,1394.2,1388.2,1392.3,606951,0
2026-02-03 09:30:00+05:30,1392.3,1393.5,1388.7,1389.1,408484,0
2026-02-03 09:35:00+05:30,1389.1,1392.2,1387.2,1389.8,944872,0
2026-02-03 09:40:00+05:30,1389.8,1393.4,1386.7,1392.5,604746,0
2026-02-03 09:45:00+05:30,1392.7,1393.3,1387.2,1391.9,404997,0
2026-02-03 09:50:00+05:30,1391.9,1393.4,1389.6,1390.4,153441,0
2026-02-03 09:55:00+05:30,1390.4,1393.5,1390.4,1391.7,288618,0
2026-02-03 10:00:00+05:30,1391.9,1393.1,1390.9,1392.2,144277,0
2026-02-03 10:05:00+05:30,1392.2,1392.4,1388.1,1390.8,140734,0
2026-02-03 10:10:00+05:30,1390.8,1390.9,1388.6,1390.1,319920,0
2026-02-03 10:15:00+05:30,1390.1,1393.8,1390.1,1392.5,162441,0
2026-02-03 10:20:00+05:30,1392.5,1394.8,1392.0,1394.3,203052,0
2026-02-03 10:25:00+05:30,1394.3,1395.1,1392.7,1392.8,359226,0
2026-02-03 10:30:00+05:30,1392.8,1395.5,1392.7,1395.3,277732,0
2026-02-03 10:35:00+05:30,1395.2,1396.4,1394.2,1395.0,158090,0
2026-02-03 10:40:00+05:30,1395.0,1399.6,1394.5,1398.6,195724,0
2026-02-03 10:45:00+05:30,1398.7,1398.9,1395.3,1396.4,162239,0
2026-02-03 10:50:00+05:30,1396.4,1398.2,1394.6,1397.9,197846,0
2026-02-03 10:55:00+05:30,1397.9,1399.5,1397.2,1397.5,167961,0
2026-02-03 11:00:00+05:30,1397.5,1399.0,1394.5,1395.5,306840,0
2026-02-03 11:05:00+05:30,1395.6,1397.0,1392.0,1392.0,323767,0
2026-02-03 11:10:00+05:30,1392.0,1393.7,1391.0,1393.5,131765,0
2026-02-03 11:15:00+05:30,1393.5,1395.4,1393.2,1393.8,200000,0
2026-02-03 11:20:00+05:30,1393.9,1395.0,1393.0,1394.9,203583,0
2026-02-03 11:25:00+05:30,1394.9,1395.5,1394.5,1395.0,117979,0
2026-02-03 11:30:00+05:30,1395.0,1398.7,1394.6,1398.4,202989,0
2026-02-03 11:35:00+05:30,1398.4,1398.6,1394.5,1394.6,115340,0
2026-02-03 11:40:00+05:30,1394.5,1395.6,1393.0,1393.2,158138,0
2026-02-03 11:45:00+05:30,1393.2,1393.2,1389.4,1389.4,143044,0
2026-02-03 11:50:00+05:30,1389.4,1390.9,1388.9,1389.4,218830,0
2026-02-03 11:55:00+05:30,1389.4,1391.0,1388.2,1390.5,272619,0
2026-02-03 12:00:00+05:30,1390.6,1393.0,1390.5,1392.2,187910,0
2026-02-03 12:05:00+05:30,1392.1,1393.9,1391.6,1393.8,111256,0
2026-02-03 12:10:00+05:30,1393.7,1397.7,1393.7,1395.7,224215,0
2026-02-03 12:15:00+05:30,1395.7,1395.9,1394.1,1395.0,114488,0
2026-02-03 12:20:00+05:30,1395.0,1396.5,1392.6,1393.0,156849,0
2026-02-03 12:25:00+05:30,1393.0,1393.2,1389.4,1390.8,160835,0
2026-02-03 12:30:00+05:30,1390.6,1393.5,1389.9,1392.3,151504,0
2026-02-03 12:35:00+05:30,1392.4,1393.2,1390.4,1391.5,385505,0
2026-02-03 12:40:00+05:30,1391.5,1392.3,1390.9,1392.1,128582,0
2026-02-03 12:45:00+05:30,1392.1,1393.5,1391.5,1392.0,146134,0
2026-02-03 12:50:00+05:30,1391.9,1395.1,1391.8,1394.6,210731,0
2026-02-03 12:55:00+05:30,1394.7,1395.9,1394.4,1395.3,164041,0
2026-02-03 13:00:00+05:30,1395.3,1397.6,1394.7,1397.4,147694,0
2026-02-03 13:05:00+05:30,1397.4,1397.7,1395.1,1396.6,93477,0
2026-02-03 13:10:00+05:30,1396.5,1398.0,1395.6,1397.5,115415,0
2026-02-03 13:15:00+05:30,1397.5,1398.2,1396.9,1397.8,84538,0
2026-02-03 13:20:00+05:30,1397.8,1398.1,1395.5,1396.6,196575,0
2026-02-03 13:25:00+05:30,1396.7,1396.8,1393.5,1395.9,138676,0
2026-02-03 13:30:00+05:30,1395.9,1396.0,1394.8,1395.2,105965,0
2026-02-03 13:35:00+05:30,1395.2,1397.0,1394.1,1396.6,188453,0
2026-02-03 13:40:00+05:30,1396.8,1398.8,1396.6,1398.5,126705,0
2026-02-03 13:45:00+05:30,1398.5,1398.9,1397.0,1397.1,131090,0
2026-02-03 13:50:00+05:30,1397.3,1397.4,1396.1,1397.0,105254,0
2026-02-03 13:55:00+05:30,1396.9,1397.0,1393.0,1393.2,174677,0
2026-02-03 14:00:00+05:30,1393.4,1394.0,1392.3,1392.9,197232,0
2026-02-03 14:05:00+05:30,1392.9,1394.2,1392.7,1392.9,312253,0
2026-02-03 14:10:00+05:30,1392.8,1393.2,1391.3,1391.9,184784,0
2026-02-03 14:15:00+05:30,1391.9,1392.4,1390.8,1391.3,209272,0
2026-02-03 14:20:00+05:30,1391.5,1392.0,1390.9,1391.5,120463,0
2026-02-03 14:25:00+05:30,1391.4,1391.5,1390.0,1391.0,129077,0
2026-02-03 14:30:00+05:30,1391.0,1391.2,1389.5,1391.1,175051,0
2026-02-03 14:35:00+05:30,1391.0,1393.0,1390.9,1392.2,138968,0
2026-02-03 14:40:00+05:30,1392.2,1392.6,1390.5,1391.5,235837,0
2026-02-03 14:45:00+05:30,1391.4,1393.0,1390.0,1390.9,318789,0
2026-02-03 14:50:00+05:30,1391.1,1393.4,1390.6,1392.6,159202,0
2026-02-03 14:55:00+05:30,1392.7,1395.0,1392.6,1394.6,117018,0
2026-02-03 15:00:00+05:30,1394.5,1394.5,1388.7,1390.5,565928,0
2026-02-03 15:05:00+05:30,1390.5,1391.9,1388.0,1389.1,801568,0
2026-02-03 15:10:00+05:30,1389.9,1392.8,1387.4,1389.2,820037,0
2026-02-03 15:15:00+05:30,1389.1,1391.9,1386.8,1390.4,928780,0
2026-02-03 15:20:00+05:30,1390.4,1390.8,1389.3,1390.1,407111,0
2026-02-03 15:25:00+05:30,1390.2,1390.2,1387.0,1388.0,455165,0
2026-02-04 09:15:00+05:30,1387.0,1403.7,1386.9,1403.3,816376,0
2026-02-04 09:20:00+05:30,1403.3,1406.5,1400.5,1406.0,361071,0
2026-02-04 09:25:00+05:30,1406.3,1413.0,1405.9,1410.0,470101,0
2026-02-04 09:30:00+05:30,1410.0,1412.5,1408.3,1408.9,194099,0
2026-02-04 09:35:00+05:30,1408.7,1410.4,1406.9,1408.1,277135,0
2026-02-04 09:40:00+05:30,1408.2,1412.0,1408.1,1411.3,221050,0
2026-02-04 09:45:00+05:30,1411.3,1412.7,1408.3,1408.7,222897,0
2026-02-04 09:50:00+05:30,1408.7,1408.8,1403.3,1403.4,121608,0
2026-02-04 09:55:00+05:30,1403.5,1403.7,1401.5,1402.9,90503,0
2026-02-04 10:00:00+05:30,1403.3,1404.6,1402.9,1404.2,91417,0
2026-02-04 10:05:00+05:30,1404.2,1404.8,1403.1,1404.8,54096,0
2026-02-04 10:10:00+05:30,1404.6,1405.0,1402.6,1402.9,93465,0
2026-02-04 10:15:00+05:30,1402.8,1403.2,1401.0,1401.4,55932,0
2026-02-04 10:20:00+05:30,1401.3,1401.9,1400.5,1401.6,55210,0
2026-02-04 10:25:00+05:30,1401.8,1402.4,1401.0,1401.4,63234,0
2026-02-04 10:30:00+05:30,1401.3,1402.8,1401.2,1402.0,74614,0
2026-02-04 10:35:00+05:30,1402.0,1403.0,1401.7,1402.1,167672,0
2026-02-04 10:40:00+05:30,1402.1,1402.6,1401.2,1402.1,157673,0
2026-02-04 10:45:00+05:30,1401.9,1405.0,1401.8,1405.0,202127,0
2026-02-04 10:50:00+05:30,1405.0,1407.8,1404.0,1406.7,172090,0
2026-02-04 10:55:00+05:30,1406.7,1407.6,1405.6,1406.0,199857,0
2026-02-04 11:00:00+05:30,1405.9,1407.0,1405.2,1405.8,163914,0
2026-02-04 11:05:00+05:30,1405.9,1409.0,1405.5,1407.0,180645,0
2026-02-04 11:10:00+05:30,1406.9,1407.0,1405.4,1406.0,129857,0
2026-02-04 11:15:00+05:30,1406.0,1407.0,1405.4,1405.9,97491,0
2026-02-04 11:20:00+05:30,1405.9,1407.2,1405.3,1406.1,107215,0
2026-02-04 11:25:00+05:30,1406.4,1406.4,1405.2,1405.9,70234,0
2026-02-04 11:30:00+05:30,1405.9,1407.5,1405.6,1405.7,151624,0
2026-02-04 11:35:00+05:30,1406.0,1406.0,1405.5,1406.0,48938,0
2026-02-04 11:40:00+05:30,1405.8,1406.5,1405.2,1405.5,65523,0
2026-02-04 11:45:00+05:30,1405.3,1407.0,1405.3,1407.0,86781,0
2026-02-04 11:50:00+05:30,1406.9,1407.8,1406.0,1407.8,143814,0
2026-02-04 11:55:00+05:30,1407.8,1408.0,1405.9,1406.7,74164,0
2026-02-04 12:00:00+05:30,1406.5,1406.9,1406.3,1406.6,80344,0
2026-02-04 12:05:00+05:30,1406.6,1407.4,1406.5,1407.1,36886,0
2026-02-04 12:10:00+05:30,1407.2,1408.0,1407.1,1408.0,44022,0
2026-02-04 12:15:00+05:30,1408.0,1408.3,1406.7,1406.9,41406,0
2026-02-04 12:20:00+05:30,1406.9,1407.0,1406.7,1406.9,47525,0
2026-02-04 12:25:00+05:30,1406.8,1409.4,1406.7,1408.9,121305,0
2026-02-04 12:30:00+05:30,1409.0,1409.8,1407.9,1409.5,260069,0
2026-02-04 12:35:00+05:30,1409.8,1410.0,1407.9,1409.0,144996,0
2026-02-04 12:40:00+05:30,1408.8,1409.9,1408.5,1409.0,82179,0
2026-02-04 12:45:00+05:30,1408.6,1409.0,1407.5,1407.7,52094,0
2026-02-04 12:50:00+05:30,1407.6,1409.2,1407.2,1409.1,104095,0
2026-02-04 12:55:00+05:30,1409.2,1409.2,1408.1,1408.1,46659,0
2026-02-04 13:00:00+05:30,1408.1,1408.4,1404.0,1405.1,76985,0
2026-02-04 13:05:00+05:30,1405.1,1407.4,1404.4,1407.2,56586,0
2026-02-04 13:10:00+05:30,1407.2,1407.9,1407.0,1407.5,45698,0
2026-02-04 13:15:00+05:30,1407.4,1408.0,1406.6,1407.7,58141,0
2026-02-04 13:20:00+05:30,1407.9,1408.9,1407.2,1408.7,67653,0
2026-02-04 13:25:00+05:30,1408.6,1409.0,1408.4,1408.8,47628,0
2026-02-04 13:30:00+05:30,1408.8,1409.8,1408.5,1409.0,73763,0
2026-02-04 13:35:00+05:30,1409.1,1409.5,1408.3,1408.8,52850,0
2026-02-04 13:40:00+05:30,1408.9,1409.5,1408.5,1409.2,49434,0
2026-02-04 13:45:00+05:30,1409.1,1409.5,1408.0,1408.4,53068,0
2026-02-04 13:50:00+05:30,1408.2,1410.0,1408.0,1409.9,116705,0
2026-02-04 13:55:00+05:30,1409.8,1410.0,1409.1,1409.4,51973,0
2026-02-04 14:00:00+05:30,1409.3,1409.4,1407.8,1408.6,53074,0
2026-02-04 14:05:00+05:30,1408.6,1409.0,1408.2,1408.7,44461,0
2026-02-04 14:10:00+05:30,1408.9,1410.0,1408.7,1409.9,51338,0
2026-02-04 14:15:00+05:30,1409.7,1410.0,1408.3,1409.8,91630,0
2026-02-04 14:20:00+05:30,1409.8,1410.4,1408.5,1408.7,125645,0
2026-02-04 14:25:00+05:30,1408.8,1410.0,1408.5,1409.7,87167,0
2026-02-04 14:30:00+05:30,1409.8,1410.0,1409.2,1409.7,68009,0
2026-02-04 14:35:00+05:30,1409.9,1413.0,1409.7,1412.2,207354,0
2026-02-04 14:40:00+05:30,1412.6,1414.0,1411.7,1412.6,184865,0
2026-02-04 14:45:00+05:30,1412.6,1413.0,1409.9,1410.8,136994,0
2026-02-04 14:50:00+05:30,1410.9,1411.3,1409.9,1410.4,145104,0
2026-02-04 14:55:00+05:30,1410.3,1411.5,1409.5,1410.8,135209,0
2026-02-04 15:00:00+05:30,1410.9,1411.3,1408.4,1408.7,328314,0
2026-02-04 15:05:00+05:30,1408.6,1409.4,1407.4,1408.7,341119,0
2026-02-04 15:10:00+05:30,1408.8,1410.1,1408.3,1409.8,332727,0
2026-02-04 15:15:00+05:30,1409.7,1410.3,1408.1,1408.8,356768,0
2026-02-04 15:20:00+05:30,1408.6,1409.2,1406.3,1409.1,451394,0
2026-02-04 15:25:00+05:30,1408.7,1412.4,1404.2,1406.1,644072,0
2026-02-05 09:15:00+05:30,1414.0,1414.0,1402.2,1409.5,451463,0
2026-02-05 09:20:00+05:30,1409.5,1410.6,1407.0,1410.5,124441,0
2026-02-05 09:25:00+05:30,1410.6,1411.9,1409.0,1410.4,115625,0
2026-02-05 09:30:00+05:30,1410.9,1411.1,1407.5,1408.7,77561,0
2026-02-05 09:35:00+05:30,1408.7,1409.8,1408.0,1408.7,64516,0
2026-02-05 09:40:00+05:30,1409.0,1411.0,1408.7,1410.8,106014,0
2026-02-05 09:45:00+05:30,1410.8,1411.0,1405.6,1406.4,130160,0
2026-02-05 09:50:00+05:30,1406.2,1407.4,1406.1,1406.9,40116,0
2026-02-05 09:55:00+05:30,1406.6,1408.4,1406.3,1407.1,52801,0
2026-02-05 10:00:00+05:30,1407.1,1407.4,1404.9,1406.2,40769,0
2026-02-05 10:05:00+05:30,1406.2,1406.5,1405.0,1405.7,35146,0
2026-02-05 10:10:00+05:30,1405.9,1406.9,1405.7,1406.5,23590,0
2026-02-05 10:15:00+05:30,1406.4,1408.2,1405.6,1407.8,32786,0
2026-02-05 10:20:00+05:30,1407.4,1408.3,1407.1,1407.8,28899,0
2026-02-05 10:25:00+05:30,1407.8,1408.2,1406.4,1407.0,30748,0
2026-02-05 10:30:00+05:30,1407.0,1407.0,1404.3,1404.8,43128,0
2026-02-05 10:35:00+05:30,1404.5,1404.8,1403.2,1403.5,52743,0
2026-02-05 10:40:00+05:30,1403.7,1405.0,1403.0,1404.1,154613,0
2026-02-05 10:45:00+05:30,1404.0,1405.1,1404.0,1404.3,29009,0
2026-02-05 10:50:00+05:30,1404.3,1404.6,1404.0,1404.2,32316,0
2026-02-05 10:55:00+05:30,1404.5,1405.4,1404.2,1405.3,51463,0
2026-02-05 11:00:00+05:30,1404.9,1406.6,1404.7,1406.5,23797,0
2026-02-05 11:05:00+05:30,1406.5,1407.2,1406.0,1406.8,61798,0
2026-02-05 11:10:00+05:30,1406.8,1407.5,1405.7,1406.5,67019,0
2026-02-05 11:15:00+05:30,1406.3,1406.4,1405.5,1405.5,29802,0
2026-02-05 11:20:00+05:30,1405.6,1406.7,1405.5,1406.0,47021,0
2026-02-05 11:25:00+05:30,1406.0,1406.2,1405.6,1406.0,28480,0
2026-02-05 11:30:00+05:30,1406.0,1407.9,1405.6,1407.5,54474,0
2026-02-05 11:35:00+05:30,1407.4,1407.9,1406.8,1407.0,41002,0
2026-02-05 11:40:00+05:30,1407.0,1408.0,1406.4,1407.9,65913,0
2026-02-05 11:45:00+05:30,1407.9,1408.0,1406.7,1407.0,48897,0
2026-02-05 11:50:00+05:30,1407.0,1407.2,1406.4,1406.9,48009,0
2026-02-05 11:55:00+05:30,1406.9,1407.9,1406.2,1407.6,37101,0
2026-02-05 12:00:00+05:30,1407.6,1408.9,1407.6,1408.9,64349,0
2026-02-05 12:05:00+05:30,1408.9,1409.3,1407.6,1408.0,128158,0
2026-02-05 12:10:00+05:30,1408.0,1408.9,1407.9,1408.4,73047,0
2026-02-05 12:15:00+05:30,1408.4,1408.4,1407.2,1407.2,70864,0
2026-02-05 12:20:00+05:30,1407.4,1408.3,1407.2,1408.0,110289,0
2026-02-05 12:25:00+05:30,1408.0,1409.0,1406.7,1407.2,310513,0
2026-02-05 12:30:00+05:30,1406.9,1408.4,1405.2,1405.5,233016,0
2026-02-05 12:35:00+05:30,1405.5,1406.3,1404.7,1404.9,64252,0
2026-02-05 12:40:00+05:30,1404.9,1404.9,1404.0,1404.0,35081,0
2026-02-05 12:45:00+05:30,1404.4,1406.8,1404.0,1406.1,61278,0
2026-02-05 12:50:00+05:30,1406.1,1407.1,1404.3,1404.6,117973,0
2026-02-05 12:55:00+05:30,1404.5,1406.6,1403.0,1405.9,172831,0
2026-02-05 13:00:00+05:30,1405.8,1406.4,1404.8,1405.9,63541,0
2026-02-05 13:05:00+05:30,1405.9,1406.8,1405.8,1406.4,40920,0
2026-02-05 13:10:00+05:30,1406.5,1407.1,1404.4,1405.3,52947,0
2026-02-05 13:15:00+05:30,1405.3,1406.0,1404.8,1405.7,35341,0
2026-02-05 13:20:00+05:30,1405.7,1406.0,1404.7,1405.3,48954,0
2026-02-05 13:25:00+05:30,1405.3,1405.3,1403.2,1403.2,52050,0
2026-02-05 13:30:00+05:30,1403.3,1404.7,1403.1,1404.3,134663,0
2026-02-05 13:35:00+05:30,1404.3,1404.4,1402.0,1403.5,207338,0
2026-02-05 13:40:00+05:30,1403.5,1404.5,1403.4,1403.7,45942,0
2026-02-05 13:45:00+05:30,1403.8,1403.9,1402.9,1403.2,47481,0
2026-02-05 13:50:00+05:30,1403.2,1403.5,1402.0,1402.5,91752,0
2026-02-05 13:55:00+05:30,1402.4,1402.5,1400.1,1401.7,242487,0
2026-02-05 14:00:00+05:30,1401.7,1402.1,1400.7,1401.9,199843,0
2026-02-05 14:05:00+05:30,1401.9,1401.9,1400.2,1400.2,154432,0
2026-02-05 14:10:00+05:30,1400.3,1400.7,1399.0,1399.9,229650,0
2026-02-05 14:15:00+05:30,1399.8,1400.0,1398.3,1398.7,70270,0
2026-02-05 14:20:00+05:30,1398.6,1398.7,1397.3,1398.0,93970,0
2026-02-05 14:25:00+05:30,1397.9,1398.2,1396.9,1396.9,88080,0
2026-02-05 14:30:00+05:30,1397.0,1398.0,1396.0,1397.8,128291,0
2026-02-05 14:35:00+05:30,1397.9,1398.2,1397.0,1397.3,193664,0
2026-02-05 14:40:00+05:30,1397.4,1398.0,1396.4,1396.7,117459,0
2026-02-05 14:45:00+05:30,1396.8,1396.8,1394.6,1396.5,198684,0
2026-02-05 14:50:00+05:30,1396.5,1397.7,1395.0,1396.7,246476,0
2026-02-05 14:55:00+05:30,1396.9,1397.3,1395.9,1396.6,146395,0
2026-02-05 15:00:00+05:30,1396.6,1400.7,1396.0,1399.1,475197,0
2026-02-05 15:05:00+05:30,1399.1,1399.5,1394.2,1396.0,669508,0
2026-02-05 15:10:00+05:30,1395.8,1398.4,1394.9,1398.3,434023,0
2026-02-05 15:15:00+05:30,1398.3,1398.3,1393.8,1394.6,317887,0
2026-02-05 15:20:00+05:30,1394.6,1397.4,1393.9,1394.7,296646,0
2026-02-05 15:25:00+05:30,1394.7,1395.2,1393.2,1394.6,145713,0
2026-02-06 09:15:00+05:30,1396.7,1406.9,1396.7,1406.2,719147,0
2026-02-06 09:20:00+05:30,1406.0,1406.4,1404.3,1405.2,84230,0
2026-02-06 09:25:00+05:30,1405.2,1405.4,1403.8,1404.3,40254,0
2026-02-06 09:30:00+05:30,1404.1,1404.3,1402.1,1403.2,32932,0
2026-02-06 09:35:00+05:30,1403.3,1403.7,1402.2,1403.3,50533,0
2026-02-06 09:40:00+05:30,1403.4,1404.1,1402.6,1404.1,38741,0
2026-02-06 09:45:00+05:30,1403.9,1404.7,1403.1,1404.4,26718,0
2026-02-06 09:50:00+05:30,1404.4,1404.8,1400.8,1401.3,166466,0
2026-02-06 09:55:00+05:30,1401.2,1403.0,1401.1,1402.6,31427,0
2026-02-06 10:00:00+05:30,1402.6,1403.7,1400.3,1401.5,50241,0
2026-02-06 10:05:00+05:30,1401.0,1402.5,1400.6,1402.5,30314,0
2026-02-06 10:10:00+05:30,1402.3,1403.7,1402.0,1403.6,125365,0
2026-02-06 10:15:00+05:30,1403.5,1405.2,1403.3,1404.0,172239,0
2026-02-06 10:20:00+05:30,1403.8,1404.3,1402.0,1403.4,42405,0
2026-02-06 10:25:00+05:30,1403.7,1404.4,1401.9,1402.5,126803,0
2026-02-06 10:30:00+05:30,1402.6,1402.8,1400.5,1401.4,121202,0
2026-02-06 10:35:00+05:30,1401.3,1401.6,1399.7,1400.0,97591,0
2026-02-06 10:40:00+05:30,1399.9,1401.2,1398.6,1400.0,125312,0
2026-02-06 10:45:00+05:30,1399.9,1400.0,1399.3,1399.4,79513,0
2026-02-06 10:50:00+05:30,1399.4,1400.0,1399.4,1400.0,23380,0
2026-02-06 10:55:00+05:30,1399.9,1400.2,1399.5,1400.0,58977,0
2026-02-06 11:00:00+05:30,1400.0,1401.3,1399.9,1401.0,80030,0
2026-02-06 11:05:00+05:30,1401.0,1401.0,1398.0,1399.0,81599,0
2026-02-06 11:10:00+05:30,1399.0,1399.1,1397.0,1398.6,79173,0
2026-02-06 11:15:00+05:30,1398.6,1400.0,1397.2,1399.7,69423,0
2026-02-06 11:20:00+05:30,1399.7,1399.8,1397.3,1399.5,158711,0
2026-02-06 11:25:00+05:30,1399.4,1400.0,1399.2,1399.4,83704,0
2026-02-06 11:30:00+05:30,1399.3,1399.5,1397.5,1398.7,31576,0
2026-02-06 11:35:00+05:30,1398.8,1400.1,1398.4,1399.4,94434,0
2026-02-06 11:40:00+05:30,1399.4,1401.0,1399.1,1399.7,148004,0
2026-02-06 11:45:00+05:30,1399.7,1401.0,1399.5,1400.3,48161,0
2026-02-06 11:50:00+05:30,1400.3,1400.4,1399.0,1400.1,127926,0
2026-02-06 11:55:00+05:30,1400.0,1400.2,1398.0,1399.7,110885,0
2026-02-06 12:00:00+05:30,1399.7,1399.8,1396.7,1396.9,141920,0
2026-02-06 12:05:00+05:30,1396.9,1396.9,1395.0,1395.1,55566,0
2026-02-06 12:10:00+05:30,1395.0,1395.8,1394.7,1395.6,24656,0
2026-02-06 12:15:00+05:30,1395.6,1396.2,1395.4,1396.0,27036,0
2026-02-06 12:20:00+05:30,1396.0,1396.2,1395.3,1395.7,39679,0
2026-02-06 12:25:00+05:30,1395.7,1396.9,1395.4,1396.3,31940,0
2026-02-06 12:30:00+05:30,1396.3,1396.9,1395.7,1396.4,31468,0
2026-02-06 12:35:00+05:30,1396.4,1396.8,1395.0,1396.3,67241,0
2026-02-06 12:40:00+05:30,1396.1,1398.4,1395.2,1398.3,243065,0
2026-02-06 12:45:00+05:30,1397.9,1400.8,1397.7,1399.6,262355,0
2026-02-06 12:50:00+05:30,1399.6,1400.5,1398.8,1399.5,119205,0
2026-02-06 12:55:00+05:30,1399.5,1401.6,1398.0,1400.7,330238,0
2026-02-06 13:00:00+05:30,1400.6,1402.1,1399.9,1402.0,334678,0
2026-02-06 13:05:00+05:30,1402.0,1403.1,1399.5,1400.5,451401,0
2026-02-06 13:10:00+05:30,1400.6,1401.9,1400.6,1401.9,81126,0
2026-02-06 13:15:00+05:30,1401.9,1402.4,1401.3,1401.9,82650,0
2026-02-06 13:20:00+05:30,1401.6,1402.4,1401.5,1402.3,50338,0
2026-02-06 13:25:00+05:30,1402.3,1402.4,1401.8,1402.2,27685,0
2026-02-06 13:30:00+05:30,1402.2,1402.7,1401.8,1402.5,95573,0
2026-02-06 13:35:00+05:30,1402.6,1403.9,1402.3,1403.6,325803,0
2026-02-06 13:40:00+05:30,1403.6,1404.8,1402.6,1403.1,437433,0
2026-02-06 13:45:00+05:30,1403.6,1404.3,1402.4,1403.6,324940,0
2026-02-06 13:50:00+05:30,1403.7,1405.5,1403.2,1404.9,342677,0
2026-02-06 13:55:00+05:30,1404.8,1405.5,1404.4,1404.5,92038,0
2026-02-06 14:00:00+05:30,1404.5,1405.1,1404.2,1404.2,68028,0
2026-02-06 14:05:00+05:30,1404.2,1404.9,1404.1,1404.1,73118,0
2026-02-06 14:10:00+05:30,1404.1,1404.3,1403.2,1403.7,72370,0
2026-02-06 14:15:00+05:30,1403.8,1404.9,1403.0,1404.5,61381,0
2026-02-06 14:20:00+05:30,1404.5,1405.1,1404.5,1404.8,41138,0
2026-02-06 14:25:00+05:30,1404.7,1405.3,1404.6,1404.9,31946,0
2026-02-06 14:30:00+05:30,1404.9,1405.2,1404.6,1404.9,51403,0
2026-02-06 14:35:00+05:30,1405.1,1406.8,1404.9,1406.7,130819,0
2026-02-06 14:40:00+05:30,1406.5,1406.9,1406.1,1406.4,117364,0
2026-02-06 14:45:00+05:30,1406.3,1406.4,1404.7,1405.1,68143,0
2026-02-06 14:50:00+05:30,1405.0,1405.7,1404.3,1405.5,73289,0
2026-02-06 14:55:00+05:30,1405.5,1405.7,1404.5,1404.8,79911,0
2026-02-06 15:00:00+05:30,1404.9,1406.0,1404.5,1405.7,318713,0
2026-02-06 15:05:00+05:30,1405.9,1406.3,1404.6,1404.9,366262,0
2026-02-06 15:10:00+05:30,1404.9,1405.3,1404.1,1405.0,396085,0
2026-02-06 15:15:00+05:30,1405.0,1405.3,1404.4,1404.9,348449,0
2026-02-06 15:20:00+05:30,1404.9,1407.7,1404.6,1407.7,553577,0
2026-02-06 15:25:00+05:30,1407.6,1410.5,1405.7,1408.0,620823,0
2026-02-09 09:15:00+05:30,1413.5,1414.0,1400.0,1402.3,450856,0
2026-02-09 09:20:00+05:30,1402.2,1405.4,1400.2,1404.5,233614,0
2026-02-09 09:25:00+05:30,1404.5,1404.5,1401.0,1402.3,87081,0
2026-02-09 09:30:00+05:30,1402.3,1403.7,1400.4,1402.1,42959,0
2026-02-09 09:35:00+05:30,1402.1,1402.7,1401.0,1402.3,31097,0
2026-02-09 09:40:00+05:30,1402.3,1403.0,1401.1,1401.1,31165,0
2026-02-09 09:45:00+05:30,1401.1,1402.0,1400.1,1401.7,23817,0
2026-02-09 09:50:00+05:30,1401.7,1402.4,1401.0,1401.5,24780,0
2026-02-09 09:55:00+05:30,1401.5,1402.3,1400.1,1401.8,38853,0
2026-02-09 10:00:00+05:30,1401.8,1403.5,1401.6,1403.0,27949,0
2026-02-09 10:05:00+05:30,1403.0,1403.9,1399.2,1400.7,57191,0
2026-02-09 10:10:00+05:30,1400.7,1401.3,1400.0,1400.1,28604,0
2026-02-09 10:15:00+05:30,1400.3,1400.6,1398.6,1399.0,57764,0
2026-02-09 10:20:00+05:30,1399.0,1399.9,1397.1,1398.3,86362,0
2026-02-09 10:25:00+05:30,1398.6,1399.1,1396.6,1397.5,43693,0
2026-02-09 10:30:00+05:30,1397.5,1398.6,1397.1,1397.4,28167,0
2026-02-09 10:35:00+05:30,1397.3,1398.8,1397.0,1398.8,30646,0
2026-02-09 10:40:00+05:30,1398.5,1399.8,1398.3,1398.9,55979,0
2026-02-09 10:45:00+05:30,1398.9,1400.1,1398.5,1398.9,90493,0
2026-02-09 10:50:00+05:30,1398.9,1399.6,1397.2,1398.2,39698,0
2026-02-09 10:55:00+05:30,1398.2,1399.3,1397.4,1399.2,28232,0
2026-02-09 11:00:00+05:30,1399.2,1399.8,1398.1,1399.3,59674,0
2026-02-09 11:05:00+05:30,1399.3,1400.2,1398.9,1399.3,45032,0
2026-02-09 11:10:00+05:30,1399.3,1400.0,1398.9,1398.9,53642,0
2026-02-09 11:15:00+05:30,1399.0,1399.4,1397.6,1397.9,30102,0
2026-02-09 11:20:00+05:30,1397.9,1398.6,1397.1,1397.6,33479,0
2026-02-09 11:25:00+05:30,1397.6,1398.0,1396.2,1396.8,59926,0
2026-02-09 11:30:00+05:30,1396.8,1397.9,1396.3,1397.4,44455,0
2026-02-09 11:35:00+05:30,1397.2,1398.0,1396.8,1397.5,25385,0
2026-02-09 11:40:00+05:30,1397.7,1398.0,1395.5,1396.7,138920,0
2026-02-09 11:45:00+05:30,1396.7,1397.3,1395.6,1396.9,63660,0
2026-02-09 11:50:00+05:30,1396.9,1397.3,1396.0,1396.4,65409,0
2026-02-09 11:55:00+05:30,1396.4,1397.0,1395.8,1396.1,33995,0
2026-02-09 12:00:00+05:30,1396.0,1396.8,1395.1,1396.5,88103,0
2026-02-09 12:05:00+05:30,1396.5,1397.0,1395.6,1396.3,86138,0
2026-02-09 12:10:00+05:30,1396.2,1396.7,1395.7,1396.0,35972,0
2026-02-09 12:15:00+05:30,1395.9,1396.2,1393.8,1395.0,83185,0
2026-02-09 12:20:00+05:30,1394.9,1395.5,1394.6,1394.7,44570,0
2026-02-09 12:25:00+05:30,1394.7,1395.0,1393.6,1393.7,65432,0
2026-02-09 12:30:00+05:30,1393.7,1393.9,1392.2,1393.1,77282,0
2026-02-09 12:35:00+05:30,1393.1,1394.5,1392.6,1393.4,70988,0
2026-02-09 12:40:00+05:30,1393.6,1394.1,1393.2,1393.8,29857,0
2026-02-09 12:45:00+05:30,1393.9,1394.2,1393.2,1393.5,35343,0
2026-02-09 12:50:00+05:30,1393.5,1394.3,1392.9,1393.4,61881,0
2026-02-09 12:55:00+05:30,1393.5,1393.8,1392.5,1392.8,34327,0
2026-02-09 13:00:00+05:30,1392.8,1393.0,1392.1,1392.6,35539,0
2026-02-09 13:05:00+05:30,1392.7,1392.7,1391.5,1392.4,146537,0
2026-02-09 13:10:00+05:30,1392.5,1392.8,1391.6,1392.1,36316,0
2026-02-09 13:15:00+05:30,1392.1,1392.4,1391.5,1392.0,51078,0
2026-02-09 13:20:00+05:30,1392.0,1392.0,1390.2,1390.5,65342,0
2026-02-09 13:25:00+05:30,1390.5,1391.3,1389.4,1390.3,80476,0
2026-02-09 13:30:00+05:30,1390.0,1390.3,1389.5,1389.9,30509,0
2026-02-09 13:35:00+05:30,1390.0,1390.2,1389.4,1389.6,37441,0
2026-02-09 13:40:00+05:30,1389.6,1390.2,1389.3,1389.8,32470,0
2026-02-09 13:45:00+05:30,1390.0,1390.3,1389.3,1389.3,37900,0
2026-02-09 13:50:00+05:30,1389.4,1390.2,1388.8,1389.6,44394,0
2026-02-09 13:55:00+05:30,1389.6,1391.9,1389.1,1389.4,152996,0
2026-02-09 14:00:00+05:30,1389.4,1390.2,1389.3,1389.5,56400,0
2026-02-09 14:05:00+05:30,1390.0,1390.8,1389.2,1390.6,102579,0
2026-02-09 14:10:00+05:30,1390.6,1392.4,1390.4,1391.8,188258,0
2026-02-09 14:15:00+05:30,1391.9,1395.4,1391.8,1395.3,145039,0
2026-02-09 14:20:00+05:30,1395.3,1396.6,1394.4,1396.5,152242,0
2026-02-09 14:25:00+05:30,1396.5,1396.6,1395.2,1395.7,125372,0
2026-02-09 14:30:00+05:30,1395.8,1396.3,1394.7,1395.9,103158,0
2026-02-09 14:35:00+05:30,1395.9,1396.3,1395.0,1395.8,95221,0
2026-02-09 14:40:00+05:30,1395.9,1396.0,1394.4,1394.7,86497,0
2026-02-09 14:45:00+05:30,1394.8,1396.0,1394.3,1395.6,161008,0
2026-02-09 14:50:00+05:30,1395.5,1397.3,1393.9,1396.6,610432,0
2026-02-09 14:55:00+05:30,1396.6,1397.4,1395.5,1395.9,200423,0
2026-02-09 15:00:00+05:30,1395.9,1400.2,1395.8,1397.6,893002,0
2026-02-09 15:05:00+05:30,1397.6,1397.9,1394.6,1395.4,250220,0
2026-02-09 15:10:00+05:30,1395.4,1396.3,1395.0,1395.6,210438,0
2026-02-09 15:15:00+05:30,1395.7,1396.4,1394.8,1395.0,293307,0
2026-02-09 15:20:00+05:30,1395.2,1395.8,1393.9,1394.0,325548,0
2026-02-09 15:25:00+05:30,1394.0,1395.6,1393.0,1395.1,231905,0
2026-02-10 09:15:00+05:30,1401.0,1402.6,1396.3,1401.9,438608,0
2026-02-10 09:20:00+05:30,1401.9,1402.6,1400.7,1402.3,137663,0
2026-02-10 09:25:00+05:30,1402.3,1402.5,1400.8,1401.3,127716,0
2026-02-10 09:30:00+05:30,1401.3,1401.7,1398.1,1398.7,108603,0
2026-02-10 09:35:00+05:30,1398.6,1399.4,1397.5,1399.4,66896,0
2026-02-10 09:40:00+05:30,1399.4,1399.7,1396.4,1396.9,78257,0
2026-02-10 09:45:00+05:30,1396.6,1397.1,1395.5,1396.0,66973,0
2026-02-10 09:50:00+05:30,1396.1,1397.5,1396.0,1396.2,70441,0
2026-02-10 09:55:00+05:30,1396.1,1398.1,1396.1,1398.0,52572,0
2026-02-10 10:00:00+05:30,1398.0,1398.6,1396.8,1398.6,59565,0
2026-02-10 10:05:00+05:30,1398.6,1399.5,1398.3,1399.5,36937,0
2026-02-10 10:10:00+05:30,1399.4,1399.9,1398.3,1398.6,66452,0
2026-02-10 10:15:00+05:30,1398.6,1400.4,1398.3,1400.0,55509,0
2026-02-10 10:20:00+05:30,1400.1,1400.6,1399.6,1400.0,37003,0
2026-02-10 10:25:00+05:30,1400.0,1400.1,1396.0,1396.8,112606,0
2026-02-10 10:30:00+05:30,1396.8,1399.0,1396.4,1399.0,45238,0
2026-02-10 10:35:00+05:30,1398.9,1399.0,1398.0,1398.4,45427,0
2026-02-10 10:40:00+05:30,1398.0,1399.0,1397.5,1399.0,103550,0
2026-02-10 10:45:00+05:30,1399.0,1399.0,1398.2,1398.7,72448,0
2026-02-10 10:50:00+05:30,1398.7,1399.0,1398.3,1399.0,45982,0
2026-02-10 10:55:00+05:30,1398.8,1399.2,1398.2,1398.7,50006,0
2026-02-10 11:00:00+05:30,1398.7,1400.6,1398.0,1399.0,109954,0
2026-02-10 11:05:00+05:30,1399.0,1399.6,1398.9,1399.0,54371,0
2026-02-10 11:10:00+05:30,1399.0,1400.7,1398.9,1399.9,85971,0
2026-02-10 11:15:00+05:30,1399.9,1400.2,1399.3,1400.0,32946,0
2026-02-10 11:20:00+05:30,1400.1,1400.2,1399.4,1400.0,44028,0
2026-02-10 11:25:00+05:30,1400.0,1401.2,1399.7,1401.0,173074,0
2026-02-10 11:30:00+05:30,1400.9,1401.3,1399.3,1400.1,104748,0
2026-02-10 11:35:00+05:30,1400.0,1400.3,1399.2,1400.0,63334,0
2026-02-10 11:40:00+05:30,1400.0,1400.0,1398.7,1399.8,43595,0
2026-02-10 11:45:00+05:30,1399.8,1399.8,1398.2,1398.8,51987,0
2026-02-10 11:50:00+05:30,1398.7,1400.0,1398.2,1399.6,81097,0
2026-02-10 11:55:00+05:30,1399.5,1399.5,1395.8,1396.9,138820,0
2026-02-10 12:00:00+05:30,1396.9,1398.3,1396.7,1398.0,67254,0
2026-02-10 12:05:00+05:30,1398.0,1398.0,1396.9,1397.0,64627,0
2026-02-10 12:10:00+05:30,1397.0,1398.4,1396.6,1398.4,134757,0
2026-02-10 12:15:00+05:30,1398.3,1398.7,1398.2,1398.5,55008,0
2026-02-10 12:20:00+05:30,1398.5,1398.5,1396.0,1397.4,183111,0
2026-02-10 12:25:00+05:30,1397.1,1398.1,1396.4,1398.1,77566,0
2026-02-10 12:30:00+05:30,1398.1,1398.4,1397.5,1398.4,61528,0
2026-02-10 12:35:00+05:30,1398.4,1399.1,1397.9,1399.1,99309,0
2026-02-10 12:40:00+05:30,1399.0,1400.8,1399.0,1400.8,174630,0
2026-02-10 12:45:00+05:30,1400.8,1405.9,1400.0,1405.8,755205,0
2026-02-10 12:50:00+05:30,1405.7,1406.9,1403.5,1404.0,196311,0
2026-02-10 12:55:00+05:30,1404.0,1404.5,1401.4,1401.9,468425,0
2026-02-10 13:00:00+05:30,1401.8,1404.9,1401.0,1404.8,398475,0
2026-02-10 13:05:00+05:30,1404.9,1406.6,1404.1,1405.8,450148,0
2026-02-10 13:10:00+05:30,1405.8,1406.0,1404.2,1404.9,344536,0
2026-02-10 13:15:00+05:30,1404.9,1405.8,1401.6,1402.2,352175,0
2026-02-10 13:20:00+05:30,1402.1,1403.5,1402.0,1402.9,64039,0
2026-02-10 13:25:00+05:30,1402.9,1404.8,1402.8,1403.3,96230,0
2026-02-10 13:30:00+05:30,1403.6,1403.6,1401.5,1402.0,171068,0
2026-02-10 13:35:00+05:30,1402.0,1402.0,1401.2,1401.5,84701,0
2026-02-10 13:40:00+05:30,1401.5,1401.9,1400.6,1401.9,100029,0
2026-02-10 13:45:00+05:30,1401.9,1401.9,1400.8,1401.5,78057,0
2026-02-10 13:50:00+05:30,1401.4,1402.3,1401.2,1402.2,99812,0
2026-02-10 13:55:00+05:30,1402.1,1402.2,1401.0,1401.1,206123,0
2026-02-10 14:00:00+05:30,1401.0,1401.1,1399.4,1400.6,208750,0
2026-02-10 14:05:00+05:30,1400.6,1402.7,1400.5,1402.0,286734,0
2026-02-10 14:10:00+05:30,1401.9,1403.3,1401.0,1402.5,370172,0
2026-02-10 14:15:00+05:30,1402.8,1406.0,1402.0,1405.9,343458,0
2026-02-10 14:20:00+05:30,1405.9,1405.9,1403.9,1404.7,156315,0
2026-02-10 14:25:00+05:30,1404.7,1405.9,1403.8,1404.4,131984,0
2026-02-10 14:30:00+05:30,1404.4,1405.5,1403.6,1404.4,280613,0
2026-02-10 14:35:00+05:30,1404.4,1405.3,1404.2,1405.3,220118,0
2026-02-10 14:40:00+05:30,1405.3,1406.0,1404.6,1405.8,292298,0
2026-02-10 14:45:00+05:30,1405.8,1407.0,1404.9,1406.7,321655,0
2026-02-10 14:50:00+05:30,1406.7,1406.8,1405.7,1406.2,294912,0
2026-02-10 14:55:00+05:30,1406.2,1406.9,1405.2,1406.5,203113,0
2026-02-10 15:00:00+05:30,1406.6,1409.0,1404.0,1408.0,1661343,0
2026-02-10 15:05:00+05:30,1408.0,1409.5,1403.4,1408.7,1986442,0
2026-02-10 15:10:00+05:30,1408.7,1409.4,1405.9,1407.1,675905,0
2026-02-10 15:15:00+05:30,1406.8,1408.6,1404.9,1405.1,591860,0
2026-02-10 15:20:00+05:30,1405.2,1405.2,1402.9,1403.5,394105,0
2026-02-10 15:25:00+05:30,1403.5,1405.0,1402.1,1404.1,432083,0
2026-02-11 09:15:00+05:30,1407.4,1413.0,1405.0,1407.4,1199269,0
2026-02-11 09:20:00+05:30,1407.4,1409.8,1407.0,1409.5,332304,0
2026-02-11 09:25:00+05:30,1409.5,1410.8,1406.5,1407.8,110449,0
2026-02-11 09:30:00+05:30,1407.9,1408.0,1405.3,1405.3,74273,0
2026-02-11 09:35:00+05:30,1405.4,1405.6,1402.0,1402.9,157568,0
2026-02-11 09:40:00+05:30,1402.9,1403.9,1402.3,1402.5,103975,0
2026-02-11 09:45:00+05:30,1402.5,1404.3,1402.0,1404.0,166523,0
2026-02-11 09:50:00+05:30,1404.0,1405.7,1403.0,1405.6,67567,0
2026-02-11 09:55:00+05:30,1405.4,1405.7,1405.0,1405.4,51639,0
2026-02-11 10:00:00+05:30,1405.4,1405.6,1403.7,1405.3,95366,0
2026-02-11 10:05:00+05:30,1405.3,1407.0,1405.2,1406.2,58039,0
2026-02-11 10:10:00+05:30,1406.4,1407.2,1405.0,1405.4,68053,0
2026-02-11 10:15:00+05:30,1405.4,1405.7,1404.7,1404.9,55260,0
2026-02-11 10:20:00+05:30,1404.9,1404.9,1404.0,1404.5,78415,0
2026-02-11 10:25:00+05:30,1404.6,1404.6,1403.1,1403.3,38597,0
2026-02-11 10:30:00+05:30,1403.3,1403.6,1401.1,1401.3,97343,0
2026-02-11 10:35:00+05:30,1401.6,1402.5,1400.4,1402.2,92625,0
2026-02-11 10:40:00+05:30,1402.2,1402.9,1400.9,1402.5,97558,0
2026-02-11 10:45:00+05:30,1402.4,1403.8,1402.4,1403.3,45863,0
2026-02-11 10:50:00+05:30,1403.3,1403.3,1402.6,1403.1,79414,0
2026-02-11 10:55:00+05:30,1403.1,1403.1,1402.2,1402.8,41758,0
2026-02-11 11:00:00+05:30,1402.8,1404.6,1402.6,1404.6,57808,0
2026-02-11 11:05:00+05:30,1404.5,1404.6,1402.9,1403.2,38398,0
2026-02-11 11:10:00+05:30,1403.2,1403.3,1402.1,1402.4,70289,0
2026-02-11 11:15:00+05:30,1402.5,1404.5,1402.2,1404.0,76882,0
2026-02-11 11:20:00+05:30,1404.0,1404.0,1402.5,1403.1,28310,0
2026-02-11 11:25:00+05:30,1403.1,1403.1,1402.5,1403.0,51381,0
2026-02-11 11:30:00+05:30,1403.0,1405.0,1401.7,1404.4,142207,0
2026-02-11 11:35:00+05:30,1404.4,1405.6,1403.4,1404.4,213256,0
2026-02-11 11:40:00+05:30,1404.8,1405.3,1403.4,1403.5,27362,0
2026-02-11 11:45:00+05:30,1404.0,1404.5,1403.1,1404.3,17009,0
2026-02-11 11:50:00+05:30,1404.3,1405.5,1404.0,1405.1,42693,0
2026-02-11 11:55:00+05:30,1405.1,1406.4,1404.9,1406.1,54217,0
2026-02-11 12:00:00+05:30,1406.1,1406.4,1405.5,1406.4,12718,0
2026-02-11 12:05:00+05:30,1406.4,1407.0,1404.5,1404.9,35478,0
2026-02-11 12:10:00+05:30,1405.0,1405.0,1403.4,1403.8,36475,0
2026-02-11 12:15:00+05:30,1403.8,1404.9,1403.4,1404.5,197501,0
2026-02-11 12:20:00+05:30,1404.5,1404.6,1403.3,1403.4,35432,0
2026-02-11 12:25:00+05:30,1403.4,1404.4,1402.8,1403.7,55815,0
2026-02-11 12:30:00+05:30,1403.6,1403.8,1402.2,1403.4,59538,0
2026-02-11 12:35:00+05:30,1403.5,1403.9,1401.4,1401.8,83166,0
2026-02-11 12:40:00+05:30,1401.8,1403.2,1401.8,1402.4,70870,0
2026-02-11 12:45:00+05:30,1402.4,1404.9,1402.1,1404.9,87611,0
2026-02-11 12:50:00+05:30,1404.9,1406.7,1404.5,1405.8,186752,0
2026-02-11 12:55:00+05:30,1405.8,1407.7,1405.0,1405.2,214942,0
2026-02-11 13:00:00+05:30,1405.2,1406.0,1404.1,1404.7,263147,0
2026-02-11 13:05:00+05:30,1404.7,1405.5,1404.6,1405.0,53668,0
2026-02-11 13:10:00+05:30,1405.0,1405.5,1404.2,1404.7,93589,0
2026-02-11 13:15:00+05:30,1404.7,1404.7,1404.1,1404.2,24102,0
2026-02-11 13:20:00+05:30,1404.2,1405.5,1404.1,1404.9,67569,0
2026-02-11 13:25:00+05:30,1404.9,1405.0,1404.6,1404.9,24790,0
2026-02-11 13:30:00+05:30,1404.9,1405.0,1403.6,1403.9,65310,0
2026-02-11 13:35:00+05:30,1403.6,1405.7,1403.4,1405.7,106241,0
2026-02-11 13:40:00+05:30,1405.7,1408.0,1405.6,1406.2,143912,0
2026-02-11 13:45:00+05:30,1406.3,1406.5,1404.7,1405.9,199156,0
2026-02-11 13:50:00+05:30,1405.8,1405.9,1404.5,1405.1,50890,0
2026-02-11 13:55:00+05:30,1405.2,1405.9,1404.3,1404.5,69409,0
2026-02-11 14:00:00+05:30,1404.5,1406.2,1404.4,1405.8,90547,0
2026-02-11 14:05:00+05:30,1405.8,1406.3,1405.7,1406.0,58840,0
2026-02-11 14:10:00+05:30,1406.0,1407.4,1405.5,1407.0,107150,0
2026-02-11 14:15:00+05:30,1407.0,1407.0,1405.4,1405.6,75978,0
2026-02-11 14:20:00+05:30,1405.6,1405.7,1404.4,1404.6,28712,0
2026-02-11 14:25:00+05:30,1404.6,1405.3,1404.3,1404.6,63979,0
2026-02-11 14:30:00+05:30,1404.6,1405.3,1403.5,1404.3,61534,0
2026-02-11 14:35:00+05:30,1404.3,1404.4,1403.2,1403.5,47276,0
2026-02-11 14:40:00+05:30,1403.5,1404.6,1403.0,1403.6,63274,0
2026-02-11 14:45:00+05:30,1403.6,1405.9,1403.5,1405.0,216268,0
2026-02-11 14:50:00+05:30,1405.0,1405.0,1403.7,1404.7,135792,0
2026-02-11 14:55:00+05:30,1404.7,1404.8,1403.6,1403.9,66729,0
2026-02-11 15:00:00+05:30,1403.6,1405.8,1403.6,1404.9,341649,0
2026-02-11 15:05:00+05:30,1404.9,1405.9,1404.8,1405.8,171953,0
2026-02-11 15:10:00+05:30,1405.8,1407.0,1405.4,1406.9,265985,0
2026-02-11 15:15:00+05:30,1406.9,1407.0,1406.4,1406.9,219215,0
2026-02-11 15:20:00+05:30,1406.9,1407.9,1406.7,1407.9,184729,0
2026-02-11 15:25:00+05:30,1407.9,1409.0,1406.0,1409.0,181913,0
2026-02-12 09:15:00+05:30,1406.1,1417.0,1405.3,1416.8,657716,0
2026-02-12 09:20:00+05:30,1416.8,1421.0,1415.0,1420.4,219518,0
2026-02-12 09:25:00+05:30,1420.9,1422.7,1419.8,1422.3,176315,0
2026-02-12 09:30:00+05:30,1422.6,1428.0,1422.0,1423.1,447733,0
2026-02-12 09:35:00+05:30,1423.6,1425.4,1421.1,1424.8,229533,0
2026-02-12 09:40:00+05:30,1424.3,1425.8,1421.9,1423.5,332256,0
2026-02-12 09:45:00+05:30,1423.5,1427.2,1422.3,1425.6,256033,0
2026-02-12 09:50:00+05:30,1425.9,1426.9,1423.1,1424.3,113377,0
2026-02-12 09:55:00+05:30,1424.5,1424.9,1422.5,1424.4,99519,0
2026-02-12 10:00:00+05:30,1424.4,1424.5,1422.5,1423.1,231655,0
2026-02-12 10:05:00+05:30,1423.1,1423.3,1421.6,1421.9,190279,0
2026-02-12 10:10:00+05:30,1422.0,1424.0,1420.7,1423.3,102602,0
2026-02-12 10:15:00+05:30,1423.6,1424.3,1423.0,1424.1,163841,0
2026-02-12 10:20:00+05:30,1424.1,1426.8,1423.5,1425.0,181984,0
2026-02-12 10:25:00+05:30,1425.0,1425.0,1421.5,1422.0,111570,0
2026-02-12 10:30:00+05:30,1422.2,1423.2,1421.7,1422.6,62224,0
2026-02-12 10:35:00+05:30,1422.6,1424.4,1422.1,1422.7,103625,0
2026-02-12 10:40:00+05:30,1422.7,1424.0,1421.9,1422.5,90799,0
2026-02-12 10:45:00+05:30,1422.5,1423.3,1421.8,1422.5,91443,0
2026-02-12 10:50:00+05:30,1422.5,1423.5,1421.7,1422.3,90191,0
2026-02-12 10:55:00+05:30,1422.3,1424.1,1421.9,1423.3,108684,0
2026-02-12 11:00:00+05:30,1423.3,1424.2,1422.5,1423.2,81852,0
2026-02-12 11:05:00+05:30,1423.2,1425.0,1422.6,1424.7,110111,0
2026-02-12 11:10:00+05:30,1424.7,1424.9,1423.0,1423.4,93231,0
2026-02-12 11:15:00+05:30,1423.4,1423.9,1422.0,1423.6,93643,0
2026-02-12 11:20:00+05:30,1423.6,1424.1,1422.5,1423.6,103599,0
2026-02-12 11:25:00+05:30,1423.6,1424.9,1422.7,1424.1,106747,0
2026-02-12 11:30:00+05:30,1424.5,1425.0,1423.5,1424.1,122103,0
2026-02-12 11:35:00+05:30,1424.1,1424.8,1423.1,1423.3,108245,0
2026-02-12 11:40:00+05:30,1423.8,1426.0,1423.1,1425.9,187092,0
2026-02-12 11:45:00+05:30,1425.9,1426.0,1424.8,1425.8,78588,0
2026-02-12 11:50:00+05:30,1425.8,1426.3,1424.5,1425.5,197762,0
2026-02-12 11:55:00+05:30,1425.9,1426.8,1424.5,1426.5,184442,0
2026-02-12 12:00:00+05:30,1426.5,1426.8,1422.4,1423.8,189821,0
2026-02-12 12:05:00+05:30,1423.8,1424.8,1422.6,1424.1,193332,0
2026-02-12 12:10:00+05:30,1424.6,1425.3,1422.5,1423.0,245287,0
2026-02-12 12:15:00+05:30,1423.0,1424.6,1422.5,1424.4,225118,0
2026-02-12 12:20:00+05:30,1424.3,1425.1,1423.5,1424.2,278301,0
2026-02-12 12:25:00+05:30,1424.2,1425.6,1423.7,1424.8,104747,0
2026-02-12 12:30:00+05:30,1425.1,1426.0,1424.2,1425.0,85293,0
2026-02-12 12:35:00+05:30,1425.0,1426.3,1424.8,1425.0,87409,0
2026-02-12 12:40:00+05:30,1425.1,1426.1,1424.5,1424.7,68514,0
2026-02-12 12:45:00+05:30,1424.7,1426.3,1424.3,1425.2,117614,0
2026-02-12 12:50:00+05:30,1425.2,1426.4,1424.4,1425.8,106026,0
2026-02-12 12:55:00+05:30,1425.8,1426.2,1424.8,1425.4,73561,0
2026-02-12 13:00:00+05:30,1425.4,1426.7,1424.9,1426.7,132874,0
2026-02-12 13:05:00+05:30,1426.7,1427.0,1424.9,1425.5,162171,0
2026-02-12 13:10:00+05:30,1425.7,1427.5,1425.2,1427.1,284287,0
2026-02-12 13:15:00+05:30,1427.1,1429.0,1426.1,1427.7,383199,0
2026-02-12 13:20:00+05:30,1427.9,1427.9,1425.4,1426.4,156083,0
2026-02-12 13:25:00+05:30,1426.5,1427.6,1425.2,1425.7,234025,0
2026-02-12 13:30:00+05:30,1425.7,1425.9,1424.2,1424.9,278676,0
2026-02-12 13:35:00+05:30,1425.0,1428.6,1424.7,1428.6,144698,0
2026-02-12 13:40:00+05:30,1428.6,1428.8,1426.6,1428.7,217355,0
2026-02-12 13:45:00+05:30,1428.7,1430.0,1427.7,1429.0,319388,0
2026-02-12 13:50:00+05:30,1429.0,1429.5,1425.8,1427.6,302061,0
2026-02-12 13:55:00+05:30,1427.7,1428.6,1427.1,1428.3,79221,0
2026-02-12 14:00:00+05:30,1428.3,1428.8,1427.3,1428.6,101132,0
2026-02-12 14:05:00+05:30,1428.6,1429.4,1427.5,1428.9,224262,0
2026-02-12 14:10:00+05:30,1429.1,1430.0,1428.6,1429.2,157102,0
2026-02-12 14:15:00+05:30,1429.1,1429.9,1428.3,1428.8,163566,0
2026-02-12 14:20:00+05:30,1428.8,1429.5,1427.5,1428.0,314781,0
2026-02-12 14:25:00+05:30,1428.0,1429.1,1427.8,1428.8,219034,0
2026-02-12 14:30:00+05:30,1428.8,1429.2,1427.8,1428.9,325376,0
2026-02-12 14:35:00+05:30,1429.0,1429.5,1426.3,1426.6,473092,0
2026-02-12 14:40:00+05:30,1426.5,1428.3,1425.7,1426.3,296883,0
2026-02-12 14:45:00+05:30,1426.3,1427.2,1425.3,1426.6,653003,0
2026-02-12 14:50:00+05:30,1426.6,1428.4,1425.7,1427.2,506687,0
2026-02-12 14:55:00+05:30,1427.3,1428.1,1426.6,1428.0,299001,0
2026-02-12 15:00:00+05:30,1427.9,1433.0,1427.1,1430.2,1616836,0
2026-02-12 15:05:00+05:30,1430.2,1432.0,1427.2,1431.1,1394929,0
2026-02-12 15:10:00+05:30,1430.8,1432.0,1428.8,1430.7,790179,0
2026-02-12 15:15:00+05:30,1430.7,1431.4,1428.6,1429.7,778906,0
2026-02-12 15:20:00+05:30,1429.7,1430.3,1427.6,1430.1,491083,0
2026-02-12 15:25:00+05:30,1430.0,1432.0,1429.9,1432.0,842123,0
2026-02-13 09:15:00+05:30,1425.3,1434.4,1425.0,1426.8,566997,0
2026-02-13 09:20:00+05:30,1426.9,1428.8,1425.4,1428.8,232895,0
2026-02-13 09:25:00+05:30,1428.8,1431.6,1428.0,1430.1,314873,0
2026-02-13 09:30:00+05:30,1430.5,1431.8,1429.5,1429.9,127346,0
2026-02-13 09:35:00+05:30,1429.9,1430.4,1428.2,1428.9,157216,0
2026-02-13 09:40:00+05:30,1429.0,1429.5,1425.5,1425.7,160330,0
2026-02-13 09:45:00+05:30,1425.6,1426.7,1424.2,1426.3,214530,0
2026-02-13 09:50:00+05:30,1426.3,1426.9,1425.4,1425.7,58891,0
2026-02-13 09:55:00+05:30,1425.7,1427.5,1425.3,1427.0,78547,0
2026-02-13 10:00:00+05:30,1427.0,1428.6,1426.2,1428.4,102327,0
2026-02-13 10:05:00+05:30,1428.4,1429.2,1427.0,1429.2,95786,0
2026-02-13 10:10:00+05:30,1429.2,1429.3,1427.6,1428.2,73509,0
2026-02-13 10:15:00+05:30,1428.4,1429.0,1427.6,1429.0,72025,0
2026-02-13 10:20:00+05:30,1429.0,1429.0,1426.7,1427.9,287435,0
2026-02-13 10:25:00+05:30,1427.9,1428.0,1425.2,1425.3,65314,0
2026-02-13 10:30:00+05:30,1425.3,1425.3,1421.5,1421.6,90888,0
2026-02-13 10:35:00+05:30,1421.6,1422.7,1420.7,1422.1,101132,0
2026-02-13 10:40:00+05:30,1422.1,1422.6,1420.7,1421.3,165160,0
2026-02-13 10:45:00+05:30,1421.3,1421.8,1418.1,1418.6,131799,0
2026-02-13 10:50:00+05:30,1418.6,1419.3,1417.4,1419.2,87091,0
2026-02-13 10:55:00+05:30,1419.2,1419.2,1418.4,1418.5,49484,0
2026-02-13 11:00:00+05:30,1418.6,1419.0,1418.1,1418.6,59967,0
2026-02-13 11:05:00+05:30,1418.6,1418.7,1417.6,1417.9,58871,0
2026-02-13 11:10:00+05:30,1417.9,1418.2,1417.6,1418.0,54206,0
2026-02-13 11:15:00+05:30,1417.9,1418.1,1417.2,1418.0,56624,0
2026-02-13 11:20:00+05:30,1418.0,1418.8,1417.6,1418.4,82583,0
2026-02-13 11:25:00+05:30,1418.4,1418.7,1417.5,1418.7,40688,0
2026-02-13 11:30:00+05:30,1418.6,1418.8,1417.5,1417.9,41006,0
2026-02-13 11:35:00+05:30,1417.8,1418.0,1417.0,1417.8,57676,0
2026-02-13 11:40:00+05:30,1417.8,1418.5,1417.0,1417.8,39026,0
2026-02-13 11:45:00+05:30,1417.7,1418.4,1414.6,1415.0,99420,0
2026-02-13 11:50:00+05:30,1415.0,1415.6,1413.5,1413.7,65513,0
2026-02-13 11:55:00+05:30,1413.8,1415.0,1412.9,1413.3,218525,0
2026-02-13 12:00:00+05:30,1413.4,1414.0,1412.6,1413.0,83588,0
2026-02-13 12:05:00+05:30,1412.7,1413.7,1412.1,1413.1,50985,0
2026-02-13 12:10:00+05:30,1413.1,1413.5,1411.4,1411.7,1645959,0
2026-02-13 12:15:00+05:30,1411.8,1412.4,1410.7,1412.4,119889,0
2026-02-13 12:20:00+05:30,1412.4,1414.5,1412.3,1414.3,63532,0
2026-02-13 12:25:00+05:30,1414.5,1415.0,1412.8,1414.2,63213,0
2026-02-13 12:30:00+05:30,1414.4,1414.8,1412.0,1414.0,95516,0
2026-02-13 12:35:00+05:30,1414.0,1414.6,1413.1,1413.7,42824,0
2026-02-13 12:40:00+05:30,1413.7,1414.6,1413.0,1414.1,72072,0
2026-02-13 12:45:00+05:30,1414.1,1414.6,1413.6,1414.3,47828,0
2026-02-13 12:50:00+05:30,1414.4,1414.8,1413.9,1414.4,57170,0
2026-02-13 12:55:00+05:30,1414.4,1414.7,1413.3,1414.6,115999,0
2026-02-13 13:00:00+05:30,1414.6,1415.5,1414.0,1415.2,81849,0
2026-02-13 13:05:00+05:30,1415.2,1416.9,1414.7,1416.6,194787,0
2026-02-13 13:10:00+05:30,1416.6,1419.8,1416.3,1418.0,399967,0
2026-02-13 13:15:00+05:30,1417.9,1418.0,1416.0,1416.3,76650,0
2026-02-13 13:20:00+05:30,1416.5,1416.5,1415.2,1415.7,39716,0
2026-02-13 13:25:00+05:30,1415.8,1415.8,1415.2,1415.3,41235,0
2026-02-13 13:30:00+05:30,1415.3,1417.7,1414.5,1416.6,235063,0
2026-02-13 13:35:00+05:30,1416.6,1418.2,1415.9,1416.6,152569,0
2026-02-13 13:40:00+05:30,1416.6,1417.2,1415.3,1415.3,151056,0
2026-02-13 13:45:00+05:30,1415.3,1416.5,1414.1,1414.8,182211,0
2026-02-13 13:50:00+05:30,1414.5,1415.5,1413.8,1414.4,142317,0
2026-02-13 13:55:00+05:30,1414.8,1415.4,1414.0,1414.5,122372,0
2026-02-13 14:00:00+05:30,1414.9,1414.9,1413.3,1414.0,115782,0
2026-02-13 14:05:00+05:30,1414.0,1414.3,1411.9,1413.3,132678,0
2026-02-13 14:10:00+05:30,1413.3,1413.9,1412.5,1412.8,119187,0
2026-02-13 14:15:00+05:30,1412.9,1413.7,1411.5,1411.7,183542,0
2026-02-13 14:20:00+05:30,1411.9,1413.0,1411.3,1412.5,139118,0
2026-02-13 14:25:00+05:30,1412.9,1413.0,1412.1,1412.4,107163,0
2026-02-13 14:30:00+05:30,1412.7,1412.9,1411.4,1412.0,124943,0
2026-02-13 14:35:00+05:30,1412.0,1413.0,1411.4,1412.6,121576,0
2026-02-13 14:40:00+05:30,1412.6,1415.1,1412.3,1415.0,136191,0
2026-02-13 14:45:00+05:30,1415.1,1416.9,1414.5,1416.0,144393,0
2026-02-13 14:50:00+05:30,1416.5,1416.5,1414.4,1414.6,153888,0
2026-02-13 14:55:00+05:30,1415.2,1415.2,1413.8,1413.9,117073,0
2026-02-13 15:00:00+05:30,1414.2,1415.8,1412.6,1413.5,421738,0
2026-02-13 15:05:00+05:30,1413.5,1418.0,1413.4,1417.6,460403,0
2026-02-13 15:10:00+05:30,1417.6,1417.8,1413.5,1413.9,327875,0
2026-02-13 15:15:00+05:30,1414.2,1415.1,1413.4,1413.9,343587,0
2026-02-13 15:20:00+05:30,1414.4,1414.4,1412.0,1413.3,373376,0
2026-02-13 15:25:00+05:30,1414.0,1417.6,1412.5,1415.5,319315,0
2026-02-16 09:15:00+05:30,1404.0,1409.0,1400.5,1408.8,362497,0
2026-02-16 09:20:00+05:30,1408.7,1410.5,1408.5,1408.8,100767,0
2026-02-16 09:25:00+05:30,1408.8,1411.7,1408.6,1410.7,78160,0
2026-02-16 09:30:00+05:30,1410.7,1412.3,1410.2,1411.2,43798,0
2026-02-16 09:35:00+05:30,1411.2,1411.3,1409.6,1410.1,48006,0
2026-02-16 09:40:00+05:30,1410.1,1410.6,1409.1,1409.3,58348,0
2026-02-16 09:45:00+05:30,1409.5,1409.8,1408.7,1409.8,38817,0
2026-02-16 09:50:00+05:30,1409.8,1411.2,1408.8,1410.4,39632,0
2026-02-16 09:55:00+05:30,1410.6,1412.0,1410.2,1410.8,45604,0
2026-02-16 10:00:00+05:30,1410.9,1411.5,1409.5,1411.2,56920,0
2026-02-16 10:05:00+05:30,1411.2,1411.5,1409.2,1409.5,67162,0
2026-02-16 10:10:00+05:30,1409.5,1412.0,1409.2,1411.5,145488,0
2026-02-16 10:15:00+05:30,1411.5,1412.4,1411.0,1411.1,42592,0
2026-02-16 10:20:00+05:30,1411.4,1411.4,1409.3,1409.4,35465,0
2026-02-16 10:25:00+05:30,1409.4,1410.7,1409.2,1409.9,44551,0
2026-02-16 10:30:00+05:30,1409.9,1410.0,1409.2,1409.6,59504,0
2026-02-16 10:35:00+05:30,1409.5,1410.6,1409.0,1409.1,72577,0
2026-02-16 10:40:00+05:30,1409.1,1409.2,1405.5,1406.8,97157,0
2026-02-16 10:45:00+05:30,1406.9,1407.6,1406.0,1407.3,63350,0
2026-02-16 10:50:00+05:30,1407.4,1408.0,1405.4,1407.4,81897,0
2026-02-16 10:55:00+05:30,1407.4,1407.6,1405.7,1406.6,55256,0
2026-02-16 11:00:00+05:30,1407.1,1407.7,1406.0,1407.2,32980,0
2026-02-16 11:05:00+05:30,1407.4,1407.4,1405.5,1407.3,62774,0
2026-02-16 11:10:00+05:30,1407.3,1407.5,1405.8,1405.9,50586,0
2026-02-16 11:15:00+05:30,1405.9,1407.5,1405.0,1406.5,72853,0
2026-02-16 11:20:00+05:30,1406.5,1407.3,1405.5,1406.9,31603,0
2026-02-16 11:25:00+05:30,1406.9,1407.0,1404.2,1405.0,39123,0
2026-02-16 11:30:00+05:30,1405.0,1405.6,1403.8,1404.5,61147,0
2026-02-16 11:35:00+05:30,1404.5,1404.7,1403.5,1404.5,23987,0
2026-02-16 11:40:00+05:30,1404.5,1404.6,1403.3,1404.1,25555,0
2026-02-16 11:45:00+05:30,1404.0,1404.1,1402.6,1403.5,36487,0
2026-02-16 11:50:00+05:30,1403.8,1403.9,1402.3,1402.8,33193,0
2026-02-16 11:55:00+05:30,1402.8,1403.7,1402.3,1403.3,28457,0
2026-02-16 12:00:00+05:30,1403.3,1403.8,1402.8,1403.5,16915,0
2026-02-16 12:05:00+05:30,1403.5,1403.9,1402.6,1403.8,23646,0
2026-02-16 12:10:00+05:30,1403.8,1405.5,1403.2,1405.2,15451,0
2026-02-16 12:15:00+05:30,1405.2,1406.5,1404.6,1406.2,22401,0
2026-02-16 12:20:00+05:30,1406.4,1407.0,1405.7,1407.0,35976,0
2026-02-16 12:25:00+05:30,1407.0,1408.9,1406.7,1408.7,38374,0
2026-02-16 12:30:00+05:30,1408.8,1411.0,1408.5,1410.9,90096,0
2026-02-16 12:35:00+05:30,1410.9,1411.9,1410.1,1410.2,14539,0
2026-02-16 12:40:00+05:30,1410.2,1411.6,1410.0,1410.8,20880,0
2026-02-16 12:45:00+05:30,1410.8,1411.3,1409.7,1410.3,32443,0
2026-02-16 12:50:00+05:30,1410.1,1410.9,1410.0,1410.0,20091,0
2026-02-16 12:55:00+05:30,1410.4,1410.5,1409.0,1409.3,20309,0
2026-02-16 13:00:00+05:30,1409.5,1410.0,1409.0,1409.4,28109,0
2026-02-16 13:05:00+05:30,1409.5,1409.6,1408.1,1408.1,32338,0
2026-02-16 13:10:00+05:30,1409.2,1409.9,1408.1,1409.0,39906,0
2026-02-16 13:15:00+05:30,1409.0,1409.1,1408.0,1408.3,10713,0
2026-02-16 13:20:00+05:30,1408.3,1408.6,1407.1,1408.0,18754,0
2026-02-16 13:25:00+05:30,1408.0,1408.3,1406.5,1407.6,32423,0
2026-02-16 13:30:00+05:30,1408.0,1408.1,1406.7,1407.3,25194,0
2026-02-16 13:35:00+05:30,1407.4,1410.0,1406.7,1409.4,189963,0
2026-02-16 13:40:00+05:30,1409.4,1410.8,1408.9,1410.7,36441,0
2026-02-16 13:45:00+05:30,1410.7,1411.1,1408.5,1409.3,24688,0
2026-02-16 13:50:00+05:30,1409.3,1409.4,1407.2,1407.3,198892,0
2026-02-16 13:55:00+05:30,1407.3,1408.9,1405.6,1408.6,180529,0
2026-02-16 14:00:00+05:30,1408.6,1410.8,1407.9,1410.0,295706,0
2026-02-16 14:05:00+05:30,1410.0,1410.4,1409.2,1409.4,45569,0
2026-02-16 14:10:00+05:30,1409.4,1409.5,1408.5,1409.5,38418,0
2026-02-16 14:15:00+05:30,1409.5,1410.6,1408.9,1409.1,38936,0
2026-02-16 14:20:00+05:30,1409.1,1409.7,1408.7,1409.4,23103,0
2026-02-16 14:25:00+05:30,1409.4,1411.1,1408.6,1410.3,53629,0
2026-02-16 14:30:00+05:30,1410.3,1411.5,1409.2,1411.4,47677,0
2026-02-16 14:35:00+05:30,1411.4,1411.5,1409.7,1410.4,129651,0
2026-02-16 14:40:00+05:30,1410.4,1411.0,1410.0,1411.0,19607,0
2026-02-16 14:45:00+05:30,1411.0,1413.0,1410.3,1412.7,41439,0
2026-02-16 14:50:00+05:30,1412.7,1413.0,1411.0,1411.5,28430,0
2026-02-16 14:55:00+05:30,1411.1,1412.1,1410.2,1411.7,48818,0
2026-02-16 15:00:00+05:30,1411.7,1411.9,1410.6,1411.9,57433,0
2026-02-16 15:05:00+05:30,1411.9,1412.6,1410.6,1411.2,102976,0
2026-02-16 15:10:00+05:30,1411.2,1413.0,1410.0,1411.0,156489,0
2026-02-16 15:15:00+05:30,1411.0,1411.7,1409.4,1411.7,195950,0
2026-02-16 15:20:00+05:30,1411.6,1413.0,1410.3,1412.8,169423,0
2026-02-16 15:25:00+05:30,1412.8,1414.0,1410.2,1413.0,201305,0
2026-02-17 09:15:00+05:30,1406.2,1413.6,1400.6,1401.4,173472,0
2026-02-17 09:20:00+05:30,1401.4,1401.8,1398.1,1398.1,69395,0
2026-02-17 09:25:00+05:30,1398.5,1399.0,1394.6,1394.8,87976,0
2026-02-17 09:30:00+05:30,1395.0,1395.4,1393.6,1394.4,67071,0
2026-02-17 09:35:00+05:30,1394.5,1396.3,1393.7,1396.1,42789,0
2026-02-17 09:40:00+05:30,1396.1,1397.6,1394.2,1397.4,43674,0
2026-02-17 09:45:00+05:30,1397.4,1397.8,1396.3,1396.9,35547,0
2026-02-17 09:50:00+05:30,1396.9,1398.8,1396.6,1397.3,37830,0
2026-02-17 09:55:00+05:30,1397.3,1399.0,1396.9,1398.8,35339,0
2026-02-17 10:00:00+05:30,1398.8,1400.0,1398.2,1399.9,20106,0
2026-02-17 10:05:00+05:30,1399.9,1401.2,1399.7,1400.4,27859,0
2026-02-17 10:10:00+05:30,1400.4,1400.4,1398.6,1400.0,24414,0
2026-02-17 10:15:00+05:30,1400.0,1400.5,1398.3,1400.5,16403,0
2026-02-17 10:20:00+05:30,1400.5,1401.4,1399.9,1400.3,28019,0
2026-02-17 10:25:00+05:30,1400.4,1403.3,1400.3,1402.9,74609,0
2026-02-17 10:30:00+05:30,1402.9,1403.0,1400.7,1401.8,37039,0
2026-02-17 10:35:00+05:30,1401.8,1401.8,1400.3,1400.7,28918,0
2026-02-17 10:40:00+05:30,1400.7,1400.9,1397.7,1398.4,42622,0
2026-02-17 10:45:00+05:30,1398.6,1398.8,1397.6,1398.3,27182,0
2026-02-17 10:50:00+05:30,1398.6,1398.9,1398.0,1398.7,22222,0
2026-02-17 10:55:00+05:30,1398.7,1400.0,1398.5,1399.9,32007,0
2026-02-17 11:00:00+05:30,1399.9,1399.9,1398.6,1398.8,23807,0
2026-02-17 11:05:00+05:30,1398.9,1398.9,1397.4,1398.3,38172,0
2026-02-17 11:10:00+05:30,1398.3,1398.5,1397.4,1397.9,21910,0
2026-02-17 11:15:00+05:30,1397.9,1400.0,1397.6,1400.0,28305,0
2026-02-17 11:20:00+05:30,1400.0,1401.3,1398.9,1400.1,58683,0
2026-02-17 11:25:00+05:30,1400.1,1400.6,1399.5,1400.6,29278,0
2026-02-17 11:30:00+05:30,1400.6,1402.3,1399.2,1402.3,131996,0
2026-02-17 11:35:00+05:30,1402.3,1405.1,1401.8,1403.6,254659,0
2026-02-17 11:40:00+05:30,1404.0,1404.2,1402.5,1403.8,286783,0
2026-02-17 11:45:00+05:30,1403.8,1404.9,1403.0,1403.6,211148,0
2026-02-17 11:50:00+05:30,1403.6,1404.5,1403.2,1404.5,52260,0
2026-02-17 11:55:00+05:30,1404.5,1405.0,1403.3,1403.7,65092,0
2026-02-17 12:00:00+05:30,1403.8,1404.5,1403.3,1403.5,56683,0
2026-02-17 12:05:00+05:30,1403.5,1404.2,1403.1,1403.7,32371,0
2026-02-17 12:10:00+05:30,1403.7,1403.7,1401.9,1401.9,54776,0
2026-02-17 12:15:00+05:30,1402.1,1403.1,1401.4,1402.8,65041,0
2026-02-17 12:20:00+05:30,1402.8,1403.6,1401.8,1402.9,45047,0
2026-02-17 12:25:00+05:30,1402.9,1402.9,1400.6,1401.1,37182,0
2026-02-17 12:30:00+05:30,1401.1,1402.7,1400.5,1401.9,161447,0
2026-02-17 12:35:00+05:30,1401.9,1403.1,1401.0,1403.1,27300,0
2026-02-17 12:40:00+05:30,1403.1,1403.2,1401.3,1402.4,34685,0
2026-02-17 12:45:00+05:30,1402.4,1402.7,1401.5,1402.1,13576,0
2026-02-17 12:50:00+05:30,1402.1,1403.5,1401.6,1403.3,30010,0
2026-02-17 12:55:00+05:30,1403.3,1403.4,1401.0,1401.8,68125,0
2026-02-17 13:00:00+05:30,1401.8,1401.9,1399.0,1400.0,307974,0
2026-02-17 13:05:00+05:30,1400.0,1403.1,1399.0,1403.1,302794,0
2026-02-17 13:10:00+05:30,1403.2,1403.5,1401.1,1402.5,319256,0
2026-02-17 13:15:00+05:30,1402.5,1403.5,1401.2,1403.3,256286,0
2026-02-17 13:20:00+05:30,1403.3,1406.4,1403.1,1404.4,609731,0
2026-02-17 13:25:00+05:30,1404.6,1405.4,1404.1,1404.7,53854,0
2026-02-17 13:30:00+05:30,1404.9,1405.9,1404.7,1405.6,38631,0
2026-02-17 13:35:00+05:30,1405.7,1406.7,1403.5,1404.2,417931,0
2026-02-17 13:40:00+05:30,1404.4,1405.4,1403.0,1403.3,114136,0
2026-02-17 13:45:00+05:30,1403.5,1404.9,1403.1,1403.9,96125,0
2026-02-17 13:50:00+05:30,1404.0,1404.1,1403.0,1403.2,23390,0
2026-02-17 13:55:00+05:30,1403.3,1403.7,1402.5,1402.8,151027,0
2026-02-17 14:00:00+05:30,1402.9,1405.2,1402.6,1404.7,313960,0
2026-02-17 14:05:00+05:30,1404.8,1405.8,1403.9,1403.9,155189,0
2026-02-17 14:10:00+05:30,1404.0,1404.2,1402.6,1402.7,100736,0
2026-02-17 14:15:00+05:30,1402.8,1406.0,1400.1,1405.2,703023,0
2026-02-17 14:20:00+05:30,1405.2,1405.6,1404.8,1405.3,33031,0
2026-02-17 14:25:00+05:30,1405.3,1406.0,1405.0,1405.0,70303,0
2026-02-17 14:30:00+05:30,1405.0,1406.0,1404.2,1406.0,37678,0
2026-02-17 14:35:00+05:30,1406.0,1406.8,1405.0,1406.5,102454,0
2026-02-17 14:40:00+05:30,1406.5,1407.7,1405.1,1406.5,556452,0
2026-02-17 14:45:00+05:30,1406.5,1406.7,1405.8,1406.3,23148,0
2026-02-17 14:50:00+05:30,1406.3,1407.7,1405.2,1407.5,91958,0
2026-02-17 14:55:00+05:30,1407.6,1408.0,1405.4,1406.9,389635,0
2026-02-17 15:00:00+05:30,1406.9,1410.4,1405.0,1405.1,1199004,0
2026-02-17 15:05:00+05:30,1405.1,1410.0,1404.2,1409.1,1192680,0
2026-02-17 15:10:00+05:30,1410.0,1410.0,1404.6,1405.3,463243,0
2026-02-17 15:15:00+05:30,1405.4,1407.5,1404.9,1407.0,447624,0
2026-02-17 15:20:00+05:30,1407.0,1408.5,1406.5,1406.6,247933,0
2026-02-17 15:25:00+05:30,1406.6,1407.4,1404.8,1405.0,133034,0
2026-02-18 09:15:00+05:30,1410.1,1412.3,1406.2,1407.0,71672,0
2026-02-18 09:20:00+05:30,1407.0,1407.1,1402.5,1402.5,41587,0
2026-02-18 09:25:00+05:30,1402.8,1403.2,1401.3,1402.3,49860,0
2026-02-18 09:30:00+05:30,1402.3,1405.0,1402.1,1405.0,16666,0
2026-02-18 09:35:00+05:30,1405.0,1406.0,1404.5,1405.0,18019,0
2026-02-18 09:40:00+05:30,1405.5,1406.5,1404.7,1405.8,39955,0
2026-02-18 09:45:00+05:30,1405.8,1405.9,1404.5,1405.5,14764,0
2026-02-18 09:50:00+05:30,1405.7,1406.0,1404.4,1405.0,18380,0
2026-02-18 09:55:00+05:30,1405.0,1405.4,1402.3,1402.9,46114,0
2026-02-18 10:00:00+05:30,1402.4,1403.5,1402.0,1402.6,23254,0
2026-02-18 10:05:00+05:30,1402.7,1403.0,1401.3,1401.7,86585,0
2026-02-18 10:10:00+05:30,1402.3,1402.3,1401.3,1401.8,21990,0
2026-02-18 10:15:00+05:30,1401.8,1402.3,1401.0,1401.6,54151,0
2026-02-18 10:20:00+05:30,1401.7,1402.9,1401.6,1402.1,133642,0
2026-02-18 10:25:00+05:30,1402.4,1402.5,1401.0,1401.3,23373,0
2026-02-18 10:30:00+05:30,1401.5,1401.5,1400.0,1401.3,47041,0
2026-02-18 10:35:00+05:30,1401.3,1402.0,1400.5,1401.3,17422,0
2026-02-18 10:40:00+05:30,1401.3,1401.7,1400.6,1401.0,11591,0
2026-02-18 10:45:00+05:30,1401.0,1401.7,1400.6,1401.5,12241,0
2026-02-18 10:50:00+05:30,1401.7,1402.0,1401.1,1401.8,11415,0
2026-02-18 10:55:00+05:30,1401.8,1402.0,1401.2,1402.0,10326,0
2026-02-18 11:00:00+05:30,1402.0,1402.0,1401.5,1402.0,13285,0
2026-02-18 11:05:00+05:30,1402.0,1402.0,1401.3,1401.7,15343,0
2026-02-18 11:10:00+05:30,1402.0,1402.0,1401.0,1401.2,17002,0
2026-02-18 11:15:00+05:30,1401.2,1401.6,1399.1,1399.2,53604,0
2026-02-18 11:20:00+05:30,1399.7,1402.1,1399.2,1400.3,222797,0
2026-02-18 11:25:00+05:30,1400.3,1400.3,1398.9,1400.0,30013,0
2026-02-18 11:30:00+05:30,1400.3,1401.4,1400.0,1401.0,12683,0
2026-02-18 11:35:00+05:30,1401.0,1401.5,1400.3,1400.9,12456,0
2026-02-18 11:40:00+05:30,1400.9,1400.9,1399.5,1400.0,21964,0
2026-02-18 11:45:00+05:30,1400.0,1400.5,1399.1,1399.5,14249,0
2026-02-18 11:50:00+05:30,1399.4,1400.4,1399.2,1399.7,18690,0
2026-02-18 11:55:00+05:30,1399.7,1400.7,1399.5,1399.9,18468,0
2026-02-18 12:00:00+05:30,1400.0,1401.4,1399.8,1400.6,25875,0
2026-02-18 12:05:00+05:30,1400.9,1400.9,1399.8,1400.2,17034,0
2026-02-18 12:10:00+05:30,1400.2,1400.9,1400.0,1400.1,14739,0
2026-02-18 12:15:00+05:30,1400.1,1400.7,1399.8,1400.3,16450,0
2026-02-18 12:20:00+05:30,1400.3,1400.4,1399.1,1399.9,23366,0
2026-02-18 12:25:00+05:30,1399.9,1400.1,1399.2,1399.3,18927,0
2026-02-18 12:30:00+05:30,1399.6,1401.0,1399.1,1400.9,25859,0
2026-02-18 12:35:00+05:30,1400.9,1402.0,1400.2,1401.9,40883,0
2026-02-18 12:40:00+05:30,1401.9,1401.9,1400.5,1401.5,16517,0
2026-02-18 12:45:00+05:30,1401.5,1402.0,1400.0,1400.0,31516,0
2026-02-18 12:50:00+05:30,1400.4,1401.4,1400.0,1401.2,42956,0
2026-02-18 12:55:00+05:30,1401.2,1401.7,1400.3,1401.4,19347,0
2026-02-18 13:00:00+05:30,1401.4,1401.5,1400.0,1401.2,46568,0
2026-02-18 13:05:00+05:30,1401.2,1402.8,1400.7,1401.2,123102,0
2026-02-18 13:10:00+05:30,1401.7,1401.7,1400.0,1400.3,69948,0
2026-02-18 13:15:00+05:30,1400.3,1401.7,1400.0,1401.7,68298,0
2026-02-18 13:20:00+05:30,1401.7,1402.9,1401.5,1402.6,227635,0
2026-02-18 13:25:00+05:30,1402.7,1402.7,1399.3,1400.3,383481,0
2026-02-18 13:30:00+05:30,1400.5,1400.8,1399.9,1400.3,25582,0
2026-02-18 13:35:00+05:30,1400.3,1400.9,1400.1,1400.4,23297,0
2026-02-18 13:40:00+05:30,1400.4,1400.9,1400.0,1400.2,34930,0
2026-02-18 13:45:00+05:30,1400.7,1401.9,1400.1,1401.9,123927,0
2026-02-18 13:50:00+05:30,1401.9,1402.4,1400.3,1400.4,105100,0
2026-02-18 13:55:00+05:30,1400.4,1402.3,1400.1,1402.1,59287,0
2026-02-18 14:00:00+05:30,1402.3,1402.7,1400.8,1401.9,109157,0
2026-02-18 14:05:00+05:30,1401.9,1402.5,1401.5,1402.1,51411,0
2026-02-18 14:10:00+05:30,1402.1,1404.1,1401.6,1403.9,98294,0
2026-02-18 14:15:00+05:30,1404.0,1405.6,1403.2,1405.4,43324,0
2026-02-18 14:20:00+05:30,1405.4,1408.3,1405.3,1408.0,86006,0
2026-02-18 14:25:00+05:30,1408.0,1408.0,1406.9,1407.9,76526,0
2026-02-18 14:30:00+05:30,1407.9,1408.0,1407.2,1407.5,42544,0
2026-02-18 14:35:00+05:30,1407.5,1408.8,1407.3,1408.4,82677,0
2026-02-18 14:40:00+05:30,1408.4,1409.0,1408.0,1409.0,35470,0
2026-02-18 14:45:00+05:30,1408.9,1409.8,1407.3,1408.0,74139,0
2026-02-18 14:50:00+05:30,1408.0,1408.0,1407.6,1407.9,47952,0
2026-02-18 14:55:00+05:30,1407.9,1408.0,1407.6,1407.9,39830,0
2026-02-18 15:00:00+05:30,1408.0,1410.0,1407.9,1408.0,383007,0
2026-02-18 15:05:00+05:30,1408.4,1409.2,1407.7,1408.3,162217,0
2026-02-18 15:10:00+05:30,1408.3,1408.6,1407.5,1407.9,213489,0
2026-02-18 15:15:00+05:30,1407.9,1408.9,1407.9,1408.4,113694,0
2026-02-18 15:20:00+05:30,1408.4,1409.0,1406.7,1407.0,203114,0
2026-02-18 15:25:00+05:30,1406.9,1407.9,1406.0,1406.0,89910,0
2026-02-19 09:15:00+05:30,1408.5,1412.3,1405.0,1406.8,296822,0
2026-02-19 09:20:00+05:30,1406.8,1407.5,1403.5,1404.3,136779,0
2026-02-19 09:25:00+05:30,1404.3,1405.4,1403.6,1404.5,57705,0
2026-02-19 09:30:00+05:30,1404.5,1405.8,1404.0,1405.3,38326,0
2026-02-19 09:35:00+05:30,1405.5,1405.6,1404.0,1405.0,25166,0
2026-02-19 09:40:00+05:30,1405.0,1405.2,1404.2,1405.0,32985,0
2026-02-19 09:45:00+05:30,1405.0,1406.8,1404.8,1405.5,25182,0
2026-02-19 09:50:00+05:30,1405.2,1406.2,1404.0,1404.9,112968,0
2026-02-19 09:55:00+05:30,1405.1,1405.6,1403.6,1404.3,31264,0
2026-02-19 10:00:00+05:30,1404.3,1405.6,1403.6,1405.0,27605,0
2026-02-19 10:05:00+05:30,1405.1,1405.5,1403.5,1404.1,35059,0
2026-02-19 10:10:00+05:30,1404.1,1404.8,1403.0,1403.4,32391,0
2026-02-19 10:15:00+05:30,1403.4,1403.7,1402.2,1402.6,29038,0
2026-02-19 10:20:00+05:30,1402.5,1403.3,1402.1,1402.8,27422,0
2026-02-19 10:25:00+05:30,1402.5,1402.9,1401.8,1402.0,54010,0
2026-02-19 10:30:00+05:30,1402.2,1402.2,1401.1,1401.3,29655,0
2026-02-19 10:35:00+05:30,1401.3,1401.3,1398.4,1399.9,2609316,0
2026-02-19 10:40:00+05:30,1399.8,1401.9,1398.8,1401.7,184975,0
2026-02-19 10:45:00+05:30,1401.7,1402.1,1400.1,1400.4,165805,0
2026-02-19 10:50:00+05:30,1400.4,1401.4,1399.5,1400.4,25287,0
2026-02-19 10:55:00+05:30,1400.4,1401.7,1400.2,1400.6,1195089,0
2026-02-19 11:00:00+05:30,1400.6,1401.7,1400.1,1400.5,293246,0
2026-02-19 11:05:00+05:30,1400.5,1401.0,1399.4,1399.4,78122,0
2026-02-19 11:10:00+05:30,1399.6,1400.5,1399.1,1399.5,49576,0
2026-02-19 11:15:00+05:30,1399.4,1399.8,1398.3,1399.0,32183,0
2026-02-19 11:20:00+05:30,1398.9,1399.0,1397.0,1397.6,40603,0
2026-02-19 11:25:00+05:30,1397.2,1397.9,1396.3,1397.6,40676,0
2026-02-19 11:30:00+05:30,1397.6,1397.6,1396.2,1396.4,29890,0
2026-02-19 11:35:00+05:30,1396.4,1396.5,1395.6,1395.9,37506,0
2026-02-19 11:40:00+05:30,1395.8,1396.0,1395.2,1396.0,34028,0
2026-02-19 11:45:00+05:30,1395.9,1396.0,1394.3,1394.8,46712,0
2026-02-19 11:50:00+05:30,1394.8,1395.5,1394.3,1395.2,31672,0
2026-02-19 11:55:00+05:30,1395.2,1395.4,1394.5,1395.2,36158,0
2026-02-19 12:00:00+05:30,1395.1,1395.2,1394.2,1394.5,33846,0
2026-02-19 12:05:00+05:30,1394.5,1395.1,1394.0,1394.5,33914,0
2026-02-19 12:10:00+05:30,1394.5,1394.5,1392.0,1392.1,46623,0
2026-02-19 12:15:00+05:30,1392.1,1392.6,1390.5,1392.0,90298,0
2026-02-19 12:20:00+05:30,1391.7,1393.8,1391.5,1393.4,86054,0
2026-02-19 12:25:00+05:30,1393.5,1393.8,1391.9,1392.9,136109,0
2026-02-19 12:30:00+05:30,1392.7,1392.8,1391.8,1392.1,31578,0
2026-02-19 12:35:00+05:30,1392.1,1392.4,1391.2,1391.6,34823,0
2026-02-19 12:40:00+05:30,1391.6,1391.6,1390.2,1391.1,46774,0
2026-02-19 12:45:00+05:30,1391.5,1392.8,1390.3,1392.8,44070,0
2026-02-19 12:50:00+05:30,1392.7,1395.0,1391.7,1393.8,103142,0
2026-02-19 12:55:00+05:30,1393.8,1394.6,1392.8,1393.6,33496,0
2026-02-19 13:00:00+05:30,1393.6,1393.6,1392.0,1393.0,37024,0
2026-02-19 13:05:00+05:30,1393.1,1395.6,1393.0,1394.5,198946,0
2026-02-19 13:10:00+05:30,1394.5,1394.7,1392.3,1393.0,332288,0
2026-02-19 13:15:00+05:30,1393.0,1393.4,1391.6,1392.6,58023,0
2026-02-19 13:20:00+05:30,1392.6,1396.0,1392.6,1395.5,267279,0
2026-02-19 13:25:00+05:30,1396.0,1396.3,1394.1,1394.7,75353,0
2026-02-19 13:30:00+05:30,1394.7,1394.8,1392.4,1394.4,228215,0
2026-02-19 13:35:00+05:30,1394.2,1394.7,1393.3,1393.8,105920,0
2026-02-19 13:40:00+05:30,1393.7,1394.3,1393.5,1393.7,23584,0
2026-02-19 13:45:00+05:30,1393.7,1394.1,1392.2,1392.8,34744,0
2026-02-19 13:50:00+05:30,1392.8,1394.2,1390.2,1392.4,143088,0
2026-02-19 13:55:00+05:30,1392.5,1392.5,1391.2,1391.7,23398,0
2026-02-19 14:00:00+05:30,1391.3,1392.5,1390.4,1391.6,75775,0
2026-02-19 14:05:00+05:30,1391.5,1391.7,1390.8,1391.5,21092,0
2026-02-19 14:10:00+05:30,1391.6,1392.8,1391.5,1392.8,54382,0
2026-02-19 14:15:00+05:30,1392.6,1395.9,1392.3,1395.0,250136,0
2026-02-19 14:20:00+05:30,1395.2,1395.7,1392.4,1392.7,391949,0
2026-02-19 14:25:00+05:30,1392.7,1395.3,1392.0,1393.1,180062,0
2026-02-19 14:30:00+05:30,1393.1,1394.3,1392.5,1393.1,66194,0
2026-02-19 14:35:00+05:30,1393.4,1394.4,1392.3,1392.7,55754,0
2026-02-19 14:40:00+05:30,1392.7,1393.8,1390.3,1390.7,178594,0
2026-02-19 14:45:00+05:30,1390.8,1391.1,1389.4,1390.9,237567,0
2026-02-19 14:50:00+05:30,1390.8,1391.4,1390.0,1390.3,49238,0
2026-02-19 14:55:00+05:30,1390.3,1390.3,1389.0,1389.0,85658,0
2026-02-19 15:00:00+05:30,1389.1,1393.7,1385.7,1391.1,1710212,0
2026-02-19 15:05:00+05:30,1391.7,1392.6,1387.2,1390.3,881212,0
2026-02-19 15:10:00+05:30,1390.7,1391.6,1385.9,1387.2,1052753,0
2026-02-19 15:15:00+05:30,1387.2,1388.8,1386.2,1386.9,336258,0
2026-02-19 15:20:00+05:30,1387.0,1389.0,1384.8,1388.0,384041,0
2026-02-19 15:25:00+05:30,1388.0,1388.8,1386.0,1388.7,140108,0
2026-02-20 09:15:00+05:30,1388.5,1395.7,1384.0,1393.6,856225,0
2026-02-20 09:20:00+05:30,1393.2,1394.3,1390.7,1391.8,85632,0
2026-02-20 09:25:00+05:30,1391.8,1391.9,1389.1,1389.5,78671,0
2026-02-20 09:30:00+05:30,1389.5,1391.7,1388.4,1391.7,117698,0
2026-02-20 09:35:00+05:30,1391.9,1393.1,1391.2,1391.7,78185,0
2026-02-20 09:40:00+05:30,1391.7,1392.8,1390.0,1392.4,117139,0
2026-02-20 09:45:00+05:30,1392.4,1394.6,1392.2,1394.2,106276,0
2026-02-20 09:50:00+05:30,1394.6,1395.7,1393.9,1395.2,132642,0
2026-02-20 09:55:00+05:30,1395.2,1396.4,1394.0,1395.8,122059,0
2026-02-20 10:00:00+05:30,1395.8,1396.9,1395.0,1396.5,94890,0
2026-02-20 10:05:00+05:30,1396.5,1397.6,1396.0,1396.7,81374,0
2026-02-20 10:10:00+05:30,1396.7,1399.0,1396.6,1398.1,104410,0
2026-02-20 10:15:00+05:30,1398.0,1400.4,1397.5,1400.2,100032,0
2026-02-20 10:20:00+05:30,1400.2,1401.3,1399.3,1400.1,61583,0
2026-02-20 10:25:00+05:30,1400.0,1402.0,1399.2,1400.8,147251,0
2026-02-20 10:30:00+05:30,1400.8,1402.9,1400.0,1401.0,316033,0
2026-02-20 10:35:00+05:30,1401.0,1402.0,1398.8,1402.0,132701,0
2026-02-20 10:40:00+05:30,1402.0,1403.7,1401.4,1402.4,72371,0
2026-02-20 10:45:00+05:30,1402.4,1402.6,1400.7,1401.5,59178,0
2026-02-20 10:50:00+05:30,1401.6,1401.7,1400.6,1401.2,33195,0
2026-02-20 10:55:00+05:30,1401.3,1401.9,1400.3,1401.4,100358,0
2026-02-20 11:00:00+05:30,1401.4,1402.6,1400.5,1401.0,113223,0
2026-02-20 11:05:00+05:30,1401.0,1402.0,1399.5,1400.0,93123,0
2026-02-20 11:10:00+05:30,1400.0,1401.0,1398.6,1398.7,221837,0
2026-02-20 11:15:00+05:30,1398.9,1400.0,1398.4,1399.1,87460,0
2026-02-20 11:20:00+05:30,1399.4,1399.4,1397.9,1398.6,48428,0
2026-02-20 11:25:00+05:30,1398.6,1399.2,1398.0,1398.1,50548,0
2026-02-20 11:30:00+05:30,1398.2,1399.4,1397.4,1398.2,76755,0
2026-02-20 11:35:00+05:30,1398.4,1400.0,1397.6,1398.6,195812,0
2026-02-20 11:40:00+05:30,1398.6,1399.2,1398.0,1398.8,39909,0
2026-02-20 11:45:00+05:30,1398.9,1399.2,1398.2,1398.7,32713,0
2026-02-20 11:50:00+05:30,1398.8,1399.1,1398.0,1398.5,91577,0
2026-02-20 11:55:00+05:30,1398.6,1399.2,1397.8,1397.8,73971,0
2026-02-20 12:00:00+05:30,1398.0,1398.3,1396.7,1396.7,48188,0
2026-02-20 12:05:00+05:30,1396.8,1397.6,1396.5,1397.3,37147,0
2026-02-20 12:10:00+05:30,1397.3,1397.7,1396.7,1397.0,76846,0
2026-02-20 12:15:00+05:30,1397.0,1399.1,1396.9,1398.6,82561,0
2026-02-20 12:20:00+05:30,1398.6,1399.0,1397.0,1398.7,249438,0
2026-02-20 12:25:00+05:30,1398.7,1399.0,1397.7,1398.6,136055,0
2026-02-20 12:30:00+05:30,1398.6,1398.8,1397.3,1397.6,196523,0
2026-02-20 12:35:00+05:30,1397.7,1398.5,1396.7,1397.1,119788,0
2026-02-20 12:40:00+05:30,1397.1,1397.1,1395.0,1395.1,245746,0
2026-02-20 12:45:00+05:30,1395.1,1396.4,1394.3,1395.6,180626,0
2026-02-20 12:50:00+05:30,1395.6,1395.9,1394.4,1395.0,62503,0
2026-02-20 12:55:00+05:30,1395.0,1395.5,1393.3,1395.4,137515,0
2026-02-20 13:00:00+05:30,1395.5,1396.7,1394.4,1395.3,144183,0
2026-02-20 13:05:00+05:30,1395.4,1395.4,1394.3,1394.8,76053,0
2026-02-20 13:10:00+05:30,1394.8,1395.0,1393.5,1394.9,50990,0
2026-02-20 13:15:00+05:30,1395.0,1395.0,1393.8,1394.2,76248,0
2026-02-20 13:20:00+05:30,1394.4,1394.5,1392.2,1393.5,209938,0
2026-02-20 13:25:00+05:30,1394.0,1396.2,1393.4,1395.1,321637,0
2026-02-20 13:30:00+05:30,1395.7,1398.3,1395.0,1398.3,397406,0
2026-02-20 13:35:00+05:30,1398.1,1398.9,1395.2,1395.3,212049,0
2026-02-20 13:40:00+05:30,1395.9,1396.0,1394.4,1395.2,133750,0
2026-02-20 13:45:00+05:30,1395.2,1396.0,1394.4,1395.1,97116,0
2026-02-20 13:50:00+05:30,1395.1,1395.4,1394.3,1394.4,35688,0
2026-02-20 13:55:00+05:30,1394.5,1396.5,1394.0,1395.7,86609,0
2026-02-20 14:00:00+05:30,1395.7,1396.7,1395.1,1395.6,74890,0
2026-02-20 14:05:00+05:30,1395.6,1396.4,1395.0,1396.0,48403,0
2026-02-20 14:10:00+05:30,1396.0,1397.7,1395.4,1397.0,120601,0
2026-02-20 14:15:00+05:30,1397.5,1398.7,1396.8,1398.4,273621,0
2026-02-20 14:20:00+05:30,1398.4,1398.9,1397.2,1397.4,101420,0
2026-02-20 14:25:00+05:30,1397.9,1398.0,1395.3,1396.4,284715,0
2026-02-20 14:30:00+05:30,1396.2,1396.7,1395.3,1396.2,22176,0
2026-02-20 14:35:00+05:30,1396.4,1398.0,1395.9,1396.6,69795,0
2026-02-20 14:40:00+05:30,1396.6,1397.3,1395.7,1396.8,85862,0
2026-02-20 14:45:00+05:30,1396.8,1399.1,1396.7,1398.8,133458,0
2026-02-20 14:50:00+05:30,1398.8,1398.8,1397.0,1397.7,24422,0
2026-02-20 14:55:00+05:30,1397.7,1397.8,1396.5,1397.7,47520,0
2026-02-20 15:00:00+05:30,1397.8,1398.1,1395.7,1396.0,216870,0
2026-02-20 15:05:00+05:30,1395.8,1396.1,1394.2,1394.8,351705,0
2026-02-20 15:10:00+05:30,1394.7,1394.8,1393.5,1394.1,226793,0
2026-02-20 15:15:00+05:30,1394.0,1394.2,1393.0,1393.4,211654,0
2026-02-20 15:20:00+05:30,1393.3,1395.0,1392.1,1394.6,335720,0
2026-02-20 15:25:00+05:30,1395.0,1397.0,1393.4,1394.0,169715,0
2026-02-23 09:15:00+05:30,1400.0,1403.5,1395.3,1402.0,451966,0
2026-02-23 09:20:00+05:30,1402.0,1404.8,1401.6,1404.6,188246,0
2026-02-23 09:25:00+05:30,1404.5,1405.0,1403.5,1404.8,187609,0
2026-02-23 09:30:00+05:30,1404.7,1406.1,1404.4,1405.2,172292,0
2026-02-23 09:35:00+05:30,1405.2,1406.2,1404.0,1404.3,194308,0
2026-02-23 09:40:00+05:30,1404.4,1405.9,1403.6,1405.5,134863,0
2026-02-23 09:45:00+05:30,1405.5,1408.3,1405.1,1407.8,232580,0
2026-02-23 09:50:00+05:30,1408.1,1408.3,1406.5,1406.5,115257,0
2026-02-23 09:55:00+05:30,1406.6,1407.8,1406.2,1407.6,98561,0
2026-02-23 10:00:00+05:30,1407.5,1407.7,1406.0,1406.9,110207,0
2026-02-23 10:05:00+05:30,1406.8,1408.2,1406.5,1407.9,92432,0
2026-02-23 10:10:00+05:30,1407.9,1408.0,1405.6,1406.9,80045,0
2026-02-23 10:15:00+05:30,1406.7,1407.6,1406.6,1407.5,58241,0
2026-02-23 10:20:00+05:30,1407.4,1407.8,1406.8,1407.2,59646,0
2026-02-23 10:25:00+05:30,1407.1,1407.2,1405.5,1405.8,56780,0
2026-02-23 10:30:00+05:30,1405.8,1407.4,1405.8,1406.8,55643,0
2026-02-23 10:35:00+05:30,1406.8,1407.0,1403.6,1403.9,239408,0
2026-02-23 10:40:00+05:30,1403.9,1404.9,1402.1,1402.5,272493,0
2026-02-23 10:45:00+05:30,1402.4,1402.8,1400.7,1401.2,117257,0
2026-02-23 10:50:00+05:30,1401.2,1403.0,1401.1,1402.6,79395,0
2026-02-23 10:55:00+05:30,1402.6,1403.0,1401.3,1401.4,70940,0
2026-02-23 11:00:00+05:30,1401.4,1402.5,1400.7,1401.2,82434,0
2026-02-23 11:05:00+05:30,1401.2,1401.7,1400.0,1401.4,68501,0
2026-02-23 11:10:00+05:30,1401.2,1401.9,1400.5,1401.7,61171,0
2026-02-23 11:15:00+05:30,1401.8,1401.8,1400.8,1400.8,37227,0
2026-02-23 11:20:00+05:30,1401.0,1401.1,1400.3,1400.8,54232,0
2026-02-23 11:25:00+05:30,1400.7,1401.2,1399.3,1399.8,77737,0
2026-02-23 11:30:00+05:30,1399.8,1400.4,1399.0,1399.8,58564,0
2026-02-23 11:35:00+05:30,1399.8,1400.9,1399.8,1400.4,61677,0
2026-02-23 11:40:00+05:30,1400.4,1401.3,1400.4,1401.1,74393,0
2026-02-23 11:45:00+05:30,1401.2,1401.3,1399.6,1400.6,72731,0
2026-02-23 11:50:00+05:30,1400.5,1403.9,1400.1,1403.0,250119,0
2026-02-23 11:55:00+05:30,1402.7,1403.4,1401.2,1402.2,229495,0
2026-02-23 12:00:00+05:30,1402.2,1403.0,1401.4,1402.5,132836,0
2026-02-23 12:05:00+05:30,1402.5,1403.5,1401.3,1403.1,139824,0
2026-02-23 12:10:00+05:30,1403.1,1403.3,1402.1,1402.5,90131,0
2026-02-23 12:15:00+05:30,1402.5,1402.8,1400.4,1401.0,104577,0
2026-02-23 12:20:00+05:30,1400.6,1401.0,1399.6,1399.8,43282,0
2026-02-23 12:25:00+05:30,1399.8,1400.1,1399.1,1399.5,43153,0
2026-02-23 12:30:00+05:30,1399.4,1400.2,1399.1,1400.2,95085,0
2026-02-23 12:35:00+05:30,1400.1,1400.6,1399.4,1400.4,101830,0
2026-02-23 12:40:00+05:30,1400.4,1401.7,1400.3,1401.4,352581,0
2026-02-23 12:45:00+05:30,1401.0,1401.4,1398.3,1398.4,89269,0
2026-02-23 12:50:00+05:30,1398.4,1399.3,1397.4,1398.1,269804,0
2026-02-23 12:55:00+05:30,1398.1,1398.4,1397.8,1398.0,49120,0
2026-02-23 13:00:00+05:30,1397.9,1398.1,1397.1,1397.6,114566,0
2026-02-23 13:05:00+05:30,1397.4,1399.1,1397.4,1398.6,247977,0
2026-02-23 13:10:00+05:30,1398.5,1399.0,1398.0,1398.0,139585,0
2026-02-23 13:15:00+05:30,1398.0,1398.1,1397.6,1397.9,132551,0
2026-02-23 13:20:00+05:30,1397.8,1398.7,1397.7,1398.0,130292,0
2026-02-23 13:25:00+05:30,1398.0,1398.2,1397.7,1398.0,78211,0
2026-02-23 13:30:00+05:30,1398.0,1398.9,1398.0,1398.0,234053,0
2026-02-23 13:35:00+05:30,1398.0,1398.2,1396.4,1397.0,340606,0
2026-02-23 13:40:00+05:30,1396.6,1398.2,1395.7,1398.0,365903,0
2026-02-23 13:45:00+05:30,1398.0,1398.7,1396.7,1398.1,197435,0
2026-02-23 13:50:00+05:30,1398.0,1398.5,1398.0,1398.2,46412,0
2026-02-23 13:55:00+05:30,1398.2,1398.4,1397.4,1397.6,83679,0
2026-02-23 14:00:00+05:30,1397.5,1397.8,1396.5,1397.1,149597,0
2026-02-23 14:05:00+05:30,1397.0,1397.9,1397.0,1397.8,99891,0
2026-02-23 14:10:00+05:30,1397.7,1398.2,1397.3,1398.1,120111,0
2026-02-23 14:15:00+05:30,1397.9,1399.6,1397.9,1399.0,98734,0
2026-02-23 14:20:00+05:30,1399.0,1400.0,1399.0,1399.8,72482,0
2026-02-23 14:25:00+05:30,1399.6,1401.0,1399.5,1400.7,127896,0
2026-02-23 14:30:00+05:30,1400.5,1402.7,1398.5,1400.7,495912,0
2026-02-23 14:35:00+05:30,1400.2,1400.9,1399.9,1400.2,51579,0
2026-02-23 14:40:00+05:30,1400.3,1400.4,1399.4,1400.3,113511,0
2026-02-23 14:45:00+05:30,1400.3,1400.8,1400.0,1400.2,140451,0
2026-02-23 14:50:00+05:30,1400.5,1400.5,1399.8,1399.8,70552,0
2026-02-23 14:55:00+05:30,1399.9,1399.9,1398.7,1399.2,37028,0
2026-02-23 15:00:00+05:30,1399.2,1399.7,1398.9,1399.5,230102,0
2026-02-23 15:05:00+05:30,1399.3,1399.6,1398.7,1399.0,268863,0
2026-02-23 15:10:00+05:30,1399.0,1399.9,1398.9,1399.3,213004,0
2026-02-23 15:15:00+05:30,1399.4,1400.5,1399.1,1399.7,276929,0
2026-02-23 15:20:00+05:30,1399.6,1399.8,1399.0,1399.6,177308,0
2026-02-23 15:25:00+05:30,1399.5,1399.7,1398.0,1399.0,165090,0
2026-02-24 09:15:00+05:30,1400.9,1400.9,1394.6,1396.0,750228,0
2026-02-24 09:20:00+05:30,1396.0,1397.0,1393.3,1393.5,175424,0
2026-02-24 09:25:00+05:30,1393.8,1398.0,1393.4,1397.3,176454,0
2026-02-24 09:30:00+05:30,1397.3,1398.8,1396.8,1397.4,98923,0
2026-02-24 09:35:00+05:30,1397.1,1398.1,1395.5,1396.3,75053,0
2026-02-24 09:40:00+05:30,1396.3,1396.8,1395.6,1396.7,29339,0
2026-02-24 09:45:00+05:30,1396.7,1397.4,1395.9,1396.8,375563,0
2026-02-24 09:50:00+05:30,1396.8,1396.8,1395.0,1396.1,82284,0
2026-02-24 09:55:00+05:30,1396.1,1397.0,1395.4,1396.7,27076,0
2026-02-24 10:00:00+05:30,1396.7,1397.0,1395.5,1396.2,37682,0
2026-02-24 10:05:00+05:30,1396.3,1396.7,1394.8,1394.8,39481,0
2026-02-24 10:10:00+05:30,1395.0,1395.7,1394.2,1394.6,38000,0
2026-02-24 10:15:00+05:30,1394.6,1394.6,1392.0,1393.5,54648,0
2026-02-24 10:20:00+05:30,1393.5,1394.1,1392.4,1393.0,34776,0
2026-02-24 10:25:00+05:30,1393.3,1395.0,1392.5,1394.5,31208,0
2026-02-24 10:30:00+05:30,1394.6,1394.6,1392.0,1392.0,53002,0
2026-02-24 10:35:00+05:30,1392.4,1393.0,1391.0,1391.0,58800,0
2026-02-24 10:40:00+05:30,1391.1,1391.6,1390.2,1390.3,59599,0
2026-02-24 10:45:00+05:30,1390.4,1391.1,1389.7,1390.6,44181,0
2026-02-24 10:50:00+05:30,1390.9,1390.9,1389.1,1389.7,47325,0
2026-02-24 10:55:00+05:30,1389.6,1389.8,1388.6,1389.0,33255,0
2026-02-24 11:00:00+05:30,1389.0,1390.4,1388.7,1389.9,54654,0
2026-02-24 11:05:00+05:30,1390.2,1391.7,1389.5,1391.0,44187,0
2026-02-24 11:10:00+05:30,1391.0,1392.6,1390.9,1392.3,62619,0
2026-02-24 11:15:00+05:30,1392.5,1393.4,1392.1,1392.6,61480,0
2026-02-24 11:20:00+05:30,1393.0,1393.3,1390.4,1391.5,104806,0
2026-02-24 11:25:00+05:30,1391.6,1393.3,1391.5,1393.0,43945,0
2026-02-24 11:30:00+05:30,1393.3,1393.6,1392.4,1393.0,111190,0
2026-02-24 11:35:00+05:30,1393.1,1394.0,1392.3,1393.9,163143,0
2026-02-24 11:40:00+05:30,1394.0,1394.0,1392.4,1392.8,109238,0
2026-02-24 11:45:00+05:30,1393.0,1393.3,1392.8,1393.3,74361,0
2026-02-24 11:50:00+05:30,1393.3,1395.3,1393.0,1395.0,137773,0
2026-02-24 11:55:00+05:30,1395.1,1395.2,1392.9,1393.4,418260,0
2026-02-24 12:00:00+05:30,1393.8,1394.6,1391.6,1392.8,475348,0
2026-02-24 12:05:00+05:30,1392.8,1394.3,1392.4,1392.6,263190,0
2026-02-24 12:10:00+05:30,1392.6,1394.1,1391.6,1393.0,186778,0
2026-02-24 12:15:00+05:30,1393.2,1393.2,1390.8,1391.9,263066,0
2026-02-24 12:20:00+05:30,1392.2,1392.4,1389.1,1389.3,268706,0
2026-02-24 12:25:00+05:30,1389.3,1389.5,1388.0,1388.7,154301,0
2026-02-24 12:30:00+05:30,1388.8,1389.9,1388.5,1388.7,147749,0
2026-02-24 12:35:00+05:30,1388.9,1389.9,1388.8,1389.1,177771,0
2026-02-24 12:40:00+05:30,1389.2,1389.2,1387.8,1387.8,218502,0
2026-02-24 12:45:00+05:30,1387.9,1388.4,1385.1,1386.5,483045,0
2026-02-24 12:50:00+05:30,1386.6,1388.8,1386.2,1388.6,194264,0
2026-02-24 12:55:00+05:30,1388.8,1389.0,1388.0,1388.1,95234,0
2026-02-24 13:00:00+05:30,1388.1,1390.7,1388.1,1389.7,191044,0
2026-02-24 13:05:00+05:30,1389.7,1391.0,1389.2,1390.5,180690,0
2026-02-24 13:10:00+05:30,1390.3,1390.7,1389.6,1389.9,246560,0
2026-02-24 13:15:00+05:30,1389.9,1390.0,1388.1,1388.9,240380,0
2026-02-24 13:20:00+05:30,1389.0,1389.0,1388.2,1388.4,97019,0
2026-02-24 13:25:00+05:30,1388.4,1389.2,1387.1,1387.3,127658,0
2026-02-24 13:30:00+05:30,1387.2,1387.2,1384.0,1384.8,227396,0
2026-02-24 13:35:00+05:30,1384.9,1387.0,1384.5,1386.3,301513,0
2026-02-24 13:40:00+05:30,1386.5,1386.7,1384.7,1385.8,115656,0
2026-02-24 13:45:00+05:30,1385.9,1387.1,1385.7,1385.7,68724,0
2026-02-24 13:50:00+05:30,1385.9,1386.7,1385.7,1386.0,109554,0
2026-02-24 13:55:00+05:30,1386.2,1388.2,1386.1,1387.3,333002,0
2026-02-24 14:00:00+05:30,1387.4,1387.4,1385.3,1385.6,241773,0
2026-02-24 14:05:00+05:30,1385.7,1388.9,1385.2,1388.8,220709,0
2026-02-24 14:10:00+05:30,1388.8,1391.7,1388.5,1391.4,447437,0
2026-02-24 14:15:00+05:30,1391.6,1392.0,1388.2,1388.4,424878,0
2026-02-24 14:20:00+05:30,1388.5,1388.5,1385.0,1386.2,812418,0
2026-02-24 14:25:00+05:30,1386.2,1387.4,1385.4,1386.2,142134,0
2026-02-24 14:30:00+05:30,1386.3,1386.6,1384.6,1385.6,187090,0
2026-02-24 14:35:00+05:30,1385.7,1387.5,1385.0,1387.5,182824,0
2026-02-24 14:40:00+05:30,1387.5,1388.1,1384.3,1384.4,541243,0
2026-02-24 14:45:00+05:30,1384.3,1384.8,1382.3,1383.1,505578,0
2026-02-24 14:50:00+05:30,1383.0,1385.0,1382.9,1384.5,258229,0
2026-02-24 14:55:00+05:30,1384.5,1385.7,1383.7,1385.4,371628,0
2026-02-24 15:00:00+05:30,1385.5,1386.6,1383.7,1384.0,836513,0
2026-02-24 15:05:00+05:30,1384.0,1385.9,1382.9,1384.0,921881,0
2026-02-24 15:10:00+05:30,1383.9,1385.1,1383.2,1384.7,1175698,0
2026-02-24 15:15:00+05:30,1384.8,1387.7,1383.7,1385.1,895608,0
2026-02-24 15:20:00+05:30,1385.2,1386.7,1384.7,1385.3,684513,0
2026-02-24 15:25:00+05:30,1385.3,1387.7,1384.2,1385.5,546480,0
2026-02-25 09:15:00+05:30,1391.8,1398.1,1388.2,1392.9,502429,0
2026-02-25 09:20:00+05:30,1392.9,1395.0,1392.2,1393.1,242093,0
2026-02-25 09:25:00+05:30,1393.1,1394.3,1392.9,1394.0,121433,0
2026-02-25 09:30:00+05:30,1394.0,1396.9,1393.9,1396.5,805192,0
2026-02-25 09:35:00+05:30,1396.5,1400.8,1396.3,1400.0,1019270,0
2026-02-25 09:40:00+05:30,1400.0,1400.3,1398.3,1400.0,79276,0
2026-02-25 09:45:00+05:30,1400.3,1403.0,1400.0,1400.0,130090,0
2026-02-25 09:50:00+05:30,1400.1,1401.8,1400.0,1400.4,49242,0
2026-02-25 09:55:00+05:30,1400.2,1401.5,1399.7,1400.5,1045310,0
2026-02-25 10:00:00+05:30,1400.5,1402.1,1399.3,1402.0,248492,0
2026-02-25 10:05:00+05:30,1402.0,1402.1,1398.8,1399.1,110673,0
2026-02-25 10:10:00+05:30,1398.9,1399.4,1398.0,1399.2,54823,0
2026-02-25 10:15:00+05:30,1399.2,1400.3,1398.2,1398.5,278490,0
2026-02-25 10:20:00+05:30,1398.5,1399.1,1396.9,1397.0,45185,0
2026-02-25 10:25:00+05:30,1397.0,1397.7,1395.9,1396.2,38660,0
2026-02-25 10:30:00+05:30,1396.4,1397.6,1394.8,1397.0,62751,0
2026-02-25 10:35:00+05:30,1397.0,1397.5,1395.1,1396.9,92041,0
2026-02-25 10:40:00+05:30,1397.0,1397.3,1396.3,1396.4,53460,0
2026-02-25 10:45:00+05:30,1396.5,1397.6,1395.8,1396.7,86917,0
2026-02-25 10:50:00+05:30,1396.8,1397.8,1396.6,1397.5,32722,0
2026-02-25 10:55:00+05:30,1397.5,1397.5,1396.2,1396.6,33422,0
2026-02-25 11:00:00+05:30,1396.6,1397.0,1395.5,1395.6,40689,0
2026-02-25 11:05:00+05:30,1395.5,1396.2,1394.8,1395.8,109367,0
2026-02-25 11:10:00+05:30,1395.9,1396.2,1394.5,1394.9,99770,0
2026-02-25 11:15:00+05:30,1395.0,1395.3,1394.7,1395.0,25462,0
2026-02-25 11:20:00+05:30,1395.0,1395.5,1394.8,1395.0,55967,0
2026-02-25 11:25:00+05:30,1395.0,1396.5,1395.0,1396.4,92499,0
2026-02-25 11:30:00+05:30,1396.4,1396.8,1395.6,1396.4,32645,0
2026-02-25 11:35:00+05:30,1396.5,1396.5,1395.6,1396.3,35013,0
2026-02-25 11:40:00+05:30,1396.3,1397.4,1395.0,1396.7,281090,0
2026-02-25 11:45:00+05:30,1397.0,1398.5,1396.5,1398.5,69996,0
2026-02-25 11:50:00+05:30,1398.5,1399.0,1397.8,1399.0,77915,0
2026-02-25 11:55:00+05:30,1399.0,1399.6,1397.7,1399.3,428001,0
2026-02-25 12:00:00+05:30,1399.4,1400.0,1399.0,1399.9,93881,0
2026-02-25 12:05:00+05:30,1399.9,1401.0,1399.1,1400.9,358063,0
2026-02-25 12:10:00+05:30,1401.0,1401.0,1399.2,1399.9,120626,0
2026-02-25 12:15:00+05:30,1399.8,1402.9,1399.8,1402.8,190587,0
2026-02-25 12:20:00+05:30,1402.7,1403.0,1401.5,1402.0,51491,0
2026-02-25 12:25:00+05:30,1402.0,1402.1,1400.5,1401.9,118209,0
2026-02-25 12:30:00+05:30,1402.0,1402.4,1398.5,1398.7,111905,0
2026-02-25 12:35:00+05:30,1398.7,1400.3,1397.5,1399.9,555218,0
2026-02-25 12:40:00+05:30,1400.0,1401.2,1399.6,1400.6,724373,0
2026-02-25 12:45:00+05:30,1400.7,1400.9,1397.7,1397.7,107621,0
2026-02-25 12:50:00+05:30,1398.4,1400.0,1397.9,1399.1,106288,0
2026-02-25 12:55:00+05:30,1399.1,1400.0,1399.0,1399.9,66812,0
2026-02-25 13:00:00+05:30,1399.9,1400.0,1398.5,1399.8,144000,0
2026-02-25 13:05:00+05:30,1399.9,1400.9,1398.9,1399.9,274314,0
2026-02-25 13:10:00+05:30,1400.0,1400.9,1399.9,1400.5,174786,0
2026-02-25 13:15:00+05:30,1400.5,1401.7,1399.9,1401.4,147003,0
2026-02-25 13:20:00+05:30,1401.4,1402.5,1400.0,1400.2,227394,0
2026-02-25 13:25:00+05:30,1400.3,1402.5,1399.5,1402.3,439290,0
2026-02-25 13:30:00+05:30,1402.3,1404.0,1401.4,1401.7,339027,0
2026-02-25 13:35:00+05:30,1401.7,1402.3,1401.2,1401.6,88957,0
2026-02-25 13:40:00+05:30,1401.5,1401.7,1400.0,1401.5,89179,0
2026-02-25 13:45:00+05:30,1401.5,1401.7,1400.2,1400.6,83266,0
2026-02-25 13:50:00+05:30,1400.7,1402.0,1400.6,1401.7,67556,0
2026-02-25 13:55:00+05:30,1401.8,1402.3,1400.8,1402.0,106127,0
2026-02-25 14:00:00+05:30,1402.0,1402.0,1400.1,1400.3,112300,0
2026-02-25 14:05:00+05:30,1400.3,1401.0,1400.0,1400.4,165913,0
2026-02-25 14:10:00+05:30,1400.4,1402.0,1400.3,1401.9,138844,0
2026-02-25 14:15:00+05:30,1401.9,1405.9,1401.8,1405.6,593976,0
2026-02-25 14:20:00+05:30,1405.6,1407.4,1404.1,1404.9,407434,0
2026-02-25 14:25:00+05:30,1404.9,1404.9,1401.9,1401.9,447547,0
2026-02-25 14:30:00+05:30,1401.9,1404.5,1401.5,1404.1,221279,0
2026-02-25 14:35:00+05:30,1404.1,1405.5,1404.0,1405.3,171064,0
2026-02-25 14:40:00+05:30,1405.3,1405.5,1404.2,1405.0,171631,0
2026-02-25 14:45:00+05:30,1405.0,1405.1,1404.0,1405.0,103479,0
2026-02-25 14:50:00+05:30,1405.0,1405.0,1403.5,1405.0,106492,0
2026-02-25 14:55:00+05:30,1404.9,1405.0,1404.4,1404.9,76992,0
2026-02-25 15:00:00+05:30,1404.9,1404.9,1402.0,1402.4,282878,0
2026-02-25 15:05:00+05:30,1402.4,1402.8,1399.1,1399.8,565893,0
2026-02-25 15:10:00+05:30,1399.8,1400.0,1398.1,1399.5,330782,0
2026-02-25 15:15:00+05:30,1399.4,1400.2,1398.9,1399.9,307816,0
2026-02-25 15:20:00+05:30,1399.7,1400.0,1399.4,1400.0,228571,0
2026-02-25 15:25:00+05:30,1399.9,1402.8,1397.8,1398.1,412373,0
2026-02-26 09:15:00+05:30,1405.1,1408.0,1394.5,1394.8,379777,0
2026-02-26 09:20:00+05:30,1394.8,1395.9,1393.3,1394.7,153694,0
2026-02-26 09:25:00+05:30,1394.9,1395.0,1392.9,1393.0,72794,0
2026-02-26 09:30:00+05:30,1393.1,1395.1,1392.1,1395.0,98116,0
2026-02-26 09:35:00+05:30,1395.0,1398.0,1394.8,1398.0,74911,0
2026-02-26 09:40:00+05:30,1398.0,1398.3,1396.9,1397.5,45068,0
2026-02-26 09:45:00+05:30,1397.5,1399.7,1397.4,1398.4,86956,0
2026-02-26 09:50:00+05:30,1398.3,1398.6,1397.7,1398.1,54490,0
2026-02-26 09:55:00+05:30,1398.1,1398.4,1397.3,1398.3,163698,0
2026-02-26 10:00:00+05:30,1398.3,1400.6,1398.0,1400.0,250404,0
2026-02-26 10:05:00+05:30,1400.0,1400.4,1399.5,1399.9,519162,0
2026-02-26 10:10:00+05:30,1399.8,1401.8,1399.8,1401.6,226414,0
2026-02-26 10:15:00+05:30,1401.6,1401.6,1400.6,1401.0,21466,0
2026-02-26 10:20:00+05:30,1401.0,1401.0,1399.1,1400.3,28760,0
2026-02-26 10:25:00+05:30,1400.3,1401.3,1399.0,1400.0,592426,0
2026-02-26 10:30:00+05:30,1400.1,1401.5,1399.9,1401.0,62337,0
2026-02-26 10:35:00+05:30,1401.0,1401.5,1399.5,1401.3,152471,0
2026-02-26 10:40:00+05:30,1401.0,1404.0,1400.0,1400.5,407476,0
2026-02-26 10:45:00+05:30,1400.5,1402.2,1400.0,1402.2,34037,0
2026-02-26 10:50:00+05:30,1402.1,1405.4,1401.7,1405.4,539328,0
2026-02-26 10:55:00+05:30,1405.4,1405.5,1403.1,1403.7,102160,0
2026-02-26 11:00:00+05:30,1403.7,1405.0,1402.5,1405.0,116926,0
2026-02-26 11:05:00+05:30,1405.0,1405.0,1402.2,1402.8,31946,0
2026-02-26 11:10:00+05:30,1402.8,1407.1,1402.4,1405.4,156242,0
2026-02-26 11:15:00+05:30,1405.4,1405.5,1402.9,1403.8,44671,0
2026-02-26 11:20:00+05:30,1403.8,1403.8,1401.6,1402.0,68517,0
2026-02-26 11:25:00+05:30,1402.0,1404.9,1401.6,1402.9,145955,0
2026-02-26 11:30:00+05:30,1402.7,1403.0,1400.8,1402.0,125855,0
2026-02-26 11:35:00+05:30,1402.0,1402.5,1400.6,1402.0,199243,0
2026-02-26 11:40:00+05:30,1402.0,1402.0,1399.8,1400.9,219602,0
2026-02-26 11:45:00+05:30,1400.5,1405.7,1400.0,1405.4,415334,0
2026-02-26 11:50:00+05:30,1405.4,1406.6,1404.8,1405.2,395267,0
2026-02-26 11:55:00+05:30,1405.2,1406.0,1403.5,1405.1,254624,0
2026-02-26 12:00:00+05:30,1405.1,1408.0,1404.1,1407.9,246324,0
2026-02-26 12:05:00+05:30,1407.9,1409.0,1406.1,1408.0,227420,0
2026-02-26 12:10:00+05:30,1408.0,1409.0,1405.4,1406.1,306196,0
2026-02-26 12:15:00+05:30,1406.0,1407.4,1402.7,1403.2,647950,0
2026-02-26 12:20:00+05:30,1403.6,1403.9,1400.6,1403.5,730958,0
2026-02-26 12:25:00+05:30,1403.5,1404.8,1402.4,1404.1,144393,0
2026-02-26 12:30:00+05:30,1404.1,1405.4,1403.2,1404.7,204925,0
2026-02-26 12:35:00+05:30,1404.6,1405.8,1401.9,1403.5,276097,0
2026-02-26 12:40:00+05:30,1403.3,1405.8,1402.7,1405.7,361261,0
2026-02-26 12:45:00+05:30,1405.3,1406.3,1403.0,1404.1,128485,0
2026-02-26 12:50:00+05:30,1404.1,1404.1,1401.1,1402.0,618669,0
2026-02-26 12:55:00+05:30,1402.0,1402.1,1398.7,1399.3,571101,0
2026-02-26 13:00:00+05:30,1398.9,1401.4,1398.6,1400.8,275898,0
2026-02-26 13:05:00+05:30,1400.8,1400.9,1398.6,1399.1,92859,0
2026-02-26 13:10:00+05:30,1399.0,1399.7,1397.7,1399.0,206370,0
2026-02-26 13:15:00+05:30,1399.1,1400.0,1397.4,1399.3,208420,0
2026-02-26 13:20:00+05:30,1399.3,1400.0,1398.6,1399.8,69492,0
2026-02-26 13:25:00+05:30,1399.7,1400.4,1399.1,1399.2,205493,0
2026-02-26 13:30:00+05:30,1399.2,1401.0,1399.0,1400.1,48432,0
2026-02-26 13:35:00+05:30,1400.2,1400.3,1398.5,1399.3,66432,0
2026-02-26 13:40:00+05:30,1399.3,1401.4,1399.0,1400.1,323351,0
2026-02-26 13:45:00+05:30,1400.0,1401.2,1399.6,1400.6,277446,0
2026-02-26 13:50:00+05:30,1400.6,1402.9,1400.2,1402.2,405410,0
2026-02-26 13:55:00+05:30,1402.2,1404.6,1401.8,1403.9,430825,0
2026-02-26 14:00:00+05:30,1403.8,1404.2,1401.2,1401.8,183690,0
2026-02-26 14:05:00+05:30,1401.9,1402.0,1399.6,1401.4,248948,0
2026-02-26 14:10:00+05:30,1401.4,1405.1,1401.1,1403.8,370903,0
2026-02-26 14:15:00+05:30,1403.8,1405.9,1403.6,1405.9,61430,0
2026-02-26 14:20:00+05:30,1405.9,1406.5,1405.2,1406.1,119590,0
2026-02-26 14:25:00+05:30,1406.1,1407.5,1405.5,1406.0,254396,0
2026-02-26 14:30:00+05:30,1406.0,1406.1,1403.3,1404.7,562628,0
2026-02-26 14:35:00+05:30,1404.9,1407.0,1403.7,1406.1,527050,0
2026-02-26 14:40:00+05:30,1406.6,1407.1,1405.2,1406.5,298844,0
2026-02-26 14:45:00+05:30,1406.5,1407.4,1405.6,1407.0,528237,0
2026-02-26 14:50:00+05:30,1407.1,1409.1,1406.3,1407.1,479278,0
2026-02-26 14:55:00+05:30,1407.6,1408.6,1407.0,1408.3,213523,0
2026-02-26 15:00:00+05:30,1408.3,1410.0,1403.6,1403.8,2224757,0
2026-02-26 15:05:00+05:30,1403.8,1409.9,1403.2,1406.6,2249092,0
2026-02-26 15:10:00+05:30,1406.7,1406.7,1402.1,1403.6,1790469,0
2026-02-26 15:15:00+05:30,1403.7,1405.3,1402.8,1404.0,1459810,0
2026-02-26 15:20:00+05:30,1404.2,1405.4,1402.4,1403.5,1354224,0
2026-02-26 15:25:00+05:30,1403.5,1403.6,1399.3,1401.6,1046066,0
2026-02-27 09:15:00+05:30,1400.0,1402.2,1394.7,1395.9,636643,0
2026-02-27 09:20:00+05:30,1395.9,1401.6,1394.3,1400.3,250004,0
2026-02-27 09:25:00+05:30,1400.3,1401.2,1398.1,1398.6,244863,0
2026-02-27 09:30:00+05:30,1398.2,1399.4,1397.5,1397.6,44083,0
2026-02-27 09:35:00+05:30,1397.5,1398.2,1395.9,1398.2,201994,0
2026-02-27 09:40:00+05:30,1398.2,1398.2,1396.1,1396.4,84336,0
2026-02-27 09:45:00+05:30,1396.4,1398.7,1396.1,1398.0,128001,0
2026-02-27 09:50:00+05:30,1398.0,1398.3,1395.5,1397.6,155848,0
2026-02-27 09:55:00+05:30,1397.6,1398.0,1395.7,1395.8,118291,0
2026-02-27 10:00:00+05:30,1395.7,1397.7,1395.1,1395.9,218187,0
2026-02-27 10:05:00+05:30,1395.8,1395.8,1394.1,1395.0,148036,0
2026-02-27 10:10:00+05:30,1395.0,1395.0,1394.3,1394.4,33411,0
2026-02-27 10:15:00+05:30,1394.4,1394.4,1391.9,1392.3,76551,0
2026-02-27 10:20:00+05:30,1392.3,1393.5,1392.1,1392.6,93480,0
2026-02-27 10:25:00+05:30,1392.6,1394.0,1392.5,1392.6,49743,0
2026-02-27 10:30:00+05:30,1392.6,1394.3,1392.1,1392.2,313079,0
2026-02-27 10:35:00+05:30,1392.2,1393.0,1391.5,1391.8,107760,0
2026-02-27 10:40:00+05:30,1391.8,1391.9,1389.1,1389.3,207040,0
2026-02-27 10:45:00+05:30,1389.2,1389.6,1388.3,1388.8,88528,0
2026-02-27 10:50:00+05:30,1388.9,1388.9,1386.5,1387.4,222388,0
2026-02-27 10:55:00+05:30,1387.4,1387.9,1385.7,1386.6,175924,0
2026-02-27 11:00:00+05:30,1386.6,1387.9,1386.4,1387.8,155837,0
2026-02-27 11:05:00+05:30,1387.9,1391.0,1386.9,1390.5,266057,0
2026-02-27 11:10:00+05:30,1390.7,1390.7,1388.4,1389.4,99221,0
2026-02-27 11:15:00+05:30,1389.6,1391.4,1389.3,1391.3,105103,0
2026-02-27 11:20:00+05:30,1391.4,1391.6,1388.9,1389.5,103505,0
2026-02-27 11:25:00+05:30,1389.5,1390.0,1388.0,1389.4,160158,0
2026-02-27 11:30:00+05:30,1389.5,1390.2,1388.5,1388.9,62801,0
2026-02-27 11:35:00+05:30,1388.9,1390.1,1388.5,1390.0,64328,0
2026-02-27 11:40:00+05:30,1390.1,1391.2,1389.7,1389.9,153421,0
2026-02-27 11:45:00+05:30,1390.0,1390.0,1389.3,1389.6,40227,0
2026-02-27 11:50:00+05:30,1389.6,1389.6,1388.3,1388.4,83140,0
2026-02-27 11:55:00+05:30,1388.5,1390.8,1388.4,1389.2,69645,0
2026-02-27 12:00:00+05:30,1389.3,1392.2,1389.2,1392.1,168568,0
2026-02-27 12:05:00+05:30,1392.1,1392.2,1389.7,1389.9,48606,0
2026-02-27 12:10:00+05:30,1389.9,1390.0,1387.9,1388.7,120925,0
2026-02-27 12:15:00+05:30,1388.8,1389.2,1388.3,1388.6,90410,0
2026-02-27 12:20:00+05:30,1388.9,1389.8,1387.1,1387.3,107722,0
2026-02-27 12:25:00+05:30,1387.3,1388.9,1387.2,1387.8,54132,0
2026-02-27 12:30:00+05:30,1388.0,1388.9,1387.8,1388.0,45073,0
2026-02-27 12:35:00+05:30,1388.1,1388.4,1386.0,1386.1,97429,0
2026-02-27 12:40:00+05:30,1386.3,1386.8,1386.0,1386.1,70899,0
2026-02-27 12:45:00+05:30,1386.2,1386.4,1385.2,1385.7,70432,0
2026-02-27 12:50:00+05:30,1385.7,1386.8,1385.6,1386.0,132163,0
2026-02-27 12:55:00+05:30,1386.0,1386.4,1385.5,1385.7,53256,0
2026-02-27 13:00:00+05:30,1385.7,1385.7,1383.6,1383.9,103376,0
2026-02-27 13:05:00+05:30,1383.9,1385.2,1383.8,1384.2,107531,0
2026-02-27 13:10:00+05:30,1384.2,1384.2,1383.6,1383.8,59282,0
2026-02-27 13:15:00+05:30,1383.8,1383.8,1382.5,1382.8,125473,0
2026-02-27 13:20:00+05:30,1382.8,1382.9,1381.9,1382.2,110234,0
2026-02-27 13:25:00+05:30,1382.2,1382.3,1381.8,1382.2,97405,0
2026-02-27 13:30:00+05:30,1382.2,1383.2,1381.9,1382.7,95862,0
2026-02-27 13:35:00+05:30,1382.7,1384.0,1382.0,1383.7,92414,0
2026-02-27 13:40:00+05:30,1383.7,1384.9,1383.4,1384.7,65327,0
2026-02-27 13:45:00+05:30,1384.8,1387.0,1384.7,1386.9,82108,0
2026-02-27 13:50:00+05:30,1386.9,1387.7,1386.3,1387.6,90441,0
2026-02-27 13:55:00+05:30,1387.6,1390.2,1387.4,1388.7,411604,0
2026-02-27 14:00:00+05:30,1388.7,1390.0,1386.9,1388.4,251851,0
2026-02-27 14:05:00+05:30,1388.4,1388.9,1386.3,1387.0,206059,0
2026-02-27 14:10:00+05:30,1386.9,1387.6,1385.7,1386.4,128786,0
2026-02-27 14:15:00+05:30,1386.3,1386.7,1385.0,1385.9,113928,0
2026-02-27 14:20:00+05:30,1385.6,1386.0,1384.0,1384.1,174398,0
2026-02-27 14:25:00+05:30,1384.1,1384.5,1382.7,1382.9,101456,0
2026-02-27 14:30:00+05:30,1382.8,1383.6,1380.7,1382.4,308870,0
2026-02-27 14:35:00+05:30,1382.2,1383.0,1381.6,1381.8,127519,0
2026-02-27 14:40:00+05:30,1381.9,1382.7,1381.9,1382.3,167789,0
2026-02-27 14:45:00+05:30,1382.2,1384.3,1381.8,1384.0,257276,0
2026-02-27 14:50:00+05:30,1383.9,1384.3,1382.7,1383.3,113304,0
2026-02-27 14:55:00+05:30,1383.3,1385.5,1382.0,1385.2,174410,0
2026-02-27 15:00:00+05:30,1385.0,1385.1,1379.6,1380.8,1081404,0
2026-02-27 15:05:00+05:30,1381.0,1381.2,1377.4,1378.7,990188,0
2026-02-27 15:10:00+05:30,1378.8,1380.4,1376.7,1378.0,968184,0
2026-02-27 15:15:00+05:30,1378.2,1379.1,1376.8,1377.7,871472,0
2026-02-27 15:20:00+05:30,1377.8,1378.8,1377.1,1377.9,922962,0
2026-02-27 15:25:00+05:30,1378.1,1380.6,1377.3,1379.4,674240,0
2026-03-02 09:15:00+05:30,1355.0,1377.6,1355.0,1372.8,1017421,0
2026-03-02 09:20:00+05:30,1372.9,1374.8,1368.7,1368.9,363555,0
2026-03-02 09:25:00+05:30,1368.9,1372.0,1367.0,1370.7,398581,0
2026-03-02 09:30:00+05:30,1370.7,1372.2,1369.7,1371.2,104248,0
2026-03-02 09:35:00+05:30,1371.0,1372.9,1368.1,1368.7,238062,0
2026-03-02 09:40:00+05:30,1368.5,1369.7,1366.0,1366.4,162163,0
2026-03-02 09:45:00+05:30,1366.5,1367.5,1362.7,1363.0,110127,0
2026-03-02 09:50:00+05:30,1363.3,1363.3,1358.9,1358.9,178202,0
2026-03-02 09:55:00+05:30,1359.3,1365.6,1359.3,1365.4,167393,0
2026-03-02 10:00:00+05:30,1365.4,1366.4,1365.0,1365.1,118482,0
2026-03-02 10:05:00+05:30,1365.0,1367.9,1365.0,1367.9,102499,0
2026-03-02 10:10:00+05:30,1367.9,1368.6,1365.3,1367.1,107919,0
2026-03-02 10:15:00+05:30,1367.1,1367.9,1364.7,1364.8,115281,0
2026-03-02 10:20:00+05:30,1365.2,1367.0,1364.6,1365.0,122495,0
2026-03-02 10:25:00+05:30,1364.6,1368.2,1364.2,1367.2,97659,0
2026-03-02 10:30:00+05:30,1367.4,1368.7,1367.2,1368.2,34837,0
2026-03-02 10:35:00+05:30,1368.1,1368.3,1366.1,1367.6,41361,0
2026-03-02 10:40:00+05:30,1367.6,1367.6,1363.9,1364.0,69726,0
2026-03-02 10:45:00+05:30,1364.0,1366.2,1363.5,1365.6,46071,0
2026-03-02 10:50:00+05:30,1365.5,1366.3,1364.2,1364.4,115900,0
2026-03-02 10:55:00+05:30,1364.3,1365.5,1364.3,1364.6,61769,0
2026-03-02 11:00:00+05:30,1364.6,1366.9,1364.2,1365.1,106231,0
2026-03-02 11:05:00+05:30,1364.9,1366.7,1364.2,1366.2,66143,0
2026-03-02 11:10:00+05:30,1366.1,1368.0,1364.7,1365.3,205554,0
2026-03-02 11:15:00+05:30,1365.6,1367.8,1365.2,1365.4,134892,0
2026-03-02 11:20:00+05:30,1365.5,1365.7,1364.4,1364.9,80123,0
2026-03-02 11:25:00+05:30,1364.8,1365.0,1364.2,1364.7,49685,0
2026-03-02 11:30:00+05:30,1364.9,1365.0,1363.2,1364.3,60445,0
2026-03-02 11:35:00+05:30,1364.2,1365.2,1363.4,1364.9,95894,0
2026-03-02 11:40:00+05:30,1364.6,1366.9,1363.9,1366.8,169325,0
2026-03-02 11:45:00+05:30,1366.8,1369.0,1365.6,1366.7,181423,0
2026-03-02 11:50:00+05:30,1366.6,1367.1,1365.0,1366.2,89945,0
2026-03-02 11:55:00+05:30,1366.3,1367.1,1365.0,1365.9,185093,0
2026-03-02 12:00:00+05:30,1365.8,1367.1,1365.0,1366.9,86731,0
2026-03-02 12:05:00+05:30,1366.9,1368.2,1366.0,1367.4,62488,0
2026-03-02 12:10:00+05:30,1367.0,1368.2,1365.4,1365.5,140276,0
2026-03-02 12:15:00+05:30,1365.4,1367.0,1363.7,1364.8,202710,0
2026-03-02 12:20:00+05:30,1364.8,1365.0,1363.0,1364.1,131749,0
2026-03-02 12:25:00+05:30,1364.1,1368.0,1363.8,1368.0,132146,0
2026-03-02 12:30:00+05:30,1367.7,1368.8,1367.1,1368.4,132396,0
2026-03-02 12:35:00+05:30,1368.4,1369.8,1366.2,1367.7,193004,0
2026-03-02 12:40:00+05:30,1367.7,1368.2,1364.5,1364.8,143736,0
2026-03-02 12:45:00+05:30,1364.8,1367.0,1364.1,1365.2,122962,0
2026-03-02 12:50:00+05:30,1365.2,1367.4,1364.6,1365.7,182093,0
2026-03-02 12:55:00+05:30,1365.5,1366.8,1364.7,1366.2,111621,0
2026-03-02 13:00:00+05:30,1366.8,1367.0,1364.9,1365.6,195203,0
2026-03-02 13:05:00+05:30,1365.4,1367.6,1365.2,1366.4,63109,0
2026-03-02 13:10:00+05:30,1366.3,1367.7,1366.0,1367.2,163891,0
2026-03-02 13:15:00+05:30,1367.2,1368.1,1367.0,1368.0,82113,0
2026-03-02 13:20:00+05:30,1367.5,1368.0,1365.8,1366.2,92551,0
2026-03-02 13:25:00+05:30,1366.2,1366.8,1364.9,1365.4,137294,0
2026-03-02 13:30:00+05:30,1364.9,1365.5,1363.2,1363.8,100549,0
2026-03-02 13:35:00+05:30,1363.8,1364.8,1363.3,1364.1,103796,0
2026-03-02 13:40:00+05:30,1364.0,1364.4,1361.7,1363.4,200253,0
2026-03-02 13:45:00+05:30,1363.4,1364.9,1363.0,1364.6,79344,0
2026-03-02 13:50:00+05:30,1364.5,1365.0,1363.7,1364.1,71154,0
2026-03-02 13:55:00+05:30,1364.0,1364.1,1361.6,1362.3,317600,0
2026-03-02 14:00:00+05:30,1362.3,1367.8,1361.6,1365.2,369763,0
2026-03-02 14:05:00+05:30,1365.2,1369.8,1365.2,1368.3,374372,0
2026-03-02 14:10:00+05:30,1368.4,1369.9,1367.1,1369.1,190476,0
2026-03-02 14:15:00+05:30,1369.1,1369.3,1367.3,1369.0,86684,0
2026-03-02 14:20:00+05:30,1369.0,1370.0,1367.9,1369.6,193400,0
2026-03-02 14:25:00+05:30,1369.6,1369.9,1367.3,1368.2,217484,0
2026-03-02 14:30:00+05:30,1368.3,1370.2,1367.5,1370.2,230262,0
2026-03-02 14:35:00+05:30,1370.3,1373.7,1370.3,1372.2,513337,0
2026-03-02 14:40:00+05:30,1372.2,1374.6,1372.1,1373.5,352023,0
2026-03-02 14:45:00+05:30,1373.5,1375.1,1370.9,1374.0,252797,0
2026-03-02 14:50:00+05:30,1374.0,1375.1,1373.2,1373.7,81443,0
2026-03-02 14:55:00+05:30,1373.7,1374.1,1371.7,1372.2,97083,0
2026-03-02 15:00:00+05:30,1372.2,1374.7,1368.5,1373.5,1114805,0
2026-03-02 15:05:00+05:30,1373.3,1374.1,1370.6,1372.6,1296135,0
2026-03-02 15:10:00+05:30,1372.6,1376.9,1370.5,1376.9,1125105,0
2026-03-02 15:15:00+05:30,1376.9,1379.2,1373.9,1378.5,980010,0
2026-03-02 15:20:00+05:30,1378.6,1378.8,1374.4,1374.8,528562,0
2026-03-02 15:25:00+05:30,1374.8,1376.7,1372.7,1374.8,476693,0
2026-03-04 09:15:00+05:30,1326.0,1358.3,1326.0,1348.7,3260360,0
2026-03-04 09:20:00+05:30,1348.7,1350.2,1346.0,1346.9,311320,0
2026-03-04 09:25:00+05:30,1346.9,1348.1,1343.6,1345.8,174238,0
2026-03-04 09:30:00+05:30,1345.8,1347.2,1343.9,1344.7,519632,0
2026-03-04 09:35:00+05:30,1344.1,1347.6,1343.9,1345.1,280038,0
2026-03-04 09:40:00+05:30,1345.0,1350.1,1345.0,1349.7,452584,0
2026-03-04 09:45:00+05:30,1349.7,1349.9,1347.5,1348.7,170292,0
2026-03-04 09:50:00+05:30,1348.7,1350.0,1348.4,1349.8,121368,0
2026-03-04 09:55:00+05:30,1349.7,1349.8,1347.5,1348.5,135439,0
2026-03-04 10:00:00+05:30,1348.5,1352.7,1347.5,1352.0,233775,0
2026-03-04 10:05:00+05:30,1352.0,1352.1,1349.9,1350.3,83753,0
2026-03-04 10:10:00+05:30,1350.3,1351.0,1349.6,1350.4,132463,0
2026-03-04 10:15:00+05:30,1350.4,1351.5,1349.6,1350.3,84795,0
2026-03-04 10:20:00+05:30,1350.2,1353.8,1350.2,1352.2,127045,0
2026-03-04 10:25:00+05:30,1352.2,1353.5,1351.4,1353.4,72952,0
2026-03-04 10:30:00+05:30,1353.3,1353.4,1351.1,1351.4,39056,0
2026-03-04 10:35:00+05:30,1351.4,1352.1,1350.3,1352.0,124652,0
2026-03-04 10:40:00+05:30,1352.0,1352.9,1351.1,1352.3,87290,0
2026-03-04 10:45:00+05:30,1352.2,1352.9,1351.1,1352.0,65017,0
2026-03-04 10:50:00+05:30,1352.0,1352.4,1351.0,1352.1,42347,0
2026-03-04 10:55:00+05:30,1352.0,1352.2,1350.0,1351.4,114025,0
2026-03-04 11:00:00+05:30,1351.3,1353.2,1351.3,1352.0,126155,0
2026-03-04 11:05:00+05:30,1351.9,1353.9,1351.8,1353.9,138864,0
2026-03-04 11:10:00+05:30,1353.7,1354.5,1351.2,1352.2,86526,0
2026-03-04 11:15:00+05:30,1352.2,1352.3,1350.1,1350.5,78922,0
2026-03-04 11:20:00+05:30,1350.5,1351.3,1350.5,1351.1,53904,0
2026-03-04 11:25:00+05:30,1351.0,1351.9,1350.0,1350.3,120424,0
2026-03-04 11:30:00+05:30,1350.3,1350.5,1349.6,1350.0,76178,0
2026-03-04 11:35:00+05:30,1349.9,1350.3,1349.2,1349.8,143021,0
2026-03-04 11:40:00+05:30,1349.6,1349.8,1349.2,1349.7,115410,0
2026-03-04 11:45:00+05:30,1349.6,1349.9,1347.8,1349.7,180862,0
2026-03-04 11:50:00+05:30,1349.6,1350.0,1348.5,1349.6,99070,0
2026-03-04 11:55:00+05:30,1349.6,1350.0,1348.6,1349.6,285335,0
2026-03-04 12:00:00+05:30,1349.6,1350.4,1349.6,1350.0,193772,0
2026-03-04 12:05:00+05:30,1350.0,1350.4,1349.7,1350.1,76585,0
2026-03-04 12:10:00+05:30,1350.1,1350.3,1349.2,1349.9,95529,0
2026-03-04 12:15:00+05:30,1349.9,1350.1,1347.6,1347.8,84915,0
2026-03-04 12:20:00+05:30,1347.6,1349.3,1347.4,1349.1,74122,0
2026-03-04 12:25:00+05:30,1349.0,1349.2,1348.5,1348.9,111495,0
2026-03-04 12:30:00+05:30,1348.8,1350.9,1348.8,1350.9,135469,0
2026-03-04 12:35:00+05:30,1350.8,1351.9,1350.8,1351.8,195677,0
2026-03-04 12:40:00+05:30,1351.7,1353.0,1351.2,1352.5,128354,0
2026-03-04 12:45:00+05:30,1352.5,1353.0,1351.8,1352.1,126155,0
2026-03-04 12:50:00+05:30,1352.0,1352.8,1351.0,1351.1,65508,0
2026-03-04 12:55:00+05:30,1351.1,1352.9,1350.6,1352.3,310489,0
2026-03-04 13:00:00+05:30,1352.3,1354.3,1352.2,1354.3,168758,0
2026-03-04 13:05:00+05:30,1354.2,1356.5,1354.0,1355.4,221309,0
2026-03-04 13:10:00+05:30,1355.3,1357.0,1354.6,1356.4,174473,0
2026-03-04 13:15:00+05:30,1356.3,1357.2,1355.9,1356.4,129682,0
2026-03-04 13:20:00+05:30,1356.3,1356.4,1355.0,1355.6,193945,0
2026-03-04 13:25:00+05:30,1355.6,1358.1,1355.6,1356.5,249667,0
2026-03-04 13:30:00+05:30,1356.4,1357.5,1354.3,1355.0,521373,0
2026-03-04 13:35:00+05:30,1355.0,1357.1,1353.6,1357.1,590128,0
2026-03-04 13:40:00+05:30,1357.0,1360.5,1357.0,1360.5,360708,0
2026-03-04 13:45:00+05:30,1360.4,1361.6,1360.1,1360.9,206552,0
2026-03-04 13:50:00+05:30,1360.8,1360.9,1359.4,1360.7,127737,0
2026-03-04 13:55:00+05:30,1360.6,1362.1,1360.0,1360.7,415573,0
2026-03-04 14:00:00+05:30,1360.6,1361.6,1360.4,1360.7,195553,0
2026-03-04 14:05:00+05:30,1360.7,1370.8,1360.5,1369.8,1180944,0
2026-03-04 14:10:00+05:30,1369.5,1370.8,1365.7,1370.0,402925,0
2026-03-04 14:15:00+05:30,1369.8,1370.5,1368.4,1370.0,325380,0
2026-03-04 14:20:00+05:30,1370.0,1370.6,1368.8,1368.8,597306,0
2026-03-04 14:25:00+05:30,1368.8,1371.0,1368.1,1370.1,498180,0
2026-03-04 14:30:00+05:30,1370.1,1371.6,1369.3,1371.3,262649,0
2026-03-04 14:35:00+05:30,1371.2,1372.5,1371.0,1371.0,152478,0
2026-03-04 14:40:00+05:30,1371.2,1373.9,1371.0,1372.9,143824,0
2026-03-04 14:45:00+05:30,1372.9,1376.0,1372.2,1374.2,198403,0
2026-03-04 14:50:00+05:30,1374.2,1375.3,1372.2,1374.3,331475,0
2026-03-04 14:55:00+05:30,1374.3,1375.4,1372.6,1373.6,145280,0
2026-03-04 15:00:00+05:30,1373.6,1373.9,1366.4,1366.8,623751,0
2026-03-04 15:05:00+05:30,1367.0,1367.5,1362.8,1363.2,489325,0
2026-03-04 15:10:00+05:30,1363.2,1364.5,1362.4,1363.2,356246,0
2026-03-04 15:15:00+05:30,1363.2,1365.0,1361.7,1362.4,418214,0
2026-03-04 15:20:00+05:30,1362.3,1365.8,1362.0,1365.7,316088,0
2026-03-04 15:25:00+05:30,1365.7,1368.5,1364.0,1368.5,275509,0
2026-03-05 09:15:00+05:30,1368.9,1368.9,1356.1,1357.6,379720,0
2026-03-05 09:20:00+05:30,1357.5,1358.2,1355.0,1356.1,67033,0
2026-03-05 09:25:00+05:30,1356.5,1357.5,1355.3,1355.7,65042,0
2026-03-05 09:30:00+05:30,1355.9,1359.9,1355.4,1358.8,81437,0
2026-03-05 09:35:00+05:30,1358.8,1360.4,1358.5,1359.3,51922,0
2026-03-05 09:40:00+05:30,1359.3,1362.0,1358.7,1361.5,43085,0
2026-03-05 09:45:00+05:30,1361.7,1362.5,1360.5,1360.8,56886,0
2026-03-05 09:50:00+05:30,1360.3,1361.4,1360.0,1361.0,27874,0
2026-03-05 09:55:00+05:30,1361.0,1361.0,1357.6,1357.8,60766,0
2026-03-05 10:00:00+05:30,1357.6,1359.1,1356.5,1356.6,50927,0
2026-03-05 10:05:00+05:30,1356.9,1359.5,1356.5,1359.2,178331,0
2026-03-05 10:10:00+05:30,1359.5,1360.0,1357.5,1357.7,190269,0
2026-03-05 10:15:00+05:30,1357.8,1358.6,1357.3,1357.9,68023,0
2026-03-05 10:20:00+05:30,1357.9,1358.0,1356.8,1357.2,68726,0
2026-03-05 10:25:00+05:30,1357.2,1357.7,1355.0,1356.5,124811,0
2026-03-05 10:30:00+05:30,1356.5,1357.2,1355.9,1356.7,71244,0
2026-03-05 10:35:00+05:30,1356.6,1363.9,1356.5,1363.8,509793,0
2026-03-05 10:40:00+05:30,1363.9,1365.9,1363.3,1364.9,80084,0
2026-03-05 10:45:00+05:30,1364.6,1365.4,1363.2,1363.2,52054,0
2026-03-05 10:50:00+05:30,1363.3,1365.0,1362.8,1364.5,141306,0
2026-03-05 10:55:00+05:30,1364.4,1366.9,1364.3,1365.6,45086,0
2026-03-05 11:00:00+05:30,1365.6,1367.7,1365.6,1367.0,94589,0
2026-03-05 11:05:00+05:30,1367.1,1370.2,1367.0,1369.7,361809,0
2026-03-05 11:10:00+05:30,1369.7,1370.8,1368.9,1368.9,140500,0
2026-03-05 11:15:00+05:30,1369.1,1369.1,1367.1,1367.9,36547,0
2026-03-05 11:20:00+05:30,1368.5,1368.5,1365.6,1366.0,32228,0
2026-03-05 11:25:00+05:30,1366.0,1366.0,1363.2,1363.8,67133,0
2026-03-05 11:30:00+05:30,1363.4,1363.8,1360.6,1363.2,144504,0
2026-03-05 11:35:00+05:30,1362.9,1362.9,1360.6,1361.6,110061,0
2026-03-05 11:40:00+05:30,1361.6,1362.5,1359.8,1360.1,371640,0
2026-03-05 11:45:00+05:30,1360.1,1361.0,1358.7,1359.0,156730,0
2026-03-05 11:50:00+05:30,1359.1,1360.1,1357.7,1359.9,338256,0
2026-03-05 11:55:00+05:30,1360.1,1360.5,1358.0,1360.4,158282,0
2026-03-05 12:00:00+05:30,1360.4,1361.8,1360.2,1361.3,457742,0
2026-03-05 12:05:00+05:30,1361.1,1361.9,1357.7,1358.8,564631,0
2026-03-05 12:10:00+05:30,1359.0,1359.3,1356.2,1356.9,124158,0
2026-03-05 12:15:00+05:30,1356.9,1356.9,1354.3,1355.4,131655,0
2026-03-05 12:20:00+05:30,1355.4,1357.9,1355.1,1356.9,180543,0
2026-03-05 12:25:00+05:30,1356.9,1358.2,1356.2,1357.9,35157,0
2026-03-05 12:30:00+05:30,1357.9,1358.9,1357.3,1357.9,27186,0
2026-03-05 12:35:00+05:30,1358.1,1358.7,1356.5,1358.3,34229,0
2026-03-05 12:40:00+05:30,1358.4,1358.4,1357.1,1357.1,32149,0
2026-03-05 12:45:00+05:30,1357.1,1357.1,1355.7,1356.6,39565,0
2026-03-05 12:50:00+05:30,1356.1,1357.3,1356.1,1357.3,31635,0
2026-03-05 12:55:00+05:30,1357.3,1357.9,1354.9,1355.7,133296,0
2026-03-05 13:00:00+05:30,1355.6,1356.7,1355.2,1356.0,604405,0
2026-03-05 13:05:00+05:30,1355.9,1356.6,1355.6,1356.6,31951,0
2026-03-05 13:10:00+05:30,1356.8,1357.0,1355.2,1355.4,42606,0
2026-03-05 13:15:00+05:30,1355.4,1355.7,1354.0,1354.3,62878,0
2026-03-05 13:20:00+05:30,1354.6,1354.9,1353.2,1354.2,49832,0
2026-03-05 13:25:00+05:30,1354.3,1354.8,1353.5,1354.8,221367,0
2026-03-05 13:30:00+05:30,1354.7,1355.2,1352.1,1352.4,183009,0
2026-03-05 13:35:00+05:30,1352.9,1352.9,1350.6,1351.2,138760,0
2026-03-05 13:40:00+05:30,1351.3,1351.9,1349.4,1350.6,498641,0
2026-03-05 13:45:00+05:30,1350.9,1352.9,1350.8,1351.4,486581,0
2026-03-05 13:50:00+05:30,1351.4,1351.4,1349.2,1349.7,294111,0
2026-03-05 13:55:00+05:30,1349.6,1350.0,1348.4,1349.0,132464,0
2026-03-05 14:00:00+05:30,1348.6,1349.7,1348.0,1349.0,98801,0
2026-03-05 14:05:00+05:30,1349.0,1349.7,1348.0,1348.4,78224,0
2026-03-05 14:10:00+05:30,1348.9,1349.5,1347.8,1349.0,68731,0
2026-03-05 14:15:00+05:30,1348.6,1349.2,1347.6,1347.9,160917,0
2026-03-05 14:20:00+05:30,1347.9,1351.9,1347.7,1351.4,309062,0
2026-03-05 14:25:00+05:30,1351.6,1353.3,1350.4,1352.2,191204,0
2026-03-05 14:30:00+05:30,1352.1,1352.1,1349.1,1349.6,318627,0
2026-03-05 14:35:00+05:30,1349.6,1352.3,1348.6,1351.2,330259,0
2026-03-05 14:40:00+05:30,1351.4,1355.8,1351.1,1352.9,496138,0
2026-03-05 14:45:00+05:30,1352.8,1353.5,1351.2,1352.9,291129,0
2026-03-05 14:50:00+05:30,1352.9,1360.5,1351.6,1360.1,719746,0
2026-03-05 14:55:00+05:30,1360.1,1362.3,1358.6,1362.2,231151,0
2026-03-05 15:00:00+05:30,1362.2,1363.2,1356.2,1360.4,2502713,0
2026-03-05 15:05:00+05:30,1361.0,1361.0,1354.5,1356.6,761238,0
2026-03-05 15:10:00+05:30,1356.3,1357.9,1353.5,1354.1,581770,0
2026-03-05 15:15:00+05:30,1354.5,1356.6,1351.2,1352.4,508500,0
2026-03-05 15:20:00+05:30,1352.4,1353.5,1350.6,1351.7,574589,0
2026-03-05 15:25:00+05:30,1351.5,1354.3,1350.5,1353.3,400606,0
2026-03-06 09:15:00+05:30,1339.0,1357.6,1322.9,1325.9,3113306,0
2026-03-06 09:20:00+05:30,1326.0,1326.9,1320.3,1321.3,1577915,0
2026-03-06 09:25:00+05:30,1321.6,1326.4,1321.2,1326.4,702509,0
2026-03-06 09:30:00+05:30,1326.0,1331.6,1325.9,1328.4,840914,0
2026-03-06 09:35:00+05:30,1328.6,1329.9,1327.0,1327.1,230103,0
2026-03-06 09:40:00+05:30,1327.1,1331.3,1327.0,1331.2,190028,0
2026-03-06 09:45:00+05:30,1331.1,1333.4,1330.0,1331.4,457327,0
2026-03-06 09:50:00+05:30,1331.6,1332.4,1328.2,1328.2,314021,0
2026-03-06 09:55:00+05:30,1328.2,1329.4,1327.3,1327.9,169547,0
2026-03-06 10:00:00+05:30,1327.5,1329.1,1326.6,1328.0,213763,0
2026-03-06 10:05:00+05:30,1328.0,1329.7,1327.1,1329.4,87871,0
2026-03-06 10:10:00+05:30,1329.5,1329.7,1328.4,1329.0,114744,0
2026-03-06 10:15:00+05:30,1329.0,1329.1,1328.1,1328.2,187044,0
2026-03-06 10:20:00+05:30,1328.6,1328.9,1327.6,1328.6,60843,0
2026-03-06 10:25:00+05:30,1328.6,1328.7,1326.1,1327.4,62765,0
2026-03-06 10:30:00+05:30,1327.1,1328.0,1326.6,1326.6,46911,0
2026-03-06 10:35:00+05:30,1326.7,1328.8,1326.3,1328.4,37013,0
2026-03-06 10:40:00+05:30,1328.4,1328.7,1327.0,1327.2,54493,0
2026-03-06 10:45:00+05:30,1327.2,1327.7,1324.5,1325.0,295376,0
2026-03-06 10:50:00+05:30,1325.2,1326.9,1324.7,1325.7,167943,0
2026-03-06 10:55:00+05:30,1325.8,1325.9,1324.9,1325.0,42536,0
2026-03-06 11:00:00+05:30,1325.1,1327.6,1325.0,1327.4,62399,0
2026-03-06 11:05:00+05:30,1327.4,1328.1,1326.6,1326.9,54479,0
2026-03-06 11:10:00+05:30,1327.0,1327.7,1326.4,1326.9,34321,0
2026-03-06 11:15:00+05:30,1327.2,1327.4,1325.0,1325.6,48340,0
2026-03-06 11:20:00+05:30,1325.6,1326.3,1325.3,1325.8,45268,0
2026-03-06 11:25:00+05:30,1325.8,1326.5,1325.3,1326.2,48468,0
2026-03-06 11:30:00+05:30,1326.2,1327.5,1325.7,1327.4,70594,0
2026-03-06 11:35:00+05:30,1327.3,1328.0,1326.3,1327.2,168308,0
2026-03-06 11:40:00+05:30,1327.5,1328.1,1326.2,1326.6,84725,0
2026-03-06 11:45:00+05:30,1326.6,1326.6,1326.0,1326.4,58096,0
2026-03-06 11:50:00+05:30,1326.4,1326.4,1325.1,1325.3,59264,0
2026-03-06 11:55:00+05:30,1325.3,1328.2,1325.0,1327.3,154413,0
2026-03-06 12:00:00+05:30,1326.8,1327.4,1325.8,1325.9,85475,0
2026-03-06 12:05:00+05:30,1325.8,1326.6,1325.4,1325.7,199545,0
2026-03-06 12:10:00+05:30,1325.9,1326.3,1324.3,1325.0,639341,0
2026-03-06 12:15:00+05:30,1325.0,1325.2,1324.3,1324.3,581955,0
2026-03-06 12:20:00+05:30,1324.5,1325.0,1323.7,1324.9,90512,0
2026-03-06 12:25:00+05:30,1324.9,1325.0,1323.5,1323.8,129190,0
2026-03-06 12:30:00+05:30,1324.2,1325.0,1323.8,1324.9,67070,0
2026-03-06 12:35:00+05:30,1324.9,1325.0,1324.5,1324.9,146236,0
2026-03-06 12:40:00+05:30,1324.4,1325.5,1324.4,1324.9,118289,0
2026-03-06 12:45:00+05:30,1324.7,1325.2,1323.8,1324.2,127839,0
2026-03-06 12:50:00+05:30,1324.2,1324.6,1323.3,1323.3,106764,0
2026-03-06 12:55:00+05:30,1323.3,1324.9,1322.2,1323.2,216912,0
2026-03-06 13:00:00+05:30,1323.2,1323.6,1321.3,1322.5,335519,0
2026-03-06 13:05:00+05:30,1322.6,1322.7,1321.7,1322.1,121438,0
2026-03-06 13:10:00+05:30,1322.3,1322.9,1322.0,1322.7,70668,0
2026-03-06 13:15:00+05:30,1322.7,1322.9,1322.1,1322.7,77280,0
2026-03-06 13:20:00+05:30,1322.8,1323.1,1322.5,1322.8,280823,0
2026-03-06 13:25:00+05:30,1323.0,1323.9,1322.7,1322.7,111886,0
2026-03-06 13:30:00+05:30,1322.8,1322.8,1321.5,1322.2,111443,0
2026-03-06 13:35:00+05:30,1322.2,1323.8,1321.0,1322.8,134568,0
2026-03-06 13:40:00+05:30,1322.8,1323.4,1321.3,1321.8,195139,0
2026-03-06 13:45:00+05:30,1321.8,1321.8,1319.2,1319.8,682467,0
2026-03-06 13:50:00+05:30,1320.2,1320.2,1318.2,1318.5,366094,0
2026-03-06 13:55:00+05:30,1318.6,1319.8,1317.2,1317.7,409195,0
2026-03-06 14:00:00+05:30,1317.6,1317.8,1316.1,1316.9,405856,0
2026-03-06 14:05:00+05:30,1316.9,1318.8,1316.8,1318.7,468305,0
2026-03-06 14:10:00+05:30,1318.9,1320.3,1317.8,1318.2,392280,0
2026-03-06 14:15:00+05:30,1318.3,1319.6,1317.3,1318.7,480773,0
2026-03-06 14:20:00+05:30,1318.8,1319.2,1318.0,1318.5,149625,0
2026-03-06 14:25:00+05:30,1318.8,1319.0,1317.4,1317.6,192585,0
2026-03-06 14:30:00+05:30,1317.7,1318.3,1317.2,1317.3,196188,0
2026-03-06 14:35:00+05:30,1317.4,1317.8,1317.1,1317.4,295903,0
2026-03-06 14:40:00+05:30,1317.5,1317.6,1316.8,1317.1,228781,0
2026-03-06 14:45:00+05:30,1317.2,1318.9,1311.5,1314.4,324396,0
2026-03-06 14:50:00+05:30,1314.4,1316.0,1314.0,1314.5,194575,0
2026-03-06 14:55:00+05:30,1314.5,1316.1,1313.9,1316.0,211577,0
2026-03-06 15:00:00+05:30,1316.0,1316.1,1312.4,1312.4,503074,0
2026-03-06 15:05:00+05:30,1312.4,1314.0,1310.4,1314.0,494711,0
2026-03-06 15:10:00+05:30,1314.0,1314.9,1311.5,1312.0,567216,0
2026-03-06 15:15:00+05:30,1312.0,1312.8,1311.0,1312.3,690920,0
2026-03-06 15:20:00+05:30,1312.3,1314.5,1312.3,1314.3,772540,0
2026-03-06 15:25:00+05:30,1314.3,1315.9,1314.0,1315.1,947509,0
2026-03-09 09:15:00+05:30,1272.7,1282.7,1260.9,1262.9,3037611,0
2026-03-09 09:20:00+05:30,1262.9,1265.0,1254.9,1255.1,1215709,0
2026-03-09 09:25:00+05:30,1255.2,1264.4,1251.1,1263.4,857669,0
2026-03-09 09:30:00+05:30,1263.4,1268.8,1262.6,1266.3,265642,0
2026-03-09 09:35:00+05:30,1266.3,1269.8,1265.7,1268.4,282173,0
2026-03-09 09:40:00+05:30,1268.4,1268.4,1262.9,1265.4,156563,0
2026-03-09 09:45:00+05:30,1265.3,1267.6,1263.2,1266.4,115810,0
2026-03-09 09:50:00+05:30,1266.4,1267.5,1265.0,1267.4,77083,0
2026-03-09 09:55:00+05:30,1267.4,1267.6,1265.0,1266.5,110780,0
2026-03-09 10:00:00+05:30,1266.5,1267.5,1264.7,1267.1,109029,0
2026-03-09 10:05:00+05:30,1266.8,1270.7,1265.3,1270.5,97900,0
2026-03-09 10:10:00+05:30,1270.5,1273.4,1270.1,1271.9,316197,0
2026-03-09 10:15:00+05:30,1271.9,1271.9,1266.6,1267.8,86281,0
2026-03-09 10:20:00+05:30,1267.5,1269.0,1266.5,1267.8,96621,0
2026-03-09 10:25:00+05:30,1267.8,1267.9,1265.5,1266.9,87132,0
2026-03-09 10:30:00+05:30,1266.9,1267.7,1265.0,1265.1,90750,0
2026-03-09 10:35:00+05:30,1265.5,1269.5,1264.7,1269.1,92489,0
2026-03-09 10:40:00+05:30,1269.0,1270.8,1267.3,1270.8,78851,0
2026-03-09 10:45:00+05:30,1270.8,1270.8,1268.2,1269.3,50859,0
2026-03-09 10:50:00+05:30,1269.3,1276.5,1268.9,1273.9,213125,0
2026-03-09 10:55:00+05:30,1273.8,1277.0,1272.1,1274.9,163296,0
2026-03-09 11:00:00+05:30,1274.9,1275.7,1272.7,1274.4,76553,0
2026-03-09 11:05:00+05:30,1273.9,1274.4,1271.2,1272.2,62711,0
2026-03-09 11:10:00+05:30,1272.2,1272.2,1268.6,1271.4,79186,0
2026-03-09 11:15:00+05:30,1271.4,1272.8,1269.1,1272.0,68182,0
2026-03-09 11:20:00+05:30,1272.1,1274.5,1272.0,1272.8,85620,0
2026-03-09 11:25:00+05:30,1272.8,1273.2,1269.5,1271.1,140537,0
2026-03-09 11:30:00+05:30,1271.1,1273.2,1270.5,1271.6,152600,0
2026-03-09 11:35:00+05:30,1271.8,1273.8,1271.0,1272.7,76405,0
2026-03-09 11:40:00+05:30,1272.7,1274.9,1271.6,1272.2,127412,0
2026-03-09 11:45:00+05:30,1272.3,1275.2,1271.7,1273.0,224253,0
2026-03-09 11:50:00+05:30,1273.0,1276.8,1272.7,1276.1,100162,0
2026-03-09 11:55:00+05:30,1276.1,1276.2,1274.5,1275.7,54127,0
2026-03-09 12:00:00+05:30,1275.7,1275.8,1273.1,1274.1,78257,0
2026-03-09 12:05:00+05:30,1274.1,1275.0,1273.1,1273.4,135951,0
2026-03-09 12:10:00+05:30,1273.6,1274.2,1270.3,1270.5,102499,0
2026-03-09 12:15:00+05:30,1270.7,1273.4,1270.5,1271.8,606750,0
2026-03-09 12:20:00+05:30,1271.8,1272.5,1270.3,1272.3,68622,0
2026-03-09 12:25:00+05:30,1272.4,1272.9,1271.0,1272.0,89904,0
2026-03-09 12:30:00+05:30,1272.0,1273.2,1271.7,1272.3,63595,0
2026-03-09 12:35:00+05:30,1272.3,1274.6,1271.1,1274.6,121931,0
2026-03-09 12:40:00+05:30,1274.3,1276.0,1273.3,1275.7,204442,0
2026-03-09 12:45:00+05:30,1275.5,1276.4,1274.5,1275.4,141958,0
2026-03-09 12:50:00+05:30,1275.3,1277.5,1274.7,1276.9,306508,0
2026-03-09 12:55:00+05:30,1276.5,1279.7,1274.5,1279.6,207878,0
2026-03-09 13:00:00+05:30,1279.4,1281.2,1277.8,1280.3,420470,0
2026-03-09 13:05:00+05:30,1280.0,1280.8,1277.2,1277.8,136704,0
2026-03-09 13:10:00+05:30,1277.7,1278.6,1276.6,1277.3,136594,0
2026-03-09 13:15:00+05:30,1277.3,1278.2,1274.7,1275.6,452150,0
2026-03-09 13:20:00+05:30,1275.5,1278.8,1274.0,1274.2,202142,0
2026-03-09 13:25:00+05:30,1274.2,1276.7,1273.2,1274.4,234706,0
2026-03-09 13:30:00+05:30,1274.6,1277.7,1274.0,1275.4,191953,0
2026-03-09 13:35:00+05:30,1275.2,1275.7,1273.5,1274.7,86006,0
2026-03-09 13:40:00+05:30,1274.7,1275.7,1274.2,1275.1,72790,0
2026-03-09 13:45:00+05:30,1275.0,1275.7,1274.1,1275.2,85922,0
2026-03-09 13:50:00+05:30,1275.2,1276.5,1274.6,1275.7,62440,0
2026-03-09 13:55:00+05:30,1275.6,1276.6,1274.6,1275.2,50310,0
2026-03-09 14:00:00+05:30,1275.2,1276.5,1273.2,1276.5,77271,0
2026-03-09 14:05:00+05:30,1276.5,1277.4,1275.1,1277.1,47782,0
2026-03-09 14:10:00+05:30,1277.0,1278.4,1276.6,1277.4,77369,0
2026-03-09 14:15:00+05:30,1277.2,1277.7,1275.0,1275.4,75804,0
2026-03-09 14:20:00+05:30,1275.4,1276.9,1275.0,1276.4,54920,0
2026-03-09 14:25:00+05:30,1276.4,1277.9,1275.7,1277.3,91563,0
2026-03-09 14:30:00+05:30,1277.2,1277.7,1276.0,1276.7,72570,0
2026-03-09 14:35:00+05:30,1276.6,1278.7,1276.1,1278.6,85863,0
2026-03-09 14:40:00+05:30,1278.5,1279.5,1277.3,1278.5,109678,0
2026-03-09 14:45:00+05:30,1278.5,1282.0,1278.0,1279.6,163851,0
2026-03-09 14:50:00+05:30,1279.8,1281.7,1278.9,1281.7,143593,0
2026-03-09 14:55:00+05:30,1281.0,1281.8,1279.1,1280.4,109940,0
2026-03-09 15:00:00+05:30,1280.4,1281.9,1278.2,1280.8,411991,0
2026-03-09 15:05:00+05:30,1280.8,1281.2,1278.1,1278.6,386094,0
2026-03-09 15:10:00+05:30,1278.5,1278.9,1277.5,1278.6,275278,0
2026-03-09 15:15:00+05:30,1278.5,1279.1,1277.0,1278.3,320167,0
2026-03-09 15:20:00+05:30,1278.1,1278.3,1275.1,1276.2,233340,0
2026-03-09 15:25:00+05:30,1276.6,1277.8,1274.0,1275.0,268663,0
2026-03-10 09:15:00+05:30,1287.6,1296.7,1285.6,1293.3,1027558,0
2026-03-10 09:20:00+05:30,1293.3,1299.5,1292.2,1297.9,1220422,0
2026-03-10 09:25:00+05:30,1298.0,1298.1,1293.5,1296.6,498179,0
2026-03-10 09:30:00+05:30,1296.6,1297.8,1293.9,1294.0,304757,0
2026-03-10 09:35:00+05:30,1294.1,1294.3,1289.8,1290.9,299905,0
2026-03-10 09:40:00+05:30,1290.8,1293.8,1290.2,1293.8,144392,0
2026-03-10 09:45:00+05:30,1293.8,1294.1,1291.3,1292.4,229626,0
2026-03-10 09:50:00+05:30,1292.3,1292.8,1291.9,1292.8,93418,0
2026-03-10 09:55:00+05:30,1292.8,1293.0,1291.0,1291.6,87032,0
2026-03-10 10:00:00+05:30,1291.7,1297.6,1291.3,1297.6,120226,0
2026-03-10 10:05:00+05:30,1297.4,1297.8,1294.2,1296.2,91207,0
2026-03-10 10:10:00+05:30,1296.2,1298.0,1295.5,1297.4,70664,0
2026-03-10 10:15:00+05:30,1297.6,1302.1,1297.0,1301.9,169172,0
2026-03-10 10:20:00+05:30,1301.8,1302.5,1298.0,1299.3,85662,0
2026-03-10 10:25:00+05:30,1299.1,1299.9,1298.0,1299.5,57422,0
2026-03-10 10:30:00+05:30,1299.2,1301.3,1299.2,1301.2,108002,0
2026-03-10 10:35:00+05:30,1301.2,1302.5,1300.5,1302.0,100390,0
2026-03-10 10:40:00+05:30,1302.0,1305.8,1301.7,1305.4,222885,0
2026-03-10 10:45:00+05:30,1305.4,1306.6,1304.0,1305.6,196101,0
2026-03-10 10:50:00+05:30,1305.6,1306.3,1303.9,1304.9,232612,0
2026-03-10 10:55:00+05:30,1304.9,1305.7,1304.0,1305.7,93917,0
2026-03-10 11:00:00+05:30,1305.7,1308.6,1305.3,1308.0,252601,0
2026-03-10 11:05:00+05:30,1308.0,1308.0,1305.6,1306.8,113010,0
2026-03-10 11:10:00+05:30,1306.8,1307.5,1305.7,1307.1,158543,0
2026-03-10 11:15:00+05:30,1306.9,1307.3,1304.2,1304.5,97111,0
2026-03-10 11:20:00+05:30,1304.9,1306.8,1303.5,1306.2,166304,0
2026-03-10 11:25:00+05:30,1306.2,1308.0,1306.0,1308.0,81508,0
2026-03-10 11:30:00+05:30,1308.0,1309.6,1307.5,1309.6,108014,0
2026-03-10 11:35:00+05:30,1309.6,1309.9,1308.2,1309.0,79440,0
2026-03-10 11:40:00+05:30,1309.0,1309.7,1308.3,1309.1,123906,0
2026-03-10 11:45:00+05:30,1309.2,1309.2,1305.3,1305.7,77760,0
2026-03-10 11:50:00+05:30,1305.7,1306.6,1305.2,1306.6,58756,0
2026-03-10 11:55:00+05:30,1306.6,1306.7,1304.6,1305.8,68274,0
2026-03-10 12:00:00+05:30,1305.8,1307.8,1305.4,1307.4,82119,0
2026-03-10 12:05:00+05:30,1307.4,1307.9,1306.1,1307.4,163710,0
2026-03-10 12:10:00+05:30,1307.3,1307.6,1305.8,1305.9,56359,0
2026-03-10 12:15:00+05:30,1305.9,1305.9,1304.1,1305.5,128353,0
2026-03-10 12:20:00+05:30,1305.5,1306.8,1303.1,1303.1,184102,0
2026-03-10 12:25:00+05:30,1303.4,1304.1,1301.6,1303.6,278497,0
2026-03-10 12:30:00+05:30,1303.6,1306.2,1303.1,1306.0,579476,0
2026-03-10 12:35:00+05:30,1305.9,1306.7,1301.8,1301.9,417073,0
2026-03-10 12:40:00+05:30,1302.0,1302.7,1300.7,1301.2,670448,0
2026-03-10 12:45:00+05:30,1301.1,1303.8,1300.7,1303.5,247693,0
2026-03-10 12:50:00+05:30,1303.5,1305.9,1303.2,1305.7,111713,0
2026-03-10 12:55:00+05:30,1305.7,1306.5,1305.0,1305.8,60514,0
2026-03-10 13:00:00+05:30,1305.9,1306.1,1303.7,1304.5,199798,0
2026-03-10 13:05:00+05:30,1304.2,1304.9,1302.6,1304.1,297572,0
2026-03-10 13:10:00+05:30,1304.1,1305.0,1302.5,1303.3,290810,0
2026-03-10 13:15:00+05:30,1302.9,1304.5,1302.7,1304.3,191507,0
2026-03-10 13:20:00+05:30,1304.3,1305.0,1301.8,1303.0,208254,0
2026-03-10 13:25:00+05:30,1303.1,1303.7,1302.2,1303.5,106372,0
2026-03-10 13:30:00+05:30,1303.5,1305.3,1303.4,1304.5,493200,0
2026-03-10 13:35:00+05:30,1304.5,1306.4,1302.5,1306.2,422339,0
2026-03-10 13:40:00+05:30,1306.2,1306.3,1304.4,1304.8,144219,0
2026-03-10 13:45:00+05:30,1304.7,1304.8,1303.3,1304.2,100080,0
2026-03-10 13:50:00+05:30,1304.2,1304.5,1303.9,1304.3,58531,0
2026-03-10 13:55:00+05:30,1304.4,1304.6,1303.5,1303.9,117573,0
2026-03-10 14:00:00+05:30,1303.9,1305.0,1303.3,1304.7,59019,0
2026-03-10 14:05:00+05:30,1305.0,1308.0,1304.5,1306.8,169255,0
2026-03-10 14:10:00+05:30,1306.8,1310.5,1306.8,1309.8,413825,0
2026-03-10 14:15:00+05:30,1309.9,1310.5,1308.2,1308.7,159374,0
2026-03-10 14:20:00+05:30,1308.7,1308.7,1306.2,1307.0,93643,0
2026-03-10 14:25:00+05:30,1307.4,1308.5,1306.4,1308.3,226579,0
2026-03-10 14:30:00+05:30,1308.3,1309.2,1305.3,1306.3,263983,0
2026-03-10 14:35:00+05:30,1306.3,1308.2,1306.0,1307.2,174039,0
2026-03-10 14:40:00+05:30,1307.2,1308.0,1306.2,1307.6,252214,0
2026-03-10 14:45:00+05:30,1307.6,1308.8,1307.1,1308.8,210300,0
2026-03-10 14:50:00+05:30,1308.8,1310.9,1308.0,1309.4,188207,0
2026-03-10 14:55:00+05:30,1309.5,1311.4,1308.5,1310.4,207804,0
2026-03-10 15:00:00+05:30,1310.6,1312.2,1308.5,1312.0,1029479,0
2026-03-10 15:05:00+05:30,1312.2,1314.8,1309.6,1310.4,831720,0
2026-03-10 15:10:00+05:30,1310.3,1313.0,1308.2,1311.9,921856,0
2026-03-10 15:15:00+05:30,1311.8,1314.8,1311.8,1314.1,464187,0
2026-03-10 15:20:00+05:30,1314.0,1314.9,1310.3,1314.6,674554,0
2026-03-10 15:25:00+05:30,1314.6,1315.0,1310.5,1312.8,339287,0
2026-03-11 09:15:00+05:30,1300.0,1306.5,1300.0,1301.8,883213,0
2026-03-11 09:20:00+05:30,1301.6,1302.8,1298.1,1298.6,269761,0
2026-03-11 09:25:00+05:30,1298.4,1299.6,1297.0,1299.4,160196,0
2026-03-11 09:30:00+05:30,1299.4,1299.9,1297.2,1299.8,267620,0
2026-03-11 09:35:00+05:30,1299.8,1300.6,1298.1,1299.9,131952,0
2026-03-11 09:40:00+05:30,1299.9,1301.2,1298.9,1300.3,104139,0
2026-03-11 09:45:00+05:30,1300.3,1302.1,1300.0,1301.1,138986,0
2026-03-11 09:50:00+05:30,1301.1,1301.7,1298.7,1298.9,150647,0
2026-03-11 09:55:00+05:30,1298.9,1300.7,1298.9,1299.9,80118,0
2026-03-11 10:00:00+05:30,1300.0,1300.6,1298.0,1298.4,91153,0
2026-03-11 10:05:00+05:30,1298.3,1299.5,1296.6,1296.7,108551,0
2026-03-11 10:10:00+05:30,1296.8,1298.0,1296.5,1297.2,127960,0
2026-03-11 10:15:00+05:30,1297.2,1300.0,1296.9,1298.3,126727,0
2026-03-11 10:20:00+05:30,1298.2,1298.2,1295.0,1295.8,237731,0
2026-03-11 10:25:00+05:30,1295.9,1297.4,1295.8,1297.4,65981,0
2026-03-11 10:30:00+05:30,1297.4,1297.4,1295.4,1296.1,141736,0
2026-03-11 10:35:00+05:30,1296.1,1296.4,1293.5,1293.9,127089,0
2026-03-11 10:40:00+05:30,1293.8,1295.2,1293.8,1294.5,103923,0
2026-03-11 10:45:00+05:30,1294.5,1297.4,1293.3,1297.0,160952,0
2026-03-11 10:50:00+05:30,1297.1,1299.2,1296.8,1297.5,214324,0
2026-03-11 10:55:00+05:30,1297.5,1298.7,1296.8,1297.8,112761,0
2026-03-11 11:00:00+05:30,1297.8,1298.7,1297.4,1298.4,119941,0
2026-03-11 11:05:00+05:30,1298.2,1298.4,1296.9,1298.0,91908,0
2026-03-11 11:10:00+05:30,1298.0,1300.8,1297.4,1297.7,123145,0
2026-03-11 11:15:00+05:30,1297.7,1297.7,1294.5,1295.0,163591,0
2026-03-11 11:20:00+05:30,1294.8,1295.0,1292.4,1292.5,89412,0
2026-03-11 11:25:00+05:30,1292.5,1294.1,1292.4,1294.1,120666,0
2026-03-11 11:30:00+05:30,1294.1,1294.2,1291.4,1291.9,41829,0
2026-03-11 11:35:00+05:30,1291.9,1292.9,1291.5,1292.0,36423,0
2026-03-11 11:40:00+05:30,1292.0,1292.9,1290.9,1292.9,81521,0
2026-03-11 11:45:00+05:30,1292.9,1293.3,1292.0,1293.1,26843,0
2026-03-11 11:50:00+05:30,1293.1,1295.5,1291.4,1295.1,109349,0
2026-03-11 11:55:00+05:30,1295.2,1295.2,1293.0,1294.0,28255,0
2026-03-11 12:00:00+05:30,1294.0,1297.0,1293.4,1295.9,75069,0
2026-03-11 12:05:00+05:30,1295.8,1295.9,1293.7,1294.2,74319,0
2026-03-11 12:10:00+05:30,1294.2,1296.2,1294.0,1295.1,38709,0
2026-03-11 12:15:00+05:30,1295.1,1295.5,1294.5,1295.0,33943,0
2026-03-11 12:20:00+05:30,1295.0,1295.5,1294.5,1295.3,55549,0
2026-03-11 12:25:00+05:30,1295.3,1296.0,1294.3,1295.9,60748,0
2026-03-11 12:30:00+05:30,1295.9,1297.5,1294.4,1295.3,249166,0
2026-03-11 12:35:00+05:30,1295.3,1296.4,1294.5,1294.9,108857,0
2026-03-11 12:40:00+05:30,1294.9,1297.7,1294.5,1297.1,67649,0
2026-03-11 12:45:00+05:30,1297.1,1297.2,1296.0,1297.1,65889,0
2026-03-11 12:50:00+05:30,1297.1,1297.7,1295.7,1296.4,66672,0
2026-03-11 12:55:00+05:30,1296.4,1297.5,1294.3,1294.8,104416,0
2026-03-11 13:00:00+05:30,1294.9,1296.0,1293.9,1295.4,287341,0
2026-03-11 13:05:00+05:30,1295.4,1300.4,1295.0,1300.0,1166133,0
2026-03-11 13:10:00+05:30,1300.0,1300.1,1297.2,1298.1,392358,0
2026-03-11 13:15:00+05:30,1298.1,1298.8,1296.8,1298.5,136957,0
2026-03-11 13:20:00+05:30,1298.6,1298.9,1297.5,1298.9,61889,0
2026-03-11 13:25:00+05:30,1298.9,1301.6,1298.4,1301.3,177789,0
2026-03-11 13:30:00+05:30,1301.3,1304.1,1301.2,1301.6,341971,0
2026-03-11 13:35:00+05:30,1301.7,1303.0,1300.0,1300.3,110949,0
2026-03-11 13:40:00+05:30,1300.4,1301.3,1298.3,1298.9,124440,0
2026-03-11 13:45:00+05:30,1299.0,1299.6,1297.3,1298.6,247805,0
2026-03-11 13:50:00+05:30,1298.6,1299.9,1297.6,1299.5,209084,0
2026-03-11 13:55:00+05:30,1299.5,1300.9,1298.6,1300.9,113172,0
2026-03-11 14:00:00+05:30,1300.9,1301.3,1299.0,1300.1,74523,0
2026-03-11 14:05:00+05:30,1300.1,1300.4,1298.1,1298.9,75206,0
2026-03-11 14:10:00+05:30,1299.0,1299.1,1298.0,1298.8,50052,0
2026-03-11 14:15:00+05:30,1298.8,1299.5,1297.5,1298.0,85570,0
2026-03-11 14:20:00+05:30,1298.2,1299.0,1297.5,1297.5,64169,0
2026-03-11 14:25:00+05:30,1297.7,1301.6,1297.4,1301.0,77646,0
2026-03-11 14:30:00+05:30,1301.0,1301.8,1297.8,1299.3,149403,0
2026-03-11 14:35:00+05:30,1299.3,1300.0,1298.3,1300.0,80375,0
2026-03-11 14:40:00+05:30,1300.0,1300.1,1299.0,1299.8,45482,0
2026-03-11 14:45:00+05:30,1299.7,1299.9,1299.1,1299.4,57483,0
2026-03-11 14:50:00+05:30,1299.2,1299.9,1298.8,1299.7,104695,0
2026-03-11 14:55:00+05:30,1299.7,1299.7,1295.1,1295.3,284835,0
2026-03-11 15:00:00+05:30,1295.2,1297.7,1293.9,1296.2,402967,0
2026-03-11 15:05:00+05:30,1296.2,1297.1,1294.8,1296.5,423230,0
2026-03-11 15:10:00+05:30,1296.6,1297.4,1294.6,1295.3,325128,0
2026-03-11 15:15:00+05:30,1295.4,1295.5,1293.0,1293.9,700231,0
2026-03-11 15:20:00+05:30,1294.0,1295.2,1291.0,1292.0,783555,0
2026-03-11 15:25:00+05:30,1292.0,1294.5,1291.0,1292.0,230222,0
2026-03-12 09:15:00+05:30,1275.7,1276.7,1258.3,1263.8,2350989,0
2026-03-12 09:20:00+05:30,1263.7,1268.5,1262.1,1267.2,350285,0
2026-03-12 09:25:00+05:30,1267.2,1269.7,1266.3,1268.5,349123,0
2026-03-12 09:30:00+05:30,1268.4,1271.7,1266.9,1269.9,438712,0
2026-03-12 09:35:00+05:30,1270.0,1270.7,1266.8,1267.9,248624,0
2026-03-12 09:40:00+05:30,1268.0,1271.2,1267.6,1270.4,256190,0
2026-03-12 09:45:00+05:30,1270.5,1271.4,1267.6,1268.6,1356248,0
2026-03-12 09:50:00+05:30,1268.3,1274.7,1268.3,1274.6,324110,0
2026-03-12 09:55:00+05:30,1274.6,1276.5,1273.6,1276.1,272731,0
2026-03-12 10:00:00+05:30,1276.1,1278.5,1275.4,1276.6,235676,0
2026-03-12 10:05:00+05:30,1276.7,1276.9,1273.9,1274.4,142574,0
2026-03-12 10:10:00+05:30,1274.5,1274.8,1271.3,1272.1,98139,0
2026-03-12 10:15:00+05:30,1272.1,1272.1,1270.1,1270.6,112372,0
2026-03-12 10:20:00+05:30,1270.8,1272.5,1270.1,1271.3,99544,0
2026-03-12 10:25:00+05:30,1271.3,1274.4,1270.6,1272.6,158741,0
2026-03-12 10:30:00+05:30,1272.6,1275.0,1271.0,1274.1,142653,0
2026-03-12 10:35:00+05:30,1274.2,1278.2,1274.0,1277.5,160505,0
2026-03-12 10:40:00+05:30,1277.5,1278.0,1274.0,1274.7,108321,0
2026-03-12 10:45:00+05:30,1274.5,1277.1,1274.0,1276.8,88655,0
2026-03-12 10:50:00+05:30,1276.5,1278.3,1274.8,1277.7,107305,0
2026-03-12 10:55:00+05:30,1277.6,1279.3,1275.4,1279.1,90382,0
2026-03-12 11:00:00+05:30,1279.0,1279.7,1277.2,1278.9,138096,0
2026-03-12 11:05:00+05:30,1278.8,1279.4,1277.4,1279.1,108326,0
2026-03-12 11:10:00+05:30,1278.9,1279.8,1277.4,1278.6,116901,0
2026-03-12 11:15:00+05:30,1278.5,1279.1,1273.4,1274.4,136462,0
2026-03-12 11:20:00+05:30,1274.4,1274.8,1271.2,1273.5,140645,0
2026-03-12 11:25:00+05:30,1273.5,1274.6,1272.3,1272.9,79344,0
2026-03-12 11:30:00+05:30,1272.8,1273.0,1271.1,1272.0,85123,0
2026-03-12 11:35:00+05:30,1271.9,1272.7,1271.5,1272.3,70164,0
2026-03-12 11:40:00+05:30,1272.2,1273.8,1270.9,1271.2,112342,0
2026-03-12 11:45:00+05:30,1270.9,1272.5,1270.0,1270.2,124478,0
2026-03-12 11:50:00+05:30,1270.2,1271.4,1270.2,1270.7,52591,0
2026-03-12 11:55:00+05:30,1270.7,1273.7,1270.0,1272.1,204649,0
2026-03-12 12:00:00+05:30,1272.1,1273.6,1272.0,1273.1,70993,0
2026-03-12 12:05:00+05:30,1273.0,1273.7,1272.0,1272.9,57216,0
2026-03-12 12:10:00+05:30,1272.9,1274.5,1272.0,1274.0,59977,0
2026-03-12 12:15:00+05:30,1274.0,1274.9,1273.3,1273.7,61547,0
2026-03-12 12:20:00+05:30,1273.7,1275.5,1273.5,1275.0,100543,0
2026-03-12 12:25:00+05:30,1275.0,1276.0,1274.2,1275.0,53664,0
2026-03-12 12:30:00+05:30,1274.9,1275.9,1274.3,1274.7,54752,0
2026-03-12 12:35:00+05:30,1274.7,1276.6,1273.3,1274.7,221543,0
2026-03-12 12:40:00+05:30,1274.7,1277.9,1273.5,1276.3,128965,0
2026-03-12 12:45:00+05:30,1276.2,1277.2,1275.0,1275.4,75813,0
2026-03-12 12:50:00+05:30,1275.4,1276.2,1272.8,1273.5,70392,0
2026-03-12 12:55:00+05:30,1273.5,1275.5,1273.2,1274.2,80115,0
2026-03-12 13:00:00+05:30,1274.2,1274.6,1271.9,1273.9,124091,0
2026-03-12 13:05:00+05:30,1273.9,1274.0,1271.6,1272.3,136871,0
2026-03-12 13:10:00+05:30,1272.4,1275.5,1271.9,1275.3,127618,0
2026-03-12 13:15:00+05:30,1275.4,1276.5,1274.1,1274.2,151290,0
2026-03-12 13:20:00+05:30,1274.2,1276.0,1273.5,1275.5,112788,0
2026-03-12 13:25:00+05:30,1275.6,1277.2,1275.5,1276.0,209592,0
2026-03-12 13:30:00+05:30,1276.1,1279.8,1275.5,1278.6,239078,0
2026-03-12 13:35:00+05:30,1278.6,1278.6,1277.2,1278.3,85302,0
2026-03-12 13:40:00+05:30,1278.3,1280.5,1277.1,1277.3,273003,0
2026-03-12 13:45:00+05:30,1277.5,1278.9,1276.2,1277.8,87381,0
2026-03-12 13:50:00+05:30,1277.9,1278.7,1276.0,1276.4,141232,0
2026-03-12 13:55:00+05:30,1276.4,1276.7,1274.0,1274.0,202880,0
2026-03-12 14:00:00+05:30,1274.1,1275.3,1273.3,1274.1,124382,0
2026-03-12 14:05:00+05:30,1274.1,1276.0,1272.3,1273.1,150612,0
2026-03-12 14:10:00+05:30,1273.1,1273.5,1271.1,1272.0,349182,0
2026-03-12 14:15:00+05:30,1272.0,1273.7,1271.4,1272.8,192131,0
2026-03-12 14:20:00+05:30,1272.8,1273.5,1271.7,1272.8,132426,0
2026-03-12 14:25:00+05:30,1272.9,1273.0,1270.0,1270.2,84437,0
2026-03-12 14:30:00+05:30,1270.6,1271.9,1269.2,1271.4,228059,0
2026-03-12 14:35:00+05:30,1271.4,1271.9,1270.4,1270.9,307308,0
2026-03-12 14:40:00+05:30,1271.0,1271.1,1268.1,1269.4,343060,0
2026-03-12 14:45:00+05:30,1269.1,1271.9,1268.1,1271.0,749351,0
2026-03-12 14:50:00+05:30,1271.1,1271.3,1267.1,1267.6,248320,0
2026-03-12 14:55:00+05:30,1267.6,1268.0,1266.3,1267.4,136000,0
2026-03-12 15:00:00+05:30,1267.4,1267.4,1263.3,1265.3,789297,0
2026-03-12 15:05:00+05:30,1265.2,1269.2,1264.7,1269.2,911854,0
2026-03-12 15:10:00+05:30,1269.2,1270.7,1263.4,1263.9,1245174,0
2026-03-12 15:15:00+05:30,1263.8,1269.1,1263.7,1267.9,1052218,0
2026-03-12 15:20:00+05:30,1267.9,1269.6,1267.4,1268.4,536391,0
2026-03-12 15:25:00+05:30,1268.4,1270.3,1266.7,1269.9,308015,0
2026-03-13 09:15:00+05:30,1251.9,1256.7,1250.0,1253.2,1187140,0
2026-03-13 09:20:00+05:30,1253.2,1254.9,1250.0,1254.3,213985,0
2026-03-13 09:25:00+05:30,1254.3,1254.4,1252.0,1254.0,212083,0
2026-03-13 09:30:00+05:30,1254.1,1255.6,1252.1,1253.9,205355,0
2026-03-13 09:35:00+05:30,1253.9,1255.5,1253.0,1255.2,168958,0
2026-03-13 09:40:00+05:30,1255.4,1256.1,1253.3,1253.3,300213,0
2026-03-13 09:45:00+05:30,1253.7,1254.0,1251.7,1252.0,204452,0
2026-03-13 09:50:00+05:30,1252.4,1252.5,1250.0,1252.4,335706,0
2026-03-13 09:55:00+05:30,1252.4,1252.4,1249.4,1250.0,198050,0
2026-03-13 10:00:00+05:30,1250.0,1252.2,1250.0,1252.0,111816,0
2026-03-13 10:05:00+05:30,1252.2,1252.9,1251.3,1252.0,134759,0
2026-03-13 10:10:00+05:30,1252.2,1252.5,1251.2,1252.4,155105,0
2026-03-13 10:15:00+05:30,1252.5,1253.2,1250.7,1252.0,124986,0
2026-03-13 10:20:00+05:30,1252.1,1252.5,1251.0,1251.2,123667,0
2026-03-13 10:25:00+05:30,1251.2,1252.7,1251.1,1252.2,137303,0
2026-03-13 10:30:00+05:30,1252.1,1252.3,1250.1,1250.1,109948,0
2026-03-13 10:35:00+05:30,1250.3,1251.5,1250.0,1250.9,111429,0
2026-03-13 10:40:00+05:30,1251.0,1251.0,1248.7,1250.0,136601,0
2026-03-13 10:45:00+05:30,1250.1,1250.8,1248.7,1250.1,260841,0
2026-03-13 10:50:00+05:30,1250.1,1252.4,1249.9,1251.4,95173,0
2026-03-13 10:55:00+05:30,1251.5,1253.7,1250.2,1253.1,149975,0
2026-03-13 11:00:00+05:30,1253.5,1253.5,1252.1,1252.8,115526,0
2026-03-13 11:05:00+05:30,1252.8,1253.1,1252.0,1252.5,110604,0
2026-03-13 11:10:00+05:30,1252.5,1252.9,1251.3,1251.7,121514,0
2026-03-13 11:15:00+05:30,1251.7,1253.6,1251.3,1253.5,96450,0
2026-03-13 11:20:00+05:30,1253.5,1254.8,1253.4,1254.7,109391,0
2026-03-13 11:25:00+05:30,1254.6,1257.2,1253.8,1256.5,620121,0
2026-03-13 11:30:00+05:30,1256.5,1258.8,1255.5,1258.2,66624,0
2026-03-13 11:35:00+05:30,1258.2,1260.5,1258.0,1260.2,132519,0
2026-03-13 11:40:00+05:30,1260.4,1262.3,1258.8,1261.0,181212,0
2026-03-13 11:45:00+05:30,1261.4,1261.6,1258.5,1261.0,149938,0
2026-03-13 11:50:00+05:30,1260.8,1261.1,1258.8,1261.0,42681,0
2026-03-13 11:55:00+05:30,1261.0,1261.0,1259.0,1259.4,38678,0
2026-03-13 12:00:00+05:30,1259.5,1259.7,1255.9,1257.0,52071,0
2026-03-13 12:05:00+05:30,1256.9,1257.3,1256.0,1256.6,39085,0
2026-03-13 12:10:00+05:30,1256.7,1257.1,1255.6,1255.6,54919,0
2026-03-13 12:15:00+05:30,1256.0,1258.1,1255.2,1256.8,76902,0
2026-03-13 12:20:00+05:30,1256.8,1256.8,1253.0,1253.0,244466,0
2026-03-13 12:25:00+05:30,1253.3,1255.3,1252.2,1255.0,126433,0
2026-03-13 12:30:00+05:30,1255.0,1255.0,1251.6,1252.6,115970,0
2026-03-13 12:35:00+05:30,1252.6,1252.8,1250.4,1251.1,78414,0
2026-03-13 12:40:00+05:30,1251.5,1251.5,1249.1,1250.5,123620,0
2026-03-13 12:45:00+05:30,1250.5,1254.7,1250.3,1254.3,155126,0
2026-03-13 12:50:00+05:30,1254.4,1255.4,1253.2,1254.9,84796,0
2026-03-13 12:55:00+05:30,1255.0,1256.2,1253.7,1255.6,80110,0
2026-03-13 13:00:00+05:30,1255.8,1256.6,1254.7,1255.1,66589,0
2026-03-13 13:05:00+05:30,1255.2,1255.6,1254.0,1254.1,135845,0
2026-03-13 13:10:00+05:30,1254.2,1254.3,1251.6,1251.7,131769,0
2026-03-13 13:15:00+05:30,1251.7,1253.5,1251.0,1253.3,169072,0
2026-03-13 13:20:00+05:30,1253.3,1254.0,1250.9,1251.6,93740,0
2026-03-13 13:25:00+05:30,1251.6,1254.1,1251.2,1253.8,138868,0
2026-03-13 13:30:00+05:30,1254.0,1255.2,1253.4,1253.7,262602,0
2026-03-13 13:35:00+05:30,1253.7,1253.7,1252.3,1253.0,151295,0
2026-03-13 13:40:00+05:30,1253.2,1255.5,1252.4,1255.0,464242,0
2026-03-13 13:45:00+05:30,1255.4,1258.0,1254.8,1256.1,652689,0
2026-03-13 13:50:00+05:30,1256.1,1257.2,1253.6,1255.0,556546,0
2026-03-13 13:55:00+05:30,1255.2,1256.7,1254.1,1254.5,279861,0
2026-03-13 14:00:00+05:30,1254.9,1256.0,1253.6,1253.7,337563,0
2026-03-13 14:05:00+05:30,1253.8,1255.8,1253.3,1254.1,698800,0
2026-03-13 14:10:00+05:30,1254.4,1257.8,1253.9,1257.2,329246,0
2026-03-13 14:15:00+05:30,1257.7,1257.9,1255.9,1257.7,286922,0
2026-03-13 14:20:00+05:30,1257.9,1259.5,1257.2,1257.6,194025,0
2026-03-13 14:25:00+05:30,1257.6,1258.3,1256.1,1257.4,217774,0
2026-03-13 14:30:00+05:30,1257.5,1261.1,1257.1,1259.5,282374,0
2026-03-13 14:35:00+05:30,1259.6,1261.7,1257.8,1257.8,291390,0
2026-03-13 14:40:00+05:30,1258.2,1261.5,1257.8,1260.8,297069,0
2026-03-13 14:45:00+05:30,1260.8,1261.7,1258.4,1258.6,317705,0
2026-03-13 14:50:00+05:30,1259.0,1260.5,1258.6,1259.1,277712,0
2026-03-13 14:55:00+05:30,1259.5,1259.5,1256.7,1258.7,252368,0
2026-03-13 15:00:00+05:30,1258.5,1259.4,1255.0,1255.2,319348,0
2026-03-13 15:05:00+05:30,1255.2,1255.9,1253.6,1255.0,591335,0
2026-03-13 15:10:00+05:30,1255.0,1256.7,1254.1,1254.8,546854,0
2026-03-13 15:15:00+05:30,1254.8,1255.8,1253.4,1253.6,638619,0
2026-03-13 15:20:00+05:30,1253.6,1253.9,1251.7,1252.3,343922,0
2026-03-13 15:25:00+05:30,1252.3,1255.0,1252.0,1255.0,321872,0
2026-03-16 09:15:00+05:30,1255.0,1258.3,1245.0,1256.0,1084385,0
2026-03-16 09:20:00+05:30,1255.6,1256.0,1251.0,1252.0,146216,0
2026-03-16 09:25:00+05:30,1251.8,1252.9,1250.0,1250.4,228873,0
2026-03-16 09:30:00+05:30,1250.4,1254.0,1250.0,1251.5,187871,0
2026-03-16 09:35:00+05:30,1251.5,1257.3,1251.0,1254.8,209815,0
2026-03-16 09:40:00+05:30,1254.9,1257.0,1253.6,1253.9,113748,0
2026-03-16 09:45:00+05:30,1253.9,1255.6,1252.5,1253.3,175084,0
2026-03-16 09:50:00+05:30,1253.3,1254.0,1252.1,1252.3,130753,0
2026-03-16 09:55:00+05:30,1252.3,1253.5,1250.8,1251.1,157376,0
2026-03-16 10:00:00+05:30,1251.2,1252.8,1250.0,1252.8,139367,0
2026-03-16 10:05:00+05:30,1252.5,1252.9,1249.5,1250.5,117779,0
2026-03-16 10:10:00+05:30,1250.5,1250.6,1247.3,1247.5,109367,0
2026-03-16 10:15:00+05:30,1247.5,1249.4,1247.2,1248.2,263583,0
2026-03-16 10:20:00+05:30,1248.0,1248.2,1244.0,1244.3,188908,0
2026-03-16 10:25:00+05:30,1244.3,1244.3,1240.8,1241.1,150533,0
2026-03-16 10:30:00+05:30,1241.1,1243.8,1240.9,1242.4,122984,0
2026-03-16 10:35:00+05:30,1242.5,1244.9,1242.1,1244.7,148511,0
2026-03-16 10:40:00+05:30,1244.6,1246.2,1243.5,1244.6,143074,0
2026-03-16 10:45:00+05:30,1244.6,1245.6,1243.6,1243.7,94804,0
2026-03-16 10:50:00+05:30,1243.8,1244.0,1241.7,1241.8,97811,0
2026-03-16 10:55:00+05:30,1241.8,1243.3,1240.1,1242.8,162508,0
2026-03-16 11:00:00+05:30,1242.7,1243.8,1241.7,1243.5,120253,0
2026-03-16 11:05:00+05:30,1243.3,1246.8,1242.2,1246.8,137043,0
2026-03-16 11:10:00+05:30,1246.8,1247.9,1245.5,1247.6,133683,0
2026-03-16 11:15:00+05:30,1247.4,1250.0,1247.2,1249.8,208531,0
2026-03-16 11:20:00+05:30,1249.8,1251.6,1249.1,1250.0,407775,0
2026-03-16 11:25:00+05:30,1249.9,1250.1,1247.6,1248.5,158536,0
2026-03-16 11:30:00+05:30,1248.5,1251.3,1247.7,1249.2,78147,0
2026-03-16 11:35:00+05:30,1249.1,1249.9,1247.1,1247.5,53733,0
2026-03-16 11:40:00+05:30,1247.5,1249.4,1246.8,1247.0,65841,0
2026-03-16 11:45:00+05:30,1246.8,1248.8,1246.5,1248.1,101275,0
2026-03-16 11:50:00+05:30,1248.0,1249.5,1247.5,1248.3,51513,0
2026-03-16 11:55:00+05:30,1248.3,1249.1,1247.3,1248.0,66909,0
2026-03-16 12:00:00+05:30,1248.1,1249.9,1246.6,1246.8,180232,0
2026-03-16 12:05:00+05:30,1246.8,1248.2,1246.3,1247.0,108755,0
2026-03-16 12:10:00+05:30,1247.0,1250.2,1246.0,1249.2,138666,0
2026-03-16 12:15:00+05:30,1249.2,1250.4,1249.1,1250.4,126765,0
2026-03-16 12:20:00+05:30,1250.4,1251.8,1250.1,1251.7,133088,0
2026-03-16 12:25:00+05:30,1251.5,1252.5,1251.0,1252.1,109117,0
2026-03-16 12:30:00+05:30,1252.0,1252.9,1250.2,1251.1,171806,0
2026-03-16 12:35:00+05:30,1250.8,1252.7,1249.7,1252.6,124110,0
2026-03-16 12:40:00+05:30,1252.6,1254.9,1252.1,1253.6,186068,0
2026-03-16 12:45:00+05:30,1253.7,1253.7,1250.2,1251.0,338901,0
2026-03-16 12:50:00+05:30,1250.9,1251.8,1249.7,1251.2,130120,0
2026-03-16 12:55:00+05:30,1251.2,1252.9,1250.8,1252.9,119584,0
2026-03-16 13:00:00+05:30,1252.7,1255.5,1252.1,1252.5,185028,0
2026-03-16 13:05:00+05:30,1252.5,1253.9,1251.2,1252.8,100148,0
2026-03-16 13:10:00+05:30,1252.7,1254.0,1252.2,1253.3,71023,0
2026-03-16 13:15:00+05:30,1253.3,1255.6,1253.0,1255.1,240440,0
2026-03-16 13:20:00+05:30,1255.0,1256.9,1254.1,1255.6,222944,0
2026-03-16 13:25:00+05:30,1255.6,1256.4,1254.0,1254.9,148146,0
2026-03-16 13:30:00+05:30,1254.8,1255.6,1253.5,1254.5,616573,0
2026-03-16 13:35:00+05:30,1254.6,1255.1,1253.2,1253.4,333626,0
2026-03-16 13:40:00+05:30,1253.5,1253.6,1252.5,1253.1,308593,0
2026-03-16 13:45:00+05:30,1253.1,1253.8,1252.3,1253.5,117595,0
2026-03-16 13:50:00+05:30,1253.5,1258.4,1252.5,1257.3,445930,0
2026-03-16 13:55:00+05:30,1257.2,1258.7,1257.0,1258.3,259982,0
2026-03-16 14:00:00+05:30,1258.2,1259.3,1257.6,1258.5,203652,0
2026-03-16 14:05:00+05:30,1258.4,1258.6,1255.8,1257.8,252897,0
2026-03-16 14:10:00+05:30,1257.8,1259.7,1257.4,1258.5,222740,0
2026-03-16 14:15:00+05:30,1258.0,1261.3,1256.4,1260.8,212890,0
2026-03-16 14:20:00+05:30,1260.8,1267.5,1260.0,1266.1,779407,0
2026-03-16 14:25:00+05:30,1266.3,1269.6,1264.2,1268.2,1224381,0
2026-03-16 14:30:00+05:30,1268.7,1270.4,1266.4,1266.5,1074739,0
2026-03-16 14:35:00+05:30,1267.0,1270.1,1266.0,1269.1,796408,0
2026-03-16 14:40:00+05:30,1269.1,1271.9,1268.0,1269.4,772757,0
2026-03-16 14:45:00+05:30,1269.8,1274.0,1269.4,1272.3,781723,0
2026-03-16 14:50:00+05:30,1272.9,1276.3,1271.0,1273.3,744234,0
2026-03-16 14:55:00+05:30,1273.1,1276.1,1272.5,1274.0,663859,0
2026-03-16 15:00:00+05:30,1274.1,1275.5,1270.6,1270.9,806526,0
2026-03-16 15:05:00+05:30,1270.8,1274.7,1270.6,1272.7,738811,0
2026-03-16 15:10:00+05:30,1272.7,1276.8,1272.6,1274.8,993264,0
2026-03-16 15:15:00+05:30,1274.9,1275.7,1271.0,1271.4,907349,0
2026-03-16 15:20:00+05:30,1271.4,1273.0,1268.7,1269.7,525639,0
2026-03-16 15:25:00+05:30,1269.7,1270.0,1265.9,1267.6,364731,0
2026-03-17 09:15:00+05:30,1278.9,1282.2,1273.0,1277.0,1061569,0
2026-03-17 09:20:00+05:30,1276.6,1281.0,1275.9,1279.3,332611,0
2026-03-17 09:25:00+05:30,1279.1,1279.4,1274.9,1276.1,263260,0
2026-03-17 09:30:00+05:30,1276.1,1281.2,1274.5,1279.5,268863,0
2026-03-17 09:35:00+05:30,1280.0,1282.9,1279.5,1281.0,91162,0
2026-03-17 09:40:00+05:30,1281.6,1285.3,1281.2,1284.4,134447,0
2026-03-17 09:45:00+05:30,1284.4,1285.0,1281.8,1284.6,170264,0
2026-03-17 09:50:00+05:30,1284.5,1284.9,1282.3,1284.3,85333,0
2026-03-17 09:55:00+05:30,1284.3,1286.0,1283.1,1284.8,78604,0
2026-03-17 10:00:00+05:30,1285.0,1287.8,1284.5,1285.2,103764,0
2026-03-17 10:05:00+05:30,1285.2,1286.6,1284.7,1286.0,67509,0
2026-03-17 10:10:00+05:30,1285.7,1286.9,1284.7,1286.1,76291,0
2026-03-17 10:15:00+05:30,1286.2,1288.8,1285.9,1288.7,62288,0
2026-03-17 10:20:00+05:30,1288.3,1289.3,1287.1,1287.7,100403,0
2026-03-17 10:25:00+05:30,1287.7,1287.7,1284.7,1284.9,98698,0
2026-03-17 10:30:00+05:30,1284.9,1285.8,1282.4,1282.8,131379,0
2026-03-17 10:35:00+05:30,1282.9,1284.4,1282.2,1283.0,74563,0
2026-03-17 10:40:00+05:30,1283.1,1283.4,1280.2,1281.3,182853,0
2026-03-17 10:45:00+05:30,1281.3,1283.1,1280.7,1283.1,153144,0
2026-03-17 10:50:00+05:30,1283.3,1284.7,1282.8,1284.4,39550,0
2026-03-17 10:55:00+05:30,1284.4,1285.0,1283.0,1283.8,67395,0
2026-03-17 11:00:00+05:30,1283.7,1283.8,1280.9,1281.5,92209,0
2026-03-17 11:05:00+05:30,1281.5,1283.0,1280.8,1281.8,150440,0
2026-03-17 11:10:00+05:30,1281.8,1282.3,1280.0,1280.1,110842,0
2026-03-17 11:15:00+05:30,1280.5,1280.7,1278.0,1278.1,102761,0
2026-03-17 11:20:00+05:30,1278.0,1279.2,1276.2,1278.0,124268,0
2026-03-17 11:25:00+05:30,1278.0,1278.0,1276.0,1276.2,105224,0
2026-03-17 11:30:00+05:30,1276.2,1277.5,1274.9,1275.6,323177,0
2026-03-17 11:35:00+05:30,1275.6,1278.9,1275.0,1277.5,123133,0
2026-03-17 11:40:00+05:30,1277.5,1280.2,1276.9,1278.9,54785,0
2026-03-17 11:45:00+05:30,1279.0,1279.9,1277.4,1278.1,33979,0
2026-03-17 11:50:00+05:30,1278.0,1280.3,1277.1,1277.5,52367,0
2026-03-17 11:55:00+05:30,1277.3,1278.8,1275.0,1278.0,204956,0
2026-03-17 12:00:00+05:30,1278.0,1279.3,1277.0,1278.1,140589,0
2026-03-17 12:05:00+05:30,1278.1,1279.7,1277.5,1279.7,82212,0
2026-03-17 12:10:00+05:30,1279.6,1280.6,1279.0,1280.3,69029,0
2026-03-17 12:15:00+05:30,1280.3,1280.8,1278.9,1279.9,226847,0
2026-03-17 12:20:00+05:30,1279.9,1281.9,1279.4,1280.8,218624,0
2026-03-17 12:25:00+05:30,1280.5,1283.0,1280.3,1282.7,229776,0
2026-03-17 12:30:00+05:30,1283.0,1283.6,1282.0,1282.4,189718,0
2026-03-17 12:35:00+05:30,1282.5,1284.0,1282.2,1282.8,60577,0
2026-03-17 12:40:00+05:30,1282.8,1285.9,1281.9,1284.6,269016,0
2026-03-17 12:45:00+05:30,1284.6,1285.7,1282.5,1285.5,266563,0
2026-03-17 12:50:00+05:30,1285.4,1286.0,1283.1,1283.5,156458,0
2026-03-17 12:55:00+05:30,1283.5,1285.1,1283.0,1284.2,126748,0
2026-03-17 13:00:00+05:30,1284.1,1284.4,1281.2,1282.7,457226,0
2026-03-17 13:05:00+05:30,1282.7,1284.2,1278.8,1283.4,874475,0
2026-03-17 13:10:00+05:30,1283.4,1284.2,1282.6,1283.1,173074,0
2026-03-17 13:15:00+05:30,1283.2,1285.0,1283.2,1284.0,134530,0
2026-03-17 13:20:00+05:30,1284.0,1284.2,1283.1,1284.0,91849,0
2026-03-17 13:25:00+05:30,1284.1,1284.8,1282.6,1284.2,174566,0
2026-03-17 13:30:00+05:30,1284.2,1287.3,1283.4,1283.9,208507,0
2026-03-17 13:35:00+05:30,1284.0,1284.1,1280.1,1281.6,148783,0
2026-03-17 13:40:00+05:30,1281.6,1285.1,1281.5,1283.3,381937,0
2026-03-17 13:45:00+05:30,1283.4,1286.8,1283.0,1286.8,221535,0
2026-03-17 13:50:00+05:30,1286.5,1287.4,1285.1,1285.7,258771,0
2026-03-17 13:55:00+05:30,1285.7,1286.4,1285.0,1285.9,69888,0
2026-03-17 14:00:00+05:30,1285.9,1291.2,1285.4,1289.0,901605,0
2026-03-17 14:05:00+05:30,1289.0,1289.7,1287.4,1289.4,333959,0
2026-03-17 14:10:00+05:30,1289.4,1292.6,1288.6,1292.0,369389,0
2026-03-17 14:15:00+05:30,1292.0,1292.2,1286.9,1289.0,861707,0
2026-03-17 14:20:00+05:30,1289.1,1290.0,1286.8,1287.9,132334,0
2026-03-17 14:25:00+05:30,1288.0,1288.9,1287.0,1287.8,144203,0
2026-03-17 14:30:00+05:30,1287.9,1289.8,1287.8,1289.5,114992,0
2026-03-17 14:35:00+05:30,1289.7,1290.7,1289.0,1290.5,107005,0
2026-03-17 14:40:00+05:30,1290.5,1291.7,1289.6,1290.4,131135,0
2026-03-17 14:45:00+05:30,1290.5,1291.0,1289.0,1290.0,191539,0
2026-03-17 14:50:00+05:30,1290.0,1290.8,1289.0,1290.6,252584,0
2026-03-17 14:55:00+05:30,1290.6,1294.4,1290.4,1293.5,522101,0
2026-03-17 15:00:00+05:30,1293.6,1293.6,1286.3,1288.3,2067551,0
2026-03-17 15:05:00+05:30,1288.3,1292.4,1287.9,1289.5,1351879,0
2026-03-17 15:10:00+05:30,1289.5,1293.2,1286.6,1292.3,1258994,0
2026-03-17 15:15:00+05:30,1292.2,1292.3,1283.5,1287.4,2098718,0
2026-03-17 15:20:00+05:30,1287.4,1290.0,1286.7,1288.0,836719,0
2026-03-17 15:25:00+05:30,1287.9,1289.7,1286.7,1287.0,272852,0
2026-03-18 09:15:00+05:30,1286.0,1290.1,1280.8,1281.0,622645,0
2026-03-18 09:20:00+05:30,1280.7,1283.1,1278.0,1278.5,250208,0
2026-03-18 09:25:00+05:30,1278.1,1279.5,1277.1,1278.5,133328,0
2026-03-18 09:30:00+05:30,1278.3,1279.3,1278.0,1278.0,101742,0
2026-03-18 09:35:00+05:30,1278.0,1278.1,1276.1,1276.4,170665,0
2026-03-18 09:40:00+05:30,1276.3,1276.9,1275.2,1275.5,175938,0
2026-03-18 09:45:00+05:30,1275.4,1276.9,1274.0,1276.9,134838,0
2026-03-18 09:50:00+05:30,1276.9,1278.4,1276.3,1277.6,114907,0
2026-03-18 09:55:00+05:30,1277.8,1277.9,1275.0,1276.8,196970,0
2026-03-18 10:00:00+05:30,1276.7,1277.5,1272.9,1273.5,193985,0
2026-03-18 10:05:00+05:30,1273.4,1275.0,1272.5,1274.0,90899,0
2026-03-18 10:10:00+05:30,1273.8,1274.1,1270.8,1272.2,225019,0
2026-03-18 10:15:00+05:30,1272.3,1274.1,1272.0,1273.9,96755,0
2026-03-18 10:20:00+05:30,1273.8,1278.3,1273.5,1278.3,124827,0
2026-03-18 10:25:00+05:30,1278.2,1279.4,1277.2,1278.9,98300,0
2026-03-18 10:30:00+05:30,1278.7,1279.8,1277.4,1279.3,116713,0
2026-03-18 10:35:00+05:30,1279.3,1281.0,1277.7,1279.0,105093,0
2026-03-18 10:40:00+05:30,1279.0,1280.3,1278.5,1279.0,96216,0
2026-03-18 10:45:00+05:30,1279.0,1280.9,1278.7,1280.4,112221,0
2026-03-18 10:50:00+05:30,1280.4,1284.7,1280.0,1284.3,298884,0
2026-03-18 10:55:00+05:30,1284.7,1285.7,1282.8,1284.0,236804,0
2026-03-18 11:00:00+05:30,1283.8,1285.7,1283.1,1285.2,319843,0
2026-03-18 11:05:00+05:30,1285.2,1288.6,1284.9,1288.0,291014,0
2026-03-18 11:10:00+05:30,1288.0,1290.6,1287.3,1289.1,196061,0
2026-03-18 11:15:00+05:30,1288.9,1290.1,1287.5,1287.9,162768,0
2026-03-18 11:20:00+05:30,1287.7,1290.3,1287.5,1290.2,167380,0
2026-03-18 11:25:00+05:30,1290.1,1291.9,1288.7,1291.5,99792,0
2026-03-18 11:30:00+05:30,1291.3,1294.0,1290.3,1293.5,238573,0
2026-03-18 11:35:00+05:30,1293.4,1294.8,1291.8,1293.6,207539,0
2026-03-18 11:40:00+05:30,1293.6,1294.9,1293.0,1294.0,120748,0
2026-03-18 11:45:00+05:30,1293.7,1294.6,1293.6,1294.5,53179,0
2026-03-18 11:50:00+05:30,1294.4,1296.7,1294.4,1296.1,90263,0
2026-03-18 11:55:00+05:30,1296.1,1296.4,1295.0,1296.1,107435,0
2026-03-18 12:00:00+05:30,1296.1,1296.7,1293.8,1294.5,114688,0
2026-03-18 12:05:00+05:30,1294.3,1294.6,1291.4,1291.5,93863,0
2026-03-18 12:10:00+05:30,1291.5,1291.8,1289.6,1290.8,139670,0
2026-03-18 12:15:00+05:30,1290.8,1291.4,1288.9,1290.0,112608,0
2026-03-18 12:20:00+05:30,1290.0,1290.6,1288.4,1288.6,235335,0
2026-03-18 12:25:00+05:30,1289.1,1290.3,1288.4,1288.9,203071,0
2026-03-18 12:30:00+05:30,1288.7,1291.7,1288.7,1291.5,59036,0
2026-03-18 12:35:00+05:30,1291.3,1291.9,1290.3,1291.2,85489,0
2026-03-18 12:40:00+05:30,1291.0,1291.2,1289.5,1290.0,79314,0
2026-03-18 12:45:00+05:30,1289.8,1290.7,1289.4,1290.7,49929,0
2026-03-18 12:50:00+05:30,1290.4,1292.5,1290.3,1291.4,65276,0
2026-03-18 12:55:00+05:30,1291.2,1291.6,1290.7,1291.0,126998,0
2026-03-18 13:00:00+05:30,1291.0,1292.9,1290.9,1291.8,164010,0
2026-03-18 13:05:00+05:30,1291.7,1291.9,1290.2,1291.1,48136,0
2026-03-18 13:10:00+05:30,1291.0,1292.1,1291.0,1291.9,51232,0
2026-03-18 13:15:00+05:30,1291.8,1292.7,1291.0,1291.2,127938,0
2026-03-18 13:20:00+05:30,1291.2,1294.9,1290.6,1294.9,203439,0
2026-03-18 13:25:00+05:30,1294.4,1295.5,1293.2,1295.2,79261,0
2026-03-18 13:30:00+05:30,1295.0,1295.8,1293.3,1295.4,255356,0
2026-03-18 13:35:00+05:30,1295.2,1295.5,1293.6,1294.0,118800,0
2026-03-18 13:40:00+05:30,1293.9,1295.1,1293.1,1295.1,140481,0
2026-03-18 13:45:00+05:30,1295.0,1295.4,1294.1,1294.9,62457,0
2026-03-18 13:50:00+05:30,1294.8,1295.5,1293.6,1295.1,88862,0
2026-03-18 13:55:00+05:30,1295.1,1296.7,1294.9,1295.4,224184,0
2026-03-18 14:00:00+05:30,1295.1,1296.9,1294.4,1295.1,242913,0
2026-03-18 14:05:00+05:30,1295.0,1295.1,1293.3,1294.4,70724,0
2026-03-18 14:10:00+05:30,1294.1,1295.0,1293.0,1294.2,95302,0
2026-03-18 14:15:00+05:30,1294.1,1295.4,1293.5,1295.2,108436,0
2026-03-18 14:20:00+05:30,1295.1,1297.1,1294.3,1295.9,169131,0
2026-03-18 14:25:00+05:30,1295.8,1296.8,1295.2,1295.4,115654,0
2026-03-18 14:30:00+05:30,1295.5,1295.6,1292.1,1292.3,94104,0
2026-03-18 14:35:00+05:30,1292.6,1293.9,1292.0,1293.7,153875,0
2026-03-18 14:40:00+05:30,1293.7,1294.9,1291.9,1292.0,241293,0
2026-03-18 14:45:00+05:30,1292.0,1292.8,1290.9,1291.7,117370,0
2026-03-18 14:50:00+05:30,1291.5,1292.4,1290.1,1290.5,118670,0
2026-03-18 14:55:00+05:30,1290.5,1291.9,1290.0,1291.4,143041,0
2026-03-18 15:00:00+05:30,1291.6,1292.2,1287.9,1288.6,465147,0
2026-03-18 15:05:00+05:30,1288.8,1290.3,1288.1,1289.1,435271,0
2026-03-18 15:10:00+05:30,1289.2,1289.8,1288.3,1289.0,384474,0
2026-03-18 15:15:00+05:30,1289.1,1289.3,1287.2,1287.3,366943,0
2026-03-18 15:20:00+05:30,1287.7,1290.0,1286.0,1289.6,407412,0
2026-03-18 15:25:00+05:30,1289.6,1295.1,1289.4,1292.0,550148,0
2026-03-19 09:15:00+05:30,1267.6,1285.9,1256.2,1266.4,1474100,0
2026-03-19 09:20:00+05:30,1266.4,1267.9,1263.6,1267.3,317570,0
2026-03-19 09:25:00+05:30,1267.3,1270.1,1264.7,1265.0,320445,0
2026-03-19 09:30:00+05:30,1265.0,1267.5,1263.3,1264.4,139112,0
2026-03-19 09:35:00+05:30,1264.0,1265.3,1262.6,1264.2,188926,0
2026-03-19 09:40:00+05:30,1264.2,1264.5,1261.3,1261.7,115350,0
2026-03-19 09:45:00+05:30,1261.5,1262.0,1257.0,1257.2,147655,0
2026-03-19 09:50:00+05:30,1257.2,1260.0,1256.4,1257.6,167387,0
2026-03-19 09:55:00+05:30,1257.5,1260.6,1257.2,1258.8,134041,0
2026-03-19 10:00:00+05:30,1258.8,1261.6,1258.0,1261.2,105733,0
2026-03-19 10:05:00+05:30,1261.0,1262.6,1259.4,1261.2,89288,0
2026-03-19 10:10:00+05:30,1261.2,1262.3,1259.2,1261.0,82484,0
2026-03-19 10:15:00+05:30,1260.7,1261.0,1257.0,1258.1,136408,0
2026-03-19 10:20:00+05:30,1258.1,1262.6,1258.0,1262.5,100473,0
2026-03-19 10:25:00+05:30,1262.5,1264.0,1261.9,1263.9,95751,0
2026-03-19 10:30:00+05:30,1263.9,1265.2,1262.5,1262.5,87280,0
2026-03-19 10:35:00+05:30,1262.7,1264.9,1262.3,1264.5,132382,0
2026-03-19 10:40:00+05:30,1264.7,1266.0,1263.1,1265.8,76161,0
2026-03-19 10:45:00+05:30,1266.0,1266.0,1263.0,1263.3,63147,0
2026-03-19 10:50:00+05:30,1263.4,1267.0,1263.2,1266.8,108069,0
2026-03-19 10:55:00+05:30,1266.8,1266.8,1264.1,1264.3,65961,0
2026-03-19 11:00:00+05:30,1264.2,1265.3,1263.0,1264.4,55588,0
2026-03-19 11:05:00+05:30,1264.4,1265.5,1263.8,1265.5,56464,0
2026-03-19 11:10:00+05:30,1265.3,1266.0,1262.5,1263.4,73426,0
2026-03-19 11:15:00+05:30,1263.4,1264.5,1261.2,1264.1,65825,0
2026-03-19 11:20:00+05:30,1264.0,1266.3,1263.4,1265.3,82052,0
2026-03-19 11:25:00+05:30,1265.3,1266.1,1265.0,1265.3,56267,0
2026-03-19 11:30:00+05:30,1265.3,1266.7,1265.0,1266.1,64727,0
2026-03-19 11:35:00+05:30,1266.1,1266.9,1265.4,1265.9,66816,0
2026-03-19 11:40:00+05:30,1265.9,1266.8,1265.4,1266.4,59470,0
2026-03-19 11:45:00+05:30,1266.4,1267.6,1265.8,1266.4,90551,0
2026-03-19 11:50:00+05:30,1266.4,1268.0,1266.1,1266.9,75832,0
2026-03-19 11:55:00+05:30,1266.8,1267.9,1266.8,1267.2,42799,0
2026-03-19 12:00:00+05:30,1267.2,1267.5,1265.5,1266.3,47802,0
2026-03-19 12:05:00+05:30,1266.4,1267.5,1266.0,1267.4,59581,0
2026-03-19 12:10:00+05:30,1267.4,1269.0,1266.6,1268.2,73859,0
2026-03-19 12:15:00+05:30,1268.1,1269.7,1267.6,1268.5,92621,0
2026-03-19 12:20:00+05:30,1268.5,1269.0,1267.3,1268.0,85091,0
2026-03-19 12:25:00+05:30,1268.0,1268.4,1267.2,1267.5,87671,0
2026-03-19 12:30:00+05:30,1267.5,1268.0,1265.7,1266.8,52686,0
2026-03-19 12:35:00+05:30,1266.7,1269.4,1266.4,1268.9,68116,0
2026-03-19 12:40:00+05:30,1268.9,1268.9,1267.7,1268.4,59567,0
2026-03-19 12:45:00+05:30,1268.4,1271.0,1268.3,1270.9,85130,0
2026-03-19 12:50:00+05:30,1270.9,1272.9,1269.9,1272.7,141541,0
2026-03-19 12:55:00+05:30,1272.8,1272.8,1270.4,1271.4,88183,0
2026-03-19 13:00:00+05:30,1271.4,1271.4,1269.1,1269.7,78187,0
2026-03-19 13:05:00+05:30,1269.9,1270.4,1269.0,1269.7,75016,0
2026-03-19 13:10:00+05:30,1269.6,1271.2,1266.8,1266.9,109876,0
2026-03-19 13:15:00+05:30,1266.8,1268.3,1266.8,1267.6,87172,0
2026-03-19 13:20:00+05:30,1267.6,1268.4,1266.1,1266.1,88475,0
2026-03-19 13:25:00+05:30,1266.1,1266.9,1265.2,1265.6,72216,0
2026-03-19 13:30:00+05:30,1265.4,1266.8,1265.2,1265.7,71612,0
2026-03-19 13:35:00+05:30,1265.7,1269.3,1265.6,1269.2,101255,0
2026-03-19 13:40:00+05:30,1269.2,1270.6,1268.7,1268.9,81590,0
2026-03-19 13:45:00+05:30,1268.8,1269.1,1267.1,1267.9,86691,0
2026-03-19 13:50:00+05:30,1267.8,1268.4,1266.4,1267.4,89902,0
2026-03-19 13:55:00+05:30,1267.3,1267.5,1265.1,1265.7,60068,0
2026-03-19 14:00:00+05:30,1265.7,1266.3,1262.4,1262.9,111540,0
2026-03-19 14:05:00+05:30,1262.9,1263.4,1261.6,1261.6,71690,0
2026-03-19 14:10:00+05:30,1261.6,1262.1,1260.1,1261.5,214480,0
2026-03-19 14:15:00+05:30,1261.5,1263.0,1260.4,1261.7,79507,0
2026-03-19 14:20:00+05:30,1261.7,1262.2,1261.3,1261.6,57659,0
2026-03-19 14:25:00+05:30,1261.6,1261.7,1259.1,1259.7,99615,0
2026-03-19 14:30:00+05:30,1259.7,1260.9,1259.0,1259.5,93726,0
2026-03-19 14:35:00+05:30,1259.5,1260.2,1257.7,1257.7,86307,0
2026-03-19 14:40:00+05:30,1257.8,1258.9,1255.4,1256.0,265151,0
2026-03-19 14:45:00+05:30,1256.1,1258.0,1255.4,1256.6,277668,0
2026-03-19 14:50:00+05:30,1256.4,1257.2,1254.3,1255.7,193411,0
2026-03-19 14:55:00+05:30,1255.7,1256.3,1245.0,1246.3,409947,0
2026-03-19 15:00:00+05:30,1246.2,1250.0,1243.7,1248.2,1956541,0
2026-03-19 15:05:00+05:30,1248.6,1251.7,1246.8,1249.7,1199305,0
2026-03-19 15:10:00+05:30,1249.9,1254.4,1248.4,1250.1,1287745,0
2026-03-19 15:15:00+05:30,1250.5,1253.7,1249.2,1253.7,334311,0
2026-03-19 15:20:00+05:30,1253.7,1258.2,1253.6,1256.8,489812,0
2026-03-19 15:25:00+05:30,1256.8,1260.6,1256.0,1259.7,307000,0
2026-03-20 09:15:00+05:30,1258.4,1274.0,1258.4,1272.0,426742,0
2026-03-20 09:20:00+05:30,1271.9,1273.1,1267.1,1267.9,101668,0
2026-03-20 09:25:00+05:30,1267.9,1269.1,1267.2,1268.0,73774,0
2026-03-20 09:30:00+05:30,1268.3,1272.3,1267.4,1271.7,127472,0
2026-03-20 09:35:00+05:30,1271.8,1272.0,1267.7,1269.1,84191,0
2026-03-20 09:40:00+05:30,1269.1,1269.8,1267.2,1267.2,40308,0
2026-03-20 09:45:00+05:30,1267.3,1268.5,1265.5,1268.0,78606,0
2026-03-20 09:50:00+05:30,1268.0,1268.8,1266.0,1266.3,25934,0
2026-03-20 09:55:00+05:30,1266.5,1269.6,1266.2,1269.2,41860,0
2026-03-20 10:00:00+05:30,1269.2,1269.2,1266.9,1267.5,31478,0
2026-03-20 10:05:00+05:30,1267.5,1268.9,1267.1,1268.7,33887,0
2026-03-20 10:10:00+05:30,1268.6,1268.6,1267.1,1267.6,28969,0
2026-03-20 10:15:00+05:30,1267.6,1268.5,1265.5,1268.5,133576,0
2026-03-20 10:20:00+05:30,1268.5,1269.3,1267.0,1269.3,67372,0
2026-03-20 10:25:00+05:30,1269.3,1270.0,1268.7,1269.3,34970,0
2026-03-20 10:30:00+05:30,1269.3,1269.9,1268.4,1269.6,44308,0
2026-03-20 10:35:00+05:30,1269.6,1270.6,1269.4,1270.0,47077,0
2026-03-20 10:40:00+05:30,1270.0,1271.3,1268.4,1268.7,145528,0
2026-03-20 10:45:00+05:30,1269.0,1271.7,1268.6,1271.2,113025,0
2026-03-20 10:50:00+05:30,1271.2,1273.0,1269.8,1272.4,384741,0
2026-03-20 10:55:00+05:30,1272.4,1272.7,1269.9,1271.0,163518,0
2026-03-20 11:00:00+05:30,1271.0,1272.7,1269.9,1271.3,118247,0
2026-03-20 11:05:00+05:30,1271.4,1272.6,1270.9,1272.0,115791,0
2026-03-20 11:10:00+05:30,1272.0,1273.5,1270.4,1273.3,204163,0
2026-03-20 11:15:00+05:30,1273.3,1273.4,1272.1,1272.9,96119,0
2026-03-20 11:20:00+05:30,1273.0,1274.0,1272.0,1272.5,99570,0
2026-03-20 11:25:00+05:30,1272.5,1273.5,1270.0,1270.9,95624,0
2026-03-20 11:30:00+05:30,1270.9,1272.5,1270.6,1271.0,147110,0
2026-03-20 11:35:00+05:30,1271.0,1272.8,1269.9,1270.8,414445,0
2026-03-20 11:40:00+05:30,1270.9,1271.0,1267.5,1267.6,149972,0
2026-03-20 11:45:00+05:30,1267.6,1268.4,1265.1,1266.5,233871,0
2026-03-20 11:50:00+05:30,1266.5,1266.5,1263.4,1264.2,184012,0
2026-03-20 11:55:00+05:30,1264.2,1266.2,1263.9,1265.8,85435,0
2026-03-20 12:00:00+05:30,1265.8,1266.2,1261.9,1262.8,163883,0
2026-03-20 12:05:00+05:30,1262.8,1264.2,1260.7,1261.5,224699,0
2026-03-20 12:10:00+05:30,1261.5,1263.9,1260.0,1261.9,122209,0
2026-03-20 12:15:00+05:30,1261.9,1262.3,1258.7,1259.6,370254,0
2026-03-20 12:20:00+05:30,1259.6,1260.7,1255.0,1256.3,150526,0
2026-03-20 12:25:00+05:30,1255.8,1257.4,1255.0,1256.2,154404,0
2026-03-20 12:30:00+05:30,1256.2,1258.0,1254.0,1257.6,105417,0
2026-03-20 12:35:00+05:30,1257.6,1260.5,1257.5,1259.3,97437,0
2026-03-20 12:40:00+05:30,1259.3,1262.5,1258.9,1261.7,106010,0
2026-03-20 12:45:00+05:30,1261.7,1262.7,1260.5,1261.9,96380,0
2026-03-20 12:50:00+05:30,1262.0,1262.0,1260.2,1260.9,73763,0
2026-03-20 12:55:00+05:30,1260.9,1261.5,1259.0,1259.8,152294,0
2026-03-20 13:00:00+05:30,1259.8,1264.0,1259.4,1263.6,178468,0
2026-03-20 13:05:00+05:30,1263.6,1266.3,1263.5,1265.6,166757,0
2026-03-20 13:10:00+05:30,1265.6,1265.6,1262.7,1263.1,111300,0
2026-03-20 13:15:00+05:30,1263.1,1265.0,1263.0,1264.7,62725,0
2026-03-20 13:20:00+05:30,1264.8,1265.9,1264.1,1265.0,71175,0
2026-03-20 13:25:00+05:30,1265.0,1266.8,1264.4,1265.1,103220,0
2026-03-20 13:30:00+05:30,1265.1,1265.5,1263.2,1263.8,103525,0
2026-03-20 13:35:00+05:30,1263.7,1266.4,1263.0,1265.9,110731,0
2026-03-20 13:40:00+05:30,1265.9,1265.9,1263.0,1263.3,131462,0
2026-03-20 13:45:00+05:30,1263.3,1263.4,1261.0,1261.6,137891,0
2026-03-20 13:50:00+05:30,1261.7,1262.1,1260.5,1261.7,80797,0
2026-03-20 13:55:00+05:30,1261.7,1262.6,1260.2,1260.7,62028,0
2026-03-20 14:00:00+05:30,1260.7,1264.0,1260.1,1263.8,67198,0
2026-03-20 14:05:00+05:30,1263.8,1264.4,1263.0,1264.0,62108,0
2026-03-20 14:10:00+05:30,1264.0,1264.5,1261.9,1262.7,88578,0
2026-03-20 14:15:00+05:30,1262.7,1263.4,1260.6,1262.5,150184,0
2026-03-20 14:20:00+05:30,1262.5,1262.8,1260.0,1261.1,93004,0
2026-03-20 14:25:00+05:30,1261.1,1261.3,1257.4,1257.9,229317,0
2026-03-20 14:30:00+05:30,1257.9,1259.8,1257.0,1258.5,172294,0
2026-03-20 14:35:00+05:30,1258.5,1258.5,1253.7,1255.4,249902,0
2026-03-20 14:40:00+05:30,1255.4,1255.9,1254.2,1254.2,182752,0
2026-03-20 14:45:00+05:30,1254.5,1255.6,1253.2,1254.0,255836,0
2026-03-20 14:50:00+05:30,1254.1,1254.4,1251.1,1253.3,262507,0
2026-03-20 14:55:00+05:30,1253.4,1253.5,1250.0,1250.3,200111,0
2026-03-20 15:00:00+05:30,1250.6,1251.1,1244.4,1247.5,1412203,0
2026-03-20 15:05:00+05:30,1247.5,1248.0,1243.1,1244.1,1638329,0
2026-03-20 15:10:00+05:30,1244.0,1246.2,1243.1,1244.8,1427680,0
2026-03-20 15:15:00+05:30,1244.8,1244.9,1241.7,1243.8,1098933,0
2026-03-20 15:20:00+05:30,1243.8,1246.7,1243.1,1246.0,908632,0
2026-03-20 15:25:00+05:30,1246.4,1250.0,1245.0,1249.8,609131,0
2026-03-23 09:15:00+05:30,1226.59,1234.9,1225.7,1227.4,1118739,0
2026-03-23 09:20:00+05:30,1227.4,1228.5,1225.2,1226.3,293829,0
2026-03-23 09:25:00+05:30,1226.09,1228.7,1225.0,1227.8,184493,0
2026-03-23 09:30:00+05:30,1227.8,1229.3,1226.2,1226.59,159820,0
2026-03-23 09:35:00+05:30,1226.59,1228.9,1225.59,1226.0,201126,0
2026-03-23 09:40:00+05:30,1226.09,1227.4,1224.0,1225.7,270698,0
2026-03-23 09:45:00+05:30,1226.09,1227.9,1226.0,1226.59,109907,0
2026-03-23 09:50:00+05:30,1226.5,1227.09,1225.0,1225.5,134710,0
2026-03-23 09:55:00+05:30,1225.3,1226.2,1222.5,1222.9,204731,0
2026-03-23 10:00:00+05:30,1223.09,1225.0,1221.8,1224.2,796404,0
2026-03-23 10:05:00+05:30,1223.59,1225.9,1223.59,1225.7,1035608,0
2026-03-23 10:10:00+05:30,1225.7,1225.8,1224.7,1225.2,86731,0
2026-03-23 10:15:00+05:30,1225.2,1227.5,1224.7,1225.4,142029,0
2026-03-23 10:20:00+05:30,1225.4,1225.9,1224.5,1225.8,112810,0
2026-03-23 10:25:00+05:30,1225.4,1227.0,1225.0,1225.59,65948,0
2026-03-23 10:30:00+05:30,1225.59,1226.9,1225.09,1225.5,140651,0
2026-03-23 10:35:00+05:30,1225.5,1226.9,1225.0,1225.5,79703,0
2026-03-23 10:40:00+05:30,1225.4,1225.59,1224.09,1225.4,72558,0
2026-03-23 10:45:00+05:30,1225.4,1227.8,1225.2,1227.2,92490,0
2026-03-23 10:50:00+05:30,1227.2,1227.2,1224.9,1225.7,102174,0
2026-03-23 10:55:00+05:30,1226.09,1226.3,1224.0,1226.09,125627,0
2026-03-23 11:00:00+05:30,1226.09,1226.2,1224.59,1225.7,59937,0
2026-03-23 11:05:00+05:30,1225.7,1227.0,1224.5,1225.4,85345,0
2026-03-23 11:10:00+05:30,1225.4,1226.4,1224.59,1225.59,51439,0
2026-03-23 11:15:00+05:30,1225.8,1226.0,1224.0,1225.2,83587,0
2026-03-23 11:20:00+05:30,1225.0,1225.59,1224.09,1225.59,53625,0
2026-03-23 11:25:00+05:30,1225.59,1227.7,1225.3,1226.2,77315,0
2026-03-23 11:30:00+05:30,1226.2,1226.9,1223.4,1223.59,63399,0
2026-03-23 11:35:00+05:30,1223.9,1224.0,1222.59,1224.0,84500,0
2026-03-23 11:40:00+05:30,1224.0,1225.5,1222.9,1224.4,112517,0
2026-03-23 11:45:00+05:30,1224.4,1225.5,1223.8,1224.9,50912,0
2026-03-23 11:50:00+05:30,1224.9,1226.8,1224.8,1225.7,68339,0
2026-03-23 11:55:00+05:30,1225.59,1226.4,1225.09,1225.8,72470,0
2026-03-23 12:00:00+05:30,1225.8,1229.0,1225.59,1226.0,89032,0
2026-03-23 12:05:00+05:30,1226.0,1227.09,1224.5,1226.09,80688,0
2026-03-23 12:10:00+05:30,1226.09,1226.59,1224.4,1224.59,63312,0
2026-03-23 12:15:00+05:30,1224.59,1225.8,1223.9,1225.0,108384,0
2026-03-23 12:20:00+05:30,1225.0,1225.3,1222.3,1222.7,171863,0
2026-03-23 12:25:00+05:30,1222.59,1223.9,1221.4,1223.8,94079,0
2026-03-23 12:30:00+05:30,1223.8,1223.9,1221.8,1223.8,78265,0
2026-03-23 12:35:00+05:30,1223.7,1225.8,1222.8,1224.2,109107,0
2026-03-23 12:40:00+05:30,1224.3,1225.9,1223.3,1225.0,144670,0
2026-03-23 12:45:00+05:30,1224.7,1227.5,1224.5,1226.4,80074,0
2026-03-23 12:50:00+05:30,1226.3,1226.59,1223.7,1223.7,85388,0
2026-03-23 12:55:00+05:30,1223.7,1225.8,1223.59,1225.59,94264,0
2026-03-23 13:00:00+05:30,1225.2,1225.9,1224.0,1224.8,106519,0
2026-03-23 13:05:00+05:30,1224.8,1225.4,1223.7,1224.4,109934,0
2026-03-23 13:10:00+05:30,1224.4,1224.5,1222.5,1224.2,116814,0
2026-03-23 13:15:00+05:30,1224.2,1225.0,1222.5,1223.09,111309,0
2026-03-23 13:20:00+05:30,1222.8,1224.3,1222.3,1223.9,114212,0
2026-03-23 13:25:00+05:30,1223.9,1224.7,1222.7,1224.4,142311,0
2026-03-23 13:30:00+05:30,1224.4,1226.3,1224.0,1224.7,106833,0
2026-03-23 13:35:00+05:30,1225.0,1226.09,1224.4,1224.9,100738,0
2026-03-23 13:40:00+05:30,1224.9,1226.59,1224.3,1226.2,139268,0
2026-03-23 13:45:00+05:30,1225.7,1226.4,1224.2,1225.7,502388,0
2026-03-23 13:50:00+05:30,1225.3,1226.5,1224.3,1225.7,315291,0
2026-03-23 13:55:00+05:30,1225.4,1226.9,1224.0,1225.9,405757,0
2026-03-23 14:00:00+05:30,1225.9,1230.0,1225.3,1228.9,274001,0
2026-03-23 14:05:00+05:30,1229.5,1231.0,1226.8,1227.7,344525,0
2026-03-23 14:10:00+05:30,1228.09,1229.09,1226.8,1227.3,300372,0
2026-03-23 14:15:00+05:30,1227.3,1228.9,1226.8,1227.5,235390,0
2026-03-23 14:20:00+05:30,1228.0,1230.4,1227.0,1229.3,221683,0
2026-03-23 14:25:00+05:30,1229.3,1230.9,1227.5,1228.0,254774,0
2026-03-23 14:30:00+05:30,1228.0,1228.4,1222.09,1223.4,336083,0
2026-03-23 14:35:00+05:30,1223.0,1227.7,1222.3,1226.09,360506,0
2026-03-23 14:40:00+05:30,1226.09,1229.0,1224.2,1227.8,423004,0
2026-03-23 14:45:00+05:30,1227.7,1228.09,1225.4,1227.0,221661,0
2026-03-23 14:50:00+05:30,1227.0,1229.5,1226.59,1227.7,258145,0
2026-03-23 14:55:00+05:30,1227.7,1228.0,1224.59,1225.8,405420,0
2026-03-23 15:00:00+05:30,1225.8,1225.9,1221.0,1221.09,450002,0
2026-03-23 15:05:00+05:30,1221.09,1224.9,1220.2,1224.4,553671,0
2026-03-23 15:10:00+05:30,1224.4,1225.3,1220.9,1220.9,428561,0
2026-03-23 15:15:00+05:30,1221.2,1221.2,1218.09,1219.3,528055,0
2026-03-23 15:20:00+05:30,1219.3,1225.0,1219.0,1224.7,775217,0
2026-03-23 15:25:00+05:30,1224.59,1226.5,1221.2,1225.0,793499,0
2026-03-24 09:15:00+05:30,1237.1,1239.9,1231.6,1234.7,883943,0
2026-03-24 09:20:00+05:30,1234.9,1238.5,1234.9,1238.2,152420,0
2026-03-24 09:25:00+05:30,1238.1,1241.3,1238.1,1241.1,175434,0
2026-03-24 09:30:00+05:30,1241.1,1243.5,1241.0,1241.8,98424,0
2026-03-24 09:35:00+05:30,1241.5,1244.0,1241.0,1241.3,102391,0
2026-03-24 09:40:00+05:30,1241.3,1243.5,1240.0,1241.3,129613,0
2026-03-24 09:45:00+05:30,1241.4,1241.7,1238.5,1240.8,116952,0
2026-03-24 09:50:00+05:30,1240.8,1242.5,1239.6,1242.4,83644,0
2026-03-24 09:55:00+05:30,1242.3,1246.0,1241.9,1243.9,124495,0
2026-03-24 10:00:00+05:30,1243.9,1243.9,1240.4,1241.3,89935,0
2026-03-24 10:05:00+05:30,1241.1,1242.2,1238.6,1239.3,92653,0
2026-03-24 10:10:00+05:30,1239.1,1240.0,1237.8,1239.3,128875,0
2026-03-24 10:15:00+05:30,1239.3,1240.6,1238.7,1239.0,102200,0
2026-03-24 10:20:00+05:30,1239.0,1240.0,1236.6,1239.8,93042,0
2026-03-24 10:25:00+05:30,1239.9,1240.0,1237.5,1237.7,89290,0
2026-03-24 10:30:00+05:30,1237.8,1237.8,1233.3,1233.3,133950,0
2026-03-24 10:35:00+05:30,1233.4,1233.6,1230.3,1230.4,161387,0
2026-03-24 10:40:00+05:30,1230.5,1233.5,1229.9,1232.3,202936,0
2026-03-24 10:45:00+05:30,1232.3,1234.7,1230.0,1233.0,170368,0
2026-03-24 10:50:00+05:30,1233.2,1233.5,1228.8,1229.5,196130,0
2026-03-24 10:55:00+05:30,1229.5,1230.0,1226.0,1226.8,208367,0
2026-03-24 11:00:00+05:30,1226.8,1228.9,1226.7,1228.6,120211,0
2026-03-24 11:05:00+05:30,1228.7,1229.1,1226.5,1227.9,90969,0
2026-03-24 11:10:00+05:30,1227.8,1229.0,1226.1,1228.1,154275,0
2026-03-24 11:15:00+05:30,1228.0,1231.6,1227.6,1230.7,110387,0
2026-03-24 11:20:00+05:30,1230.7,1231.4,1228.0,1228.0,165241,0
2026-03-24 11:25:00+05:30,1228.1,1230.8,1227.4,1229.0,140898,0
2026-03-24 11:30:00+05:30,1229.0,1230.1,1228.5,1229.2,141197,0
2026-03-24 11:35:00+05:30,1229.1,1229.9,1228.0,1228.2,99084,0
2026-03-24 11:40:00+05:30,1228.4,1229.2,1226.8,1228.8,155892,0
2026-03-24 11:45:00+05:30,1228.7,1230.9,1228.1,1228.5,154022,0
2026-03-24 11:50:00+05:30,1228.5,1229.3,1226.4,1227.8,188063,0
2026-03-24 11:55:00+05:30,1227.9,1230.3,1227.5,1228.9,140940,0
2026-03-24 12:00:00+05:30,1229.0,1229.1,1227.7,1227.8,92932,0
2026-03-24 12:05:00+05:30,1227.7,1227.8,1226.0,1226.7,115279,0
2026-03-24 12:10:00+05:30,1226.8,1227.0,1224.5,1224.9,97975,0
2026-03-24 12:15:00+05:30,1224.9,1225.8,1223.7,1225.3,134010,0
2026-03-24 12:20:00+05:30,1225.5,1230.7,1225.0,1230.0,247235,0
2026-03-24 12:25:00+05:30,1230.0,1235.3,1228.7,1229.6,521000,0
2026-03-24 12:30:00+05:30,1229.6,1232.7,1227.8,1232.1,601522,0
2026-03-24 12:35:00+05:30,1232.2,1235.7,1231.8,1235.7,378651,0
2026-03-24 12:40:00+05:30,1235.7,1236.4,1233.1,1234.4,207574,0
2026-03-24 12:45:00+05:30,1234.2,1237.8,1233.1,1235.9,510073,0
2026-03-24 12:50:00+05:30,1235.9,1238.0,1235.0,1237.0,170512,0
2026-03-24 12:55:00+05:30,1236.9,1238.9,1234.3,1236.1,282421,0
2026-03-24 13:00:00+05:30,1236.1,1239.1,1233.4,1234.5,139846,0
2026-03-24 13:05:00+05:30,1234.4,1237.8,1232.6,1236.9,136712,0
2026-03-24 13:10:00+05:30,1236.9,1241.2,1236.9,1241.0,173974,0
2026-03-24 13:15:00+05:30,1241.2,1243.9,1239.2,1243.7,164553,0
2026-03-24 13:20:00+05:30,1243.7,1246.0,1241.3,1242.7,163503,0
2026-03-24 13:25:00+05:30,1242.8,1245.7,1241.9,1245.2,120366,0
2026-03-24 13:30:00+05:30,1245.3,1246.4,1243.4,1244.6,229265,0
2026-03-24 13:35:00+05:30,1244.7,1247.6,1244.2,1244.8,338891,0
2026-03-24 13:40:00+05:30,1244.6,1249.1,1244.0,1248.6,817816,0
2026-03-24 13:45:00+05:30,1248.6,1251.1,1245.7,1246.4,749593,0
2026-03-24 13:50:00+05:30,1246.1,1249.5,1245.1,1248.7,427258,0
2026-03-24 13:55:00+05:30,1248.6,1251.0,1247.5,1248.5,234219,0
2026-03-24 14:00:00+05:30,1248.5,1250.1,1246.9,1248.9,190022,0
2026-03-24 14:05:00+05:30,1248.9,1250.7,1247.8,1249.2,125662,0
2026-03-24 14:10:00+05:30,1249.2,1250.5,1248.4,1249.6,166232,0
2026-03-24 14:15:00+05:30,1250.0,1253.0,1248.5,1249.0,215263,0
2026-03-24 14:20:00+05:30,1249.0,1250.5,1244.5,1248.3,277477,0
2026-03-24 14:25:00+05:30,1248.0,1250.2,1246.8,1249.3,293947,0
2026-03-24 14:30:00+05:30,1249.3,1249.3,1247.0,1249.1,316806,0
2026-03-24 14:35:00+05:30,1249.1,1249.8,1245.8,1246.7,217521,0
2026-03-24 14:40:00+05:30,1246.5,1249.6,1245.0,1248.1,261280,0
2026-03-24 14:45:00+05:30,1248.1,1249.6,1247.0,1249.3,271554,0
2026-03-24 14:50:00+05:30,1249.4,1249.6,1246.1,1247.2,252765,0
2026-03-24 14:55:00+05:30,1247.6,1249.9,1246.4,1248.6,206431,0
2026-03-24 15:00:00+05:30,1248.6,1252.1,1247.2,1250.8,1274911,0
2026-03-24 15:05:00+05:30,1250.8,1253.9,1249.1,1253.5,1272409,0
2026-03-24 15:10:00+05:30,1253.4,1253.9,1250.2,1250.3,997742,0
2026-03-24 15:15:00+05:30,1250.2,1253.5,1248.4,1250.9,1195541,0
2026-03-24 15:20:00+05:30,1250.9,1252.5,1249.2,1251.9,531112,0
2026-03-24 15:25:00+05:30,1251.6,1253.2,1251.4,1252.6,297597,0
2026-03-25 09:15:00+05:30,1258.9,1265.1,1256.8,1262.5,1032434,0
2026-03-25 09:20:00+05:30,1262.5,1264.5,1261.1,1261.6,146882,0
2026-03-25 09:25:00+05:30,1261.5,1262.4,1260.1,1260.8,125315,0
2026-03-25 09:30:00+05:30,1261.0,1261.8,1258.5,1260.0,171828,0
2026-03-25 09:35:00+05:30,1260.0,1260.2,1257.0,1257.8,197334,0
2026-03-25 09:40:00+05:30,1258.0,1263.2,1257.0,1262.8,450039,0
2026-03-25 09:45:00+05:30,1262.6,1265.7,1261.7,1262.5,169174,0
2026-03-25 09:50:00+05:30,1262.5,1263.1,1261.0,1261.5,140669,0
2026-03-25 09:55:00+05:30,1261.3,1264.0,1260.4,1261.5,280025,0
2026-03-25 10:00:00+05:30,1261.4,1263.0,1260.8,1262.2,174994,0
2026-03-25 10:05:00+05:30,1261.9,1264.0,1260.0,1263.7,244673,0
2026-03-25 10:10:00+05:30,1263.9,1266.6,1263.5,1265.4,161759,0
2026-03-25 10:15:00+05:30,1265.1,1267.6,1263.3,1265.1,315293,0
2026-03-25 10:20:00+05:30,1265.1,1265.3,1263.1,1264.1,95978,0
2026-03-25 10:25:00+05:30,1264.1,1266.4,1263.4,1265.8,99898,0
2026-03-25 10:30:00+05:30,1265.7,1266.6,1264.0,1265.1,151613,0
2026-03-25 10:35:00+05:30,1265.3,1265.8,1264.4,1264.8,65965,0
2026-03-25 10:40:00+05:30,1264.8,1268.0,1264.5,1267.6,110222,0
2026-03-25 10:45:00+05:30,1267.6,1269.0,1266.5,1267.0,106367,0
2026-03-25 10:50:00+05:30,1267.5,1268.4,1266.0,1267.6,94652,0
2026-03-25 10:55:00+05:30,1267.7,1268.1,1266.0,1266.8,85039,0
2026-03-25 11:00:00+05:30,1267.2,1267.9,1266.0,1267.0,111867,0
2026-03-25 11:05:00+05:30,1267.0,1268.3,1265.7,1267.4,114038,0
2026-03-25 11:10:00+05:30,1267.5,1268.5,1267.1,1268.2,88827,0
2026-03-25 11:15:00+05:30,1268.3,1268.9,1267.1,1267.5,67690,0
2026-03-25 11:20:00+05:30,1267.6,1267.9,1266.4,1267.0,279137,0
2026-03-25 11:25:00+05:30,1267.0,1268.4,1266.3,1267.4,104820,0
2026-03-25 11:30:00+05:30,1267.8,1268.8,1266.6,1268.0,132968,0
2026-03-25 11:35:00+05:30,1268.1,1268.7,1266.5,1268.0,93597,0
2026-03-25 11:40:00+05:30,1267.7,1269.6,1267.2,1267.7,102173,0
2026-03-25 11:45:00+05:30,1267.9,1270.0,1266.4,1269.5,167989,0
2026-03-25 11:50:00+05:30,1269.5,1271.0,1268.4,1270.3,123287,0
2026-03-25 11:55:00+05:30,1270.7,1272.0,1269.7,1270.1,96772,0
2026-03-25 12:00:00+05:30,1270.3,1270.7,1268.4,1269.9,80112,0
2026-03-25 12:05:00+05:30,1269.6,1270.5,1268.7,1269.0,79366,0
2026-03-25 12:10:00+05:30,1269.3,1270.8,1267.8,1269.9,185442,0
2026-03-25 12:15:00+05:30,1270.1,1272.5,1268.6,1272.3,130574,0
2026-03-25 12:20:00+05:30,1272.3,1272.7,1270.0,1270.1,74730,0
2026-03-25 12:25:00+05:30,1270.2,1270.5,1268.1,1269.1,167141,0
2026-03-25 12:30:00+05:30,1269.4,1272.9,1268.0,1272.0,96555,0
2026-03-25 12:35:00+05:30,1272.2,1272.9,1268.6,1268.8,91505,0
2026-03-25 12:40:00+05:30,1269.2,1270.6,1268.5,1270.0,117421,0
2026-03-25 12:45:00+05:30,1270.2,1271.1,1269.5,1269.8,164356,0
2026-03-25 12:50:00+05:30,1269.8,1269.9,1268.0,1268.8,178290,0
2026-03-25 12:55:00+05:30,1268.8,1270.0,1265.8,1265.9,226434,0
2026-03-25 13:00:00+05:30,1266.3,1267.8,1265.9,1267.3,119111,0
2026-03-25 13:05:00+05:30,1267.4,1268.6,1265.0,1265.6,82868,0
2026-03-25 13:10:00+05:30,1265.6,1266.8,1264.1,1264.2,67623,0
2026-03-25 13:15:00+05:30,1264.8,1266.2,1263.2,1263.2,81305,0
2026-03-25 13:20:00+05:30,1263.4,1265.6,1263.0,1264.5,75247,0
2026-03-25 13:25:00+05:30,1264.5,1267.0,1264.5,1266.1,87176,0
2026-03-25 13:30:00+05:30,1266.1,1267.3,1263.5,1266.4,118225,0
2026-03-25 13:35:00+05:30,1266.4,1267.4,1265.4,1266.3,97485,0
2026-03-25 13:40:00+05:30,1266.3,1266.6,1263.4,1264.2,134653,0
2026-03-25 13:45:00+05:30,1263.8,1265.3,1263.4,1264.5,84389,0
2026-03-25 13:50:00+05:30,1264.5,1265.6,1263.9,1264.0,166850,0
2026-03-25 13:55:00+05:30,1264.1,1264.1,1262.1,1262.7,97518,0
2026-03-25 14:00:00+05:30,1262.7,1264.2,1261.1,1263.0,163035,0
2026-03-25 14:05:00+05:30,1263.0,1263.3,1260.5,1260.7,92447,0
2026-03-25 14:10:00+05:30,1260.7,1260.8,1259.0,1259.7,126160,0
2026-03-25 14:15:00+05:30,1260.1,1260.9,1259.0,1259.4,127408,0
2026-03-25 14:20:00+05:30,1259.4,1260.0,1257.1,1258.0,207351,0
2026-03-25 14:25:00+05:30,1258.0,1259.4,1257.1,1258.8,294810,0
2026-03-25 14:30:00+05:30,1258.9,1259.7,1256.8,1258.7,241414,0
2026-03-25 14:35:00+05:30,1258.8,1260.0,1258.5,1259.7,171110,0
2026-03-25 14:40:00+05:30,1259.6,1262.4,1259.3,1260.6,137681,0
2026-03-25 14:45:00+05:30,1260.6,1261.6,1259.4,1260.4,187218,0
2026-03-25 14:50:00+05:30,1260.0,1260.6,1258.9,1260.2,297599,0
2026-03-25 14:55:00+05:30,1260.0,1260.4,1258.7,1259.2,306713,0
2026-03-25 15:00:00+05:30,1259.0,1263.7,1254.4,1262.1,2095909,0
2026-03-25 15:05:00+05:30,1262.1,1262.2,1256.1,1259.5,1118454,0
2026-03-25 15:10:00+05:30,1259.5,1262.2,1257.1,1259.8,1514044,0
2026-03-25 15:15:00+05:30,1259.5,1261.1,1258.7,1259.1,519289,0
2026-03-25 15:20:00+05:30,1259.1,1260.5,1258.4,1260.4,600334,0
2026-03-25 15:25:00+05:30,1260.4,1260.5,1257.0,1258.4,380161,0
2026-03-27 09:15:00+05:30,1256.0,1260.9,1248.5,1255.9,1188568,0
2026-03-27 09:20:00+05:30,1255.5,1257.3,1253.9,1254.2,215137,0
2026-03-27 09:25:00+05:30,1254.2,1254.6,1251.0,1251.1,122146,0
2026-03-27 09:30:00+05:30,1251.7,1254.7,1250.6,1251.9,215920,0
2026-03-27 09:35:00+05:30,1251.9,1252.9,1251.4,1252.2,96482,0
2026-03-27 09:40:00+05:30,1252.2,1254.5,1251.1,1254.4,170064,0
2026-03-27 09:45:00+05:30,1254.0,1256.4,1253.4,1255.6,103905,0
2026-03-27 09:50:00+05:30,1255.6,1256.3,1253.4,1253.7,180097,0
2026-03-27 09:55:00+05:30,1253.7,1254.0,1252.4,1253.2,121447,0
2026-03-27 10:00:00+05:30,1253.2,1254.8,1251.9,1254.5,67621,0
2026-03-27 10:05:00+05:30,1254.5,1255.4,1253.4,1255.0,120593,0
2026-03-27 10:10:00+05:30,1255.1,1255.1,1252.6,1253.6,79279,0
2026-03-27 10:15:00+05:30,1253.6,1254.8,1252.0,1253.0,178538,0
2026-03-27 10:20:00+05:30,1253.0,1256.0,1252.5,1255.0,137815,0
2026-03-27 10:25:00+05:30,1255.2,1255.6,1253.3,1254.8,80040,0
2026-03-27 10:30:00+05:30,1254.8,1257.0,1252.4,1254.1,144255,0
2026-03-27 10:35:00+05:30,1254.1,1255.7,1253.1,1255.0,80060,0
2026-03-27 10:40:00+05:30,1255.3,1256.0,1253.1,1254.2,143600,0
2026-03-27 10:45:00+05:30,1254.2,1255.0,1253.3,1253.7,48604,0
2026-03-27 10:50:00+05:30,1253.6,1254.0,1251.0,1251.2,84724,0
2026-03-27 10:55:00+05:30,1251.6,1252.0,1248.5,1250.0,169062,0
2026-03-27 11:00:00+05:30,1250.0,1251.5,1248.5,1248.9,541247,0
2026-03-27 11:05:00+05:30,1248.9,1250.5,1248.5,1248.9,98222,0
2026-03-27 11:10:00+05:30,1249.0,1250.6,1248.9,1249.4,68052,0
2026-03-27 11:15:00+05:30,1249.4,1250.3,1246.6,1246.9,124740,0
2026-03-27 11:20:00+05:30,1246.7,1247.7,1246.1,1246.3,84579,0
2026-03-27 11:25:00+05:30,1246.5,1247.5,1244.9,1245.6,155541,0
2026-03-27 11:30:00+05:30,1245.5,1248.5,1245.4,1247.2,167745,0
2026-03-27 11:35:00+05:30,1247.2,1248.6,1246.0,1247.6,147660,0
2026-03-27 11:40:00+05:30,1247.6,1248.4,1245.4,1246.8,210845,0
2026-03-27 11:45:00+05:30,1246.9,1247.7,1246.8,1247.2,62544,0
2026-03-27 11:50:00+05:30,1247.3,1248.0,1246.8,1247.9,66751,0
2026-03-27 11:55:00+05:30,1247.8,1248.7,1246.7,1247.5,121074,0
2026-03-27 12:00:00+05:30,1247.5,1247.6,1246.1,1246.7,87632,0
2026-03-27 12:05:00+05:30,1246.7,1248.8,1246.4,1247.0,127051,0
2026-03-27 12:10:00+05:30,1247.0,1247.1,1246.0,1246.3,49253,0
2026-03-27 12:15:00+05:30,1246.1,1247.5,1246.0,1246.9,225345,0
2026-03-27 12:20:00+05:30,1246.9,1249.1,1246.9,1248.6,137205,0
2026-03-27 12:25:00+05:30,1248.6,1252.0,1248.4,1251.8,326732,0
2026-03-27 12:30:00+05:30,1251.9,1252.0,1249.4,1251.5,222485,0
2026-03-27 12:35:00+05:30,1251.5,1253.0,1251.2,1251.6,121686,0
2026-03-27 12:40:00+05:30,1251.6,1254.0,1250.6,1253.6,268560,0
2026-03-27 12:45:00+05:30,1253.9,1254.4,1252.9,1253.1,238395,0
2026-03-27 12:50:00+05:30,1253.3,1254.5,1250.8,1252.1,175877,0
2026-03-27 12:55:00+05:30,1252.1,1252.5,1251.2,1251.2,90861,0
2026-03-27 13:00:00+05:30,1251.2,1252.3,1250.2,1251.1,111595,0
2026-03-27 13:05:00+05:30,1251.1,1252.3,1250.8,1251.6,120794,0
2026-03-27 13:10:00+05:30,1251.6,1252.5,1250.9,1251.9,95083,0
2026-03-27 13:15:00+05:30,1251.8,1254.0,1251.3,1252.9,156700,0
2026-03-27 13:20:00+05:30,1252.9,1253.6,1251.9,1253.4,176157,0
2026-03-27 13:25:00+05:30,1253.4,1254.8,1251.0,1251.1,158431,0
2026-03-27 13:30:00+05:30,1251.1,1251.1,1248.9,1249.9,129664,0
2026-03-27 13:35:00+05:30,1249.8,1251.1,1249.1,1249.6,126700,0
2026-03-27 13:40:00+05:30,1249.5,1250.8,1249.3,1250.0,115365,0
2026-03-27 13:45:00+05:30,1249.6,1250.6,1248.3,1248.5,318324,0
2026-03-27 13:50:00+05:30,1248.5,1248.8,1245.6,1245.7,129564,0
2026-03-27 13:55:00+05:30,1245.7,1246.8,1244.2,1245.0,138978,0
2026-03-27 14:00:00+05:30,1244.7,1245.2,1242.0,1242.2,126083,0
2026-03-27 14:05:00+05:30,1242.2,1242.4,1240.1,1241.7,237810,0
2026-03-27 14:10:00+05:30,1241.7,1243.1,1240.0,1242.4,184273,0
2026-03-27 14:15:00+05:30,1242.4,1245.1,1242.3,1243.9,231800,0
2026-03-27 14:20:00+05:30,1244.1,1245.0,1243.1,1243.7,211424,0
2026-03-27 14:25:00+05:30,1243.7,1246.3,1243.6,1245.4,284420,0
2026-03-27 14:30:00+05:30,1245.3,1246.1,1242.3,1242.8,188651,0
2026-03-27 14:35:00+05:30,1243.1,1243.7,1240.5,1241.9,123878,0
2026-03-27 14:40:00+05:30,1241.9,1243.0,1240.7,1241.7,240740,0
2026-03-27 14:45:00+05:30,1241.7,1243.6,1241.7,1243.0,253390,0
2026-03-27 14:50:00+05:30,1242.7,1244.0,1241.7,1242.7,215650,0
2026-03-27 14:55:00+05:30,1242.5,1243.5,1240.1,1241.0,261485,0
2026-03-27 15:00:00+05:30,1241.0,1241.1,1235.5,1237.0,2067695,0
2026-03-27 15:05:00+05:30,1237.0,1237.3,1231.5,1233.3,2121960,0
2026-03-27 15:10:00+05:30,1233.4,1235.0,1232.7,1234.4,2101735,0
2026-03-27 15:15:00+05:30,1234.4,1234.4,1231.1,1233.7,1982177,0
2026-03-27 15:20:00+05:30,1233.6,1233.6,1230.9,1231.4,1961807,0
2026-03-27 15:25:00+05:30,1232.0,1239.8,1230.1,1237.9,1389460,0
2026-03-30 09:15:00+05:30,1216.5,1222.6,1212.3,1213.4,1357932,0
2026-03-30 09:20:00+05:30,1213.4,1214.8,1206.5,1207.1,551453,0
2026-03-30 09:25:00+05:30,1207.3,1213.9,1206.0,1212.2,427859,0
2026-03-30 09:30:00+05:30,1212.2,1219.6,1212.0,1219.4,293555,0
2026-03-30 09:35:00+05:30,1219.3,1220.9,1216.7,1218.2,175748,0
2026-03-30 09:40:00+05:30,1218.3,1219.6,1216.2,1218.2,128449,0
2026-03-30 09:45:00+05:30,1218.2,1219.2,1215.4,1215.5,119991,0
2026-03-30 09:50:00+05:30,1216.0,1218.0,1214.5,1215.8,171221,0
2026-03-30 09:55:00+05:30,1216.0,1219.7,1215.0,1219.1,160311,0
2026-03-30 10:00:00+05:30,1219.2,1222.5,1217.5,1221.9,198660,0
2026-03-30 10:05:00+05:30,1221.7,1221.8,1219.3,1220.4,160084,0
2026-03-30 10:10:00+05:30,1220.3,1220.5,1217.0,1219.0,128453,0
2026-03-30 10:15:00+05:30,1218.4,1219.4,1216.6,1217.2,59603,0
2026-03-30 10:20:00+05:30,1217.1,1218.5,1216.0,1216.7,239890,0
2026-03-30 10:25:00+05:30,1216.6,1219.0,1216.4,1218.2,97283,0
2026-03-30 10:30:00+05:30,1218.2,1219.8,1218.0,1219.7,68383,0
2026-03-30 10:35:00+05:30,1219.6,1221.4,1217.7,1218.2,139107,0
2026-03-30 10:40:00+05:30,1218.0,1220.8,1217.6,1219.0,143364,0
2026-03-30 10:45:00+05:30,1218.9,1220.6,1217.2,1219.4,90463,0
2026-03-30 10:50:00+05:30,1219.0,1220.0,1215.1,1215.2,164150,0
2026-03-30 10:55:00+05:30,1215.2,1217.0,1213.4,1215.5,191777,0
2026-03-30 11:00:00+05:30,1215.5,1217.0,1215.1,1217.0,68863,0
2026-03-30 11:05:00+05:30,1216.8,1217.6,1215.0,1215.4,69967,0
2026-03-30 11:10:00+05:30,1215.3,1217.5,1214.3,1216.2,145217,0
2026-03-30 11:15:00+05:30,1216.1,1216.5,1214.1,1215.5,138901,0
2026-03-30 11:20:00+05:30,1215.4,1215.8,1211.2,1213.4,321338,0
2026-03-30 11:25:00+05:30,1213.4,1214.8,1212.9,1213.2,157137,0
2026-03-30 11:30:00+05:30,1213.1,1214.9,1211.0,1214.9,139855,0
2026-03-30 11:35:00+05:30,1214.9,1216.8,1214.3,1215.8,206804,0
2026-03-30 11:40:00+05:30,1215.8,1216.0,1213.4,1213.8,245441,0
2026-03-30 11:45:00+05:30,1213.7,1214.9,1212.4,1213.2,105578,0
2026-03-30 11:50:00+05:30,1213.0,1214.9,1212.5,1214.9,54774,0
2026-03-30 11:55:00+05:30,1214.8,1215.6,1214.0,1214.6,54835,0
2026-03-30 12:00:00+05:30,1214.6,1218.2,1214.3,1217.4,197290,0
2026-03-30 12:05:00+05:30,1217.4,1220.2,1216.6,1217.6,255050,0
2026-03-30 12:10:00+05:30,1217.7,1219.0,1216.8,1218.1,76707,0
2026-03-30 12:15:00+05:30,1218.2,1218.9,1217.1,1218.6,71050,0
2026-03-30 12:20:00+05:30,1218.6,1220.0,1217.0,1217.2,273218,0
2026-03-30 12:25:00+05:30,1217.1,1217.7,1215.2,1215.8,136018,0
2026-03-30 12:30:00+05:30,1216.0,1216.6,1214.2,1215.0,120029,0
2026-03-30 12:35:00+05:30,1215.0,1219.9,1214.4,1219.7,161397,0
2026-03-30 12:40:00+05:30,1219.6,1220.9,1218.9,1220.0,115160,0
2026-03-30 12:45:00+05:30,1220.0,1220.8,1218.4,1218.9,63073,0
2026-03-30 12:50:00+05:30,1218.9,1219.0,1216.3,1217.2,100576,0
2026-03-30 12:55:00+05:30,1217.3,1217.5,1216.4,1216.7,67948,0
2026-03-30 13:00:00+05:30,1216.9,1217.3,1214.5,1215.8,121998,0
2026-03-30 13:05:00+05:30,1215.8,1216.2,1214.7,1215.3,57168,0
2026-03-30 13:10:00+05:30,1215.3,1216.0,1213.9,1215.9,164504,0
2026-03-30 13:15:00+05:30,1216.0,1217.5,1214.2,1215.0,296714,0
2026-03-30 13:20:00+05:30,1215.1,1215.7,1214.5,1214.9,143102,0
2026-03-30 13:25:00+05:30,1214.9,1215.0,1213.4,1214.6,104453,0
2026-03-30 13:30:00+05:30,1214.7,1215.0,1213.5,1214.6,108772,0
2026-03-30 13:35:00+05:30,1214.7,1215.8,1214.3,1215.7,89353,0
2026-03-30 13:40:00+05:30,1215.6,1216.0,1214.3,1214.9,104592,0
2026-03-30 13:45:00+05:30,1214.9,1216.8,1214.4,1215.9,229615,0
2026-03-30 13:50:00+05:30,1215.7,1216.9,1213.0,1216.3,511868,0
2026-03-30 13:55:00+05:30,1216.4,1219.4,1215.9,1217.6,666446,0
2026-03-30 14:00:00+05:30,1217.5,1220.6,1217.4,1219.1,241790,0
2026-03-30 14:05:00+05:30,1219.0,1220.0,1217.9,1218.0,206044,0
2026-03-30 14:10:00+05:30,1218.0,1218.0,1216.7,1217.3,79580,0
2026-03-30 14:15:00+05:30,1217.4,1217.9,1216.4,1217.1,127165,0
2026-03-30 14:20:00+05:30,1217.1,1217.7,1213.4,1214.7,211632,0
2026-03-30 14:25:00+05:30,1214.7,1215.7,1213.3,1213.7,100193,0
2026-03-30 14:30:00+05:30,1213.5,1216.0,1213.3,1214.0,181558,0
2026-03-30 14:35:00+05:30,1214.2,1214.3,1211.3,1212.7,173127,0
2026-03-30 14:40:00+05:30,1212.7,1213.9,1211.6,1213.1,156584,0
2026-03-30 14:45:00+05:30,1213.1,1214.3,1211.0,1212.7,275879,0
2026-03-30 14:50:00+05:30,1212.7,1213.9,1210.8,1211.2,287307,0
2026-03-30 14:55:00+05:30,1211.1,1212.0,1210.2,1210.7,140697,0
2026-03-30 15:00:00+05:30,1210.6,1210.6,1202.7,1203.1,2951988,0
2026-03-30 15:05:00+05:30,1203.1,1203.9,1200.4,1201.7,1832058,0
2026-03-30 15:10:00+05:30,1201.9,1207.1,1201.1,1206.6,1623852,0
2026-03-30 15:15:00+05:30,1206.5,1209.4,1204.8,1207.1,2198996,0
2026-03-30 15:20:00+05:30,1207.0,1208.9,1206.0,1208.5,1241112,0
2026-03-30 15:25:00+05:30,1208.5,1212.0,1205.1,1211.8,903437,0
2026-04-01 09:15:00+05:30,1228.1,1234.0,1222.0,1226.3,3980264,0
2026-04-01 09:20:00+05:30,1226.0,1227.0,1222.6,1225.0,825594,0
2026-04-01 09:25:00+05:30,1225.0,1225.0,1221.2,1223.2,570074,0
2026-04-01 09:30:00+05:30,1223.2,1224.1,1218.8,1220.7,2533430,0
2026-04-01 09:35:00+05:30,1220.6,1222.4,1218.1,1221.4,483688,0
2026-04-01 09:40:00+05:30,1221.5,1224.0,1221.1,1223.9,435172,0
2026-04-01 09:45:00+05:30,1223.6,1226.8,1223.3,1225.0,245474,0
2026-04-01 09:50:00+05:30,1225.0,1227.3,1224.5,1225.8,165303,0
2026-04-01 09:55:00+05:30,1225.7,1226.0,1224.4,1224.6,87353,0
2026-04-01 10:00:00+05:30,1224.4,1225.8,1223.0,1225.1,173438,0
2026-04-01 10:05:00+05:30,1224.9,1226.0,1222.7,1224.0,121018,0
2026-04-01 10:10:00+05:30,1224.0,1224.0,1220.9,1222.3,142300,0
2026-04-01 10:15:00+05:30,1222.3,1223.3,1221.1,1222.4,104690,0
2026-04-01 10:20:00+05:30,1222.4,1222.5,1216.3,1218.6,319502,0
2026-04-01 10:25:00+05:30,1218.5,1218.6,1215.1,1217.5,170263,0
2026-04-01 10:30:00+05:30,1217.4,1219.5,1215.6,1215.8,230227,0
2026-04-01 10:35:00+05:30,1215.6,1216.6,1215.1,1215.9,114007,0
2026-04-01 10:40:00+05:30,1215.9,1217.7,1215.1,1217.3,168318,0
2026-04-01 10:45:00+05:30,1217.3,1218.2,1216.4,1217.9,88362,0
2026-04-01 10:50:00+05:30,1217.9,1219.6,1216.8,1217.3,153732,0
2026-04-01 10:55:00+05:30,1217.8,1217.8,1216.8,1217.2,103305,0
2026-04-01 11:00:00+05:30,1217.2,1217.2,1215.1,1216.6,181167,0
2026-04-01 11:05:00+05:30,1216.5,1218.2,1216.3,1217.0,135542,0
2026-04-01 11:10:00+05:30,1217.0,1218.0,1216.2,1216.5,84663,0
2026-04-01 11:15:00+05:30,1216.6,1216.6,1213.3,1214.7,162279,0
2026-04-01 11:20:00+05:30,1214.9,1217.3,1214.2,1217.3,78822,0
2026-04-01 11:25:00+05:30,1217.1,1217.7,1216.3,1217.3,99858,0
2026-04-01 11:30:00+05:30,1217.4,1218.6,1216.6,1216.7,192375,0
2026-04-01 11:35:00+05:30,1216.6,1219.4,1215.5,1218.8,147565,0
2026-04-01 11:40:00+05:30,1218.9,1221.4,1218.0,1219.8,224804,0
2026-04-01 11:45:00+05:30,1219.7,1220.0,1218.0,1218.4,77704,0
2026-04-01 11:50:00+05:30,1218.4,1218.8,1216.0,1216.0,221692,0
2026-04-01 11:55:00+05:30,1216.0,1220.0,1215.8,1219.2,94062,0
2026-04-01 12:00:00+05:30,1219.2,1221.4,1218.7,1220.8,235302,0
2026-04-01 12:05:00+05:30,1220.4,1223.4,1218.4,1218.8,520193,0
2026-04-01 12:10:00+05:30,1218.8,1220.0,1217.8,1219.5,95895,0
2026-04-01 12:15:00+05:30,1219.5,1220.0,1218.3,1219.1,193596,0
2026-04-01 12:20:00+05:30,1219.0,1220.3,1218.5,1219.3,88177,0
2026-04-01 12:25:00+05:30,1219.2,1219.9,1218.9,1219.1,150330,0
2026-04-01 12:30:00+05:30,1219.1,1219.9,1218.1,1218.3,120044,0
2026-04-01 12:35:00+05:30,1218.2,1219.0,1217.3,1218.8,106207,0
2026-04-01 12:40:00+05:30,1218.7,1220.5,1218.0,1218.6,279906,0
2026-04-01 12:45:00+05:30,1218.6,1221.3,1218.5,1220.6,178901,0
2026-04-01 12:50:00+05:30,1220.7,1221.5,1220.0,1221.3,195899,0
2026-04-01 12:55:00+05:30,1221.3,1224.0,1220.9,1222.6,567409,0
2026-04-01 13:00:00+05:30,1223.1,1224.2,1221.9,1222.8,221614,0
2026-04-01 13:05:00+05:30,1222.8,1223.4,1221.7,1223.0,120479,0
2026-04-01 13:10:00+05:30,1222.9,1224.5,1220.3,1224.4,228380,0
2026-04-01 13:15:00+05:30,1224.2,1225.0,1221.7,1222.1,368421,0
2026-04-01 13:20:00+05:30,1222.2,1222.3,1220.3,1220.6,121614,0
2026-04-01 13:25:00+05:30,1220.6,1220.9,1219.1,1219.9,99630,0
2026-04-01 13:30:00+05:30,1219.9,1219.9,1217.7,1218.8,85177,0
2026-04-01 13:35:00+05:30,1218.8,1219.0,1217.2,1217.8,115562,0
2026-04-01 13:40:00+05:30,1217.8,1217.8,1210.0,1210.9,308239,0
2026-04-01 13:45:00+05:30,1210.7,1212.9,1210.0,1212.0,191033,0
2026-04-01 13:50:00+05:30,1211.8,1213.8,1211.0,1212.5,237771,0
2026-04-01 13:55:00+05:30,1212.4,1213.9,1212.0,1212.2,201934,0
2026-04-01 14:00:00+05:30,1212.2,1214.2,1211.6,1212.7,215217,0
2026-04-01 14:05:00+05:30,1213.0,1217.0,1212.8,1215.7,736023,0
2026-04-01 14:10:00+05:30,1216.0,1217.9,1214.2,1217.3,322064,0
2026-04-01 14:15:00+05:30,1217.7,1217.9,1215.9,1217.2,103628,0
2026-04-01 14:20:00+05:30,1217.3,1217.8,1215.4,1217.0,221509,0
2026-04-01 14:25:00+05:30,1217.0,1217.0,1215.4,1216.2,143414,0
2026-04-01 14:30:00+05:30,1216.5,1217.0,1215.6,1216.9,105331,0
2026-04-01 14:35:00+05:30,1216.9,1217.0,1213.5,1214.9,617831,0
2026-04-01 14:40:00+05:30,1214.6,1214.8,1212.6,1213.7,142529,0
2026-04-01 14:45:00+05:30,1213.7,1214.2,1212.0,1212.5,220844,0
2026-04-01 14:50:00+05:30,1212.5,1213.0,1210.4,1212.8,330567,0
2026-04-01 14:55:00+05:30,1212.4,1214.5,1211.2,1212.3,537212,0
2026-04-01 15:00:00+05:30,1212.0,1214.0,1211.0,1212.6,819044,0
2026-04-01 15:05:00+05:30,1212.6,1213.5,1212.0,1212.6,653863,0
2026-04-01 15:10:00+05:30,1212.6,1213.8,1212.3,1212.5,803890,0
2026-04-01 15:15:00+05:30,1212.5,1213.4,1212.4,1213.1,455437,0
2026-04-01 15:20:00+05:30,1213.1,1213.1,1211.8,1212.7,625710,0
2026-04-01 15:25:00+05:30,1212.9,1213.0,1211.9,1213.0,466744,0
2026-04-02 09:15:00+05:30,1196.0,1197.7,1187.6,1191.1,890715,0
2026-04-02 09:20:00+05:30,1190.9,1194.4,1190.0,1193.4,254612,0
2026-04-02 09:25:00+05:30,1192.9,1194.3,1190.0,1191.2,174784,0
2026-04-02 09:30:00+05:30,1191.3,1193.5,1191.1,1192.5,145116,0
2026-04-02 09:35:00+05:30,1193.0,1196.8,1192.6,1194.3,137814,0
2026-04-02 09:40:00+05:30,1194.3,1195.0,1193.2,1194.1,108083,0
2026-04-02 09:45:00+05:30,1194.1,1196.5,1192.4,1196.3,152798,0
2026-04-02 09:50:00+05:30,1196.3,1198.0,1195.6,1197.4,112792,0
2026-04-02 09:55:00+05:30,1197.4,1198.6,1197.0,1197.5,79910,0
2026-04-02 10:00:00+05:30,1197.4,1198.0,1195.3,1197.5,141993,0
2026-04-02 10:05:00+05:30,1197.5,1197.5,1195.1,1196.3,133689,0
2026-04-02 10:10:00+05:30,1196.3,1201.2,1195.2,1200.8,527846,0
2026-04-02 10:15:00+05:30,1200.7,1200.7,1197.5,1198.6,94790,0
2026-04-02 10:20:00+05:30,1198.6,1199.9,1196.9,1197.1,89939,0
2026-04-02 10:25:00+05:30,1197.3,1197.7,1196.2,1196.6,76183,0
2026-04-02 10:30:00+05:30,1196.5,1197.5,1195.9,1197.0,109837,0
2026-04-02 10:35:00+05:30,1197.0,1197.0,1195.0,1195.6,58850,0
2026-04-02 10:40:00+05:30,1195.6,1196.5,1195.3,1195.7,59415,0
2026-04-02 10:45:00+05:30,1195.7,1196.3,1193.8,1194.5,80945,0
2026-04-02 10:50:00+05:30,1194.5,1194.7,1192.9,1194.3,82102,0
2026-04-02 10:55:00+05:30,1194.2,1195.7,1194.0,1195.1,48168,0
2026-04-02 11:00:00+05:30,1195.1,1196.5,1193.7,1194.5,102711,0
2026-04-02 11:05:00+05:30,1194.5,1194.8,1191.6,1192.8,97316,0
2026-04-02 11:10:00+05:30,1192.9,1193.0,1191.4,1192.1,102204,0
2026-04-02 11:15:00+05:30,1192.3,1192.8,1188.5,1189.7,199717,0
2026-04-02 11:20:00+05:30,1189.7,1191.0,1188.6,1190.3,75588,0
2026-04-02 11:25:00+05:30,1190.1,1190.3,1189.1,1189.5,68693,0
2026-04-02 11:30:00+05:30,1189.5,1190.6,1189.0,1189.8,168551,0
2026-04-02 11:35:00+05:30,1189.8,1191.0,1189.1,1189.4,143447,0
2026-04-02 11:40:00+05:30,1189.4,1189.7,1188.0,1188.5,120144,0
2026-04-02 11:45:00+05:30,1188.6,1190.0,1188.5,1189.3,77856,0
2026-04-02 11:50:00+05:30,1189.3,1190.6,1188.8,1189.6,97462,0
2026-04-02 11:55:00+05:30,1189.2,1193.5,1188.5,1192.2,356422,0
2026-04-02 12:00:00+05:30,1192.0,1194.5,1191.1,1193.2,256120,0
2026-04-02 12:05:00+05:30,1193.2,1193.6,1191.1,1192.9,145499,0
2026-04-02 12:10:00+05:30,1192.8,1194.8,1192.8,1194.2,93035,0
2026-04-02 12:15:00+05:30,1194.2,1194.3,1192.4,1193.8,100321,0
2026-04-02 12:20:00+05:30,1193.8,1194.6,1192.6,1194.3,102604,0
2026-04-02 12:25:00+05:30,1194.1,1194.6,1192.4,1193.9,73785,0
2026-04-02 12:30:00+05:30,1193.6,1195.6,1193.3,1195.0,96434,0
2026-04-02 12:35:00+05:30,1195.0,1198.3,1194.6,1197.5,83887,0
2026-04-02 12:40:00+05:30,1197.5,1198.8,1196.0,1198.4,110485,0
2026-04-02 12:45:00+05:30,1198.4,1199.7,1197.0,1198.0,101919,0
2026-04-02 12:50:00+05:30,1198.0,1199.0,1195.1,1195.4,243401,0
2026-04-02 12:55:00+05:30,1195.5,1198.4,1195.1,1197.8,596308,0
2026-04-02 13:00:00+05:30,1197.7,1202.6,1197.6,1197.8,360579,0
2026-04-02 13:05:00+05:30,1197.9,1198.7,1194.7,1197.6,261083,0
2026-04-02 13:10:00+05:30,1197.9,1197.9,1194.6,1196.5,294165,0
2026-04-02 13:15:00+05:30,1196.5,1198.1,1195.4,1197.4,261413,0
2026-04-02 13:20:00+05:30,1197.4,1200.4,1196.6,1199.5,412482,0
2026-04-02 13:25:00+05:30,1199.6,1201.7,1197.7,1201.4,242627,0
2026-04-02 13:30:00+05:30,1201.4,1201.8,1199.4,1201.5,186585,0
2026-04-02 13:35:00+05:30,1201.2,1204.9,1200.0,1203.6,199528,0
2026-04-02 13:40:00+05:30,1203.7,1206.6,1203.1,1205.3,120275,0
2026-04-02 13:45:00+05:30,1205.6,1207.4,1203.6,1204.4,171997,0
2026-04-02 13:50:00+05:30,1204.3,1207.0,1203.3,1204.5,198116,0
2026-04-02 13:55:00+05:30,1204.5,1204.9,1201.8,1203.8,141911,0
2026-04-02 14:00:00+05:30,1203.7,1205.4,1203.0,1204.0,160151,0
2026-04-02 14:05:00+05:30,1204.0,1205.5,1201.1,1203.9,347940,0
2026-04-02 14:10:00+05:30,1203.9,1206.9,1203.3,1205.1,496904,0
2026-04-02 14:15:00+05:30,1205.2,1210.9,1205.2,1207.7,257256,0
2026-04-02 14:20:00+05:30,1207.7,1209.8,1206.3,1209.6,135702,0
2026-04-02 14:25:00+05:30,1209.6,1210.4,1206.5,1208.1,173166,0
2026-04-02 14:30:00+05:30,1208.2,1211.6,1207.1,1210.5,168466,0
2026-04-02 14:35:00+05:30,1210.5,1211.5,1206.7,1208.2,151128,0
2026-04-02 14:40:00+05:30,1208.3,1209.9,1204.4,1205.6,426826,0
2026-04-02 14:45:00+05:30,1205.5,1209.5,1204.4,1207.6,147729,0
2026-04-02 14:50:00+05:30,1207.6,1211.1,1207.3,1209.6,337348,0
2026-04-02 14:55:00+05:30,1209.6,1210.8,1208.8,1209.8,137259,0
2026-04-02 15:00:00+05:30,1209.8,1216.5,1209.3,1214.9,2360356,0
2026-04-02 15:05:00+05:30,1214.9,1216.6,1210.8,1214.7,1285321,0
2026-04-02 15:10:00+05:30,1214.7,1219.4,1213.9,1218.9,972008,0
2026-04-02 15:15:00+05:30,1218.9,1222.1,1217.1,1218.7,1453123,0
2026-04-02 15:20:00+05:30,1218.6,1221.5,1215.1,1216.1,1315970,0
2026-04-02 15:25:00+05:30,1216.0,1218.8,1214.1,1216.5,497258,0
2026-04-06 09:15:00+05:30,1213.0,1215.0,1202.1,1207.0,531908,0
2026-04-06 09:20:00+05:30,1207.0,1208.9,1203.2,1203.7,175443,0
2026-04-06 09:25:00+05:30,1203.7,1204.3,1201.1,1201.5,125302,0
2026-04-06 09:30:00+05:30,1201.4,1207.9,1200.5,1207.6,128015,0
2026-04-06 09:35:00+05:30,1207.7,1212.2,1207.0,1211.5,159276,0
2026-04-06 09:40:00+05:30,1211.8,1211.9,1205.2,1205.6,145023,0
2026-04-06 09:45:00+05:30,1205.6,1208.0,1203.0,1203.3,110212,0
2026-04-06 09:50:00+05:30,1203.6,1205.7,1202.6,1203.6,127151,0
2026-04-06 09:55:00+05:30,1203.5,1204.9,1202.9,1204.5,100477,0
2026-04-06 10:00:00+05:30,1204.5,1207.2,1204.2,1205.9,108313,0
2026-04-06 10:05:00+05:30,1205.9,1207.1,1205.6,1205.9,130641,0
2026-04-06 10:10:00+05:30,1205.9,1208.4,1204.6,1208.0,119497,0
2026-04-06 10:15:00+05:30,1208.0,1210.2,1206.1,1208.0,139638,0
2026-04-06 10:20:00+05:30,1208.0,1209.8,1207.9,1208.8,89145,0
2026-04-06 10:25:00+05:30,1208.8,1209.7,1206.1,1209.5,136499,0
2026-04-06 10:30:00+05:30,1209.6,1210.0,1207.3,1209.9,56066,0
2026-04-06 10:35:00+05:30,1210.0,1211.2,1209.5,1210.6,58414,0
2026-04-06 10:40:00+05:30,1210.6,1210.6,1208.0,1209.6,104767,0
2026-04-06 10:45:00+05:30,1209.7,1210.7,1209.0,1210.4,55631,0
2026-04-06 10:50:00+05:30,1210.4,1210.9,1207.8,1208.8,68686,0
2026-04-06 10:55:00+05:30,1208.8,1211.3,1208.3,1210.7,79148,0
2026-04-06 11:00:00+05:30,1210.6,1210.7,1208.0,1208.1,54483,0
2026-04-06 11:05:00+05:30,1208.3,1209.6,1207.9,1208.5,70257,0
2026-04-06 11:10:00+05:30,1208.5,1208.5,1206.6,1207.5,95463,0
2026-04-06 11:15:00+05:30,1207.5,1210.8,1207.1,1210.8,67045,0
2026-04-06 11:20:00+05:30,1210.8,1211.9,1209.1,1210.9,125609,0
2026-04-06 11:25:00+05:30,1210.9,1211.2,1208.7,1211.2,100692,0
2026-04-06 11:30:00+05:30,1211.2,1211.2,1209.5,1210.2,79238,0
2026-04-06 11:35:00+05:30,1210.2,1211.9,1209.9,1210.4,94342,0
2026-04-06 11:40:00+05:30,1210.4,1213.0,1209.7,1212.8,76559,0
2026-04-06 11:45:00+05:30,1212.8,1213.8,1212.0,1213.5,114137,0
2026-04-06 11:50:00+05:30,1213.5,1214.8,1213.2,1214.2,59127,0
2026-04-06 11:55:00+05:30,1214.2,1217.2,1213.9,1214.9,119240,0
2026-04-06 12:00:00+05:30,1215.0,1215.9,1214.8,1214.9,68500,0
2026-04-06 12:05:00+05:30,1215.0,1215.5,1213.4,1214.0,79815,0
2026-04-06 12:10:00+05:30,1214.0,1214.0,1212.0,1212.1,102960,0
2026-04-06 12:15:00+05:30,1212.1,1212.3,1210.4,1211.2,91081,0
2026-04-06 12:20:00+05:30,1211.2,1216.2,1211.1,1213.5,279143,0
2026-04-06 12:25:00+05:30,1213.5,1214.8,1213.1,1213.5,157432,0
2026-04-06 12:30:00+05:30,1213.6,1214.2,1209.1,1209.1,220592,0
2026-04-06 12:35:00+05:30,1209.3,1211.1,1208.5,1209.8,191844,0
2026-04-06 12:40:00+05:30,1209.8,1210.9,1208.5,1209.8,165154,0
2026-04-06 12:45:00+05:30,1209.8,1216.5,1209.8,1216.4,122656,0
2026-04-06 12:50:00+05:30,1216.4,1220.0,1215.6,1217.0,206985,0
2026-04-06 12:55:00+05:30,1217.0,1219.5,1216.6,1218.8,78966,0
2026-04-06 13:00:00+05:30,1218.8,1219.9,1216.5,1217.1,125092,0
2026-04-06 13:05:00+05:30,1217.1,1218.9,1216.6,1218.5,69520,0
2026-04-06 13:10:00+05:30,1218.5,1223.6,1218.3,1222.5,139412,0
2026-04-06 13:15:00+05:30,1222.5,1224.1,1221.2,1222.6,94911,0
2026-04-06 13:20:00+05:30,1222.6,1225.0,1222.4,1223.9,118382,0
2026-04-06 13:25:00+05:30,1223.9,1224.8,1222.1,1223.8,89060,0
2026-04-06 13:30:00+05:30,1223.4,1227.4,1223.2,1226.2,155773,0
2026-04-06 13:35:00+05:30,1226.2,1228.0,1225.0,1225.3,92314,0
2026-04-06 13:40:00+05:30,1225.3,1226.3,1223.6,1224.4,200804,0
2026-04-06 13:45:00+05:30,1224.7,1227.0,1224.1,1225.5,88639,0
2026-04-06 13:50:00+05:30,1225.5,1228.0,1225.1,1227.9,115336,0
2026-04-06 13:55:00+05:30,1227.9,1227.9,1225.2,1225.7,89813,0
2026-04-06 14:00:00+05:30,1225.7,1228.8,1225.6,1228.2,76518,0
2026-04-06 14:05:00+05:30,1228.2,1228.5,1226.8,1227.5,69026,0
2026-04-06 14:10:00+05:30,1227.7,1231.8,1227.5,1231.5,105629,0
2026-04-06 14:15:00+05:30,1231.5,1233.8,1230.1,1230.9,301649,0
2026-04-06 14:20:00+05:30,1231.0,1232.5,1229.1,1229.8,137299,0
2026-04-06 14:25:00+05:30,1229.9,1230.4,1227.6,1227.8,156334,0
2026-04-06 14:30:00+05:30,1228.1,1229.9,1227.8,1229.7,184694,0
2026-04-06 14:35:00+05:30,1229.9,1230.9,1228.1,1230.2,196443,0
2026-04-06 14:40:00+05:30,1230.2,1230.7,1228.0,1228.8,108942,0
2026-04-06 14:45:00+05:30,1228.7,1230.3,1228.5,1230.0,126422,0
2026-04-06 14:50:00+05:30,1230.0,1230.1,1227.2,1227.8,196235,0
2026-04-06 14:55:00+05:30,1227.7,1229.8,1226.2,1228.8,233915,0
2026-04-06 15:00:00+05:30,1228.7,1231.2,1228.4,1230.9,213637,0
2026-04-06 15:05:00+05:30,1230.9,1232.5,1230.2,1232.3,185915,0
2026-04-06 15:10:00+05:30,1232.2,1234.0,1231.1,1233.6,183710,0
2026-04-06 15:15:00+05:30,1233.6,1234.4,1231.0,1231.7,206092,0
2026-04-06 15:20:00+05:30,1231.7,1232.1,1230.2,1231.8,233598,0
2026-04-06 15:25:00+05:30,1231.8,1231.9,1228.6,1228.6,191740,0
2026-04-07 09:15:00+05:30,1229.0,1229.0,1217.0,1219.0,434887,0
2026-04-07 09:20:00+05:30,1219.4,1223.1,1216.6,1218.5,258955,0
2026-04-07 09:25:00+05:30,1219.0,1223.6,1218.5,1222.8,115908,0
2026-04-07 09:30:00+05:30,1222.8,1223.4,1221.1,1221.6,169211,0
2026-04-07 09:35:00+05:30,1221.6,1223.3,1220.5,1221.4,79306,0
2026-04-07 09:40:00+05:30,1221.4,1222.1,1218.4,1218.9,96217,0
2026-04-07 09:45:00+05:30,1218.9,1221.8,1218.7,1219.7,123825,0
2026-04-07 09:50:00+05:30,1219.7,1220.0,1218.6,1219.7,98972,0
2026-04-07 09:55:00+05:30,1219.7,1221.7,1219.3,1220.7,162491,0
2026-04-07 10:00:00+05:30,1220.6,1223.8,1220.4,1222.5,214450,0
2026-04-07 10:05:00+05:30,1222.5,1223.7,1221.5,1222.1,106686,0
2026-04-07 10:10:00+05:30,1222.4,1224.0,1222.1,1223.1,79813,0
2026-04-07 10:15:00+05:30,1223.1,1225.8,1223.0,1225.4,183614,0
2026-04-07 10:20:00+05:30,1225.4,1226.4,1223.3,1224.0,167374,0
2026-04-07 10:25:00+05:30,1224.0,1225.3,1223.5,1225.1,45067,0
2026-04-07 10:30:00+05:30,1225.1,1225.4,1223.2,1223.2,50867,0
2026-04-07 10:35:00+05:30,1223.2,1225.0,1222.4,1224.6,55350,0
2026-04-07 10:40:00+05:30,1224.9,1228.0,1224.6,1227.5,100139,0
2026-04-07 10:45:00+05:30,1227.5,1227.5,1224.6,1225.2,67644,0
2026-04-07 10:50:00+05:30,1225.2,1225.9,1221.4,1222.2,155407,0
2026-04-07 10:55:00+05:30,1222.5,1223.7,1219.0,1220.1,153780,0
2026-04-07 11:00:00+05:30,1220.2,1222.2,1219.7,1220.4,103146,0
2026-04-07 11:05:00+05:30,1221.0,1222.9,1219.9,1221.6,226221,0
2026-04-07 11:10:00+05:30,1221.6,1222.5,1220.0,1222.3,274448,0
2026-04-07 11:15:00+05:30,1222.3,1224.2,1221.4,1222.0,163948,0
2026-04-07 11:20:00+05:30,1222.1,1224.9,1221.5,1224.8,204992,0
2026-04-07 11:25:00+05:30,1224.8,1226.5,1224.6,1226.0,91449,0
2026-04-07 11:30:00+05:30,1226.1,1226.8,1225.1,1225.7,89866,0
2026-04-07 11:35:00+05:30,1225.7,1227.0,1225.5,1226.3,92386,0
2026-04-07 11:40:00+05:30,1226.4,1226.4,1224.3,1224.5,77226,0
2026-04-07 11:45:00+05:30,1224.5,1225.0,1223.2,1224.4,94628,0
2026-04-07 11:50:00+05:30,1224.5,1226.7,1224.0,1226.3,74592,0
2026-04-07 11:55:00+05:30,1226.3,1229.0,1226.3,1228.1,173599,0
2026-04-07 12:00:00+05:30,1228.1,1228.1,1224.1,1224.5,105483,0
2026-04-07 12:05:00+05:30,1224.5,1225.3,1223.3,1225.1,100572,0
2026-04-07 12:10:00+05:30,1225.2,1225.2,1223.2,1224.9,117148,0
2026-04-07 12:15:00+05:30,1224.9,1225.0,1223.5,1223.8,44507,0
2026-04-07 12:20:00+05:30,1224.0,1224.1,1223.0,1223.1,41181,0
2026-04-07 12:25:00+05:30,1223.5,1224.6,1222.5,1224.0,2086487,0
2026-04-07 12:30:00+05:30,1224.0,1226.1,1222.9,1224.9,163974,0
2026-04-07 12:35:00+05:30,1224.9,1226.3,1224.6,1225.6,146936,0
2026-04-07 12:40:00+05:30,1225.6,1227.3,1225.5,1226.2,64109,0
2026-04-07 12:45:00+05:30,1226.5,1229.5,1225.4,1228.9,128215,0
2026-04-07 12:50:00+05:30,1228.9,1229.8,1226.5,1227.0,906022,0
2026-04-07 12:55:00+05:30,1227.1,1228.3,1225.5,1226.0,141254,0
2026-04-07 13:00:00+05:30,1226.0,1226.9,1225.0,1225.9,103005,0
2026-04-07 13:05:00+05:30,1226.0,1226.0,1223.9,1224.3,239629,0
2026-04-07 13:10:00+05:30,1224.3,1227.4,1222.8,1225.3,450747,0
2026-04-07 13:15:00+05:30,1225.3,1228.0,1225.3,1227.7,193273,0
2026-04-07 13:20:00+05:30,1227.7,1229.0,1226.9,1228.5,359713,0
2026-04-07 13:25:00+05:30,1228.5,1232.5,1228.1,1232.5,266290,0
2026-04-07 13:30:00+05:30,1232.5,1239.0,1232.1,1238.0,486171,0
2026-04-07 13:35:00+05:30,1238.5,1240.4,1237.4,1239.4,324271,0
2026-04-07 13:40:00+05:30,1239.3,1241.7,1238.0,1241.4,233448,0
2026-04-07 13:45:00+05:30,1241.0,1241.6,1236.6,1236.8,261758,0
2026-04-07 13:50:00+05:30,1236.9,1238.6,1235.0,1236.8,193367,0
2026-04-07 13:55:00+05:30,1236.8,1237.5,1231.6,1232.7,232650,0
2026-04-07 14:00:00+05:30,1233.2,1235.8,1232.2,1234.6,231096,0
2026-04-07 14:05:00+05:30,1234.9,1236.8,1234.0,1236.0,265157,0
2026-04-07 14:10:00+05:30,1236.3,1237.8,1235.0,1236.8,421329,0
2026-04-07 14:15:00+05:30,1236.7,1237.8,1232.2,1234.5,433588,0
2026-04-07 14:20:00+05:30,1234.5,1235.0,1232.3,1234.1,119104,0
2026-04-07 14:25:00+05:30,1234.0,1235.0,1232.4,1234.0,174856,0
2026-04-07 14:30:00+05:30,1234.0,1236.7,1233.5,1235.9,350939,0
2026-04-07 14:35:00+05:30,1235.8,1235.9,1232.2,1233.2,205384,0
2026-04-07 14:40:00+05:30,1233.2,1235.8,1232.0,1234.7,310574,0
2026-04-07 14:45:00+05:30,1235.2,1236.5,1234.2,1236.2,295044,0
2026-04-07 14:50:00+05:30,1236.2,1238.5,1235.9,1237.9,312162,0
2026-04-07 14:55:00+05:30,1238.0,1241.4,1237.9,1241.2,683593,0
2026-04-07 15:00:00+05:30,1241.2,1245.3,1240.4,1242.7,2163630,0
2026-04-07 15:05:00+05:30,1242.9,1246.7,1240.8,1246.5,2133863,0
2026-04-07 15:10:00+05:30,1245.8,1246.7,1243.6,1244.6,1467188,0
2026-04-07 15:15:00+05:30,1244.7,1249.4,1244.2,1246.1,1938654,0
2026-04-07 15:20:00+05:30,1246.7,1249.9,1246.3,1249.4,1392032,0
2026-04-07 15:25:00+05:30,1249.5,1250.4,1247.0,1248.5,725474,0
2026-04-08 09:15:00+05:30,1310.0,1333.5,1292.4,1299.5,5580610,0
2026-04-08 09:20:00+05:30,1299.1,1303.0,1294.1,1294.8,722613,0
2026-04-08 09:25:00+05:30,1294.8,1299.0,1293.6,1297.1,383188,0
2026-04-08 09:30:00+05:30,1297.4,1298.5,1293.4,1295.2,456580,0
2026-04-08 09:35:00+05:30,1295.2,1299.4,1294.1,1299.0,439957,0
2026-04-08 09:40:00+05:30,1299.2,1304.2,1299.1,1302.8,382415,0
2026-04-08 09:45:00+05:30,1303.2,1305.9,1302.4,1305.6,312546,0
2026-04-08 09:50:00+05:30,1305.7,1308.6,1303.8,1305.7,580421,0
2026-04-08 09:55:00+05:30,1305.8,1307.9,1303.2,1304.9,334615,0
2026-04-08 10:00:00+05:30,1304.9,1308.1,1303.6,1304.4,329352,0
2026-04-08 10:05:00+05:30,1304.4,1307.3,1303.4,1304.8,228750,0
2026-04-08 10:10:00+05:30,1305.0,1305.4,1302.1,1302.4,496306,0
2026-04-08 10:15:00+05:30,1302.5,1304.5,1301.8,1303.9,250581,0
2026-04-08 10:20:00+05:30,1303.9,1305.4,1301.5,1305.1,228485,0
2026-04-08 10:25:00+05:30,1305.0,1306.8,1303.2,1305.9,241938,0
2026-04-08 10:30:00+05:30,1305.9,1306.8,1303.8,1304.5,132945,0
2026-04-08 10:35:00+05:30,1304.5,1306.4,1303.6,1306.4,205669,0
2026-04-08 10:40:00+05:30,1306.4,1307.9,1304.3,1307.8,151471,0
2026-04-08 10:45:00+05:30,1307.7,1308.9,1306.1,1308.5,497820,0
2026-04-08 10:50:00+05:30,1308.4,1309.0,1306.7,1308.8,206958,0
2026-04-08 10:55:00+05:30,1308.7,1310.6,1308.1,1310.0,203285,0
2026-04-08 11:00:00+05:30,1310.0,1311.4,1309.3,1310.1,196959,0
2026-04-08 11:05:00+05:30,1310.2,1311.7,1310.1,1311.0,104173,0
2026-04-08 11:10:00+05:30,1311.1,1312.4,1310.1,1310.7,144404,0
2026-04-08 11:15:00+05:30,1310.7,1312.6,1310.6,1311.4,309125,0
2026-04-08 11:20:00+05:30,1311.4,1312.0,1309.1,1310.6,245346,0
2026-04-08 11:25:00+05:30,1310.6,1311.3,1309.0,1309.9,201391,0
2026-04-08 11:30:00+05:30,1309.9,1309.9,1307.2,1307.5,250499,0
2026-04-08 11:35:00+05:30,1307.7,1310.2,1307.1,1309.8,176259,0
2026-04-08 11:40:00+05:30,1309.9,1310.1,1307.1,1307.6,174745,0
2026-04-08 11:45:00+05:30,1307.6,1309.0,1305.9,1306.2,114570,0
2026-04-08 11:50:00+05:30,1306.2,1306.9,1304.2,1304.7,134452,0
2026-04-08 11:55:00+05:30,1304.9,1305.4,1302.2,1302.6,298893,0
2026-04-08 12:00:00+05:30,1302.6,1307.2,1301.9,1306.3,472563,0
2026-04-08 12:05:00+05:30,1306.4,1308.0,1306.4,1307.8,125725,0
2026-04-08 12:10:00+05:30,1307.9,1308.1,1306.5,1307.4,172387,0
2026-04-08 12:15:00+05:30,1307.3,1308.2,1306.6,1307.5,109410,0
2026-04-08 12:20:00+05:30,1307.5,1308.8,1306.5,1308.4,135806,0
2026-04-08 12:25:00+05:30,1308.5,1308.7,1305.6,1305.8,184911,0
2026-04-08 12:30:00+05:30,1305.8,1305.9,1302.6,1303.9,208912,0
2026-04-08 12:35:00+05:30,1303.9,1305.8,1303.5,1305.7,130783,0
2026-04-08 12:40:00+05:30,1305.8,1310.0,1304.4,1309.7,411004,0
2026-04-08 12:45:00+05:30,1309.7,1310.0,1307.6,1308.7,214399,0
2026-04-08 12:50:00+05:30,1308.8,1311.3,1308.2,1311.0,178260,0
2026-04-08 12:55:00+05:30,1310.9,1314.5,1310.9,1313.8,175228,0
2026-04-08 13:00:00+05:30,1313.8,1313.8,1310.3,1311.0,167152,0
2026-04-08 13:05:00+05:30,1311.0,1312.6,1309.7,1311.8,293418,0
2026-04-08 13:10:00+05:30,1311.8,1314.0,1309.6,1310.8,559802,0
2026-04-08 13:15:00+05:30,1310.8,1311.3,1309.4,1309.6,472563,0
2026-04-08 13:20:00+05:30,1309.6,1310.6,1309.2,1309.6,90119,0
2026-04-08 13:25:00+05:30,1309.6,1311.7,1309.2,1311.5,118102,0
2026-04-08 13:30:00+05:30,1311.4,1311.9,1309.9,1310.8,120147,0
2026-04-08 13:35:00+05:30,1311.2,1313.0,1310.8,1312.0,180357,0
2026-04-08 13:40:00+05:30,1312.3,1312.4,1308.6,1309.0,138190,0
2026-04-08 13:45:00+05:30,1309.0,1310.4,1308.1,1308.9,162549,0
2026-04-08 13:50:00+05:30,1308.9,1310.4,1307.1,1308.0,173137,0
2026-04-08 13:55:00+05:30,1308.0,1309.7,1307.6,1309.6,87310,0
2026-04-08 14:00:00+05:30,1309.6,1309.6,1306.3,1307.2,199316,0
2026-04-08 14:05:00+05:30,1307.5,1308.4,1306.0,1308.2,157893,0
2026-04-08 14:10:00+05:30,1308.3,1308.8,1305.7,1306.3,214836,0
2026-04-08 14:15:00+05:30,1306.1,1308.4,1305.3,1308.4,472560,0
2026-04-08 14:20:00+05:30,1308.4,1310.0,1308.1,1309.1,173450,0
2026-04-08 14:25:00+05:30,1308.8,1309.9,1308.5,1309.5,207608,0
2026-04-08 14:30:00+05:30,1309.5,1310.0,1307.7,1308.2,176728,0
2026-04-08 14:35:00+05:30,1308.2,1309.3,1307.4,1307.9,341070,0
2026-04-08 14:40:00+05:30,1308.0,1310.9,1307.9,1309.2,342399,0
2026-04-08 14:45:00+05:30,1309.7,1310.9,1308.3,1308.7,201348,0
2026-04-08 14:50:00+05:30,1308.8,1310.6,1308.0,1309.6,327918,0
2026-04-08 14:55:00+05:30,1309.6,1311.3,1308.3,1311.0,231361,0
2026-04-08 15:00:00+05:30,1311.0,1311.2,1308.2,1310.0,464818,0
2026-04-08 15:05:00+05:30,1310.0,1311.7,1309.3,1309.3,342798,0
2026-04-08 15:10:00+05:30,1309.5,1310.8,1309.0,1309.3,399038,0
2026-04-08 15:15:00+05:30,1309.3,1309.7,1307.1,1308.3,514708,0
2026-04-08 15:20:00+05:30,1308.1,1309.6,1308.0,1308.4,328834,0
2026-04-08 15:25:00+05:30,1308.5,1309.6,1307.3,1309.1,247045,0
2026-04-09 09:15:00+05:30,1299.9,1308.0,1297.1,1300.4,1731195,0
2026-04-09 09:20:00+05:30,1300.4,1303.2,1296.5,1299.1,488976,0
2026-04-09 09:25:00+05:30,1299.1,1300.9,1298.5,1300.0,257758,0
2026-04-09 09:30:00+05:30,1300.0,1300.3,1294.8,1294.8,551684,0
2026-04-09 09:35:00+05:30,1294.8,1296.9,1293.9,1296.8,207786,0
2026-04-09 09:40:00+05:30,1296.7,1296.9,1292.0,1293.0,144717,0
2026-04-09 09:45:00+05:30,1292.9,1295.1,1292.2,1292.2,208014,0
2026-04-09 09:50:00+05:30,1292.4,1294.2,1291.3,1292.5,167280,0
2026-04-09 09:55:00+05:30,1292.5,1292.8,1290.0,1291.6,170742,0
2026-04-09 10:00:00+05:30,1291.5,1293.1,1289.6,1292.4,218299,0
2026-04-09 10:05:00+05:30,1292.4,1294.3,1290.5,1292.0,180072,0
2026-04-09 10:10:00+05:30,1292.3,1294.8,1292.3,1293.8,142480,0
2026-04-09 10:15:00+05:30,1293.8,1298.0,1292.9,1297.5,247123,0
2026-04-09 10:20:00+05:30,1297.5,1298.8,1295.0,1296.9,244913,0
2026-04-09 10:25:00+05:30,1296.8,1297.2,1294.0,1295.7,132284,0
2026-04-09 10:30:00+05:30,1295.7,1296.6,1295.0,1295.4,40478,0
2026-04-09 10:35:00+05:30,1295.6,1297.2,1294.4,1294.4,129259,0
2026-04-09 10:40:00+05:30,1294.9,1295.3,1291.1,1291.9,151144,0
2026-04-09 10:45:00+05:30,1291.9,1292.7,1291.0,1291.2,64226,0
2026-04-09 10:50:00+05:30,1291.2,1293.8,1290.6,1292.5,336903,0
2026-04-09 10:55:00+05:30,1293.0,1294.4,1292.4,1293.1,66467,0
2026-04-09 11:00:00+05:30,1293.1,1297.2,1292.9,1296.4,342082,0
2026-04-09 11:05:00+05:30,1296.4,1296.9,1294.3,1296.1,132685,0
2026-04-09 11:10:00+05:30,1296.1,1297.2,1294.8,1295.1,119162,0
2026-04-09 11:15:00+05:30,1295.1,1295.8,1292.4,1293.3,67953,0
2026-04-09 11:20:00+05:30,1293.3,1294.9,1291.2,1294.0,244280,0
2026-04-09 11:25:00+05:30,1294.0,1294.8,1292.2,1293.4,162357,0
2026-04-09 11:30:00+05:30,1293.4,1294.5,1291.3,1291.6,111664,0
2026-04-09 11:35:00+05:30,1291.6,1293.6,1291.3,1292.7,76065,0
2026-04-09 11:40:00+05:30,1292.7,1293.6,1291.1,1292.5,118451,0
2026-04-09 11:45:00+05:30,1292.4,1293.9,1291.6,1293.7,139074,0
2026-04-09 11:50:00+05:30,1293.9,1294.7,1292.0,1293.3,236426,0
2026-04-09 11:55:00+05:30,1293.4,1294.8,1292.1,1293.0,187563,0
2026-04-09 12:00:00+05:30,1293.1,1294.4,1290.1,1291.1,160031,0
2026-04-09 12:05:00+05:30,1291.0,1291.5,1289.5,1291.3,119751,0
2026-04-09 12:10:00+05:30,1291.3,1292.1,1290.0,1290.3,127577,0
2026-04-09 12:15:00+05:30,1290.3,1290.4,1288.7,1289.0,63133,0
2026-04-09 12:20:00+05:30,1288.9,1289.6,1288.0,1288.2,65480,0
2026-04-09 12:25:00+05:30,1288.2,1289.8,1286.8,1288.3,148383,0
2026-04-09 12:30:00+05:30,1288.5,1290.0,1287.2,1288.5,136528,0
2026-04-09 12:35:00+05:30,1288.5,1288.8,1287.1,1287.4,59345,0
2026-04-09 12:40:00+05:30,1287.3,1288.8,1286.6,1288.8,77334,0
2026-04-09 12:45:00+05:30,1288.7,1288.7,1285.1,1285.2,90081,0
2026-04-09 12:50:00+05:30,1285.2,1287.4,1284.1,1286.9,169245,0
2026-04-09 12:55:00+05:30,1286.9,1288.2,1286.0,1286.9,128234,0
2026-04-09 13:00:00+05:30,1286.9,1288.1,1286.0,1286.7,113285,0
2026-04-09 13:05:00+05:30,1286.7,1287.8,1285.6,1287.1,89582,0
2026-04-09 13:10:00+05:30,1287.1,1287.2,1285.5,1286.6,51938,0
2026-04-09 13:15:00+05:30,1286.6,1286.6,1285.2,1285.8,45818,0
2026-04-09 13:20:00+05:30,1285.9,1286.3,1283.0,1285.3,98883,0
2026-04-09 13:25:00+05:30,1285.4,1285.9,1284.1,1284.6,72905,0
2026-04-09 13:30:00+05:30,1284.6,1286.3,1282.6,1286.3,173827,0
2026-04-09 13:35:00+05:30,1286.1,1286.7,1283.6,1284.3,121430,0
2026-04-09 13:40:00+05:30,1284.3,1284.7,1283.0,1283.7,93035,0
2026-04-09 13:45:00+05:30,1283.7,1284.6,1282.1,1283.8,146602,0
2026-04-09 13:50:00+05:30,1283.8,1285.7,1282.8,1284.0,96848,0
2026-04-09 13:55:00+05:30,1284.2,1285.1,1283.4,1283.7,83814,0
2026-04-09 14:00:00+05:30,1283.7,1284.8,1282.2,1283.9,92137,0
2026-04-09 14:05:00+05:30,1283.9,1286.2,1283.0,1284.9,156908,0
2026-04-09 14:10:00+05:30,1284.9,1285.1,1281.5,1282.0,226701,0
2026-04-09 14:15:00+05:30,1282.0,1282.7,1280.4,1280.6,129351,0
2026-04-09 14:20:00+05:30,1280.6,1283.1,1279.0,1279.9,327831,0
2026-04-09 14:25:00+05:30,1280.2,1281.0,1278.7,1279.5,97316,0
2026-04-09 14:30:00+05:30,1279.8,1280.3,1276.9,1278.2,195127,0
2026-04-09 14:35:00+05:30,1278.1,1278.3,1275.9,1277.3,217210,0
2026-04-09 14:40:00+05:30,1277.2,1280.9,1277.0,1279.5,248551,0
2026-04-09 14:45:00+05:30,1279.5,1283.3,1277.0,1282.2,1726635,0
2026-04-09 14:50:00+05:30,1282.0,1282.9,1280.6,1281.7,252078,0
2026-04-09 14:55:00+05:30,1281.5,1282.7,1278.5,1279.8,431209,0
2026-04-09 15:00:00+05:30,1279.8,1286.7,1276.3,1277.3,3171381,0
2026-04-09 15:05:00+05:30,1277.3,1283.6,1276.2,1281.2,2077322,0
2026-04-09 15:10:00+05:30,1281.2,1284.6,1280.3,1283.1,960059,0
2026-04-09 15:15:00+05:30,1283.1,1283.9,1280.0,1282.2,802126,0
2026-04-09 15:20:00+05:30,1282.2,1283.3,1280.1,1282.4,880661,0
2026-04-09 15:25:00+05:30,1282.5,1285.4,1280.1,1283.5,575621,0
2026-04-10 09:15:00+05:30,1289.0,1301.4,1288.5,1301.0,588648,0
2026-04-10 09:20:00+05:30,1301.3,1302.8,1299.6,1300.7,196609,0
2026-04-10 09:25:00+05:30,1301.0,1303.4,1300.2,1302.6,122599,0
2026-04-10 09:30:00+05:30,1302.9,1304.0,1302.0,1302.9,98777,0
2026-04-10 09:35:00+05:30,1302.9,1303.7,1300.8,1302.9,108600,0
2026-04-10 09:40:00+05:30,1303.4,1313.5,1302.9,1313.5,558843,0
2026-04-10 09:45:00+05:30,1313.5,1313.9,1310.0,1310.1,164009,0
2026-04-10 09:50:00+05:30,1310.1,1312.5,1310.0,1312.5,243360,0
2026-04-10 09:55:00+05:30,1312.5,1314.9,1312.0,1314.5,194615,0
2026-04-10 10:00:00+05:30,1314.6,1320.2,1313.5,1316.5,656241,0
2026-04-10 10:05:00+05:30,1316.5,1318.1,1315.0,1317.4,204077,0
2026-04-10 10:10:00+05:30,1317.4,1321.1,1317.0,1320.8,427089,0
2026-04-10 10:15:00+05:30,1321.0,1323.2,1320.8,1321.4,342849,0
2026-04-10 10:20:00+05:30,1321.8,1322.6,1320.0,1320.9,141132,0
2026-04-10 10:25:00+05:30,1321.0,1323.7,1320.6,1321.2,147894,0
2026-04-10 10:30:00+05:30,1321.2,1321.6,1319.9,1321.2,116599,0
2026-04-10 10:35:00+05:30,1321.2,1321.3,1318.2,1318.8,135266,0
2026-04-10 10:40:00+05:30,1318.8,1320.0,1318.6,1319.3,76008,0
2026-04-10 10:45:00+05:30,1319.4,1319.5,1318.1,1318.6,87297,0
2026-04-10 10:50:00+05:30,1318.6,1319.9,1317.6,1318.0,89853,0
2026-04-10 10:55:00+05:30,1318.3,1320.8,1317.7,1320.5,141722,0
2026-04-10 11:00:00+05:30,1320.5,1322.0,1320.0,1320.3,124736,0
2026-04-10 11:05:00+05:30,1320.3,1320.6,1318.1,1320.3,104128,0
2026-04-10 11:10:00+05:30,1320.3,1321.7,1320.0,1320.8,105368,0
2026-04-10 11:15:00+05:30,1320.6,1321.0,1318.5,1319.9,184834,0
2026-04-10 11:20:00+05:30,1319.9,1320.6,1319.1,1319.2,119750,0
2026-04-10 11:25:00+05:30,1319.2,1319.9,1315.2,1315.5,306233,0
2026-04-10 11:30:00+05:30,1315.8,1321.9,1315.3,1321.0,620066,0
2026-04-10 11:35:00+05:30,1320.9,1321.3,1317.5,1318.4,217829,0
2026-04-10 11:40:00+05:30,1318.4,1319.5,1317.4,1318.5,84358,0
2026-04-10 11:45:00+05:30,1318.5,1319.4,1316.1,1317.8,140504,0
2026-04-10 11:50:00+05:30,1317.8,1318.5,1316.6,1317.5,175882,0
2026-04-10 11:55:00+05:30,1317.5,1319.4,1317.5,1318.8,112637,0
2026-04-10 12:00:00+05:30,1318.8,1319.1,1317.3,1318.6,66373,0
2026-04-10 12:05:00+05:30,1318.6,1320.0,1318.0,1320.0,94825,0
2026-04-10 12:10:00+05:30,1320.0,1320.0,1317.6,1318.4,112615,0
2026-04-10 12:15:00+05:30,1318.4,1319.2,1317.7,1318.4,58316,0
2026-04-10 12:20:00+05:30,1318.6,1319.0,1317.2,1318.7,132889,0
2026-04-10 12:25:00+05:30,1318.7,1320.6,1317.3,1318.3,150685,0
2026-04-10 12:30:00+05:30,1318.1,1318.3,1315.3,1315.9,157770,0
2026-04-10 12:35:00+05:30,1315.9,1317.6,1315.3,1317.0,126034,0
2026-04-10 12:40:00+05:30,1317.0,1317.5,1315.9,1316.2,118613,0
2026-04-10 12:45:00+05:30,1316.2,1316.7,1315.3,1315.9,91641,0
2026-04-10 12:50:00+05:30,1315.9,1316.8,1314.5,1316.3,228755,0
2026-04-10 12:55:00+05:30,1316.3,1316.6,1315.3,1315.8,189341,0
2026-04-10 13:00:00+05:30,1315.8,1320.1,1315.6,1317.9,398673,0
2026-04-10 13:05:00+05:30,1318.0,1318.9,1317.6,1318.0,94304,0
2026-04-10 13:10:00+05:30,1318.0,1318.6,1317.2,1318.2,109342,0
2026-04-10 13:15:00+05:30,1318.2,1319.2,1317.9,1318.5,89590,0
2026-04-10 13:20:00+05:30,1318.7,1319.9,1318.5,1319.7,82732,0
2026-04-10 13:25:00+05:30,1319.7,1320.9,1319.0,1320.6,126333,0
2026-04-10 13:30:00+05:30,1320.6,1321.4,1319.5,1319.8,145482,0
2026-04-10 13:35:00+05:30,1320.0,1320.9,1319.1,1320.5,106218,0
2026-04-10 13:40:00+05:30,1320.8,1321.5,1319.8,1320.1,134523,0
2026-04-10 13:45:00+05:30,1320.1,1321.4,1319.5,1320.1,122658,0
2026-04-10 13:50:00+05:30,1320.1,1322.0,1318.2,1320.5,247924,0
2026-04-10 13:55:00+05:30,1320.6,1320.8,1318.5,1319.9,157911,0
2026-04-10 14:00:00+05:30,1320.0,1320.2,1318.3,1318.6,277035,0
2026-04-10 14:05:00+05:30,1318.8,1319.6,1318.0,1319.6,100486,0
2026-04-10 14:10:00+05:30,1319.7,1321.3,1317.0,1319.1,232035,0
2026-04-10 14:15:00+05:30,1319.1,1319.1,1313.3,1317.3,398347,0
2026-04-10 14:20:00+05:30,1317.5,1317.9,1314.9,1315.2,242829,0
2026-04-10 14:25:00+05:30,1315.2,1317.4,1314.0,1316.1,257866,0
2026-04-10 14:30:00+05:30,1316.2,1319.0,1314.2,1314.5,602811,0
2026-04-10 14:35:00+05:30,1314.5,1318.0,1311.7,1316.4,417609,0
2026-04-10 14:40:00+05:30,1316.3,1319.9,1316.0,1318.6,425815,0
2026-04-10 14:45:00+05:30,1318.4,1318.5,1314.5,1317.0,522466,0
2026-04-10 14:50:00+05:30,1316.9,1317.0,1314.9,1315.2,277278,0
2026-04-10 14:55:00+05:30,1315.6,1316.5,1314.9,1315.1,122990,0
2026-04-10 15:00:00+05:30,1315.3,1321.1,1315.1,1321.0,603968,0
2026-04-10 15:05:00+05:30,1321.0,1323.8,1320.5,1323.0,863672,0
2026-04-10 15:10:00+05:30,1323.0,1324.0,1322.2,1323.2,726982,0
2026-04-10 15:15:00+05:30,1322.7,1323.8,1321.3,1322.0,650298,0
2026-04-10 15:20:00+05:30,1322.0,1323.8,1321.3,1321.6,589669,0
2026-04-10 15:25:00+05:30,1321.7,1322.8,1321.1,1322.8,380246,0
2026-04-13 09:15:00+05:30,1304.9,1306.3,1296.7,1300.7,1784880,0
2026-04-13 09:20:00+05:30,1301.1,1303.2,1299.1,1301.5,347587,0
2026-04-13 09:25:00+05:30,1301.6,1303.1,1298.8,1301.3,282357,0
2026-04-13 09:30:00+05:30,1301.2,1303.4,1299.7,1302.8,241116,0
2026-04-13 09:35:00+05:30,1302.6,1303.3,1300.6,1302.3,235901,0
2026-04-13 09:40:00+05:30,1302.4,1306.9,1302.0,1305.7,182141,0
2026-04-13 09:45:00+05:30,1305.7,1308.4,1304.6,1307.9,159327,0
2026-04-13 09:50:00+05:30,1307.9,1311.1,1307.2,1309.4,528254,0
2026-04-13 09:55:00+05:30,1309.4,1311.3,1308.2,1309.8,220223,0
2026-04-13 10:00:00+05:30,1309.4,1310.4,1308.2,1310.1,214682,0
2026-04-13 10:05:00+05:30,1309.6,1312.1,1309.5,1310.2,149784,0
2026-04-13 10:10:00+05:30,1310.1,1310.7,1309.0,1309.8,147829,0
2026-04-13 10:15:00+05:30,1309.8,1311.0,1308.8,1310.2,145588,0
2026-04-13 10:20:00+05:30,1310.1,1314.8,1309.9,1313.1,247611,0
2026-04-13 10:25:00+05:30,1313.1,1314.8,1312.6,1314.5,310266,0
2026-04-13 10:30:00+05:30,1314.5,1316.5,1314.3,1315.9,349251,0
2026-04-13 10:35:00+05:30,1315.8,1317.4,1314.5,1316.8,194461,0
2026-04-13 10:40:00+05:30,1316.7,1318.4,1315.4,1317.4,120083,0
2026-04-13 10:45:00+05:30,1317.4,1319.4,1316.0,1316.8,122783,0
2026-04-13 10:50:00+05:30,1317.0,1318.9,1316.7,1318.1,120026,0
2026-04-13 10:55:00+05:30,1318.1,1319.0,1317.0,1317.7,125590,0
2026-04-13 11:00:00+05:30,1317.3,1317.4,1316.2,1316.8,73612,0
2026-04-13 11:05:00+05:30,1316.7,1318.0,1316.7,1317.2,39547,0
2026-04-13 11:10:00+05:30,1317.2,1318.1,1316.2,1317.3,93346,0
2026-04-13 11:15:00+05:30,1317.3,1318.0,1316.5,1316.7,59342,0
2026-04-13 11:20:00+05:30,1316.6,1317.7,1315.4,1315.8,147892,0
2026-04-13 11:25:00+05:30,1315.8,1317.0,1315.6,1316.4,104653,0
2026-04-13 11:30:00+05:30,1316.4,1322.0,1316.3,1320.9,455342,0
2026-04-13 11:35:00+05:30,1320.9,1325.4,1320.5,1324.9,284979,0
2026-04-13 11:40:00+05:30,1324.9,1324.9,1323.9,1324.1,104299,0
2026-04-13 11:45:00+05:30,1324.1,1326.1,1323.7,1325.7,168281,0
2026-04-13 11:50:00+05:30,1325.9,1327.6,1325.7,1327.5,237296,0
2026-04-13 11:55:00+05:30,1327.5,1329.3,1326.2,1327.2,275493,0
2026-04-13 12:00:00+05:30,1327.6,1329.9,1327.0,1327.6,337236,0
2026-04-13 12:05:00+05:30,1327.7,1329.6,1327.6,1328.9,163725,0
2026-04-13 12:10:00+05:30,1328.8,1330.0,1328.1,1330.0,181644,0
2026-04-13 12:15:00+05:30,1329.9,1330.5,1327.0,1329.3,308069,0
2026-04-13 12:20:00+05:30,1329.1,1330.0,1327.5,1328.1,177385,0
2026-04-13 12:25:00+05:30,1328.1,1331.5,1328.1,1331.1,176788,0
2026-04-13 12:30:00+05:30,1331.0,1331.6,1329.5,1330.0,363075,0
2026-04-13 12:35:00+05:30,1330.1,1331.7,1329.1,1330.6,221045,0
2026-04-13 12:40:00+05:30,1330.6,1332.5,1330.5,1332.1,139144,0
2026-04-13 12:45:00+05:30,1332.0,1334.8,1330.7,1334.6,544349,0
2026-04-13 12:50:00+05:30,1334.5,1337.4,1333.1,1333.1,670279,0
2026-04-13 12:55:00+05:30,1333.4,1334.0,1330.1,1331.6,605562,0
2026-04-13 13:00:00+05:30,1331.7,1333.5,1329.5,1330.5,198066,0
2026-04-13 13:05:00+05:30,1330.5,1332.4,1330.5,1331.5,126218,0
2026-04-13 13:10:00+05:30,1331.4,1333.4,1330.3,1333.2,261066,0
2026-04-13 13:15:00+05:30,1333.2,1336.9,1333.1,1336.9,339792,0
2026-04-13 13:20:00+05:30,1336.7,1337.9,1335.8,1336.8,402587,0
2026-04-13 13:25:00+05:30,1336.8,1338.0,1335.2,1337.6,288800,0
2026-04-13 13:30:00+05:30,1337.6,1340.7,1337.5,1340.4,454338,0
2026-04-13 13:35:00+05:30,1340.4,1342.4,1339.6,1342.2,451362,0
2026-04-13 13:40:00+05:30,1342.1,1342.5,1340.1,1341.2,327574,0
2026-04-13 13:45:00+05:30,1341.1,1345.1,1341.0,1343.1,670356,0
2026-04-13 13:50:00+05:30,1342.8,1348.5,1342.6,1348.5,1093036,0
2026-04-13 13:55:00+05:30,1348.5,1352.0,1347.6,1350.1,999919,0
2026-04-13 14:00:00+05:30,1350.0,1352.1,1349.7,1350.7,377053,0
2026-04-13 14:05:00+05:30,1350.9,1351.3,1349.6,1350.1,401979,0
2026-04-13 14:10:00+05:30,1350.1,1350.5,1347.0,1350.3,550862,0
2026-04-13 14:15:00+05:30,1350.3,1351.2,1347.2,1350.9,500966,0
2026-04-13 14:20:00+05:30,1350.9,1352.0,1350.0,1351.0,273556,0
2026-04-13 14:25:00+05:30,1351.0,1352.0,1350.0,1350.1,254890,0
2026-04-13 14:30:00+05:30,1350.1,1353.0,1350.0,1352.7,278626,0
2026-04-13 14:35:00+05:30,1352.6,1354.3,1352.0,1352.6,435304,0
2026-04-13 14:40:00+05:30,1352.6,1353.8,1351.1,1351.8,384890,0
2026-04-13 14:45:00+05:30,1351.8,1353.4,1350.1,1352.1,502900,0
2026-04-13 14:50:00+05:30,1352.1,1353.2,1351.0,1351.6,342193,0
2026-04-13 14:55:00+05:30,1352.1,1353.7,1351.6,1351.8,620726,0
2026-04-13 15:00:00+05:30,1351.8,1357.0,1348.8,1350.5,2675171,0
2026-04-13 15:05:00+05:30,1350.5,1355.0,1348.0,1351.4,2168147,0
2026-04-13 15:10:00+05:30,1351.2,1352.2,1349.4,1351.3,820752,0
2026-04-13 15:15:00+05:30,1351.5,1351.6,1349.1,1350.1,898900,0
2026-04-13 15:20:00+05:30,1350.0,1351.7,1345.8,1347.4,797384,0
2026-04-13 15:25:00+05:30,1347.7,1350.0,1345.1,1347.0,510949,0
2026-04-15 09:15:00+05:30,1358.0,1364.8,1354.4,1359.5,2475029,0
2026-04-15 09:20:00+05:30,1359.5,1359.7,1351.5,1352.8,511127,0
2026-04-15 09:25:00+05:30,1352.8,1354.2,1351.1,1354.0,450321,0
2026-04-15 09:30:00+05:30,1353.8,1354.0,1349.0,1350.7,438958,0
2026-04-15 09:35:00+05:30,1350.6,1350.6,1347.0,1347.5,418060,0
2026-04-15 09:40:00+05:30,1347.6,1351.1,1346.7,1348.7,341715,0
2026-04-15 09:45:00+05:30,1348.5,1350.6,1347.4,1347.4,249020,0
2026-04-15 09:50:00+05:30,1347.7,1348.8,1346.0,1347.5,228940,0
2026-04-15 09:55:00+05:30,1347.6,1350.1,1347.2,1348.1,340718,0
2026-04-15 10:00:00+05:30,1348.3,1349.4,1347.1,1348.2,213207,0
2026-04-15 10:05:00+05:30,1348.1,1350.2,1347.4,1349.6,292788,0
2026-04-15 10:10:00+05:30,1349.8,1352.4,1348.5,1349.1,332959,0
2026-04-15 10:15:00+05:30,1349.2,1351.9,1349.0,1350.6,124066,0
2026-04-15 10:20:00+05:30,1350.7,1352.3,1350.1,1351.1,158903,0
2026-04-15 10:25:00+05:30,1351.3,1351.5,1349.7,1350.4,192449,0
2026-04-15 10:30:00+05:30,1350.2,1351.5,1348.1,1348.9,208443,0
2026-04-15 10:35:00+05:30,1349.3,1349.4,1348.1,1348.2,148255,0
2026-04-15 10:40:00+05:30,1348.5,1348.5,1345.5,1346.8,448771,0
2026-04-15 10:45:00+05:30,1346.3,1346.5,1343.8,1344.4,286580,0
2026-04-15 10:50:00+05:30,1344.4,1344.4,1341.3,1342.7,256665,0
2026-04-15 10:55:00+05:30,1342.2,1343.5,1341.1,1341.9,161486,0
2026-04-15 11:00:00+05:30,1341.9,1342.2,1339.6,1340.6,316591,0
2026-04-15 11:05:00+05:30,1340.6,1340.6,1338.5,1339.1,176840,0
2026-04-15 11:10:00+05:30,1338.9,1340.2,1338.0,1338.2,155366,0
2026-04-15 11:15:00+05:30,1338.3,1342.9,1338.0,1341.4,381000,0
2026-04-15 11:20:00+05:30,1341.4,1342.6,1340.5,1341.0,255156,0
2026-04-15 11:25:00+05:30,1341.2,1341.4,1340.0,1340.5,117310,0
2026-04-15 11:30:00+05:30,1340.6,1341.8,1339.1,1339.8,134363,0
2026-04-15 11:35:00+05:30,1339.8,1340.0,1339.2,1339.6,57641,0
2026-04-15 11:40:00+05:30,1339.6,1340.6,1339.0,1339.4,81978,0
2026-04-15 11:45:00+05:30,1339.7,1342.0,1339.0,1341.4,97888,0
2026-04-15 11:50:00+05:30,1341.4,1344.6,1340.9,1344.1,233780,0
2026-04-15 11:55:00+05:30,1344.2,1344.5,1341.0,1342.1,250630,0
2026-04-15 12:00:00+05:30,1342.3,1345.4,1342.0,1344.6,466490,0
2026-04-15 12:05:00+05:30,1345.0,1346.0,1344.1,1345.5,222435,0
2026-04-15 12:10:00+05:30,1345.6,1346.6,1344.5,1346.3,184243,0
2026-04-15 12:15:00+05:30,1346.3,1347.8,1344.5,1345.1,247993,0
2026-04-15 12:20:00+05:30,1345.1,1347.8,1344.1,1347.5,275349,0
2026-04-15 12:25:00+05:30,1347.8,1349.8,1346.6,1348.1,174487,0
2026-04-15 12:30:00+05:30,1348.2,1348.2,1346.0,1346.3,200427,0
2026-04-15 12:35:00+05:30,1346.5,1349.4,1346.1,1348.2,196485,0
2026-04-15 12:40:00+05:30,1348.4,1349.0,1346.1,1348.0,266974,0
2026-04-15 12:45:00+05:30,1348.3,1349.0,1346.8,1347.8,137658,0
2026-04-15 12:50:00+05:30,1347.9,1350.0,1346.1,1347.7,501753,0
2026-04-15 12:55:00+05:30,1347.7,1348.5,1346.1,1346.5,141479,0
2026-04-15 13:00:00+05:30,1346.5,1348.0,1345.6,1347.3,219590,0
2026-04-15 13:05:00+05:30,1347.3,1347.4,1346.2,1346.8,83329,0
2026-04-15 13:10:00+05:30,1346.9,1347.2,1346.1,1347.1,67715,0
2026-04-15 13:15:00+05:30,1347.1,1349.3,1346.2,1349.3,328365,0
2026-04-15 13:20:00+05:30,1349.0,1349.7,1345.0,1345.8,445800,0
2026-04-15 13:25:00+05:30,1345.8,1346.4,1344.1,1344.7,182235,0
2026-04-15 13:30:00+05:30,1344.7,1346.8,1343.8,1346.5,159798,0
2026-04-15 13:35:00+05:30,1346.5,1347.7,1344.7,1346.3,138881,0
2026-04-15 13:40:00+05:30,1346.3,1347.0,1345.1,1346.3,95843,0
2026-04-15 13:45:00+05:30,1346.3,1347.2,1344.7,1345.4,184328,0
2026-04-15 13:50:00+05:30,1345.4,1345.7,1342.5,1344.3,354083,0
2026-04-15 13:55:00+05:30,1344.4,1346.4,1344.2,1346.0,144673,0
2026-04-15 14:00:00+05:30,1346.1,1349.1,1345.8,1348.4,246137,0
2026-04-15 14:05:00+05:30,1348.4,1349.5,1346.4,1347.9,247823,0
2026-04-15 14:10:00+05:30,1347.9,1348.3,1347.1,1347.3,113852,0
2026-04-15 14:15:00+05:30,1347.3,1348.3,1346.5,1347.6,179423,0
2026-04-15 14:20:00+05:30,1347.6,1349.0,1345.4,1345.6,375877,0
2026-04-15 14:25:00+05:30,1345.6,1348.7,1345.6,1348.2,281092,0
2026-04-15 14:30:00+05:30,1348.1,1349.1,1347.3,1348.6,256843,0
2026-04-15 14:35:00+05:30,1348.6,1349.0,1346.2,1346.4,300296,0
2026-04-15 14:40:00+05:30,1346.3,1348.0,1345.4,1347.5,258366,0
2026-04-15 14:45:00+05:30,1347.4,1349.1,1347.3,1348.6,291592,0
2026-04-15 14:50:00+05:30,1348.5,1350.8,1347.5,1348.7,499531,0
2026-04-15 14:55:00+05:30,1348.6,1349.7,1347.1,1348.9,783534,0
2026-04-15 15:00:00+05:30,1349.0,1349.7,1346.7,1346.7,615760,0
2026-04-15 15:05:00+05:30,1346.8,1350.8,1346.3,1350.4,952018,0
2026-04-15 15:10:00+05:30,1350.4,1351.0,1347.2,1348.0,718342,0
2026-04-15 15:15:00+05:30,1347.8,1349.0,1346.6,1347.6,642784,0
2026-04-15 15:20:00+05:30,1347.6,1349.0,1345.4,1346.8,754789,0
2026-04-15 15:25:00+05:30,1346.8,1349.8,1345.5,1347.0,350675,0
2026-04-16 09:15:00+05:30,1352.0,1366.9,1352.0,1365.6,1193947,0
2026-04-16 09:20:00+05:30,1365.6,1366.8,1359.4,1361.6,304966,0
2026-04-16 09:25:00+05:30,1361.6,1363.5,1360.4,1362.0,226212,0
2026-04-16 09:30:00+05:30,1361.7,1364.0,1360.2,1361.3,273950,0
2026-04-16 09:35:00+05:30,1361.3,1362.0,1357.1,1357.9,215871,0
2026-04-16 09:40:00+05:30,1358.0,1359.1,1356.0,1356.0,169821,0
2026-04-16 09:45:00+05:30,1356.2,1356.7,1354.0,1355.6,305786,0
2026-04-16 09:50:00+05:30,1355.8,1356.4,1353.1,1355.4,404570,0
2026-04-16 09:55:00+05:30,1355.1,1355.3,1353.1,1354.2,176253,0
2026-04-16 10:00:00+05:30,1354.2,1360.6,1353.6,1360.2,290512,0
2026-04-16 10:05:00+05:30,1360.2,1363.8,1358.7,1363.8,263936,0
2026-04-16 10:10:00+05:30,1363.7,1365.7,1361.8,1362.0,307277,0
2026-04-16 10:15:00+05:30,1362.1,1363.8,1359.5,1362.3,322830,0
2026-04-16 10:20:00+05:30,1361.9,1362.3,1360.2,1360.5,87740,0
2026-04-16 10:25:00+05:30,1360.5,1361.9,1359.0,1359.9,94145,0
2026-04-16 10:30:00+05:30,1359.9,1362.6,1359.0,1360.9,155307,0
2026-04-16 10:35:00+05:30,1360.8,1362.3,1359.4,1359.8,180209,0
2026-04-16 10:40:00+05:30,1360.0,1361.8,1359.6,1360.0,119222,0
2026-04-16 10:45:00+05:30,1360.0,1363.8,1360.0,1361.9,267074,0
2026-04-16 10:50:00+05:30,1362.0,1363.8,1361.2,1362.7,158269,0
2026-04-16 10:55:00+05:30,1362.7,1363.0,1360.6,1360.9,165948,0
2026-04-16 11:00:00+05:30,1360.7,1365.0,1360.5,1364.1,431850,0
2026-04-16 11:05:00+05:30,1364.2,1365.3,1361.0,1363.3,429784,0
2026-04-16 11:10:00+05:30,1363.5,1364.2,1361.6,1362.7,224906,0
2026-04-16 11:15:00+05:30,1362.7,1363.0,1358.8,1362.4,293677,0
2026-04-16 11:20:00+05:30,1362.1,1363.3,1356.3,1357.8,692857,0
2026-04-16 11:25:00+05:30,1357.9,1360.0,1355.5,1358.1,590107,0
2026-04-16 11:30:00+05:30,1358.1,1360.8,1358.1,1359.8,196601,0
2026-04-16 11:35:00+05:30,1359.7,1360.0,1355.5,1356.9,161121,0
2026-04-16 11:40:00+05:30,1356.9,1357.0,1355.0,1355.2,193569,0
2026-04-16 11:45:00+05:30,1355.3,1355.3,1352.0,1354.2,232327,0
2026-04-16 11:50:00+05:30,1354.4,1354.5,1351.5,1354.3,326641,0
2026-04-16 11:55:00+05:30,1354.3,1354.5,1351.0,1351.5,248698,0
2026-04-16 12:00:00+05:30,1352.2,1352.2,1350.4,1351.0,141334,0
2026-04-16 12:05:00+05:30,1350.7,1351.3,1349.6,1350.1,333679,0
2026-04-16 12:10:00+05:30,1350.1,1352.4,1349.8,1350.7,152051,0
2026-04-16 12:15:00+05:30,1350.6,1351.6,1347.3,1349.5,314447,0
2026-04-16 12:20:00+05:30,1349.5,1349.8,1346.3,1347.7,187206,0
2026-04-16 12:25:00+05:30,1347.6,1349.0,1346.0,1346.4,180581,0
2026-04-16 12:30:00+05:30,1346.4,1348.9,1345.6,1347.2,664731,0
2026-04-16 12:35:00+05:30,1347.2,1349.9,1346.5,1349.5,326157,0
2026-04-16 12:40:00+05:30,1349.4,1351.3,1346.6,1347.0,231494,0
2026-04-16 12:45:00+05:30,1347.2,1347.7,1343.8,1344.7,300254,0
2026-04-16 12:50:00+05:30,1344.3,1346.4,1343.1,1343.1,230262,0
2026-04-16 12:55:00+05:30,1343.1,1345.9,1342.4,1345.6,197972,0
2026-04-16 13:00:00+05:30,1345.8,1347.1,1344.6,1346.4,111192,0
2026-04-16 13:05:00+05:30,1346.6,1347.7,1342.6,1343.8,391604,0
2026-04-16 13:10:00+05:30,1343.5,1344.0,1341.6,1343.0,137262,0
2026-04-16 13:15:00+05:30,1342.7,1343.8,1342.0,1343.8,92886,0
2026-04-16 13:20:00+05:30,1343.6,1344.6,1340.2,1340.8,441372,0
2026-04-16 13:25:00+05:30,1340.8,1342.7,1340.5,1341.3,146322,0
2026-04-16 13:30:00+05:30,1341.3,1342.4,1341.0,1341.7,71015,0
2026-04-16 13:35:00+05:30,1341.3,1341.8,1341.0,1341.4,60377,0
2026-04-16 13:40:00+05:30,1341.5,1342.7,1341.1,1342.6,63989,0
2026-04-16 13:45:00+05:30,1342.5,1344.1,1342.3,1343.2,64627,0
2026-04-16 13:50:00+05:30,1343.0,1346.9,1343.0,1346.8,609950,0
2026-04-16 13:55:00+05:30,1346.4,1347.8,1344.2,1346.2,729980,0
2026-04-16 14:00:00+05:30,1346.2,1346.7,1342.3,1342.9,214784,0
2026-04-16 14:05:00+05:30,1342.8,1344.0,1341.5,1343.0,156103,0
2026-04-16 14:10:00+05:30,1342.7,1344.4,1342.5,1343.5,154469,0
2026-04-16 14:15:00+05:30,1343.5,1344.0,1341.9,1343.2,143155,0
2026-04-16 14:20:00+05:30,1343.0,1345.0,1342.1,1345.0,104523,0
2026-04-16 14:25:00+05:30,1345.0,1346.2,1344.3,1345.9,68342,0
2026-04-16 14:30:00+05:30,1345.9,1350.0,1345.8,1350.0,257549,0
2026-04-16 14:35:00+05:30,1350.0,1350.9,1348.1,1350.0,343926,0
2026-04-16 14:40:00+05:30,1350.0,1351.5,1349.2,1350.2,323840,0
2026-04-16 14:45:00+05:30,1350.1,1351.5,1350.0,1351.3,188041,0
2026-04-16 14:50:00+05:30,1351.2,1352.3,1349.2,1350.5,339237,0
2026-04-16 14:55:00+05:30,1350.4,1350.6,1347.9,1348.7,256390,0
2026-04-16 15:00:00+05:30,1348.4,1351.9,1345.4,1348.3,1615456,0
2026-04-16 15:05:00+05:30,1348.3,1348.8,1340.2,1341.5,1386304,0
2026-04-16 15:10:00+05:30,1341.6,1346.0,1341.5,1343.0,1121829,0
2026-04-16 15:15:00+05:30,1343.0,1346.3,1341.5,1342.6,811096,0
2026-04-16 15:20:00+05:30,1342.4,1346.7,1342.4,1344.4,455998,0
2026-04-16 15:25:00+05:30,1344.3,1345.8,1341.7,1343.9,188456,0
2026-04-17 09:15:00+05:30,1347.0,1348.0,1340.2,1340.2,664172,0
2026-04-17 09:20:00+05:30,1340.7,1345.0,1340.7,1342.5,221676,0
2026-04-17 09:25:00+05:30,1342.3,1344.7,1341.6,1343.6,101884,0
2026-04-17 09:30:00+05:30,1343.5,1343.6,1340.1,1340.9,146448,0
2026-04-17 09:35:00+05:30,1340.9,1342.6,1340.1,1340.1,294720,0
2026-04-17 09:40:00+05:30,1340.4,1341.7,1340.1,1340.9,500048,0
2026-04-17 09:45:00+05:30,1340.4,1341.5,1340.1,1340.6,315118,0
2026-04-17 09:50:00+05:30,1340.4,1340.8,1338.6,1338.7,188088,0
2026-04-17 09:55:00+05:30,1338.9,1339.0,1335.8,1336.2,174877,0
2026-04-17 10:00:00+05:30,1336.2,1337.5,1335.1,1337.2,238590,0
2026-04-17 10:05:00+05:30,1337.2,1337.8,1335.6,1336.0,264870,0
2026-04-17 10:10:00+05:30,1336.4,1336.6,1334.0,1336.4,228791,0
2026-04-17 10:15:00+05:30,1336.5,1338.7,1336.4,1337.2,182082,0
2026-04-17 10:20:00+05:30,1337.6,1338.2,1337.1,1337.4,71090,0
2026-04-17 10:25:00+05:30,1337.4,1339.6,1337.4,1338.5,269937,0
2026-04-17 10:30:00+05:30,1338.5,1339.3,1337.0,1338.1,208670,0
2026-04-17 10:35:00+05:30,1338.0,1341.0,1337.9,1338.7,250813,0
2026-04-17 10:40:00+05:30,1338.6,1339.8,1338.2,1339.0,69537,0
2026-04-17 10:45:00+05:30,1338.9,1340.4,1337.6,1338.3,308795,0
2026-04-17 10:50:00+05:30,1338.6,1338.7,1337.5,1337.9,80799,0
2026-04-17 10:55:00+05:30,1338.0,1338.9,1337.6,1338.4,213643,0
2026-04-17 11:00:00+05:30,1338.4,1339.6,1337.0,1337.1,269300,0
2026-04-17 11:05:00+05:30,1337.1,1338.0,1336.6,1338.0,68839,0
2026-04-17 11:10:00+05:30,1337.8,1338.0,1337.6,1337.7,62454,0
2026-04-17 11:15:00+05:30,1337.7,1338.6,1337.7,1338.1,119880,0
2026-04-17 11:20:00+05:30,1338.2,1338.4,1336.4,1337.1,157606,0
2026-04-17 11:25:00+05:30,1337.1,1338.4,1336.9,1337.5,86911,0
2026-04-17 11:30:00+05:30,1337.5,1338.5,1337.4,1338.2,56087,0
2026-04-17 11:35:00+05:30,1338.3,1341.0,1337.6,1339.4,193718,0
2026-04-17 11:40:00+05:30,1339.4,1341.6,1339.2,1339.5,657853,0
2026-04-17 11:45:00+05:30,1339.5,1341.5,1339.1,1339.4,169848,0
2026-04-17 11:50:00+05:30,1339.5,1343.3,1339.2,1342.5,395090,0
2026-04-17 11:55:00+05:30,1342.5,1343.4,1337.3,1337.6,594548,0
2026-04-17 12:00:00+05:30,1338.0,1339.8,1335.4,1337.5,571857,0
2026-04-17 12:05:00+05:30,1337.5,1341.8,1337.5,1339.3,538295,0
2026-04-17 12:10:00+05:30,1339.4,1340.2,1338.3,1339.0,69330,0
2026-04-17 12:15:00+05:30,1339.0,1340.0,1339.0,1340.0,86704,0
2026-04-17 12:20:00+05:30,1339.8,1340.4,1339.3,1340.0,73007,0
2026-04-17 12:25:00+05:30,1339.8,1340.0,1339.4,1339.9,77232,0
2026-04-17 12:30:00+05:30,1339.9,1340.0,1338.0,1338.9,80186,0
2026-04-17 12:35:00+05:30,1339.0,1339.7,1338.4,1338.8,75555,0
2026-04-17 12:40:00+05:30,1339.1,1340.1,1338.0,1339.6,129610,0
2026-04-17 12:45:00+05:30,1339.8,1340.3,1339.2,1340.2,129171,0
2026-04-17 12:50:00+05:30,1339.6,1340.3,1338.9,1339.9,93624,0
2026-04-17 12:55:00+05:30,1339.6,1340.4,1339.4,1339.8,190614,0
2026-04-17 13:00:00+05:30,1340.1,1340.3,1339.4,1340.0,115277,0
2026-04-17 13:05:00+05:30,1339.5,1340.4,1339.5,1340.3,173335,0
2026-04-17 13:10:00+05:30,1340.4,1343.2,1340.2,1341.7,327393,0
2026-04-17 13:15:00+05:30,1342.0,1342.2,1339.6,1340.1,164750,0
2026-04-17 13:20:00+05:30,1340.0,1340.2,1337.6,1339.3,207193,0
2026-04-17 13:25:00+05:30,1339.3,1340.8,1338.1,1340.7,131902,0
2026-04-17 13:30:00+05:30,1340.7,1341.1,1340.2,1340.6,284277,0
2026-04-17 13:35:00+05:30,1340.6,1342.2,1340.1,1341.7,138208,0
2026-04-17 13:40:00+05:30,1342.1,1342.9,1341.0,1341.8,138953,0
2026-04-17 13:45:00+05:30,1341.6,1343.0,1341.5,1342.8,98672,0
2026-04-17 13:50:00+05:30,1342.4,1344.4,1341.4,1342.1,260422,0
2026-04-17 13:55:00+05:30,1342.2,1343.6,1341.3,1342.8,149547,0
2026-04-17 14:00:00+05:30,1342.8,1343.5,1342.1,1342.6,529059,0
2026-04-17 14:05:00+05:30,1342.8,1345.7,1342.2,1344.5,302202,0
2026-04-17 14:10:00+05:30,1344.5,1345.6,1341.0,1341.9,169597,0
2026-04-17 14:15:00+05:30,1341.6,1342.2,1340.3,1341.7,124685,0
2026-04-17 14:20:00+05:30,1341.5,1342.7,1341.0,1342.1,138152,0
2026-04-17 14:25:00+05:30,1342.1,1342.9,1339.9,1340.4,202570,0
2026-04-17 14:30:00+05:30,1340.3,1341.0,1339.2,1340.1,338393,0
2026-04-17 14:35:00+05:30,1340.1,1342.3,1339.6,1341.3,194651,0
2026-04-17 14:40:00+05:30,1341.2,1344.2,1340.7,1342.9,484214,0
2026-04-17 14:45:00+05:30,1342.9,1344.7,1342.0,1344.1,845325,0
2026-04-17 14:50:00+05:30,1343.6,1345.0,1342.6,1343.7,154192,0
2026-04-17 14:55:00+05:30,1343.7,1345.0,1343.4,1343.9,149696,0
2026-04-17 15:00:00+05:30,1343.9,1346.4,1343.6,1345.6,407655,0
2026-04-17 15:05:00+05:30,1345.4,1346.7,1344.4,1345.3,453987,0
2026-04-17 15:10:00+05:30,1345.0,1346.2,1344.7,1346.1,368764,0
2026-04-17 15:15:00+05:30,1346.1,1350.3,1345.2,1349.3,510798,0
2026-04-17 15:20:00+05:30,1349.3,1350.0,1346.8,1349.5,325157,0
2026-04-17 15:25:00+05:30,1349.4,1352.9,1348.1,1352.8,319635,0
2026-04-20 09:15:00+05:30,1364.7,1369.4,1355.1,1362.7,1715243,0
2026-04-20 09:20:00+05:30,1362.7,1368.0,1358.1,1367.6,1112595,0
2026-04-20 09:25:00+05:30,1367.5,1371.9,1366.0,1371.5,706973,0
2026-04-20 09:30:00+05:30,1371.5,1374.4,1370.0,1373.7,1515151,0
2026-04-20 09:35:00+05:30,1374.1,1376.4,1372.0,1372.0,513339,0
2026-04-20 09:40:00+05:30,1372.4,1374.0,1368.0,1370.4,494499,0
2026-04-20 09:45:00+05:30,1370.4,1371.4,1366.7,1369.6,381431,0
2026-04-20 09:50:00+05:30,1369.6,1369.7,1366.2,1367.0,161878,0
2026-04-20 09:55:00+05:30,1367.2,1368.1,1365.0,1366.8,211678,0
2026-04-20 10:00:00+05:30,1366.7,1372.4,1364.8,1371.0,534031,0
2026-04-20 10:05:00+05:30,1371.0,1375.0,1370.5,1373.7,517520,0
2026-04-20 10:10:00+05:30,1373.6,1373.7,1370.7,1371.1,221862,0
2026-04-20 10:15:00+05:30,1371.1,1371.6,1368.5,1369.0,172407,0
2026-04-20 10:20:00+05:30,1369.2,1369.2,1366.4,1367.1,158821,0
2026-04-20 10:25:00+05:30,1367.1,1367.8,1363.7,1364.8,261905,0
2026-04-20 10:30:00+05:30,1364.3,1367.9,1364.2,1365.7,124121,0
2026-04-20 10:35:00+05:30,1365.7,1366.3,1365.0,1365.5,134237,0
2026-04-20 10:40:00+05:30,1365.4,1367.0,1365.1,1365.8,106744,0
2026-04-20 10:45:00+05:30,1365.7,1365.8,1362.3,1364.8,238620,0
2026-04-20 10:50:00+05:30,1364.7,1364.8,1360.1,1361.2,197815,0
2026-04-20 10:55:00+05:30,1361.1,1363.4,1359.9,1363.0,173623,0
2026-04-20 11:00:00+05:30,1362.9,1363.3,1361.0,1362.8,214099,0
2026-04-20 11:05:00+05:30,1363.0,1365.0,1357.9,1358.3,371401,0
2026-04-20 11:10:00+05:30,1358.2,1359.6,1356.6,1357.0,456727,0
2026-04-20 11:15:00+05:30,1356.7,1360.0,1356.0,1359.0,214264,0
2026-04-20 11:20:00+05:30,1359.1,1363.0,1358.8,1363.0,117290,0
2026-04-20 11:25:00+05:30,1363.0,1364.0,1361.4,1362.5,165349,0
2026-04-20 11:30:00+05:30,1362.5,1363.2,1359.9,1361.0,338410,0
2026-04-20 11:35:00+05:30,1360.8,1362.9,1359.2,1362.8,303965,0
2026-04-20 11:40:00+05:30,1362.6,1364.1,1362.0,1362.8,398118,0
2026-04-20 11:45:00+05:30,1363.0,1364.5,1362.7,1363.9,279067,0
2026-04-20 11:50:00+05:30,1364.2,1364.2,1361.6,1362.3,139417,0
2026-04-20 11:55:00+05:30,1362.2,1363.8,1362.1,1363.2,56849,0
2026-04-20 12:00:00+05:30,1363.2,1363.9,1361.7,1362.1,79575,0
2026-04-20 12:05:00+05:30,1362.0,1362.8,1360.0,1360.6,182662,0
2026-04-20 12:10:00+05:30,1360.6,1361.0,1357.0,1358.6,470450,0
2026-04-20 12:15:00+05:30,1358.6,1358.8,1357.0,1358.0,89984,0
2026-04-20 12:20:00+05:30,1357.9,1359.6,1357.5,1358.9,138990,0
2026-04-20 12:25:00+05:30,1359.0,1362.0,1358.6,1361.7,153699,0
2026-04-20 12:30:00+05:30,1361.7,1362.0,1360.5,1361.5,96500,0
2026-04-20 12:35:00+05:30,1361.4,1361.8,1360.3,1360.8,68297,0
2026-04-20 12:40:00+05:30,1360.8,1361.4,1359.2,1360.7,97461,0
2026-04-20 12:45:00+05:30,1360.7,1361.8,1360.0,1361.3,78276,0
2026-04-20 12:50:00+05:30,1361.2,1362.3,1361.0,1362.0,77464,0
2026-04-20 12:55:00+05:30,1361.7,1362.2,1360.1,1360.5,89437,0
2026-04-20 13:00:00+05:30,1360.4,1360.8,1358.2,1360.3,124530,0
2026-04-20 13:05:00+05:30,1360.2,1360.5,1357.7,1357.7,128617,0
2026-04-20 13:10:00+05:30,1357.7,1358.9,1356.0,1358.2,124651,0
2026-04-20 13:15:00+05:30,1358.2,1358.4,1356.6,1357.8,106437,0
2026-04-20 13:20:00+05:30,1357.8,1357.9,1354.1,1355.5,210072,0
2026-04-20 13:25:00+05:30,1355.5,1356.4,1353.0,1356.4,220638,0
2026-04-20 13:30:00+05:30,1356.1,1357.0,1355.1,1357.0,108682,0
2026-04-20 13:35:00+05:30,1356.8,1357.0,1355.0,1356.2,122374,0
2026-04-20 13:40:00+05:30,1356.0,1359.0,1355.4,1358.4,189851,0
2026-04-20 13:45:00+05:30,1358.3,1358.9,1357.1,1357.3,278393,0
2026-04-20 13:50:00+05:30,1357.2,1358.6,1355.7,1358.3,355355,0
2026-04-20 13:55:00+05:30,1358.1,1359.3,1356.8,1358.8,146969,0
2026-04-20 14:00:00+05:30,1358.6,1359.2,1357.2,1358.5,81012,0
2026-04-20 14:05:00+05:30,1358.4,1358.5,1356.4,1357.4,102841,0
2026-04-20 14:10:00+05:30,1357.3,1358.5,1357.0,1358.5,92200,0
2026-04-20 14:15:00+05:30,1358.4,1358.6,1357.2,1357.9,90653,0
2026-04-20 14:20:00+05:30,1357.8,1358.5,1356.7,1358.3,96606,0
2026-04-20 14:25:00+05:30,1358.1,1360.3,1358.1,1359.3,422831,0
2026-04-20 14:30:00+05:30,1359.6,1359.6,1356.1,1358.3,298568,0
2026-04-20 14:35:00+05:30,1358.2,1358.7,1354.3,1355.1,329146,0
2026-04-20 14:40:00+05:30,1355.0,1356.6,1353.6,1356.4,262109,0
2026-04-20 14:45:00+05:30,1356.3,1357.2,1354.0,1357.0,307733,0
2026-04-20 14:50:00+05:30,1357.0,1357.9,1356.1,1357.9,270261,0
2026-04-20 14:55:00+05:30,1357.8,1358.2,1356.0,1357.6,336929,0
2026-04-20 15:00:00+05:30,1357.6,1358.4,1357.5,1357.7,327286,0
2026-04-20 15:05:00+05:30,1357.7,1358.0,1356.2,1356.3,358037,0
2026-04-20 15:10:00+05:30,1356.8,1358.2,1356.5,1357.4,514449,0
2026-04-20 15:15:00+05:30,1357.4,1358.0,1353.3,1354.0,524286,0
2026-04-20 15:20:00+05:30,1354.2,1355.0,1353.0,1353.7,364583,0
2026-04-20 15:25:00+05:30,1353.7,1356.0,1353.0,1354.3,319161,0
2026-04-21 09:15:00+05:30,1368.0,1375.0,1360.0,1374.9,1383750,0
2026-04-21 09:20:00+05:30,1374.8,1379.8,1371.5,1371.6,661740,0
2026-04-21 09:25:00+05:30,1371.9,1372.0,1367.9,1368.0,210336,0
2026-04-21 09:30:00+05:30,1368.0,1369.8,1366.6,1367.0,147159,0
2026-04-21 09:35:00+05:30,1367.0,1367.9,1365.7,1367.1,108223,0
2026-04-21 09:40:00+05:30,1367.3,1368.0,1366.7,1367.9,153204,0
2026-04-21 09:45:00+05:30,1367.6,1370.9,1367.1,1370.0,967793,0
2026-04-21 09:50:00+05:30,1370.1,1370.8,1369.5,1370.7,135746,0
2026-04-21 09:55:00+05:30,1370.7,1370.8,1369.9,1370.5,74370,0
2026-04-21 10:00:00+05:30,1370.8,1372.2,1370.5,1371.9,59056,0
2026-04-21 10:05:00+05:30,1371.9,1372.6,1371.3,1371.6,160281,0
2026-04-21 10:10:00+05:30,1372.0,1373.0,1370.7,1372.0,238142,0
2026-04-21 10:15:00+05:30,1371.9,1374.0,1371.6,1373.9,239530,0
2026-04-21 10:20:00+05:30,1373.4,1374.4,1373.2,1374.0,83031,0
2026-04-21 10:25:00+05:30,1374.0,1374.5,1373.1,1374.5,142399,0
2026-04-21 10:30:00+05:30,1374.4,1377.4,1374.0,1377.2,238862,0
2026-04-21 10:35:00+05:30,1377.2,1379.5,1377.0,1379.4,154859,0
2026-04-21 10:40:00+05:30,1379.3,1381.7,1377.9,1380.2,934099,0
2026-04-21 10:45:00+05:30,1380.2,1380.9,1377.3,1379.9,147683,0
2026-04-21 10:50:00+05:30,1379.9,1381.0,1379.0,1380.6,118210,0
2026-04-21 10:55:00+05:30,1380.6,1381.9,1380.2,1380.8,161074,0
2026-04-21 11:00:00+05:30,1380.8,1381.4,1379.9,1380.8,214625,0
2026-04-21 11:05:00+05:30,1380.8,1383.0,1380.0,1381.2,381958,0
2026-04-21 11:10:00+05:30,1381.0,1382.0,1380.1,1382.0,52086,0
2026-04-21 11:15:00+05:30,1381.9,1382.0,1380.8,1382.0,43708,0
2026-04-21 11:20:00+05:30,1381.9,1382.1,1381.0,1381.9,66866,0
2026-04-21 11:25:00+05:30,1381.9,1382.7,1381.2,1381.9,94633,0
2026-04-21 11:30:00+05:30,1381.3,1381.9,1379.7,1380.2,107643,0
2026-04-21 11:35:00+05:30,1380.1,1381.5,1379.7,1380.5,224825,0
2026-04-21 11:40:00+05:30,1380.3,1380.9,1379.2,1380.3,186409,0
2026-04-21 11:45:00+05:30,1380.3,1382.2,1379.9,1380.5,224143,0
2026-04-21 11:50:00+05:30,1380.4,1381.6,1380.3,1381.0,64766,0
2026-04-21 11:55:00+05:30,1380.9,1381.8,1380.4,1381.5,41032,0
2026-04-21 12:00:00+05:30,1381.7,1381.8,1380.5,1381.5,54723,0
2026-04-21 12:05:00+05:30,1381.4,1381.5,1380.7,1381.0,35590,0
2026-04-21 12:10:00+05:30,1381.0,1383.2,1380.8,1382.0,249209,0
2026-04-21 12:15:00+05:30,1382.0,1382.0,1380.5,1381.9,75417,0
2026-04-21 12:20:00+05:30,1381.3,1383.0,1381.3,1381.8,101668,0
2026-04-21 12:25:00+05:30,1381.7,1383.0,1381.0,1381.2,153884,0
2026-04-21 12:30:00+05:30,1381.6,1384.8,1381.0,1383.2,396038,0
2026-04-21 12:35:00+05:30,1383.4,1384.9,1382.1,1383.1,208838,0
2026-04-21 12:40:00+05:30,1383.1,1383.8,1381.0,1383.7,299836,0
2026-04-21 12:45:00+05:30,1383.5,1384.6,1382.4,1383.5,139914,0
2026-04-21 12:50:00+05:30,1383.4,1384.9,1382.2,1384.9,297423,0
2026-04-21 12:55:00+05:30,1384.8,1386.0,1383.9,1384.3,229866,0
2026-04-21 13:00:00+05:30,1384.6,1385.7,1383.7,1385.1,196849,0
2026-04-21 13:05:00+05:30,1385.0,1386.4,1384.8,1386.0,167983,0
2026-04-21 13:10:00+05:30,1385.9,1386.9,1385.4,1386.5,84328,0
2026-04-21 13:15:00+05:30,1386.5,1387.6,1385.2,1386.2,121829,0
2026-04-21 13:20:00+05:30,1385.9,1386.9,1385.1,1385.5,198952,0
2026-04-21 13:25:00+05:30,1385.5,1388.1,1385.0,1387.1,298395,0
2026-04-21 13:30:00+05:30,1387.1,1388.7,1387.0,1387.9,277999,0
2026-04-21 13:35:00+05:30,1387.5,1388.3,1386.7,1388.0,207387,0
2026-04-21 13:40:00+05:30,1387.8,1388.1,1385.9,1387.2,404783,0
2026-04-21 13:45:00+05:30,1387.1,1388.0,1386.0,1387.7,363425,0
2026-04-21 13:50:00+05:30,1387.7,1388.6,1387.0,1388.1,160119,0
2026-04-21 13:55:00+05:30,1388.6,1390.9,1387.0,1387.7,477137,0
2026-04-21 14:00:00+05:30,1388.0,1388.3,1382.6,1383.6,744197,0
2026-04-21 14:05:00+05:30,1383.6,1384.8,1383.1,1384.6,123052,0
2026-04-21 14:10:00+05:30,1384.6,1385.7,1383.1,1385.4,179214,0
2026-04-21 14:15:00+05:30,1385.4,1387.7,1385.0,1385.5,408187,0
2026-04-21 14:20:00+05:30,1385.5,1389.2,1385.1,1389.2,196778,0
2026-04-21 14:25:00+05:30,1389.1,1389.2,1387.2,1388.8,282573,0
2026-04-21 14:30:00+05:30,1388.8,1389.3,1387.6,1389.0,162479,0
2026-04-21 14:35:00+05:30,1389.0,1389.0,1388.1,1388.2,143844,0
2026-04-21 14:40:00+05:30,1388.4,1389.2,1386.4,1386.8,194230,0
2026-04-21 14:45:00+05:30,1386.9,1388.9,1386.4,1386.9,152694,0
2026-04-21 14:50:00+05:30,1387.4,1388.9,1386.7,1388.8,117619,0
2026-04-21 14:55:00+05:30,1388.8,1390.0,1388.5,1389.2,249701,0
2026-04-21 15:00:00+05:30,1389.2,1393.1,1383.4,1384.6,2611619,0
2026-04-21 15:05:00+05:30,1384.7,1392.6,1384.0,1389.1,2135790,0
2026-04-21 15:10:00+05:30,1389.5,1391.4,1388.3,1389.7,748012,0
2026-04-21 15:15:00+05:30,1389.7,1390.9,1387.5,1388.0,706494,0
2026-04-21 15:20:00+05:30,1388.0,1388.9,1385.1,1385.5,546909,0
2026-04-21 15:25:00+05:30,1385.7,1388.0,1384.1,1385.6,183293,0
2026-04-22 09:15:00+05:30,1380.0,1380.1,1372.0,1375.3,579076,0
2026-04-22 09:20:00+05:30,1375.3,1375.8,1371.1,1372.0,262456,0
2026-04-22 09:25:00+05:30,1371.9,1372.2,1370.2,1370.9,174506,0
2026-04-22 09:30:00+05:30,1370.6,1371.7,1369.5,1370.0,340272,0
2026-04-22 09:35:00+05:30,1370.0,1370.1,1368.0,1368.8,171709,0
2026-04-22 09:40:00+05:30,1368.8,1369.6,1368.1,1368.3,99229,0
2026-04-22 09:45:00+05:30,1368.5,1369.3,1368.0,1369.2,116607,0
2026-04-22 09:50:00+05:30,1369.2,1371.1,1368.0,1369.6,838222,0
2026-04-22 09:55:00+05:30,1369.6,1370.1,1366.2,1366.5,173528,0
2026-04-22 10:00:00+05:30,1366.5,1367.8,1365.0,1367.4,156522,0
2026-04-22 10:05:00+05:30,1367.4,1367.7,1365.5,1366.1,90486,0
2026-04-22 10:10:00+05:30,1366.1,1368.2,1366.0,1368.0,100753,0
2026-04-22 10:15:00+05:30,1368.0,1369.8,1368.0,1369.5,97248,0
2026-04-22 10:20:00+05:30,1369.6,1369.7,1368.2,1369.2,73441,0
2026-04-22 10:25:00+05:30,1369.2,1371.2,1368.0,1368.5,592248,0
2026-04-22 10:30:00+05:30,1368.5,1369.2,1367.0,1368.0,65619,0
2026-04-22 10:35:00+05:30,1368.0,1370.0,1367.4,1369.9,115687,0
2026-04-22 10:40:00+05:30,1370.0,1371.0,1369.1,1370.3,393195,0
2026-04-22 10:45:00+05:30,1370.3,1372.7,1370.0,1370.2,503947,0
2026-04-22 10:50:00+05:30,1370.2,1371.9,1370.1,1370.8,98282,0
2026-04-22 10:55:00+05:30,1370.8,1371.1,1370.2,1370.6,51863,0
2026-04-22 11:00:00+05:30,1370.6,1372.5,1370.2,1372.3,61449,0
2026-04-22 11:05:00+05:30,1372.3,1372.4,1370.0,1370.4,62735,0
2026-04-22 11:10:00+05:30,1370.4,1370.7,1369.4,1370.7,98190,0
2026-04-22 11:15:00+05:30,1370.7,1371.7,1369.7,1370.9,137596,0
2026-04-22 11:20:00+05:30,1370.9,1372.2,1370.0,1372.2,97093,0
2026-04-22 11:25:00+05:30,1372.0,1372.8,1370.5,1372.0,169259,0
2026-04-22 11:30:00+05:30,1372.0,1372.0,1370.7,1371.2,161875,0
2026-04-22 11:35:00+05:30,1371.4,1371.4,1370.5,1370.5,100489,0
2026-04-22 11:40:00+05:30,1370.5,1370.9,1369.1,1370.0,140289,0
2026-04-22 11:45:00+05:30,1370.0,1370.6,1368.2,1370.0,199838,0
2026-04-22 11:50:00+05:30,1370.3,1370.7,1369.6,1370.0,145896,0
2026-04-22 11:55:00+05:30,1370.0,1371.0,1369.9,1370.6,152300,0
2026-04-22 12:00:00+05:30,1370.6,1371.0,1370.3,1370.4,65976,0
2026-04-22 12:05:00+05:30,1370.4,1371.0,1369.7,1370.5,179562,0
2026-04-22 12:10:00+05:30,1370.5,1371.4,1370.0,1370.6,246344,0
2026-04-22 12:15:00+05:30,1370.6,1370.6,1369.1,1369.1,53023,0
2026-04-22 12:20:00+05:30,1369.1,1370.9,1369.1,1369.6,92951,0
2026-04-22 12:25:00+05:30,1369.7,1370.9,1369.0,1369.5,99527,0
2026-04-22 12:30:00+05:30,1369.7,1371.5,1369.3,1370.5,117286,0
2026-04-22 12:35:00+05:30,1370.5,1370.5,1368.8,1370.0,103696,0
2026-04-22 12:40:00+05:30,1370.3,1370.7,1369.6,1370.7,40840,0
2026-04-22 12:45:00+05:30,1370.7,1371.3,1370.2,1370.3,49111,0
2026-04-22 12:50:00+05:30,1370.6,1371.4,1370.2,1370.5,66944,0
2026-04-22 12:55:00+05:30,1371.0,1371.5,1370.5,1370.5,49152,0
2026-04-22 13:00:00+05:30,1370.9,1371.8,1370.5,1371.3,52617,0
2026-04-22 13:05:00+05:30,1371.8,1372.6,1370.5,1372.2,279826,0
2026-04-22 13:10:00+05:30,1372.2,1372.3,1370.8,1371.8,68482,0
2026-04-22 13:15:00+05:30,1371.6,1372.0,1371.0,1371.4,40917,0
2026-04-22 13:20:00+05:30,1371.4,1372.8,1370.1,1371.1,505082,0
2026-04-22 13:25:00+05:30,1371.2,1372.6,1370.8,1372.2,480487,0
2026-04-22 13:30:00+05:30,1372.2,1372.7,1371.1,1372.3,251961,0
2026-04-22 13:35:00+05:30,1372.3,1372.5,1371.6,1372.0,148803,0
2026-04-22 13:40:00+05:30,1372.2,1372.3,1371.7,1372.1,58634,0
2026-04-22 13:45:00+05:30,1372.2,1372.5,1371.7,1371.8,82187,0
2026-04-22 13:50:00+05:30,1372.0,1372.5,1371.8,1372.0,118155,0
2026-04-22 13:55:00+05:30,1372.0,1373.0,1372.0,1372.5,118370,0
2026-04-22 14:00:00+05:30,1372.6,1373.2,1371.2,1371.3,116558,0
2026-04-22 14:05:00+05:30,1371.6,1372.9,1371.4,1372.0,71126,0
2026-04-22 14:10:00+05:30,1372.0,1372.3,1370.7,1372.0,154397,0
2026-04-22 14:15:00+05:30,1372.0,1372.2,1370.5,1371.1,288109,0
2026-04-22 14:20:00+05:30,1371.2,1372.9,1370.4,1372.0,120831,0
2026-04-22 14:25:00+05:30,1372.1,1372.4,1370.5,1370.9,117831,0
2026-04-22 14:30:00+05:30,1370.9,1372.5,1370.8,1371.0,148612,0
2026-04-22 14:35:00+05:30,1371.1,1372.0,1370.0,1370.3,140381,0
2026-04-22 14:40:00+05:30,1370.4,1370.9,1368.8,1368.8,155859,0
2026-04-22 14:45:00+05:30,1369.0,1369.0,1367.4,1367.5,115496,0
2026-04-22 14:50:00+05:30,1367.6,1368.7,1367.1,1368.4,191797,0
2026-04-22 14:55:00+05:30,1368.4,1369.4,1368.2,1368.6,142641,0
2026-04-22 15:00:00+05:30,1368.8,1369.3,1368.3,1368.4,252380,0
2026-04-22 15:05:00+05:30,1368.5,1368.6,1367.7,1368.0,316854,0
2026-04-22 15:10:00+05:30,1368.2,1368.2,1366.0,1367.5,354806,0
2026-04-22 15:15:00+05:30,1367.5,1368.0,1366.9,1367.3,346970,0
2026-04-22 15:20:00+05:30,1367.5,1367.9,1366.2,1366.6,341737,0
2026-04-22 15:25:00+05:30,1366.5,1368.4,1366.0,1367.8,244759,0
2026-04-23 09:15:00+05:30,1348.4,1353.7,1347.0,1349.7,859477,0
2026-04-23 09:20:00+05:30,1349.9,1350.9,1346.0,1347.7,401395,0
2026-04-23 09:25:00+05:30,1347.7,1348.1,1343.5,1347.6,361487,0
2026-04-23 09:30:00+05:30,1347.6,1349.8,1346.9,1348.0,271064,0
2026-04-23 09:35:00+05:30,1348.1,1348.1,1345.2,1346.7,165233,0
2026-04-23 09:40:00+05:30,1346.9,1351.0,1346.0,1350.1,707365,0
2026-04-23 09:45:00+05:30,1350.1,1351.0,1349.0,1350.6,390710,0
2026-04-23 09:50:00+05:30,1350.6,1352.5,1349.8,1350.0,825425,0
2026-04-23 09:55:00+05:30,1350.0,1351.6,1349.7,1351.4,147034,0
2026-04-23 10:00:00+05:30,1351.4,1353.3,1351.4,1353.2,200641,0
2026-04-23 10:05:00+05:30,1353.2,1354.0,1351.4,1352.7,277225,0
2026-04-23 10:10:00+05:30,1352.7,1353.1,1351.5,1352.3,103168,0
2026-04-23 10:15:00+05:30,1352.5,1353.3,1351.0,1353.0,167022,0
2026-04-23 10:20:00+05:30,1353.1,1353.2,1351.0,1352.3,86638,0
2026-04-23 10:25:00+05:30,1352.3,1353.0,1351.6,1352.4,70575,0
2026-04-23 10:30:00+05:30,1352.4,1352.5,1351.0,1351.1,73917,0
2026-04-23 10:35:00+05:30,1351.1,1351.8,1350.6,1351.0,233883,0
2026-04-23 10:40:00+05:30,1351.1,1351.9,1350.7,1351.1,158794,0
2026-04-23 10:45:00+05:30,1351.1,1351.1,1347.0,1348.5,409966,0
2026-04-23 10:50:00+05:30,1348.5,1348.5,1346.0,1346.8,135984,0
2026-04-23 10:55:00+05:30,1346.9,1348.8,1346.0,1346.7,148007,0
2026-04-23 11:00:00+05:30,1347.0,1348.2,1345.8,1348.2,681557,0
2026-04-23 11:05:00+05:30,1348.2,1348.3,1346.2,1347.0,252277,0
2026-04-23 11:10:00+05:30,1347.0,1347.7,1345.7,1346.6,200714,0
2026-04-23 11:15:00+05:30,1346.8,1348.2,1345.1,1345.5,244325,0
2026-04-23 11:20:00+05:30,1345.5,1347.0,1345.3,1346.5,203319,0
2026-04-23 11:25:00+05:30,1346.7,1347.0,1345.0,1346.8,170004,0
2026-04-23 11:30:00+05:30,1346.9,1348.0,1346.5,1347.4,156421,0
2026-04-23 11:35:00+05:30,1347.4,1348.4,1346.2,1347.7,129800,0
2026-04-23 11:40:00+05:30,1347.8,1348.4,1346.0,1346.0,167441,0
2026-04-23 11:45:00+05:30,1346.2,1347.1,1345.0,1346.2,88327,0
2026-04-23 11:50:00+05:30,1346.7,1348.0,1346.1,1347.5,73988,0
2026-04-23 11:55:00+05:30,1347.6,1348.2,1346.7,1347.2,163865,0
2026-04-23 12:00:00+05:30,1347.2,1347.4,1346.6,1347.1,58844,0
2026-04-23 12:05:00+05:30,1347.1,1348.7,1345.7,1348.3,153570,0
2026-04-23 12:10:00+05:30,1348.3,1349.3,1348.2,1349.2,97632,0
2026-04-23 12:15:00+05:30,1349.3,1349.8,1348.8,1349.5,118678,0
2026-04-23 12:20:00+05:30,1349.6,1349.8,1349.3,1349.5,151597,0
2026-04-23 12:25:00+05:30,1349.6,1349.6,1346.4,1347.1,194407,0
2026-04-23 12:30:00+05:30,1347.1,1348.4,1346.8,1347.2,238058,0
2026-04-23 12:35:00+05:30,1347.3,1348.6,1347.1,1348.6,148934,0
2026-04-23 12:40:00+05:30,1348.7,1350.6,1348.2,1350.3,448091,0
2026-04-23 12:45:00+05:30,1350.3,1350.8,1349.5,1350.1,436353,0
2026-04-23 12:50:00+05:30,1350.1,1350.2,1349.5,1350.1,149692,0
2026-04-23 12:55:00+05:30,1350.1,1350.3,1350.0,1350.2,116771,0
2026-04-23 13:00:00+05:30,1350.2,1350.2,1349.4,1349.5,176832,0
2026-04-23 13:05:00+05:30,1349.6,1350.5,1349.3,1349.6,171379,0
2026-04-23 13:10:00+05:30,1349.5,1349.6,1348.0,1348.5,119359,0
2026-04-23 13:15:00+05:30,1348.6,1349.7,1348.5,1349.6,139945,0
2026-04-23 13:20:00+05:30,1349.6,1350.9,1349.5,1350.8,381202,0
2026-04-23 13:25:00+05:30,1350.8,1351.8,1350.0,1350.8,234792,0
2026-04-23 13:30:00+05:30,1350.8,1350.9,1350.0,1350.1,74903,0
2026-04-23 13:35:00+05:30,1350.2,1350.4,1347.9,1349.0,250511,0
2026-04-23 13:40:00+05:30,1349.2,1349.5,1347.8,1349.1,199448,0
2026-04-23 13:45:00+05:30,1349.1,1350.5,1348.8,1349.5,382538,0
2026-04-23 13:50:00+05:30,1349.6,1351.0,1349.5,1350.6,104174,0
2026-04-23 13:55:00+05:30,1350.6,1351.9,1350.2,1351.1,109131,0
2026-04-23 14:00:00+05:30,1351.1,1351.1,1350.0,1350.2,88877,0
2026-04-23 14:05:00+05:30,1350.2,1351.2,1350.0,1350.1,146060,0
2026-04-23 14:10:00+05:30,1350.1,1350.9,1350.0,1350.0,163884,0
2026-04-23 14:15:00+05:30,1350.3,1351.3,1349.5,1349.6,257616,0
2026-04-23 14:20:00+05:30,1349.8,1351.4,1349.4,1350.0,234359,0
2026-04-23 14:25:00+05:30,1350.3,1351.1,1350.0,1350.0,511898,0
2026-04-23 14:30:00+05:30,1350.2,1350.2,1349.1,1349.5,183473,0
2026-04-23 14:35:00+05:30,1349.6,1350.5,1349.1,1350.0,166564,0
2026-04-23 14:40:00+05:30,1350.1,1350.7,1350.0,1350.2,139689,0
2026-04-23 14:45:00+05:30,1350.2,1350.2,1348.2,1349.8,443456,0
2026-04-23 14:50:00+05:30,1349.9,1350.3,1347.8,1348.2,380185,0
2026-04-23 14:55:00+05:30,1348.2,1348.3,1347.3,1348.1,181497,0
2026-04-23 15:00:00+05:30,1348.2,1351.7,1347.9,1349.5,1251301,0
2026-04-23 15:05:00+05:30,1349.8,1350.3,1347.2,1348.3,687350,0
2026-04-23 15:10:00+05:30,1348.7,1348.7,1344.3,1344.5,633942,0
2026-04-23 15:15:00+05:30,1344.5,1347.5,1343.9,1347.0,543605,0
2026-04-23 15:20:00+05:30,1347.0,1348.8,1345.8,1345.9,455253,0
2026-04-23 15:25:00+05:30,1345.9,1347.9,1345.1,1347.0,256874,0
2026-04-24 09:15:00+05:30,1336.3,1348.8,1336.3,1338.6,939411,0
2026-04-24 09:20:00+05:30,1338.6,1340.0,1336.0,1336.5,241093,0
2026-04-24 09:25:00+05:30,1336.5,1339.3,1335.0,1338.2,198730,0
2026-04-24 09:30:00+05:30,1338.1,1338.2,1333.5,1335.2,210888,0
2026-04-24 09:35:00+05:30,1335.0,1336.0,1334.0,1335.5,92553,0
2026-04-24 09:40:00+05:30,1335.5,1337.0,1334.8,1335.6,75164,0
2026-04-24 09:45:00+05:30,1335.6,1336.7,1333.2,1336.7,102088,0
2026-04-24 09:50:00+05:30,1336.5,1336.7,1333.5,1334.5,48434,0
2026-04-24 09:55:00+05:30,1334.3,1334.5,1332.5,1333.3,67294,0
2026-04-24 10:00:00+05:30,1333.3,1336.2,1333.0,1335.7,608935,0
2026-04-24 10:05:00+05:30,1335.7,1336.8,1335.5,1336.4,36965,0
2026-04-24 10:10:00+05:30,1336.4,1337.0,1334.1,1334.3,250860,0
2026-04-24 10:15:00+05:30,1334.3,1334.3,1331.4,1331.7,123720,0
2026-04-24 10:20:00+05:30,1331.7,1332.7,1331.0,1331.3,161837,0
2026-04-24 10:25:00+05:30,1331.3,1331.9,1329.7,1329.9,103666,0
2026-04-24 10:30:00+05:30,1329.8,1334.2,1329.4,1333.8,116816,0
2026-04-24 10:35:00+05:30,1333.8,1334.2,1332.5,1333.9,53470,0
2026-04-24 10:40:00+05:30,1333.9,1334.2,1332.6,1334.0,43494,0
2026-04-24 10:45:00+05:30,1333.8,1335.0,1333.4,1334.2,84405,0
2026-04-24 10:50:00+05:30,1334.1,1336.2,1333.6,1334.6,392801,0
2026-04-24 10:55:00+05:30,1334.6,1335.1,1333.1,1334.3,68279,0
2026-04-24 11:00:00+05:30,1334.3,1334.9,1333.6,1333.8,151295,0
2026-04-24 11:05:00+05:30,1333.6,1335.9,1333.4,1333.5,437231,0
2026-04-24 11:10:00+05:30,1333.6,1334.5,1333.0,1333.5,58660,0
2026-04-24 11:15:00+05:30,1333.5,1334.0,1332.5,1333.1,52736,0
2026-04-24 11:20:00+05:30,1333.0,1334.0,1332.8,1333.2,38728,0
2026-04-24 11:25:00+05:30,1333.1,1334.8,1332.9,1333.4,128862,0
2026-04-24 11:30:00+05:30,1333.6,1334.2,1332.7,1333.0,137142,0
2026-04-24 11:35:00+05:30,1333.0,1333.9,1332.6,1333.5,58419,0
2026-04-24 11:40:00+05:30,1333.5,1333.7,1332.5,1332.9,151914,0
2026-04-24 11:45:00+05:30,1332.8,1333.5,1332.6,1332.7,36395,0
2026-04-24 11:50:00+05:30,1332.8,1333.9,1332.6,1333.6,52947,0
2026-04-24 11:55:00+05:30,1333.6,1334.6,1333.4,1334.2,1620329,0
2026-04-24 12:00:00+05:30,1334.2,1334.2,1333.1,1333.9,101289,0
2026-04-24 12:05:00+05:30,1333.9,1334.9,1333.5,1334.5,290968,0
2026-04-24 12:10:00+05:30,1334.5,1334.9,1333.6,1334.2,166414,0
2026-04-24 12:15:00+05:30,1334.2,1335.0,1333.1,1333.9,460038,0
2026-04-24 12:20:00+05:30,1333.9,1334.0,1332.8,1333.1,107007,0
2026-04-24 12:25:00+05:30,1333.1,1333.3,1331.7,1331.9,143338,0
2026-04-24 12:30:00+05:30,1331.8,1334.1,1330.9,1334.0,226276,0
2026-04-24 12:35:00+05:30,1334.0,1334.0,1331.3,1332.8,177748,0
2026-04-24 12:40:00+05:30,1332.8,1333.1,1331.6,1331.7,67547,0
2026-04-24 12:45:00+05:30,1331.8,1332.7,1331.6,1332.3,53527,0
2026-04-24 12:50:00+05:30,1332.4,1332.8,1331.4,1332.1,87391,0
2026-04-24 12:55:00+05:30,1332.1,1333.6,1331.6,1333.1,116168,0
2026-04-24 13:00:00+05:30,1333.1,1333.2,1332.3,1332.6,50412,0
2026-04-24 13:05:00+05:30,1332.6,1333.2,1331.6,1331.9,63237,0
2026-04-24 13:10:00+05:30,1332.0,1332.2,1330.3,1330.9,127362,0
2026-04-24 13:15:00+05:30,1331.0,1331.3,1329.7,1330.4,85218,0
2026-04-24 13:20:00+05:30,1330.4,1331.6,1329.7,1330.3,53757,0
2026-04-24 13:25:00+05:30,1330.3,1330.6,1329.6,1330.0,52722,0
2026-04-24 13:30:00+05:30,1330.0,1330.0,1329.0,1329.3,119711,0
2026-04-24 13:35:00+05:30,1329.1,1330.0,1328.4,1328.9,99267,0
2026-04-24 13:40:00+05:30,1328.8,1328.9,1327.8,1328.4,125462,0
2026-04-24 13:45:00+05:30,1328.4,1330.1,1328.2,1329.2,115426,0
2026-04-24 13:50:00+05:30,1329.2,1329.8,1328.4,1328.6,102557,0
2026-04-24 13:55:00+05:30,1328.8,1328.9,1327.6,1328.0,117500,0
2026-04-24 14:00:00+05:30,1328.0,1328.3,1326.2,1326.5,140279,0
2026-04-24 14:05:00+05:30,1326.5,1327.0,1325.1,1326.9,132018,0
2026-04-24 14:10:00+05:30,1326.9,1327.5,1326.5,1326.8,102882,0
2026-04-24 14:15:00+05:30,1326.8,1328.1,1326.5,1327.7,104107,0
2026-04-24 14:20:00+05:30,1327.6,1329.0,1327.5,1328.0,198425,0
2026-04-24 14:25:00+05:30,1328.0,1329.0,1326.7,1328.5,237656,0
2026-04-24 14:30:00+05:30,1328.4,1330.8,1328.3,1330.0,320008,0
2026-04-24 14:35:00+05:30,1329.7,1330.4,1329.1,1329.6,298101,0
2026-04-24 14:40:00+05:30,1329.6,1330.9,1329.0,1330.2,125582,0
2026-04-24 14:45:00+05:30,1330.2,1331.1,1329.1,1330.1,258105,0
2026-04-24 14:50:00+05:30,1330.2,1331.9,1329.8,1330.5,282756,0
2026-04-24 14:55:00+05:30,1330.6,1331.2,1329.9,1330.7,144527,0
2026-04-24 15:00:00+05:30,1330.7,1330.8,1325.3,1325.7,280141,0
2026-04-24 15:05:00+05:30,1325.8,1326.0,1324.0,1325.9,272525,0
2026-04-24 15:10:00+05:30,1325.9,1326.0,1324.3,1325.3,200288,0
2026-04-24 15:15:00+05:30,1325.3,1327.7,1325.1,1326.6,295773,0
2026-04-24 15:20:00+05:30,1326.5,1327.6,1325.5,1327.2,354457,0
2026-04-24 15:25:00+05:30,1327.3,1327.7,1324.0,1325.8,251718,0
2026-04-27 09:15:00+05:30,1327.9,1335.9,1326.1,1331.6,768263,0
2026-04-27 09:20:00+05:30,1331.6,1332.2,1329.6,1330.9,200946,0
2026-04-27 09:25:00+05:30,1330.8,1331.4,1328.4,1330.0,131471,0
2026-04-27 09:30:00+05:30,1330.0,1330.5,1327.0,1328.6,134254,0
2026-04-27 09:35:00+05:30,1328.6,1329.3,1326.5,1327.4,100033,0
2026-04-27 09:40:00+05:30,1327.2,1330.6,1327.2,1330.0,204663,0
2026-04-27 09:45:00+05:30,1330.0,1330.9,1329.4,1330.7,125441,0
2026-04-27 09:50:00+05:30,1330.3,1331.3,1329.8,1330.7,120231,0
2026-04-27 09:55:00+05:30,1330.5,1330.7,1329.4,1330.5,104289,0
2026-04-27 10:00:00+05:30,1330.0,1331.4,1329.3,1329.3,132934,0
2026-04-27 10:05:00+05:30,1329.6,1330.1,1328.4,1329.4,84976,0
2026-04-27 10:10:00+05:30,1329.1,1330.0,1327.5,1327.8,74048,0
2026-04-27 10:15:00+05:30,1327.6,1329.3,1327.0,1328.4,66771,0
2026-04-27 10:20:00+05:30,1328.4,1328.5,1321.4,1321.6,132636,0
2026-04-27 10:25:00+05:30,1321.7,1322.3,1319.3,1320.6,136447,0
2026-04-27 10:30:00+05:30,1320.0,1320.7,1315.2,1315.8,141599,0
2026-04-27 10:35:00+05:30,1315.5,1316.3,1313.3,1313.8,321576,0
2026-04-27 10:40:00+05:30,1313.5,1317.7,1311.7,1315.8,612675,0
2026-04-27 10:45:00+05:30,1315.8,1320.3,1314.9,1320.0,200773,0
2026-04-27 10:50:00+05:30,1319.9,1320.9,1317.5,1319.9,170066,0
2026-04-27 10:55:00+05:30,1319.8,1320.2,1317.9,1318.8,120979,0
2026-04-27 11:00:00+05:30,1318.8,1319.1,1315.7,1316.6,218913,0
2026-04-27 11:05:00+05:30,1316.1,1316.6,1314.1,1314.5,153850,0
2026-04-27 11:10:00+05:30,1314.4,1315.6,1314.2,1315.1,102770,0
2026-04-27 11:15:00+05:30,1315.0,1317.0,1314.5,1316.5,108726,0
2026-04-27 11:20:00+05:30,1316.1,1318.8,1314.8,1318.0,172653,0
2026-04-27 11:25:00+05:30,1318.0,1318.2,1314.5,1315.5,197189,0
2026-04-27 11:30:00+05:30,1315.0,1315.6,1312.0,1312.8,270449,0
2026-04-27 11:35:00+05:30,1312.7,1313.4,1311.5,1312.2,169725,0
2026-04-27 11:40:00+05:30,1312.2,1312.9,1311.2,1311.7,128569,0
2026-04-27 11:45:00+05:30,1311.7,1316.2,1310.9,1315.7,202219,0
2026-04-27 11:50:00+05:30,1315.7,1317.3,1315.3,1316.8,113734,0
2026-04-27 11:55:00+05:30,1316.5,1318.3,1315.8,1318.2,123417,0
2026-04-27 12:00:00+05:30,1318.1,1318.2,1317.3,1317.8,73586,0
2026-04-27 12:05:00+05:30,1317.3,1318.3,1316.9,1318.0,75996,0
2026-04-27 12:10:00+05:30,1317.6,1318.3,1316.2,1317.0,303909,0
2026-04-27 12:15:00+05:30,1316.8,1318.4,1316.5,1318.3,78816,0
2026-04-27 12:20:00+05:30,1318.2,1318.3,1317.6,1318.1,86903,0
2026-04-27 12:25:00+05:30,1318.1,1320.6,1317.8,1319.5,387250,0
2026-04-27 12:30:00+05:30,1319.1,1320.6,1318.5,1320.5,235009,0
2026-04-27 12:35:00+05:30,1320.4,1320.5,1319.9,1320.5,141067,0
2026-04-27 12:40:00+05:30,1320.0,1320.5,1319.5,1320.5,81990,0
2026-04-27 12:45:00+05:30,1320.5,1320.7,1319.6,1320.4,93232,0
2026-04-27 12:50:00+05:30,1320.3,1320.5,1319.9,1320.3,72832,0
2026-04-27 12:55:00+05:30,1320.0,1320.7,1318.4,1319.7,360807,0
2026-04-27 13:00:00+05:30,1319.7,1321.6,1319.7,1321.5,184932,0
2026-04-27 13:05:00+05:30,1321.4,1324.0,1320.7,1323.6,189337,0
2026-04-27 13:10:00+05:30,1323.3,1323.7,1322.1,1323.3,65957,0
2026-04-27 13:15:00+05:30,1323.1,1323.6,1322.7,1323.1,203520,0
2026-04-27 13:20:00+05:30,1322.7,1323.1,1320.3,1321.5,107520,0
2026-04-27 13:25:00+05:30,1321.4,1322.7,1321.4,1321.8,68681,0
2026-04-27 13:30:00+05:30,1321.7,1323.4,1321.2,1323.4,70267,0
2026-04-27 13:35:00+05:30,1323.0,1323.5,1323.0,1323.4,67064,0
2026-04-27 13:40:00+05:30,1323.3,1323.5,1321.7,1322.0,134935,0
2026-04-27 13:45:00+05:30,1321.7,1323.6,1321.0,1321.6,244616,0
2026-04-27 13:50:00+05:30,1321.3,1323.3,1320.8,1322.1,171914,0
2026-04-27 13:55:00+05:30,1322.1,1322.4,1319.3,1320.6,292134,0
2026-04-27 14:00:00+05:30,1320.2,1322.0,1319.5,1320.0,207372,0
2026-04-27 14:05:00+05:30,1319.6,1320.0,1318.9,1319.9,66563,0
2026-04-27 14:10:00+05:30,1319.6,1322.0,1319.0,1320.9,694729,0
2026-04-27 14:15:00+05:30,1320.8,1321.2,1318.7,1320.0,190475,0
2026-04-27 14:20:00+05:30,1319.8,1320.2,1317.5,1318.2,301681,0
2026-04-27 14:25:00+05:30,1318.2,1318.7,1317.7,1318.3,96493,0
2026-04-27 14:30:00+05:30,1318.1,1318.3,1314.5,1315.1,201348,0
2026-04-27 14:35:00+05:30,1315.1,1316.6,1314.4,1315.0,297365,0
2026-04-27 14:40:00+05:30,1315.0,1316.0,1314.8,1315.8,146707,0
2026-04-27 14:45:00+05:30,1315.3,1316.1,1314.3,1315.7,192761,0
2026-04-27 14:50:00+05:30,1315.7,1318.0,1315.6,1317.7,203542,0
2026-04-27 14:55:00+05:30,1317.6,1318.1,1315.5,1316.6,217970,0
2026-04-27 15:00:00+05:30,1316.6,1316.6,1312.6,1314.2,459956,0
2026-04-27 15:05:00+05:30,1313.8,1314.2,1312.5,1313.8,456120,0
2026-04-27 15:10:00+05:30,1313.8,1315.0,1313.0,1314.0,390493,0
2026-04-27 15:15:00+05:30,1313.8,1314.8,1312.7,1313.4,476267,0
2026-04-27 15:20:00+05:30,1313.4,1314.9,1312.9,1314.1,571611,0
2026-04-27 15:25:00+05:30,1314.0,1317.0,1313.9,1316.6,374536,0
2026-04-28 09:15:00+05:30,1314.3,1317.7,1312.9,1313.3,470074,0
2026-04-28 09:20:00+05:30,1313.4,1314.6,1312.0,1314.1,103496,0
2026-04-28 09:25:00+05:30,1314.3,1317.0,1313.4,1313.4,146449,0
2026-04-28 09:30:00+05:30,1314.0,1314.9,1313.0,1313.4,118143,0
2026-04-28 09:35:00+05:30,1313.7,1313.8,1309.8,1311.2,152038,0
2026-04-28 09:40:00+05:30,1311.3,1313.5,1311.0,1312.2,131542,0
2026-04-28 09:45:00+05:30,1312.5,1314.0,1310.9,1311.4,89326,0
2026-04-28 09:50:00+05:30,1311.6,1312.4,1310.0,1310.2,340243,0
2026-04-28 09:55:00+05:30,1310.2,1312.0,1309.9,1311.7,45266,0
2026-04-28 10:00:00+05:30,1311.7,1312.0,1311.0,1311.6,75234,0
2026-04-28 10:05:00+05:30,1311.7,1314.8,1311.2,1313.1,167272,0
2026-04-28 10:10:00+05:30,1313.5,1314.8,1312.8,1313.3,94945,0
2026-04-28 10:15:00+05:30,1313.6,1314.7,1312.8,1314.0,90075,0
2026-04-28 10:20:00+05:30,1314.0,1314.3,1313.7,1314.3,37577,0
2026-04-28 10:25:00+05:30,1314.3,1314.5,1311.0,1312.8,70837,0
2026-04-28 10:30:00+05:30,1312.8,1313.5,1312.5,1313.1,34845,0
2026-04-28 10:35:00+05:30,1313.2,1313.2,1311.4,1311.9,38148,0
2026-04-28 10:40:00+05:30,1311.9,1312.1,1310.4,1311.9,59362,0
2026-04-28 10:45:00+05:30,1312.0,1313.9,1311.6,1313.7,42934,0
2026-04-28 10:50:00+05:30,1313.7,1314.2,1313.1,1314.2,47682,0
2026-04-28 10:55:00+05:30,1314.2,1314.5,1313.7,1314.1,91232,0
2026-04-28 11:00:00+05:30,1314.1,1314.1,1312.2,1313.0,43484,0
2026-04-28 11:05:00+05:30,1313.0,1313.0,1309.0,1310.2,155560,0
2026-04-28 11:10:00+05:30,1310.2,1310.9,1308.7,1310.8,98893,0
2026-04-28 11:15:00+05:30,1310.9,1311.1,1309.5,1309.7,35955,0
2026-04-28 11:20:00+05:30,1309.7,1310.2,1306.7,1307.1,97650,0
2026-04-28 11:25:00+05:30,1307.2,1307.4,1304.0,1304.7,329824,0
2026-04-28 11:30:00+05:30,1304.9,1305.0,1302.1,1303.9,337215,0
2026-04-28 11:35:00+05:30,1303.9,1305.6,1302.8,1304.9,184293,0
2026-04-28 11:40:00+05:30,1304.9,1305.0,1304.0,1304.9,82589,0
2026-04-28 11:45:00+05:30,1305.0,1306.4,1304.5,1305.6,100559,0
2026-04-28 11:50:00+05:30,1305.6,1306.2,1304.6,1305.6,40663,0
2026-04-28 11:55:00+05:30,1305.6,1306.6,1304.0,1304.8,150656,0
2026-04-28 12:00:00+05:30,1304.8,1304.9,1301.6,1301.6,109038,0
2026-04-28 12:05:00+05:30,1301.9,1301.9,1300.0,1301.7,187560,0
2026-04-28 12:10:00+05:30,1301.7,1302.9,1300.8,1302.7,113697,0
2026-04-28 12:15:00+05:30,1302.7,1303.3,1301.4,1301.7,69160,0
2026-04-28 12:20:00+05:30,1301.9,1302.3,1300.6,1302.3,120149,0
2026-04-28 12:25:00+05:30,1302.3,1303.2,1301.7,1302.7,60063,0
2026-04-28 12:30:00+05:30,1302.7,1303.5,1301.8,1303.5,75359,0
2026-04-28 12:35:00+05:30,1303.5,1304.8,1303.1,1304.0,126183,0
2026-04-28 12:40:00+05:30,1304.3,1305.2,1303.9,1304.7,74698,0
2026-04-28 12:45:00+05:30,1305.1,1306.3,1304.6,1305.5,100786,0
2026-04-28 12:50:00+05:30,1305.5,1306.7,1304.7,1304.8,78432,0
2026-04-28 12:55:00+05:30,1304.9,1306.3,1303.6,1303.9,94397,0
2026-04-28 13:00:00+05:30,1303.9,1306.3,1303.2,1305.2,76593,0
2026-04-28 13:05:00+05:30,1305.2,1306.6,1304.6,1306.4,137464,0
2026-04-28 13:10:00+05:30,1306.4,1306.6,1304.0,1304.8,127920,0
2026-04-28 13:15:00+05:30,1304.8,1306.5,1304.5,1306.1,83106,0
2026-04-28 13:20:00+05:30,1306.1,1306.5,1305.0,1306.3,77420,0
2026-04-28 13:25:00+05:30,1306.3,1306.7,1298.6,1298.7,2439970,0
2026-04-28 13:30:00+05:30,1298.7,1300.0,1297.6,1297.8,279153,0
2026-04-28 13:35:00+05:30,1297.8,1299.6,1296.1,1299.5,304553,0
2026-04-28 13:40:00+05:30,1299.5,1300.3,1298.5,1298.5,352755,0
2026-04-28 13:45:00+05:30,1298.6,1299.7,1297.2,1297.7,310818,0
2026-04-28 13:50:00+05:30,1297.7,1299.9,1297.4,1299.9,144018,0
2026-04-28 13:55:00+05:30,1299.9,1301.2,1299.1,1300.4,133596,0
2026-04-28 14:00:00+05:30,1300.4,1300.4,1299.0,1299.0,122819,0
2026-04-28 14:05:00+05:30,1299.1,1300.0,1298.8,1299.9,204821,0
2026-04-28 14:10:00+05:30,1300.0,1300.0,1296.7,1297.5,255905,0
2026-04-28 14:15:00+05:30,1297.5,1298.9,1297.1,1298.5,382000,0
2026-04-28 14:20:00+05:30,1298.5,1299.4,1297.5,1297.9,114426,0
2026-04-28 14:25:00+05:30,1297.9,1298.4,1297.0,1297.2,89147,0
2026-04-28 14:30:00+05:30,1297.5,1298.8,1297.0,1297.6,171981,0
2026-04-28 14:35:00+05:30,1297.8,1299.0,1297.2,1297.5,105809,0
2026-04-28 14:40:00+05:30,1297.6,1298.7,1296.6,1298.6,119481,0
2026-04-28 14:45:00+05:30,1298.6,1299.2,1297.0,1298.9,143630,0
2026-04-28 14:50:00+05:30,1298.9,1299.0,1297.7,1298.3,70599,0
2026-04-28 14:55:00+05:30,1298.3,1298.4,1297.0,1297.5,80546,0
2026-04-28 15:00:00+05:30,1297.4,1297.4,1291.7,1296.0,1505087,0
2026-04-28 15:05:00+05:30,1295.9,1298.0,1292.2,1292.4,1229476,0
2026-04-28 15:10:00+05:30,1292.4,1292.4,1288.4,1290.0,773157,0
2026-04-28 15:15:00+05:30,1290.0,1290.7,1287.6,1289.7,639474,0
2026-04-28 15:20:00+05:30,1289.6,1289.7,1286.7,1288.9,489974,0
2026-04-28 15:25:00+05:30,1288.9,1290.4,1288.2,1289.1,488936,0
2026-04-29 09:15:00+05:30,1294.7,1296.8,1282.2,1283.3,517716,0
2026-04-29 09:20:00+05:30,1283.7,1287.8,1283.2,1283.4,121441,0
2026-04-29 09:25:00+05:30,1283.7,1285.4,1282.6,1284.9,114989,0
2026-04-29 09:30:00+05:30,1285.1,1287.2,1284.9,1285.3,94111,0
2026-04-29 09:35:00+05:30,1285.3,1286.0,1282.0,1283.8,130873,0
2026-04-29 09:40:00+05:30,1284.0,1286.6,1283.6,1286.1,111857,0
2026-04-29 09:45:00+05:30,1286.5,1287.4,1286.0,1287.4,69700,0
2026-04-29 09:50:00+05:30,1287.4,1287.4,1286.0,1286.1,47242,0
2026-04-29 09:55:00+05:30,1286.2,1287.0,1285.9,1286.1,77421,0
2026-04-29 10:00:00+05:30,1286.2,1287.0,1286.1,1286.7,88952,0
2026-04-29 10:05:00+05:30,1286.7,1288.9,1286.1,1288.1,229458,0
2026-04-29 10:10:00+05:30,1288.4,1290.1,1287.9,1290.0,134616,0
2026-04-29 10:15:00+05:30,1290.0,1291.5,1289.6,1290.5,200697,0
2026-04-29 10:20:00+05:30,1290.9,1292.5,1290.2,1290.5,185748,0
2026-04-29 10:25:00+05:30,1290.7,1294.5,1290.2,1294.2,233644,0
2026-04-29 10:30:00+05:30,1294.2,1294.3,1291.4,1291.9,114321,0
2026-04-29 10:35:00+05:30,1291.9,1292.9,1289.7,1290.2,88891,0
2026-04-29 10:40:00+05:30,1290.3,1291.1,1290.0,1290.3,60911,0
2026-04-29 10:45:00+05:30,1290.3,1291.9,1289.4,1291.2,115202,0
2026-04-29 10:50:00+05:30,1291.2,1294.1,1291.2,1293.7,266974,0
2026-04-29 10:55:00+05:30,1293.7,1294.0,1292.1,1293.1,204697,0
2026-04-29 11:00:00+05:30,1293.0,1294.3,1290.2,1290.3,96594,0
2026-04-29 11:05:00+05:30,1290.4,1291.1,1289.3,1290.7,100183,0
2026-04-29 11:10:00+05:30,1290.7,1291.3,1290.2,1290.6,64618,0
2026-04-29 11:15:00+05:30,1290.6,1291.1,1290.0,1290.4,54676,0
2026-04-29 11:20:00+05:30,1290.4,1292.0,1289.9,1291.2,109074,0
2026-04-29 11:25:00+05:30,1291.2,1291.2,1289.1,1289.8,130235,0
2026-04-29 11:30:00+05:30,1289.8,1291.7,1289.2,1291.1,144210,0
2026-04-29 11:35:00+05:30,1291.1,1291.2,1290.0,1290.4,41505,0
2026-04-29 11:40:00+05:30,1290.4,1291.4,1289.9,1290.9,73493,0
2026-04-29 11:45:00+05:30,1290.9,1292.1,1290.0,1290.3,59077,0
2026-04-29 11:50:00+05:30,1290.3,1290.4,1289.3,1289.8,110229,0
2026-04-29 11:55:00+05:30,1289.8,1289.9,1286.9,1288.4,220795,0
2026-04-29 12:00:00+05:30,1288.4,1290.2,1287.9,1290.1,37968,0
2026-04-29 12:05:00+05:30,1290.1,1291.0,1289.1,1290.2,174827,0
2026-04-29 12:10:00+05:30,1290.2,1292.3,1290.1,1290.8,304496,0
2026-04-29 12:15:00+05:30,1290.8,1291.9,1290.2,1291.7,50759,0
2026-04-29 12:20:00+05:30,1291.7,1292.0,1290.3,1292.0,61398,0
2026-04-29 12:25:00+05:30,1292.0,1292.3,1291.2,1291.6,91525,0
2026-04-29 12:30:00+05:30,1291.6,1292.3,1291.5,1292.0,102991,0
2026-04-29 12:35:00+05:30,1292.0,1294.4,1291.6,1293.2,368380,0
2026-04-29 12:40:00+05:30,1293.2,1293.3,1292.0,1292.9,102025,0
2026-04-29 12:45:00+05:30,1292.9,1293.2,1291.5,1293.0,96965,0
2026-04-29 12:50:00+05:30,1293.0,1293.7,1292.6,1293.1,61904,0
2026-04-29 12:55:00+05:30,1293.1,1294.1,1292.2,1292.5,128169,0
2026-04-29 13:00:00+05:30,1292.5,1293.0,1291.2,1291.8,141421,0
2026-04-29 13:05:00+05:30,1291.8,1292.0,1290.5,1290.7,92522,0
2026-04-29 13:10:00+05:30,1290.8,1291.5,1290.1,1290.5,115826,0
2026-04-29 13:15:00+05:30,1290.5,1291.0,1290.3,1291.0,61543,0
2026-04-29 13:20:00+05:30,1291.1,1291.5,1289.2,1290.4,113636,0
2026-04-29 13:25:00+05:30,1290.4,1290.9,1290.0,1290.8,51712,0
2026-04-29 13:30:00+05:30,1290.8,1291.9,1290.8,1291.7,124989,0
2026-04-29 13:35:00+05:30,1291.7,1292.0,1290.0,1291.0,589185,0
2026-04-29 13:40:00+05:30,1291.1,1291.1,1289.0,1289.9,73320,0
2026-04-29 13:45:00+05:30,1289.9,1290.1,1287.3,1289.1,369197,0
2026-04-29 13:50:00+05:30,1289.1,1289.1,1287.5,1288.1,86893,0
2026-04-29 13:55:00+05:30,1288.1,1289.0,1287.2,1287.6,118002,0
2026-04-29 14:00:00+05:30,1287.6,1287.9,1284.2,1285.3,146205,0
2026-04-29 14:05:00+05:30,1285.3,1285.9,1284.0,1284.4,94797,0
2026-04-29 14:10:00+05:30,1284.4,1284.4,1282.3,1284.3,108819,0
2026-04-29 14:15:00+05:30,1284.3,1284.3,1281.1,1281.4,112426,0
2026-04-29 14:20:00+05:30,1281.4,1283.7,1281.1,1283.0,138532,0
2026-04-29 14:25:00+05:30,1283.0,1283.0,1280.9,1281.2,100161,0
2026-04-29 14:30:00+05:30,1281.4,1283.6,1280.8,1283.0,166502,0
2026-04-29 14:35:00+05:30,1283.0,1283.9,1281.8,1283.8,85870,0
2026-04-29 14:40:00+05:30,1283.8,1284.3,1283.0,1284.3,88860,0
2026-04-29 14:45:00+05:30,1284.3,1284.3,1282.2,1283.3,103428,0
2026-04-29 14:50:00+05:30,1283.3,1284.3,1282.8,1283.6,134253,0
2026-04-29 14:55:00+05:30,1283.6,1283.9,1282.3,1282.7,85354,0
2026-04-29 15:00:00+05:30,1282.6,1284.6,1282.4,1283.8,368279,0
2026-04-29 15:05:00+05:30,1283.7,1284.9,1282.5,1283.0,555947,0
2026-04-29 15:10:00+05:30,1283.1,1283.1,1279.5,1280.1,373815,0
2026-04-29 15:15:00+05:30,1280.1,1280.2,1278.7,1279.7,328283,0
2026-04-29 15:20:00+05:30,1279.0,1279.6,1277.8,1279.1,456683,0
2026-04-29 15:25:00+05:30,1279.1,1280.5,1276.2,1279.5,333341,0
2026-04-30 09:15:00+05:30,1261.0,1270.2,1260.0,1264.5,1352644,0
2026-04-30 09:20:00+05:30,1264.4,1265.6,1262.8,1265.6,289770,0
2026-04-30 09:25:00+05:30,1265.6,1266.3,1261.6,1261.9,647333,0
2026-04-30 09:30:00+05:30,1261.9,1264.5,1260.8,1264.5,126141,0
2026-04-30 09:35:00+05:30,1264.1,1265.1,1262.9,1264.3,198843,0
2026-04-30 09:40:00+05:30,1264.3,1265.0,1263.0,1263.8,93990,0
2026-04-30 09:45:00+05:30,1263.8,1264.3,1261.7,1262.0,128144,0
2026-04-30 09:50:00+05:30,1262.0,1262.8,1260.0,1261.8,279883,0
2026-04-30 09:55:00+05:30,1261.7,1262.4,1260.2,1261.5,128229,0
2026-04-30 10:00:00+05:30,1261.6,1261.9,1260.2,1260.8,96285,0
2026-04-30 10:05:00+05:30,1261.0,1263.4,1259.0,1262.8,228631,0
2026-04-30 10:10:00+05:30,1262.8,1263.0,1261.8,1262.8,101866,0
2026-04-30 10:15:00+05:30,1262.8,1264.2,1261.0,1264.1,169317,0
2026-04-30 10:20:00+05:30,1264.0,1264.5,1261.2,1262.7,127987,0
2026-04-30 10:25:00+05:30,1262.3,1264.1,1261.6,1263.6,104642,0
2026-04-30 10:30:00+05:30,1263.6,1264.7,1263.3,1264.4,87340,0
2026-04-30 10:35:00+05:30,1264.4,1264.7,1262.6,1264.1,69575,0
2026-04-30 10:40:00+05:30,1264.1,1264.5,1263.2,1263.5,58671,0
2026-04-30 10:45:00+05:30,1263.7,1263.7,1262.3,1263.5,51092,0
2026-04-30 10:50:00+05:30,1263.4,1263.7,1262.1,1262.5,51219,0
2026-04-30 10:55:00+05:30,1262.5,1263.1,1262.0,1262.7,58562,0
2026-04-30 11:00:00+05:30,1262.7,1263.1,1262.1,1262.7,44103,0
2026-04-30 11:05:00+05:30,1262.7,1263.0,1261.0,1261.8,72841,0
2026-04-30 11:10:00+05:30,1261.8,1262.3,1260.6,1260.9,78252,0
2026-04-30 11:15:00+05:30,1261.0,1261.9,1260.6,1261.2,61651,0
2026-04-30 11:20:00+05:30,1261.2,1262.3,1261.0,1261.9,47700,0
2026-04-30 11:25:00+05:30,1261.9,1262.4,1260.9,1262.1,48067,0
2026-04-30 11:30:00+05:30,1262.1,1263.6,1261.6,1263.0,143611,0
2026-04-30 11:35:00+05:30,1262.9,1264.0,1262.3,1263.2,168106,0
2026-04-30 11:40:00+05:30,1263.0,1264.4,1262.8,1263.3,91282,0
2026-04-30 11:45:00+05:30,1263.4,1263.6,1262.2,1263.2,57354,0
2026-04-30 11:50:00+05:30,1263.2,1263.5,1262.0,1262.3,58858,0
2026-04-30 11:55:00+05:30,1262.4,1264.0,1262.3,1263.6,157584,0
2026-04-30 12:00:00+05:30,1263.6,1263.9,1261.2,1262.7,229437,0
2026-04-30 12:05:00+05:30,1262.6,1263.6,1261.2,1263.0,363721,0
2026-04-30 12:10:00+05:30,1263.0,1263.6,1260.5,1263.2,342533,0
2026-04-30 12:15:00+05:30,1263.0,1264.1,1262.9,1263.2,178522,0
2026-04-30 12:20:00+05:30,1263.2,1265.2,1262.5,1263.1,276872,0
2026-04-30 12:25:00+05:30,1263.3,1264.0,1262.7,1263.7,124209,0
2026-04-30 12:30:00+05:30,1263.7,1264.0,1262.1,1263.7,111531,0
2026-04-30 12:35:00+05:30,1263.7,1263.8,1262.3,1263.2,104763,0
2026-04-30 12:40:00+05:30,1263.2,1263.4,1262.5,1263.4,83826,0
2026-04-30 12:45:00+05:30,1263.4,1264.1,1263.0,1263.8,89416,0
2026-04-30 12:50:00+05:30,1263.8,1264.0,1263.3,1263.8,60577,0
2026-04-30 12:55:00+05:30,1263.8,1266.3,1263.5,1265.8,319697,0
2026-04-30 13:00:00+05:30,1265.8,1266.8,1265.0,1265.5,215450,0
2026-04-30 13:05:00+05:30,1265.5,1267.6,1263.7,1266.8,314941,0
2026-04-30 13:10:00+05:30,1266.8,1268.6,1265.9,1267.3,175716,0
2026-04-30 13:15:00+05:30,1267.1,1267.6,1264.2,1265.4,99286,0
2026-04-30 13:20:00+05:30,1265.7,1268.8,1265.5,1267.1,382798,0
2026-04-30 13:25:00+05:30,1267.2,1267.3,1265.2,1267.1,103933,0
2026-04-30 13:30:00+05:30,1267.1,1267.7,1266.5,1266.8,67067,0
2026-04-30 13:35:00+05:30,1266.7,1267.7,1265.2,1265.5,220188,0
2026-04-30 13:40:00+05:30,1265.1,1269.4,1265.1,1269.2,402708,0
2026-04-30 13:45:00+05:30,1269.2,1271.2,1268.7,1270.5,212846,0
2026-04-30 13:50:00+05:30,1270.3,1270.6,1267.3,1269.4,236880,0
2026-04-30 13:55:00+05:30,1269.4,1272.2,1269.2,1270.0,386956,0
2026-04-30 14:00:00+05:30,1270.3,1270.7,1270.0,1270.0,95980,0
2026-04-30 14:05:00+05:30,1270.1,1270.6,1268.7,1270.3,181940,0
2026-04-30 14:10:00+05:30,1270.2,1270.4,1268.1,1269.2,243838,0
2026-04-30 14:15:00+05:30,1269.0,1269.5,1266.8,1267.0,110955,0
2026-04-30 14:20:00+05:30,1267.0,1268.8,1266.5,1268.1,171202,0
2026-04-30 14:25:00+05:30,1268.1,1268.9,1266.6,1267.5,142867,0
2026-04-30 14:30:00+05:30,1267.8,1268.0,1266.5,1267.9,138468,0
2026-04-30 14:35:00+05:30,1267.9,1269.0,1266.6,1268.6,277882,0
2026-04-30 14:40:00+05:30,1268.6,1269.9,1267.8,1269.2,243272,0
2026-04-30 14:45:00+05:30,1269.4,1270.0,1267.1,1267.9,178288,0
2026-04-30 14:50:00+05:30,1267.9,1267.9,1263.6,1265.0,390272,0
2026-04-30 14:55:00+05:30,1265.0,1267.1,1264.4,1266.1,141661,0
2026-04-30 15:00:00+05:30,1266.4,1267.3,1262.2,1264.1,1218598,0
2026-04-30 15:05:00+05:30,1263.9,1265.0,1261.1,1262.0,1342750,0
2026-04-30 15:10:00+05:30,1262.1,1262.6,1260.7,1262.1,618411,0
2026-04-30 15:15:00+05:30,1262.1,1263.7,1260.6,1263.6,670567,0
2026-04-30 15:20:00+05:30,1263.7,1265.0,1262.9,1264.4,599844,0
2026-04-30 15:25:00+05:30,1264.4,1266.0,1263.8,1265.7,389815,0
2026-05-04 09:15:00+05:30,1264.3,1278.1,1264.3,1271.6,1365721,0
2026-05-04 09:20:00+05:30,1271.1,1275.1,1271.1,1274.6,268120,0
2026-05-04 09:25:00+05:30,1274.6,1277.9,1274.5,1277.4,444865,0
2026-05-04 09:30:00+05:30,1277.4,1280.3,1276.0,1278.2,433310,0
2026-05-04 09:35:00+05:30,1278.5,1279.6,1276.5,1278.0,367233,0
2026-05-04 09:40:00+05:30,1278.4,1282.2,1277.6,1278.4,486634,0
2026-05-04 09:45:00+05:30,1278.5,1279.6,1276.6,1278.0,101404,0
2026-05-04 09:50:00+05:30,1278.0,1278.8,1276.6,1277.4,48938,0
2026-05-04 09:55:00+05:30,1277.4,1278.2,1275.3,1277.5,110307,0
2026-05-04 10:00:00+05:30,1277.4,1279.4,1275.5,1276.9,139692,0
2026-05-04 10:05:00+05:30,1276.7,1277.9,1276.0,1276.7,64403,0
2026-05-04 10:10:00+05:30,1276.2,1276.9,1273.5,1274.5,81770,0
2026-05-04 10:15:00+05:30,1274.5,1275.5,1274.0,1275.2,70865,0
2026-05-04 10:20:00+05:30,1275.1,1276.3,1273.8,1275.8,113082,0
2026-05-04 10:25:00+05:30,1275.8,1276.7,1275.0,1276.3,93789,0
2026-05-04 10:30:00+05:30,1276.7,1277.5,1274.3,1275.2,139085,0
2026-05-04 10:35:00+05:30,1275.2,1276.0,1274.1,1275.3,128865,0
2026-05-04 10:40:00+05:30,1275.3,1277.1,1274.5,1276.9,176612,0
2026-05-04 10:45:00+05:30,1276.9,1277.4,1275.0,1276.7,149425,0
2026-05-04 10:50:00+05:30,1276.7,1277.0,1275.9,1276.0,83207,0
2026-05-04 10:55:00+05:30,1276.0,1276.1,1274.0,1274.2,81906,0
2026-05-04 11:00:00+05:30,1274.2,1275.1,1273.1,1275.0,91458,0
2026-05-04 11:05:00+05:30,1274.9,1275.4,1274.0,1275.1,100017,0
2026-05-04 11:10:00+05:30,1275.1,1275.4,1274.4,1275.3,101690,0
2026-05-04 11:15:00+05:30,1275.2,1275.4,1274.7,1275.0,136691,0
2026-05-04 11:20:00+05:30,1275.0,1277.2,1274.5,1277.1,190582,0
2026-05-04 11:25:00+05:30,1277.1,1277.6,1276.5,1277.0,215422,0
2026-05-04 11:30:00+05:30,1277.0,1278.0,1276.7,1277.9,138672,0
2026-05-04 11:35:00+05:30,1277.9,1279.8,1277.2,1279.4,277639,0
2026-05-04 11:40:00+05:30,1279.3,1279.4,1277.8,1278.1,101424,0
2026-05-04 11:45:00+05:30,1278.3,1278.7,1277.0,1277.6,87213,0
2026-05-04 11:50:00+05:30,1277.5,1277.6,1276.6,1277.2,69500,0
2026-05-04 11:55:00+05:30,1277.2,1277.4,1276.3,1276.5,91824,0
2026-05-04 12:00:00+05:30,1276.6,1277.5,1275.6,1276.0,105450,0
2026-05-04 12:05:00+05:30,1276.0,1276.4,1275.1,1275.6,129506,0
2026-05-04 12:10:00+05:30,1275.7,1275.7,1271.3,1271.7,137593,0
2026-05-04 12:15:00+05:30,1271.7,1273.3,1271.1,1273.3,97169,0
2026-05-04 12:20:00+05:30,1273.1,1273.4,1271.5,1272.2,141674,0
2026-05-04 12:25:00+05:30,1272.2,1273.3,1271.6,1272.6,134985,0
2026-05-04 12:30:00+05:30,1272.7,1272.7,1270.2,1270.6,118562,0
2026-05-04 12:35:00+05:30,1270.6,1272.0,1270.0,1271.3,231683,0
2026-05-04 12:40:00+05:30,1271.3,1272.2,1269.2,1269.7,204559,0
2026-05-04 12:45:00+05:30,1269.6,1271.0,1269.3,1270.4,150877,0
2026-05-04 12:50:00+05:30,1270.4,1272.2,1270.3,1271.3,326311,0
2026-05-04 12:55:00+05:30,1271.2,1273.0,1271.1,1271.8,160920,0
2026-05-04 13:00:00+05:30,1271.8,1272.5,1271.1,1272.1,72744,0
2026-05-04 13:05:00+05:30,1272.1,1273.0,1271.7,1272.9,116615,0
2026-05-04 13:10:00+05:30,1272.9,1273.3,1272.4,1272.5,133678,0
2026-05-04 13:15:00+05:30,1272.5,1272.7,1271.0,1272.2,108210,0
2026-05-04 13:20:00+05:30,1272.2,1272.2,1269.0,1269.3,130320,0
2026-05-04 13:25:00+05:30,1269.8,1270.6,1266.4,1266.6,111076,0
2026-05-04 13:30:00+05:30,1266.4,1268.5,1265.2,1266.9,146444,0
2026-05-04 13:35:00+05:30,1266.9,1268.3,1266.2,1268.0,83804,0
2026-05-04 13:40:00+05:30,1267.9,1271.4,1267.9,1270.9,120356,0
2026-05-04 13:45:00+05:30,1271.0,1272.8,1269.9,1272.6,158274,0
2026-05-04 13:50:00+05:30,1272.7,1273.4,1272.0,1272.5,149987,0
2026-05-04 13:55:00+05:30,1272.5,1273.1,1270.5,1270.6,102774,0
2026-05-04 14:00:00+05:30,1271.1,1272.0,1270.4,1271.3,97714,0
2026-05-04 14:05:00+05:30,1271.3,1271.9,1269.6,1270.7,95143,0
2026-05-04 14:10:00+05:30,1270.7,1272.5,1270.7,1271.5,102506,0
2026-05-04 14:15:00+05:30,1271.7,1274.2,1271.3,1274.0,225060,0
2026-05-04 14:20:00+05:30,1274.0,1274.1,1272.6,1272.8,95369,0
2026-05-04 14:25:00+05:30,1273.0,1273.4,1272.3,1272.8,106424,0
2026-05-04 14:30:00+05:30,1272.8,1273.2,1271.1,1272.1,295501,0
2026-05-04 14:35:00+05:30,1272.1,1273.2,1271.3,1273.2,173102,0
2026-05-04 14:40:00+05:30,1273.2,1273.3,1270.1,1272.0,212120,0
2026-05-04 14:45:00+05:30,1272.0,1272.0,1269.7,1269.8,152626,0
2026-05-04 14:50:00+05:30,1269.8,1271.3,1268.9,1271.1,294563,0
2026-05-04 14:55:00+05:30,1271.1,1271.4,1268.3,1270.0,256706,0
2026-05-04 15:00:00+05:30,1269.9,1271.0,1268.1,1269.6,516764,0
2026-05-04 15:05:00+05:30,1270.1,1271.6,1269.1,1271.1,410733,0
2026-05-04 15:10:00+05:30,1271.1,1273.1,1270.0,1272.0,408956,0
2026-05-04 15:15:00+05:30,1272.0,1272.6,1270.9,1272.1,446309,0
2026-05-04 15:20:00+05:30,1272.1,1272.3,1269.6,1270.4,533781,0
2026-05-04 15:25:00+05:30,1270.4,1271.5,1269.0,1269.0,248478,0
2026-05-05 09:15:00+05:30,1264.0,1266.7,1259.0,1260.6,482337,0
2026-05-05 09:20:00+05:30,1260.5,1261.0,1257.2,1258.1,196004,0
2026-05-05 09:25:00+05:30,1258.0,1258.1,1255.1,1256.0,181946,0
2026-05-05 09:30:00+05:30,1256.0,1259.3,1255.9,1258.1,119781,0
2026-05-05 09:35:00+05:30,1258.0,1258.7,1256.3,1257.4,128508,0
2026-05-05 09:40:00+05:30,1257.4,1257.4,1254.4,1255.4,205666,0
2026-05-05 09:45:00+05:30,1255.5,1256.0,1254.3,1255.2,118912,0
2026-05-05 09:50:00+05:30,1255.1,1255.9,1254.0,1255.1,155839,0
2026-05-05 09:55:00+05:30,1255.1,1256.3,1255.1,1255.9,109339,0
2026-05-05 10:00:00+05:30,1255.8,1256.7,1253.1,1253.3,188293,0
2026-05-05 10:05:00+05:30,1253.3,1253.7,1250.7,1251.3,235275,0
2026-05-05 10:10:00+05:30,1251.1,1252.0,1249.2,1250.8,829315,0
2026-05-05 10:15:00+05:30,1250.8,1253.4,1249.9,1253.2,147857,0
2026-05-05 10:20:00+05:30,1253.1,1253.4,1250.5,1251.7,105428,0
2026-05-05 10:25:00+05:30,1251.6,1252.0,1250.2,1251.3,80548,0
2026-05-05 10:30:00+05:30,1251.2,1252.5,1250.1,1250.2,362800,0
2026-05-05 10:35:00+05:30,1250.2,1251.0,1249.6,1250.4,120371,0
2026-05-05 10:40:00+05:30,1250.5,1251.2,1249.3,1250.6,296283,0
2026-05-05 10:45:00+05:30,1250.6,1252.6,1250.2,1252.1,152757,0
2026-05-05 10:50:00+05:30,1252.1,1252.2,1250.4,1250.9,114947,0
2026-05-05 10:55:00+05:30,1251.0,1251.6,1250.0,1251.0,165803,0
2026-05-05 11:00:00+05:30,1250.7,1252.9,1249.9,1252.2,310080,0
2026-05-05 11:05:00+05:30,1252.1,1252.2,1250.2,1250.8,131497,0
2026-05-05 11:10:00+05:30,1251.2,1253.0,1249.6,1250.4,635719,0
2026-05-05 11:15:00+05:30,1250.0,1252.2,1249.8,1251.1,98714,0
2026-05-05 11:20:00+05:30,1251.0,1251.8,1250.0,1250.6,75534,0
2026-05-05 11:25:00+05:30,1250.6,1250.9,1249.4,1250.1,189486,0
2026-05-05 11:30:00+05:30,1250.1,1250.8,1249.2,1250.4,150218,0
2026-05-05 11:35:00+05:30,1250.7,1251.6,1247.8,1248.9,266230,0
2026-05-05 11:40:00+05:30,1249.0,1249.1,1246.3,1246.8,201160,0
2026-05-05 11:45:00+05:30,1246.6,1247.3,1245.5,1246.5,124206,0
2026-05-05 11:50:00+05:30,1246.5,1249.0,1246.1,1247.8,128538,0
2026-05-05 11:55:00+05:30,1247.6,1249.2,1247.3,1247.7,192454,0
2026-05-05 12:00:00+05:30,1247.7,1248.8,1246.3,1246.7,391063,0
2026-05-05 12:05:00+05:30,1246.8,1249.1,1246.4,1249.0,338114,0
2026-05-05 12:10:00+05:30,1248.9,1250.9,1248.3,1250.3,302005,0
2026-05-05 12:15:00+05:30,1250.3,1250.7,1249.1,1250.4,122379,0
2026-05-05 12:20:00+05:30,1250.3,1251.5,1250.1,1250.9,220309,0
2026-05-05 12:25:00+05:30,1250.9,1251.0,1248.9,1249.3,219244,0
2026-05-05 12:30:00+05:30,1249.5,1250.5,1249.2,1250.5,342775,0
2026-05-05 12:35:00+05:30,1250.4,1251.6,1249.6,1250.0,238990,0
2026-05-05 12:40:00+05:30,1250.1,1250.6,1248.2,1248.6,231069,0
2026-05-05 12:45:00+05:30,1248.4,1251.6,1248.4,1251.0,406130,0
2026-05-05 12:50:00+05:30,1250.9,1252.0,1250.6,1251.0,255313,0
2026-05-05 12:55:00+05:30,1251.0,1254.4,1250.5,1253.6,653501,0
2026-05-05 13:00:00+05:30,1253.5,1255.1,1252.5,1253.3,374409,0
2026-05-05 13:05:00+05:30,1253.3,1255.2,1252.7,1254.5,496767,0
2026-05-05 13:10:00+05:30,1254.5,1256.0,1253.7,1255.2,654501,0
2026-05-05 13:15:00+05:30,1255.2,1256.0,1252.5,1252.6,632002,0
2026-05-05 13:20:00+05:30,1252.6,1256.4,1252.2,1254.5,419743,0
2026-05-05 13:25:00+05:30,1254.5,1255.2,1253.0,1254.7,207867,0
2026-05-05 13:30:00+05:30,1254.0,1254.7,1251.6,1252.0,311443,0
2026-05-05 13:35:00+05:30,1252.0,1253.8,1251.7,1252.7,186457,0
2026-05-05 13:40:00+05:30,1252.6,1254.5,1252.2,1253.3,372067,0
2026-05-05 13:45:00+05:30,1253.3,1254.4,1252.4,1253.4,163630,0
2026-05-05 13:50:00+05:30,1253.8,1254.0,1251.1,1252.6,337672,0
2026-05-05 13:55:00+05:30,1252.6,1255.3,1252.2,1253.9,580293,0
2026-05-05 14:00:00+05:30,1253.9,1254.9,1250.2,1252.7,415374,0
2026-05-05 14:05:00+05:30,1252.7,1253.2,1251.6,1252.3,712583,0
2026-05-05 14:10:00+05:30,1252.2,1253.1,1251.0,1251.7,137368,0
2026-05-05 14:15:00+05:30,1251.9,1253.3,1251.0,1253.0,246324,0
2026-05-05 14:20:00+05:30,1252.9,1254.0,1252.3,1253.2,201139,0
2026-05-05 14:25:00+05:30,1253.2,1254.2,1252.4,1254.0,169638,0
2026-05-05 14:30:00+05:30,1254.0,1254.6,1252.1,1252.7,196638,0
2026-05-05 14:35:00+05:30,1252.7,1253.9,1252.4,1253.7,243762,0
2026-05-05 14:40:00+05:30,1253.7,1254.2,1252.7,1253.6,149645,0
2026-05-05 14:45:00+05:30,1253.6,1254.1,1251.7,1251.9,341786,0
2026-05-05 14:50:00+05:30,1251.9,1252.9,1250.8,1252.1,304907,0
2026-05-05 14:55:00+05:30,1252.1,1253.1,1251.4,1252.3,300187,0
2026-05-05 15:00:00+05:30,1252.3,1252.7,1250.0,1251.4,660144,0
2026-05-05 15:05:00+05:30,1251.0,1253.0,1249.6,1252.7,1549529,0
2026-05-05 15:10:00+05:30,1252.6,1253.0,1250.4,1252.3,861012,0
2026-05-05 15:15:00+05:30,1252.2,1253.3,1251.0,1251.7,675737,0
2026-05-05 15:20:00+05:30,1251.7,1253.0,1250.0,1250.8,962098,0
2026-05-05 15:25:00+05:30,1250.8,1252.0,1247.4,1250.9,858682,0
2026-05-06 09:15:00+05:30,1262.0,1269.4,1261.0,1261.9,1634083,0
2026-05-06 09:20:00+05:30,1262.0,1264.0,1260.2,1260.9,300033,0
2026-05-06 09:25:00+05:30,1261.1,1261.5,1258.5,1259.1,252492,0
2026-05-06 09:30:00+05:30,1259.1,1259.6,1257.9,1258.0,107020,0
2026-05-06 09:35:00+05:30,1258.0,1259.5,1257.9,1259.0,68951,0
2026-05-06 09:40:00+05:30,1259.0,1259.2,1257.9,1258.4,76453,0
2026-05-06 09:45:00+05:30,1258.4,1258.9,1256.6,1257.4,65333,0
2026-05-06 09:50:00+05:30,1257.4,1258.8,1256.5,1258.8,92242,0
2026-05-06 09:55:00+05:30,1258.8,1259.0,1257.1,1257.3,79693,0
2026-05-06 10:00:00+05:30,1257.3,1257.6,1255.5,1256.5,99008,0
2026-05-06 10:05:00+05:30,1256.5,1257.8,1256.2,1257.2,39359,0
2026-05-06 10:10:00+05:30,1257.2,1259.0,1256.7,1258.4,74790,0
2026-05-06 10:15:00+05:30,1258.4,1259.3,1257.0,1259.0,235291,0
2026-05-06 10:20:00+05:30,1259.0,1261.7,1258.4,1261.4,350366,0
2026-05-06 10:25:00+05:30,1261.4,1261.4,1260.1,1260.1,77235,0
2026-05-06 10:30:00+05:30,1260.4,1261.2,1258.9,1260.5,94663,0
2026-05-06 10:35:00+05:30,1260.5,1260.5,1259.0,1259.9,80389,0
2026-05-06 10:40:00+05:30,1259.9,1261.5,1259.4,1261.2,97060,0
2026-05-06 10:45:00+05:30,1261.2,1262.4,1259.0,1260.7,446955,0
2026-05-06 10:50:00+05:30,1260.7,1260.8,1259.2,1259.9,60623,0
2026-05-06 10:55:00+05:30,1259.9,1261.2,1259.0,1260.6,146195,0
2026-05-06 11:00:00+05:30,1260.7,1261.4,1259.4,1259.7,59334,0
2026-05-06 11:05:00+05:30,1259.7,1261.3,1259.4,1261.2,46478,0
2026-05-06 11:10:00+05:30,1261.2,1261.3,1259.9,1260.8,36046,0
2026-05-06 11:15:00+05:30,1260.8,1261.2,1260.0,1260.4,59087,0
2026-05-06 11:20:00+05:30,1260.4,1261.0,1259.5,1260.1,50508,0
2026-05-06 11:25:00+05:30,1260.1,1260.9,1259.5,1260.7,35418,0
2026-05-06 11:30:00+05:30,1260.7,1261.0,1260.2,1260.5,35702,0
2026-05-06 11:35:00+05:30,1260.8,1260.8,1258.9,1259.8,115163,0
2026-05-06 11:40:00+05:30,1259.8,1259.9,1257.2,1257.7,76939,0
2026-05-06 11:45:00+05:30,1258.0,1258.8,1257.4,1258.2,45863,0
2026-05-06 11:50:00+05:30,1258.2,1258.8,1257.5,1258.6,74256,0
2026-05-06 11:55:00+05:30,1258.6,1259.2,1257.2,1257.7,65571,0
2026-05-06 12:00:00+05:30,1257.7,1258.0,1256.5,1256.7,49480,0
2026-05-06 12:05:00+05:30,1257.0,1257.0,1256.0,1256.5,135077,0
2026-05-06 12:10:00+05:30,1256.9,1257.0,1256.0,1257.0,61676,0
2026-05-06 12:15:00+05:30,1257.0,1257.4,1255.2,1256.6,169927,0
2026-05-06 12:20:00+05:30,1257.0,1257.0,1254.5,1256.2,79299,0
2026-05-06 12:25:00+05:30,1256.5,1257.0,1255.5,1256.4,94794,0
2026-05-06 12:30:00+05:30,1256.4,1258.0,1255.1,1256.3,64156,0
2026-05-06 12:35:00+05:30,1256.3,1256.5,1255.0,1255.8,66615,0
2026-05-06 12:40:00+05:30,1255.8,1256.0,1254.6,1255.0,77343,0
2026-05-06 12:45:00+05:30,1255.0,1255.2,1253.8,1254.4,53305,0
2026-05-06 12:50:00+05:30,1254.4,1255.0,1253.4,1254.5,80282,0
2026-05-06 12:55:00+05:30,1254.5,1254.6,1253.3,1254.3,57557,0
2026-05-06 13:00:00+05:30,1254.3,1254.3,1252.1,1252.9,105377,0
2026-05-06 13:05:00+05:30,1252.9,1254.9,1252.6,1254.8,82684,0
2026-05-06 13:10:00+05:30,1254.8,1255.7,1254.4,1255.1,59725,0
2026-05-06 13:15:00+05:30,1255.3,1256.7,1255.0,1256.3,124571,0
2026-05-06 13:20:00+05:30,1256.3,1258.0,1256.0,1257.4,239296,0
2026-05-06 13:25:00+05:30,1257.4,1257.7,1256.5,1257.0,252449,0
2026-05-06 13:30:00+05:30,1257.5,1257.9,1256.0,1256.5,377815,0
2026-05-06 13:35:00+05:30,1256.5,1258.8,1256.1,1257.9,219602,0
2026-05-06 13:40:00+05:30,1257.9,1258.5,1257.0,1257.6,59652,0
2026-05-06 13:45:00+05:30,1257.6,1258.6,1257.0,1258.4,73393,0
2026-05-06 13:50:00+05:30,1258.4,1259.2,1258.0,1258.6,430653,0
2026-05-06 13:55:00+05:30,1258.7,1260.9,1258.6,1259.5,287637,0
2026-05-06 14:00:00+05:30,1259.8,1260.0,1258.6,1259.5,226716,0
2026-05-06 14:05:00+05:30,1259.5,1260.9,1259.1,1260.5,303206,0
2026-05-06 14:10:00+05:30,1260.5,1261.0,1260.0,1260.6,160285,0
2026-05-06 14:15:00+05:30,1260.6,1261.5,1260.0,1260.6,151908,0
2026-05-06 14:20:00+05:30,1260.5,1268.6,1260.0,1267.5,2471589,0
2026-05-06 14:25:00+05:30,1267.5,1274.0,1267.3,1273.8,2043631,0
2026-05-06 14:30:00+05:30,1273.9,1278.1,1273.9,1277.4,831492,0
2026-05-06 14:35:00+05:30,1277.5,1278.1,1274.6,1275.9,347083,0
2026-05-06 14:40:00+05:30,1275.9,1277.7,1275.7,1276.5,575650,0
2026-05-06 14:45:00+05:30,1276.9,1280.6,1276.1,1279.9,1285088,0
2026-05-06 14:50:00+05:30,1279.9,1282.0,1278.9,1279.9,767369,0
2026-05-06 14:55:00+05:30,1279.9,1280.7,1277.9,1280.3,246473,0
2026-05-06 15:00:00+05:30,1280.3,1282.8,1277.1,1281.6,1240171,0
2026-05-06 15:05:00+05:30,1281.7,1281.7,1279.3,1279.9,894477,0
2026-05-06 15:10:00+05:30,1279.9,1280.0,1278.3,1278.9,694166,0
2026-05-06 15:15:00+05:30,1278.7,1279.3,1276.5,1278.4,737996,0
2026-05-06 15:20:00+05:30,1278.5,1280.0,1277.0,1279.3,780373,0
2026-05-06 15:25:00+05:30,1279.3,1280.0,1275.9,1279.6,670130,0
2026-05-07 09:15:00+05:30,1284.7,1288.1,1276.5,1278.6,1386023,0
2026-05-07 09:20:00+05:30,1278.3,1279.8,1276.2,1279.2,157214,0
2026-05-07 09:25:00+05:30,1279.2,1283.1,1277.4,1282.1,1134800,0
2026-05-07 09:30:00+05:30,1282.1,1288.0,1280.1,1288.0,292646,0
2026-05-07 09:35:00+05:30,1287.9,1289.9,1285.0,1285.8,194671,0
2026-05-07 09:40:00+05:30,1285.8,1288.2,1285.0,1288.0,191116,0
2026-05-07 09:45:00+05:30,1288.0,1289.0,1286.1,1286.4,165276,0
2026-05-07 09:50:00+05:30,1286.7,1288.2,1285.2,1287.5,246116,0
2026-05-07 09:55:00+05:30,1287.4,1287.9,1285.0,1287.3,992720,0
2026-05-07 10:00:00+05:30,1287.3,1291.9,1286.5,1291.1,140353,0
2026-05-07 10:05:00+05:30,1291.1,1291.3,1286.9,1289.0,287052,0
2026-05-07 10:10:00+05:30,1289.0,1289.9,1287.0,1288.4,140017,0
2026-05-07 10:15:00+05:30,1288.4,1290.6,1287.7,1290.0,133350,0
2026-05-07 10:20:00+05:30,1290.0,1290.4,1288.4,1289.6,233270,0
2026-05-07 10:25:00+05:30,1289.5,1290.4,1288.4,1290.4,119160,0
2026-05-07 10:30:00+05:30,1290.5,1292.6,1290.1,1290.6,113421,0
2026-05-07 10:35:00+05:30,1290.6,1290.8,1289.1,1290.4,109590,0
2026-05-07 10:40:00+05:30,1290.2,1293.2,1290.0,1292.5,99549,0
2026-05-07 10:45:00+05:30,1292.5,1294.0,1291.4,1291.6,115236,0
2026-05-07 10:50:00+05:30,1291.6,1291.9,1289.5,1291.5,93528,0
2026-05-07 10:55:00+05:30,1291.5,1291.9,1289.7,1290.1,113677,0
2026-05-07 11:00:00+05:30,1290.1,1291.0,1289.7,1290.5,88911,0
2026-05-07 11:05:00+05:30,1290.5,1291.0,1288.5,1289.1,145360,0
2026-05-07 11:10:00+05:30,1289.2,1289.4,1287.5,1287.6,90173,0
2026-05-07 11:15:00+05:30,1287.9,1288.5,1287.0,1287.6,135255,0
2026-05-07 11:20:00+05:30,1287.7,1287.8,1285.4,1286.3,167332,0
2026-05-07 11:25:00+05:30,1286.3,1286.8,1285.2,1286.6,77997,0
2026-05-07 11:30:00+05:30,1286.6,1288.4,1286.0,1286.0,133917,0
2026-05-07 11:35:00+05:30,1286.3,1286.6,1285.2,1286.3,87765,0
2026-05-07 11:40:00+05:30,1286.3,1286.4,1284.1,1284.1,90318,0
2026-05-07 11:45:00+05:30,1284.2,1285.8,1283.3,1285.6,132686,0
2026-05-07 11:50:00+05:30,1285.7,1287.3,1285.1,1286.4,92692,0
2026-05-07 11:55:00+05:30,1286.6,1288.0,1286.0,1286.9,100413,0
2026-05-07 12:00:00+05:30,1286.9,1289.4,1286.8,1288.0,166175,0
2026-05-07 12:05:00+05:30,1288.0,1289.2,1287.6,1289.1,131170,0
2026-05-07 12:10:00+05:30,1289.0,1289.5,1287.2,1287.6,122329,0
2026-05-07 12:15:00+05:30,1287.6,1289.1,1285.2,1285.5,256087,0
2026-05-07 12:20:00+05:30,1285.5,1288.3,1285.3,1287.9,295393,0
2026-05-07 12:25:00+05:30,1287.7,1288.0,1285.3,1285.7,105146,0
2026-05-07 12:30:00+05:30,1285.3,1285.9,1284.1,1285.2,81456,0
2026-05-07 12:35:00+05:30,1285.3,1291.4,1284.5,1291.0,765709,0
2026-05-07 12:40:00+05:30,1291.0,1292.0,1290.1,1290.1,353683,0
2026-05-07 12:45:00+05:30,1290.1,1291.0,1288.5,1288.6,162732,0
2026-05-07 12:50:00+05:30,1288.8,1290.0,1283.4,1285.7,279001,0
2026-05-07 12:55:00+05:30,1285.7,1286.0,1282.7,1284.6,186392,0
2026-05-07 13:00:00+05:30,1284.7,1286.1,1284.0,1284.8,57094,0
2026-05-07 13:05:00+05:30,1285.2,1285.9,1284.0,1284.4,70357,0
2026-05-07 13:10:00+05:30,1284.4,1284.5,1283.1,1284.2,73231,0
2026-05-07 13:15:00+05:30,1284.2,1284.6,1280.0,1280.8,139753,0
2026-05-07 13:20:00+05:30,1281.4,1283.4,1280.4,1280.6,212486,0
2026-05-07 13:25:00+05:30,1280.8,1282.4,1280.7,1281.7,48658,0
2026-05-07 13:30:00+05:30,1281.9,1282.4,1280.5,1281.8,103575,0
2026-05-07 13:35:00+05:30,1281.9,1282.4,1280.1,1280.2,98370,0
2026-05-07 13:40:00+05:30,1280.2,1282.0,1279.6,1280.0,131817,0
2026-05-07 13:45:00+05:30,1280.0,1281.9,1279.0,1281.4,168036,0
2026-05-07 13:50:00+05:30,1281.2,1282.7,1280.4,1282.5,169814,0
2026-05-07 13:55:00+05:30,1282.5,1282.9,1281.0,1282.7,59743,0
2026-05-07 14:00:00+05:30,1282.7,1284.2,1281.6,1281.9,116045,0
2026-05-07 14:05:00+05:30,1281.6,1284.0,1280.7,1283.6,237805,0
2026-05-07 14:10:00+05:30,1283.1,1284.0,1281.9,1282.0,155781,0
2026-05-07 14:15:00+05:30,1282.0,1282.7,1281.0,1281.7,94553,0
2026-05-07 14:20:00+05:30,1281.7,1283.1,1280.6,1282.7,230631,0
2026-05-07 14:25:00+05:30,1282.7,1285.1,1279.9,1282.0,989441,0
2026-05-07 14:30:00+05:30,1282.0,1283.6,1278.0,1279.4,700318,0
2026-05-07 14:35:00+05:30,1279.9,1280.4,1278.5,1278.7,183876,0
2026-05-07 14:40:00+05:30,1278.7,1281.2,1277.3,1279.1,552847,0
2026-05-07 14:45:00+05:30,1279.1,1280.0,1277.7,1278.1,265920,0
2026-05-07 14:50:00+05:30,1278.1,1279.0,1277.4,1278.5,92836,0
2026-05-07 14:55:00+05:30,1278.4,1281.2,1278.4,1281.2,188544,0
2026-05-07 15:00:00+05:30,1281.1,1284.8,1277.2,1281.4,4359883,0
2026-05-07 15:05:00+05:30,1281.3,1283.2,1277.0,1277.3,2493854,0
2026-05-07 15:10:00+05:30,1277.5,1277.6,1273.2,1274.2,899728,0
2026-05-07 15:15:00+05:30,1274.4,1276.8,1273.6,1276.2,718687,0
2026-05-07 15:20:00+05:30,1276.2,1276.2,1275.0,1275.7,359678,0
2026-05-07 15:25:00+05:30,1275.3,1279.8,1275.2,1279.0,347195,0
2026-05-08 09:15:00+05:30,1279.6,1279.6,1266.8,1270.2,600842,0
2026-05-08 09:20:00+05:30,1269.9,1276.0,1269.2,1272.8,141508,0
2026-05-08 09:25:00+05:30,1272.8,1273.1,1271.7,1272.8,61920,0
2026-05-08 09:30:00+05:30,1272.6,1273.3,1270.0,1272.9,121163,0
2026-05-08 09:35:00+05:30,1272.9,1272.9,1270.9,1272.4,53519,0
2026-05-08 09:40:00+05:30,1272.4,1272.6,1269.3,1270.0,80812,0
2026-05-08 09:45:00+05:30,1270.4,1271.3,1268.5,1270.8,76569,0
2026-05-08 09:50:00+05:30,1270.8,1271.9,1270.4,1271.4,57005,0
2026-05-08 09:55:00+05:30,1271.4,1271.8,1270.1,1270.5,121390,0
2026-05-08 10:00:00+05:30,1270.5,1270.5,1267.9,1268.7,94094,0
2026-05-08 10:05:00+05:30,1268.7,1269.4,1268.4,1269.0,40464,0
2026-05-08 10:10:00+05:30,1269.0,1270.8,1268.0,1270.8,47012,0
2026-05-08 10:15:00+05:30,1270.8,1270.9,1268.3,1270.6,86230,0
2026-05-08 10:20:00+05:30,1270.6,1271.9,1269.6,1271.4,72210,0
2026-05-08 10:25:00+05:30,1271.4,1272.6,1270.0,1270.9,432478,0
2026-05-08 10:30:00+05:30,1271.0,1271.2,1269.1,1269.4,47999,0
2026-05-08 10:35:00+05:30,1269.4,1269.6,1268.0,1268.5,50650,0
2026-05-08 10:40:00+05:30,1268.5,1268.5,1266.8,1267.0,76521,0
2026-05-08 10:45:00+05:30,1267.0,1267.8,1266.4,1266.8,60732,0
2026-05-08 10:50:00+05:30,1266.7,1267.1,1266.1,1266.4,48011,0
2026-05-08 10:55:00+05:30,1266.4,1266.7,1264.2,1264.7,207612,0
2026-05-08 11:00:00+05:30,1264.7,1266.8,1264.4,1266.7,76304,0
2026-05-08 11:05:00+05:30,1266.6,1267.6,1266.2,1266.8,59281,0
2026-05-08 11:10:00+05:30,1266.8,1267.5,1266.3,1267.5,46136,0
2026-05-08 11:15:00+05:30,1267.6,1269.0,1267.3,1268.2,52129,0
2026-05-08 11:20:00+05:30,1268.2,1268.4,1265.8,1265.9,91030,0
2026-05-08 11:25:00+05:30,1266.0,1266.0,1264.9,1265.1,72020,0
2026-05-08 11:30:00+05:30,1265.1,1265.4,1264.0,1264.6,69061,0
2026-05-08 11:35:00+05:30,1264.6,1265.0,1263.7,1264.7,37146,0
2026-05-08 11:40:00+05:30,1264.9,1265.5,1264.1,1264.6,31914,0
2026-05-08 11:45:00+05:30,1264.6,1265.0,1264.0,1264.4,28472,0
2026-05-08 11:50:00+05:30,1264.4,1264.5,1263.7,1263.8,31723,0
2026-05-08 11:55:00+05:30,1263.8,1264.0,1263.0,1264.0,32395,0
2026-05-08 12:00:00+05:30,1263.7,1265.0,1263.6,1264.2,30041,0
2026-05-08 12:05:00+05:30,1264.2,1265.3,1263.5,1264.5,124141,0
2026-05-08 12:10:00+05:30,1264.5,1264.8,1263.6,1263.9,34800,0
2026-05-08 12:15:00+05:30,1263.9,1265.0,1263.1,1264.9,64861,0
2026-05-08 12:20:00+05:30,1264.9,1266.0,1264.2,1264.9,35494,0
2026-05-08 12:25:00+05:30,1264.9,1265.4,1264.0,1264.6,55969,0
2026-05-08 12:30:00+05:30,1264.6,1264.8,1263.0,1263.2,35587,0
2026-05-08 12:35:00+05:30,1263.1,1263.7,1262.5,1263.1,55359,0
2026-05-08 12:40:00+05:30,1263.1,1263.5,1262.4,1262.8,31123,0
2026-05-08 12:45:00+05:30,1262.8,1262.8,1261.2,1262.4,50732,0
2026-05-08 12:50:00+05:30,1262.4,1262.7,1261.7,1262.1,24819,0
2026-05-08 12:55:00+05:30,1262.1,1262.8,1261.8,1262.1,44209,0
2026-05-08 13:00:00+05:30,1262.1,1263.8,1261.5,1263.4,131690,0
2026-05-08 13:05:00+05:30,1263.4,1264.8,1262.6,1264.7,75733,0
2026-05-08 13:10:00+05:30,1264.7,1265.7,1263.0,1263.9,311069,0
2026-05-08 13:15:00+05:30,1263.9,1264.0,1262.0,1263.2,180119,0
2026-05-08 13:20:00+05:30,1263.2,1264.6,1262.7,1264.1,144270,0
2026-05-08 13:25:00+05:30,1264.1,1265.5,1263.1,1265.1,106458,0
2026-05-08 13:30:00+05:30,1265.1,1265.4,1264.2,1264.2,97115,0
2026-05-08 13:35:00+05:30,1264.3,1265.1,1264.2,1264.8,90391,0
2026-05-08 13:40:00+05:30,1264.8,1265.0,1263.7,1264.0,107720,0
2026-05-08 13:45:00+05:30,1264.4,1264.8,1263.7,1264.0,68336,0
2026-05-08 13:50:00+05:30,1264.4,1264.5,1263.3,1264.2,77505,0
2026-05-08 13:55:00+05:30,1264.3,1264.7,1262.1,1262.7,703529,0
2026-05-08 14:00:00+05:30,1262.4,1265.1,1262.2,1263.8,223953,0
2026-05-08 14:05:00+05:30,1264.0,1265.2,1263.0,1264.2,172848,0
2026-05-08 14:10:00+05:30,1264.2,1264.9,1263.5,1263.6,103608,0
2026-05-08 14:15:00+05:30,1264.1,1265.1,1263.4,1264.4,98834,0
2026-05-08 14:20:00+05:30,1264.4,1265.8,1264.0,1264.7,88656,0
2026-05-08 14:25:00+05:30,1265.1,1265.7,1264.6,1265.1,181867,0
2026-05-08 14:30:00+05:30,1265.1,1265.2,1264.3,1264.5,134002,0
2026-05-08 14:35:00+05:30,1264.5,1266.0,1264.1,1265.5,489658,0
2026-05-08 14:40:00+05:30,1265.5,1266.5,1265.0,1265.1,124774,0
2026-05-08 14:45:00+05:30,1265.1,1266.0,1264.9,1265.4,100048,0
2026-05-08 14:50:00+05:30,1265.4,1265.6,1265.0,1265.1,73090,0
2026-05-08 14:55:00+05:30,1265.1,1266.3,1264.8,1265.4,472814,0
2026-05-08 15:00:00+05:30,1265.3,1265.4,1262.1,1262.2,387243,0
2026-05-08 15:05:00+05:30,1262.2,1265.2,1262.1,1264.8,334838,0
2026-05-08 15:10:00+05:30,1264.8,1265.5,1264.5,1265.5,306760,0
2026-05-08 15:15:00+05:30,1265.5,1265.6,1263.2,1264.4,609846,0
2026-05-08 15:20:00+05:30,1264.4,1267.0,1263.4,1264.8,948017,0
2026-05-08 15:25:00+05:30,1265.2,1267.8,1265.0,1267.8,398811,0
2026-05-11 09:15:00+05:30,1259.4,1260.4,1252.0,1259.0,946804,0
2026-05-11 09:20:00+05:30,1259.0,1261.5,1258.7,1261.1,210204,0
2026-05-11 09:25:00+05:30,1261.2,1262.8,1259.9,1261.0,323905,0
2026-05-11 09:30:00+05:30,1261.4,1262.0,1257.1,1259.3,302947,0
2026-05-11 09:35:00+05:30,1259.1,1259.6,1257.0,1257.8,101965,0
2026-05-11 09:40:00+05:30,1257.6,1257.6,1255.0,1255.0,154579,0
2026-05-11 09:45:00+05:30,1255.1,1257.1,1255.0,1255.9,121223,0
2026-05-11 09:50:00+05:30,1255.8,1257.3,1255.7,1257.0,110686,0
2026-05-11 09:55:00+05:30,1257.0,1257.7,1256.4,1256.9,81404,0
2026-05-11 10:00:00+05:30,1256.9,1258.7,1256.7,1258.3,75511,0
2026-05-11 10:05:00+05:30,1258.3,1259.8,1258.1,1259.3,83405,0
2026-05-11 10:10:00+05:30,1259.3,1259.3,1257.6,1258.2,85475,0
2026-05-11 10:15:00+05:30,1258.2,1259.4,1257.9,1258.0,71917,0
2026-05-11 10:20:00+05:30,1258.0,1259.8,1257.5,1259.5,70458,0
2026-05-11 10:25:00+05:30,1259.5,1260.7,1259.1,1260.1,86907,0
2026-05-11 10:30:00+05:30,1260.1,1261.1,1259.4,1260.8,60327,0
2026-05-11 10:35:00+05:30,1260.9,1261.8,1259.1,1260.6,172099,0
2026-05-11 10:40:00+05:30,1260.8,1261.2,1260.4,1260.5,75371,0
2026-05-11 10:45:00+05:30,1260.5,1260.6,1259.6,1260.3,62961,0
2026-05-11 10:50:00+05:30,1260.2,1263.2,1259.7,1262.9,128712,0
2026-05-11 10:55:00+05:30,1262.9,1264.1,1262.6,1262.9,94870,0
2026-05-11 11:00:00+05:30,1262.9,1263.8,1262.3,1263.2,171921,0
2026-05-11 11:05:00+05:30,1263.0,1264.7,1262.6,1263.7,520079,0
2026-05-11 11:10:00+05:30,1264.3,1268.2,1263.6,1267.7,634200,0
2026-05-11 11:15:00+05:30,1267.7,1268.0,1266.0,1267.4,259586,0
2026-05-11 11:20:00+05:30,1267.8,1269.8,1267.3,1268.5,296973,0
2026-05-11 11:25:00+05:30,1268.6,1269.2,1267.6,1268.2,187384,0
2026-05-11 11:30:00+05:30,1268.5,1268.9,1267.6,1268.1,173908,0
2026-05-11 11:35:00+05:30,1268.2,1270.9,1267.7,1270.6,364292,0
2026-05-11 11:40:00+05:30,1270.5,1272.0,1270.0,1271.0,104084,0
2026-05-11 11:45:00+05:30,1271.0,1271.9,1270.0,1270.1,89445,0
2026-05-11 11:50:00+05:30,1270.1,1272.4,1270.0,1271.7,103284,0
2026-05-11 11:55:00+05:30,1271.9,1272.6,1270.2,1271.9,256599,0
2026-05-11 12:00:00+05:30,1272.1,1272.7,1271.4,1271.8,161294,0
2026-05-11 12:05:00+05:30,1271.7,1273.8,1271.2,1271.9,943407,0
2026-05-11 12:10:00+05:30,1272.0,1272.4,1270.8,1271.1,65015,0
2026-05-11 12:15:00+05:30,1271.1,1271.7,1270.2,1270.4,80047,0
2026-05-11 12:20:00+05:30,1270.5,1271.4,1270.2,1270.9,73558,0
2026-05-11 12:25:00+05:30,1271.0,1271.8,1270.2,1270.3,71207,0
2026-05-11 12:30:00+05:30,1270.3,1270.5,1268.4,1268.8,197342,0
2026-05-11 12:35:00+05:30,1268.8,1269.3,1266.9,1269.0,193470,0
2026-05-11 12:40:00+05:30,1269.0,1272.0,1268.7,1271.4,502846,0
2026-05-11 12:45:00+05:30,1271.7,1272.0,1271.2,1271.5,62362,0
2026-05-11 12:50:00+05:30,1271.5,1273.8,1270.4,1272.0,567264,0
2026-05-11 12:55:00+05:30,1272.0,1274.8,1271.8,1274.5,246106,0
2026-05-11 13:00:00+05:30,1274.7,1274.8,1271.5,1271.6,243014,0
2026-05-11 13:05:00+05:30,1271.8,1274.8,1271.3,1274.6,341776,0
2026-05-11 13:10:00+05:30,1274.5,1275.3,1272.0,1274.9,360052,0
2026-05-11 13:15:00+05:30,1275.1,1275.1,1272.0,1272.3,337285,0
2026-05-11 13:20:00+05:30,1272.4,1272.7,1271.7,1271.9,89230,0
2026-05-11 13:25:00+05:30,1271.9,1272.0,1271.3,1271.7,83580,0
2026-05-11 13:30:00+05:30,1271.7,1273.3,1271.0,1273.3,95389,0
2026-05-11 13:35:00+05:30,1273.3,1275.7,1273.1,1273.2,232270,0
2026-05-11 13:40:00+05:30,1273.2,1274.8,1272.8,1273.9,175062,0
2026-05-11 13:45:00+05:30,1273.9,1275.7,1273.9,1274.6,227746,0
2026-05-11 13:50:00+05:30,1274.5,1275.5,1274.2,1275.3,131126,0
2026-05-11 13:55:00+05:30,1275.3,1275.5,1273.8,1274.1,296259,0
2026-05-11 14:00:00+05:30,1274.1,1274.5,1272.8,1273.2,442625,0
2026-05-11 14:05:00+05:30,1273.2,1275.1,1272.1,1272.4,305506,0
2026-05-11 14:10:00+05:30,1272.5,1273.4,1271.0,1271.5,144933,0
2026-05-11 14:15:00+05:30,1271.6,1272.9,1270.5,1271.7,530750,0
2026-05-11 14:20:00+05:30,1271.6,1273.6,1271.4,1272.7,325012,0
2026-05-11 14:25:00+05:30,1273.0,1273.0,1271.2,1271.7,182567,0
2026-05-11 14:30:00+05:30,1271.7,1272.9,1271.5,1272.8,188004,0
2026-05-11 14:35:00+05:30,1272.8,1273.1,1270.5,1271.0,173779,0
2026-05-11 14:40:00+05:30,1271.0,1271.5,1270.0,1270.1,143292,0
2026-05-11 14:45:00+05:30,1270.1,1271.1,1269.3,1269.6,334588,0
2026-05-11 14:50:00+05:30,1269.6,1271.8,1269.5,1269.7,250151,0
2026-05-11 14:55:00+05:30,1269.7,1270.3,1268.1,1268.4,254897,0
2026-05-11 15:00:00+05:30,1268.6,1268.6,1265.4,1265.9,702045,0
2026-05-11 15:05:00+05:30,1266.0,1267.3,1264.8,1266.9,654483,0
2026-05-11 15:10:00+05:30,1266.9,1267.9,1264.2,1266.2,693785,0
2026-05-11 15:15:00+05:30,1266.2,1267.3,1265.9,1266.1,473678,0
2026-05-11 15:20:00+05:30,1266.1,1267.7,1265.2,1266.7,588255,0
2026-05-11 15:25:00+05:30,1266.7,1270.0,1265.1,1267.2,231599,0
2026-05-12 09:15:00+05:30,1256.0,1259.9,1252.7,1256.1,1055947,0
2026-05-12 09:20:00+05:30,1256.2,1256.2,1252.2,1252.3,440927,0
2026-05-12 09:25:00+05:30,1252.3,1252.3,1249.6,1250.6,302743,0
2026-05-12 09:30:00+05:30,1250.9,1251.3,1248.9,1249.6,212249,0
2026-05-12 09:35:00+05:30,1249.6,1251.5,1249.2,1249.9,186480,0
2026-05-12 09:40:00+05:30,1249.9,1250.2,1247.4,1248.4,204345,0
2026-05-12 09:45:00+05:30,1248.4,1249.1,1245.5,1247.2,160352,0
2026-05-12 09:50:00+05:30,1247.2,1248.5,1246.9,1247.3,214957,0
2026-05-12 09:55:00+05:30,1247.3,1249.2,1246.7,1246.7,176818,0
2026-05-12 10:00:00+05:30,1246.8,1247.5,1245.1,1247.0,151828,0
2026-05-12 10:05:00+05:30,1247.0,1248.9,1246.0,1248.3,107215,0
2026-05-12 10:10:00+05:30,1248.3,1249.9,1247.6,1249.2,136093,0
2026-05-12 10:15:00+05:30,1249.4,1250.4,1248.5,1250.4,117254,0
2026-05-12 10:20:00+05:30,1250.4,1250.9,1246.8,1247.1,119223,0
2026-05-12 10:25:00+05:30,1247.2,1247.7,1246.0,1246.9,86417,0
2026-05-12 10:30:00+05:30,1246.9,1247.8,1246.1,1246.4,75149,0
2026-05-12 10:35:00+05:30,1247.0,1247.1,1244.3,1244.9,116711,0
2026-05-12 10:40:00+05:30,1245.2,1247.6,1244.3,1246.6,422027,0
2026-05-12 10:45:00+05:30,1246.7,1246.7,1244.0,1244.7,105205,0
2026-05-12 10:50:00+05:30,1244.8,1245.5,1243.6,1244.2,116496,0
2026-05-12 10:55:00+05:30,1244.2,1245.7,1243.1,1243.4,132872,0
2026-05-12 11:00:00+05:30,1243.5,1244.2,1242.0,1242.6,91398,0
2026-05-12 11:05:00+05:30,1242.7,1243.7,1242.1,1243.1,78991,0
2026-05-12 11:10:00+05:30,1243.1,1244.3,1242.8,1244.2,63940,0
2026-05-12 11:15:00+05:30,1244.2,1245.3,1243.6,1244.8,90412,0
2026-05-12 11:20:00+05:30,1244.9,1245.6,1243.3,1243.4,99032,0
2026-05-12 11:25:00+05:30,1243.4,1244.6,1243.2,1244.0,89766,0
2026-05-12 11:30:00+05:30,1244.0,1244.0,1240.8,1242.5,365208,0
2026-05-12 11:35:00+05:30,1242.5,1243.6,1241.5,1243.4,108324,0
2026-05-12 11:40:00+05:30,1243.4,1244.8,1242.6,1244.5,108483,0
2026-05-12 11:45:00+05:30,1244.7,1245.4,1243.9,1244.6,87464,0
2026-05-12 11:50:00+05:30,1244.7,1245.0,1243.6,1244.3,81255,0
2026-05-12 11:55:00+05:30,1244.4,1244.9,1243.3,1244.6,88299,0
2026-05-12 12:00:00+05:30,1244.5,1245.4,1244.2,1245.1,79910,0
2026-05-12 12:05:00+05:30,1245.4,1245.7,1243.2,1244.3,93974,0
2026-05-12 12:10:00+05:30,1244.3,1245.6,1243.7,1244.7,91261,0
2026-05-12 12:15:00+05:30,1244.7,1246.3,1244.0,1245.5,150685,0
2026-05-12 12:20:00+05:30,1245.5,1246.1,1244.3,1245.0,161775,0
2026-05-12 12:25:00+05:30,1245.0,1245.1,1244.1,1244.8,81397,0
2026-05-12 12:30:00+05:30,1244.9,1244.9,1241.6,1242.7,241957,0
2026-05-12 12:35:00+05:30,1242.8,1245.0,1241.2,1244.2,229708,0
2026-05-12 12:40:00+05:30,1244.1,1245.0,1244.0,1244.6,103964,0
2026-05-12 12:45:00+05:30,1244.6,1245.6,1244.3,1244.9,122297,0
2026-05-12 12:50:00+05:30,1244.9,1245.6,1244.2,1244.4,132052,0
2026-05-12 12:55:00+05:30,1244.4,1245.7,1244.0,1245.1,136798,0
2026-05-12 13:00:00+05:30,1245.1,1245.8,1244.5,1245.3,88524,0
2026-05-12 13:05:00+05:30,1245.3,1245.4,1244.2,1244.3,99004,0
2026-05-12 13:10:00+05:30,1244.3,1246.1,1243.3,1245.6,326495,0
2026-05-12 13:15:00+05:30,1245.6,1247.9,1244.9,1245.1,306498,0
2026-05-12 13:20:00+05:30,1245.5,1246.1,1244.2,1244.5,281260,0
2026-05-12 13:25:00+05:30,1244.5,1245.6,1244.1,1244.6,299532,0
2026-05-12 13:30:00+05:30,1244.6,1246.2,1244.4,1245.4,147761,0
2026-05-12 13:35:00+05:30,1245.4,1246.2,1244.4,1245.3,201501,0
2026-05-12 13:40:00+05:30,1245.3,1245.3,1243.3,1244.6,316311,0
2026-05-12 13:45:00+05:30,1244.6,1245.9,1243.2,1245.8,167617,0
2026-05-12 13:50:00+05:30,1245.8,1245.8,1241.7,1242.5,278375,0
2026-05-12 13:55:00+05:30,1242.5,1243.6,1242.2,1242.5,146408,0
2026-05-12 14:00:00+05:30,1242.7,1243.9,1241.6,1242.7,307870,0
2026-05-12 14:05:00+05:30,1242.9,1243.9,1241.5,1242.0,293791,0
2026-05-12 14:10:00+05:30,1242.0,1243.2,1241.7,1243.1,126597,0
2026-05-12 14:15:00+05:30,1243.1,1244.7,1242.1,1243.9,275709,0
2026-05-12 14:20:00+05:30,1243.9,1245.9,1242.8,1245.0,388190,0
2026-05-12 14:25:00+05:30,1244.8,1245.9,1243.9,1245.3,290596,0
2026-05-12 14:30:00+05:30,1245.2,1246.6,1244.0,1244.6,443647,0
2026-05-12 14:35:00+05:30,1244.6,1246.5,1244.4,1246.1,191304,0
2026-05-12 14:40:00+05:30,1246.1,1246.4,1244.6,1245.1,195248,0
2026-05-12 14:45:00+05:30,1245.1,1247.9,1244.8,1247.6,577380,0
2026-05-12 14:50:00+05:30,1247.6,1248.2,1243.3,1244.1,824906,0
2026-05-12 14:55:00+05:30,1244.1,1244.1,1241.4,1242.1,255494,0
2026-05-12 15:00:00+05:30,1242.1,1242.9,1236.3,1242.4,2032925,0
2026-05-12 15:05:00+05:30,1242.4,1243.7,1239.2,1240.2,1443373,0
2026-05-12 15:10:00+05:30,1240.2,1242.2,1238.0,1239.0,1430995,0
2026-05-12 15:15:00+05:30,1239.0,1241.0,1238.0,1240.7,940135,0
2026-05-12 15:20:00+05:30,1240.7,1241.2,1239.6,1240.6,479751,0
2026-05-12 15:25:00+05:30,1240.6,1244.8,1239.6,1244.5,333121,0
2026-05-13 09:15:00+05:30,1238.3,1248.2,1237.0,1238.0,879061,0
2026-05-13 09:20:00+05:30,1237.5,1238.6,1236.0,1237.7,497105,0
2026-05-13 09:25:00+05:30,1237.7,1237.9,1234.3,1234.5,286689,0
2026-05-13 09:30:00+05:30,1234.4,1235.2,1231.0,1231.3,327278,0
2026-05-13 09:35:00+05:30,1231.2,1231.3,1227.4,1227.7,294348,0
2026-05-13 09:40:00+05:30,1227.7,1232.9,1227.2,1232.9,256339,0
2026-05-13 09:45:00+05:30,1232.8,1235.4,1232.6,1234.7,138266,0
2026-05-13 09:50:00+05:30,1234.6,1236.6,1234.4,1235.3,160674,0
2026-05-13 09:55:00+05:30,1235.1,1236.0,1233.9,1235.6,144798,0
2026-05-13 10:00:00+05:30,1235.6,1236.0,1233.6,1234.9,197700,0
2026-05-13 10:05:00+05:30,1234.9,1236.4,1233.7,1233.8,174668,0
2026-05-13 10:10:00+05:30,1233.9,1234.4,1232.5,1234.3,76649,0
2026-05-13 10:15:00+05:30,1234.2,1235.7,1234.1,1234.8,179444,0
2026-05-13 10:20:00+05:30,1234.7,1237.9,1234.5,1237.4,346165,0
2026-05-13 10:25:00+05:30,1237.3,1239.5,1237.1,1238.6,262662,0
2026-05-13 10:30:00+05:30,1238.6,1240.8,1236.6,1239.5,344837,0
2026-05-13 10:35:00+05:30,1239.2,1240.0,1236.6,1238.0,157276,0
2026-05-13 10:40:00+05:30,1237.7,1242.5,1237.5,1242.1,177966,0
2026-05-13 10:45:00+05:30,1242.0,1242.1,1240.0,1240.5,91399,0
2026-05-13 10:50:00+05:30,1240.5,1241.7,1239.5,1240.2,123808,0
2026-05-13 10:55:00+05:30,1240.0,1240.2,1234.1,1235.1,221300,0
2026-05-13 11:00:00+05:30,1235.0,1237.9,1234.9,1237.7,383803,0
2026-05-13 11:05:00+05:30,1237.6,1238.0,1236.1,1237.7,68217,0
2026-05-13 11:10:00+05:30,1237.6,1239.8,1236.6,1239.3,180213,0
2026-05-13 11:15:00+05:30,1239.1,1239.3,1237.8,1238.8,68834,0
2026-05-13 11:20:00+05:30,1238.7,1239.3,1237.5,1239.1,61073,0
2026-05-13 11:25:00+05:30,1239.0,1239.1,1236.9,1237.5,130967,0
2026-05-13 11:30:00+05:30,1237.5,1238.4,1236.8,1237.7,222619,0
2026-05-13 11:35:00+05:30,1237.6,1241.7,1237.5,1241.6,284129,0
2026-05-13 11:40:00+05:30,1241.5,1242.1,1240.8,1241.6,188641,0
2026-05-13 11:45:00+05:30,1241.4,1241.9,1239.0,1239.3,406299,0
2026-05-13 11:50:00+05:30,1239.2,1240.6,1238.5,1239.3,108387,0
2026-05-13 11:55:00+05:30,1239.1,1240.7,1238.7,1239.8,100560,0
2026-05-13 12:00:00+05:30,1239.8,1241.6,1239.4,1241.2,107379,0
2026-05-13 12:05:00+05:30,1241.2,1241.7,1240.6,1241.4,244109,0
2026-05-13 12:10:00+05:30,1241.1,1242.0,1240.8,1241.9,202903,0
2026-05-13 12:15:00+05:30,1241.7,1244.0,1240.2,1243.6,617612,0
2026-05-13 12:20:00+05:30,1243.4,1245.0,1242.3,1244.1,242188,0
2026-05-13 12:25:00+05:30,1244.0,1244.4,1242.7,1243.5,247430,0
2026-05-13 12:30:00+05:30,1243.3,1243.9,1242.1,1242.8,191160,0
2026-05-13 12:35:00+05:30,1242.6,1243.2,1241.4,1242.8,197926,0
2026-05-13 12:40:00+05:30,1242.8,1243.1,1240.4,1242.8,214449,0
2026-05-13 12:45:00+05:30,1242.7,1243.5,1242.1,1242.8,129782,0
2026-05-13 12:50:00+05:30,1242.8,1245.7,1242.3,1245.6,583003,0
2026-05-13 12:55:00+05:30,1245.5,1249.2,1245.0,1248.8,775861,0
2026-05-13 13:00:00+05:30,1248.5,1248.9,1245.4,1246.4,200072,0
2026-05-13 13:05:00+05:30,1246.2,1246.4,1243.4,1243.9,75391,0
2026-05-13 13:10:00+05:30,1243.8,1245.0,1243.0,1243.3,87652,0
2026-05-13 13:15:00+05:30,1243.0,1243.4,1241.2,1242.2,86491,0
2026-05-13 13:20:00+05:30,1242.0,1243.2,1241.5,1242.9,134153,0
2026-05-13 13:25:00+05:30,1242.6,1243.4,1240.6,1241.4,114066,0
2026-05-13 13:30:00+05:30,1241.5,1244.7,1241.2,1243.7,221714,0
2026-05-13 13:35:00+05:30,1243.4,1244.1,1241.5,1243.2,120658,0
2026-05-13 13:40:00+05:30,1243.1,1243.3,1241.8,1242.7,77791,0
2026-05-13 13:45:00+05:30,1242.6,1243.7,1241.4,1241.8,139514,0
2026-05-13 13:50:00+05:30,1241.8,1242.9,1241.4,1242.6,79934,0
2026-05-13 13:55:00+05:30,1242.5,1243.0,1241.3,1242.8,168585,0
2026-05-13 14:00:00+05:30,1242.7,1243.0,1241.2,1242.2,231057,0
2026-05-13 14:05:00+05:30,1241.9,1242.8,1241.9,1242.8,114039,0
2026-05-13 14:10:00+05:30,1242.7,1244.2,1242.0,1242.5,252324,0
2026-05-13 14:15:00+05:30,1242.1,1242.8,1239.1,1239.2,151434,0
2026-05-13 14:20:00+05:30,1239.2,1241.8,1238.7,1241.3,163931,0
2026-05-13 14:25:00+05:30,1241.2,1241.5,1239.2,1240.5,160995,0
2026-05-13 14:30:00+05:30,1240.1,1240.9,1239.4,1240.6,104886,0
2026-05-13 14:35:00+05:30,1240.5,1240.9,1239.2,1240.7,132141,0
2026-05-13 14:40:00+05:30,1240.7,1240.9,1239.0,1239.5,265847,0
2026-05-13 14:45:00+05:30,1239.5,1241.0,1237.7,1240.9,192613,0
2026-05-13 14:50:00+05:30,1240.6,1240.9,1239.3,1240.3,148824,0
2026-05-13 14:55:00+05:30,1239.8,1240.7,1238.9,1240.1,146907,0
2026-05-13 15:00:00+05:30,1240.0,1240.1,1235.0,1236.0,730272,0
2026-05-13 15:05:00+05:30,1235.7,1236.7,1233.7,1236.5,676776,0
2026-05-13 15:10:00+05:30,1236.2,1238.1,1234.8,1237.7,616941,0
2026-05-13 15:15:00+05:30,1237.5,1237.8,1235.3,1236.1,658949,0
2026-05-13 15:20:00+05:30,1236.1,1236.4,1234.1,1235.2,789641,0
2026-05-13 15:25:00+05:30,1234.7,1236.3,1232.0,1236.1,1144686,0
2026-05-14 09:15:00+05:30,1239.1,1247.5,1239.1,1244.8,409933,0
2026-05-14 09:20:00+05:30,1244.7,1247.0,1244.7,1246.0,137408,0
2026-05-14 09:25:00+05:30,1246.0,1248.8,1245.5,1248.5,68333,0
2026-05-14 09:30:00+05:30,1248.4,1248.9,1245.2,1245.8,155343,0
2026-05-14 09:35:00+05:30,1246.0,1246.0,1244.1,1244.7,63915,0
2026-05-14 09:40:00+05:30,1244.7,1244.8,1242.4,1242.8,79631,0
2026-05-14 09:45:00+05:30,1242.8,1244.0,1242.2,1242.6,88303,0
2026-05-14 09:50:00+05:30,1242.7,1243.2,1241.9,1242.5,258667,0
2026-05-14 09:55:00+05:30,1242.5,1243.3,1238.6,1240.0,425792,0
2026-05-14 10:00:00+05:30,1240.2,1241.1,1239.4,1241.1,72649,0
2026-05-14 10:05:00+05:30,1241.1,1241.2,1238.2,1239.9,54166,0
2026-05-14 10:10:00+05:30,1239.9,1241.2,1239.2,1241.1,109096,0
2026-05-14 10:15:00+05:30,1241.1,1242.0,1240.2,1242.0,97919,0
2026-05-14 10:20:00+05:30,1242.0,1242.5,1239.5,1241.0,76596,0
2026-05-14 10:25:00+05:30,1241.1,1242.0,1240.2,1242.0,86222,0
2026-05-14 10:30:00+05:30,1242.0,1243.0,1241.2,1242.4,91677,0
2026-05-14 10:35:00+05:30,1242.4,1242.9,1241.6,1241.8,108871,0
2026-05-14 10:40:00+05:30,1241.7,1242.5,1239.5,1239.7,122066,0
2026-05-14 10:45:00+05:30,1239.8,1239.8,1236.2,1237.2,109191,0
2026-05-14 10:50:00+05:30,1237.4,1240.5,1236.6,1239.9,151487,0
2026-05-14 10:55:00+05:30,1239.9,1239.9,1236.0,1236.6,57503,0
2026-05-14 11:00:00+05:30,1236.8,1238.3,1236.4,1237.4,74986,0
2026-05-14 11:05:00+05:30,1237.4,1238.0,1236.8,1237.9,57336,0
2026-05-14 11:10:00+05:30,1237.9,1239.3,1237.6,1239.1,90842,0
2026-05-14 11:15:00+05:30,1239.1,1241.1,1239.0,1241.1,184849,0
2026-05-14 11:20:00+05:30,1241.1,1244.4,1240.7,1244.1,621097,0
2026-05-14 11:25:00+05:30,1244.2,1245.6,1241.4,1244.3,386470,0
2026-05-14 11:30:00+05:30,1244.3,1247.6,1244.2,1246.8,615031,0
2026-05-14 11:35:00+05:30,1246.8,1251.8,1246.7,1251.5,771108,0
2026-05-14 11:40:00+05:30,1251.5,1254.6,1249.5,1254.4,724176,0
2026-05-14 11:45:00+05:30,1254.5,1256.4,1250.8,1252.9,391091,0
2026-05-14 11:50:00+05:30,1253.2,1255.7,1251.0,1251.0,181650,0
2026-05-14 11:55:00+05:30,1251.2,1253.5,1251.0,1252.5,97189,0
2026-05-14 12:00:00+05:30,1252.8,1255.0,1252.1,1253.2,198690,0
2026-05-14 12:05:00+05:30,1253.1,1254.7,1252.6,1254.0,120364,0
2026-05-14 12:10:00+05:30,1254.0,1254.9,1252.2,1254.9,116842,0
2026-05-14 12:15:00+05:30,1254.9,1256.7,1254.2,1254.9,114008,0
2026-05-14 12:20:00+05:30,1255.3,1256.0,1253.2,1254.5,81826,0
2026-05-14 12:25:00+05:30,1254.6,1256.7,1254.1,1254.9,175718,0
2026-05-14 12:30:00+05:30,1255.3,1256.1,1252.5,1253.5,116460,0
2026-05-14 12:35:00+05:30,1253.5,1254.5,1251.9,1252.5,102806,0
2026-05-14 12:40:00+05:30,1252.7,1253.4,1251.5,1253.1,162673,0
2026-05-14 12:45:00+05:30,1252.9,1253.4,1251.8,1253.0,164015,0
2026-05-14 12:50:00+05:30,1253.0,1253.0,1249.3,1250.0,101696,0
2026-05-14 12:55:00+05:30,1250.1,1251.3,1249.8,1249.9,72287,0
2026-05-14 13:00:00+05:30,1249.9,1252.0,1249.3,1251.5,188656,0
2026-05-14 13:05:00+05:30,1251.5,1252.2,1250.1,1251.2,125677,0
2026-05-14 13:10:00+05:30,1251.2,1252.2,1249.4,1251.8,149027,0
2026-05-14 13:15:00+05:30,1251.7,1252.3,1250.1,1251.2,108300,0
2026-05-14 13:20:00+05:30,1251.2,1251.9,1250.2,1250.2,94589,0
2026-05-14 13:25:00+05:30,1250.2,1251.0,1249.8,1250.7,107887,0
2026-05-14 13:30:00+05:30,1250.7,1252.4,1249.8,1251.5,145217,0
2026-05-14 13:35:00+05:30,1251.5,1255.0,1250.9,1253.4,129732,0
2026-05-14 13:40:00+05:30,1253.4,1256.1,1252.8,1255.8,643442,0
2026-05-14 13:45:00+05:30,1255.8,1256.7,1252.5,1253.7,651519,0
2026-05-14 13:50:00+05:30,1253.7,1254.2,1251.1,1253.1,200624,0
2026-05-14 13:55:00+05:30,1253.5,1254.9,1252.0,1253.9,264361,0
2026-05-14 14:00:00+05:30,1253.8,1254.0,1251.8,1252.9,77790,0
2026-05-14 14:05:00+05:30,1253.0,1254.3,1252.0,1253.6,152392,0
2026-05-14 14:10:00+05:30,1253.4,1253.9,1251.6,1251.9,75033,0
2026-05-14 14:15:00+05:30,1252.0,1253.6,1251.2,1251.4,151353,0
2026-05-14 14:20:00+05:30,1251.4,1253.1,1251.2,1252.3,146646,0
2026-05-14 14:25:00+05:30,1252.4,1253.5,1252.1,1252.6,88439,0
2026-05-14 14:30:00+05:30,1252.6,1254.0,1252.1,1252.8,144724,0
2026-05-14 14:35:00+05:30,1252.4,1254.0,1251.3,1253.4,329632,0
2026-05-14 14:40:00+05:30,1253.4,1254.1,1251.6,1252.4,262379,0
2026-05-14 14:45:00+05:30,1252.5,1252.9,1249.7,1249.8,187033,0
2026-05-14 14:50:00+05:30,1249.8,1252.0,1249.8,1250.5,190808,0
2026-05-14 14:55:00+05:30,1250.5,1252.3,1250.1,1251.1,99967,0
2026-05-14 15:00:00+05:30,1251.1,1251.2,1248.0,1249.8,591115,0
2026-05-14 15:05:00+05:30,1249.7,1249.8,1244.2,1244.5,872913,0
2026-05-14 15:10:00+05:30,1244.9,1245.4,1242.4,1243.1,747791,0
2026-05-14 15:15:00+05:30,1243.0,1245.1,1241.8,1244.3,414587,0
2026-05-14 15:20:00+05:30,1244.5,1245.9,1243.4,1245.8,345643,0
2026-05-14 15:25:00+05:30,1245.6,1250.0,1244.7,1248.7,300002,0
