timestamp,open,high,low,close,volume,oi
2025-11-17 09:15:00+05:30,1173.9,1176.9,1170.2,1174.4,64154,0
2025-11-17 09:20:00+05:30,1175.0,1178.0,1172.0,1172.3,14855,0
2025-11-17 09:25:00+05:30,1172.3,1176.5,1171.9,1176.1,10947,0
2025-11-17 09:30:00+05:30,1175.5,1176.1,1174.6,1175.0,11340,0
2025-11-17 09:35:00+05:30,1175.0,1175.2,1173.1,1173.2,7160,0
2025-11-17 09:40:00+05:30,1173.2,1175.6,1173.1,1174.5,9073,0
2025-11-17 09:45:00+05:30,1174.5,1174.5,1172.0,1173.6,5554,0
2025-11-17 09:50:00+05:30,1173.6,1174.0,1172.1,1172.1,3548,0
2025-11-17 09:55:00+05:30,1172.2,1173.3,1172.1,1173.2,1989,0
2025-11-17 10:00:00+05:30,1172.8,1175.6,1172.8,1173.6,4928,0
2025-11-17 10:05:00+05:30,1173.2,1173.9,1171.8,1172.8,2078,0
2025-11-17 10:10:00+05:30,1172.6,1173.1,1172.1,1172.8,1927,0
2025-11-17 10:15:00+05:30,1172.6,1174.3,1172.6,1173.8,1850,0
2025-11-17 10:20:00+05:30,1173.8,1174.1,1172.6,1172.8,4460,0
2025-11-17 10:25:00+05:30,1172.8,1172.8,1171.3,1171.3,6445,0
2025-11-17 10:30:00+05:30,1171.3,1171.9,1170.5,1171.5,4217,0
2025-11-17 10:35:00+05:30,1171.5,1171.9,1171.3,1171.3,1631,0
2025-11-17 10:40:00+05:30,1171.3,1171.6,1170.2,1171.6,4690,0
2025-11-17 10:45:00+05:30,1171.4,1171.5,1170.6,1171.1,5002,0
2025-11-17 10:50:00+05:30,1170.9,1170.9,1170.1,1170.9,4398,0
2025-11-17 10:55:00+05:30,1170.5,1171.5,1170.2,1171.5,3035,0
2025-11-17 11:00:00+05:30,1171.5,1174.9,1171.5,1174.9,5799,0
2025-11-17 11:05:00+05:30,1174.2,1174.2,1171.6,1171.6,7875,0
2025-11-17 11:10:00+05:30,1171.6,1171.9,1171.1,1171.9,2870,0
2025-11-17 11:15:00+05:30,1171.9,1172.0,1168.5,1168.5,8766,0
2025-11-17 11:20:00+05:30,1168.2,1168.5,1166.6,1167.0,6499,0
2025-11-17 11:25:00+05:30,1167.0,1168.2,1166.5,1168.2,8734,0
2025-11-17 11:30:00+05:30,1168.2,1168.4,1166.7,1168.0,7783,0
2025-11-17 11:35:00+05:30,1168.0,1168.4,1167.0,1167.5,5262,0
2025-11-17 11:40:00+05:30,1167.5,1168.8,1167.1,1168.8,1488,0
2025-11-17 11:45:00+05:30,1168.7,1168.8,1165.4,1167.7,10134,0
2025-11-17 11:50:00+05:30,1167.7,1168.5,1166.9,1168.4,4963,0
2025-11-17 11:55:00+05:30,1168.4,1169.7,1168.0,1169.1,4075,0
2025-11-17 12:00:00+05:30,1169.1,1169.3,1167.8,1168.5,4323,0
2025-11-17 12:05:00+05:30,1168.5,1169.6,1168.2,1169.1,3675,0
2025-11-17 12:10:00+05:30,1169.0,1169.7,1167.8,1168.8,7043,0
2025-11-17 12:15:00+05:30,1168.3,1169.0,1167.9,1168.7,1939,0
2025-11-17 12:20:00+05:30,1168.7,1169.0,1167.6,1169.0,4214,0
2025-11-17 12:25:00+05:30,1169.0,1170.0,1168.8,1169.0,4268,0
2025-11-17 12:30:00+05:30,1169.0,1169.4,1168.6,1169.4,1716,0
2025-11-17 12:35:00+05:30,1169.4,1170.0,1169.0,1169.5,3727,0
2025-11-17 12:40:00+05:30,1169.6,1170.3,1169.2,1169.8,3038,0
2025-11-17 12:45:00+05:30,1169.8,1171.8,1169.3,1171.2,17314,0
2025-11-17 12:50:00+05:30,1171.2,1172.2,1171.0,1172.2,15125,0
2025-11-17 12:55:00+05:30,1172.2,1172.2,1171.0,1171.5,23654,0
2025-11-17 13:00:00+05:30,1171.7,1172.1,1170.5,1171.5,44434,0
2025-11-17 13:05:00+05:30,1171.5,1172.9,1170.0,1172.6,21520,0
2025-11-17 13:10:00+05:30,1172.6,1173.4,1172.5,1173.3,3095,0
2025-11-17 13:15:00+05:30,1173.2,1173.5,1172.9,1173.1,2721,0
2025-11-17 13:20:00+05:30,1173.0,1173.2,1172.7,1172.9,2125,0
2025-11-17 13:25:00+05:30,1173.1,1173.8,1172.8,1172.9,8213,0
2025-11-17 13:30:00+05:30,1173.3,1174.9,1173.0,1174.9,6709,0
2025-11-17 13:35:00+05:30,1175.0,1175.0,1173.9,1174.2,27733,0
2025-11-17 13:40:00+05:30,1174.2,1175.3,1174.1,1174.4,5043,0
2025-11-17 13:45:00+05:30,1174.5,1175.0,1174.0,1174.3,3682,0
2025-11-17 13:50:00+05:30,1174.7,1174.8,1174.0,1174.1,2432,0
2025-11-17 13:55:00+05:30,1174.3,1174.6,1173.6,1173.9,3199,0
2025-11-17 14:00:00+05:30,1173.7,1174.2,1172.6,1173.9,23563,0
2025-11-17 14:05:00+05:30,1174.0,1174.5,1173.1,1174.1,11958,0
2025-11-17 14:10:00+05:30,1174.2,1174.2,1173.4,1174.0,8421,0
2025-11-17 14:15:00+05:30,1174.2,1176.0,1173.0,1173.8,31431,0
2025-11-17 14:20:00+05:30,1173.8,1175.6,1173.3,1175.0,24011,0
2025-11-17 14:25:00+05:30,1175.1,1175.8,1175.0,1175.5,5943,0
2025-11-17 14:30:00+05:30,1175.7,1176.5,1175.0,1175.4,36096,0
2025-11-17 14:35:00+05:30,1175.6,1177.6,1175.2,1176.0,45050,0
2025-11-17 14:40:00+05:30,1176.7,1177.1,1175.0,1175.0,49909,0
2025-11-17 14:45:00+05:30,1175.1,1175.8,1174.5,1175.8,23785,0
2025-11-17 14:50:00+05:30,1175.8,1176.0,1175.0,1175.4,35886,0
2025-11-17 14:55:00+05:30,1175.4,1176.0,1175.0,1175.1,23658,0
2025-11-17 15:00:00+05:30,1175.2,1176.3,1173.6,1176.0,57479,0
2025-11-17 15:05:00+05:30,1176.1,1176.1,1175.4,1175.4,39157,0
2025-11-17 15:10:00+05:30,1175.5,1175.7,1175.0,1175.1,42007,0
2025-11-17 15:15:00+05:30,1175.2,1176.2,1175.0,1175.0,69890,0
2025-11-17 15:20:00+05:30,1175.1,1175.6,1175.0,1175.3,57041,0
2025-11-17 15:25:00+05:30,1175.2,1176.8,1175.0,1175.0,48975,0
2025-11-18 09:15:00+05:30,1179.9,1179.9,1165.8,1171.5,56900,0
2025-11-18 09:20:00+05:30,1171.5,1173.4,1169.9,1170.2,39459,0
2025-11-18 09:25:00+05:30,1170.1,1171.3,1168.8,1169.9,7189,0
2025-11-18 09:30:00+05:30,1170.1,1170.2,1167.1,1168.9,8008,0
2025-11-18 09:35:00+05:30,1168.6,1168.7,1166.3,1166.3,6333,0
2025-11-18 09:40:00+05:30,1166.3,1168.0,1165.9,1167.6,3711,0
2025-11-18 09:45:00+05:30,1167.3,1168.0,1163.1,1163.1,16662,0
2025-11-18 09:50:00+05:30,1163.1,1164.2,1162.0,1163.0,32682,0
2025-11-18 09:55:00+05:30,1163.2,1163.2,1160.5,1160.5,14523,0
2025-11-18 10:00:00+05:30,1160.8,1162.6,1160.1,1161.8,6258,0
2025-11-18 10:05:00+05:30,1162.1,1163.1,1156.5,1162.6,101428,0
2025-11-18 10:10:00+05:30,1162.6,1162.7,1159.6,1160.5,35092,0
2025-11-18 10:15:00+05:30,1160.3,1161.9,1159.3,1161.8,6291,0
2025-11-18 10:20:00+05:30,1161.4,1162.9,1158.1,1159.3,87809,0
2025-11-18 10:25:00+05:30,1159.7,1159.9,1156.6,1157.3,106539,0
2025-11-18 10:30:00+05:30,1157.6,1158.5,1153.9,1154.7,215074,0
2025-11-18 10:35:00+05:30,1154.8,1157.3,1152.9,1157.3,136134,0
2025-11-18 10:40:00+05:30,1157.1,1157.6,1155.8,1156.0,7817,0
2025-11-18 10:45:00+05:30,1156.3,1159.3,1156.3,1158.6,13593,0
2025-11-18 10:50:00+05:30,1159.0,1159.9,1158.8,1159.5,6163,0
2025-11-18 10:55:00+05:30,1159.7,1159.8,1158.2,1158.4,12725,0
2025-11-18 11:00:00+05:30,1158.6,1159.3,1158.3,1158.6,4574,0
2025-11-18 11:05:00+05:30,1158.6,1161.0,1158.3,1160.4,6094,0
2025-11-18 11:10:00+05:30,1160.0,1161.9,1159.8,1161.7,17602,0
2025-11-18 11:15:00+05:30,1161.7,1165.6,1161.2,1165.5,14951,0
2025-11-18 11:20:00+05:30,1165.1,1166.2,1164.4,1164.6,10433,0
2025-11-18 11:25:00+05:30,1164.9,1165.4,1163.0,1164.0,23511,0
2025-11-18 11:30:00+05:30,1164.3,1165.5,1164.3,1164.6,5065,0
2025-11-18 11:35:00+05:30,1164.6,1165.6,1164.2,1165.1,9892,0
2025-11-18 11:40:00+05:30,1165.5,1165.8,1165.0,1165.2,4739,0
2025-11-18 11:45:00+05:30,1165.3,1166.7,1165.2,1166.5,7461,0
2025-11-18 11:50:00+05:30,1166.6,1167.0,1166.0,1166.3,5969,0
2025-11-18 11:55:00+05:30,1166.5,1167.5,1165.8,1166.2,6321,0
2025-11-18 12:00:00+05:30,1166.5,1167.3,1166.3,1166.4,4488,0
2025-11-18 12:05:00+05:30,1166.4,1166.6,1165.2,1166.6,7878,0
2025-11-18 12:10:00+05:30,1166.4,1166.4,1165.4,1165.4,3322,0
2025-11-18 12:15:00+05:30,1165.4,1165.8,1165.0,1165.0,7169,0
2025-11-18 12:20:00+05:30,1165.2,1165.8,1164.9,1165.1,13397,0
2025-11-18 12:25:00+05:30,1165.4,1168.4,1165.1,1168.4,7553,0
2025-11-18 12:30:00+05:30,1168.4,1168.4,1164.9,1165.0,10422,0
2025-11-18 12:35:00+05:30,1165.1,1165.4,1164.2,1165.1,28452,0
2025-11-18 12:40:00+05:30,1165.1,1165.3,1164.9,1165.2,6717,0
2025-11-18 12:45:00+05:30,1165.2,1165.2,1163.6,1164.5,14815,0
2025-11-18 12:50:00+05:30,1164.5,1165.4,1164.2,1165.0,6160,0
2025-11-18 12:55:00+05:30,1165.0,1166.0,1164.5,1165.1,15704,0
2025-11-18 13:00:00+05:30,1165.4,1168.0,1165.0,1167.2,45947,0
2025-11-18 13:05:00+05:30,1167.5,1168.0,1167.1,1167.9,6273,0
2025-11-18 13:10:00+05:30,1167.9,1169.0,1166.7,1168.1,16691,0
2025-11-18 13:15:00+05:30,1168.1,1168.7,1167.5,1168.0,4019,0
2025-11-18 13:20:00+05:30,1168.0,1169.3,1167.3,1167.3,7799,0
2025-11-18 13:25:00+05:30,1167.4,1167.5,1166.7,1167.1,4994,0
2025-11-18 13:30:00+05:30,1166.7,1167.1,1166.5,1167.1,4581,0
2025-11-18 13:35:00+05:30,1167.1,1168.7,1167.0,1168.5,4063,0
2025-11-18 13:40:00+05:30,1168.5,1168.5,1165.9,1167.2,34169,0
2025-11-18 13:45:00+05:30,1166.6,1167.0,1166.4,1166.9,2927,0
2025-11-18 13:50:00+05:30,1167.0,1167.0,1166.0,1166.3,3502,0
2025-11-18 13:55:00+05:30,1166.3,1166.3,1164.9,1165.8,28492,0
2025-11-18 14:00:00+05:30,1165.3,1166.3,1165.0,1166.3,4003,0
2025-11-18 14:05:00+05:30,1166.3,1167.9,1166.2,1166.7,14842,0
2025-11-18 14:10:00+05:30,1166.7,1169.0,1166.1,1168.5,35591,0
2025-11-18 14:15:00+05:30,1168.5,1168.7,1167.4,1168.0,4716,0
2025-11-18 14:20:00+05:30,1168.0,1168.6,1167.3,1168.6,11024,0
2025-11-18 14:25:00+05:30,1168.5,1169.3,1166.8,1167.0,16645,0
2025-11-18 14:30:00+05:30,1167.0,1167.0,1164.4,1165.0,12865,0
2025-11-18 14:35:00+05:30,1164.9,1166.6,1164.2,1166.2,8441,0
2025-11-18 14:40:00+05:30,1166.1,1166.7,1164.8,1164.8,58027,0
2025-11-18 14:45:00+05:30,1164.8,1166.0,1164.7,1165.3,9466,0
2025-11-18 14:50:00+05:30,1165.4,1166.4,1164.9,1165.5,11658,0
2025-11-18 14:55:00+05:30,1165.5,1165.9,1165.0,1165.3,19934,0
2025-11-18 15:00:00+05:30,1165.4,1165.4,1161.7,1162.8,46856,0
2025-11-18 15:05:00+05:30,1162.8,1163.7,1161.9,1163.0,51944,0
2025-11-18 15:10:00+05:30,1163.0,1164.8,1162.6,1163.8,62642,0
2025-11-18 15:15:00+05:30,1163.8,1164.0,1162.5,1162.6,61613,0
2025-11-18 15:20:00+05:30,1162.5,1162.6,1161.3,1162.1,80164,0
2025-11-18 15:25:00+05:30,1162.0,1164.5,1161.0,1164.5,75126,0
2025-11-19 09:15:00+05:30,1167.5,1167.8,1157.6,1161.1,17095,0
2025-11-19 09:20:00+05:30,1161.1,1164.1,1159.6,1162.8,17346,0
2025-11-19 09:25:00+05:30,1163.2,1165.0,1162.7,1164.4,4651,0
2025-11-19 09:30:00+05:30,1164.1,1164.1,1160.1,1160.8,9102,0
2025-11-19 09:35:00+05:30,1160.6,1163.6,1160.1,1162.1,3675,0
2025-11-19 09:40:00+05:30,1162.1,1162.8,1161.7,1162.0,11352,0
2025-11-19 09:45:00+05:30,1162.0,1162.4,1159.7,1159.7,2780,0
2025-11-19 09:50:00+05:30,1159.7,1161.9,1158.4,1161.3,4876,0
2025-11-19 09:55:00+05:30,1161.4,1162.1,1160.8,1161.2,4354,0
2025-11-19 10:00:00+05:30,1160.8,1160.9,1159.7,1160.3,745,0
2025-11-19 10:05:00+05:30,1160.2,1160.6,1159.0,1159.1,2862,0
2025-11-19 10:10:00+05:30,1159.1,1160.7,1158.0,1160.4,4794,0
2025-11-19 10:15:00+05:30,1160.3,1160.8,1159.5,1160.2,1133,0
2025-11-19 10:20:00+05:30,1160.3,1162.9,1160.3,1162.1,3066,0
2025-11-19 10:25:00+05:30,1162.7,1163.4,1160.9,1160.9,5518,0
2025-11-19 10:30:00+05:30,1160.9,1162.6,1160.8,1162.4,2159,0
2025-11-19 10:35:00+05:30,1162.3,1164.9,1162.3,1164.0,5942,0
2025-11-19 10:40:00+05:30,1163.7,1163.7,1161.6,1161.6,3228,0
2025-11-19 10:45:00+05:30,1161.6,1162.9,1160.9,1162.1,1897,0
2025-11-19 10:50:00+05:30,1162.1,1163.5,1161.7,1163.1,1868,0
2025-11-19 10:55:00+05:30,1163.5,1163.6,1161.7,1162.0,2307,0
2025-11-19 11:00:00+05:30,1161.8,1162.2,1160.8,1161.8,2131,0
2025-11-19 11:05:00+05:30,1161.3,1162.3,1160.5,1160.9,1971,0
2025-11-19 11:10:00+05:30,1160.5,1161.2,1159.5,1160.2,3431,0
2025-11-19 11:15:00+05:30,1160.0,1160.0,1158.5,1159.0,3603,0
2025-11-19 11:20:00+05:30,1159.4,1160.4,1159.1,1159.6,1753,0
2025-11-19 11:25:00+05:30,1159.6,1160.5,1159.3,1159.6,2804,0
2025-11-19 11:30:00+05:30,1159.6,1160.5,1159.0,1160.5,1677,0
2025-11-19 11:35:00+05:30,1160.2,1160.7,1159.9,1160.2,1066,0
2025-11-19 11:40:00+05:30,1160.7,1162.9,1160.2,1162.4,3869,0
2025-11-19 11:45:00+05:30,1162.2,1162.8,1161.1,1161.8,6363,0
2025-11-19 11:50:00+05:30,1162.1,1162.8,1161.7,1162.8,815,0
2025-11-19 11:55:00+05:30,1162.2,1162.9,1161.9,1162.3,1449,0
2025-11-19 12:00:00+05:30,1162.3,1165.2,1162.1,1164.4,6988,0
2025-11-19 12:05:00+05:30,1164.4,1164.8,1162.0,1162.9,11139,0
2025-11-19 12:10:00+05:30,1162.8,1164.0,1162.3,1164.0,3676,0
2025-11-19 12:15:00+05:30,1164.1,1165.0,1163.6,1164.2,2403,0
2025-11-19 12:20:00+05:30,1164.2,1167.0,1163.9,1165.7,7062,0
2025-11-19 12:25:00+05:30,1166.4,1169.1,1166.2,1169.1,10228,0
2025-11-19 12:30:00+05:30,1169.2,1170.9,1168.9,1170.0,10623,0
2025-11-19 12:35:00+05:30,1170.5,1170.5,1167.0,1167.0,6773,0
2025-11-19 12:40:00+05:30,1167.4,1168.1,1167.0,1167.5,4108,0
2025-11-19 12:45:00+05:30,1167.9,1169.4,1167.0,1168.5,3846,0
2025-11-19 12:50:00+05:30,1169.0,1169.0,1167.8,1168.2,1000,0
2025-11-19 12:55:00+05:30,1168.2,1169.4,1167.4,1168.0,2248,0
2025-11-19 13:00:00+05:30,1168.2,1169.0,1167.6,1169.0,1521,0
2025-11-19 13:05:00+05:30,1169.0,1169.5,1167.4,1167.4,2657,0
2025-11-19 13:10:00+05:30,1167.8,1168.1,1167.1,1167.7,2368,0
2025-11-19 13:15:00+05:30,1168.5,1168.8,1167.3,1168.1,1695,0
2025-11-19 13:20:00+05:30,1168.2,1168.5,1167.4,1168.5,1084,0
2025-11-19 13:25:00+05:30,1168.5,1168.5,1167.4,1167.5,2063,0
2025-11-19 13:30:00+05:30,1167.7,1168.9,1167.5,1168.0,2224,0
2025-11-19 13:35:00+05:30,1168.0,1168.2,1166.7,1167.6,2804,0
2025-11-19 13:40:00+05:30,1167.5,1167.6,1165.7,1166.4,3282,0
2025-11-19 13:45:00+05:30,1166.4,1167.0,1166.0,1167.0,887,0
2025-11-19 13:50:00+05:30,1167.0,1168.0,1166.6,1167.5,1435,0
2025-11-19 13:55:00+05:30,1167.5,1167.7,1166.6,1167.4,4694,0
2025-11-19 14:00:00+05:30,1166.9,1167.4,1165.3,1166.6,33147,0
2025-11-19 14:05:00+05:30,1167.0,1167.3,1166.2,1166.4,2835,0
2025-11-19 14:10:00+05:30,1166.4,1166.9,1164.8,1166.8,7662,0
2025-11-19 14:15:00+05:30,1166.8,1168.3,1166.6,1167.8,3518,0
2025-11-19 14:20:00+05:30,1168.0,1168.0,1167.3,1167.3,901,0
2025-11-19 14:25:00+05:30,1167.6,1167.8,1165.7,1165.7,6274,0
2025-11-19 14:30:00+05:30,1166.1,1166.7,1165.2,1165.2,3334,0
2025-11-19 14:35:00+05:30,1165.7,1166.5,1163.1,1165.2,25262,0
2025-11-19 14:40:00+05:30,1164.8,1168.0,1164.8,1166.5,40514,0
2025-11-19 14:45:00+05:30,1166.5,1166.6,1164.5,1165.9,11741,0
2025-11-19 14:50:00+05:30,1165.6,1165.9,1163.4,1163.4,3792,0
2025-11-19 14:55:00+05:30,1163.7,1164.2,1162.1,1162.6,2911,0
2025-11-19 15:00:00+05:30,1162.3,1165.0,1162.3,1164.4,18230,0
2025-11-19 15:05:00+05:30,1164.6,1165.2,1164.3,1164.9,13522,0
2025-11-19 15:10:00+05:30,1164.9,1166.6,1164.7,1165.6,25006,0
2025-11-19 15:15:00+05:30,1166.0,1166.4,1164.0,1164.0,28160,0
2025-11-19 15:20:00+05:30,1164.1,1166.1,1163.2,1164.1,31347,0
2025-11-19 15:25:00+05:30,1164.2,1168.5,1163.8,1168.4,25691,0
2025-11-20 09:15:00+05:30,1170.6,1172.0,1161.9,1165.3,29956,0
2025-11-20 09:20:00+05:30,1165.0,1167.4,1164.2,1166.5,9577,0
2025-11-20 09:25:00+05:30,1166.9,1166.9,1165.1,1165.1,4899,0
2025-11-20 09:30:00+05:30,1165.0,1166.8,1165.0,1166.6,4607,0
2025-11-20 09:35:00+05:30,1166.5,1167.2,1165.0,1165.8,6507,0
2025-11-20 09:40:00+05:30,1165.6,1165.9,1162.9,1165.3,17702,0
2025-11-20 09:45:00+05:30,1165.7,1165.9,1164.1,1164.8,9706,0
2025-11-20 09:50:00+05:30,1164.8,1166.8,1164.8,1165.6,4581,0
2025-11-20 09:55:00+05:30,1165.6,1165.6,1161.0,1161.5,7529,0
2025-11-20 10:00:00+05:30,1161.9,1164.1,1161.4,1163.2,3957,0
2025-11-20 10:05:00+05:30,1163.3,1166.6,1163.2,1166.3,4446,0
2025-11-20 10:10:00+05:30,1166.6,1168.5,1166.5,1167.7,7379,0
2025-11-20 10:15:00+05:30,1168.0,1168.1,1165.8,1166.0,3343,0
2025-11-20 10:20:00+05:30,1166.0,1167.2,1165.6,1166.4,4198,0
2025-11-20 10:25:00+05:30,1167.0,1169.9,1166.6,1169.4,13552,0
2025-11-20 10:30:00+05:30,1169.5,1172.4,1169.4,1172.0,8576,0
2025-11-20 10:35:00+05:30,1172.0,1173.9,1171.7,1173.1,6805,0
2025-11-20 10:40:00+05:30,1173.1,1174.0,1172.9,1173.9,3329,0
2025-11-20 10:45:00+05:30,1174.0,1174.9,1173.3,1174.4,13636,0
2025-11-20 10:50:00+05:30,1174.4,1174.6,1173.3,1174.1,4802,0
2025-11-20 10:55:00+05:30,1174.1,1174.6,1172.4,1173.4,10033,0
2025-11-20 11:00:00+05:30,1173.4,1173.9,1172.2,1173.0,3687,0
2025-11-20 11:05:00+05:30,1173.6,1173.6,1172.3,1172.8,3508,0
2025-11-20 11:10:00+05:30,1172.8,1172.8,1172.0,1172.0,1720,0
2025-11-20 11:15:00+05:30,1172.0,1172.4,1170.4,1170.4,2519,0
2025-11-20 11:20:00+05:30,1170.5,1171.0,1170.1,1170.6,4047,0
2025-11-20 11:25:00+05:30,1171.0,1171.1,1170.5,1171.1,1194,0
2025-11-20 11:30:00+05:30,1171.1,1171.3,1169.6,1170.2,2747,0
2025-11-20 11:35:00+05:30,1170.2,1170.2,1167.9,1167.9,5816,0
2025-11-20 11:40:00+05:30,1168.4,1168.5,1166.2,1166.6,16618,0
2025-11-20 11:45:00+05:30,1166.8,1168.9,1165.0,1167.0,47054,0
2025-11-20 11:50:00+05:30,1166.5,1167.2,1166.1,1167.2,2319,0
2025-11-20 11:55:00+05:30,1167.2,1167.5,1166.5,1166.6,1017,0
2025-11-20 12:00:00+05:30,1167.2,1167.6,1166.8,1167.2,1760,0
2025-11-20 12:05:00+05:30,1167.2,1168.1,1167.2,1167.3,2599,0
2025-11-20 12:10:00+05:30,1167.6,1168.6,1167.4,1168.1,2747,0
2025-11-20 12:15:00+05:30,1168.1,1169.2,1168.0,1168.2,6607,0
2025-11-20 12:20:00+05:30,1168.7,1168.7,1165.7,1166.5,48581,0
2025-11-20 12:25:00+05:30,1166.5,1166.8,1164.6,1166.8,46824,0
2025-11-20 12:30:00+05:30,1166.4,1168.3,1165.3,1166.7,97807,0
2025-11-20 12:35:00+05:30,1166.7,1168.0,1166.5,1166.8,7553,0
2025-11-20 12:40:00+05:30,1166.8,1167.4,1166.8,1167.0,2160,0
2025-11-20 12:45:00+05:30,1167.4,1167.5,1166.8,1166.8,1437,0
2025-11-20 12:50:00+05:30,1167.1,1167.5,1164.4,1165.1,59406,0
2025-11-20 12:55:00+05:30,1165.1,1166.5,1164.7,1166.3,33669,0
2025-11-20 13:00:00+05:30,1166.3,1166.9,1166.0,1166.0,3282,0
2025-11-20 13:05:00+05:30,1166.0,1166.7,1166.0,1166.5,1005,0
2025-11-20 13:10:00+05:30,1166.5,1166.7,1166.0,1166.0,2889,0
2025-11-20 13:15:00+05:30,1166.6,1167.5,1166.0,1166.9,5754,0
2025-11-20 13:20:00+05:30,1167.0,1169.0,1166.9,1168.4,4903,0
2025-11-20 13:25:00+05:30,1168.4,1170.5,1167.9,1170.0,35396,0
2025-11-20 13:30:00+05:30,1170.0,1170.9,1169.6,1170.8,3060,0
2025-11-20 13:35:00+05:30,1170.8,1171.6,1170.5,1171.3,4264,0
2025-11-20 13:40:00+05:30,1171.2,1172.0,1170.9,1170.9,5357,0
2025-11-20 13:45:00+05:30,1171.0,1172.0,1170.7,1171.7,4247,0
2025-11-20 13:50:00+05:30,1171.7,1172.7,1171.4,1172.3,4980,0
2025-11-20 13:55:00+05:30,1172.4,1173.0,1171.4,1172.3,4815,0
2025-11-20 14:00:00+05:30,1172.3,1173.0,1171.3,1171.9,8232,0
2025-11-20 14:05:00+05:30,1171.9,1172.1,1171.0,1171.2,4233,0
2025-11-20 14:10:00+05:30,1171.3,1172.4,1171.3,1171.6,4955,0
2025-11-20 14:15:00+05:30,1171.8,1173.3,1171.8,1172.6,20495,0
2025-11-20 14:20:00+05:30,1172.2,1172.6,1171.6,1171.6,1664,0
2025-11-20 14:25:00+05:30,1171.6,1172.2,1169.4,1170.0,15565,0
2025-11-20 14:30:00+05:30,1169.6,1171.0,1167.9,1167.9,8372,0
2025-11-20 14:35:00+05:30,1168.5,1169.6,1167.9,1168.7,3148,0
2025-11-20 14:40:00+05:30,1168.7,1169.4,1168.0,1168.6,4245,0
2025-11-20 14:45:00+05:30,1168.4,1170.3,1168.0,1169.0,17460,0
2025-11-20 14:50:00+05:30,1169.4,1169.8,1168.0,1168.8,13893,0
2025-11-20 14:55:00+05:30,1168.4,1169.6,1167.7,1168.8,14127,0
2025-11-20 15:00:00+05:30,1168.8,1169.7,1168.0,1168.9,16831,0
2025-11-20 15:05:00+05:30,1168.9,1169.7,1168.0,1168.3,17043,0
2025-11-20 15:10:00+05:30,1168.3,1171.6,1168.1,1171.3,22417,0
2025-11-20 15:15:00+05:30,1171.2,1172.0,1170.3,1171.1,24474,0
2025-11-20 15:20:00+05:30,1171.0,1171.1,1169.2,1170.1,24326,0
2025-11-20 15:25:00+05:30,1170.2,1171.5,1168.0,1168.0,24805,0
2025-11-21 09:15:00+05:30,1166.0,1166.9,1159.1,1161.6,26394,0
2025-11-21 09:20:00+05:30,1161.8,1162.7,1157.4,1158.5,24596,0
2025-11-21 09:25:00+05:30,1158.5,1163.1,1157.9,1161.4,10968,0
2025-11-21 09:30:00+05:30,1161.3,1163.1,1160.8,1161.2,9033,0
2025-11-21 09:35:00+05:30,1161.6,1161.8,1160.0,1160.2,7869,0
2025-11-21 09:40:00+05:30,1160.1,1160.2,1158.3,1159.8,6386,0
2025-11-21 09:45:00+05:30,1159.8,1163.0,1156.6,1156.6,44335,0
2025-11-21 09:50:00+05:30,1156.6,1156.9,1155.5,1155.9,11339,0
2025-11-21 09:55:00+05:30,1155.8,1158.0,1155.0,1156.2,44178,0
2025-11-21 10:00:00+05:30,1156.6,1156.9,1153.0,1153.4,26807,0
2025-11-21 10:05:00+05:30,1153.4,1154.0,1152.0,1152.7,22211,0
2025-11-21 10:10:00+05:30,1153.1,1158.0,1152.6,1157.1,28418,0
2025-11-21 10:15:00+05:30,1157.4,1157.5,1155.3,1155.6,7055,0
2025-11-21 10:20:00+05:30,1155.5,1155.9,1154.4,1154.7,4405,0
2025-11-21 10:25:00+05:30,1154.8,1155.5,1154.5,1154.6,3481,0
2025-11-21 10:30:00+05:30,1155.0,1155.8,1154.5,1155.0,3853,0
2025-11-21 10:35:00+05:30,1154.5,1155.0,1154.0,1154.8,4746,0
2025-11-21 10:40:00+05:30,1154.8,1155.9,1154.1,1154.9,3646,0
2025-11-21 10:45:00+05:30,1154.9,1155.6,1153.1,1155.6,6964,0
2025-11-21 10:50:00+05:30,1155.6,1156.9,1153.3,1153.4,12561,0
2025-11-21 10:55:00+05:30,1153.6,1155.2,1152.8,1154.8,10449,0
2025-11-21 11:00:00+05:30,1154.8,1156.7,1153.8,1154.1,9357,0
2025-11-21 11:05:00+05:30,1154.4,1154.4,1153.0,1153.6,4965,0
2025-11-21 11:10:00+05:30,1153.5,1154.1,1153.1,1153.9,7602,0
2025-11-21 11:15:00+05:30,1153.9,1154.6,1153.3,1153.7,6330,0
2025-11-21 11:20:00+05:30,1153.3,1153.9,1152.1,1152.2,5553,0
2025-11-21 11:25:00+05:30,1152.2,1153.2,1152.0,1152.4,7043,0
2025-11-21 11:30:00+05:30,1152.4,1154.4,1152.4,1153.3,5804,0
2025-11-21 11:35:00+05:30,1153.7,1153.9,1152.4,1152.4,4371,0
2025-11-21 11:40:00+05:30,1152.2,1153.3,1151.5,1153.3,9589,0
2025-11-21 11:45:00+05:30,1153.3,1153.6,1152.2,1152.2,3539,0
2025-11-21 11:50:00+05:30,1152.5,1153.4,1152.0,1152.4,4072,0
2025-11-21 11:55:00+05:30,1152.4,1152.9,1151.9,1151.9,3924,0
2025-11-21 12:00:00+05:30,1151.9,1152.9,1151.5,1152.5,3183,0
2025-11-21 12:05:00+05:30,1152.8,1152.8,1152.0,1152.5,1988,0
2025-11-21 12:10:00+05:30,1152.1,1153.5,1152.0,1152.6,4290,0
2025-11-21 12:15:00+05:30,1153.1,1155.2,1152.1,1154.5,7815,0
2025-11-21 12:20:00+05:30,1154.5,1154.8,1153.1,1154.0,3157,0
2025-11-21 12:25:00+05:30,1154.2,1154.5,1153.2,1153.5,7631,0
2025-11-21 12:30:00+05:30,1153.5,1153.6,1152.3,1152.8,2722,0
2025-11-21 12:35:00+05:30,1152.8,1153.2,1152.3,1153.0,2555,0
2025-11-21 12:40:00+05:30,1152.5,1153.0,1152.2,1152.6,2281,0
2025-11-21 12:45:00+05:30,1153.0,1153.0,1152.4,1152.8,1574,0
2025-11-21 12:50:00+05:30,1152.8,1153.4,1152.4,1153.4,3650,0
2025-11-21 12:55:00+05:30,1153.4,1153.4,1152.7,1152.7,6289,0
2025-11-21 13:00:00+05:30,1152.7,1153.4,1152.7,1153.4,6129,0
2025-11-21 13:05:00+05:30,1153.4,1153.4,1152.5,1152.5,3884,0
2025-11-21 13:10:00+05:30,1152.8,1152.8,1149.8,1149.8,20893,0
2025-11-21 13:15:00+05:30,1149.9,1149.9,1146.3,1147.0,24284,0
2025-11-21 13:20:00+05:30,1147.1,1147.1,1146.1,1146.8,5627,0
2025-11-21 13:25:00+05:30,1146.8,1148.0,1146.3,1147.7,9548,0
2025-11-21 13:30:00+05:30,1147.7,1148.7,1147.0,1148.2,22803,0
2025-11-21 13:35:00+05:30,1148.2,1148.7,1148.0,1148.4,8577,0
2025-11-21 13:40:00+05:30,1148.4,1149.0,1147.4,1148.8,6084,0
2025-11-21 13:45:00+05:30,1148.8,1148.8,1147.6,1148.4,16442,0
2025-11-21 13:50:00+05:30,1148.4,1149.6,1148.4,1149.6,6432,0
2025-11-21 13:55:00+05:30,1149.6,1150.8,1149.4,1150.7,8147,0
2025-11-21 14:00:00+05:30,1150.7,1151.6,1150.0,1150.0,23489,0
2025-11-21 14:05:00+05:30,1150.0,1151.3,1149.1,1150.8,9678,0
2025-11-21 14:10:00+05:30,1150.8,1151.8,1150.1,1151.8,5234,0
2025-11-21 14:15:00+05:30,1151.8,1152.6,1151.4,1151.5,9469,0
2025-11-21 14:20:00+05:30,1151.6,1152.9,1151.0,1152.5,13076,0
2025-11-21 14:25:00+05:30,1152.6,1153.0,1152.0,1152.8,7957,0
2025-11-21 14:30:00+05:30,1152.8,1153.5,1152.5,1153.1,10159,0
2025-11-21 14:35:00+05:30,1153.1,1154.5,1152.9,1154.0,20810,0
2025-11-21 14:40:00+05:30,1154.2,1154.2,1151.7,1151.7,24731,0
2025-11-21 14:45:00+05:30,1151.7,1152.9,1151.6,1152.1,25121,0
2025-11-21 14:50:00+05:30,1152.1,1152.3,1149.5,1150.2,53035,0
2025-11-21 14:55:00+05:30,1150.2,1150.5,1148.3,1148.3,39119,0
2025-11-21 15:00:00+05:30,1148.5,1148.6,1147.6,1148.0,20766,0
2025-11-21 15:05:00+05:30,1147.8,1148.0,1143.4,1144.0,31249,0
2025-11-21 15:10:00+05:30,1144.0,1144.8,1141.5,1141.7,35982,0
2025-11-21 15:15:00+05:30,1141.8,1143.8,1137.4,1137.4,41751,0
2025-11-21 15:20:00+05:30,1137.5,1139.6,1135.0,1136.2,47093,0
2025-11-21 15:25:00+05:30,1136.2,1137.4,1133.1,1135.9,48824,0
2025-11-24 09:15:00+05:30,1142.0,1145.0,1135.8,1139.2,46277,0
2025-11-24 09:20:00+05:30,1139.3,1141.2,1136.9,1139.3,25089,0
2025-11-24 09:25:00+05:30,1139.3,1142.8,1139.3,1139.9,19622,0
2025-11-24 09:30:00+05:30,1139.6,1141.1,1135.7,1137.7,48289,0
2025-11-24 09:35:00+05:30,1137.5,1137.7,1136.0,1136.1,9729,0
2025-11-24 09:40:00+05:30,1136.2,1136.2,1133.1,1133.1,14577,0
2025-11-24 09:45:00+05:30,1133.1,1134.4,1131.0,1134.4,17202,0
2025-11-24 09:50:00+05:30,1134.2,1135.0,1132.3,1133.0,24907,0
2025-11-24 09:55:00+05:30,1132.9,1133.5,1132.2,1133.2,8903,0
2025-11-24 10:00:00+05:30,1133.6,1138.3,1133.6,1137.5,14181,0
2025-11-24 10:05:00+05:30,1137.5,1137.5,1134.8,1136.2,10287,0
2025-11-24 10:10:00+05:30,1136.0,1137.0,1135.1,1137.0,14450,0
2025-11-24 10:15:00+05:30,1136.6,1136.9,1134.8,1135.5,13440,0
2025-11-24 10:20:00+05:30,1135.2,1136.5,1134.9,1136.1,6631,0
2025-11-24 10:25:00+05:30,1136.1,1136.3,1132.7,1133.1,21027,0
2025-11-24 10:30:00+05:30,1132.7,1133.5,1132.5,1132.6,8144,0
2025-11-24 10:35:00+05:30,1132.7,1134.0,1132.2,1133.2,8980,0
2025-11-24 10:40:00+05:30,1132.9,1132.9,1132.5,1132.5,1618,0
2025-11-24 10:45:00+05:30,1132.6,1132.8,1131.5,1131.6,10221,0
2025-11-24 10:50:00+05:30,1131.4,1131.4,1125.4,1126.0,17619,0
2025-11-24 10:55:00+05:30,1125.7,1126.1,1120.7,1122.7,52621,0
2025-11-24 11:00:00+05:30,1122.4,1122.7,1121.3,1122.6,9360,0
2025-11-24 11:05:00+05:30,1122.5,1122.5,1121.1,1121.3,5632,0
2025-11-24 11:10:00+05:30,1121.1,1123.2,1121.0,1122.7,15820,0
2025-11-24 11:15:00+05:30,1122.7,1124.0,1121.5,1122.0,18890,0
2025-11-24 11:20:00+05:30,1122.2,1122.8,1122.0,1122.5,2709,0
2025-11-24 11:25:00+05:30,1122.5,1124.4,1122.3,1123.2,9312,0
2025-11-24 11:30:00+05:30,1123.4,1123.4,1122.2,1122.2,6218,0
2025-11-24 11:35:00+05:30,1122.3,1124.4,1122.3,1123.5,7909,0
2025-11-24 11:40:00+05:30,1123.3,1123.9,1122.4,1122.4,3650,0
2025-11-24 11:45:00+05:30,1122.6,1123.5,1122.0,1123.0,8843,0
2025-11-24 11:50:00+05:30,1123.0,1124.8,1121.9,1123.1,29307,0
2025-11-24 11:55:00+05:30,1123.1,1123.9,1123.0,1123.4,7129,0
2025-11-24 12:00:00+05:30,1123.4,1124.7,1123.0,1123.2,5201,0
2025-11-24 12:05:00+05:30,1123.1,1123.1,1120.5,1120.7,10006,0
2025-11-24 12:10:00+05:30,1120.6,1120.6,1117.2,1117.8,22528,0
2025-11-24 12:15:00+05:30,1117.8,1119.8,1117.8,1119.6,4513,0
2025-11-24 12:20:00+05:30,1119.5,1119.9,1115.7,1116.4,11641,0
2025-11-24 12:25:00+05:30,1116.4,1117.0,1115.2,1116.8,8492,0
2025-11-24 12:30:00+05:30,1116.8,1119.9,1116.4,1119.7,15759,0
2025-11-24 12:35:00+05:30,1119.7,1120.0,1117.7,1118.0,9129,0
2025-11-24 12:40:00+05:30,1118.0,1118.1,1115.0,1116.2,23284,0
2025-11-24 12:45:00+05:30,1116.2,1117.7,1115.0,1117.0,14551,0
2025-11-24 12:50:00+05:30,1116.7,1118.0,1115.9,1115.9,10676,0
2025-11-24 12:55:00+05:30,1115.9,1116.1,1115.0,1116.0,9098,0
2025-11-24 13:00:00+05:30,1116.0,1116.0,1115.3,1115.7,3349,0
2025-11-24 13:05:00+05:30,1115.7,1115.7,1115.0,1115.5,7380,0
2025-11-24 13:10:00+05:30,1115.6,1116.0,1115.0,1115.3,6484,0
2025-11-24 13:15:00+05:30,1115.3,1115.4,1113.8,1114.8,17686,0
2025-11-24 13:20:00+05:30,1114.7,1115.6,1114.7,1115.4,5887,0
2025-11-24 13:25:00+05:30,1115.5,1116.2,1113.5,1113.8,14039,0
2025-11-24 13:30:00+05:30,1113.7,1114.4,1113.0,1114.2,15150,0
2025-11-24 13:35:00+05:30,1114.1,1115.2,1113.9,1114.5,5580,0
2025-11-24 13:40:00+05:30,1114.4,1116.1,1114.2,1115.5,12787,0
2025-11-24 13:45:00+05:30,1115.7,1116.3,1115.1,1115.4,5955,0
2025-11-24 13:50:00+05:30,1115.4,1116.2,1115.1,1115.5,6735,0
2025-11-24 13:55:00+05:30,1115.7,1117.1,1115.3,1116.4,10096,0
2025-11-24 14:00:00+05:30,1116.4,1116.9,1115.0,1116.1,22450,0
2025-11-24 14:05:00+05:30,1116.1,1117.3,1116.0,1116.1,10526,0
2025-11-24 14:10:00+05:30,1116.0,1117.1,1116.0,1116.9,6407,0
2025-11-24 14:15:00+05:30,1116.5,1116.5,1114.6,1115.1,14037,0
2025-11-24 14:20:00+05:30,1115.1,1115.7,1113.8,1114.1,15485,0
2025-11-24 14:25:00+05:30,1114.1,1114.7,1113.3,1113.4,14674,0
2025-11-24 14:30:00+05:30,1113.3,1114.0,1111.8,1112.0,12579,0
2025-11-24 14:35:00+05:30,1111.8,1112.4,1109.7,1110.2,54445,0
2025-11-24 14:40:00+05:30,1110.0,1111.4,1109.8,1111.0,19365,0
2025-11-24 14:45:00+05:30,1110.9,1111.5,1110.3,1110.8,21841,0
2025-11-24 14:50:00+05:30,1110.8,1111.0,1108.5,1108.9,23162,0
2025-11-24 14:55:00+05:30,1109.2,1110.4,1107.2,1110.0,48994,0
2025-11-24 15:00:00+05:30,1109.6,1111.5,1105.0,1105.4,198426,0
2025-11-24 15:05:00+05:30,1105.4,1107.5,1105.2,1106.6,205625,0
2025-11-24 15:10:00+05:30,1106.6,1106.7,1104.4,1104.7,167856,0
2025-11-24 15:15:00+05:30,1104.6,1107.6,1104.3,1105.2,238788,0
2025-11-24 15:20:00+05:30,1105.2,1107.6,1104.9,1106.4,206777,0
2025-11-24 15:25:00+05:30,1106.3,1120.0,1104.4,1113.3,152836,0
2025-11-25 09:15:00+05:30,1107.3,1116.2,1107.3,1115.3,51578,0
2025-11-25 09:20:00+05:30,1115.3,1118.8,1113.6,1118.2,28529,0
2025-11-25 09:25:00+05:30,1118.7,1118.9,1115.4,1115.8,20555,0
2025-11-25 09:30:00+05:30,1115.8,1117.0,1115.7,1116.4,8125,0
2025-11-25 09:35:00+05:30,1116.2,1120.7,1116.2,1120.0,22885,0
2025-11-25 09:40:00+05:30,1119.7,1122.0,1118.5,1121.0,28830,0
2025-11-25 09:45:00+05:30,1121.5,1123.9,1121.0,1122.4,25757,0
2025-11-25 09:50:00+05:30,1122.5,1123.9,1121.5,1123.8,26143,0
2025-11-25 09:55:00+05:30,1123.5,1123.9,1118.2,1118.2,35611,0
2025-11-25 10:00:00+05:30,1118.2,1120.1,1116.8,1117.2,16951,0
2025-11-25 10:05:00+05:30,1116.8,1118.5,1116.0,1116.0,20402,0
2025-11-25 10:10:00+05:30,1116.1,1116.7,1113.8,1114.7,24814,0
2025-11-25 10:15:00+05:30,1114.7,1117.0,1114.5,1117.0,13413,0
2025-11-25 10:20:00+05:30,1117.0,1120.9,1116.8,1120.6,13177,0
2025-11-25 10:25:00+05:30,1120.5,1120.9,1118.4,1119.0,10456,0
2025-11-25 10:30:00+05:30,1119.0,1120.1,1118.5,1119.9,22755,0
2025-11-25 10:35:00+05:30,1119.6,1120.8,1119.3,1120.6,8861,0
2025-11-25 10:40:00+05:30,1120.1,1121.1,1118.8,1118.8,6358,0
2025-11-25 10:45:00+05:30,1118.8,1118.8,1117.3,1117.9,7939,0
2025-11-25 10:50:00+05:30,1117.5,1118.4,1117.5,1117.8,8270,0
2025-11-25 10:55:00+05:30,1117.5,1117.8,1113.6,1113.9,22583,0
2025-11-25 11:00:00+05:30,1113.8,1114.3,1113.0,1113.8,14166,0
2025-11-25 11:05:00+05:30,1113.4,1114.2,1113.0,1113.2,7720,0
2025-11-25 11:10:00+05:30,1113.2,1115.0,1113.2,1115.0,8872,0
2025-11-25 11:15:00+05:30,1114.7,1115.6,1114.6,1115.4,9106,0
2025-11-25 11:20:00+05:30,1115.3,1120.7,1115.1,1119.1,22204,0
2025-11-25 11:25:00+05:30,1119.0,1119.3,1117.0,1117.2,5810,0
2025-11-25 11:30:00+05:30,1117.2,1118.8,1117.0,1117.3,10742,0
2025-11-25 11:35:00+05:30,1117.2,1118.4,1117.0,1118.1,4207,0
2025-11-25 11:40:00+05:30,1118.0,1120.9,1118.0,1120.5,45481,0
2025-11-25 11:45:00+05:30,1120.6,1121.0,1120.0,1120.6,12186,0
2025-11-25 11:50:00+05:30,1120.2,1120.4,1119.5,1120.1,7635,0
2025-11-25 11:55:00+05:30,1120.0,1120.5,1119.6,1120.1,8577,0
2025-11-25 12:00:00+05:30,1120.1,1121.0,1119.6,1121.0,8132,0
2025-11-25 12:05:00+05:30,1120.9,1121.7,1120.8,1121.5,8784,0
2025-11-25 12:10:00+05:30,1121.5,1121.8,1119.6,1120.0,12211,0
2025-11-25 12:15:00+05:30,1119.6,1120.4,1119.1,1119.5,6245,0
2025-11-25 12:20:00+05:30,1119.2,1122.0,1119.2,1121.7,9132,0
2025-11-25 12:25:00+05:30,1121.4,1122.0,1121.2,1121.9,7434,0
2025-11-25 12:30:00+05:30,1121.6,1122.1,1119.9,1120.1,4479,0
2025-11-25 12:35:00+05:30,1119.8,1120.7,1118.8,1120.6,20924,0
2025-11-25 12:40:00+05:30,1120.7,1121.4,1119.9,1121.0,10216,0
2025-11-25 12:45:00+05:30,1121.0,1121.7,1121.0,1121.2,11252,0
2025-11-25 12:50:00+05:30,1121.1,1121.4,1120.6,1120.7,3220,0
2025-11-25 12:55:00+05:30,1120.6,1120.7,1119.4,1119.8,3945,0
2025-11-25 13:00:00+05:30,1119.7,1119.8,1118.0,1118.0,5903,0
2025-11-25 13:05:00+05:30,1118.0,1119.0,1117.9,1118.9,18794,0
2025-11-25 13:10:00+05:30,1118.6,1119.0,1117.5,1117.8,13890,0
2025-11-25 13:15:00+05:30,1117.8,1118.0,1117.1,1117.7,5938,0
2025-11-25 13:20:00+05:30,1117.6,1117.7,1116.6,1116.8,40216,0
2025-11-25 13:25:00+05:30,1116.6,1117.0,1116.1,1117.0,16323,0
2025-11-25 13:30:00+05:30,1116.9,1117.0,1115.3,1115.7,47116,0
2025-11-25 13:35:00+05:30,1115.7,1116.3,1115.4,1116.2,5611,0
2025-11-25 13:40:00+05:30,1116.1,1116.3,1115.0,1116.2,6169,0
2025-11-25 13:45:00+05:30,1115.9,1117.0,1114.9,1116.9,17713,0
2025-11-25 13:50:00+05:30,1116.6,1117.0,1115.9,1116.4,9192,0
2025-11-25 13:55:00+05:30,1116.1,1116.2,1115.1,1116.0,3382,0
2025-11-25 14:00:00+05:30,1115.6,1116.8,1115.5,1116.5,5607,0
2025-11-25 14:05:00+05:30,1116.5,1117.0,1116.0,1116.5,19117,0
2025-11-25 14:10:00+05:30,1116.1,1116.7,1116.1,1116.7,4912,0
2025-11-25 14:15:00+05:30,1116.6,1118.2,1116.4,1117.2,61286,0
2025-11-25 14:20:00+05:30,1117.4,1117.4,1115.2,1115.2,4909,0
2025-11-25 14:25:00+05:30,1115.2,1115.6,1113.8,1114.8,9151,0
2025-11-25 14:30:00+05:30,1114.2,1116.4,1113.3,1115.5,33851,0
2025-11-25 14:35:00+05:30,1115.2,1115.9,1114.0,1115.4,18896,0
2025-11-25 14:40:00+05:30,1115.4,1117.4,1115.4,1116.4,23495,0
2025-11-25 14:45:00+05:30,1116.4,1117.3,1116.0,1116.4,11597,0
2025-11-25 14:50:00+05:30,1116.4,1116.7,1113.7,1114.0,17989,0
2025-11-25 14:55:00+05:30,1114.0,1114.1,1113.1,1113.2,17110,0
2025-11-25 15:00:00+05:30,1113.3,1113.4,1111.8,1112.6,50441,0
2025-11-25 15:05:00+05:30,1112.6,1113.3,1111.5,1112.6,49719,0
2025-11-25 15:10:00+05:30,1112.5,1112.5,1111.6,1111.8,46030,0
2025-11-25 15:15:00+05:30,1111.7,1112.4,1111.4,1111.5,49479,0
2025-11-25 15:20:00+05:30,1111.5,1112.5,1110.9,1111.7,53895,0
2025-11-25 15:25:00+05:30,1111.7,1113.4,1108.3,1108.3,39473,0
2025-11-26 09:15:00+05:30,1112.0,1143.9,1112.0,1143.3,103211,0
2025-11-26 09:20:00+05:30,1143.1,1147.0,1138.5,1141.4,121223,0
2025-11-26 09:25:00+05:30,1141.5,1147.4,1139.4,1144.0,138033,0
2025-11-26 09:30:00+05:30,1144.0,1146.7,1142.5,1144.8,82300,0
2025-11-26 09:35:00+05:30,1144.7,1146.6,1143.5,1143.9,49066,0
2025-11-26 09:40:00+05:30,1143.9,1145.0,1142.0,1145.0,44538,0
2025-11-26 09:45:00+05:30,1145.0,1148.6,1144.5,1145.7,73570,0
2025-11-26 09:50:00+05:30,1145.6,1146.9,1144.1,1146.4,33019,0
2025-11-26 09:55:00+05:30,1146.0,1147.9,1144.5,1147.1,36071,0
2025-11-26 10:00:00+05:30,1147.5,1149.5,1146.1,1149.0,61191,0
2025-11-26 10:05:00+05:30,1148.8,1149.0,1146.4,1147.1,32000,0
2025-11-26 10:10:00+05:30,1147.1,1147.1,1143.0,1144.2,49656,0
2025-11-26 10:15:00+05:30,1144.2,1145.6,1143.9,1145.0,16715,0
2025-11-26 10:20:00+05:30,1145.4,1147.4,1143.8,1146.0,31074,0
2025-11-26 10:25:00+05:30,1146.0,1146.3,1144.0,1144.0,11124,0
2025-11-26 10:30:00+05:30,1144.1,1145.8,1142.0,1145.0,42389,0
2025-11-26 10:35:00+05:30,1145.4,1146.3,1145.0,1146.1,17298,0
2025-11-26 10:40:00+05:30,1146.1,1150.0,1145.5,1150.0,41483,0
2025-11-26 10:45:00+05:30,1149.5,1153.9,1149.5,1151.0,64680,0
2025-11-26 10:50:00+05:30,1151.0,1152.0,1150.5,1152.0,20945,0
2025-11-26 10:55:00+05:30,1151.7,1152.5,1150.0,1150.3,33776,0
2025-11-26 11:00:00+05:30,1150.8,1150.8,1150.0,1150.0,6957,0
2025-11-26 11:05:00+05:30,1150.0,1150.6,1148.5,1149.2,19163,0
2025-11-26 11:10:00+05:30,1149.2,1149.3,1146.1,1149.3,19607,0
2025-11-26 11:15:00+05:30,1149.3,1149.9,1149.1,1149.9,8491,0
2025-11-26 11:20:00+05:30,1149.9,1150.3,1148.8,1149.2,10335,0
2025-11-26 11:25:00+05:30,1149.2,1149.9,1148.6,1149.2,7915,0
2025-11-26 11:30:00+05:30,1148.9,1149.2,1148.5,1149.1,6552,0
2025-11-26 11:35:00+05:30,1149.0,1149.9,1148.0,1148.3,8805,0
2025-11-26 11:40:00+05:30,1148.9,1148.9,1147.0,1147.9,12123,0
2025-11-26 11:45:00+05:30,1147.9,1149.7,1147.5,1149.3,9745,0
2025-11-26 11:50:00+05:30,1149.3,1149.9,1148.9,1149.8,6220,0
2025-11-26 11:55:00+05:30,1149.6,1150.5,1149.1,1150.0,9536,0
2025-11-26 12:00:00+05:30,1150.1,1151.0,1149.6,1150.4,10521,0
2025-11-26 12:05:00+05:30,1150.1,1151.1,1149.9,1150.8,7009,0
2025-11-26 12:10:00+05:30,1150.8,1151.2,1149.7,1150.6,11681,0
2025-11-26 12:15:00+05:30,1150.5,1151.8,1150.3,1150.5,10764,0
2025-11-26 12:20:00+05:30,1150.6,1151.3,1150.5,1151.2,8085,0
2025-11-26 12:25:00+05:30,1150.7,1151.4,1150.3,1150.6,8702,0
2025-11-26 12:30:00+05:30,1150.8,1152.7,1150.5,1152.6,40457,0
2025-11-26 12:35:00+05:30,1152.6,1153.0,1152.2,1152.5,7641,0
2025-11-26 12:40:00+05:30,1152.4,1152.6,1152.0,1152.3,6650,0
2025-11-26 12:45:00+05:30,1152.3,1152.5,1152.0,1152.2,9858,0
2025-11-26 12:50:00+05:30,1152.2,1153.0,1152.0,1153.0,10907,0
2025-11-26 12:55:00+05:30,1153.0,1153.0,1152.7,1152.7,7577,0
2025-11-26 13:00:00+05:30,1152.9,1152.9,1152.1,1152.7,7709,0
2025-11-26 13:05:00+05:30,1152.7,1152.7,1150.9,1152.2,28907,0
2025-11-26 13:10:00+05:30,1152.2,1152.9,1151.9,1152.0,15114,0
2025-11-26 13:15:00+05:30,1152.0,1152.5,1149.4,1150.6,38026,0
2025-11-26 13:20:00+05:30,1150.1,1151.7,1150.0,1150.3,9709,0
2025-11-26 13:25:00+05:30,1150.3,1150.7,1149.5,1149.9,10548,0
2025-11-26 13:30:00+05:30,1149.9,1150.5,1149.6,1150.3,7812,0
2025-11-26 13:35:00+05:30,1150.4,1151.1,1150.0,1151.1,6303,0
2025-11-26 13:40:00+05:30,1151.1,1151.9,1150.9,1151.8,4618,0
2025-11-26 13:45:00+05:30,1151.8,1152.9,1151.7,1152.7,12485,0
2025-11-26 13:50:00+05:30,1152.7,1153.0,1152.5,1153.0,8763,0
2025-11-26 13:55:00+05:30,1153.0,1153.0,1152.2,1152.7,22637,0
2025-11-26 14:00:00+05:30,1152.6,1153.9,1152.6,1153.4,35766,0
2025-11-26 14:05:00+05:30,1153.5,1155.0,1153.4,1154.6,37125,0
2025-11-26 14:10:00+05:30,1154.6,1154.7,1153.4,1154.0,16231,0
2025-11-26 14:15:00+05:30,1154.0,1154.5,1153.3,1154.1,17077,0
2025-11-26 14:20:00+05:30,1154.1,1155.0,1153.9,1155.0,39045,0
2025-11-26 14:25:00+05:30,1154.6,1155.0,1152.1,1152.1,32938,0
2025-11-26 14:30:00+05:30,1152.3,1152.9,1151.4,1152.4,16642,0
2025-11-26 14:35:00+05:30,1152.4,1152.6,1152.0,1152.5,7465,0
2025-11-26 14:40:00+05:30,1152.3,1154.0,1152.3,1153.1,33770,0
2025-11-26 14:45:00+05:30,1152.9,1154.0,1152.6,1153.7,11817,0
2025-11-26 14:50:00+05:30,1153.6,1153.7,1152.4,1152.8,26715,0
2025-11-26 14:55:00+05:30,1152.9,1154.0,1151.6,1152.4,28947,0
2025-11-26 15:00:00+05:30,1152.4,1154.2,1152.3,1153.9,25747,0
2025-11-26 15:05:00+05:30,1153.9,1154.4,1153.1,1154.4,22154,0
2025-11-26 15:10:00+05:30,1154.3,1155.0,1153.5,1154.7,53448,0
2025-11-26 15:15:00+05:30,1154.7,1155.0,1153.0,1153.9,116675,0
2025-11-26 15:20:00+05:30,1153.9,1155.0,1153.5,1154.6,61533,0
2025-11-26 15:25:00+05:30,1154.6,1157.0,1152.9,1153.0,42804,0
2025-11-27 09:15:00+05:30,1159.0,1160.4,1140.7,1156.9,114720,0
2025-11-27 09:20:00+05:30,1156.8,1159.4,1155.5,1156.6,29450,0
2025-11-27 09:25:00+05:30,1156.1,1156.7,1153.2,1156.7,13309,0
2025-11-27 09:30:00+05:30,1156.3,1156.3,1153.7,1154.3,11875,0
2025-11-27 09:35:00+05:30,1154.3,1154.3,1151.2,1151.7,22312,0
2025-11-27 09:40:00+05:30,1151.7,1151.7,1149.1,1150.0,19248,0
2025-11-27 09:45:00+05:30,1150.1,1152.4,1150.1,1152.3,10823,0
2025-11-27 09:50:00+05:30,1152.2,1155.2,1151.0,1154.9,15181,0
2025-11-27 09:55:00+05:30,1154.5,1155.9,1153.5,1155.3,8743,0
2025-11-27 10:00:00+05:30,1155.4,1156.0,1154.1,1154.6,4080,0
2025-11-27 10:05:00+05:30,1154.6,1154.6,1152.6,1152.8,6987,0
2025-11-27 10:10:00+05:30,1152.6,1153.1,1151.3,1152.9,7400,0
2025-11-27 10:15:00+05:30,1152.9,1153.0,1151.6,1151.7,3244,0
2025-11-27 10:20:00+05:30,1151.7,1151.8,1149.6,1150.5,13487,0
2025-11-27 10:25:00+05:30,1150.5,1152.2,1149.8,1152.0,8171,0
2025-11-27 10:30:00+05:30,1151.5,1151.6,1150.1,1150.6,9442,0
2025-11-27 10:35:00+05:30,1150.6,1152.9,1150.6,1152.2,3757,0
2025-11-27 10:40:00+05:30,1152.3,1153.0,1150.2,1150.8,31739,0
2025-11-27 10:45:00+05:30,1151.1,1151.8,1148.6,1148.7,21904,0
2025-11-27 10:50:00+05:30,1149.1,1149.7,1147.0,1147.5,12647,0
2025-11-27 10:55:00+05:30,1147.9,1148.0,1146.1,1146.4,5648,0
2025-11-27 11:00:00+05:30,1146.5,1148.9,1146.5,1148.0,9666,0
2025-11-27 11:05:00+05:30,1147.9,1149.3,1147.5,1148.6,3151,0
2025-11-27 11:10:00+05:30,1148.7,1148.7,1147.6,1147.7,1609,0
2025-11-27 11:15:00+05:30,1147.8,1148.2,1146.2,1146.8,5092,0
2025-11-27 11:20:00+05:30,1146.8,1147.7,1146.7,1147.4,2291,0
2025-11-27 11:25:00+05:30,1147.6,1148.3,1147.0,1147.4,7224,0
2025-11-27 11:30:00+05:30,1147.5,1147.6,1146.7,1146.9,2219,0
2025-11-27 11:35:00+05:30,1147.1,1147.8,1146.7,1146.9,3185,0
2025-11-27 11:40:00+05:30,1147.0,1147.5,1146.0,1147.1,7981,0
2025-11-27 11:45:00+05:30,1147.1,1147.1,1143.5,1144.3,11434,0
2025-11-27 11:50:00+05:30,1144.3,1145.6,1144.0,1145.5,5460,0
2025-11-27 11:55:00+05:30,1145.5,1147.8,1145.1,1147.2,7658,0
2025-11-27 12:00:00+05:30,1147.3,1150.4,1147.2,1148.4,10007,0
2025-11-27 12:05:00+05:30,1148.4,1148.5,1146.8,1147.1,5020,0
2025-11-27 12:10:00+05:30,1147.1,1147.4,1146.6,1147.1,2372,0
2025-11-27 12:15:00+05:30,1147.3,1147.3,1145.6,1146.1,2452,0
2025-11-27 12:20:00+05:30,1146.4,1146.4,1145.8,1145.8,2420,0
2025-11-27 12:25:00+05:30,1145.9,1145.9,1142.5,1144.0,6978,0
2025-11-27 12:30:00+05:30,1144.4,1144.9,1143.4,1143.4,3104,0
2025-11-27 12:35:00+05:30,1143.8,1144.0,1142.0,1142.3,4219,0
2025-11-27 12:40:00+05:30,1142.3,1144.5,1142.0,1144.4,3152,0
2025-11-27 12:45:00+05:30,1144.5,1146.8,1143.3,1146.7,6094,0
2025-11-27 12:50:00+05:30,1146.7,1146.7,1144.0,1144.3,13013,0
2025-11-27 12:55:00+05:30,1144.8,1144.8,1142.9,1142.9,7687,0
2025-11-27 13:00:00+05:30,1143.0,1143.2,1142.0,1142.4,5748,0
2025-11-27 13:05:00+05:30,1142.8,1142.8,1142.0,1142.2,3563,0
2025-11-27 13:10:00+05:30,1142.4,1142.9,1141.2,1142.1,16093,0
2025-11-27 13:15:00+05:30,1142.1,1143.0,1141.1,1142.7,6782,0
2025-11-27 13:20:00+05:30,1143.0,1143.4,1139.8,1140.5,41334,0
2025-11-27 13:25:00+05:30,1140.7,1141.9,1136.3,1138.9,155271,0
2025-11-27 13:30:00+05:30,1139.1,1140.0,1138.5,1139.6,17597,0
2025-11-27 13:35:00+05:30,1139.6,1139.9,1138.4,1138.9,11763,0
2025-11-27 13:40:00+05:30,1138.9,1139.2,1138.7,1138.9,2313,0
2025-11-27 13:45:00+05:30,1139.1,1140.0,1137.9,1139.7,14914,0
2025-11-27 13:50:00+05:30,1139.7,1140.0,1138.7,1139.8,305652,0
2025-11-27 13:55:00+05:30,1139.8,1142.0,1139.2,1141.9,255560,0
2025-11-27 14:00:00+05:30,1141.9,1145.9,1141.9,1144.0,123995,0
2025-11-27 14:05:00+05:30,1144.5,1145.9,1143.5,1144.0,109126,0
2025-11-27 14:10:00+05:30,1144.0,1153.3,1143.9,1151.3,156333,0
2025-11-27 14:15:00+05:30,1151.9,1158.9,1151.5,1158.9,47066,0
2025-11-27 14:20:00+05:30,1158.5,1160.3,1156.0,1156.9,42247,0
2025-11-27 14:25:00+05:30,1156.9,1158.4,1154.3,1154.3,23587,0
2025-11-27 14:30:00+05:30,1154.3,1156.9,1152.3,1156.8,40363,0
2025-11-27 14:35:00+05:30,1156.8,1156.8,1154.2,1155.6,12083,0
2025-11-27 14:40:00+05:30,1156.1,1157.8,1155.1,1156.2,42099,0
2025-11-27 14:45:00+05:30,1156.6,1157.4,1155.2,1157.1,18498,0
2025-11-27 14:50:00+05:30,1157.4,1159.0,1155.6,1158.9,27941,0
2025-11-27 14:55:00+05:30,1158.7,1161.4,1158.0,1159.5,54140,0
2025-11-27 15:00:00+05:30,1159.3,1163.0,1159.0,1162.4,27496,0
2025-11-27 15:05:00+05:30,1162.4,1163.0,1161.0,1162.5,26668,0
2025-11-27 15:10:00+05:30,1162.5,1162.5,1159.8,1160.0,48458,0
2025-11-27 15:15:00+05:30,1160.0,1162.5,1157.3,1161.0,116254,0
2025-11-27 15:20:00+05:30,1160.3,1161.9,1159.0,1161.3,44398,0
2025-11-27 15:25:00+05:30,1161.4,1161.8,1157.8,1157.9,36517,0
2025-11-28 09:15:00+05:30,1160.0,1163.3,1153.3,1159.0,62154,0
2025-11-28 09:20:00+05:30,1158.9,1167.1,1158.0,1162.3,66871,0
2025-11-28 09:25:00+05:30,1162.7,1163.7,1159.0,1162.2,37863,0
2025-11-28 09:30:00+05:30,1162.1,1164.3,1160.9,1162.9,8516,0
2025-11-28 09:35:00+05:30,1162.9,1165.8,1158.5,1159.2,26150,0
2025-11-28 09:40:00+05:30,1158.7,1163.1,1158.7,1161.5,13506,0
2025-11-28 09:45:00+05:30,1161.8,1161.8,1160.0,1160.1,5516,0
2025-11-28 09:50:00+05:30,1160.4,1163.9,1159.9,1162.3,10785,0
2025-11-28 09:55:00+05:30,1162.2,1162.5,1160.5,1161.7,4833,0
2025-11-28 10:00:00+05:30,1161.7,1162.3,1160.1,1161.2,8169,0
2025-11-28 10:05:00+05:30,1161.6,1162.6,1160.1,1160.4,6036,0
2025-11-28 10:10:00+05:30,1160.5,1160.8,1158.8,1158.8,4614,0
2025-11-28 10:15:00+05:30,1158.8,1160.7,1157.7,1159.3,13334,0
2025-11-28 10:20:00+05:30,1159.3,1160.8,1159.0,1159.0,5049,0
2025-11-28 10:25:00+05:30,1159.0,1162.1,1158.6,1161.2,5589,0
2025-11-28 10:30:00+05:30,1161.2,1164.4,1161.2,1161.9,7546,0
2025-11-28 10:35:00+05:30,1162.3,1163.7,1161.9,1163.1,4917,0
2025-11-28 10:40:00+05:30,1163.1,1164.0,1162.3,1163.9,9415,0
2025-11-28 10:45:00+05:30,1163.6,1165.5,1163.5,1164.7,6979,0
2025-11-28 10:50:00+05:30,1165.0,1165.1,1163.5,1164.4,8117,0
2025-11-28 10:55:00+05:30,1164.4,1164.8,1161.9,1163.8,79898,0
2025-11-28 11:00:00+05:30,1163.8,1165.9,1162.6,1163.4,76601,0
2025-11-28 11:05:00+05:30,1163.4,1163.6,1161.1,1162.7,81095,0
2025-11-28 11:10:00+05:30,1162.7,1164.0,1162.4,1163.1,8791,0
2025-11-28 11:15:00+05:30,1163.1,1163.7,1162.2,1163.0,7312,0
2025-11-28 11:20:00+05:30,1163.0,1163.2,1162.4,1162.8,6253,0
2025-11-28 11:25:00+05:30,1162.8,1163.0,1160.3,1160.6,21970,0
2025-11-28 11:30:00+05:30,1160.6,1162.4,1160.1,1161.9,9839,0
2025-11-28 11:35:00+05:30,1161.8,1161.8,1160.6,1161.0,3729,0
2025-11-28 11:40:00+05:30,1160.6,1162.5,1160.3,1162.1,8897,0
2025-11-28 11:45:00+05:30,1162.2,1167.0,1162.2,1166.3,22701,0
2025-11-28 11:50:00+05:30,1166.3,1167.5,1164.2,1167.3,17469,0
2025-11-28 11:55:00+05:30,1167.5,1167.5,1163.5,1163.9,10609,0
2025-11-28 12:00:00+05:30,1163.5,1164.0,1161.5,1164.0,6220,0
2025-11-28 12:05:00+05:30,1164.0,1172.1,1163.5,1172.0,54069,0
2025-11-28 12:10:00+05:30,1172.0,1172.6,1170.2,1171.7,28285,0
2025-11-28 12:15:00+05:30,1171.5,1171.8,1170.0,1171.0,13694,0
2025-11-28 12:20:00+05:30,1170.7,1171.6,1170.1,1171.3,16272,0
2025-11-28 12:25:00+05:30,1171.3,1171.3,1169.1,1169.5,12535,0
2025-11-28 12:30:00+05:30,1169.5,1169.6,1165.1,1165.1,16293,0
2025-11-28 12:35:00+05:30,1165.1,1165.7,1163.4,1164.9,9758,0
2025-11-28 12:40:00+05:30,1164.9,1165.6,1163.5,1164.1,12002,0
2025-11-28 12:45:00+05:30,1164.2,1164.2,1160.8,1161.1,12866,0
2025-11-28 12:50:00+05:30,1161.1,1161.1,1160.4,1160.5,10690,0
2025-11-28 12:55:00+05:30,1160.3,1161.9,1160.0,1161.9,9830,0
2025-11-28 13:00:00+05:30,1161.7,1162.4,1160.5,1161.0,6298,0
2025-11-28 13:05:00+05:30,1160.5,1161.0,1160.0,1160.4,4077,0
2025-11-28 13:10:00+05:30,1160.3,1160.5,1159.4,1160.5,5317,0
2025-11-28 13:15:00+05:30,1160.5,1160.8,1158.6,1158.9,7791,0
2025-11-28 13:20:00+05:30,1158.9,1160.2,1158.1,1159.4,7945,0
2025-11-28 13:25:00+05:30,1159.4,1159.4,1157.6,1158.5,6239,0
2025-11-28 13:30:00+05:30,1158.1,1159.9,1158.1,1158.4,3601,0
2025-11-28 13:35:00+05:30,1158.2,1159.8,1158.1,1159.0,2953,0
2025-11-28 13:40:00+05:30,1159.0,1159.4,1157.8,1158.1,3433,0
2025-11-28 13:45:00+05:30,1158.1,1159.2,1157.6,1158.2,3914,0
2025-11-28 13:50:00+05:30,1158.2,1158.4,1156.6,1158.2,12209,0
2025-11-28 13:55:00+05:30,1158.2,1158.3,1156.7,1157.4,3378,0
2025-11-28 14:00:00+05:30,1157.4,1161.4,1157.0,1160.9,8146,0
2025-11-28 14:05:00+05:30,1160.3,1162.7,1160.1,1161.2,13154,0
2025-11-28 14:10:00+05:30,1161.2,1163.2,1160.6,1161.3,7931,0
2025-11-28 14:15:00+05:30,1161.0,1161.7,1160.7,1161.5,3744,0
2025-11-28 14:20:00+05:30,1161.5,1161.5,1160.0,1160.1,5215,0
2025-11-28 14:25:00+05:30,1160.7,1161.2,1160.4,1160.8,2661,0
2025-11-28 14:30:00+05:30,1160.6,1162.0,1160.0,1160.5,6988,0
2025-11-28 14:35:00+05:30,1160.2,1161.6,1158.6,1159.0,10691,0
2025-11-28 14:40:00+05:30,1158.6,1159.9,1158.0,1158.5,7490,0
2025-11-28 14:45:00+05:30,1158.0,1159.0,1157.7,1158.3,9356,0
2025-11-28 14:50:00+05:30,1158.3,1158.5,1157.0,1157.5,4740,0
2025-11-28 14:55:00+05:30,1157.6,1158.6,1157.5,1157.8,5358,0
2025-11-28 15:00:00+05:30,1157.8,1159.9,1157.5,1159.9,24448,0
2025-11-28 15:05:00+05:30,1159.9,1160.9,1158.9,1159.4,23330,0
2025-11-28 15:10:00+05:30,1159.4,1160.7,1158.7,1160.2,28516,0
2025-11-28 15:15:00+05:30,1160.3,1161.8,1159.3,1160.6,49929,0
2025-11-28 15:20:00+05:30,1160.8,1161.3,1159.4,1161.0,59574,0
2025-11-28 15:25:00+05:30,1161.3,1164.7,1159.7,1163.6,30952,0
2025-12-01 09:15:00+05:30,1164.9,1182.4,1164.2,1175.6,107990,0
2025-12-01 09:20:00+05:30,1176.0,1182.7,1175.0,1182.6,79293,0
2025-12-01 09:25:00+05:30,1181.9,1185.0,1179.1,1184.8,108193,0
2025-12-01 09:30:00+05:30,1184.5,1184.6,1178.5,1179.0,61160,0
2025-12-01 09:35:00+05:30,1179.0,1181.4,1172.8,1173.9,86579,0
2025-12-01 09:40:00+05:30,1173.5,1175.6,1172.2,1174.4,32160,0
2025-12-01 09:45:00+05:30,1174.4,1178.0,1173.7,1176.5,27074,0
2025-12-01 09:50:00+05:30,1176.5,1177.0,1175.3,1175.9,13349,0
2025-12-01 09:55:00+05:30,1175.5,1176.3,1167.8,1169.4,52005,0
2025-12-01 10:00:00+05:30,1168.8,1169.7,1166.1,1169.7,27147,0
2025-12-01 10:05:00+05:30,1169.0,1172.2,1168.8,1169.6,29640,0
2025-12-01 10:10:00+05:30,1169.8,1171.0,1168.3,1168.7,20244,0
2025-12-01 10:15:00+05:30,1168.5,1169.9,1166.4,1166.8,17648,0
2025-12-01 10:20:00+05:30,1167.5,1169.0,1166.7,1169.0,11086,0
2025-12-01 10:25:00+05:30,1168.4,1169.0,1167.7,1168.3,6231,0
2025-12-01 10:30:00+05:30,1167.8,1169.0,1166.2,1166.9,6701,0
2025-12-01 10:35:00+05:30,1166.9,1167.9,1163.0,1164.0,28169,0
2025-12-01 10:40:00+05:30,1164.0,1165.2,1162.8,1164.8,18074,0
2025-12-01 10:45:00+05:30,1164.7,1164.9,1163.0,1164.5,15157,0
2025-12-01 10:50:00+05:30,1164.0,1164.4,1160.2,1161.8,24383,0
2025-12-01 10:55:00+05:30,1161.1,1162.7,1160.6,1161.2,9912,0
2025-12-01 11:00:00+05:30,1161.2,1162.2,1160.4,1161.3,9321,0
2025-12-01 11:05:00+05:30,1161.1,1161.3,1158.9,1160.2,16347,0
2025-12-01 11:10:00+05:30,1160.0,1162.9,1159.5,1161.5,10525,0
2025-12-01 11:15:00+05:30,1161.5,1164.0,1161.1,1161.7,17284,0
2025-12-01 11:20:00+05:30,1161.7,1162.0,1161.0,1161.0,5999,0
2025-12-01 11:25:00+05:30,1161.1,1161.4,1160.7,1161.1,3560,0
2025-12-01 11:30:00+05:30,1161.1,1161.9,1160.9,1161.1,4404,0
2025-12-01 11:35:00+05:30,1161.0,1161.1,1159.2,1160.3,9189,0
2025-12-01 11:40:00+05:30,1160.0,1161.5,1157.3,1159.6,21625,0
2025-12-01 11:45:00+05:30,1159.0,1160.2,1157.6,1159.4,20214,0
2025-12-01 11:50:00+05:30,1158.8,1162.1,1158.1,1161.7,177927,0
2025-12-01 11:55:00+05:30,1161.2,1162.3,1160.0,1162.3,17423,0
2025-12-01 12:00:00+05:30,1161.7,1162.0,1160.5,1160.5,13735,0
2025-12-01 12:05:00+05:30,1160.8,1163.9,1160.5,1161.1,13661,0
2025-12-01 12:10:00+05:30,1160.4,1163.0,1160.4,1160.7,173329,0
2025-12-01 12:15:00+05:30,1160.7,1162.7,1160.2,1161.9,14294,0
2025-12-01 12:20:00+05:30,1162.0,1162.0,1160.3,1160.9,7487,0
2025-12-01 12:25:00+05:30,1160.9,1162.4,1160.5,1162.0,16128,0
2025-12-01 12:30:00+05:30,1161.7,1162.0,1159.8,1160.1,20432,0
2025-12-01 12:35:00+05:30,1160.1,1162.8,1159.8,1162.8,17858,0
2025-12-01 12:40:00+05:30,1162.5,1163.3,1160.8,1162.7,12949,0
2025-12-01 12:45:00+05:30,1162.7,1163.9,1161.4,1162.2,11366,0
2025-12-01 12:50:00+05:30,1162.2,1162.9,1161.8,1162.1,5209,0
2025-12-01 12:55:00+05:30,1162.1,1163.4,1160.4,1161.1,93069,0
2025-12-01 13:00:00+05:30,1160.9,1161.9,1160.0,1160.6,15215,0
2025-12-01 13:05:00+05:30,1160.6,1160.8,1160.0,1160.2,6016,0
2025-12-01 13:10:00+05:30,1160.2,1160.8,1159.9,1160.8,10987,0
2025-12-01 13:15:00+05:30,1160.8,1163.6,1160.1,1162.8,32488,0
2025-12-01 13:20:00+05:30,1162.3,1162.8,1160.6,1161.0,7898,0
2025-12-01 13:25:00+05:30,1161.0,1161.0,1159.8,1159.8,6466,0
2025-12-01 13:30:00+05:30,1160.0,1160.8,1159.2,1160.7,9809,0
2025-12-01 13:35:00+05:30,1160.7,1164.7,1160.1,1163.7,43657,0
2025-12-01 13:40:00+05:30,1163.7,1165.6,1163.2,1164.1,108938,0
2025-12-01 13:45:00+05:30,1164.1,1165.0,1163.2,1164.5,53028,0
2025-12-01 13:50:00+05:30,1164.5,1165.0,1163.6,1164.0,12008,0
2025-12-01 13:55:00+05:30,1163.7,1166.0,1163.7,1165.0,15496,0
2025-12-01 14:00:00+05:30,1164.6,1168.9,1164.6,1168.5,66174,0
2025-12-01 14:05:00+05:30,1168.4,1168.5,1165.8,1166.6,69700,0
2025-12-01 14:10:00+05:30,1166.6,1168.6,1166.2,1168.6,16390,0
2025-12-01 14:15:00+05:30,1168.5,1169.7,1164.7,1167.7,92961,0
2025-12-01 14:20:00+05:30,1167.7,1169.0,1166.8,1168.5,33218,0
2025-12-01 14:25:00+05:30,1168.5,1168.5,1166.3,1167.6,28240,0
2025-12-01 14:30:00+05:30,1167.6,1168.0,1166.6,1167.7,16962,0
2025-12-01 14:35:00+05:30,1167.8,1168.3,1166.1,1166.5,33688,0
2025-12-01 14:40:00+05:30,1166.5,1167.4,1166.1,1167.2,24778,0
2025-12-01 14:45:00+05:30,1167.2,1167.4,1166.0,1166.9,41935,0
2025-12-01 14:50:00+05:30,1166.9,1167.8,1162.8,1164.6,135224,0
2025-12-01 14:55:00+05:30,1164.6,1167.3,1164.3,1167.3,50032,0
2025-12-01 15:00:00+05:30,1167.3,1168.7,1166.6,1168.5,82998,0
2025-12-01 15:05:00+05:30,1168.5,1169.6,1168.0,1169.4,83010,0
2025-12-01 15:10:00+05:30,1169.6,1170.7,1168.5,1170.1,106886,0
2025-12-01 15:15:00+05:30,1170.1,1170.7,1168.0,1168.5,191887,0
2025-12-01 15:20:00+05:30,1168.2,1168.4,1165.6,1167.1,83364,0
2025-12-01 15:25:00+05:30,1167.1,1167.7,1164.1,1165.0,64278,0
2025-12-02 09:15:00+05:30,1168.4,1172.8,1160.1,1163.5,94594,0
2025-12-02 09:20:00+05:30,1163.4,1166.0,1162.0,1164.4,74134,0
2025-12-02 09:25:00+05:30,1164.2,1165.9,1163.2,1165.0,71622,0
2025-12-02 09:30:00+05:30,1165.0,1166.6,1163.3,1163.3,55402,0
2025-12-02 09:35:00+05:30,1163.5,1166.3,1162.5,1164.5,196477,0
2025-12-02 09:40:00+05:30,1164.1,1166.0,1162.9,1164.4,16285,0
2025-12-02 09:45:00+05:30,1164.5,1165.2,1160.8,1160.8,21947,0
2025-12-02 09:50:00+05:30,1160.8,1163.0,1160.6,1162.6,10614,0
2025-12-02 09:55:00+05:30,1162.6,1163.7,1162.5,1163.0,44782,0
2025-12-02 10:00:00+05:30,1162.8,1165.2,1162.4,1164.0,27077,0
2025-12-02 10:05:00+05:30,1164.0,1164.6,1163.4,1163.8,25901,0
2025-12-02 10:10:00+05:30,1164.0,1164.0,1162.6,1163.5,10087,0
2025-12-02 10:15:00+05:30,1163.4,1164.4,1163.3,1163.9,35189,0
2025-12-02 10:20:00+05:30,1164.1,1166.3,1163.8,1165.1,74059,0
2025-12-02 10:25:00+05:30,1165.2,1167.9,1164.8,1166.0,152216,0
2025-12-02 10:30:00+05:30,1166.4,1166.5,1165.2,1165.6,29498,0
2025-12-02 10:35:00+05:30,1165.5,1167.0,1163.0,1163.1,9652,0
2025-12-02 10:40:00+05:30,1163.1,1163.9,1160.4,1161.2,13938,0
2025-12-02 10:45:00+05:30,1161.2,1164.8,1160.6,1164.8,33604,0
2025-12-02 10:50:00+05:30,1164.8,1166.1,1164.7,1164.7,22800,0
2025-12-02 10:55:00+05:30,1164.7,1165.2,1163.7,1165.1,18235,0
2025-12-02 11:00:00+05:30,1165.1,1165.1,1163.6,1163.7,5358,0
2025-12-02 11:05:00+05:30,1163.9,1163.9,1162.4,1163.2,11632,0
2025-12-02 11:10:00+05:30,1163.3,1165.4,1162.5,1164.6,15869,0
2025-12-02 11:15:00+05:30,1165.0,1168.7,1164.8,1168.2,53377,0
2025-12-02 11:20:00+05:30,1168.0,1168.0,1166.2,1166.7,7888,0
2025-12-02 11:25:00+05:30,1166.7,1167.0,1166.1,1166.1,17160,0
2025-12-02 11:30:00+05:30,1166.3,1167.0,1164.6,1166.1,14919,0
2025-12-02 11:35:00+05:30,1166.3,1167.1,1165.8,1166.0,75133,0
2025-12-02 11:40:00+05:30,1166.3,1166.5,1164.5,1164.7,9677,0
2025-12-02 11:45:00+05:30,1164.8,1165.1,1164.1,1165.1,6414,0
2025-12-02 11:50:00+05:30,1165.1,1165.2,1164.0,1164.3,8952,0
2025-12-02 11:55:00+05:30,1164.3,1165.2,1164.0,1165.2,5556,0
2025-12-02 12:00:00+05:30,1165.1,1165.2,1164.0,1164.9,5677,0
2025-12-02 12:05:00+05:30,1165.0,1165.0,1162.0,1162.1,10495,0
2025-12-02 12:10:00+05:30,1162.1,1162.5,1161.2,1161.4,8076,0
2025-12-02 12:15:00+05:30,1161.4,1163.0,1161.0,1162.8,12848,0
2025-12-02 12:20:00+05:30,1163.0,1163.6,1162.3,1162.8,7941,0
2025-12-02 12:25:00+05:30,1162.9,1163.0,1162.7,1163.0,4421,0
2025-12-02 12:30:00+05:30,1163.0,1165.2,1162.9,1164.3,40411,0
2025-12-02 12:35:00+05:30,1164.3,1164.9,1162.2,1163.4,14643,0
2025-12-02 12:40:00+05:30,1163.4,1163.4,1161.9,1162.4,6269,0
2025-12-02 12:45:00+05:30,1162.0,1162.5,1161.9,1162.5,3918,0
2025-12-02 12:50:00+05:30,1162.5,1162.7,1161.5,1161.7,5735,0
2025-12-02 12:55:00+05:30,1161.7,1162.7,1160.1,1161.8,21272,0
2025-12-02 13:00:00+05:30,1161.8,1162.4,1161.1,1161.6,5995,0
2025-12-02 13:05:00+05:30,1161.8,1161.9,1160.1,1161.5,12257,0
2025-12-02 13:10:00+05:30,1161.6,1162.0,1160.8,1161.2,19034,0
2025-12-02 13:15:00+05:30,1161.2,1162.2,1161.0,1161.1,17533,0
2025-12-02 13:20:00+05:30,1161.2,1163.1,1161.1,1162.4,39920,0
2025-12-02 13:25:00+05:30,1162.6,1163.3,1162.0,1162.0,42445,0
2025-12-02 13:30:00+05:30,1162.5,1162.5,1159.5,1162.1,161640,0
2025-12-02 13:35:00+05:30,1162.1,1163.1,1160.4,1162.1,75185,0
2025-12-02 13:40:00+05:30,1162.1,1163.0,1160.7,1162.4,65415,0
2025-12-02 13:45:00+05:30,1162.9,1163.0,1162.0,1162.6,49526,0
2025-12-02 13:50:00+05:30,1162.6,1163.7,1162.2,1162.5,19830,0
2025-12-02 13:55:00+05:30,1162.6,1163.4,1162.5,1163.2,11804,0
2025-12-02 14:00:00+05:30,1163.3,1164.0,1162.0,1163.3,75507,0
2025-12-02 14:05:00+05:30,1163.5,1164.0,1162.0,1162.7,34657,0
2025-12-02 14:10:00+05:30,1162.8,1162.8,1161.5,1162.0,25957,0
2025-12-02 14:15:00+05:30,1162.1,1162.5,1161.5,1162.1,56030,0
2025-12-02 14:20:00+05:30,1162.1,1162.1,1161.0,1162.0,51195,0
2025-12-02 14:25:00+05:30,1162.1,1162.6,1161.5,1161.9,26155,0
2025-12-02 14:30:00+05:30,1161.9,1162.2,1160.7,1160.7,10595,0
2025-12-02 14:35:00+05:30,1161.0,1162.3,1160.3,1161.0,100374,0
2025-12-02 14:40:00+05:30,1161.4,1163.0,1161.0,1162.5,18069,0
2025-12-02 14:45:00+05:30,1162.6,1162.6,1160.8,1161.9,9739,0
2025-12-02 14:50:00+05:30,1162.2,1162.8,1160.4,1160.7,26334,0
2025-12-02 14:55:00+05:30,1160.7,1161.1,1159.4,1160.0,21637,0
2025-12-02 15:00:00+05:30,1160.4,1163.8,1160.3,1162.9,35454,0
2025-12-02 15:05:00+05:30,1162.9,1163.5,1162.3,1162.5,44517,0
2025-12-02 15:10:00+05:30,1162.6,1164.5,1162.6,1163.7,98219,0
2025-12-02 15:15:00+05:30,1163.8,1164.2,1160.2,1161.9,85680,0
2025-12-02 15:20:00+05:30,1161.9,1162.9,1160.1,1160.3,83051,0
2025-12-02 15:25:00+05:30,1160.2,1163.2,1159.3,1159.9,98807,0
2025-12-03 09:15:00+05:30,1162.0,1162.0,1154.5,1158.8,39835,0
2025-12-03 09:20:00+05:30,1158.8,1159.1,1155.3,1157.4,16773,0
2025-12-03 09:25:00+05:30,1157.5,1159.2,1155.5,1156.0,14806,0
2025-12-03 09:30:00+05:30,1155.5,1157.3,1154.1,1154.4,23081,0
2025-12-03 09:35:00+05:30,1154.4,1154.9,1152.1,1152.5,11498,0
2025-12-03 09:40:00+05:30,1152.2,1155.0,1150.2,1153.7,47351,0
2025-12-03 09:45:00+05:30,1153.0,1155.0,1152.3,1154.2,29891,0
2025-12-03 09:50:00+05:30,1153.7,1153.8,1152.1,1152.8,9823,0
2025-12-03 09:55:00+05:30,1152.8,1154.4,1151.3,1154.2,19383,0
2025-12-03 10:00:00+05:30,1154.2,1154.2,1151.5,1152.3,17188,0
2025-12-03 10:05:00+05:30,1152.1,1152.2,1150.5,1151.1,3838,0
2025-12-03 10:10:00+05:30,1150.8,1151.4,1149.0,1149.6,10823,0
2025-12-03 10:15:00+05:30,1149.6,1149.7,1146.5,1147.0,25368,0
2025-12-03 10:20:00+05:30,1147.5,1149.5,1146.6,1148.9,23408,0
2025-12-03 10:25:00+05:30,1148.4,1149.0,1147.3,1148.2,2420,0
2025-12-03 10:30:00+05:30,1147.8,1149.6,1147.8,1149.5,5913,0
2025-12-03 10:35:00+05:30,1149.5,1151.9,1148.9,1150.7,41481,0
2025-12-03 10:40:00+05:30,1150.4,1152.9,1150.1,1151.2,34134,0
2025-12-03 10:45:00+05:30,1151.3,1154.5,1151.0,1153.0,22070,0
2025-12-03 10:50:00+05:30,1153.0,1154.2,1152.5,1153.4,20644,0
2025-12-03 10:55:00+05:30,1153.4,1153.9,1150.0,1151.6,7836,0
2025-12-03 11:00:00+05:30,1151.6,1153.4,1150.5,1152.5,5053,0
2025-12-03 11:05:00+05:30,1152.2,1152.6,1151.1,1151.9,6166,0
2025-12-03 11:10:00+05:30,1152.1,1152.3,1151.4,1151.7,3039,0
2025-12-03 11:15:00+05:30,1151.7,1152.9,1149.1,1149.5,5898,0
2025-12-03 11:20:00+05:30,1149.5,1150.1,1147.4,1149.4,6561,0
2025-12-03 11:25:00+05:30,1149.4,1150.5,1148.8,1150.4,1604,0
2025-12-03 11:30:00+05:30,1149.8,1151.7,1149.8,1150.6,2776,0
2025-12-03 11:35:00+05:30,1150.4,1151.2,1149.7,1151.0,4230,0
2025-12-03 11:40:00+05:30,1150.8,1152.8,1150.3,1152.4,12813,0
2025-12-03 11:45:00+05:30,1152.2,1152.6,1149.9,1151.9,90334,0
2025-12-03 11:50:00+05:30,1151.8,1151.8,1150.0,1150.3,12700,0
2025-12-03 11:55:00+05:30,1150.3,1154.2,1150.3,1153.8,68198,0
2025-12-03 12:00:00+05:30,1153.6,1154.9,1151.9,1152.2,44007,0
2025-12-03 12:05:00+05:30,1152.1,1153.1,1151.8,1152.9,12904,0
2025-12-03 12:10:00+05:30,1152.9,1155.0,1152.3,1153.9,57112,0
2025-12-03 12:15:00+05:30,1153.8,1156.6,1153.6,1155.5,46860,0
2025-12-03 12:20:00+05:30,1155.4,1155.7,1153.0,1153.7,37975,0
2025-12-03 12:25:00+05:30,1153.6,1154.2,1152.9,1153.6,16780,0
2025-12-03 12:30:00+05:30,1153.4,1155.4,1153.0,1153.9,65148,0
2025-12-03 12:35:00+05:30,1153.8,1157.0,1152.7,1156.3,96360,0
2025-12-03 12:40:00+05:30,1156.3,1156.5,1153.6,1154.2,27914,0
2025-12-03 12:45:00+05:30,1154.2,1154.8,1153.0,1153.1,20810,0
2025-12-03 12:50:00+05:30,1153.1,1154.8,1152.0,1154.4,24039,0
2025-12-03 12:55:00+05:30,1154.2,1159.1,1154.0,1158.1,66851,0
2025-12-03 13:00:00+05:30,1158.1,1159.5,1156.3,1158.1,68903,0
2025-12-03 13:05:00+05:30,1158.2,1162.7,1157.7,1161.4,155242,0
2025-12-03 13:10:00+05:30,1161.4,1164.7,1160.8,1162.4,227716,0
2025-12-03 13:15:00+05:30,1162.6,1164.0,1161.6,1162.8,213470,0
2025-12-03 13:20:00+05:30,1162.7,1164.3,1161.5,1162.6,132345,0
2025-12-03 13:25:00+05:30,1162.4,1166.4,1161.6,1165.5,83298,0
2025-12-03 13:30:00+05:30,1165.6,1171.2,1164.7,1167.9,359208,0
2025-12-03 13:35:00+05:30,1167.6,1167.8,1163.7,1164.8,62796,0
2025-12-03 13:40:00+05:30,1164.6,1165.3,1161.3,1161.4,38784,0
2025-12-03 13:45:00+05:30,1161.4,1163.3,1158.3,1158.7,33145,0
2025-12-03 13:50:00+05:30,1158.6,1161.4,1157.6,1161.2,21884,0
2025-12-03 13:55:00+05:30,1161.3,1162.0,1160.0,1160.1,16411,0
2025-12-03 14:00:00+05:30,1160.0,1160.0,1157.6,1159.4,24434,0
2025-12-03 14:05:00+05:30,1159.4,1162.4,1159.0,1161.7,44206,0
2025-12-03 14:10:00+05:30,1161.2,1167.0,1159.9,1161.4,65905,0
2025-12-03 14:15:00+05:30,1161.1,1161.6,1126.5,1128.5,252748,0
2025-12-03 14:20:00+05:30,1129.5,1140.5,1104.9,1140.1,779886,0
2025-12-03 14:25:00+05:30,1140.5,1142.9,1121.2,1125.4,250480,0
2025-12-03 14:30:00+05:30,1125.6,1133.0,1120.0,1131.0,155009,0
2025-12-03 14:35:00+05:30,1130.6,1132.2,1125.1,1126.8,56926,0
2025-12-03 14:40:00+05:30,1126.8,1130.5,1124.5,1125.2,81032,0
2025-12-03 14:45:00+05:30,1125.1,1136.5,1117.4,1135.2,194854,0
2025-12-03 14:50:00+05:30,1134.9,1139.9,1132.2,1138.4,202094,0
2025-12-03 14:55:00+05:30,1138.4,1154.4,1137.0,1152.0,441208,0
2025-12-03 15:00:00+05:30,1151.5,1154.4,1141.1,1142.4,248405,0
2025-12-03 15:05:00+05:30,1142.3,1142.4,1139.5,1141.4,99241,0
2025-12-03 15:10:00+05:30,1141.4,1144.6,1140.9,1141.7,133014,0
2025-12-03 15:15:00+05:30,1141.2,1142.8,1138.6,1142.0,148622,0
2025-12-03 15:20:00+05:30,1142.1,1143.9,1141.0,1142.1,121740,0
2025-12-03 15:25:00+05:30,1141.7,1145.3,1139.0,1144.0,150044,0
2025-12-04 09:15:00+05:30,1159.0,1165.0,1145.0,1153.5,655428,0
2025-12-04 09:20:00+05:30,1153.9,1154.9,1147.5,1149.7,122068,0
2025-12-04 09:25:00+05:30,1149.5,1152.5,1148.0,1151.5,43582,0
2025-12-04 09:30:00+05:30,1151.0,1155.0,1150.1,1151.5,39821,0
2025-12-04 09:35:00+05:30,1151.3,1154.5,1151.2,1151.8,72752,0
2025-12-04 09:40:00+05:30,1151.8,1152.1,1145.4,1149.8,56482,0
2025-12-04 09:45:00+05:30,1149.8,1151.1,1148.2,1149.3,22047,0
2025-12-04 09:50:00+05:30,1149.8,1150.0,1147.2,1147.8,12198,0
2025-12-04 09:55:00+05:30,1148.0,1148.4,1145.5,1145.8,27771,0
2025-12-04 10:00:00+05:30,1145.6,1147.0,1145.2,1146.4,17169,0
2025-12-04 10:05:00+05:30,1146.1,1147.5,1145.1,1146.5,14622,0
2025-12-04 10:10:00+05:30,1146.5,1150.9,1145.9,1149.4,12041,0
2025-12-04 10:15:00+05:30,1149.6,1150.5,1148.6,1150.2,27879,0
2025-12-04 10:20:00+05:30,1150.3,1152.0,1149.0,1149.7,17850,0
2025-12-04 10:25:00+05:30,1149.4,1154.0,1148.0,1153.2,21169,0
2025-12-04 10:30:00+05:30,1153.0,1153.4,1151.1,1151.6,9472,0
2025-12-04 10:35:00+05:30,1151.9,1154.2,1151.9,1153.8,35056,0
2025-12-04 10:40:00+05:30,1153.7,1154.0,1152.5,1152.9,13140,0
2025-12-04 10:45:00+05:30,1152.9,1155.0,1152.5,1153.2,49141,0
2025-12-04 10:50:00+05:30,1153.2,1153.3,1150.1,1150.9,28297,0
2025-12-04 10:55:00+05:30,1150.5,1151.8,1150.5,1150.8,7445,0
2025-12-04 11:00:00+05:30,1150.9,1153.0,1149.8,1152.6,18739,0
2025-12-04 11:05:00+05:30,1152.6,1154.3,1151.7,1151.8,37984,0
2025-12-04 11:10:00+05:30,1151.8,1152.9,1151.7,1152.1,11025,0
2025-12-04 11:15:00+05:30,1152.1,1154.0,1151.9,1153.5,15646,0
2025-12-04 11:20:00+05:30,1153.5,1154.5,1151.7,1151.7,19212,0
2025-12-04 11:25:00+05:30,1152.1,1153.0,1151.7,1152.1,23781,0
2025-12-04 11:30:00+05:30,1152.2,1153.2,1146.5,1147.2,50806,0
2025-12-04 11:35:00+05:30,1147.6,1148.1,1143.1,1143.5,36656,0
2025-12-04 11:40:00+05:30,1143.6,1149.6,1143.5,1148.5,22005,0
2025-12-04 11:45:00+05:30,1148.5,1149.8,1148.2,1149.4,8720,0
2025-12-04 11:50:00+05:30,1149.4,1150.5,1148.8,1149.0,10053,0
2025-12-04 11:55:00+05:30,1149.0,1149.5,1147.7,1148.5,3529,0
2025-12-04 12:00:00+05:30,1148.5,1149.0,1148.1,1148.5,2757,0
2025-12-04 12:05:00+05:30,1149.0,1149.8,1148.5,1149.4,6954,0
2025-12-04 12:10:00+05:30,1149.4,1149.4,1147.5,1148.4,6103,0
2025-12-04 12:15:00+05:30,1148.3,1148.9,1147.0,1148.3,6216,0
2025-12-04 12:20:00+05:30,1148.3,1148.4,1146.1,1147.9,6600,0
2025-12-04 12:25:00+05:30,1147.9,1148.9,1147.5,1147.9,5335,0
2025-12-04 12:30:00+05:30,1147.9,1149.4,1147.5,1149.2,3203,0
2025-12-04 12:35:00+05:30,1148.8,1149.1,1147.3,1147.3,2811,0
2025-12-04 12:40:00+05:30,1147.8,1148.3,1146.0,1146.4,8467,0
2025-12-04 12:45:00+05:30,1146.4,1146.6,1145.0,1145.3,8341,0
2025-12-04 12:50:00+05:30,1145.3,1146.7,1145.0,1146.4,16086,0
2025-12-04 12:55:00+05:30,1146.4,1148.8,1146.4,1147.9,9688,0
2025-12-04 13:00:00+05:30,1147.9,1150.3,1147.6,1149.8,15345,0
2025-12-04 13:05:00+05:30,1149.8,1149.8,1149.0,1149.4,3005,0
2025-12-04 13:10:00+05:30,1149.4,1149.8,1148.5,1149.8,8568,0
2025-12-04 13:15:00+05:30,1149.8,1149.8,1149.1,1149.2,3146,0
2025-12-04 13:20:00+05:30,1149.4,1149.8,1149.0,1149.8,6815,0
2025-12-04 13:25:00+05:30,1149.8,1149.9,1148.1,1148.3,5878,0
2025-12-04 13:30:00+05:30,1148.3,1149.3,1147.5,1147.9,5850,0
2025-12-04 13:35:00+05:30,1147.9,1148.0,1145.5,1146.0,8176,0
2025-12-04 13:40:00+05:30,1146.1,1146.1,1143.2,1144.1,18486,0
2025-12-04 13:45:00+05:30,1144.1,1146.5,1143.3,1146.1,7563,0
2025-12-04 13:50:00+05:30,1146.6,1148.0,1145.2,1145.7,6609,0
2025-12-04 13:55:00+05:30,1145.7,1146.4,1144.6,1146.2,9163,0
2025-12-04 14:00:00+05:30,1146.2,1147.4,1145.7,1146.5,8208,0
2025-12-04 14:05:00+05:30,1146.5,1148.3,1146.0,1146.8,25187,0
2025-12-04 14:10:00+05:30,1146.8,1149.5,1146.2,1149.2,25580,0
2025-12-04 14:15:00+05:30,1149.2,1149.2,1147.0,1147.5,5823,0
2025-12-04 14:20:00+05:30,1147.5,1148.9,1146.4,1148.6,6544,0
2025-12-04 14:25:00+05:30,1148.5,1149.7,1147.7,1149.4,7203,0
2025-12-04 14:30:00+05:30,1149.4,1149.8,1148.3,1148.5,10702,0
2025-12-04 14:35:00+05:30,1148.5,1149.0,1147.4,1148.9,7303,0
2025-12-04 14:40:00+05:30,1148.9,1149.6,1147.8,1148.5,15138,0
2025-12-04 14:45:00+05:30,1148.3,1149.7,1147.9,1149.7,24536,0
2025-12-04 14:50:00+05:30,1149.7,1152.0,1149.6,1150.5,43787,0
2025-12-04 14:55:00+05:30,1150.5,1151.5,1149.9,1150.8,27687,0
2025-12-04 15:00:00+05:30,1150.5,1151.2,1150.1,1150.7,30674,0
2025-12-04 15:05:00+05:30,1150.5,1152.5,1150.5,1151.7,64347,0
2025-12-04 15:10:00+05:30,1151.6,1152.6,1150.2,1150.8,63454,0
2025-12-04 15:15:00+05:30,1151.0,1151.2,1149.7,1150.5,82428,0
2025-12-04 15:20:00+05:30,1150.5,1150.7,1148.5,1149.5,65134,0
2025-12-04 15:25:00+05:30,1149.4,1150.0,1147.8,1149.8,26789,0
2025-12-05 09:15:00+05:30,1150.0,1150.0,1145.2,1150.0,26040,0
2025-12-05 09:20:00+05:30,1149.4,1150.0,1146.8,1148.5,12535,0
2025-12-05 09:25:00+05:30,1148.7,1150.6,1146.8,1147.9,7152,0
2025-12-05 09:30:00+05:30,1148.1,1148.4,1146.6,1147.4,5048,0
2025-12-05 09:35:00+05:30,1147.4,1147.5,1145.5,1146.8,10849,0
2025-12-05 09:40:00+05:30,1146.8,1148.9,1146.7,1148.8,12484,0
2025-12-05 09:45:00+05:30,1148.7,1148.8,1147.2,1147.5,4765,0
2025-12-05 09:50:00+05:30,1147.2,1147.5,1145.1,1145.7,7321,0
2025-12-05 09:55:00+05:30,1145.5,1145.7,1143.4,1143.5,11838,0
2025-12-05 10:00:00+05:30,1144.0,1148.9,1143.6,1148.2,22449,0
2025-12-05 10:05:00+05:30,1148.2,1149.2,1145.1,1145.9,21965,0
2025-12-05 10:10:00+05:30,1145.8,1146.8,1144.2,1146.4,8861,0
2025-12-05 10:15:00+05:30,1145.9,1148.0,1145.9,1147.4,6031,0
2025-12-05 10:20:00+05:30,1147.4,1147.9,1146.1,1146.3,6498,0
2025-12-05 10:25:00+05:30,1146.5,1146.6,1144.4,1144.8,4258,0
2025-12-05 10:30:00+05:30,1144.3,1145.8,1143.9,1144.3,5770,0
2025-12-05 10:35:00+05:30,1144.3,1145.0,1144.0,1144.5,5271,0
2025-12-05 10:40:00+05:30,1144.5,1147.6,1144.3,1146.3,14529,0
2025-12-05 10:45:00+05:30,1146.5,1146.5,1144.0,1145.1,16396,0
2025-12-05 10:50:00+05:30,1145.3,1147.9,1144.8,1146.3,23840,0
2025-12-05 10:55:00+05:30,1146.3,1148.0,1145.5,1146.4,44146,0
2025-12-05 11:00:00+05:30,1145.9,1149.1,1145.6,1147.5,81919,0
2025-12-05 11:05:00+05:30,1147.4,1148.1,1146.0,1147.9,188330,0
2025-12-05 11:10:00+05:30,1147.9,1150.4,1147.6,1149.8,99247,0
2025-12-05 11:15:00+05:30,1149.8,1150.4,1148.3,1148.6,28448,0
2025-12-05 11:20:00+05:30,1148.8,1150.4,1147.9,1148.4,30705,0
2025-12-05 11:25:00+05:30,1148.2,1150.2,1147.9,1149.6,24683,0
2025-12-05 11:30:00+05:30,1149.8,1149.8,1149.0,1149.3,5056,0
2025-12-05 11:35:00+05:30,1149.3,1149.8,1149.0,1149.0,6871,0
2025-12-05 11:40:00+05:30,1149.3,1157.4,1149.0,1156.3,99682,0
2025-12-05 11:45:00+05:30,1156.4,1157.1,1152.9,1157.1,245176,0
2025-12-05 11:50:00+05:30,1157.2,1157.9,1155.1,1156.2,100579,0
2025-12-05 11:55:00+05:30,1156.1,1157.1,1155.2,1155.2,19000,0
2025-12-05 12:00:00+05:30,1155.4,1155.7,1154.3,1154.5,5582,0
2025-12-05 12:05:00+05:30,1154.6,1155.9,1154.5,1155.1,10198,0
2025-12-05 12:10:00+05:30,1154.8,1156.9,1154.5,1155.5,16754,0
2025-12-05 12:15:00+05:30,1155.2,1155.9,1155.2,1155.4,5157,0
2025-12-05 12:20:00+05:30,1155.4,1156.4,1154.5,1156.4,4867,0
2025-12-05 12:25:00+05:30,1156.4,1156.7,1156.0,1156.5,9277,0
2025-12-05 12:30:00+05:30,1156.5,1157.5,1154.9,1156.6,38901,0
2025-12-05 12:35:00+05:30,1156.5,1161.8,1156.2,1160.6,40343,0
2025-12-05 12:40:00+05:30,1160.5,1160.6,1158.6,1159.6,8816,0
2025-12-05 12:45:00+05:30,1159.6,1159.9,1157.6,1158.5,11168,0
2025-12-05 12:50:00+05:30,1158.5,1158.5,1156.0,1156.3,15868,0
2025-12-05 12:55:00+05:30,1156.3,1157.0,1155.9,1156.5,5764,0
2025-12-05 13:00:00+05:30,1156.5,1158.0,1156.5,1156.8,6827,0
2025-12-05 13:05:00+05:30,1156.9,1158.5,1156.2,1157.5,14266,0
2025-12-05 13:10:00+05:30,1157.3,1159.4,1157.2,1158.3,16839,0
2025-12-05 13:15:00+05:30,1158.4,1159.3,1158.3,1158.9,44515,0
2025-12-05 13:20:00+05:30,1158.8,1160.9,1157.6,1159.4,26482,0
2025-12-05 13:25:00+05:30,1159.0,1160.0,1158.6,1160.0,5413,0
2025-12-05 13:30:00+05:30,1159.9,1159.9,1157.5,1157.5,7354,0
2025-12-05 13:35:00+05:30,1158.0,1159.2,1157.7,1158.6,6822,0
2025-12-05 13:40:00+05:30,1159.0,1159.9,1158.6,1159.0,15499,0
2025-12-05 13:45:00+05:30,1158.8,1159.0,1156.5,1158.3,32872,0
2025-12-05 13:50:00+05:30,1158.5,1159.3,1157.4,1158.3,9733,0
2025-12-05 13:55:00+05:30,1158.3,1158.8,1157.8,1158.4,6961,0
2025-12-05 14:00:00+05:30,1158.4,1159.1,1158.1,1158.3,17530,0
2025-12-05 14:05:00+05:30,1158.5,1158.5,1157.0,1157.9,12734,0
2025-12-05 14:10:00+05:30,1157.9,1158.9,1157.7,1158.4,3903,0
2025-12-05 14:15:00+05:30,1158.4,1158.7,1157.1,1158.0,6680,0
2025-12-05 14:20:00+05:30,1157.8,1158.7,1157.6,1158.1,3989,0
2025-12-05 14:25:00+05:30,1157.7,1158.6,1157.5,1158.2,5251,0
2025-12-05 14:30:00+05:30,1158.4,1158.7,1157.5,1158.1,6333,0
2025-12-05 14:35:00+05:30,1158.1,1158.8,1156.8,1158.5,32163,0
2025-12-05 14:40:00+05:30,1158.5,1159.0,1157.5,1157.8,67826,0
2025-12-05 14:45:00+05:30,1157.9,1160.2,1157.5,1159.0,98287,0
2025-12-05 14:50:00+05:30,1159.0,1159.4,1158.2,1158.5,12314,0
2025-12-05 14:55:00+05:30,1158.4,1159.1,1158.1,1158.7,8576,0
2025-12-05 15:00:00+05:30,1158.7,1161.5,1158.5,1160.6,49643,0
2025-12-05 15:05:00+05:30,1160.7,1165.1,1160.2,1161.2,130671,0
2025-12-05 15:10:00+05:30,1161.6,1161.9,1159.9,1160.7,53032,0
2025-12-05 15:15:00+05:30,1160.7,1161.2,1159.7,1160.1,68633,0
2025-12-05 15:20:00+05:30,1160.1,1162.0,1159.4,1161.8,77450,0
2025-12-05 15:25:00+05:30,1161.5,1170.0,1160.9,1165.5,97359,0
2025-12-08 09:15:00+05:30,1164.9,1168.0,1160.9,1161.2,41067,0
2025-12-08 09:20:00+05:30,1161.1,1165.0,1159.2,1163.3,24333,0
2025-12-08 09:25:00+05:30,1163.1,1163.1,1160.0,1160.4,9846,0
2025-12-08 09:30:00+05:30,1160.4,1161.0,1157.2,1157.5,8112,0
2025-12-08 09:35:00+05:30,1157.5,1158.1,1155.4,1155.6,10434,0
2025-12-08 09:40:00+05:30,1155.2,1156.9,1155.1,1156.2,5791,0
2025-12-08 09:45:00+05:30,1155.7,1155.8,1152.6,1154.0,10488,0
2025-12-08 09:50:00+05:30,1153.3,1153.3,1150.6,1151.7,7894,0
2025-12-08 09:55:00+05:30,1151.7,1151.7,1150.0,1150.3,7254,0
2025-12-08 10:00:00+05:30,1150.0,1150.3,1147.7,1148.1,12370,0
2025-12-08 10:05:00+05:30,1148.0,1148.9,1146.4,1147.3,6769,0
2025-12-08 10:10:00+05:30,1147.0,1147.5,1143.0,1144.0,13137,0
2025-12-08 10:15:00+05:30,1144.3,1145.0,1143.1,1144.5,8529,0
2025-12-08 10:20:00+05:30,1144.0,1147.5,1144.0,1147.1,10819,0
2025-12-08 10:25:00+05:30,1147.0,1148.5,1146.5,1147.5,8903,0
2025-12-08 10:30:00+05:30,1147.4,1147.4,1142.5,1143.8,16765,0
2025-12-08 10:35:00+05:30,1143.5,1149.0,1143.3,1148.5,47299,0
2025-12-08 10:40:00+05:30,1148.7,1150.9,1148.6,1149.8,15463,0
2025-12-08 10:45:00+05:30,1150.4,1150.8,1148.6,1149.2,17450,0
2025-12-08 10:50:00+05:30,1149.2,1150.4,1148.5,1149.9,10963,0
2025-12-08 10:55:00+05:30,1149.9,1150.6,1146.2,1147.0,13371,0
2025-12-08 11:00:00+05:30,1146.7,1147.6,1145.2,1146.0,11909,0
2025-12-08 11:05:00+05:30,1146.0,1146.5,1145.0,1145.8,9043,0
2025-12-08 11:10:00+05:30,1145.5,1146.9,1145.3,1146.0,31083,0
2025-12-08 11:15:00+05:30,1146.0,1146.9,1145.6,1146.0,14099,0
2025-12-08 11:20:00+05:30,1146.0,1147.2,1145.4,1147.2,3833,0
2025-12-08 11:25:00+05:30,1147.3,1147.3,1145.3,1145.9,1116,0
2025-12-08 11:30:00+05:30,1145.8,1145.9,1144.6,1144.6,6140,0
2025-12-08 11:35:00+05:30,1145.1,1145.9,1143.0,1145.1,9822,0
2025-12-08 11:40:00+05:30,1145.0,1145.0,1141.1,1142.4,15490,0
2025-12-08 11:45:00+05:30,1142.2,1142.6,1140.1,1141.4,42769,0
2025-12-08 11:50:00+05:30,1141.2,1141.2,1138.1,1138.2,14485,0
2025-12-08 11:55:00+05:30,1138.5,1139.6,1137.0,1137.5,45103,0
2025-12-08 12:00:00+05:30,1137.1,1138.8,1136.1,1138.8,16034,0
2025-12-08 12:05:00+05:30,1138.5,1140.0,1138.0,1139.3,9431,0
2025-12-08 12:10:00+05:30,1139.3,1139.5,1138.0,1138.4,4117,0
2025-12-08 12:15:00+05:30,1138.3,1139.3,1138.0,1139.2,6562,0
2025-12-08 12:20:00+05:30,1139.0,1139.2,1138.2,1138.5,5208,0
2025-12-08 12:25:00+05:30,1138.4,1138.9,1134.6,1136.8,33689,0
2025-12-08 12:30:00+05:30,1136.7,1137.2,1135.4,1136.6,6333,0
2025-12-08 12:35:00+05:30,1136.4,1137.9,1134.0,1135.0,15478,0
2025-12-08 12:40:00+05:30,1135.0,1136.0,1134.9,1135.5,7431,0
2025-12-08 12:45:00+05:30,1135.4,1135.5,1132.9,1134.3,13497,0
2025-12-08 12:50:00+05:30,1134.6,1135.0,1133.1,1134.4,8023,0
2025-12-08 12:55:00+05:30,1134.1,1134.6,1132.3,1132.7,24769,0
2025-12-08 13:00:00+05:30,1132.5,1133.4,1131.1,1131.4,35845,0
2025-12-08 13:05:00+05:30,1131.2,1133.1,1131.0,1132.9,18294,0
2025-12-08 13:10:00+05:30,1132.9,1134.0,1132.0,1132.8,20445,0
2025-12-08 13:15:00+05:30,1132.8,1132.8,1128.9,1129.7,26186,0
2025-12-08 13:20:00+05:30,1129.7,1129.9,1126.4,1127.3,31132,0
2025-12-08 13:25:00+05:30,1127.3,1128.2,1126.1,1128.2,39256,0
2025-12-08 13:30:00+05:30,1128.2,1128.3,1125.1,1127.0,25252,0
2025-12-08 13:35:00+05:30,1127.0,1127.9,1126.0,1127.1,8417,0
2025-12-08 13:40:00+05:30,1127.1,1127.1,1123.6,1125.1,31261,0
2025-12-08 13:45:00+05:30,1125.1,1127.9,1124.4,1127.9,5098,0
2025-12-08 13:50:00+05:30,1127.8,1127.9,1125.5,1125.8,5517,0
2025-12-08 13:55:00+05:30,1125.8,1126.3,1124.5,1125.3,6913,0
2025-12-08 14:00:00+05:30,1125.0,1125.0,1121.0,1124.5,14320,0
2025-12-08 14:05:00+05:30,1124.5,1124.5,1122.3,1123.4,17618,0
2025-12-08 14:10:00+05:30,1123.4,1124.0,1121.0,1121.6,20626,0
2025-12-08 14:15:00+05:30,1121.3,1123.2,1120.3,1122.6,32321,0
2025-12-08 14:20:00+05:30,1122.3,1123.3,1120.5,1122.9,15943,0
2025-12-08 14:25:00+05:30,1122.9,1123.0,1120.9,1121.3,28535,0
2025-12-08 14:30:00+05:30,1121.7,1122.2,1118.6,1119.3,19776,0
2025-12-08 14:35:00+05:30,1118.7,1119.1,1115.0,1116.9,50795,0
2025-12-08 14:40:00+05:30,1116.9,1119.0,1116.8,1118.4,28358,0
2025-12-08 14:45:00+05:30,1117.9,1119.0,1117.4,1119.0,50105,0
2025-12-08 14:50:00+05:30,1119.0,1121.9,1118.2,1119.8,96893,0
2025-12-08 14:55:00+05:30,1119.8,1121.8,1119.4,1121.1,14943,0
2025-12-08 15:00:00+05:30,1121.1,1123.1,1120.0,1121.9,42033,0
2025-12-08 15:05:00+05:30,1122.1,1122.1,1119.6,1120.4,42510,0
2025-12-08 15:10:00+05:30,1120.7,1121.1,1119.6,1120.6,41320,0
2025-12-08 15:15:00+05:30,1120.6,1120.8,1119.5,1120.2,51977,0
2025-12-08 15:20:00+05:30,1120.3,1120.4,1114.9,1116.0,126588,0
2025-12-08 15:25:00+05:30,1116.0,1125.0,1114.8,1119.1,115501,0
2025-12-09 09:15:00+05:30,1118.0,1119.0,1110.1,1111.7,54674,0
2025-12-09 09:20:00+05:30,1112.3,1118.1,1112.3,1116.9,25216,0
2025-12-09 09:25:00+05:30,1116.9,1120.4,1112.4,1115.5,27504,0
2025-12-09 09:30:00+05:30,1115.4,1116.2,1112.7,1113.4,17719,0
2025-12-09 09:35:00+05:30,1113.7,1117.9,1113.0,1114.5,13700,0
2025-12-09 09:40:00+05:30,1114.5,1117.1,1114.1,1114.9,8185,0
2025-12-09 09:45:00+05:30,1114.7,1115.0,1111.7,1113.4,9693,0
2025-12-09 09:50:00+05:30,1113.6,1113.7,1108.2,1109.0,91880,0
2025-12-09 09:55:00+05:30,1109.0,1109.0,1105.6,1107.9,47765,0
2025-12-09 10:00:00+05:30,1108.0,1109.9,1107.1,1107.2,17895,0
2025-12-09 10:05:00+05:30,1107.2,1112.4,1107.2,1110.9,30384,0
2025-12-09 10:10:00+05:30,1110.9,1113.1,1109.1,1110.9,42685,0
2025-12-09 10:15:00+05:30,1110.7,1113.6,1110.5,1112.3,25039,0
2025-12-09 10:20:00+05:30,1112.3,1115.6,1111.0,1114.5,12401,0
2025-12-09 10:25:00+05:30,1114.4,1116.9,1113.1,1114.9,9206,0
2025-12-09 10:30:00+05:30,1115.4,1115.5,1110.5,1110.5,13946,0
2025-12-09 10:35:00+05:30,1110.1,1110.1,1107.6,1109.8,17018,0
2025-12-09 10:40:00+05:30,1109.6,1110.5,1108.6,1109.0,6239,0
2025-12-09 10:45:00+05:30,1109.1,1109.5,1107.7,1108.0,7538,0
2025-12-09 10:50:00+05:30,1108.1,1108.8,1105.1,1108.8,9582,0
2025-12-09 10:55:00+05:30,1108.5,1108.8,1099.3,1103.8,50217,0
2025-12-09 11:00:00+05:30,1104.0,1105.9,1102.8,1105.6,50912,0
2025-12-09 11:05:00+05:30,1105.6,1107.8,1105.0,1106.9,17963,0
2025-12-09 11:10:00+05:30,1106.9,1110.5,1106.0,1109.7,12487,0
2025-12-09 11:15:00+05:30,1109.4,1110.0,1107.3,1109.6,8569,0
2025-12-09 11:20:00+05:30,1109.2,1111.2,1109.0,1109.4,17659,0
2025-12-09 11:25:00+05:30,1109.4,1118.8,1105.8,1117.5,243381,0
2025-12-09 11:30:00+05:30,1117.5,1118.7,1116.8,1117.7,34457,0
2025-12-09 11:35:00+05:30,1117.7,1120.6,1115.5,1117.5,68015,0
2025-12-09 11:40:00+05:30,1116.9,1117.5,1113.4,1113.4,12166,0
2025-12-09 11:45:00+05:30,1113.5,1114.4,1111.0,1112.0,29063,0
2025-12-09 11:50:00+05:30,1112.0,1116.2,1110.1,1116.0,65249,0
2025-12-09 11:55:00+05:30,1116.0,1117.1,1114.4,1114.6,25014,0
2025-12-09 12:00:00+05:30,1114.6,1116.1,1114.5,1116.0,5375,0
2025-12-09 12:05:00+05:30,1116.0,1118.7,1116.0,1118.1,7652,0
2025-12-09 12:10:00+05:30,1118.1,1118.7,1112.7,1112.7,44885,0
2025-12-09 12:15:00+05:30,1113.0,1115.2,1112.7,1114.5,5563,0
2025-12-09 12:20:00+05:30,1114.5,1115.9,1114.3,1115.6,7098,0
2025-12-09 12:25:00+05:30,1115.6,1116.0,1115.1,1115.5,14926,0
2025-12-09 12:30:00+05:30,1115.5,1115.5,1113.7,1113.7,10061,0
2025-12-09 12:35:00+05:30,1113.7,1114.0,1110.3,1110.7,15626,0
2025-12-09 12:40:00+05:30,1110.7,1111.8,1110.5,1111.4,6539,0
2025-12-09 12:45:00+05:30,1111.6,1111.6,1110.0,1111.0,8753,0
2025-12-09 12:50:00+05:30,1111.0,1111.0,1110.0,1110.6,6543,0
2025-12-09 12:55:00+05:30,1110.6,1110.7,1108.1,1109.1,9047,0
2025-12-09 13:00:00+05:30,1109.4,1110.6,1108.7,1110.4,4990,0
2025-12-09 13:05:00+05:30,1110.4,1112.6,1110.4,1111.8,8630,0
2025-12-09 13:10:00+05:30,1111.9,1112.3,1111.0,1111.9,2966,0
2025-12-09 13:15:00+05:30,1112.2,1113.9,1111.9,1112.9,9945,0
2025-12-09 13:20:00+05:30,1112.9,1113.2,1111.7,1113.0,8896,0
2025-12-09 13:25:00+05:30,1113.0,1113.8,1112.6,1113.4,4938,0
2025-12-09 13:30:00+05:30,1113.4,1115.1,1113.0,1114.0,5771,0
2025-12-09 13:35:00+05:30,1114.0,1114.4,1112.5,1114.1,10219,0
2025-12-09 13:40:00+05:30,1114.0,1114.4,1112.6,1112.6,8707,0
2025-12-09 13:45:00+05:30,1112.8,1113.3,1112.2,1113.2,5836,0
2025-12-09 13:50:00+05:30,1113.3,1113.8,1112.1,1113.4,17392,0
2025-12-09 13:55:00+05:30,1113.8,1114.4,1113.4,1114.1,4666,0
2025-12-09 14:00:00+05:30,1114.1,1115.0,1113.0,1113.4,10651,0
2025-12-09 14:05:00+05:30,1113.4,1115.4,1112.3,1115.2,8966,0
2025-12-09 14:10:00+05:30,1115.0,1115.0,1113.9,1114.3,6386,0
2025-12-09 14:15:00+05:30,1114.1,1114.4,1109.1,1109.6,49034,0
2025-12-09 14:20:00+05:30,1109.6,1111.1,1107.9,1108.6,21898,0
2025-12-09 14:25:00+05:30,1109.1,1110.3,1108.5,1108.7,11326,0
2025-12-09 14:30:00+05:30,1108.9,1109.4,1106.9,1108.0,12753,0
2025-12-09 14:35:00+05:30,1108.0,1108.0,1105.7,1107.2,18729,0
2025-12-09 14:40:00+05:30,1107.3,1109.3,1106.7,1108.8,35732,0
2025-12-09 14:45:00+05:30,1109.2,1109.9,1108.0,1108.6,14100,0
2025-12-09 14:50:00+05:30,1108.6,1108.6,1107.1,1107.6,15064,0
2025-12-09 14:55:00+05:30,1107.7,1108.9,1107.6,1108.9,7972,0
2025-12-09 15:00:00+05:30,1108.9,1110.9,1108.9,1110.9,63688,0
2025-12-09 15:05:00+05:30,1110.9,1111.4,1109.3,1109.6,73013,0
2025-12-09 15:10:00+05:30,1109.4,1109.6,1108.2,1109.4,43278,0
2025-12-09 15:15:00+05:30,1109.3,1109.4,1106.2,1106.7,72708,0
2025-12-09 15:20:00+05:30,1106.7,1106.7,1103.8,1104.1,76200,0
2025-12-09 15:25:00+05:30,1104.1,1105.4,1102.4,1105.4,46528,0
2025-12-10 09:15:00+05:30,1101.3,1105.1,1090.0,1102.5,105613,0
2025-12-10 09:20:00+05:30,1102.6,1110.6,1100.0,1108.0,28706,0
2025-12-10 09:25:00+05:30,1107.8,1112.2,1105.2,1111.9,20470,0
2025-12-10 09:30:00+05:30,1111.9,1113.1,1106.1,1108.2,38503,0
2025-12-10 09:35:00+05:30,1107.8,1108.9,1107.2,1107.6,13973,0
2025-12-10 09:40:00+05:30,1107.6,1108.4,1105.5,1106.7,10581,0
2025-12-10 09:45:00+05:30,1106.7,1108.8,1106.4,1108.2,8834,0
2025-12-10 09:50:00+05:30,1107.6,1108.9,1107.0,1108.9,5731,0
2025-12-10 09:55:00+05:30,1108.6,1110.6,1108.1,1109.0,11990,0
2025-12-10 10:00:00+05:30,1109.5,1109.8,1107.4,1109.5,4169,0
2025-12-10 10:05:00+05:30,1109.8,1110.7,1108.3,1108.7,13347,0
2025-12-10 10:10:00+05:30,1108.8,1109.0,1106.6,1107.4,4824,0
2025-12-10 10:15:00+05:30,1107.4,1109.4,1107.4,1108.9,5373,0
2025-12-10 10:20:00+05:30,1108.9,1109.1,1107.7,1108.7,2635,0
2025-12-10 10:25:00+05:30,1108.7,1109.5,1107.1,1107.3,12834,0
2025-12-10 10:30:00+05:30,1107.5,1108.8,1106.5,1108.5,5994,0
2025-12-10 10:35:00+05:30,1108.5,1108.5,1106.5,1107.0,5601,0
2025-12-10 10:40:00+05:30,1107.0,1107.4,1105.7,1106.7,8697,0
2025-12-10 10:45:00+05:30,1106.7,1106.7,1101.3,1101.9,21739,0
2025-12-10 10:50:00+05:30,1101.9,1101.9,1100.1,1100.5,17322,0
2025-12-10 10:55:00+05:30,1100.8,1100.9,1097.1,1097.5,26147,0
2025-12-10 11:00:00+05:30,1097.4,1100.5,1096.0,1100.5,16968,0
2025-12-10 11:05:00+05:30,1100.5,1104.2,1100.5,1103.2,13042,0
2025-12-10 11:10:00+05:30,1103.2,1105.4,1102.7,1104.8,10808,0
2025-12-10 11:15:00+05:30,1105.2,1105.2,1103.5,1103.7,2768,0
2025-12-10 11:20:00+05:30,1103.7,1104.3,1103.4,1103.7,3094,0
2025-12-10 11:25:00+05:30,1103.9,1104.5,1103.3,1103.6,1743,0
2025-12-10 11:30:00+05:30,1103.6,1103.6,1102.1,1102.7,1919,0
2025-12-10 11:35:00+05:30,1102.7,1107.6,1102.5,1106.3,105584,0
2025-12-10 11:40:00+05:30,1106.3,1107.1,1104.3,1104.6,26239,0
2025-12-10 11:45:00+05:30,1104.8,1105.2,1103.6,1104.4,3153,0
2025-12-10 11:50:00+05:30,1104.4,1104.4,1102.5,1103.8,5162,0
2025-12-10 11:55:00+05:30,1103.8,1105.4,1103.3,1104.0,2469,0
2025-12-10 12:00:00+05:30,1104.2,1106.5,1103.0,1106.3,7591,0
2025-12-10 12:05:00+05:30,1106.3,1107.6,1103.9,1104.0,58276,0
2025-12-10 12:10:00+05:30,1104.3,1105.6,1103.6,1105.0,3881,0
2025-12-10 12:15:00+05:30,1104.9,1104.9,1102.6,1102.8,7659,0
2025-12-10 12:20:00+05:30,1103.1,1103.4,1101.6,1101.6,1792,0
2025-12-10 12:25:00+05:30,1101.8,1102.6,1101.1,1102.6,3819,0
2025-12-10 12:30:00+05:30,1102.6,1102.6,1098.1,1099.1,11175,0
2025-12-10 12:35:00+05:30,1099.1,1099.2,1097.2,1097.9,5372,0
2025-12-10 12:40:00+05:30,1097.9,1098.5,1097.5,1098.1,4327,0
2025-12-10 12:45:00+05:30,1098.1,1099.1,1097.7,1099.1,4111,0
2025-12-10 12:50:00+05:30,1098.9,1100.4,1098.5,1099.1,10971,0
2025-12-10 12:55:00+05:30,1099.1,1099.7,1099.1,1099.5,1822,0
2025-12-10 13:00:00+05:30,1099.5,1101.8,1099.5,1101.7,8401,0
2025-12-10 13:05:00+05:30,1101.7,1104.7,1101.7,1103.4,8836,0
2025-12-10 13:10:00+05:30,1103.6,1105.5,1103.0,1103.7,6779,0
2025-12-10 13:15:00+05:30,1103.7,1105.0,1103.5,1104.8,3953,0
2025-12-10 13:20:00+05:30,1104.8,1105.5,1104.2,1105.0,5911,0
2025-12-10 13:25:00+05:30,1105.0,1105.7,1104.7,1104.9,8956,0
2025-12-10 13:30:00+05:30,1105.4,1106.4,1102.3,1103.4,12372,0
2025-12-10 13:35:00+05:30,1103.4,1104.4,1102.7,1103.1,3005,0
2025-12-10 13:40:00+05:30,1103.0,1104.3,1102.7,1102.7,5777,0
2025-12-10 13:45:00+05:30,1102.7,1103.0,1101.2,1102.0,5437,0
2025-12-10 13:50:00+05:30,1102.0,1103.6,1101.6,1103.6,3521,0
2025-12-10 13:55:00+05:30,1103.6,1104.0,1102.0,1103.0,4311,0
2025-12-10 14:00:00+05:30,1103.0,1103.2,1099.2,1099.4,25375,0
2025-12-10 14:05:00+05:30,1099.4,1100.1,1098.1,1098.7,17954,0
2025-12-10 14:10:00+05:30,1098.7,1099.0,1094.1,1094.1,20664,0
2025-12-10 14:15:00+05:30,1094.5,1097.0,1094.4,1095.5,11838,0
2025-12-10 14:20:00+05:30,1095.4,1097.6,1094.3,1097.6,12643,0
2025-12-10 14:25:00+05:30,1097.6,1099.8,1097.0,1098.1,33815,0
2025-12-10 14:30:00+05:30,1098.2,1101.5,1098.0,1101.2,37200,0
2025-12-10 14:35:00+05:30,1101.4,1102.0,1099.1,1100.8,14078,0
2025-12-10 14:40:00+05:30,1100.9,1101.0,1097.0,1097.0,12588,0
2025-12-10 14:45:00+05:30,1097.2,1098.4,1097.0,1098.4,9444,0
2025-12-10 14:50:00+05:30,1098.4,1099.2,1096.4,1097.0,15368,0
2025-12-10 14:55:00+05:30,1097.0,1098.1,1096.1,1098.1,9723,0
2025-12-10 15:00:00+05:30,1098.1,1100.6,1097.4,1099.2,23618,0
2025-12-10 15:05:00+05:30,1099.2,1099.2,1093.8,1094.6,67523,0
2025-12-10 15:10:00+05:30,1094.6,1097.9,1093.9,1097.9,28141,0
2025-12-10 15:15:00+05:30,1097.9,1099.1,1096.9,1097.6,34284,0
2025-12-10 15:20:00+05:30,1097.4,1098.3,1095.5,1096.4,45133,0
2025-12-10 15:25:00+05:30,1096.3,1097.2,1093.3,1093.3,39024,0
2025-12-11 09:15:00+05:30,1100.9,1104.9,1095.5,1097.0,36358,0
2025-12-11 09:20:00+05:30,1097.4,1098.5,1095.6,1096.6,21242,0
2025-12-11 09:25:00+05:30,1097.0,1102.0,1096.6,1101.2,9717,0
2025-12-11 09:30:00+05:30,1101.2,1101.8,1097.7,1100.8,14128,0
2025-12-11 09:35:00+05:30,1100.9,1101.0,1098.0,1098.3,5036,0
2025-12-11 09:40:00+05:30,1098.3,1098.3,1095.5,1096.8,9633,0
2025-12-11 09:45:00+05:30,1096.8,1100.0,1096.4,1099.5,6612,0
2025-12-11 09:50:00+05:30,1100.0,1100.0,1098.2,1100.0,8026,0
2025-12-11 09:55:00+05:30,1100.4,1101.0,1099.2,1100.7,4666,0
2025-12-11 10:00:00+05:30,1100.6,1103.3,1100.5,1102.4,5991,0
2025-12-11 10:05:00+05:30,1102.3,1103.9,1102.0,1103.0,5091,0
2025-12-11 10:10:00+05:30,1102.9,1104.4,1101.5,1104.4,4626,0
2025-12-11 10:15:00+05:30,1104.4,1108.9,1104.1,1107.7,18595,0
2025-12-11 10:20:00+05:30,1107.7,1107.8,1104.5,1105.5,24751,0
2025-12-11 10:25:00+05:30,1105.6,1107.9,1105.5,1107.3,4595,0
2025-12-11 10:30:00+05:30,1106.9,1108.0,1105.8,1107.8,20509,0
2025-12-11 10:35:00+05:30,1107.8,1108.0,1105.6,1106.0,6180,0
2025-12-11 10:40:00+05:30,1106.0,1107.7,1106.0,1107.2,2568,0
2025-12-11 10:45:00+05:30,1107.2,1107.9,1106.2,1106.7,2198,0
2025-12-11 10:50:00+05:30,1107.1,1107.2,1106.0,1106.6,6390,0
2025-12-11 10:55:00+05:30,1106.1,1107.8,1106.0,1106.4,10638,0
2025-12-11 11:00:00+05:30,1106.4,1107.5,1106.0,1106.7,2362,0
2025-12-11 11:05:00+05:30,1106.6,1108.6,1105.9,1108.1,6657,0
2025-12-11 11:10:00+05:30,1107.7,1109.7,1107.7,1108.5,16539,0
2025-12-11 11:15:00+05:30,1108.5,1108.6,1107.3,1108.0,3694,0
2025-12-11 11:20:00+05:30,1108.4,1109.3,1108.1,1108.4,7236,0
2025-12-11 11:25:00+05:30,1108.4,1110.7,1108.1,1110.7,49413,0
2025-12-11 11:30:00+05:30,1110.7,1111.0,1108.6,1108.8,9836,0
2025-12-11 11:35:00+05:30,1108.6,1111.0,1105.5,1110.3,55067,0
2025-12-11 11:40:00+05:30,1110.2,1111.3,1108.5,1109.2,14743,0
2025-12-11 11:45:00+05:30,1109.2,1109.4,1106.6,1107.1,5213,0
2025-12-11 11:50:00+05:30,1107.2,1107.2,1104.1,1105.7,22772,0
2025-12-11 11:55:00+05:30,1105.6,1106.1,1102.6,1103.4,8839,0
2025-12-11 12:00:00+05:30,1103.4,1105.0,1102.6,1104.9,7153,0
2025-12-11 12:05:00+05:30,1105.0,1105.2,1103.3,1103.8,7489,0
2025-12-11 12:10:00+05:30,1103.8,1103.9,1102.4,1103.5,4878,0
2025-12-11 12:15:00+05:30,1103.5,1104.7,1103.5,1103.9,2623,0
2025-12-11 12:20:00+05:30,1103.9,1104.0,1102.3,1102.3,4338,0
2025-12-11 12:25:00+05:30,1102.1,1103.1,1100.4,1102.0,6530,0
2025-12-11 12:30:00+05:30,1102.0,1102.2,1101.3,1102.0,2671,0
2025-12-11 12:35:00+05:30,1102.0,1102.0,1101.4,1101.5,3351,0
2025-12-11 12:40:00+05:30,1101.6,1102.4,1101.5,1102.4,1266,0
2025-12-11 12:45:00+05:30,1102.3,1102.9,1101.5,1102.1,1893,0
2025-12-11 12:50:00+05:30,1101.5,1102.2,1101.1,1101.6,1627,0
2025-12-11 12:55:00+05:30,1101.7,1101.9,1100.1,1100.4,5405,0
2025-12-11 13:00:00+05:30,1100.4,1101.1,1100.0,1100.5,1565,0
2025-12-11 13:05:00+05:30,1100.1,1101.0,1099.2,1099.2,4163,0
2025-12-11 13:10:00+05:30,1099.1,1099.8,1098.1,1099.2,5375,0
2025-12-11 13:15:00+05:30,1099.6,1100.5,1097.4,1098.3,13570,0
2025-12-11 13:20:00+05:30,1098.4,1098.7,1096.6,1097.6,21767,0
2025-12-11 13:25:00+05:30,1097.6,1098.2,1096.8,1097.7,4431,0
2025-12-11 13:30:00+05:30,1097.8,1101.9,1097.7,1101.5,8650,0
2025-12-11 13:35:00+05:30,1101.5,1101.7,1100.2,1101.1,3418,0
2025-12-11 13:40:00+05:30,1101.1,1102.5,1100.5,1102.2,5674,0
2025-12-11 13:45:00+05:30,1102.2,1104.3,1102.0,1103.1,6263,0
2025-12-11 13:50:00+05:30,1103.1,1103.5,1101.5,1102.8,2574,0
2025-12-11 13:55:00+05:30,1102.3,1102.8,1100.3,1100.7,4994,0
2025-12-11 14:00:00+05:30,1100.7,1102.5,1100.5,1101.5,1854,0
2025-12-11 14:05:00+05:30,1101.5,1104.3,1100.9,1102.9,4343,0
2025-12-11 14:10:00+05:30,1102.8,1104.8,1102.5,1102.5,1973,0
2025-12-11 14:15:00+05:30,1102.7,1103.0,1102.0,1102.7,990,0
2025-12-11 14:20:00+05:30,1102.7,1104.2,1102.5,1103.5,4524,0
2025-12-11 14:25:00+05:30,1103.1,1105.0,1102.8,1104.8,22131,0
2025-12-11 14:30:00+05:30,1104.7,1106.6,1103.9,1105.0,11961,0
2025-12-11 14:35:00+05:30,1105.0,1105.5,1103.6,1103.9,5546,0
2025-12-11 14:40:00+05:30,1103.9,1104.5,1101.5,1102.0,5131,0
2025-12-11 14:45:00+05:30,1102.0,1102.4,1101.0,1101.1,23425,0
2025-12-11 14:50:00+05:30,1101.1,1102.6,1100.9,1101.8,11560,0
2025-12-11 14:55:00+05:30,1101.7,1103.0,1101.7,1102.9,4972,0
2025-12-11 15:00:00+05:30,1102.8,1106.0,1102.8,1105.8,14260,0
2025-12-11 15:05:00+05:30,1105.8,1107.0,1105.1,1105.9,15582,0
2025-12-11 15:10:00+05:30,1105.7,1106.8,1105.3,1105.5,18263,0
2025-12-11 15:15:00+05:30,1105.5,1106.5,1105.3,1105.9,14756,0
2025-12-11 15:20:00+05:30,1105.9,1106.0,1105.0,1105.9,15771,0
2025-12-11 15:25:00+05:30,1105.8,1105.9,1101.2,1102.8,20429,0
2025-12-12 09:15:00+05:30,1110.0,1114.3,1108.8,1111.9,29869,0
2025-12-12 09:20:00+05:30,1111.8,1114.3,1110.3,1112.8,18698,0
2025-12-12 09:25:00+05:30,1112.8,1115.8,1112.1,1114.8,16446,0
2025-12-12 09:30:00+05:30,1114.9,1117.4,1114.6,1116.3,19147,0
2025-12-12 09:35:00+05:30,1116.8,1122.5,1115.7,1122.3,28753,0
2025-12-12 09:40:00+05:30,1122.3,1122.5,1118.4,1118.5,29509,0
2025-12-12 09:45:00+05:30,1118.5,1120.9,1117.1,1119.6,14322,0
2025-12-12 09:50:00+05:30,1119.8,1120.2,1117.0,1119.7,12971,0
2025-12-12 09:55:00+05:30,1119.5,1119.8,1118.1,1118.4,4763,0
2025-12-12 10:00:00+05:30,1118.8,1119.7,1118.0,1118.7,4054,0
2025-12-12 10:05:00+05:30,1118.4,1118.4,1115.7,1117.6,5211,0
2025-12-12 10:10:00+05:30,1117.5,1117.5,1115.9,1116.9,3685,0
2025-12-12 10:15:00+05:30,1116.7,1118.9,1116.7,1118.0,8564,0
2025-12-12 10:20:00+05:30,1118.0,1118.0,1115.0,1115.1,10542,0
2025-12-12 10:25:00+05:30,1115.5,1115.9,1113.9,1114.8,11108,0
2025-12-12 10:30:00+05:30,1114.7,1118.5,1114.5,1118.0,13531,0
2025-12-12 10:35:00+05:30,1118.0,1119.6,1117.2,1118.4,10430,0
2025-12-12 10:40:00+05:30,1118.0,1118.5,1116.2,1117.6,2444,0
2025-12-12 10:45:00+05:30,1117.6,1119.8,1117.3,1117.4,7264,0
2025-12-12 10:50:00+05:30,1117.4,1118.4,1116.6,1117.2,8350,0
2025-12-12 10:55:00+05:30,1117.2,1117.7,1115.5,1116.1,4127,0
2025-12-12 11:00:00+05:30,1116.3,1119.9,1115.5,1119.0,11863,0
2025-12-12 11:05:00+05:30,1119.4,1119.8,1117.6,1118.8,4867,0
2025-12-12 11:10:00+05:30,1118.7,1119.1,1117.4,1118.1,4003,0
2025-12-12 11:15:00+05:30,1118.1,1119.5,1118.0,1119.5,5245,0
2025-12-12 11:20:00+05:30,1119.3,1121.0,1118.7,1120.4,14380,0
2025-12-12 11:25:00+05:30,1120.7,1121.9,1120.7,1121.7,7814,0
2025-12-12 11:30:00+05:30,1121.7,1123.5,1121.6,1123.1,11450,0
2025-12-12 11:35:00+05:30,1123.0,1123.8,1121.6,1122.2,13477,0
2025-12-12 11:40:00+05:30,1122.7,1124.1,1121.9,1123.0,39282,0
2025-12-12 11:45:00+05:30,1122.9,1125.5,1122.9,1124.0,16646,0
2025-12-12 11:50:00+05:30,1123.9,1124.0,1122.8,1123.6,5727,0
2025-12-12 11:55:00+05:30,1123.6,1124.8,1123.1,1124.5,5330,0
2025-12-12 12:00:00+05:30,1124.5,1125.0,1123.8,1124.9,6668,0
2025-12-12 12:05:00+05:30,1124.9,1125.0,1122.3,1124.9,7792,0
2025-12-12 12:10:00+05:30,1124.9,1124.9,1123.5,1124.0,2920,0
2025-12-12 12:15:00+05:30,1123.9,1124.5,1123.6,1124.4,3296,0
2025-12-12 12:20:00+05:30,1124.0,1124.5,1123.1,1123.2,3230,0
2025-12-12 12:25:00+05:30,1123.1,1124.0,1123.1,1124.0,2657,0
2025-12-12 12:30:00+05:30,1124.0,1126.4,1123.9,1126.0,15131,0
2025-12-12 12:35:00+05:30,1126.4,1126.9,1124.5,1124.5,15190,0
2025-12-12 12:40:00+05:30,1124.5,1124.6,1123.0,1123.9,3762,0
2025-12-12 12:45:00+05:30,1123.9,1124.6,1123.5,1124.3,2451,0
2025-12-12 12:50:00+05:30,1124.3,1125.7,1124.3,1125.4,3027,0
2025-12-12 12:55:00+05:30,1125.4,1125.6,1124.8,1125.3,1607,0
2025-12-12 13:00:00+05:30,1125.6,1125.8,1125.3,1125.8,1675,0
2025-12-12 13:05:00+05:30,1125.6,1127.0,1125.2,1127.0,5390,0
2025-12-12 13:10:00+05:30,1126.7,1128.8,1126.5,1128.8,19247,0
2025-12-12 13:15:00+05:30,1128.7,1128.8,1127.2,1127.5,5100,0
2025-12-12 13:20:00+05:30,1127.5,1128.3,1126.2,1126.4,7742,0
2025-12-12 13:25:00+05:30,1126.4,1127.4,1125.2,1125.8,7315,0
2025-12-12 13:30:00+05:30,1125.6,1126.2,1124.3,1124.7,15724,0
2025-12-12 13:35:00+05:30,1124.6,1125.2,1124.2,1125.1,3033,0
2025-12-12 13:40:00+05:30,1125.1,1125.7,1125.0,1125.6,3315,0
2025-12-12 13:45:00+05:30,1125.5,1125.9,1125.1,1125.8,2012,0
2025-12-12 13:50:00+05:30,1125.9,1126.4,1123.9,1124.5,7931,0
2025-12-12 13:55:00+05:30,1124.0,1124.7,1124.0,1124.2,2496,0
2025-12-12 14:00:00+05:30,1124.4,1126.0,1124.2,1126.0,4103,0
2025-12-12 14:05:00+05:30,1125.8,1128.0,1125.8,1128.0,8189,0
2025-12-12 14:10:00+05:30,1128.0,1128.2,1126.5,1126.5,7409,0
2025-12-12 14:15:00+05:30,1126.8,1127.5,1126.6,1126.9,1669,0
2025-12-12 14:20:00+05:30,1127.5,1127.6,1126.0,1126.7,12137,0
2025-12-12 14:25:00+05:30,1127.2,1127.4,1126.0,1126.9,4955,0
2025-12-12 14:30:00+05:30,1126.7,1126.7,1123.9,1124.7,10782,0
2025-12-12 14:35:00+05:30,1124.7,1124.7,1120.7,1121.6,12228,0
2025-12-12 14:40:00+05:30,1121.7,1122.2,1121.2,1122.0,5905,0
2025-12-12 14:45:00+05:30,1122.0,1122.1,1120.6,1121.3,6875,0
2025-12-12 14:50:00+05:30,1121.4,1123.4,1120.4,1122.6,7647,0
2025-12-12 14:55:00+05:30,1122.1,1123.4,1122.1,1122.9,5959,0
2025-12-12 15:00:00+05:30,1123.2,1126.7,1123.2,1125.9,32148,0
2025-12-12 15:05:00+05:30,1125.9,1126.4,1125.1,1126.0,19426,0
2025-12-12 15:10:00+05:30,1125.9,1126.5,1124.6,1126.2,20869,0
2025-12-12 15:15:00+05:30,1126.2,1126.6,1124.9,1125.0,34490,0
2025-12-12 15:20:00+05:30,1125.0,1126.0,1124.0,1125.8,28382,0
2025-12-12 15:25:00+05:30,1125.8,1127.4,1121.4,1123.5,50803,0
2025-12-15 09:15:00+05:30,1120.1,1122.6,1112.5,1115.7,57608,0
2025-12-15 09:20:00+05:30,1115.6,1118.9,1114.7,1115.5,31102,0
2025-12-15 09:25:00+05:30,1115.5,1117.0,1114.4,1116.6,19365,0
2025-12-15 09:30:00+05:30,1117.0,1118.6,1114.7,1117.0,57606,0
2025-12-15 09:35:00+05:30,1117.0,1117.5,1114.7,1115.0,35052,0
2025-12-15 09:40:00+05:30,1115.5,1115.6,1113.0,1113.0,16585,0
2025-12-15 09:45:00+05:30,1113.3,1114.5,1112.6,1114.0,17158,0
2025-12-15 09:50:00+05:30,1114.0,1114.8,1113.2,1113.8,5962,0
2025-12-15 09:55:00+05:30,1114.3,1114.3,1113.1,1113.4,3420,0
2025-12-15 10:00:00+05:30,1113.9,1114.8,1113.2,1114.6,5204,0
2025-12-15 10:05:00+05:30,1114.6,1115.9,1113.5,1114.4,6975,0
2025-12-15 10:10:00+05:30,1114.7,1114.8,1113.5,1113.9,12228,0
2025-12-15 10:15:00+05:30,1114.2,1115.9,1113.6,1115.7,5496,0
2025-12-15 10:20:00+05:30,1115.7,1115.9,1113.0,1113.4,17419,0
2025-12-15 10:25:00+05:30,1113.4,1113.4,1112.0,1113.1,8370,0
2025-12-15 10:30:00+05:30,1113.1,1113.3,1112.5,1112.8,3878,0
2025-12-15 10:35:00+05:30,1112.8,1112.9,1110.9,1111.0,10688,0
2025-12-15 10:40:00+05:30,1111.3,1114.1,1110.0,1112.5,75269,0
2025-12-15 10:45:00+05:30,1112.5,1112.5,1111.3,1111.5,17283,0
2025-12-15 10:50:00+05:30,1112.0,1112.0,1111.2,1111.7,3211,0
2025-12-15 10:55:00+05:30,1111.7,1112.0,1111.1,1112.0,6722,0
2025-12-15 11:00:00+05:30,1112.0,1112.3,1111.5,1111.9,5415,0
2025-12-15 11:05:00+05:30,1111.9,1112.2,1111.1,1111.7,4510,0
2025-12-15 11:10:00+05:30,1111.6,1112.5,1111.1,1111.6,10612,0
2025-12-15 11:15:00+05:30,1111.6,1113.2,1111.0,1111.7,35293,0
2025-12-15 11:20:00+05:30,1111.9,1113.1,1111.3,1112.7,5560,0
2025-12-15 11:25:00+05:30,1112.7,1115.3,1112.2,1113.8,24735,0
2025-12-15 11:30:00+05:30,1114.0,1114.1,1112.1,1112.7,6085,0
2025-12-15 11:35:00+05:30,1112.7,1112.9,1111.5,1112.3,3883,0
2025-12-15 11:40:00+05:30,1112.2,1113.3,1112.0,1113.0,4178,0
2025-12-15 11:45:00+05:30,1113.1,1116.4,1113.1,1114.8,12800,0
2025-12-15 11:50:00+05:30,1114.9,1116.1,1114.3,1114.6,13313,0
2025-12-15 11:55:00+05:30,1114.6,1115.3,1114.2,1114.7,5902,0
2025-12-15 12:00:00+05:30,1114.9,1116.9,1114.5,1115.1,14150,0
2025-12-15 12:05:00+05:30,1115.6,1116.5,1114.3,1116.2,6849,0
2025-12-15 12:10:00+05:30,1116.2,1116.9,1115.0,1116.6,10609,0
2025-12-15 12:15:00+05:30,1116.5,1116.7,1115.5,1115.5,6427,0
2025-12-15 12:20:00+05:30,1116.0,1116.8,1115.1,1116.2,9330,0
2025-12-15 12:25:00+05:30,1116.1,1116.2,1114.7,1115.5,7937,0
2025-12-15 12:30:00+05:30,1115.5,1117.7,1115.4,1117.4,9454,0
2025-12-15 12:35:00+05:30,1117.4,1117.8,1116.7,1116.8,6861,0
2025-12-15 12:40:00+05:30,1116.8,1117.1,1115.8,1116.9,2831,0
2025-12-15 12:45:00+05:30,1116.9,1117.6,1116.4,1116.8,7778,0
2025-12-15 12:50:00+05:30,1116.8,1117.3,1116.2,1117.0,1680,0
2025-12-15 12:55:00+05:30,1117.0,1117.2,1116.4,1117.0,3071,0
2025-12-15 13:00:00+05:30,1117.0,1117.5,1116.5,1117.3,5401,0
2025-12-15 13:05:00+05:30,1117.3,1117.8,1116.9,1117.5,7327,0
2025-12-15 13:10:00+05:30,1117.5,1118.3,1117.2,1118.2,5915,0
2025-12-15 13:15:00+05:30,1118.2,1118.4,1116.9,1117.6,6309,0
2025-12-15 13:20:00+05:30,1117.8,1118.3,1117.2,1117.8,7410,0
2025-12-15 13:25:00+05:30,1117.9,1118.4,1117.7,1118.4,3706,0
2025-12-15 13:30:00+05:30,1118.4,1118.4,1117.2,1118.2,2879,0
2025-12-15 13:35:00+05:30,1118.2,1118.4,1117.5,1118.1,3148,0
2025-12-15 13:40:00+05:30,1118.1,1118.4,1117.7,1118.1,2476,0
2025-12-15 13:45:00+05:30,1118.1,1118.4,1117.5,1117.9,9754,0
2025-12-15 13:50:00+05:30,1117.9,1118.2,1117.4,1118.0,6716,0
2025-12-15 13:55:00+05:30,1118.0,1118.1,1116.4,1117.0,3857,0
2025-12-15 14:00:00+05:30,1117.1,1119.3,1116.5,1117.6,15361,0
2025-12-15 14:05:00+05:30,1117.6,1118.6,1117.0,1117.6,19938,0
2025-12-15 14:10:00+05:30,1117.6,1117.7,1114.9,1116.9,30061,0
2025-12-15 14:15:00+05:30,1117.0,1117.5,1116.5,1117.1,2789,0
2025-12-15 14:20:00+05:30,1117.5,1117.5,1112.5,1114.6,22070,0
2025-12-15 14:25:00+05:30,1114.4,1115.3,1114.0,1115.3,5465,0
2025-12-15 14:30:00+05:30,1115.3,1117.0,1115.1,1116.3,6152,0
2025-12-15 14:35:00+05:30,1116.3,1116.3,1114.1,1114.7,5777,0
2025-12-15 14:40:00+05:30,1114.7,1116.0,1114.3,1115.7,8641,0
2025-12-15 14:45:00+05:30,1115.6,1117.3,1115.3,1115.5,32899,0
2025-12-15 14:50:00+05:30,1116.0,1116.7,1115.2,1116.7,6506,0
2025-12-15 14:55:00+05:30,1116.8,1117.0,1116.1,1116.3,7152,0
2025-12-15 15:00:00+05:30,1116.3,1117.0,1115.8,1116.4,11337,0
2025-12-15 15:05:00+05:30,1116.4,1116.9,1114.2,1115.0,45622,0
2025-12-15 15:10:00+05:30,1115.0,1115.8,1114.2,1115.4,15377,0
2025-12-15 15:15:00+05:30,1115.2,1115.4,1114.1,1114.3,30242,0
2025-12-15 15:20:00+05:30,1114.4,1114.7,1113.3,1113.9,25377,0
2025-12-15 15:25:00+05:30,1114.0,1117.5,1112.9,1114.0,26380,0
2025-12-16 09:15:00+05:30,1114.0,1114.0,1104.3,1107.4,30077,0
2025-12-16 09:20:00+05:30,1107.7,1107.7,1103.8,1104.9,30493,0
2025-12-16 09:25:00+05:30,1104.9,1105.2,1103.0,1103.0,12596,0
2025-12-16 09:30:00+05:30,1103.1,1103.7,1101.0,1102.1,17547,0
2025-12-16 09:35:00+05:30,1102.1,1102.1,1099.3,1101.0,18526,0
2025-12-16 09:40:00+05:30,1100.5,1101.0,1099.5,1100.4,8376,0
2025-12-16 09:45:00+05:30,1100.4,1102.4,1100.1,1101.6,4934,0
2025-12-16 09:50:00+05:30,1101.1,1101.8,1100.3,1100.3,6977,0
2025-12-16 09:55:00+05:30,1100.3,1100.9,1098.8,1098.8,10770,0
2025-12-16 10:00:00+05:30,1099.0,1099.5,1097.3,1098.5,17099,0
2025-12-16 10:05:00+05:30,1099.0,1101.3,1098.5,1099.4,6652,0
2025-12-16 10:10:00+05:30,1099.2,1100.4,1098.9,1099.6,4999,0
2025-12-16 10:15:00+05:30,1099.9,1100.4,1098.9,1100.0,6108,0
2025-12-16 10:20:00+05:30,1100.0,1100.4,1099.3,1100.0,3853,0
2025-12-16 10:25:00+05:30,1100.0,1100.4,1099.0,1099.9,7197,0
2025-12-16 10:30:00+05:30,1099.7,1101.4,1099.5,1100.9,6086,0
2025-12-16 10:35:00+05:30,1100.8,1100.9,1099.1,1099.8,3996,0
2025-12-16 10:40:00+05:30,1099.8,1100.8,1099.7,1100.0,2089,0
2025-12-16 10:45:00+05:30,1100.3,1100.5,1099.8,1100.1,2245,0
2025-12-16 10:50:00+05:30,1100.0,1101.7,1099.7,1101.2,3054,0
2025-12-16 10:55:00+05:30,1101.2,1103.8,1100.5,1102.6,9351,0
2025-12-16 11:00:00+05:30,1102.6,1102.6,1099.6,1099.7,7412,0
2025-12-16 11:05:00+05:30,1099.8,1101.0,1099.3,1100.9,2903,0
2025-12-16 11:10:00+05:30,1100.7,1101.4,1100.0,1100.2,6374,0
2025-12-16 11:15:00+05:30,1100.2,1100.5,1099.4,1100.1,2737,0
2025-12-16 11:20:00+05:30,1100.0,1100.1,1097.8,1098.4,8189,0
2025-12-16 11:25:00+05:30,1098.4,1099.2,1098.0,1099.1,2377,0
2025-12-16 11:30:00+05:30,1099.0,1099.3,1096.9,1098.0,8640,0
2025-12-16 11:35:00+05:30,1098.0,1098.8,1096.8,1098.3,6912,0
2025-12-16 11:40:00+05:30,1098.3,1098.8,1097.1,1097.5,3380,0
2025-12-16 11:45:00+05:30,1097.4,1097.6,1095.1,1096.3,109362,0
2025-12-16 11:50:00+05:30,1096.4,1097.1,1095.1,1096.6,11777,0
2025-12-16 11:55:00+05:30,1096.9,1096.9,1095.5,1095.9,8033,0
2025-12-16 12:00:00+05:30,1095.5,1096.0,1094.4,1094.8,14518,0
2025-12-16 12:05:00+05:30,1094.7,1096.5,1094.7,1096.1,4147,0
2025-12-16 12:10:00+05:30,1096.0,1096.2,1095.6,1096.0,2974,0
2025-12-16 12:15:00+05:30,1096.0,1096.2,1094.4,1096.2,16827,0
2025-12-16 12:20:00+05:30,1096.0,1097.4,1095.5,1095.7,40967,0
2025-12-16 12:25:00+05:30,1095.7,1097.2,1095.0,1097.0,4808,0
2025-12-16 12:30:00+05:30,1096.9,1097.0,1096.0,1096.1,4467,0
2025-12-16 12:35:00+05:30,1096.5,1096.8,1095.0,1095.1,10962,0
2025-12-16 12:40:00+05:30,1095.2,1095.6,1094.1,1094.6,9336,0
2025-12-16 12:45:00+05:30,1094.6,1094.7,1092.5,1092.8,95984,0
2025-12-16 12:50:00+05:30,1092.8,1093.3,1091.8,1092.9,16917,0
2025-12-16 12:55:00+05:30,1093.3,1093.9,1092.7,1092.7,7952,0
2025-12-16 13:00:00+05:30,1092.7,1093.1,1091.8,1092.0,9768,0
2025-12-16 13:05:00+05:30,1092.0,1092.7,1090.8,1091.0,13954,0
2025-12-16 13:10:00+05:30,1091.4,1091.9,1089.9,1090.9,29322,0
2025-12-16 13:15:00+05:30,1090.6,1091.7,1090.0,1091.0,7727,0
2025-12-16 13:20:00+05:30,1091.4,1091.7,1088.7,1089.4,8526,0
2025-12-16 13:25:00+05:30,1089.4,1089.9,1086.1,1087.9,25935,0
2025-12-16 13:30:00+05:30,1087.9,1088.7,1087.1,1087.7,20679,0
2025-12-16 13:35:00+05:30,1087.6,1088.6,1086.9,1088.1,8893,0
2025-12-16 13:40:00+05:30,1088.1,1089.1,1087.9,1088.4,8197,0
2025-12-16 13:45:00+05:30,1088.4,1089.6,1087.4,1088.3,11427,0
2025-12-16 13:50:00+05:30,1088.3,1088.3,1087.2,1088.0,5683,0
2025-12-16 13:55:00+05:30,1087.8,1088.5,1086.1,1087.1,11473,0
2025-12-16 14:00:00+05:30,1087.0,1087.1,1083.8,1085.8,275072,0
2025-12-16 14:05:00+05:30,1085.7,1086.6,1084.6,1085.1,9425,0
2025-12-16 14:10:00+05:30,1085.1,1086.3,1084.1,1086.0,10781,0
2025-12-16 14:15:00+05:30,1086.0,1086.6,1084.2,1085.1,10223,0
2025-12-16 14:20:00+05:30,1085.1,1085.9,1084.0,1085.4,47731,0
2025-12-16 14:25:00+05:30,1085.1,1086.0,1084.4,1085.2,12345,0
2025-12-16 14:30:00+05:30,1085.2,1085.4,1083.9,1084.5,11748,0
2025-12-16 14:35:00+05:30,1084.5,1086.0,1084.0,1085.2,27021,0
2025-12-16 14:40:00+05:30,1084.9,1085.9,1084.8,1084.9,9494,0
2025-12-16 14:45:00+05:30,1084.9,1085.3,1082.8,1083.7,17137,0
2025-12-16 14:50:00+05:30,1083.6,1085.5,1083.0,1085.5,34893,0
2025-12-16 14:55:00+05:30,1085.5,1085.5,1084.1,1085.2,21461,0
2025-12-16 15:00:00+05:30,1085.3,1085.4,1081.7,1083.3,307809,0
2025-12-16 15:05:00+05:30,1083.1,1083.5,1081.6,1082.3,25383,0
2025-12-16 15:10:00+05:30,1082.2,1082.3,1080.5,1081.9,53683,0
2025-12-16 15:15:00+05:30,1081.9,1083.7,1081.0,1082.5,116113,0
2025-12-16 15:20:00+05:30,1082.7,1084.4,1081.3,1084.0,156942,0
2025-12-16 15:25:00+05:30,1084.1,1086.1,1081.0,1085.1,70491,0
2025-12-17 09:15:00+05:30,1088.3,1091.1,1084.3,1091.1,105191,0
2025-12-17 09:20:00+05:30,1090.9,1093.7,1090.0,1092.5,22933,0
2025-12-17 09:25:00+05:30,1092.5,1093.5,1091.5,1091.5,10700,0
2025-12-17 09:30:00+05:30,1091.5,1092.3,1090.4,1092.0,7549,0
2025-12-17 09:35:00+05:30,1092.0,1092.3,1091.0,1091.9,7638,0
2025-12-17 09:40:00+05:30,1091.9,1092.7,1090.0,1090.3,26314,0
2025-12-17 09:45:00+05:30,1090.0,1090.5,1088.0,1088.1,49240,0
2025-12-17 09:50:00+05:30,1088.1,1088.8,1087.2,1088.5,9709,0
2025-12-17 09:55:00+05:30,1088.3,1090.1,1087.3,1088.7,7240,0
2025-12-17 10:00:00+05:30,1088.7,1089.5,1086.4,1086.7,10609,0
2025-12-17 10:05:00+05:30,1086.3,1088.1,1084.5,1087.6,9802,0
2025-12-17 10:10:00+05:30,1087.9,1087.9,1086.2,1086.8,2581,0
2025-12-17 10:15:00+05:30,1086.8,1088.0,1086.1,1087.5,4394,0
2025-12-17 10:20:00+05:30,1087.5,1087.5,1085.8,1086.3,3840,0
2025-12-17 10:25:00+05:30,1085.9,1086.8,1084.7,1085.4,7081,0
2025-12-17 10:30:00+05:30,1085.5,1085.5,1083.5,1084.6,5278,0
2025-12-17 10:35:00+05:30,1084.6,1085.5,1083.5,1084.6,11608,0
2025-12-17 10:40:00+05:30,1084.7,1085.7,1084.3,1085.7,6201,0
2025-12-17 10:45:00+05:30,1085.7,1087.7,1085.6,1086.2,25685,0
2025-12-17 10:50:00+05:30,1086.2,1086.7,1085.0,1085.9,4251,0
2025-12-17 10:55:00+05:30,1085.9,1085.9,1083.2,1085.2,6931,0
2025-12-17 11:00:00+05:30,1084.9,1086.5,1084.5,1086.1,4694,0
2025-12-17 11:05:00+05:30,1086.1,1086.5,1084.2,1085.0,14674,0
2025-12-17 11:10:00+05:30,1085.5,1088.5,1084.1,1088.0,29392,0
2025-12-17 11:15:00+05:30,1087.7,1087.9,1085.5,1086.6,19259,0
2025-12-17 11:20:00+05:30,1086.7,1087.0,1085.8,1086.5,7077,0
2025-12-17 11:25:00+05:30,1087.0,1087.3,1085.1,1086.0,15510,0
2025-12-17 11:30:00+05:30,1086.0,1086.0,1084.6,1085.5,4560,0
2025-12-17 11:35:00+05:30,1085.8,1086.5,1085.5,1086.5,4837,0
2025-12-17 11:40:00+05:30,1086.5,1087.0,1086.2,1086.7,5479,0
2025-12-17 11:45:00+05:30,1086.7,1087.0,1085.3,1086.5,5076,0
2025-12-17 11:50:00+05:30,1086.5,1087.0,1086.3,1086.8,3013,0
2025-12-17 11:55:00+05:30,1086.8,1087.0,1085.6,1085.9,2232,0
2025-12-17 12:00:00+05:30,1085.9,1086.3,1084.0,1084.6,3269,0
2025-12-17 12:05:00+05:30,1084.6,1085.1,1082.6,1084.9,8585,0
2025-12-17 12:10:00+05:30,1084.9,1085.2,1084.0,1084.5,1939,0
2025-12-17 12:15:00+05:30,1084.5,1085.4,1084.0,1085.4,5617,0
2025-12-17 12:20:00+05:30,1085.2,1085.5,1084.3,1084.6,2760,0
2025-12-17 12:25:00+05:30,1084.6,1085.5,1083.5,1084.7,6341,0
2025-12-17 12:30:00+05:30,1084.7,1084.9,1083.5,1084.0,1847,0
2025-12-17 12:35:00+05:30,1084.0,1084.4,1083.0,1083.7,2535,0
2025-12-17 12:40:00+05:30,1083.7,1084.1,1082.8,1083.9,5975,0
2025-12-17 12:45:00+05:30,1083.9,1083.9,1077.6,1078.5,69913,0
2025-12-17 12:50:00+05:30,1078.5,1079.7,1077.4,1078.1,7114,0
2025-12-17 12:55:00+05:30,1077.9,1078.2,1076.9,1077.9,107264,0
2025-12-17 13:00:00+05:30,1077.9,1078.1,1076.7,1078.0,5372,0
2025-12-17 13:05:00+05:30,1078.0,1078.6,1077.4,1077.7,3993,0
2025-12-17 13:10:00+05:30,1077.7,1078.5,1076.4,1078.5,6311,0
2025-12-17 13:15:00+05:30,1078.5,1079.7,1078.2,1079.7,3729,0
2025-12-17 13:20:00+05:30,1079.7,1079.9,1079.5,1079.8,5799,0
2025-12-17 13:25:00+05:30,1079.8,1080.8,1079.4,1080.0,26000,0
2025-12-17 13:30:00+05:30,1080.0,1080.0,1076.9,1078.6,365706,0
2025-12-17 13:35:00+05:30,1078.6,1080.0,1078.4,1079.2,5900,0
2025-12-17 13:40:00+05:30,1079.2,1079.9,1079.2,1079.7,3550,0
2025-12-17 13:45:00+05:30,1079.7,1081.1,1079.2,1081.0,7172,0
2025-12-17 13:50:00+05:30,1080.9,1081.5,1079.9,1080.5,19552,0
2025-12-17 13:55:00+05:30,1080.5,1083.4,1080.0,1081.6,7710,0
2025-12-17 14:00:00+05:30,1081.6,1081.7,1076.9,1078.0,14216,0
2025-12-17 14:05:00+05:30,1078.0,1078.4,1076.8,1078.2,7295,0
2025-12-17 14:10:00+05:30,1078.2,1078.5,1077.0,1078.3,6850,0
2025-12-17 14:15:00+05:30,1078.2,1079.5,1077.6,1079.4,25991,0
2025-12-17 14:20:00+05:30,1079.4,1080.7,1078.1,1078.6,11102,0
2025-12-17 14:25:00+05:30,1078.7,1079.9,1078.7,1079.7,7097,0
2025-12-17 14:30:00+05:30,1079.5,1080.8,1079.5,1080.6,2291,0
2025-12-17 14:35:00+05:30,1080.6,1081.5,1079.1,1079.5,35256,0
2025-12-17 14:40:00+05:30,1079.1,1080.1,1078.7,1079.9,10404,0
2025-12-17 14:45:00+05:30,1079.8,1081.8,1079.6,1081.8,5314,0
2025-12-17 14:50:00+05:30,1081.8,1083.0,1081.4,1082.1,13175,0
2025-12-17 14:55:00+05:30,1082.1,1082.9,1081.2,1082.7,8224,0
2025-12-17 15:00:00+05:30,1082.5,1084.7,1081.2,1081.7,33861,0
2025-12-17 15:05:00+05:30,1081.2,1082.6,1080.1,1081.0,30173,0
2025-12-17 15:10:00+05:30,1081.0,1081.5,1079.6,1079.8,81117,0
2025-12-17 15:15:00+05:30,1079.7,1079.9,1078.6,1079.2,82403,0
2025-12-17 15:20:00+05:30,1079.0,1079.6,1077.9,1078.0,118102,0
2025-12-17 15:25:00+05:30,1077.8,1079.9,1075.6,1076.1,143619,0
2025-12-18 09:15:00+05:30,1079.0,1084.0,1076.4,1080.9,41362,0
2025-12-18 09:20:00+05:30,1080.4,1081.6,1079.2,1080.5,10111,0
2025-12-18 09:25:00+05:30,1080.5,1081.4,1078.8,1079.2,5806,0
2025-12-18 09:30:00+05:30,1079.2,1081.1,1078.8,1079.9,8726,0
2025-12-18 09:35:00+05:30,1079.9,1080.4,1077.7,1077.7,7033,0
2025-12-18 09:40:00+05:30,1077.6,1079.0,1076.3,1076.9,10706,0
2025-12-18 09:45:00+05:30,1076.5,1077.9,1076.0,1076.7,11435,0
2025-12-18 09:50:00+05:30,1076.4,1076.6,1074.5,1076.4,13119,0
2025-12-18 09:55:00+05:30,1075.9,1076.2,1074.0,1074.4,6498,0
2025-12-18 10:00:00+05:30,1074.0,1074.5,1073.2,1073.7,6647,0
2025-12-18 10:05:00+05:30,1073.3,1075.0,1073.3,1074.4,4352,0
2025-12-18 10:10:00+05:30,1074.4,1077.7,1074.2,1076.9,17262,0
2025-12-18 10:15:00+05:30,1076.8,1078.9,1073.5,1078.9,31410,0
2025-12-18 10:20:00+05:30,1078.9,1081.0,1078.6,1080.4,9951,0
2025-12-18 10:25:00+05:30,1080.4,1083.8,1080.1,1080.8,12177,0
2025-12-18 10:30:00+05:30,1081.1,1085.2,1080.5,1084.3,13193,0
2025-12-18 10:35:00+05:30,1084.2,1084.7,1082.0,1083.4,15039,0
2025-12-18 10:40:00+05:30,1083.4,1086.5,1083.1,1084.7,12083,0
2025-12-18 10:45:00+05:30,1084.6,1084.8,1083.2,1084.0,4831,0
2025-12-18 10:50:00+05:30,1083.6,1084.0,1081.7,1083.0,7072,0
2025-12-18 10:55:00+05:30,1082.5,1083.9,1082.3,1083.6,8654,0
2025-12-18 11:00:00+05:30,1083.6,1083.8,1080.8,1081.2,11600,0
2025-12-18 11:05:00+05:30,1081.3,1084.7,1081.1,1084.6,21516,0
2025-12-18 11:10:00+05:30,1084.2,1087.4,1084.2,1087.2,28382,0
2025-12-18 11:15:00+05:30,1087.0,1087.9,1086.5,1087.2,16907,0
2025-12-18 11:20:00+05:30,1087.1,1088.1,1086.7,1087.8,14958,0
2025-12-18 11:25:00+05:30,1088.1,1088.6,1086.5,1087.0,9762,0
2025-12-18 11:30:00+05:30,1087.0,1087.4,1085.4,1086.5,7386,0
2025-12-18 11:35:00+05:30,1086.1,1087.0,1085.5,1087.0,8898,0
2025-12-18 11:40:00+05:30,1086.5,1087.0,1085.4,1086.5,7401,0
2025-12-18 11:45:00+05:30,1086.5,1086.6,1084.0,1085.2,13057,0
2025-12-18 11:50:00+05:30,1084.7,1088.8,1084.6,1087.5,19010,0
2025-12-18 11:55:00+05:30,1087.6,1088.8,1086.1,1087.0,14215,0
2025-12-18 12:00:00+05:30,1087.0,1087.0,1085.2,1086.1,14434,0
2025-12-18 12:05:00+05:30,1086.2,1087.6,1085.6,1086.5,12243,0
2025-12-18 12:10:00+05:30,1086.5,1087.8,1086.2,1087.6,10535,0
2025-12-18 12:15:00+05:30,1087.8,1087.9,1086.2,1087.2,9428,0
2025-12-18 12:20:00+05:30,1086.6,1088.3,1086.4,1087.6,13495,0
2025-12-18 12:25:00+05:30,1088.2,1089.0,1087.1,1088.0,10064,0
2025-12-18 12:30:00+05:30,1088.0,1088.9,1086.9,1088.1,8402,0
2025-12-18 12:35:00+05:30,1088.2,1088.6,1087.0,1087.5,8864,0
2025-12-18 12:40:00+05:30,1087.4,1089.9,1086.8,1089.7,10481,0
2025-12-18 12:45:00+05:30,1089.9,1090.3,1087.5,1088.8,8595,0
2025-12-18 12:50:00+05:30,1088.9,1088.9,1086.4,1087.7,7754,0
2025-12-18 12:55:00+05:30,1087.5,1089.8,1087.3,1089.2,8473,0
2025-12-18 13:00:00+05:30,1089.3,1089.9,1087.9,1088.7,10565,0
2025-12-18 13:05:00+05:30,1088.5,1089.5,1088.2,1088.2,7074,0
2025-12-18 13:10:00+05:30,1088.9,1089.1,1087.6,1088.3,7234,0
2025-12-18 13:15:00+05:30,1088.1,1089.1,1087.5,1088.1,6737,0
2025-12-18 13:20:00+05:30,1088.0,1088.8,1087.3,1088.5,8833,0
2025-12-18 13:25:00+05:30,1088.3,1090.0,1087.7,1089.4,9476,0
2025-12-18 13:30:00+05:30,1089.4,1089.9,1088.0,1088.2,7340,0
2025-12-18 13:35:00+05:30,1088.5,1089.7,1087.9,1089.4,9612,0
2025-12-18 13:40:00+05:30,1089.4,1089.6,1088.0,1089.0,8426,0
2025-12-18 13:45:00+05:30,1089.2,1091.5,1087.9,1088.3,42087,0
2025-12-18 13:50:00+05:30,1088.2,1089.8,1087.2,1089.0,14773,0
2025-12-18 13:55:00+05:30,1088.6,1088.8,1086.7,1087.3,7049,0
2025-12-18 14:00:00+05:30,1087.2,1087.5,1085.8,1086.9,9013,0
2025-12-18 14:05:00+05:30,1086.6,1087.0,1084.1,1084.9,5688,0
2025-12-18 14:10:00+05:30,1084.9,1085.5,1083.0,1083.5,8063,0
2025-12-18 14:15:00+05:30,1083.5,1084.1,1082.4,1082.7,6066,0
2025-12-18 14:20:00+05:30,1082.7,1083.5,1079.9,1080.8,23429,0
2025-12-18 14:25:00+05:30,1080.8,1081.7,1079.0,1080.0,3810,0
2025-12-18 14:30:00+05:30,1080.0,1083.0,1079.4,1081.7,32757,0
2025-12-18 14:35:00+05:30,1081.4,1081.8,1080.0,1080.5,6950,0
2025-12-18 14:40:00+05:30,1080.2,1080.7,1078.9,1080.1,11653,0
2025-12-18 14:45:00+05:30,1079.7,1080.2,1079.0,1079.1,9713,0
2025-12-18 14:50:00+05:30,1079.0,1080.0,1078.5,1079.4,38757,0
2025-12-18 14:55:00+05:30,1079.7,1081.0,1079.1,1080.5,10767,0
2025-12-18 15:00:00+05:30,1080.5,1085.0,1080.5,1083.8,56798,0
2025-12-18 15:05:00+05:30,1083.8,1083.9,1080.8,1081.8,21007,0
2025-12-18 15:10:00+05:30,1081.8,1082.7,1081.0,1082.3,17343,0
2025-12-18 15:15:00+05:30,1082.0,1082.9,1080.0,1081.7,65968,0
2025-12-18 15:20:00+05:30,1081.5,1084.0,1080.2,1082.0,87045,0
2025-12-18 15:25:00+05:30,1082.1,1082.9,1080.0,1081.5,27150,0
2025-12-19 09:15:00+05:30,1091.0,1091.0,1084.0,1086.4,54156,0
2025-12-19 09:20:00+05:30,1086.1,1087.2,1084.3,1085.3,16472,0
2025-12-19 09:25:00+05:30,1085.1,1086.0,1082.0,1084.3,15324,0
2025-12-19 09:30:00+05:30,1084.3,1085.6,1083.5,1084.3,13559,0
2025-12-19 09:35:00+05:30,1084.4,1084.9,1083.0,1083.6,7753,0
2025-12-19 09:40:00+05:30,1083.6,1084.3,1082.4,1083.7,5807,0
2025-12-19 09:45:00+05:30,1083.7,1084.7,1083.1,1083.9,4391,0
2025-12-19 09:50:00+05:30,1083.9,1085.8,1083.5,1084.3,14319,0
2025-12-19 09:55:00+05:30,1084.1,1086.4,1083.0,1086.3,7070,0
2025-12-19 10:00:00+05:30,1086.0,1087.5,1085.4,1086.4,16408,0
2025-12-19 10:05:00+05:30,1086.4,1087.2,1085.3,1087.0,8887,0
2025-12-19 10:10:00+05:30,1086.6,1087.0,1084.6,1085.4,6607,0
2025-12-19 10:15:00+05:30,1085.3,1087.9,1084.6,1085.3,8406,0
2025-12-19 10:20:00+05:30,1084.7,1085.3,1082.9,1083.4,14578,0
2025-12-19 10:25:00+05:30,1083.4,1085.3,1083.3,1084.5,13570,0
2025-12-19 10:30:00+05:30,1084.5,1085.0,1083.7,1084.4,6807,0
2025-12-19 10:35:00+05:30,1084.4,1084.6,1083.0,1084.1,12352,0
2025-12-19 10:40:00+05:30,1084.1,1084.1,1082.0,1082.1,8147,0
2025-12-19 10:45:00+05:30,1082.5,1082.7,1080.3,1082.1,14217,0
2025-12-19 10:50:00+05:30,1082.2,1083.8,1081.7,1082.0,11823,0
2025-12-19 10:55:00+05:30,1081.9,1083.0,1078.7,1080.5,20172,0
2025-12-19 11:00:00+05:30,1080.5,1082.1,1080.4,1080.8,4775,0
2025-12-19 11:05:00+05:30,1080.6,1082.5,1080.4,1082.4,3853,0
2025-12-19 11:10:00+05:30,1082.4,1082.4,1081.5,1081.7,1598,0
2025-12-19 11:15:00+05:30,1081.7,1082.5,1081.2,1082.0,3816,0
2025-12-19 11:20:00+05:30,1081.8,1082.8,1081.6,1081.8,2638,0
2025-12-19 11:25:00+05:30,1081.9,1082.8,1081.5,1082.0,5078,0
2025-12-19 11:30:00+05:30,1081.8,1082.0,1080.8,1081.9,2386,0
2025-12-19 11:35:00+05:30,1082.0,1083.0,1081.0,1081.4,4639,0
2025-12-19 11:40:00+05:30,1081.0,1081.4,1080.3,1080.5,6357,0
2025-12-19 11:45:00+05:30,1080.6,1081.3,1080.1,1080.6,7389,0
2025-12-19 11:50:00+05:30,1080.6,1080.7,1080.1,1080.5,2564,0
2025-12-19 11:55:00+05:30,1080.5,1080.5,1079.2,1079.9,10234,0
2025-12-19 12:00:00+05:30,1079.8,1081.0,1079.5,1080.2,3607,0
2025-12-19 12:05:00+05:30,1080.2,1081.0,1080.1,1080.7,3355,0
2025-12-19 12:10:00+05:30,1080.6,1081.1,1079.6,1079.6,2733,0
2025-12-19 12:15:00+05:30,1079.9,1080.7,1079.8,1080.0,2821,0
2025-12-19 12:20:00+05:30,1079.9,1080.0,1079.1,1079.4,4827,0
2025-12-19 12:25:00+05:30,1079.4,1080.2,1079.3,1079.9,1917,0
2025-12-19 12:30:00+05:30,1079.9,1082.3,1079.7,1082.1,5340,0
2025-12-19 12:35:00+05:30,1081.8,1082.1,1080.7,1081.4,3910,0
2025-12-19 12:40:00+05:30,1081.4,1081.8,1080.6,1081.2,3655,0
2025-12-19 12:45:00+05:30,1081.2,1081.2,1080.2,1080.5,1655,0
2025-12-19 12:50:00+05:30,1080.5,1080.5,1079.3,1080.2,4777,0
2025-12-19 12:55:00+05:30,1080.2,1080.6,1079.4,1079.7,2051,0
2025-12-19 13:00:00+05:30,1079.4,1080.6,1079.3,1080.1,3448,0
2025-12-19 13:05:00+05:30,1080.2,1080.2,1078.3,1078.5,6609,0
2025-12-19 13:10:00+05:30,1078.5,1078.5,1077.4,1077.7,5936,0
2025-12-19 13:15:00+05:30,1077.7,1078.7,1077.6,1078.5,3179,0
2025-12-19 13:20:00+05:30,1078.5,1079.6,1078.2,1078.9,3688,0
2025-12-19 13:25:00+05:30,1078.8,1080.8,1078.5,1080.1,4538,0
2025-12-19 13:30:00+05:30,1080.0,1081.4,1079.2,1081.0,7901,0
2025-12-19 13:35:00+05:30,1081.0,1081.0,1079.4,1080.4,4089,0
2025-12-19 13:40:00+05:30,1080.0,1080.7,1076.3,1077.0,70825,0
2025-12-19 13:45:00+05:30,1077.0,1077.6,1075.7,1076.0,14767,0
2025-12-19 13:50:00+05:30,1076.0,1077.0,1075.9,1076.3,5570,0
2025-12-19 13:55:00+05:30,1076.3,1077.4,1076.0,1077.4,6108,0
2025-12-19 14:00:00+05:30,1077.4,1077.7,1076.7,1077.1,4852,0
2025-12-19 14:05:00+05:30,1077.1,1077.8,1076.7,1077.1,6177,0
2025-12-19 14:10:00+05:30,1077.1,1077.2,1076.5,1077.0,3514,0
2025-12-19 14:15:00+05:30,1076.8,1078.0,1076.8,1078.0,7571,0
2025-12-19 14:20:00+05:30,1077.9,1079.7,1077.3,1079.4,39667,0
2025-12-19 14:25:00+05:30,1079.7,1080.5,1078.8,1079.2,7142,0
2025-12-19 14:30:00+05:30,1079.2,1079.2,1077.3,1077.3,4934,0
2025-12-19 14:35:00+05:30,1077.3,1077.9,1076.6,1077.5,5806,0
2025-12-19 14:40:00+05:30,1077.5,1079.0,1077.0,1078.2,11205,0
2025-12-19 14:45:00+05:30,1078.2,1079.3,1076.9,1078.9,7593,0
2025-12-19 14:50:00+05:30,1078.8,1078.9,1077.2,1078.6,7342,0
2025-12-19 14:55:00+05:30,1078.2,1079.5,1077.4,1078.5,12111,0
2025-12-19 15:00:00+05:30,1078.7,1079.5,1076.4,1078.7,90892,0
2025-12-19 15:05:00+05:30,1078.7,1080.5,1078.5,1080.5,66984,0
2025-12-19 15:10:00+05:30,1080.3,1080.5,1078.9,1079.3,59974,0
2025-12-19 15:15:00+05:30,1079.3,1080.3,1078.8,1079.9,82409,0
2025-12-19 15:20:00+05:30,1080.1,1081.0,1079.9,1081.0,78194,0
2025-12-19 15:25:00+05:30,1081.0,1082.2,1078.5,1080.0,58146,0
2025-12-22 09:15:00+05:30,1085.0,1086.9,1077.7,1084.0,32449,0
2025-12-22 09:20:00+05:30,1084.3,1090.0,1084.0,1089.8,21369,0
2025-12-22 09:25:00+05:30,1089.5,1091.9,1088.2,1091.3,22555,0
2025-12-22 09:30:00+05:30,1091.3,1091.9,1089.2,1090.4,10362,0
2025-12-22 09:35:00+05:30,1090.0,1090.4,1088.5,1089.0,16669,0
2025-12-22 09:40:00+05:30,1089.0,1091.5,1089.0,1090.4,9090,0
2025-12-22 09:45:00+05:30,1091.0,1093.0,1090.3,1091.6,12806,0
2025-12-22 09:50:00+05:30,1091.4,1092.0,1089.8,1090.9,6485,0
2025-12-22 09:55:00+05:30,1090.9,1092.2,1090.5,1092.0,20477,0
2025-12-22 10:00:00+05:30,1092.0,1092.8,1090.7,1091.0,14807,0
2025-12-22 10:05:00+05:30,1091.1,1091.8,1089.4,1091.0,19601,0
2025-12-22 10:10:00+05:30,1090.6,1092.6,1090.3,1092.3,11310,0
2025-12-22 10:15:00+05:30,1092.3,1093.9,1092.1,1093.2,22514,0
2025-12-22 10:20:00+05:30,1093.2,1093.6,1092.0,1093.0,18038,0
2025-12-22 10:25:00+05:30,1093.3,1093.8,1092.1,1093.0,7332,0
2025-12-22 10:30:00+05:30,1093.3,1094.3,1093.0,1093.8,12618,0
2025-12-22 10:35:00+05:30,1093.8,1094.5,1091.6,1091.7,11599,0
2025-12-22 10:40:00+05:30,1092.0,1092.1,1091.3,1092.1,5022,0
2025-12-22 10:45:00+05:30,1092.1,1092.9,1091.7,1092.9,3756,0
2025-12-22 10:50:00+05:30,1092.9,1094.0,1092.7,1093.9,4259,0
2025-12-22 10:55:00+05:30,1093.9,1094.0,1092.9,1093.5,3823,0
2025-12-22 11:00:00+05:30,1093.6,1095.0,1091.2,1092.6,45593,0
2025-12-22 11:05:00+05:30,1092.6,1093.7,1092.4,1093.6,3999,0
2025-12-22 11:10:00+05:30,1093.7,1094.0,1091.2,1093.3,9944,0
2025-12-22 11:15:00+05:30,1093.3,1093.7,1091.6,1092.7,27160,0
2025-12-22 11:20:00+05:30,1092.7,1092.9,1092.2,1092.4,2350,0
2025-12-22 11:25:00+05:30,1092.4,1093.0,1092.0,1092.7,6004,0
2025-12-22 11:30:00+05:30,1092.9,1092.9,1091.2,1092.3,8473,0
2025-12-22 11:35:00+05:30,1091.9,1093.0,1091.3,1092.9,10442,0
2025-12-22 11:40:00+05:30,1092.9,1092.9,1092.4,1092.9,2514,0
2025-12-22 11:45:00+05:30,1092.9,1095.0,1092.4,1093.8,12610,0
2025-12-22 11:50:00+05:30,1093.9,1095.7,1093.7,1095.4,19819,0
2025-12-22 11:55:00+05:30,1095.4,1097.1,1095.3,1096.8,20809,0
2025-12-22 12:00:00+05:30,1096.9,1098.2,1096.0,1097.8,18837,0
2025-12-22 12:05:00+05:30,1097.8,1100.0,1097.3,1099.0,47551,0
2025-12-22 12:10:00+05:30,1099.1,1099.1,1095.6,1095.8,8461,0
2025-12-22 12:15:00+05:30,1096.0,1099.6,1095.8,1097.6,14515,0
2025-12-22 12:20:00+05:30,1097.1,1098.8,1096.8,1097.7,4796,0
2025-12-22 12:25:00+05:30,1097.8,1098.7,1097.3,1098.0,7901,0
2025-12-22 12:30:00+05:30,1098.0,1098.0,1095.3,1095.3,7254,0
2025-12-22 12:35:00+05:30,1095.5,1100.3,1095.0,1099.2,91296,0
2025-12-22 12:40:00+05:30,1099.2,1100.0,1097.3,1097.9,16710,0
2025-12-22 12:45:00+05:30,1097.9,1097.9,1095.5,1095.5,4848,0
2025-12-22 12:50:00+05:30,1095.8,1097.4,1095.1,1097.4,9868,0
2025-12-22 12:55:00+05:30,1097.4,1097.4,1096.3,1096.3,2805,0
2025-12-22 13:00:00+05:30,1096.4,1097.4,1096.3,1096.8,2176,0
2025-12-22 13:05:00+05:30,1097.0,1097.0,1096.1,1096.4,3511,0
2025-12-22 13:10:00+05:30,1096.4,1097.0,1096.0,1096.9,4972,0
2025-12-22 13:15:00+05:30,1096.9,1096.9,1096.1,1096.3,1333,0
2025-12-22 13:20:00+05:30,1096.5,1097.3,1095.4,1096.0,7393,0
2025-12-22 13:25:00+05:30,1096.0,1097.4,1095.5,1096.8,2676,0
2025-12-22 13:30:00+05:30,1096.8,1097.5,1096.5,1097.0,4763,0
2025-12-22 13:35:00+05:30,1097.2,1097.2,1096.0,1096.3,2852,0
2025-12-22 13:40:00+05:30,1096.4,1097.2,1095.9,1096.1,7460,0
2025-12-22 13:45:00+05:30,1096.5,1097.0,1096.1,1096.6,3991,0
2025-12-22 13:50:00+05:30,1096.6,1097.1,1096.1,1096.3,3637,0
2025-12-22 13:55:00+05:30,1096.3,1097.2,1096.1,1097.1,8127,0
2025-12-22 14:00:00+05:30,1097.1,1097.5,1097.0,1097.1,3248,0
2025-12-22 14:05:00+05:30,1097.3,1097.4,1095.7,1096.1,17378,0
2025-12-22 14:10:00+05:30,1096.1,1096.8,1095.4,1096.7,20829,0
2025-12-22 14:15:00+05:30,1096.7,1098.1,1096.0,1096.8,4181,0
2025-12-22 14:20:00+05:30,1096.8,1097.7,1096.4,1097.3,3872,0
2025-12-22 14:25:00+05:30,1097.3,1097.8,1096.9,1096.9,4453,0
2025-12-22 14:30:00+05:30,1096.9,1097.8,1096.2,1097.8,4579,0
2025-12-22 14:35:00+05:30,1097.8,1098.9,1096.2,1096.5,40229,0
2025-12-22 14:40:00+05:30,1096.7,1097.9,1096.1,1096.1,10259,0
2025-12-22 14:45:00+05:30,1096.2,1097.0,1095.0,1095.4,11322,0
2025-12-22 14:50:00+05:30,1095.4,1097.2,1095.2,1096.1,20696,0
2025-12-22 14:55:00+05:30,1096.1,1096.2,1094.6,1095.6,21995,0
2025-12-22 15:00:00+05:30,1095.4,1097.1,1095.4,1095.8,29089,0
2025-12-22 15:05:00+05:30,1095.6,1096.3,1094.6,1095.1,28467,0
2025-12-22 15:10:00+05:30,1094.7,1095.6,1094.0,1094.4,32390,0
2025-12-22 15:15:00+05:30,1094.4,1095.0,1094.2,1094.2,29488,0
2025-12-22 15:20:00+05:30,1094.2,1094.8,1093.5,1094.1,37122,0
2025-12-22 15:25:00+05:30,1094.1,1095.5,1093.1,1094.5,22324,0
2025-12-23 09:15:00+05:30,1095.0,1100.5,1092.5,1099.7,36284,0
2025-12-23 09:20:00+05:30,1099.7,1102.0,1098.9,1100.0,16931,0
2025-12-23 09:25:00+05:30,1100.2,1100.2,1097.2,1097.7,19115,0
2025-12-23 09:30:00+05:30,1097.7,1098.4,1096.0,1096.5,6306,0
2025-12-23 09:35:00+05:30,1096.4,1099.0,1096.0,1098.6,12121,0
2025-12-23 09:40:00+05:30,1098.5,1099.3,1097.6,1098.1,18091,0
2025-12-23 09:45:00+05:30,1097.9,1098.3,1096.8,1097.8,4703,0
2025-12-23 09:50:00+05:30,1097.5,1098.5,1095.4,1096.0,3540,0
2025-12-23 09:55:00+05:30,1096.0,1097.0,1093.6,1096.8,19968,0
2025-12-23 10:00:00+05:30,1096.9,1099.5,1096.2,1099.5,28826,0
2025-12-23 10:05:00+05:30,1099.2,1099.8,1098.5,1099.0,3511,0
2025-12-23 10:10:00+05:30,1099.3,1102.8,1099.0,1099.5,12046,0
2025-12-23 10:15:00+05:30,1099.7,1101.8,1099.5,1100.8,20308,0
2025-12-23 10:20:00+05:30,1100.9,1100.9,1097.6,1098.0,4856,0
2025-12-23 10:25:00+05:30,1098.0,1099.1,1097.8,1098.8,6018,0
2025-12-23 10:30:00+05:30,1098.8,1100.0,1098.4,1098.8,2653,0
2025-12-23 10:35:00+05:30,1098.9,1099.3,1098.1,1098.6,2223,0
2025-12-23 10:40:00+05:30,1098.6,1098.6,1098.0,1098.1,9825,0
2025-12-23 10:45:00+05:30,1098.1,1099.0,1097.2,1097.9,10829,0
2025-12-23 10:50:00+05:30,1097.8,1097.9,1097.2,1097.8,2980,0
2025-12-23 10:55:00+05:30,1097.8,1098.4,1097.2,1097.2,6091,0
2025-12-23 11:00:00+05:30,1097.6,1098.0,1096.7,1096.9,8509,0
2025-12-23 11:05:00+05:30,1097.1,1097.9,1095.8,1096.9,16560,0
2025-12-23 11:10:00+05:30,1096.9,1097.1,1096.1,1096.6,2780,0
2025-12-23 11:15:00+05:30,1096.7,1099.0,1096.6,1097.7,10649,0
2025-12-23 11:20:00+05:30,1097.7,1097.9,1096.7,1097.0,2068,0
2025-12-23 11:25:00+05:30,1097.0,1097.5,1096.5,1097.3,3223,0
2025-12-23 11:30:00+05:30,1097.3,1097.3,1095.9,1096.5,5323,0
2025-12-23 11:35:00+05:30,1096.5,1097.0,1095.4,1096.7,7488,0
2025-12-23 11:40:00+05:30,1096.7,1096.7,1094.5,1094.7,9686,0
2025-12-23 11:45:00+05:30,1094.7,1094.7,1092.6,1093.4,16793,0
2025-12-23 11:50:00+05:30,1093.4,1094.9,1093.4,1094.7,8273,0
2025-12-23 11:55:00+05:30,1094.7,1096.5,1094.5,1096.0,4233,0
2025-12-23 12:00:00+05:30,1096.2,1097.9,1096.0,1097.9,8192,0
2025-12-23 12:05:00+05:30,1097.9,1098.6,1097.4,1098.0,17254,0
2025-12-23 12:10:00+05:30,1098.0,1102.9,1097.8,1100.7,151265,0
2025-12-23 12:15:00+05:30,1100.8,1101.5,1099.7,1101.3,6631,0
2025-12-23 12:20:00+05:30,1101.2,1102.9,1100.7,1101.4,18595,0
2025-12-23 12:25:00+05:30,1101.4,1101.6,1099.5,1099.7,6741,0
2025-12-23 12:30:00+05:30,1099.8,1100.0,1098.8,1099.0,2657,0
2025-12-23 12:35:00+05:30,1099.0,1100.2,1097.9,1098.4,16258,0
2025-12-23 12:40:00+05:30,1098.5,1099.1,1098.1,1098.2,956,0
2025-12-23 12:45:00+05:30,1098.5,1098.8,1098.3,1098.5,1325,0
2025-12-23 12:50:00+05:30,1098.6,1099.1,1098.5,1098.9,1291,0
2025-12-23 12:55:00+05:30,1099.0,1099.7,1098.2,1099.0,21405,0
2025-12-23 13:00:00+05:30,1099.0,1100.3,1098.8,1099.7,7094,0
2025-12-23 13:05:00+05:30,1099.7,1099.8,1099.0,1099.2,1048,0
2025-12-23 13:10:00+05:30,1099.2,1099.7,1098.9,1099.3,1525,0
2025-12-23 13:15:00+05:30,1099.3,1099.4,1098.1,1099.3,6428,0
2025-12-23 13:20:00+05:30,1099.3,1099.5,1098.8,1099.0,5389,0
2025-12-23 13:25:00+05:30,1099.0,1100.0,1098.6,1099.6,10601,0
2025-12-23 13:30:00+05:30,1099.6,1099.9,1098.7,1099.1,3563,0
2025-12-23 13:35:00+05:30,1099.1,1099.8,1098.8,1099.5,1640,0
2025-12-23 13:40:00+05:30,1099.5,1099.5,1098.9,1099.1,1021,0
2025-12-23 13:45:00+05:30,1099.1,1099.5,1098.8,1099.2,2262,0
2025-12-23 13:50:00+05:30,1099.4,1099.5,1099.0,1099.1,1222,0
2025-12-23 13:55:00+05:30,1099.4,1100.0,1099.0,1099.2,4829,0
2025-12-23 14:00:00+05:30,1099.4,1100.0,1099.1,1099.7,5334,0
2025-12-23 14:05:00+05:30,1100.0,1100.0,1099.0,1099.1,1716,0
2025-12-23 14:10:00+05:30,1099.4,1099.5,1098.4,1098.8,1595,0
2025-12-23 14:15:00+05:30,1098.8,1100.0,1098.7,1099.6,28818,0
2025-12-23 14:20:00+05:30,1099.6,1099.7,1098.6,1099.3,3132,0
2025-12-23 14:25:00+05:30,1099.2,1099.5,1097.4,1098.4,6910,0
2025-12-23 14:30:00+05:30,1098.4,1098.7,1096.4,1096.4,7403,0
2025-12-23 14:35:00+05:30,1096.8,1097.5,1096.3,1096.4,6784,0
2025-12-23 14:40:00+05:30,1096.8,1097.0,1093.0,1093.0,25342,0
2025-12-23 14:45:00+05:30,1093.2,1095.0,1092.0,1093.9,19883,0
2025-12-23 14:50:00+05:30,1094.3,1094.5,1093.0,1093.4,6587,0
2025-12-23 14:55:00+05:30,1094.0,1096.0,1093.8,1095.9,6312,0
2025-12-23 15:00:00+05:30,1096.0,1097.3,1093.6,1094.8,15028,0
2025-12-23 15:05:00+05:30,1094.2,1094.8,1093.5,1093.5,10925,0
2025-12-23 15:10:00+05:30,1094.0,1095.4,1093.7,1095.0,14788,0
2025-12-23 15:15:00+05:30,1095.0,1095.2,1093.9,1094.2,13843,0
2025-12-23 15:20:00+05:30,1094.2,1098.5,1093.7,1097.9,76950,0
2025-12-23 15:25:00+05:30,1098.4,1098.9,1095.0,1095.9,68401,0
2025-12-24 09:15:00+05:30,1099.5,1103.3,1095.9,1099.4,28108,0
2025-12-24 09:20:00+05:30,1099.4,1100.9,1097.6,1099.7,12804,0
2025-12-24 09:25:00+05:30,1099.1,1101.7,1099.1,1101.3,6057,0
2025-12-24 09:30:00+05:30,1101.0,1101.8,1098.8,1098.9,8381,0
2025-12-24 09:35:00+05:30,1098.9,1100.2,1098.3,1100.2,11486,0
2025-12-24 09:40:00+05:30,1100.3,1101.1,1099.8,1100.7,4278,0
2025-12-24 09:45:00+05:30,1100.3,1100.7,1098.3,1098.8,4526,0
2025-12-24 09:50:00+05:30,1098.8,1099.3,1098.1,1098.3,5305,0
2025-12-24 09:55:00+05:30,1098.1,1098.2,1096.1,1096.1,7707,0
2025-12-24 10:00:00+05:30,1096.1,1097.0,1095.1,1095.1,6435,0
2025-12-24 10:05:00+05:30,1095.1,1095.5,1094.5,1095.0,12006,0
2025-12-24 10:10:00+05:30,1095.0,1096.1,1094.6,1094.7,5858,0
2025-12-24 10:15:00+05:30,1094.7,1094.9,1092.8,1093.5,13387,0
2025-12-24 10:20:00+05:30,1093.3,1095.0,1092.9,1093.0,22717,0
2025-12-24 10:25:00+05:30,1093.0,1094.0,1092.4,1093.5,6950,0
2025-12-24 10:30:00+05:30,1093.3,1093.7,1093.0,1093.1,5305,0
2025-12-24 10:35:00+05:30,1093.1,1094.2,1093.0,1093.3,7799,0
2025-12-24 10:40:00+05:30,1093.3,1094.0,1092.6,1093.0,4530,0
2025-12-24 10:45:00+05:30,1092.6,1093.5,1091.8,1091.8,7110,0
2025-12-24 10:50:00+05:30,1091.8,1092.5,1091.1,1091.2,20610,0
2025-12-24 10:55:00+05:30,1091.2,1093.4,1089.9,1092.2,27147,0
2025-12-24 11:00:00+05:30,1092.2,1093.0,1092.0,1092.1,6345,0
2025-12-24 11:05:00+05:30,1092.1,1094.0,1092.1,1093.8,13134,0
2025-12-24 11:10:00+05:30,1093.8,1093.8,1092.0,1092.0,6471,0
2025-12-24 11:15:00+05:30,1092.0,1093.0,1091.2,1091.5,7110,0
2025-12-24 11:20:00+05:30,1091.5,1093.4,1091.5,1091.8,7185,0
2025-12-24 11:25:00+05:30,1091.5,1092.1,1090.6,1091.7,14470,0
2025-12-24 11:30:00+05:30,1091.1,1092.7,1091.0,1091.7,8667,0
2025-12-24 11:35:00+05:30,1091.5,1092.2,1091.2,1091.4,6377,0
2025-12-24 11:40:00+05:30,1091.2,1094.1,1091.0,1093.2,13326,0
2025-12-24 11:45:00+05:30,1093.2,1093.8,1091.0,1091.5,8521,0
2025-12-24 11:50:00+05:30,1091.4,1091.5,1090.1,1090.2,8630,0
2025-12-24 11:55:00+05:30,1090.1,1090.8,1089.6,1090.7,6879,0
2025-12-24 12:00:00+05:30,1090.3,1092.0,1090.1,1091.2,6664,0
2025-12-24 12:05:00+05:30,1091.1,1093.1,1090.8,1093.0,6860,0
2025-12-24 12:10:00+05:30,1092.4,1093.2,1091.4,1091.6,4938,0
2025-12-24 12:15:00+05:30,1091.6,1092.9,1091.0,1092.6,19482,0
2025-12-24 12:20:00+05:30,1091.9,1092.7,1091.4,1092.1,4482,0
2025-12-24 12:25:00+05:30,1092.0,1094.5,1091.5,1094.0,12808,0
2025-12-24 12:30:00+05:30,1093.8,1094.5,1093.3,1093.7,8068,0
2025-12-24 12:35:00+05:30,1093.7,1094.9,1093.5,1093.6,5347,0
2025-12-24 12:40:00+05:30,1093.7,1094.6,1092.7,1093.0,5781,0
2025-12-24 12:45:00+05:30,1092.9,1093.8,1092.1,1092.2,10761,0
2025-12-24 12:50:00+05:30,1092.1,1092.8,1091.2,1092.4,8989,0
2025-12-24 12:55:00+05:30,1092.3,1093.3,1092.1,1092.9,5102,0
2025-12-24 13:00:00+05:30,1092.8,1093.7,1092.1,1093.4,5144,0
2025-12-24 13:05:00+05:30,1093.4,1095.0,1093.2,1093.3,12319,0
2025-12-24 13:10:00+05:30,1093.6,1094.4,1093.0,1093.5,10716,0
2025-12-24 13:15:00+05:30,1093.0,1093.7,1092.9,1093.0,5163,0
2025-12-24 13:20:00+05:30,1093.0,1093.7,1092.9,1093.7,7570,0
2025-12-24 13:25:00+05:30,1093.2,1093.9,1093.0,1093.1,4976,0
2025-12-24 13:30:00+05:30,1093.1,1093.6,1092.7,1093.1,9646,0
2025-12-24 13:35:00+05:30,1093.1,1094.0,1093.0,1094.0,6257,0
2025-12-24 13:40:00+05:30,1093.8,1094.0,1093.1,1093.8,7165,0
2025-12-24 13:45:00+05:30,1093.8,1094.4,1093.1,1093.8,6294,0
2025-12-24 13:50:00+05:30,1093.7,1095.7,1093.2,1094.5,9882,0
2025-12-24 13:55:00+05:30,1094.5,1094.9,1093.1,1094.1,8082,0
2025-12-24 14:00:00+05:30,1094.1,1094.6,1091.5,1092.0,8141,0
2025-12-24 14:05:00+05:30,1092.1,1093.0,1090.7,1093.0,27592,0
2025-12-24 14:10:00+05:30,1093.0,1093.3,1091.3,1091.9,8489,0
2025-12-24 14:15:00+05:30,1091.7,1092.6,1091.3,1091.7,7992,0
2025-12-24 14:20:00+05:30,1091.7,1092.2,1089.7,1090.3,27328,0
2025-12-24 14:25:00+05:30,1090.0,1090.7,1088.5,1089.8,32376,0
2025-12-24 14:30:00+05:30,1089.8,1090.9,1089.6,1090.0,12131,0
2025-12-24 14:35:00+05:30,1089.9,1090.1,1089.0,1089.6,10724,0
2025-12-24 14:40:00+05:30,1089.4,1090.1,1089.1,1089.6,6868,0
2025-12-24 14:45:00+05:30,1090.0,1090.4,1089.4,1089.9,9274,0
2025-12-24 14:50:00+05:30,1089.6,1090.4,1089.3,1090.0,15647,0
2025-12-24 14:55:00+05:30,1090.0,1091.7,1089.4,1091.0,9293,0
2025-12-24 15:00:00+05:30,1091.5,1093.4,1091.1,1091.7,23515,0
2025-12-24 15:05:00+05:30,1092.1,1092.8,1091.6,1092.1,7911,0
2025-12-24 15:10:00+05:30,1092.0,1092.1,1090.5,1090.8,12231,0
2025-12-24 15:15:00+05:30,1090.7,1092.2,1090.3,1091.8,23464,0
2025-12-24 15:20:00+05:30,1091.8,1092.0,1090.7,1091.5,18657,0
2025-12-24 15:25:00+05:30,1091.5,1092.0,1088.1,1091.2,16737,0
2025-12-26 09:15:00+05:30,1092.1,1095.1,1087.0,1089.0,35473,0
2025-12-26 09:20:00+05:30,1089.2,1089.5,1086.7,1087.3,9922,0
2025-12-26 09:25:00+05:30,1087.7,1089.4,1087.4,1088.1,12322,0
2025-12-26 09:30:00+05:30,1088.1,1090.5,1087.0,1088.7,7651,0
2025-12-26 09:35:00+05:30,1088.7,1088.7,1085.5,1086.3,9618,0
2025-12-26 09:40:00+05:30,1086.1,1087.0,1086.0,1086.4,2082,0
2025-12-26 09:45:00+05:30,1086.2,1087.4,1086.1,1086.7,5646,0
2025-12-26 09:50:00+05:30,1086.5,1086.6,1083.7,1085.1,12198,0
2025-12-26 09:55:00+05:30,1085.1,1085.7,1084.4,1085.3,7399,0
2025-12-26 10:00:00+05:30,1084.9,1085.7,1083.4,1084.1,13398,0
2025-12-26 10:05:00+05:30,1083.8,1084.0,1082.3,1082.4,9048,0
2025-12-26 10:10:00+05:30,1082.3,1083.8,1082.0,1082.9,8389,0
2025-12-26 10:15:00+05:30,1082.9,1084.0,1082.5,1084.0,3305,0
2025-12-26 10:20:00+05:30,1083.5,1085.0,1083.3,1084.2,6613,0
2025-12-26 10:25:00+05:30,1084.2,1085.5,1084.2,1085.5,2240,0
2025-12-26 10:30:00+05:30,1085.2,1086.1,1083.1,1083.5,7632,0
2025-12-26 10:35:00+05:30,1083.0,1084.0,1082.1,1082.1,12208,0
2025-12-26 10:40:00+05:30,1082.0,1088.1,1082.0,1086.2,107915,0
2025-12-26 10:45:00+05:30,1086.1,1092.4,1085.5,1090.2,153320,0
2025-12-26 10:50:00+05:30,1090.2,1091.6,1090.0,1090.0,22623,0
2025-12-26 10:55:00+05:30,1090.0,1091.6,1090.0,1090.8,16888,0
2025-12-26 11:00:00+05:30,1090.5,1092.5,1089.4,1090.6,75962,0
2025-12-26 11:05:00+05:30,1090.4,1091.5,1090.0,1090.0,39309,0
2025-12-26 11:10:00+05:30,1090.0,1091.5,1089.6,1090.9,69574,0
2025-12-26 11:15:00+05:30,1090.4,1091.2,1087.9,1090.0,50377,0
2025-12-26 11:20:00+05:30,1090.0,1090.1,1089.2,1090.0,83302,0
2025-12-26 11:25:00+05:30,1090.0,1090.4,1089.7,1090.0,42982,0
2025-12-26 11:30:00+05:30,1089.8,1090.6,1087.5,1087.8,56267,0
2025-12-26 11:35:00+05:30,1088.0,1088.5,1085.9,1086.6,2625,0
2025-12-26 11:40:00+05:30,1086.1,1088.0,1086.1,1088.0,1673,0
2025-12-26 11:45:00+05:30,1087.7,1088.0,1087.2,1087.5,1100,0
2025-12-26 11:50:00+05:30,1087.5,1090.0,1087.5,1089.0,4048,0
2025-12-26 11:55:00+05:30,1089.0,1091.0,1089.0,1089.1,14566,0
2025-12-26 12:00:00+05:30,1089.1,1089.6,1088.6,1089.0,952,0
2025-12-26 12:05:00+05:30,1088.9,1094.8,1088.9,1094.8,60405,0
2025-12-26 12:10:00+05:30,1094.5,1098.0,1094.1,1097.9,17443,0
2025-12-26 12:15:00+05:30,1097.4,1099.7,1097.1,1097.9,12949,0
2025-12-26 12:20:00+05:30,1097.6,1098.0,1095.7,1096.3,5257,0
2025-12-26 12:25:00+05:30,1096.3,1097.0,1094.1,1094.3,3824,0
2025-12-26 12:30:00+05:30,1094.2,1094.7,1093.2,1094.2,3854,0
2025-12-26 12:35:00+05:30,1093.8,1095.0,1093.8,1094.7,1987,0
2025-12-26 12:40:00+05:30,1094.6,1094.7,1093.0,1093.4,1089,0
2025-12-26 12:45:00+05:30,1093.1,1096.0,1093.0,1096.0,3917,0
2025-12-26 12:50:00+05:30,1095.6,1098.9,1095.6,1097.0,6083,0
2025-12-26 12:55:00+05:30,1097.0,1099.0,1096.2,1098.1,6904,0
2025-12-26 13:00:00+05:30,1098.0,1098.4,1094.5,1094.9,4487,0
2025-12-26 13:05:00+05:30,1094.5,1096.3,1094.5,1095.9,3961,0
2025-12-26 13:10:00+05:30,1095.6,1096.2,1095.4,1095.7,1612,0
2025-12-26 13:15:00+05:30,1095.7,1097.0,1093.5,1093.9,26154,0
2025-12-26 13:20:00+05:30,1093.8,1094.0,1093.2,1093.7,2792,0
2025-12-26 13:25:00+05:30,1093.3,1093.9,1093.1,1093.7,3549,0
2025-12-26 13:30:00+05:30,1093.2,1094.0,1093.2,1093.7,3926,0
2025-12-26 13:35:00+05:30,1093.6,1093.7,1092.8,1093.3,2285,0
2025-12-26 13:40:00+05:30,1093.0,1093.6,1092.7,1093.1,2174,0
2025-12-26 13:45:00+05:30,1092.8,1093.6,1092.5,1093.0,5515,0
2025-12-26 13:50:00+05:30,1092.8,1093.7,1091.7,1092.8,9570,0
2025-12-26 13:55:00+05:30,1092.5,1094.4,1091.5,1092.6,33614,0
2025-12-26 14:00:00+05:30,1092.6,1094.8,1092.6,1094.2,5699,0
2025-12-26 14:05:00+05:30,1094.0,1094.7,1093.8,1094.5,4748,0
2025-12-26 14:10:00+05:30,1094.4,1094.7,1093.4,1094.5,2394,0
2025-12-26 14:15:00+05:30,1094.2,1094.8,1093.7,1094.1,2787,0
2025-12-26 14:20:00+05:30,1094.1,1094.5,1093.1,1094.0,4037,0
2025-12-26 14:25:00+05:30,1093.6,1094.0,1093.1,1093.5,8636,0
2025-12-26 14:30:00+05:30,1093.3,1093.5,1091.9,1092.4,15703,0
2025-12-26 14:35:00+05:30,1092.4,1093.0,1091.6,1092.3,8959,0
2025-12-26 14:40:00+05:30,1091.9,1093.0,1091.7,1092.7,2293,0
2025-12-26 14:45:00+05:30,1092.4,1092.7,1090.1,1091.5,14216,0
2025-12-26 14:50:00+05:30,1091.2,1092.0,1091.2,1091.5,2152,0
2025-12-26 14:55:00+05:30,1091.3,1094.4,1091.2,1094.4,15159,0
2025-12-26 15:00:00+05:30,1094.0,1095.0,1093.0,1094.2,6632,0
2025-12-26 15:05:00+05:30,1094.2,1095.6,1093.6,1094.2,15634,0
2025-12-26 15:10:00+05:30,1094.5,1095.0,1093.7,1094.9,11795,0
2025-12-26 15:15:00+05:30,1094.9,1095.0,1093.5,1093.7,19696,0
2025-12-26 15:20:00+05:30,1093.8,1095.3,1093.7,1094.1,17801,0
2025-12-26 15:25:00+05:30,1093.9,1095.1,1092.5,1094.3,26887,0
2025-12-29 09:15:00+05:30,1100.0,1101.9,1092.2,1096.2,62519,0
2025-12-29 09:20:00+05:30,1096.2,1100.0,1095.5,1098.7,22531,0
2025-12-29 09:25:00+05:30,1098.6,1099.8,1096.4,1098.3,41270,0
2025-12-29 09:30:00+05:30,1098.3,1103.0,1098.0,1100.2,58323,0
2025-12-29 09:35:00+05:30,1100.7,1103.8,1100.1,1103.8,36498,0
2025-12-29 09:40:00+05:30,1103.4,1105.0,1102.5,1103.5,77589,0
2025-12-29 09:45:00+05:30,1104.0,1107.0,1103.0,1106.1,93841,0
2025-12-29 09:50:00+05:30,1106.7,1107.9,1105.4,1105.9,91165,0
2025-12-29 09:55:00+05:30,1106.2,1107.1,1104.1,1105.9,103723,0
2025-12-29 10:00:00+05:30,1105.3,1106.2,1104.2,1105.3,104811,0
2025-12-29 10:05:00+05:30,1105.6,1106.8,1105.2,1106.0,88919,0
2025-12-29 10:10:00+05:30,1105.9,1106.9,1103.6,1103.6,36171,0
2025-12-29 10:15:00+05:30,1103.6,1104.4,1102.7,1103.3,29377,0
2025-12-29 10:20:00+05:30,1103.5,1104.8,1102.7,1103.8,17493,0
2025-12-29 10:25:00+05:30,1103.9,1106.0,1103.5,1105.5,17538,0
2025-12-29 10:30:00+05:30,1105.7,1107.8,1105.0,1105.6,40321,0
2025-12-29 10:35:00+05:30,1105.5,1106.4,1104.0,1105.5,19857,0
2025-12-29 10:40:00+05:30,1105.1,1105.4,1102.9,1103.5,31044,0
2025-12-29 10:45:00+05:30,1103.5,1104.7,1101.3,1101.3,59371,0
2025-12-29 10:50:00+05:30,1101.9,1104.0,1100.7,1103.3,43667,0
2025-12-29 10:55:00+05:30,1103.6,1104.0,1102.1,1102.1,16602,0
2025-12-29 11:00:00+05:30,1102.1,1104.0,1102.0,1103.9,20370,0
2025-12-29 11:05:00+05:30,1103.7,1104.8,1103.0,1103.9,20010,0
2025-12-29 11:10:00+05:30,1104.2,1104.8,1103.2,1103.3,18007,0
2025-12-29 11:15:00+05:30,1103.5,1105.8,1103.3,1105.1,23161,0
2025-12-29 11:20:00+05:30,1105.1,1105.3,1103.9,1104.6,22078,0
2025-12-29 11:25:00+05:30,1104.4,1107.0,1104.2,1106.2,35631,0
2025-12-29 11:30:00+05:30,1106.5,1108.7,1105.4,1107.9,45782,0
2025-12-29 11:35:00+05:30,1107.7,1108.9,1107.5,1108.5,16899,0
2025-12-29 11:40:00+05:30,1108.1,1108.8,1106.5,1106.8,30417,0
2025-12-29 11:45:00+05:30,1107.1,1108.2,1105.7,1108.0,21824,0
2025-12-29 11:50:00+05:30,1107.7,1110.0,1106.9,1109.6,57339,0
2025-12-29 11:55:00+05:30,1110.0,1110.6,1109.0,1110.0,34951,0
2025-12-29 12:00:00+05:30,1110.3,1111.0,1106.0,1106.4,39006,0
2025-12-29 12:05:00+05:30,1106.3,1106.4,1105.0,1106.3,16324,0
2025-12-29 12:10:00+05:30,1106.2,1106.6,1105.0,1105.8,192499,0
2025-12-29 12:15:00+05:30,1106.0,1106.2,1102.3,1102.3,108901,0
2025-12-29 12:20:00+05:30,1102.3,1102.7,1097.3,1098.0,49541,0
2025-12-29 12:25:00+05:30,1097.8,1100.3,1097.8,1100.3,16017,0
2025-12-29 12:30:00+05:30,1099.4,1101.3,1098.5,1099.4,20144,0
2025-12-29 12:35:00+05:30,1099.2,1099.6,1098.3,1098.7,4695,0
2025-12-29 12:40:00+05:30,1098.4,1101.2,1098.1,1101.1,7657,0
2025-12-29 12:45:00+05:30,1100.9,1102.4,1100.6,1101.5,5185,0
2025-12-29 12:50:00+05:30,1101.3,1102.5,1101.1,1102.5,2908,0
2025-12-29 12:55:00+05:30,1102.5,1102.5,1097.8,1097.9,24101,0
2025-12-29 13:00:00+05:30,1097.8,1098.3,1096.4,1097.1,24321,0
2025-12-29 13:05:00+05:30,1097.1,1098.1,1095.1,1095.1,33949,0
2025-12-29 13:10:00+05:30,1095.2,1096.0,1093.9,1094.8,39203,0
2025-12-29 13:15:00+05:30,1094.6,1096.2,1094.5,1095.3,27794,0
2025-12-29 13:20:00+05:30,1095.3,1095.6,1094.0,1094.4,24802,0
2025-12-29 13:25:00+05:30,1094.4,1095.2,1093.4,1093.5,26755,0
2025-12-29 13:30:00+05:30,1093.4,1094.9,1092.1,1094.2,36683,0
2025-12-29 13:35:00+05:30,1094.7,1096.0,1092.1,1092.2,54354,0
2025-12-29 13:40:00+05:30,1092.2,1093.0,1090.9,1092.4,108850,0
2025-12-29 13:45:00+05:30,1092.4,1093.8,1092.3,1092.6,34931,0
2025-12-29 13:50:00+05:30,1092.5,1093.9,1091.9,1093.4,27603,0
2025-12-29 13:55:00+05:30,1093.7,1094.6,1092.0,1093.9,28458,0
2025-12-29 14:00:00+05:30,1093.9,1094.2,1092.7,1093.0,26560,0
2025-12-29 14:05:00+05:30,1092.9,1094.6,1092.7,1092.9,28267,0
2025-12-29 14:10:00+05:30,1093.1,1093.5,1092.0,1092.3,26705,0
2025-12-29 14:15:00+05:30,1092.2,1092.4,1089.4,1090.3,33723,0
2025-12-29 14:20:00+05:30,1090.2,1093.5,1089.6,1092.5,38452,0
2025-12-29 14:25:00+05:30,1092.9,1093.5,1091.5,1091.5,47442,0
2025-12-29 14:30:00+05:30,1091.5,1093.3,1090.8,1091.8,54874,0
2025-12-29 14:35:00+05:30,1091.8,1092.4,1090.3,1091.4,31472,0
2025-12-29 14:40:00+05:30,1090.8,1091.9,1090.2,1091.5,47393,0
2025-12-29 14:45:00+05:30,1091.5,1092.0,1090.0,1091.0,30394,0
2025-12-29 14:50:00+05:30,1091.0,1092.0,1090.1,1091.0,29427,0
2025-12-29 14:55:00+05:30,1091.0,1093.3,1090.6,1093.3,68768,0
2025-12-29 15:00:00+05:30,1092.7,1095.3,1092.7,1094.1,41692,0
2025-12-29 15:05:00+05:30,1094.1,1094.4,1092.5,1093.0,25987,0
2025-12-29 15:10:00+05:30,1092.9,1093.8,1092.5,1093.2,30740,0
2025-12-29 15:15:00+05:30,1093.2,1093.9,1091.7,1091.7,52265,0
2025-12-29 15:20:00+05:30,1091.6,1093.0,1091.2,1091.5,43991,0
2025-12-29 15:25:00+05:30,1091.9,1092.8,1090.1,1092.5,32543,0
2025-12-30 09:15:00+05:30,1093.0,1095.1,1089.5,1092.4,23913,0
2025-12-30 09:20:00+05:30,1092.0,1093.2,1090.5,1091.8,15163,0
2025-12-30 09:25:00+05:30,1091.8,1093.5,1091.6,1092.7,16359,0
2025-12-30 09:30:00+05:30,1092.7,1094.2,1091.6,1094.2,15405,0
2025-12-30 09:35:00+05:30,1094.5,1094.8,1093.1,1094.5,3923,0
2025-12-30 09:40:00+05:30,1094.7,1096.9,1093.5,1096.3,25501,0
2025-12-30 09:45:00+05:30,1096.3,1097.4,1095.0,1095.7,10052,0
2025-12-30 09:50:00+05:30,1095.7,1097.8,1095.4,1097.6,11265,0
2025-12-30 09:55:00+05:30,1097.6,1097.8,1097.0,1097.7,7156,0
2025-12-30 10:00:00+05:30,1097.7,1097.9,1096.4,1097.2,6712,0
2025-12-30 10:05:00+05:30,1097.5,1097.5,1095.5,1096.3,40450,0
2025-12-30 10:10:00+05:30,1096.3,1099.0,1096.0,1098.8,11065,0
2025-12-30 10:15:00+05:30,1098.8,1101.0,1098.4,1100.8,15272,0
2025-12-30 10:20:00+05:30,1100.8,1101.0,1099.0,1100.5,14084,0
2025-12-30 10:25:00+05:30,1100.0,1100.5,1098.3,1099.6,9160,0
2025-12-30 10:30:00+05:30,1099.7,1100.3,1098.6,1098.6,6737,0
2025-12-30 10:35:00+05:30,1098.9,1098.9,1098.0,1098.5,6507,0
2025-12-30 10:40:00+05:30,1098.5,1099.5,1097.6,1098.8,6759,0
2025-12-30 10:45:00+05:30,1098.8,1099.8,1098.1,1099.1,6630,0
2025-12-30 10:50:00+05:30,1099.2,1099.9,1097.6,1097.7,5393,0
2025-12-30 10:55:00+05:30,1097.8,1097.8,1096.6,1097.0,7487,0
2025-12-30 11:00:00+05:30,1097.0,1098.2,1096.8,1097.5,4969,0
2025-12-30 11:05:00+05:30,1097.8,1098.0,1097.0,1097.7,4552,0
2025-12-30 11:10:00+05:30,1097.5,1098.7,1097.3,1098.3,6604,0
2025-12-30 11:15:00+05:30,1098.3,1099.8,1097.8,1099.5,7706,0
2025-12-30 11:20:00+05:30,1099.5,1099.9,1097.4,1098.5,11980,0
2025-12-30 11:25:00+05:30,1098.4,1099.6,1097.8,1099.4,10752,0
2025-12-30 11:30:00+05:30,1099.4,1099.5,1097.6,1098.0,13178,0
2025-12-30 11:35:00+05:30,1098.0,1098.8,1097.2,1097.9,10351,0
2025-12-30 11:40:00+05:30,1098.2,1099.1,1097.3,1097.4,12944,0
2025-12-30 11:45:00+05:30,1097.5,1098.2,1096.2,1097.7,11438,0
2025-12-30 11:50:00+05:30,1097.7,1097.7,1096.2,1096.3,9237,0
2025-12-30 11:55:00+05:30,1096.3,1097.0,1096.0,1096.6,6115,0
2025-12-30 12:00:00+05:30,1097.0,1097.1,1094.5,1095.5,12889,0
2025-12-30 12:05:00+05:30,1095.5,1095.6,1094.0,1094.6,14703,0
2025-12-30 12:10:00+05:30,1095.1,1095.1,1093.3,1093.9,10027,0
2025-12-30 12:15:00+05:30,1093.9,1095.0,1093.5,1094.9,9452,0
2025-12-30 12:20:00+05:30,1094.7,1094.7,1093.5,1093.9,8162,0
2025-12-30 12:25:00+05:30,1093.9,1094.5,1093.5,1093.5,7385,0
2025-12-30 12:30:00+05:30,1093.6,1094.0,1093.3,1094.0,9192,0
2025-12-30 12:35:00+05:30,1093.9,1094.4,1093.4,1094.4,14295,0
2025-12-30 12:40:00+05:30,1094.5,1094.6,1093.8,1094.4,8692,0
2025-12-30 12:45:00+05:30,1094.5,1094.5,1094.1,1094.3,6016,0
2025-12-30 12:50:00+05:30,1094.3,1094.5,1093.8,1094.5,5044,0
2025-12-30 12:55:00+05:30,1094.4,1094.8,1093.6,1094.3,6241,0
2025-12-30 13:00:00+05:30,1094.4,1095.1,1093.8,1094.3,13414,0
2025-12-30 13:05:00+05:30,1094.3,1096.4,1094.0,1095.5,26448,0
2025-12-30 13:10:00+05:30,1095.6,1095.6,1094.1,1094.7,13457,0
2025-12-30 13:15:00+05:30,1094.7,1095.2,1094.2,1095.0,21644,0
2025-12-30 13:20:00+05:30,1095.0,1095.0,1093.5,1093.9,6807,0
2025-12-30 13:25:00+05:30,1094.0,1098.6,1092.8,1098.4,51271,0
2025-12-30 13:30:00+05:30,1098.0,1101.1,1098.0,1099.2,33357,0
2025-12-30 13:35:00+05:30,1099.2,1101.8,1098.3,1101.6,55507,0
2025-12-30 13:40:00+05:30,1101.7,1104.3,1101.1,1104.3,26215,0
2025-12-30 13:45:00+05:30,1104.2,1106.5,1103.9,1105.7,47962,0
2025-12-30 13:50:00+05:30,1105.1,1107.0,1105.1,1107.0,25249,0
2025-12-30 13:55:00+05:30,1107.2,1110.0,1107.0,1109.8,99134,0
2025-12-30 14:00:00+05:30,1109.8,1110.0,1107.6,1108.0,52893,0
2025-12-30 14:05:00+05:30,1108.0,1109.4,1107.0,1107.6,16650,0
2025-12-30 14:10:00+05:30,1107.5,1108.4,1107.0,1107.6,12760,0
2025-12-30 14:15:00+05:30,1107.6,1110.4,1107.4,1110.3,15314,0
2025-12-30 14:20:00+05:30,1110.3,1110.4,1108.6,1109.3,13689,0
2025-12-30 14:25:00+05:30,1109.6,1110.1,1108.4,1109.6,36495,0
2025-12-30 14:30:00+05:30,1109.6,1111.4,1108.8,1110.4,24118,0
2025-12-30 14:35:00+05:30,1110.6,1111.4,1109.6,1111.4,12364,0
2025-12-30 14:40:00+05:30,1111.4,1112.3,1111.1,1112.3,13940,0
2025-12-30 14:45:00+05:30,1112.3,1112.8,1110.7,1111.8,25200,0
2025-12-30 14:50:00+05:30,1111.6,1112.5,1110.9,1111.4,15700,0
2025-12-30 14:55:00+05:30,1111.5,1113.0,1110.6,1112.0,21578,0
2025-12-30 15:00:00+05:30,1112.5,1113.0,1109.1,1109.5,58228,0
2025-12-30 15:05:00+05:30,1109.4,1111.4,1108.5,1111.1,55547,0
2025-12-30 15:10:00+05:30,1111.4,1113.0,1111.0,1111.7,69467,0
2025-12-30 15:15:00+05:30,1111.6,1112.7,1109.9,1112.7,93322,0
2025-12-30 15:20:00+05:30,1112.3,1112.9,1111.2,1112.1,66664,0
2025-12-30 15:25:00+05:30,1112.2,1114.0,1108.5,1110.0,96113,0
2025-12-31 09:15:00+05:30,1156.0,1159.1,1132.6,1152.5,910620,0
2025-12-31 09:20:00+05:30,1152.2,1162.4,1152.1,1162.4,470423,0
2025-12-31 09:25:00+05:30,1162.0,1162.3,1154.0,1158.0,240276,0
2025-12-31 09:30:00+05:30,1157.9,1163.4,1157.0,1162.0,160754,0
2025-12-31 09:35:00+05:30,1161.8,1164.0,1159.1,1161.2,192387,0
2025-12-31 09:40:00+05:30,1161.3,1164.0,1155.0,1155.6,164771,0
2025-12-31 09:45:00+05:30,1155.2,1159.9,1155.0,1159.9,106363,0
2025-12-31 09:50:00+05:30,1159.9,1163.2,1158.0,1162.8,145872,0
2025-12-31 09:55:00+05:30,1162.8,1167.4,1161.0,1164.4,228127,0
2025-12-31 10:00:00+05:30,1164.7,1165.3,1163.0,1163.2,71937,0
2025-12-31 10:05:00+05:30,1163.6,1166.5,1163.2,1166.0,71431,0
2025-12-31 10:10:00+05:30,1166.0,1166.4,1164.5,1166.1,72484,0
2025-12-31 10:15:00+05:30,1166.0,1166.5,1164.0,1164.5,46904,0
2025-12-31 10:20:00+05:30,1164.1,1167.8,1164.0,1165.5,65481,0
2025-12-31 10:25:00+05:30,1165.6,1167.0,1165.0,1166.2,48311,0
2025-12-31 10:30:00+05:30,1165.9,1167.0,1161.9,1164.1,96636,0
2025-12-31 10:35:00+05:30,1164.1,1165.7,1164.0,1165.0,41202,0
2025-12-31 10:40:00+05:30,1164.7,1166.8,1164.2,1165.7,61676,0
2025-12-31 10:45:00+05:30,1165.7,1167.0,1165.4,1166.3,61791,0
2025-12-31 10:50:00+05:30,1166.3,1169.0,1165.5,1166.3,115949,0
2025-12-31 10:55:00+05:30,1166.3,1166.8,1163.5,1163.8,91321,0
2025-12-31 11:00:00+05:30,1163.9,1167.1,1163.9,1166.3,48035,0
2025-12-31 11:05:00+05:30,1166.3,1167.2,1165.5,1166.0,29770,0
2025-12-31 11:10:00+05:30,1166.4,1166.5,1165.5,1165.7,18236,0
2025-12-31 11:15:00+05:30,1165.9,1166.3,1164.2,1165.0,100279,0
2025-12-31 11:20:00+05:30,1165.3,1166.6,1163.1,1165.3,90341,0
2025-12-31 11:25:00+05:30,1165.9,1166.0,1163.9,1164.5,55113,0
2025-12-31 11:30:00+05:30,1164.5,1166.0,1162.9,1164.9,103513,0
2025-12-31 11:35:00+05:30,1164.9,1166.2,1164.5,1164.8,34113,0
2025-12-31 11:40:00+05:30,1164.8,1166.9,1164.8,1166.8,28499,0
2025-12-31 11:45:00+05:30,1166.3,1167.9,1165.2,1166.1,58984,0
2025-12-31 11:50:00+05:30,1166.1,1166.4,1165.2,1165.4,27193,0
2025-12-31 11:55:00+05:30,1165.4,1166.0,1165.0,1165.8,28034,0
2025-12-31 12:00:00+05:30,1165.8,1166.5,1165.3,1165.7,26450,0
2025-12-31 12:05:00+05:30,1165.9,1167.0,1165.5,1166.0,20726,0
2025-12-31 12:10:00+05:30,1166.1,1166.8,1165.8,1166.0,17484,0
2025-12-31 12:15:00+05:30,1166.2,1166.5,1165.1,1166.0,28946,0
2025-12-31 12:20:00+05:30,1166.0,1166.5,1165.5,1166.3,15561,0
2025-12-31 12:25:00+05:30,1166.3,1166.4,1166.0,1166.1,17056,0
2025-12-31 12:30:00+05:30,1166.1,1166.8,1165.0,1166.2,46955,0
2025-12-31 12:35:00+05:30,1166.2,1166.5,1165.3,1166.2,24558,0
2025-12-31 12:40:00+05:30,1166.0,1166.4,1165.5,1166.4,33486,0
2025-12-31 12:45:00+05:30,1166.1,1166.4,1162.5,1163.7,68525,0
2025-12-31 12:50:00+05:30,1164.1,1164.1,1162.1,1163.6,39920,0
2025-12-31 12:55:00+05:30,1163.6,1164.9,1163.3,1163.8,23862,0
2025-12-31 13:00:00+05:30,1163.8,1165.2,1163.8,1164.2,40189,0
2025-12-31 13:05:00+05:30,1164.4,1164.6,1162.4,1163.5,32909,0
2025-12-31 13:10:00+05:30,1163.5,1164.0,1161.3,1162.9,38509,0
2025-12-31 13:15:00+05:30,1163.0,1163.8,1162.9,1163.5,18486,0
2025-12-31 13:20:00+05:30,1163.4,1165.9,1163.2,1165.0,28172,0
2025-12-31 13:25:00+05:30,1165.0,1166.0,1164.6,1165.9,22274,0
2025-12-31 13:30:00+05:30,1165.5,1166.7,1165.4,1165.7,24858,0
2025-12-31 13:35:00+05:30,1165.5,1166.0,1164.0,1164.9,33378,0
2025-12-31 13:40:00+05:30,1165.0,1165.5,1164.2,1164.3,20246,0
2025-12-31 13:45:00+05:30,1164.3,1165.4,1164.3,1164.4,19243,0
2025-12-31 13:50:00+05:30,1164.8,1165.2,1164.0,1164.0,28222,0
2025-12-31 13:55:00+05:30,1164.0,1165.0,1162.9,1163.5,71073,0
2025-12-31 14:00:00+05:30,1163.7,1164.2,1162.5,1162.8,23573,0
2025-12-31 14:05:00+05:30,1162.9,1163.5,1161.1,1162.9,71881,0
2025-12-31 14:10:00+05:30,1162.9,1165.2,1162.8,1163.5,36521,0
2025-12-31 14:15:00+05:30,1163.5,1164.3,1163.0,1163.7,22513,0
2025-12-31 14:20:00+05:30,1164.0,1164.9,1163.3,1163.5,31181,0
2025-12-31 14:25:00+05:30,1163.5,1164.4,1162.0,1162.2,31852,0
2025-12-31 14:30:00+05:30,1162.5,1162.7,1161.8,1161.8,32578,0
2025-12-31 14:35:00+05:30,1162.1,1163.5,1162.1,1162.3,38382,0
2025-12-31 14:40:00+05:30,1162.5,1163.7,1162.3,1162.7,23675,0
2025-12-31 14:45:00+05:30,1162.8,1163.9,1162.0,1163.3,25924,0
2025-12-31 14:50:00+05:30,1163.4,1166.0,1163.3,1165.0,50847,0
2025-12-31 14:55:00+05:30,1165.1,1167.9,1165.0,1166.3,72839,0
2025-12-31 15:00:00+05:30,1166.5,1167.0,1164.0,1164.6,61620,0
2025-12-31 15:05:00+05:30,1164.6,1165.3,1162.8,1163.7,90805,0
2025-12-31 15:10:00+05:30,1163.7,1164.2,1162.8,1163.8,73585,0
2025-12-31 15:15:00+05:30,1163.7,1166.6,1163.5,1166.1,147391,0
2025-12-31 15:20:00+05:30,1166.0,1166.0,1164.2,1165.3,129467,0
2025-12-31 15:25:00+05:30,1165.5,1166.8,1164.2,1165.9,89022,0
2026-01-01 09:15:00+05:30,1163.5,1168.8,1163.3,1165.7,69528,0
2026-01-01 09:20:00+05:30,1166.0,1169.3,1165.0,1166.0,31784,0
2026-01-01 09:25:00+05:30,1166.0,1167.6,1165.5,1166.3,15558,0
2026-01-01 09:30:00+05:30,1166.0,1167.3,1165.4,1165.7,12658,0
2026-01-01 09:35:00+05:30,1165.6,1168.0,1163.7,1167.1,21505,0
2026-01-01 09:40:00+05:30,1167.0,1174.4,1166.7,1172.1,38241,0
2026-01-01 09:45:00+05:30,1171.4,1173.0,1170.6,1172.8,22029,0
2026-01-01 09:50:00+05:30,1172.8,1173.4,1169.7,1170.8,15331,0
2026-01-01 09:55:00+05:30,1170.5,1171.7,1168.0,1168.6,13849,0
2026-01-01 10:00:00+05:30,1168.0,1168.8,1167.5,1167.9,7116,0
2026-01-01 10:05:00+05:30,1167.6,1168.0,1166.0,1166.3,10938,0
2026-01-01 10:10:00+05:30,1166.0,1166.9,1165.8,1166.5,9376,0
2026-01-01 10:15:00+05:30,1166.5,1166.8,1165.0,1165.0,6469,0
2026-01-01 10:20:00+05:30,1165.0,1165.5,1161.8,1164.5,15037,0
2026-01-01 10:25:00+05:30,1164.6,1164.8,1163.3,1164.6,12268,0
2026-01-01 10:30:00+05:30,1164.8,1166.0,1163.8,1166.0,12790,0
2026-01-01 10:35:00+05:30,1166.0,1167.0,1165.6,1166.5,5063,0
2026-01-01 10:40:00+05:30,1166.1,1166.9,1165.3,1166.8,8854,0
2026-01-01 10:45:00+05:30,1166.7,1167.9,1166.3,1167.0,6181,0
2026-01-01 10:50:00+05:30,1167.7,1168.7,1166.9,1167.2,4658,0
2026-01-01 10:55:00+05:30,1167.5,1167.7,1164.0,1165.0,9604,0
2026-01-01 11:00:00+05:30,1165.0,1165.1,1162.6,1163.1,10588,0
2026-01-01 11:05:00+05:30,1163.1,1163.4,1162.0,1163.0,9451,0
2026-01-01 11:10:00+05:30,1163.3,1164.4,1162.6,1163.5,5612,0
2026-01-01 11:15:00+05:30,1164.0,1164.0,1162.6,1163.0,5832,0
2026-01-01 11:20:00+05:30,1163.4,1163.4,1161.5,1162.8,14130,0
2026-01-01 11:25:00+05:30,1162.8,1162.8,1161.7,1161.7,4503,0
2026-01-01 11:30:00+05:30,1162.1,1162.6,1161.0,1161.4,14447,0
2026-01-01 11:35:00+05:30,1161.8,1163.3,1161.2,1162.4,8440,0
2026-01-01 11:40:00+05:30,1163.0,1163.0,1161.5,1161.5,5273,0
2026-01-01 11:45:00+05:30,1161.9,1164.0,1161.0,1163.3,11686,0
2026-01-01 11:50:00+05:30,1163.9,1163.9,1162.1,1162.9,4243,0
2026-01-01 11:55:00+05:30,1162.9,1164.2,1162.5,1163.9,5330,0
2026-01-01 12:00:00+05:30,1164.0,1166.6,1163.0,1166.5,12706,0
2026-01-01 12:05:00+05:30,1166.5,1167.7,1165.2,1166.9,14210,0
2026-01-01 12:10:00+05:30,1166.5,1171.4,1166.1,1169.9,31511,0
2026-01-01 12:15:00+05:30,1170.2,1173.5,1168.8,1171.2,34278,0
2026-01-01 12:20:00+05:30,1171.8,1172.4,1170.5,1171.5,16107,0
2026-01-01 12:25:00+05:30,1171.7,1174.3,1170.8,1173.7,20563,0
2026-01-01 12:30:00+05:30,1174.0,1175.0,1172.6,1174.2,29189,0
2026-01-01 12:35:00+05:30,1174.0,1174.1,1169.8,1170.3,23018,0
2026-01-01 12:40:00+05:30,1170.6,1170.9,1169.5,1170.0,7241,0
2026-01-01 12:45:00+05:30,1170.0,1174.8,1169.7,1173.0,22107,0
2026-01-01 12:50:00+05:30,1173.0,1173.5,1171.2,1171.8,5074,0
2026-01-01 12:55:00+05:30,1171.8,1172.0,1170.9,1170.9,5113,0
2026-01-01 13:00:00+05:30,1171.4,1171.4,1169.8,1170.5,5921,0
2026-01-01 13:05:00+05:30,1170.7,1171.1,1169.4,1169.5,7262,0
2026-01-01 13:10:00+05:30,1170.1,1170.1,1169.3,1169.4,5001,0
2026-01-01 13:15:00+05:30,1169.4,1170.0,1167.5,1167.7,10482,0
2026-01-01 13:20:00+05:30,1167.9,1168.0,1166.4,1168.0,7416,0
2026-01-01 13:25:00+05:30,1167.9,1169.2,1167.4,1168.3,13250,0
2026-01-01 13:30:00+05:30,1168.3,1169.4,1166.6,1166.7,6303,0
2026-01-01 13:35:00+05:30,1167.0,1167.9,1166.4,1166.5,14654,0
2026-01-01 13:40:00+05:30,1167.2,1168.0,1166.6,1167.9,5810,0
2026-01-01 13:45:00+05:30,1167.3,1168.0,1166.0,1166.4,5815,0
2026-01-01 13:50:00+05:30,1166.9,1167.9,1166.3,1167.3,16074,0
2026-01-01 13:55:00+05:30,1167.3,1168.0,1166.7,1166.7,8643,0
2026-01-01 14:00:00+05:30,1167.4,1170.4,1166.0,1169.2,50595,0
2026-01-01 14:05:00+05:30,1169.7,1170.0,1167.9,1168.9,6327,0
2026-01-01 14:10:00+05:30,1168.9,1169.3,1167.8,1168.6,5094,0
2026-01-01 14:15:00+05:30,1168.6,1170.9,1168.0,1170.0,26924,0
2026-01-01 14:20:00+05:30,1170.3,1170.4,1168.4,1169.2,14827,0
2026-01-01 14:25:00+05:30,1169.7,1170.6,1168.4,1169.2,12493,0
2026-01-01 14:30:00+05:30,1169.8,1171.5,1169.7,1170.8,10976,0
2026-01-01 14:35:00+05:30,1170.5,1176.8,1170.5,1175.0,56316,0
2026-01-01 14:40:00+05:30,1175.5,1175.5,1172.0,1172.1,11257,0
2026-01-01 14:45:00+05:30,1172.5,1173.0,1171.5,1171.6,11661,0
2026-01-01 14:50:00+05:30,1171.6,1173.0,1171.5,1172.0,8375,0
2026-01-01 14:55:00+05:30,1172.5,1174.2,1171.7,1174.0,14412,0
2026-01-01 15:00:00+05:30,1174.2,1175.6,1172.8,1173.4,42336,0
2026-01-01 15:05:00+05:30,1173.4,1173.4,1170.9,1171.5,18890,0
2026-01-01 15:10:00+05:30,1171.5,1172.0,1169.7,1171.0,25609,0
2026-01-01 15:15:00+05:30,1171.5,1172.0,1170.5,1171.3,20997,0
2026-01-01 15:20:00+05:30,1171.3,1171.4,1167.7,1168.9,28081,0
2026-01-01 15:25:00+05:30,1168.4,1170.0,1167.0,1170.0,32400,0
2026-01-02 09:15:00+05:30,1172.0,1177.7,1169.1,1174.3,33987,0
2026-01-02 09:20:00+05:30,1174.3,1175.3,1173.4,1174.5,12256,0
2026-01-02 09:25:00+05:30,1174.5,1176.9,1173.2,1175.3,10847,0
2026-01-02 09:30:00+05:30,1175.5,1176.8,1175.2,1176.4,9591,0
2026-01-02 09:35:00+05:30,1176.2,1179.5,1175.8,1179.0,23697,0
2026-01-02 09:40:00+05:30,1178.6,1180.8,1177.5,1178.4,30350,0
2026-01-02 09:45:00+05:30,1178.4,1178.8,1176.4,1177.2,9833,0
2026-01-02 09:50:00+05:30,1176.7,1179.0,1176.4,1178.1,18242,0
2026-01-02 09:55:00+05:30,1177.6,1178.8,1177.0,1177.5,27080,0
2026-01-02 10:00:00+05:30,1177.1,1179.1,1176.8,1177.0,8419,0
2026-01-02 10:05:00+05:30,1177.0,1177.8,1176.2,1176.9,14812,0
2026-01-02 10:10:00+05:30,1176.4,1177.5,1176.4,1177.5,2262,0
2026-01-02 10:15:00+05:30,1177.5,1178.7,1177.1,1177.9,4917,0
2026-01-02 10:20:00+05:30,1177.6,1178.9,1177.0,1178.6,7973,0
2026-01-02 10:25:00+05:30,1178.6,1182.0,1178.6,1182.0,33081,0
2026-01-02 10:30:00+05:30,1181.6,1182.0,1179.5,1181.2,17131,0
2026-01-02 10:35:00+05:30,1181.2,1182.0,1180.6,1182.0,12145,0
2026-01-02 10:40:00+05:30,1181.6,1182.0,1181.0,1181.3,19961,0
2026-01-02 10:45:00+05:30,1181.0,1183.0,1180.9,1182.8,18478,0
2026-01-02 10:50:00+05:30,1182.8,1184.0,1179.8,1180.6,20842,0
2026-01-02 10:55:00+05:30,1180.2,1181.0,1178.9,1180.0,7773,0
2026-01-02 11:00:00+05:30,1179.5,1180.7,1179.5,1179.6,4972,0
2026-01-02 11:05:00+05:30,1179.6,1180.5,1178.0,1178.5,8724,0
2026-01-02 11:10:00+05:30,1178.1,1178.9,1178.0,1178.4,5392,0
2026-01-02 11:15:00+05:30,1178.1,1178.8,1176.6,1177.7,9945,0
2026-01-02 11:20:00+05:30,1177.3,1178.0,1177.2,1177.7,2584,0
2026-01-02 11:25:00+05:30,1178.0,1178.0,1177.1,1177.8,11280,0
2026-01-02 11:30:00+05:30,1177.7,1178.0,1177.0,1177.8,4200,0
2026-01-02 11:35:00+05:30,1177.7,1179.0,1177.0,1178.8,7934,0
2026-01-02 11:40:00+05:30,1178.6,1178.8,1177.2,1178.0,8482,0
2026-01-02 11:45:00+05:30,1177.8,1178.8,1177.3,1177.9,7096,0
2026-01-02 11:50:00+05:30,1177.9,1178.5,1177.2,1177.9,8351,0
2026-01-02 11:55:00+05:30,1177.6,1178.1,1177.5,1178.0,5916,0
2026-01-02 12:00:00+05:30,1177.9,1178.1,1177.5,1178.0,12159,0
2026-01-02 12:05:00+05:30,1177.8,1178.8,1177.7,1177.9,8410,0
2026-01-02 12:10:00+05:30,1177.9,1178.0,1176.6,1177.0,5101,0
2026-01-02 12:15:00+05:30,1176.8,1177.5,1175.3,1176.4,9061,0
2026-01-02 12:20:00+05:30,1175.9,1177.4,1175.9,1177.4,7279,0
2026-01-02 12:25:00+05:30,1177.0,1177.5,1176.5,1176.9,6855,0
2026-01-02 12:30:00+05:30,1176.8,1177.9,1176.3,1177.7,10062,0
2026-01-02 12:35:00+05:30,1177.2,1178.0,1175.7,1176.8,5125,0
2026-01-02 12:40:00+05:30,1176.2,1177.5,1176.0,1177.2,3985,0
2026-01-02 12:45:00+05:30,1176.5,1177.7,1176.4,1176.7,5305,0
2026-01-02 12:50:00+05:30,1176.3,1177.3,1175.5,1176.0,4584,0
2026-01-02 12:55:00+05:30,1175.8,1176.2,1175.1,1175.9,3768,0
2026-01-02 13:00:00+05:30,1175.6,1176.0,1174.9,1175.3,4270,0
2026-01-02 13:05:00+05:30,1175.2,1176.0,1174.9,1176.0,4960,0
2026-01-02 13:10:00+05:30,1175.6,1176.8,1175.3,1176.5,3589,0
2026-01-02 13:15:00+05:30,1176.0,1177.0,1175.2,1176.7,7560,0
2026-01-02 13:20:00+05:30,1176.3,1177.0,1175.7,1176.3,4600,0
2026-01-02 13:25:00+05:30,1176.3,1177.2,1175.7,1177.0,7509,0
2026-01-02 13:30:00+05:30,1176.7,1177.0,1175.3,1176.2,3745,0
2026-01-02 13:35:00+05:30,1176.1,1176.6,1175.6,1176.2,4783,0
2026-01-02 13:40:00+05:30,1175.9,1176.7,1175.5,1176.0,2213,0
2026-01-02 13:45:00+05:30,1175.7,1176.4,1175.0,1175.7,9629,0
2026-01-02 13:50:00+05:30,1175.4,1176.4,1175.1,1176.0,941,0
2026-01-02 13:55:00+05:30,1176.1,1176.6,1175.8,1176.2,2545,0
2026-01-02 14:00:00+05:30,1175.9,1176.7,1175.9,1176.3,2630,0
2026-01-02 14:05:00+05:30,1176.1,1176.6,1176.0,1176.4,2584,0
2026-01-02 14:10:00+05:30,1176.0,1176.4,1175.5,1176.2,2081,0
2026-01-02 14:15:00+05:30,1176.0,1176.4,1175.3,1176.0,1731,0
2026-01-02 14:20:00+05:30,1176.3,1177.2,1175.7,1176.4,16399,0
2026-01-02 14:25:00+05:30,1176.1,1178.0,1176.1,1178.0,7229,0
2026-01-02 14:30:00+05:30,1177.8,1177.8,1176.1,1176.5,21109,0
2026-01-02 14:35:00+05:30,1176.5,1177.7,1175.8,1176.0,34692,0
2026-01-02 14:40:00+05:30,1176.0,1176.2,1175.1,1175.9,25189,0
2026-01-02 14:45:00+05:30,1175.5,1176.4,1175.5,1175.8,14160,0
2026-01-02 14:50:00+05:30,1175.7,1178.0,1175.7,1178.0,28050,0
2026-01-02 14:55:00+05:30,1177.2,1179.6,1177.2,1178.9,21081,0
2026-01-02 15:00:00+05:30,1179.3,1181.2,1179.0,1180.4,22933,0
2026-01-02 15:05:00+05:30,1180.3,1180.9,1179.3,1180.9,19901,0
2026-01-02 15:10:00+05:30,1180.4,1181.1,1180.0,1181.1,18994,0
2026-01-02 15:15:00+05:30,1180.9,1181.8,1179.3,1180.9,36664,0
2026-01-02 15:20:00+05:30,1181.4,1182.0,1179.8,1180.7,39374,0
2026-01-02 15:25:00+05:30,1180.7,1181.8,1178.1,1178.1,21785,0
2026-01-05 09:15:00+05:30,1180.7,1185.0,1179.0,1183.2,37779,0
2026-01-05 09:20:00+05:30,1183.1,1189.2,1182.6,1187.1,35390,0
2026-01-05 09:25:00+05:30,1187.1,1189.9,1183.8,1184.5,45927,0
2026-01-05 09:30:00+05:30,1184.1,1185.1,1182.0,1182.2,19795,0
2026-01-05 09:35:00+05:30,1182.1,1185.0,1180.4,1184.4,18884,0
2026-01-05 09:40:00+05:30,1184.4,1185.0,1182.7,1184.7,21127,0
2026-01-05 09:45:00+05:30,1184.7,1186.7,1184.0,1185.7,48356,0
2026-01-05 09:50:00+05:30,1186.8,1188.8,1185.8,1187.7,30372,0
2026-01-05 09:55:00+05:30,1187.9,1192.9,1187.8,1189.4,110255,0
2026-01-05 10:00:00+05:30,1189.7,1190.0,1185.2,1185.5,12194,0
2026-01-05 10:05:00+05:30,1185.5,1188.6,1185.1,1186.8,12620,0
2026-01-05 10:10:00+05:30,1187.0,1187.5,1185.1,1185.4,6299,0
2026-01-05 10:15:00+05:30,1185.7,1186.0,1183.2,1183.7,16559,0
2026-01-05 10:20:00+05:30,1183.8,1186.0,1182.6,1185.9,8301,0
2026-01-05 10:25:00+05:30,1185.9,1186.0,1184.5,1185.0,4979,0
2026-01-05 10:30:00+05:30,1185.0,1185.1,1183.0,1183.0,6784,0
2026-01-05 10:35:00+05:30,1183.3,1184.7,1182.9,1184.7,4835,0
2026-01-05 10:40:00+05:30,1184.8,1185.0,1182.6,1183.7,7123,0
2026-01-05 10:45:00+05:30,1183.7,1184.6,1183.2,1184.2,6592,0
2026-01-05 10:50:00+05:30,1184.5,1185.9,1183.2,1185.4,14610,0
2026-01-05 10:55:00+05:30,1185.2,1185.8,1183.0,1183.2,5616,0
2026-01-05 11:00:00+05:30,1183.2,1184.7,1182.8,1184.0,2792,0
2026-01-05 11:05:00+05:30,1183.7,1185.7,1183.0,1185.5,7237,0
2026-01-05 11:10:00+05:30,1185.7,1187.0,1185.4,1186.3,10249,0
2026-01-05 11:15:00+05:30,1186.0,1186.3,1184.7,1184.7,4830,0
2026-01-05 11:20:00+05:30,1185.0,1185.0,1182.8,1183.8,5223,0
2026-01-05 11:25:00+05:30,1183.6,1185.9,1183.5,1184.7,13078,0
2026-01-05 11:30:00+05:30,1185.1,1185.8,1184.0,1184.6,5843,0
2026-01-05 11:35:00+05:30,1184.6,1185.2,1183.6,1185.2,4881,0
2026-01-05 11:40:00+05:30,1185.2,1187.1,1185.0,1187.1,10486,0
2026-01-05 11:45:00+05:30,1187.1,1187.6,1186.1,1186.6,5651,0
2026-01-05 11:50:00+05:30,1186.6,1186.8,1185.3,1185.8,4341,0
2026-01-05 11:55:00+05:30,1185.3,1186.0,1185.1,1185.9,3803,0
2026-01-05 12:00:00+05:30,1185.7,1185.9,1184.5,1185.4,4182,0
2026-01-05 12:05:00+05:30,1185.4,1187.9,1185.1,1186.0,15312,0
2026-01-05 12:10:00+05:30,1186.4,1186.7,1185.6,1185.7,2519,0
2026-01-05 12:15:00+05:30,1185.6,1186.1,1185.1,1186.0,3414,0
2026-01-05 12:20:00+05:30,1185.9,1186.4,1185.0,1185.2,4875,0
2026-01-05 12:25:00+05:30,1185.5,1186.2,1185.1,1186.2,11943,0
2026-01-05 12:30:00+05:30,1186.2,1188.2,1186.2,1187.4,8754,0
2026-01-05 12:35:00+05:30,1187.4,1189.0,1187.2,1188.0,6927,0
2026-01-05 12:40:00+05:30,1188.0,1188.7,1186.9,1187.2,3697,0
2026-01-05 12:45:00+05:30,1187.7,1188.1,1187.1,1187.9,2995,0
2026-01-05 12:50:00+05:30,1187.7,1188.5,1187.2,1187.4,3253,0
2026-01-05 12:55:00+05:30,1187.8,1188.2,1186.2,1186.2,10209,0
2026-01-05 13:00:00+05:30,1186.2,1186.9,1186.0,1186.0,3513,0
2026-01-05 13:05:00+05:30,1186.1,1186.6,1185.3,1185.4,9088,0
2026-01-05 13:10:00+05:30,1185.6,1185.7,1184.6,1185.3,5158,0
2026-01-05 13:15:00+05:30,1185.2,1185.7,1184.6,1185.3,2637,0
2026-01-05 13:20:00+05:30,1185.1,1186.0,1184.5,1185.9,11154,0
2026-01-05 13:25:00+05:30,1185.9,1186.0,1184.6,1185.2,5170,0
2026-01-05 13:30:00+05:30,1185.6,1185.7,1184.0,1184.4,5710,0
2026-01-05 13:35:00+05:30,1184.4,1185.2,1183.6,1184.6,10390,0
2026-01-05 13:40:00+05:30,1185.0,1186.5,1184.6,1186.5,6412,0
2026-01-05 13:45:00+05:30,1186.3,1187.1,1184.9,1184.9,7043,0
2026-01-05 13:50:00+05:30,1185.6,1186.0,1184.6,1185.0,6458,0
2026-01-05 13:55:00+05:30,1185.0,1187.4,1185.0,1185.4,6650,0
2026-01-05 14:00:00+05:30,1185.6,1185.6,1182.2,1182.5,15385,0
2026-01-05 14:05:00+05:30,1182.5,1184.0,1182.5,1184.0,11169,0
2026-01-05 14:10:00+05:30,1183.5,1187.0,1183.3,1185.6,33115,0
2026-01-05 14:15:00+05:30,1185.9,1187.3,1185.6,1186.3,14201,0
2026-01-05 14:20:00+05:30,1186.2,1187.4,1184.9,1187.3,8807,0
2026-01-05 14:25:00+05:30,1187.0,1189.0,1186.9,1188.4,5243,0
2026-01-05 14:30:00+05:30,1188.4,1189.5,1188.2,1188.4,7564,0
2026-01-05 14:35:00+05:30,1188.3,1188.4,1185.9,1186.4,7656,0
2026-01-05 14:40:00+05:30,1186.4,1188.0,1186.4,1187.6,3978,0
2026-01-05 14:45:00+05:30,1187.5,1189.9,1187.3,1187.9,21579,0
2026-01-05 14:50:00+05:30,1187.9,1188.9,1186.4,1187.0,25948,0
2026-01-05 14:55:00+05:30,1186.8,1187.6,1186.2,1187.4,10200,0
2026-01-05 15:00:00+05:30,1187.6,1188.2,1185.9,1185.9,23948,0
2026-01-05 15:05:00+05:30,1185.9,1186.1,1183.8,1184.9,18224,0
2026-01-05 15:10:00+05:30,1184.9,1185.6,1184.7,1185.2,26696,0
2026-01-05 15:15:00+05:30,1185.1,1187.0,1185.1,1186.7,22528,0
2026-01-05 15:20:00+05:30,1186.8,1187.2,1185.9,1186.5,25890,0
2026-01-05 15:25:00+05:30,1186.2,1187.0,1182.9,1187.0,25367,0
2026-01-06 09:15:00+05:30,1185.9,1197.1,1185.5,1192.7,38816,0
2026-01-06 09:20:00+05:30,1192.7,1194.4,1192.1,1192.8,23051,0
2026-01-06 09:25:00+05:30,1192.7,1197.6,1192.2,1192.7,75056,0
2026-01-06 09:30:00+05:30,1192.9,1194.3,1190.7,1192.0,43336,0
2026-01-06 09:35:00+05:30,1192.1,1192.8,1188.9,1189.4,14333,0
2026-01-06 09:40:00+05:30,1189.2,1190.0,1187.6,1189.1,39484,0
2026-01-06 09:45:00+05:30,1188.7,1189.7,1188.2,1189.0,5544,0
2026-01-06 09:50:00+05:30,1189.0,1189.2,1187.9,1188.9,11997,0
2026-01-06 09:55:00+05:30,1188.9,1189.5,1187.9,1188.9,4743,0
2026-01-06 10:00:00+05:30,1188.7,1189.7,1188.2,1189.3,5237,0
2026-01-06 10:05:00+05:30,1189.1,1189.5,1188.6,1189.3,9561,0
2026-01-06 10:10:00+05:30,1189.0,1189.5,1188.4,1188.9,5179,0
2026-01-06 10:15:00+05:30,1188.9,1189.7,1188.1,1188.9,8724,0
2026-01-06 10:20:00+05:30,1188.9,1189.5,1188.1,1189.0,4535,0
2026-01-06 10:25:00+05:30,1188.9,1189.4,1188.3,1189.0,3084,0
2026-01-06 10:30:00+05:30,1188.8,1189.8,1188.0,1189.4,4887,0
2026-01-06 10:35:00+05:30,1189.1,1190.0,1188.4,1189.4,9841,0
2026-01-06 10:40:00+05:30,1189.2,1193.0,1188.4,1193.0,23614,0
2026-01-06 10:45:00+05:30,1192.9,1193.4,1189.7,1190.5,32649,0
2026-01-06 10:50:00+05:30,1190.5,1190.6,1189.6,1190.0,6856,0
2026-01-06 10:55:00+05:30,1190.0,1190.2,1189.0,1189.7,6545,0
2026-01-06 11:00:00+05:30,1189.3,1190.0,1189.2,1189.8,3004,0
2026-01-06 11:05:00+05:30,1189.6,1190.0,1189.6,1190.0,1743,0
2026-01-06 11:10:00+05:30,1189.9,1190.0,1186.2,1186.8,12400,0
2026-01-06 11:15:00+05:30,1186.7,1186.8,1185.1,1185.9,7737,0
2026-01-06 11:20:00+05:30,1185.7,1186.7,1184.5,1186.7,6350,0
2026-01-06 11:25:00+05:30,1186.6,1187.3,1186.4,1187.0,5315,0
2026-01-06 11:30:00+05:30,1187.0,1187.0,1184.7,1186.0,9279,0
2026-01-06 11:35:00+05:30,1185.9,1186.6,1185.7,1186.2,1376,0
2026-01-06 11:40:00+05:30,1186.0,1188.2,1185.5,1187.8,20166,0
2026-01-06 11:45:00+05:30,1187.8,1188.0,1184.1,1185.7,12764,0
2026-01-06 11:50:00+05:30,1185.4,1187.8,1185.3,1186.3,53044,0
2026-01-06 11:55:00+05:30,1185.8,1188.5,1185.8,1186.5,11074,0
2026-01-06 12:00:00+05:30,1186.0,1187.9,1186.0,1186.6,15970,0
2026-01-06 12:05:00+05:30,1186.5,1186.7,1185.3,1185.3,5247,0
2026-01-06 12:10:00+05:30,1185.3,1186.0,1185.1,1185.8,2929,0
2026-01-06 12:15:00+05:30,1185.4,1185.9,1183.2,1184.6,13365,0
2026-01-06 12:20:00+05:30,1184.1,1184.9,1183.5,1184.1,5939,0
2026-01-06 12:25:00+05:30,1183.6,1184.9,1183.4,1184.5,4279,0
2026-01-06 12:30:00+05:30,1184.2,1184.5,1183.2,1184.5,5164,0
2026-01-06 12:35:00+05:30,1184.2,1185.6,1183.5,1185.6,56165,0
2026-01-06 12:40:00+05:30,1185.2,1185.7,1184.5,1185.2,5981,0
2026-01-06 12:45:00+05:30,1184.8,1185.8,1184.6,1185.5,4336,0
2026-01-06 12:50:00+05:30,1185.0,1186.0,1185.0,1185.6,6853,0
2026-01-06 12:55:00+05:30,1185.4,1185.7,1183.6,1184.6,10360,0
2026-01-06 13:00:00+05:30,1184.4,1184.9,1183.6,1184.5,5565,0
2026-01-06 13:05:00+05:30,1184.0,1185.7,1183.6,1184.4,46852,0
2026-01-06 13:10:00+05:30,1184.0,1185.2,1183.2,1183.9,17074,0
2026-01-06 13:15:00+05:30,1183.6,1184.0,1183.0,1183.9,7670,0
2026-01-06 13:20:00+05:30,1183.3,1184.5,1182.1,1183.9,14517,0
2026-01-06 13:25:00+05:30,1184.1,1184.1,1183.0,1184.0,15297,0
2026-01-06 13:30:00+05:30,1184.0,1184.0,1181.5,1182.5,5439,0
2026-01-06 13:35:00+05:30,1182.3,1183.8,1181.8,1183.4,7526,0
2026-01-06 13:40:00+05:30,1183.4,1183.6,1182.6,1183.6,6198,0
2026-01-06 13:45:00+05:30,1183.4,1184.0,1183.0,1183.9,5805,0
2026-01-06 13:50:00+05:30,1183.8,1184.0,1183.0,1183.3,15045,0
2026-01-06 13:55:00+05:30,1183.6,1183.9,1176.5,1179.4,75558,0
2026-01-06 14:00:00+05:30,1179.3,1181.5,1178.0,1178.8,32268,0
2026-01-06 14:05:00+05:30,1178.9,1182.9,1178.3,1180.8,19577,0
2026-01-06 14:10:00+05:30,1180.3,1181.3,1176.1,1177.9,39556,0
2026-01-06 14:15:00+05:30,1177.8,1178.4,1173.1,1173.6,66687,0
2026-01-06 14:20:00+05:30,1173.7,1174.6,1170.1,1172.8,30349,0
2026-01-06 14:25:00+05:30,1172.3,1172.8,1170.2,1171.9,15420,0
2026-01-06 14:30:00+05:30,1171.7,1173.4,1170.8,1173.0,15499,0
2026-01-06 14:35:00+05:30,1172.5,1172.9,1170.2,1171.2,22703,0
2026-01-06 14:40:00+05:30,1171.2,1173.0,1169.0,1172.9,26179,0
2026-01-06 14:45:00+05:30,1172.9,1173.0,1171.0,1172.2,12136,0
2026-01-06 14:50:00+05:30,1172.0,1173.8,1171.7,1173.0,14731,0
2026-01-06 14:55:00+05:30,1173.0,1176.0,1172.5,1175.5,17187,0
2026-01-06 15:00:00+05:30,1175.9,1176.7,1173.1,1173.7,26008,0
2026-01-06 15:05:00+05:30,1173.7,1174.6,1172.6,1173.0,23354,0
2026-01-06 15:10:00+05:30,1173.0,1175.7,1172.2,1175.7,28747,0
2026-01-06 15:15:00+05:30,1175.3,1179.8,1174.4,1177.5,47578,0
2026-01-06 15:20:00+05:30,1177.5,1179.0,1176.8,1178.9,49082,0
2026-01-06 15:25:00+05:30,1178.9,1179.9,1177.1,1177.6,27510,0
2026-01-07 09:15:00+05:30,1174.9,1180.3,1169.4,1179.5,60307,0
2026-01-07 09:20:00+05:30,1180.3,1181.3,1178.6,1180.0,16867,0
2026-01-07 09:25:00+05:30,1179.8,1180.5,1178.4,1179.1,7659,0
2026-01-07 09:30:00+05:30,1178.9,1179.8,1176.4,1177.7,7991,0
2026-01-07 09:35:00+05:30,1177.7,1178.1,1175.6,1176.3,4193,0
2026-01-07 09:40:00+05:30,1176.0,1176.2,1173.3,1173.6,10932,0
2026-01-07 09:45:00+05:30,1173.9,1175.9,1173.8,1175.1,3154,0
2026-01-07 09:50:00+05:30,1175.3,1175.7,1174.3,1175.3,6030,0
2026-01-07 09:55:00+05:30,1175.5,1177.4,1175.3,1177.1,6994,0
2026-01-07 10:00:00+05:30,1177.1,1178.4,1176.5,1177.4,6572,0
2026-01-07 10:05:00+05:30,1177.4,1177.5,1175.0,1177.2,3941,0
2026-01-07 10:10:00+05:30,1177.4,1180.9,1177.2,1180.5,5424,0
2026-01-07 10:15:00+05:30,1180.8,1182.4,1180.1,1180.7,16550,0
2026-01-07 10:20:00+05:30,1180.5,1181.3,1179.2,1180.2,6136,0
2026-01-07 10:25:00+05:30,1180.1,1181.5,1179.8,1180.9,2741,0
2026-01-07 10:30:00+05:30,1180.9,1182.1,1180.3,1181.4,9501,0
2026-01-07 10:35:00+05:30,1181.4,1181.9,1179.3,1180.9,4878,0
2026-01-07 10:40:00+05:30,1180.6,1182.7,1179.7,1182.7,4188,0
2026-01-07 10:45:00+05:30,1182.6,1183.4,1181.6,1182.6,6149,0
2026-01-07 10:50:00+05:30,1182.8,1184.4,1182.4,1183.3,6141,0
2026-01-07 10:55:00+05:30,1183.6,1185.0,1183.1,1183.9,6945,0
2026-01-07 11:00:00+05:30,1184.3,1185.8,1183.7,1184.2,7181,0
2026-01-07 11:05:00+05:30,1184.3,1184.3,1181.6,1182.3,8701,0
2026-01-07 11:10:00+05:30,1182.6,1182.8,1181.6,1181.8,4267,0
2026-01-07 11:15:00+05:30,1181.7,1181.9,1180.8,1181.9,5119,0
2026-01-07 11:20:00+05:30,1181.8,1182.1,1180.0,1180.6,7648,0
2026-01-07 11:25:00+05:30,1180.8,1183.0,1180.7,1182.0,3743,0
2026-01-07 11:30:00+05:30,1182.3,1184.0,1181.6,1183.4,7568,0
2026-01-07 11:35:00+05:30,1183.3,1184.0,1182.6,1182.8,5610,0
2026-01-07 11:40:00+05:30,1183.0,1183.5,1182.3,1183.2,4905,0
2026-01-07 11:45:00+05:30,1183.3,1183.4,1181.6,1183.1,7667,0
2026-01-07 11:50:00+05:30,1183.2,1183.9,1179.6,1179.9,6113,0
2026-01-07 11:55:00+05:30,1179.9,1182.0,1179.8,1181.0,4499,0
2026-01-07 12:00:00+05:30,1180.8,1182.4,1180.3,1181.9,4019,0
2026-01-07 12:05:00+05:30,1181.9,1182.3,1180.9,1181.9,1895,0
2026-01-07 12:10:00+05:30,1182.1,1182.7,1181.4,1182.6,11328,0
2026-01-07 12:15:00+05:30,1182.6,1184.0,1181.9,1183.8,10938,0
2026-01-07 12:20:00+05:30,1183.6,1185.0,1182.7,1184.8,12566,0
2026-01-07 12:25:00+05:30,1184.7,1185.5,1183.0,1183.7,15503,0
2026-01-07 12:30:00+05:30,1183.6,1186.4,1183.3,1185.9,25043,0
2026-01-07 12:35:00+05:30,1186.1,1186.2,1184.7,1185.6,12390,0
2026-01-07 12:40:00+05:30,1185.9,1186.3,1183.5,1184.3,14115,0
2026-01-07 12:45:00+05:30,1184.1,1185.0,1183.4,1184.4,12410,0
2026-01-07 12:50:00+05:30,1184.3,1185.5,1183.6,1185.3,12091,0
2026-01-07 12:55:00+05:30,1185.2,1185.9,1184.6,1185.3,11859,0
2026-01-07 13:00:00+05:30,1185.6,1187.0,1185.3,1186.9,22070,0
2026-01-07 13:05:00+05:30,1186.6,1187.5,1185.0,1187.1,16980,0
2026-01-07 13:10:00+05:30,1187.1,1189.4,1187.0,1188.9,21498,0
2026-01-07 13:15:00+05:30,1188.6,1189.1,1187.5,1188.4,15718,0
2026-01-07 13:20:00+05:30,1188.1,1188.6,1186.2,1186.9,15018,0
2026-01-07 13:25:00+05:30,1186.7,1186.9,1185.0,1186.6,16421,0
2026-01-07 13:30:00+05:30,1186.3,1187.5,1185.4,1185.7,15127,0
2026-01-07 13:35:00+05:30,1185.5,1187.3,1185.0,1186.5,11542,0
2026-01-07 13:40:00+05:30,1186.5,1187.6,1185.7,1186.8,14297,0
2026-01-07 13:45:00+05:30,1186.8,1189.4,1185.9,1188.8,26238,0
2026-01-07 13:50:00+05:30,1188.6,1188.9,1186.5,1186.8,12926,0
2026-01-07 13:55:00+05:30,1187.1,1187.2,1185.3,1186.9,13241,0
2026-01-07 14:00:00+05:30,1186.9,1188.2,1186.2,1188.1,14273,0
2026-01-07 14:05:00+05:30,1188.1,1189.6,1187.7,1189.4,21017,0
2026-01-07 14:10:00+05:30,1189.3,1190.0,1188.3,1188.3,23304,0
2026-01-07 14:15:00+05:30,1188.7,1189.1,1187.7,1188.6,17089,0
2026-01-07 14:20:00+05:30,1188.8,1189.5,1187.3,1187.6,19675,0
2026-01-07 14:25:00+05:30,1187.5,1188.2,1186.2,1188.1,13625,0
2026-01-07 14:30:00+05:30,1188.0,1188.4,1186.2,1187.2,17079,0
2026-01-07 14:35:00+05:30,1187.2,1189.2,1187.1,1188.5,26639,0
2026-01-07 14:40:00+05:30,1188.5,1189.7,1187.0,1188.7,18232,0
2026-01-07 14:45:00+05:30,1188.6,1189.3,1187.0,1187.6,15520,0
2026-01-07 14:50:00+05:30,1188.0,1189.6,1187.5,1189.4,13561,0
2026-01-07 14:55:00+05:30,1189.4,1191.9,1188.1,1191.4,42072,0
2026-01-07 15:00:00+05:30,1191.4,1192.2,1189.1,1189.9,48109,0
2026-01-07 15:05:00+05:30,1189.9,1190.7,1188.3,1190.1,37673,0
2026-01-07 15:10:00+05:30,1190.5,1192.0,1189.8,1191.1,31644,0
2026-01-07 15:15:00+05:30,1191.4,1191.8,1187.8,1188.8,66730,0
2026-01-07 15:20:00+05:30,1188.6,1189.8,1187.4,1189.3,50426,0
2026-01-07 15:25:00+05:30,1189.2,1193.5,1187.1,1188.6,63219,0
2026-01-08 09:15:00+05:30,1190.0,1190.0,1181.4,1182.0,40056,0
2026-01-08 09:20:00+05:30,1181.7,1182.2,1180.0,1180.1,23898,0
2026-01-08 09:25:00+05:30,1180.1,1180.4,1178.0,1179.0,12487,0
2026-01-08 09:30:00+05:30,1179.6,1179.6,1175.0,1175.7,30027,0
2026-01-08 09:35:00+05:30,1175.3,1177.0,1172.7,1176.4,19984,0
2026-01-08 09:40:00+05:30,1176.4,1176.7,1170.0,1170.5,42563,0
2026-01-08 09:45:00+05:30,1170.1,1170.5,1168.3,1169.4,21303,0
2026-01-08 09:50:00+05:30,1169.1,1174.8,1168.9,1173.7,13197,0
2026-01-08 09:55:00+05:30,1173.6,1174.2,1171.5,1171.5,3530,0
2026-01-08 10:00:00+05:30,1171.2,1171.2,1166.2,1167.3,48091,0
2026-01-08 10:05:00+05:30,1167.3,1168.0,1165.5,1166.3,25576,0
2026-01-08 10:10:00+05:30,1166.1,1168.0,1166.0,1167.7,25078,0
2026-01-08 10:15:00+05:30,1167.6,1167.9,1165.1,1165.9,10362,0
2026-01-08 10:20:00+05:30,1165.4,1165.9,1165.0,1165.0,6551,0
2026-01-08 10:25:00+05:30,1165.0,1165.9,1164.3,1165.8,5772,0
2026-01-08 10:30:00+05:30,1165.7,1166.7,1165.2,1166.6,6886,0
2026-01-08 10:35:00+05:30,1166.5,1166.8,1164.3,1164.6,6308,0
2026-01-08 10:40:00+05:30,1164.7,1165.4,1162.8,1163.4,23089,0
2026-01-08 10:45:00+05:30,1163.3,1164.7,1162.3,1163.5,6714,0
2026-01-08 10:50:00+05:30,1163.8,1165.3,1162.7,1163.6,76102,0
2026-01-08 10:55:00+05:30,1163.5,1163.6,1161.2,1161.9,13107,0
2026-01-08 11:00:00+05:30,1161.9,1163.0,1160.2,1160.2,18080,0
2026-01-08 11:05:00+05:30,1160.7,1161.0,1160.0,1160.9,5373,0
2026-01-08 11:10:00+05:30,1160.4,1161.4,1159.2,1160.9,26460,0
2026-01-08 11:15:00+05:30,1160.9,1161.2,1158.1,1158.8,23918,0
2026-01-08 11:20:00+05:30,1158.3,1158.8,1156.8,1157.6,54632,0
2026-01-08 11:25:00+05:30,1157.6,1158.4,1155.4,1156.8,36362,0
2026-01-08 11:30:00+05:30,1156.2,1158.9,1154.7,1156.9,23908,0
2026-01-08 11:35:00+05:30,1157.3,1161.4,1157.3,1160.4,32299,0
2026-01-08 11:40:00+05:30,1160.9,1161.4,1158.5,1159.0,28317,0
2026-01-08 11:45:00+05:30,1158.8,1159.3,1155.5,1156.1,5638,0
2026-01-08 11:50:00+05:30,1156.0,1157.5,1155.5,1157.0,14604,0
2026-01-08 11:55:00+05:30,1157.3,1157.5,1153.9,1156.5,26960,0
2026-01-08 12:00:00+05:30,1156.5,1157.5,1155.8,1157.3,4829,0
2026-01-08 12:05:00+05:30,1157.3,1161.9,1156.6,1161.5,13888,0
2026-01-08 12:10:00+05:30,1161.7,1163.5,1161.0,1162.3,15748,0
2026-01-08 12:15:00+05:30,1162.7,1164.5,1162.3,1163.7,12309,0
2026-01-08 12:20:00+05:30,1163.7,1164.0,1162.1,1162.7,7009,0
2026-01-08 12:25:00+05:30,1162.8,1164.3,1162.3,1163.8,4106,0
2026-01-08 12:30:00+05:30,1164.3,1164.3,1162.4,1163.0,3272,0
2026-01-08 12:35:00+05:30,1163.0,1163.6,1162.1,1162.7,4653,0
2026-01-08 12:40:00+05:30,1162.7,1164.2,1162.2,1163.5,4791,0
2026-01-08 12:45:00+05:30,1163.4,1163.4,1162.3,1162.9,1343,0
2026-01-08 12:50:00+05:30,1163.0,1163.0,1161.1,1162.3,5078,0
2026-01-08 12:55:00+05:30,1162.5,1162.8,1160.0,1160.2,6756,0
2026-01-08 13:00:00+05:30,1160.0,1160.6,1158.7,1159.7,9495,0
2026-01-08 13:05:00+05:30,1159.6,1159.9,1158.9,1159.3,1674,0
2026-01-08 13:10:00+05:30,1159.3,1160.7,1159.1,1160.0,2269,0
2026-01-08 13:15:00+05:30,1160.0,1160.0,1158.2,1158.5,3895,0
2026-01-08 13:20:00+05:30,1158.5,1158.5,1157.4,1157.9,2337,0
2026-01-08 13:25:00+05:30,1157.8,1157.9,1156.9,1156.9,1951,0
2026-01-08 13:30:00+05:30,1156.9,1157.7,1156.1,1156.9,3899,0
2026-01-08 13:35:00+05:30,1157.4,1158.7,1157.1,1158.5,4053,0
2026-01-08 13:40:00+05:30,1158.5,1159.3,1157.5,1159.2,3351,0
2026-01-08 13:45:00+05:30,1159.1,1160.0,1158.1,1159.4,2181,0
2026-01-08 13:50:00+05:30,1159.3,1160.0,1158.6,1159.2,5643,0
2026-01-08 13:55:00+05:30,1159.5,1159.9,1157.6,1158.0,5266,0
2026-01-08 14:00:00+05:30,1158.0,1158.9,1157.7,1158.4,6261,0
2026-01-08 14:05:00+05:30,1158.4,1160.3,1158.0,1158.3,17567,0
2026-01-08 14:10:00+05:30,1158.5,1158.9,1157.3,1157.8,4809,0
2026-01-08 14:15:00+05:30,1157.8,1159.7,1156.9,1159.2,7416,0
2026-01-08 14:20:00+05:30,1159.2,1159.5,1157.2,1157.8,4013,0
2026-01-08 14:25:00+05:30,1158.0,1158.0,1156.2,1156.6,9033,0
2026-01-08 14:30:00+05:30,1156.8,1159.6,1156.7,1159.4,28511,0
2026-01-08 14:35:00+05:30,1159.4,1160.0,1158.5,1158.7,7038,0
2026-01-08 14:40:00+05:30,1158.7,1159.8,1157.6,1159.7,4547,0
2026-01-08 14:45:00+05:30,1159.7,1160.9,1159.0,1159.9,14817,0
2026-01-08 14:50:00+05:30,1159.9,1160.2,1159.2,1160.1,35038,0
2026-01-08 14:55:00+05:30,1160.1,1160.6,1158.9,1160.0,48957,0
2026-01-08 15:00:00+05:30,1160.0,1160.2,1155.7,1156.6,33899,0
2026-01-08 15:05:00+05:30,1155.8,1157.0,1154.7,1155.7,21436,0
2026-01-08 15:10:00+05:30,1154.7,1156.0,1154.3,1155.3,19884,0
2026-01-08 15:15:00+05:30,1155.1,1156.2,1154.4,1155.6,46279,0
2026-01-08 15:20:00+05:30,1155.5,1156.0,1154.5,1155.5,36477,0
2026-01-08 15:25:00+05:30,1155.3,1158.0,1154.2,1158.0,41864,0
2026-01-09 09:15:00+05:30,1160.0,1160.9,1154.4,1158.3,19344,0
2026-01-09 09:20:00+05:30,1157.9,1157.9,1155.0,1156.0,18445,0
2026-01-09 09:25:00+05:30,1155.5,1158.7,1155.2,1158.1,18132,0
2026-01-09 09:30:00+05:30,1157.6,1159.0,1155.7,1156.2,7256,0
2026-01-09 09:35:00+05:30,1156.1,1157.1,1154.8,1156.6,17719,0
2026-01-09 09:40:00+05:30,1156.7,1161.7,1155.0,1161.7,16735,0
2026-01-09 09:45:00+05:30,1161.2,1163.5,1159.7,1162.7,11550,0
2026-01-09 09:50:00+05:30,1162.7,1162.8,1161.1,1162.2,10382,0
2026-01-09 09:55:00+05:30,1162.2,1163.4,1161.7,1162.8,6335,0
2026-01-09 10:00:00+05:30,1163.2,1163.9,1160.4,1161.2,5935,0
2026-01-09 10:05:00+05:30,1161.6,1161.8,1160.1,1161.2,5263,0
2026-01-09 10:10:00+05:30,1161.4,1161.6,1160.7,1161.4,2846,0
2026-01-09 10:15:00+05:30,1161.4,1163.3,1161.0,1161.8,6126,0
2026-01-09 10:20:00+05:30,1161.8,1163.3,1161.5,1162.4,3371,0
2026-01-09 10:25:00+05:30,1162.4,1163.9,1161.8,1163.4,3372,0
2026-01-09 10:30:00+05:30,1163.1,1163.5,1162.4,1162.7,2101,0
2026-01-09 10:35:00+05:30,1162.4,1163.0,1161.9,1162.8,3589,0
2026-01-09 10:40:00+05:30,1162.4,1163.9,1160.7,1160.8,12961,0
2026-01-09 10:45:00+05:30,1160.7,1162.5,1160.6,1162.3,28555,0
2026-01-09 10:50:00+05:30,1162.1,1162.5,1160.1,1160.1,11134,0
2026-01-09 10:55:00+05:30,1160.1,1160.8,1159.6,1160.0,7991,0
2026-01-09 11:00:00+05:30,1159.7,1161.9,1158.8,1161.8,39611,0
2026-01-09 11:05:00+05:30,1161.3,1163.2,1161.3,1161.9,14221,0
2026-01-09 11:10:00+05:30,1161.5,1161.9,1160.0,1160.2,6063,0
2026-01-09 11:15:00+05:30,1159.9,1161.7,1159.9,1160.9,72781,0
2026-01-09 11:20:00+05:30,1160.6,1161.1,1160.3,1160.7,3568,0
2026-01-09 11:25:00+05:30,1160.7,1161.8,1159.6,1161.1,74252,0
2026-01-09 11:30:00+05:30,1161.1,1162.2,1160.7,1160.7,5653,0
2026-01-09 11:35:00+05:30,1160.8,1161.2,1159.6,1160.2,15538,0
2026-01-09 11:40:00+05:30,1160.6,1161.0,1159.5,1160.4,7703,0
2026-01-09 11:45:00+05:30,1160.4,1161.7,1160.0,1161.4,6540,0
2026-01-09 11:50:00+05:30,1161.4,1161.7,1160.3,1160.4,4879,0
2026-01-09 11:55:00+05:30,1160.6,1161.0,1159.4,1159.5,12911,0
2026-01-09 12:00:00+05:30,1159.5,1161.6,1158.3,1161.1,69566,0
2026-01-09 12:05:00+05:30,1161.5,1169.6,1160.2,1165.9,68651,0
2026-01-09 12:10:00+05:30,1165.9,1170.7,1165.6,1169.4,56505,0
2026-01-09 12:15:00+05:30,1169.5,1170.2,1168.2,1168.7,14891,0
2026-01-09 12:20:00+05:30,1168.7,1169.0,1167.4,1167.6,9314,0
2026-01-09 12:25:00+05:30,1167.8,1168.8,1165.6,1165.7,25583,0
2026-01-09 12:30:00+05:30,1166.1,1166.1,1162.9,1165.0,27655,0
2026-01-09 12:35:00+05:30,1165.5,1165.5,1162.1,1163.1,15275,0
2026-01-09 12:40:00+05:30,1163.5,1163.5,1162.0,1162.4,11136,0
2026-01-09 12:45:00+05:30,1162.4,1163.9,1162.2,1162.4,15441,0
2026-01-09 12:50:00+05:30,1162.9,1163.7,1162.4,1163.3,9199,0
2026-01-09 12:55:00+05:30,1163.3,1164.3,1163.0,1163.1,6253,0
2026-01-09 13:00:00+05:30,1163.4,1163.6,1161.4,1161.5,7564,0
2026-01-09 13:05:00+05:30,1161.8,1161.8,1160.1,1160.2,10960,0
2026-01-09 13:10:00+05:30,1160.4,1160.6,1160.0,1160.3,4090,0
2026-01-09 13:15:00+05:30,1160.3,1161.4,1159.9,1161.2,7336,0
2026-01-09 13:20:00+05:30,1161.4,1161.4,1159.7,1160.2,13334,0
2026-01-09 13:25:00+05:30,1160.4,1160.4,1159.7,1160.4,5790,0
2026-01-09 13:30:00+05:30,1160.5,1163.6,1160.5,1163.0,14057,0
2026-01-09 13:35:00+05:30,1163.0,1165.9,1163.0,1164.7,11563,0
2026-01-09 13:40:00+05:30,1164.7,1164.7,1162.1,1162.2,8673,0
2026-01-09 13:45:00+05:30,1162.2,1162.8,1160.1,1161.1,28333,0
2026-01-09 13:50:00+05:30,1161.6,1161.7,1158.1,1159.0,44611,0
2026-01-09 13:55:00+05:30,1159.0,1159.6,1158.3,1159.0,15971,0
2026-01-09 14:00:00+05:30,1159.5,1159.8,1158.1,1159.4,22403,0
2026-01-09 14:05:00+05:30,1159.7,1160.0,1158.6,1159.2,12503,0
2026-01-09 14:10:00+05:30,1159.3,1159.4,1158.2,1158.8,9421,0
2026-01-09 14:15:00+05:30,1158.8,1159.6,1158.4,1158.6,8835,0
2026-01-09 14:20:00+05:30,1158.9,1159.4,1157.3,1158.5,13466,0
2026-01-09 14:25:00+05:30,1158.6,1159.1,1157.1,1157.1,8937,0
2026-01-09 14:30:00+05:30,1157.5,1158.3,1156.5,1158.3,22743,0
2026-01-09 14:35:00+05:30,1158.0,1158.4,1156.5,1157.9,12660,0
2026-01-09 14:40:00+05:30,1158.2,1159.8,1156.1,1158.9,16110,0
2026-01-09 14:45:00+05:30,1159.0,1160.5,1158.4,1158.8,12337,0
2026-01-09 14:50:00+05:30,1159.3,1160.8,1158.5,1160.5,13967,0
2026-01-09 14:55:00+05:30,1161.0,1161.4,1159.8,1160.2,13406,0
2026-01-09 15:00:00+05:30,1160.5,1161.1,1156.9,1158.3,50207,0
2026-01-09 15:05:00+05:30,1158.3,1160.0,1157.8,1159.2,25140,0
2026-01-09 15:10:00+05:30,1159.2,1160.4,1158.3,1159.9,36118,0
2026-01-09 15:15:00+05:30,1159.4,1159.6,1157.7,1158.3,44406,0
2026-01-09 15:20:00+05:30,1158.3,1159.9,1158.2,1159.2,36346,0
2026-01-09 15:25:00+05:30,1159.1,1160.8,1157.0,1160.2,43634,0
2026-01-12 09:15:00+05:30,1160.0,1161.7,1156.7,1157.5,29292,0
2026-01-12 09:20:00+05:30,1157.3,1158.4,1151.8,1152.2,25657,0
2026-01-12 09:25:00+05:30,1152.8,1154.2,1149.1,1150.9,39350,0
2026-01-12 09:30:00+05:30,1151.0,1154.8,1150.3,1154.4,14155,0
2026-01-12 09:35:00+05:30,1154.5,1155.6,1152.9,1152.9,8272,0
2026-01-12 09:40:00+05:30,1152.6,1152.9,1148.5,1149.1,9190,0
2026-01-12 09:45:00+05:30,1149.1,1151.0,1146.4,1151.0,15874,0
2026-01-12 09:50:00+05:30,1151.1,1153.9,1150.1,1153.5,16770,0
2026-01-12 09:55:00+05:30,1153.7,1153.9,1148.6,1148.8,15857,0
2026-01-12 10:00:00+05:30,1148.8,1153.1,1148.5,1152.7,9307,0
2026-01-12 10:05:00+05:30,1152.7,1155.1,1151.0,1152.3,12931,0
2026-01-12 10:10:00+05:30,1152.2,1152.2,1150.3,1151.1,6393,0
2026-01-12 10:15:00+05:30,1151.1,1155.7,1150.3,1154.8,14583,0
2026-01-12 10:20:00+05:30,1154.8,1157.6,1154.5,1156.9,13863,0
2026-01-12 10:25:00+05:30,1157.0,1161.5,1155.8,1158.9,16869,0
2026-01-12 10:30:00+05:30,1158.6,1159.9,1157.3,1158.1,7350,0
2026-01-12 10:35:00+05:30,1158.1,1158.4,1154.0,1154.8,7992,0
2026-01-12 10:40:00+05:30,1154.8,1154.9,1153.1,1153.5,6615,0
2026-01-12 10:45:00+05:30,1153.5,1156.0,1152.0,1155.7,9300,0
2026-01-12 10:50:00+05:30,1155.6,1158.5,1155.6,1157.6,8438,0
2026-01-12 10:55:00+05:30,1157.5,1158.6,1156.4,1157.6,4070,0
2026-01-12 11:00:00+05:30,1157.5,1157.6,1154.2,1154.8,3793,0
2026-01-12 11:05:00+05:30,1154.7,1155.9,1153.6,1154.6,4156,0
2026-01-12 11:10:00+05:30,1154.9,1157.0,1154.6,1156.2,5510,0
2026-01-12 11:15:00+05:30,1156.3,1156.3,1153.5,1154.2,4227,0
2026-01-12 11:20:00+05:30,1154.1,1154.2,1151.8,1153.8,47138,0
2026-01-12 11:25:00+05:30,1153.6,1154.6,1152.8,1154.0,91388,0
2026-01-12 11:30:00+05:30,1153.9,1153.9,1151.5,1152.2,7326,0
2026-01-12 11:35:00+05:30,1152.2,1153.4,1151.9,1152.9,4354,0
2026-01-12 11:40:00+05:30,1152.7,1153.3,1152.2,1152.6,4104,0
2026-01-12 11:45:00+05:30,1152.5,1156.2,1152.5,1154.8,7229,0
2026-01-12 11:50:00+05:30,1155.0,1155.3,1153.6,1155.2,5211,0
2026-01-12 11:55:00+05:30,1155.2,1156.6,1154.8,1156.1,8553,0
2026-01-12 12:00:00+05:30,1156.2,1156.8,1154.7,1155.1,5433,0
2026-01-12 12:05:00+05:30,1155.1,1156.5,1154.7,1155.8,3045,0
2026-01-12 12:10:00+05:30,1156.2,1158.7,1155.9,1158.5,10857,0
2026-01-12 12:15:00+05:30,1158.9,1162.5,1158.9,1161.7,19571,0
2026-01-12 12:20:00+05:30,1161.8,1167.7,1161.6,1167.7,27604,0
2026-01-12 12:25:00+05:30,1167.6,1170.0,1167.1,1169.4,17329,0
2026-01-12 12:30:00+05:30,1169.3,1172.5,1168.9,1170.9,23914,0
2026-01-12 12:35:00+05:30,1170.5,1173.3,1170.5,1171.9,35504,0
2026-01-12 12:40:00+05:30,1171.4,1173.5,1170.9,1172.5,6777,0
2026-01-12 12:45:00+05:30,1172.5,1174.9,1172.5,1174.0,16381,0
2026-01-12 12:50:00+05:30,1174.3,1176.0,1171.1,1171.7,20731,0
2026-01-12 12:55:00+05:30,1171.7,1172.7,1170.2,1171.1,12446,0
2026-01-12 13:00:00+05:30,1170.7,1171.2,1168.5,1170.0,6561,0
2026-01-12 13:05:00+05:30,1170.0,1177.0,1169.6,1176.1,98416,0
2026-01-12 13:10:00+05:30,1175.6,1176.9,1173.9,1175.3,23439,0
2026-01-12 13:15:00+05:30,1175.3,1176.0,1172.4,1173.0,11496,0
2026-01-12 13:20:00+05:30,1173.0,1176.0,1172.0,1174.0,17921,0
2026-01-12 13:25:00+05:30,1173.8,1174.0,1172.2,1172.7,9336,0
2026-01-12 13:30:00+05:30,1172.7,1176.8,1172.7,1176.0,23622,0
2026-01-12 13:35:00+05:30,1176.6,1179.6,1176.3,1176.6,58944,0
2026-01-12 13:40:00+05:30,1177.9,1179.4,1176.5,1177.2,17342,0
2026-01-12 13:45:00+05:30,1177.2,1178.3,1176.8,1177.9,12719,0
2026-01-12 13:50:00+05:30,1177.8,1179.0,1176.7,1178.7,12797,0
2026-01-12 13:55:00+05:30,1179.0,1179.2,1177.2,1178.0,13858,0
2026-01-12 14:00:00+05:30,1177.9,1178.0,1176.5,1177.1,11013,0
2026-01-12 14:05:00+05:30,1177.2,1178.0,1176.8,1178.0,11859,0
2026-01-12 14:10:00+05:30,1177.6,1178.1,1176.2,1176.8,11458,0
2026-01-12 14:15:00+05:30,1176.8,1177.7,1175.8,1175.8,9347,0
2026-01-12 14:20:00+05:30,1175.8,1178.5,1175.1,1177.4,12228,0
2026-01-12 14:25:00+05:30,1177.9,1178.0,1175.9,1176.3,9264,0
2026-01-12 14:30:00+05:30,1176.9,1179.1,1176.3,1178.1,12915,0
2026-01-12 14:35:00+05:30,1178.0,1181.1,1175.6,1180.0,27685,0
2026-01-12 14:40:00+05:30,1180.7,1182.8,1180.0,1181.9,11307,0
2026-01-12 14:45:00+05:30,1182.0,1184.0,1181.3,1183.5,12921,0
2026-01-12 14:50:00+05:30,1183.5,1184.4,1183.0,1184.2,18043,0
2026-01-12 14:55:00+05:30,1184.0,1184.8,1183.0,1183.0,32975,0
2026-01-12 15:00:00+05:30,1183.0,1183.1,1181.2,1181.9,19070,0
2026-01-12 15:05:00+05:30,1181.9,1183.0,1181.4,1182.5,27132,0
2026-01-12 15:10:00+05:30,1182.5,1182.9,1181.2,1182.2,33377,0
2026-01-12 15:15:00+05:30,1182.2,1182.5,1180.6,1182.0,31552,0
2026-01-12 15:20:00+05:30,1181.9,1182.6,1181.3,1182.2,28591,0
2026-01-12 15:25:00+05:30,1182.4,1185.0,1182.2,1185.0,79681,0
2026-01-13 09:15:00+05:30,1182.7,1189.2,1179.3,1186.1,51649,0
2026-01-13 09:20:00+05:30,1186.1,1186.6,1182.7,1184.5,30953,0
2026-01-13 09:25:00+05:30,1184.4,1184.8,1180.5,1180.8,26342,0
2026-01-13 09:30:00+05:30,1180.5,1182.8,1179.3,1181.4,12919,0
2026-01-13 09:35:00+05:30,1180.8,1183.3,1180.6,1181.9,12761,0
2026-01-13 09:40:00+05:30,1181.3,1182.3,1180.4,1182.3,7593,0
2026-01-13 09:45:00+05:30,1182.0,1185.0,1182.0,1184.5,14830,0
2026-01-13 09:50:00+05:30,1184.1,1188.7,1184.1,1187.6,20174,0
2026-01-13 09:55:00+05:30,1187.5,1188.0,1184.3,1184.9,10354,0
2026-01-13 10:00:00+05:30,1184.5,1186.9,1183.1,1185.0,22018,0
2026-01-13 10:05:00+05:30,1184.6,1186.8,1183.4,1186.0,45103,0
2026-01-13 10:10:00+05:30,1185.5,1186.0,1184.5,1185.0,20258,0
2026-01-13 10:15:00+05:30,1184.8,1186.4,1184.5,1186.4,10115,0
2026-01-13 10:20:00+05:30,1186.2,1191.6,1186.2,1190.2,43877,0
2026-01-13 10:25:00+05:30,1190.2,1193.3,1189.7,1193.1,44925,0
2026-01-13 10:30:00+05:30,1193.0,1194.8,1192.0,1193.0,30089,0
2026-01-13 10:35:00+05:30,1193.0,1193.5,1191.4,1192.4,16406,0
2026-01-13 10:40:00+05:30,1191.6,1192.1,1189.8,1191.4,11833,0
2026-01-13 10:45:00+05:30,1190.9,1191.3,1184.6,1185.5,91498,0
2026-01-13 10:50:00+05:30,1185.3,1188.5,1185.0,1185.9,65917,0
2026-01-13 10:55:00+05:30,1185.6,1186.5,1184.4,1186.0,88595,0
2026-01-13 11:00:00+05:30,1186.0,1187.5,1185.6,1186.4,43731,0
2026-01-13 11:05:00+05:30,1186.1,1188.4,1186.1,1187.1,7731,0
2026-01-13 11:10:00+05:30,1187.0,1187.8,1185.2,1185.3,10734,0
2026-01-13 11:15:00+05:30,1185.3,1185.8,1184.8,1185.0,11163,0
2026-01-13 11:20:00+05:30,1185.0,1185.3,1183.1,1184.6,25184,0
2026-01-13 11:25:00+05:30,1184.1,1185.0,1182.1,1182.1,46890,0
2026-01-13 11:30:00+05:30,1182.0,1183.4,1180.5,1181.8,11539,0
2026-01-13 11:35:00+05:30,1181.6,1182.2,1180.2,1181.0,7029,0
2026-01-13 11:40:00+05:30,1180.5,1181.7,1180.0,1180.6,7879,0
2026-01-13 11:45:00+05:30,1180.1,1181.4,1179.8,1181.3,7000,0
2026-01-13 11:50:00+05:30,1180.6,1181.2,1177.4,1177.5,15006,0
2026-01-13 11:55:00+05:30,1177.5,1180.4,1177.4,1178.3,7280,0
2026-01-13 12:00:00+05:30,1178.3,1179.1,1176.0,1176.8,18321,0
2026-01-13 12:05:00+05:30,1176.6,1177.0,1176.0,1176.8,7048,0
2026-01-13 12:10:00+05:30,1176.5,1177.4,1175.0,1176.0,7294,0
2026-01-13 12:15:00+05:30,1175.5,1176.0,1174.0,1176.0,14555,0
2026-01-13 12:20:00+05:30,1175.4,1176.0,1174.1,1174.6,5454,0
2026-01-13 12:25:00+05:30,1174.6,1178.4,1174.0,1178.4,11288,0
2026-01-13 12:30:00+05:30,1178.1,1178.5,1176.6,1177.3,9405,0
2026-01-13 12:35:00+05:30,1177.0,1179.8,1177.0,1178.9,5755,0
2026-01-13 12:40:00+05:30,1178.4,1180.6,1177.1,1180.3,7531,0
2026-01-13 12:45:00+05:30,1180.0,1181.0,1178.5,1178.9,9051,0
2026-01-13 12:50:00+05:30,1178.7,1179.7,1177.1,1177.7,5309,0
2026-01-13 12:55:00+05:30,1177.3,1178.0,1175.7,1176.0,5573,0
2026-01-13 13:00:00+05:30,1175.3,1175.5,1173.1,1174.4,9399,0
2026-01-13 13:05:00+05:30,1174.2,1176.8,1173.8,1176.3,5891,0
2026-01-13 13:10:00+05:30,1176.3,1177.9,1176.0,1176.9,6897,0
2026-01-13 13:15:00+05:30,1176.5,1177.0,1175.0,1176.5,4080,0
2026-01-13 13:20:00+05:30,1176.5,1177.5,1175.7,1176.2,6075,0
2026-01-13 13:25:00+05:30,1176.2,1177.2,1175.4,1175.7,7023,0
2026-01-13 13:30:00+05:30,1175.4,1175.7,1173.6,1174.6,11682,0
2026-01-13 13:35:00+05:30,1174.7,1175.7,1173.2,1174.0,16704,0
2026-01-13 13:40:00+05:30,1173.7,1174.9,1172.4,1174.8,7853,0
2026-01-13 13:45:00+05:30,1174.1,1175.9,1173.6,1174.1,10953,0
2026-01-13 13:50:00+05:30,1173.7,1175.9,1172.6,1173.6,14670,0
2026-01-13 13:55:00+05:30,1173.0,1173.5,1171.5,1173.2,11184,0
2026-01-13 14:00:00+05:30,1172.7,1173.3,1171.0,1171.6,8612,0
2026-01-13 14:05:00+05:30,1171.2,1172.3,1171.0,1172.0,7907,0
2026-01-13 14:10:00+05:30,1171.3,1172.0,1169.8,1171.2,6971,0
2026-01-13 14:15:00+05:30,1171.2,1172.5,1170.4,1171.9,7204,0
2026-01-13 14:20:00+05:30,1171.6,1172.4,1169.8,1170.5,9668,0
2026-01-13 14:25:00+05:30,1170.0,1170.8,1168.4,1169.3,22982,0
2026-01-13 14:30:00+05:30,1169.1,1175.2,1168.4,1174.6,21699,0
2026-01-13 14:35:00+05:30,1174.5,1178.8,1173.9,1174.5,66185,0
2026-01-13 14:40:00+05:30,1174.2,1178.4,1174.1,1177.2,22987,0
2026-01-13 14:45:00+05:30,1176.9,1178.5,1176.3,1176.8,21472,0
2026-01-13 14:50:00+05:30,1176.3,1179.7,1176.1,1178.8,12094,0
2026-01-13 14:55:00+05:30,1179.0,1181.8,1178.5,1179.3,26265,0
2026-01-13 15:00:00+05:30,1179.6,1181.4,1177.2,1177.8,48240,0
2026-01-13 15:05:00+05:30,1177.4,1178.5,1177.1,1178.3,31453,0
2026-01-13 15:10:00+05:30,1178.3,1179.4,1177.2,1177.7,36060,0
2026-01-13 15:15:00+05:30,1177.7,1177.8,1176.9,1177.3,29297,0
2026-01-13 15:20:00+05:30,1177.3,1178.6,1176.6,1176.9,43825,0
2026-01-13 15:25:00+05:30,1176.9,1178.1,1175.0,1178.1,49415,0
2026-01-14 09:15:00+05:30,1179.9,1180.9,1170.3,1177.4,24591,0
2026-01-14 09:20:00+05:30,1177.4,1182.3,1177.4,1181.3,17620,0
2026-01-14 09:25:00+05:30,1182.0,1184.3,1181.2,1184.2,25362,0
2026-01-14 09:30:00+05:30,1184.2,1185.9,1183.8,1185.5,26509,0
2026-01-14 09:35:00+05:30,1185.5,1187.4,1184.8,1186.8,16741,0
2026-01-14 09:40:00+05:30,1186.8,1188.0,1183.6,1184.4,25311,0
2026-01-14 09:45:00+05:30,1184.4,1185.0,1182.1,1183.5,8016,0
2026-01-14 09:50:00+05:30,1183.5,1184.5,1183.1,1184.2,7257,0
2026-01-14 09:55:00+05:30,1184.2,1185.0,1183.5,1184.2,13545,0
2026-01-14 10:00:00+05:30,1184.2,1184.8,1179.6,1183.1,44502,0
2026-01-14 10:05:00+05:30,1183.1,1185.5,1180.7,1184.1,62407,0
2026-01-14 10:10:00+05:30,1184.2,1184.2,1182.2,1183.6,10020,0
2026-01-14 10:15:00+05:30,1183.6,1186.0,1182.9,1185.1,30850,0
2026-01-14 10:20:00+05:30,1185.1,1187.0,1184.8,1186.8,27470,0
2026-01-14 10:25:00+05:30,1187.0,1187.0,1183.5,1184.0,19352,0
2026-01-14 10:30:00+05:30,1184.0,1185.8,1183.3,1185.2,12218,0
2026-01-14 10:35:00+05:30,1185.2,1187.0,1184.0,1184.3,61964,0
2026-01-14 10:40:00+05:30,1184.3,1188.4,1183.8,1184.1,92080,0
2026-01-14 10:45:00+05:30,1184.1,1187.2,1183.2,1187.1,18781,0
2026-01-14 10:50:00+05:30,1186.9,1190.0,1186.9,1189.0,27026,0
2026-01-14 10:55:00+05:30,1189.0,1193.4,1188.0,1193.2,58059,0
2026-01-14 11:00:00+05:30,1193.2,1196.0,1190.8,1195.6,137114,0
2026-01-14 11:05:00+05:30,1195.9,1196.0,1191.6,1195.2,100675,0
2026-01-14 11:10:00+05:30,1195.2,1195.7,1193.0,1195.3,27162,0
2026-01-14 11:15:00+05:30,1195.3,1200.5,1194.8,1199.5,83059,0
2026-01-14 11:20:00+05:30,1199.5,1201.9,1198.5,1199.6,71013,0
2026-01-14 11:25:00+05:30,1199.9,1200.0,1197.1,1198.4,29304,0
2026-01-14 11:30:00+05:30,1198.4,1198.5,1195.9,1198.5,27256,0
2026-01-14 11:35:00+05:30,1198.5,1198.5,1195.3,1195.5,19051,0
2026-01-14 11:40:00+05:30,1195.5,1196.4,1195.0,1195.6,17336,0
2026-01-14 11:45:00+05:30,1195.6,1200.4,1194.4,1199.7,110803,0
2026-01-14 11:50:00+05:30,1199.7,1199.7,1197.4,1199.0,10793,0
2026-01-14 11:55:00+05:30,1199.0,1199.5,1194.1,1194.9,30440,0
2026-01-14 12:00:00+05:30,1194.9,1195.8,1193.7,1195.6,12701,0
2026-01-14 12:05:00+05:30,1195.6,1195.8,1192.4,1192.5,16718,0
2026-01-14 12:10:00+05:30,1192.9,1193.9,1190.9,1191.6,16929,0
2026-01-14 12:15:00+05:30,1191.7,1191.7,1189.1,1190.4,22100,0
2026-01-14 12:20:00+05:30,1190.7,1192.1,1190.1,1190.8,25466,0
2026-01-14 12:25:00+05:30,1191.1,1192.0,1190.5,1191.2,14338,0
2026-01-14 12:30:00+05:30,1191.2,1192.4,1190.4,1192.4,13278,0
2026-01-14 12:35:00+05:30,1192.4,1192.9,1190.9,1191.8,13075,0
2026-01-14 12:40:00+05:30,1192.0,1192.2,1188.9,1189.9,24695,0
2026-01-14 12:45:00+05:30,1190.0,1191.5,1188.2,1188.9,34332,0
2026-01-14 12:50:00+05:30,1188.9,1189.5,1187.9,1188.4,12500,0
2026-01-14 12:55:00+05:30,1188.6,1191.7,1188.1,1191.5,26391,0
2026-01-14 13:00:00+05:30,1191.5,1191.5,1188.5,1189.9,48842,0
2026-01-14 13:05:00+05:30,1189.9,1190.8,1188.9,1189.7,26178,0
2026-01-14 13:10:00+05:30,1190.0,1190.0,1186.6,1186.6,29312,0
2026-01-14 13:15:00+05:30,1187.1,1187.5,1185.1,1186.1,16404,0
2026-01-14 13:20:00+05:30,1186.1,1186.8,1185.0,1185.2,27559,0
2026-01-14 13:25:00+05:30,1185.4,1186.8,1185.1,1185.3,17529,0
2026-01-14 13:30:00+05:30,1185.5,1186.2,1184.2,1185.4,39465,0
2026-01-14 13:35:00+05:30,1185.4,1185.4,1183.7,1184.5,10757,0
2026-01-14 13:40:00+05:30,1184.4,1185.0,1183.3,1183.7,10758,0
2026-01-14 13:45:00+05:30,1183.7,1185.0,1183.2,1184.2,7325,0
2026-01-14 13:50:00+05:30,1184.4,1184.9,1183.3,1184.1,9637,0
2026-01-14 13:55:00+05:30,1184.1,1184.6,1183.4,1184.3,5569,0
2026-01-14 14:00:00+05:30,1184.3,1185.0,1183.5,1184.0,14634,0
2026-01-14 14:05:00+05:30,1184.0,1184.8,1183.3,1184.0,12125,0
2026-01-14 14:10:00+05:30,1184.0,1184.6,1183.0,1184.5,17231,0
2026-01-14 14:15:00+05:30,1184.5,1184.9,1180.8,1181.5,30025,0
2026-01-14 14:20:00+05:30,1181.5,1181.9,1180.0,1181.0,40458,0
2026-01-14 14:25:00+05:30,1181.0,1181.6,1180.0,1181.0,23601,0
2026-01-14 14:30:00+05:30,1181.0,1181.3,1178.9,1179.5,13890,0
2026-01-14 14:35:00+05:30,1179.5,1183.7,1178.9,1182.2,33465,0
2026-01-14 14:40:00+05:30,1182.2,1183.5,1181.6,1183.5,16991,0
2026-01-14 14:45:00+05:30,1183.5,1184.5,1183.1,1183.5,21897,0
2026-01-14 14:50:00+05:30,1183.5,1185.7,1182.7,1184.0,22468,0
2026-01-14 14:55:00+05:30,1184.4,1185.0,1181.4,1182.4,20715,0
2026-01-14 15:00:00+05:30,1182.4,1183.0,1180.2,1183.0,46848,0
2026-01-14 15:05:00+05:30,1183.0,1183.0,1181.9,1182.5,22216,0
2026-01-14 15:10:00+05:30,1182.5,1182.5,1181.3,1182.0,38147,0
2026-01-14 15:15:00+05:30,1181.9,1182.5,1180.9,1181.7,62536,0
2026-01-14 15:20:00+05:30,1181.7,1182.1,1181.2,1181.8,21412,0
2026-01-14 15:25:00+05:30,1181.7,1185.7,1181.0,1185.7,47408,0
2026-01-16 09:15:00+05:30,1181.8,1187.9,1180.3,1187.3,94877,0
2026-01-16 09:20:00+05:30,1187.2,1187.2,1180.6,1181.8,27736,0
2026-01-16 09:25:00+05:30,1181.8,1182.3,1179.5,1180.8,19995,0
2026-01-16 09:30:00+05:30,1180.4,1182.4,1179.2,1181.1,13042,0
2026-01-16 09:35:00+05:30,1181.1,1184.9,1179.9,1181.3,19582,0
2026-01-16 09:40:00+05:30,1181.6,1184.3,1181.6,1183.5,19293,0
2026-01-16 09:45:00+05:30,1183.9,1186.3,1183.4,1186.0,19441,0
2026-01-16 09:50:00+05:30,1185.9,1186.3,1184.5,1185.4,14981,0
2026-01-16 09:55:00+05:30,1185.4,1187.3,1184.4,1186.9,38153,0
2026-01-16 10:00:00+05:30,1186.9,1193.4,1186.9,1192.7,22041,0
2026-01-16 10:05:00+05:30,1192.7,1194.2,1190.5,1194.0,22805,0
2026-01-16 10:10:00+05:30,1193.7,1194.4,1193.0,1193.2,42578,0
2026-01-16 10:15:00+05:30,1193.2,1195.6,1192.4,1194.1,54939,0
2026-01-16 10:20:00+05:30,1194.2,1196.0,1194.2,1195.4,13393,0
2026-01-16 10:25:00+05:30,1195.5,1195.5,1194.2,1194.4,14926,0
2026-01-16 10:30:00+05:30,1194.3,1194.9,1192.6,1193.1,19225,0
2026-01-16 10:35:00+05:30,1193.1,1194.0,1190.1,1190.4,34064,0
2026-01-16 10:40:00+05:30,1190.4,1191.0,1189.0,1190.0,16729,0
2026-01-16 10:45:00+05:30,1190.0,1192.5,1189.9,1191.1,58885,0
2026-01-16 10:50:00+05:30,1191.1,1191.1,1189.8,1190.2,14121,0
2026-01-16 10:55:00+05:30,1190.5,1191.1,1190.1,1191.0,33563,0
2026-01-16 11:00:00+05:30,1191.0,1192.6,1190.8,1192.3,14468,0
2026-01-16 11:05:00+05:30,1192.4,1194.2,1192.3,1193.6,14151,0
2026-01-16 11:10:00+05:30,1193.9,1195.3,1193.7,1194.6,19838,0
2026-01-16 11:15:00+05:30,1194.6,1196.5,1192.0,1196.0,80977,0
2026-01-16 11:20:00+05:30,1196.1,1197.0,1194.1,1194.5,22157,0
2026-01-16 11:25:00+05:30,1194.5,1196.1,1194.3,1194.8,48714,0
2026-01-16 11:30:00+05:30,1195.1,1196.0,1193.7,1194.0,13199,0
2026-01-16 11:35:00+05:30,1194.3,1196.9,1193.6,1196.6,10651,0
2026-01-16 11:40:00+05:30,1196.9,1198.0,1195.5,1196.2,16273,0
2026-01-16 11:45:00+05:30,1196.4,1198.3,1195.8,1198.3,21539,0
2026-01-16 11:50:00+05:30,1198.3,1198.9,1197.6,1198.9,11751,0
2026-01-16 11:55:00+05:30,1198.9,1199.3,1197.0,1197.6,16241,0
2026-01-16 12:00:00+05:30,1197.6,1198.2,1194.9,1196.9,17888,0
2026-01-16 12:05:00+05:30,1196.8,1197.0,1195.7,1196.8,14182,0
2026-01-16 12:10:00+05:30,1196.8,1197.0,1196.2,1196.8,16595,0
2026-01-16 12:15:00+05:30,1196.8,1197.5,1196.6,1197.5,13867,0
2026-01-16 12:20:00+05:30,1197.5,1197.6,1196.5,1197.3,12693,0
2026-01-16 12:25:00+05:30,1197.3,1197.5,1191.0,1192.5,37874,0
2026-01-16 12:30:00+05:30,1193.0,1193.9,1191.6,1193.7,13987,0
2026-01-16 12:35:00+05:30,1193.7,1194.0,1193.1,1193.9,9601,0
2026-01-16 12:40:00+05:30,1193.9,1195.2,1193.9,1194.4,9210,0
2026-01-16 12:45:00+05:30,1194.4,1194.8,1192.0,1192.0,13581,0
2026-01-16 12:50:00+05:30,1192.1,1193.8,1190.4,1193.8,11021,0
2026-01-16 12:55:00+05:30,1193.8,1194.1,1192.1,1192.6,7643,0
2026-01-16 13:00:00+05:30,1192.6,1192.7,1189.2,1190.9,28463,0
2026-01-16 13:05:00+05:30,1190.9,1191.4,1190.2,1191.3,7741,0
2026-01-16 13:10:00+05:30,1191.3,1191.3,1189.3,1189.8,11201,0
2026-01-16 13:15:00+05:30,1190.0,1190.7,1188.9,1190.1,12959,0
2026-01-16 13:20:00+05:30,1190.4,1190.4,1188.7,1188.8,12055,0
2026-01-16 13:25:00+05:30,1189.1,1189.4,1187.5,1189.4,14769,0
2026-01-16 13:30:00+05:30,1189.5,1190.0,1187.9,1188.6,15119,0
2026-01-16 13:35:00+05:30,1188.8,1189.3,1187.6,1188.8,12068,0
2026-01-16 13:40:00+05:30,1188.8,1189.2,1186.0,1187.2,17146,0
2026-01-16 13:45:00+05:30,1187.2,1188.8,1186.9,1187.8,10595,0
2026-01-16 13:50:00+05:30,1187.8,1188.7,1186.0,1186.5,19566,0
2026-01-16 13:55:00+05:30,1186.8,1187.4,1186.5,1187.4,7737,0
2026-01-16 14:00:00+05:30,1187.0,1187.4,1185.7,1186.9,15873,0
2026-01-16 14:05:00+05:30,1186.9,1188.9,1186.0,1186.6,13527,0
2026-01-16 14:10:00+05:30,1186.9,1188.3,1185.6,1186.6,17062,0
2026-01-16 14:15:00+05:30,1186.7,1186.7,1183.7,1185.5,28534,0
2026-01-16 14:20:00+05:30,1185.6,1186.3,1184.3,1185.7,15196,0
2026-01-16 14:25:00+05:30,1185.7,1186.1,1183.5,1184.1,18177,0
2026-01-16 14:30:00+05:30,1183.9,1185.2,1183.3,1184.7,13672,0
2026-01-16 14:35:00+05:30,1184.7,1186.1,1183.4,1185.9,31407,0
2026-01-16 14:40:00+05:30,1185.9,1186.5,1185.0,1185.5,12564,0
2026-01-16 14:45:00+05:30,1185.5,1186.1,1184.4,1185.6,18428,0
2026-01-16 14:50:00+05:30,1185.6,1186.7,1183.8,1186.6,18946,0
2026-01-16 14:55:00+05:30,1186.6,1188.8,1185.8,1188.5,42447,0
2026-01-16 15:00:00+05:30,1188.1,1188.5,1185.7,1186.8,52444,0
2026-01-16 15:05:00+05:30,1186.8,1187.3,1185.9,1186.6,43487,0
2026-01-16 15:10:00+05:30,1186.5,1191.1,1185.8,1187.9,90782,0
2026-01-16 15:15:00+05:30,1187.8,1188.3,1185.3,1186.4,74001,0
2026-01-16 15:20:00+05:30,1186.4,1187.3,1185.4,1185.8,53120,0
2026-01-16 15:25:00+05:30,1185.8,1191.0,1185.6,1188.0,71495,0
2026-01-19 09:15:00+05:30,1187.4,1191.3,1184.8,1185.4,39990,0
2026-01-19 09:20:00+05:30,1185.4,1188.7,1184.6,1188.5,16398,0
2026-01-19 09:25:00+05:30,1188.6,1191.9,1188.6,1191.5,16779,0
2026-01-19 09:30:00+05:30,1191.5,1193.3,1190.6,1193.2,20540,0
2026-01-19 09:35:00+05:30,1193.1,1194.4,1192.4,1193.1,18686,0
2026-01-19 09:40:00+05:30,1192.8,1194.0,1188.6,1193.7,68005,0
2026-01-19 09:45:00+05:30,1193.7,1194.0,1186.1,1190.0,51829,0
2026-01-19 09:50:00+05:30,1190.0,1195.8,1189.6,1194.7,20289,0
2026-01-19 09:55:00+05:30,1194.5,1194.8,1191.7,1192.0,11018,0
2026-01-19 10:00:00+05:30,1191.9,1192.0,1186.2,1186.5,21491,0
2026-01-19 10:05:00+05:30,1186.9,1189.7,1185.0,1189.7,12132,0
2026-01-19 10:10:00+05:30,1189.7,1189.7,1186.8,1187.0,9136,0
2026-01-19 10:15:00+05:30,1186.9,1189.7,1186.9,1189.3,7642,0
2026-01-19 10:20:00+05:30,1189.3,1189.8,1185.9,1186.0,17450,0
2026-01-19 10:25:00+05:30,1186.5,1186.5,1185.0,1185.0,7881,0
2026-01-19 10:30:00+05:30,1185.3,1186.8,1185.0,1186.2,9788,0
2026-01-19 10:35:00+05:30,1186.2,1186.2,1183.5,1184.9,11592,0
2026-01-19 10:40:00+05:30,1184.8,1189.8,1184.8,1189.6,9706,0
2026-01-19 10:45:00+05:30,1189.6,1189.7,1188.9,1189.1,5628,0
2026-01-19 10:50:00+05:30,1189.1,1191.7,1188.5,1191.2,6383,0
2026-01-19 10:55:00+05:30,1191.5,1193.5,1188.3,1189.9,66668,0
2026-01-19 11:00:00+05:30,1190.0,1190.0,1188.7,1189.7,12278,0
2026-01-19 11:05:00+05:30,1189.7,1190.0,1188.9,1189.8,6951,0
2026-01-19 11:10:00+05:30,1189.8,1190.0,1187.5,1187.7,6590,0
2026-01-19 11:15:00+05:30,1187.5,1188.0,1187.1,1187.4,6225,0
2026-01-19 11:20:00+05:30,1187.4,1188.0,1186.8,1187.6,5651,0
2026-01-19 11:25:00+05:30,1187.8,1187.9,1184.5,1184.8,67546,0
2026-01-19 11:30:00+05:30,1184.9,1185.0,1183.6,1185.0,15209,0
2026-01-19 11:35:00+05:30,1185.0,1187.3,1184.9,1186.7,167136,0
2026-01-19 11:40:00+05:30,1186.7,1187.7,1186.6,1186.8,7524,0
2026-01-19 11:45:00+05:30,1186.8,1186.8,1184.9,1185.9,17667,0
2026-01-19 11:50:00+05:30,1185.9,1186.0,1185.0,1185.5,9633,0
2026-01-19 11:55:00+05:30,1185.9,1185.9,1185.0,1185.7,6354,0
2026-01-19 12:00:00+05:30,1185.7,1185.7,1184.4,1184.5,11858,0
2026-01-19 12:05:00+05:30,1184.4,1184.4,1179.7,1181.5,251306,0
2026-01-19 12:10:00+05:30,1181.5,1184.6,1179.4,1184.0,118567,0
2026-01-19 12:15:00+05:30,1184.1,1184.8,1183.1,1184.0,19373,0
2026-01-19 12:20:00+05:30,1184.0,1184.0,1179.7,1180.0,93284,0
2026-01-19 12:25:00+05:30,1180.0,1180.0,1179.1,1180.0,21950,0
2026-01-19 12:30:00+05:30,1180.0,1180.0,1179.6,1180.0,15383,0
2026-01-19 12:35:00+05:30,1180.0,1180.0,1177.7,1178.3,14151,0
2026-01-19 12:40:00+05:30,1178.1,1179.0,1178.1,1178.9,2476,0
2026-01-19 12:45:00+05:30,1178.7,1179.3,1177.9,1178.2,8006,0
2026-01-19 12:50:00+05:30,1178.2,1179.1,1176.9,1178.4,53358,0
2026-01-19 12:55:00+05:30,1178.4,1179.0,1178.2,1178.2,5568,0
2026-01-19 13:00:00+05:30,1178.4,1178.7,1176.4,1178.4,46644,0
2026-01-19 13:05:00+05:30,1178.4,1179.8,1176.9,1178.7,52065,0
2026-01-19 13:10:00+05:30,1178.7,1179.8,1177.9,1179.5,55554,0
2026-01-19 13:15:00+05:30,1179.5,1180.0,1179.1,1180.0,6288,0
2026-01-19 13:20:00+05:30,1180.0,1180.0,1179.1,1179.1,47324,0
2026-01-19 13:25:00+05:30,1179.1,1179.4,1178.7,1179.2,4800,0
2026-01-19 13:30:00+05:30,1179.2,1180.0,1179.2,1180.0,4016,0
2026-01-19 13:35:00+05:30,1180.0,1182.1,1179.9,1180.5,62261,0
2026-01-19 13:40:00+05:30,1180.4,1182.1,1179.4,1182.1,106730,0
2026-01-19 13:45:00+05:30,1182.1,1183.7,1181.4,1183.7,11449,0
2026-01-19 13:50:00+05:30,1183.8,1186.9,1183.1,1186.8,15275,0
2026-01-19 13:55:00+05:30,1186.9,1187.9,1184.9,1184.9,13097,0
2026-01-19 14:00:00+05:30,1184.9,1186.9,1184.6,1186.9,6834,0
2026-01-19 14:05:00+05:30,1186.9,1188.0,1186.9,1187.3,6902,0
2026-01-19 14:10:00+05:30,1187.4,1187.7,1186.0,1186.2,13645,0
2026-01-19 14:15:00+05:30,1186.2,1186.8,1184.7,1186.7,18266,0
2026-01-19 14:20:00+05:30,1186.7,1187.5,1186.1,1186.9,10098,0
2026-01-19 14:25:00+05:30,1187.0,1187.1,1183.6,1184.5,15705,0
2026-01-19 14:30:00+05:30,1184.5,1185.7,1183.7,1185.5,10698,0
2026-01-19 14:35:00+05:30,1185.5,1186.4,1184.2,1185.7,17457,0
2026-01-19 14:40:00+05:30,1185.7,1187.9,1185.3,1187.8,17568,0
2026-01-19 14:45:00+05:30,1187.9,1191.3,1187.5,1189.6,41167,0
2026-01-19 14:50:00+05:30,1189.2,1190.0,1188.6,1189.7,11851,0
2026-01-19 14:55:00+05:30,1189.7,1189.9,1186.6,1188.6,39151,0
2026-01-19 15:00:00+05:30,1188.6,1189.0,1185.6,1186.2,35104,0
2026-01-19 15:05:00+05:30,1186.2,1186.4,1185.5,1185.9,15020,0
2026-01-19 15:10:00+05:30,1185.7,1185.8,1182.8,1184.2,19180,0
2026-01-19 15:15:00+05:30,1184.2,1184.5,1182.1,1182.3,31584,0
2026-01-19 15:20:00+05:30,1182.1,1184.3,1181.3,1183.1,46811,0
2026-01-19 15:25:00+05:30,1183.1,1184.3,1181.1,1181.3,38195,0
2026-01-20 09:15:00+05:30,1188.0,1195.0,1186.7,1193.6,45460,0
2026-01-20 09:20:00+05:30,1193.6,1193.8,1187.6,1187.6,22369,0
2026-01-20 09:25:00+05:30,1188.1,1189.8,1185.9,1187.6,23129,0
2026-01-20 09:30:00+05:30,1187.6,1188.5,1184.6,1184.8,19491,0
2026-01-20 09:35:00+05:30,1185.1,1185.2,1181.5,1181.6,23603,0
2026-01-20 09:40:00+05:30,1181.9,1183.7,1180.0,1180.5,17254,0
2026-01-20 09:45:00+05:30,1180.5,1184.2,1179.1,1182.8,18636,0
2026-01-20 09:50:00+05:30,1182.8,1183.6,1178.2,1178.6,13139,0
2026-01-20 09:55:00+05:30,1178.6,1181.4,1178.4,1179.1,15150,0
2026-01-20 10:00:00+05:30,1179.1,1182.6,1178.1,1182.0,17239,0
2026-01-20 10:05:00+05:30,1182.0,1183.3,1180.4,1181.3,11077,0
2026-01-20 10:10:00+05:30,1181.6,1183.6,1181.3,1181.9,11850,0
2026-01-20 10:15:00+05:30,1182.0,1183.1,1180.8,1181.8,12276,0
2026-01-20 10:20:00+05:30,1181.8,1181.9,1179.0,1180.0,9449,0
2026-01-20 10:25:00+05:30,1180.0,1181.9,1179.7,1180.5,8502,0
2026-01-20 10:30:00+05:30,1180.5,1181.5,1179.7,1179.7,7026,0
2026-01-20 10:35:00+05:30,1180.1,1182.0,1179.0,1182.0,6062,0
2026-01-20 10:40:00+05:30,1182.1,1184.6,1180.4,1180.9,10822,0
2026-01-20 10:45:00+05:30,1180.9,1181.0,1179.6,1179.6,6775,0
2026-01-20 10:50:00+05:30,1180.0,1180.4,1177.9,1178.4,5600,0
2026-01-20 10:55:00+05:30,1178.4,1180.0,1178.0,1179.8,6707,0
2026-01-20 11:00:00+05:30,1179.8,1180.5,1178.4,1178.7,6765,0
2026-01-20 11:05:00+05:30,1178.7,1178.7,1175.4,1175.6,18577,0
2026-01-20 11:10:00+05:30,1175.6,1176.4,1174.2,1174.8,11090,0
2026-01-20 11:15:00+05:30,1174.8,1176.9,1173.6,1174.9,12548,0
2026-01-20 11:20:00+05:30,1175.0,1175.5,1174.0,1175.3,11971,0
2026-01-20 11:25:00+05:30,1175.3,1175.9,1174.9,1175.7,8071,0
2026-01-20 11:30:00+05:30,1175.9,1177.0,1174.9,1175.4,10625,0
2026-01-20 11:35:00+05:30,1176.0,1176.8,1174.3,1175.8,11651,0
2026-01-20 11:40:00+05:30,1175.8,1176.3,1174.6,1175.5,5755,0
2026-01-20 11:45:00+05:30,1175.5,1175.6,1174.1,1174.9,6748,0
2026-01-20 11:50:00+05:30,1174.9,1175.0,1171.3,1172.7,15974,0
2026-01-20 11:55:00+05:30,1172.7,1173.0,1171.7,1172.8,5912,0
2026-01-20 12:00:00+05:30,1172.9,1172.9,1171.1,1172.0,8573,0
2026-01-20 12:05:00+05:30,1171.9,1172.0,1169.0,1169.5,15475,0
2026-01-20 12:10:00+05:30,1169.5,1172.8,1169.0,1171.7,9707,0
2026-01-20 12:15:00+05:30,1172.1,1172.8,1171.0,1172.2,7595,0
2026-01-20 12:20:00+05:30,1172.4,1173.0,1171.3,1172.9,6097,0
2026-01-20 12:25:00+05:30,1172.9,1175.2,1172.5,1173.6,6075,0
2026-01-20 12:30:00+05:30,1174.0,1174.0,1172.5,1172.8,5141,0
2026-01-20 12:35:00+05:30,1172.8,1172.8,1170.6,1172.4,8895,0
2026-01-20 12:40:00+05:30,1172.4,1172.9,1171.1,1172.7,6965,0
2026-01-20 12:45:00+05:30,1172.7,1173.0,1170.2,1172.2,11769,0
2026-01-20 12:50:00+05:30,1172.3,1174.4,1172.1,1173.5,4898,0
2026-01-20 12:55:00+05:30,1173.5,1173.9,1172.4,1173.6,6265,0
2026-01-20 13:00:00+05:30,1173.6,1173.7,1172.3,1172.9,4683,0
2026-01-20 13:05:00+05:30,1172.9,1173.3,1171.0,1171.5,7275,0
2026-01-20 13:10:00+05:30,1171.3,1171.4,1170.5,1170.6,4082,0
2026-01-20 13:15:00+05:30,1170.5,1171.0,1170.1,1170.4,4761,0
2026-01-20 13:20:00+05:30,1170.5,1172.0,1169.1,1170.7,20303,0
2026-01-20 13:25:00+05:30,1170.6,1171.3,1169.1,1169.7,5396,0
2026-01-20 13:30:00+05:30,1170.1,1170.4,1166.9,1167.0,19943,0
2026-01-20 13:35:00+05:30,1166.9,1168.2,1165.0,1166.8,32818,0
2026-01-20 13:40:00+05:30,1167.0,1167.2,1165.4,1166.0,9052,0
2026-01-20 13:45:00+05:30,1166.3,1166.7,1165.0,1166.1,12351,0
2026-01-20 13:50:00+05:30,1166.3,1167.3,1165.9,1166.7,7629,0
2026-01-20 13:55:00+05:30,1166.6,1167.3,1166.0,1167.0,9979,0
2026-01-20 14:00:00+05:30,1167.0,1168.6,1164.9,1167.7,18481,0
2026-01-20 14:05:00+05:30,1167.7,1167.7,1165.1,1165.6,12839,0
2026-01-20 14:10:00+05:30,1165.6,1168.5,1165.0,1168.0,21928,0
2026-01-20 14:15:00+05:30,1168.0,1170.0,1167.0,1168.6,31392,0
2026-01-20 14:20:00+05:30,1168.6,1169.8,1167.7,1169.5,13062,0
2026-01-20 14:25:00+05:30,1169.5,1172.0,1169.0,1171.5,14966,0
2026-01-20 14:30:00+05:30,1171.5,1172.3,1170.4,1171.5,16848,0
2026-01-20 14:35:00+05:30,1171.4,1172.3,1170.6,1172.0,25935,0
2026-01-20 14:40:00+05:30,1172.0,1172.3,1171.2,1172.1,25179,0
2026-01-20 14:45:00+05:30,1172.3,1174.7,1172.1,1174.0,17869,0
2026-01-20 14:50:00+05:30,1174.0,1174.0,1171.5,1173.0,16516,0
2026-01-20 14:55:00+05:30,1173.0,1173.0,1166.4,1167.2,16375,0
2026-01-20 15:00:00+05:30,1166.7,1167.1,1162.4,1163.0,31541,0
2026-01-20 15:05:00+05:30,1163.0,1163.0,1160.7,1160.9,29118,0
2026-01-20 15:10:00+05:30,1160.9,1160.9,1158.1,1158.8,39950,0
2026-01-20 15:15:00+05:30,1158.8,1159.7,1156.9,1157.2,36612,0
2026-01-20 15:20:00+05:30,1157.3,1158.0,1156.5,1157.6,29550,0
2026-01-20 15:25:00+05:30,1157.7,1161.9,1157.4,1161.6,35672,0
2026-01-21 09:15:00+05:30,1163.5,1175.0,1160.9,1171.7,69547,0
2026-01-21 09:20:00+05:30,1172.1,1173.7,1169.1,1173.7,38496,0
2026-01-21 09:25:00+05:30,1173.7,1178.9,1172.7,1177.1,36054,0
2026-01-21 09:30:00+05:30,1177.0,1178.5,1172.0,1175.4,32402,0
2026-01-21 09:35:00+05:30,1175.1,1176.9,1173.2,1173.5,21226,0
2026-01-21 09:40:00+05:30,1173.9,1176.0,1171.2,1172.3,22157,0
2026-01-21 09:45:00+05:30,1172.3,1174.4,1170.9,1172.5,27389,0
2026-01-21 09:50:00+05:30,1172.8,1174.8,1171.2,1172.6,9511,0
2026-01-21 09:55:00+05:30,1173.1,1175.0,1169.8,1170.5,19195,0
2026-01-21 10:00:00+05:30,1170.5,1174.8,1169.9,1173.9,23487,0
2026-01-21 10:05:00+05:30,1173.8,1174.5,1172.0,1173.8,11687,0
2026-01-21 10:10:00+05:30,1173.7,1173.7,1168.3,1171.1,27947,0
2026-01-21 10:15:00+05:30,1171.1,1171.5,1169.0,1169.8,12128,0
2026-01-21 10:20:00+05:30,1169.7,1171.1,1166.6,1168.6,19665,0
2026-01-21 10:25:00+05:30,1168.6,1169.9,1167.1,1167.6,13581,0
2026-01-21 10:30:00+05:30,1167.7,1168.4,1166.7,1167.9,12153,0
2026-01-21 10:35:00+05:30,1167.9,1168.6,1165.5,1166.4,13907,0
2026-01-21 10:40:00+05:30,1166.4,1166.5,1162.0,1163.7,19685,0
2026-01-21 10:45:00+05:30,1163.7,1163.8,1161.2,1163.2,15496,0
2026-01-21 10:50:00+05:30,1163.2,1163.7,1160.6,1160.7,14388,0
2026-01-21 10:55:00+05:30,1160.7,1166.7,1159.6,1166.2,23984,0
2026-01-21 11:00:00+05:30,1166.2,1169.0,1165.8,1168.5,20414,0
2026-01-21 11:05:00+05:30,1168.9,1169.0,1166.5,1167.9,9340,0
2026-01-21 11:10:00+05:30,1167.9,1170.4,1167.9,1170.2,9740,0
2026-01-21 11:15:00+05:30,1170.1,1171.6,1168.9,1171.0,10410,0
2026-01-21 11:20:00+05:30,1171.0,1171.5,1169.0,1169.5,23018,0
2026-01-21 11:25:00+05:30,1169.5,1169.6,1167.1,1168.4,9237,0
2026-01-21 11:30:00+05:30,1168.4,1170.3,1167.5,1168.7,13243,0
2026-01-21 11:35:00+05:30,1168.7,1170.1,1168.2,1169.5,8789,0
2026-01-21 11:40:00+05:30,1169.5,1170.8,1167.7,1170.3,17094,0
2026-01-21 11:45:00+05:30,1170.3,1172.2,1169.4,1169.8,13886,0
2026-01-21 11:50:00+05:30,1169.8,1170.8,1169.2,1169.7,13338,0
2026-01-21 11:55:00+05:30,1169.8,1171.5,1168.4,1171.1,10260,0
2026-01-21 12:00:00+05:30,1171.1,1174.0,1170.2,1172.7,22300,0
2026-01-21 12:05:00+05:30,1172.6,1173.9,1171.0,1173.8,17074,0
2026-01-21 12:10:00+05:30,1173.8,1174.0,1173.0,1174.0,9435,0
2026-01-21 12:15:00+05:30,1173.6,1175.9,1172.2,1174.8,33042,0
2026-01-21 12:20:00+05:30,1174.7,1175.9,1174.0,1175.4,14210,0
2026-01-21 12:25:00+05:30,1175.4,1175.4,1170.1,1171.4,14318,0
2026-01-21 12:30:00+05:30,1171.3,1173.8,1171.3,1173.1,10807,0
2026-01-21 12:35:00+05:30,1173.0,1175.9,1172.5,1175.4,6953,0
2026-01-21 12:40:00+05:30,1175.4,1176.2,1173.6,1176.2,17438,0
2026-01-21 12:45:00+05:30,1176.1,1178.6,1175.8,1178.3,15078,0
2026-01-21 12:50:00+05:30,1178.3,1178.3,1176.6,1177.3,19468,0
2026-01-21 12:55:00+05:30,1177.3,1177.3,1175.0,1177.0,23039,0
2026-01-21 13:00:00+05:30,1177.0,1177.0,1174.1,1175.3,22055,0
2026-01-21 13:05:00+05:30,1175.3,1175.6,1173.0,1173.1,7103,0
2026-01-21 13:10:00+05:30,1173.3,1173.7,1170.7,1171.9,8935,0
2026-01-21 13:15:00+05:30,1171.9,1172.1,1170.7,1171.6,7603,0
2026-01-21 13:20:00+05:30,1171.6,1172.0,1169.4,1171.5,8960,0
2026-01-21 13:25:00+05:30,1171.5,1171.6,1170.0,1170.8,5760,0
2026-01-21 13:30:00+05:30,1170.8,1171.1,1168.7,1168.7,8242,0
2026-01-21 13:35:00+05:30,1168.8,1173.3,1168.0,1171.6,16748,0
2026-01-21 13:40:00+05:30,1171.6,1171.8,1169.9,1170.6,6342,0
2026-01-21 13:45:00+05:30,1170.6,1171.8,1170.1,1170.4,5578,0
2026-01-21 13:50:00+05:30,1170.4,1170.5,1167.6,1168.9,10466,0
2026-01-21 13:55:00+05:30,1168.9,1169.0,1166.9,1166.9,7891,0
2026-01-21 14:00:00+05:30,1167.2,1168.7,1165.5,1167.8,60596,0
2026-01-21 14:05:00+05:30,1167.6,1168.4,1165.6,1166.7,14085,0
2026-01-21 14:10:00+05:30,1166.7,1167.5,1165.0,1165.7,9792,0
2026-01-21 14:15:00+05:30,1165.7,1170.7,1165.2,1169.3,16668,0
2026-01-21 14:20:00+05:30,1169.1,1169.8,1166.0,1167.9,7118,0
2026-01-21 14:25:00+05:30,1167.9,1168.0,1164.7,1165.2,9767,0
2026-01-21 14:30:00+05:30,1164.8,1167.3,1164.8,1167.1,5653,0
2026-01-21 14:35:00+05:30,1167.1,1169.7,1166.0,1169.5,9047,0
2026-01-21 14:40:00+05:30,1169.4,1173.8,1168.7,1172.2,18586,0
2026-01-21 14:45:00+05:30,1172.2,1174.0,1171.6,1173.8,18859,0
2026-01-21 14:50:00+05:30,1173.8,1175.0,1173.0,1173.9,9552,0
2026-01-21 14:55:00+05:30,1173.9,1176.6,1173.5,1175.2,21613,0
2026-01-21 15:00:00+05:30,1175.2,1176.8,1174.4,1175.8,42792,0
2026-01-21 15:05:00+05:30,1176.1,1176.1,1173.1,1174.3,29865,0
2026-01-21 15:10:00+05:30,1174.3,1174.7,1173.1,1173.6,36147,0
2026-01-21 15:15:00+05:30,1173.6,1174.5,1172.7,1173.7,34539,0
2026-01-21 15:20:00+05:30,1174.1,1175.8,1172.8,1175.0,55077,0
2026-01-21 15:25:00+05:30,1175.1,1177.2,1171.5,1174.8,40479,0
2026-01-22 09:15:00+05:30,1180.0,1182.6,1176.1,1177.2,54049,0
2026-01-22 09:20:00+05:30,1177.7,1181.5,1177.0,1180.2,27348,0
2026-01-22 09:25:00+05:30,1180.2,1183.0,1180.0,1183.0,25794,0
2026-01-22 09:30:00+05:30,1183.0,1188.6,1182.6,1187.5,36519,0
2026-01-22 09:35:00+05:30,1187.2,1192.0,1187.2,1191.4,37333,0
2026-01-22 09:40:00+05:30,1191.8,1191.8,1188.3,1189.0,17994,0
2026-01-22 09:45:00+05:30,1189.0,1190.1,1186.9,1189.7,26960,0
2026-01-22 09:50:00+05:30,1190.0,1191.6,1185.8,1186.2,16816,0
2026-01-22 09:55:00+05:30,1186.2,1187.9,1185.0,1185.5,12355,0
2026-01-22 10:00:00+05:30,1185.5,1186.7,1179.4,1181.1,35558,0
2026-01-22 10:05:00+05:30,1181.4,1183.2,1179.9,1182.1,16720,0
2026-01-22 10:10:00+05:30,1182.3,1185.4,1179.6,1181.5,79562,0
2026-01-22 10:15:00+05:30,1181.4,1184.8,1181.2,1183.6,13789,0
2026-01-22 10:20:00+05:30,1183.6,1185.3,1183.1,1184.2,6691,0
2026-01-22 10:25:00+05:30,1184.1,1184.2,1181.0,1182.4,8544,0
2026-01-22 10:30:00+05:30,1182.4,1184.3,1180.0,1184.3,10722,0
2026-01-22 10:35:00+05:30,1184.3,1189.8,1184.0,1185.8,31519,0
2026-01-22 10:40:00+05:30,1186.6,1189.1,1185.9,1188.8,10466,0
2026-01-22 10:45:00+05:30,1188.5,1189.2,1186.5,1187.3,7888,0
2026-01-22 10:50:00+05:30,1187.3,1188.1,1185.5,1186.6,9558,0
2026-01-22 10:55:00+05:30,1186.6,1186.7,1183.0,1183.2,9866,0
2026-01-22 11:00:00+05:30,1183.0,1185.0,1183.0,1184.6,9310,0
2026-01-22 11:05:00+05:30,1184.8,1185.0,1182.8,1185.0,7951,0
2026-01-22 11:10:00+05:30,1185.0,1185.7,1183.1,1185.1,5865,0
2026-01-22 11:15:00+05:30,1185.3,1186.7,1183.8,1184.3,9198,0
2026-01-22 11:20:00+05:30,1184.3,1186.0,1184.2,1186.0,5681,0
2026-01-22 11:25:00+05:30,1186.0,1186.9,1184.8,1184.9,7057,0
2026-01-22 11:30:00+05:30,1184.9,1185.6,1183.4,1185.2,7305,0
2026-01-22 11:35:00+05:30,1185.2,1186.4,1184.7,1185.9,8612,0
2026-01-22 11:40:00+05:30,1185.9,1186.8,1184.1,1185.9,6339,0
2026-01-22 11:45:00+05:30,1185.8,1187.0,1184.9,1187.0,8162,0
2026-01-22 11:50:00+05:30,1187.0,1187.0,1185.7,1185.7,7682,0
2026-01-22 11:55:00+05:30,1185.7,1186.2,1183.6,1183.6,6638,0
2026-01-22 12:00:00+05:30,1184.0,1185.2,1183.1,1185.2,6052,0
2026-01-22 12:05:00+05:30,1185.2,1188.0,1184.8,1187.9,10290,0
2026-01-22 12:10:00+05:30,1187.5,1188.4,1183.8,1186.3,27720,0
2026-01-22 12:15:00+05:30,1186.1,1187.1,1184.8,1186.3,8371,0
2026-01-22 12:20:00+05:30,1186.3,1187.6,1185.0,1186.2,7602,0
2026-01-22 12:25:00+05:30,1186.1,1188.9,1185.0,1187.9,6903,0
2026-01-22 12:30:00+05:30,1187.9,1189.9,1186.8,1189.8,6050,0
2026-01-22 12:35:00+05:30,1189.8,1189.9,1187.3,1188.0,6967,0
2026-01-22 12:40:00+05:30,1188.0,1188.0,1184.7,1187.0,11546,0
2026-01-22 12:45:00+05:30,1187.0,1188.2,1186.4,1187.6,5401,0
2026-01-22 12:50:00+05:30,1187.7,1188.2,1186.7,1186.8,5797,0
2026-01-22 12:55:00+05:30,1186.6,1186.6,1184.5,1185.0,11163,0
2026-01-22 13:00:00+05:30,1185.1,1185.9,1182.6,1182.9,39688,0
2026-01-22 13:05:00+05:30,1182.9,1182.9,1179.8,1180.0,12647,0
2026-01-22 13:10:00+05:30,1179.5,1181.5,1179.1,1180.1,7591,0
2026-01-22 13:15:00+05:30,1179.9,1180.1,1178.1,1179.6,18568,0
2026-01-22 13:20:00+05:30,1180.0,1180.0,1177.9,1179.1,25962,0
2026-01-22 13:25:00+05:30,1179.1,1179.7,1177.1,1177.5,13994,0
2026-01-22 13:30:00+05:30,1177.0,1180.0,1177.0,1179.7,56768,0
2026-01-22 13:35:00+05:30,1179.6,1180.2,1178.8,1179.7,7109,0
2026-01-22 13:40:00+05:30,1179.6,1179.7,1178.3,1179.6,5204,0
2026-01-22 13:45:00+05:30,1179.2,1180.1,1178.3,1179.6,4604,0
2026-01-22 13:50:00+05:30,1179.8,1181.6,1179.8,1181.6,5761,0
2026-01-22 13:55:00+05:30,1181.3,1182.7,1181.2,1182.0,5736,0
2026-01-22 14:00:00+05:30,1181.9,1182.7,1177.8,1177.9,45166,0
2026-01-22 14:05:00+05:30,1177.8,1180.6,1177.8,1179.0,33086,0
2026-01-22 14:10:00+05:30,1179.0,1179.5,1176.9,1176.9,11736,0
2026-01-22 14:15:00+05:30,1176.9,1178.4,1176.4,1177.5,34505,0
2026-01-22 14:20:00+05:30,1177.8,1179.5,1177.8,1179.4,29532,0
2026-01-22 14:25:00+05:30,1179.4,1181.0,1177.7,1181.0,6150,0
2026-01-22 14:30:00+05:30,1180.7,1182.2,1179.5,1181.1,10705,0
2026-01-22 14:35:00+05:30,1180.7,1183.2,1180.0,1183.2,10763,0
2026-01-22 14:40:00+05:30,1183.2,1183.7,1181.6,1183.5,17225,0
2026-01-22 14:45:00+05:30,1183.5,1185.7,1183.3,1184.9,24368,0
2026-01-22 14:50:00+05:30,1184.9,1186.7,1184.3,1185.8,9061,0
2026-01-22 14:55:00+05:30,1185.8,1186.9,1184.8,1186.9,9451,0
2026-01-22 15:00:00+05:30,1186.5,1186.9,1182.6,1183.5,31939,0
2026-01-22 15:05:00+05:30,1183.4,1186.7,1183.2,1185.8,36548,0
2026-01-22 15:10:00+05:30,1185.8,1185.9,1183.8,1183.8,38156,0
2026-01-22 15:15:00+05:30,1183.8,1185.3,1182.0,1183.4,84434,0
2026-01-22 15:20:00+05:30,1183.5,1186.4,1182.8,1184.9,60260,0
2026-01-22 15:25:00+05:30,1185.0,1187.1,1183.3,1183.4,32205,0
2026-01-23 09:15:00+05:30,1193.3,1193.3,1181.1,1184.1,34971,0
2026-01-23 09:20:00+05:30,1184.1,1189.0,1183.8,1185.2,17873,0
2026-01-23 09:25:00+05:30,1185.4,1186.1,1182.1,1185.6,60179,0
2026-01-23 09:30:00+05:30,1185.6,1188.0,1184.1,1185.1,42044,0
2026-01-23 09:35:00+05:30,1185.1,1187.9,1184.6,1186.5,14331,0
2026-01-23 09:40:00+05:30,1186.5,1187.3,1185.0,1185.7,7092,0
2026-01-23 09:45:00+05:30,1185.7,1187.4,1185.0,1186.5,6906,0
2026-01-23 09:50:00+05:30,1186.1,1187.1,1185.5,1186.6,8184,0
2026-01-23 09:55:00+05:30,1186.6,1191.0,1186.4,1189.6,22888,0
2026-01-23 10:00:00+05:30,1189.6,1190.9,1185.4,1186.7,36906,0
2026-01-23 10:05:00+05:30,1186.7,1187.5,1184.3,1186.1,33623,0
2026-01-23 10:10:00+05:30,1186.2,1188.5,1185.9,1186.4,13886,0
2026-01-23 10:15:00+05:30,1186.9,1189.7,1186.3,1187.0,14006,0
2026-01-23 10:20:00+05:30,1187.1,1187.9,1186.8,1187.5,9495,0
2026-01-23 10:25:00+05:30,1187.5,1189.9,1186.7,1189.2,35921,0
2026-01-23 10:30:00+05:30,1189.2,1190.2,1186.8,1189.3,33288,0
2026-01-23 10:35:00+05:30,1189.2,1189.8,1187.4,1188.1,6470,0
2026-01-23 10:40:00+05:30,1188.3,1189.0,1187.7,1188.8,8362,0
2026-01-23 10:45:00+05:30,1188.8,1188.8,1186.7,1187.1,7585,0
2026-01-23 10:50:00+05:30,1186.9,1186.9,1183.4,1184.3,12891,0
2026-01-23 10:55:00+05:30,1184.3,1184.9,1183.5,1184.2,9820,0
2026-01-23 11:00:00+05:30,1184.2,1184.2,1182.2,1182.6,12488,0
2026-01-23 11:05:00+05:30,1182.6,1183.2,1180.0,1180.4,45777,0
2026-01-23 11:10:00+05:30,1180.4,1180.6,1178.7,1179.4,12909,0
2026-01-23 11:15:00+05:30,1179.4,1179.4,1177.6,1178.0,17518,0
2026-01-23 11:20:00+05:30,1178.0,1179.0,1176.0,1177.5,41461,0
2026-01-23 11:25:00+05:30,1177.7,1178.0,1174.3,1175.5,26050,0
2026-01-23 11:30:00+05:30,1176.0,1176.0,1173.1,1173.2,7134,0
2026-01-23 11:35:00+05:30,1173.7,1174.6,1169.9,1170.0,48746,0
2026-01-23 11:40:00+05:30,1170.0,1171.5,1168.4,1169.8,23764,0
2026-01-23 11:45:00+05:30,1169.2,1173.4,1169.2,1171.5,14898,0
2026-01-23 11:50:00+05:30,1171.7,1172.5,1171.2,1172.1,4614,0
2026-01-23 11:55:00+05:30,1172.1,1175.4,1171.9,1174.6,8920,0
2026-01-23 12:00:00+05:30,1174.6,1176.8,1173.1,1175.0,10385,0
2026-01-23 12:05:00+05:30,1175.0,1176.0,1173.9,1174.1,6124,0
2026-01-23 12:10:00+05:30,1174.1,1175.0,1172.8,1173.0,8071,0
2026-01-23 12:15:00+05:30,1173.0,1175.0,1172.8,1175.0,15449,0
2026-01-23 12:20:00+05:30,1175.0,1176.2,1173.1,1173.3,8554,0
2026-01-23 12:25:00+05:30,1173.3,1175.3,1172.8,1173.2,13747,0
2026-01-23 12:30:00+05:30,1173.6,1175.3,1172.3,1173.7,10506,0
2026-01-23 12:35:00+05:30,1174.2,1175.0,1173.7,1174.4,6104,0
2026-01-23 12:40:00+05:30,1174.4,1175.4,1172.8,1174.0,15087,0
2026-01-23 12:45:00+05:30,1174.6,1176.3,1173.1,1174.0,11599,0
2026-01-23 12:50:00+05:30,1174.4,1177.4,1173.1,1177.0,8361,0
2026-01-23 12:55:00+05:30,1176.9,1177.0,1174.0,1174.7,2421,0
2026-01-23 13:00:00+05:30,1174.7,1175.9,1172.2,1175.8,5243,0
2026-01-23 13:05:00+05:30,1175.8,1177.0,1175.0,1175.6,7967,0
2026-01-23 13:10:00+05:30,1175.6,1176.0,1173.7,1174.7,7199,0
2026-01-23 13:15:00+05:30,1174.7,1174.7,1172.4,1173.1,6357,0
2026-01-23 13:20:00+05:30,1173.1,1173.4,1170.6,1172.0,6156,0
2026-01-23 13:25:00+05:30,1172.0,1173.8,1171.7,1173.6,3650,0
2026-01-23 13:30:00+05:30,1173.6,1173.7,1171.1,1171.4,7374,0
2026-01-23 13:35:00+05:30,1171.4,1173.1,1169.5,1169.5,10250,0
2026-01-23 13:40:00+05:30,1169.5,1171.3,1169.5,1170.7,8074,0
2026-01-23 13:45:00+05:30,1170.6,1170.6,1168.4,1168.4,4754,0
2026-01-23 13:50:00+05:30,1168.6,1170.8,1168.4,1170.8,2830,0
2026-01-23 13:55:00+05:30,1170.6,1170.8,1168.6,1168.9,5078,0
2026-01-23 14:00:00+05:30,1168.9,1169.8,1168.1,1169.4,6585,0
2026-01-23 14:05:00+05:30,1169.6,1169.9,1167.0,1167.3,15195,0
2026-01-23 14:10:00+05:30,1168.0,1168.0,1165.3,1166.2,59371,0
2026-01-23 14:15:00+05:30,1166.6,1169.9,1165.9,1167.8,68990,0
2026-01-23 14:20:00+05:30,1168.6,1168.9,1165.6,1166.9,63834,0
2026-01-23 14:25:00+05:30,1166.8,1169.3,1165.9,1169.3,63746,0
2026-01-23 14:30:00+05:30,1169.3,1174.1,1168.7,1172.4,75490,0
2026-01-23 14:35:00+05:30,1172.9,1175.2,1170.3,1172.0,69644,0
2026-01-23 14:40:00+05:30,1171.7,1174.4,1170.4,1170.7,79276,0
2026-01-23 14:45:00+05:30,1171.5,1173.6,1169.4,1170.0,90280,0
2026-01-23 14:50:00+05:30,1170.0,1172.8,1168.2,1171.9,70127,0
2026-01-23 14:55:00+05:30,1172.5,1176.7,1172.5,1174.6,71335,0
2026-01-23 15:00:00+05:30,1174.4,1176.7,1169.1,1169.6,76040,0
2026-01-23 15:05:00+05:30,1169.6,1171.8,1167.9,1169.1,196467,0
2026-01-23 15:10:00+05:30,1169.0,1171.1,1168.5,1170.3,181404,0
2026-01-23 15:15:00+05:30,1169.6,1171.6,1169.6,1171.1,181594,0
2026-01-23 15:20:00+05:30,1170.9,1170.9,1168.7,1169.4,99948,0
2026-01-23 15:25:00+05:30,1169.2,1170.9,1164.8,1165.4,43117,0
2026-01-27 09:15:00+05:30,1197.0,1201.3,1182.8,1190.4,311066,0
2026-01-27 09:20:00+05:30,1190.0,1191.0,1185.1,1188.0,52020,0
2026-01-27 09:25:00+05:30,1188.0,1190.9,1185.7,1189.7,32453,0
2026-01-27 09:30:00+05:30,1189.3,1193.0,1182.7,1186.1,97349,0
2026-01-27 09:35:00+05:30,1186.3,1192.9,1185.7,1192.0,27280,0
2026-01-27 09:40:00+05:30,1192.1,1200.0,1192.1,1197.9,75469,0
2026-01-27 09:45:00+05:30,1197.9,1203.9,1197.4,1203.8,70163,0
2026-01-27 09:50:00+05:30,1203.9,1205.0,1202.4,1204.7,67305,0
2026-01-27 09:55:00+05:30,1204.8,1209.4,1204.0,1209.4,103292,0
2026-01-27 10:00:00+05:30,1209.5,1213.4,1207.9,1209.8,159933,0
2026-01-27 10:05:00+05:30,1209.8,1210.4,1206.0,1207.9,53953,0
2026-01-27 10:10:00+05:30,1207.9,1214.6,1207.0,1213.5,83111,0
2026-01-27 10:15:00+05:30,1213.5,1216.5,1212.2,1215.5,68535,0
2026-01-27 10:20:00+05:30,1215.1,1216.3,1213.3,1215.6,50194,0
2026-01-27 10:25:00+05:30,1215.8,1216.4,1211.5,1212.0,44015,0
2026-01-27 10:30:00+05:30,1211.9,1212.7,1208.1,1210.0,38139,0
2026-01-27 10:35:00+05:30,1210.0,1211.9,1208.7,1209.4,31192,0
2026-01-27 10:40:00+05:30,1209.0,1209.2,1201.6,1202.3,60372,0
2026-01-27 10:45:00+05:30,1202.0,1203.6,1200.8,1203.3,36271,0
2026-01-27 10:50:00+05:30,1203.0,1203.3,1198.4,1200.3,28929,0
2026-01-27 10:55:00+05:30,1201.0,1201.1,1195.9,1197.0,40721,0
2026-01-27 11:00:00+05:30,1197.0,1198.9,1196.0,1198.6,24855,0
2026-01-27 11:05:00+05:30,1198.4,1198.5,1195.0,1195.8,23538,0
2026-01-27 11:10:00+05:30,1195.8,1197.9,1195.1,1197.5,14931,0
2026-01-27 11:15:00+05:30,1197.5,1200.0,1196.3,1199.2,19424,0
2026-01-27 11:20:00+05:30,1199.5,1200.8,1198.8,1200.4,24809,0
2026-01-27 11:25:00+05:30,1200.5,1202.3,1199.5,1201.3,16027,0
2026-01-27 11:30:00+05:30,1201.3,1204.7,1200.4,1202.9,44102,0
2026-01-27 11:35:00+05:30,1202.9,1204.4,1202.4,1203.7,18394,0
2026-01-27 11:40:00+05:30,1204.0,1208.6,1202.5,1208.0,44034,0
2026-01-27 11:45:00+05:30,1208.4,1209.0,1206.1,1206.7,32083,0
2026-01-27 11:50:00+05:30,1207.3,1207.5,1205.3,1205.5,14909,0
2026-01-27 11:55:00+05:30,1206.0,1207.6,1204.5,1207.3,13933,0
2026-01-27 12:00:00+05:30,1207.3,1207.8,1205.6,1207.0,9790,0
2026-01-27 12:05:00+05:30,1207.5,1208.1,1206.9,1207.7,11939,0
2026-01-27 12:10:00+05:30,1207.6,1208.0,1206.1,1206.7,13519,0
2026-01-27 12:15:00+05:30,1207.1,1208.0,1205.1,1205.1,12486,0
2026-01-27 12:20:00+05:30,1205.2,1208.5,1204.8,1207.7,19350,0
2026-01-27 12:25:00+05:30,1208.0,1209.5,1203.5,1203.9,29703,0
2026-01-27 12:30:00+05:30,1203.9,1206.6,1203.5,1206.0,13406,0
2026-01-27 12:35:00+05:30,1206.5,1207.9,1205.8,1205.9,15809,0
2026-01-27 12:40:00+05:30,1206.5,1206.6,1202.0,1203.4,19920,0
2026-01-27 12:45:00+05:30,1203.2,1204.8,1202.4,1203.1,12680,0
2026-01-27 12:50:00+05:30,1203.1,1204.0,1202.5,1203.9,8417,0
2026-01-27 12:55:00+05:30,1203.8,1204.0,1202.6,1203.0,7594,0
2026-01-27 13:00:00+05:30,1203.4,1203.5,1202.5,1203.5,6604,0
2026-01-27 13:05:00+05:30,1203.5,1203.5,1200.4,1201.3,20711,0
2026-01-27 13:10:00+05:30,1201.3,1201.8,1200.1,1201.2,9365,0
2026-01-27 13:15:00+05:30,1200.7,1203.0,1200.7,1202.0,27677,0
2026-01-27 13:20:00+05:30,1202.0,1202.6,1200.6,1201.9,28071,0
2026-01-27 13:25:00+05:30,1201.8,1203.5,1200.9,1203.0,32346,0
2026-01-27 13:30:00+05:30,1203.7,1205.8,1202.1,1205.8,35761,0
2026-01-27 13:35:00+05:30,1205.8,1206.1,1200.3,1200.6,18523,0
2026-01-27 13:40:00+05:30,1201.0,1202.4,1199.4,1200.4,12156,0
2026-01-27 13:45:00+05:30,1200.9,1203.1,1200.4,1201.1,18986,0
2026-01-27 13:50:00+05:30,1201.8,1203.2,1201.0,1201.7,9211,0
2026-01-27 13:55:00+05:30,1202.2,1203.5,1201.7,1202.6,11106,0
2026-01-27 14:00:00+05:30,1202.2,1203.0,1200.5,1200.9,11373,0
2026-01-27 14:05:00+05:30,1201.4,1201.4,1198.2,1198.4,31218,0
2026-01-27 14:10:00+05:30,1198.8,1200.0,1198.4,1198.9,6062,0
2026-01-27 14:15:00+05:30,1199.2,1199.8,1198.5,1199.4,12312,0
2026-01-27 14:20:00+05:30,1199.4,1200.0,1198.5,1199.9,13436,0
2026-01-27 14:25:00+05:30,1199.9,1201.6,1199.4,1200.6,70071,0
2026-01-27 14:30:00+05:30,1200.9,1201.9,1198.9,1201.1,97572,0
2026-01-27 14:35:00+05:30,1201.3,1206.4,1201.1,1205.9,38661,0
2026-01-27 14:40:00+05:30,1205.9,1210.9,1205.3,1208.5,92990,0
2026-01-27 14:45:00+05:30,1208.5,1209.4,1206.6,1208.9,98032,0
2026-01-27 14:50:00+05:30,1209.0,1215.0,1209.0,1214.9,123904,0
2026-01-27 14:55:00+05:30,1214.2,1215.0,1212.0,1213.5,54888,0
2026-01-27 15:00:00+05:30,1213.6,1216.0,1211.4,1215.7,102681,0
2026-01-27 15:05:00+05:30,1215.9,1217.6,1215.2,1217.3,81871,0
2026-01-27 15:10:00+05:30,1217.1,1218.8,1214.5,1218.7,118066,0
2026-01-27 15:15:00+05:30,1218.5,1226.9,1218.1,1225.8,211321,0
2026-01-27 15:20:00+05:30,1225.8,1230.4,1225.0,1227.8,160833,0
2026-01-27 15:25:00+05:30,1227.1,1229.9,1221.8,1223.2,254184,0
2026-01-28 09:15:00+05:30,1232.0,1232.0,1211.3,1221.0,155986,0
2026-01-28 09:20:00+05:30,1221.3,1228.0,1219.0,1226.7,88978,0
2026-01-28 09:25:00+05:30,1226.9,1226.9,1220.6,1221.1,45242,0
2026-01-28 09:30:00+05:30,1221.3,1224.9,1220.6,1221.8,34405,0
2026-01-28 09:35:00+05:30,1221.8,1223.6,1218.8,1219.8,28808,0
2026-01-28 09:40:00+05:30,1219.8,1219.9,1213.0,1218.2,59592,0
2026-01-28 09:45:00+05:30,1218.7,1218.7,1211.1,1213.7,35163,0
2026-01-28 09:50:00+05:30,1214.0,1215.7,1212.2,1213.5,24544,0
2026-01-28 09:55:00+05:30,1213.6,1214.0,1212.1,1213.4,13909,0
2026-01-28 10:00:00+05:30,1213.3,1213.3,1210.3,1210.5,28647,0
2026-01-28 10:05:00+05:30,1210.5,1211.6,1208.2,1210.8,21592,0
2026-01-28 10:10:00+05:30,1211.1,1212.6,1210.1,1211.6,21435,0
2026-01-28 10:15:00+05:30,1211.6,1217.7,1211.3,1217.0,31058,0
2026-01-28 10:20:00+05:30,1217.0,1217.9,1213.7,1214.4,30265,0
2026-01-28 10:25:00+05:30,1214.3,1215.1,1212.9,1214.9,18405,0
2026-01-28 10:30:00+05:30,1214.9,1221.2,1214.6,1220.0,30508,0
2026-01-28 10:35:00+05:30,1220.2,1221.3,1217.9,1220.8,14742,0
2026-01-28 10:40:00+05:30,1220.6,1224.9,1220.4,1223.9,33672,0
2026-01-28 10:45:00+05:30,1223.9,1224.5,1222.6,1224.0,15363,0
2026-01-28 10:50:00+05:30,1224.0,1225.9,1220.5,1221.8,35342,0
2026-01-28 10:55:00+05:30,1221.8,1225.6,1221.3,1225.1,14350,0
2026-01-28 11:00:00+05:30,1225.1,1225.5,1220.0,1221.7,46466,0
2026-01-28 11:05:00+05:30,1221.8,1224.5,1221.6,1223.5,10542,0
2026-01-28 11:10:00+05:30,1223.5,1226.9,1223.0,1226.1,22070,0
2026-01-28 11:15:00+05:30,1226.2,1226.2,1222.7,1224.4,13536,0
2026-01-28 11:20:00+05:30,1224.3,1225.1,1223.1,1224.8,10192,0
2026-01-28 11:25:00+05:30,1224.8,1226.5,1224.4,1225.6,12705,0
2026-01-28 11:30:00+05:30,1225.6,1226.2,1224.2,1225.0,14380,0
2026-01-28 11:35:00+05:30,1225.1,1225.1,1224.0,1224.2,16369,0
2026-01-28 11:40:00+05:30,1224.2,1226.5,1224.1,1226.2,24266,0
2026-01-28 11:45:00+05:30,1225.9,1226.7,1225.2,1226.0,21236,0
2026-01-28 11:50:00+05:30,1226.0,1226.0,1221.9,1224.1,35980,0
2026-01-28 11:55:00+05:30,1224.1,1230.9,1224.1,1227.9,106631,0
2026-01-28 12:00:00+05:30,1228.0,1229.8,1227.9,1228.7,16542,0
2026-01-28 12:05:00+05:30,1228.3,1228.8,1226.5,1227.4,17645,0
2026-01-28 12:10:00+05:30,1227.5,1228.5,1226.0,1226.5,19070,0
2026-01-28 12:15:00+05:30,1226.5,1226.9,1224.1,1224.6,20405,0
2026-01-28 12:20:00+05:30,1224.6,1226.2,1224.1,1225.6,12093,0
2026-01-28 12:25:00+05:30,1225.7,1225.8,1221.4,1222.9,23055,0
2026-01-28 12:30:00+05:30,1223.0,1224.9,1222.0,1224.5,28503,0
2026-01-28 12:35:00+05:30,1224.4,1225.6,1222.7,1224.4,16650,0
2026-01-28 12:40:00+05:30,1224.4,1225.1,1223.2,1224.6,13031,0
2026-01-28 12:45:00+05:30,1224.6,1225.1,1221.8,1222.1,13316,0
2026-01-28 12:50:00+05:30,1222.2,1222.5,1220.1,1221.1,21312,0
2026-01-28 12:55:00+05:30,1221.1,1221.5,1217.8,1218.0,21339,0
2026-01-28 13:00:00+05:30,1218.2,1220.0,1218.2,1219.4,15827,0
2026-01-28 13:05:00+05:30,1219.2,1220.9,1219.0,1220.5,27008,0
2026-01-28 13:10:00+05:30,1220.4,1221.4,1219.0,1221.2,15014,0
2026-01-28 13:15:00+05:30,1221.2,1223.3,1219.0,1219.9,17898,0
2026-01-28 13:20:00+05:30,1220.0,1220.0,1216.3,1218.3,25502,0
2026-01-28 13:25:00+05:30,1218.4,1221.0,1217.4,1220.0,89740,0
2026-01-28 13:30:00+05:30,1219.9,1222.1,1219.5,1221.6,47890,0
2026-01-28 13:35:00+05:30,1221.6,1221.8,1219.1,1219.7,49912,0
2026-01-28 13:40:00+05:30,1219.7,1220.1,1218.9,1219.1,19487,0
2026-01-28 13:45:00+05:30,1219.0,1219.2,1217.1,1217.9,12130,0
2026-01-28 13:50:00+05:30,1217.8,1222.0,1217.3,1221.4,61319,0
2026-01-28 13:55:00+05:30,1221.4,1221.4,1219.5,1220.6,14206,0
2026-01-28 14:00:00+05:30,1220.9,1221.6,1218.3,1218.4,26451,0
2026-01-28 14:05:00+05:30,1218.9,1219.7,1218.0,1219.2,16151,0
2026-01-28 14:10:00+05:30,1219.5,1220.0,1218.5,1219.0,10238,0
2026-01-28 14:15:00+05:30,1218.9,1219.7,1215.3,1215.6,39455,0
2026-01-28 14:20:00+05:30,1216.1,1217.3,1215.5,1217.2,8826,0
2026-01-28 14:25:00+05:30,1217.1,1218.6,1216.3,1218.3,12059,0
2026-01-28 14:30:00+05:30,1218.3,1218.3,1216.4,1216.7,14037,0
2026-01-28 14:35:00+05:30,1216.8,1217.6,1213.9,1215.4,68065,0
2026-01-28 14:40:00+05:30,1215.4,1215.8,1214.3,1214.6,8604,0
2026-01-28 14:45:00+05:30,1214.6,1216.0,1214.2,1215.0,15150,0
2026-01-28 14:50:00+05:30,1215.0,1217.2,1214.7,1216.3,15324,0
2026-01-28 14:55:00+05:30,1217.0,1218.3,1216.4,1217.3,13567,0
2026-01-28 15:00:00+05:30,1217.3,1219.8,1217.2,1218.1,32179,0
2026-01-28 15:05:00+05:30,1218.2,1218.3,1215.9,1216.7,25500,0
2026-01-28 15:10:00+05:30,1216.9,1219.4,1216.6,1218.2,42272,0
2026-01-28 15:15:00+05:30,1218.2,1221.0,1217.9,1220.8,51169,0
2026-01-28 15:20:00+05:30,1220.9,1220.9,1218.0,1218.2,42315,0
2026-01-28 15:25:00+05:30,1218.2,1220.0,1216.3,1218.4,34473,0
2026-01-29 09:15:00+05:30,1227.5,1233.0,1220.6,1228.8,158021,0
2026-01-29 09:20:00+05:30,1228.8,1230.7,1225.9,1229.3,51601,0
2026-01-29 09:25:00+05:30,1229.3,1233.0,1229.0,1232.3,57994,0
2026-01-29 09:30:00+05:30,1232.4,1232.4,1228.2,1228.6,33617,0
2026-01-29 09:35:00+05:30,1228.6,1228.6,1222.2,1225.6,39535,0
2026-01-29 09:40:00+05:30,1225.6,1228.0,1225.5,1225.9,20357,0
2026-01-29 09:45:00+05:30,1225.8,1236.9,1225.5,1236.5,52815,0
2026-01-29 09:50:00+05:30,1236.4,1236.4,1221.2,1223.2,54056,0
2026-01-29 09:55:00+05:30,1222.8,1227.2,1221.3,1227.2,25296,0
2026-01-29 10:00:00+05:30,1227.1,1229.9,1226.8,1229.9,27279,0
2026-01-29 10:05:00+05:30,1229.9,1229.9,1227.0,1228.8,24574,0
2026-01-29 10:10:00+05:30,1228.7,1229.1,1225.8,1227.0,26034,0
2026-01-29 10:15:00+05:30,1226.7,1227.9,1223.4,1224.5,16639,0
2026-01-29 10:20:00+05:30,1224.5,1226.9,1222.0,1226.3,26031,0
2026-01-29 10:25:00+05:30,1226.1,1226.1,1222.8,1222.8,18231,0
2026-01-29 10:30:00+05:30,1223.1,1227.9,1222.0,1226.0,40631,0
2026-01-29 10:35:00+05:30,1226.3,1228.4,1224.8,1225.9,16143,0
2026-01-29 10:40:00+05:30,1226.0,1227.7,1224.6,1226.7,14855,0
2026-01-29 10:45:00+05:30,1226.6,1227.9,1225.2,1225.6,8491,0
2026-01-29 10:50:00+05:30,1225.6,1227.4,1225.2,1225.3,10079,0
2026-01-29 10:55:00+05:30,1225.9,1227.0,1222.9,1224.7,20445,0
2026-01-29 11:00:00+05:30,1224.7,1227.5,1224.2,1227.5,9006,0
2026-01-29 11:05:00+05:30,1227.5,1227.5,1225.7,1226.6,11591,0
2026-01-29 11:10:00+05:30,1226.7,1229.0,1226.2,1229.0,12827,0
2026-01-29 11:15:00+05:30,1228.8,1232.7,1228.5,1232.7,22318,0
2026-01-29 11:20:00+05:30,1232.7,1233.0,1229.8,1229.8,29378,0
2026-01-29 11:25:00+05:30,1229.8,1229.8,1226.4,1226.9,15790,0
2026-01-29 11:30:00+05:30,1226.9,1227.5,1225.6,1226.6,9345,0
2026-01-29 11:35:00+05:30,1226.6,1229.8,1226.5,1229.6,9141,0
2026-01-29 11:40:00+05:30,1229.5,1229.8,1228.1,1229.4,7530,0
2026-01-29 11:45:00+05:30,1229.3,1229.3,1226.4,1228.4,11912,0
2026-01-29 11:50:00+05:30,1228.4,1229.1,1227.3,1227.6,10706,0
2026-01-29 11:55:00+05:30,1228.0,1228.6,1226.6,1227.0,6424,0
2026-01-29 12:00:00+05:30,1226.9,1227.5,1226.5,1227.0,18315,0
2026-01-29 12:05:00+05:30,1227.0,1227.1,1222.1,1222.1,18105,0
2026-01-29 12:10:00+05:30,1222.1,1223.4,1221.3,1222.6,15224,0
2026-01-29 12:15:00+05:30,1222.7,1222.8,1219.0,1220.0,25643,0
2026-01-29 12:20:00+05:30,1220.4,1221.0,1219.0,1220.7,11335,0
2026-01-29 12:25:00+05:30,1220.7,1220.8,1217.9,1220.4,21412,0
2026-01-29 12:30:00+05:30,1220.4,1221.4,1219.1,1220.9,19946,0
2026-01-29 12:35:00+05:30,1220.9,1224.4,1220.6,1224.3,15300,0
2026-01-29 12:40:00+05:30,1224.3,1224.7,1221.5,1222.2,16271,0
2026-01-29 12:45:00+05:30,1222.1,1224.5,1221.2,1224.3,7112,0
2026-01-29 12:50:00+05:30,1224.3,1226.2,1224.3,1226.1,13061,0
2026-01-29 12:55:00+05:30,1226.1,1226.8,1224.6,1225.8,11778,0
2026-01-29 13:00:00+05:30,1225.7,1227.6,1225.2,1227.0,17207,0
2026-01-29 13:05:00+05:30,1227.0,1228.0,1226.0,1226.5,48873,0
2026-01-29 13:10:00+05:30,1226.5,1228.1,1225.4,1227.4,54732,0
2026-01-29 13:15:00+05:30,1227.4,1227.5,1225.9,1226.6,17397,0
2026-01-29 13:20:00+05:30,1226.6,1227.0,1226.1,1226.6,16094,0
2026-01-29 13:25:00+05:30,1226.8,1226.9,1226.1,1226.9,9956,0
2026-01-29 13:30:00+05:30,1226.9,1229.7,1226.9,1229.2,58390,0
2026-01-29 13:35:00+05:30,1229.1,1230.7,1228.5,1230.7,22418,0
2026-01-29 13:40:00+05:30,1230.6,1233.5,1230.4,1233.4,20560,0
2026-01-29 13:45:00+05:30,1233.5,1237.0,1233.0,1235.4,38976,0
2026-01-29 13:50:00+05:30,1235.9,1241.9,1235.5,1241.2,84692,0
2026-01-29 13:55:00+05:30,1241.2,1242.0,1239.3,1241.8,25269,0
2026-01-29 14:00:00+05:30,1241.7,1241.8,1239.8,1240.8,26276,0
2026-01-29 14:05:00+05:30,1240.8,1240.8,1237.7,1238.1,41941,0
2026-01-29 14:10:00+05:30,1238.3,1239.0,1235.1,1235.7,18163,0
2026-01-29 14:15:00+05:30,1236.2,1236.7,1232.1,1232.9,18797,0
2026-01-29 14:20:00+05:30,1232.9,1233.8,1229.9,1231.2,88267,0
2026-01-29 14:25:00+05:30,1231.2,1234.1,1231.1,1234.1,43233,0
2026-01-29 14:30:00+05:30,1234.2,1237.3,1234.2,1236.8,33943,0
2026-01-29 14:35:00+05:30,1236.8,1240.0,1234.7,1237.2,53904,0
2026-01-29 14:40:00+05:30,1237.1,1237.2,1233.6,1234.6,15039,0
2026-01-29 14:45:00+05:30,1234.6,1234.8,1232.8,1234.0,11041,0
2026-01-29 14:50:00+05:30,1233.9,1236.0,1233.7,1234.3,13713,0
2026-01-29 14:55:00+05:30,1234.2,1234.3,1229.8,1232.3,61485,0
2026-01-29 15:00:00+05:30,1232.2,1234.0,1231.5,1233.4,54881,0
2026-01-29 15:05:00+05:30,1233.4,1235.0,1233.4,1234.9,78459,0
2026-01-29 15:10:00+05:30,1234.8,1237.2,1234.4,1236.0,109670,0
2026-01-29 15:15:00+05:30,1235.9,1237.7,1235.9,1237.0,86823,0
2026-01-29 15:20:00+05:30,1236.9,1241.8,1236.9,1241.7,109968,0
2026-01-29 15:25:00+05:30,1241.7,1245.0,1237.5,1242.2,98421,0
2026-01-30 09:15:00+05:30,1228.0,1228.0,1208.1,1212.5,67631,0
2026-01-30 09:20:00+05:30,1212.5,1212.5,1204.2,1204.9,46964,0
2026-01-30 09:25:00+05:30,1204.7,1209.1,1198.0,1198.1,84323,0
2026-01-30 09:30:00+05:30,1198.9,1203.0,1194.5,1201.8,86237,0
2026-01-30 09:35:00+05:30,1202.0,1208.0,1201.8,1206.8,41179,0
2026-01-30 09:40:00+05:30,1206.4,1212.7,1205.7,1212.3,29747,0
2026-01-30 09:45:00+05:30,1211.7,1215.9,1211.3,1214.2,25330,0
2026-01-30 09:50:00+05:30,1214.0,1216.4,1213.4,1215.2,21648,0
2026-01-30 09:55:00+05:30,1215.7,1216.1,1210.3,1212.4,143166,0
2026-01-30 10:00:00+05:30,1212.5,1219.1,1212.4,1215.0,56705,0
2026-01-30 10:05:00+05:30,1215.4,1216.4,1213.7,1215.3,28519,0
2026-01-30 10:10:00+05:30,1215.2,1215.8,1212.1,1215.1,10638,0
2026-01-30 10:15:00+05:30,1215.7,1219.6,1213.2,1213.2,19564,0
2026-01-30 10:20:00+05:30,1213.9,1213.9,1211.6,1213.1,18694,0
2026-01-30 10:25:00+05:30,1212.9,1212.9,1210.4,1211.4,8860,0
2026-01-30 10:30:00+05:30,1211.6,1215.4,1208.4,1214.1,50949,0
2026-01-30 10:35:00+05:30,1214.3,1217.7,1213.4,1216.8,18308,0
2026-01-30 10:40:00+05:30,1216.8,1218.3,1213.1,1217.4,71472,0
2026-01-30 10:45:00+05:30,1216.9,1218.5,1214.8,1217.2,72674,0
2026-01-30 10:50:00+05:30,1217.2,1218.2,1215.5,1217.3,17222,0
2026-01-30 10:55:00+05:30,1217.3,1221.3,1217.0,1219.3,29892,0
2026-01-30 11:00:00+05:30,1219.7,1219.9,1216.6,1217.5,30387,0
2026-01-30 11:05:00+05:30,1217.5,1218.9,1215.6,1217.5,12053,0
2026-01-30 11:10:00+05:30,1217.5,1217.9,1214.3,1215.3,39523,0
2026-01-30 11:15:00+05:30,1215.1,1217.6,1214.2,1216.2,19799,0
2026-01-30 11:20:00+05:30,1215.7,1217.8,1215.0,1217.7,23712,0
2026-01-30 11:25:00+05:30,1217.4,1217.8,1214.5,1214.9,14166,0
2026-01-30 11:30:00+05:30,1214.4,1215.8,1213.5,1214.8,14189,0
2026-01-30 11:35:00+05:30,1214.7,1216.0,1212.5,1215.5,15020,0
2026-01-30 11:40:00+05:30,1215.1,1216.4,1214.8,1216.3,10469,0
2026-01-30 11:45:00+05:30,1215.7,1216.3,1213.9,1215.0,13174,0
2026-01-30 11:50:00+05:30,1214.3,1217.8,1214.0,1217.0,22479,0
2026-01-30 11:55:00+05:30,1216.8,1217.0,1213.5,1213.9,21268,0
2026-01-30 12:00:00+05:30,1213.9,1214.1,1210.2,1210.7,23904,0
2026-01-30 12:05:00+05:30,1210.3,1213.8,1210.0,1211.0,56299,0
2026-01-30 12:10:00+05:30,1210.9,1212.9,1210.2,1212.2,35042,0
2026-01-30 12:15:00+05:30,1212.2,1212.5,1210.0,1211.0,25981,0
2026-01-30 12:20:00+05:30,1210.8,1215.0,1210.6,1214.6,73011,0
2026-01-30 12:25:00+05:30,1214.6,1215.1,1211.6,1212.5,99853,0
2026-01-30 12:30:00+05:30,1212.5,1214.8,1211.4,1212.7,18268,0
2026-01-30 12:35:00+05:30,1212.7,1214.2,1211.5,1214.0,58967,0
2026-01-30 12:40:00+05:30,1214.0,1215.6,1212.3,1212.3,15752,0
2026-01-30 12:45:00+05:30,1212.9,1213.7,1212.4,1213.3,13271,0
2026-01-30 12:50:00+05:30,1213.2,1213.4,1211.6,1212.6,8811,0
2026-01-30 12:55:00+05:30,1212.6,1212.7,1210.0,1211.0,17668,0
2026-01-30 13:00:00+05:30,1211.0,1212.2,1210.5,1210.9,9178,0
2026-01-30 13:05:00+05:30,1211.1,1211.5,1210.6,1211.0,8072,0
2026-01-30 13:10:00+05:30,1210.9,1211.7,1210.7,1210.9,10695,0
2026-01-30 13:15:00+05:30,1210.9,1212.6,1208.4,1212.4,37725,0
2026-01-30 13:20:00+05:30,1212.4,1213.4,1211.0,1212.6,12175,0
2026-01-30 13:25:00+05:30,1212.7,1214.0,1210.8,1212.7,43779,0
2026-01-30 13:30:00+05:30,1213.2,1217.0,1212.7,1216.6,30110,0
2026-01-30 13:35:00+05:30,1216.5,1216.8,1214.8,1215.6,26801,0
2026-01-30 13:40:00+05:30,1215.8,1218.4,1215.3,1217.1,33907,0
2026-01-30 13:45:00+05:30,1217.1,1219.0,1216.7,1217.6,14876,0
2026-01-30 13:50:00+05:30,1217.6,1219.6,1217.1,1219.4,15720,0
2026-01-30 13:55:00+05:30,1219.1,1219.3,1218.0,1218.6,9951,0
2026-01-30 14:00:00+05:30,1218.6,1219.5,1216.6,1216.8,14469,0
2026-01-30 14:05:00+05:30,1216.8,1218.7,1216.8,1218.0,10596,0
2026-01-30 14:10:00+05:30,1218.0,1218.3,1215.6,1216.8,13505,0
2026-01-30 14:15:00+05:30,1216.8,1218.5,1216.1,1217.6,10502,0
2026-01-30 14:20:00+05:30,1217.6,1218.3,1217.1,1218.0,7365,0
2026-01-30 14:25:00+05:30,1217.6,1218.2,1216.0,1216.4,10517,0
2026-01-30 14:30:00+05:30,1216.0,1217.6,1215.0,1215.5,12847,0
2026-01-30 14:35:00+05:30,1215.2,1219.8,1215.1,1218.8,34387,0
2026-01-30 14:40:00+05:30,1218.7,1220.0,1215.0,1215.3,42105,0
2026-01-30 14:45:00+05:30,1215.3,1218.5,1215.0,1217.2,57876,0
2026-01-30 14:50:00+05:30,1217.2,1220.2,1216.4,1218.2,57520,0
2026-01-30 14:55:00+05:30,1218.1,1220.8,1216.8,1218.4,51388,0
2026-01-30 15:00:00+05:30,1218.1,1218.8,1215.0,1215.4,120524,0
2026-01-30 15:05:00+05:30,1215.4,1216.8,1215.0,1216.3,80911,0
2026-01-30 15:10:00+05:30,1216.3,1217.9,1214.9,1215.1,100218,0
2026-01-30 15:15:00+05:30,1215.1,1215.1,1213.0,1213.7,129778,0
2026-01-30 15:20:00+05:30,1213.9,1214.0,1209.7,1210.5,121026,0
2026-01-30 15:25:00+05:30,1210.5,1217.8,1209.4,1214.2,114791,0
2026-02-01 09:15:00+05:30,1202.1,1202.9,1192.5,1198.2,45634,0
2026-02-01 09:20:00+05:30,1197.4,1205.0,1195.4,1205.0,26898,0
2026-02-01 09:25:00+05:30,1205.2,1214.2,1202.5,1211.7,30717,0
2026-02-01 09:30:00+05:30,1211.0,1213.4,1208.7,1211.9,10381,0
2026-02-01 09:35:00+05:30,1211.5,1212.7,1207.2,1209.5,5951,0
2026-02-01 09:40:00+05:30,1209.5,1212.5,1206.1,1212.2,10954,0
2026-02-01 09:45:00+05:30,1212.2,1217.2,1212.0,1216.4,11154,0
2026-02-01 09:50:00+05:30,1216.4,1217.2,1211.2,1215.0,14206,0
2026-02-01 09:55:00+05:30,1214.5,1215.0,1211.7,1214.9,3976,0
2026-02-01 10:00:00+05:30,1215.0,1217.0,1213.1,1216.2,3819,0
2026-02-01 10:05:00+05:30,1216.1,1217.1,1214.0,1214.2,3380,0
2026-02-01 10:10:00+05:30,1214.2,1216.9,1214.2,1215.2,4922,0
2026-02-01 10:15:00+05:30,1216.3,1217.2,1215.6,1216.8,3322,0
2026-02-01 10:20:00+05:30,1216.8,1218.7,1215.9,1218.2,9281,0
2026-02-01 10:25:00+05:30,1218.3,1218.7,1217.4,1218.0,2245,0
2026-02-01 10:30:00+05:30,1218.0,1218.2,1216.2,1217.8,3407,0
2026-02-01 10:35:00+05:30,1216.7,1217.7,1215.6,1216.4,1427,0
2026-02-01 10:40:00+05:30,1216.3,1217.2,1215.1,1216.8,2104,0
2026-02-01 10:45:00+05:30,1216.5,1217.4,1215.6,1216.8,2476,0
2026-02-01 10:50:00+05:30,1216.9,1217.0,1212.1,1212.5,9196,0
2026-02-01 10:55:00+05:30,1213.5,1214.1,1212.5,1214.1,1817,0
2026-02-01 11:00:00+05:30,1214.1,1214.8,1212.3,1213.7,1607,0
2026-02-01 11:05:00+05:30,1213.4,1218.7,1212.6,1217.8,4576,0
2026-02-01 11:10:00+05:30,1217.8,1219.9,1217.4,1218.1,6789,0
2026-02-01 11:15:00+05:30,1217.9,1219.3,1217.1,1218.0,3090,0
2026-02-01 11:20:00+05:30,1218.0,1218.2,1207.4,1208.0,47742,0
2026-02-01 11:25:00+05:30,1208.0,1208.9,1203.0,1204.9,38326,0
2026-02-01 11:30:00+05:30,1204.9,1207.0,1203.6,1205.0,14265,0
2026-02-01 11:35:00+05:30,1204.6,1205.7,1204.1,1204.8,20619,0
2026-02-01 11:40:00+05:30,1204.9,1204.9,1203.5,1204.8,6594,0
2026-02-01 11:45:00+05:30,1204.8,1204.8,1204.0,1204.6,3965,0
2026-02-01 11:50:00+05:30,1204.1,1204.9,1203.3,1204.2,9025,0
2026-02-01 11:55:00+05:30,1203.8,1205.0,1203.1,1204.2,3135,0
2026-02-01 12:00:00+05:30,1204.1,1205.0,1202.6,1204.9,13835,0
2026-02-01 12:05:00+05:30,1204.9,1205.0,1201.5,1204.8,6248,0
2026-02-01 12:10:00+05:30,1204.8,1207.4,1201.5,1202.5,24171,0
2026-02-01 12:15:00+05:30,1202.7,1204.9,1196.6,1197.6,12850,0
2026-02-01 12:20:00+05:30,1197.4,1198.2,1193.4,1195.4,13801,0
2026-02-01 12:25:00+05:30,1195.5,1196.7,1187.3,1188.0,24680,0
2026-02-01 12:30:00+05:30,1188.0,1191.4,1172.9,1180.4,45634,0
2026-02-01 12:35:00+05:30,1180.1,1194.3,1173.6,1194.3,37862,0
2026-02-01 12:40:00+05:30,1194.4,1196.7,1187.1,1196.2,36889,0
2026-02-01 12:45:00+05:30,1196.2,1201.2,1195.5,1197.5,12021,0
2026-02-01 12:50:00+05:30,1197.9,1199.6,1195.7,1197.3,5294,0
2026-02-01 12:55:00+05:30,1197.3,1203.9,1196.0,1203.9,8936,0
2026-02-01 13:00:00+05:30,1203.9,1209.9,1202.8,1205.0,44408,0
2026-02-01 13:05:00+05:30,1205.0,1205.0,1197.6,1198.5,3391,0
2026-02-01 13:10:00+05:30,1198.5,1199.5,1195.4,1196.6,3337,0
2026-02-01 13:15:00+05:30,1197.3,1197.3,1194.6,1195.2,3117,0
2026-02-01 13:20:00+05:30,1195.2,1202.5,1194.7,1200.9,11962,0
2026-02-01 13:25:00+05:30,1201.3,1205.0,1200.6,1201.5,5274,0
2026-02-01 13:30:00+05:30,1200.9,1202.0,1199.2,1201.7,5298,0
2026-02-01 13:35:00+05:30,1201.1,1201.9,1195.6,1196.7,2700,0
2026-02-01 13:40:00+05:30,1197.6,1198.0,1195.8,1197.4,1423,0
2026-02-01 13:45:00+05:30,1198.0,1198.6,1195.3,1196.2,3430,0
2026-02-01 13:50:00+05:30,1195.8,1196.6,1194.2,1194.5,4316,0
2026-02-01 13:55:00+05:30,1194.5,1196.6,1192.3,1196.3,18795,0
2026-02-01 14:00:00+05:30,1196.3,1197.2,1195.6,1196.4,4049,0
2026-02-01 14:05:00+05:30,1196.4,1196.8,1195.3,1196.0,438,0
2026-02-01 14:10:00+05:30,1196.0,1197.0,1195.0,1196.5,799,0
2026-02-01 14:15:00+05:30,1196.4,1197.6,1195.5,1197.4,1334,0
2026-02-01 14:20:00+05:30,1197.1,1198.0,1195.6,1195.6,660,0
2026-02-01 14:25:00+05:30,1195.6,1200.6,1191.9,1199.9,6866,0
2026-02-01 14:30:00+05:30,1199.2,1203.4,1197.4,1202.2,2642,0
2026-02-01 14:35:00+05:30,1201.7,1206.2,1201.5,1203.8,10247,0
2026-02-01 14:40:00+05:30,1203.4,1207.7,1201.8,1203.7,11212,0
2026-02-01 14:45:00+05:30,1204.4,1204.4,1195.0,1195.5,2572,0
2026-02-01 14:50:00+05:30,1195.7,1198.2,1195.0,1195.7,2790,0
2026-02-01 14:55:00+05:30,1195.3,1196.1,1194.5,1195.0,2354,0
2026-02-01 15:00:00+05:30,1195.0,1198.3,1194.6,1198.0,8310,0
2026-02-01 15:05:00+05:30,1198.0,1198.4,1194.1,1194.7,8072,0
2026-02-01 15:10:00+05:30,1195.4,1195.5,1185.2,1188.4,27465,0
2026-02-01 15:15:00+05:30,1187.7,1189.9,1186.1,1188.2,13423,0
2026-02-01 15:20:00+05:30,1188.2,1191.5,1186.7,1186.7,14172,0
2026-02-01 15:25:00+05:30,1188.1,1200.0,1186.4,1198.5,29795,0
2026-02-02 09:15:00+05:30,1200.0,1200.0,1185.9,1188.4,65357,0
2026-02-02 09:20:00+05:30,1188.3,1191.2,1185.0,1189.1,28174,0
2026-02-02 09:25:00+05:30,1189.3,1193.3,1188.7,1190.1,58413,0
2026-02-02 09:30:00+05:30,1189.7,1195.9,1189.5,1193.4,53933,0
2026-02-02 09:35:00+05:30,1193.2,1195.4,1190.5,1191.9,36999,0
2026-02-02 09:40:00+05:30,1192.3,1192.8,1189.1,1189.5,15426,0
2026-02-02 09:45:00+05:30,1189.8,1191.4,1189.5,1190.6,9750,0
2026-02-02 09:50:00+05:30,1190.1,1196.2,1189.9,1193.1,10711,0
2026-02-02 09:55:00+05:30,1193.4,1193.5,1190.5,1191.2,10413,0
2026-02-02 10:00:00+05:30,1191.2,1191.8,1187.7,1189.1,10880,0
2026-02-02 10:05:00+05:30,1189.0,1192.1,1188.6,1192.0,14563,0
2026-02-02 10:10:00+05:30,1191.9,1196.0,1191.1,1194.7,15429,0
2026-02-02 10:15:00+05:30,1195.0,1195.0,1191.7,1192.9,8730,0
2026-02-02 10:20:00+05:30,1192.7,1194.1,1191.7,1193.0,7076,0
2026-02-02 10:25:00+05:30,1193.2,1194.5,1192.0,1192.7,8414,0
2026-02-02 10:30:00+05:30,1193.2,1194.7,1192.4,1193.5,9264,0
2026-02-02 10:35:00+05:30,1193.4,1193.9,1191.0,1191.8,6678,0
2026-02-02 10:40:00+05:30,1191.6,1191.7,1185.5,1186.2,14909,0
2026-02-02 10:45:00+05:30,1186.2,1186.3,1184.0,1185.3,13274,0
2026-02-02 10:50:00+05:30,1185.0,1186.0,1180.0,1180.9,18588,0
2026-02-02 10:55:00+05:30,1180.1,1181.2,1178.2,1178.3,28958,0
2026-02-02 11:00:00+05:30,1178.3,1179.5,1177.1,1177.7,34369,0
2026-02-02 11:05:00+05:30,1177.3,1177.8,1175.0,1175.7,14174,0
2026-02-02 11:10:00+05:30,1175.4,1177.4,1175.0,1175.9,13516,0
2026-02-02 11:15:00+05:30,1175.7,1178.3,1175.0,1175.7,14073,0
2026-02-02 11:20:00+05:30,1175.6,1176.8,1174.0,1174.4,11680,0
2026-02-02 11:25:00+05:30,1174.2,1177.7,1174.2,1177.6,14540,0
2026-02-02 11:30:00+05:30,1177.6,1183.0,1176.6,1183.0,28454,0
2026-02-02 11:35:00+05:30,1182.7,1184.5,1180.6,1184.4,22459,0
2026-02-02 11:40:00+05:30,1183.8,1186.6,1182.5,1185.9,32378,0
2026-02-02 11:45:00+05:30,1186.2,1188.2,1184.6,1185.5,28379,0
2026-02-02 11:50:00+05:30,1185.8,1187.9,1184.3,1187.8,7489,0
2026-02-02 11:55:00+05:30,1187.9,1187.9,1185.4,1187.1,2988,0
2026-02-02 12:00:00+05:30,1187.6,1188.2,1181.4,1182.5,7189,0
2026-02-02 12:05:00+05:30,1182.5,1183.3,1181.3,1182.2,7556,0
2026-02-02 12:10:00+05:30,1182.2,1183.4,1180.0,1183.4,4050,0
2026-02-02 12:15:00+05:30,1183.4,1184.0,1182.4,1183.5,3811,0
2026-02-02 12:20:00+05:30,1183.6,1183.6,1182.0,1182.4,2915,0
2026-02-02 12:25:00+05:30,1182.3,1184.8,1181.6,1183.8,4201,0
2026-02-02 12:30:00+05:30,1183.8,1184.0,1182.5,1183.1,4401,0
2026-02-02 12:35:00+05:30,1182.5,1182.6,1180.1,1182.6,4414,0
2026-02-02 12:40:00+05:30,1182.6,1184.6,1182.3,1183.2,3204,0
2026-02-02 12:45:00+05:30,1183.2,1186.6,1183.1,1186.3,3644,0
2026-02-02 12:50:00+05:30,1186.3,1186.7,1185.0,1186.0,3459,0
2026-02-02 12:55:00+05:30,1186.3,1191.0,1186.0,1190.5,7144,0
2026-02-02 13:00:00+05:30,1190.7,1191.7,1188.1,1189.2,7823,0
2026-02-02 13:05:00+05:30,1189.3,1190.0,1188.9,1190.0,4124,0
2026-02-02 13:10:00+05:30,1189.8,1191.3,1189.2,1189.2,4379,0
2026-02-02 13:15:00+05:30,1189.4,1189.5,1185.6,1186.6,10686,0
2026-02-02 13:20:00+05:30,1186.6,1186.6,1184.0,1186.1,8026,0
2026-02-02 13:25:00+05:30,1186.1,1188.7,1185.3,1187.9,4551,0
2026-02-02 13:30:00+05:30,1188.2,1189.3,1187.4,1189.0,15163,0
2026-02-02 13:35:00+05:30,1188.8,1190.0,1184.2,1185.9,61023,0
2026-02-02 13:40:00+05:30,1185.5,1190.0,1185.5,1189.4,49791,0
2026-02-02 13:45:00+05:30,1189.0,1191.4,1188.1,1191.4,45242,0
2026-02-02 13:50:00+05:30,1191.0,1193.4,1190.1,1191.8,47282,0
2026-02-02 13:55:00+05:30,1192.0,1196.6,1190.2,1195.7,95762,0
2026-02-02 14:00:00+05:30,1196.0,1196.6,1193.0,1193.6,78521,0
2026-02-02 14:05:00+05:30,1193.6,1195.2,1189.9,1190.9,92733,0
2026-02-02 14:10:00+05:30,1190.7,1191.4,1188.6,1190.9,13337,0
2026-02-02 14:15:00+05:30,1191.2,1192.5,1189.8,1190.8,8842,0
2026-02-02 14:20:00+05:30,1190.8,1193.2,1189.6,1191.9,9772,0
2026-02-02 14:25:00+05:30,1191.9,1195.9,1191.3,1195.1,15445,0
2026-02-02 14:30:00+05:30,1195.0,1196.4,1192.0,1192.8,6144,0
2026-02-02 14:35:00+05:30,1192.6,1192.9,1189.2,1190.5,39965,0
2026-02-02 14:40:00+05:30,1190.2,1191.9,1189.3,1191.1,13186,0
2026-02-02 14:45:00+05:30,1191.1,1194.7,1190.6,1193.9,16241,0
2026-02-02 14:50:00+05:30,1194.5,1196.3,1193.8,1195.3,14659,0
2026-02-02 14:55:00+05:30,1194.9,1198.5,1194.6,1196.6,17406,0
2026-02-02 15:00:00+05:30,1196.6,1200.4,1196.6,1200.4,38252,0
2026-02-02 15:05:00+05:30,1200.4,1202.9,1200.1,1202.2,55685,0
2026-02-02 15:10:00+05:30,1201.8,1202.2,1199.0,1199.1,62440,0
2026-02-02 15:15:00+05:30,1199.1,1199.2,1195.4,1197.5,81847,0
2026-02-02 15:20:00+05:30,1197.8,1199.7,1195.4,1199.1,99429,0
2026-02-02 15:25:00+05:30,1198.2,1203.8,1196.4,1198.1,94928,0
2026-02-03 09:15:00+05:30,1225.0,1231.5,1212.8,1230.3,102521,0
2026-02-03 09:20:00+05:30,1230.8,1236.7,1226.1,1231.2,67773,0
2026-02-03 09:25:00+05:30,1230.7,1234.5,1227.4,1230.4,74221,0
2026-02-03 09:30:00+05:30,1230.4,1235.0,1230.1,1233.6,41316,0
2026-02-03 09:35:00+05:30,1234.2,1244.4,1233.4,1244.0,90340,0
2026-02-03 09:40:00+05:30,1243.1,1244.7,1227.9,1229.4,90881,0
2026-02-03 09:45:00+05:30,1229.2,1229.2,1222.5,1227.6,45577,0
2026-02-03 09:50:00+05:30,1227.6,1232.6,1226.0,1227.7,40888,0
2026-02-03 09:55:00+05:30,1227.9,1228.5,1224.2,1225.1,14253,0
2026-02-03 10:00:00+05:30,1225.3,1228.4,1223.6,1223.6,65243,0
2026-02-03 10:05:00+05:30,1223.6,1226.0,1220.5,1223.9,30226,0
2026-02-03 10:10:00+05:30,1223.7,1225.5,1221.4,1223.9,19862,0
2026-02-03 10:15:00+05:30,1223.9,1231.6,1223.9,1230.7,22951,0
2026-02-03 10:20:00+05:30,1230.8,1231.6,1228.2,1231.2,36374,0
2026-02-03 10:25:00+05:30,1231.3,1232.9,1230.8,1231.0,13677,0
2026-02-03 10:30:00+05:30,1231.1,1232.4,1228.6,1232.3,46619,0
2026-02-03 10:35:00+05:30,1232.1,1232.7,1229.6,1232.1,4876,0
2026-02-03 10:40:00+05:30,1232.2,1232.3,1227.8,1228.3,8174,0
2026-02-03 10:45:00+05:30,1228.7,1229.2,1225.0,1225.5,10459,0
2026-02-03 10:50:00+05:30,1225.7,1226.8,1224.8,1226.3,5910,0
2026-02-03 10:55:00+05:30,1226.3,1230.8,1226.2,1229.8,13677,0
2026-02-03 11:00:00+05:30,1230.4,1231.5,1229.1,1231.4,5373,0
2026-02-03 11:05:00+05:30,1231.4,1233.0,1231.3,1232.4,8908,0
2026-02-03 11:10:00+05:30,1232.5,1237.5,1231.9,1235.3,34284,0
2026-02-03 11:15:00+05:30,1235.8,1237.4,1235.0,1236.5,11865,0
2026-02-03 11:20:00+05:30,1236.5,1238.2,1236.2,1237.2,10151,0
2026-02-03 11:25:00+05:30,1237.6,1238.4,1236.6,1237.2,10343,0
2026-02-03 11:30:00+05:30,1237.4,1240.0,1237.2,1239.8,17151,0
2026-02-03 11:35:00+05:30,1239.9,1240.0,1237.9,1238.7,4220,0
2026-02-03 11:40:00+05:30,1238.5,1239.6,1238.2,1239.6,10333,0
2026-02-03 11:45:00+05:30,1239.5,1239.7,1238.0,1238.9,11548,0
2026-02-03 11:50:00+05:30,1238.8,1239.0,1237.1,1238.7,9727,0
2026-02-03 11:55:00+05:30,1238.8,1241.0,1238.7,1240.6,27203,0
2026-02-03 12:00:00+05:30,1240.8,1241.1,1238.4,1238.9,11078,0
2026-02-03 12:05:00+05:30,1238.8,1238.9,1236.0,1237.0,6933,0
2026-02-03 12:10:00+05:30,1236.6,1239.3,1236.5,1238.0,12082,0
2026-02-03 12:15:00+05:30,1238.1,1238.6,1236.5,1237.2,9549,0
2026-02-03 12:20:00+05:30,1237.4,1239.4,1236.3,1238.7,11208,0
2026-02-03 12:25:00+05:30,1239.1,1239.1,1236.2,1237.4,3653,0
2026-02-03 12:30:00+05:30,1237.4,1239.0,1236.8,1237.9,5823,0
2026-02-03 12:35:00+05:30,1238.1,1238.3,1236.3,1237.5,9162,0
2026-02-03 12:40:00+05:30,1237.6,1239.0,1237.6,1238.3,8903,0
2026-02-03 12:45:00+05:30,1238.5,1239.5,1237.7,1238.6,5334,0
2026-02-03 12:50:00+05:30,1238.3,1239.5,1236.5,1237.3,9926,0
2026-02-03 12:55:00+05:30,1237.6,1239.0,1237.3,1238.4,8132,0
2026-02-03 13:00:00+05:30,1238.8,1239.9,1238.0,1239.4,5643,0
2026-02-03 13:05:00+05:30,1239.2,1240.4,1238.5,1239.2,8764,0
2026-02-03 13:10:00+05:30,1238.9,1240.2,1238.9,1239.9,4893,0
2026-02-03 13:15:00+05:30,1239.9,1240.0,1236.6,1237.7,17048,0
2026-02-03 13:20:00+05:30,1237.6,1238.0,1234.2,1234.5,38711,0
2026-02-03 13:25:00+05:30,1234.7,1235.0,1233.0,1234.2,9686,0
2026-02-03 13:30:00+05:30,1234.3,1235.0,1233.7,1234.8,10652,0
2026-02-03 13:35:00+05:30,1234.6,1235.4,1232.8,1234.7,7972,0
2026-02-03 13:40:00+05:30,1234.8,1236.9,1233.2,1234.9,28403,0
2026-02-03 13:45:00+05:30,1235.0,1237.8,1234.6,1236.4,37698,0
2026-02-03 13:50:00+05:30,1236.8,1237.6,1235.3,1236.7,10608,0
2026-02-03 13:55:00+05:30,1236.9,1237.6,1232.6,1234.0,36493,0
2026-02-03 14:00:00+05:30,1233.7,1235.3,1233.1,1235.2,17730,0
2026-02-03 14:05:00+05:30,1235.3,1235.9,1233.6,1234.0,62201,0
2026-02-03 14:10:00+05:30,1233.6,1234.4,1232.2,1233.5,39356,0
2026-02-03 14:15:00+05:30,1233.5,1233.7,1231.1,1231.1,14292,0
2026-02-03 14:20:00+05:30,1231.3,1234.4,1231.3,1233.4,25422,0
2026-02-03 14:25:00+05:30,1233.4,1233.7,1232.0,1232.3,9345,0
2026-02-03 14:30:00+05:30,1232.4,1234.4,1232.0,1233.9,17325,0
2026-02-03 14:35:00+05:30,1233.9,1234.5,1232.0,1233.3,27152,0
2026-02-03 14:40:00+05:30,1233.3,1233.8,1229.5,1229.7,104801,0
2026-02-03 14:45:00+05:30,1229.8,1232.0,1229.1,1229.1,48039,0
2026-02-03 14:50:00+05:30,1229.3,1230.9,1228.6,1230.3,47827,0
2026-02-03 14:55:00+05:30,1230.2,1232.1,1229.1,1231.0,44790,0
2026-02-03 15:00:00+05:30,1231.3,1231.5,1227.4,1227.8,69841,0
2026-02-03 15:05:00+05:30,1227.4,1230.1,1227.4,1229.0,37030,0
2026-02-03 15:10:00+05:30,1229.2,1229.2,1227.3,1227.8,50985,0
2026-02-03 15:15:00+05:30,1227.8,1230.3,1227.2,1229.6,55132,0
2026-02-03 15:20:00+05:30,1229.6,1233.9,1228.6,1231.8,49357,0
2026-02-03 15:25:00+05:30,1231.8,1231.8,1228.0,1230.7,47224,0
2026-02-04 09:15:00+05:30,1229.0,1237.1,1225.4,1235.2,62004,0
2026-02-04 09:20:00+05:30,1235.6,1237.2,1233.6,1236.7,20475,0
2026-02-04 09:25:00+05:30,1236.5,1240.1,1236.5,1238.4,23394,0
2026-02-04 09:30:00+05:30,1238.8,1240.1,1234.3,1235.0,15047,0
2026-02-04 09:35:00+05:30,1234.6,1236.2,1233.0,1233.1,18937,0
2026-02-04 09:40:00+05:30,1233.3,1237.5,1233.1,1235.5,16318,0
2026-02-04 09:45:00+05:30,1235.7,1237.9,1234.9,1237.2,8028,0
2026-02-04 09:50:00+05:30,1237.2,1239.0,1235.4,1236.7,17468,0
2026-02-04 09:55:00+05:30,1236.9,1238.0,1236.3,1238.0,3782,0
2026-02-04 10:00:00+05:30,1238.0,1239.0,1236.6,1237.1,7798,0
2026-02-04 10:05:00+05:30,1237.1,1238.8,1236.5,1238.4,3539,0
2026-02-04 10:10:00+05:30,1238.5,1239.0,1236.1,1238.5,5882,0
2026-02-04 10:15:00+05:30,1238.5,1239.0,1236.6,1236.9,4230,0
2026-02-04 10:20:00+05:30,1237.0,1237.7,1236.0,1236.7,3780,0
2026-02-04 10:25:00+05:30,1236.7,1236.7,1234.0,1234.5,4035,0
2026-02-04 10:30:00+05:30,1234.5,1234.5,1233.2,1234.0,3032,0
2026-02-04 10:35:00+05:30,1234.0,1234.3,1231.3,1232.2,9603,0
2026-02-04 10:40:00+05:30,1232.2,1234.4,1232.2,1233.2,6411,0
2026-02-04 10:45:00+05:30,1232.9,1233.6,1232.3,1232.8,3879,0
2026-02-04 10:50:00+05:30,1232.8,1234.9,1232.7,1233.9,7205,0
2026-02-04 10:55:00+05:30,1233.9,1234.1,1232.6,1234.1,4363,0
2026-02-04 11:00:00+05:30,1234.1,1234.7,1231.9,1233.0,7570,0
2026-02-04 11:05:00+05:30,1233.2,1233.6,1230.7,1231.1,3254,0
2026-02-04 11:10:00+05:30,1231.1,1231.5,1228.0,1229.5,13802,0
2026-02-04 11:15:00+05:30,1229.5,1230.9,1228.4,1230.9,11169,0
2026-02-04 11:20:00+05:30,1230.9,1232.1,1230.5,1231.3,5441,0
2026-02-04 11:25:00+05:30,1231.2,1231.9,1230.2,1231.3,3817,0
2026-02-04 11:30:00+05:30,1231.1,1231.3,1229.7,1231.3,3066,0
2026-02-04 11:35:00+05:30,1231.3,1231.6,1229.0,1230.3,13700,0
2026-02-04 11:40:00+05:30,1230.2,1233.5,1229.5,1230.1,25227,0
2026-02-04 11:45:00+05:30,1230.0,1231.5,1228.0,1228.3,18113,0
2026-02-04 11:50:00+05:30,1228.3,1228.8,1227.0,1228.7,10087,0
2026-02-04 11:55:00+05:30,1228.3,1231.3,1228.3,1231.2,4373,0
2026-02-04 12:00:00+05:30,1230.7,1232.4,1230.4,1230.9,12031,0
2026-02-04 12:05:00+05:30,1231.0,1231.8,1230.8,1231.5,3552,0
2026-02-04 12:10:00+05:30,1231.7,1233.0,1231.5,1231.9,3728,0
2026-02-04 12:15:00+05:30,1231.9,1233.0,1228.8,1229.4,6898,0
2026-02-04 12:20:00+05:30,1229.3,1229.6,1228.3,1228.8,6561,0
2026-02-04 12:25:00+05:30,1229.0,1232.2,1228.7,1229.6,40487,0
2026-02-04 12:30:00+05:30,1229.6,1229.6,1228.3,1228.6,7617,0
2026-02-04 12:35:00+05:30,1228.4,1229.1,1227.5,1229.1,7695,0
2026-02-04 12:40:00+05:30,1229.1,1230.4,1228.8,1229.0,18736,0
2026-02-04 12:45:00+05:30,1229.0,1229.5,1227.6,1228.1,5131,0
2026-02-04 12:50:00+05:30,1227.9,1228.4,1227.5,1228.0,2439,0
2026-02-04 12:55:00+05:30,1228.0,1229.7,1227.7,1229.1,3062,0
2026-02-04 13:00:00+05:30,1229.1,1229.1,1226.3,1228.4,42552,0
2026-02-04 13:05:00+05:30,1228.4,1228.5,1227.1,1228.1,4294,0
2026-02-04 13:10:00+05:30,1228.1,1228.8,1227.3,1228.7,3461,0
2026-02-04 13:15:00+05:30,1228.8,1229.2,1227.1,1228.2,6566,0
2026-02-04 13:20:00+05:30,1228.2,1229.9,1228.2,1229.6,4629,0
2026-02-04 13:25:00+05:30,1229.6,1230.5,1228.4,1229.0,12892,0
2026-02-04 13:30:00+05:30,1229.0,1229.4,1226.5,1227.0,70696,0
2026-02-04 13:35:00+05:30,1227.0,1227.5,1226.4,1227.0,28441,0
2026-02-04 13:40:00+05:30,1226.6,1227.1,1225.8,1226.2,8771,0
2026-02-04 13:45:00+05:30,1226.2,1227.0,1225.5,1225.8,7630,0
2026-02-04 13:50:00+05:30,1225.5,1226.1,1223.9,1225.3,15414,0
2026-02-04 13:55:00+05:30,1225.3,1226.5,1224.9,1226.5,7732,0
2026-02-04 14:00:00+05:30,1226.5,1228.4,1225.5,1228.3,6964,0
2026-02-04 14:05:00+05:30,1228.4,1229.6,1228.4,1229.2,6408,0
2026-02-04 14:10:00+05:30,1229.2,1232.5,1229.2,1231.7,16704,0
2026-02-04 14:15:00+05:30,1231.6,1231.8,1229.4,1229.5,17648,0
2026-02-04 14:20:00+05:30,1229.5,1231.5,1229.5,1230.3,14082,0
2026-02-04 14:25:00+05:30,1230.3,1232.1,1229.9,1230.0,13983,0
2026-02-04 14:30:00+05:30,1230.0,1231.5,1230.0,1231.3,8901,0
2026-02-04 14:35:00+05:30,1231.4,1231.4,1229.8,1230.0,9270,0
2026-02-04 14:40:00+05:30,1230.0,1232.1,1229.8,1231.3,22215,0
2026-02-04 14:45:00+05:30,1231.1,1231.3,1228.4,1229.2,9818,0
2026-02-04 14:50:00+05:30,1229.2,1229.2,1228.2,1228.6,7420,0
2026-02-04 14:55:00+05:30,1228.6,1228.8,1227.0,1228.6,18720,0
2026-02-04 15:00:00+05:30,1228.7,1231.0,1228.7,1229.9,21299,0
2026-02-04 15:05:00+05:30,1230.0,1230.4,1228.4,1229.1,20914,0
2026-02-04 15:10:00+05:30,1229.2,1229.6,1227.8,1229.2,36417,0
2026-02-04 15:15:00+05:30,1229.1,1229.9,1227.4,1227.9,66323,0
2026-02-04 15:20:00+05:30,1227.9,1228.4,1225.0,1226.6,36314,0
2026-02-04 15:25:00+05:30,1226.7,1226.7,1225.0,1225.1,28746,0
2026-02-05 09:15:00+05:30,1218.6,1226.0,1214.2,1222.3,45211,0
2026-02-05 09:20:00+05:30,1221.4,1223.1,1218.7,1222.5,31497,0
2026-02-05 09:25:00+05:30,1222.5,1223.1,1217.3,1221.4,21796,0
2026-02-05 09:30:00+05:30,1221.3,1224.4,1220.8,1221.2,17452,0
2026-02-05 09:35:00+05:30,1221.7,1221.7,1218.9,1221.1,11903,0
2026-02-05 09:40:00+05:30,1221.3,1221.6,1218.0,1218.6,21457,0
2026-02-05 09:45:00+05:30,1218.7,1219.3,1217.1,1218.7,13541,0
2026-02-05 09:50:00+05:30,1218.4,1219.3,1217.9,1218.5,6545,0
2026-02-05 09:55:00+05:30,1218.7,1221.9,1218.3,1220.5,14489,0
2026-02-05 10:00:00+05:30,1220.6,1221.1,1219.1,1220.6,8748,0
2026-02-05 10:05:00+05:30,1220.6,1223.2,1220.1,1222.1,33667,0
2026-02-05 10:10:00+05:30,1221.9,1224.0,1221.9,1223.4,12332,0
2026-02-05 10:15:00+05:30,1223.1,1223.4,1220.5,1221.8,11680,0
2026-02-05 10:20:00+05:30,1221.8,1226.9,1221.3,1226.1,48837,0
2026-02-05 10:25:00+05:30,1226.4,1228.0,1222.4,1223.1,11753,0
2026-02-05 10:30:00+05:30,1223.1,1225.7,1222.4,1222.9,14288,0
2026-02-05 10:35:00+05:30,1222.9,1223.6,1222.0,1222.7,7959,0
2026-02-05 10:40:00+05:30,1222.6,1224.1,1221.7,1223.0,5352,0
2026-02-05 10:45:00+05:30,1223.3,1224.1,1222.6,1223.4,2048,0
2026-02-05 10:50:00+05:30,1223.7,1224.2,1222.3,1222.3,3723,0
2026-02-05 10:55:00+05:30,1222.7,1223.0,1221.0,1221.7,9948,0
2026-02-05 11:00:00+05:30,1221.7,1223.7,1219.8,1223.0,9635,0
2026-02-05 11:05:00+05:30,1223.5,1225.5,1223.0,1224.2,4349,0
2026-02-05 11:10:00+05:30,1224.7,1225.7,1224.0,1224.4,4157,0
2026-02-05 11:15:00+05:30,1224.8,1224.8,1222.0,1222.7,4022,0
2026-02-05 11:20:00+05:30,1222.4,1224.0,1222.0,1223.5,11242,0
2026-02-05 11:25:00+05:30,1223.7,1225.2,1222.7,1223.1,14125,0
2026-02-05 11:30:00+05:30,1223.1,1224.1,1222.8,1223.0,38562,0
2026-02-05 11:35:00+05:30,1223.3,1230.7,1223.0,1227.9,99463,0
2026-02-05 11:40:00+05:30,1227.9,1233.9,1227.0,1230.9,33224,0
2026-02-05 11:45:00+05:30,1231.0,1232.5,1227.3,1228.4,28162,0
2026-02-05 11:50:00+05:30,1228.5,1229.2,1227.2,1229.2,10960,0
2026-02-05 11:55:00+05:30,1229.2,1231.1,1228.2,1230.7,30883,0
2026-02-05 12:00:00+05:30,1231.1,1231.2,1228.6,1229.5,4995,0
2026-02-05 12:05:00+05:30,1229.5,1230.0,1227.2,1228.2,9223,0
2026-02-05 12:10:00+05:30,1228.5,1229.8,1227.3,1228.3,9313,0
2026-02-05 12:15:00+05:30,1228.3,1229.1,1227.2,1228.0,6035,0
2026-02-05 12:20:00+05:30,1228.0,1228.8,1226.7,1227.2,9069,0
2026-02-05 12:25:00+05:30,1227.1,1227.7,1226.1,1227.4,4858,0
2026-02-05 12:30:00+05:30,1227.2,1227.3,1225.2,1226.7,10215,0
2026-02-05 12:35:00+05:30,1227.2,1229.1,1226.7,1227.8,10664,0
2026-02-05 12:40:00+05:30,1227.9,1229.1,1226.0,1226.0,8060,0
2026-02-05 12:45:00+05:30,1226.5,1227.7,1225.7,1226.6,4906,0
2026-02-05 12:50:00+05:30,1226.7,1227.6,1226.1,1226.4,4705,0
2026-02-05 12:55:00+05:30,1226.6,1229.8,1225.2,1229.8,4085,0
2026-02-05 13:00:00+05:30,1229.8,1230.9,1229.6,1230.0,6105,0
2026-02-05 13:05:00+05:30,1230.5,1231.1,1229.9,1231.0,3663,0
2026-02-05 13:10:00+05:30,1230.9,1231.2,1229.2,1229.7,2925,0
2026-02-05 13:15:00+05:30,1229.7,1230.4,1229.3,1230.1,1938,0
2026-02-05 13:20:00+05:30,1229.8,1231.0,1229.0,1229.0,5452,0
2026-02-05 13:25:00+05:30,1229.6,1229.6,1228.0,1228.9,4668,0
2026-02-05 13:30:00+05:30,1228.9,1229.8,1228.1,1229.7,4560,0
2026-02-05 13:35:00+05:30,1229.8,1231.0,1229.0,1230.2,4585,0
2026-02-05 13:40:00+05:30,1230.4,1230.6,1229.1,1230.6,4511,0
2026-02-05 13:45:00+05:30,1230.7,1231.8,1230.5,1231.3,9841,0
2026-02-05 13:50:00+05:30,1231.3,1231.6,1230.5,1231.3,3921,0
2026-02-05 13:55:00+05:30,1231.3,1231.7,1230.3,1231.6,4291,0
2026-02-05 14:00:00+05:30,1231.6,1232.0,1230.8,1231.3,11647,0
2026-02-05 14:05:00+05:30,1231.4,1231.6,1229.5,1229.8,26755,0
2026-02-05 14:10:00+05:30,1229.8,1231.4,1228.2,1230.5,16063,0
2026-02-05 14:15:00+05:30,1230.5,1231.6,1229.7,1230.4,17980,0
2026-02-05 14:20:00+05:30,1230.8,1232.0,1230.2,1231.2,13550,0
2026-02-05 14:25:00+05:30,1231.4,1236.0,1230.9,1235.5,22686,0
2026-02-05 14:30:00+05:30,1235.5,1236.6,1233.9,1236.5,14767,0
2026-02-05 14:35:00+05:30,1235.8,1238.2,1235.8,1237.1,33266,0
2026-02-05 14:40:00+05:30,1236.9,1237.7,1235.2,1235.6,12152,0
2026-02-05 14:45:00+05:30,1235.6,1236.5,1234.1,1235.8,28771,0
2026-02-05 14:50:00+05:30,1236.1,1237.6,1236.0,1237.5,7577,0
2026-02-05 14:55:00+05:30,1237.5,1239.9,1237.0,1238.8,12948,0
2026-02-05 15:00:00+05:30,1238.8,1241.8,1238.2,1241.5,41849,0
2026-02-05 15:05:00+05:30,1241.8,1241.8,1239.1,1240.5,18904,0
2026-02-05 15:10:00+05:30,1240.6,1241.3,1238.4,1238.7,26390,0
2026-02-05 15:15:00+05:30,1239.1,1241.1,1238.5,1240.2,29098,0
2026-02-05 15:20:00+05:30,1240.4,1240.6,1237.6,1238.7,42843,0
2026-02-05 15:25:00+05:30,1238.7,1241.0,1238.1,1241.0,35163,0
2026-02-06 09:15:00+05:30,1233.9,1238.6,1231.2,1235.4,31629,0
2026-02-06 09:20:00+05:30,1235.0,1237.7,1235.0,1236.4,6995,0
2026-02-06 09:25:00+05:30,1236.7,1237.5,1235.4,1236.7,6428,0
2026-02-06 09:30:00+05:30,1236.7,1237.9,1235.7,1235.7,7846,0
2026-02-06 09:35:00+05:30,1235.8,1236.2,1234.2,1235.5,9185,0
2026-02-06 09:40:00+05:30,1235.5,1235.5,1232.8,1233.1,7177,0
2026-02-06 09:45:00+05:30,1233.1,1236.0,1233.1,1235.8,16316,0
2026-02-06 09:50:00+05:30,1235.8,1236.3,1233.7,1233.7,3395,0
2026-02-06 09:55:00+05:30,1233.7,1235.1,1232.0,1234.5,15844,0
2026-02-06 10:00:00+05:30,1234.7,1235.0,1231.1,1231.8,13552,0
2026-02-06 10:05:00+05:30,1231.8,1232.1,1230.2,1230.9,3926,0
2026-02-06 10:10:00+05:30,1230.9,1231.3,1230.0,1230.3,6660,0
2026-02-06 10:15:00+05:30,1230.3,1230.9,1229.1,1230.4,6031,0
2026-02-06 10:20:00+05:30,1230.1,1231.7,1229.6,1229.6,10881,0
2026-02-06 10:25:00+05:30,1229.6,1229.8,1226.0,1226.5,16428,0
2026-02-06 10:30:00+05:30,1226.5,1226.5,1225.1,1225.6,5028,0
2026-02-06 10:35:00+05:30,1225.6,1226.7,1225.0,1225.0,3804,0
2026-02-06 10:40:00+05:30,1225.5,1225.6,1224.5,1224.9,13876,0
2026-02-06 10:45:00+05:30,1224.9,1225.0,1223.4,1224.7,5761,0
2026-02-06 10:50:00+05:30,1224.7,1224.8,1223.3,1224.3,5609,0
2026-02-06 10:55:00+05:30,1224.3,1225.5,1223.5,1225.5,64880,0
2026-02-06 11:00:00+05:30,1225.5,1228.0,1225.5,1227.6,9307,0
2026-02-06 11:05:00+05:30,1227.6,1228.4,1226.0,1227.9,68218,0
2026-02-06 11:10:00+05:30,1227.7,1230.8,1227.4,1230.0,22230,0
2026-02-06 11:15:00+05:30,1230.0,1230.0,1228.0,1228.7,6118,0
2026-02-06 11:20:00+05:30,1228.7,1231.6,1228.6,1231.5,6843,0
2026-02-06 11:25:00+05:30,1231.5,1232.0,1230.5,1231.4,7386,0
2026-02-06 11:30:00+05:30,1231.5,1231.6,1230.5,1231.3,4744,0
2026-02-06 11:35:00+05:30,1231.5,1231.9,1230.8,1231.9,2153,0
2026-02-06 11:40:00+05:30,1231.9,1233.2,1230.8,1230.8,9553,0
2026-02-06 11:45:00+05:30,1230.7,1231.5,1229.7,1231.3,7627,0
2026-02-06 11:50:00+05:30,1231.3,1232.4,1230.6,1232.0,8378,0
2026-02-06 11:55:00+05:30,1232.0,1233.9,1231.1,1232.9,8692,0
2026-02-06 12:00:00+05:30,1233.9,1234.5,1231.9,1232.3,14280,0
2026-02-06 12:05:00+05:30,1232.3,1232.4,1229.0,1229.6,19664,0
2026-02-06 12:10:00+05:30,1229.6,1231.7,1228.9,1231.7,15481,0
2026-02-06 12:15:00+05:30,1231.7,1231.7,1230.0,1231.4,4959,0
2026-02-06 12:20:00+05:30,1231.4,1231.4,1230.2,1230.3,2788,0
2026-02-06 12:25:00+05:30,1230.3,1230.9,1229.6,1230.9,3037,0
2026-02-06 12:30:00+05:30,1230.9,1230.9,1226.7,1227.0,7217,0
2026-02-06 12:35:00+05:30,1227.0,1227.7,1226.7,1227.7,4536,0
2026-02-06 12:40:00+05:30,1227.7,1227.7,1224.2,1224.3,13716,0
2026-02-06 12:45:00+05:30,1224.5,1225.0,1222.7,1223.2,11228,0
2026-02-06 12:50:00+05:30,1223.1,1223.4,1222.4,1222.9,5102,0
2026-02-06 12:55:00+05:30,1223.1,1224.7,1222.4,1224.7,8221,0
2026-02-06 13:00:00+05:30,1224.6,1224.7,1223.5,1224.2,2556,0
2026-02-06 13:05:00+05:30,1224.2,1225.9,1223.7,1225.3,6228,0
2026-02-06 13:10:00+05:30,1225.5,1226.2,1225.3,1226.0,4078,0
2026-02-06 13:15:00+05:30,1226.3,1229.5,1226.0,1227.0,6744,0
2026-02-06 13:20:00+05:30,1227.0,1228.0,1226.7,1227.9,2822,0
2026-02-06 13:25:00+05:30,1227.9,1227.9,1227.0,1227.0,2502,0
2026-02-06 13:30:00+05:30,1227.4,1228.5,1225.0,1225.5,12485,0
2026-02-06 13:35:00+05:30,1225.5,1228.4,1225.5,1227.6,3638,0
2026-02-06 13:40:00+05:30,1227.6,1228.4,1227.0,1227.0,3807,0
2026-02-06 13:45:00+05:30,1226.9,1228.0,1226.9,1228.0,2362,0
2026-02-06 13:50:00+05:30,1227.8,1229.9,1227.6,1229.6,7709,0
2026-02-06 13:55:00+05:30,1229.6,1230.0,1228.2,1228.8,3245,0
2026-02-06 14:00:00+05:30,1228.8,1231.2,1228.8,1230.7,9245,0
2026-02-06 14:05:00+05:30,1230.7,1231.2,1229.7,1231.1,8827,0
2026-02-06 14:10:00+05:30,1231.1,1232.0,1230.1,1231.4,9888,0
2026-02-06 14:15:00+05:30,1231.2,1232.0,1229.9,1232.0,7692,0
2026-02-06 14:20:00+05:30,1232.0,1232.0,1230.7,1231.0,4599,0
2026-02-06 14:25:00+05:30,1231.0,1231.8,1230.8,1231.5,2220,0
2026-02-06 14:30:00+05:30,1231.5,1231.5,1230.1,1230.8,8651,0
2026-02-06 14:35:00+05:30,1231.0,1232.7,1230.2,1231.8,20619,0
2026-02-06 14:40:00+05:30,1231.8,1233.5,1231.5,1233.2,13688,0
2026-02-06 14:45:00+05:30,1233.2,1233.8,1232.6,1233.3,5045,0
2026-02-06 14:50:00+05:30,1233.3,1234.1,1232.0,1232.8,17276,0
2026-02-06 14:55:00+05:30,1232.8,1234.1,1232.5,1233.8,32733,0
2026-02-06 15:00:00+05:30,1233.9,1236.5,1233.8,1236.2,29927,0
2026-02-06 15:05:00+05:30,1236.2,1237.1,1235.8,1236.6,22416,0
2026-02-06 15:10:00+05:30,1236.4,1237.4,1235.6,1236.8,24431,0
2026-02-06 15:15:00+05:30,1236.7,1237.1,1235.1,1235.7,34762,0
2026-02-06 15:20:00+05:30,1235.7,1237.3,1234.9,1235.9,41244,0
2026-02-06 15:25:00+05:30,1235.9,1236.4,1234.5,1236.0,33981,0
2026-02-09 09:15:00+05:30,1248.5,1248.5,1238.5,1244.8,52503,0
2026-02-09 09:20:00+05:30,1244.6,1244.6,1241.0,1243.4,11104,0
2026-02-09 09:25:00+05:30,1243.4,1244.8,1241.3,1244.2,9833,0
2026-02-09 09:30:00+05:30,1244.7,1244.8,1238.9,1239.9,17660,0
2026-02-09 09:35:00+05:30,1239.6,1240.6,1237.6,1237.9,18157,0
2026-02-09 09:40:00+05:30,1238.2,1239.6,1237.0,1238.0,7320,0
2026-02-09 09:45:00+05:30,1238.0,1239.8,1237.5,1239.1,7365,0
2026-02-09 09:50:00+05:30,1239.1,1239.8,1238.0,1239.0,5756,0
2026-02-09 09:55:00+05:30,1238.9,1240.0,1238.1,1239.1,5726,0
2026-02-09 10:00:00+05:30,1239.1,1239.7,1237.5,1237.9,4500,0
2026-02-09 10:05:00+05:30,1237.7,1238.7,1235.1,1237.8,43762,0
2026-02-09 10:10:00+05:30,1237.4,1238.1,1235.9,1237.0,29340,0
2026-02-09 10:15:00+05:30,1237.0,1240.8,1236.0,1240.0,41067,0
2026-02-09 10:20:00+05:30,1240.4,1240.4,1238.0,1238.0,6653,0
2026-02-09 10:25:00+05:30,1238.4,1240.6,1238.1,1240.0,11901,0
2026-02-09 10:30:00+05:30,1240.2,1241.9,1239.5,1241.1,15765,0
2026-02-09 10:35:00+05:30,1241.2,1242.9,1240.4,1242.6,15384,0
2026-02-09 10:40:00+05:30,1242.6,1243.5,1242.0,1242.9,10855,0
2026-02-09 10:45:00+05:30,1242.9,1246.3,1242.3,1246.2,49877,0
2026-02-09 10:50:00+05:30,1246.2,1247.0,1242.2,1243.4,63901,0
2026-02-09 10:55:00+05:30,1243.4,1245.0,1241.2,1241.6,33318,0
2026-02-09 11:00:00+05:30,1241.7,1241.9,1240.5,1241.3,12880,0
2026-02-09 11:05:00+05:30,1241.3,1242.4,1241.0,1241.7,31571,0
2026-02-09 11:10:00+05:30,1241.7,1244.3,1240.8,1243.0,48424,0
2026-02-09 11:15:00+05:30,1243.0,1249.0,1242.6,1249.0,146105,0
2026-02-09 11:20:00+05:30,1249.0,1251.0,1248.1,1250.1,44465,0
2026-02-09 11:25:00+05:30,1250.2,1253.8,1250.2,1252.3,41484,0
2026-02-09 11:30:00+05:30,1252.6,1252.6,1249.4,1251.6,22336,0
2026-02-09 11:35:00+05:30,1251.6,1252.2,1250.2,1251.1,15847,0
2026-02-09 11:40:00+05:30,1251.6,1254.7,1251.4,1252.0,51978,0
2026-02-09 11:45:00+05:30,1251.6,1252.0,1248.1,1249.0,15922,0
2026-02-09 11:50:00+05:30,1249.0,1249.9,1248.2,1249.7,8119,0
2026-02-09 11:55:00+05:30,1249.7,1251.1,1249.6,1250.0,10767,0
2026-02-09 12:00:00+05:30,1250.0,1250.0,1248.9,1250.0,9186,0
2026-02-09 12:05:00+05:30,1250.0,1250.0,1248.0,1248.3,9112,0
2026-02-09 12:10:00+05:30,1248.4,1249.1,1247.1,1248.3,10086,0
2026-02-09 12:15:00+05:30,1248.3,1249.5,1248.2,1248.6,7312,0
2026-02-09 12:20:00+05:30,1248.6,1249.7,1247.7,1248.8,7547,0
2026-02-09 12:25:00+05:30,1248.8,1249.6,1247.5,1248.0,10871,0
2026-02-09 12:30:00+05:30,1248.0,1248.0,1245.9,1246.7,16450,0
2026-02-09 12:35:00+05:30,1246.8,1246.9,1246.0,1246.5,4536,0
2026-02-09 12:40:00+05:30,1246.5,1247.4,1246.2,1247.1,9537,0
2026-02-09 12:45:00+05:30,1247.1,1247.2,1244.7,1245.6,8318,0
2026-02-09 12:50:00+05:30,1245.9,1246.2,1244.7,1245.7,4895,0
2026-02-09 12:55:00+05:30,1245.7,1245.7,1243.3,1245.0,10924,0
2026-02-09 13:00:00+05:30,1244.9,1246.1,1244.0,1245.3,21302,0
2026-02-09 13:05:00+05:30,1245.5,1246.9,1245.5,1246.4,9329,0
2026-02-09 13:10:00+05:30,1246.4,1247.1,1246.0,1246.6,8457,0
2026-02-09 13:15:00+05:30,1246.6,1248.0,1245.7,1246.6,11015,0
2026-02-09 13:20:00+05:30,1246.5,1246.5,1244.5,1245.0,6190,0
2026-02-09 13:25:00+05:30,1245.0,1246.0,1244.0,1244.6,11622,0
2026-02-09 13:30:00+05:30,1244.6,1245.4,1243.7,1244.8,9515,0
2026-02-09 13:35:00+05:30,1244.8,1245.8,1244.5,1245.2,7556,0
2026-02-09 13:40:00+05:30,1245.6,1246.2,1245.0,1245.0,7377,0
2026-02-09 13:45:00+05:30,1245.2,1245.6,1243.3,1244.2,12398,0
2026-02-09 13:50:00+05:30,1244.2,1246.4,1243.7,1245.6,10093,0
2026-02-09 13:55:00+05:30,1245.6,1245.7,1243.8,1243.8,5643,0
2026-02-09 14:00:00+05:30,1243.7,1244.3,1241.3,1244.0,30881,0
2026-02-09 14:05:00+05:30,1244.0,1246.9,1243.3,1246.5,11612,0
2026-02-09 14:10:00+05:30,1246.6,1247.4,1245.7,1246.2,6461,0
2026-02-09 14:15:00+05:30,1246.2,1246.2,1245.3,1245.5,3610,0
2026-02-09 14:20:00+05:30,1245.5,1247.2,1245.4,1247.2,10983,0
2026-02-09 14:25:00+05:30,1247.1,1248.0,1246.9,1247.8,7257,0
2026-02-09 14:30:00+05:30,1247.9,1248.3,1245.8,1246.2,8863,0
2026-02-09 14:35:00+05:30,1246.2,1247.3,1246.2,1246.3,6540,0
2026-02-09 14:40:00+05:30,1246.3,1246.3,1245.0,1245.6,7061,0
2026-02-09 14:45:00+05:30,1245.6,1245.6,1240.6,1242.9,41671,0
2026-02-09 14:50:00+05:30,1243.0,1244.4,1242.6,1244.0,11350,0
2026-02-09 14:55:00+05:30,1244.0,1245.9,1243.6,1245.4,8613,0
2026-02-09 15:00:00+05:30,1245.1,1247.1,1245.0,1245.6,25571,0
2026-02-09 15:05:00+05:30,1245.5,1245.9,1244.3,1244.8,13293,0
2026-02-09 15:10:00+05:30,1244.5,1245.0,1243.5,1244.9,31737,0
2026-02-09 15:15:00+05:30,1244.8,1246.2,1243.9,1244.6,45732,0
2026-02-09 15:20:00+05:30,1244.5,1246.9,1243.8,1246.7,55128,0
2026-02-09 15:25:00+05:30,1246.5,1247.2,1243.1,1244.0,35362,0
2026-02-10 09:15:00+05:30,1245.0,1247.7,1236.7,1240.0,42558,0
2026-02-10 09:20:00+05:30,1239.9,1242.2,1238.5,1241.5,28539,0
2026-02-10 09:25:00+05:30,1241.6,1242.8,1241.1,1241.6,16855,0
2026-02-10 09:30:00+05:30,1241.6,1246.9,1241.3,1246.3,19337,0
2026-02-10 09:35:00+05:30,1246.3,1247.5,1245.7,1247.3,15627,0
2026-02-10 09:40:00+05:30,1247.3,1247.6,1245.3,1247.5,20317,0
2026-02-10 09:45:00+05:30,1247.3,1248.5,1246.8,1246.9,14231,0
2026-02-10 09:50:00+05:30,1247.0,1247.9,1246.6,1246.9,5768,0
2026-02-10 09:55:00+05:30,1246.9,1250.0,1246.5,1249.4,18447,0
2026-02-10 10:00:00+05:30,1250.0,1253.6,1250.0,1252.4,42146,0
2026-02-10 10:05:00+05:30,1252.2,1252.9,1250.9,1251.9,22448,0
2026-02-10 10:10:00+05:30,1251.9,1255.0,1250.8,1253.4,20193,0
2026-02-10 10:15:00+05:30,1253.4,1256.7,1252.6,1255.3,31929,0
2026-02-10 10:20:00+05:30,1255.3,1256.7,1254.0,1254.6,33458,0
2026-02-10 10:25:00+05:30,1254.6,1261.9,1254.0,1261.9,61263,0
2026-02-10 10:30:00+05:30,1261.3,1261.7,1257.5,1258.5,14243,0
2026-02-10 10:35:00+05:30,1259.0,1259.0,1256.5,1256.6,10691,0
2026-02-10 10:40:00+05:30,1257.1,1257.4,1254.4,1255.8,13490,0
2026-02-10 10:45:00+05:30,1255.8,1257.1,1254.7,1255.4,12285,0
2026-02-10 10:50:00+05:30,1255.4,1258.3,1254.8,1257.2,10225,0
2026-02-10 10:55:00+05:30,1257.2,1257.4,1256.1,1257.2,3932,0
2026-02-10 11:00:00+05:30,1256.6,1257.0,1253.4,1255.0,12091,0
2026-02-10 11:05:00+05:30,1255.0,1256.0,1253.5,1256.0,16073,0
2026-02-10 11:10:00+05:30,1256.0,1256.1,1255.0,1255.9,9649,0
2026-02-10 11:15:00+05:30,1255.9,1256.4,1255.0,1255.4,17148,0
2026-02-10 11:20:00+05:30,1255.5,1255.5,1254.0,1254.5,5649,0
2026-02-10 11:25:00+05:30,1254.5,1255.6,1252.8,1254.0,36205,0
2026-02-10 11:30:00+05:30,1253.9,1254.3,1252.9,1253.7,4681,0
2026-02-10 11:35:00+05:30,1253.7,1254.0,1251.5,1254.0,13895,0
2026-02-10 11:40:00+05:30,1254.0,1257.0,1253.2,1256.8,24158,0
2026-02-10 11:45:00+05:30,1256.6,1256.9,1253.6,1254.7,30218,0
2026-02-10 11:50:00+05:30,1254.7,1255.0,1254.3,1254.9,16455,0
2026-02-10 11:55:00+05:30,1255.0,1256.3,1254.9,1256.1,23045,0
2026-02-10 12:00:00+05:30,1256.3,1256.3,1254.2,1254.6,5965,0
2026-02-10 12:05:00+05:30,1254.6,1254.6,1253.0,1253.0,2578,0
2026-02-10 12:10:00+05:30,1253.4,1254.0,1253.0,1253.8,2535,0
2026-02-10 12:15:00+05:30,1253.8,1254.0,1253.1,1253.5,3759,0
2026-02-10 12:20:00+05:30,1253.1,1253.1,1246.8,1248.0,84412,0
2026-02-10 12:25:00+05:30,1248.0,1248.0,1246.8,1247.3,5702,0
2026-02-10 12:30:00+05:30,1247.6,1248.0,1247.3,1247.6,3090,0
2026-02-10 12:35:00+05:30,1247.7,1247.7,1246.2,1247.1,6652,0
2026-02-10 12:40:00+05:30,1247.1,1247.9,1246.5,1247.7,4207,0
2026-02-10 12:45:00+05:30,1247.7,1248.6,1247.0,1247.1,6690,0
2026-02-10 12:50:00+05:30,1247.8,1248.4,1247.0,1247.5,6688,0
2026-02-10 12:55:00+05:30,1247.7,1248.7,1247.5,1247.6,4078,0
2026-02-10 13:00:00+05:30,1248.2,1248.8,1247.5,1247.9,2332,0
2026-02-10 13:05:00+05:30,1247.6,1247.9,1247.2,1247.7,1155,0
2026-02-10 13:10:00+05:30,1247.7,1247.7,1246.7,1247.0,4194,0
2026-02-10 13:15:00+05:30,1247.0,1247.0,1245.7,1245.7,5113,0
2026-02-10 13:20:00+05:30,1246.3,1246.3,1245.3,1245.7,2435,0
2026-02-10 13:25:00+05:30,1245.6,1246.0,1244.7,1244.9,6940,0
2026-02-10 13:30:00+05:30,1244.8,1244.8,1242.0,1243.4,7602,0
2026-02-10 13:35:00+05:30,1243.3,1244.3,1242.5,1242.9,5250,0
2026-02-10 13:40:00+05:30,1242.8,1244.0,1242.3,1244.0,4064,0
2026-02-10 13:45:00+05:30,1244.0,1244.3,1243.0,1243.4,1542,0
2026-02-10 13:50:00+05:30,1243.4,1244.5,1243.1,1244.1,5220,0
2026-02-10 13:55:00+05:30,1244.1,1244.1,1242.6,1243.1,2046,0
2026-02-10 14:00:00+05:30,1243.1,1243.8,1242.6,1243.5,4243,0
2026-02-10 14:05:00+05:30,1243.5,1244.9,1243.0,1243.8,5765,0
2026-02-10 14:10:00+05:30,1243.7,1244.4,1243.0,1243.7,4845,0
2026-02-10 14:15:00+05:30,1244.1,1246.2,1244.0,1245.0,19588,0
2026-02-10 14:20:00+05:30,1245.3,1245.3,1244.0,1245.0,4091,0
2026-02-10 14:25:00+05:30,1244.8,1244.8,1242.1,1243.3,9354,0
2026-02-10 14:30:00+05:30,1243.3,1243.5,1242.2,1242.5,2585,0
2026-02-10 14:35:00+05:30,1242.9,1244.6,1242.4,1242.8,5130,0
2026-02-10 14:40:00+05:30,1242.6,1244.3,1242.2,1243.1,20107,0
2026-02-10 14:45:00+05:30,1243.0,1244.9,1243.0,1244.3,13568,0
2026-02-10 14:50:00+05:30,1244.0,1244.9,1243.0,1244.4,5401,0
2026-02-10 14:55:00+05:30,1244.4,1245.3,1244.0,1244.3,3874,0
2026-02-10 15:00:00+05:30,1244.3,1246.0,1243.8,1244.5,20729,0
2026-02-10 15:05:00+05:30,1244.8,1245.3,1243.8,1244.3,15172,0
2026-02-10 15:10:00+05:30,1244.3,1244.9,1243.5,1244.4,30483,0
2026-02-10 15:15:00+05:30,1244.2,1244.5,1242.8,1244.5,50424,0
2026-02-10 15:20:00+05:30,1244.4,1244.5,1243.0,1243.5,32182,0
2026-02-10 15:25:00+05:30,1243.5,1247.0,1242.0,1244.0,51457,0
2026-02-11 09:15:00+05:30,1248.5,1249.9,1243.4,1248.4,27357,0
2026-02-11 09:20:00+05:30,1248.9,1249.0,1244.8,1245.7,22003,0
2026-02-11 09:25:00+05:30,1245.7,1249.9,1245.6,1248.5,10879,0
2026-02-11 09:30:00+05:30,1248.2,1251.0,1248.2,1249.2,16921,0
2026-02-11 09:35:00+05:30,1249.2,1250.0,1245.1,1245.5,10198,0
2026-02-11 09:40:00+05:30,1245.5,1246.4,1244.0,1245.7,17924,0
2026-02-11 09:45:00+05:30,1245.7,1246.7,1245.1,1245.9,7771,0
2026-02-11 09:50:00+05:30,1245.9,1246.5,1244.7,1246.2,6807,0
2026-02-11 09:55:00+05:30,1245.5,1246.0,1241.0,1241.0,14042,0
2026-02-11 10:00:00+05:30,1240.9,1241.7,1238.1,1239.1,15868,0
2026-02-11 10:05:00+05:30,1239.1,1240.2,1238.0,1240.2,13293,0
2026-02-11 10:10:00+05:30,1240.0,1241.0,1238.3,1239.8,4858,0
2026-02-11 10:15:00+05:30,1239.8,1242.0,1239.7,1241.8,4481,0
2026-02-11 10:20:00+05:30,1241.8,1243.3,1241.1,1243.2,5672,0
2026-02-11 10:25:00+05:30,1243.2,1245.0,1241.8,1244.8,12982,0
2026-02-11 10:30:00+05:30,1244.2,1245.3,1243.9,1245.1,6217,0
2026-02-11 10:35:00+05:30,1245.2,1246.7,1244.0,1244.4,10849,0
2026-02-11 10:40:00+05:30,1245.0,1245.9,1244.4,1245.5,3717,0
2026-02-11 10:45:00+05:30,1245.9,1247.5,1245.1,1246.5,7759,0
2026-02-11 10:50:00+05:30,1246.5,1247.9,1246.2,1247.7,7817,0
2026-02-11 10:55:00+05:30,1247.7,1248.4,1244.4,1244.8,20790,0
2026-02-11 11:00:00+05:30,1244.5,1247.5,1243.5,1246.1,23010,0
2026-02-11 11:05:00+05:30,1246.1,1246.7,1241.6,1243.0,34210,0
2026-02-11 11:10:00+05:30,1243.0,1244.3,1242.2,1243.8,7609,0
2026-02-11 11:15:00+05:30,1243.8,1245.0,1243.1,1244.5,7588,0
2026-02-11 11:20:00+05:30,1244.7,1246.5,1244.1,1246.3,9055,0
2026-02-11 11:25:00+05:30,1246.0,1246.9,1243.9,1243.9,4496,0
2026-02-11 11:30:00+05:30,1244.2,1245.5,1243.9,1245.0,18353,0
2026-02-11 11:35:00+05:30,1245.0,1245.2,1244.4,1244.4,3410,0
2026-02-11 11:40:00+05:30,1244.2,1244.7,1243.2,1243.9,5282,0
2026-02-11 11:45:00+05:30,1244.2,1245.5,1243.6,1244.7,7553,0
2026-02-11 11:50:00+05:30,1245.0,1245.6,1243.0,1243.1,9841,0
2026-02-11 11:55:00+05:30,1243.6,1245.0,1243.1,1243.1,7894,0
2026-02-11 12:00:00+05:30,1243.2,1244.5,1243.2,1243.2,1743,0
2026-02-11 12:05:00+05:30,1243.6,1245.0,1242.6,1245.0,8375,0
2026-02-11 12:10:00+05:30,1245.0,1248.8,1244.7,1247.0,26282,0
2026-02-11 12:15:00+05:30,1247.1,1247.9,1246.3,1247.3,11851,0
2026-02-11 12:20:00+05:30,1247.3,1247.9,1245.0,1245.2,6500,0
2026-02-11 12:25:00+05:30,1245.5,1246.7,1245.5,1246.6,4182,0
2026-02-11 12:30:00+05:30,1246.6,1247.7,1246.1,1246.3,5436,0
2026-02-11 12:35:00+05:30,1246.3,1247.5,1245.7,1245.7,6262,0
2026-02-11 12:40:00+05:30,1246.0,1246.8,1245.1,1246.1,4918,0
2026-02-11 12:45:00+05:30,1246.1,1246.1,1244.7,1245.8,6487,0
2026-02-11 12:50:00+05:30,1246.0,1247.3,1245.9,1246.1,5835,0
2026-02-11 12:55:00+05:30,1246.8,1247.8,1246.0,1247.8,5367,0
2026-02-11 13:00:00+05:30,1247.8,1247.8,1246.4,1247.2,6261,0
2026-02-11 13:05:00+05:30,1247.2,1248.5,1246.7,1247.4,7798,0
2026-02-11 13:10:00+05:30,1247.2,1248.8,1247.2,1247.9,7308,0
2026-02-11 13:15:00+05:30,1247.8,1250.7,1247.3,1250.5,13583,0
2026-02-11 13:20:00+05:30,1250.5,1251.9,1249.4,1251.1,19868,0
2026-02-11 13:25:00+05:30,1251.3,1251.7,1250.3,1251.7,7757,0
2026-02-11 13:30:00+05:30,1251.7,1252.2,1250.4,1252.2,11371,0
2026-02-11 13:35:00+05:30,1252.5,1254.0,1251.8,1253.5,14946,0
2026-02-11 13:40:00+05:30,1254.0,1254.8,1253.3,1253.5,15064,0
2026-02-11 13:45:00+05:30,1253.5,1254.0,1250.6,1251.4,14145,0
2026-02-11 13:50:00+05:30,1251.4,1252.0,1250.5,1251.4,5712,0
2026-02-11 13:55:00+05:30,1251.4,1251.7,1249.7,1250.1,8899,0
2026-02-11 14:00:00+05:30,1250.7,1251.5,1250.0,1250.4,7118,0
2026-02-11 14:05:00+05:30,1250.8,1251.1,1249.8,1250.3,7035,0
2026-02-11 14:10:00+05:30,1250.9,1251.6,1250.3,1251.6,7206,0
2026-02-11 14:15:00+05:30,1251.6,1252.4,1251.4,1251.8,9840,0
2026-02-11 14:20:00+05:30,1251.8,1252.0,1250.4,1250.6,8553,0
2026-02-11 14:25:00+05:30,1250.9,1252.0,1250.6,1251.3,8282,0
2026-02-11 14:30:00+05:30,1251.1,1251.2,1249.5,1250.8,3530,0
2026-02-11 14:35:00+05:30,1250.8,1251.9,1250.8,1251.3,4720,0
2026-02-11 14:40:00+05:30,1251.2,1251.3,1249.9,1250.1,5058,0
2026-02-11 14:45:00+05:30,1250.1,1250.1,1247.7,1248.4,5982,0
2026-02-11 14:50:00+05:30,1248.4,1250.0,1248.2,1249.7,2922,0
2026-02-11 14:55:00+05:30,1249.7,1250.8,1249.5,1250.0,4299,0
2026-02-11 15:00:00+05:30,1250.0,1252.0,1248.4,1248.8,36067,0
2026-02-11 15:05:00+05:30,1248.9,1249.9,1247.4,1247.7,20889,0
2026-02-11 15:10:00+05:30,1248.0,1249.2,1247.6,1249.2,20201,0
2026-02-11 15:15:00+05:30,1249.2,1249.7,1248.1,1248.8,27835,0
2026-02-11 15:20:00+05:30,1248.8,1249.0,1248.4,1249.0,25225,0
2026-02-11 15:25:00+05:30,1249.0,1249.8,1247.1,1248.1,18180,0
2026-02-12 09:15:00+05:30,1254.2,1254.2,1240.4,1249.9,28255,0
2026-02-12 09:20:00+05:30,1249.4,1250.4,1245.3,1246.2,21852,0
2026-02-12 09:25:00+05:30,1246.1,1248.9,1245.3,1248.0,6665,0
2026-02-12 09:30:00+05:30,1248.0,1248.4,1246.6,1248.3,2384,0
2026-02-12 09:35:00+05:30,1248.3,1249.4,1248.0,1249.3,9949,0
2026-02-12 09:40:00+05:30,1249.3,1249.9,1247.0,1247.4,4185,0
2026-02-12 09:45:00+05:30,1247.4,1247.4,1246.0,1246.6,4851,0
2026-02-12 09:50:00+05:30,1247.0,1249.1,1246.6,1248.8,1851,0
2026-02-12 09:55:00+05:30,1248.8,1251.9,1248.8,1251.9,8122,0
2026-02-12 10:00:00+05:30,1251.5,1253.0,1251.2,1253.0,9706,0
2026-02-12 10:05:00+05:30,1252.8,1253.0,1250.1,1250.7,6466,0
2026-02-12 10:10:00+05:30,1250.7,1250.7,1249.0,1249.9,2176,0
2026-02-12 10:15:00+05:30,1249.9,1250.0,1246.5,1246.6,14864,0
2026-02-12 10:20:00+05:30,1246.6,1248.4,1245.4,1246.0,27174,0
2026-02-12 10:25:00+05:30,1245.9,1245.9,1244.0,1245.4,6203,0
2026-02-12 10:30:00+05:30,1244.9,1246.0,1244.4,1245.2,21160,0
2026-02-12 10:35:00+05:30,1245.2,1245.2,1244.0,1244.2,4389,0
2026-02-12 10:40:00+05:30,1244.2,1244.9,1244.0,1244.9,3661,0
2026-02-12 10:45:00+05:30,1244.9,1246.9,1244.7,1245.0,24989,0
2026-02-12 10:50:00+05:30,1245.5,1246.3,1244.9,1245.7,30219,0
2026-02-12 10:55:00+05:30,1245.7,1246.9,1245.2,1245.4,22635,0
2026-02-12 11:00:00+05:30,1245.2,1246.1,1244.0,1245.9,8912,0
2026-02-12 11:05:00+05:30,1245.9,1246.5,1244.0,1244.4,7884,0
2026-02-12 11:10:00+05:30,1244.5,1246.0,1244.5,1246.0,3069,0
2026-02-12 11:15:00+05:30,1246.0,1246.7,1244.9,1245.7,14844,0
2026-02-12 11:20:00+05:30,1245.7,1246.8,1245.2,1246.0,4795,0
2026-02-12 11:25:00+05:30,1246.0,1248.3,1246.0,1247.1,9859,0
2026-02-12 11:30:00+05:30,1247.0,1248.8,1244.9,1248.7,10451,0
2026-02-12 11:35:00+05:30,1248.7,1249.7,1246.6,1246.7,7459,0
2026-02-12 11:40:00+05:30,1246.7,1247.8,1246.2,1247.7,3043,0
2026-02-12 11:45:00+05:30,1247.7,1248.8,1247.5,1248.5,3164,0
2026-02-12 11:50:00+05:30,1248.6,1248.7,1246.6,1247.5,3696,0
2026-02-12 11:55:00+05:30,1247.5,1247.5,1246.5,1246.8,4144,0
2026-02-12 12:00:00+05:30,1247.0,1247.6,1246.8,1247.0,2511,0
2026-02-12 12:05:00+05:30,1247.1,1247.6,1247.0,1247.6,1777,0
2026-02-12 12:10:00+05:30,1247.6,1248.3,1247.2,1248.0,2324,0
2026-02-12 12:15:00+05:30,1248.0,1248.5,1247.4,1248.1,5798,0
2026-02-12 12:20:00+05:30,1248.0,1248.4,1247.6,1248.4,2361,0
2026-02-12 12:25:00+05:30,1248.4,1248.6,1248.0,1248.1,1893,0
2026-02-12 12:30:00+05:30,1248.3,1249.8,1248.1,1249.7,4450,0
2026-02-12 12:35:00+05:30,1249.7,1250.0,1248.0,1248.3,6381,0
2026-02-12 12:40:00+05:30,1248.3,1250.7,1248.3,1250.5,9100,0
2026-02-12 12:45:00+05:30,1250.5,1250.9,1250.0,1250.3,3803,0
2026-02-12 12:50:00+05:30,1250.2,1250.8,1249.6,1250.5,3074,0
2026-02-12 12:55:00+05:30,1250.5,1250.6,1248.1,1248.6,5049,0
2026-02-12 13:00:00+05:30,1248.6,1249.4,1248.1,1249.0,3461,0
2026-02-12 13:05:00+05:30,1249.0,1250.0,1248.9,1249.0,7053,0
2026-02-12 13:10:00+05:30,1249.0,1249.5,1248.2,1248.6,2091,0
2026-02-12 13:15:00+05:30,1248.6,1250.5,1248.3,1249.8,13829,0
2026-02-12 13:20:00+05:30,1249.8,1249.9,1247.3,1249.4,20732,0
2026-02-12 13:25:00+05:30,1249.3,1250.0,1247.6,1248.2,19047,0
2026-02-12 13:30:00+05:30,1248.2,1248.8,1246.7,1246.8,4283,0
2026-02-12 13:35:00+05:30,1246.7,1248.1,1246.7,1248.0,2319,0
2026-02-12 13:40:00+05:30,1248.0,1248.3,1246.5,1247.3,5281,0
2026-02-12 13:45:00+05:30,1247.3,1247.7,1245.0,1245.2,10460,0
2026-02-12 13:50:00+05:30,1245.2,1245.6,1243.8,1245.6,24905,0
2026-02-12 13:55:00+05:30,1245.2,1247.1,1244.6,1245.9,7075,0
2026-02-12 14:00:00+05:30,1245.4,1247.2,1245.0,1245.2,5788,0
2026-02-12 14:05:00+05:30,1245.6,1246.9,1245.1,1245.1,5204,0
2026-02-12 14:10:00+05:30,1245.5,1245.6,1244.2,1244.8,4221,0
2026-02-12 14:15:00+05:30,1244.8,1244.8,1243.3,1243.8,4265,0
2026-02-12 14:20:00+05:30,1243.8,1246.4,1243.5,1246.3,17446,0
2026-02-12 14:25:00+05:30,1246.4,1247.0,1245.1,1245.4,16068,0
2026-02-12 14:30:00+05:30,1245.1,1245.9,1245.1,1245.7,2955,0
2026-02-12 14:35:00+05:30,1245.7,1248.0,1245.6,1247.3,15740,0
2026-02-12 14:40:00+05:30,1247.3,1247.5,1244.8,1245.0,9181,0
2026-02-12 14:45:00+05:30,1245.3,1245.3,1241.2,1241.6,22550,0
2026-02-12 14:50:00+05:30,1241.6,1244.9,1241.5,1244.8,10902,0
2026-02-12 14:55:00+05:30,1244.8,1246.1,1244.4,1245.8,4644,0
2026-02-12 15:00:00+05:30,1245.8,1249.4,1245.4,1248.7,23864,0
2026-02-12 15:05:00+05:30,1248.7,1248.7,1247.2,1247.5,16178,0
2026-02-12 15:10:00+05:30,1247.3,1248.3,1246.2,1248.0,16415,0
2026-02-12 15:15:00+05:30,1248.0,1248.6,1247.1,1248.6,23705,0
2026-02-12 15:20:00+05:30,1248.6,1249.1,1247.5,1248.8,31366,0
2026-02-12 15:25:00+05:30,1248.7,1250.0,1247.0,1249.0,20359,0
2026-02-13 09:15:00+05:30,1240.0,1247.8,1237.0,1237.8,48507,0
2026-02-13 09:20:00+05:30,1237.8,1238.2,1232.1,1232.8,31073,0
2026-02-13 09:25:00+05:30,1232.7,1233.8,1229.9,1230.4,32142,0
2026-02-13 09:30:00+05:30,1230.5,1230.9,1226.5,1227.0,20962,0
2026-02-13 09:35:00+05:30,1226.6,1228.3,1225.4,1225.6,18859,0
2026-02-13 09:40:00+05:30,1225.7,1230.2,1225.4,1228.8,33701,0
2026-02-13 09:45:00+05:30,1228.8,1229.9,1226.8,1227.7,12373,0
2026-02-13 09:50:00+05:30,1227.7,1230.0,1226.9,1228.8,8163,0
2026-02-13 09:55:00+05:30,1228.9,1229.4,1226.9,1228.0,8271,0
2026-02-13 10:00:00+05:30,1228.3,1229.0,1226.0,1228.8,10853,0
2026-02-13 10:05:00+05:30,1228.4,1228.9,1225.4,1225.8,9598,0
2026-02-13 10:10:00+05:30,1226.0,1228.2,1225.7,1226.6,7551,0
2026-02-13 10:15:00+05:30,1226.5,1227.0,1225.2,1225.4,10224,0
2026-02-13 10:20:00+05:30,1225.6,1230.0,1225.5,1229.2,19105,0
2026-02-13 10:25:00+05:30,1229.2,1233.6,1228.5,1232.6,47252,0
2026-02-13 10:30:00+05:30,1232.8,1235.2,1232.4,1234.2,26310,0
2026-02-13 10:35:00+05:30,1234.3,1237.5,1233.8,1235.4,36510,0
2026-02-13 10:40:00+05:30,1235.5,1235.9,1233.6,1234.8,19457,0
2026-02-13 10:45:00+05:30,1234.9,1235.6,1233.0,1233.0,24544,0
2026-02-13 10:50:00+05:30,1233.3,1233.3,1230.0,1231.0,14771,0
2026-02-13 10:55:00+05:30,1231.0,1233.0,1230.5,1232.1,33252,0
2026-02-13 11:00:00+05:30,1232.0,1233.7,1230.8,1232.1,42224,0
2026-02-13 11:05:00+05:30,1232.0,1235.0,1231.9,1234.7,19057,0
2026-02-13 11:10:00+05:30,1234.7,1235.2,1234.3,1235.1,7061,0
2026-02-13 11:15:00+05:30,1235.1,1238.3,1234.4,1235.5,76229,0
2026-02-13 11:20:00+05:30,1235.2,1235.7,1234.0,1234.4,18239,0
2026-02-13 11:25:00+05:30,1234.3,1235.2,1233.7,1234.4,4340,0
2026-02-13 11:30:00+05:30,1234.4,1234.7,1233.1,1234.1,2242,0
2026-02-13 11:35:00+05:30,1234.3,1234.9,1234.1,1234.2,3893,0
2026-02-13 11:40:00+05:30,1234.5,1234.5,1233.3,1234.4,4154,0
2026-02-13 11:45:00+05:30,1234.0,1236.8,1234.0,1236.0,27527,0
2026-02-13 11:50:00+05:30,1236.1,1240.4,1236.0,1238.1,63345,0
2026-02-13 11:55:00+05:30,1238.1,1240.0,1236.1,1238.0,104266,0
2026-02-13 12:00:00+05:30,1237.5,1239.4,1237.4,1238.5,19563,0
2026-02-13 12:05:00+05:30,1238.5,1239.3,1237.0,1237.2,24586,0
2026-02-13 12:10:00+05:30,1237.5,1239.9,1236.8,1239.9,11322,0
2026-02-13 12:15:00+05:30,1239.9,1240.4,1238.9,1239.1,41558,0
2026-02-13 12:20:00+05:30,1239.1,1239.4,1238.2,1239.0,7333,0
2026-02-13 12:25:00+05:30,1239.0,1241.8,1238.8,1240.0,9135,0
2026-02-13 12:30:00+05:30,1240.2,1241.6,1239.4,1241.0,5106,0
2026-02-13 12:35:00+05:30,1241.2,1241.2,1239.7,1240.4,7812,0
2026-02-13 12:40:00+05:30,1240.4,1242.2,1240.1,1240.9,5804,0
2026-02-13 12:45:00+05:30,1240.9,1241.4,1239.7,1239.7,3887,0
2026-02-13 12:50:00+05:30,1239.7,1240.0,1239.0,1239.9,6090,0
2026-02-13 12:55:00+05:30,1239.9,1240.5,1239.1,1239.9,3530,0
2026-02-13 13:00:00+05:30,1239.9,1241.1,1239.0,1239.5,5930,0
2026-02-13 13:05:00+05:30,1239.1,1240.0,1238.8,1239.9,2767,0
2026-02-13 13:10:00+05:30,1239.9,1242.8,1239.8,1241.3,9169,0
2026-02-13 13:15:00+05:30,1241.7,1242.0,1241.3,1241.6,5597,0
2026-02-13 13:20:00+05:30,1242.0,1242.0,1239.1,1240.3,8078,0
2026-02-13 13:25:00+05:30,1240.3,1240.5,1239.3,1240.4,1451,0
2026-02-13 13:30:00+05:30,1240.4,1240.6,1238.9,1239.9,1346,0
2026-02-13 13:35:00+05:30,1239.9,1241.4,1239.9,1241.0,4498,0
2026-02-13 13:40:00+05:30,1241.0,1241.7,1240.4,1241.1,6320,0
2026-02-13 13:45:00+05:30,1240.8,1241.1,1237.0,1237.1,6356,0
2026-02-13 13:50:00+05:30,1237.6,1237.9,1236.0,1237.7,7053,0
2026-02-13 13:55:00+05:30,1237.8,1238.0,1237.5,1237.7,1518,0
2026-02-13 14:00:00+05:30,1237.6,1238.9,1237.3,1238.7,1792,0
2026-02-13 14:05:00+05:30,1238.7,1239.7,1237.5,1238.3,4182,0
2026-02-13 14:10:00+05:30,1238.3,1239.7,1237.6,1239.4,3099,0
2026-02-13 14:15:00+05:30,1239.4,1239.4,1238.9,1238.9,1530,0
2026-02-13 14:20:00+05:30,1239.1,1239.1,1237.9,1238.6,2440,0
2026-02-13 14:25:00+05:30,1238.6,1239.5,1238.4,1239.0,6368,0
2026-02-13 14:30:00+05:30,1239.0,1239.1,1236.6,1237.5,5301,0
2026-02-13 14:35:00+05:30,1237.5,1239.6,1236.9,1239.0,11394,0
2026-02-13 14:40:00+05:30,1238.9,1239.7,1238.3,1238.5,5696,0
2026-02-13 14:45:00+05:30,1238.4,1238.9,1237.7,1237.9,4721,0
2026-02-13 14:50:00+05:30,1237.9,1239.0,1237.5,1238.8,8584,0
2026-02-13 14:55:00+05:30,1238.8,1240.5,1238.0,1239.5,44124,0
2026-02-13 15:00:00+05:30,1239.1,1240.1,1235.3,1236.6,33140,0
2026-02-13 15:05:00+05:30,1236.7,1236.8,1233.5,1234.0,24968,0
2026-02-13 15:10:00+05:30,1234.1,1236.3,1233.4,1235.3,37065,0
2026-02-13 15:15:00+05:30,1235.2,1237.2,1234.3,1234.8,36742,0
2026-02-13 15:20:00+05:30,1234.6,1235.8,1233.8,1234.9,39950,0
2026-02-13 15:25:00+05:30,1234.9,1235.3,1227.3,1229.1,403734,0
2026-02-16 09:15:00+05:30,1229.9,1236.8,1226.5,1233.3,26743,0
2026-02-16 09:20:00+05:30,1233.1,1236.3,1231.2,1236.0,8594,0
2026-02-16 09:25:00+05:30,1236.8,1238.0,1233.1,1234.9,10459,0
2026-02-16 09:30:00+05:30,1234.6,1237.9,1234.6,1237.2,5523,0
2026-02-16 09:35:00+05:30,1236.8,1237.0,1234.5,1235.1,7616,0
2026-02-16 09:40:00+05:30,1234.7,1235.8,1232.9,1233.0,6644,0
2026-02-16 09:45:00+05:30,1233.6,1233.9,1232.4,1233.4,6183,0
2026-02-16 09:50:00+05:30,1233.1,1233.6,1231.5,1232.5,8442,0
2026-02-16 09:55:00+05:30,1232.5,1235.8,1231.9,1235.3,11705,0
2026-02-16 10:00:00+05:30,1235.2,1236.7,1234.8,1235.3,6009,0
2026-02-16 10:05:00+05:30,1235.4,1237.4,1234.7,1236.8,7750,0
2026-02-16 10:10:00+05:30,1236.8,1238.5,1236.4,1237.8,7955,0
2026-02-16 10:15:00+05:30,1237.7,1238.0,1236.5,1237.7,3177,0
2026-02-16 10:20:00+05:30,1237.3,1237.3,1235.1,1235.7,2981,0
2026-02-16 10:25:00+05:30,1235.1,1236.2,1235.0,1235.7,6720,0
2026-02-16 10:30:00+05:30,1235.7,1236.8,1235.3,1235.9,6470,0
2026-02-16 10:35:00+05:30,1235.9,1236.0,1234.0,1234.4,4637,0
2026-02-16 10:40:00+05:30,1234.4,1235.5,1234.3,1234.4,2646,0
2026-02-16 10:45:00+05:30,1234.4,1236.0,1234.3,1235.2,6693,0
2026-02-16 10:50:00+05:30,1234.9,1236.1,1234.3,1235.1,7305,0
2026-02-16 10:55:00+05:30,1235.1,1236.5,1234.3,1235.7,3590,0
2026-02-16 11:00:00+05:30,1235.7,1236.4,1234.6,1236.1,5046,0
2026-02-16 11:05:00+05:30,1236.1,1236.8,1234.9,1236.8,3552,0
2026-02-16 11:10:00+05:30,1236.2,1236.7,1235.6,1236.6,2453,0
2026-02-16 11:15:00+05:30,1236.6,1238.4,1236.0,1237.2,17149,0
2026-02-16 11:20:00+05:30,1237.6,1238.0,1236.7,1237.8,7379,0
2026-02-16 11:25:00+05:30,1238.0,1238.3,1235.5,1236.5,5601,0
2026-02-16 11:30:00+05:30,1236.0,1236.5,1235.7,1236.0,2532,0
2026-02-16 11:35:00+05:30,1236.0,1236.8,1235.0,1235.8,3340,0
2026-02-16 11:40:00+05:30,1236.2,1236.7,1235.1,1236.0,2750,0
2026-02-16 11:45:00+05:30,1235.5,1236.6,1235.1,1236.4,3059,0
2026-02-16 11:50:00+05:30,1236.4,1236.4,1235.5,1235.5,1158,0
2026-02-16 11:55:00+05:30,1235.8,1237.6,1235.3,1237.6,3835,0
2026-02-16 12:00:00+05:30,1237.6,1238.9,1237.3,1238.3,4579,0
2026-02-16 12:05:00+05:30,1238.5,1238.6,1235.8,1236.4,5856,0
2026-02-16 12:10:00+05:30,1237.1,1237.9,1236.4,1236.5,4448,0
2026-02-16 12:15:00+05:30,1236.9,1237.9,1236.4,1237.4,5334,0
2026-02-16 12:20:00+05:30,1237.4,1237.6,1234.0,1235.0,6351,0
2026-02-16 12:25:00+05:30,1235.0,1235.0,1234.0,1234.5,2467,0
2026-02-16 12:30:00+05:30,1235.0,1236.0,1234.5,1235.9,7164,0
2026-02-16 12:35:00+05:30,1235.9,1237.8,1235.3,1237.4,13056,0
2026-02-16 12:40:00+05:30,1237.4,1239.1,1237.4,1238.3,14103,0
2026-02-16 12:45:00+05:30,1238.3,1239.9,1238.0,1239.0,6167,0
2026-02-16 12:50:00+05:30,1239.0,1240.9,1238.6,1240.8,13559,0
2026-02-16 12:55:00+05:30,1240.8,1242.7,1240.5,1241.3,23220,0
2026-02-16 13:00:00+05:30,1241.3,1242.5,1241.1,1241.6,6825,0
2026-02-16 13:05:00+05:30,1241.6,1241.6,1240.6,1241.3,7375,0
2026-02-16 13:10:00+05:30,1241.6,1243.4,1241.4,1243.2,19669,0
2026-02-16 13:15:00+05:30,1243.3,1244.1,1241.5,1242.5,27965,0
2026-02-16 13:20:00+05:30,1242.5,1242.9,1241.9,1242.7,6273,0
2026-02-16 13:25:00+05:30,1242.7,1242.9,1242.2,1242.9,2734,0
2026-02-16 13:30:00+05:30,1242.8,1242.9,1241.3,1242.4,4117,0
2026-02-16 13:35:00+05:30,1242.4,1242.5,1241.1,1241.5,1858,0
2026-02-16 13:40:00+05:30,1241.8,1242.1,1241.3,1242.0,2618,0
2026-02-16 13:45:00+05:30,1241.5,1243.0,1241.5,1242.0,5778,0
2026-02-16 13:50:00+05:30,1242.0,1242.3,1241.0,1241.0,2042,0
2026-02-16 13:55:00+05:30,1241.2,1242.9,1240.2,1241.5,14056,0
2026-02-16 14:00:00+05:30,1241.5,1242.1,1240.9,1241.8,2224,0
2026-02-16 14:05:00+05:30,1241.4,1241.8,1240.2,1240.4,2022,0
2026-02-16 14:10:00+05:30,1240.4,1241.9,1240.0,1241.9,6022,0
2026-02-16 14:15:00+05:30,1241.9,1243.0,1241.4,1242.0,3521,0
2026-02-16 14:20:00+05:30,1242.0,1243.2,1241.6,1242.2,6592,0
2026-02-16 14:25:00+05:30,1242.2,1244.0,1241.7,1243.9,6248,0
2026-02-16 14:30:00+05:30,1243.9,1244.0,1242.5,1243.5,3736,0
2026-02-16 14:35:00+05:30,1243.5,1244.0,1242.6,1243.6,5264,0
2026-02-16 14:40:00+05:30,1243.3,1246.4,1243.2,1245.6,22964,0
2026-02-16 14:45:00+05:30,1245.6,1248.3,1244.5,1247.3,22286,0
2026-02-16 14:50:00+05:30,1247.4,1247.5,1246.1,1247.3,9399,0
2026-02-16 14:55:00+05:30,1247.3,1249.0,1247.3,1248.1,19815,0
2026-02-16 15:00:00+05:30,1248.1,1249.4,1247.4,1249.4,18537,0
2026-02-16 15:05:00+05:30,1249.4,1249.9,1248.6,1249.6,10633,0
2026-02-16 15:10:00+05:30,1249.5,1249.5,1247.7,1248.1,12640,0
2026-02-16 15:15:00+05:30,1248.0,1248.3,1247.0,1248.1,16846,0
2026-02-16 15:20:00+05:30,1248.1,1248.4,1247.2,1247.8,15526,0
2026-02-16 15:25:00+05:30,1247.8,1248.9,1247.0,1247.0,19480,0
2026-02-17 09:15:00+05:30,1246.0,1248.0,1237.1,1238.5,41739,0
2026-02-17 09:20:00+05:30,1238.0,1238.8,1234.4,1235.8,64452,0
2026-02-17 09:25:00+05:30,1236.7,1241.2,1235.2,1237.7,63319,0
2026-02-17 09:30:00+05:30,1237.7,1241.0,1236.1,1239.2,84186,0
2026-02-17 09:35:00+05:30,1239.5,1240.7,1236.5,1237.4,14964,0
2026-02-17 09:40:00+05:30,1237.4,1239.4,1235.4,1238.6,13702,0
2026-02-17 09:45:00+05:30,1238.5,1240.1,1236.8,1239.3,32876,0
2026-02-17 09:50:00+05:30,1239.2,1244.9,1238.0,1244.0,119845,0
2026-02-17 09:55:00+05:30,1243.5,1244.9,1240.8,1242.8,18247,0
2026-02-17 10:00:00+05:30,1242.1,1243.0,1240.4,1240.8,8504,0
2026-02-17 10:05:00+05:30,1240.4,1241.4,1238.4,1238.4,5774,0
2026-02-17 10:10:00+05:30,1238.3,1238.7,1236.3,1237.8,8510,0
2026-02-17 10:15:00+05:30,1237.5,1239.9,1236.7,1239.2,3733,0
2026-02-17 10:20:00+05:30,1239.2,1242.0,1239.2,1240.9,5698,0
2026-02-17 10:25:00+05:30,1240.9,1244.0,1240.9,1243.6,3121,0
2026-02-17 10:30:00+05:30,1243.3,1243.7,1241.4,1241.6,5122,0
2026-02-17 10:35:00+05:30,1241.2,1241.4,1239.4,1239.4,3079,0
2026-02-17 10:40:00+05:30,1239.6,1239.9,1235.8,1236.1,7863,0
2026-02-17 10:45:00+05:30,1236.1,1237.9,1235.0,1236.5,12091,0
2026-02-17 10:50:00+05:30,1236.4,1236.6,1234.4,1234.8,8956,0
2026-02-17 10:55:00+05:30,1234.8,1236.5,1234.7,1236.0,5533,0
2026-02-17 11:00:00+05:30,1235.9,1236.6,1234.6,1235.4,5918,0
2026-02-17 11:05:00+05:30,1235.4,1236.2,1233.2,1235.8,7645,0
2026-02-17 11:10:00+05:30,1235.8,1236.9,1234.9,1236.1,4499,0
2026-02-17 11:15:00+05:30,1236.3,1239.2,1236.2,1238.4,6195,0
2026-02-17 11:20:00+05:30,1238.4,1238.5,1236.8,1237.8,5724,0
2026-02-17 11:25:00+05:30,1237.8,1238.4,1237.1,1237.5,1098,0
2026-02-17 11:30:00+05:30,1237.9,1239.9,1237.5,1239.5,3407,0
2026-02-17 11:35:00+05:30,1239.6,1240.8,1238.8,1240.8,5131,0
2026-02-17 11:40:00+05:30,1240.9,1241.9,1239.7,1240.3,3124,0
2026-02-17 11:45:00+05:30,1240.8,1242.0,1240.3,1241.9,5212,0
2026-02-17 11:50:00+05:30,1241.9,1241.9,1240.4,1241.2,2300,0
2026-02-17 11:55:00+05:30,1241.2,1241.5,1240.0,1241.1,1970,0
2026-02-17 12:00:00+05:30,1241.5,1241.5,1240.3,1240.7,2300,0
2026-02-17 12:05:00+05:30,1240.3,1241.4,1239.8,1241.0,1379,0
2026-02-17 12:10:00+05:30,1241.0,1241.2,1240.3,1241.2,2660,0
2026-02-17 12:15:00+05:30,1241.2,1242.8,1241.2,1242.3,4883,0
2026-02-17 12:20:00+05:30,1242.3,1243.8,1241.1,1243.6,5082,0
2026-02-17 12:25:00+05:30,1243.6,1244.0,1242.9,1242.9,2233,0
2026-02-17 12:30:00+05:30,1243.3,1243.8,1242.8,1243.3,1043,0
2026-02-17 12:35:00+05:30,1243.3,1244.9,1242.9,1244.8,6762,0
2026-02-17 12:40:00+05:30,1244.8,1246.7,1243.5,1245.6,17103,0
2026-02-17 12:45:00+05:30,1246.2,1246.8,1245.2,1246.3,9395,0
2026-02-17 12:50:00+05:30,1246.3,1248.0,1245.1,1247.9,15507,0
2026-02-17 12:55:00+05:30,1247.9,1248.0,1244.9,1246.0,10149,0
2026-02-17 13:00:00+05:30,1245.8,1246.3,1242.0,1242.2,5723,0
2026-02-17 13:05:00+05:30,1242.2,1246.3,1241.8,1246.0,17891,0
2026-02-17 13:10:00+05:30,1245.9,1246.2,1244.9,1245.6,18043,0
2026-02-17 13:15:00+05:30,1245.2,1245.6,1244.3,1244.7,3863,0
2026-02-17 13:20:00+05:30,1244.5,1244.9,1240.7,1242.8,14794,0
2026-02-17 13:25:00+05:30,1242.5,1244.0,1242.3,1243.8,3447,0
2026-02-17 13:30:00+05:30,1243.8,1245.0,1243.8,1244.8,4554,0
2026-02-17 13:35:00+05:30,1244.4,1245.0,1243.2,1243.7,3859,0
2026-02-17 13:40:00+05:30,1243.7,1244.7,1243.7,1243.9,3782,0
2026-02-17 13:45:00+05:30,1243.9,1243.9,1242.8,1243.4,4427,0
2026-02-17 13:50:00+05:30,1243.4,1243.4,1242.3,1242.5,4342,0
2026-02-17 13:55:00+05:30,1242.5,1242.5,1239.7,1240.5,15300,0
2026-02-17 14:00:00+05:30,1240.5,1243.1,1239.9,1243.0,17162,0
2026-02-17 14:05:00+05:30,1243.0,1243.1,1242.0,1242.2,4143,0
2026-02-17 14:10:00+05:30,1242.2,1242.6,1239.7,1240.1,18302,0
2026-02-17 14:15:00+05:30,1240.1,1242.7,1239.7,1241.7,27519,0
2026-02-17 14:20:00+05:30,1241.7,1244.0,1241.0,1241.7,21572,0
2026-02-17 14:25:00+05:30,1241.6,1242.3,1241.0,1241.3,4355,0
2026-02-17 14:30:00+05:30,1241.2,1242.1,1240.1,1241.9,5402,0
2026-02-17 14:35:00+05:30,1241.9,1244.9,1241.9,1244.4,24667,0
2026-02-17 14:40:00+05:30,1244.4,1244.8,1242.7,1243.6,24874,0
2026-02-17 14:45:00+05:30,1243.6,1243.7,1241.7,1242.7,6155,0
2026-02-17 14:50:00+05:30,1242.7,1244.0,1242.7,1243.3,7115,0
2026-02-17 14:55:00+05:30,1243.2,1243.8,1241.9,1242.9,18915,0
2026-02-17 15:00:00+05:30,1243.2,1246.8,1243.2,1245.2,27070,0
2026-02-17 15:05:00+05:30,1245.3,1246.1,1244.6,1245.8,14511,0
2026-02-17 15:10:00+05:30,1245.9,1246.0,1244.1,1244.9,25598,0
2026-02-17 15:15:00+05:30,1245.0,1245.0,1244.1,1244.6,19588,0
2026-02-17 15:20:00+05:30,1244.6,1245.2,1243.3,1243.3,53603,0
2026-02-17 15:25:00+05:30,1243.4,1244.6,1241.4,1241.5,32438,0
2026-02-18 09:15:00+05:30,1244.6,1252.1,1244.2,1251.8,27499,0
2026-02-18 09:20:00+05:30,1251.8,1254.6,1249.9,1253.0,31587,0
2026-02-18 09:25:00+05:30,1253.0,1257.0,1252.3,1256.5,35299,0
2026-02-18 09:30:00+05:30,1256.9,1261.0,1256.6,1260.8,57997,0
2026-02-18 09:35:00+05:30,1260.8,1261.2,1258.5,1260.7,28245,0
2026-02-18 09:40:00+05:30,1260.7,1264.0,1260.1,1261.3,42966,0
2026-02-18 09:45:00+05:30,1261.4,1262.1,1258.0,1258.7,27999,0
2026-02-18 09:50:00+05:30,1258.3,1258.8,1255.0,1256.4,19352,0
2026-02-18 09:55:00+05:30,1256.4,1256.4,1252.3,1253.7,22441,0
2026-02-18 10:00:00+05:30,1253.7,1255.6,1252.5,1255.0,10123,0
2026-02-18 10:05:00+05:30,1255.4,1257.3,1254.7,1256.5,16865,0
2026-02-18 10:10:00+05:30,1256.6,1256.6,1254.1,1255.5,10664,0
2026-02-18 10:15:00+05:30,1255.7,1256.5,1254.1,1256.5,9605,0
2026-02-18 10:20:00+05:30,1256.9,1258.3,1256.5,1257.9,9988,0
2026-02-18 10:25:00+05:30,1257.9,1257.9,1255.1,1256.9,11420,0
2026-02-18 10:30:00+05:30,1256.8,1258.8,1256.8,1257.3,51740,0
2026-02-18 10:35:00+05:30,1257.3,1259.7,1257.1,1258.2,15519,0
2026-02-18 10:40:00+05:30,1258.4,1259.5,1258.2,1259.4,8440,0
2026-02-18 10:45:00+05:30,1259.4,1259.9,1258.2,1259.1,10203,0
2026-02-18 10:50:00+05:30,1258.9,1259.1,1258.3,1258.9,5344,0
2026-02-18 10:55:00+05:30,1258.9,1260.0,1258.4,1259.5,11652,0
2026-02-18 11:00:00+05:30,1259.7,1259.8,1256.2,1256.9,10553,0
2026-02-18 11:05:00+05:30,1256.9,1257.8,1255.9,1257.8,13526,0
2026-02-18 11:10:00+05:30,1257.8,1257.8,1256.7,1257.2,5295,0
2026-02-18 11:15:00+05:30,1257.2,1257.6,1255.1,1255.6,7909,0
2026-02-18 11:20:00+05:30,1255.6,1256.7,1255.1,1255.5,5077,0
2026-02-18 11:25:00+05:30,1255.7,1256.0,1255.0,1255.4,3869,0
2026-02-18 11:30:00+05:30,1255.5,1257.4,1255.5,1257.2,6860,0
2026-02-18 11:35:00+05:30,1257.4,1258.1,1255.0,1256.0,11510,0
2026-02-18 11:40:00+05:30,1256.0,1256.5,1254.4,1255.3,8398,0
2026-02-18 11:45:00+05:30,1255.4,1257.3,1255.1,1256.0,3319,0
2026-02-18 11:50:00+05:30,1256.0,1257.3,1255.8,1257.2,3723,0
2026-02-18 11:55:00+05:30,1257.1,1257.8,1255.8,1255.9,3792,0
2026-02-18 12:00:00+05:30,1255.9,1257.7,1255.9,1255.9,5047,0
2026-02-18 12:05:00+05:30,1255.9,1257.0,1255.9,1256.6,2589,0
2026-02-18 12:10:00+05:30,1256.5,1256.9,1255.1,1256.1,5106,0
2026-02-18 12:15:00+05:30,1256.2,1257.5,1255.5,1256.0,6863,0
2026-02-18 12:20:00+05:30,1256.0,1257.3,1255.6,1257.2,2525,0
2026-02-18 12:25:00+05:30,1257.0,1257.2,1253.2,1254.4,15470,0
2026-02-18 12:30:00+05:30,1254.4,1254.7,1250.3,1251.7,31135,0
2026-02-18 12:35:00+05:30,1252.3,1252.4,1251.5,1251.6,8583,0
2026-02-18 12:40:00+05:30,1251.6,1253.1,1251.5,1252.5,15036,0
2026-02-18 12:45:00+05:30,1252.5,1252.5,1249.7,1250.9,28690,0
2026-02-18 12:50:00+05:30,1250.9,1251.4,1249.3,1251.1,20096,0
2026-02-18 12:55:00+05:30,1250.9,1252.6,1250.6,1251.5,7958,0
2026-02-18 13:00:00+05:30,1251.5,1252.2,1249.5,1251.1,21353,0
2026-02-18 13:05:00+05:30,1251.2,1251.5,1248.2,1249.5,17453,0
2026-02-18 13:10:00+05:30,1249.5,1251.5,1248.9,1251.0,14372,0
2026-02-18 13:15:00+05:30,1251.3,1252.1,1250.7,1251.3,5482,0
2026-02-18 13:20:00+05:30,1251.3,1251.9,1250.9,1251.7,6342,0
2026-02-18 13:25:00+05:30,1251.7,1253.2,1251.1,1253.1,7947,0
2026-02-18 13:30:00+05:30,1253.1,1253.9,1252.6,1253.3,9052,0
2026-02-18 13:35:00+05:30,1253.3,1253.9,1252.6,1252.8,7214,0
2026-02-18 13:40:00+05:30,1252.8,1253.3,1251.8,1252.9,11063,0
2026-02-18 13:45:00+05:30,1252.9,1253.4,1251.9,1251.9,12520,0
2026-02-18 13:50:00+05:30,1251.9,1254.0,1251.2,1251.5,25174,0
2026-02-18 13:55:00+05:30,1251.5,1253.7,1251.2,1252.6,20908,0
2026-02-18 14:00:00+05:30,1252.6,1253.9,1252.2,1253.0,9427,0
2026-02-18 14:05:00+05:30,1253.0,1253.4,1250.4,1252.6,53049,0
2026-02-18 14:10:00+05:30,1252.6,1253.6,1252.2,1253.1,24029,0
2026-02-18 14:15:00+05:30,1253.1,1254.0,1252.2,1253.2,65302,0
2026-02-18 14:20:00+05:30,1253.2,1253.8,1252.4,1252.6,27855,0
2026-02-18 14:25:00+05:30,1252.6,1253.0,1252.2,1252.8,10513,0
2026-02-18 14:30:00+05:30,1252.8,1253.0,1252.2,1252.5,16377,0
2026-02-18 14:35:00+05:30,1252.3,1253.0,1251.9,1252.3,11946,0
2026-02-18 14:40:00+05:30,1252.2,1252.4,1249.0,1249.8,15786,0
2026-02-18 14:45:00+05:30,1250.0,1251.1,1249.6,1251.1,15868,0
2026-02-18 14:50:00+05:30,1251.1,1251.6,1250.3,1251.0,8472,0
2026-02-18 14:55:00+05:30,1251.0,1252.6,1250.8,1251.7,12698,0
2026-02-18 15:00:00+05:30,1251.8,1254.0,1251.8,1252.4,22446,0
2026-02-18 15:05:00+05:30,1252.0,1252.7,1251.1,1252.0,20958,0
2026-02-18 15:10:00+05:30,1252.5,1252.5,1249.9,1250.5,46471,0
2026-02-18 15:15:00+05:30,1250.3,1251.8,1249.8,1251.5,55248,0
2026-02-18 15:20:00+05:30,1251.3,1251.5,1249.8,1250.9,50308,0
2026-02-18 15:25:00+05:30,1250.8,1254.7,1250.0,1253.0,66184,0
2026-02-19 09:15:00+05:30,1252.0,1255.5,1247.8,1253.2,34742,0
2026-02-19 09:20:00+05:30,1253.0,1253.7,1251.2,1253.2,7704,0
2026-02-19 09:25:00+05:30,1253.1,1253.9,1249.3,1250.0,11628,0
2026-02-19 09:30:00+05:30,1250.0,1251.5,1250.0,1250.4,5206,0
2026-02-19 09:35:00+05:30,1250.4,1251.9,1248.0,1248.4,8829,0
2026-02-19 09:40:00+05:30,1249.0,1249.1,1246.8,1248.3,7568,0
2026-02-19 09:45:00+05:30,1248.3,1250.3,1247.3,1248.3,6717,0
2026-02-19 09:50:00+05:30,1248.3,1248.6,1245.0,1245.0,7325,0
2026-02-19 09:55:00+05:30,1245.3,1245.3,1242.6,1243.9,9747,0
2026-02-19 10:00:00+05:30,1243.5,1243.5,1239.7,1241.9,21279,0
2026-02-19 10:05:00+05:30,1241.9,1241.9,1237.5,1239.2,20157,0
2026-02-19 10:10:00+05:30,1239.1,1239.3,1237.1,1237.7,7768,0
2026-02-19 10:15:00+05:30,1237.7,1238.3,1237.0,1237.7,7404,0
2026-02-19 10:20:00+05:30,1237.6,1237.6,1234.1,1234.3,13175,0
2026-02-19 10:25:00+05:30,1234.6,1236.4,1234.0,1235.0,7770,0
2026-02-19 10:30:00+05:30,1235.4,1237.1,1234.5,1235.7,6682,0
2026-02-19 10:35:00+05:30,1235.7,1235.7,1233.4,1234.2,4347,0
2026-02-19 10:40:00+05:30,1234.2,1235.7,1233.0,1234.9,5275,0
2026-02-19 10:45:00+05:30,1234.9,1235.4,1233.2,1233.3,9723,0
2026-02-19 10:50:00+05:30,1233.8,1234.5,1231.9,1234.3,9764,0
2026-02-19 10:55:00+05:30,1234.3,1238.0,1233.1,1236.7,12724,0
2026-02-19 11:00:00+05:30,1236.9,1238.2,1235.8,1236.0,12111,0
2026-02-19 11:05:00+05:30,1236.0,1236.3,1234.4,1235.1,5114,0
2026-02-19 11:10:00+05:30,1235.3,1236.8,1235.3,1236.0,2539,0
2026-02-19 11:15:00+05:30,1235.9,1238.5,1234.3,1238.5,20701,0
2026-02-19 11:20:00+05:30,1238.5,1240.5,1237.6,1238.5,28127,0
2026-02-19 11:25:00+05:30,1238.5,1238.9,1236.9,1237.5,2166,0
2026-02-19 11:30:00+05:30,1237.5,1238.0,1237.0,1237.1,2119,0
2026-02-19 11:35:00+05:30,1237.6,1239.1,1236.1,1238.7,14162,0
2026-02-19 11:40:00+05:30,1238.1,1238.8,1238.0,1238.6,1505,0
2026-02-19 11:45:00+05:30,1238.6,1238.9,1237.5,1237.5,6007,0
2026-02-19 11:50:00+05:30,1237.5,1237.7,1235.2,1235.4,14705,0
2026-02-19 11:55:00+05:30,1235.9,1235.9,1234.9,1235.9,3139,0
2026-02-19 12:00:00+05:30,1235.6,1236.2,1234.2,1235.1,2378,0
2026-02-19 12:05:00+05:30,1235.1,1236.3,1234.5,1235.4,2657,0
2026-02-19 12:10:00+05:30,1235.1,1235.2,1234.0,1234.8,2096,0
2026-02-19 12:15:00+05:30,1234.7,1238.6,1234.4,1236.8,10374,0
2026-02-19 12:20:00+05:30,1236.8,1238.5,1236.8,1237.4,1756,0
2026-02-19 12:25:00+05:30,1236.9,1236.9,1235.6,1236.2,1104,0
2026-02-19 12:30:00+05:30,1236.4,1237.6,1235.2,1236.0,4006,0
2026-02-19 12:35:00+05:30,1236.0,1237.3,1234.7,1236.0,13628,0
2026-02-19 12:40:00+05:30,1235.7,1236.5,1234.7,1235.8,33663,0
2026-02-19 12:45:00+05:30,1235.7,1236.2,1235.2,1235.6,3368,0
2026-02-19 12:50:00+05:30,1235.6,1236.9,1235.5,1236.8,2924,0
2026-02-19 12:55:00+05:30,1236.8,1236.8,1236.0,1236.4,575,0
2026-02-19 13:00:00+05:30,1236.4,1236.7,1235.4,1236.4,1931,0
2026-02-19 13:05:00+05:30,1236.4,1238.2,1236.2,1238.2,4615,0
2026-02-19 13:10:00+05:30,1238.2,1238.8,1236.6,1237.9,21785,0
2026-02-19 13:15:00+05:30,1237.9,1237.9,1235.2,1236.1,3544,0
2026-02-19 13:20:00+05:30,1236.1,1237.9,1236.0,1237.0,2041,0
2026-02-19 13:25:00+05:30,1237.1,1237.5,1236.4,1236.9,946,0
2026-02-19 13:30:00+05:30,1236.9,1236.9,1233.1,1233.2,25205,0
2026-02-19 13:35:00+05:30,1233.2,1234.1,1231.0,1233.4,28416,0
2026-02-19 13:40:00+05:30,1233.4,1234.5,1232.7,1232.7,5188,0
2026-02-19 13:45:00+05:30,1233.2,1233.9,1231.2,1231.9,15270,0
2026-02-19 13:50:00+05:30,1231.6,1233.0,1231.6,1232.2,3178,0
2026-02-19 13:55:00+05:30,1232.2,1232.6,1232.0,1232.0,3165,0
2026-02-19 14:00:00+05:30,1232.0,1232.6,1231.5,1232.0,2413,0
2026-02-19 14:05:00+05:30,1232.0,1232.6,1231.4,1232.0,2588,0
2026-02-19 14:10:00+05:30,1232.0,1232.7,1231.4,1232.3,3988,0
2026-02-19 14:15:00+05:30,1232.0,1235.3,1232.0,1235.0,18360,0
2026-02-19 14:20:00+05:30,1235.1,1236.0,1233.1,1233.1,17295,0
2026-02-19 14:25:00+05:30,1233.1,1233.5,1231.2,1232.0,4018,0
2026-02-19 14:30:00+05:30,1232.0,1232.7,1232.0,1232.0,3670,0
2026-02-19 14:35:00+05:30,1232.2,1233.9,1232.1,1233.0,2620,0
2026-02-19 14:40:00+05:30,1233.0,1233.7,1232.3,1232.8,7532,0
2026-02-19 14:45:00+05:30,1232.3,1232.8,1226.0,1227.4,68549,0
2026-02-19 14:50:00+05:30,1227.4,1230.5,1226.3,1230.3,8473,0
2026-02-19 14:55:00+05:30,1229.3,1233.4,1229.2,1232.0,8041,0
2026-02-19 15:00:00+05:30,1232.0,1232.2,1230.0,1230.7,24260,0
2026-02-19 15:05:00+05:30,1231.0,1231.7,1228.1,1230.5,15662,0
2026-02-19 15:10:00+05:30,1230.5,1232.6,1229.6,1230.0,26162,0
2026-02-19 15:15:00+05:30,1230.0,1230.8,1227.0,1227.1,23116,0
2026-02-19 15:20:00+05:30,1227.0,1228.7,1225.0,1226.4,29799,0
2026-02-19 15:25:00+05:30,1226.3,1226.4,1223.1,1225.1,26162,0
2026-02-20 09:15:00+05:30,1230.5,1234.5,1225.1,1229.3,25634,0
2026-02-20 09:20:00+05:30,1229.3,1229.3,1226.6,1226.7,3923,0
2026-02-20 09:25:00+05:30,1226.5,1228.3,1223.1,1223.6,20795,0
2026-02-20 09:30:00+05:30,1223.3,1229.8,1222.6,1228.7,8467,0
2026-02-20 09:35:00+05:30,1228.6,1229.9,1226.6,1228.4,7789,0
2026-02-20 09:40:00+05:30,1228.1,1233.5,1227.1,1232.8,15312,0
2026-02-20 09:45:00+05:30,1232.8,1234.9,1231.5,1232.1,11918,0
2026-02-20 09:50:00+05:30,1232.1,1233.4,1231.3,1232.3,3987,0
2026-02-20 09:55:00+05:30,1232.0,1233.7,1231.3,1233.7,11844,0
2026-02-20 10:00:00+05:30,1233.7,1233.9,1232.5,1233.0,6682,0
2026-02-20 10:05:00+05:30,1233.0,1233.5,1230.0,1230.9,7598,0
2026-02-20 10:10:00+05:30,1230.4,1231.8,1228.9,1231.5,34478,0
2026-02-20 10:15:00+05:30,1231.2,1234.2,1231.2,1234.1,5647,0
2026-02-20 10:20:00+05:30,1234.0,1235.3,1233.4,1234.2,5149,0
2026-02-20 10:25:00+05:30,1234.0,1236.0,1234.0,1234.2,7415,0
2026-02-20 10:30:00+05:30,1234.2,1237.0,1234.2,1236.6,9965,0
2026-02-20 10:35:00+05:30,1236.6,1238.0,1235.9,1237.2,15433,0
2026-02-20 10:40:00+05:30,1237.2,1238.9,1237.2,1238.8,4392,0
2026-02-20 10:45:00+05:30,1238.8,1241.8,1238.4,1240.4,33165,0
2026-02-20 10:50:00+05:30,1240.8,1240.8,1239.9,1240.6,1998,0
2026-02-20 10:55:00+05:30,1240.5,1242.5,1240.5,1241.9,11783,0
2026-02-20 11:00:00+05:30,1242.1,1242.6,1239.1,1241.1,25720,0
2026-02-20 11:05:00+05:30,1241.1,1242.2,1240.8,1242.1,2679,0
2026-02-20 11:10:00+05:30,1242.2,1243.3,1241.2,1242.3,4147,0
2026-02-20 11:15:00+05:30,1242.3,1245.0,1241.9,1243.7,9005,0
2026-02-20 11:20:00+05:30,1244.2,1244.9,1243.7,1244.3,3946,0
2026-02-20 11:25:00+05:30,1244.3,1246.4,1243.9,1246.1,10261,0
2026-02-20 11:30:00+05:30,1246.0,1247.6,1245.6,1246.7,17419,0
2026-02-20 11:35:00+05:30,1246.8,1246.9,1244.6,1245.5,4397,0
2026-02-20 11:40:00+05:30,1246.1,1246.5,1244.7,1246.3,5939,0
2026-02-20 11:45:00+05:30,1246.3,1250.0,1246.0,1247.3,16439,0
2026-02-20 11:50:00+05:30,1247.3,1248.8,1247.0,1248.4,6018,0
2026-02-20 11:55:00+05:30,1248.4,1250.1,1247.4,1249.5,10094,0
2026-02-20 12:00:00+05:30,1249.5,1249.8,1247.2,1248.6,4477,0
2026-02-20 12:05:00+05:30,1248.6,1249.0,1248.0,1248.9,2266,0
2026-02-20 12:10:00+05:30,1248.9,1250.3,1248.6,1249.0,8557,0
2026-02-20 12:15:00+05:30,1249.0,1251.0,1248.9,1250.6,6596,0
2026-02-20 12:20:00+05:30,1250.9,1252.8,1250.9,1252.5,4021,0
2026-02-20 12:25:00+05:30,1252.5,1253.0,1251.7,1252.6,7367,0
2026-02-20 12:30:00+05:30,1252.6,1253.0,1250.1,1251.3,9482,0
2026-02-20 12:35:00+05:30,1251.3,1251.9,1250.7,1251.4,2973,0
2026-02-20 12:40:00+05:30,1251.4,1251.6,1248.7,1249.0,4105,0
2026-02-20 12:45:00+05:30,1249.5,1250.7,1248.9,1249.7,11651,0
2026-02-20 12:50:00+05:30,1249.6,1249.8,1249.0,1249.8,1798,0
2026-02-20 12:55:00+05:30,1249.8,1250.8,1248.5,1250.2,4798,0
2026-02-20 13:00:00+05:30,1250.2,1250.2,1247.2,1248.1,9473,0
2026-02-20 13:05:00+05:30,1248.1,1248.1,1246.8,1246.8,8716,0
2026-02-20 13:10:00+05:30,1246.9,1247.6,1245.3,1246.6,7107,0
2026-02-20 13:15:00+05:30,1246.9,1246.9,1245.4,1245.9,4241,0
2026-02-20 13:20:00+05:30,1246.1,1246.5,1245.1,1246.0,8749,0
2026-02-20 13:25:00+05:30,1246.0,1246.2,1245.0,1245.1,4609,0
2026-02-20 13:30:00+05:30,1245.4,1245.6,1243.9,1244.9,11553,0
2026-02-20 13:35:00+05:30,1244.9,1246.4,1244.4,1244.6,5540,0
2026-02-20 13:40:00+05:30,1245.2,1245.6,1243.0,1244.5,6298,0
2026-02-20 13:45:00+05:30,1244.6,1246.0,1244.5,1245.1,6758,0
2026-02-20 13:50:00+05:30,1245.3,1245.7,1244.7,1245.5,4535,0
2026-02-20 13:55:00+05:30,1245.4,1247.0,1244.9,1246.3,4210,0
2026-02-20 14:00:00+05:30,1246.7,1246.8,1246.0,1246.5,4727,0
2026-02-20 14:05:00+05:30,1246.6,1247.8,1246.3,1247.2,9425,0
2026-02-20 14:10:00+05:30,1247.2,1247.9,1247.0,1247.5,4656,0
2026-02-20 14:15:00+05:30,1247.5,1250.4,1247.0,1250.3,8394,0
2026-02-20 14:20:00+05:30,1250.2,1250.5,1249.6,1250.2,8025,0
2026-02-20 14:25:00+05:30,1250.1,1250.1,1248.9,1249.5,6408,0
2026-02-20 14:30:00+05:30,1249.5,1249.5,1247.5,1248.9,6102,0
2026-02-20 14:35:00+05:30,1248.9,1250.3,1247.1,1249.1,14249,0
2026-02-20 14:40:00+05:30,1249.1,1249.8,1248.1,1249.4,8905,0
2026-02-20 14:45:00+05:30,1249.4,1252.4,1248.8,1252.0,9775,0
2026-02-20 14:50:00+05:30,1252.0,1252.0,1248.6,1249.1,7105,0
2026-02-20 14:55:00+05:30,1249.4,1249.6,1248.3,1249.5,5945,0
2026-02-20 15:00:00+05:30,1249.6,1250.0,1244.5,1244.9,22520,0
2026-02-20 15:05:00+05:30,1244.9,1245.8,1240.3,1241.7,34815,0
2026-02-20 15:10:00+05:30,1241.7,1241.7,1236.0,1236.0,43848,0
2026-02-20 15:15:00+05:30,1236.1,1237.2,1232.6,1234.6,47485,0
2026-02-20 15:20:00+05:30,1235.1,1235.1,1230.4,1231.1,46157,0
2026-02-20 15:25:00+05:30,1231.4,1236.1,1227.0,1232.0,68574,0
2026-02-23 09:15:00+05:30,1240.0,1242.0,1233.1,1240.9,23072,0
2026-02-23 09:20:00+05:30,1240.9,1242.3,1240.2,1241.4,11585,0
2026-02-23 09:25:00+05:30,1241.4,1243.1,1240.5,1241.5,16543,0
2026-02-23 09:30:00+05:30,1242.2,1244.6,1241.6,1243.6,9993,0
2026-02-23 09:35:00+05:30,1243.6,1247.2,1243.4,1246.0,11461,0
2026-02-23 09:40:00+05:30,1245.9,1246.9,1244.8,1245.0,6881,0
2026-02-23 09:45:00+05:30,1245.0,1245.6,1243.2,1244.8,4769,0
2026-02-23 09:50:00+05:30,1245.0,1245.1,1242.1,1243.8,4656,0
2026-02-23 09:55:00+05:30,1243.9,1245.9,1243.4,1244.7,4169,0
2026-02-23 10:00:00+05:30,1244.7,1246.6,1244.1,1245.6,5741,0
2026-02-23 10:05:00+05:30,1245.3,1246.0,1243.1,1245.1,7678,0
2026-02-23 10:10:00+05:30,1244.8,1245.5,1243.7,1244.5,3344,0
2026-02-23 10:15:00+05:30,1244.9,1246.4,1244.5,1245.2,3575,0
2026-02-23 10:20:00+05:30,1245.4,1246.0,1244.1,1244.8,4097,0
2026-02-23 10:25:00+05:30,1244.8,1246.0,1244.5,1246.0,4839,0
2026-02-23 10:30:00+05:30,1246.0,1248.0,1245.7,1247.4,11608,0
2026-02-23 10:35:00+05:30,1247.6,1248.0,1243.7,1244.3,9476,0
2026-02-23 10:40:00+05:30,1244.3,1244.9,1243.8,1244.6,7809,0
2026-02-23 10:45:00+05:30,1244.5,1245.0,1243.7,1244.8,11945,0
2026-02-23 10:50:00+05:30,1244.7,1246.3,1244.6,1245.4,5759,0
2026-02-23 10:55:00+05:30,1245.4,1245.4,1244.3,1244.5,2582,0
2026-02-23 11:00:00+05:30,1244.3,1244.8,1239.7,1239.9,12747,0
2026-02-23 11:05:00+05:30,1239.7,1240.3,1236.0,1240.0,25023,0
2026-02-23 11:10:00+05:30,1239.9,1240.3,1238.5,1240.0,6535,0
2026-02-23 11:15:00+05:30,1240.1,1240.3,1238.6,1239.4,3389,0
2026-02-23 11:20:00+05:30,1239.4,1240.0,1237.2,1237.7,17187,0
2026-02-23 11:25:00+05:30,1237.6,1237.7,1236.4,1237.1,5112,0
2026-02-23 11:30:00+05:30,1236.6,1236.6,1235.0,1235.1,6703,0
2026-02-23 11:35:00+05:30,1235.0,1235.6,1234.2,1234.7,7113,0
2026-02-23 11:40:00+05:30,1234.7,1236.4,1233.9,1236.3,5126,0
2026-02-23 11:45:00+05:30,1236.2,1236.4,1232.5,1233.0,7087,0
2026-02-23 11:50:00+05:30,1232.9,1234.0,1232.1,1233.5,4487,0
2026-02-23 11:55:00+05:30,1233.3,1233.9,1228.3,1229.4,12139,0
2026-02-23 12:00:00+05:30,1229.3,1231.0,1228.6,1230.5,7528,0
2026-02-23 12:05:00+05:30,1230.7,1232.9,1230.5,1232.5,5318,0
2026-02-23 12:10:00+05:30,1232.8,1233.0,1231.6,1233.0,5834,0
2026-02-23 12:15:00+05:30,1233.0,1234.1,1231.8,1233.8,5875,0
2026-02-23 12:20:00+05:30,1233.3,1238.6,1233.3,1237.4,10586,0
2026-02-23 12:25:00+05:30,1237.4,1237.5,1235.6,1236.3,2710,0
2026-02-23 12:30:00+05:30,1236.3,1238.0,1235.6,1237.9,3072,0
2026-02-23 12:35:00+05:30,1237.8,1237.8,1237.0,1237.8,2085,0
2026-02-23 12:40:00+05:30,1237.7,1239.9,1237.3,1239.8,7346,0
2026-02-23 12:45:00+05:30,1239.4,1240.0,1237.6,1238.6,5855,0
2026-02-23 12:50:00+05:30,1238.6,1240.0,1237.0,1237.3,4411,0
2026-02-23 12:55:00+05:30,1237.3,1238.1,1236.3,1236.6,3855,0
2026-02-23 13:00:00+05:30,1236.9,1237.0,1235.6,1236.5,2628,0
2026-02-23 13:05:00+05:30,1236.4,1237.7,1236.3,1237.5,956,0
2026-02-23 13:10:00+05:30,1237.5,1237.7,1235.7,1235.8,4222,0
2026-02-23 13:15:00+05:30,1235.6,1237.3,1234.0,1237.0,9363,0
2026-02-23 13:20:00+05:30,1236.9,1237.3,1235.5,1237.2,2549,0
2026-02-23 13:25:00+05:30,1236.6,1238.8,1236.6,1238.2,3574,0
2026-02-23 13:30:00+05:30,1238.4,1239.0,1237.5,1237.6,2198,0
2026-02-23 13:35:00+05:30,1237.5,1238.0,1236.4,1237.9,3677,0
2026-02-23 13:40:00+05:30,1237.8,1238.9,1237.3,1238.8,1672,0
2026-02-23 13:45:00+05:30,1238.6,1239.3,1238.0,1238.8,2381,0
2026-02-23 13:50:00+05:30,1238.8,1239.3,1237.1,1238.1,3084,0
2026-02-23 13:55:00+05:30,1238.0,1238.0,1236.2,1237.0,941,0
2026-02-23 14:00:00+05:30,1237.0,1237.8,1235.0,1237.1,11428,0
2026-02-23 14:05:00+05:30,1237.8,1239.1,1235.9,1237.9,11458,0
2026-02-23 14:10:00+05:30,1237.5,1238.3,1236.7,1237.3,17073,0
2026-02-23 14:15:00+05:30,1237.3,1238.6,1235.8,1238.3,10443,0
2026-02-23 14:20:00+05:30,1238.5,1238.9,1236.8,1238.4,12924,0
2026-02-23 14:25:00+05:30,1238.4,1239.7,1236.7,1239.4,12742,0
2026-02-23 14:30:00+05:30,1239.4,1240.4,1238.9,1239.9,17099,0
2026-02-23 14:35:00+05:30,1239.9,1240.1,1238.3,1239.0,26142,0
2026-02-23 14:40:00+05:30,1239.1,1239.5,1236.8,1237.8,18400,0
2026-02-23 14:45:00+05:30,1238.3,1240.3,1237.0,1240.2,19737,0
2026-02-23 14:50:00+05:30,1240.2,1240.2,1238.8,1239.7,15970,0
2026-02-23 14:55:00+05:30,1239.7,1240.2,1238.9,1239.8,13267,0
2026-02-23 15:00:00+05:30,1239.7,1241.6,1239.7,1240.6,40200,0
2026-02-23 15:05:00+05:30,1240.6,1240.9,1239.3,1240.1,35194,0
2026-02-23 15:10:00+05:30,1240.1,1241.6,1239.8,1240.9,25851,0
2026-02-23 15:15:00+05:30,1240.9,1241.3,1239.3,1241.0,46653,0
2026-02-23 15:20:00+05:30,1241.0,1241.7,1240.6,1241.5,37443,0
2026-02-23 15:25:00+05:30,1241.3,1243.5,1238.5,1239.5,29973,0
2026-02-24 09:15:00+05:30,1230.2,1245.0,1230.2,1244.0,30728,0
2026-02-24 09:20:00+05:30,1244.0,1244.6,1241.2,1243.4,15546,0
2026-02-24 09:25:00+05:30,1244.0,1245.4,1243.7,1245.1,6214,0
2026-02-24 09:30:00+05:30,1245.1,1245.2,1241.1,1242.3,7819,0
2026-02-24 09:35:00+05:30,1242.3,1242.8,1241.6,1242.7,2645,0
2026-02-24 09:40:00+05:30,1242.7,1242.7,1239.5,1241.5,5014,0
2026-02-24 09:45:00+05:30,1241.7,1243.6,1241.5,1243.3,14547,0
2026-02-24 09:50:00+05:30,1243.3,1243.3,1241.7,1242.3,1997,0
2026-02-24 09:55:00+05:30,1242.3,1243.0,1242.1,1242.9,7237,0
2026-02-24 10:00:00+05:30,1242.9,1242.9,1241.2,1242.1,6538,0
2026-02-24 10:05:00+05:30,1242.2,1243.0,1241.7,1242.7,5364,0
2026-02-24 10:10:00+05:30,1242.7,1242.7,1239.0,1239.6,4376,0
2026-02-24 10:15:00+05:30,1239.5,1242.6,1239.5,1242.4,4107,0
2026-02-24 10:20:00+05:30,1242.6,1242.8,1241.1,1241.4,2674,0
2026-02-24 10:25:00+05:30,1241.1,1244.3,1240.8,1244.3,10064,0
2026-02-24 10:30:00+05:30,1244.3,1245.4,1243.1,1243.5,5928,0
2026-02-24 10:35:00+05:30,1243.5,1244.8,1243.1,1244.8,3811,0
2026-02-24 10:40:00+05:30,1244.8,1246.0,1244.2,1244.7,6612,0
2026-02-24 10:45:00+05:30,1245.1,1245.2,1243.5,1243.8,2798,0
2026-02-24 10:50:00+05:30,1243.5,1243.5,1242.1,1242.6,3489,0
2026-02-24 10:55:00+05:30,1242.1,1242.6,1240.3,1241.9,15069,0
2026-02-24 11:00:00+05:30,1241.9,1244.6,1241.8,1244.6,8900,0
2026-02-24 11:05:00+05:30,1244.3,1244.6,1243.1,1244.6,9579,0
2026-02-24 11:10:00+05:30,1244.4,1245.5,1244.4,1245.0,6658,0
2026-02-24 11:15:00+05:30,1245.1,1245.5,1244.0,1245.5,7401,0
2026-02-24 11:20:00+05:30,1245.5,1246.1,1244.3,1245.0,21693,0
2026-02-24 11:25:00+05:30,1245.0,1246.0,1245.0,1246.0,3480,0
2026-02-24 11:30:00+05:30,1245.9,1246.0,1244.8,1245.0,4989,0
2026-02-24 11:35:00+05:30,1245.0,1245.2,1244.6,1245.0,2320,0
2026-02-24 11:40:00+05:30,1245.2,1245.2,1244.3,1245.1,5470,0
2026-02-24 11:45:00+05:30,1245.0,1245.1,1243.7,1245.0,16485,0
2026-02-24 11:50:00+05:30,1245.0,1245.1,1243.4,1244.1,6777,0
2026-02-24 11:55:00+05:30,1244.0,1244.3,1242.8,1244.3,11693,0
2026-02-24 12:00:00+05:30,1244.2,1244.5,1243.4,1244.1,6088,0
2026-02-24 12:05:00+05:30,1243.7,1244.7,1242.9,1244.0,8575,0
2026-02-24 12:10:00+05:30,1243.5,1244.8,1243.2,1244.5,6755,0
2026-02-24 12:15:00+05:30,1244.5,1244.5,1243.7,1243.9,5743,0
2026-02-24 12:20:00+05:30,1243.7,1244.1,1242.7,1243.5,6139,0
2026-02-24 12:25:00+05:30,1242.9,1245.0,1242.9,1244.9,5239,0
2026-02-24 12:30:00+05:30,1244.9,1245.5,1244.3,1245.3,8648,0
2026-02-24 12:35:00+05:30,1245.3,1245.7,1244.3,1244.9,8573,0
2026-02-24 12:40:00+05:30,1244.9,1246.0,1243.9,1244.7,10243,0
2026-02-24 12:45:00+05:30,1244.7,1244.9,1243.2,1244.5,10340,0
2026-02-24 12:50:00+05:30,1244.5,1245.3,1243.2,1245.3,11613,0
2026-02-24 12:55:00+05:30,1245.3,1245.9,1244.3,1245.6,8273,0
2026-02-24 13:00:00+05:30,1245.6,1246.8,1244.5,1246.8,9864,0
2026-02-24 13:05:00+05:30,1246.8,1248.5,1246.2,1248.0,24243,0
2026-02-24 13:10:00+05:30,1248.0,1248.0,1246.9,1247.8,8911,0
2026-02-24 13:15:00+05:30,1247.8,1248.7,1247.0,1248.6,11275,0
2026-02-24 13:20:00+05:30,1248.6,1248.7,1246.6,1247.5,10534,0
2026-02-24 13:25:00+05:30,1247.1,1247.6,1245.0,1245.7,13917,0
2026-02-24 13:30:00+05:30,1245.7,1245.9,1242.1,1242.3,17865,0
2026-02-24 13:35:00+05:30,1242.3,1245.5,1241.8,1245.4,22846,0
2026-02-24 13:40:00+05:30,1245.4,1246.6,1244.0,1245.6,14022,0
2026-02-24 13:45:00+05:30,1245.6,1246.6,1244.8,1246.4,16178,0
2026-02-24 13:50:00+05:30,1246.3,1248.5,1244.2,1248.1,34477,0
2026-02-24 13:55:00+05:30,1248.1,1250.6,1247.4,1250.6,46357,0
2026-02-24 14:00:00+05:30,1250.6,1251.8,1249.4,1250.5,55259,0
2026-02-24 14:05:00+05:30,1250.5,1250.5,1248.5,1249.5,41096,0
2026-02-24 14:10:00+05:30,1250.0,1251.7,1249.5,1250.9,54139,0
2026-02-24 14:15:00+05:30,1251.0,1252.1,1249.9,1251.5,62436,0
2026-02-24 14:20:00+05:30,1251.5,1252.2,1250.5,1251.8,49663,0
2026-02-24 14:25:00+05:30,1251.8,1253.6,1251.1,1253.1,35263,0
2026-02-24 14:30:00+05:30,1252.5,1253.2,1250.7,1251.9,33258,0
2026-02-24 14:35:00+05:30,1251.2,1253.4,1251.1,1253.1,44311,0
2026-02-24 14:40:00+05:30,1252.4,1253.4,1251.0,1251.1,38592,0
2026-02-24 14:45:00+05:30,1251.0,1252.9,1249.5,1252.9,35659,0
2026-02-24 14:50:00+05:30,1252.5,1255.6,1252.5,1253.4,42506,0
2026-02-24 14:55:00+05:30,1253.3,1256.0,1252.6,1256.0,33272,0
2026-02-24 15:00:00+05:30,1255.7,1256.2,1253.1,1253.6,53630,0
2026-02-24 15:05:00+05:30,1253.4,1254.7,1252.5,1253.2,61806,0
2026-02-24 15:10:00+05:30,1253.2,1255.5,1253.2,1254.7,53460,0
2026-02-24 15:15:00+05:30,1254.4,1255.7,1253.3,1255.5,80109,0
2026-02-24 15:20:00+05:30,1255.5,1255.5,1254.0,1255.0,79742,0
2026-02-24 15:25:00+05:30,1255.0,1259.0,1253.5,1256.2,66412,0
2026-02-25 09:15:00+05:30,1261.0,1266.0,1257.3,1262.7,94146,0
2026-02-25 09:20:00+05:30,1262.2,1263.4,1258.4,1263.0,75142,0
2026-02-25 09:25:00+05:30,1263.0,1270.09,1262.7,1269.8,96855,0
2026-02-25 09:30:00+05:30,1270.0,1271.7,1266.5,1268.5,65334,0
2026-02-25 09:35:00+05:30,1267.9,1269.0,1264.5,1265.0,21324,0
2026-02-25 09:40:00+05:30,1265.0,1267.09,1264.09,1264.09,27024,0
2026-02-25 09:45:00+05:30,1264.59,1264.8,1262.09,1263.4,18635,0
2026-02-25 09:50:00+05:30,1263.4,1265.0,1262.59,1264.2,14089,0
2026-02-25 09:55:00+05:30,1264.2,1268.8,1264.2,1266.5,36029,0
2026-02-25 10:00:00+05:30,1266.5,1269.0,1265.9,1266.59,17172,0
2026-02-25 10:05:00+05:30,1266.9,1269.59,1266.59,1269.59,16698,0
2026-02-25 10:10:00+05:30,1269.59,1273.0,1269.09,1272.59,46468,0
2026-02-25 10:15:00+05:30,1272.59,1274.7,1270.3,1273.4,58086,0
2026-02-25 10:20:00+05:30,1273.4,1278.0,1273.0,1276.8,75971,0
2026-02-25 10:25:00+05:30,1276.8,1278.0,1273.9,1275.5,43238,0
2026-02-25 10:30:00+05:30,1275.5,1277.8,1273.4,1277.0,54167,0
2026-02-25 10:35:00+05:30,1277.0,1277.8,1274.9,1277.2,21132,0
2026-02-25 10:40:00+05:30,1277.0,1278.0,1271.09,1271.9,35063,0
2026-02-25 10:45:00+05:30,1271.9,1275.7,1271.9,1275.4,20847,0
2026-02-25 10:50:00+05:30,1275.09,1277.9,1275.0,1275.8,34240,0
2026-02-25 10:55:00+05:30,1275.4,1275.8,1270.59,1271.7,17074,0
2026-02-25 11:00:00+05:30,1271.4,1274.3,1271.4,1273.5,12076,0
2026-02-25 11:05:00+05:30,1273.4,1273.59,1272.0,1272.7,12038,0
2026-02-25 11:10:00+05:30,1272.7,1274.7,1271.8,1273.4,28376,0
2026-02-25 11:15:00+05:30,1273.5,1273.8,1271.2,1271.3,11843,0
2026-02-25 11:20:00+05:30,1271.3,1273.0,1270.8,1272.8,13034,0
2026-02-25 11:25:00+05:30,1272.8,1273.0,1271.59,1272.5,9365,0
2026-02-25 11:30:00+05:30,1272.4,1273.0,1271.2,1271.4,13400,0
2026-02-25 11:35:00+05:30,1271.5,1273.8,1271.4,1273.8,13277,0
2026-02-25 11:40:00+05:30,1273.8,1274.09,1271.5,1272.3,27408,0
2026-02-25 11:45:00+05:30,1272.3,1281.2,1272.3,1278.7,55007,0
2026-02-25 11:50:00+05:30,1278.7,1279.7,1277.2,1277.59,17615,0
2026-02-25 11:55:00+05:30,1277.59,1278.3,1276.5,1277.7,17891,0
2026-02-25 12:00:00+05:30,1277.7,1279.9,1274.59,1277.4,26898,0
2026-02-25 12:05:00+05:30,1277.4,1283.4,1277.0,1282.5,41290,0
2026-02-25 12:10:00+05:30,1282.5,1282.8,1281.4,1281.8,12070,0
2026-02-25 12:15:00+05:30,1281.4,1284.7,1281.2,1283.5,36695,0
2026-02-25 12:20:00+05:30,1283.5,1283.9,1281.8,1283.0,17562,0
2026-02-25 12:25:00+05:30,1283.2,1283.2,1281.3,1282.2,12540,0
2026-02-25 12:30:00+05:30,1282.2,1282.2,1276.4,1276.4,45669,0
2026-02-25 12:35:00+05:30,1276.9,1277.0,1273.0,1275.8,32223,0
2026-02-25 12:40:00+05:30,1275.8,1276.0,1272.0,1272.3,16308,0
2026-02-25 12:45:00+05:30,1272.3,1272.3,1270.0,1270.5,21207,0
2026-02-25 12:50:00+05:30,1270.09,1272.5,1270.0,1271.0,22277,0
2026-02-25 12:55:00+05:30,1271.0,1272.09,1270.0,1270.2,13408,0
2026-02-25 13:00:00+05:30,1270.2,1270.5,1268.2,1269.7,15772,0
2026-02-25 13:05:00+05:30,1269.59,1271.59,1268.0,1270.09,21123,0
2026-02-25 13:10:00+05:30,1270.09,1271.5,1270.0,1270.5,9662,0
2026-02-25 13:15:00+05:30,1270.4,1273.09,1269.9,1273.09,13624,0
2026-02-25 13:20:00+05:30,1273.09,1274.9,1271.7,1273.3,21619,0
2026-02-25 13:25:00+05:30,1273.2,1273.8,1270.2,1272.4,13261,0
2026-02-25 13:30:00+05:30,1272.4,1274.0,1271.59,1271.8,16017,0
2026-02-25 13:35:00+05:30,1271.59,1273.0,1270.8,1271.59,34802,0
2026-02-25 13:40:00+05:30,1271.09,1272.3,1270.9,1271.09,4536,0
2026-02-25 13:45:00+05:30,1271.4,1272.4,1270.4,1271.9,7795,0
2026-02-25 13:50:00+05:30,1272.3,1274.09,1271.59,1272.09,61292,0
2026-02-25 13:55:00+05:30,1271.9,1273.5,1270.3,1271.7,12720,0
2026-02-25 14:00:00+05:30,1271.59,1271.9,1267.9,1269.09,9490,0
2026-02-25 14:05:00+05:30,1269.0,1269.8,1267.3,1269.09,15424,0
2026-02-25 14:10:00+05:30,1268.8,1270.2,1268.2,1268.7,15251,0
2026-02-25 14:15:00+05:30,1268.59,1269.5,1268.2,1269.09,3323,0
2026-02-25 14:20:00+05:30,1268.9,1269.3,1267.09,1267.7,24912,0
2026-02-25 14:25:00+05:30,1267.7,1268.4,1266.9,1267.8,18411,0
2026-02-25 14:30:00+05:30,1267.7,1272.0,1265.0,1271.09,33488,0
2026-02-25 14:35:00+05:30,1271.09,1271.5,1270.0,1271.09,7505,0
2026-02-25 14:40:00+05:30,1271.0,1271.09,1266.59,1268.3,11375,0
2026-02-25 14:45:00+05:30,1268.0,1268.5,1267.2,1268.09,3674,0
2026-02-25 14:50:00+05:30,1268.09,1269.0,1267.2,1268.9,7668,0
2026-02-25 14:55:00+05:30,1268.8,1270.2,1268.3,1270.09,7445,0
2026-02-25 15:00:00+05:30,1270.09,1275.5,1270.09,1275.4,41906,0
2026-02-25 15:05:00+05:30,1275.5,1276.4,1273.59,1276.2,29592,0
2026-02-25 15:10:00+05:30,1276.2,1277.2,1275.4,1276.7,36446,0
2026-02-25 15:15:00+05:30,1276.59,1277.0,1275.0,1276.9,40334,0
2026-02-25 15:20:00+05:30,1276.9,1276.9,1272.5,1274.9,64249,0
2026-02-25 15:25:00+05:30,1274.9,1275.3,1271.59,1274.0,39522,0
2026-02-26 09:15:00+05:30,1275.5,1279.9,1272.5,1276.9,35839,0
2026-02-26 09:20:00+05:30,1276.4,1276.9,1271.6,1273.4,24491,0
2026-02-26 09:25:00+05:30,1272.7,1277.7,1272.7,1276.6,6863,0
2026-02-26 09:30:00+05:30,1277.2,1279.0,1275.8,1278.4,18420,0
2026-02-26 09:35:00+05:30,1278.4,1278.5,1276.6,1278.4,5673,0
2026-02-26 09:40:00+05:30,1278.4,1278.5,1276.8,1277.4,2529,0
2026-02-26 09:45:00+05:30,1277.4,1277.9,1276.4,1277.3,5426,0
2026-02-26 09:50:00+05:30,1277.3,1277.4,1276.0,1276.4,4174,0
2026-02-26 09:55:00+05:30,1276.0,1277.5,1276.0,1277.4,3527,0
2026-02-26 10:00:00+05:30,1277.4,1277.5,1276.3,1277.0,3563,0
2026-02-26 10:05:00+05:30,1277.0,1279.8,1276.1,1279.7,5482,0
2026-02-26 10:10:00+05:30,1279.7,1281.0,1276.9,1277.2,11315,0
2026-02-26 10:15:00+05:30,1277.2,1278.0,1276.9,1278.0,2497,0
2026-02-26 10:20:00+05:30,1278.0,1278.8,1277.0,1278.2,4018,0
2026-02-26 10:25:00+05:30,1278.0,1281.2,1274.2,1278.0,43325,0
2026-02-26 10:30:00+05:30,1278.0,1279.0,1277.4,1277.9,3367,0
2026-02-26 10:35:00+05:30,1277.9,1279.0,1275.0,1275.0,17767,0
2026-02-26 10:40:00+05:30,1275.0,1278.4,1274.4,1276.4,17448,0
2026-02-26 10:45:00+05:30,1276.4,1277.9,1275.4,1276.4,18344,0
2026-02-26 10:50:00+05:30,1276.4,1276.9,1275.0,1275.0,12807,0
2026-02-26 10:55:00+05:30,1275.3,1275.3,1272.1,1272.1,11015,0
2026-02-26 11:00:00+05:30,1272.1,1272.7,1270.0,1271.9,12300,0
2026-02-26 11:05:00+05:30,1272.2,1273.3,1271.9,1272.7,7202,0
2026-02-26 11:10:00+05:30,1273.3,1274.2,1272.5,1273.0,10381,0
2026-02-26 11:15:00+05:30,1272.7,1275.4,1272.4,1274.9,11330,0
2026-02-26 11:20:00+05:30,1275.0,1275.7,1273.9,1275.0,10939,0
2026-02-26 11:25:00+05:30,1275.0,1276.9,1274.5,1275.1,10490,0
2026-02-26 11:30:00+05:30,1275.1,1276.0,1274.1,1275.1,8221,0
2026-02-26 11:35:00+05:30,1275.5,1275.8,1274.7,1275.6,4137,0
2026-02-26 11:40:00+05:30,1275.6,1275.6,1272.5,1274.6,5020,0
2026-02-26 11:45:00+05:30,1274.4,1275.0,1273.5,1274.8,3630,0
2026-02-26 11:50:00+05:30,1274.4,1275.0,1274.2,1274.9,2567,0
2026-02-26 11:55:00+05:30,1274.9,1274.9,1272.5,1273.9,3806,0
2026-02-26 12:00:00+05:30,1273.9,1275.0,1273.3,1275.0,4730,0
2026-02-26 12:05:00+05:30,1275.0,1275.8,1274.4,1274.6,5380,0
2026-02-26 12:10:00+05:30,1275.0,1275.0,1273.0,1273.0,3528,0
2026-02-26 12:15:00+05:30,1273.2,1274.4,1273.0,1274.1,1880,0
2026-02-26 12:20:00+05:30,1273.7,1274.4,1271.1,1272.7,3955,0
2026-02-26 12:25:00+05:30,1272.7,1273.5,1271.3,1271.8,2775,0
2026-02-26 12:30:00+05:30,1271.8,1273.8,1271.3,1273.6,19077,0
2026-02-26 12:35:00+05:30,1273.6,1274.2,1273.1,1273.6,1792,0
2026-02-26 12:40:00+05:30,1273.6,1275.0,1273.1,1274.4,2891,0
2026-02-26 12:45:00+05:30,1274.8,1274.9,1273.6,1274.9,1517,0
2026-02-26 12:50:00+05:30,1274.5,1276.1,1274.5,1275.7,5927,0
2026-02-26 12:55:00+05:30,1276.0,1276.0,1274.4,1274.8,5334,0
2026-02-26 13:00:00+05:30,1274.8,1275.9,1274.3,1275.0,3162,0
2026-02-26 13:05:00+05:30,1275.0,1275.0,1273.3,1273.4,4601,0
2026-02-26 13:10:00+05:30,1273.4,1274.9,1273.1,1274.5,5770,0
2026-02-26 13:15:00+05:30,1274.5,1274.7,1272.6,1273.6,4678,0
2026-02-26 13:20:00+05:30,1273.6,1275.0,1272.6,1275.0,7510,0
2026-02-26 13:25:00+05:30,1275.0,1277.6,1274.6,1275.5,23395,0
2026-02-26 13:30:00+05:30,1275.5,1276.4,1275.1,1275.5,2728,0
2026-02-26 13:35:00+05:30,1275.5,1276.0,1274.1,1274.6,4576,0
2026-02-26 13:40:00+05:30,1274.6,1275.0,1274.1,1274.9,3399,0
2026-02-26 13:45:00+05:30,1274.3,1274.9,1272.0,1273.6,16411,0
2026-02-26 13:50:00+05:30,1273.6,1274.7,1271.9,1274.1,18595,0
2026-02-26 13:55:00+05:30,1274.1,1274.3,1272.2,1272.7,3830,0
2026-02-26 14:00:00+05:30,1272.8,1274.2,1272.8,1273.2,3438,0
2026-02-26 14:05:00+05:30,1273.2,1274.3,1272.1,1273.8,5720,0
2026-02-26 14:10:00+05:30,1273.8,1275.0,1273.8,1274.4,6429,0
2026-02-26 14:15:00+05:30,1274.7,1275.0,1273.8,1274.2,4451,0
2026-02-26 14:20:00+05:30,1274.2,1275.0,1273.0,1273.1,5615,0
2026-02-26 14:25:00+05:30,1273.0,1274.6,1271.9,1273.8,14034,0
2026-02-26 14:30:00+05:30,1274.0,1275.0,1273.5,1274.5,6635,0
2026-02-26 14:35:00+05:30,1274.5,1276.0,1274.5,1275.9,9549,0
2026-02-26 14:40:00+05:30,1276.0,1280.0,1276.0,1279.9,9247,0
2026-02-26 14:45:00+05:30,1279.7,1281.8,1278.9,1279.9,35726,0
2026-02-26 14:50:00+05:30,1279.9,1280.4,1277.8,1279.5,14965,0
2026-02-26 14:55:00+05:30,1278.8,1280.0,1278.4,1279.3,11655,0
2026-02-26 15:00:00+05:30,1279.5,1282.3,1279.5,1281.3,24250,0
2026-02-26 15:05:00+05:30,1281.3,1281.4,1279.3,1280.4,20348,0
2026-02-26 15:10:00+05:30,1280.4,1280.9,1279.8,1280.1,20268,0
2026-02-26 15:15:00+05:30,1280.5,1281.7,1279.9,1280.9,27675,0
2026-02-26 15:20:00+05:30,1281.0,1281.4,1279.9,1280.6,30086,0
2026-02-26 15:25:00+05:30,1280.7,1281.5,1277.6,1281.0,23738,0
2026-02-27 09:15:00+05:30,1272.0,1277.8,1265.1,1272.7,34998,0
2026-02-27 09:20:00+05:30,1272.3,1273.6,1271.5,1272.0,12316,0
2026-02-27 09:25:00+05:30,1272.0,1273.0,1270.2,1270.6,10188,0
2026-02-27 09:30:00+05:30,1270.6,1272.8,1270.0,1271.5,8197,0
2026-02-27 09:35:00+05:30,1271.5,1273.1,1270.5,1272.9,4722,0
2026-02-27 09:40:00+05:30,1272.9,1274.0,1270.5,1271.9,6128,0
2026-02-27 09:45:00+05:30,1271.9,1274.6,1268.0,1268.6,55724,0
2026-02-27 09:50:00+05:30,1268.6,1269.8,1267.4,1267.7,13488,0
2026-02-27 09:55:00+05:30,1267.7,1269.2,1266.1,1266.8,9782,0
2026-02-27 10:00:00+05:30,1266.6,1266.9,1265.1,1266.4,11448,0
2026-02-27 10:05:00+05:30,1266.4,1268.2,1265.5,1265.9,16633,0
2026-02-27 10:10:00+05:30,1265.6,1268.1,1264.1,1264.9,35547,0
2026-02-27 10:15:00+05:30,1265.0,1266.2,1263.2,1265.6,6390,0
2026-02-27 10:20:00+05:30,1265.6,1267.1,1264.4,1266.8,5308,0
2026-02-27 10:25:00+05:30,1266.8,1267.8,1266.6,1266.7,2965,0
2026-02-27 10:30:00+05:30,1266.7,1267.3,1266.3,1267.3,3676,0
2026-02-27 10:35:00+05:30,1267.3,1268.0,1266.8,1267.6,3866,0
2026-02-27 10:40:00+05:30,1267.6,1267.6,1265.5,1265.9,2034,0
2026-02-27 10:45:00+05:30,1265.9,1266.2,1265.1,1266.2,2366,0
2026-02-27 10:50:00+05:30,1266.2,1266.9,1265.5,1266.0,2855,0
2026-02-27 10:55:00+05:30,1266.0,1268.0,1265.2,1267.7,18390,0
2026-02-27 11:00:00+05:30,1267.6,1267.9,1265.4,1267.5,8449,0
2026-02-27 11:05:00+05:30,1267.3,1268.3,1267.0,1268.0,4145,0
2026-02-27 11:10:00+05:30,1268.0,1268.0,1266.6,1268.0,2124,0
2026-02-27 11:15:00+05:30,1268.0,1269.6,1268.0,1268.6,4755,0
2026-02-27 11:20:00+05:30,1268.6,1268.6,1266.1,1266.9,5480,0
2026-02-27 11:25:00+05:30,1266.9,1266.9,1265.1,1265.9,2395,0
2026-02-27 11:30:00+05:30,1265.9,1265.9,1263.7,1263.7,3943,0
2026-02-27 11:35:00+05:30,1263.7,1264.1,1261.6,1263.9,5512,0
2026-02-27 11:40:00+05:30,1263.9,1265.5,1263.9,1265.4,5053,0
2026-02-27 11:45:00+05:30,1265.5,1266.4,1264.6,1265.2,4370,0
2026-02-27 11:50:00+05:30,1265.2,1266.0,1264.9,1265.8,2912,0
2026-02-27 11:55:00+05:30,1265.9,1268.1,1265.1,1267.8,6064,0
2026-02-27 12:00:00+05:30,1268.2,1272.9,1267.4,1271.1,12446,0
2026-02-27 12:05:00+05:30,1271.1,1271.1,1268.6,1269.2,5111,0
2026-02-27 12:10:00+05:30,1269.2,1269.5,1268.2,1268.4,4098,0
2026-02-27 12:15:00+05:30,1268.3,1269.9,1268.3,1269.9,5753,0
2026-02-27 12:20:00+05:30,1269.9,1272.0,1269.6,1270.3,6573,0
2026-02-27 12:25:00+05:30,1270.3,1272.6,1269.8,1272.0,7047,0
2026-02-27 12:30:00+05:30,1272.0,1272.5,1271.4,1271.4,4238,0
2026-02-27 12:35:00+05:30,1271.5,1271.7,1270.1,1270.1,4698,0
2026-02-27 12:40:00+05:30,1270.2,1270.7,1269.1,1269.9,4092,0
2026-02-27 12:45:00+05:30,1269.8,1272.0,1269.6,1270.7,5281,0
2026-02-27 12:50:00+05:30,1270.6,1272.0,1270.4,1271.3,4923,0
2026-02-27 12:55:00+05:30,1271.1,1272.6,1270.6,1271.5,5628,0
2026-02-27 13:00:00+05:30,1271.5,1272.0,1270.5,1271.3,7681,0
2026-02-27 13:05:00+05:30,1271.3,1272.0,1270.8,1271.8,4575,0
2026-02-27 13:10:00+05:30,1271.8,1272.0,1270.5,1271.0,5013,0
2026-02-27 13:15:00+05:30,1270.9,1272.6,1270.3,1272.0,8306,0
2026-02-27 13:20:00+05:30,1271.8,1274.0,1271.8,1273.7,12617,0
2026-02-27 13:25:00+05:30,1273.7,1275.9,1273.7,1274.5,14692,0
2026-02-27 13:30:00+05:30,1274.5,1274.6,1272.7,1272.9,6050,0
2026-02-27 13:35:00+05:30,1272.9,1273.9,1271.4,1271.9,7140,0
2026-02-27 13:40:00+05:30,1272.1,1273.4,1271.4,1272.3,6097,0
2026-02-27 13:45:00+05:30,1272.3,1274.4,1271.8,1273.9,8077,0
2026-02-27 13:50:00+05:30,1273.9,1273.9,1271.6,1272.6,6028,0
2026-02-27 13:55:00+05:30,1272.8,1273.9,1272.3,1272.3,4486,0
2026-02-27 14:00:00+05:30,1272.8,1273.0,1271.0,1271.4,5093,0
2026-02-27 14:05:00+05:30,1271.4,1272.6,1270.2,1272.6,5355,0
2026-02-27 14:10:00+05:30,1272.6,1273.2,1271.1,1272.0,6340,0
2026-02-27 14:15:00+05:30,1271.9,1272.4,1271.2,1272.1,4077,0
2026-02-27 14:20:00+05:30,1272.1,1273.2,1271.7,1272.6,5506,0
2026-02-27 14:25:00+05:30,1272.6,1272.6,1269.5,1269.5,6780,0
2026-02-27 14:30:00+05:30,1270.0,1270.8,1269.4,1270.3,4384,0
2026-02-27 14:35:00+05:30,1270.2,1272.0,1270.2,1271.6,8628,0
2026-02-27 14:40:00+05:30,1271.6,1272.2,1270.0,1270.2,6945,0
2026-02-27 14:45:00+05:30,1270.1,1272.1,1267.6,1271.2,12396,0
2026-02-27 14:50:00+05:30,1271.7,1276.0,1269.9,1270.3,30277,0
2026-02-27 14:55:00+05:30,1270.3,1272.7,1268.9,1271.3,15547,0
2026-02-27 15:00:00+05:30,1271.3,1273.0,1261.5,1262.7,232071,0
2026-02-27 15:05:00+05:30,1262.3,1265.9,1260.5,1264.5,232264,0
2026-02-27 15:10:00+05:30,1264.3,1265.6,1261.5,1263.7,220152,0
2026-02-27 15:15:00+05:30,1263.7,1266.5,1263.4,1265.7,262085,0
2026-02-27 15:20:00+05:30,1265.5,1266.2,1263.0,1263.2,281600,0
2026-02-27 15:25:00+05:30,1263.2,1275.0,1263.1,1271.0,259376,0
2026-03-02 09:15:00+05:30,1253.2,1265.9,1246.0,1265.3,125645,0
2026-03-02 09:20:00+05:30,1265.3,1269.6,1261.0,1262.9,51213,0
2026-03-02 09:25:00+05:30,1262.8,1263.8,1259.5,1260.4,48776,0
2026-03-02 09:30:00+05:30,1260.4,1267.0,1260.1,1266.1,15325,0
2026-03-02 09:35:00+05:30,1265.6,1266.2,1260.7,1265.2,33155,0
2026-03-02 09:40:00+05:30,1265.2,1269.3,1263.7,1266.6,70962,0
2026-03-02 09:45:00+05:30,1267.0,1270.8,1265.4,1268.2,31592,0
2026-03-02 09:50:00+05:30,1268.8,1269.0,1264.2,1264.5,26105,0
2026-03-02 09:55:00+05:30,1264.4,1268.8,1264.0,1267.3,17683,0
2026-03-02 10:00:00+05:30,1267.6,1268.3,1265.2,1265.8,6231,0
2026-03-02 10:05:00+05:30,1265.8,1266.8,1261.5,1262.0,5806,0
2026-03-02 10:10:00+05:30,1262.0,1262.7,1259.5,1260.7,10903,0
2026-03-02 10:15:00+05:30,1260.7,1261.6,1258.0,1260.6,8399,0
2026-03-02 10:20:00+05:30,1260.3,1260.3,1256.5,1256.9,12725,0
2026-03-02 10:25:00+05:30,1256.9,1258.7,1256.6,1258.2,7692,0
2026-03-02 10:30:00+05:30,1258.2,1259.0,1257.5,1258.7,6208,0
2026-03-02 10:35:00+05:30,1258.2,1258.9,1256.9,1257.7,4265,0
2026-03-02 10:40:00+05:30,1257.7,1257.8,1254.8,1255.1,9685,0
2026-03-02 10:45:00+05:30,1255.2,1256.6,1253.1,1253.1,6123,0
2026-03-02 10:50:00+05:30,1253.1,1255.9,1253.0,1255.5,3385,0
2026-03-02 10:55:00+05:30,1255.5,1257.8,1255.5,1256.6,5722,0
2026-03-02 11:00:00+05:30,1256.5,1258.5,1256.3,1257.5,3607,0
2026-03-02 11:05:00+05:30,1257.5,1257.7,1256.2,1257.5,3189,0
2026-03-02 11:10:00+05:30,1257.5,1257.5,1256.0,1256.4,3875,0
2026-03-02 11:15:00+05:30,1256.4,1258.9,1256.4,1257.2,11687,0
2026-03-02 11:20:00+05:30,1256.8,1258.2,1255.9,1257.5,2943,0
2026-03-02 11:25:00+05:30,1257.5,1257.5,1255.4,1256.2,4698,0
2026-03-02 11:30:00+05:30,1256.2,1256.5,1253.5,1253.7,5261,0
2026-03-02 11:35:00+05:30,1253.7,1254.6,1253.1,1254.0,4533,0
2026-03-02 11:40:00+05:30,1254.0,1255.9,1253.8,1255.2,6611,0
2026-03-02 11:45:00+05:30,1255.5,1257.5,1254.4,1255.3,14042,0
2026-03-02 11:50:00+05:30,1255.5,1256.0,1253.5,1254.0,10264,0
2026-03-02 11:55:00+05:30,1254.0,1256.0,1253.7,1254.4,10999,0
2026-03-02 12:00:00+05:30,1254.3,1255.0,1253.0,1254.2,9007,0
2026-03-02 12:05:00+05:30,1253.7,1255.2,1251.4,1253.9,94863,0
2026-03-02 12:10:00+05:30,1253.2,1253.8,1251.3,1251.6,10834,0
2026-03-02 12:15:00+05:30,1251.4,1253.6,1250.7,1251.6,20808,0
2026-03-02 12:20:00+05:30,1251.6,1253.0,1251.0,1252.0,5958,0
2026-03-02 12:25:00+05:30,1252.1,1253.3,1251.5,1252.8,2384,0
2026-03-02 12:30:00+05:30,1253.0,1253.1,1251.2,1252.3,7651,0
2026-03-02 12:35:00+05:30,1252.3,1253.0,1249.1,1249.4,23707,0
2026-03-02 12:40:00+05:30,1249.5,1251.2,1249.0,1250.9,18448,0
2026-03-02 12:45:00+05:30,1250.5,1251.8,1250.0,1250.1,10378,0
2026-03-02 12:50:00+05:30,1250.0,1252.5,1250.0,1251.4,8014,0
2026-03-02 12:55:00+05:30,1251.9,1252.2,1250.4,1250.9,8136,0
2026-03-02 13:00:00+05:30,1250.9,1251.7,1249.4,1249.5,9815,0
2026-03-02 13:05:00+05:30,1249.4,1250.0,1248.1,1249.0,7304,0
2026-03-02 13:10:00+05:30,1249.2,1250.6,1248.9,1249.4,7336,0
2026-03-02 13:15:00+05:30,1249.5,1250.7,1248.5,1249.7,10969,0
2026-03-02 13:20:00+05:30,1249.1,1249.7,1248.7,1249.1,5769,0
2026-03-02 13:25:00+05:30,1249.0,1249.6,1248.0,1248.7,11863,0
2026-03-02 13:30:00+05:30,1248.9,1249.3,1246.8,1248.4,9858,0
2026-03-02 13:35:00+05:30,1247.7,1248.5,1246.8,1247.1,6587,0
2026-03-02 13:40:00+05:30,1247.1,1248.5,1246.3,1247.9,16470,0
2026-03-02 13:45:00+05:30,1247.6,1248.5,1246.0,1246.1,9942,0
2026-03-02 13:50:00+05:30,1246.0,1247.1,1245.7,1246.0,7892,0
2026-03-02 13:55:00+05:30,1246.0,1248.5,1244.7,1246.5,25379,0
2026-03-02 14:00:00+05:30,1246.4,1254.3,1245.7,1253.3,60855,0
2026-03-02 14:05:00+05:30,1253.2,1259.0,1253.2,1256.9,37971,0
2026-03-02 14:10:00+05:30,1256.5,1260.0,1256.2,1259.1,8646,0
2026-03-02 14:15:00+05:30,1259.1,1260.8,1257.2,1259.8,12947,0
2026-03-02 14:20:00+05:30,1259.8,1260.8,1257.2,1259.0,16518,0
2026-03-02 14:25:00+05:30,1259.0,1260.5,1258.0,1258.0,29121,0
2026-03-02 14:30:00+05:30,1258.0,1262.4,1256.6,1262.4,45261,0
2026-03-02 14:35:00+05:30,1262.4,1267.0,1262.4,1266.6,47397,0
2026-03-02 14:40:00+05:30,1266.6,1269.5,1266.4,1267.7,33123,0
2026-03-02 14:45:00+05:30,1267.7,1268.1,1264.4,1266.5,20983,0
2026-03-02 14:50:00+05:30,1266.0,1267.4,1264.0,1265.6,15524,0
2026-03-02 14:55:00+05:30,1266.3,1266.5,1260.4,1261.7,11364,0
2026-03-02 15:00:00+05:30,1261.5,1265.1,1260.3,1263.6,49239,0
2026-03-02 15:05:00+05:30,1263.6,1265.6,1261.9,1265.5,44907,0
2026-03-02 15:10:00+05:30,1265.5,1267.0,1263.6,1267.0,61509,0
2026-03-02 15:15:00+05:30,1266.8,1272.0,1266.4,1271.3,62280,0
2026-03-02 15:20:00+05:30,1271.3,1272.0,1267.8,1269.0,61511,0
2026-03-02 15:25:00+05:30,1269.0,1270.7,1265.0,1265.7,50850,0
2026-03-04 09:15:00+05:30,1236.0,1253.9,1219.1,1220.4,144890,0
2026-03-04 09:20:00+05:30,1220.4,1226.8,1215.8,1216.2,97927,0
2026-03-04 09:25:00+05:30,1216.7,1220.9,1215.3,1217.6,36974,0
2026-03-04 09:30:00+05:30,1218.0,1221.3,1214.6,1216.0,43190,0
2026-03-04 09:35:00+05:30,1216.2,1221.9,1213.2,1221.0,26750,0
2026-03-04 09:40:00+05:30,1220.5,1223.0,1220.1,1221.7,16403,0
2026-03-04 09:45:00+05:30,1222.3,1222.3,1213.6,1215.9,24289,0
2026-03-04 09:50:00+05:30,1215.9,1218.7,1215.0,1217.1,15053,0
2026-03-04 09:55:00+05:30,1217.0,1217.2,1210.3,1211.0,24605,0
2026-03-04 10:00:00+05:30,1211.0,1214.5,1209.2,1212.7,22401,0
2026-03-04 10:05:00+05:30,1212.8,1224.0,1212.1,1223.8,36509,0
2026-03-04 10:10:00+05:30,1223.8,1226.1,1220.0,1225.6,26980,0
2026-03-04 10:15:00+05:30,1225.4,1225.4,1217.1,1217.5,20253,0
2026-03-04 10:20:00+05:30,1217.5,1218.4,1214.5,1215.3,16989,0
2026-03-04 10:25:00+05:30,1215.3,1220.0,1215.0,1217.7,11296,0
2026-03-04 10:30:00+05:30,1217.5,1217.9,1215.1,1216.1,11863,0
2026-03-04 10:35:00+05:30,1216.5,1218.5,1215.1,1216.1,8601,0
2026-03-04 10:40:00+05:30,1216.5,1218.0,1215.8,1217.6,7809,0
2026-03-04 10:45:00+05:30,1217.9,1220.7,1217.1,1217.1,9972,0
2026-03-04 10:50:00+05:30,1217.3,1217.6,1213.2,1215.4,21283,0
2026-03-04 10:55:00+05:30,1215.9,1216.8,1212.2,1213.0,20701,0
2026-03-04 11:00:00+05:30,1213.5,1219.2,1212.8,1218.2,11421,0
2026-03-04 11:05:00+05:30,1218.5,1223.3,1217.9,1220.5,21326,0
2026-03-04 11:10:00+05:30,1221.0,1221.4,1217.2,1217.5,16073,0
2026-03-04 11:15:00+05:30,1217.8,1217.8,1214.8,1215.0,10495,0
2026-03-04 11:20:00+05:30,1215.3,1216.1,1213.9,1214.0,14319,0
2026-03-04 11:25:00+05:30,1214.5,1215.8,1206.9,1208.1,41432,0
2026-03-04 11:30:00+05:30,1208.5,1209.0,1204.2,1206.1,21649,0
2026-03-04 11:35:00+05:30,1206.4,1206.9,1204.1,1205.3,11203,0
2026-03-04 11:40:00+05:30,1205.3,1208.1,1204.0,1204.0,24453,0
2026-03-04 11:45:00+05:30,1204.0,1206.0,1203.7,1204.1,9239,0
2026-03-04 11:50:00+05:30,1204.4,1208.1,1203.5,1204.1,19962,0
2026-03-04 11:55:00+05:30,1203.7,1205.9,1203.3,1204.4,9338,0
2026-03-04 12:00:00+05:30,1204.9,1205.8,1204.0,1205.1,3580,0
2026-03-04 12:05:00+05:30,1205.5,1207.3,1204.7,1205.1,6525,0
2026-03-04 12:10:00+05:30,1205.5,1205.5,1202.1,1202.8,7508,0
2026-03-04 12:15:00+05:30,1203.4,1204.2,1202.0,1202.3,8031,0
2026-03-04 12:20:00+05:30,1202.9,1203.0,1200.7,1201.0,9584,0
2026-03-04 12:25:00+05:30,1201.0,1202.6,1200.0,1201.6,13851,0
2026-03-04 12:30:00+05:30,1201.7,1202.0,1200.3,1201.1,8065,0
2026-03-04 12:35:00+05:30,1201.6,1205.4,1201.0,1202.1,17372,0
2026-03-04 12:40:00+05:30,1202.1,1203.6,1200.1,1203.3,9508,0
2026-03-04 12:45:00+05:30,1203.4,1205.0,1202.8,1204.0,12285,0
2026-03-04 12:50:00+05:30,1204.0,1205.9,1203.3,1205.2,4519,0
2026-03-04 12:55:00+05:30,1205.3,1206.0,1204.4,1204.6,4183,0
2026-03-04 13:00:00+05:30,1204.7,1208.8,1203.7,1208.6,15354,0
2026-03-04 13:05:00+05:30,1208.8,1209.1,1206.5,1207.7,10602,0
2026-03-04 13:10:00+05:30,1208.0,1212.9,1207.0,1212.6,13293,0
2026-03-04 13:15:00+05:30,1212.8,1213.8,1211.0,1213.5,18070,0
2026-03-04 13:20:00+05:30,1213.6,1216.4,1211.8,1215.7,25047,0
2026-03-04 13:25:00+05:30,1215.8,1218.0,1214.7,1215.6,13071,0
2026-03-04 13:30:00+05:30,1215.2,1216.8,1214.3,1214.6,10959,0
2026-03-04 13:35:00+05:30,1214.9,1214.9,1211.2,1214.3,11280,0
2026-03-04 13:40:00+05:30,1214.5,1214.7,1211.9,1214.2,7165,0
2026-03-04 13:45:00+05:30,1214.5,1214.6,1212.1,1213.0,6328,0
2026-03-04 13:50:00+05:30,1213.3,1214.4,1210.3,1211.2,9447,0
2026-03-04 13:55:00+05:30,1211.2,1211.8,1209.9,1211.6,11133,0
2026-03-04 14:00:00+05:30,1211.8,1213.5,1211.4,1212.3,9910,0
2026-03-04 14:05:00+05:30,1212.2,1214.7,1210.6,1213.9,11212,0
2026-03-04 14:10:00+05:30,1213.9,1219.2,1213.2,1217.9,30774,0
2026-03-04 14:15:00+05:30,1217.8,1221.0,1217.1,1219.7,25109,0
2026-03-04 14:20:00+05:30,1219.5,1219.7,1218.5,1219.2,37928,0
2026-03-04 14:25:00+05:30,1219.2,1219.8,1215.0,1215.6,38498,0
2026-03-04 14:30:00+05:30,1215.5,1218.5,1213.7,1217.4,38593,0
2026-03-04 14:35:00+05:30,1216.9,1218.1,1213.7,1215.4,49448,0
2026-03-04 14:40:00+05:30,1215.2,1217.3,1214.9,1216.8,7067,0
2026-03-04 14:45:00+05:30,1216.5,1216.9,1212.9,1216.1,11077,0
2026-03-04 14:50:00+05:30,1215.9,1218.1,1214.9,1216.3,21808,0
2026-03-04 14:55:00+05:30,1216.3,1217.8,1215.6,1217.4,10144,0
2026-03-04 15:00:00+05:30,1217.4,1218.2,1212.5,1214.9,40993,0
2026-03-04 15:05:00+05:30,1215.1,1215.6,1212.0,1212.6,31444,0
2026-03-04 15:10:00+05:30,1212.5,1213.6,1211.3,1212.2,40141,0
2026-03-04 15:15:00+05:30,1212.2,1215.0,1211.7,1214.0,57385,0
2026-03-04 15:20:00+05:30,1214.0,1214.5,1212.4,1214.0,59726,0
2026-03-04 15:25:00+05:30,1213.8,1214.4,1208.0,1208.1,49077,0
2026-03-05 09:15:00+05:30,1214.5,1222.7,1214.5,1217.1,55797,0
2026-03-05 09:20:00+05:30,1217.2,1221.0,1216.2,1220.6,24115,0
2026-03-05 09:25:00+05:30,1221.0,1221.5,1219.3,1220.1,16183,0
2026-03-05 09:30:00+05:30,1220.1,1221.4,1219.6,1220.0,18068,0
2026-03-05 09:35:00+05:30,1220.1,1221.2,1219.7,1219.7,13018,0
2026-03-05 09:40:00+05:30,1219.8,1222.9,1218.6,1222.7,12833,0
2026-03-05 09:45:00+05:30,1222.2,1227.6,1222.2,1224.0,35409,0
2026-03-05 09:50:00+05:30,1223.8,1230.7,1223.8,1230.7,20316,0
2026-03-05 09:55:00+05:30,1230.9,1233.4,1228.9,1232.6,13860,0
2026-03-05 10:00:00+05:30,1232.3,1237.5,1232.3,1234.7,29462,0
2026-03-05 10:05:00+05:30,1234.7,1236.7,1232.7,1232.7,14545,0
2026-03-05 10:10:00+05:30,1233.4,1234.1,1230.1,1230.1,12787,0
2026-03-05 10:15:00+05:30,1230.1,1236.9,1230.1,1235.5,25408,0
2026-03-05 10:20:00+05:30,1237.1,1240.0,1236.6,1238.0,41551,0
2026-03-05 10:25:00+05:30,1238.2,1239.8,1235.4,1237.1,15929,0
2026-03-05 10:30:00+05:30,1237.5,1238.8,1235.9,1236.9,14212,0
2026-03-05 10:35:00+05:30,1236.9,1242.5,1236.9,1242.5,21296,0
2026-03-05 10:40:00+05:30,1242.7,1243.5,1241.9,1242.4,9975,0
2026-03-05 10:45:00+05:30,1242.4,1245.9,1241.1,1243.0,27098,0
2026-03-05 10:50:00+05:30,1243.0,1243.6,1240.5,1242.1,4839,0
2026-03-05 10:55:00+05:30,1241.9,1243.4,1241.1,1242.2,6620,0
2026-03-05 11:00:00+05:30,1242.2,1242.6,1239.2,1239.9,22852,0
2026-03-05 11:05:00+05:30,1239.9,1241.2,1239.5,1240.4,17313,0
2026-03-05 11:10:00+05:30,1240.3,1240.4,1238.2,1239.4,13172,0
2026-03-05 11:15:00+05:30,1239.3,1240.5,1238.5,1238.6,10067,0
2026-03-05 11:20:00+05:30,1239.0,1239.2,1236.5,1237.3,16969,0
2026-03-05 11:25:00+05:30,1237.6,1237.8,1233.8,1234.1,12997,0
2026-03-05 11:30:00+05:30,1234.6,1236.6,1231.0,1231.5,31005,0
2026-03-05 11:35:00+05:30,1231.5,1231.5,1227.5,1228.4,12675,0
2026-03-05 11:40:00+05:30,1228.0,1228.4,1226.6,1227.2,9612,0
2026-03-05 11:45:00+05:30,1226.9,1227.4,1224.0,1225.2,39722,0
2026-03-05 11:50:00+05:30,1225.2,1229.4,1225.1,1229.4,45279,0
2026-03-05 11:55:00+05:30,1229.4,1229.4,1225.9,1226.4,11754,0
2026-03-05 12:00:00+05:30,1225.8,1227.4,1225.1,1226.1,9072,0
2026-03-05 12:05:00+05:30,1226.1,1227.8,1225.5,1227.5,8965,0
2026-03-05 12:10:00+05:30,1227.5,1230.2,1226.8,1230.1,19858,0
2026-03-05 12:15:00+05:30,1230.1,1230.1,1228.2,1228.2,8597,0
2026-03-05 12:20:00+05:30,1228.2,1230.2,1228.2,1228.8,7088,0
2026-03-05 12:25:00+05:30,1229.7,1230.9,1229.1,1230.4,20821,0
2026-03-05 12:30:00+05:30,1230.4,1231.4,1229.7,1230.5,8773,0
2026-03-05 12:35:00+05:30,1230.5,1232.0,1229.4,1230.9,24048,0
2026-03-05 12:40:00+05:30,1230.9,1230.9,1229.7,1230.1,11589,0
2026-03-05 12:45:00+05:30,1230.0,1230.0,1228.0,1229.5,10733,0
2026-03-05 12:50:00+05:30,1229.4,1230.3,1229.0,1229.8,6684,0
2026-03-05 12:55:00+05:30,1230.4,1230.8,1229.2,1230.0,6672,0
2026-03-05 13:00:00+05:30,1230.0,1230.1,1228.7,1229.0,7207,0
2026-03-05 13:05:00+05:30,1229.0,1230.7,1228.9,1230.0,5672,0
2026-03-05 13:10:00+05:30,1230.2,1235.7,1230.0,1235.7,68128,0
2026-03-05 13:15:00+05:30,1235.5,1235.5,1232.9,1234.0,40147,0
2026-03-05 13:20:00+05:30,1234.0,1235.6,1233.1,1235.6,9478,0
2026-03-05 13:25:00+05:30,1235.4,1235.8,1234.0,1234.9,8593,0
2026-03-05 13:30:00+05:30,1235.2,1239.0,1235.2,1236.7,22690,0
2026-03-05 13:35:00+05:30,1236.6,1236.6,1234.1,1234.6,4801,0
2026-03-05 13:40:00+05:30,1234.6,1234.8,1232.6,1234.7,11725,0
2026-03-05 13:45:00+05:30,1234.6,1234.6,1233.1,1233.5,4558,0
2026-03-05 13:50:00+05:30,1233.1,1233.5,1232.2,1232.4,4469,0
2026-03-05 13:55:00+05:30,1232.3,1233.3,1230.9,1231.0,7503,0
2026-03-05 14:00:00+05:30,1231.0,1232.4,1230.4,1231.4,8622,0
2026-03-05 14:05:00+05:30,1231.8,1232.1,1230.2,1230.2,7342,0
2026-03-05 14:10:00+05:30,1230.7,1231.4,1230.0,1230.6,24053,0
2026-03-05 14:15:00+05:30,1231.0,1231.7,1228.8,1228.9,23285,0
2026-03-05 14:20:00+05:30,1229.2,1233.5,1229.2,1233.1,32683,0
2026-03-05 14:25:00+05:30,1233.1,1236.1,1232.6,1235.7,9619,0
2026-03-05 14:30:00+05:30,1235.4,1237.2,1234.1,1237.0,14759,0
2026-03-05 14:35:00+05:30,1237.0,1243.7,1236.9,1243.2,35211,0
2026-03-05 14:40:00+05:30,1243.2,1247.4,1243.2,1245.7,22749,0
2026-03-05 14:45:00+05:30,1245.4,1248.0,1244.9,1247.5,13845,0
2026-03-05 14:50:00+05:30,1247.7,1253.4,1247.7,1251.4,78591,0
2026-03-05 14:55:00+05:30,1251.7,1251.7,1245.9,1249.3,21295,0
2026-03-05 15:00:00+05:30,1249.3,1252.5,1247.2,1247.5,67273,0
2026-03-05 15:05:00+05:30,1248.1,1250.0,1247.7,1248.7,65964,0
2026-03-05 15:10:00+05:30,1248.9,1249.7,1244.1,1244.1,64120,0
2026-03-05 15:15:00+05:30,1244.4,1249.6,1244.2,1248.0,59943,0
2026-03-05 15:20:00+05:30,1248.0,1250.0,1245.8,1246.2,60106,0
2026-03-05 15:25:00+05:30,1246.6,1249.1,1245.0,1248.0,71967,0
2026-03-06 09:15:00+05:30,1240.7,1244.7,1230.4,1230.8,41755,0
2026-03-06 09:20:00+05:30,1231.0,1237.2,1230.9,1236.9,13948,0
2026-03-06 09:25:00+05:30,1238.0,1241.0,1236.6,1240.5,13644,0
2026-03-06 09:30:00+05:30,1240.0,1240.0,1236.4,1236.6,11941,0
2026-03-06 09:35:00+05:30,1236.4,1240.9,1236.3,1240.4,17961,0
2026-03-06 09:40:00+05:30,1240.4,1242.8,1239.7,1241.5,15469,0
2026-03-06 09:45:00+05:30,1241.5,1242.7,1240.5,1240.7,11081,0
2026-03-06 09:50:00+05:30,1240.3,1241.4,1238.6,1240.0,14623,0
2026-03-06 09:55:00+05:30,1239.7,1240.5,1239.4,1239.7,20118,0
2026-03-06 10:00:00+05:30,1239.9,1242.8,1239.8,1241.3,15271,0
2026-03-06 10:05:00+05:30,1241.5,1241.9,1240.1,1241.3,6010,0
2026-03-06 10:10:00+05:30,1241.2,1244.7,1241.2,1244.1,8217,0
2026-03-06 10:15:00+05:30,1244.1,1247.5,1244.0,1247.0,16343,0
2026-03-06 10:20:00+05:30,1247.2,1248.8,1245.6,1248.7,11987,0
2026-03-06 10:25:00+05:30,1248.6,1249.1,1245.6,1245.9,13232,0
2026-03-06 10:30:00+05:30,1245.7,1245.7,1243.6,1244.5,18198,0
2026-03-06 10:35:00+05:30,1244.5,1245.4,1244.0,1245.2,11615,0
2026-03-06 10:40:00+05:30,1245.0,1245.7,1244.0,1244.6,13936,0
2026-03-06 10:45:00+05:30,1244.7,1245.3,1242.5,1243.5,28425,0
2026-03-06 10:50:00+05:30,1242.4,1245.6,1242.1,1245.4,14156,0
2026-03-06 10:55:00+05:30,1245.4,1245.7,1243.7,1244.7,22939,0
2026-03-06 11:00:00+05:30,1245.1,1248.4,1245.1,1247.9,5481,0
2026-03-06 11:05:00+05:30,1247.9,1248.6,1246.4,1247.5,9266,0
2026-03-06 11:10:00+05:30,1247.5,1247.9,1246.1,1246.2,2390,0
2026-03-06 11:15:00+05:30,1246.6,1246.6,1244.8,1245.4,5421,0
2026-03-06 11:20:00+05:30,1246.1,1246.4,1245.0,1245.5,3090,0
2026-03-06 11:25:00+05:30,1244.8,1246.8,1244.4,1246.8,3713,0
2026-03-06 11:30:00+05:30,1246.5,1248.6,1246.5,1247.3,5627,0
2026-03-06 11:35:00+05:30,1247.2,1249.0,1245.0,1245.0,21979,0
2026-03-06 11:40:00+05:30,1245.6,1246.5,1243.0,1243.0,21912,0
2026-03-06 11:45:00+05:30,1243.0,1244.4,1242.1,1244.4,4661,0
2026-03-06 11:50:00+05:30,1244.3,1244.3,1242.1,1243.6,4347,0
2026-03-06 11:55:00+05:30,1243.0,1245.7,1242.9,1245.2,5417,0
2026-03-06 12:00:00+05:30,1245.6,1245.6,1243.4,1244.1,5848,0
2026-03-06 12:05:00+05:30,1244.5,1244.7,1242.3,1243.0,6205,0
2026-03-06 12:10:00+05:30,1242.8,1243.3,1240.3,1240.7,9782,0
2026-03-06 12:15:00+05:30,1240.6,1242.0,1240.2,1240.7,8777,0
2026-03-06 12:20:00+05:30,1240.7,1241.2,1240.0,1240.8,7010,0
2026-03-06 12:25:00+05:30,1240.5,1241.1,1239.8,1240.0,5447,0
2026-03-06 12:30:00+05:30,1240.2,1241.8,1240.2,1241.2,7746,0
2026-03-06 12:35:00+05:30,1241.1,1241.8,1240.8,1240.9,7006,0
2026-03-06 12:40:00+05:30,1241.5,1242.2,1241.0,1241.3,7448,0
2026-03-06 12:45:00+05:30,1241.3,1242.1,1241.1,1241.1,4903,0
2026-03-06 12:50:00+05:30,1241.7,1242.8,1241.1,1242.5,6624,0
2026-03-06 12:55:00+05:30,1241.9,1242.6,1241.6,1242.0,5857,0
2026-03-06 13:00:00+05:30,1242.5,1242.8,1241.0,1241.8,7324,0
2026-03-06 13:05:00+05:30,1241.8,1242.9,1241.2,1241.9,5905,0
2026-03-06 13:10:00+05:30,1241.9,1243.5,1241.8,1242.1,8363,0
2026-03-06 13:15:00+05:30,1242.7,1242.8,1240.3,1240.3,4879,0
2026-03-06 13:20:00+05:30,1240.9,1242.2,1240.0,1240.3,7888,0
2026-03-06 13:25:00+05:30,1240.5,1242.1,1240.2,1242.1,6019,0
2026-03-06 13:30:00+05:30,1241.4,1242.0,1239.7,1240.0,7958,0
2026-03-06 13:35:00+05:30,1239.9,1242.0,1239.7,1240.6,5735,0
2026-03-06 13:40:00+05:30,1239.9,1240.9,1239.9,1240.7,5306,0
2026-03-06 13:45:00+05:30,1240.7,1241.1,1240.0,1241.0,6435,0
2026-03-06 13:50:00+05:30,1241.3,1242.1,1240.3,1240.5,5880,0
2026-03-06 13:55:00+05:30,1240.5,1241.3,1240.0,1240.5,6840,0
2026-03-06 14:00:00+05:30,1240.5,1241.1,1240.0,1240.0,5133,0
2026-03-06 14:05:00+05:30,1240.4,1241.5,1240.0,1240.8,6430,0
2026-03-06 14:10:00+05:30,1241.4,1242.8,1240.8,1241.4,7325,0
2026-03-06 14:15:00+05:30,1241.4,1243.3,1241.4,1243.0,5593,0
2026-03-06 14:20:00+05:30,1242.6,1243.3,1242.1,1242.3,6665,0
2026-03-06 14:25:00+05:30,1242.3,1242.7,1240.1,1241.1,40627,0
2026-03-06 14:30:00+05:30,1241.6,1244.5,1241.1,1242.0,33188,0
2026-03-06 14:35:00+05:30,1242.0,1243.4,1240.9,1241.5,6764,0
2026-03-06 14:40:00+05:30,1241.2,1241.5,1240.0,1241.0,6557,0
2026-03-06 14:45:00+05:30,1240.8,1241.5,1240.1,1240.8,22836,0
2026-03-06 14:50:00+05:30,1240.5,1242.9,1240.3,1240.8,25761,0
2026-03-06 14:55:00+05:30,1240.1,1240.7,1237.1,1237.2,93128,0
2026-03-06 15:00:00+05:30,1237.6,1239.6,1236.9,1239.1,40392,0
2026-03-06 15:05:00+05:30,1237.2,1237.3,1234.3,1234.5,40221,0
2026-03-06 15:10:00+05:30,1234.2,1234.5,1232.4,1232.6,28448,0
2026-03-06 15:15:00+05:30,1232.5,1235.0,1229.3,1233.9,50537,0
2026-03-06 15:20:00+05:30,1234.0,1236.1,1231.0,1231.6,67438,0
2026-03-06 15:25:00+05:30,1231.8,1232.0,1229.2,1230.0,57851,0
2026-03-09 09:15:00+05:30,1203.0,1213.0,1196.3,1200.4,227741,0
2026-03-09 09:20:00+05:30,1200.3,1200.9,1191.3,1192.1,50529,0
2026-03-09 09:25:00+05:30,1192.1,1196.0,1191.1,1193.1,49601,0
2026-03-09 09:30:00+05:30,1193.1,1195.0,1187.1,1188.2,209602,0
2026-03-09 09:35:00+05:30,1188.3,1190.6,1187.0,1188.0,40042,0
2026-03-09 09:40:00+05:30,1188.4,1189.1,1184.2,1185.3,34600,0
2026-03-09 09:45:00+05:30,1185.3,1189.5,1182.5,1187.1,39883,0
2026-03-09 09:50:00+05:30,1187.1,1187.5,1183.8,1185.1,23114,0
2026-03-09 09:55:00+05:30,1185.0,1189.5,1184.7,1187.9,43236,0
2026-03-09 10:00:00+05:30,1187.9,1188.5,1185.6,1188.3,22778,0
2026-03-09 10:05:00+05:30,1188.3,1189.6,1187.4,1189.0,26575,0
2026-03-09 10:10:00+05:30,1189.0,1191.0,1186.1,1186.6,26192,0
2026-03-09 10:15:00+05:30,1186.6,1186.6,1182.8,1184.1,13255,0
2026-03-09 10:20:00+05:30,1184.1,1186.0,1180.8,1182.9,28471,0
2026-03-09 10:25:00+05:30,1182.9,1183.4,1181.1,1181.5,81019,0
2026-03-09 10:30:00+05:30,1181.5,1181.8,1175.6,1175.9,23196,0
2026-03-09 10:35:00+05:30,1175.8,1176.8,1173.3,1174.2,36995,0
2026-03-09 10:40:00+05:30,1173.9,1175.0,1170.2,1172.8,27354,0
2026-03-09 10:45:00+05:30,1172.5,1173.2,1171.8,1172.5,9109,0
2026-03-09 10:50:00+05:30,1172.5,1181.6,1172.1,1181.5,33417,0
2026-03-09 10:55:00+05:30,1181.5,1183.4,1179.2,1180.5,126591,0
2026-03-09 11:00:00+05:30,1181.0,1181.3,1179.1,1180.2,6281,0
2026-03-09 11:05:00+05:30,1180.2,1180.3,1177.6,1178.3,12110,0
2026-03-09 11:10:00+05:30,1178.3,1179.5,1176.1,1179.5,8431,0
2026-03-09 11:15:00+05:30,1179.5,1181.8,1178.0,1180.9,12076,0
2026-03-09 11:20:00+05:30,1180.9,1185.8,1180.0,1184.9,41867,0
2026-03-09 11:25:00+05:30,1185.0,1189.7,1183.9,1188.1,19466,0
2026-03-09 11:30:00+05:30,1188.2,1191.1,1187.4,1188.0,11255,0
2026-03-09 11:35:00+05:30,1188.5,1192.2,1187.5,1190.9,15701,0
2026-03-09 11:40:00+05:30,1190.9,1193.6,1190.2,1190.6,10787,0
2026-03-09 11:45:00+05:30,1190.6,1192.0,1189.6,1190.5,7283,0
2026-03-09 11:50:00+05:30,1190.5,1191.9,1190.0,1191.6,11230,0
2026-03-09 11:55:00+05:30,1191.6,1191.7,1190.5,1190.9,4804,0
2026-03-09 12:00:00+05:30,1190.9,1190.9,1188.9,1190.5,8534,0
2026-03-09 12:05:00+05:30,1190.4,1190.5,1187.5,1188.1,4455,0
2026-03-09 12:10:00+05:30,1188.1,1190.5,1187.0,1190.5,7997,0
2026-03-09 12:15:00+05:30,1190.5,1190.5,1188.0,1188.0,4678,0
2026-03-09 12:20:00+05:30,1188.0,1188.6,1185.9,1188.0,7461,0
2026-03-09 12:25:00+05:30,1188.0,1188.0,1186.6,1187.3,6389,0
2026-03-09 12:30:00+05:30,1187.3,1191.0,1186.7,1189.1,17413,0
2026-03-09 12:35:00+05:30,1189.0,1192.0,1188.6,1191.6,6331,0
2026-03-09 12:40:00+05:30,1191.7,1193.4,1191.2,1192.2,8274,0
2026-03-09 12:45:00+05:30,1192.2,1193.3,1190.8,1190.8,4341,0
2026-03-09 12:50:00+05:30,1191.1,1193.3,1190.4,1192.9,5519,0
2026-03-09 12:55:00+05:30,1192.9,1194.8,1192.6,1194.1,10845,0
2026-03-09 13:00:00+05:30,1194.1,1194.3,1191.8,1193.2,6404,0
2026-03-09 13:05:00+05:30,1193.2,1193.8,1191.1,1192.9,41363,0
2026-03-09 13:10:00+05:30,1192.9,1193.8,1190.5,1190.9,8689,0
2026-03-09 13:15:00+05:30,1190.9,1192.8,1189.3,1192.7,25937,0
2026-03-09 13:20:00+05:30,1192.7,1194.4,1192.2,1193.8,10676,0
2026-03-09 13:25:00+05:30,1193.8,1198.0,1191.3,1195.5,39578,0
2026-03-09 13:30:00+05:30,1195.3,1199.8,1195.1,1198.5,10449,0
2026-03-09 13:35:00+05:30,1198.4,1199.3,1196.6,1199.0,20318,0
2026-03-09 13:40:00+05:30,1198.8,1200.1,1198.5,1200.1,8390,0
2026-03-09 13:45:00+05:30,1199.7,1200.1,1196.3,1197.1,13621,0
2026-03-09 13:50:00+05:30,1197.1,1199.8,1196.5,1198.3,10535,0
2026-03-09 13:55:00+05:30,1197.8,1198.8,1195.3,1195.9,8880,0
2026-03-09 14:00:00+05:30,1195.7,1196.2,1192.2,1194.5,14908,0
2026-03-09 14:05:00+05:30,1194.1,1196.0,1194.1,1196.0,4487,0
2026-03-09 14:10:00+05:30,1195.5,1196.2,1191.1,1191.5,18469,0
2026-03-09 14:15:00+05:30,1191.7,1192.2,1189.5,1190.1,23437,0
2026-03-09 14:20:00+05:30,1190.0,1192.0,1188.0,1191.9,25024,0
2026-03-09 14:25:00+05:30,1191.4,1192.9,1190.2,1190.6,13744,0
2026-03-09 14:30:00+05:30,1190.4,1191.8,1189.2,1189.2,15612,0
2026-03-09 14:35:00+05:30,1189.3,1190.7,1188.2,1190.2,12143,0
2026-03-09 14:40:00+05:30,1189.9,1192.3,1189.2,1191.1,10293,0
2026-03-09 14:45:00+05:30,1190.6,1195.7,1190.1,1192.6,9193,0
2026-03-09 14:50:00+05:30,1192.6,1194.4,1190.5,1192.9,7669,0
2026-03-09 14:55:00+05:30,1192.4,1193.8,1190.1,1192.3,21313,0
2026-03-09 15:00:00+05:30,1191.9,1196.1,1189.8,1195.9,57191,0
2026-03-09 15:05:00+05:30,1195.9,1199.2,1193.6,1194.6,35906,0
2026-03-09 15:10:00+05:30,1194.6,1196.6,1192.6,1193.4,49318,0
2026-03-09 15:15:00+05:30,1193.9,1194.2,1192.2,1193.6,51497,0
2026-03-09 15:20:00+05:30,1193.6,1193.6,1190.4,1191.6,85270,0
2026-03-09 15:25:00+05:30,1191.6,1193.4,1184.4,1189.9,58406,0
2026-03-10 09:15:00+05:30,1196.1,1212.8,1196.1,1197.3,61577,0
2026-03-10 09:20:00+05:30,1197.3,1202.2,1197.1,1201.5,13768,0
2026-03-10 09:25:00+05:30,1202.0,1202.6,1198.9,1200.5,12217,0
2026-03-10 09:30:00+05:30,1200.8,1201.1,1196.7,1197.4,17136,0
2026-03-10 09:35:00+05:30,1197.1,1198.8,1195.6,1195.6,6916,0
2026-03-10 09:40:00+05:30,1195.8,1201.8,1195.2,1201.3,10950,0
2026-03-10 09:45:00+05:30,1201.3,1205.5,1200.8,1201.2,19576,0
2026-03-10 09:50:00+05:30,1201.2,1202.8,1200.0,1201.1,10458,0
2026-03-10 09:55:00+05:30,1201.6,1201.6,1196.7,1198.2,13722,0
2026-03-10 10:00:00+05:30,1198.0,1202.0,1198.0,1200.5,7373,0
2026-03-10 10:05:00+05:30,1200.4,1202.0,1196.2,1202.0,6221,0
2026-03-10 10:10:00+05:30,1201.9,1204.3,1201.0,1203.7,7672,0
2026-03-10 10:15:00+05:30,1203.8,1206.5,1202.6,1203.3,14085,0
2026-03-10 10:20:00+05:30,1203.3,1204.5,1200.1,1201.4,5053,0
2026-03-10 10:25:00+05:30,1201.0,1201.9,1197.9,1197.9,8728,0
2026-03-10 10:30:00+05:30,1197.7,1202.7,1197.2,1202.7,7723,0
2026-03-10 10:35:00+05:30,1202.7,1203.6,1201.6,1202.1,8856,0
2026-03-10 10:40:00+05:30,1201.9,1205.0,1201.9,1203.9,7609,0
2026-03-10 10:45:00+05:30,1204.2,1205.9,1204.1,1205.2,4751,0
2026-03-10 10:50:00+05:30,1205.2,1205.5,1201.8,1202.1,5552,0
2026-03-10 10:55:00+05:30,1202.1,1204.1,1201.4,1203.7,4051,0
2026-03-10 11:00:00+05:30,1203.7,1204.2,1202.7,1203.6,3878,0
2026-03-10 11:05:00+05:30,1203.2,1204.8,1203.1,1204.4,10149,0
2026-03-10 11:10:00+05:30,1204.5,1206.0,1204.5,1205.2,5722,0
2026-03-10 11:15:00+05:30,1205.2,1206.9,1205.2,1206.2,6956,0
2026-03-10 11:20:00+05:30,1206.0,1209.6,1205.7,1207.8,7467,0
2026-03-10 11:25:00+05:30,1207.7,1207.9,1206.2,1206.9,4429,0
2026-03-10 11:30:00+05:30,1206.9,1208.4,1206.3,1207.6,8361,0
2026-03-10 11:35:00+05:30,1207.6,1209.9,1207.4,1209.2,11392,0
2026-03-10 11:40:00+05:30,1209.2,1209.6,1207.3,1207.8,13812,0
2026-03-10 11:45:00+05:30,1207.7,1207.8,1204.5,1204.9,5718,0
2026-03-10 11:50:00+05:30,1204.7,1206.9,1204.4,1206.4,4428,0
2026-03-10 11:55:00+05:30,1206.4,1208.9,1206.2,1208.0,9924,0
2026-03-10 12:00:00+05:30,1208.0,1210.0,1207.3,1208.8,7929,0
2026-03-10 12:05:00+05:30,1208.8,1212.0,1208.8,1211.1,11408,0
2026-03-10 12:10:00+05:30,1211.0,1212.0,1207.2,1207.3,8492,0
2026-03-10 12:15:00+05:30,1207.3,1209.4,1206.0,1208.5,9563,0
2026-03-10 12:20:00+05:30,1208.5,1208.9,1204.7,1206.4,6533,0
2026-03-10 12:25:00+05:30,1206.4,1208.8,1206.4,1207.4,3958,0
2026-03-10 12:30:00+05:30,1207.1,1207.4,1205.2,1205.5,12513,0
2026-03-10 12:35:00+05:30,1205.3,1209.5,1205.0,1208.8,5180,0
2026-03-10 12:40:00+05:30,1208.8,1209.7,1208.8,1209.6,3386,0
2026-03-10 12:45:00+05:30,1209.5,1211.0,1209.2,1210.8,3819,0
2026-03-10 12:50:00+05:30,1210.7,1212.1,1210.4,1212.0,8842,0
2026-03-10 12:55:00+05:30,1212.0,1213.7,1211.8,1213.0,13661,0
2026-03-10 13:00:00+05:30,1213.0,1214.2,1210.8,1211.1,15144,0
2026-03-10 13:05:00+05:30,1211.0,1211.7,1208.4,1210.0,20671,0
2026-03-10 13:10:00+05:30,1209.6,1210.1,1208.8,1209.9,14845,0
2026-03-10 13:15:00+05:30,1209.9,1212.1,1209.6,1211.7,32418,0
2026-03-10 13:20:00+05:30,1211.5,1213.0,1210.6,1210.8,8828,0
2026-03-10 13:25:00+05:30,1210.8,1211.8,1209.4,1210.8,7209,0
2026-03-10 13:30:00+05:30,1210.9,1212.0,1210.0,1210.3,6653,0
2026-03-10 13:35:00+05:30,1210.0,1212.7,1210.0,1212.0,24911,0
2026-03-10 13:40:00+05:30,1211.7,1212.8,1211.2,1212.1,4074,0
2026-03-10 13:45:00+05:30,1212.0,1213.3,1210.9,1211.8,3771,0
2026-03-10 13:50:00+05:30,1211.4,1213.4,1211.0,1212.5,5964,0
2026-03-10 13:55:00+05:30,1212.6,1212.8,1211.1,1211.5,4069,0
2026-03-10 14:00:00+05:30,1211.0,1211.3,1210.1,1211.0,3386,0
2026-03-10 14:05:00+05:30,1211.0,1213.5,1210.5,1213.0,11092,0
2026-03-10 14:10:00+05:30,1213.0,1215.0,1212.6,1214.0,34104,0
2026-03-10 14:15:00+05:30,1214.0,1216.5,1213.8,1215.4,21011,0
2026-03-10 14:20:00+05:30,1215.2,1215.7,1212.4,1213.2,6956,0
2026-03-10 14:25:00+05:30,1213.4,1213.8,1211.3,1212.4,8308,0
2026-03-10 14:30:00+05:30,1212.7,1213.2,1209.5,1211.3,21559,0
2026-03-10 14:35:00+05:30,1211.2,1212.1,1210.1,1210.6,7641,0
2026-03-10 14:40:00+05:30,1210.7,1211.3,1208.5,1211.2,23580,0
2026-03-10 14:45:00+05:30,1210.8,1215.0,1209.8,1214.9,25629,0
2026-03-10 14:50:00+05:30,1214.9,1215.9,1212.7,1213.9,11000,0
2026-03-10 14:55:00+05:30,1213.9,1214.7,1213.1,1213.8,5354,0
2026-03-10 15:00:00+05:30,1213.8,1214.0,1209.9,1213.3,49410,0
2026-03-10 15:05:00+05:30,1213.2,1216.0,1212.1,1215.1,42877,0
2026-03-10 15:10:00+05:30,1215.0,1216.8,1215.0,1216.0,29054,0
2026-03-10 15:15:00+05:30,1216.0,1218.6,1215.0,1217.9,47225,0
2026-03-10 15:20:00+05:30,1217.8,1218.0,1212.0,1212.9,110060,0
2026-03-10 15:25:00+05:30,1213.0,1219.9,1212.1,1219.6,82888,0
2026-03-11 09:15:00+05:30,1212.0,1222.9,1212.0,1220.7,78379,0
2026-03-11 09:20:00+05:30,1220.8,1222.5,1219.2,1219.6,94276,0
2026-03-11 09:25:00+05:30,1219.6,1222.1,1218.1,1218.9,78978,0
2026-03-11 09:30:00+05:30,1218.9,1219.8,1217.0,1218.6,15309,0
2026-03-11 09:35:00+05:30,1219.0,1220.0,1211.1,1211.5,30566,0
2026-03-11 09:40:00+05:30,1211.5,1212.0,1208.5,1208.7,42791,0
2026-03-11 09:45:00+05:30,1209.0,1209.2,1203.7,1203.8,81977,0
2026-03-11 09:50:00+05:30,1203.8,1205.1,1197.9,1199.5,95219,0
2026-03-11 09:55:00+05:30,1199.8,1202.8,1198.1,1198.7,19431,0
2026-03-11 10:00:00+05:30,1198.2,1198.9,1195.8,1198.9,15671,0
2026-03-11 10:05:00+05:30,1198.8,1199.9,1193.9,1196.8,22128,0
2026-03-11 10:10:00+05:30,1196.2,1197.0,1192.5,1195.3,113896,0
2026-03-11 10:15:00+05:30,1195.5,1198.3,1195.2,1198.0,22784,0
2026-03-11 10:20:00+05:30,1198.0,1200.4,1197.6,1200.1,20006,0
2026-03-11 10:25:00+05:30,1200.0,1200.4,1198.4,1199.2,5928,0
2026-03-11 10:30:00+05:30,1199.2,1201.1,1199.1,1201.1,4882,0
2026-03-11 10:35:00+05:30,1201.0,1201.1,1198.5,1199.4,6441,0
2026-03-11 10:40:00+05:30,1199.0,1200.8,1198.5,1199.6,6368,0
2026-03-11 10:45:00+05:30,1199.4,1199.5,1194.1,1194.8,28190,0
2026-03-11 10:50:00+05:30,1194.8,1198.6,1194.4,1198.6,11697,0
2026-03-11 10:55:00+05:30,1198.6,1199.2,1197.1,1198.9,8713,0
2026-03-11 11:00:00+05:30,1198.9,1200.3,1196.8,1200.0,8247,0
2026-03-11 11:05:00+05:30,1200.0,1200.8,1199.2,1199.9,4929,0
2026-03-11 11:10:00+05:30,1199.9,1203.4,1199.5,1201.1,11491,0
2026-03-11 11:15:00+05:30,1201.1,1201.1,1198.9,1199.7,7869,0
2026-03-11 11:20:00+05:30,1199.7,1201.0,1199.3,1199.3,5086,0
2026-03-11 11:25:00+05:30,1199.3,1199.8,1197.6,1198.6,4949,0
2026-03-11 11:30:00+05:30,1198.6,1198.6,1194.4,1196.2,14251,0
2026-03-11 11:35:00+05:30,1196.2,1199.4,1196.2,1198.5,5433,0
2026-03-11 11:40:00+05:30,1198.5,1201.1,1197.8,1201.1,8603,0
2026-03-11 11:45:00+05:30,1201.1,1202.7,1200.5,1201.1,13283,0
2026-03-11 11:50:00+05:30,1201.1,1201.8,1199.3,1201.4,6135,0
2026-03-11 11:55:00+05:30,1201.4,1201.4,1199.6,1200.7,3448,0
2026-03-11 12:00:00+05:30,1200.7,1203.6,1200.0,1203.6,5026,0
2026-03-11 12:05:00+05:30,1203.6,1203.9,1198.1,1201.0,23788,0
2026-03-11 12:10:00+05:30,1200.5,1202.5,1199.8,1200.6,8775,0
2026-03-11 12:15:00+05:30,1200.9,1201.9,1200.6,1201.8,2617,0
2026-03-11 12:20:00+05:30,1201.8,1202.4,1201.2,1201.5,3803,0
2026-03-11 12:25:00+05:30,1201.6,1202.4,1200.6,1201.1,5206,0
2026-03-11 12:30:00+05:30,1200.6,1201.6,1200.0,1200.5,4009,0
2026-03-11 12:35:00+05:30,1200.5,1201.2,1198.5,1199.5,9515,0
2026-03-11 12:40:00+05:30,1199.0,1201.8,1198.9,1201.8,3660,0
2026-03-11 12:45:00+05:30,1201.6,1202.0,1197.8,1199.4,16734,0
2026-03-11 12:50:00+05:30,1199.4,1200.0,1198.1,1199.1,5234,0
2026-03-11 12:55:00+05:30,1199.1,1199.3,1197.1,1198.8,8164,0
2026-03-11 13:00:00+05:30,1198.7,1199.5,1196.3,1196.9,7043,0
2026-03-11 13:05:00+05:30,1196.8,1197.6,1195.2,1195.3,10286,0
2026-03-11 13:10:00+05:30,1195.2,1195.2,1191.1,1192.1,14623,0
2026-03-11 13:15:00+05:30,1192.1,1192.6,1190.9,1191.6,15554,0
2026-03-11 13:20:00+05:30,1192.0,1192.9,1191.5,1192.7,7442,0
2026-03-11 13:25:00+05:30,1192.7,1196.2,1192.3,1196.2,8779,0
2026-03-11 13:30:00+05:30,1196.1,1197.4,1195.8,1196.5,6702,0
2026-03-11 13:35:00+05:30,1196.5,1196.7,1194.6,1195.5,7399,0
2026-03-11 13:40:00+05:30,1195.5,1196.1,1194.7,1195.2,5241,0
2026-03-11 13:45:00+05:30,1195.5,1198.0,1194.2,1195.3,15764,0
2026-03-11 13:50:00+05:30,1195.0,1197.0,1194.8,1197.0,7370,0
2026-03-11 13:55:00+05:30,1197.0,1197.2,1194.5,1195.9,7189,0
2026-03-11 14:00:00+05:30,1195.9,1195.9,1194.2,1195.0,9204,0
2026-03-11 14:05:00+05:30,1195.0,1195.2,1192.2,1192.2,10554,0
2026-03-11 14:10:00+05:30,1192.2,1192.3,1188.9,1189.8,38907,0
2026-03-11 14:15:00+05:30,1189.8,1190.0,1186.2,1187.7,13237,0
2026-03-11 14:20:00+05:30,1187.7,1188.9,1186.4,1186.7,10451,0
2026-03-11 14:25:00+05:30,1186.9,1188.7,1182.7,1188.5,93934,0
2026-03-11 14:30:00+05:30,1188.4,1190.2,1184.8,1185.1,37671,0
2026-03-11 14:35:00+05:30,1185.5,1187.7,1183.4,1185.1,15582,0
2026-03-11 14:40:00+05:30,1184.8,1185.8,1183.5,1185.2,12312,0
2026-03-11 14:45:00+05:30,1185.2,1186.5,1180.1,1183.4,22510,0
2026-03-11 14:50:00+05:30,1183.4,1184.0,1180.7,1184.0,30157,0
2026-03-11 14:55:00+05:30,1184.0,1184.4,1180.2,1181.1,14378,0
2026-03-11 15:00:00+05:30,1181.0,1187.4,1181.0,1184.9,39881,0
2026-03-11 15:05:00+05:30,1185.1,1185.8,1177.7,1178.6,63217,0
2026-03-11 15:10:00+05:30,1178.6,1180.4,1176.4,1178.3,74913,0
2026-03-11 15:15:00+05:30,1178.2,1181.5,1177.1,1181.1,45008,0
2026-03-11 15:20:00+05:30,1180.7,1181.1,1175.3,1175.4,88185,0
2026-03-11 15:25:00+05:30,1175.8,1177.8,1171.0,1177.8,74995,0
2026-03-12 09:15:00+05:30,1175.0,1175.0,1150.0,1154.7,79409,0
2026-03-12 09:20:00+05:30,1154.7,1156.6,1152.8,1155.7,18629,0
2026-03-12 09:25:00+05:30,1155.7,1161.0,1150.2,1160.2,20139,0
2026-03-12 09:30:00+05:30,1160.2,1161.8,1158.4,1159.6,15496,0
2026-03-12 09:35:00+05:30,1159.6,1161.2,1157.3,1157.9,17263,0
2026-03-12 09:40:00+05:30,1157.9,1161.6,1157.9,1160.2,9452,0
2026-03-12 09:45:00+05:30,1160.6,1166.4,1160.6,1166.3,12245,0
2026-03-12 09:50:00+05:30,1166.2,1167.7,1164.2,1167.4,8503,0
2026-03-12 09:55:00+05:30,1167.4,1168.7,1163.0,1168.2,12923,0
2026-03-12 10:00:00+05:30,1168.2,1168.3,1163.1,1163.5,8630,0
2026-03-12 10:05:00+05:30,1163.5,1164.1,1158.0,1158.8,18707,0
2026-03-12 10:10:00+05:30,1159.0,1160.4,1156.8,1157.7,15624,0
2026-03-12 10:15:00+05:30,1157.6,1157.7,1155.0,1156.4,13917,0
2026-03-12 10:20:00+05:30,1155.9,1156.9,1153.1,1154.4,18300,0
2026-03-12 10:25:00+05:30,1154.4,1159.6,1154.4,1158.9,71033,0
2026-03-12 10:30:00+05:30,1158.9,1162.9,1156.3,1162.3,8535,0
2026-03-12 10:35:00+05:30,1161.6,1165.8,1158.7,1165.2,55554,0
2026-03-12 10:40:00+05:30,1165.2,1165.3,1162.0,1162.0,16630,0
2026-03-12 10:45:00+05:30,1162.0,1163.1,1160.5,1162.6,23876,0
2026-03-12 10:50:00+05:30,1162.7,1163.8,1161.1,1163.4,8423,0
2026-03-12 10:55:00+05:30,1163.2,1167.5,1162.6,1167.3,5667,0
2026-03-12 11:00:00+05:30,1167.6,1169.8,1167.0,1169.8,7248,0
2026-03-12 11:05:00+05:30,1169.8,1170.5,1167.6,1168.3,6377,0
2026-03-12 11:10:00+05:30,1168.3,1171.6,1168.1,1169.4,7758,0
2026-03-12 11:15:00+05:30,1168.9,1170.4,1165.0,1166.2,8268,0
2026-03-12 11:20:00+05:30,1166.3,1166.9,1163.9,1166.9,7868,0
2026-03-12 11:25:00+05:30,1166.1,1167.3,1165.4,1166.5,6019,0
2026-03-12 11:30:00+05:30,1166.5,1168.0,1165.5,1168.0,3365,0
2026-03-12 11:35:00+05:30,1168.0,1169.9,1167.5,1169.4,3237,0
2026-03-12 11:40:00+05:30,1169.9,1172.0,1168.4,1169.5,15629,0
2026-03-12 11:45:00+05:30,1169.9,1171.8,1169.3,1170.3,4369,0
2026-03-12 11:50:00+05:30,1169.8,1170.7,1168.8,1169.9,2640,0
2026-03-12 11:55:00+05:30,1169.9,1173.3,1169.9,1172.7,31593,0
2026-03-12 12:00:00+05:30,1172.7,1173.7,1171.7,1173.7,9432,0
2026-03-12 12:05:00+05:30,1173.7,1174.8,1171.0,1171.3,3934,0
2026-03-12 12:10:00+05:30,1171.2,1173.8,1169.7,1173.2,5361,0
2026-03-12 12:15:00+05:30,1173.2,1173.7,1170.7,1171.4,3060,0
2026-03-12 12:20:00+05:30,1171.4,1173.3,1170.9,1172.4,1866,0
2026-03-12 12:25:00+05:30,1172.4,1173.8,1172.0,1172.7,2839,0
2026-03-12 12:30:00+05:30,1172.7,1174.7,1168.1,1170.0,58628,0
2026-03-12 12:35:00+05:30,1169.5,1170.4,1167.6,1168.4,44742,0
2026-03-12 12:40:00+05:30,1168.4,1168.5,1167.0,1168.3,3975,0
2026-03-12 12:45:00+05:30,1168.3,1169.8,1166.1,1166.1,3124,0
2026-03-12 12:50:00+05:30,1166.1,1167.6,1166.0,1166.7,1658,0
2026-03-12 12:55:00+05:30,1166.7,1169.8,1166.4,1169.4,2817,0
2026-03-12 13:00:00+05:30,1169.4,1169.6,1168.1,1168.8,2116,0
2026-03-12 13:05:00+05:30,1168.8,1168.8,1165.1,1167.6,5575,0
2026-03-12 13:10:00+05:30,1167.8,1171.4,1167.6,1170.8,3945,0
2026-03-12 13:15:00+05:30,1170.8,1173.9,1170.3,1173.8,4783,0
2026-03-12 13:20:00+05:30,1173.8,1175.7,1172.5,1174.9,23691,0
2026-03-12 13:25:00+05:30,1175.3,1178.6,1173.0,1177.9,17279,0
2026-03-12 13:30:00+05:30,1178.0,1180.9,1177.3,1180.2,8861,0
2026-03-12 13:35:00+05:30,1180.5,1181.9,1179.4,1181.0,6467,0
2026-03-12 13:40:00+05:30,1181.2,1182.5,1177.6,1178.3,8438,0
2026-03-12 13:45:00+05:30,1178.8,1179.9,1178.1,1178.3,4832,0
2026-03-12 13:50:00+05:30,1178.6,1179.4,1176.4,1177.5,3242,0
2026-03-12 13:55:00+05:30,1177.5,1177.5,1174.6,1174.6,7701,0
2026-03-12 14:00:00+05:30,1175.0,1176.0,1173.8,1174.4,5719,0
2026-03-12 14:05:00+05:30,1174.4,1175.0,1171.2,1171.2,6804,0
2026-03-12 14:10:00+05:30,1171.2,1172.7,1167.6,1171.6,33421,0
2026-03-12 14:15:00+05:30,1171.5,1173.7,1170.2,1173.6,8830,0
2026-03-12 14:20:00+05:30,1173.6,1175.5,1173.2,1174.1,8046,0
2026-03-12 14:25:00+05:30,1174.1,1174.4,1172.7,1173.3,5066,0
2026-03-12 14:30:00+05:30,1173.3,1178.0,1172.9,1177.0,50326,0
2026-03-12 14:35:00+05:30,1176.7,1177.8,1175.0,1176.2,45162,0
2026-03-12 14:40:00+05:30,1176.2,1176.3,1172.8,1173.4,36421,0
2026-03-12 14:45:00+05:30,1173.4,1174.9,1171.7,1172.1,30889,0
2026-03-12 14:50:00+05:30,1172.4,1172.5,1168.2,1170.8,9187,0
2026-03-12 14:55:00+05:30,1171.0,1172.7,1170.0,1172.1,3805,0
2026-03-12 15:00:00+05:30,1172.6,1173.8,1170.6,1173.6,26792,0
2026-03-12 15:05:00+05:30,1173.7,1173.7,1170.7,1171.8,32348,0
2026-03-12 15:10:00+05:30,1172.0,1174.5,1171.7,1174.3,32902,0
2026-03-12 15:15:00+05:30,1174.4,1174.6,1171.7,1173.1,40109,0
2026-03-12 15:20:00+05:30,1173.1,1173.4,1171.7,1172.4,47420,0
2026-03-12 15:25:00+05:30,1172.4,1175.0,1168.3,1174.0,40689,0
2026-03-13 09:15:00+05:30,1166.7,1169.2,1159.3,1160.1,50569,0
2026-03-13 09:20:00+05:30,1160.1,1160.1,1155.2,1157.0,20324,0
2026-03-13 09:25:00+05:30,1157.4,1161.7,1154.4,1160.1,18331,0
2026-03-13 09:30:00+05:30,1160.3,1160.5,1151.1,1152.4,26435,0
2026-03-13 09:35:00+05:30,1152.4,1152.6,1146.2,1147.5,56229,0
2026-03-13 09:40:00+05:30,1148.1,1148.1,1144.4,1145.1,47698,0
2026-03-13 09:45:00+05:30,1145.4,1147.0,1144.3,1144.9,16917,0
2026-03-13 09:50:00+05:30,1144.9,1145.8,1141.0,1141.4,19893,0
2026-03-13 09:55:00+05:30,1141.4,1142.7,1140.2,1140.2,23583,0
2026-03-13 10:00:00+05:30,1140.4,1141.9,1137.7,1139.2,59556,0
2026-03-13 10:05:00+05:30,1139.2,1140.1,1137.0,1138.5,69870,0
2026-03-13 10:10:00+05:30,1138.8,1139.9,1135.6,1137.5,10866,0
2026-03-13 10:15:00+05:30,1137.8,1139.3,1135.6,1136.7,14732,0
2026-03-13 10:20:00+05:30,1136.7,1139.7,1135.0,1135.4,39166,0
2026-03-13 10:25:00+05:30,1135.5,1137.0,1133.2,1136.3,16130,0
2026-03-13 10:30:00+05:30,1136.8,1137.0,1132.1,1132.1,17439,0
2026-03-13 10:35:00+05:30,1132.7,1133.2,1130.5,1132.6,66909,0
2026-03-13 10:40:00+05:30,1133.3,1135.5,1130.5,1132.3,49485,0
2026-03-13 10:45:00+05:30,1132.7,1136.3,1131.4,1136.0,13611,0
2026-03-13 10:50:00+05:30,1136.0,1142.7,1135.9,1139.9,107951,0
2026-03-13 10:55:00+05:30,1140.1,1140.1,1136.3,1138.9,13445,0
2026-03-13 11:00:00+05:30,1139.0,1140.6,1137.7,1140.4,21527,0
2026-03-13 11:05:00+05:30,1140.4,1141.5,1139.1,1140.1,10700,0
2026-03-13 11:10:00+05:30,1140.1,1141.8,1139.3,1140.0,5287,0
2026-03-13 11:15:00+05:30,1140.0,1142.0,1138.3,1141.0,23689,0
2026-03-13 11:20:00+05:30,1141.0,1143.1,1140.9,1141.8,9735,0
2026-03-13 11:25:00+05:30,1141.9,1147.0,1141.3,1146.8,34294,0
2026-03-13 11:30:00+05:30,1146.8,1148.5,1145.7,1148.1,12440,0
2026-03-13 11:35:00+05:30,1148.2,1148.2,1145.3,1148.0,6105,0
2026-03-13 11:40:00+05:30,1148.0,1148.0,1145.3,1146.0,5535,0
2026-03-13 11:45:00+05:30,1146.0,1146.6,1145.2,1146.2,4134,0
2026-03-13 11:50:00+05:30,1146.2,1146.4,1143.4,1143.6,43025,0
2026-03-13 11:55:00+05:30,1143.8,1143.8,1141.0,1141.5,14785,0
2026-03-13 12:00:00+05:30,1141.9,1142.1,1139.5,1140.4,17200,0
2026-03-13 12:05:00+05:30,1140.9,1141.1,1139.5,1140.1,8967,0
2026-03-13 12:10:00+05:30,1140.5,1141.8,1139.0,1141.0,11146,0
2026-03-13 12:15:00+05:30,1141.4,1141.4,1138.1,1138.7,49760,0
2026-03-13 12:20:00+05:30,1138.7,1140.0,1135.8,1135.9,29166,0
2026-03-13 12:25:00+05:30,1136.5,1137.5,1135.6,1135.9,7293,0
2026-03-13 12:30:00+05:30,1136.0,1137.3,1135.0,1135.5,17139,0
2026-03-13 12:35:00+05:30,1135.7,1136.5,1135.0,1135.9,7541,0
2026-03-13 12:40:00+05:30,1135.9,1136.4,1135.0,1135.0,10925,0
2026-03-13 12:45:00+05:30,1135.3,1136.9,1135.0,1136.5,7073,0
2026-03-13 12:50:00+05:30,1136.6,1137.5,1134.3,1136.5,38085,0
2026-03-13 12:55:00+05:30,1136.5,1137.5,1135.3,1136.5,4106,0
2026-03-13 13:00:00+05:30,1136.9,1137.1,1135.0,1135.3,5772,0
2026-03-13 13:05:00+05:30,1135.5,1136.1,1133.0,1134.1,35873,0
2026-03-13 13:10:00+05:30,1134.1,1135.7,1131.9,1133.6,22297,0
2026-03-13 13:15:00+05:30,1133.6,1134.2,1125.3,1126.1,78477,0
2026-03-13 13:20:00+05:30,1126.2,1129.3,1125.4,1126.4,18410,0
2026-03-13 13:25:00+05:30,1126.4,1131.5,1124.3,1131.1,52214,0
2026-03-13 13:30:00+05:30,1131.1,1132.0,1127.5,1127.8,30238,0
2026-03-13 13:35:00+05:30,1127.7,1128.5,1126.7,1127.5,10013,0
2026-03-13 13:40:00+05:30,1127.5,1127.6,1124.8,1127.1,18470,0
2026-03-13 13:45:00+05:30,1127.1,1127.3,1125.7,1126.8,10165,0
2026-03-13 13:50:00+05:30,1126.9,1127.9,1124.6,1126.5,27662,0
2026-03-13 13:55:00+05:30,1126.7,1126.9,1123.7,1124.5,17999,0
2026-03-13 14:00:00+05:30,1124.7,1126.5,1123.1,1124.6,33906,0
2026-03-13 14:05:00+05:30,1124.6,1127.6,1123.8,1126.5,18955,0
2026-03-13 14:10:00+05:30,1126.8,1129.7,1126.0,1129.5,12257,0
2026-03-13 14:15:00+05:30,1129.6,1131.0,1127.0,1130.6,15671,0
2026-03-13 14:20:00+05:30,1131.0,1132.0,1128.6,1129.5,26352,0
2026-03-13 14:25:00+05:30,1129.6,1131.0,1128.6,1128.7,15687,0
2026-03-13 14:30:00+05:30,1129.0,1130.3,1127.5,1127.9,21316,0
2026-03-13 14:35:00+05:30,1127.9,1128.4,1123.7,1124.1,59467,0
2026-03-13 14:40:00+05:30,1124.0,1124.9,1122.4,1124.3,17381,0
2026-03-13 14:45:00+05:30,1124.8,1125.1,1121.8,1123.2,29142,0
2026-03-13 14:50:00+05:30,1123.4,1126.3,1122.5,1123.4,11608,0
2026-03-13 14:55:00+05:30,1123.4,1125.0,1120.3,1124.2,36771,0
2026-03-13 15:00:00+05:30,1124.4,1124.8,1120.9,1121.5,46209,0
2026-03-13 15:05:00+05:30,1122.3,1123.1,1117.6,1119.3,49928,0
2026-03-13 15:10:00+05:30,1119.3,1119.7,1116.7,1118.2,92650,0
2026-03-13 15:15:00+05:30,1118.2,1124.4,1116.1,1122.6,152066,0
2026-03-13 15:20:00+05:30,1122.6,1122.6,1116.0,1117.7,97832,0
2026-03-13 15:25:00+05:30,1117.7,1123.9,1115.5,1120.0,60841,0
2026-03-16 09:15:00+05:30,1121.5,1139.8,1120.1,1138.2,111878,0
2026-03-16 09:20:00+05:30,1138.1,1143.4,1135.1,1136.3,51600,0
2026-03-16 09:25:00+05:30,1136.1,1137.8,1129.2,1134.5,65494,0
2026-03-16 09:30:00+05:30,1134.0,1139.6,1133.7,1139.2,53049,0
2026-03-16 09:35:00+05:30,1139.6,1141.5,1137.7,1139.6,39276,0
2026-03-16 09:40:00+05:30,1139.9,1145.8,1139.0,1140.0,44578,0
2026-03-16 09:45:00+05:30,1139.7,1143.0,1138.6,1139.0,47658,0
2026-03-16 09:50:00+05:30,1139.0,1141.7,1138.5,1140.1,20063,0
2026-03-16 09:55:00+05:30,1140.1,1141.6,1137.5,1137.5,26802,0
2026-03-16 10:00:00+05:30,1137.5,1139.9,1136.5,1139.7,21633,0
2026-03-16 10:05:00+05:30,1139.8,1141.2,1138.1,1138.8,18347,0
2026-03-16 10:10:00+05:30,1139.0,1139.3,1135.5,1137.8,26545,0
2026-03-16 10:15:00+05:30,1137.8,1137.8,1135.2,1136.9,24238,0
2026-03-16 10:20:00+05:30,1136.4,1137.0,1133.4,1135.2,56769,0
2026-03-16 10:25:00+05:30,1135.2,1135.2,1132.0,1133.1,32756,0
2026-03-16 10:30:00+05:30,1133.4,1137.7,1133.1,1136.4,24007,0
2026-03-16 10:35:00+05:30,1136.4,1139.3,1135.6,1137.1,28238,0
2026-03-16 10:40:00+05:30,1137.6,1139.0,1136.6,1137.3,10676,0
2026-03-16 10:45:00+05:30,1137.6,1138.5,1137.0,1137.6,12305,0
2026-03-16 10:50:00+05:30,1138.0,1138.4,1134.1,1134.1,14392,0
2026-03-16 10:55:00+05:30,1134.2,1139.0,1132.8,1138.7,41938,0
2026-03-16 11:00:00+05:30,1138.9,1140.5,1137.6,1139.0,28783,0
2026-03-16 11:05:00+05:30,1139.2,1141.8,1138.5,1140.1,23463,0
2026-03-16 11:10:00+05:30,1140.5,1141.5,1139.0,1141.5,18591,0
2026-03-16 11:15:00+05:30,1141.3,1144.9,1140.5,1144.4,27327,0
2026-03-16 11:20:00+05:30,1144.4,1149.3,1143.3,1148.6,44953,0
2026-03-16 11:25:00+05:30,1148.3,1148.4,1145.7,1146.5,16007,0
2026-03-16 11:30:00+05:30,1146.6,1146.7,1144.0,1146.0,23761,0
2026-03-16 11:35:00+05:30,1145.9,1146.7,1144.6,1145.1,19187,0
2026-03-16 11:40:00+05:30,1145.0,1147.0,1143.9,1144.3,18512,0
2026-03-16 11:45:00+05:30,1144.8,1145.5,1144.2,1145.0,13489,0
2026-03-16 11:50:00+05:30,1145.2,1145.2,1142.1,1143.2,16520,0
2026-03-16 11:55:00+05:30,1143.1,1144.0,1141.6,1142.5,16969,0
2026-03-16 12:00:00+05:30,1142.5,1144.9,1141.5,1141.5,13794,0
2026-03-16 12:05:00+05:30,1141.6,1142.4,1140.1,1141.3,48586,0
2026-03-16 12:10:00+05:30,1141.3,1143.5,1140.4,1140.9,16209,0
2026-03-16 12:15:00+05:30,1140.9,1142.3,1140.3,1142.3,12954,0
2026-03-16 12:20:00+05:30,1142.3,1142.3,1140.7,1142.3,10622,0
2026-03-16 12:25:00+05:30,1142.3,1142.7,1140.8,1142.3,12956,0
2026-03-16 12:30:00+05:30,1142.3,1142.4,1138.4,1138.8,26402,0
2026-03-16 12:35:00+05:30,1138.8,1140.8,1137.0,1139.8,38414,0
2026-03-16 12:40:00+05:30,1139.8,1140.5,1138.0,1138.5,23055,0
2026-03-16 12:45:00+05:30,1138.9,1139.0,1135.0,1135.6,32672,0
2026-03-16 12:50:00+05:30,1135.4,1136.2,1134.2,1135.8,21767,0
2026-03-16 12:55:00+05:30,1135.8,1135.9,1133.8,1135.7,21025,0
2026-03-16 13:00:00+05:30,1135.1,1136.3,1132.5,1132.8,21986,0
2026-03-16 13:05:00+05:30,1132.5,1133.9,1128.9,1133.0,32343,0
2026-03-16 13:10:00+05:30,1133.0,1134.9,1131.6,1132.5,16840,0
2026-03-16 13:15:00+05:30,1132.2,1133.2,1131.6,1132.9,13595,0
2026-03-16 13:20:00+05:30,1133.1,1133.6,1131.0,1131.4,13603,0
2026-03-16 13:25:00+05:30,1131.4,1132.4,1131.1,1132.2,12880,0
2026-03-16 13:30:00+05:30,1132.2,1133.2,1128.7,1130.3,31778,0
2026-03-16 13:35:00+05:30,1130.3,1133.1,1130.1,1133.1,12552,0
2026-03-16 13:40:00+05:30,1133.1,1134.3,1129.8,1129.8,25844,0
2026-03-16 13:45:00+05:30,1129.8,1130.8,1128.6,1130.0,15415,0
2026-03-16 13:50:00+05:30,1129.9,1132.2,1129.0,1129.6,25708,0
2026-03-16 13:55:00+05:30,1129.6,1130.7,1129.0,1130.1,10621,0
2026-03-16 14:00:00+05:30,1130.1,1130.1,1128.2,1128.7,16022,0
2026-03-16 14:05:00+05:30,1128.7,1129.8,1126.7,1129.8,21672,0
2026-03-16 14:10:00+05:30,1129.8,1132.0,1128.4,1129.9,19993,0
2026-03-16 14:15:00+05:30,1129.9,1134.4,1128.1,1134.4,24037,0
2026-03-16 14:20:00+05:30,1134.4,1140.0,1133.8,1139.9,67946,0
2026-03-16 14:25:00+05:30,1139.9,1142.1,1137.2,1140.9,64136,0
2026-03-16 14:30:00+05:30,1140.9,1142.8,1139.5,1140.5,66678,0
2026-03-16 14:35:00+05:30,1140.5,1142.6,1140.0,1141.9,60814,0
2026-03-16 14:40:00+05:30,1141.9,1148.3,1140.4,1147.1,80626,0
2026-03-16 14:45:00+05:30,1147.7,1147.9,1144.6,1146.9,55057,0
2026-03-16 14:50:00+05:30,1147.1,1147.5,1144.1,1145.1,57482,0
2026-03-16 14:55:00+05:30,1145.5,1148.5,1143.6,1148.2,57723,0
2026-03-16 15:00:00+05:30,1148.3,1148.8,1144.7,1145.9,96218,0
2026-03-16 15:05:00+05:30,1145.9,1150.0,1145.9,1148.9,72764,0
2026-03-16 15:10:00+05:30,1148.9,1149.3,1144.4,1146.0,77837,0
2026-03-16 15:15:00+05:30,1145.9,1146.1,1143.2,1143.6,62513,0
2026-03-16 15:20:00+05:30,1143.5,1144.5,1142.6,1142.8,75738,0
2026-03-16 15:25:00+05:30,1142.1,1144.1,1138.5,1143.0,64494,0
2026-03-17 09:15:00+05:30,1147.0,1158.9,1146.5,1147.9,42223,0
2026-03-17 09:20:00+05:30,1147.9,1147.9,1143.3,1144.0,24380,0
2026-03-17 09:25:00+05:30,1143.6,1144.3,1140.0,1140.3,21841,0
2026-03-17 09:30:00+05:30,1140.5,1144.4,1139.2,1142.8,15238,0
2026-03-17 09:35:00+05:30,1142.8,1148.0,1142.2,1147.8,14776,0
2026-03-17 09:40:00+05:30,1147.2,1148.9,1145.1,1148.5,17533,0
2026-03-17 09:45:00+05:30,1148.5,1154.2,1147.2,1151.3,35906,0
2026-03-17 09:50:00+05:30,1151.6,1153.0,1149.3,1150.9,17803,0
2026-03-17 09:55:00+05:30,1151.2,1153.6,1149.2,1152.7,19234,0
2026-03-17 10:00:00+05:30,1152.8,1158.6,1152.6,1158.4,78832,0
2026-03-17 10:05:00+05:30,1158.7,1159.9,1155.4,1157.8,15446,0
2026-03-17 10:10:00+05:30,1157.4,1157.7,1155.3,1157.2,6827,0
2026-03-17 10:15:00+05:30,1157.4,1161.6,1157.2,1161.4,11288,0
2026-03-17 10:20:00+05:30,1160.9,1163.5,1159.2,1162.2,29573,0
2026-03-17 10:25:00+05:30,1162.3,1162.6,1157.8,1157.8,11330,0
2026-03-17 10:30:00+05:30,1157.8,1159.0,1154.0,1156.5,68301,0
2026-03-17 10:35:00+05:30,1156.0,1158.8,1155.5,1158.6,20197,0
2026-03-17 10:40:00+05:30,1158.8,1158.8,1155.1,1157.6,12972,0
2026-03-17 10:45:00+05:30,1157.1,1160.5,1157.1,1160.5,15536,0
2026-03-17 10:50:00+05:30,1160.4,1161.0,1159.4,1159.9,11221,0
2026-03-17 10:55:00+05:30,1159.9,1161.0,1159.1,1159.6,8571,0
2026-03-17 11:00:00+05:30,1159.7,1159.7,1157.0,1157.3,4470,0
2026-03-17 11:05:00+05:30,1157.3,1158.4,1154.8,1155.1,7380,0
2026-03-17 11:10:00+05:30,1155.5,1156.1,1154.0,1155.6,10054,0
2026-03-17 11:15:00+05:30,1155.5,1156.9,1154.0,1154.0,12076,0
2026-03-17 11:20:00+05:30,1154.0,1154.9,1151.2,1151.2,129350,0
2026-03-17 11:25:00+05:30,1151.2,1152.5,1149.3,1149.8,21894,0
2026-03-17 11:30:00+05:30,1149.8,1150.3,1146.7,1147.1,19733,0
2026-03-17 11:35:00+05:30,1147.6,1149.0,1147.1,1148.5,10559,0
2026-03-17 11:40:00+05:30,1148.4,1149.7,1147.1,1148.7,10568,0
2026-03-17 11:45:00+05:30,1148.7,1151.6,1147.8,1149.9,8451,0
2026-03-17 11:50:00+05:30,1149.8,1152.1,1149.3,1150.4,11605,0
2026-03-17 11:55:00+05:30,1150.4,1152.7,1148.2,1152.6,8021,0
2026-03-17 12:00:00+05:30,1152.6,1152.6,1148.1,1148.1,6684,0
2026-03-17 12:05:00+05:30,1148.7,1149.4,1148.0,1149.4,10338,0
2026-03-17 12:10:00+05:30,1149.4,1150.9,1149.0,1150.3,5702,0
2026-03-17 12:15:00+05:30,1150.3,1150.3,1147.1,1147.1,9041,0
2026-03-17 12:20:00+05:30,1147.1,1149.3,1147.0,1147.0,6190,0
2026-03-17 12:25:00+05:30,1147.5,1149.2,1147.0,1149.2,10635,0
2026-03-17 12:30:00+05:30,1149.2,1149.2,1147.0,1148.9,7514,0
2026-03-17 12:35:00+05:30,1148.9,1150.2,1147.3,1148.9,12268,0
2026-03-17 12:40:00+05:30,1148.7,1150.4,1147.6,1150.0,5114,0
2026-03-17 12:45:00+05:30,1150.0,1154.2,1149.6,1154.2,14677,0
2026-03-17 12:50:00+05:30,1154.2,1155.0,1151.5,1152.3,11805,0
2026-03-17 12:55:00+05:30,1152.0,1154.5,1151.8,1154.1,10150,0
2026-03-17 13:00:00+05:30,1154.1,1159.5,1154.1,1158.6,30294,0
2026-03-17 13:05:00+05:30,1158.2,1159.3,1156.1,1159.0,12330,0
2026-03-17 13:10:00+05:30,1159.0,1160.1,1157.7,1159.8,16995,0
2026-03-17 13:15:00+05:30,1159.8,1165.2,1159.3,1164.3,45338,0
2026-03-17 13:20:00+05:30,1164.3,1164.5,1161.6,1162.3,21270,0
2026-03-17 13:25:00+05:30,1162.3,1163.7,1161.2,1162.7,16091,0
2026-03-17 13:30:00+05:30,1162.7,1164.8,1161.6,1161.6,30472,0
2026-03-17 13:35:00+05:30,1161.6,1162.6,1159.3,1160.0,11477,0
2026-03-17 13:40:00+05:30,1159.5,1160.7,1158.0,1158.5,14763,0
2026-03-17 13:45:00+05:30,1158.5,1160.5,1157.9,1159.9,17350,0
2026-03-17 13:50:00+05:30,1159.9,1162.4,1159.0,1162.1,17309,0
2026-03-17 13:55:00+05:30,1161.8,1162.0,1159.6,1160.4,9379,0
2026-03-17 14:00:00+05:30,1160.4,1162.1,1159.6,1160.8,12105,0
2026-03-17 14:05:00+05:30,1160.4,1161.7,1158.1,1161.6,11777,0
2026-03-17 14:10:00+05:30,1161.7,1163.9,1161.6,1163.6,17835,0
2026-03-17 14:15:00+05:30,1163.6,1163.7,1159.5,1160.8,21381,0
2026-03-17 14:20:00+05:30,1160.8,1161.5,1157.1,1158.4,17686,0
2026-03-17 14:25:00+05:30,1158.1,1160.7,1156.2,1159.9,13848,0
2026-03-17 14:30:00+05:30,1159.9,1162.5,1159.9,1162.5,6928,0
2026-03-17 14:35:00+05:30,1162.4,1164.9,1162.2,1162.6,23144,0
2026-03-17 14:40:00+05:30,1162.6,1163.2,1161.1,1161.9,12320,0
2026-03-17 14:45:00+05:30,1161.9,1162.9,1159.7,1162.9,19529,0
2026-03-17 14:50:00+05:30,1162.9,1166.2,1162.9,1166.0,34691,0
2026-03-17 14:55:00+05:30,1165.9,1167.3,1165.1,1167.1,12937,0
2026-03-17 15:00:00+05:30,1167.1,1167.5,1163.9,1167.4,74995,0
2026-03-17 15:05:00+05:30,1167.4,1167.8,1165.2,1167.3,71723,0
2026-03-17 15:10:00+05:30,1166.9,1168.4,1166.0,1167.6,69484,0
2026-03-17 15:15:00+05:30,1167.6,1169.3,1167.1,1167.4,85533,0
2026-03-17 15:20:00+05:30,1167.4,1168.9,1167.2,1168.0,85211,0
2026-03-17 15:25:00+05:30,1167.6,1168.5,1164.8,1164.8,62866,0
2026-03-18 09:15:00+05:30,1164.3,1167.2,1160.3,1163.6,40214,0
2026-03-18 09:20:00+05:30,1163.3,1163.9,1160.1,1161.9,12382,0
2026-03-18 09:25:00+05:30,1161.9,1165.9,1160.6,1165.8,40269,0
2026-03-18 09:30:00+05:30,1165.9,1172.4,1165.9,1169.5,75010,0
2026-03-18 09:35:00+05:30,1170.0,1170.4,1167.5,1168.4,28540,0
2026-03-18 09:40:00+05:30,1168.3,1171.0,1167.1,1169.4,40185,0
2026-03-18 09:45:00+05:30,1169.4,1170.9,1167.1,1167.6,11603,0
2026-03-18 09:50:00+05:30,1168.0,1169.4,1167.4,1167.9,5083,0
2026-03-18 09:55:00+05:30,1167.9,1168.2,1162.8,1163.5,15574,0
2026-03-18 10:00:00+05:30,1164.0,1164.0,1160.5,1160.5,11788,0
2026-03-18 10:05:00+05:30,1160.6,1162.0,1160.1,1160.4,7259,0
2026-03-18 10:10:00+05:30,1160.8,1163.1,1160.2,1162.3,6238,0
2026-03-18 10:15:00+05:30,1162.7,1164.8,1161.7,1164.8,4479,0
2026-03-18 10:20:00+05:30,1164.8,1167.3,1164.0,1166.9,6659,0
2026-03-18 10:25:00+05:30,1166.9,1167.1,1165.7,1165.9,2341,0
2026-03-18 10:30:00+05:30,1165.9,1167.4,1165.8,1165.9,6555,0
2026-03-18 10:35:00+05:30,1165.9,1166.8,1164.4,1165.3,4197,0
2026-03-18 10:40:00+05:30,1165.8,1166.0,1164.1,1164.5,2803,0
2026-03-18 10:45:00+05:30,1164.7,1167.0,1164.5,1166.9,3892,0
2026-03-18 10:50:00+05:30,1167.0,1168.8,1166.5,1168.2,7371,0
2026-03-18 10:55:00+05:30,1168.6,1174.2,1168.3,1172.1,15729,0
2026-03-18 11:00:00+05:30,1172.5,1173.8,1171.6,1172.9,5004,0
2026-03-18 11:05:00+05:30,1173.5,1174.9,1170.6,1174.2,20303,0
2026-03-18 11:10:00+05:30,1174.5,1174.7,1172.9,1174.0,4627,0
2026-03-18 11:15:00+05:30,1174.0,1179.7,1173.5,1179.4,89308,0
2026-03-18 11:20:00+05:30,1179.7,1179.9,1178.0,1178.9,10495,0
2026-03-18 11:25:00+05:30,1179.1,1179.5,1176.7,1177.4,9303,0
2026-03-18 11:30:00+05:30,1177.5,1178.0,1175.0,1175.0,10477,0
2026-03-18 11:35:00+05:30,1175.2,1180.3,1174.7,1179.6,79586,0
2026-03-18 11:40:00+05:30,1179.9,1181.5,1179.4,1179.5,8153,0
2026-03-18 11:45:00+05:30,1179.5,1179.6,1178.1,1178.6,7643,0
2026-03-18 11:50:00+05:30,1178.4,1181.0,1178.2,1180.9,5315,0
2026-03-18 11:55:00+05:30,1180.9,1180.9,1179.2,1179.7,5981,0
2026-03-18 12:00:00+05:30,1179.7,1180.0,1177.1,1177.6,11124,0
2026-03-18 12:05:00+05:30,1177.6,1178.8,1177.1,1177.5,7928,0
2026-03-18 12:10:00+05:30,1177.9,1179.8,1177.1,1177.8,11455,0
2026-03-18 12:15:00+05:30,1178.0,1178.9,1177.4,1178.9,1979,0
2026-03-18 12:20:00+05:30,1178.9,1178.9,1177.3,1178.7,4967,0
2026-03-18 12:25:00+05:30,1178.7,1178.8,1175.9,1177.0,5040,0
2026-03-18 12:30:00+05:30,1177.0,1178.6,1176.3,1178.0,2914,0
2026-03-18 12:35:00+05:30,1178.2,1179.0,1176.6,1177.5,4874,0
2026-03-18 12:40:00+05:30,1177.5,1179.8,1177.1,1179.8,3104,0
2026-03-18 12:45:00+05:30,1179.8,1180.8,1179.3,1180.3,5038,0
2026-03-18 12:50:00+05:30,1180.3,1180.8,1178.1,1178.9,7220,0
2026-03-18 12:55:00+05:30,1178.9,1178.9,1176.4,1177.0,8772,0
2026-03-18 13:00:00+05:30,1176.5,1177.8,1175.5,1177.3,5709,0
2026-03-18 13:05:00+05:30,1177.3,1177.3,1174.9,1175.6,6784,0
2026-03-18 13:10:00+05:30,1175.6,1177.9,1175.4,1177.8,9603,0
2026-03-18 13:15:00+05:30,1177.8,1178.4,1176.0,1178.1,4994,0
2026-03-18 13:20:00+05:30,1178.1,1179.3,1177.5,1179.1,3407,0
2026-03-18 13:25:00+05:30,1179.1,1179.8,1177.1,1177.7,3528,0
2026-03-18 13:30:00+05:30,1177.9,1179.5,1177.4,1179.5,3361,0
2026-03-18 13:35:00+05:30,1179.5,1180.6,1178.7,1180.3,7021,0
2026-03-18 13:40:00+05:30,1180.6,1181.7,1179.8,1181.7,2388,0
2026-03-18 13:45:00+05:30,1181.7,1183.7,1180.4,1182.8,14278,0
2026-03-18 13:50:00+05:30,1183.2,1183.3,1181.4,1182.4,7481,0
2026-03-18 13:55:00+05:30,1182.5,1182.7,1179.3,1179.9,14699,0
2026-03-18 14:00:00+05:30,1180.0,1182.0,1179.0,1180.5,13829,0
2026-03-18 14:05:00+05:30,1180.5,1182.0,1179.5,1181.4,5089,0
2026-03-18 14:10:00+05:30,1181.4,1182.0,1179.9,1180.4,4600,0
2026-03-18 14:15:00+05:30,1180.4,1182.7,1179.6,1182.1,5927,0
2026-03-18 14:20:00+05:30,1182.1,1183.8,1181.8,1183.4,22797,0
2026-03-18 14:25:00+05:30,1183.6,1184.1,1182.4,1183.1,11501,0
2026-03-18 14:30:00+05:30,1183.1,1183.4,1180.0,1180.2,7777,0
2026-03-18 14:35:00+05:30,1180.4,1182.2,1179.6,1181.2,13919,0
2026-03-18 14:40:00+05:30,1181.2,1183.0,1180.5,1181.0,6653,0
2026-03-18 14:45:00+05:30,1181.1,1184.0,1180.9,1182.7,9828,0
2026-03-18 14:50:00+05:30,1182.8,1183.0,1179.9,1181.0,15002,0
2026-03-18 14:55:00+05:30,1181.0,1181.2,1179.1,1180.8,92675,0
2026-03-18 15:00:00+05:30,1180.6,1183.3,1179.0,1181.6,43461,0
2026-03-18 15:05:00+05:30,1182.0,1183.8,1181.3,1181.9,79361,0
2026-03-18 15:10:00+05:30,1182.0,1182.1,1180.8,1181.6,46460,0
2026-03-18 15:15:00+05:30,1181.7,1181.9,1178.6,1179.6,46334,0
2026-03-18 15:20:00+05:30,1179.6,1179.6,1176.3,1178.0,51633,0
2026-03-18 15:25:00+05:30,1177.7,1179.0,1173.0,1173.0,45891,0
2026-03-19 09:15:00+05:30,1159.3,1165.9,1155.2,1156.6,55489,0
2026-03-19 09:20:00+05:30,1156.2,1165.0,1155.7,1164.3,34571,0
2026-03-19 09:25:00+05:30,1165.0,1165.0,1156.3,1157.0,25984,0
2026-03-19 09:30:00+05:30,1157.0,1158.5,1152.5,1152.8,47838,0
2026-03-19 09:35:00+05:30,1152.8,1154.7,1149.2,1149.6,28887,0
2026-03-19 09:40:00+05:30,1149.8,1151.5,1148.0,1148.2,39862,0
2026-03-19 09:45:00+05:30,1148.1,1150.8,1146.3,1148.7,29692,0
2026-03-19 09:50:00+05:30,1148.7,1151.3,1148.3,1151.0,13074,0
2026-03-19 09:55:00+05:30,1151.0,1152.5,1150.0,1151.9,10076,0
2026-03-19 10:00:00+05:30,1151.8,1153.1,1150.1,1152.2,19331,0
2026-03-19 10:05:00+05:30,1152.2,1158.0,1152.1,1157.1,87877,0
2026-03-19 10:10:00+05:30,1157.0,1158.0,1155.2,1155.8,96032,0
2026-03-19 10:15:00+05:30,1155.8,1157.0,1152.3,1154.2,61894,0
2026-03-19 10:20:00+05:30,1154.2,1155.1,1149.0,1149.5,140560,0
2026-03-19 10:25:00+05:30,1149.5,1153.8,1148.3,1152.0,29696,0
2026-03-19 10:30:00+05:30,1151.9,1153.5,1150.6,1150.6,12032,0
2026-03-19 10:35:00+05:30,1150.6,1155.8,1150.1,1155.7,16301,0
2026-03-19 10:40:00+05:30,1155.7,1155.9,1152.9,1155.5,47739,0
2026-03-19 10:45:00+05:30,1155.5,1155.9,1150.7,1150.7,11198,0
2026-03-19 10:50:00+05:30,1151.3,1152.9,1150.9,1152.5,9627,0
2026-03-19 10:55:00+05:30,1152.5,1152.9,1150.6,1150.8,9266,0
2026-03-19 11:00:00+05:30,1150.9,1152.3,1150.7,1151.5,11960,0
2026-03-19 11:05:00+05:30,1151.5,1151.9,1149.4,1149.4,12375,0
2026-03-19 11:10:00+05:30,1149.5,1151.1,1148.8,1149.7,11178,0
2026-03-19 11:15:00+05:30,1149.4,1150.9,1149.1,1150.1,10074,0
2026-03-19 11:20:00+05:30,1150.1,1152.3,1149.7,1151.6,7032,0
2026-03-19 11:25:00+05:30,1151.6,1152.8,1151.0,1151.3,13637,0
2026-03-19 11:30:00+05:30,1151.3,1152.5,1146.5,1147.1,17226,0
2026-03-19 11:35:00+05:30,1147.1,1147.8,1145.0,1146.1,16711,0
2026-03-19 11:40:00+05:30,1146.1,1146.1,1143.7,1144.8,14945,0
2026-03-19 11:45:00+05:30,1144.5,1146.4,1144.5,1145.2,8882,0
2026-03-19 11:50:00+05:30,1145.5,1145.9,1144.0,1144.8,8801,0
2026-03-19 11:55:00+05:30,1145.0,1145.0,1143.8,1144.0,11737,0
2026-03-19 12:00:00+05:30,1144.0,1144.5,1142.6,1144.5,15942,0
2026-03-19 12:05:00+05:30,1144.5,1146.4,1144.0,1145.2,4752,0
2026-03-19 12:10:00+05:30,1145.2,1147.5,1145.2,1146.2,8246,0
2026-03-19 12:15:00+05:30,1146.2,1148.0,1145.9,1147.2,6874,0
2026-03-19 12:20:00+05:30,1147.3,1147.3,1145.0,1145.5,7948,0
2026-03-19 12:25:00+05:30,1145.4,1146.7,1145.0,1146.4,4306,0
2026-03-19 12:30:00+05:30,1146.6,1147.5,1144.3,1147.4,12079,0
2026-03-19 12:35:00+05:30,1147.3,1147.9,1146.8,1147.7,5762,0
2026-03-19 12:40:00+05:30,1147.5,1148.9,1145.5,1146.4,17343,0
2026-03-19 12:45:00+05:30,1146.0,1148.9,1145.4,1147.9,7470,0
2026-03-19 12:50:00+05:30,1147.9,1148.8,1146.2,1147.7,5820,0
2026-03-19 12:55:00+05:30,1147.7,1151.0,1147.7,1150.7,12805,0
2026-03-19 13:00:00+05:30,1150.7,1150.7,1148.0,1148.4,79086,0
2026-03-19 13:05:00+05:30,1148.4,1149.0,1145.0,1145.8,40102,0
2026-03-19 13:10:00+05:30,1145.4,1147.4,1140.0,1140.0,59303,0
2026-03-19 13:15:00+05:30,1140.1,1142.0,1135.8,1137.5,66683,0
2026-03-19 13:20:00+05:30,1137.6,1138.0,1136.0,1138.0,14943,0
2026-03-19 13:25:00+05:30,1137.5,1139.2,1135.0,1135.8,19493,0
2026-03-19 13:30:00+05:30,1135.8,1138.7,1135.7,1136.0,7392,0
2026-03-19 13:35:00+05:30,1136.0,1139.6,1136.0,1139.5,6370,0
2026-03-19 13:40:00+05:30,1139.6,1139.7,1137.5,1137.5,9886,0
2026-03-19 13:45:00+05:30,1137.5,1139.4,1136.6,1138.7,10789,0
2026-03-19 13:50:00+05:30,1138.7,1139.1,1136.9,1138.0,7003,0
2026-03-19 13:55:00+05:30,1138.0,1140.3,1135.7,1136.4,40305,0
2026-03-19 14:00:00+05:30,1136.7,1137.0,1133.9,1134.8,18735,0
2026-03-19 14:05:00+05:30,1135.0,1135.3,1133.4,1133.6,7916,0
2026-03-19 14:10:00+05:30,1133.6,1134.4,1132.3,1133.5,18605,0
2026-03-19 14:15:00+05:30,1133.6,1137.2,1133.4,1137.0,12653,0
2026-03-19 14:20:00+05:30,1137.0,1137.0,1133.5,1136.5,22066,0
2026-03-19 14:25:00+05:30,1136.2,1137.4,1133.4,1133.5,22539,0
2026-03-19 14:30:00+05:30,1133.8,1136.5,1133.8,1135.5,20979,0
2026-03-19 14:35:00+05:30,1135.1,1136.9,1131.6,1132.1,22584,0
2026-03-19 14:40:00+05:30,1132.1,1137.5,1132.1,1137.1,43959,0
2026-03-19 14:45:00+05:30,1137.5,1137.5,1133.4,1134.7,30547,0
2026-03-19 14:50:00+05:30,1134.8,1134.8,1129.7,1129.8,95303,0
2026-03-19 14:55:00+05:30,1129.9,1132.0,1126.7,1129.1,92053,0
2026-03-19 15:00:00+05:30,1129.2,1133.6,1127.6,1132.5,44925,0
2026-03-19 15:05:00+05:30,1132.5,1133.3,1130.6,1132.2,32470,0
2026-03-19 15:10:00+05:30,1132.6,1134.4,1129.1,1131.3,96168,0
2026-03-19 15:15:00+05:30,1131.3,1132.4,1127.5,1131.8,63855,0
2026-03-19 15:20:00+05:30,1131.8,1133.2,1128.2,1131.1,80917,0
2026-03-19 15:25:00+05:30,1131.1,1135.9,1129.1,1134.9,38265,0
2026-03-20 09:15:00+05:30,1139.1,1152.3,1138.0,1152.3,45091,0
2026-03-20 09:20:00+05:30,1152.3,1156.7,1149.0,1156.7,33376,0
2026-03-20 09:25:00+05:30,1157.0,1158.9,1154.8,1158.8,16739,0
2026-03-20 09:30:00+05:30,1158.5,1168.0,1158.0,1167.7,67225,0
2026-03-20 09:35:00+05:30,1167.6,1167.8,1161.8,1164.5,36046,0
2026-03-20 09:40:00+05:30,1165.1,1165.3,1162.8,1163.2,10987,0
2026-03-20 09:45:00+05:30,1163.2,1164.5,1162.4,1164.4,23898,0
2026-03-20 09:50:00+05:30,1164.5,1166.3,1162.6,1163.6,19656,0
2026-03-20 09:55:00+05:30,1163.6,1166.4,1163.5,1165.9,13374,0
2026-03-20 10:00:00+05:30,1165.9,1165.9,1160.5,1165.0,20327,0
2026-03-20 10:05:00+05:30,1165.0,1171.6,1165.0,1170.6,39528,0
2026-03-20 10:10:00+05:30,1170.7,1171.8,1169.5,1170.4,30431,0
2026-03-20 10:15:00+05:30,1170.4,1171.9,1168.8,1171.0,34061,0
2026-03-20 10:20:00+05:30,1171.0,1172.4,1170.4,1172.0,14231,0
2026-03-20 10:25:00+05:30,1172.0,1172.1,1170.4,1171.8,15513,0
2026-03-20 10:30:00+05:30,1171.8,1173.1,1171.0,1172.7,19393,0
2026-03-20 10:35:00+05:30,1172.7,1177.9,1172.4,1177.9,51309,0
2026-03-20 10:40:00+05:30,1177.9,1179.2,1176.7,1177.4,27983,0
2026-03-20 10:45:00+05:30,1177.4,1178.5,1176.3,1177.5,22428,0
2026-03-20 10:50:00+05:30,1177.5,1181.4,1177.1,1180.9,39240,0
2026-03-20 10:55:00+05:30,1180.5,1181.0,1180.0,1181.0,19058,0
2026-03-20 11:00:00+05:30,1181.0,1182.9,1180.0,1180.8,27961,0
2026-03-20 11:05:00+05:30,1180.9,1183.5,1180.1,1181.7,31936,0
2026-03-20 11:10:00+05:30,1182.5,1182.6,1180.0,1181.0,16966,0
2026-03-20 11:15:00+05:30,1180.9,1183.3,1180.5,1182.7,24050,0
2026-03-20 11:20:00+05:30,1183.2,1186.3,1182.7,1185.3,55528,0
2026-03-20 11:25:00+05:30,1185.3,1185.8,1182.4,1185.5,94094,0
2026-03-20 11:30:00+05:30,1185.5,1186.0,1184.3,1185.5,45370,0
2026-03-20 11:35:00+05:30,1185.5,1186.5,1185.0,1185.5,26488,0
2026-03-20 11:40:00+05:30,1185.5,1186.5,1182.4,1183.2,83765,0
2026-03-20 11:45:00+05:30,1182.9,1184.1,1180.1,1181.1,81858,0
2026-03-20 11:50:00+05:30,1181.1,1181.4,1179.3,1180.1,53078,0
2026-03-20 11:55:00+05:30,1180.1,1180.6,1177.5,1179.0,125907,0
2026-03-20 12:00:00+05:30,1179.0,1181.1,1177.2,1180.4,43152,0
2026-03-20 12:05:00+05:30,1180.4,1181.9,1178.4,1179.1,49661,0
2026-03-20 12:10:00+05:30,1179.1,1180.7,1178.5,1180.3,26818,0
2026-03-20 12:15:00+05:30,1180.3,1180.4,1178.0,1178.9,33415,0
2026-03-20 12:20:00+05:30,1178.9,1179.4,1175.1,1175.7,58857,0
2026-03-20 12:25:00+05:30,1176.2,1176.9,1175.2,1175.6,42416,0
2026-03-20 12:30:00+05:30,1175.6,1177.3,1172.7,1176.2,64772,0
2026-03-20 12:35:00+05:30,1176.3,1176.5,1174.0,1174.6,34466,0
2026-03-20 12:40:00+05:30,1174.6,1174.6,1170.2,1171.1,77153,0
2026-03-20 12:45:00+05:30,1171.1,1171.5,1168.5,1169.7,52407,0
2026-03-20 12:50:00+05:30,1169.7,1175.0,1169.1,1173.3,37730,0
2026-03-20 12:55:00+05:30,1173.4,1175.0,1172.7,1173.2,28943,0
2026-03-20 13:00:00+05:30,1173.2,1176.0,1172.5,1175.5,29311,0
2026-03-20 13:05:00+05:30,1175.5,1179.2,1174.8,1178.0,44283,0
2026-03-20 13:10:00+05:30,1178.5,1178.7,1176.7,1178.0,29615,0
2026-03-20 13:15:00+05:30,1178.0,1179.0,1176.0,1176.7,32298,0
2026-03-20 13:20:00+05:30,1176.5,1178.0,1175.7,1176.8,26924,0
2026-03-20 13:25:00+05:30,1176.8,1179.4,1176.0,1179.2,29359,0
2026-03-20 13:30:00+05:30,1179.2,1179.6,1175.9,1175.9,30489,0
2026-03-20 13:35:00+05:30,1175.8,1179.2,1175.8,1179.0,29728,0
2026-03-20 13:40:00+05:30,1179.0,1180.2,1176.3,1177.1,63317,0
2026-03-20 13:45:00+05:30,1177.5,1178.1,1173.8,1174.7,41797,0
2026-03-20 13:50:00+05:30,1174.7,1176.8,1173.6,1175.4,33589,0
2026-03-20 13:55:00+05:30,1175.4,1176.7,1173.7,1174.3,27659,0
2026-03-20 14:00:00+05:30,1174.3,1176.0,1173.1,1175.4,30038,0
2026-03-20 14:05:00+05:30,1175.5,1175.7,1173.6,1174.5,27823,0
2026-03-20 14:10:00+05:30,1174.5,1175.0,1172.8,1173.3,33254,0
2026-03-20 14:15:00+05:30,1173.6,1174.7,1171.6,1174.1,37975,0
2026-03-20 14:20:00+05:30,1174.1,1174.2,1171.2,1173.0,29830,0
2026-03-20 14:25:00+05:30,1172.9,1173.2,1171.5,1171.6,27261,0
2026-03-20 14:30:00+05:30,1171.8,1173.3,1170.9,1173.3,31593,0
2026-03-20 14:35:00+05:30,1173.3,1174.3,1171.2,1172.9,42482,0
2026-03-20 14:40:00+05:30,1172.9,1173.9,1168.2,1168.2,51598,0
2026-03-20 14:45:00+05:30,1168.8,1171.0,1168.0,1169.8,48916,0
2026-03-20 14:50:00+05:30,1169.8,1170.0,1167.5,1168.2,30507,0
2026-03-20 14:55:00+05:30,1168.2,1170.4,1167.5,1169.8,33365,0
2026-03-20 15:00:00+05:30,1169.8,1174.8,1168.2,1171.9,190647,0
2026-03-20 15:05:00+05:30,1171.9,1173.2,1171.1,1172.9,128081,0
2026-03-20 15:10:00+05:30,1172.9,1173.3,1167.9,1168.6,171129,0
2026-03-20 15:15:00+05:30,1168.6,1169.2,1166.1,1166.5,136926,0
2026-03-20 15:20:00+05:30,1166.4,1167.8,1166.4,1167.5,158660,0
2026-03-20 15:25:00+05:30,1167.5,1169.9,1165.0,1168.0,134844,0
2026-03-23 09:15:00+05:30,1153.8,1153.8,1129.59,1137.59,76017,0
2026-03-23 09:20:00+05:30,1137.59,1139.4,1133.09,1133.09,53524,0
2026-03-23 09:25:00+05:30,1133.8,1134.2,1129.2,1131.5,29289,0
2026-03-23 09:30:00+05:30,1131.3,1132.8,1130.09,1131.5,18977,0
2026-03-23 09:35:00+05:30,1132.2,1135.7,1131.4,1131.59,14963,0
2026-03-23 09:40:00+05:30,1132.0,1132.0,1127.59,1129.09,71066,0
2026-03-23 09:45:00+05:30,1128.5,1129.09,1125.7,1127.0,38218,0
2026-03-23 09:50:00+05:30,1126.9,1127.3,1125.09,1125.2,25503,0
2026-03-23 09:55:00+05:30,1125.4,1125.7,1123.0,1123.2,50258,0
2026-03-23 10:00:00+05:30,1123.09,1124.5,1122.2,1123.5,69909,0
2026-03-23 10:05:00+05:30,1123.8,1124.2,1121.0,1121.7,20555,0
2026-03-23 10:10:00+05:30,1121.7,1121.8,1118.7,1119.5,16645,0
2026-03-23 10:15:00+05:30,1119.4,1119.5,1118.0,1118.0,18064,0
2026-03-23 10:20:00+05:30,1118.3,1119.4,1117.9,1118.7,31211,0
2026-03-23 10:25:00+05:30,1118.7,1123.4,1118.4,1121.0,62348,0
2026-03-23 10:30:00+05:30,1121.0,1121.0,1118.0,1118.3,19251,0
2026-03-23 10:35:00+05:30,1118.3,1122.09,1118.0,1119.8,63865,0
2026-03-23 10:40:00+05:30,1119.7,1119.7,1117.4,1118.4,10616,0
2026-03-23 10:45:00+05:30,1118.4,1118.4,1116.4,1117.5,7852,0
2026-03-23 10:50:00+05:30,1117.5,1117.5,1114.3,1114.7,25769,0
2026-03-23 10:55:00+05:30,1114.7,1115.0,1113.59,1114.59,11309,0
2026-03-23 11:00:00+05:30,1114.59,1114.59,1111.9,1113.3,55164,0
2026-03-23 11:05:00+05:30,1113.3,1116.0,1112.9,1113.8,54804,0
2026-03-23 11:10:00+05:30,1114.2,1114.2,1112.7,1113.4,32912,0
2026-03-23 11:15:00+05:30,1113.3,1113.3,1111.4,1111.9,16233,0
2026-03-23 11:20:00+05:30,1112.09,1112.8,1109.9,1111.2,54367,0
2026-03-23 11:25:00+05:30,1111.8,1113.3,1108.9,1113.3,74821,0
2026-03-23 11:30:00+05:30,1113.2,1115.0,1110.8,1112.2,19288,0
2026-03-23 11:35:00+05:30,1112.3,1112.4,1107.9,1110.9,48048,0
2026-03-23 11:40:00+05:30,1110.9,1112.2,1108.0,1111.8,124721,0
2026-03-23 11:45:00+05:30,1111.8,1113.2,1110.2,1113.2,11818,0
2026-03-23 11:50:00+05:30,1113.2,1117.0,1112.7,1115.7,21426,0
2026-03-23 11:55:00+05:30,1115.7,1116.7,1113.0,1115.8,14399,0
2026-03-23 12:00:00+05:30,1115.9,1116.3,1112.3,1112.7,10395,0
2026-03-23 12:05:00+05:30,1112.7,1116.0,1112.09,1115.09,21817,0
2026-03-23 12:10:00+05:30,1115.09,1119.59,1115.0,1116.2,37368,0
2026-03-23 12:15:00+05:30,1116.0,1116.3,1114.5,1115.59,9183,0
2026-03-23 12:20:00+05:30,1115.5,1115.8,1113.5,1114.4,10603,0
2026-03-23 12:25:00+05:30,1114.4,1115.3,1112.4,1115.0,7462,0
2026-03-23 12:30:00+05:30,1115.0,1116.2,1113.5,1115.2,7072,0
2026-03-23 12:35:00+05:30,1115.2,1116.9,1111.0,1111.59,15573,0
2026-03-23 12:40:00+05:30,1111.59,1113.8,1109.5,1113.59,21416,0
2026-03-23 12:45:00+05:30,1113.59,1114.9,1111.59,1112.5,10351,0
2026-03-23 12:50:00+05:30,1112.4,1112.5,1110.5,1111.3,12606,0
2026-03-23 12:55:00+05:30,1111.3,1111.3,1108.3,1110.4,28338,0
2026-03-23 13:00:00+05:30,1110.4,1110.8,1108.3,1110.2,15334,0
2026-03-23 13:05:00+05:30,1110.2,1112.0,1109.2,1110.8,8294,0
2026-03-23 13:10:00+05:30,1110.9,1111.0,1109.09,1109.7,11480,0
2026-03-23 13:15:00+05:30,1109.7,1114.09,1109.4,1112.9,28431,0
2026-03-23 13:20:00+05:30,1112.5,1113.3,1110.8,1110.8,6698,0
2026-03-23 13:25:00+05:30,1110.8,1111.5,1109.2,1109.3,12335,0
2026-03-23 13:30:00+05:30,1109.7,1113.2,1109.2,1112.8,15033,0
2026-03-23 13:35:00+05:30,1112.9,1113.9,1112.0,1112.3,10485,0
2026-03-23 13:40:00+05:30,1112.3,1116.4,1112.0,1115.4,11301,0
2026-03-23 13:45:00+05:30,1115.59,1121.3,1114.4,1121.0,80761,0
2026-03-23 13:50:00+05:30,1121.3,1122.0,1119.5,1120.3,27545,0
2026-03-23 13:55:00+05:30,1120.3,1121.09,1118.2,1118.2,88660,0
2026-03-23 14:00:00+05:30,1118.3,1121.9,1117.9,1121.4,31326,0
2026-03-23 14:05:00+05:30,1121.4,1121.9,1117.2,1117.8,13741,0
2026-03-23 14:10:00+05:30,1118.09,1119.09,1116.8,1116.8,15664,0
2026-03-23 14:15:00+05:30,1117.2,1117.59,1115.7,1117.0,13022,0
2026-03-23 14:20:00+05:30,1116.9,1117.4,1115.2,1115.8,12294,0
2026-03-23 14:25:00+05:30,1115.59,1115.7,1111.8,1112.0,31024,0
2026-03-23 14:30:00+05:30,1112.59,1112.7,1105.5,1105.5,26877,0
2026-03-23 14:35:00+05:30,1105.5,1109.59,1104.0,1106.5,57045,0
2026-03-23 14:40:00+05:30,1106.09,1108.7,1104.09,1108.7,25044,0
2026-03-23 14:45:00+05:30,1108.59,1109.4,1107.3,1108.2,28376,0
2026-03-23 14:50:00+05:30,1108.59,1112.59,1108.59,1109.9,24882,0
2026-03-23 14:55:00+05:30,1109.9,1111.8,1108.09,1111.09,19982,0
2026-03-23 15:00:00+05:30,1111.3,1111.59,1105.59,1106.4,42747,0
2026-03-23 15:05:00+05:30,1106.2,1108.7,1104.7,1107.9,42550,0
2026-03-23 15:10:00+05:30,1107.7,1113.3,1107.7,1113.3,75243,0
2026-03-23 15:15:00+05:30,1113.5,1114.9,1110.3,1111.2,96267,0
2026-03-23 15:20:00+05:30,1111.09,1111.3,1106.5,1108.0,104605,0
2026-03-23 15:25:00+05:30,1108.0,1118.0,1102.5,1113.0,98433,0
2026-03-24 09:15:00+05:30,1131.9,1137.8,1126.6,1128.6,100708,0
2026-03-24 09:20:00+05:30,1128.2,1134.0,1125.5,1133.7,22409,0
2026-03-24 09:25:00+05:30,1133.7,1134.9,1131.2,1133.1,21591,0
2026-03-24 09:30:00+05:30,1133.1,1133.8,1127.5,1130.0,14191,0
2026-03-24 09:35:00+05:30,1130.0,1130.9,1126.0,1126.7,12846,0
2026-03-24 09:40:00+05:30,1126.8,1127.7,1122.6,1123.7,16665,0
2026-03-24 09:45:00+05:30,1123.1,1123.6,1119.3,1121.4,25979,0
2026-03-24 09:50:00+05:30,1121.2,1121.9,1118.1,1119.4,14292,0
2026-03-24 09:55:00+05:30,1119.8,1122.2,1118.0,1119.0,14431,0
2026-03-24 10:00:00+05:30,1118.9,1119.3,1115.5,1115.5,14284,0
2026-03-24 10:05:00+05:30,1115.8,1116.8,1113.6,1113.6,47147,0
2026-03-24 10:10:00+05:30,1113.6,1114.2,1112.0,1113.9,15654,0
2026-03-24 10:15:00+05:30,1113.9,1116.9,1113.5,1115.0,11994,0
2026-03-24 10:20:00+05:30,1115.2,1120.4,1113.2,1118.9,13166,0
2026-03-24 10:25:00+05:30,1119.3,1119.5,1116.4,1118.0,7581,0
2026-03-24 10:30:00+05:30,1118.4,1119.0,1115.3,1115.3,5904,0
2026-03-24 10:35:00+05:30,1115.6,1115.6,1113.0,1114.0,9925,0
2026-03-24 10:40:00+05:30,1114.0,1117.5,1113.6,1117.0,5934,0
2026-03-24 10:45:00+05:30,1117.3,1121.6,1116.4,1119.3,7836,0
2026-03-24 10:50:00+05:30,1119.3,1120.5,1118.0,1119.2,9546,0
2026-03-24 10:55:00+05:30,1119.0,1120.1,1116.7,1117.9,7498,0
2026-03-24 11:00:00+05:30,1118.0,1120.6,1118.0,1120.1,11672,0
2026-03-24 11:05:00+05:30,1120.3,1121.3,1118.2,1120.9,4207,0
2026-03-24 11:10:00+05:30,1120.3,1123.6,1120.1,1120.5,17395,0
2026-03-24 11:15:00+05:30,1120.7,1123.6,1120.5,1123.3,8151,0
2026-03-24 11:20:00+05:30,1123.3,1124.5,1120.0,1120.3,11135,0
2026-03-24 11:25:00+05:30,1120.6,1120.7,1118.7,1120.0,10589,0
2026-03-24 11:30:00+05:30,1120.0,1124.8,1119.7,1123.4,7554,0
2026-03-24 11:35:00+05:30,1123.4,1125.6,1122.9,1124.5,8451,0
2026-03-24 11:40:00+05:30,1124.5,1125.4,1122.0,1123.5,6698,0
2026-03-24 11:45:00+05:30,1123.4,1125.4,1121.6,1123.2,18188,0
2026-03-24 11:50:00+05:30,1123.2,1125.7,1121.5,1121.6,6616,0
2026-03-24 11:55:00+05:30,1122.2,1125.2,1121.5,1122.8,13118,0
2026-03-24 12:00:00+05:30,1122.9,1123.1,1120.3,1121.0,6036,0
2026-03-24 12:05:00+05:30,1121.6,1121.6,1119.0,1120.8,4764,0
2026-03-24 12:10:00+05:30,1121.0,1122.8,1119.2,1119.5,6639,0
2026-03-24 12:15:00+05:30,1120.0,1121.4,1119.5,1120.8,4753,0
2026-03-24 12:20:00+05:30,1120.8,1130.6,1120.3,1129.4,16384,0
2026-03-24 12:25:00+05:30,1129.5,1132.5,1125.2,1126.5,20175,0
2026-03-24 12:30:00+05:30,1126.4,1131.4,1125.6,1131.4,55218,0
2026-03-24 12:35:00+05:30,1131.4,1135.9,1130.7,1135.5,22323,0
2026-03-24 12:40:00+05:30,1135.5,1138.2,1135.0,1135.7,30655,0
2026-03-24 12:45:00+05:30,1136.1,1138.0,1135.4,1138.0,9296,0
2026-03-24 12:50:00+05:30,1138.2,1140.5,1137.4,1138.4,16931,0
2026-03-24 12:55:00+05:30,1138.4,1138.7,1135.0,1137.5,7052,0
2026-03-24 13:00:00+05:30,1137.3,1138.9,1135.4,1136.3,13488,0
2026-03-24 13:05:00+05:30,1136.4,1137.3,1133.9,1136.0,14545,0
2026-03-24 13:10:00+05:30,1135.8,1138.2,1135.1,1136.7,8555,0
2026-03-24 13:15:00+05:30,1136.7,1137.5,1135.0,1136.8,4091,0
2026-03-24 13:20:00+05:30,1136.4,1137.9,1134.9,1137.2,4701,0
2026-03-24 13:25:00+05:30,1137.2,1139.7,1136.4,1139.7,8458,0
2026-03-24 13:30:00+05:30,1139.6,1141.7,1138.8,1140.8,9705,0
2026-03-24 13:35:00+05:30,1141.3,1142.7,1139.6,1140.1,8349,0
2026-03-24 13:40:00+05:30,1140.0,1141.9,1139.1,1141.5,7147,0
2026-03-24 13:45:00+05:30,1141.3,1142.2,1136.8,1136.8,10861,0
2026-03-24 13:50:00+05:30,1136.8,1139.4,1136.8,1138.5,6078,0
2026-03-24 13:55:00+05:30,1138.5,1140.0,1138.0,1139.0,11117,0
2026-03-24 14:00:00+05:30,1138.5,1139.9,1137.0,1138.6,5396,0
2026-03-24 14:05:00+05:30,1139.1,1140.0,1136.4,1136.8,6894,0
2026-03-24 14:10:00+05:30,1136.8,1139.1,1136.1,1137.0,8114,0
2026-03-24 14:15:00+05:30,1137.4,1141.0,1137.1,1137.6,12042,0
2026-03-24 14:20:00+05:30,1137.6,1138.8,1134.1,1136.1,17893,0
2026-03-24 14:25:00+05:30,1135.9,1136.7,1133.9,1135.2,10409,0
2026-03-24 14:30:00+05:30,1135.2,1136.6,1133.5,1135.2,11302,0
2026-03-24 14:35:00+05:30,1135.2,1136.1,1130.6,1131.1,20028,0
2026-03-24 14:40:00+05:30,1131.1,1134.1,1129.4,1131.6,14553,0
2026-03-24 14:45:00+05:30,1131.7,1132.4,1130.7,1131.2,7594,0
2026-03-24 14:50:00+05:30,1131.3,1132.6,1130.3,1131.6,9226,0
2026-03-24 14:55:00+05:30,1131.6,1135.9,1131.3,1134.5,13480,0
2026-03-24 15:00:00+05:30,1134.3,1134.7,1130.1,1133.6,44978,0
2026-03-24 15:05:00+05:30,1133.7,1135.8,1132.8,1134.2,36311,0
2026-03-24 15:10:00+05:30,1134.1,1134.9,1133.1,1133.4,34815,0
2026-03-24 15:15:00+05:30,1133.4,1135.0,1131.8,1134.4,42462,0
2026-03-24 15:20:00+05:30,1134.4,1135.2,1132.0,1133.1,42041,0
2026-03-24 15:25:00+05:30,1133.1,1136.5,1131.0,1136.5,49788,0
2026-03-25 09:15:00+05:30,1140.0,1156.0,1137.3,1155.6,132207,0
2026-03-25 09:20:00+05:30,1155.8,1164.0,1155.8,1163.8,42508,0
2026-03-25 09:25:00+05:30,1163.8,1170.1,1162.7,1168.4,63813,0
2026-03-25 09:30:00+05:30,1167.8,1168.2,1163.1,1163.3,21396,0
2026-03-25 09:35:00+05:30,1163.7,1164.9,1161.0,1163.1,19082,0
2026-03-25 09:40:00+05:30,1163.5,1168.8,1161.8,1168.3,12495,0
2026-03-25 09:45:00+05:30,1168.3,1169.8,1167.0,1168.8,18576,0
2026-03-25 09:50:00+05:30,1168.8,1168.8,1166.0,1168.6,22665,0
2026-03-25 09:55:00+05:30,1168.8,1170.0,1165.8,1168.4,24518,0
2026-03-25 10:00:00+05:30,1168.4,1169.3,1165.0,1166.7,36502,0
2026-03-25 10:05:00+05:30,1166.8,1166.9,1163.5,1164.5,14523,0
2026-03-25 10:10:00+05:30,1164.5,1165.3,1163.0,1163.8,10008,0
2026-03-25 10:15:00+05:30,1164.3,1165.9,1163.5,1164.1,20884,0
2026-03-25 10:20:00+05:30,1164.5,1164.9,1162.9,1163.4,10581,0
2026-03-25 10:25:00+05:30,1163.3,1165.7,1162.8,1164.1,16221,0
2026-03-25 10:30:00+05:30,1164.1,1165.2,1163.8,1164.9,8772,0
2026-03-25 10:35:00+05:30,1164.3,1164.6,1162.6,1164.1,13189,0
2026-03-25 10:40:00+05:30,1163.7,1164.1,1161.7,1162.8,8477,0
2026-03-25 10:45:00+05:30,1162.8,1162.8,1160.3,1162.0,21698,0
2026-03-25 10:50:00+05:30,1162.1,1163.0,1161.0,1161.3,9321,0
2026-03-25 10:55:00+05:30,1161.3,1161.5,1157.1,1157.5,30734,0
2026-03-25 11:00:00+05:30,1157.4,1159.6,1156.1,1157.9,14110,0
2026-03-25 11:05:00+05:30,1157.9,1162.3,1156.1,1160.1,19122,0
2026-03-25 11:10:00+05:30,1160.7,1161.3,1158.9,1159.7,13149,0
2026-03-25 11:15:00+05:30,1159.6,1159.9,1155.6,1156.7,41195,0
2026-03-25 11:20:00+05:30,1156.7,1156.8,1152.0,1153.0,33927,0
2026-03-25 11:25:00+05:30,1153.0,1153.2,1150.9,1151.6,8650,0
2026-03-25 11:30:00+05:30,1151.5,1152.1,1149.0,1149.5,29180,0
2026-03-25 11:35:00+05:30,1149.5,1150.4,1148.4,1149.7,10168,0
2026-03-25 11:40:00+05:30,1149.7,1150.5,1148.7,1149.2,6539,0
2026-03-25 11:45:00+05:30,1149.4,1152.9,1148.8,1152.1,16283,0
2026-03-25 11:50:00+05:30,1152.2,1153.0,1151.4,1152.8,11457,0
2026-03-25 11:55:00+05:30,1152.8,1153.0,1150.1,1151.5,6899,0
2026-03-25 12:00:00+05:30,1151.5,1152.6,1151.0,1152.3,5772,0
2026-03-25 12:05:00+05:30,1152.4,1156.4,1151.8,1154.5,27860,0
2026-03-25 12:10:00+05:30,1154.7,1157.0,1154.1,1157.0,6476,0
2026-03-25 12:15:00+05:30,1157.0,1159.5,1155.4,1157.5,10951,0
2026-03-25 12:20:00+05:30,1158.1,1158.5,1156.1,1156.1,8084,0
2026-03-25 12:25:00+05:30,1156.2,1156.3,1154.0,1155.4,12852,0
2026-03-25 12:30:00+05:30,1155.4,1158.2,1154.2,1157.4,9017,0
2026-03-25 12:35:00+05:30,1157.4,1158.0,1156.6,1156.9,7561,0
2026-03-25 12:40:00+05:30,1156.9,1158.4,1156.4,1158.2,6622,0
2026-03-25 12:45:00+05:30,1158.1,1158.3,1155.8,1156.8,7579,0
2026-03-25 12:50:00+05:30,1156.8,1156.8,1154.7,1155.2,4645,0
2026-03-25 12:55:00+05:30,1155.5,1155.9,1154.1,1155.1,8227,0
2026-03-25 13:00:00+05:30,1155.3,1158.2,1154.5,1158.2,6115,0
2026-03-25 13:05:00+05:30,1158.2,1158.2,1152.9,1153.5,57156,0
2026-03-25 13:10:00+05:30,1153.5,1155.4,1153.2,1154.8,5192,0
2026-03-25 13:15:00+05:30,1154.7,1156.6,1154.4,1155.4,5514,0
2026-03-25 13:20:00+05:30,1155.4,1157.8,1154.1,1157.2,6228,0
2026-03-25 13:25:00+05:30,1157.1,1158.5,1157.1,1158.4,4520,0
2026-03-25 13:30:00+05:30,1158.0,1159.0,1153.3,1158.6,33863,0
2026-03-25 13:35:00+05:30,1158.5,1159.6,1157.6,1158.0,8741,0
2026-03-25 13:40:00+05:30,1158.0,1159.0,1157.1,1158.3,3575,0
2026-03-25 13:45:00+05:30,1158.3,1159.9,1157.8,1158.4,9257,0
2026-03-25 13:50:00+05:30,1158.3,1159.1,1156.6,1157.3,3909,0
2026-03-25 13:55:00+05:30,1157.3,1157.3,1155.5,1155.6,7259,0
2026-03-25 14:00:00+05:30,1155.9,1158.8,1155.6,1158.2,8046,0
2026-03-25 14:05:00+05:30,1158.1,1158.1,1154.2,1155.2,7475,0
2026-03-25 14:10:00+05:30,1155.2,1156.8,1155.0,1156.8,6056,0
2026-03-25 14:15:00+05:30,1156.9,1159.1,1156.3,1157.4,25808,0
2026-03-25 14:20:00+05:30,1157.5,1158.6,1152.1,1153.3,62691,0
2026-03-25 14:25:00+05:30,1153.1,1155.1,1152.2,1155.1,116716,0
2026-03-25 14:30:00+05:30,1155.0,1157.3,1152.9,1156.5,54919,0
2026-03-25 14:35:00+05:30,1156.5,1156.9,1154.0,1154.4,20719,0
2026-03-25 14:40:00+05:30,1154.4,1158.0,1154.4,1157.7,20437,0
2026-03-25 14:45:00+05:30,1157.7,1158.1,1156.2,1157.5,10500,0
2026-03-25 14:50:00+05:30,1157.8,1158.7,1155.8,1157.2,26155,0
2026-03-25 14:55:00+05:30,1157.0,1157.8,1155.2,1156.6,28230,0
2026-03-25 15:00:00+05:30,1156.4,1159.3,1154.1,1156.6,28690,0
2026-03-25 15:05:00+05:30,1156.8,1157.9,1155.5,1157.2,19686,0
2026-03-25 15:10:00+05:30,1157.3,1157.8,1155.1,1155.9,39462,0
2026-03-25 15:15:00+05:30,1155.9,1157.0,1155.1,1155.1,29939,0
2026-03-25 15:20:00+05:30,1155.1,1157.9,1155.1,1155.9,44573,0
2026-03-25 15:25:00+05:30,1155.9,1156.1,1152.0,1155.0,46010,0
2026-03-27 09:15:00+05:30,1150.0,1150.3,1136.2,1138.0,54726,0
2026-03-27 09:20:00+05:30,1137.9,1147.9,1136.1,1145.9,78925,0
2026-03-27 09:25:00+05:30,1145.9,1150.8,1145.3,1148.2,80711,0
2026-03-27 09:30:00+05:30,1148.2,1149.9,1145.5,1146.5,17646,0
2026-03-27 09:35:00+05:30,1146.4,1146.5,1143.4,1144.2,13771,0
2026-03-27 09:40:00+05:30,1144.6,1146.9,1144.4,1146.8,10625,0
2026-03-27 09:45:00+05:30,1146.5,1146.5,1144.4,1144.8,9752,0
2026-03-27 09:50:00+05:30,1144.8,1146.0,1143.2,1143.5,17055,0
2026-03-27 09:55:00+05:30,1143.7,1144.2,1141.4,1143.2,13118,0
2026-03-27 10:00:00+05:30,1143.2,1146.4,1142.0,1146.0,12759,0
2026-03-27 10:05:00+05:30,1146.1,1146.6,1144.3,1144.6,11631,0
2026-03-27 10:10:00+05:30,1144.9,1145.2,1138.3,1139.0,21513,0
2026-03-27 10:15:00+05:30,1138.9,1139.9,1137.4,1139.1,16161,0
2026-03-27 10:20:00+05:30,1138.8,1141.4,1138.1,1140.7,10053,0
2026-03-27 10:25:00+05:30,1141.0,1144.8,1140.0,1143.0,15325,0
2026-03-27 10:30:00+05:30,1143.0,1146.0,1142.3,1143.3,10343,0
2026-03-27 10:35:00+05:30,1143.8,1145.4,1141.8,1143.3,13502,0
2026-03-27 10:40:00+05:30,1143.2,1146.0,1141.5,1144.4,14040,0
2026-03-27 10:45:00+05:30,1144.4,1144.5,1142.7,1143.0,10956,0
2026-03-27 10:50:00+05:30,1142.9,1142.9,1139.5,1140.1,7276,0
2026-03-27 10:55:00+05:30,1139.5,1143.3,1139.5,1143.1,12541,0
2026-03-27 11:00:00+05:30,1143.2,1147.8,1142.4,1147.3,26264,0
2026-03-27 11:05:00+05:30,1147.7,1147.9,1145.8,1146.7,8739,0
2026-03-27 11:10:00+05:30,1147.0,1147.1,1144.0,1145.8,8632,0
2026-03-27 11:15:00+05:30,1145.7,1146.2,1143.8,1145.4,10130,0
2026-03-27 11:20:00+05:30,1145.4,1145.4,1143.7,1144.8,6007,0
2026-03-27 11:25:00+05:30,1144.8,1145.7,1143.1,1143.1,8308,0
2026-03-27 11:30:00+05:30,1143.2,1143.9,1141.0,1141.4,19147,0
2026-03-27 11:35:00+05:30,1141.4,1144.4,1141.4,1142.5,30382,0
2026-03-27 11:40:00+05:30,1142.5,1143.8,1141.5,1142.7,24155,0
2026-03-27 11:45:00+05:30,1142.9,1144.1,1141.7,1143.8,21152,0
2026-03-27 11:50:00+05:30,1143.8,1144.8,1143.0,1144.2,35750,0
2026-03-27 11:55:00+05:30,1144.2,1144.2,1141.6,1142.0,14672,0
2026-03-27 12:00:00+05:30,1141.9,1142.2,1139.2,1141.2,15068,0
2026-03-27 12:05:00+05:30,1141.0,1142.0,1140.3,1140.9,7215,0
2026-03-27 12:10:00+05:30,1140.9,1140.9,1138.7,1139.5,9039,0
2026-03-27 12:15:00+05:30,1139.7,1140.0,1138.0,1138.5,13621,0
2026-03-27 12:20:00+05:30,1138.5,1140.8,1138.0,1140.7,7493,0
2026-03-27 12:25:00+05:30,1140.7,1142.8,1140.4,1142.7,13493,0
2026-03-27 12:30:00+05:30,1142.7,1142.7,1140.0,1140.4,9820,0
2026-03-27 12:35:00+05:30,1141.0,1141.6,1140.0,1141.6,8419,0
2026-03-27 12:40:00+05:30,1141.4,1142.7,1139.3,1142.7,55760,0
2026-03-27 12:45:00+05:30,1142.2,1142.7,1141.2,1141.2,8975,0
2026-03-27 12:50:00+05:30,1141.6,1142.2,1138.3,1138.6,68878,0
2026-03-27 12:55:00+05:30,1138.6,1139.5,1137.8,1139.1,20393,0
2026-03-27 13:00:00+05:30,1139.1,1139.7,1137.7,1137.8,8244,0
2026-03-27 13:05:00+05:30,1137.8,1138.2,1135.1,1135.1,40920,0
2026-03-27 13:10:00+05:30,1135.5,1137.5,1133.1,1137.5,43608,0
2026-03-27 13:15:00+05:30,1137.3,1141.4,1136.7,1140.9,41648,0
2026-03-27 13:20:00+05:30,1141.0,1141.0,1139.1,1140.6,15802,0
2026-03-27 13:25:00+05:30,1140.6,1142.1,1140.1,1142.1,14873,0
2026-03-27 13:30:00+05:30,1142.3,1142.8,1138.3,1138.3,59697,0
2026-03-27 13:35:00+05:30,1138.5,1139.3,1136.4,1137.1,12434,0
2026-03-27 13:40:00+05:30,1137.2,1140.1,1136.4,1138.0,11003,0
2026-03-27 13:45:00+05:30,1138.4,1139.0,1136.0,1136.6,12626,0
2026-03-27 13:50:00+05:30,1136.3,1139.2,1135.9,1136.5,12353,0
2026-03-27 13:55:00+05:30,1137.0,1138.4,1136.0,1136.4,13269,0
2026-03-27 14:00:00+05:30,1136.8,1140.5,1136.2,1138.2,12818,0
2026-03-27 14:05:00+05:30,1138.6,1140.6,1137.1,1140.6,17197,0
2026-03-27 14:10:00+05:30,1140.0,1140.8,1138.9,1140.0,17428,0
2026-03-27 14:15:00+05:30,1140.2,1140.6,1136.3,1138.4,46990,0
2026-03-27 14:20:00+05:30,1138.3,1139.5,1136.3,1137.3,19980,0
2026-03-27 14:25:00+05:30,1137.9,1139.2,1136.6,1138.6,18938,0
2026-03-27 14:30:00+05:30,1138.4,1138.7,1135.1,1135.3,22457,0
2026-03-27 14:35:00+05:30,1135.9,1136.8,1134.5,1135.4,25310,0
2026-03-27 14:40:00+05:30,1135.2,1136.6,1134.0,1135.3,25166,0
2026-03-27 14:45:00+05:30,1136.0,1136.3,1134.7,1135.6,25626,0
2026-03-27 14:50:00+05:30,1135.5,1136.6,1134.8,1135.4,26807,0
2026-03-27 14:55:00+05:30,1135.4,1136.3,1134.1,1134.1,39942,0
2026-03-27 15:00:00+05:30,1134.2,1134.4,1131.4,1132.0,196419,0
2026-03-27 15:05:00+05:30,1132.1,1132.1,1130.1,1130.8,176555,0
2026-03-27 15:10:00+05:30,1130.8,1131.5,1128.0,1128.9,195176,0
2026-03-27 15:15:00+05:30,1128.9,1131.3,1126.9,1129.1,200102,0
2026-03-27 15:20:00+05:30,1129.1,1131.5,1128.0,1131.1,327073,0
2026-03-27 15:25:00+05:30,1131.1,1134.6,1129.9,1130.1,166246,0
2026-03-30 09:15:00+05:30,1130.0,1132.4,1114.0,1128.2,138040,0
2026-03-30 09:20:00+05:30,1127.9,1130.9,1123.8,1127.4,82614,0
2026-03-30 09:25:00+05:30,1126.8,1128.7,1124.3,1127.9,37318,0
2026-03-30 09:30:00+05:30,1128.4,1135.9,1126.0,1135.5,48651,0
2026-03-30 09:35:00+05:30,1135.1,1135.4,1129.7,1130.4,23402,0
2026-03-30 09:40:00+05:30,1130.0,1133.0,1129.6,1130.9,22283,0
2026-03-30 09:45:00+05:30,1130.9,1134.0,1130.3,1133.5,102570,0
2026-03-30 09:50:00+05:30,1133.5,1134.6,1131.9,1132.5,36874,0
2026-03-30 09:55:00+05:30,1132.5,1132.5,1128.3,1129.8,19570,0
2026-03-30 10:00:00+05:30,1130.0,1132.9,1129.0,1131.1,17448,0
2026-03-30 10:05:00+05:30,1131.2,1131.9,1126.0,1126.6,38394,0
2026-03-30 10:10:00+05:30,1126.6,1126.9,1121.5,1125.2,27079,0
2026-03-30 10:15:00+05:30,1125.5,1125.6,1120.0,1120.6,17340,0
2026-03-30 10:20:00+05:30,1120.6,1123.0,1120.1,1122.2,13968,0
2026-03-30 10:25:00+05:30,1122.2,1124.4,1119.3,1120.5,31899,0
2026-03-30 10:30:00+05:30,1120.5,1120.9,1115.4,1118.1,33033,0
2026-03-30 10:35:00+05:30,1118.3,1119.9,1116.7,1118.1,14646,0
2026-03-30 10:40:00+05:30,1118.6,1119.0,1115.2,1116.6,11543,0
2026-03-30 10:45:00+05:30,1116.6,1118.2,1116.3,1117.4,10958,0
2026-03-30 10:50:00+05:30,1117.7,1117.7,1115.5,1115.6,15621,0
2026-03-30 10:55:00+05:30,1115.6,1119.3,1114.6,1115.7,13252,0
2026-03-30 11:00:00+05:30,1115.7,1119.2,1115.1,1118.2,12408,0
2026-03-30 11:05:00+05:30,1118.2,1119.7,1116.6,1116.6,12206,0
2026-03-30 11:10:00+05:30,1116.6,1118.1,1115.3,1117.3,13217,0
2026-03-30 11:15:00+05:30,1117.3,1119.0,1116.1,1118.8,11082,0
2026-03-30 11:20:00+05:30,1118.8,1120.2,1117.3,1117.5,16446,0
2026-03-30 11:25:00+05:30,1117.8,1117.8,1115.3,1115.5,8774,0
2026-03-30 11:30:00+05:30,1115.6,1119.6,1115.0,1119.1,12338,0
2026-03-30 11:35:00+05:30,1119.1,1123.0,1118.8,1121.0,15097,0
2026-03-30 11:40:00+05:30,1121.0,1122.3,1119.4,1120.3,11693,0
2026-03-30 11:45:00+05:30,1120.3,1120.5,1117.8,1119.4,9939,0
2026-03-30 11:50:00+05:30,1119.5,1121.7,1118.1,1121.5,9894,0
2026-03-30 11:55:00+05:30,1121.5,1121.9,1119.3,1119.3,8117,0
2026-03-30 12:00:00+05:30,1119.6,1127.0,1119.3,1127.0,27208,0
2026-03-30 12:05:00+05:30,1127.0,1131.0,1127.0,1129.1,25069,0
2026-03-30 12:10:00+05:30,1129.1,1133.9,1128.5,1133.1,18042,0
2026-03-30 12:15:00+05:30,1133.2,1135.0,1131.2,1132.5,14956,0
2026-03-30 12:20:00+05:30,1132.6,1136.0,1131.6,1131.6,24207,0
2026-03-30 12:25:00+05:30,1132.0,1132.6,1128.1,1130.6,21737,0
2026-03-30 12:30:00+05:30,1131.0,1131.0,1127.8,1128.1,10513,0
2026-03-30 12:35:00+05:30,1128.1,1133.6,1127.9,1133.0,15054,0
2026-03-30 12:40:00+05:30,1133.2,1136.5,1132.6,1134.9,14835,0
2026-03-30 12:45:00+05:30,1135.2,1135.2,1132.1,1132.4,13929,0
2026-03-30 12:50:00+05:30,1132.4,1132.4,1128.8,1130.7,18018,0
2026-03-30 12:55:00+05:30,1130.4,1130.6,1128.8,1130.0,7863,0
2026-03-30 13:00:00+05:30,1130.0,1130.7,1128.2,1129.9,14337,0
2026-03-30 13:05:00+05:30,1129.9,1131.5,1129.1,1130.5,9155,0
2026-03-30 13:10:00+05:30,1130.5,1132.3,1129.6,1130.3,11603,0
2026-03-30 13:15:00+05:30,1131.0,1132.7,1130.1,1130.4,12531,0
2026-03-30 13:20:00+05:30,1130.3,1131.6,1130.1,1131.5,13556,0
2026-03-30 13:25:00+05:30,1131.6,1131.7,1128.5,1130.8,15172,0
2026-03-30 13:30:00+05:30,1130.7,1131.6,1128.6,1131.6,9919,0
2026-03-30 13:35:00+05:30,1131.6,1133.5,1130.0,1132.5,14140,0
2026-03-30 13:40:00+05:30,1132.5,1133.2,1129.4,1130.1,11757,0
2026-03-30 13:45:00+05:30,1130.4,1131.4,1129.5,1130.3,12806,0
2026-03-30 13:50:00+05:30,1129.5,1131.3,1127.5,1127.5,17637,0
2026-03-30 13:55:00+05:30,1127.0,1129.5,1126.7,1128.0,15256,0
2026-03-30 14:00:00+05:30,1127.8,1133.7,1127.4,1132.4,15024,0
2026-03-30 14:05:00+05:30,1132.4,1133.7,1130.0,1130.0,17624,0
2026-03-30 14:10:00+05:30,1129.8,1130.0,1127.1,1127.4,16532,0
2026-03-30 14:15:00+05:30,1127.0,1127.9,1123.3,1124.2,16943,0
2026-03-30 14:20:00+05:30,1123.5,1125.5,1122.8,1123.3,19731,0
2026-03-30 14:25:00+05:30,1123.1,1125.6,1123.1,1124.1,18107,0
2026-03-30 14:30:00+05:30,1123.7,1125.0,1121.0,1121.6,27918,0
2026-03-30 14:35:00+05:30,1121.2,1121.7,1119.5,1121.1,17447,0
2026-03-30 14:40:00+05:30,1121.1,1122.7,1119.5,1120.0,15384,0
2026-03-30 14:45:00+05:30,1119.5,1121.6,1119.5,1120.4,16285,0
2026-03-30 14:50:00+05:30,1120.4,1121.9,1116.7,1117.3,18009,0
2026-03-30 14:55:00+05:30,1116.9,1118.8,1116.3,1118.1,20542,0
2026-03-30 15:00:00+05:30,1118.6,1123.9,1117.1,1122.3,175040,0
2026-03-30 15:05:00+05:30,1122.1,1122.4,1119.6,1120.6,168079,0
2026-03-30 15:10:00+05:30,1120.6,1123.4,1120.0,1121.8,138937,0
2026-03-30 15:15:00+05:30,1121.8,1125.9,1121.6,1123.4,155029,0
2026-03-30 15:20:00+05:30,1123.3,1124.9,1123.3,1124.2,172402,0
2026-03-30 15:25:00+05:30,1124.2,1128.0,1115.0,1115.0,157209,0
2026-04-01 09:15:00+05:30,1141.9,1146.4,1138.2,1146.2,168330,0
2026-04-01 09:20:00+05:30,1146.2,1148.0,1144.4,1148.0,35853,0
2026-04-01 09:25:00+05:30,1148.1,1150.3,1147.8,1150.2,13561,0
2026-04-01 09:30:00+05:30,1149.9,1151.6,1146.3,1149.5,21952,0
2026-04-01 09:35:00+05:30,1149.3,1149.5,1146.8,1147.1,10159,0
2026-04-01 09:40:00+05:30,1147.1,1150.0,1147.1,1149.6,12230,0
2026-04-01 09:45:00+05:30,1149.5,1153.0,1147.5,1153.0,26126,0
2026-04-01 09:50:00+05:30,1152.9,1155.9,1151.6,1152.9,29525,0
2026-04-01 09:55:00+05:30,1152.9,1153.8,1151.1,1152.6,16608,0
2026-04-01 10:00:00+05:30,1152.6,1156.0,1151.7,1155.0,21763,0
2026-04-01 10:05:00+05:30,1155.2,1156.0,1154.2,1155.9,9594,0
2026-04-01 10:10:00+05:30,1155.7,1155.9,1152.8,1154.4,13522,0
2026-04-01 10:15:00+05:30,1154.0,1157.2,1153.9,1157.1,12471,0
2026-04-01 10:20:00+05:30,1156.4,1158.5,1155.0,1155.5,14424,0
2026-04-01 10:25:00+05:30,1155.8,1156.0,1151.8,1154.2,24678,0
2026-04-01 10:30:00+05:30,1154.2,1156.8,1153.5,1156.5,9083,0
2026-04-01 10:35:00+05:30,1156.5,1159.0,1155.8,1158.3,12010,0
2026-04-01 10:40:00+05:30,1158.3,1158.3,1154.0,1155.4,13686,0
2026-04-01 10:45:00+05:30,1155.4,1155.9,1154.1,1154.7,7335,0
2026-04-01 10:50:00+05:30,1154.7,1155.1,1151.3,1153.8,78217,0
2026-04-01 10:55:00+05:30,1153.9,1154.8,1150.2,1151.5,28875,0
2026-04-01 11:00:00+05:30,1151.4,1151.5,1149.3,1150.2,11162,0
2026-04-01 11:05:00+05:30,1150.2,1152.3,1150.0,1152.0,7899,0
2026-04-01 11:10:00+05:30,1152.1,1154.0,1151.4,1151.9,42064,0
2026-04-01 11:15:00+05:30,1151.9,1152.6,1151.3,1151.7,8203,0
2026-04-01 11:20:00+05:30,1151.7,1152.9,1151.3,1151.3,55228,0
2026-04-01 11:25:00+05:30,1151.3,1152.5,1150.9,1151.7,44715,0
2026-04-01 11:30:00+05:30,1151.7,1155.2,1151.6,1152.8,44456,0
2026-04-01 11:35:00+05:30,1152.8,1152.8,1150.1,1151.6,24074,0
2026-04-01 11:40:00+05:30,1151.5,1151.5,1148.4,1150.4,33722,0
2026-04-01 11:45:00+05:30,1150.2,1150.9,1144.5,1145.2,38691,0
2026-04-01 11:50:00+05:30,1144.8,1145.3,1143.6,1144.5,14278,0
2026-04-01 11:55:00+05:30,1144.3,1145.0,1143.1,1144.8,10313,0
2026-04-01 12:00:00+05:30,1144.8,1147.2,1143.7,1144.3,86156,0
2026-04-01 12:05:00+05:30,1144.3,1146.0,1142.8,1145.0,45839,0
2026-04-01 12:10:00+05:30,1144.7,1149.0,1144.6,1147.9,73057,0
2026-04-01 12:15:00+05:30,1147.5,1149.7,1145.8,1149.4,53455,0
2026-04-01 12:20:00+05:30,1149.0,1151.1,1147.7,1151.0,25261,0
2026-04-01 12:25:00+05:30,1150.1,1151.6,1145.9,1149.0,68135,0
2026-04-01 12:30:00+05:30,1148.7,1150.0,1147.4,1148.7,17178,0
2026-04-01 12:35:00+05:30,1148.3,1149.0,1146.1,1148.4,15651,0
2026-04-01 12:40:00+05:30,1147.9,1151.4,1147.9,1149.7,24102,0
2026-04-01 12:45:00+05:30,1149.6,1154.3,1149.6,1152.2,20625,0
2026-04-01 12:50:00+05:30,1151.6,1152.4,1150.9,1151.7,7327,0
2026-04-01 12:55:00+05:30,1151.7,1152.4,1151.1,1151.3,2628,0
2026-04-01 13:00:00+05:30,1151.0,1152.0,1148.4,1149.8,8522,0
2026-04-01 13:05:00+05:30,1149.8,1153.7,1149.3,1152.9,10766,0
2026-04-01 13:10:00+05:30,1152.6,1152.9,1150.8,1151.6,5213,0
2026-04-01 13:15:00+05:30,1151.3,1152.5,1148.9,1149.5,8546,0
2026-04-01 13:20:00+05:30,1149.5,1149.5,1143.1,1145.0,17360,0
2026-04-01 13:25:00+05:30,1145.0,1145.0,1141.4,1143.7,21756,0
2026-04-01 13:30:00+05:30,1143.7,1144.1,1140.1,1142.7,26379,0
2026-04-01 13:35:00+05:30,1142.6,1144.0,1141.3,1141.5,17204,0
2026-04-01 13:40:00+05:30,1141.5,1141.5,1134.5,1137.6,54307,0
2026-04-01 13:45:00+05:30,1136.8,1140.3,1136.4,1139.7,18745,0
2026-04-01 13:50:00+05:30,1139.7,1140.9,1139.0,1140.2,17183,0
2026-04-01 13:55:00+05:30,1140.1,1143.1,1139.5,1140.3,21639,0
2026-04-01 14:00:00+05:30,1140.3,1142.5,1139.5,1142.2,3570,0
2026-04-01 14:05:00+05:30,1142.2,1144.8,1141.2,1144.4,11090,0
2026-04-01 14:10:00+05:30,1144.4,1144.9,1143.6,1144.7,8236,0
2026-04-01 14:15:00+05:30,1144.9,1145.0,1142.0,1142.8,8973,0
2026-04-01 14:20:00+05:30,1142.8,1142.9,1139.3,1140.5,20119,0
2026-04-01 14:25:00+05:30,1140.5,1146.3,1140.2,1144.9,23202,0
2026-04-01 14:30:00+05:30,1144.9,1145.6,1142.6,1142.6,23800,0
2026-04-01 14:35:00+05:30,1142.3,1142.8,1138.8,1139.0,31683,0
2026-04-01 14:40:00+05:30,1139.0,1139.4,1137.4,1138.9,12472,0
2026-04-01 14:45:00+05:30,1138.8,1138.8,1134.9,1136.5,17759,0
2026-04-01 14:50:00+05:30,1136.8,1138.5,1136.1,1137.6,20385,0
2026-04-01 14:55:00+05:30,1137.5,1138.4,1137.0,1137.7,6138,0
2026-04-01 15:00:00+05:30,1137.9,1141.9,1137.9,1140.0,31461,0
2026-04-01 15:05:00+05:30,1140.1,1141.1,1140.0,1140.8,22972,0
2026-04-01 15:10:00+05:30,1140.9,1141.1,1139.4,1140.2,40434,0
2026-04-01 15:15:00+05:30,1140.2,1142.7,1139.8,1142.2,36935,0
2026-04-01 15:20:00+05:30,1142.2,1142.3,1137.8,1139.5,70872,0
2026-04-01 15:25:00+05:30,1139.4,1148.0,1136.5,1139.0,53337,0
2026-04-02 09:15:00+05:30,1135.0,1135.0,1113.2,1119.0,75236,0
2026-04-02 09:20:00+05:30,1119.5,1123.3,1118.4,1122.2,29158,0
2026-04-02 09:25:00+05:30,1122.1,1125.0,1114.8,1115.1,110981,0
2026-04-02 09:30:00+05:30,1115.6,1115.6,1110.5,1112.7,127569,0
2026-04-02 09:35:00+05:30,1112.7,1117.8,1111.5,1114.5,62776,0
2026-04-02 09:40:00+05:30,1114.9,1115.7,1112.1,1114.0,44554,0
2026-04-02 09:45:00+05:30,1114.2,1115.8,1110.3,1111.9,35372,0
2026-04-02 09:50:00+05:30,1111.9,1112.8,1109.1,1109.9,48128,0
2026-04-02 09:55:00+05:30,1109.9,1110.6,1108.5,1109.8,19643,0
2026-04-02 10:00:00+05:30,1110.0,1111.0,1108.4,1108.7,26487,0
2026-04-02 10:05:00+05:30,1108.7,1108.7,1106.4,1108.7,28498,0
2026-04-02 10:10:00+05:30,1108.7,1114.2,1107.9,1114.0,20515,0
2026-04-02 10:15:00+05:30,1114.0,1114.2,1111.1,1111.3,8564,0
2026-04-02 10:20:00+05:30,1111.5,1113.7,1111.3,1111.9,7718,0
2026-04-02 10:25:00+05:30,1111.9,1114.7,1111.7,1113.6,22573,0
2026-04-02 10:30:00+05:30,1113.6,1117.1,1112.6,1115.5,17620,0
2026-04-02 10:35:00+05:30,1115.5,1116.9,1114.1,1116.0,12444,0
2026-04-02 10:40:00+05:30,1116.4,1117.5,1115.7,1116.8,16625,0
2026-04-02 10:45:00+05:30,1116.9,1116.9,1113.2,1115.0,18310,0
2026-04-02 10:50:00+05:30,1114.7,1115.4,1113.2,1114.6,11668,0
2026-04-02 10:55:00+05:30,1114.6,1115.9,1114.2,1115.0,6462,0
2026-04-02 11:00:00+05:30,1115.3,1115.9,1114.7,1114.9,8130,0
2026-04-02 11:05:00+05:30,1115.0,1115.4,1114.7,1115.4,6508,0
2026-04-02 11:10:00+05:30,1115.3,1115.7,1114.1,1115.4,10715,0
2026-04-02 11:15:00+05:30,1115.3,1115.4,1113.6,1114.4,9211,0
2026-04-02 11:20:00+05:30,1114.5,1114.5,1111.2,1111.6,13263,0
2026-04-02 11:25:00+05:30,1112.1,1113.0,1111.7,1112.8,6886,0
2026-04-02 11:30:00+05:30,1112.8,1115.5,1111.5,1115.0,13375,0
2026-04-02 11:35:00+05:30,1115.7,1118.2,1113.3,1115.1,35621,0
2026-04-02 11:40:00+05:30,1115.6,1116.9,1114.6,1116.6,44711,0
2026-04-02 11:45:00+05:30,1116.5,1120.0,1116.2,1119.5,16972,0
2026-04-02 11:50:00+05:30,1119.6,1121.8,1118.7,1120.2,11888,0
2026-04-02 11:55:00+05:30,1121.1,1123.9,1120.6,1122.4,14183,0
2026-04-02 12:00:00+05:30,1122.0,1122.5,1120.5,1121.0,8367,0
2026-04-02 12:05:00+05:30,1121.0,1122.1,1119.6,1122.1,11946,0
2026-04-02 12:10:00+05:30,1122.2,1122.5,1119.6,1121.5,9458,0
2026-04-02 12:15:00+05:30,1121.9,1123.3,1121.6,1123.1,3663,0
2026-04-02 12:20:00+05:30,1123.2,1123.3,1120.1,1122.5,14932,0
2026-04-02 12:25:00+05:30,1122.5,1125.0,1122.0,1125.0,18845,0
2026-04-02 12:30:00+05:30,1125.0,1128.5,1124.0,1126.6,33617,0
2026-04-02 12:35:00+05:30,1126.7,1130.3,1126.6,1129.2,17105,0
2026-04-02 12:40:00+05:30,1129.2,1130.7,1128.3,1129.8,15054,0
2026-04-02 12:45:00+05:30,1129.9,1132.0,1128.3,1131.3,19474,0
2026-04-02 12:50:00+05:30,1131.2,1132.0,1129.9,1130.7,9137,0
2026-04-02 12:55:00+05:30,1130.7,1136.7,1130.3,1136.2,22720,0
2026-04-02 13:00:00+05:30,1136.2,1138.6,1135.2,1135.9,21329,0
2026-04-02 13:05:00+05:30,1136.4,1137.0,1133.1,1135.4,21617,0
2026-04-02 13:10:00+05:30,1135.2,1136.2,1134.2,1136.0,18134,0
2026-04-02 13:15:00+05:30,1136.0,1137.8,1133.9,1137.7,14820,0
2026-04-02 13:20:00+05:30,1137.4,1140.0,1137.4,1138.4,10006,0
2026-04-02 13:25:00+05:30,1138.6,1145.1,1136.4,1143.4,140705,0
2026-04-02 13:30:00+05:30,1143.8,1145.7,1141.5,1144.1,46290,0
2026-04-02 13:35:00+05:30,1143.9,1145.7,1142.6,1144.1,7767,0
2026-04-02 13:40:00+05:30,1145.1,1145.4,1142.2,1144.9,13985,0
2026-04-02 13:45:00+05:30,1145.0,1145.8,1142.6,1144.1,14145,0
2026-04-02 13:50:00+05:30,1144.1,1144.5,1142.0,1142.9,17978,0
2026-04-02 13:55:00+05:30,1142.6,1143.0,1139.1,1140.3,44126,0
2026-04-02 14:00:00+05:30,1140.5,1140.5,1136.6,1139.5,16972,0
2026-04-02 14:05:00+05:30,1139.5,1139.6,1136.9,1138.3,11231,0
2026-04-02 14:10:00+05:30,1138.3,1140.9,1137.6,1140.9,12411,0
2026-04-02 14:15:00+05:30,1140.9,1144.1,1140.0,1141.4,23024,0
2026-04-02 14:20:00+05:30,1141.5,1142.3,1139.8,1142.3,10988,0
2026-04-02 14:25:00+05:30,1142.3,1143.5,1140.7,1142.4,26629,0
2026-04-02 14:30:00+05:30,1142.5,1143.8,1141.1,1143.6,25011,0
2026-04-02 14:35:00+05:30,1143.6,1143.6,1139.2,1139.6,25972,0
2026-04-02 14:40:00+05:30,1139.9,1140.0,1135.3,1136.5,37395,0
2026-04-02 14:45:00+05:30,1136.5,1141.8,1135.1,1139.6,41926,0
2026-04-02 14:50:00+05:30,1139.6,1142.9,1139.0,1142.3,16093,0
2026-04-02 14:55:00+05:30,1142.8,1143.9,1141.7,1143.3,14998,0
2026-04-02 15:00:00+05:30,1143.7,1145.0,1141.2,1143.0,85805,0
2026-04-02 15:05:00+05:30,1143.1,1143.4,1139.4,1142.0,93877,0
2026-04-02 15:10:00+05:30,1142.6,1142.9,1140.3,1141.7,59137,0
2026-04-02 15:15:00+05:30,1142.0,1144.6,1140.4,1141.4,66845,0
2026-04-02 15:20:00+05:30,1141.2,1141.3,1137.8,1140.6,58646,0
2026-04-02 15:25:00+05:30,1140.4,1142.3,1135.0,1135.2,83787,0
2026-04-06 09:15:00+05:30,1132.0,1136.0,1126.5,1134.5,81890,0
2026-04-06 09:20:00+05:30,1134.5,1139.0,1133.3,1135.3,26996,0
2026-04-06 09:25:00+05:30,1135.6,1137.0,1132.5,1134.6,17711,0
2026-04-06 09:30:00+05:30,1133.8,1140.9,1131.3,1140.9,22991,0
2026-04-06 09:35:00+05:30,1140.9,1145.7,1140.9,1144.8,61100,0
2026-04-06 09:40:00+05:30,1144.8,1145.4,1136.6,1138.6,23010,0
2026-04-06 09:45:00+05:30,1139.6,1139.6,1128.2,1129.1,33516,0
2026-04-06 09:50:00+05:30,1129.1,1129.2,1125.0,1125.6,48145,0
2026-04-06 09:55:00+05:30,1125.6,1127.8,1125.1,1126.0,27419,0
2026-04-06 10:00:00+05:30,1126.0,1127.5,1124.0,1126.9,28772,0
2026-04-06 10:05:00+05:30,1127.0,1130.5,1127.0,1128.7,15804,0
2026-04-06 10:10:00+05:30,1128.7,1133.2,1128.6,1133.2,24816,0
2026-04-06 10:15:00+05:30,1133.2,1134.5,1130.0,1131.9,30580,0
2026-04-06 10:20:00+05:30,1131.2,1133.3,1130.6,1131.8,14586,0
2026-04-06 10:25:00+05:30,1131.0,1131.8,1126.4,1130.9,22800,0
2026-04-06 10:30:00+05:30,1130.8,1131.6,1128.1,1130.6,14698,0
2026-04-06 10:35:00+05:30,1130.6,1131.6,1125.3,1127.1,16634,0
2026-04-06 10:40:00+05:30,1127.1,1127.9,1125.2,1126.8,13757,0
2026-04-06 10:45:00+05:30,1126.8,1126.9,1124.2,1125.8,14562,0
2026-04-06 10:50:00+05:30,1125.8,1127.0,1122.0,1122.4,10421,0
2026-04-06 10:55:00+05:30,1122.8,1124.0,1122.1,1122.2,12668,0
2026-04-06 11:00:00+05:30,1122.1,1122.2,1120.0,1120.4,18239,0
2026-04-06 11:05:00+05:30,1120.1,1123.0,1119.1,1122.3,20194,0
2026-04-06 11:10:00+05:30,1122.3,1122.3,1119.5,1122.2,24145,0
2026-04-06 11:15:00+05:30,1122.2,1123.0,1120.4,1121.9,14113,0
2026-04-06 11:20:00+05:30,1121.9,1124.2,1120.7,1121.8,12009,0
2026-04-06 11:25:00+05:30,1121.3,1124.6,1121.2,1123.1,9061,0
2026-04-06 11:30:00+05:30,1123.1,1123.4,1121.3,1122.8,5403,0
2026-04-06 11:35:00+05:30,1122.8,1125.0,1122.1,1124.5,10368,0
2026-04-06 11:40:00+05:30,1124.5,1125.7,1122.6,1125.5,8700,0
2026-04-06 11:45:00+05:30,1125.6,1125.7,1117.1,1118.0,77494,0
2026-04-06 11:50:00+05:30,1118.0,1120.9,1117.5,1119.3,13074,0
2026-04-06 11:55:00+05:30,1119.3,1121.6,1119.0,1119.5,12279,0
2026-04-06 12:00:00+05:30,1119.5,1120.8,1118.1,1118.7,7714,0
2026-04-06 12:05:00+05:30,1118.7,1119.1,1116.1,1116.7,32937,0
2026-04-06 12:10:00+05:30,1116.7,1118.9,1116.2,1118.9,7708,0
2026-04-06 12:15:00+05:30,1118.9,1122.1,1118.0,1118.9,27523,0
2026-04-06 12:20:00+05:30,1119.0,1122.7,1118.5,1120.3,11811,0
2026-04-06 12:25:00+05:30,1120.3,1123.5,1120.1,1121.5,20462,0
2026-04-06 12:30:00+05:30,1120.9,1122.8,1117.0,1117.0,139989,0
2026-04-06 12:35:00+05:30,1117.4,1118.4,1115.1,1118.0,34468,0
2026-04-06 12:40:00+05:30,1118.0,1120.2,1117.3,1118.9,11244,0
2026-04-06 12:45:00+05:30,1119.3,1121.6,1118.6,1120.4,12670,0
2026-04-06 12:50:00+05:30,1120.5,1121.2,1118.6,1120.9,16444,0
2026-04-06 12:55:00+05:30,1121.1,1125.0,1119.0,1122.7,586787,0
2026-04-06 13:00:00+05:30,1122.4,1123.9,1117.1,1118.4,56549,0
2026-04-06 13:05:00+05:30,1118.8,1123.9,1118.8,1122.9,43207,0
2026-04-06 13:10:00+05:30,1122.2,1126.0,1122.2,1125.3,43601,0
2026-04-06 13:15:00+05:30,1124.6,1126.5,1118.7,1119.1,201445,0
2026-04-06 13:20:00+05:30,1119.8,1120.8,1118.2,1120.6,63138,0
2026-04-06 13:25:00+05:30,1120.6,1121.7,1119.1,1121.0,24987,0
2026-04-06 13:30:00+05:30,1121.2,1123.5,1120.7,1123.3,52255,0
2026-04-06 13:35:00+05:30,1123.3,1124.4,1121.0,1121.7,19623,0
2026-04-06 13:40:00+05:30,1121.6,1122.5,1119.5,1119.6,34892,0
2026-04-06 13:45:00+05:30,1119.7,1120.8,1118.6,1120.2,30307,0
2026-04-06 13:50:00+05:30,1119.9,1122.0,1118.5,1120.6,37966,0
2026-04-06 13:55:00+05:30,1120.9,1124.0,1120.1,1124.0,27586,0
2026-04-06 14:00:00+05:30,1124.0,1124.1,1122.1,1123.5,58110,0
2026-04-06 14:05:00+05:30,1123.9,1124.8,1121.6,1122.6,16022,0
2026-04-06 14:10:00+05:30,1122.1,1124.9,1122.1,1124.5,30967,0
2026-04-06 14:15:00+05:30,1124.5,1126.5,1123.4,1125.8,28696,0
2026-04-06 14:20:00+05:30,1125.8,1127.2,1125.5,1126.3,26585,0
2026-04-06 14:25:00+05:30,1126.0,1126.9,1124.5,1126.5,31311,0
2026-04-06 14:30:00+05:30,1126.5,1128.9,1126.5,1128.0,18400,0
2026-04-06 14:35:00+05:30,1128.3,1133.5,1126.0,1132.5,87583,0
2026-04-06 14:40:00+05:30,1132.5,1132.8,1130.5,1131.3,27846,0
2026-04-06 14:45:00+05:30,1131.3,1132.0,1130.6,1131.0,23493,0
2026-04-06 14:50:00+05:30,1131.1,1134.6,1130.8,1133.6,41318,0
2026-04-06 14:55:00+05:30,1133.8,1135.2,1132.0,1133.9,72437,0
2026-04-06 15:00:00+05:30,1134.3,1136.3,1133.1,1134.5,101971,0
2026-04-06 15:05:00+05:30,1134.8,1134.9,1132.6,1132.8,50834,0
2026-04-06 15:10:00+05:30,1133.2,1134.1,1132.4,1133.8,47934,0
2026-04-06 15:15:00+05:30,1133.8,1135.4,1132.8,1134.8,69715,0
2026-04-06 15:20:00+05:30,1134.7,1135.1,1132.0,1132.5,80848,0
2026-04-06 15:25:00+05:30,1132.5,1132.5,1129.7,1132.5,66220,0
2026-04-07 09:15:00+05:30,1139.0,1139.0,1122.3,1133.5,126524,0
2026-04-07 09:20:00+05:30,1133.8,1133.8,1128.0,1129.2,61518,0
2026-04-07 09:25:00+05:30,1129.2,1131.0,1127.3,1129.2,27681,0
2026-04-07 09:30:00+05:30,1129.2,1129.7,1123.1,1124.0,35087,0
2026-04-07 09:35:00+05:30,1124.1,1127.9,1123.0,1126.6,26436,0
2026-04-07 09:40:00+05:30,1126.6,1127.9,1123.2,1123.7,46884,0
2026-04-07 09:45:00+05:30,1123.9,1127.8,1123.7,1125.1,19899,0
2026-04-07 09:50:00+05:30,1125.2,1127.9,1124.3,1127.3,10310,0
2026-04-07 09:55:00+05:30,1127.5,1131.6,1127.4,1129.2,125398,0
2026-04-07 10:00:00+05:30,1129.6,1134.0,1129.0,1133.6,142709,0
2026-04-07 10:05:00+05:30,1133.4,1133.9,1128.1,1130.3,178913,0
2026-04-07 10:10:00+05:30,1130.3,1136.9,1130.0,1136.5,87614,0
2026-04-07 10:15:00+05:30,1136.8,1139.4,1133.7,1137.4,165124,0
2026-04-07 10:20:00+05:30,1137.4,1139.8,1134.6,1135.8,45321,0
2026-04-07 10:25:00+05:30,1135.8,1142.2,1135.5,1140.2,45524,0
2026-04-07 10:30:00+05:30,1140.5,1144.2,1138.5,1138.6,78199,0
2026-04-07 10:35:00+05:30,1139.1,1140.9,1136.7,1140.8,58558,0
2026-04-07 10:40:00+05:30,1141.0,1141.2,1138.3,1141.0,39060,0
2026-04-07 10:45:00+05:30,1141.0,1144.1,1139.6,1142.4,74860,0
2026-04-07 10:50:00+05:30,1142.4,1142.4,1135.8,1137.0,56093,0
2026-04-07 10:55:00+05:30,1137.4,1137.7,1132.1,1134.1,67628,0
2026-04-07 11:00:00+05:30,1134.1,1134.1,1130.5,1132.4,51327,0
2026-04-07 11:05:00+05:30,1132.6,1135.2,1130.9,1134.6,35791,0
2026-04-07 11:10:00+05:30,1134.6,1136.2,1132.2,1132.5,44800,0
2026-04-07 11:15:00+05:30,1132.9,1135.3,1132.4,1135.2,12679,0
2026-04-07 11:20:00+05:30,1135.2,1138.2,1135.0,1137.0,23167,0
2026-04-07 11:25:00+05:30,1137.3,1138.3,1136.9,1137.6,10406,0
2026-04-07 11:30:00+05:30,1137.7,1138.6,1136.9,1137.8,13599,0
2026-04-07 11:35:00+05:30,1137.8,1138.5,1135.4,1136.9,26599,0
2026-04-07 11:40:00+05:30,1137.3,1137.3,1135.0,1135.5,11794,0
2026-04-07 11:45:00+05:30,1135.7,1137.0,1135.2,1136.6,5174,0
2026-04-07 11:50:00+05:30,1136.9,1137.0,1134.4,1135.8,6877,0
2026-04-07 11:55:00+05:30,1136.3,1138.1,1135.4,1136.9,14048,0
2026-04-07 12:00:00+05:30,1136.6,1137.0,1131.8,1132.4,25958,0
2026-04-07 12:05:00+05:30,1132.8,1134.6,1132.0,1134.2,5928,0
2026-04-07 12:10:00+05:30,1134.6,1134.6,1130.5,1133.1,13221,0
2026-04-07 12:15:00+05:30,1133.4,1134.7,1131.5,1132.0,14902,0
2026-04-07 12:20:00+05:30,1132.3,1132.5,1131.0,1131.2,7281,0
2026-04-07 12:25:00+05:30,1131.5,1132.1,1129.6,1129.8,41802,0
2026-04-07 12:30:00+05:30,1129.9,1131.7,1129.7,1131.0,20087,0
2026-04-07 12:35:00+05:30,1131.1,1132.3,1130.7,1131.2,8518,0
2026-04-07 12:40:00+05:30,1131.8,1131.9,1131.0,1131.7,4285,0
2026-04-07 12:45:00+05:30,1132.3,1132.6,1130.5,1130.5,4954,0
2026-04-07 12:50:00+05:30,1130.8,1132.5,1129.6,1130.7,16605,0
2026-04-07 12:55:00+05:30,1130.5,1131.4,1128.9,1129.6,10317,0
2026-04-07 13:00:00+05:30,1129.6,1131.2,1129.1,1130.2,7684,0
2026-04-07 13:05:00+05:30,1130.5,1130.7,1129.9,1130.3,3940,0
2026-04-07 13:10:00+05:30,1130.5,1133.2,1129.3,1132.1,27203,0
2026-04-07 13:15:00+05:30,1132.1,1136.6,1131.7,1136.2,22703,0
2026-04-07 13:20:00+05:30,1136.2,1136.4,1134.1,1135.0,30970,0
2026-04-07 13:25:00+05:30,1135.0,1135.5,1133.0,1134.7,8869,0
2026-04-07 13:30:00+05:30,1134.6,1140.7,1134.4,1138.5,38863,0
2026-04-07 13:35:00+05:30,1138.5,1140.0,1137.5,1139.6,13144,0
2026-04-07 13:40:00+05:30,1139.6,1141.4,1138.0,1140.7,43811,0
2026-04-07 13:45:00+05:30,1140.7,1141.0,1138.4,1138.5,13235,0
2026-04-07 13:50:00+05:30,1138.9,1140.7,1137.1,1140.3,13610,0
2026-04-07 13:55:00+05:30,1140.2,1140.6,1136.1,1137.2,13039,0
2026-04-07 14:00:00+05:30,1137.5,1141.0,1137.0,1141.0,13503,0
2026-04-07 14:05:00+05:30,1141.0,1142.0,1140.4,1141.7,14233,0
2026-04-07 14:10:00+05:30,1141.7,1141.7,1138.0,1140.2,14282,0
2026-04-07 14:15:00+05:30,1140.4,1140.9,1138.8,1139.5,9852,0
2026-04-07 14:20:00+05:30,1139.3,1140.2,1137.8,1139.4,10956,0
2026-04-07 14:25:00+05:30,1139.4,1141.1,1138.9,1140.7,8965,0
2026-04-07 14:30:00+05:30,1141.0,1142.6,1139.8,1141.6,17859,0
2026-04-07 14:35:00+05:30,1141.3,1141.6,1138.6,1138.7,10916,0
2026-04-07 14:40:00+05:30,1138.8,1144.0,1138.8,1143.8,24381,0
2026-04-07 14:45:00+05:30,1143.8,1143.8,1142.2,1142.3,14407,0
2026-04-07 14:50:00+05:30,1142.7,1144.3,1142.1,1143.6,17292,0
2026-04-07 14:55:00+05:30,1143.9,1146.9,1143.0,1145.2,104248,0
2026-04-07 15:00:00+05:30,1145.2,1148.4,1144.3,1148.4,92868,0
2026-04-07 15:05:00+05:30,1148.0,1149.6,1147.3,1148.1,90130,0
2026-04-07 15:10:00+05:30,1147.9,1151.7,1147.0,1151.7,98544,0
2026-04-07 15:15:00+05:30,1151.5,1155.0,1150.0,1153.9,195388,0
2026-04-07 15:20:00+05:30,1153.9,1156.3,1153.3,1155.3,132088,0
2026-04-07 15:25:00+05:30,1155.9,1157.6,1152.1,1155.0,101643,0
2026-04-08 09:15:00+05:30,1170.0,1204.0,1170.0,1197.4,152520,0
2026-04-08 09:20:00+05:30,1197.7,1199.6,1192.8,1195.8,48207,0
2026-04-08 09:25:00+05:30,1196.0,1204.6,1188.4,1189.8,179552,0
2026-04-08 09:30:00+05:30,1190.3,1192.9,1185.0,1185.5,51547,0
2026-04-08 09:35:00+05:30,1185.5,1194.4,1181.6,1183.4,132865,0
2026-04-08 09:40:00+05:30,1183.9,1186.9,1182.6,1186.1,22508,0
2026-04-08 09:45:00+05:30,1186.2,1188.0,1182.9,1183.2,13803,0
2026-04-08 09:50:00+05:30,1183.6,1187.1,1183.6,1184.9,7985,0
2026-04-08 09:55:00+05:30,1184.8,1185.3,1180.8,1181.5,22384,0
2026-04-08 10:00:00+05:30,1182.0,1183.7,1181.5,1183.7,5221,0
2026-04-08 10:05:00+05:30,1183.7,1187.1,1181.7,1183.0,10042,0
2026-04-08 10:10:00+05:30,1183.0,1186.6,1182.0,1186.4,7267,0
2026-04-08 10:15:00+05:30,1186.4,1187.9,1183.1,1187.1,21506,0
2026-04-08 10:20:00+05:30,1187.0,1188.7,1185.7,1187.6,12365,0
2026-04-08 10:25:00+05:30,1187.8,1194.3,1187.6,1191.4,18682,0
2026-04-08 10:30:00+05:30,1192.1,1194.8,1191.6,1191.9,17915,0
2026-04-08 10:35:00+05:30,1191.9,1193.0,1189.1,1189.7,9400,0
2026-04-08 10:40:00+05:30,1189.8,1198.8,1188.1,1193.0,103576,0
2026-04-08 10:45:00+05:30,1193.0,1193.5,1188.6,1189.5,18538,0
2026-04-08 10:50:00+05:30,1189.5,1190.0,1186.2,1189.5,30581,0
2026-04-08 10:55:00+05:30,1189.5,1190.0,1188.3,1188.9,7951,0
2026-04-08 11:00:00+05:30,1188.9,1190.0,1188.4,1190.0,6129,0
2026-04-08 11:05:00+05:30,1190.0,1191.0,1188.3,1189.3,38893,0
2026-04-08 11:10:00+05:30,1189.3,1191.9,1188.8,1189.7,25465,0
2026-04-08 11:15:00+05:30,1189.7,1193.3,1189.1,1189.9,89954,0
2026-04-08 11:20:00+05:30,1189.9,1191.3,1189.1,1189.6,6828,0
2026-04-08 11:25:00+05:30,1189.7,1190.0,1187.8,1188.5,7631,0
2026-04-08 11:30:00+05:30,1188.5,1189.4,1188.0,1188.4,4537,0
2026-04-08 11:35:00+05:30,1188.5,1190.0,1187.6,1188.1,25474,0
2026-04-08 11:40:00+05:30,1188.1,1190.0,1187.5,1189.6,4342,0
2026-04-08 11:45:00+05:30,1189.6,1190.0,1189.0,1189.4,2307,0
2026-04-08 11:50:00+05:30,1189.5,1189.7,1187.3,1188.8,3698,0
2026-04-08 11:55:00+05:30,1188.7,1189.7,1187.6,1189.7,3232,0
2026-04-08 12:00:00+05:30,1189.7,1190.5,1188.6,1189.0,20611,0
2026-04-08 12:05:00+05:30,1189.0,1189.0,1187.2,1188.6,4109,0
2026-04-08 12:10:00+05:30,1189.0,1190.0,1188.4,1188.8,4764,0
2026-04-08 12:15:00+05:30,1188.8,1189.9,1188.8,1189.5,3022,0
2026-04-08 12:20:00+05:30,1189.5,1191.0,1189.4,1190.0,48164,0
2026-04-08 12:25:00+05:30,1190.0,1191.0,1188.7,1189.0,5226,0
2026-04-08 12:30:00+05:30,1189.0,1189.0,1184.7,1185.6,6255,0
2026-04-08 12:35:00+05:30,1185.6,1186.1,1183.5,1184.6,4891,0
2026-04-08 12:40:00+05:30,1184.6,1186.2,1184.2,1185.4,13832,0
2026-04-08 12:45:00+05:30,1185.4,1187.0,1184.7,1187.0,15188,0
2026-04-08 12:50:00+05:30,1187.0,1189.0,1187.0,1188.4,3461,0
2026-04-08 12:55:00+05:30,1188.4,1193.0,1188.3,1192.9,8891,0
2026-04-08 13:00:00+05:30,1192.9,1192.9,1187.6,1188.5,54914,0
2026-04-08 13:05:00+05:30,1188.5,1192.2,1188.5,1189.5,46725,0
2026-04-08 13:10:00+05:30,1189.5,1190.7,1189.3,1189.7,8216,0
2026-04-08 13:15:00+05:30,1189.7,1190.2,1189.5,1189.8,3258,0
2026-04-08 13:20:00+05:30,1189.8,1189.8,1188.2,1188.7,4120,0
2026-04-08 13:25:00+05:30,1188.7,1189.4,1188.1,1189.3,8459,0
2026-04-08 13:30:00+05:30,1189.4,1189.4,1187.9,1188.1,5853,0
2026-04-08 13:35:00+05:30,1188.1,1190.6,1187.2,1187.8,8921,0
2026-04-08 13:40:00+05:30,1187.8,1188.0,1186.0,1188.0,5307,0
2026-04-08 13:45:00+05:30,1188.0,1188.0,1186.1,1186.9,5222,0
2026-04-08 13:50:00+05:30,1186.9,1186.9,1185.0,1185.6,5869,0
2026-04-08 13:55:00+05:30,1185.6,1187.4,1185.2,1187.0,3618,0
2026-04-08 14:00:00+05:30,1187.0,1187.8,1186.6,1187.7,3449,0
2026-04-08 14:05:00+05:30,1187.7,1188.5,1186.8,1188.0,4620,0
2026-04-08 14:10:00+05:30,1188.0,1189.6,1186.1,1187.2,7078,0
2026-04-08 14:15:00+05:30,1187.2,1188.7,1187.0,1188.5,2882,0
2026-04-08 14:20:00+05:30,1188.5,1190.0,1188.4,1190.0,8343,0
2026-04-08 14:25:00+05:30,1190.0,1191.2,1189.3,1191.2,9680,0
2026-04-08 14:30:00+05:30,1191.2,1192.6,1190.7,1192.2,17477,0
2026-04-08 14:35:00+05:30,1192.4,1194.0,1191.7,1192.7,29313,0
2026-04-08 14:40:00+05:30,1192.7,1195.0,1192.4,1194.8,17371,0
2026-04-08 14:45:00+05:30,1195.0,1195.1,1190.5,1191.6,22809,0
2026-04-08 14:50:00+05:30,1191.6,1193.3,1191.1,1192.4,21679,0
2026-04-08 14:55:00+05:30,1192.5,1195.0,1192.0,1194.9,35847,0
2026-04-08 15:00:00+05:30,1194.9,1194.9,1188.8,1191.1,54750,0
2026-04-08 15:05:00+05:30,1191.2,1194.5,1190.6,1193.7,87234,0
2026-04-08 15:10:00+05:30,1193.8,1195.0,1191.5,1192.9,161361,0
2026-04-08 15:15:00+05:30,1193.4,1198.0,1193.0,1195.3,192103,0
2026-04-08 15:20:00+05:30,1195.1,1196.3,1192.5,1194.0,173908,0
2026-04-08 15:25:00+05:30,1194.4,1195.8,1192.5,1195.1,122146,0
2026-04-09 09:15:00+05:30,1187.2,1211.4,1185.0,1209.9,104982,0
2026-04-09 09:20:00+05:30,1210.4,1215.6,1207.8,1213.6,67740,0
2026-04-09 09:25:00+05:30,1213.7,1218.0,1213.2,1214.9,58415,0
2026-04-09 09:30:00+05:30,1215.3,1217.0,1203.0,1207.0,73913,0
2026-04-09 09:35:00+05:30,1207.0,1209.5,1204.5,1206.8,49467,0
2026-04-09 09:40:00+05:30,1207.3,1207.3,1203.4,1205.8,109987,0
2026-04-09 09:45:00+05:30,1205.8,1207.7,1200.7,1203.0,77160,0
2026-04-09 09:50:00+05:30,1203.5,1205.4,1200.6,1201.0,108320,0
2026-04-09 09:55:00+05:30,1201.0,1202.7,1200.8,1201.6,14474,0
2026-04-09 10:00:00+05:30,1201.6,1206.8,1199.2,1206.2,41757,0
2026-04-09 10:05:00+05:30,1206.4,1213.3,1206.0,1212.8,41347,0
2026-04-09 10:10:00+05:30,1213.2,1213.3,1207.1,1207.3,22092,0
2026-04-09 10:15:00+05:30,1207.8,1210.7,1206.0,1208.5,17508,0
2026-04-09 10:20:00+05:30,1208.7,1208.7,1203.3,1204.8,20472,0
2026-04-09 10:25:00+05:30,1204.8,1204.8,1199.7,1202.2,19387,0
2026-04-09 10:30:00+05:30,1202.5,1204.1,1200.7,1202.7,10598,0
2026-04-09 10:35:00+05:30,1202.7,1205.2,1200.9,1201.3,20628,0
2026-04-09 10:40:00+05:30,1201.3,1201.7,1198.1,1198.5,22998,0
2026-04-09 10:45:00+05:30,1198.4,1201.8,1198.4,1201.7,16403,0
2026-04-09 10:50:00+05:30,1201.6,1202.4,1199.6,1200.7,9866,0
2026-04-09 10:55:00+05:30,1200.9,1200.9,1199.1,1199.9,9529,0
2026-04-09 11:00:00+05:30,1199.9,1201.3,1199.6,1200.0,13273,0
2026-04-09 11:05:00+05:30,1200.3,1204.9,1200.3,1202.2,31180,0
2026-04-09 11:10:00+05:30,1202.3,1204.0,1201.0,1203.2,16192,0
2026-04-09 11:15:00+05:30,1203.4,1204.2,1201.1,1201.1,10428,0
2026-04-09 11:20:00+05:30,1201.7,1202.9,1199.6,1202.4,13506,0
2026-04-09 11:25:00+05:30,1202.7,1203.7,1200.8,1200.8,10831,0
2026-04-09 11:30:00+05:30,1200.8,1201.4,1198.6,1199.1,25242,0
2026-04-09 11:35:00+05:30,1199.4,1202.8,1199.0,1201.0,12999,0
2026-04-09 11:40:00+05:30,1201.0,1203.0,1200.3,1202.0,10778,0
2026-04-09 11:45:00+05:30,1202.1,1202.4,1201.0,1202.4,9311,0
2026-04-09 11:50:00+05:30,1202.4,1204.8,1201.1,1204.3,14974,0
2026-04-09 11:55:00+05:30,1204.4,1206.8,1202.9,1203.9,56604,0
2026-04-09 12:00:00+05:30,1204.3,1205.8,1203.8,1205.6,45633,0
2026-04-09 12:05:00+05:30,1205.7,1208.5,1205.0,1205.7,40858,0
2026-04-09 12:10:00+05:30,1205.8,1206.5,1203.5,1204.0,51797,0
2026-04-09 12:15:00+05:30,1204.0,1204.6,1202.5,1203.3,58919,0
2026-04-09 12:20:00+05:30,1203.4,1204.2,1202.4,1203.2,21787,0
2026-04-09 12:25:00+05:30,1203.3,1204.5,1203.0,1204.4,34005,0
2026-04-09 12:30:00+05:30,1204.5,1206.3,1203.9,1205.5,39464,0
2026-04-09 12:35:00+05:30,1205.6,1205.8,1203.6,1205.8,27305,0
2026-04-09 12:40:00+05:30,1205.9,1206.2,1203.6,1204.0,31296,0
2026-04-09 12:45:00+05:30,1204.0,1207.5,1203.9,1207.5,73354,0
2026-04-09 12:50:00+05:30,1207.2,1212.2,1207.2,1212.2,22998,0
2026-04-09 12:55:00+05:30,1212.2,1214.4,1210.0,1213.1,51086,0
2026-04-09 13:00:00+05:30,1213.3,1213.3,1209.0,1210.5,19871,0
2026-04-09 13:05:00+05:30,1210.7,1211.0,1209.2,1210.3,14295,0
2026-04-09 13:10:00+05:30,1210.3,1210.5,1207.7,1209.4,17475,0
2026-04-09 13:15:00+05:30,1209.3,1209.6,1207.6,1208.7,15949,0
2026-04-09 13:20:00+05:30,1208.8,1210.0,1207.0,1209.5,22589,0
2026-04-09 13:25:00+05:30,1209.5,1210.4,1209.1,1209.5,12481,0
2026-04-09 13:30:00+05:30,1209.5,1209.5,1204.4,1207.1,29456,0
2026-04-09 13:35:00+05:30,1207.1,1207.6,1205.8,1207.3,9947,0
2026-04-09 13:40:00+05:30,1207.3,1207.8,1205.7,1206.3,8073,0
2026-04-09 13:45:00+05:30,1206.3,1207.1,1204.3,1205.7,11124,0
2026-04-09 13:50:00+05:30,1205.2,1206.9,1205.0,1206.9,7860,0
2026-04-09 13:55:00+05:30,1206.9,1208.0,1206.4,1206.8,7166,0
2026-04-09 14:00:00+05:30,1207.1,1208.7,1206.4,1208.0,10429,0
2026-04-09 14:05:00+05:30,1208.2,1208.2,1206.2,1207.4,8273,0
2026-04-09 14:10:00+05:30,1207.4,1207.4,1205.3,1205.7,8569,0
2026-04-09 14:15:00+05:30,1205.7,1206.0,1204.2,1205.4,7953,0
2026-04-09 14:20:00+05:30,1205.4,1205.6,1203.5,1205.0,15262,0
2026-04-09 14:25:00+05:30,1205.0,1205.0,1203.1,1203.7,12701,0
2026-04-09 14:30:00+05:30,1203.8,1203.8,1200.4,1202.9,16979,0
2026-04-09 14:35:00+05:30,1203.1,1205.9,1202.9,1205.3,20397,0
2026-04-09 14:40:00+05:30,1205.4,1206.7,1204.8,1205.9,11626,0
2026-04-09 14:45:00+05:30,1206.2,1206.2,1203.2,1203.4,14772,0
2026-04-09 14:50:00+05:30,1203.5,1205.4,1203.2,1203.7,28349,0
2026-04-09 14:55:00+05:30,1204.2,1205.7,1203.1,1204.7,25307,0
2026-04-09 15:00:00+05:30,1204.9,1209.1,1203.0,1206.5,96293,0
2026-04-09 15:05:00+05:30,1206.7,1210.9,1206.6,1210.2,97299,0
2026-04-09 15:10:00+05:30,1210.5,1211.2,1208.4,1209.5,87060,0
2026-04-09 15:15:00+05:30,1209.4,1211.9,1209.4,1210.2,93361,0
2026-04-09 15:20:00+05:30,1210.2,1212.4,1209.0,1212.2,107388,0
2026-04-09 15:25:00+05:30,1212.3,1213.5,1204.1,1209.2,84415,0
2026-04-10 09:15:00+05:30,1210.0,1224.4,1210.0,1222.5,91087,0
2026-04-10 09:20:00+05:30,1222.6,1222.6,1214.2,1215.1,41674,0
2026-04-10 09:25:00+05:30,1214.7,1217.8,1214.7,1217.4,17225,0
2026-04-10 09:30:00+05:30,1217.4,1218.3,1216.9,1217.5,10711,0
2026-04-10 09:35:00+05:30,1217.5,1219.7,1216.4,1219.1,13691,0
2026-04-10 09:40:00+05:30,1219.1,1220.3,1217.5,1217.5,12552,0
2026-04-10 09:45:00+05:30,1217.5,1219.1,1216.5,1217.9,10825,0
2026-04-10 09:50:00+05:30,1217.8,1219.8,1217.2,1219.4,13798,0
2026-04-10 09:55:00+05:30,1219.6,1219.8,1216.9,1218.3,12058,0
2026-04-10 10:00:00+05:30,1218.9,1220.0,1218.6,1218.8,8443,0
2026-04-10 10:05:00+05:30,1219.0,1219.2,1214.0,1219.0,24680,0
2026-04-10 10:10:00+05:30,1219.0,1223.0,1218.9,1222.2,13428,0
2026-04-10 10:15:00+05:30,1222.2,1224.0,1222.2,1224.0,11804,0
2026-04-10 10:20:00+05:30,1224.0,1224.8,1221.6,1223.4,16943,0
2026-04-10 10:25:00+05:30,1223.9,1224.0,1219.7,1220.3,9540,0
2026-04-10 10:30:00+05:30,1220.3,1221.7,1217.3,1219.0,12771,0
2026-04-10 10:35:00+05:30,1218.7,1219.6,1217.1,1217.1,6640,0
2026-04-10 10:40:00+05:30,1217.4,1219.0,1217.1,1218.0,8777,0
2026-04-10 10:45:00+05:30,1218.2,1218.9,1217.3,1217.6,6123,0
2026-04-10 10:50:00+05:30,1217.9,1217.9,1217.0,1217.5,4273,0
2026-04-10 10:55:00+05:30,1217.5,1219.5,1217.2,1219.5,7970,0
2026-04-10 11:00:00+05:30,1219.8,1221.5,1218.7,1221.0,27114,0
2026-04-10 11:05:00+05:30,1221.0,1222.8,1220.7,1222.2,17113,0
2026-04-10 11:10:00+05:30,1222.2,1222.6,1220.8,1221.1,12104,0
2026-04-10 11:15:00+05:30,1221.1,1221.6,1219.1,1219.7,8574,0
2026-04-10 11:20:00+05:30,1219.7,1220.4,1217.6,1218.6,14759,0
2026-04-10 11:25:00+05:30,1218.6,1219.7,1218.5,1219.4,5737,0
2026-04-10 11:30:00+05:30,1219.4,1219.8,1217.2,1218.0,49627,0
2026-04-10 11:35:00+05:30,1218.0,1218.0,1215.1,1215.8,20603,0
2026-04-10 11:40:00+05:30,1215.7,1215.7,1214.0,1215.0,16788,0
2026-04-10 11:45:00+05:30,1215.0,1215.0,1213.2,1214.4,14439,0
2026-04-10 11:50:00+05:30,1214.4,1215.0,1213.7,1214.5,8950,0
2026-04-10 11:55:00+05:30,1214.5,1215.4,1213.8,1214.0,24865,0
2026-04-10 12:00:00+05:30,1214.0,1214.6,1211.2,1214.0,26013,0
2026-04-10 12:05:00+05:30,1214.3,1214.4,1213.2,1213.6,8666,0
2026-04-10 12:10:00+05:30,1213.6,1213.6,1212.9,1213.1,5131,0
2026-04-10 12:15:00+05:30,1213.1,1213.1,1211.0,1212.0,10900,0
2026-04-10 12:20:00+05:30,1212.0,1213.3,1211.0,1211.6,15667,0
2026-04-10 12:25:00+05:30,1212.1,1212.1,1210.1,1211.4,8997,0
2026-04-10 12:30:00+05:30,1211.4,1212.0,1211.0,1211.0,6356,0
2026-04-10 12:35:00+05:30,1211.1,1211.4,1208.6,1210.0,13495,0
2026-04-10 12:40:00+05:30,1210.0,1210.0,1209.1,1209.3,8443,0
2026-04-10 12:45:00+05:30,1209.1,1209.2,1207.6,1208.9,12897,0
2026-04-10 12:50:00+05:30,1208.9,1209.0,1206.1,1207.6,11879,0
2026-04-10 12:55:00+05:30,1207.6,1209.0,1207.0,1208.7,6453,0
2026-04-10 13:00:00+05:30,1208.7,1209.0,1207.8,1208.0,13698,0
2026-04-10 13:05:00+05:30,1208.2,1209.0,1208.0,1208.6,8226,0
2026-04-10 13:10:00+05:30,1208.2,1208.6,1206.1,1206.9,10696,0
2026-04-10 13:15:00+05:30,1206.9,1206.9,1206.3,1206.4,10042,0
2026-04-10 13:20:00+05:30,1206.7,1207.0,1206.4,1206.6,10397,0
2026-04-10 13:25:00+05:30,1206.8,1207.1,1206.5,1207.0,17383,0
2026-04-10 13:30:00+05:30,1207.0,1207.8,1206.3,1206.4,24965,0
2026-04-10 13:35:00+05:30,1206.4,1207.4,1205.0,1207.4,16706,0
2026-04-10 13:40:00+05:30,1207.0,1208.3,1206.8,1207.5,12614,0
2026-04-10 13:45:00+05:30,1207.5,1208.2,1207.1,1207.2,6178,0
2026-04-10 13:50:00+05:30,1207.4,1207.5,1206.2,1207.5,7615,0
2026-04-10 13:55:00+05:30,1207.5,1209.3,1206.5,1209.2,16067,0
2026-04-10 14:00:00+05:30,1209.2,1210.5,1208.7,1210.4,19268,0
2026-04-10 14:05:00+05:30,1209.6,1211.8,1209.6,1209.9,25597,0
2026-04-10 14:10:00+05:30,1209.9,1210.9,1209.5,1210.0,30362,0
2026-04-10 14:15:00+05:30,1210.3,1210.3,1203.9,1209.5,45656,0
2026-04-10 14:20:00+05:30,1209.7,1210.1,1206.0,1206.4,23786,0
2026-04-10 14:25:00+05:30,1206.6,1207.2,1205.3,1206.7,32112,0
2026-04-10 14:30:00+05:30,1206.7,1208.1,1206.5,1207.5,31541,0
2026-04-10 14:35:00+05:30,1207.5,1208.0,1206.4,1206.6,17594,0
2026-04-10 14:40:00+05:30,1206.6,1206.8,1206.0,1206.2,8834,0
2026-04-10 14:45:00+05:30,1206.5,1209.0,1206.1,1208.5,42888,0
2026-04-10 14:50:00+05:30,1208.5,1210.0,1208.5,1209.5,24306,0
2026-04-10 14:55:00+05:30,1209.5,1212.8,1209.2,1211.2,106748,0
2026-04-10 15:00:00+05:30,1211.3,1212.5,1210.8,1211.7,44848,0
2026-04-10 15:05:00+05:30,1211.8,1215.0,1211.7,1213.9,90560,0
2026-04-10 15:10:00+05:30,1213.9,1217.5,1213.4,1217.0,85696,0
2026-04-10 15:15:00+05:30,1217.1,1217.8,1214.6,1215.8,76923,0
2026-04-10 15:20:00+05:30,1215.8,1216.2,1214.0,1215.5,80238,0
2026-04-10 15:25:00+05:30,1215.7,1216.8,1212.0,1212.0,67483,0
2026-04-13 09:15:00+05:30,1199.1,1206.5,1191.0,1195.0,104466,0
2026-04-13 09:20:00+05:30,1195.2,1198.2,1192.1,1193.4,46838,0
2026-04-13 09:25:00+05:30,1193.3,1194.7,1189.7,1193.0,43236,0
2026-04-13 09:30:00+05:30,1193.0,1194.1,1190.3,1194.1,16767,0
2026-04-13 09:35:00+05:30,1193.9,1194.6,1189.3,1193.9,15816,0
2026-04-13 09:40:00+05:30,1193.8,1198.7,1193.7,1196.7,14094,0
2026-04-13 09:45:00+05:30,1197.0,1197.6,1195.0,1196.3,5860,0
2026-04-13 09:50:00+05:30,1196.7,1197.8,1195.8,1196.8,9130,0
2026-04-13 09:55:00+05:30,1196.8,1200.0,1196.8,1198.9,10221,0
2026-04-13 10:00:00+05:30,1198.7,1198.9,1197.0,1197.0,7018,0
2026-04-13 10:05:00+05:30,1197.6,1197.6,1193.2,1194.7,13155,0
2026-04-13 10:10:00+05:30,1194.4,1194.7,1192.5,1193.5,18125,0
2026-04-13 10:15:00+05:30,1193.0,1195.5,1192.0,1195.5,8853,0
2026-04-13 10:20:00+05:30,1195.5,1200.0,1195.5,1198.9,16780,0
2026-04-13 10:25:00+05:30,1199.2,1200.8,1199.2,1199.8,9002,0
2026-04-13 10:30:00+05:30,1199.8,1200.8,1199.1,1200.5,4543,0
2026-04-13 10:35:00+05:30,1200.5,1203.0,1199.5,1202.8,8367,0
2026-04-13 10:40:00+05:30,1202.4,1203.0,1198.5,1201.0,6866,0
2026-04-13 10:45:00+05:30,1201.0,1204.0,1200.7,1203.8,9815,0
2026-04-13 10:50:00+05:30,1203.6,1205.4,1203.5,1204.2,7806,0
2026-04-13 10:55:00+05:30,1204.1,1206.8,1203.5,1206.4,5186,0
2026-04-13 11:00:00+05:30,1206.4,1207.9,1204.9,1207.2,17506,0
2026-04-13 11:05:00+05:30,1207.7,1208.0,1205.6,1206.9,11142,0
2026-04-13 11:10:00+05:30,1206.7,1207.8,1206.0,1206.6,6297,0
2026-04-13 11:15:00+05:30,1206.7,1207.6,1205.6,1207.4,9170,0
2026-04-13 11:20:00+05:30,1207.4,1207.9,1206.8,1207.3,3495,0
2026-04-13 11:25:00+05:30,1207.3,1209.3,1205.8,1206.9,7385,0
2026-04-13 11:30:00+05:30,1206.9,1211.2,1206.9,1210.5,16869,0
2026-04-13 11:35:00+05:30,1210.9,1213.4,1208.6,1208.7,29475,0
2026-04-13 11:40:00+05:30,1208.8,1209.0,1206.7,1207.9,4184,0
2026-04-13 11:45:00+05:30,1208.0,1209.5,1207.3,1209.5,5282,0
2026-04-13 11:50:00+05:30,1209.5,1212.0,1209.3,1211.8,16817,0
2026-04-13 11:55:00+05:30,1211.9,1212.0,1209.6,1209.8,6403,0
2026-04-13 12:00:00+05:30,1209.8,1210.5,1208.1,1208.1,10824,0
2026-04-13 12:05:00+05:30,1208.4,1210.5,1208.3,1210.3,4990,0
2026-04-13 12:10:00+05:30,1210.3,1210.8,1208.8,1209.9,4375,0
2026-04-13 12:15:00+05:30,1209.9,1210.6,1209.8,1210.2,3266,0
2026-04-13 12:20:00+05:30,1210.4,1210.9,1208.9,1208.9,5671,0
2026-04-13 12:25:00+05:30,1209.3,1211.7,1208.7,1209.6,9416,0
2026-04-13 12:30:00+05:30,1209.8,1210.3,1207.6,1208.3,4006,0
2026-04-13 12:35:00+05:30,1208.2,1210.2,1207.9,1209.5,5017,0
2026-04-13 12:40:00+05:30,1209.3,1209.4,1208.1,1208.7,3192,0
2026-04-13 12:45:00+05:30,1208.6,1209.6,1207.1,1208.5,7441,0
2026-04-13 12:50:00+05:30,1208.5,1209.0,1207.2,1207.3,4838,0
2026-04-13 12:55:00+05:30,1207.7,1209.1,1205.8,1208.4,5445,0
2026-04-13 13:00:00+05:30,1208.7,1208.7,1205.5,1206.7,4202,0
2026-04-13 13:05:00+05:30,1206.9,1207.7,1206.3,1206.8,3136,0
2026-04-13 13:10:00+05:30,1206.4,1207.6,1206.1,1207.0,3195,0
2026-04-13 13:15:00+05:30,1207.1,1209.4,1207.1,1209.4,5067,0
2026-04-13 13:20:00+05:30,1209.3,1209.6,1206.1,1206.9,3762,0
2026-04-13 13:25:00+05:30,1206.9,1207.8,1205.7,1206.2,7473,0
2026-04-13 13:30:00+05:30,1206.5,1207.5,1204.9,1206.0,31625,0
2026-04-13 13:35:00+05:30,1206.6,1207.8,1205.3,1206.1,5087,0
2026-04-13 13:40:00+05:30,1206.3,1206.9,1205.7,1205.9,2621,0
2026-04-13 13:45:00+05:30,1205.9,1205.9,1204.3,1204.7,3566,0
2026-04-13 13:50:00+05:30,1204.7,1207.3,1204.0,1207.3,7809,0
2026-04-13 13:55:00+05:30,1207.2,1208.6,1206.5,1207.2,5681,0
2026-04-13 14:00:00+05:30,1207.2,1207.3,1205.8,1206.1,7616,0
2026-04-13 14:05:00+05:30,1206.1,1206.1,1202.6,1203.3,9655,0
2026-04-13 14:10:00+05:30,1203.3,1205.3,1201.8,1203.8,22862,0
2026-04-13 14:15:00+05:30,1203.8,1204.8,1202.0,1204.2,40700,0
2026-04-13 14:20:00+05:30,1204.4,1206.2,1203.7,1205.4,9209,0
2026-04-13 14:25:00+05:30,1205.5,1207.8,1205.3,1206.0,11875,0
2026-04-13 14:30:00+05:30,1206.5,1209.0,1206.3,1207.8,10146,0
2026-04-13 14:35:00+05:30,1208.3,1208.8,1207.4,1207.4,7735,0
2026-04-13 14:40:00+05:30,1207.2,1207.6,1203.8,1205.1,11827,0
2026-04-13 14:45:00+05:30,1205.0,1206.4,1204.7,1206.4,6625,0
2026-04-13 14:50:00+05:30,1206.5,1206.8,1205.3,1206.3,6955,0
2026-04-13 14:55:00+05:30,1206.3,1207.9,1206.1,1207.0,8016,0
2026-04-13 15:00:00+05:30,1206.9,1206.9,1203.8,1205.1,28196,0
2026-04-13 15:05:00+05:30,1205.1,1205.3,1203.0,1203.0,22387,0
2026-04-13 15:10:00+05:30,1203.1,1204.6,1203.0,1204.3,39279,0
2026-04-13 15:15:00+05:30,1204.4,1206.0,1203.3,1204.3,26489,0
2026-04-13 15:20:00+05:30,1204.3,1205.1,1203.0,1203.9,62093,0
2026-04-13 15:25:00+05:30,1203.9,1206.0,1201.8,1203.0,32233,0
2026-04-15 09:15:00+05:30,1222.9,1232.0,1218.7,1226.0,94797,0
2026-04-15 09:20:00+05:30,1226.7,1230.3,1225.8,1230.0,25032,0
2026-04-15 09:25:00+05:30,1230.0,1230.0,1223.0,1223.7,20887,0
2026-04-15 09:30:00+05:30,1223.7,1226.0,1222.8,1225.4,15688,0
2026-04-15 09:35:00+05:30,1225.8,1226.9,1222.2,1222.2,17231,0
2026-04-15 09:40:00+05:30,1222.5,1225.4,1222.5,1224.7,12727,0
2026-04-15 09:45:00+05:30,1225.1,1225.7,1217.1,1217.6,15749,0
2026-04-15 09:50:00+05:30,1217.1,1217.7,1215.9,1216.8,9648,0
2026-04-15 09:55:00+05:30,1216.7,1218.3,1216.0,1217.4,10796,0
2026-04-15 10:00:00+05:30,1217.4,1223.2,1217.4,1221.3,16924,0
2026-04-15 10:05:00+05:30,1221.2,1223.4,1220.8,1223.2,7306,0
2026-04-15 10:10:00+05:30,1223.0,1223.8,1222.2,1222.4,6481,0
2026-04-15 10:15:00+05:30,1222.5,1224.4,1221.9,1223.6,8740,0
2026-04-15 10:20:00+05:30,1222.8,1224.8,1222.7,1224.0,10791,0
2026-04-15 10:25:00+05:30,1224.3,1225.1,1223.5,1223.6,14669,0
2026-04-15 10:30:00+05:30,1223.9,1225.0,1223.3,1223.8,8392,0
2026-04-15 10:35:00+05:30,1223.8,1225.1,1223.2,1224.4,9753,0
2026-04-15 10:40:00+05:30,1224.4,1224.4,1223.2,1224.3,8372,0
2026-04-15 10:45:00+05:30,1224.3,1225.9,1224.1,1225.4,9527,0
2026-04-15 10:50:00+05:30,1225.2,1225.2,1221.9,1222.4,8029,0
2026-04-15 10:55:00+05:30,1222.8,1223.4,1217.2,1218.1,47300,0
2026-04-15 11:00:00+05:30,1218.4,1220.0,1218.2,1219.6,41138,0
2026-04-15 11:05:00+05:30,1219.6,1220.0,1217.0,1217.5,66694,0
2026-04-15 11:10:00+05:30,1217.6,1219.0,1216.5,1217.3,36850,0
2026-04-15 11:15:00+05:30,1217.5,1218.2,1215.1,1215.1,11010,0
2026-04-15 11:20:00+05:30,1215.5,1216.2,1212.4,1214.1,26435,0
2026-04-15 11:25:00+05:30,1214.3,1214.4,1212.7,1212.9,7613,0
2026-04-15 11:30:00+05:30,1213.4,1214.1,1212.2,1212.8,7536,0
2026-04-15 11:35:00+05:30,1212.8,1214.1,1211.6,1212.7,10836,0
2026-04-15 11:40:00+05:30,1212.7,1213.5,1210.6,1212.0,27132,0
2026-04-15 11:45:00+05:30,1212.2,1216.7,1212.0,1215.8,98171,0
2026-04-15 11:50:00+05:30,1215.6,1215.7,1214.3,1215.0,12795,0
2026-04-15 11:55:00+05:30,1215.0,1215.0,1213.0,1213.3,23559,0
2026-04-15 12:00:00+05:30,1213.3,1214.4,1213.3,1214.3,5167,0
2026-04-15 12:05:00+05:30,1214.3,1214.3,1212.8,1213.1,6023,0
2026-04-15 12:10:00+05:30,1213.1,1213.4,1212.7,1212.9,7562,0
2026-04-15 12:15:00+05:30,1212.9,1215.5,1212.7,1214.9,22372,0
2026-04-15 12:20:00+05:30,1214.9,1215.0,1213.2,1214.4,9275,0
2026-04-15 12:25:00+05:30,1214.5,1215.5,1214.1,1214.8,40808,0
2026-04-15 12:30:00+05:30,1214.8,1216.9,1213.1,1213.8,36053,0
2026-04-15 12:35:00+05:30,1213.8,1216.1,1213.6,1216.0,67346,0
2026-04-15 12:40:00+05:30,1215.9,1216.2,1214.6,1215.9,22628,0
2026-04-15 12:45:00+05:30,1215.9,1217.0,1214.8,1215.8,18304,0
2026-04-15 12:50:00+05:30,1215.8,1216.9,1215.1,1216.3,8042,0
2026-04-15 12:55:00+05:30,1216.3,1218.4,1216.2,1216.8,21588,0
2026-04-15 13:00:00+05:30,1216.8,1217.5,1216.3,1216.7,4929,0
2026-04-15 13:05:00+05:30,1216.7,1217.1,1216.0,1216.9,6579,0
2026-04-15 13:10:00+05:30,1216.9,1221.8,1216.6,1220.3,16476,0
2026-04-15 13:15:00+05:30,1220.8,1221.2,1219.6,1220.0,9639,0
2026-04-15 13:20:00+05:30,1220.0,1220.6,1218.2,1218.9,5935,0
2026-04-15 13:25:00+05:30,1218.9,1219.5,1218.3,1218.8,5111,0
2026-04-15 13:30:00+05:30,1218.8,1219.8,1218.3,1219.2,6499,0
2026-04-15 13:35:00+05:30,1219.3,1220.8,1218.6,1218.8,9339,0
2026-04-15 13:40:00+05:30,1218.8,1220.2,1218.5,1219.9,5514,0
2026-04-15 13:45:00+05:30,1220.2,1220.2,1219.2,1220.0,8162,0
2026-04-15 13:50:00+05:30,1220.0,1220.4,1219.4,1219.7,5645,0
2026-04-15 13:55:00+05:30,1219.7,1220.8,1219.6,1220.4,4682,0
2026-04-15 14:00:00+05:30,1220.4,1221.3,1216.4,1217.9,12379,0
2026-04-15 14:05:00+05:30,1218.4,1220.0,1217.3,1220.0,6930,0
2026-04-15 14:10:00+05:30,1220.0,1221.1,1219.5,1220.8,7091,0
2026-04-15 14:15:00+05:30,1221.0,1221.9,1219.6,1220.1,8542,0
2026-04-15 14:20:00+05:30,1220.2,1221.0,1219.4,1220.6,7821,0
2026-04-15 14:25:00+05:30,1220.9,1222.1,1220.4,1221.2,12958,0
2026-04-15 14:30:00+05:30,1221.2,1222.0,1219.3,1219.4,12752,0
2026-04-15 14:35:00+05:30,1220.0,1220.0,1217.5,1217.9,8018,0
2026-04-15 14:40:00+05:30,1217.9,1219.8,1217.8,1219.8,10447,0
2026-04-15 14:45:00+05:30,1219.8,1220.5,1219.2,1220.4,7145,0
2026-04-15 14:50:00+05:30,1220.4,1221.0,1219.8,1220.8,6949,0
2026-04-15 14:55:00+05:30,1220.5,1221.0,1219.9,1220.9,7001,0
2026-04-15 15:00:00+05:30,1220.9,1220.9,1218.5,1219.4,23789,0
2026-04-15 15:05:00+05:30,1219.7,1220.0,1217.7,1218.7,22902,0
2026-04-15 15:10:00+05:30,1218.6,1219.3,1217.7,1218.3,25197,0
2026-04-15 15:15:00+05:30,1218.2,1218.9,1217.2,1218.5,29658,0
2026-04-15 15:20:00+05:30,1218.4,1219.3,1217.4,1218.5,45293,0
2026-04-15 15:25:00+05:30,1218.5,1219.3,1216.4,1218.5,47016,0
2026-04-16 09:15:00+05:30,1221.2,1234.6,1221.2,1233.9,53837,0
2026-04-16 09:20:00+05:30,1233.4,1235.9,1231.6,1233.2,62267,0
2026-04-16 09:25:00+05:30,1232.7,1236.0,1231.2,1235.1,26900,0
2026-04-16 09:30:00+05:30,1235.1,1238.8,1234.0,1238.3,52584,0
2026-04-16 09:35:00+05:30,1238.3,1240.9,1237.0,1240.9,34756,0
2026-04-16 09:40:00+05:30,1240.4,1242.9,1239.9,1240.5,33374,0
2026-04-16 09:45:00+05:30,1240.9,1241.0,1239.2,1240.3,18373,0
2026-04-16 09:50:00+05:30,1240.0,1240.3,1236.3,1237.5,29171,0
2026-04-16 09:55:00+05:30,1237.1,1237.6,1231.0,1231.3,39751,0
2026-04-16 10:00:00+05:30,1231.9,1233.8,1230.0,1233.0,28952,0
2026-04-16 10:05:00+05:30,1233.0,1234.6,1231.1,1232.1,15267,0
2026-04-16 10:10:00+05:30,1232.8,1235.0,1231.9,1233.8,12058,0
2026-04-16 10:15:00+05:30,1233.8,1235.8,1232.5,1233.2,13041,0
2026-04-16 10:20:00+05:30,1232.7,1233.8,1228.7,1230.2,19246,0
2026-04-16 10:25:00+05:30,1229.6,1232.6,1229.6,1231.6,11071,0
2026-04-16 10:30:00+05:30,1231.6,1233.7,1230.3,1230.8,11335,0
2026-04-16 10:35:00+05:30,1230.3,1230.9,1225.0,1225.7,27975,0
2026-04-16 10:40:00+05:30,1225.2,1226.7,1225.1,1225.8,20870,0
2026-04-16 10:45:00+05:30,1226.1,1226.1,1225.1,1225.1,20770,0
2026-04-16 10:50:00+05:30,1225.1,1226.4,1223.1,1223.6,69992,0
2026-04-16 10:55:00+05:30,1223.6,1224.4,1222.1,1223.6,34718,0
2026-04-16 11:00:00+05:30,1223.9,1224.5,1221.1,1221.2,45013,0
2026-04-16 11:05:00+05:30,1221.1,1223.5,1218.9,1219.8,115115,0
2026-04-16 11:10:00+05:30,1219.6,1219.9,1218.3,1219.1,26609,0
2026-04-16 11:15:00+05:30,1219.1,1220.0,1217.1,1219.2,57553,0
2026-04-16 11:20:00+05:30,1219.0,1227.7,1219.0,1222.7,98158,0
2026-04-16 11:25:00+05:30,1223.0,1224.0,1219.7,1221.5,47786,0
2026-04-16 11:30:00+05:30,1221.5,1221.9,1218.9,1219.9,17882,0
2026-04-16 11:35:00+05:30,1219.9,1220.3,1219.3,1220.0,16544,0
2026-04-16 11:40:00+05:30,1219.9,1220.2,1219.1,1219.9,27041,0
2026-04-16 11:45:00+05:30,1219.6,1221.9,1218.5,1221.0,74449,0
2026-04-16 11:50:00+05:30,1220.7,1222.3,1220.0,1222.1,29450,0
2026-04-16 11:55:00+05:30,1222.1,1223.8,1220.6,1221.6,21590,0
2026-04-16 12:00:00+05:30,1221.6,1222.1,1219.6,1219.8,21062,0
2026-04-16 12:05:00+05:30,1219.8,1221.9,1218.8,1220.0,78345,0
2026-04-16 12:10:00+05:30,1219.5,1222.2,1218.5,1222.2,25241,0
2026-04-16 12:15:00+05:30,1222.2,1222.9,1220.1,1222.1,21090,0
2026-04-16 12:20:00+05:30,1222.6,1225.0,1222.2,1223.3,47992,0
2026-04-16 12:25:00+05:30,1223.3,1224.0,1221.8,1223.1,16468,0
2026-04-16 12:30:00+05:30,1222.7,1224.0,1221.8,1222.0,23976,0
2026-04-16 12:35:00+05:30,1221.8,1222.6,1220.0,1221.7,19471,0
2026-04-16 12:40:00+05:30,1221.8,1223.8,1221.2,1222.0,21158,0
2026-04-16 12:45:00+05:30,1221.5,1223.8,1221.0,1221.0,19790,0
2026-04-16 12:50:00+05:30,1221.0,1224.3,1220.2,1221.6,16606,0
2026-04-16 12:55:00+05:30,1221.6,1222.1,1220.7,1221.5,13393,0
2026-04-16 13:00:00+05:30,1221.5,1221.6,1219.4,1219.8,23131,0
2026-04-16 13:05:00+05:30,1220.1,1221.6,1219.4,1220.2,26058,0
2026-04-16 13:10:00+05:30,1219.7,1220.7,1217.3,1220.0,84933,0
2026-04-16 13:15:00+05:30,1220.0,1220.1,1218.1,1218.4,21915,0
2026-04-16 13:20:00+05:30,1218.4,1219.0,1216.1,1216.2,33973,0
2026-04-16 13:25:00+05:30,1216.2,1217.1,1215.5,1216.1,19790,0
2026-04-16 13:30:00+05:30,1216.1,1217.7,1215.3,1215.5,24894,0
2026-04-16 13:35:00+05:30,1215.5,1215.7,1213.5,1214.0,40266,0
2026-04-16 13:40:00+05:30,1213.7,1215.2,1213.1,1215.2,36048,0
2026-04-16 13:45:00+05:30,1215.3,1217.4,1214.9,1217.0,25446,0
2026-04-16 13:50:00+05:30,1217.2,1218.2,1216.0,1216.5,27450,0
2026-04-16 13:55:00+05:30,1216.6,1218.0,1216.0,1216.5,31814,0
2026-04-16 14:00:00+05:30,1216.7,1216.9,1213.6,1214.5,29812,0
2026-04-16 14:05:00+05:30,1214.0,1216.6,1213.6,1215.9,21035,0
2026-04-16 14:10:00+05:30,1215.9,1216.4,1214.5,1215.8,19335,0
2026-04-16 14:15:00+05:30,1215.3,1216.5,1214.4,1214.9,20043,0
2026-04-16 14:20:00+05:30,1214.9,1216.2,1214.5,1215.1,16120,0
2026-04-16 14:25:00+05:30,1215.0,1217.9,1215.0,1217.5,20639,0
2026-04-16 14:30:00+05:30,1217.6,1218.9,1216.3,1217.9,35926,0
2026-04-16 14:35:00+05:30,1218.3,1219.6,1217.3,1219.0,30387,0
2026-04-16 14:40:00+05:30,1218.7,1219.2,1214.0,1214.7,50310,0
2026-04-16 14:45:00+05:30,1214.7,1218.4,1214.2,1218.2,47934,0
2026-04-16 14:50:00+05:30,1218.2,1218.9,1216.8,1217.9,42414,0
2026-04-16 14:55:00+05:30,1217.5,1218.0,1216.2,1217.4,39571,0
2026-04-16 15:00:00+05:30,1217.4,1218.0,1215.1,1216.2,52509,0
2026-04-16 15:05:00+05:30,1216.2,1216.7,1214.4,1215.1,49497,0
2026-04-16 15:10:00+05:30,1215.1,1216.0,1214.2,1214.8,55047,0
2026-04-16 15:15:00+05:30,1214.8,1215.0,1211.9,1212.0,65430,0
2026-04-16 15:20:00+05:30,1211.9,1215.5,1211.3,1214.9,88103,0
2026-04-16 15:25:00+05:30,1214.8,1217.5,1213.0,1216.9,68273,0
2026-04-17 09:15:00+05:30,1213.0,1219.7,1198.6,1210.5,89265,0
2026-04-17 09:20:00+05:30,1209.9,1212.3,1207.0,1210.1,22681,0
2026-04-17 09:25:00+05:30,1209.5,1214.8,1209.1,1213.6,24053,0
2026-04-17 09:30:00+05:30,1213.9,1216.4,1212.2,1214.5,46939,0
2026-04-17 09:35:00+05:30,1214.5,1214.8,1211.3,1212.0,7857,0
2026-04-17 09:40:00+05:30,1212.5,1213.3,1209.6,1210.8,7525,0
2026-04-17 09:45:00+05:30,1210.8,1213.6,1210.4,1213.1,10945,0
2026-04-17 09:50:00+05:30,1213.6,1215.5,1212.4,1215.1,5398,0
2026-04-17 09:55:00+05:30,1215.4,1217.6,1214.2,1215.6,14961,0
2026-04-17 10:00:00+05:30,1215.9,1217.0,1213.7,1216.5,9871,0
2026-04-17 10:05:00+05:30,1217.0,1218.8,1216.8,1217.0,8085,0
2026-04-17 10:10:00+05:30,1216.8,1218.0,1216.3,1217.7,4745,0
2026-04-17 10:15:00+05:30,1217.9,1220.0,1217.2,1217.2,11959,0
2026-04-17 10:20:00+05:30,1217.5,1218.8,1216.9,1218.2,5941,0
2026-04-17 10:25:00+05:30,1218.1,1221.1,1217.6,1220.0,17046,0
2026-04-17 10:30:00+05:30,1220.4,1221.0,1217.2,1217.5,12849,0
2026-04-17 10:35:00+05:30,1217.7,1219.8,1216.6,1218.7,7566,0
2026-04-17 10:40:00+05:30,1218.7,1220.2,1217.5,1219.6,7792,0
2026-04-17 10:45:00+05:30,1219.5,1221.9,1217.8,1221.6,13631,0
2026-04-17 10:50:00+05:30,1221.4,1222.8,1219.7,1220.1,10994,0
2026-04-17 10:55:00+05:30,1220.1,1224.2,1219.8,1223.8,15082,0
2026-04-17 11:00:00+05:30,1223.8,1224.2,1221.2,1222.6,16541,0
2026-04-17 11:05:00+05:30,1222.4,1223.9,1221.6,1221.9,42797,0
2026-04-17 11:10:00+05:30,1222.6,1222.6,1219.0,1219.0,59314,0
2026-04-17 11:15:00+05:30,1219.0,1220.4,1218.6,1220.0,34957,0
2026-04-17 11:20:00+05:30,1220.1,1223.5,1219.8,1221.8,103485,0
2026-04-17 11:25:00+05:30,1221.6,1224.0,1220.6,1220.8,13789,0
2026-04-17 11:30:00+05:30,1221.2,1222.8,1220.8,1221.5,15619,0
2026-04-17 11:35:00+05:30,1222.0,1223.8,1221.0,1223.4,13826,0
2026-04-17 11:40:00+05:30,1223.4,1228.7,1221.9,1226.7,28977,0
2026-04-17 11:45:00+05:30,1226.8,1228.7,1224.1,1224.8,24842,0
2026-04-17 11:50:00+05:30,1224.9,1225.0,1221.7,1224.9,30321,0
2026-04-17 11:55:00+05:30,1224.9,1225.7,1223.8,1224.4,14842,0
2026-04-17 12:00:00+05:30,1223.8,1224.4,1222.1,1222.7,14371,0
2026-04-17 12:05:00+05:30,1222.7,1226.3,1222.1,1224.4,28466,0
2026-04-17 12:10:00+05:30,1223.9,1226.7,1223.5,1224.9,16576,0
2026-04-17 12:15:00+05:30,1225.4,1226.2,1224.8,1225.5,15242,0
2026-04-17 12:20:00+05:30,1225.3,1226.6,1224.7,1225.8,19305,0
2026-04-17 12:25:00+05:30,1226.0,1226.8,1225.6,1225.9,14520,0
2026-04-17 12:30:00+05:30,1225.9,1226.6,1224.9,1225.0,15117,0
2026-04-17 12:35:00+05:30,1225.5,1227.9,1225.0,1227.3,11068,0
2026-04-17 12:40:00+05:30,1227.3,1228.7,1227.0,1227.6,14908,0
2026-04-17 12:45:00+05:30,1227.6,1228.3,1226.0,1227.0,5747,0
2026-04-17 12:50:00+05:30,1227.0,1227.6,1226.5,1227.2,3792,0
2026-04-17 12:55:00+05:30,1227.0,1228.5,1226.5,1228.5,11259,0
2026-04-17 13:00:00+05:30,1228.2,1230.0,1227.4,1229.8,19005,0
2026-04-17 13:05:00+05:30,1230.0,1230.8,1229.9,1230.5,11984,0
2026-04-17 13:10:00+05:30,1230.5,1232.3,1230.0,1231.5,13402,0
2026-04-17 13:15:00+05:30,1231.5,1232.2,1231.2,1232.1,6865,0
2026-04-17 13:20:00+05:30,1232.1,1234.4,1231.7,1233.3,35017,0
2026-04-17 13:25:00+05:30,1233.3,1234.7,1232.3,1234.4,14935,0
2026-04-17 13:30:00+05:30,1234.6,1235.2,1234.1,1235.0,16897,0
2026-04-17 13:35:00+05:30,1235.0,1236.3,1234.0,1236.0,21477,0
2026-04-17 13:40:00+05:30,1235.9,1238.6,1235.6,1237.5,24023,0
2026-04-17 13:45:00+05:30,1237.5,1238.4,1236.1,1237.3,12942,0
2026-04-17 13:50:00+05:30,1237.4,1240.0,1236.4,1238.4,30470,0
2026-04-17 13:55:00+05:30,1238.8,1239.9,1236.7,1238.8,31212,0
2026-04-17 14:00:00+05:30,1238.7,1239.4,1235.4,1236.8,47964,0
2026-04-17 14:05:00+05:30,1237.3,1238.9,1236.4,1237.2,19712,0
2026-04-17 14:10:00+05:30,1237.0,1238.0,1237.0,1237.7,8756,0
2026-04-17 14:15:00+05:30,1237.7,1239.6,1237.6,1238.7,23774,0
2026-04-17 14:20:00+05:30,1239.0,1239.9,1238.6,1239.1,17803,0
2026-04-17 14:25:00+05:30,1239.1,1239.6,1237.8,1238.0,45265,0
2026-04-17 14:30:00+05:30,1238.4,1239.9,1237.1,1239.7,45400,0
2026-04-17 14:35:00+05:30,1239.6,1240.9,1239.1,1240.9,24968,0
2026-04-17 14:40:00+05:30,1240.9,1242.0,1240.0,1241.6,38609,0
2026-04-17 14:45:00+05:30,1241.6,1241.9,1240.3,1240.6,18577,0
2026-04-17 14:50:00+05:30,1240.7,1242.3,1240.3,1241.0,23093,0
2026-04-17 14:55:00+05:30,1241.0,1241.8,1239.9,1240.6,27299,0
2026-04-17 15:00:00+05:30,1240.6,1241.2,1236.1,1239.2,49768,0
2026-04-17 15:05:00+05:30,1239.2,1240.7,1238.6,1240.5,40709,0
2026-04-17 15:10:00+05:30,1240.4,1241.6,1240.4,1241.0,31010,0
2026-04-17 15:15:00+05:30,1240.9,1241.7,1240.1,1240.2,61616,0
2026-04-17 15:20:00+05:30,1240.2,1241.2,1240.0,1241.0,105189,0
2026-04-17 15:25:00+05:30,1241.0,1241.7,1238.3,1241.6,83223,0
2026-04-20 09:15:00+05:30,1241.1,1246.9,1233.0,1243.3,92657,0
2026-04-20 09:20:00+05:30,1243.1,1246.6,1242.3,1246.1,37386,0
2026-04-20 09:25:00+05:30,1245.9,1246.9,1242.8,1244.9,33367,0
2026-04-20 09:30:00+05:30,1244.6,1245.0,1241.0,1241.5,32522,0
2026-04-20 09:35:00+05:30,1241.5,1242.1,1237.5,1239.3,29160,0
2026-04-20 09:40:00+05:30,1239.1,1242.7,1238.3,1239.7,25788,0
2026-04-20 09:45:00+05:30,1239.6,1243.9,1237.6,1243.4,30397,0
2026-04-20 09:50:00+05:30,1243.4,1247.7,1243.1,1247.7,19654,0
2026-04-20 09:55:00+05:30,1247.9,1250.0,1246.2,1246.9,35083,0
2026-04-20 10:00:00+05:30,1247.3,1249.5,1246.0,1248.5,29456,0
2026-04-20 10:05:00+05:30,1248.7,1252.2,1248.0,1252.0,28403,0
2026-04-20 10:10:00+05:30,1251.8,1252.2,1250.0,1250.2,22937,0
2026-04-20 10:15:00+05:30,1250.1,1253.0,1249.9,1253.0,56822,0
2026-04-20 10:20:00+05:30,1252.9,1253.7,1251.4,1251.6,28454,0
2026-04-20 10:25:00+05:30,1252.1,1253.3,1251.4,1253.0,20578,0
2026-04-20 10:30:00+05:30,1252.9,1256.8,1252.8,1254.6,43920,0
2026-04-20 10:35:00+05:30,1254.9,1255.4,1251.4,1253.6,25340,0
2026-04-20 10:40:00+05:30,1253.5,1254.8,1253.3,1254.8,11587,0
2026-04-20 10:45:00+05:30,1254.6,1256.5,1253.9,1256.0,33589,0
2026-04-20 10:50:00+05:30,1255.9,1257.1,1255.4,1256.5,33963,0
2026-04-20 10:55:00+05:30,1256.4,1257.0,1256.0,1256.9,11233,0
2026-04-20 11:00:00+05:30,1256.8,1256.8,1253.3,1255.0,20565,0
2026-04-20 11:05:00+05:30,1254.9,1255.0,1253.1,1254.0,14605,0
2026-04-20 11:10:00+05:30,1253.9,1255.0,1250.9,1253.3,33390,0
2026-04-20 11:15:00+05:30,1253.2,1255.5,1252.1,1254.9,65769,0
2026-04-20 11:20:00+05:30,1254.8,1256.5,1254.1,1255.9,152685,0
2026-04-20 11:25:00+05:30,1255.8,1256.8,1255.6,1256.7,8659,0
2026-04-20 11:30:00+05:30,1256.6,1260.6,1256.5,1260.1,121564,0
2026-04-20 11:35:00+05:30,1260.1,1262.2,1259.6,1262.1,67425,0
2026-04-20 11:40:00+05:30,1262.2,1264.8,1262.1,1264.7,42594,0
2026-04-20 11:45:00+05:30,1264.6,1266.7,1264.5,1266.1,62848,0
2026-04-20 11:50:00+05:30,1266.3,1269.0,1266.0,1268.9,33110,0
2026-04-20 11:55:00+05:30,1268.8,1270.5,1267.7,1269.9,35534,0
2026-04-20 12:00:00+05:30,1269.8,1272.7,1267.9,1270.4,45433,0
2026-04-20 12:05:00+05:30,1270.3,1273.0,1270.1,1271.8,25002,0
2026-04-20 12:10:00+05:30,1272.0,1272.9,1270.1,1271.2,34525,0
2026-04-20 12:15:00+05:30,1270.7,1272.0,1270.7,1271.5,32389,0
2026-04-20 12:20:00+05:30,1271.5,1272.2,1270.8,1271.3,26226,0
2026-04-20 12:25:00+05:30,1271.5,1272.9,1270.9,1272.6,43829,0
2026-04-20 12:30:00+05:30,1272.2,1272.9,1270.8,1272.3,37069,0
2026-04-20 12:35:00+05:30,1272.2,1272.6,1271.1,1271.2,35180,0
2026-04-20 12:40:00+05:30,1271.6,1272.5,1271.0,1272.1,64647,0
2026-04-20 12:45:00+05:30,1272.1,1272.8,1271.4,1272.0,55519,0
2026-04-20 12:50:00+05:30,1272.0,1272.4,1270.8,1271.7,48038,0
2026-04-20 12:55:00+05:30,1271.6,1279.0,1271.5,1277.0,99930,0
2026-04-20 13:00:00+05:30,1277.0,1277.0,1272.3,1273.8,65856,0
2026-04-20 13:05:00+05:30,1273.7,1274.8,1271.6,1273.1,28755,0
2026-04-20 13:10:00+05:30,1272.9,1273.2,1271.0,1272.7,34234,0
2026-04-20 13:15:00+05:30,1272.7,1273.2,1271.3,1272.1,28590,0
2026-04-20 13:20:00+05:30,1272.0,1273.9,1269.6,1271.1,52314,0
2026-04-20 13:25:00+05:30,1271.3,1273.3,1270.3,1272.9,36589,0
2026-04-20 13:30:00+05:30,1272.9,1275.6,1272.9,1275.1,74989,0
2026-04-20 13:35:00+05:30,1275.0,1275.5,1273.2,1273.7,41406,0
2026-04-20 13:40:00+05:30,1273.7,1274.2,1271.6,1272.9,37086,0
2026-04-20 13:45:00+05:30,1272.2,1272.6,1270.5,1271.7,21460,0
2026-04-20 13:50:00+05:30,1271.5,1272.8,1270.8,1272.3,23624,0
2026-04-20 13:55:00+05:30,1272.4,1272.6,1269.1,1272.3,24057,0
2026-04-20 14:00:00+05:30,1272.2,1272.5,1270.8,1271.5,19710,0
2026-04-20 14:05:00+05:30,1271.5,1272.1,1270.6,1271.4,18625,0
2026-04-20 14:10:00+05:30,1271.5,1272.0,1270.7,1272.0,18715,0
2026-04-20 14:15:00+05:30,1272.0,1272.1,1271.0,1272.0,25773,0
2026-04-20 14:20:00+05:30,1272.1,1272.3,1271.0,1272.2,22291,0
2026-04-20 14:25:00+05:30,1272.3,1274.0,1271.9,1273.7,28363,0
2026-04-20 14:30:00+05:30,1273.5,1275.7,1272.1,1275.1,63405,0
2026-04-20 14:35:00+05:30,1275.1,1275.6,1274.1,1275.0,77157,0
2026-04-20 14:40:00+05:30,1275.1,1275.5,1274.0,1275.3,124590,0
2026-04-20 14:45:00+05:30,1275.3,1275.6,1271.4,1275.4,213097,0
2026-04-20 14:50:00+05:30,1275.5,1276.0,1274.8,1275.4,36620,0
2026-04-20 14:55:00+05:30,1275.7,1276.4,1274.5,1276.2,37496,0
2026-04-20 15:00:00+05:30,1276.2,1278.5,1275.7,1277.0,63715,0
2026-04-20 15:05:00+05:30,1277.3,1277.7,1271.4,1275.0,475623,0
2026-04-20 15:10:00+05:30,1275.0,1275.5,1274.0,1275.2,242134,0
2026-04-20 15:15:00+05:30,1275.1,1275.5,1272.3,1273.2,368590,0
2026-04-20 15:20:00+05:30,1273.2,1274.3,1270.8,1271.5,148179,0
2026-04-20 15:25:00+05:30,1271.6,1277.9,1271.6,1275.0,264070,0
2026-04-21 09:15:00+05:30,1284.4,1287.3,1273.7,1279.1,139916,0
2026-04-21 09:20:00+05:30,1279.0,1293.4,1276.4,1292.1,124266,0
2026-04-21 09:25:00+05:30,1292.9,1296.4,1290.0,1290.5,143514,0
2026-04-21 09:30:00+05:30,1291.0,1293.8,1289.5,1291.8,54739,0
2026-04-21 09:35:00+05:30,1292.0,1292.9,1285.5,1287.3,58440,0
2026-04-21 09:40:00+05:30,1287.3,1288.5,1283.7,1287.6,52664,0
2026-04-21 09:45:00+05:30,1286.9,1288.7,1284.8,1285.7,57619,0
2026-04-21 09:50:00+05:30,1285.7,1286.0,1281.3,1283.7,59166,0
2026-04-21 09:55:00+05:30,1283.7,1283.8,1280.2,1281.6,42967,0
2026-04-21 10:00:00+05:30,1282.1,1286.6,1281.7,1284.5,40426,0
2026-04-21 10:05:00+05:30,1284.7,1289.6,1284.7,1287.3,30317,0
2026-04-21 10:10:00+05:30,1287.5,1288.4,1286.0,1287.0,24910,0
2026-04-21 10:15:00+05:30,1287.0,1287.6,1285.4,1286.4,12487,0
2026-04-21 10:20:00+05:30,1286.5,1286.8,1285.2,1286.8,14304,0
2026-04-21 10:25:00+05:30,1286.8,1290.8,1285.5,1289.7,36692,0
2026-04-21 10:30:00+05:30,1290.1,1292.0,1289.3,1292.0,23337,0
2026-04-21 10:35:00+05:30,1291.9,1292.5,1289.2,1291.4,19975,0
2026-04-21 10:40:00+05:30,1291.6,1291.6,1288.0,1289.1,20676,0
2026-04-21 10:45:00+05:30,1289.8,1291.8,1289.7,1290.8,19843,0
2026-04-21 10:50:00+05:30,1290.7,1291.8,1289.9,1290.0,12222,0
2026-04-21 10:55:00+05:30,1290.4,1291.8,1290.0,1290.3,10321,0
2026-04-21 11:00:00+05:30,1290.5,1291.9,1289.4,1291.8,15504,0
2026-04-21 11:05:00+05:30,1291.8,1292.5,1291.2,1291.9,11293,0
2026-04-21 11:10:00+05:30,1291.8,1293.0,1291.3,1292.8,15246,0
2026-04-21 11:15:00+05:30,1292.7,1293.4,1291.9,1291.9,11647,0
2026-04-21 11:20:00+05:30,1291.9,1292.6,1287.2,1287.9,27811,0
2026-04-21 11:25:00+05:30,1288.0,1290.0,1287.5,1289.4,13880,0
2026-04-21 11:30:00+05:30,1289.4,1290.8,1289.3,1289.5,11387,0
2026-04-21 11:35:00+05:30,1289.6,1290.0,1289.0,1290.0,7348,0
2026-04-21 11:40:00+05:30,1289.9,1290.0,1288.7,1289.4,21494,0
2026-04-21 11:45:00+05:30,1289.3,1289.9,1288.8,1289.6,6861,0
2026-04-21 11:50:00+05:30,1289.5,1290.0,1288.6,1289.9,25244,0
2026-04-21 11:55:00+05:30,1290.0,1290.0,1289.1,1290.0,7781,0
2026-04-21 12:00:00+05:30,1289.9,1290.0,1288.8,1289.8,9108,0
2026-04-21 12:05:00+05:30,1289.7,1290.9,1289.4,1289.9,25552,0
2026-04-21 12:10:00+05:30,1290.1,1290.4,1289.1,1289.9,10749,0
2026-04-21 12:15:00+05:30,1289.9,1290.0,1289.1,1290.0,5616,0
2026-04-21 12:20:00+05:30,1289.9,1290.0,1282.0,1283.0,59375,0
2026-04-21 12:25:00+05:30,1283.5,1285.6,1283.0,1285.1,12318,0
2026-04-21 12:30:00+05:30,1285.2,1286.0,1283.4,1284.3,13109,0
2026-04-21 12:35:00+05:30,1284.1,1285.0,1282.1,1282.2,17869,0
2026-04-21 12:40:00+05:30,1282.8,1282.8,1280.1,1280.5,25702,0
2026-04-21 12:45:00+05:30,1280.6,1280.9,1278.1,1279.9,25870,0
2026-04-21 12:50:00+05:30,1279.9,1280.0,1275.5,1276.7,24893,0
2026-04-21 12:55:00+05:30,1276.6,1280.0,1275.5,1280.0,20237,0
2026-04-21 13:00:00+05:30,1279.6,1280.0,1277.9,1278.2,15899,0
2026-04-21 13:05:00+05:30,1278.3,1280.0,1278.2,1279.3,18131,0
2026-04-21 13:10:00+05:30,1279.3,1280.2,1278.8,1280.0,12286,0
2026-04-21 13:15:00+05:30,1279.9,1281.1,1279.7,1279.9,22604,0
2026-04-21 13:20:00+05:30,1279.9,1280.0,1279.3,1280.0,15759,0
2026-04-21 13:25:00+05:30,1279.9,1280.2,1278.5,1279.4,29023,0
2026-04-21 13:30:00+05:30,1279.3,1280.0,1279.0,1279.6,9854,0
2026-04-21 13:35:00+05:30,1279.6,1279.6,1278.1,1279.0,9075,0
2026-04-21 13:40:00+05:30,1279.1,1279.4,1277.6,1278.1,14140,0
2026-04-21 13:45:00+05:30,1278.1,1280.0,1277.8,1280.0,8598,0
2026-04-21 13:50:00+05:30,1279.9,1283.4,1279.9,1283.2,12447,0
2026-04-21 13:55:00+05:30,1283.0,1284.5,1282.6,1283.9,13914,0
2026-04-21 14:00:00+05:30,1283.6,1284.0,1282.3,1282.7,12499,0
2026-04-21 14:05:00+05:30,1282.7,1283.1,1281.0,1281.5,12024,0
2026-04-21 14:10:00+05:30,1281.9,1282.4,1279.8,1281.3,31956,0
2026-04-21 14:15:00+05:30,1281.3,1281.4,1277.8,1278.0,21678,0
2026-04-21 14:20:00+05:30,1278.5,1281.4,1278.5,1280.5,31965,0
2026-04-21 14:25:00+05:30,1280.5,1283.9,1280.3,1282.5,30889,0
2026-04-21 14:30:00+05:30,1282.7,1283.3,1282.0,1282.2,16364,0
2026-04-21 14:35:00+05:30,1282.2,1282.9,1279.4,1279.4,21504,0
2026-04-21 14:40:00+05:30,1279.6,1280.0,1278.0,1279.3,19152,0
2026-04-21 14:45:00+05:30,1279.5,1281.0,1279.3,1279.6,29905,0
2026-04-21 14:50:00+05:30,1279.8,1280.0,1279.3,1279.9,14584,0
2026-04-21 14:55:00+05:30,1280.0,1280.0,1278.8,1279.4,13563,0
2026-04-21 15:00:00+05:30,1279.3,1280.0,1278.2,1279.5,32550,0
2026-04-21 15:05:00+05:30,1279.5,1281.8,1279.4,1279.9,64705,0
2026-04-21 15:10:00+05:30,1280.0,1281.7,1279.6,1280.0,40178,0
2026-04-21 15:15:00+05:30,1280.0,1280.4,1278.7,1280.1,36640,0
2026-04-21 15:20:00+05:30,1280.0,1280.1,1278.6,1279.1,34841,0
2026-04-21 15:25:00+05:30,1279.2,1283.0,1277.2,1283.0,37345,0
2026-04-22 09:15:00+05:30,1283.0,1286.6,1272.5,1273.9,96048,0
2026-04-22 09:20:00+05:30,1273.1,1274.6,1270.1,1271.2,26642,0
2026-04-22 09:25:00+05:30,1271.1,1276.0,1270.1,1274.6,35054,0
2026-04-22 09:30:00+05:30,1274.9,1275.6,1272.5,1274.3,21724,0
2026-04-22 09:35:00+05:30,1274.3,1275.7,1273.3,1274.0,41155,0
2026-04-22 09:40:00+05:30,1274.0,1274.4,1269.3,1270.0,59552,0
2026-04-22 09:45:00+05:30,1270.0,1271.9,1268.9,1269.7,31896,0
2026-04-22 09:50:00+05:30,1269.7,1271.2,1269.0,1269.5,19729,0
2026-04-22 09:55:00+05:30,1269.5,1270.0,1264.9,1265.0,72996,0
2026-04-22 10:00:00+05:30,1264.9,1266.3,1263.8,1265.0,93561,0
2026-04-22 10:05:00+05:30,1265.0,1267.0,1264.6,1266.8,31315,0
2026-04-22 10:10:00+05:30,1266.5,1269.1,1266.2,1266.2,28272,0
2026-04-22 10:15:00+05:30,1266.7,1268.9,1266.0,1267.0,14638,0
2026-04-22 10:20:00+05:30,1266.8,1267.0,1265.0,1266.0,11558,0
2026-04-22 10:25:00+05:30,1265.8,1268.0,1265.5,1267.5,8918,0
2026-04-22 10:30:00+05:30,1267.4,1268.4,1266.7,1268.0,11851,0
2026-04-22 10:35:00+05:30,1267.9,1268.5,1266.3,1267.9,13106,0
2026-04-22 10:40:00+05:30,1267.9,1269.8,1267.4,1268.7,24725,0
2026-04-22 10:45:00+05:30,1268.6,1269.2,1266.8,1267.9,13226,0
2026-04-22 10:50:00+05:30,1267.8,1269.4,1267.6,1269.3,7588,0
2026-04-22 10:55:00+05:30,1269.3,1272.0,1269.1,1270.1,14726,0
2026-04-22 11:00:00+05:30,1270.0,1272.6,1269.1,1272.5,16247,0
2026-04-22 11:05:00+05:30,1272.4,1272.9,1270.0,1270.7,24066,0
2026-04-22 11:10:00+05:30,1270.4,1272.0,1270.3,1271.5,6017,0
2026-04-22 11:15:00+05:30,1271.4,1271.4,1269.2,1269.9,11902,0
2026-04-22 11:20:00+05:30,1269.4,1269.8,1266.6,1267.8,21846,0
2026-04-22 11:25:00+05:30,1267.7,1268.0,1264.7,1264.9,117967,0
2026-04-22 11:30:00+05:30,1264.9,1265.9,1264.7,1265.0,8887,0
2026-04-22 11:35:00+05:30,1265.0,1265.0,1263.2,1264.7,26591,0
2026-04-22 11:40:00+05:30,1264.5,1265.0,1264.2,1264.6,6191,0
2026-04-22 11:45:00+05:30,1264.3,1266.4,1262.3,1263.9,83620,0
2026-04-22 11:50:00+05:30,1263.8,1265.0,1263.3,1264.8,24329,0
2026-04-22 11:55:00+05:30,1264.5,1267.6,1264.3,1265.0,86923,0
2026-04-22 12:00:00+05:30,1265.0,1266.0,1265.0,1265.8,13221,0
2026-04-22 12:05:00+05:30,1266.0,1266.0,1264.6,1265.0,8950,0
2026-04-22 12:10:00+05:30,1264.8,1265.6,1264.4,1264.8,40951,0
2026-04-22 12:15:00+05:30,1264.7,1264.7,1263.5,1263.8,12314,0
2026-04-22 12:20:00+05:30,1263.5,1263.8,1259.9,1260.0,107071,0
2026-04-22 12:25:00+05:30,1260.0,1261.5,1258.4,1259.9,49662,0
2026-04-22 12:30:00+05:30,1259.9,1261.0,1259.4,1260.0,62493,0
2026-04-22 12:35:00+05:30,1260.0,1260.5,1259.0,1259.9,16322,0
2026-04-22 12:40:00+05:30,1259.8,1260.1,1259.2,1259.5,7765,0
2026-04-22 12:45:00+05:30,1259.5,1262.2,1258.5,1262.0,17211,0
2026-04-22 12:50:00+05:30,1261.5,1262.0,1259.9,1260.5,28529,0
2026-04-22 12:55:00+05:30,1260.3,1262.1,1260.0,1260.5,36735,0
2026-04-22 13:00:00+05:30,1260.6,1262.4,1259.8,1261.2,38907,0
2026-04-22 13:05:00+05:30,1261.2,1264.5,1260.9,1262.3,37542,0
2026-04-22 13:10:00+05:30,1262.2,1264.3,1261.3,1263.8,64302,0
2026-04-22 13:15:00+05:30,1264.1,1265.1,1263.2,1264.4,35818,0
2026-04-22 13:20:00+05:30,1264.4,1264.9,1261.7,1262.9,50840,0
2026-04-22 13:25:00+05:30,1262.7,1268.1,1262.7,1268.1,53422,0
2026-04-22 13:30:00+05:30,1268.1,1270.0,1266.5,1268.5,72831,0
2026-04-22 13:35:00+05:30,1268.3,1268.8,1265.4,1265.9,31064,0
2026-04-22 13:40:00+05:30,1265.9,1271.1,1265.5,1270.1,52957,0
2026-04-22 13:45:00+05:30,1270.1,1271.2,1269.1,1270.4,39022,0
2026-04-22 13:50:00+05:30,1270.3,1271.0,1268.0,1268.3,39555,0
2026-04-22 13:55:00+05:30,1268.6,1272.0,1268.1,1270.1,42476,0
2026-04-22 14:00:00+05:30,1270.0,1271.1,1266.1,1266.9,40704,0
2026-04-22 14:05:00+05:30,1266.5,1268.2,1265.9,1267.1,36981,0
2026-04-22 14:10:00+05:30,1267.4,1267.6,1265.1,1265.6,33185,0
2026-04-22 14:15:00+05:30,1265.6,1266.7,1264.7,1266.0,41404,0
2026-04-22 14:20:00+05:30,1266.1,1266.9,1265.3,1265.9,39700,0
2026-04-22 14:25:00+05:30,1265.9,1266.6,1264.1,1264.5,34760,0
2026-04-22 14:30:00+05:30,1264.4,1265.9,1263.7,1264.4,37276,0
2026-04-22 14:35:00+05:30,1264.4,1265.0,1262.8,1264.0,49985,0
2026-04-22 14:40:00+05:30,1264.0,1267.4,1264.0,1264.9,49731,0
2026-04-22 14:45:00+05:30,1264.6,1265.0,1263.4,1264.3,29907,0
2026-04-22 14:50:00+05:30,1263.7,1265.7,1263.5,1265.7,32692,0
2026-04-22 14:55:00+05:30,1265.7,1267.9,1265.3,1266.5,38345,0
2026-04-22 15:00:00+05:30,1266.3,1266.5,1263.0,1263.6,64803,0
2026-04-22 15:05:00+05:30,1263.2,1263.7,1260.5,1261.9,46325,0
2026-04-22 15:10:00+05:30,1261.8,1264.6,1261.1,1264.6,63514,0
2026-04-22 15:15:00+05:30,1264.5,1264.8,1263.0,1263.6,43952,0
2026-04-22 15:20:00+05:30,1263.4,1264.1,1261.7,1264.1,78851,0
2026-04-22 15:25:00+05:30,1263.7,1265.3,1262.5,1265.3,47642,0
2026-04-23 09:15:00+05:30,1263.4,1264.4,1253.3,1264.0,64325,0
2026-04-23 09:20:00+05:30,1263.4,1268.5,1262.1,1262.3,26011,0
2026-04-23 09:25:00+05:30,1262.3,1267.5,1262.0,1267.2,19495,0
2026-04-23 09:30:00+05:30,1267.4,1269.9,1265.2,1266.9,24744,0
2026-04-23 09:35:00+05:30,1266.6,1267.1,1263.2,1265.8,12686,0
2026-04-23 09:40:00+05:30,1265.8,1267.8,1264.6,1266.7,7769,0
2026-04-23 09:45:00+05:30,1266.9,1267.4,1265.0,1265.6,6160,0
2026-04-23 09:50:00+05:30,1265.7,1265.9,1262.5,1264.1,11911,0
2026-04-23 09:55:00+05:30,1264.3,1267.9,1263.5,1267.7,22803,0
2026-04-23 10:00:00+05:30,1267.8,1267.9,1262.0,1264.6,28806,0
2026-04-23 10:05:00+05:30,1265.1,1267.5,1264.0,1266.6,11655,0
2026-04-23 10:10:00+05:30,1266.4,1267.9,1265.2,1267.0,21812,0
2026-04-23 10:15:00+05:30,1267.2,1268.9,1265.6,1268.5,14800,0
2026-04-23 10:20:00+05:30,1268.5,1269.2,1267.6,1269.0,6232,0
2026-04-23 10:25:00+05:30,1269.0,1269.9,1267.1,1267.9,9896,0
2026-04-23 10:30:00+05:30,1268.3,1268.4,1266.1,1267.1,12787,0
2026-04-23 10:35:00+05:30,1267.1,1267.5,1265.5,1267.0,8450,0
2026-04-23 10:40:00+05:30,1266.9,1266.9,1265.2,1266.6,8119,0
2026-04-23 10:45:00+05:30,1266.6,1267.7,1265.0,1266.2,9780,0
2026-04-23 10:50:00+05:30,1266.2,1266.8,1265.0,1266.0,6169,0
2026-04-23 10:55:00+05:30,1266.0,1267.0,1264.3,1265.8,10353,0
2026-04-23 11:00:00+05:30,1265.7,1265.7,1259.2,1259.2,57200,0
2026-04-23 11:05:00+05:30,1259.2,1259.2,1254.4,1254.9,14159,0
2026-04-23 11:10:00+05:30,1255.0,1255.4,1251.0,1253.0,26694,0
2026-04-23 11:15:00+05:30,1253.1,1255.5,1252.3,1254.4,11293,0
2026-04-23 11:20:00+05:30,1254.4,1255.0,1253.2,1255.0,8399,0
2026-04-23 11:25:00+05:30,1255.0,1256.0,1254.3,1256.0,8179,0
2026-04-23 11:30:00+05:30,1256.0,1256.0,1255.0,1255.9,7390,0
2026-04-23 11:35:00+05:30,1255.9,1256.0,1253.8,1255.7,12617,0
2026-04-23 11:40:00+05:30,1255.6,1255.6,1254.2,1255.1,10916,0
2026-04-23 11:45:00+05:30,1255.1,1258.7,1255.0,1257.0,16434,0
2026-04-23 11:50:00+05:30,1257.0,1260.8,1256.3,1259.9,78666,0
2026-04-23 11:55:00+05:30,1259.9,1260.3,1256.0,1258.2,74487,0
2026-04-23 12:00:00+05:30,1258.2,1258.7,1256.8,1258.0,14365,0
2026-04-23 12:05:00+05:30,1258.0,1259.4,1257.6,1259.2,8794,0
2026-04-23 12:10:00+05:30,1259.2,1261.6,1256.3,1261.4,76572,0
2026-04-23 12:15:00+05:30,1261.3,1263.1,1261.0,1262.5,18721,0
2026-04-23 12:20:00+05:30,1262.5,1264.5,1261.8,1263.8,21030,0
2026-04-23 12:25:00+05:30,1263.8,1263.8,1258.0,1260.0,21306,0
2026-04-23 12:30:00+05:30,1260.0,1261.5,1257.3,1259.0,43726,0
2026-04-23 12:35:00+05:30,1259.8,1262.2,1258.6,1260.5,24408,0
2026-04-23 12:40:00+05:30,1260.7,1265.0,1260.1,1265.0,18667,0
2026-04-23 12:45:00+05:30,1265.0,1265.0,1261.8,1263.3,24319,0
2026-04-23 12:50:00+05:30,1263.3,1263.4,1259.7,1262.0,22029,0
2026-04-23 12:55:00+05:30,1262.0,1263.2,1260.5,1262.1,19205,0
2026-04-23 13:00:00+05:30,1262.1,1262.8,1259.2,1262.3,24145,0
2026-04-23 13:05:00+05:30,1262.5,1264.3,1261.4,1264.2,20243,0
2026-04-23 13:10:00+05:30,1264.4,1265.0,1262.3,1263.4,31167,0
2026-04-23 13:15:00+05:30,1263.4,1263.4,1258.1,1262.1,48789,0
2026-04-23 13:20:00+05:30,1262.1,1264.2,1260.9,1262.9,41783,0
2026-04-23 13:25:00+05:30,1262.9,1264.4,1261.4,1264.4,19219,0
2026-04-23 13:30:00+05:30,1264.5,1265.6,1262.8,1263.8,25010,0
2026-04-23 13:35:00+05:30,1263.7,1267.2,1261.3,1262.8,29208,0
2026-04-23 13:40:00+05:30,1262.8,1263.8,1260.0,1261.7,30765,0
2026-04-23 13:45:00+05:30,1261.7,1262.4,1259.0,1260.8,25969,0
2026-04-23 13:50:00+05:30,1260.8,1261.8,1259.3,1260.8,22150,0
2026-04-23 13:55:00+05:30,1260.8,1261.2,1255.7,1258.2,41614,0
2026-04-23 14:00:00+05:30,1258.2,1259.0,1256.4,1258.4,18916,0
2026-04-23 14:05:00+05:30,1258.4,1258.4,1256.5,1257.1,20698,0
2026-04-23 14:10:00+05:30,1257.1,1257.2,1255.2,1256.1,10824,0
2026-04-23 14:15:00+05:30,1256.1,1256.5,1254.5,1254.5,23294,0
2026-04-23 14:20:00+05:30,1254.5,1256.6,1251.8,1254.1,46593,0
2026-04-23 14:25:00+05:30,1254.4,1256.3,1254.0,1255.8,16427,0
2026-04-23 14:30:00+05:30,1255.8,1255.8,1253.2,1253.8,10898,0
2026-04-23 14:35:00+05:30,1254.0,1254.4,1252.9,1254.3,11585,0
2026-04-23 14:40:00+05:30,1254.3,1255.2,1252.4,1253.1,16997,0
2026-04-23 14:45:00+05:30,1253.5,1256.3,1253.1,1254.4,13053,0
2026-04-23 14:50:00+05:30,1254.4,1255.0,1253.7,1254.1,5746,0
2026-04-23 14:55:00+05:30,1254.3,1255.3,1253.1,1255.3,10759,0
2026-04-23 15:00:00+05:30,1255.3,1257.6,1254.8,1256.8,20650,0
2026-04-23 15:05:00+05:30,1256.8,1257.4,1255.0,1256.2,20022,0
2026-04-23 15:10:00+05:30,1256.2,1256.9,1255.3,1255.3,19887,0
2026-04-23 15:15:00+05:30,1255.5,1259.0,1255.1,1257.0,29462,0
2026-04-23 15:20:00+05:30,1257.0,1259.2,1256.8,1258.6,34751,0
2026-04-23 15:25:00+05:30,1258.5,1258.9,1255.0,1258.9,40119,0
2026-04-24 09:15:00+05:30,1264.0,1268.0,1254.2,1259.0,40879,0
2026-04-24 09:20:00+05:30,1258.7,1261.7,1256.0,1259.5,17183,0
2026-04-24 09:25:00+05:30,1259.3,1260.5,1257.1,1259.5,10124,0
2026-04-24 09:30:00+05:30,1258.6,1259.7,1253.0,1254.1,12102,0
2026-04-24 09:35:00+05:30,1253.8,1255.1,1251.8,1252.2,18981,0
2026-04-24 09:40:00+05:30,1252.0,1253.4,1250.0,1251.0,16523,0
2026-04-24 09:45:00+05:30,1250.5,1252.2,1250.0,1250.0,8888,0
2026-04-24 09:50:00+05:30,1250.5,1251.9,1248.2,1250.0,11682,0
2026-04-24 09:55:00+05:30,1249.9,1251.3,1249.0,1249.4,3566,0
2026-04-24 10:00:00+05:30,1249.2,1253.4,1248.5,1252.9,18978,0
2026-04-24 10:05:00+05:30,1253.0,1254.4,1251.7,1252.2,8495,0
2026-04-24 10:10:00+05:30,1252.0,1252.5,1250.4,1251.8,6613,0
2026-04-24 10:15:00+05:30,1251.9,1251.9,1250.0,1250.5,3765,0
2026-04-24 10:20:00+05:30,1250.3,1250.4,1249.0,1249.2,24224,0
2026-04-24 10:25:00+05:30,1249.2,1251.1,1248.5,1250.0,5692,0
2026-04-24 10:30:00+05:30,1249.8,1250.2,1248.5,1249.1,9204,0
2026-04-24 10:35:00+05:30,1249.1,1251.7,1248.7,1250.2,10003,0
2026-04-24 10:40:00+05:30,1250.2,1251.5,1249.7,1250.8,6025,0
2026-04-24 10:45:00+05:30,1250.8,1251.7,1250.7,1251.6,4131,0
2026-04-24 10:50:00+05:30,1251.5,1252.3,1250.3,1252.0,7303,0
2026-04-24 10:55:00+05:30,1251.7,1252.8,1249.5,1250.1,10451,0
2026-04-24 11:00:00+05:30,1249.9,1250.7,1248.8,1250.3,6661,0
2026-04-24 11:05:00+05:30,1250.3,1251.2,1249.3,1250.9,3314,0
2026-04-24 11:10:00+05:30,1250.7,1251.2,1249.2,1250.1,9929,0
2026-04-24 11:15:00+05:30,1250.3,1251.0,1248.5,1248.5,64288,0
2026-04-24 11:20:00+05:30,1248.7,1250.5,1248.7,1250.2,11363,0
2026-04-24 11:25:00+05:30,1250.1,1250.6,1249.2,1249.7,8602,0
2026-04-24 11:30:00+05:30,1249.8,1251.6,1249.7,1251.0,73194,0
2026-04-24 11:35:00+05:30,1250.9,1250.9,1248.7,1250.0,5506,0
2026-04-24 11:40:00+05:30,1249.9,1250.2,1249.3,1250.0,31279,0
2026-04-24 11:45:00+05:30,1250.0,1250.0,1248.5,1249.4,5191,0
2026-04-24 11:50:00+05:30,1249.3,1249.4,1247.5,1247.8,24582,0
2026-04-24 11:55:00+05:30,1247.7,1248.4,1246.5,1247.0,85763,0
2026-04-24 12:00:00+05:30,1246.9,1250.8,1246.9,1249.0,102491,0
2026-04-24 12:05:00+05:30,1248.9,1252.2,1247.0,1251.9,175261,0
2026-04-24 12:10:00+05:30,1251.3,1258.4,1250.8,1257.2,59924,0
2026-04-24 12:15:00+05:30,1257.1,1260.9,1256.0,1260.3,20928,0
2026-04-24 12:20:00+05:30,1260.6,1261.4,1257.9,1258.5,19558,0
2026-04-24 12:25:00+05:30,1258.4,1258.6,1256.0,1256.7,14799,0
2026-04-24 12:30:00+05:30,1256.7,1258.8,1256.0,1258.0,4208,0
2026-04-24 12:35:00+05:30,1258.0,1258.4,1256.3,1258.0,4891,0
2026-04-24 12:40:00+05:30,1257.9,1258.2,1255.4,1257.5,29970,0
2026-04-24 12:45:00+05:30,1257.3,1259.0,1257.2,1258.0,10449,0
2026-04-24 12:50:00+05:30,1258.0,1259.0,1257.6,1258.1,34763,0
2026-04-24 12:55:00+05:30,1258.0,1262.6,1257.6,1260.3,47418,0
2026-04-24 13:00:00+05:30,1260.6,1260.6,1256.4,1260.2,43288,0
2026-04-24 13:05:00+05:30,1260.2,1260.5,1259.0,1259.7,5020,0
2026-04-24 13:10:00+05:30,1259.2,1259.9,1257.4,1259.3,11870,0
2026-04-24 13:15:00+05:30,1259.5,1259.8,1255.1,1257.1,91469,0
2026-04-24 13:20:00+05:30,1257.1,1257.6,1253.4,1254.5,35786,0
2026-04-24 13:25:00+05:30,1254.4,1254.7,1251.1,1252.0,17096,0
2026-04-24 13:30:00+05:30,1252.3,1252.5,1250.0,1251.8,21250,0
2026-04-24 13:35:00+05:30,1251.6,1253.5,1250.5,1251.0,7848,0
2026-04-24 13:40:00+05:30,1250.8,1252.0,1249.0,1249.1,65628,0
2026-04-24 13:45:00+05:30,1249.0,1252.5,1248.8,1251.7,18177,0
2026-04-24 13:50:00+05:30,1251.7,1254.9,1251.7,1254.6,15186,0
2026-04-24 13:55:00+05:30,1254.6,1254.9,1253.5,1253.8,12151,0
2026-04-24 14:00:00+05:30,1253.9,1254.3,1252.4,1253.1,15219,0
2026-04-24 14:05:00+05:30,1253.1,1253.3,1250.0,1251.8,18839,0
2026-04-24 14:10:00+05:30,1251.8,1254.4,1251.7,1253.3,20130,0
2026-04-24 14:15:00+05:30,1253.3,1254.9,1252.3,1253.4,12433,0
2026-04-24 14:20:00+05:30,1253.4,1254.7,1252.8,1253.5,13079,0
2026-04-24 14:25:00+05:30,1253.5,1258.6,1253.3,1256.0,25848,0
2026-04-24 14:30:00+05:30,1256.1,1258.7,1254.3,1257.9,19688,0
2026-04-24 14:35:00+05:30,1257.9,1261.0,1257.9,1259.8,30311,0
2026-04-24 14:40:00+05:30,1259.8,1260.7,1258.6,1260.0,30780,0
2026-04-24 14:45:00+05:30,1260.0,1260.9,1258.2,1259.3,33397,0
2026-04-24 14:50:00+05:30,1259.2,1260.0,1257.5,1257.9,18416,0
2026-04-24 14:55:00+05:30,1258.0,1259.2,1255.2,1255.2,74691,0
2026-04-24 15:00:00+05:30,1255.3,1255.9,1252.9,1253.8,27259,0
2026-04-24 15:05:00+05:30,1253.7,1256.7,1253.5,1256.0,31524,0
2026-04-24 15:10:00+05:30,1256.0,1256.7,1254.7,1255.6,26841,0
2026-04-24 15:15:00+05:30,1255.0,1257.2,1255.0,1256.0,46691,0
2026-04-24 15:20:00+05:30,1256.0,1257.2,1254.6,1256.3,66282,0
2026-04-24 15:25:00+05:30,1255.9,1258.0,1251.7,1255.3,31402,0
2026-04-27 09:15:00+05:30,1273.0,1282.0,1268.1,1276.9,172122,0
2026-04-27 09:20:00+05:30,1277.3,1283.7,1276.7,1278.7,71591,0
2026-04-27 09:25:00+05:30,1278.6,1293.0,1278.6,1293.0,94564,0
2026-04-27 09:30:00+05:30,1292.6,1295.0,1290.0,1290.5,96834,0
2026-04-27 09:35:00+05:30,1290.6,1293.0,1288.0,1289.0,50458,0
2026-04-27 09:40:00+05:30,1289.3,1290.9,1287.0,1290.0,31946,0
2026-04-27 09:45:00+05:30,1290.5,1291.9,1287.5,1291.2,80282,0
2026-04-27 09:50:00+05:30,1290.7,1296.0,1290.7,1295.7,134691,0
2026-04-27 09:55:00+05:30,1295.4,1296.1,1290.1,1292.9,75602,0
2026-04-27 10:00:00+05:30,1293.5,1293.9,1292.0,1292.0,20972,0
2026-04-27 10:05:00+05:30,1292.0,1292.6,1289.2,1291.0,18957,0
2026-04-27 10:10:00+05:30,1290.8,1293.0,1289.5,1289.9,31358,0
2026-04-27 10:15:00+05:30,1289.9,1294.0,1289.5,1293.5,19791,0
2026-04-27 10:20:00+05:30,1293.5,1294.5,1292.2,1294.4,24574,0
2026-04-27 10:25:00+05:30,1293.8,1296.5,1293.0,1296.5,34963,0
2026-04-27 10:30:00+05:30,1296.5,1297.0,1292.5,1292.8,29902,0
2026-04-27 10:35:00+05:30,1292.6,1293.0,1290.6,1292.4,16734,0
2026-04-27 10:40:00+05:30,1292.1,1295.2,1292.0,1294.5,23666,0
2026-04-27 10:45:00+05:30,1294.1,1295.6,1292.7,1295.6,18614,0
2026-04-27 10:50:00+05:30,1295.5,1295.8,1292.1,1293.0,11123,0
2026-04-27 10:55:00+05:30,1292.5,1293.5,1290.4,1290.9,11610,0
2026-04-27 11:00:00+05:30,1290.4,1291.2,1288.6,1289.8,20003,0
2026-04-27 11:05:00+05:30,1289.5,1290.0,1285.2,1287.1,33214,0
2026-04-27 11:10:00+05:30,1286.9,1291.1,1286.9,1290.3,20461,0
2026-04-27 11:15:00+05:30,1290.8,1292.0,1289.4,1291.4,8970,0
2026-04-27 11:20:00+05:30,1291.3,1291.7,1287.6,1288.7,14036,0
2026-04-27 11:25:00+05:30,1288.2,1290.6,1287.0,1289.6,10760,0
2026-04-27 11:30:00+05:30,1289.3,1289.8,1286.1,1286.6,12625,0
2026-04-27 11:35:00+05:30,1286.2,1286.3,1283.1,1284.3,28690,0
2026-04-27 11:40:00+05:30,1284.0,1285.9,1283.6,1285.3,14190,0
2026-04-27 11:45:00+05:30,1285.3,1286.0,1283.3,1285.9,10940,0
2026-04-27 11:50:00+05:30,1285.4,1285.9,1283.7,1285.0,7248,0
2026-04-27 11:55:00+05:30,1284.8,1285.4,1284.1,1285.0,5359,0
2026-04-27 12:00:00+05:30,1284.7,1285.0,1280.6,1282.0,15198,0
2026-04-27 12:05:00+05:30,1281.5,1284.3,1281.2,1283.1,12165,0
2026-04-27 12:10:00+05:30,1283.1,1284.8,1283.0,1284.2,9805,0
2026-04-27 12:15:00+05:30,1284.2,1285.3,1283.1,1285.0,9648,0
2026-04-27 12:20:00+05:30,1284.9,1285.2,1283.3,1284.0,6956,0
2026-04-27 12:25:00+05:30,1283.9,1285.4,1283.9,1284.7,5864,0
2026-04-27 12:30:00+05:30,1285.0,1285.9,1284.4,1285.1,13905,0
2026-04-27 12:35:00+05:30,1284.9,1285.6,1284.1,1285.2,10736,0
2026-04-27 12:40:00+05:30,1284.9,1285.4,1284.3,1285.1,7041,0
2026-04-27 12:45:00+05:30,1285.1,1286.7,1284.6,1286.7,44994,0
2026-04-27 12:50:00+05:30,1286.2,1290.6,1286.2,1290.5,65467,0
2026-04-27 12:55:00+05:30,1290.3,1291.5,1288.0,1290.5,26913,0
2026-04-27 13:00:00+05:30,1290.1,1290.5,1287.6,1287.6,11075,0
2026-04-27 13:05:00+05:30,1288.0,1288.3,1286.4,1287.3,12941,0
2026-04-27 13:10:00+05:30,1287.1,1289.0,1284.1,1285.8,38089,0
2026-04-27 13:15:00+05:30,1285.3,1287.2,1285.2,1286.9,9280,0
2026-04-27 13:20:00+05:30,1286.5,1287.7,1285.0,1285.5,7529,0
2026-04-27 13:25:00+05:30,1285.0,1285.7,1284.2,1285.0,9414,0
2026-04-27 13:30:00+05:30,1284.7,1285.2,1282.5,1283.5,7594,0
2026-04-27 13:35:00+05:30,1283.4,1285.5,1282.8,1285.5,6260,0
2026-04-27 13:40:00+05:30,1285.6,1286.7,1284.9,1285.7,6262,0
2026-04-27 13:45:00+05:30,1285.8,1286.8,1283.4,1284.6,9370,0
2026-04-27 13:50:00+05:30,1284.6,1284.8,1283.2,1284.3,8070,0
2026-04-27 13:55:00+05:30,1284.3,1284.8,1282.3,1283.0,22992,0
2026-04-27 14:00:00+05:30,1282.9,1284.7,1282.8,1283.2,6071,0
2026-04-27 14:05:00+05:30,1283.1,1284.3,1283.1,1283.8,3897,0
2026-04-27 14:10:00+05:30,1283.5,1285.8,1283.5,1284.8,8514,0
2026-04-27 14:15:00+05:30,1284.8,1285.0,1283.6,1284.2,8239,0
2026-04-27 14:20:00+05:30,1284.2,1285.0,1282.7,1283.6,10460,0
2026-04-27 14:25:00+05:30,1283.6,1285.0,1283.6,1285.0,4853,0
2026-04-27 14:30:00+05:30,1284.9,1285.0,1283.3,1283.4,10380,0
2026-04-27 14:35:00+05:30,1283.8,1285.2,1283.4,1285.0,19617,0
2026-04-27 14:40:00+05:30,1285.0,1285.6,1284.5,1285.0,108308,0
2026-04-27 14:45:00+05:30,1284.8,1286.7,1283.2,1285.0,51916,0
2026-04-27 14:50:00+05:30,1285.0,1286.4,1284.0,1286.3,67756,0
2026-04-27 14:55:00+05:30,1286.4,1287.0,1284.8,1285.0,41767,0
2026-04-27 15:00:00+05:30,1284.8,1285.0,1283.4,1284.8,35559,0
2026-04-27 15:05:00+05:30,1284.7,1285.0,1283.5,1284.1,31337,0
2026-04-27 15:10:00+05:30,1283.8,1284.8,1283.0,1284.0,48628,0
2026-04-27 15:15:00+05:30,1284.2,1284.6,1280.5,1280.8,78630,0
2026-04-27 15:20:00+05:30,1281.0,1284.4,1278.4,1283.9,99982,0
2026-04-27 15:25:00+05:30,1283.9,1285.6,1280.0,1285.0,38872,0
2026-04-28 09:15:00+05:30,1284.0,1291.5,1281.0,1290.9,70800,0
2026-04-28 09:20:00+05:30,1290.9,1295.0,1289.2,1291.2,48671,0
2026-04-28 09:25:00+05:30,1291.2,1294.3,1290.5,1291.1,33178,0
2026-04-28 09:30:00+05:30,1291.1,1292.9,1288.4,1292.4,15766,0
2026-04-28 09:35:00+05:30,1292.4,1294.4,1290.5,1294.0,14588,0
2026-04-28 09:40:00+05:30,1294.0,1296.0,1293.5,1296.0,21533,0
2026-04-28 09:45:00+05:30,1296.0,1299.5,1295.4,1299.3,38075,0
2026-04-28 09:50:00+05:30,1299.2,1303.7,1299.0,1301.0,85299,0
2026-04-28 09:55:00+05:30,1301.4,1303.0,1301.0,1302.0,26209,0
2026-04-28 10:00:00+05:30,1302.4,1304.2,1301.6,1303.6,29001,0
2026-04-28 10:05:00+05:30,1303.5,1304.4,1301.1,1302.2,32741,0
2026-04-28 10:10:00+05:30,1302.2,1302.8,1300.0,1301.3,39327,0
2026-04-28 10:15:00+05:30,1301.3,1306.8,1301.3,1304.6,60347,0
2026-04-28 10:20:00+05:30,1305.0,1305.4,1304.0,1304.4,24403,0
2026-04-28 10:25:00+05:30,1304.5,1304.5,1301.1,1301.9,23572,0
2026-04-28 10:30:00+05:30,1301.9,1302.5,1297.1,1298.1,55356,0
2026-04-28 10:35:00+05:30,1298.1,1298.3,1293.7,1293.9,35534,0
2026-04-28 10:40:00+05:30,1294.0,1294.4,1292.3,1294.2,21984,0
2026-04-28 10:45:00+05:30,1294.6,1298.2,1294.5,1296.7,50020,0
2026-04-28 10:50:00+05:30,1297.3,1298.5,1296.6,1297.9,9242,0
2026-04-28 10:55:00+05:30,1298.0,1300.2,1297.7,1298.7,24617,0
2026-04-28 11:00:00+05:30,1299.0,1299.8,1297.8,1298.6,25051,0
2026-04-28 11:05:00+05:30,1299.1,1299.2,1295.7,1297.2,8124,0
2026-04-28 11:10:00+05:30,1297.5,1299.0,1296.1,1297.0,18971,0
2026-04-28 11:15:00+05:30,1297.5,1297.7,1293.6,1293.9,18861,0
2026-04-28 11:20:00+05:30,1294.4,1295.4,1294.4,1294.9,6494,0
2026-04-28 11:25:00+05:30,1294.9,1294.9,1292.3,1292.6,16527,0
2026-04-28 11:30:00+05:30,1292.8,1294.4,1290.1,1293.1,21089,0
2026-04-28 11:35:00+05:30,1293.4,1294.4,1293.0,1294.1,5503,0
2026-04-28 11:40:00+05:30,1294.4,1294.8,1293.6,1294.7,4355,0
2026-04-28 11:45:00+05:30,1294.7,1295.7,1292.2,1292.2,7600,0
2026-04-28 11:50:00+05:30,1292.7,1292.7,1289.0,1290.3,70560,0
2026-04-28 11:55:00+05:30,1290.4,1290.4,1289.0,1289.0,22567,0
2026-04-28 12:00:00+05:30,1289.3,1289.4,1288.2,1289.4,6965,0
2026-04-28 12:05:00+05:30,1289.4,1289.9,1287.8,1288.9,12277,0
2026-04-28 12:10:00+05:30,1288.8,1289.7,1287.5,1289.1,12350,0
2026-04-28 12:15:00+05:30,1289.5,1293.0,1289.0,1290.1,19044,0
2026-04-28 12:20:00+05:30,1290.7,1293.0,1290.0,1292.6,74675,0
2026-04-28 12:25:00+05:30,1292.6,1294.0,1291.1,1292.1,11410,0
2026-04-28 12:30:00+05:30,1292.1,1292.1,1289.6,1290.3,10830,0
2026-04-28 12:35:00+05:30,1290.6,1292.3,1290.1,1291.0,5927,0
2026-04-28 12:40:00+05:30,1291.5,1292.1,1290.0,1290.3,15131,0
2026-04-28 12:45:00+05:30,1290.9,1291.0,1286.4,1287.0,34749,0
2026-04-28 12:50:00+05:30,1287.0,1287.0,1286.0,1286.1,8298,0
2026-04-28 12:55:00+05:30,1286.3,1286.4,1284.8,1285.1,13920,0
2026-04-28 13:00:00+05:30,1285.5,1287.0,1284.9,1285.7,10697,0
2026-04-28 13:05:00+05:30,1286.3,1286.3,1284.2,1285.0,7097,0
2026-04-28 13:10:00+05:30,1285.0,1285.0,1283.1,1283.1,5224,0
2026-04-28 13:15:00+05:30,1283.5,1283.7,1282.0,1283.0,15999,0
2026-04-28 13:20:00+05:30,1282.9,1283.1,1281.6,1281.7,12330,0
2026-04-28 13:25:00+05:30,1282.2,1282.2,1280.7,1280.9,10250,0
2026-04-28 13:30:00+05:30,1280.9,1281.4,1278.1,1278.9,9779,0
2026-04-28 13:35:00+05:30,1278.9,1279.0,1276.2,1277.7,17402,0
2026-04-28 13:40:00+05:30,1277.6,1280.4,1277.2,1278.7,13719,0
2026-04-28 13:45:00+05:30,1278.7,1282.0,1278.2,1280.5,8725,0
2026-04-28 13:50:00+05:30,1280.4,1281.4,1279.4,1279.7,20014,0
2026-04-28 13:55:00+05:30,1279.6,1281.0,1278.2,1278.5,21100,0
2026-04-28 14:00:00+05:30,1279.0,1279.4,1278.0,1278.8,9470,0
2026-04-28 14:05:00+05:30,1278.8,1279.8,1278.3,1279.5,4806,0
2026-04-28 14:10:00+05:30,1279.5,1279.9,1277.2,1277.6,16507,0
2026-04-28 14:15:00+05:30,1277.6,1279.8,1275.6,1279.0,20845,0
2026-04-28 14:20:00+05:30,1279.3,1281.0,1277.4,1280.8,24289,0
2026-04-28 14:25:00+05:30,1280.8,1281.2,1279.5,1280.6,29414,0
2026-04-28 14:30:00+05:30,1280.7,1286.7,1280.7,1282.5,66358,0
2026-04-28 14:35:00+05:30,1282.4,1284.7,1281.7,1283.9,24925,0
2026-04-28 14:40:00+05:30,1284.0,1287.0,1283.5,1286.8,11576,0
2026-04-28 14:45:00+05:30,1286.9,1288.2,1285.2,1287.0,14401,0
2026-04-28 14:50:00+05:30,1287.2,1287.4,1283.3,1285.7,39011,0
2026-04-28 14:55:00+05:30,1285.7,1287.9,1284.7,1286.9,13065,0
2026-04-28 15:00:00+05:30,1287.1,1287.1,1281.9,1282.2,30905,0
2026-04-28 15:05:00+05:30,1282.2,1282.4,1280.2,1280.6,26511,0
2026-04-28 15:10:00+05:30,1280.6,1281.5,1279.5,1280.3,31343,0
2026-04-28 15:15:00+05:30,1280.2,1282.0,1278.9,1281.4,44785,0
2026-04-28 15:20:00+05:30,1281.3,1281.3,1279.7,1281.2,73609,0
2026-04-28 15:25:00+05:30,1281.3,1285.0,1281.2,1285.0,56992,0
2026-04-29 09:15:00+05:30,1283.0,1287.8,1267.1,1272.5,112812,0
2026-04-29 09:20:00+05:30,1272.5,1275.5,1260.3,1262.4,87999,0
2026-04-29 09:25:00+05:30,1263.0,1270.2,1262.3,1270.0,17749,0
2026-04-29 09:30:00+05:30,1270.0,1270.5,1258.5,1259.2,81657,0
2026-04-29 09:35:00+05:30,1259.7,1260.5,1257.0,1258.4,37494,0
2026-04-29 09:40:00+05:30,1258.4,1263.9,1258.0,1263.8,26555,0
2026-04-29 09:45:00+05:30,1263.6,1263.8,1261.2,1262.4,19851,0
2026-04-29 09:50:00+05:30,1262.4,1268.2,1262.4,1266.2,40073,0
2026-04-29 09:55:00+05:30,1266.2,1269.7,1266.0,1267.7,29494,0
2026-04-29 10:00:00+05:30,1267.7,1273.4,1267.7,1272.4,50908,0
2026-04-29 10:05:00+05:30,1272.4,1273.6,1271.0,1272.1,23779,0
2026-04-29 10:10:00+05:30,1272.0,1275.6,1272.0,1274.7,18749,0
2026-04-29 10:15:00+05:30,1274.7,1277.9,1274.1,1277.7,16953,0
2026-04-29 10:20:00+05:30,1277.7,1281.0,1277.7,1279.7,27636,0
2026-04-29 10:25:00+05:30,1279.7,1282.0,1279.4,1280.7,18335,0
2026-04-29 10:30:00+05:30,1280.6,1281.2,1278.9,1280.7,18008,0
2026-04-29 10:35:00+05:30,1280.8,1281.3,1279.4,1280.7,13101,0
2026-04-29 10:40:00+05:30,1280.7,1281.8,1279.5,1280.0,51859,0
2026-04-29 10:45:00+05:30,1280.0,1281.7,1279.5,1280.0,44039,0
2026-04-29 10:50:00+05:30,1280.0,1280.5,1279.4,1279.5,11239,0
2026-04-29 10:55:00+05:30,1279.6,1284.1,1279.5,1282.7,60925,0
2026-04-29 11:00:00+05:30,1283.2,1287.5,1282.7,1286.1,51718,0
2026-04-29 11:05:00+05:30,1286.1,1286.2,1283.4,1285.2,13984,0
2026-04-29 11:10:00+05:30,1285.2,1285.5,1284.0,1285.3,7001,0
2026-04-29 11:15:00+05:30,1285.3,1287.0,1285.1,1285.9,13616,0
2026-04-29 11:20:00+05:30,1285.9,1287.5,1282.9,1284.2,78372,0
2026-04-29 11:25:00+05:30,1284.2,1285.5,1279.8,1280.0,40650,0
2026-04-29 11:30:00+05:30,1280.0,1283.6,1279.8,1282.1,51523,0
2026-04-29 11:35:00+05:30,1282.1,1282.3,1278.5,1282.3,21099,0
2026-04-29 11:40:00+05:30,1282.2,1282.8,1278.9,1281.2,47639,0
2026-04-29 11:45:00+05:30,1281.2,1282.8,1280.2,1280.7,21662,0
2026-04-29 11:50:00+05:30,1280.7,1281.5,1280.1,1280.9,14483,0
2026-04-29 11:55:00+05:30,1280.9,1281.3,1279.5,1280.7,13397,0
2026-04-29 12:00:00+05:30,1280.7,1281.3,1279.4,1280.1,12791,0
2026-04-29 12:05:00+05:30,1280.1,1280.9,1279.2,1280.8,12822,0
2026-04-29 12:10:00+05:30,1280.8,1282.0,1279.8,1280.8,28805,0
2026-04-29 12:15:00+05:30,1280.8,1282.0,1280.0,1282.0,17339,0
2026-04-29 12:20:00+05:30,1282.0,1282.8,1281.0,1282.1,19771,0
2026-04-29 12:25:00+05:30,1282.1,1282.1,1279.6,1280.4,14366,0
2026-04-29 12:30:00+05:30,1280.4,1282.0,1279.5,1281.8,15491,0
2026-04-29 12:35:00+05:30,1281.8,1282.9,1281.0,1282.0,18053,0
2026-04-29 12:40:00+05:30,1282.6,1282.6,1279.0,1280.7,32055,0
2026-04-29 12:45:00+05:30,1280.7,1282.3,1279.3,1280.9,51629,0
2026-04-29 12:50:00+05:30,1280.9,1282.4,1280.3,1282.3,15000,0
2026-04-29 12:55:00+05:30,1282.5,1282.5,1279.2,1280.5,25694,0
2026-04-29 13:00:00+05:30,1280.4,1280.8,1279.5,1280.8,14788,0
2026-04-29 13:05:00+05:30,1280.8,1281.6,1280.0,1280.7,16373,0
2026-04-29 13:10:00+05:30,1280.8,1282.0,1278.0,1278.1,21028,0
2026-04-29 13:15:00+05:30,1278.2,1279.5,1278.1,1279.5,16482,0
2026-04-29 13:20:00+05:30,1279.5,1279.8,1276.5,1277.0,40560,0
2026-04-29 13:25:00+05:30,1277.1,1278.8,1276.8,1278.2,27008,0
2026-04-29 13:30:00+05:30,1278.2,1282.6,1278.1,1282.4,29400,0
2026-04-29 13:35:00+05:30,1282.4,1282.9,1280.8,1281.7,20811,0
2026-04-29 13:40:00+05:30,1281.7,1282.1,1279.0,1279.6,20198,0
2026-04-29 13:45:00+05:30,1279.6,1280.2,1276.8,1279.1,44499,0
2026-04-29 13:50:00+05:30,1279.1,1280.8,1277.8,1279.3,20823,0
2026-04-29 13:55:00+05:30,1279.5,1280.9,1278.1,1278.5,50554,0
2026-04-29 14:00:00+05:30,1278.5,1279.0,1275.9,1276.5,27241,0
2026-04-29 14:05:00+05:30,1276.6,1278.7,1276.0,1277.8,19454,0
2026-04-29 14:10:00+05:30,1277.9,1278.5,1276.3,1277.8,19084,0
2026-04-29 14:15:00+05:30,1278.3,1278.8,1275.5,1276.4,20122,0
2026-04-29 14:20:00+05:30,1276.4,1279.0,1275.7,1278.3,32244,0
2026-04-29 14:25:00+05:30,1278.3,1278.9,1276.5,1278.1,19645,0
2026-04-29 14:30:00+05:30,1278.0,1279.0,1277.2,1278.9,19018,0
2026-04-29 14:35:00+05:30,1278.9,1279.9,1277.6,1279.9,29479,0
2026-04-29 14:40:00+05:30,1279.9,1280.6,1279.1,1280.6,23321,0
2026-04-29 14:45:00+05:30,1280.9,1281.0,1277.6,1278.2,19509,0
2026-04-29 14:50:00+05:30,1278.8,1283.1,1278.0,1282.3,49302,0
2026-04-29 14:55:00+05:30,1282.8,1282.8,1280.4,1281.4,25035,0
2026-04-29 15:00:00+05:30,1281.5,1283.6,1280.3,1282.7,39746,0
2026-04-29 15:05:00+05:30,1282.7,1283.2,1282.1,1282.5,32580,0
2026-04-29 15:10:00+05:30,1282.6,1282.9,1280.7,1280.8,38185,0
2026-04-29 15:15:00+05:30,1280.8,1281.1,1277.4,1278.8,68665,0
2026-04-29 15:20:00+05:30,1278.6,1278.8,1276.0,1277.0,62806,0
2026-04-29 15:25:00+05:30,1276.8,1279.2,1274.9,1278.0,48195,0
2026-04-30 09:15:00+05:30,1272.5,1273.4,1258.5,1259.4,40703,0
2026-04-30 09:20:00+05:30,1259.1,1260.0,1257.2,1258.8,26329,0
2026-04-30 09:25:00+05:30,1258.3,1260.6,1257.5,1258.9,23016,0
2026-04-30 09:30:00+05:30,1258.2,1259.3,1256.0,1257.0,19491,0
2026-04-30 09:35:00+05:30,1257.0,1257.5,1252.5,1253.0,31472,0
2026-04-30 09:40:00+05:30,1253.2,1258.5,1252.8,1258.2,10194,0
2026-04-30 09:45:00+05:30,1257.8,1258.7,1256.0,1256.6,12137,0
2026-04-30 09:50:00+05:30,1256.1,1257.3,1255.5,1256.4,12687,0
2026-04-30 09:55:00+05:30,1256.0,1257.5,1254.2,1254.2,10289,0
2026-04-30 10:00:00+05:30,1254.7,1254.7,1251.2,1251.2,15961,0
2026-04-30 10:05:00+05:30,1251.5,1255.2,1251.1,1253.4,20038,0
2026-04-30 10:10:00+05:30,1253.4,1254.2,1251.8,1253.2,13848,0
2026-04-30 10:15:00+05:30,1253.0,1254.4,1250.4,1254.4,18721,0
2026-04-30 10:20:00+05:30,1254.1,1254.8,1252.2,1253.9,22968,0
2026-04-30 10:25:00+05:30,1253.4,1253.9,1251.5,1253.0,32136,0
2026-04-30 10:30:00+05:30,1253.0,1258.5,1252.8,1254.0,51184,0
2026-04-30 10:35:00+05:30,1253.9,1254.9,1252.9,1254.0,10994,0
2026-04-30 10:40:00+05:30,1254.0,1255.4,1253.9,1255.4,25164,0
2026-04-30 10:45:00+05:30,1255.4,1255.9,1253.3,1255.9,5548,0
2026-04-30 10:50:00+05:30,1255.7,1257.6,1255.0,1256.3,5565,0
2026-04-30 10:55:00+05:30,1256.3,1256.3,1254.1,1254.8,4106,0
2026-04-30 11:00:00+05:30,1254.7,1257.1,1254.7,1257.1,7941,0
2026-04-30 11:05:00+05:30,1257.0,1259.4,1256.5,1259.1,7440,0
2026-04-30 11:10:00+05:30,1259.0,1259.4,1257.0,1257.7,4848,0
2026-04-30 11:15:00+05:30,1257.7,1259.4,1257.6,1259.2,3501,0
2026-04-30 11:20:00+05:30,1259.0,1260.6,1258.4,1259.6,6514,0
2026-04-30 11:25:00+05:30,1259.5,1260.0,1259.3,1260.0,3004,0
2026-04-30 11:30:00+05:30,1259.9,1261.1,1259.0,1259.3,7727,0
2026-04-30 11:35:00+05:30,1259.2,1260.0,1256.4,1257.4,6955,0
2026-04-30 11:40:00+05:30,1256.9,1257.6,1254.2,1255.4,10108,0
2026-04-30 11:45:00+05:30,1255.0,1256.4,1254.9,1256.2,3746,0
2026-04-30 11:50:00+05:30,1255.8,1256.3,1252.8,1253.7,7012,0
2026-04-30 11:55:00+05:30,1253.2,1254.8,1252.6,1254.0,5024,0
2026-04-30 12:00:00+05:30,1253.5,1254.9,1253.1,1253.9,6137,0
2026-04-30 12:05:00+05:30,1253.5,1255.5,1253.2,1254.0,5523,0
2026-04-30 12:10:00+05:30,1253.9,1255.0,1253.1,1255.0,5006,0
2026-04-30 12:15:00+05:30,1254.9,1255.0,1253.0,1253.2,5368,0
2026-04-30 12:20:00+05:30,1252.7,1262.6,1252.1,1261.6,99104,0
2026-04-30 12:25:00+05:30,1261.5,1261.5,1259.0,1259.3,11549,0
2026-04-30 12:30:00+05:30,1259.0,1259.7,1256.4,1257.5,7126,0
2026-04-30 12:35:00+05:30,1258.0,1260.1,1256.3,1257.8,46710,0
2026-04-30 12:40:00+05:30,1257.5,1258.7,1256.3,1257.4,5497,0
2026-04-30 12:45:00+05:30,1257.3,1259.3,1256.8,1259.0,3438,0
2026-04-30 12:50:00+05:30,1259.0,1260.0,1259.0,1259.4,4662,0
2026-04-30 12:55:00+05:30,1259.4,1259.7,1258.7,1259.6,6141,0
2026-04-30 13:00:00+05:30,1259.5,1260.2,1259.0,1259.4,3573,0
2026-04-30 13:05:00+05:30,1259.0,1259.4,1257.7,1258.0,4721,0
2026-04-30 13:10:00+05:30,1257.9,1258.1,1257.1,1257.6,4878,0
2026-04-30 13:15:00+05:30,1257.5,1257.7,1256.1,1256.1,13718,0
2026-04-30 13:20:00+05:30,1256.1,1258.4,1256.1,1257.9,7050,0
2026-04-30 13:25:00+05:30,1257.7,1258.5,1257.0,1257.3,9237,0
2026-04-30 13:30:00+05:30,1257.2,1258.0,1257.0,1258.0,6204,0
2026-04-30 13:35:00+05:30,1257.9,1259.0,1257.5,1258.4,51411,0
2026-04-30 13:40:00+05:30,1257.8,1263.4,1257.7,1263.1,11215,0
2026-04-30 13:45:00+05:30,1262.9,1264.2,1262.9,1263.3,6880,0
2026-04-30 13:50:00+05:30,1263.2,1263.4,1260.4,1261.8,4132,0
2026-04-30 13:55:00+05:30,1261.5,1265.9,1261.2,1265.5,9555,0
2026-04-30 14:00:00+05:30,1265.1,1265.4,1262.1,1262.4,8486,0
2026-04-30 14:05:00+05:30,1262.1,1262.3,1259.6,1262.2,35930,0
2026-04-30 14:10:00+05:30,1262.1,1263.1,1260.2,1261.6,36480,0
2026-04-30 14:15:00+05:30,1261.6,1262.1,1259.6,1259.6,54584,0
2026-04-30 14:20:00+05:30,1259.6,1262.9,1259.2,1261.7,18982,0
2026-04-30 14:25:00+05:30,1261.5,1262.9,1260.5,1262.8,15076,0
2026-04-30 14:30:00+05:30,1262.7,1264.2,1262.1,1264.2,5260,0
2026-04-30 14:35:00+05:30,1263.7,1264.4,1262.2,1264.2,7279,0
2026-04-30 14:40:00+05:30,1264.1,1266.0,1263.2,1265.7,10541,0
2026-04-30 14:45:00+05:30,1265.7,1267.8,1263.9,1263.9,26717,0
2026-04-30 14:50:00+05:30,1263.7,1264.9,1262.7,1264.2,12901,0
2026-04-30 14:55:00+05:30,1264.1,1268.5,1264.1,1267.8,10525,0
2026-04-30 15:00:00+05:30,1267.8,1267.8,1265.2,1266.2,45375,0
2026-04-30 15:05:00+05:30,1266.0,1266.2,1264.2,1264.8,39228,0
2026-04-30 15:10:00+05:30,1264.5,1265.0,1263.2,1264.5,37232,0
2026-04-30 15:15:00+05:30,1264.1,1266.2,1264.1,1264.5,49859,0
2026-04-30 15:20:00+05:30,1264.5,1265.4,1263.2,1265.3,50051,0
2026-04-30 15:25:00+05:30,1265.3,1266.4,1256.1,1262.9,76444,0
2026-05-04 09:15:00+05:30,1278.0,1287.9,1271.7,1274.6,171383,0
2026-05-04 09:20:00+05:30,1275.4,1278.0,1268.1,1268.9,43855,0
2026-05-04 09:25:00+05:30,1268.9,1269.4,1265.7,1266.8,20867,0
2026-05-04 09:30:00+05:30,1266.8,1271.2,1264.0,1264.2,32253,0
2026-05-04 09:35:00+05:30,1264.5,1269.7,1264.5,1268.3,12035,0
2026-05-04 09:40:00+05:30,1268.5,1270.2,1267.9,1269.7,11213,0
2026-05-04 09:45:00+05:30,1269.8,1277.9,1269.1,1277.7,25130,0
2026-05-04 09:50:00+05:30,1277.9,1277.9,1271.2,1273.1,67725,0
2026-05-04 09:55:00+05:30,1272.7,1276.0,1271.2,1274.5,43811,0
2026-05-04 10:00:00+05:30,1274.8,1276.5,1272.0,1274.1,13255,0
2026-05-04 10:05:00+05:30,1273.9,1276.9,1273.9,1274.6,17599,0
2026-05-04 10:10:00+05:30,1274.8,1275.8,1273.2,1274.1,5530,0
2026-05-04 10:15:00+05:30,1274.4,1276.5,1273.5,1276.5,14054,0
2026-05-04 10:20:00+05:30,1276.2,1276.8,1272.5,1274.1,12243,0
2026-05-04 10:25:00+05:30,1273.9,1276.8,1273.2,1276.3,5513,0
2026-05-04 10:30:00+05:30,1276.8,1278.9,1275.3,1276.5,17616,0
2026-05-04 10:35:00+05:30,1276.4,1278.7,1276.2,1278.3,7035,0
2026-05-04 10:40:00+05:30,1278.3,1279.4,1276.9,1278.1,13287,0
2026-05-04 10:45:00+05:30,1278.1,1279.9,1275.7,1279.9,15887,0
2026-05-04 10:50:00+05:30,1279.9,1280.6,1279.0,1279.7,9841,0
2026-05-04 10:55:00+05:30,1279.9,1279.9,1277.0,1277.0,5902,0
2026-05-04 11:00:00+05:30,1277.4,1278.0,1274.3,1275.0,12262,0
2026-05-04 11:05:00+05:30,1275.3,1275.4,1268.0,1269.5,74034,0
2026-05-04 11:10:00+05:30,1269.4,1269.9,1268.0,1269.0,15717,0
2026-05-04 11:15:00+05:30,1269.2,1272.6,1269.2,1271.3,11728,0
2026-05-04 11:20:00+05:30,1271.3,1272.5,1269.7,1270.0,18741,0
2026-05-04 11:25:00+05:30,1270.0,1271.0,1269.7,1270.2,28649,0
2026-05-04 11:30:00+05:30,1270.4,1270.5,1269.0,1269.9,6565,0
2026-05-04 11:35:00+05:30,1269.9,1273.0,1269.5,1272.7,26352,0
2026-05-04 11:40:00+05:30,1272.8,1273.5,1270.8,1273.1,10013,0
2026-05-04 11:45:00+05:30,1273.1,1273.4,1269.2,1269.2,102423,0
2026-05-04 11:50:00+05:30,1269.1,1270.0,1268.9,1270.0,12062,0
2026-05-04 11:55:00+05:30,1270.0,1272.4,1269.6,1270.5,22774,0
2026-05-04 12:00:00+05:30,1270.7,1272.9,1270.5,1272.7,11037,0
2026-05-04 12:05:00+05:30,1272.2,1272.8,1270.2,1271.4,7996,0
2026-05-04 12:10:00+05:30,1271.4,1271.4,1268.3,1268.6,7556,0
2026-05-04 12:15:00+05:30,1269.0,1272.2,1268.3,1272.2,14239,0
2026-05-04 12:20:00+05:30,1272.2,1274.3,1270.6,1273.9,21158,0
2026-05-04 12:25:00+05:30,1273.9,1274.0,1272.1,1272.1,8187,0
2026-05-04 12:30:00+05:30,1272.6,1272.8,1269.7,1269.9,8231,0
2026-05-04 12:35:00+05:30,1269.9,1272.1,1269.5,1271.1,6219,0
2026-05-04 12:40:00+05:30,1271.1,1272.3,1270.4,1271.3,9565,0
2026-05-04 12:45:00+05:30,1271.3,1271.4,1268.4,1269.9,9905,0
2026-05-04 12:50:00+05:30,1269.6,1273.0,1269.3,1271.3,24179,0
2026-05-04 12:55:00+05:30,1270.8,1271.7,1268.2,1269.8,23474,0
2026-05-04 13:00:00+05:30,1269.8,1271.7,1268.9,1271.5,12590,0
2026-05-04 13:05:00+05:30,1271.3,1272.3,1270.8,1271.7,6390,0
2026-05-04 13:10:00+05:30,1271.7,1272.7,1266.0,1266.4,17426,0
2026-05-04 13:15:00+05:30,1266.4,1270.5,1266.3,1270.0,9129,0
2026-05-04 13:20:00+05:30,1270.0,1270.0,1264.6,1266.3,6918,0
2026-05-04 13:25:00+05:30,1266.2,1267.8,1264.2,1264.6,6209,0
2026-05-04 13:30:00+05:30,1264.3,1264.8,1261.1,1263.3,16216,0
2026-05-04 13:35:00+05:30,1263.0,1265.5,1261.6,1265.4,6897,0
2026-05-04 13:40:00+05:30,1265.8,1267.5,1264.7,1266.5,5719,0
2026-05-04 13:45:00+05:30,1266.5,1268.1,1266.5,1267.6,4326,0
2026-05-04 13:50:00+05:30,1267.6,1269.6,1266.9,1267.7,6301,0
2026-05-04 13:55:00+05:30,1267.6,1267.9,1265.6,1267.1,4372,0
2026-05-04 14:00:00+05:30,1267.1,1267.5,1264.1,1266.8,10756,0
2026-05-04 14:05:00+05:30,1266.6,1266.8,1259.9,1261.4,42869,0
2026-05-04 14:10:00+05:30,1261.8,1265.9,1260.0,1264.8,61716,0
2026-05-04 14:15:00+05:30,1264.8,1269.9,1264.8,1268.3,14721,0
2026-05-04 14:20:00+05:30,1268.8,1270.7,1267.5,1268.5,6901,0
2026-05-04 14:25:00+05:30,1268.7,1269.8,1267.3,1269.8,4162,0
2026-05-04 14:30:00+05:30,1269.8,1270.0,1266.7,1268.4,4863,0
2026-05-04 14:35:00+05:30,1268.4,1269.5,1267.4,1267.5,5380,0
2026-05-04 14:40:00+05:30,1267.4,1267.4,1264.2,1267.2,7034,0
2026-05-04 14:45:00+05:30,1267.2,1267.2,1264.3,1265.6,6176,0
2026-05-04 14:50:00+05:30,1265.6,1268.4,1264.6,1268.0,13801,0
2026-05-04 14:55:00+05:30,1267.8,1269.4,1266.4,1269.4,13157,0
2026-05-04 15:00:00+05:30,1269.0,1269.9,1266.3,1268.0,20010,0
2026-05-04 15:05:00+05:30,1268.8,1269.9,1268.1,1269.3,13459,0
2026-05-04 15:10:00+05:30,1268.9,1269.2,1267.1,1268.3,17911,0
2026-05-04 15:15:00+05:30,1268.3,1268.5,1265.9,1266.6,31123,0
2026-05-04 15:20:00+05:30,1267.0,1267.4,1265.0,1265.1,41465,0
2026-05-04 15:25:00+05:30,1265.1,1267.0,1262.0,1266.4,73151,0
2026-05-05 09:15:00+05:30,1260.5,1264.9,1257.4,1263.3,31608,0
2026-05-05 09:20:00+05:30,1263.0,1263.3,1259.0,1259.6,17961,0
2026-05-05 09:25:00+05:30,1260.1,1260.2,1256.0,1256.5,15656,0
2026-05-05 09:30:00+05:30,1256.6,1259.3,1256.2,1256.9,5299,0
2026-05-05 09:35:00+05:30,1256.8,1259.4,1254.3,1254.3,18505,0
2026-05-05 09:40:00+05:30,1255.0,1258.0,1253.6,1257.1,17651,0
2026-05-05 09:45:00+05:30,1257.1,1260.0,1256.8,1257.9,16180,0
2026-05-05 09:50:00+05:30,1258.5,1261.8,1256.3,1258.8,9968,0
2026-05-05 09:55:00+05:30,1258.8,1261.6,1258.2,1258.9,17947,0
2026-05-05 10:00:00+05:30,1259.6,1260.1,1255.4,1256.4,11937,0
2026-05-05 10:05:00+05:30,1256.4,1256.6,1254.3,1255.6,9047,0
2026-05-05 10:10:00+05:30,1255.0,1255.9,1254.1,1255.0,6968,0
2026-05-05 10:15:00+05:30,1255.4,1258.0,1253.9,1257.2,67009,0
2026-05-05 10:20:00+05:30,1257.8,1259.5,1257.5,1259.0,6860,0
2026-05-05 10:25:00+05:30,1258.9,1259.1,1256.9,1258.0,9602,0
2026-05-05 10:30:00+05:30,1257.4,1258.6,1256.6,1257.4,4419,0
2026-05-05 10:35:00+05:30,1258.0,1259.2,1256.8,1258.0,7130,0
2026-05-05 10:40:00+05:30,1258.7,1261.4,1257.1,1260.6,12505,0
2026-05-05 10:45:00+05:30,1260.7,1260.7,1258.4,1259.8,10933,0
2026-05-05 10:50:00+05:30,1259.8,1260.5,1258.2,1258.6,5354,0
2026-05-05 10:55:00+05:30,1258.6,1258.6,1257.1,1258.0,8749,0
2026-05-05 11:00:00+05:30,1257.9,1258.3,1257.0,1258.0,9130,0
2026-05-05 11:05:00+05:30,1257.6,1259.1,1256.6,1256.7,12298,0
2026-05-05 11:10:00+05:30,1256.7,1259.8,1256.7,1257.4,16816,0
2026-05-05 11:15:00+05:30,1257.8,1259.0,1256.7,1257.5,15691,0
2026-05-05 11:20:00+05:30,1257.0,1258.3,1253.7,1253.7,33496,0
2026-05-05 11:25:00+05:30,1254.2,1254.6,1253.7,1253.7,10891,0
2026-05-05 11:30:00+05:30,1254.1,1255.4,1253.5,1254.6,15364,0
2026-05-05 11:35:00+05:30,1254.7,1256.5,1253.5,1253.5,12647,0
2026-05-05 11:40:00+05:30,1254.1,1254.1,1250.0,1250.0,87126,0
2026-05-05 11:45:00+05:30,1250.1,1250.1,1247.5,1248.3,26720,0
2026-05-05 11:50:00+05:30,1248.7,1249.1,1246.7,1247.1,11641,0
2026-05-05 11:55:00+05:30,1247.0,1247.9,1245.8,1246.4,18118,0
2026-05-05 12:00:00+05:30,1246.6,1249.0,1246.2,1248.1,9442,0
2026-05-05 12:05:00+05:30,1248.6,1249.6,1248.1,1248.2,8287,0
2026-05-05 12:10:00+05:30,1248.8,1253.0,1248.8,1252.6,52107,0
2026-05-05 12:15:00+05:30,1252.6,1256.9,1252.3,1255.6,71758,0
2026-05-05 12:20:00+05:30,1256.0,1257.0,1255.1,1255.8,13115,0
2026-05-05 12:25:00+05:30,1255.8,1258.2,1253.8,1254.0,37211,0
2026-05-05 12:30:00+05:30,1254.5,1256.0,1253.0,1254.8,66857,0
2026-05-05 12:35:00+05:30,1254.6,1256.7,1253.2,1254.5,63630,0
2026-05-05 12:40:00+05:30,1255.0,1256.5,1253.5,1254.2,19520,0
2026-05-05 12:45:00+05:30,1254.7,1255.7,1254.0,1254.9,14323,0
2026-05-05 12:50:00+05:30,1255.1,1257.3,1254.6,1256.1,15566,0
2026-05-05 12:55:00+05:30,1256.1,1256.8,1254.5,1255.0,13494,0
2026-05-05 13:00:00+05:30,1255.0,1256.9,1253.0,1256.8,16379,0
2026-05-05 13:05:00+05:30,1256.9,1260.6,1256.1,1257.9,29385,0
2026-05-05 13:10:00+05:30,1257.9,1259.1,1254.6,1256.0,32103,0
2026-05-05 13:15:00+05:30,1256.0,1257.9,1255.3,1256.2,16640,0
2026-05-05 13:20:00+05:30,1256.2,1257.2,1254.7,1256.1,9485,0
2026-05-05 13:25:00+05:30,1256.1,1256.4,1254.9,1255.3,11333,0
2026-05-05 13:30:00+05:30,1255.8,1256.3,1254.2,1254.4,10701,0
2026-05-05 13:35:00+05:30,1254.9,1256.3,1254.5,1255.4,9952,0
2026-05-05 13:40:00+05:30,1255.4,1256.6,1254.9,1255.8,11789,0
2026-05-05 13:45:00+05:30,1255.6,1256.3,1254.2,1254.7,11363,0
2026-05-05 13:50:00+05:30,1254.7,1254.9,1252.1,1253.0,20010,0
2026-05-05 13:55:00+05:30,1253.6,1255.3,1253.0,1254.3,11151,0
2026-05-05 14:00:00+05:30,1254.4,1255.2,1253.6,1254.2,8661,0
2026-05-05 14:05:00+05:30,1254.2,1254.2,1252.5,1252.5,8107,0
2026-05-05 14:10:00+05:30,1252.7,1253.7,1251.9,1252.9,14790,0
2026-05-05 14:15:00+05:30,1253.4,1255.5,1252.9,1255.0,10255,0
2026-05-05 14:20:00+05:30,1255.1,1255.5,1253.8,1254.5,10899,0
2026-05-05 14:25:00+05:30,1254.9,1255.9,1253.8,1255.9,10875,0
2026-05-05 14:30:00+05:30,1255.6,1257.0,1253.8,1256.6,18751,0
2026-05-05 14:35:00+05:30,1256.3,1256.6,1252.5,1254.4,10149,0
2026-05-05 14:40:00+05:30,1254.4,1254.9,1253.0,1253.9,8116,0
2026-05-05 14:45:00+05:30,1253.9,1254.2,1251.2,1253.8,19010,0
2026-05-05 14:50:00+05:30,1253.8,1254.3,1251.5,1253.6,13791,0
2026-05-05 14:55:00+05:30,1253.6,1253.9,1250.8,1251.7,30103,0
2026-05-05 15:00:00+05:30,1251.5,1252.7,1250.2,1252.2,19831,0
2026-05-05 15:05:00+05:30,1252.2,1253.4,1251.4,1252.6,21741,0
2026-05-05 15:10:00+05:30,1252.4,1254.0,1251.7,1253.7,15149,0
2026-05-05 15:15:00+05:30,1253.4,1253.9,1252.1,1253.0,21619,0
2026-05-05 15:20:00+05:30,1252.8,1253.8,1251.2,1251.9,47992,0
2026-05-05 15:25:00+05:30,1251.7,1254.0,1251.2,1252.0,24926,0
2026-05-06 09:15:00+05:30,1262.5,1269.7,1258.7,1262.0,47025,0
2026-05-06 09:20:00+05:30,1262.5,1262.6,1256.6,1260.1,17274,0
2026-05-06 09:25:00+05:30,1260.3,1262.5,1258.0,1258.3,35911,0
2026-05-06 09:30:00+05:30,1258.3,1260.8,1257.6,1258.7,18845,0
2026-05-06 09:35:00+05:30,1258.7,1260.0,1258.2,1259.4,3672,0
2026-05-06 09:40:00+05:30,1259.4,1261.8,1258.3,1259.9,30669,0
2026-05-06 09:45:00+05:30,1259.9,1262.8,1259.9,1261.8,13681,0
2026-05-06 09:50:00+05:30,1262.2,1262.2,1259.7,1260.2,8323,0
2026-05-06 09:55:00+05:30,1260.8,1261.4,1260.1,1260.1,6253,0
2026-05-06 10:00:00+05:30,1260.8,1261.0,1260.0,1260.0,3551,0
2026-05-06 10:05:00+05:30,1260.5,1260.9,1259.0,1260.0,6812,0
2026-05-06 10:10:00+05:30,1260.0,1260.3,1259.3,1260.0,2185,0
2026-05-06 10:15:00+05:30,1260.0,1261.8,1259.6,1261.2,4840,0
2026-05-06 10:20:00+05:30,1261.5,1262.9,1261.1,1261.7,3533,0
2026-05-06 10:25:00+05:30,1262.2,1262.2,1261.3,1262.0,4581,0
2026-05-06 10:30:00+05:30,1262.0,1263.1,1260.6,1261.8,6573,0
2026-05-06 10:35:00+05:30,1262.2,1262.3,1260.8,1260.9,3931,0
2026-05-06 10:40:00+05:30,1261.5,1261.5,1258.0,1260.0,7158,0
2026-05-06 10:45:00+05:30,1260.0,1260.7,1258.9,1259.9,3640,0
2026-05-06 10:50:00+05:30,1259.9,1260.0,1257.7,1259.8,5284,0
2026-05-06 10:55:00+05:30,1259.7,1261.8,1259.0,1260.2,14249,0
2026-05-06 11:00:00+05:30,1260.7,1261.7,1260.0,1260.2,3607,0
2026-05-06 11:05:00+05:30,1260.8,1261.5,1260.4,1260.5,5217,0
2026-05-06 11:10:00+05:30,1261.0,1261.0,1255.1,1256.8,9354,0
2026-05-06 11:15:00+05:30,1256.8,1257.3,1254.4,1255.1,6430,0
2026-05-06 11:20:00+05:30,1255.1,1255.7,1253.0,1255.2,6673,0
2026-05-06 11:25:00+05:30,1255.2,1257.6,1255.1,1257.6,3656,0
2026-05-06 11:30:00+05:30,1257.6,1258.2,1257.2,1257.9,3820,0
2026-05-06 11:35:00+05:30,1257.9,1258.0,1256.0,1257.7,2698,0
2026-05-06 11:40:00+05:30,1258.0,1260.1,1257.6,1258.8,7889,0
2026-05-06 11:45:00+05:30,1258.8,1259.8,1258.2,1259.6,1952,0
2026-05-06 11:50:00+05:30,1259.7,1260.8,1259.3,1260.0,10411,0
2026-05-06 11:55:00+05:30,1260.2,1261.1,1259.7,1260.4,3731,0
2026-05-06 12:00:00+05:30,1261.0,1261.0,1259.4,1260.4,2516,0
2026-05-06 12:05:00+05:30,1260.6,1260.6,1259.0,1260.0,2439,0
2026-05-06 12:10:00+05:30,1260.0,1264.4,1259.4,1263.2,8349,0
2026-05-06 12:15:00+05:30,1263.7,1264.0,1261.1,1261.4,4408,0
2026-05-06 12:20:00+05:30,1261.8,1261.8,1259.6,1259.6,6157,0
2026-05-06 12:25:00+05:30,1260.2,1261.9,1259.8,1260.8,3992,0
2026-05-06 12:30:00+05:30,1261.4,1262.0,1260.3,1261.6,4980,0
2026-05-06 12:35:00+05:30,1262.0,1262.5,1258.4,1259.0,9643,0
2026-05-06 12:40:00+05:30,1259.0,1259.1,1255.8,1256.8,7093,0
2026-05-06 12:45:00+05:30,1256.8,1257.5,1255.9,1257.4,5075,0
2026-05-06 12:50:00+05:30,1257.4,1257.6,1256.4,1257.5,3191,0
2026-05-06 12:55:00+05:30,1257.5,1257.7,1256.4,1257.3,3183,0
2026-05-06 13:00:00+05:30,1257.3,1257.9,1256.0,1257.0,3895,0
2026-05-06 13:05:00+05:30,1257.0,1260.0,1257.0,1260.0,3829,0
2026-05-06 13:10:00+05:30,1260.0,1260.3,1259.7,1260.0,1747,0
2026-05-06 13:15:00+05:30,1260.0,1263.5,1259.7,1263.0,12238,0
2026-05-06 13:20:00+05:30,1263.5,1264.9,1261.6,1264.0,11454,0
2026-05-06 13:25:00+05:30,1264.4,1264.9,1262.7,1263.5,4888,0
2026-05-06 13:30:00+05:30,1264.0,1265.7,1263.5,1264.4,9543,0
2026-05-06 13:35:00+05:30,1264.9,1269.7,1264.9,1269.0,24329,0
2026-05-06 13:40:00+05:30,1269.5,1270.9,1268.7,1270.9,24298,0
2026-05-06 13:45:00+05:30,1270.8,1271.0,1269.7,1270.2,7908,0
2026-05-06 13:50:00+05:30,1270.8,1270.8,1270.0,1270.5,5010,0
2026-05-06 13:55:00+05:30,1270.7,1270.7,1269.1,1269.7,6742,0
2026-05-06 14:00:00+05:30,1269.6,1270.0,1266.2,1267.6,8311,0
2026-05-06 14:05:00+05:30,1267.5,1268.3,1266.6,1268.1,4186,0
2026-05-06 14:10:00+05:30,1268.1,1273.2,1268.1,1272.7,50774,0
2026-05-06 14:15:00+05:30,1273.1,1273.5,1269.2,1269.8,5811,0
2026-05-06 14:20:00+05:30,1269.8,1274.5,1269.2,1271.1,41573,0
2026-05-06 14:25:00+05:30,1271.1,1274.9,1271.0,1273.2,39157,0
2026-05-06 14:30:00+05:30,1273.2,1275.1,1272.5,1273.2,14041,0
2026-05-06 14:35:00+05:30,1273.6,1275.0,1270.7,1274.0,19580,0
2026-05-06 14:40:00+05:30,1274.3,1276.5,1274.1,1275.9,93731,0
2026-05-06 14:45:00+05:30,1276.3,1278.0,1275.8,1277.8,13448,0
2026-05-06 14:50:00+05:30,1277.7,1278.6,1275.5,1276.3,16053,0
2026-05-06 14:55:00+05:30,1276.3,1276.3,1274.1,1275.2,10835,0
2026-05-06 15:00:00+05:30,1275.2,1275.4,1273.0,1274.3,21527,0
2026-05-06 15:05:00+05:30,1274.3,1275.9,1272.6,1274.0,19846,0
2026-05-06 15:10:00+05:30,1274.1,1275.1,1272.3,1272.9,40699,0
2026-05-06 15:15:00+05:30,1272.9,1273.9,1270.3,1272.9,24281,0
2026-05-06 15:20:00+05:30,1272.9,1273.6,1270.6,1272.9,33630,0
2026-05-06 15:25:00+05:30,1272.9,1275.2,1270.0,1270.0,40358,0
2026-05-07 09:15:00+05:30,1272.1,1279.4,1268.6,1270.5,39870,0
2026-05-07 09:20:00+05:30,1270.6,1278.4,1269.0,1274.7,25544,0
2026-05-07 09:25:00+05:30,1275.0,1277.3,1273.4,1275.9,25958,0
2026-05-07 09:30:00+05:30,1275.6,1278.9,1274.0,1277.5,32016,0
2026-05-07 09:35:00+05:30,1277.9,1279.0,1275.1,1276.5,39068,0
2026-05-07 09:40:00+05:30,1276.5,1282.0,1276.0,1281.7,40174,0
2026-05-07 09:45:00+05:30,1281.6,1284.7,1280.0,1280.0,50221,0
2026-05-07 09:50:00+05:30,1280.4,1281.0,1278.4,1279.1,34436,0
2026-05-07 09:55:00+05:30,1279.1,1280.0,1277.4,1277.8,28191,0
2026-05-07 10:00:00+05:30,1278.4,1281.0,1277.2,1279.6,22827,0
2026-05-07 10:05:00+05:30,1280.2,1281.4,1275.0,1276.6,33116,0
2026-05-07 10:10:00+05:30,1276.4,1278.2,1275.5,1276.8,22886,0
2026-05-07 10:15:00+05:30,1276.8,1279.9,1272.7,1274.0,49592,0
2026-05-07 10:20:00+05:30,1274.2,1274.9,1271.2,1274.9,31476,0
2026-05-07 10:25:00+05:30,1274.9,1279.9,1274.0,1279.2,17123,0
2026-05-07 10:30:00+05:30,1279.2,1282.9,1278.4,1282.0,14318,0
2026-05-07 10:35:00+05:30,1282.0,1282.8,1281.6,1282.4,15592,0
2026-05-07 10:40:00+05:30,1282.4,1282.4,1279.2,1281.4,23280,0
2026-05-07 10:45:00+05:30,1281.4,1282.8,1280.9,1282.1,5850,0
2026-05-07 10:50:00+05:30,1282.0,1282.1,1280.0,1281.4,4701,0
2026-05-07 10:55:00+05:30,1281.4,1282.4,1280.1,1281.2,10608,0
2026-05-07 11:00:00+05:30,1281.3,1282.0,1278.6,1279.7,6487,0
2026-05-07 11:05:00+05:30,1279.7,1281.1,1279.1,1279.7,4364,0
2026-05-07 11:10:00+05:30,1279.8,1282.5,1278.5,1282.5,10727,0
2026-05-07 11:15:00+05:30,1282.5,1284.0,1282.5,1283.0,7522,0
2026-05-07 11:20:00+05:30,1283.0,1283.6,1281.6,1282.2,5801,0
2026-05-07 11:25:00+05:30,1282.4,1284.5,1281.6,1284.4,15595,0
2026-05-07 11:30:00+05:30,1284.5,1287.6,1284.1,1284.5,43203,0
2026-05-07 11:35:00+05:30,1284.5,1284.7,1280.1,1280.3,6971,0
2026-05-07 11:40:00+05:30,1280.3,1283.4,1279.8,1283.0,16926,0
2026-05-07 11:45:00+05:30,1282.7,1284.4,1282.3,1284.4,28463,0
2026-05-07 11:50:00+05:30,1284.4,1287.0,1284.2,1286.7,18490,0
2026-05-07 11:55:00+05:30,1286.7,1290.0,1286.7,1289.7,50278,0
2026-05-07 12:00:00+05:30,1289.3,1290.9,1288.4,1290.7,21354,0
2026-05-07 12:05:00+05:30,1290.8,1293.4,1289.4,1291.8,67533,0
2026-05-07 12:10:00+05:30,1292.1,1293.6,1289.6,1291.3,69918,0
2026-05-07 12:15:00+05:30,1291.3,1292.9,1289.0,1289.8,16014,0
2026-05-07 12:20:00+05:30,1289.9,1290.3,1288.4,1289.5,25696,0
2026-05-07 12:25:00+05:30,1289.0,1292.0,1288.6,1289.4,39661,0
2026-05-07 12:30:00+05:30,1289.8,1290.0,1287.1,1288.5,29511,0
2026-05-07 12:35:00+05:30,1288.5,1291.8,1287.7,1290.7,12075,0
2026-05-07 12:40:00+05:30,1291.4,1292.4,1290.1,1290.6,13705,0
2026-05-07 12:45:00+05:30,1290.4,1291.5,1289.1,1290.2,21689,0
2026-05-07 12:50:00+05:30,1290.7,1291.1,1284.4,1285.4,47574,0
2026-05-07 12:55:00+05:30,1285.4,1285.9,1280.6,1283.7,16475,0
2026-05-07 13:00:00+05:30,1283.9,1284.2,1281.2,1281.5,6604,0
2026-05-07 13:05:00+05:30,1281.5,1282.9,1281.2,1282.0,4760,0
2026-05-07 13:10:00+05:30,1282.1,1282.1,1280.0,1281.5,9865,0
2026-05-07 13:15:00+05:30,1281.5,1281.9,1276.2,1279.0,14900,0
2026-05-07 13:20:00+05:30,1278.9,1280.0,1278.1,1278.5,5582,0
2026-05-07 13:25:00+05:30,1278.5,1280.1,1278.5,1279.7,6329,0
2026-05-07 13:30:00+05:30,1279.7,1281.7,1279.7,1281.2,4627,0
2026-05-07 13:35:00+05:30,1281.2,1282.2,1279.3,1279.6,5135,0
2026-05-07 13:40:00+05:30,1279.6,1280.4,1279.1,1279.8,4731,0
2026-05-07 13:45:00+05:30,1279.4,1279.9,1278.4,1278.9,3619,0
2026-05-07 13:50:00+05:30,1278.9,1279.7,1278.6,1279.7,4378,0
2026-05-07 13:55:00+05:30,1279.7,1280.3,1278.0,1280.2,7679,0
2026-05-07 14:00:00+05:30,1280.1,1280.2,1278.3,1278.7,3238,0
2026-05-07 14:05:00+05:30,1278.7,1281.5,1277.2,1280.7,19456,0
2026-05-07 14:10:00+05:30,1280.7,1282.9,1280.7,1282.7,9416,0
2026-05-07 14:15:00+05:30,1282.4,1282.5,1280.1,1281.8,12235,0
2026-05-07 14:20:00+05:30,1282.0,1282.5,1280.4,1282.2,24457,0
2026-05-07 14:25:00+05:30,1282.3,1283.0,1280.8,1282.9,17245,0
2026-05-07 14:30:00+05:30,1282.9,1283.5,1280.7,1282.3,24773,0
2026-05-07 14:35:00+05:30,1282.3,1283.9,1281.9,1282.7,15869,0
2026-05-07 14:40:00+05:30,1282.6,1284.6,1282.1,1284.2,18837,0
2026-05-07 14:45:00+05:30,1284.0,1284.9,1281.3,1282.7,22494,0
2026-05-07 14:50:00+05:30,1282.7,1282.9,1281.8,1282.5,6715,0
2026-05-07 14:55:00+05:30,1282.3,1283.0,1281.7,1282.5,10307,0
2026-05-07 15:00:00+05:30,1282.1,1282.9,1280.5,1281.3,40872,0
2026-05-07 15:05:00+05:30,1281.1,1282.4,1281.0,1281.8,36049,0
2026-05-07 15:10:00+05:30,1281.8,1282.0,1280.4,1281.0,46675,0
2026-05-07 15:15:00+05:30,1281.3,1283.7,1281.0,1282.8,56339,0
2026-05-07 15:20:00+05:30,1283.0,1287.9,1282.7,1285.3,113598,0
2026-05-07 15:25:00+05:30,1285.4,1286.7,1280.0,1280.4,53422,0
2026-05-08 09:15:00+05:30,1283.4,1284.9,1275.6,1276.4,63674,0
2026-05-08 09:20:00+05:30,1276.3,1278.6,1271.0,1271.0,26918,0
2026-05-08 09:25:00+05:30,1270.9,1274.4,1270.0,1274.4,26346,0
2026-05-08 09:30:00+05:30,1274.3,1274.3,1270.5,1272.0,13814,0
2026-05-08 09:35:00+05:30,1272.5,1272.5,1269.6,1270.2,9384,0
2026-05-08 09:40:00+05:30,1270.0,1270.2,1268.2,1268.7,13621,0
2026-05-08 09:45:00+05:30,1268.7,1269.5,1266.8,1269.0,13348,0
2026-05-08 09:50:00+05:30,1269.2,1271.4,1268.1,1271.0,8817,0
2026-05-08 09:55:00+05:30,1271.2,1271.4,1269.3,1271.0,6382,0
2026-05-08 10:00:00+05:30,1271.1,1273.5,1270.1,1271.8,12990,0
2026-05-08 10:05:00+05:30,1272.0,1272.1,1271.5,1271.6,3793,0
2026-05-08 10:10:00+05:30,1271.9,1271.9,1269.5,1271.4,6564,0
2026-05-08 10:15:00+05:30,1271.4,1271.7,1269.2,1270.0,5199,0
2026-05-08 10:20:00+05:30,1270.0,1272.6,1269.8,1272.1,4646,0
2026-05-08 10:25:00+05:30,1272.5,1274.0,1272.0,1273.7,6358,0
2026-05-08 10:30:00+05:30,1273.7,1274.7,1273.1,1274.0,5707,0
2026-05-08 10:35:00+05:30,1274.0,1274.0,1272.5,1274.0,4158,0
2026-05-08 10:40:00+05:30,1274.4,1277.9,1273.7,1276.4,8868,0
2026-05-08 10:45:00+05:30,1276.4,1278.5,1275.7,1276.9,7645,0
2026-05-08 10:50:00+05:30,1276.8,1277.0,1275.0,1275.9,5593,0
2026-05-08 10:55:00+05:30,1275.9,1277.5,1275.3,1275.6,6201,0
2026-05-08 11:00:00+05:30,1275.8,1277.9,1275.2,1277.2,5364,0
2026-05-08 11:05:00+05:30,1277.7,1278.6,1276.9,1276.9,3995,0
2026-05-08 11:10:00+05:30,1277.3,1278.5,1276.9,1278.0,4091,0
2026-05-08 11:15:00+05:30,1278.2,1278.5,1276.1,1276.1,4382,0
2026-05-08 11:20:00+05:30,1276.5,1277.3,1275.4,1276.7,3978,0
2026-05-08 11:25:00+05:30,1276.6,1277.4,1275.9,1276.5,3249,0
2026-05-08 11:30:00+05:30,1276.9,1278.5,1276.2,1278.0,3846,0
2026-05-08 11:35:00+05:30,1278.1,1278.9,1277.1,1277.8,5538,0
2026-05-08 11:40:00+05:30,1278.2,1279.9,1277.8,1278.7,4229,0
2026-05-08 11:45:00+05:30,1278.6,1279.9,1278.1,1278.6,4811,0
2026-05-08 11:50:00+05:30,1278.6,1279.0,1277.8,1277.8,6199,0
2026-05-08 11:55:00+05:30,1278.2,1278.2,1275.9,1276.9,7282,0
2026-05-08 12:00:00+05:30,1277.0,1278.7,1276.1,1278.5,5514,0
2026-05-08 12:05:00+05:30,1278.4,1280.3,1277.7,1278.6,34152,0
2026-05-08 12:10:00+05:30,1278.4,1279.8,1278.2,1278.8,6746,0
2026-05-08 12:15:00+05:30,1279.0,1279.0,1276.8,1277.1,5369,0
2026-05-08 12:20:00+05:30,1277.5,1278.9,1277.2,1277.6,3189,0
2026-05-08 12:25:00+05:30,1278.0,1279.4,1277.8,1278.8,7646,0
2026-05-08 12:30:00+05:30,1278.7,1278.8,1276.6,1277.2,3850,0
2026-05-08 12:35:00+05:30,1277.2,1277.9,1275.0,1276.3,9669,0
2026-05-08 12:40:00+05:30,1276.6,1276.9,1275.0,1275.0,3260,0
2026-05-08 12:45:00+05:30,1275.0,1275.8,1273.7,1275.7,5420,0
2026-05-08 12:50:00+05:30,1275.7,1276.5,1274.4,1274.8,3731,0
2026-05-08 12:55:00+05:30,1274.7,1276.0,1273.9,1275.1,3051,0
2026-05-08 13:00:00+05:30,1275.6,1276.0,1275.0,1275.3,2003,0
2026-05-08 13:05:00+05:30,1275.8,1276.3,1275.0,1275.5,2795,0
2026-05-08 13:10:00+05:30,1276.3,1276.8,1275.4,1276.0,2122,0
2026-05-08 13:15:00+05:30,1276.4,1277.0,1275.2,1276.0,3580,0
2026-05-08 13:20:00+05:30,1276.2,1276.9,1275.9,1276.9,2364,0
2026-05-08 13:25:00+05:30,1277.2,1279.0,1276.3,1276.5,14515,0
2026-05-08 13:30:00+05:30,1276.7,1277.1,1272.3,1273.0,16995,0
2026-05-08 13:35:00+05:30,1273.3,1273.3,1271.3,1272.0,4077,0
2026-05-08 13:40:00+05:30,1272.3,1273.5,1271.7,1272.9,2651,0
2026-05-08 13:45:00+05:30,1272.9,1273.0,1272.2,1272.2,3826,0
2026-05-08 13:50:00+05:30,1272.7,1272.7,1270.3,1272.2,11367,0
2026-05-08 13:55:00+05:30,1272.0,1272.9,1269.6,1270.7,20459,0
2026-05-08 14:00:00+05:30,1270.6,1272.8,1270.4,1271.8,5013,0
2026-05-08 14:05:00+05:30,1272.3,1274.5,1271.9,1274.5,4690,0
2026-05-08 14:10:00+05:30,1274.5,1274.5,1272.8,1273.7,5939,0
2026-05-08 14:15:00+05:30,1273.7,1274.1,1273.0,1273.1,4806,0
2026-05-08 14:20:00+05:30,1273.6,1274.1,1272.1,1272.8,3590,0
2026-05-08 14:25:00+05:30,1272.8,1276.6,1272.2,1276.2,12807,0
2026-05-08 14:30:00+05:30,1276.2,1279.8,1276.0,1279.0,10992,0
2026-05-08 14:35:00+05:30,1279.2,1283.0,1278.4,1281.9,22365,0
2026-05-08 14:40:00+05:30,1282.4,1284.0,1281.7,1284.0,29571,0
2026-05-08 14:45:00+05:30,1284.0,1284.1,1281.7,1282.7,18364,0
2026-05-08 14:50:00+05:30,1282.6,1283.0,1281.1,1282.0,15676,0
2026-05-08 14:55:00+05:30,1282.3,1283.0,1278.8,1279.9,21411,0
2026-05-08 15:00:00+05:30,1280.3,1280.7,1278.0,1279.6,29443,0
2026-05-08 15:05:00+05:30,1279.4,1280.9,1278.0,1278.5,19443,0
2026-05-08 15:10:00+05:30,1278.4,1280.0,1277.5,1278.7,19261,0
2026-05-08 15:15:00+05:30,1278.3,1280.5,1276.0,1277.4,36956,0
2026-05-08 15:20:00+05:30,1277.0,1277.8,1276.1,1277.2,20883,0
2026-05-08 15:25:00+05:30,1276.9,1277.5,1272.0,1277.0,35287,0
2026-05-11 09:15:00+05:30,1276.0,1282.2,1271.9,1275.6,37690,0
2026-05-11 09:20:00+05:30,1274.6,1276.3,1270.0,1274.8,24750,0
2026-05-11 09:25:00+05:30,1274.8,1275.0,1270.1,1272.3,18750,0
2026-05-11 09:30:00+05:30,1272.3,1275.9,1271.6,1273.7,12109,0
2026-05-11 09:35:00+05:30,1273.7,1273.7,1267.6,1269.1,17757,0
2026-05-11 09:40:00+05:30,1269.3,1271.6,1268.2,1269.7,10476,0
2026-05-11 09:45:00+05:30,1270.0,1270.5,1265.5,1268.1,19071,0
2026-05-11 09:50:00+05:30,1268.1,1273.2,1266.1,1271.4,37340,0
2026-05-11 09:55:00+05:30,1271.9,1274.2,1271.0,1272.6,18368,0
2026-05-11 10:00:00+05:30,1272.7,1274.9,1272.0,1274.7,7893,0
2026-05-11 10:05:00+05:30,1274.7,1275.4,1273.3,1274.7,5448,0
2026-05-11 10:10:00+05:30,1274.7,1274.8,1272.2,1272.6,6715,0
2026-05-11 10:15:00+05:30,1272.6,1274.6,1270.9,1271.9,7991,0
2026-05-11 10:20:00+05:30,1271.7,1273.9,1270.6,1273.7,7805,0
2026-05-11 10:25:00+05:30,1273.7,1273.7,1271.4,1272.2,4140,0
2026-05-11 10:30:00+05:30,1272.1,1272.9,1270.0,1270.5,25202,0
2026-05-11 10:35:00+05:30,1270.5,1272.0,1270.0,1272.0,3338,0
2026-05-11 10:40:00+05:30,1272.0,1272.1,1270.3,1271.8,3333,0
2026-05-11 10:45:00+05:30,1271.8,1272.8,1270.3,1272.3,3079,0
2026-05-11 10:50:00+05:30,1272.3,1273.9,1271.4,1273.9,2846,0
2026-05-11 10:55:00+05:30,1273.9,1275.0,1272.6,1273.5,7263,0
2026-05-11 11:00:00+05:30,1273.5,1273.9,1272.0,1272.4,2484,0
2026-05-11 11:05:00+05:30,1272.4,1272.7,1270.3,1270.9,2500,0
2026-05-11 11:10:00+05:30,1270.9,1272.9,1270.8,1272.2,3205,0
2026-05-11 11:15:00+05:30,1272.2,1272.6,1271.4,1272.2,1260,0
2026-05-11 11:20:00+05:30,1272.2,1274.0,1271.7,1273.5,2683,0
2026-05-11 11:25:00+05:30,1273.3,1276.0,1271.5,1274.5,17363,0
2026-05-11 11:30:00+05:30,1274.5,1275.5,1272.0,1272.6,7959,0
2026-05-11 11:35:00+05:30,1273.2,1273.3,1271.5,1272.2,4948,0
2026-05-11 11:40:00+05:30,1272.2,1274.7,1271.6,1273.5,4886,0
2026-05-11 11:45:00+05:30,1273.5,1273.5,1270.4,1271.0,26808,0
2026-05-11 11:50:00+05:30,1271.0,1272.4,1270.1,1271.9,3006,0
2026-05-11 11:55:00+05:30,1271.9,1271.9,1270.3,1270.7,2601,0
2026-05-11 12:00:00+05:30,1271.0,1271.7,1269.0,1269.0,5527,0
2026-05-11 12:05:00+05:30,1269.6,1270.1,1267.7,1269.9,10376,0
2026-05-11 12:10:00+05:30,1269.7,1270.9,1268.9,1270.0,4260,0
2026-05-11 12:15:00+05:30,1270.0,1270.2,1267.9,1269.1,3213,0
2026-05-11 12:20:00+05:30,1269.1,1272.3,1268.0,1272.3,19986,0
2026-05-11 12:25:00+05:30,1272.3,1272.6,1271.1,1272.0,4423,0
2026-05-11 12:30:00+05:30,1272.0,1272.4,1270.4,1272.0,4196,0
2026-05-11 12:35:00+05:30,1272.0,1273.8,1269.5,1271.0,7377,0
2026-05-11 12:40:00+05:30,1271.3,1275.0,1270.9,1274.8,5976,0
2026-05-11 12:45:00+05:30,1274.7,1275.0,1272.6,1273.8,7242,0
2026-05-11 12:50:00+05:30,1273.8,1274.0,1272.2,1273.5,4334,0
2026-05-11 12:55:00+05:30,1273.4,1274.0,1272.9,1273.2,3681,0
2026-05-11 13:00:00+05:30,1273.2,1273.8,1271.6,1272.0,6289,0
2026-05-11 13:05:00+05:30,1272.6,1272.9,1269.0,1271.5,7335,0
2026-05-11 13:10:00+05:30,1271.7,1273.2,1271.1,1272.4,5305,0
2026-05-11 13:15:00+05:30,1273.1,1273.2,1270.8,1271.2,4509,0
2026-05-11 13:20:00+05:30,1272.0,1273.1,1271.6,1272.3,5084,0
2026-05-11 13:25:00+05:30,1272.8,1274.0,1271.8,1273.7,6370,0
2026-05-11 13:30:00+05:30,1273.7,1274.2,1273.1,1274.2,5305,0
2026-05-11 13:35:00+05:30,1274.0,1277.0,1273.5,1273.6,26258,0
2026-05-11 13:40:00+05:30,1273.6,1275.4,1273.0,1275.3,5023,0
2026-05-11 13:45:00+05:30,1275.3,1276.6,1274.8,1275.1,5754,0
2026-05-11 13:50:00+05:30,1275.6,1276.4,1274.3,1275.8,4685,0
2026-05-11 13:55:00+05:30,1276.0,1276.2,1273.6,1274.4,9344,0
2026-05-11 14:00:00+05:30,1274.8,1275.9,1273.7,1275.2,7241,0
2026-05-11 14:05:00+05:30,1275.4,1276.0,1274.5,1275.9,4607,0
2026-05-11 14:10:00+05:30,1275.9,1276.6,1273.1,1273.1,7040,0
2026-05-11 14:15:00+05:30,1273.8,1275.0,1271.7,1272.5,8640,0
2026-05-11 14:20:00+05:30,1272.5,1273.5,1272.2,1272.2,5409,0
2026-05-11 14:25:00+05:30,1271.8,1274.6,1271.5,1273.0,9332,0
2026-05-11 14:30:00+05:30,1273.1,1276.0,1272.2,1276.0,83329,0
2026-05-11 14:35:00+05:30,1276.2,1277.5,1272.0,1272.5,49914,0
2026-05-11 14:40:00+05:30,1272.8,1273.2,1270.2,1270.2,29951,0
2026-05-11 14:45:00+05:30,1270.3,1270.9,1266.1,1266.8,53051,0
2026-05-11 14:50:00+05:30,1267.2,1268.3,1265.4,1265.5,35139,0
2026-05-11 14:55:00+05:30,1265.9,1265.9,1264.0,1264.7,24230,0
2026-05-11 15:00:00+05:30,1264.7,1264.8,1261.1,1262.6,65121,0
2026-05-11 15:05:00+05:30,1262.5,1265.0,1262.4,1264.9,21652,0
2026-05-11 15:10:00+05:30,1264.9,1265.0,1262.5,1263.1,13215,0
2026-05-11 15:15:00+05:30,1263.2,1264.2,1262.0,1263.0,16168,0
2026-05-11 15:20:00+05:30,1262.7,1263.0,1259.3,1261.5,33752,0
2026-05-11 15:25:00+05:30,1261.2,1262.7,1258.6,1259.3,23125,0
2026-05-12 09:15:00+05:30,1262.0,1268.6,1258.5,1261.5,30978,0
2026-05-12 09:20:00+05:30,1261.5,1261.6,1257.1,1258.5,21818,0
2026-05-12 09:25:00+05:30,1258.6,1258.8,1252.2,1253.2,29411,0
2026-05-12 09:30:00+05:30,1253.2,1258.4,1251.7,1256.9,28062,0
2026-05-12 09:35:00+05:30,1257.5,1259.2,1255.0,1255.9,13227,0
2026-05-12 09:40:00+05:30,1255.9,1258.3,1255.3,1258.0,7698,0
2026-05-12 09:45:00+05:30,1257.9,1259.7,1255.9,1257.0,13841,0
2026-05-12 09:50:00+05:30,1257.0,1257.1,1254.2,1255.8,11509,0
2026-05-12 09:55:00+05:30,1255.9,1256.0,1252.5,1253.8,8698,0
2026-05-12 10:00:00+05:30,1253.7,1255.0,1252.6,1254.4,4889,0
2026-05-12 10:05:00+05:30,1254.4,1255.4,1253.2,1254.4,4455,0
2026-05-12 10:10:00+05:30,1254.4,1254.7,1251.2,1254.1,22145,0
2026-05-12 10:15:00+05:30,1254.7,1256.3,1254.5,1255.8,4253,0
2026-05-12 10:20:00+05:30,1255.9,1256.3,1253.2,1253.7,3739,0
2026-05-12 10:25:00+05:30,1254.2,1255.1,1252.6,1253.8,3658,0
2026-05-12 10:30:00+05:30,1253.8,1254.0,1250.3,1251.2,18126,0
2026-05-12 10:35:00+05:30,1251.2,1254.0,1249.1,1253.0,35169,0
2026-05-12 10:40:00+05:30,1253.6,1272.6,1253.0,1271.5,74728,0
2026-05-12 10:45:00+05:30,1272.0,1272.6,1265.3,1265.8,25214,0
2026-05-12 10:50:00+05:30,1266.0,1266.0,1256.7,1258.5,134601,0
2026-05-12 10:55:00+05:30,1258.7,1262.9,1257.2,1260.1,27734,0
2026-05-12 11:00:00+05:30,1260.1,1260.7,1256.2,1257.8,12444,0
2026-05-12 11:05:00+05:30,1257.8,1259.0,1256.2,1257.7,5524,0
2026-05-12 11:10:00+05:30,1257.6,1258.3,1254.1,1255.0,16415,0
2026-05-12 11:15:00+05:30,1255.0,1258.1,1254.4,1257.4,7833,0
2026-05-12 11:20:00+05:30,1257.8,1258.0,1255.7,1256.3,5137,0
2026-05-12 11:25:00+05:30,1256.3,1258.4,1256.0,1258.1,6712,0
2026-05-12 11:30:00+05:30,1258.1,1258.3,1255.1,1257.5,34921,0
2026-05-12 11:35:00+05:30,1257.5,1257.5,1255.2,1257.0,6541,0
2026-05-12 11:40:00+05:30,1257.0,1257.3,1256.1,1256.9,4341,0
2026-05-12 11:45:00+05:30,1256.9,1257.6,1253.2,1254.3,19615,0
2026-05-12 11:50:00+05:30,1254.6,1257.6,1252.4,1257.4,9893,0
2026-05-12 11:55:00+05:30,1257.4,1258.0,1256.0,1256.5,3923,0
2026-05-12 12:00:00+05:30,1256.6,1257.3,1255.1,1257.1,5940,0
2026-05-12 12:05:00+05:30,1257.0,1257.9,1255.0,1256.5,8409,0
2026-05-12 12:10:00+05:30,1256.6,1257.6,1253.8,1255.2,6987,0
2026-05-12 12:15:00+05:30,1255.2,1256.4,1254.0,1255.9,6923,0
2026-05-12 12:20:00+05:30,1255.9,1256.0,1252.1,1254.3,11863,0
2026-05-12 12:25:00+05:30,1254.3,1254.6,1252.0,1252.5,5950,0
2026-05-12 12:30:00+05:30,1253.0,1253.1,1246.6,1247.4,16281,0
2026-05-12 12:35:00+05:30,1247.9,1249.0,1246.6,1246.6,7435,0
2026-05-12 12:40:00+05:30,1247.1,1249.7,1246.2,1248.6,4605,0
2026-05-12 12:45:00+05:30,1249.2,1251.3,1248.8,1250.8,3137,0
2026-05-12 12:50:00+05:30,1250.8,1251.7,1249.3,1250.0,3954,0
2026-05-12 12:55:00+05:30,1250.6,1252.0,1249.8,1250.7,5526,0
2026-05-12 13:00:00+05:30,1251.2,1252.2,1250.7,1251.4,9123,0
2026-05-12 13:05:00+05:30,1252.0,1252.5,1250.2,1250.3,5360,0
2026-05-12 13:10:00+05:30,1250.5,1253.4,1250.2,1252.0,15212,0
2026-05-12 13:15:00+05:30,1252.5,1252.7,1248.8,1251.2,27248,0
2026-05-12 13:20:00+05:30,1251.2,1251.9,1249.0,1251.0,9478,0
2026-05-12 13:25:00+05:30,1251.4,1258.9,1251.1,1258.4,17866,0
2026-05-12 13:30:00+05:30,1258.5,1259.8,1256.9,1256.9,8899,0
2026-05-12 13:35:00+05:30,1256.9,1258.6,1256.2,1257.1,9409,0
2026-05-12 13:40:00+05:30,1257.6,1257.9,1255.4,1257.4,9196,0
2026-05-12 13:45:00+05:30,1257.4,1257.4,1255.6,1256.1,10185,0
2026-05-12 13:50:00+05:30,1256.1,1257.7,1255.1,1256.0,10018,0
2026-05-12 13:55:00+05:30,1256.0,1257.4,1254.8,1256.2,9030,0
2026-05-12 14:00:00+05:30,1256.4,1257.1,1254.6,1256.7,18254,0
2026-05-12 14:05:00+05:30,1256.7,1257.7,1254.3,1254.3,21766,0
2026-05-12 14:10:00+05:30,1254.9,1255.8,1253.9,1255.0,16062,0
2026-05-12 14:15:00+05:30,1255.5,1255.5,1252.7,1253.6,18004,0
2026-05-12 14:20:00+05:30,1253.8,1259.1,1253.6,1258.0,46138,0
2026-05-12 14:25:00+05:30,1258.4,1259.1,1256.2,1258.1,6935,0
2026-05-12 14:30:00+05:30,1258.1,1258.4,1253.8,1254.1,14578,0
2026-05-12 14:35:00+05:30,1254.0,1258.2,1253.6,1257.3,23068,0
2026-05-12 14:40:00+05:30,1257.4,1258.1,1256.0,1257.7,19819,0
2026-05-12 14:45:00+05:30,1257.8,1257.9,1255.9,1256.2,34503,0
2026-05-12 14:50:00+05:30,1256.3,1258.0,1254.1,1255.8,26761,0
2026-05-12 14:55:00+05:30,1256.3,1256.3,1253.7,1254.9,25608,0
2026-05-12 15:00:00+05:30,1254.5,1254.6,1250.0,1251.1,59424,0
2026-05-12 15:05:00+05:30,1250.9,1251.5,1250.0,1251.1,64302,0
2026-05-12 15:10:00+05:30,1251.2,1251.3,1248.5,1250.5,49040,0
2026-05-12 15:15:00+05:30,1250.5,1255.0,1249.8,1254.5,47432,0
2026-05-12 15:20:00+05:30,1254.5,1255.4,1252.1,1253.4,55327,0
2026-05-12 15:25:00+05:30,1253.4,1258.0,1250.7,1252.2,43270,0
2026-05-13 09:15:00+05:30,1255.0,1268.5,1255.0,1259.1,47969,0
2026-05-13 09:20:00+05:30,1259.0,1266.3,1259.0,1265.2,23298,0
2026-05-13 09:25:00+05:30,1265.6,1265.6,1261.0,1265.0,15909,0
2026-05-13 09:30:00+05:30,1265.3,1266.9,1261.0,1261.2,10370,0
2026-05-13 09:35:00+05:30,1261.3,1261.4,1256.7,1259.0,14353,0
2026-05-13 09:40:00+05:30,1258.9,1259.1,1255.1,1255.9,14507,0
2026-05-13 09:45:00+05:30,1255.5,1258.8,1255.2,1257.7,22540,0
2026-05-13 09:50:00+05:30,1257.8,1262.0,1257.1,1261.8,26605,0
2026-05-13 09:55:00+05:30,1261.7,1263.9,1260.5,1261.7,24769,0
2026-05-13 10:00:00+05:30,1261.6,1265.1,1261.5,1263.0,26734,0
2026-05-13 10:05:00+05:30,1263.1,1266.0,1263.1,1265.0,22071,0
2026-05-13 10:10:00+05:30,1265.5,1266.5,1264.2,1266.2,9965,0
2026-05-13 10:15:00+05:30,1265.8,1271.5,1265.8,1269.9,25430,0
2026-05-13 10:20:00+05:30,1270.3,1272.1,1269.3,1271.7,9966,0
2026-05-13 10:25:00+05:30,1271.7,1275.5,1271.7,1274.8,34168,0
2026-05-13 10:30:00+05:30,1274.4,1277.2,1274.0,1276.8,12456,0
2026-05-13 10:35:00+05:30,1277.2,1277.9,1274.8,1274.9,14922,0
2026-05-13 10:40:00+05:30,1275.3,1281.0,1275.3,1281.0,43000,0
2026-05-13 10:45:00+05:30,1281.0,1282.2,1280.0,1281.6,31130,0
2026-05-13 10:50:00+05:30,1281.3,1282.4,1278.6,1279.6,28299,0
2026-05-13 10:55:00+05:30,1279.6,1279.8,1276.0,1276.8,23621,0
2026-05-13 11:00:00+05:30,1277.1,1279.4,1276.2,1279.2,8728,0
2026-05-13 11:05:00+05:30,1279.1,1280.5,1278.1,1280.4,12592,0
2026-05-13 11:10:00+05:30,1280.4,1280.4,1276.5,1276.8,9990,0
2026-05-13 11:15:00+05:30,1277.0,1278.3,1272.7,1276.2,18127,0
2026-05-13 11:20:00+05:30,1276.2,1276.2,1273.4,1275.9,6856,0
2026-05-13 11:25:00+05:30,1276.0,1276.0,1272.9,1273.1,6804,0
2026-05-13 11:30:00+05:30,1273.2,1273.8,1271.5,1272.2,5650,0
2026-05-13 11:35:00+05:30,1272.0,1272.9,1271.3,1272.9,5145,0
2026-05-13 11:40:00+05:30,1272.9,1275.4,1272.8,1273.7,8907,0
2026-05-13 11:45:00+05:30,1274.2,1274.9,1268.8,1272.4,46267,0
2026-05-13 11:50:00+05:30,1272.4,1273.8,1271.7,1272.3,10141,0
2026-05-13 11:55:00+05:30,1272.3,1273.9,1271.6,1272.6,7107,0
2026-05-13 12:00:00+05:30,1272.5,1274.8,1272.0,1273.9,10180,0
2026-05-13 12:05:00+05:30,1273.2,1276.2,1273.0,1273.9,20324,0
2026-05-13 12:10:00+05:30,1273.9,1275.6,1271.2,1272.9,19637,0
2026-05-13 12:15:00+05:30,1272.8,1273.3,1268.7,1270.0,65363,0
2026-05-13 12:20:00+05:30,1269.8,1269.8,1266.4,1266.6,47719,0
2026-05-13 12:25:00+05:30,1266.7,1267.0,1265.3,1266.4,20365,0
2026-05-13 12:30:00+05:30,1266.4,1268.8,1266.2,1266.9,45792,0
2026-05-13 12:35:00+05:30,1266.8,1267.0,1262.1,1262.8,19224,0
2026-05-13 12:40:00+05:30,1262.5,1263.2,1259.4,1262.8,170209,0
2026-05-13 12:45:00+05:30,1262.8,1264.2,1262.4,1264.0,19921,0
2026-05-13 12:50:00+05:30,1264.0,1269.0,1264.0,1266.4,52215,0
2026-05-13 12:55:00+05:30,1266.4,1269.0,1264.9,1269.0,44638,0
2026-05-13 13:00:00+05:30,1269.0,1273.8,1267.5,1272.3,103989,0
2026-05-13 13:05:00+05:30,1272.2,1275.0,1272.1,1273.9,35576,0
2026-05-13 13:10:00+05:30,1273.7,1276.0,1273.2,1275.5,70866,0
2026-05-13 13:15:00+05:30,1275.4,1275.9,1271.2,1273.1,58683,0
2026-05-13 13:20:00+05:30,1273.2,1274.3,1271.3,1273.8,20586,0
2026-05-13 13:25:00+05:30,1273.8,1273.8,1272.3,1273.6,6000,0
2026-05-13 13:30:00+05:30,1273.5,1276.0,1272.8,1276.0,7299,0
2026-05-13 13:35:00+05:30,1276.1,1276.2,1274.5,1275.6,8272,0
2026-05-13 13:40:00+05:30,1275.9,1276.1,1271.1,1272.3,18195,0
2026-05-13 13:45:00+05:30,1271.5,1274.3,1271.1,1272.5,14825,0
2026-05-13 13:50:00+05:30,1272.5,1273.0,1271.8,1271.9,7108,0
2026-05-13 13:55:00+05:30,1272.0,1272.3,1270.0,1271.9,8152,0
2026-05-13 14:00:00+05:30,1271.9,1273.1,1269.0,1270.0,9805,0
2026-05-13 14:05:00+05:30,1270.1,1273.3,1269.8,1273.3,5851,0
2026-05-13 14:10:00+05:30,1273.2,1274.0,1272.0,1272.9,10595,0
2026-05-13 14:15:00+05:30,1272.8,1273.2,1270.2,1270.7,8073,0
2026-05-13 14:20:00+05:30,1270.8,1273.3,1269.3,1273.0,14311,0
2026-05-13 14:25:00+05:30,1272.9,1275.5,1271.0,1275.2,31859,0
2026-05-13 14:30:00+05:30,1275.1,1279.0,1275.0,1278.6,28071,0
2026-05-13 14:35:00+05:30,1278.6,1280.0,1276.6,1279.8,55090,0
2026-05-13 14:40:00+05:30,1279.6,1279.9,1275.1,1275.4,48186,0
2026-05-13 14:45:00+05:30,1275.2,1276.5,1273.0,1276.4,52714,0
2026-05-13 14:50:00+05:30,1276.4,1277.3,1275.5,1277.3,38793,0
2026-05-13 14:55:00+05:30,1277.3,1278.8,1276.0,1276.5,62314,0
2026-05-13 15:00:00+05:30,1276.4,1276.7,1272.6,1274.1,76780,0
2026-05-13 15:05:00+05:30,1274.2,1276.0,1273.0,1275.7,87234,0
2026-05-13 15:10:00+05:30,1275.9,1276.5,1274.2,1274.9,63412,0
2026-05-13 15:15:00+05:30,1274.9,1275.7,1274.1,1275.7,86410,0
2026-05-13 15:20:00+05:30,1275.7,1276.0,1274.0,1275.0,100290,0
2026-05-13 15:25:00+05:30,1275.0,1277.0,1274.5,1276.7,62985,0
2026-05-14 09:15:00+05:30,1287.9,1289.9,1281.9,1283.7,114995,0
2026-05-14 09:20:00+05:30,1283.5,1295.0,1283.0,1294.0,67159,0
2026-05-14 09:25:00+05:30,1294.0,1299.4,1291.0,1298.2,73571,0
2026-05-14 09:30:00+05:30,1297.6,1300.1,1295.0,1295.9,58502,0
2026-05-14 09:35:00+05:30,1295.9,1304.4,1295.0,1301.9,82076,0
2026-05-14 09:40:00+05:30,1302.8,1304.6,1298.5,1302.3,61914,0
2026-05-14 09:45:00+05:30,1301.3,1302.8,1298.4,1299.5,36664,0
2026-05-14 09:50:00+05:30,1298.9,1299.7,1291.4,1293.5,73329,0
2026-05-14 09:55:00+05:30,1293.5,1295.0,1289.3,1291.7,71861,0
2026-05-14 10:00:00+05:30,1291.7,1295.0,1289.3,1294.3,34193,0
2026-05-14 10:05:00+05:30,1294.0,1296.9,1292.1,1294.4,38851,0
2026-05-14 10:10:00+05:30,1294.4,1296.9,1292.4,1294.9,29323,0
2026-05-14 10:15:00+05:30,1294.9,1296.5,1292.5,1295.5,23386,0
2026-05-14 10:20:00+05:30,1295.5,1297.8,1295.1,1296.8,40452,0
2026-05-14 10:25:00+05:30,1296.9,1299.0,1295.6,1297.7,33840,0
2026-05-14 10:30:00+05:30,1297.8,1299.0,1296.1,1298.3,23867,0
2026-05-14 10:35:00+05:30,1298.3,1303.9,1298.3,1303.0,112450,0
2026-05-14 10:40:00+05:30,1303.0,1303.0,1299.9,1301.2,31140,0
2026-05-14 10:45:00+05:30,1301.0,1301.3,1293.7,1294.3,55045,0
2026-05-14 10:50:00+05:30,1294.2,1299.6,1293.0,1298.8,38755,0
2026-05-14 10:55:00+05:30,1299.1,1299.4,1293.6,1294.4,34153,0
2026-05-14 11:00:00+05:30,1294.9,1296.7,1293.4,1294.4,28581,0
2026-05-14 11:05:00+05:30,1295.0,1295.0,1291.8,1293.1,42687,0
2026-05-14 11:10:00+05:30,1293.1,1296.4,1292.0,1296.4,39637,0
2026-05-14 11:15:00+05:30,1296.4,1299.0,1295.6,1298.0,34662,0
2026-05-14 11:20:00+05:30,1298.4,1299.8,1297.4,1298.1,30846,0
2026-05-14 11:25:00+05:30,1298.4,1300.8,1297.3,1300.7,40784,0
2026-05-14 11:30:00+05:30,1300.8,1304.0,1300.0,1303.7,50411,0
2026-05-14 11:35:00+05:30,1303.7,1305.7,1300.3,1302.1,64718,0
2026-05-14 11:40:00+05:30,1302.3,1302.6,1301.1,1301.9,11554,0
2026-05-14 11:45:00+05:30,1301.9,1302.7,1300.0,1301.4,24491,0
2026-05-14 11:50:00+05:30,1301.4,1306.0,1300.0,1302.1,55585,0
2026-05-14 11:55:00+05:30,1302.5,1305.0,1302.1,1304.8,25355,0
2026-05-14 12:00:00+05:30,1304.8,1304.8,1300.9,1302.9,15485,0
2026-05-14 12:05:00+05:30,1303.2,1304.4,1302.2,1303.2,13001,0
2026-05-14 12:10:00+05:30,1303.7,1304.4,1302.0,1304.0,15656,0
2026-05-14 12:15:00+05:30,1304.0,1305.0,1302.5,1302.9,18878,0
2026-05-14 12:20:00+05:30,1302.9,1304.0,1301.7,1303.1,21004,0
2026-05-14 12:25:00+05:30,1303.6,1305.0,1302.7,1304.8,23790,0
2026-05-14 12:30:00+05:30,1304.9,1305.0,1301.3,1302.4,17672,0
2026-05-14 12:35:00+05:30,1302.2,1302.9,1299.9,1301.2,23331,0
2026-05-14 12:40:00+05:30,1300.5,1301.4,1300.0,1300.6,12668,0
2026-05-14 12:45:00+05:30,1300.6,1301.2,1298.2,1300.4,81879,0
2026-05-14 12:50:00+05:30,1300.4,1302.0,1299.4,1301.0,52252,0
2026-05-14 12:55:00+05:30,1301.0,1301.4,1298.1,1300.4,56985,0
2026-05-14 13:00:00+05:30,1300.4,1302.2,1300.0,1301.9,17762,0
2026-05-14 13:05:00+05:30,1301.9,1302.1,1300.4,1301.5,11004,0
2026-05-14 13:10:00+05:30,1302.1,1303.9,1301.2,1302.3,18764,0
2026-05-14 13:15:00+05:30,1302.3,1302.9,1300.0,1300.9,18173,0
2026-05-14 13:20:00+05:30,1300.9,1301.8,1300.0,1300.0,15199,0
2026-05-14 13:25:00+05:30,1300.3,1301.1,1299.9,1300.0,22008,0
2026-05-14 13:30:00+05:30,1300.3,1301.3,1298.3,1299.0,41320,0
2026-05-14 13:35:00+05:30,1299.5,1302.0,1298.8,1300.8,14156,0
2026-05-14 13:40:00+05:30,1301.2,1302.4,1300.1,1301.0,11161,0
2026-05-14 13:45:00+05:30,1301.5,1302.2,1300.9,1301.5,9934,0
2026-05-14 13:50:00+05:30,1302.1,1302.2,1300.0,1301.0,14151,0
2026-05-14 13:55:00+05:30,1301.0,1301.9,1300.0,1301.3,19146,0
2026-05-14 14:00:00+05:30,1301.1,1301.3,1298.7,1300.0,40076,0
2026-05-14 14:05:00+05:30,1300.4,1302.0,1298.4,1301.6,78070,0
2026-05-14 14:10:00+05:30,1301.6,1302.8,1300.5,1301.6,11815,0
2026-05-14 14:15:00+05:30,1301.6,1301.9,1300.0,1300.2,13995,0
2026-05-14 14:20:00+05:30,1300.2,1301.1,1300.0,1300.8,9307,0
2026-05-14 14:25:00+05:30,1300.8,1302.7,1300.2,1302.4,21387,0
2026-05-14 14:30:00+05:30,1302.3,1302.4,1300.0,1300.2,24497,0
2026-05-14 14:35:00+05:30,1300.8,1302.5,1299.1,1301.0,53463,0
2026-05-14 14:40:00+05:30,1301.0,1301.5,1299.3,1300.3,30152,0
2026-05-14 14:45:00+05:30,1300.3,1300.3,1293.2,1294.1,159409,0
2026-05-14 14:50:00+05:30,1294.4,1295.3,1292.1,1293.2,71676,0
2026-05-14 14:55:00+05:30,1293.2,1297.0,1292.8,1296.8,56073,0
2026-05-14 15:00:00+05:30,1296.8,1297.4,1294.4,1295.7,71267,0
2026-05-14 15:05:00+05:30,1295.9,1296.9,1292.0,1293.6,71444,0
2026-05-14 15:10:00+05:30,1293.7,1298.2,1293.4,1297.8,161749,0
2026-05-14 15:15:00+05:30,1297.9,1298.9,1296.6,1297.7,92587,0
2026-05-14 15:20:00+05:30,1297.9,1299.2,1297.1,1297.6,88713,0
2026-05-14 15:25:00+05:30,1297.9,1300.0,1295.9,1298.5,85740,0
