timestamp,open,high,low,close,volume,oi
2025-11-17 09:15:00+05:30,329.0,330.3,328.65,329.95,215792,0
2025-11-17 09:20:00+05:30,329.95,330.45,329.35,329.7,92715,0
2025-11-17 09:25:00+05:30,329.75,330.45,329.75,330.3,39687,0
2025-11-17 09:30:00+05:30,330.3,331.2,330.3,330.65,159452,0
2025-11-17 09:35:00+05:30,330.7,330.95,330.55,330.9,54836,0
2025-11-17 09:40:00+05:30,330.9,330.9,330.65,330.8,21330,0
2025-11-17 09:45:00+05:30,330.8,330.9,330.35,330.7,110828,0
2025-11-17 09:50:00+05:30,330.75,330.85,330.4,330.7,28101,0
2025-11-17 09:55:00+05:30,330.7,330.9,330.4,330.65,29009,0
2025-11-17 10:00:00+05:30,330.65,330.95,330.55,330.75,16909,0
2025-11-17 10:05:00+05:30,330.75,330.95,330.6,330.9,33585,0
2025-11-17 10:10:00+05:30,330.9,330.95,330.6,330.95,14606,0
2025-11-17 10:15:00+05:30,330.9,331.45,330.85,331.3,74070,0
2025-11-17 10:20:00+05:30,331.4,331.45,331.25,331.45,22661,0
2025-11-17 10:25:00+05:30,331.45,331.45,330.75,330.8,36354,0
2025-11-17 10:30:00+05:30,330.85,330.9,330.5,330.85,28678,0
2025-11-17 10:35:00+05:30,330.9,330.9,330.6,330.85,39909,0
2025-11-17 10:40:00+05:30,330.85,330.9,330.55,330.6,27813,0
2025-11-17 10:45:00+05:30,330.75,330.75,330.35,330.5,43823,0
2025-11-17 10:50:00+05:30,330.55,330.65,330.15,330.6,65476,0
2025-11-17 10:55:00+05:30,330.6,330.7,330.3,330.6,25612,0
2025-11-17 11:00:00+05:30,330.6,330.85,330.5,330.6,91765,0
2025-11-17 11:05:00+05:30,330.55,330.7,330.5,330.5,42654,0
2025-11-17 11:10:00+05:30,330.5,330.65,330.35,330.35,22205,0
2025-11-17 11:15:00+05:30,330.4,330.55,330.3,330.35,23447,0
2025-11-17 11:20:00+05:30,330.3,330.45,330.0,330.35,44816,0
2025-11-17 11:25:00+05:30,330.2,330.35,330.0,330.0,55464,0
2025-11-17 11:30:00+05:30,330.0,330.1,329.75,329.95,84716,0
2025-11-17 11:35:00+05:30,329.8,330.0,329.5,329.55,37655,0
2025-11-17 11:40:00+05:30,329.5,329.8,329.5,329.6,30172,0
2025-11-17 11:45:00+05:30,329.6,329.9,329.5,329.7,33135,0
2025-11-17 11:50:00+05:30,329.55,329.8,329.5,329.6,38609,0
2025-11-17 11:55:00+05:30,329.55,329.85,329.5,329.5,37679,0
2025-11-17 12:00:00+05:30,329.6,329.75,329.3,329.45,40820,0
2025-11-17 12:05:00+05:30,329.35,329.75,329.35,329.65,49099,0
2025-11-17 12:10:00+05:30,329.5,329.7,329.3,329.35,40126,0
2025-11-17 12:15:00+05:30,329.35,329.8,328.9,328.9,207886,0
2025-11-17 12:20:00+05:30,329.0,329.0,328.75,328.8,49344,0
2025-11-17 12:25:00+05:30,328.85,329.4,328.55,329.0,104965,0
2025-11-17 12:30:00+05:30,329.0,329.0,328.75,329.0,43729,0
2025-11-17 12:35:00+05:30,329.0,329.25,328.8,329.0,55930,0
2025-11-17 12:40:00+05:30,328.95,329.0,328.8,328.8,35215,0
2025-11-17 12:45:00+05:30,328.95,329.4,328.8,328.95,71005,0
2025-11-17 12:50:00+05:30,328.95,329.65,328.8,329.4,173144,0
2025-11-17 12:55:00+05:30,329.35,330.0,329.05,329.9,114948,0
2025-11-17 13:00:00+05:30,329.9,330.0,329.8,329.85,43207,0
2025-11-17 13:05:00+05:30,329.9,329.95,329.8,329.85,75167,0
2025-11-17 13:10:00+05:30,329.9,329.95,329.85,329.9,69600,0
2025-11-17 13:15:00+05:30,329.9,330.2,329.55,329.9,326768,0
2025-11-17 13:20:00+05:30,329.9,330.15,329.75,330.1,44671,0
2025-11-17 13:25:00+05:30,330.1,330.15,329.85,329.95,35256,0
2025-11-17 13:30:00+05:30,330.0,330.35,329.8,330.3,42899,0
2025-11-17 13:35:00+05:30,330.3,330.7,330.15,330.15,136651,0
2025-11-17 13:40:00+05:30,330.2,330.45,330.1,330.3,46530,0
2025-11-17 13:45:00+05:30,330.3,330.5,330.2,330.25,38215,0
2025-11-17 13:50:00+05:30,330.3,330.35,330.1,330.25,33189,0
2025-11-17 13:55:00+05:30,330.25,330.8,330.1,330.35,132181,0
2025-11-17 14:00:00+05:30,330.35,330.7,330.15,330.65,100674,0
2025-11-17 14:05:00+05:30,330.65,330.7,330.1,330.1,63215,0
2025-11-17 14:10:00+05:30,330.15,330.55,330.0,330.25,49514,0
2025-11-17 14:15:00+05:30,330.25,330.5,329.8,330.15,59563,0
2025-11-17 14:20:00+05:30,330.05,330.2,329.85,330.0,116404,0
2025-11-17 14:25:00+05:30,330.0,330.0,329.7,329.75,40423,0
2025-11-17 14:30:00+05:30,329.85,329.9,329.4,329.65,246926,0
2025-11-17 14:35:00+05:30,329.6,330.15,329.6,330.0,67319,0
2025-11-17 14:40:00+05:30,330.05,330.25,329.8,330.0,87418,0
2025-11-17 14:45:00+05:30,330.0,330.15,329.85,330.1,161713,0
2025-11-17 14:50:00+05:30,330.05,330.2,329.95,330.15,47378,0
2025-11-17 14:55:00+05:30,330.15,330.6,330.05,330.25,229976,0
2025-11-17 15:00:00+05:30,330.25,330.55,330.0,330.2,147267,0
2025-11-17 15:05:00+05:30,330.2,330.95,329.75,329.85,285419,0
2025-11-17 15:10:00+05:30,329.8,329.9,329.7,329.7,132764,0
2025-11-17 15:15:00+05:30,329.8,330.1,329.6,330.05,152988,0
2025-11-17 15:20:00+05:30,330.05,330.2,329.95,330.15,187599,0
2025-11-17 15:25:00+05:30,330.15,331.0,330.0,330.1,370643,0
2025-11-18 09:15:00+05:30,329.05,329.75,328.15,328.75,162394,0
2025-11-18 09:20:00+05:30,328.65,329.0,328.35,329.0,47855,0
2025-11-18 09:25:00+05:30,329.0,329.25,328.75,328.9,34711,0
2025-11-18 09:30:00+05:30,328.85,329.4,328.75,329.4,26061,0
2025-11-18 09:35:00+05:30,329.35,329.4,328.75,328.75,29765,0
2025-11-18 09:40:00+05:30,328.75,328.8,327.8,328.15,111101,0
2025-11-18 09:45:00+05:30,328.0,328.15,327.45,327.5,80094,0
2025-11-18 09:50:00+05:30,327.45,327.5,327.2,327.45,37741,0
2025-11-18 09:55:00+05:30,327.5,327.8,327.4,327.4,67848,0
2025-11-18 10:00:00+05:30,327.35,327.9,327.35,327.8,29503,0
2025-11-18 10:05:00+05:30,327.8,327.8,327.65,327.8,25513,0
2025-11-18 10:10:00+05:30,327.8,327.9,327.75,327.9,21876,0
2025-11-18 10:15:00+05:30,327.8,328.25,327.8,328.05,47163,0
2025-11-18 10:20:00+05:30,328.15,328.2,328.05,328.1,14562,0
2025-11-18 10:25:00+05:30,328.1,328.2,327.65,327.85,83797,0
2025-11-18 10:30:00+05:30,327.85,327.9,327.25,327.25,40376,0
2025-11-18 10:35:00+05:30,327.3,327.85,327.15,327.6,53245,0
2025-11-18 10:40:00+05:30,327.7,327.7,327.5,327.65,43369,0
2025-11-18 10:45:00+05:30,327.65,328.2,327.65,328.2,42551,0
2025-11-18 10:50:00+05:30,328.2,328.4,328.1,328.3,51111,0
2025-11-18 10:55:00+05:30,328.3,328.45,328.15,328.35,43484,0
2025-11-18 11:00:00+05:30,328.35,328.55,328.2,328.2,27786,0
2025-11-18 11:05:00+05:30,328.2,328.45,328.2,328.3,12752,0
2025-11-18 11:10:00+05:30,328.4,328.4,328.0,328.0,35030,0
2025-11-18 11:15:00+05:30,328.0,328.4,328.0,328.1,44471,0
2025-11-18 11:20:00+05:30,328.1,328.15,327.95,327.95,79018,0
2025-11-18 11:25:00+05:30,328.0,328.1,327.7,327.7,186252,0
2025-11-18 11:30:00+05:30,327.8,328.15,327.6,328.05,51842,0
2025-11-18 11:35:00+05:30,328.1,328.15,328.0,328.1,35914,0
2025-11-18 11:40:00+05:30,328.1,328.1,328.0,328.0,45876,0
2025-11-18 11:45:00+05:30,328.05,328.4,328.0,328.1,111499,0
2025-11-18 11:50:00+05:30,328.0,328.3,328.0,328.05,41834,0
2025-11-18 11:55:00+05:30,328.05,328.25,328.0,328.0,47986,0
2025-11-18 12:00:00+05:30,328.05,328.1,328.0,328.0,57104,0
2025-11-18 12:05:00+05:30,328.1,328.1,328.0,328.0,58221,0
2025-11-18 12:10:00+05:30,328.05,328.2,328.0,328.0,52248,0
2025-11-18 12:15:00+05:30,328.0,328.1,327.95,328.05,80226,0
2025-11-18 12:20:00+05:30,328.05,328.1,327.9,328.05,67108,0
2025-11-18 12:25:00+05:30,328.05,328.05,327.55,327.8,94430,0
2025-11-18 12:30:00+05:30,327.8,328.1,327.75,327.75,48162,0
2025-11-18 12:35:00+05:30,327.8,327.8,327.25,327.65,75883,0
2025-11-18 12:40:00+05:30,327.7,327.95,327.65,327.85,18187,0
2025-11-18 12:45:00+05:30,327.8,327.85,327.25,327.45,55974,0
2025-11-18 12:50:00+05:30,327.5,327.75,327.4,327.75,13912,0
2025-11-18 12:55:00+05:30,327.7,328.25,327.6,328.0,246136,0
2025-11-18 13:00:00+05:30,328.0,328.1,327.95,328.05,21168,0
2025-11-18 13:05:00+05:30,328.05,328.25,328.0,328.25,42904,0
2025-11-18 13:10:00+05:30,328.25,328.25,328.0,328.05,41350,0
2025-11-18 13:15:00+05:30,328.05,328.1,327.95,328.05,61499,0
2025-11-18 13:20:00+05:30,328.05,328.15,327.95,328.05,56331,0
2025-11-18 13:25:00+05:30,327.95,328.25,327.85,328.2,68456,0
2025-11-18 13:30:00+05:30,328.2,328.65,328.15,328.3,133576,0
2025-11-18 13:35:00+05:30,328.3,328.6,328.3,328.4,68430,0
2025-11-18 13:40:00+05:30,328.45,328.45,328.0,328.1,185300,0
2025-11-18 13:45:00+05:30,328.05,328.25,328.0,328.05,62767,0
2025-11-18 13:50:00+05:30,328.05,328.3,328.0,328.15,53705,0
2025-11-18 13:55:00+05:30,328.15,328.2,328.0,328.1,57274,0
2025-11-18 14:00:00+05:30,328.15,328.55,328.1,328.5,72645,0
2025-11-18 14:05:00+05:30,328.55,328.7,328.1,328.15,118318,0
2025-11-18 14:10:00+05:30,328.2,328.7,328.1,328.55,164177,0
2025-11-18 14:15:00+05:30,328.55,328.65,328.15,328.3,69571,0
2025-11-18 14:20:00+05:30,328.25,328.55,328.1,328.55,138268,0
2025-11-18 14:25:00+05:30,328.55,329.2,328.0,328.65,403273,0
2025-11-18 14:30:00+05:30,328.8,329.15,328.15,328.45,307734,0
2025-11-18 14:35:00+05:30,328.65,329.4,328.4,329.35,349768,0
2025-11-18 14:40:00+05:30,329.4,329.5,329.0,329.05,194668,0
2025-11-18 14:45:00+05:30,329.0,329.05,329.0,329.0,98080,0
2025-11-18 14:50:00+05:30,329.05,329.1,328.95,329.0,91663,0
2025-11-18 14:55:00+05:30,329.0,329.1,328.65,329.0,114089,0
2025-11-18 15:00:00+05:30,329.05,329.05,328.15,328.25,196829,0
2025-11-18 15:05:00+05:30,328.3,328.35,328.0,328.1,144055,0
2025-11-18 15:10:00+05:30,328.1,329.0,328.0,328.1,243764,0
2025-11-18 15:15:00+05:30,328.15,328.5,328.0,328.2,123215,0
2025-11-18 15:20:00+05:30,328.2,329.05,328.05,328.4,238822,0
2025-11-18 15:25:00+05:30,328.45,329.3,328.3,328.4,172263,0
2025-11-19 09:15:00+05:30,328.95,328.95,325.85,325.95,169937,0
2025-11-19 09:20:00+05:30,325.95,327.45,325.6,327.0,169217,0
2025-11-19 09:25:00+05:30,327.0,328.0,326.9,326.9,257565,0
2025-11-19 09:30:00+05:30,326.85,326.9,326.55,326.7,35925,0
2025-11-19 09:35:00+05:30,326.6,327.1,326.55,327.05,35814,0
2025-11-19 09:40:00+05:30,327.1,327.2,326.6,326.85,35847,0
2025-11-19 09:45:00+05:30,326.8,326.9,326.55,326.55,17998,0
2025-11-19 09:50:00+05:30,326.55,326.75,326.5,326.75,18948,0
2025-11-19 09:55:00+05:30,326.7,327.0,326.5,326.55,31359,0
2025-11-19 10:00:00+05:30,326.55,327.0,326.5,326.85,62432,0
2025-11-19 10:05:00+05:30,326.85,326.9,326.65,326.7,18058,0
2025-11-19 10:10:00+05:30,326.7,327.2,326.6,327.1,17312,0
2025-11-19 10:15:00+05:30,327.1,327.5,327.0,327.1,30331,0
2025-11-19 10:20:00+05:30,327.1,327.25,327.1,327.1,11419,0
2025-11-19 10:25:00+05:30,327.1,327.15,326.6,326.6,64617,0
2025-11-19 10:30:00+05:30,326.6,326.9,326.6,326.8,14798,0
2025-11-19 10:35:00+05:30,326.8,326.8,326.65,326.75,11054,0
2025-11-19 10:40:00+05:30,326.75,326.8,326.15,326.35,60728,0
2025-11-19 10:45:00+05:30,326.35,326.35,325.05,325.6,179409,0
2025-11-19 10:50:00+05:30,325.6,326.2,325.6,326.15,146036,0
2025-11-19 10:55:00+05:30,326.2,326.2,325.65,325.65,43951,0
2025-11-19 11:00:00+05:30,325.65,325.9,325.55,325.8,37841,0
2025-11-19 11:05:00+05:30,325.8,326.2,325.8,326.05,53547,0
2025-11-19 11:10:00+05:30,326.05,326.25,326.0,326.05,51068,0
2025-11-19 11:15:00+05:30,326.0,326.55,325.85,326.0,211277,0
2025-11-19 11:20:00+05:30,325.95,326.55,325.85,326.5,45440,0
2025-11-19 11:25:00+05:30,326.55,326.55,326.4,326.5,46228,0
2025-11-19 11:30:00+05:30,326.55,326.6,326.5,326.55,20392,0
2025-11-19 11:35:00+05:30,326.55,326.6,326.5,326.5,21245,0
2025-11-19 11:40:00+05:30,326.55,326.75,326.4,326.75,150648,0
2025-11-19 11:45:00+05:30,326.75,326.75,326.05,326.3,77865,0
2025-11-19 11:50:00+05:30,326.25,326.55,326.25,326.45,71483,0
2025-11-19 11:55:00+05:30,326.45,326.5,326.0,326.2,178474,0
2025-11-19 12:00:00+05:30,326.25,326.4,326.1,326.25,41795,0
2025-11-19 12:05:00+05:30,326.3,326.95,326.1,326.1,180192,0
2025-11-19 12:10:00+05:30,326.15,326.15,325.75,325.8,44634,0
2025-11-19 12:15:00+05:30,325.8,326.1,325.55,325.55,73234,0
2025-11-19 12:20:00+05:30,325.55,325.8,325.5,325.6,83878,0
2025-11-19 12:25:00+05:30,325.6,325.95,325.55,325.6,59251,0
2025-11-19 12:30:00+05:30,325.65,325.95,325.6,325.75,47197,0
2025-11-19 12:35:00+05:30,325.8,325.8,325.5,325.6,56741,0
2025-11-19 12:40:00+05:30,325.65,325.85,325.05,325.65,451841,0
2025-11-19 12:45:00+05:30,325.65,325.85,325.6,325.65,92473,0
2025-11-19 12:50:00+05:30,325.7,325.75,325.55,325.65,59101,0
2025-11-19 12:55:00+05:30,325.65,325.7,325.05,325.05,50347,0
2025-11-19 13:00:00+05:30,325.15,325.9,325.05,325.85,71187,0
2025-11-19 13:05:00+05:30,325.9,326.0,325.75,325.85,97110,0
2025-11-19 13:10:00+05:30,325.85,326.05,325.5,325.75,141820,0
2025-11-19 13:15:00+05:30,325.75,325.8,325.25,325.55,81785,0
2025-11-19 13:20:00+05:30,325.55,325.95,325.5,325.9,69800,0
2025-11-19 13:25:00+05:30,325.9,326.25,325.85,325.9,143714,0
2025-11-19 13:30:00+05:30,325.9,325.9,325.75,325.8,49052,0
2025-11-19 13:35:00+05:30,325.8,325.9,325.6,325.8,53698,0
2025-11-19 13:40:00+05:30,325.8,326.05,325.6,325.85,222217,0
2025-11-19 13:45:00+05:30,325.85,326.05,325.75,326.05,48808,0
2025-11-19 13:50:00+05:30,326.05,326.15,326.0,326.05,42955,0
2025-11-19 13:55:00+05:30,326.0,326.1,326.0,326.05,63322,0
2025-11-19 14:00:00+05:30,326.05,326.35,325.85,326.3,203010,0
2025-11-19 14:05:00+05:30,326.3,326.5,326.25,326.4,35643,0
2025-11-19 14:10:00+05:30,326.4,326.7,326.2,326.35,82677,0
2025-11-19 14:15:00+05:30,326.35,326.45,326.25,326.3,32629,0
2025-11-19 14:20:00+05:30,326.3,326.4,326.1,326.25,23310,0
2025-11-19 14:25:00+05:30,326.3,326.3,326.0,326.0,31603,0
2025-11-19 14:30:00+05:30,326.05,326.15,325.75,325.8,38616,0
2025-11-19 14:35:00+05:30,325.8,326.0,325.65,325.95,55342,0
2025-11-19 14:40:00+05:30,325.9,326.7,325.9,326.4,206736,0
2025-11-19 14:45:00+05:30,326.35,326.45,326.05,326.1,40845,0
2025-11-19 14:50:00+05:30,326.1,326.45,325.95,326.0,36210,0
2025-11-19 14:55:00+05:30,326.0,326.05,325.75,325.75,53350,0
2025-11-19 15:00:00+05:30,325.75,326.15,325.7,326.1,65403,0
2025-11-19 15:05:00+05:30,326.05,327.9,325.95,326.7,626631,0
2025-11-19 15:10:00+05:30,326.7,326.7,326.3,326.5,156844,0
2025-11-19 15:15:00+05:30,326.5,326.7,326.4,326.5,198058,0
2025-11-19 15:20:00+05:30,326.5,326.7,326.45,326.7,149062,0
2025-11-19 15:25:00+05:30,326.7,326.85,326.1,326.1,174329,0
2025-11-20 09:15:00+05:30,328.0,328.25,326.9,327.45,94460,0
2025-11-20 09:20:00+05:30,327.45,327.55,327.0,327.5,32496,0
2025-11-20 09:25:00+05:30,327.45,327.9,327.1,327.85,33388,0
2025-11-20 09:30:00+05:30,327.95,328.15,327.55,327.7,42078,0
2025-11-20 09:35:00+05:30,327.75,327.8,327.25,327.35,20064,0
2025-11-20 09:40:00+05:30,327.45,327.5,326.8,327.25,37114,0
2025-11-20 09:45:00+05:30,327.2,327.45,327.0,327.25,17965,0
2025-11-20 09:50:00+05:30,327.3,327.5,327.25,327.4,34160,0
2025-11-20 09:55:00+05:30,327.4,327.4,327.1,327.25,20022,0
2025-11-20 10:00:00+05:30,327.25,327.7,327.2,327.7,37973,0
2025-11-20 10:05:00+05:30,327.65,328.15,327.65,328.0,27522,0
2025-11-20 10:10:00+05:30,328.05,328.05,327.8,327.95,16644,0
2025-11-20 10:15:00+05:30,328.0,328.1,327.75,327.9,18979,0
2025-11-20 10:20:00+05:30,327.9,328.0,327.75,327.9,11990,0
2025-11-20 10:25:00+05:30,328.0,328.0,327.8,327.9,16827,0
2025-11-20 10:30:00+05:30,328.0,328.1,327.75,328.0,17067,0
2025-11-20 10:35:00+05:30,328.0,328.25,327.9,328.0,8708,0
2025-11-20 10:40:00+05:30,328.0,328.25,327.75,328.1,22416,0
2025-11-20 10:45:00+05:30,328.1,328.45,327.9,328.3,40396,0
2025-11-20 10:50:00+05:30,328.4,328.4,327.95,327.95,43884,0
2025-11-20 10:55:00+05:30,327.95,328.1,327.75,328.05,19795,0
2025-11-20 11:00:00+05:30,328.05,328.1,327.95,328.0,10396,0
2025-11-20 11:05:00+05:30,328.0,328.25,328.0,328.15,7829,0
2025-11-20 11:10:00+05:30,328.15,328.2,328.0,328.0,8448,0
2025-11-20 11:15:00+05:30,328.0,328.1,327.8,328.05,31423,0
2025-11-20 11:20:00+05:30,328.05,328.05,327.8,327.95,10892,0
2025-11-20 11:25:00+05:30,328.0,328.05,327.85,328.0,12864,0
2025-11-20 11:30:00+05:30,328.0,328.85,327.9,328.7,115736,0
2025-11-20 11:35:00+05:30,328.7,328.85,328.3,328.3,105650,0
2025-11-20 11:40:00+05:30,328.3,328.65,328.2,328.6,31482,0
2025-11-20 11:45:00+05:30,328.6,329.1,328.5,328.75,119953,0
2025-11-20 11:50:00+05:30,328.75,329.35,328.5,328.85,232300,0
2025-11-20 11:55:00+05:30,328.85,329.0,328.7,328.85,19509,0
2025-11-20 12:00:00+05:30,328.85,329.05,328.45,328.45,34690,0
2025-11-20 12:05:00+05:30,328.55,329.0,328.45,328.9,92095,0
2025-11-20 12:10:00+05:30,328.9,329.45,328.75,329.0,186115,0
2025-11-20 12:15:00+05:30,329.0,330.0,328.8,328.8,356436,0
2025-11-20 12:20:00+05:30,328.85,328.85,327.85,328.0,575195,0
2025-11-20 12:25:00+05:30,328.0,328.9,327.95,328.2,419738,0
2025-11-20 12:30:00+05:30,328.35,328.4,327.95,328.0,30727,0
2025-11-20 12:35:00+05:30,328.0,328.05,327.6,327.65,40260,0
2025-11-20 12:40:00+05:30,327.75,327.9,327.55,327.6,40726,0
2025-11-20 12:45:00+05:30,327.65,327.85,327.5,327.65,39490,0
2025-11-20 12:50:00+05:30,327.75,327.8,327.45,327.5,40428,0
2025-11-20 12:55:00+05:30,327.6,327.65,327.4,327.45,32380,0
2025-11-20 13:00:00+05:30,327.5,327.75,327.4,327.55,43101,0
2025-11-20 13:05:00+05:30,327.65,327.65,327.5,327.65,29036,0
2025-11-20 13:10:00+05:30,327.65,327.85,327.5,327.85,67465,0
2025-11-20 13:15:00+05:30,327.85,328.1,327.65,327.9,73745,0
2025-11-20 13:20:00+05:30,327.9,328.0,327.7,327.95,44629,0
2025-11-20 13:25:00+05:30,328.0,328.3,327.85,328.25,45237,0
2025-11-20 13:30:00+05:30,328.25,328.4,328.0,328.15,40176,0
2025-11-20 13:35:00+05:30,328.15,328.4,327.95,328.05,36514,0
2025-11-20 13:40:00+05:30,328.1,328.25,327.6,327.75,40055,0
2025-11-20 13:45:00+05:30,327.75,327.8,327.5,327.75,34389,0
2025-11-20 13:50:00+05:30,327.75,327.9,327.5,327.5,37309,0
2025-11-20 13:55:00+05:30,327.6,327.8,327.5,327.55,40797,0
2025-11-20 14:00:00+05:30,327.7,327.7,327.45,327.5,35216,0
2025-11-20 14:05:00+05:30,327.6,327.6,327.4,327.4,14174,0
2025-11-20 14:10:00+05:30,327.5,327.65,327.2,327.25,30896,0
2025-11-20 14:15:00+05:30,327.35,327.65,327.2,327.35,129474,0
2025-11-20 14:20:00+05:30,327.35,327.5,327.15,327.5,51074,0
2025-11-20 14:25:00+05:30,327.5,327.5,326.85,327.0,110287,0
2025-11-20 14:30:00+05:30,327.0,327.1,326.75,326.9,58525,0
2025-11-20 14:35:00+05:30,327.0,327.1,326.75,326.95,39467,0
2025-11-20 14:40:00+05:30,326.95,327.1,326.7,326.8,38460,0
2025-11-20 14:45:00+05:30,326.85,327.3,326.65,326.95,112714,0
2025-11-20 14:50:00+05:30,326.95,326.95,326.35,326.45,96075,0
2025-11-20 14:55:00+05:30,326.45,326.65,326.2,326.45,72910,0
2025-11-20 15:00:00+05:30,326.4,326.9,326.25,326.45,98103,0
2025-11-20 15:05:00+05:30,326.45,326.65,326.2,326.5,112292,0
2025-11-20 15:10:00+05:30,326.5,326.8,326.35,326.5,91726,0
2025-11-20 15:15:00+05:30,326.5,327.0,326.35,326.85,140107,0
2025-11-20 15:20:00+05:30,326.85,327.05,326.65,326.9,96723,0
2025-11-20 15:25:00+05:30,326.85,326.95,326.6,326.85,85736,0
2025-11-21 09:15:00+05:30,326.85,328.1,326.3,327.85,167920,0
2025-11-21 09:20:00+05:30,327.85,328.4,327.35,327.95,114988,0
2025-11-21 09:25:00+05:30,327.95,328.25,327.65,327.8,142774,0
2025-11-21 09:30:00+05:30,327.85,328.05,327.2,327.6,73790,0
2025-11-21 09:35:00+05:30,327.75,327.8,327.2,327.4,56732,0
2025-11-21 09:40:00+05:30,327.4,327.55,326.7,326.8,66032,0
2025-11-21 09:45:00+05:30,326.85,327.0,326.6,326.75,24814,0
2025-11-21 09:50:00+05:30,326.65,327.25,326.65,326.8,37568,0
2025-11-21 09:55:00+05:30,326.8,326.95,326.4,326.75,48028,0
2025-11-21 10:00:00+05:30,326.8,326.8,325.75,325.9,144500,0
2025-11-21 10:05:00+05:30,325.8,326.3,325.75,326.2,31624,0
2025-11-21 10:10:00+05:30,326.2,326.25,325.9,326.1,9947,0
2025-11-21 10:15:00+05:30,326.15,326.15,326.0,326.0,9693,0
2025-11-21 10:20:00+05:30,326.0,326.15,325.6,325.75,83624,0
2025-11-21 10:25:00+05:30,325.7,326.0,325.65,325.9,17886,0
2025-11-21 10:30:00+05:30,325.95,326.25,325.7,325.75,62926,0
2025-11-21 10:35:00+05:30,325.75,325.85,325.0,325.6,170651,0
2025-11-21 10:40:00+05:30,325.6,325.9,325.5,325.9,35094,0
2025-11-21 10:45:00+05:30,325.9,326.45,325.75,326.35,36405,0
2025-11-21 10:50:00+05:30,326.4,326.55,326.0,326.0,37238,0
2025-11-21 10:55:00+05:30,326.05,326.35,326.0,326.1,5622,0
2025-11-21 11:00:00+05:30,326.2,326.35,326.0,326.1,7978,0
2025-11-21 11:05:00+05:30,326.1,326.1,325.55,325.85,15735,0
2025-11-21 11:10:00+05:30,325.95,326.5,325.8,326.4,14302,0
2025-11-21 11:15:00+05:30,326.5,326.5,325.55,325.55,45551,0
2025-11-21 11:20:00+05:30,325.65,325.85,325.5,325.65,29953,0
2025-11-21 11:25:00+05:30,325.65,326.15,325.5,326.05,30679,0
2025-11-21 11:30:00+05:30,326.15,326.15,325.75,325.9,35357,0
2025-11-21 11:35:00+05:30,325.9,326.0,325.75,325.75,28462,0
2025-11-21 11:40:00+05:30,325.7,326.0,325.65,325.8,27489,0
2025-11-21 11:45:00+05:30,325.9,326.05,325.7,325.8,30590,0
2025-11-21 11:50:00+05:30,325.9,326.05,325.75,325.85,26744,0
2025-11-21 11:55:00+05:30,325.8,326.4,325.75,325.8,49895,0
2025-11-21 12:00:00+05:30,325.9,326.45,325.75,326.4,82568,0
2025-11-21 12:05:00+05:30,326.45,326.8,326.15,326.65,188239,0
2025-11-21 12:10:00+05:30,326.7,327.05,326.6,326.65,218263,0
2025-11-21 12:15:00+05:30,326.85,327.0,326.35,326.85,82909,0
2025-11-21 12:20:00+05:30,326.95,327.0,326.75,326.9,78434,0
2025-11-21 12:25:00+05:30,327.0,327.65,326.7,327.1,317633,0
2025-11-21 12:30:00+05:30,327.25,327.45,326.85,327.2,114408,0
2025-11-21 12:35:00+05:30,327.2,327.9,327.1,327.6,168173,0
2025-11-21 12:40:00+05:30,327.7,327.8,327.5,327.5,51445,0
2025-11-21 12:45:00+05:30,327.55,327.6,327.35,327.5,55151,0
2025-11-21 12:50:00+05:30,327.5,327.7,327.15,327.25,57180,0
2025-11-21 12:55:00+05:30,327.35,327.5,327.0,327.2,51825,0
2025-11-21 13:00:00+05:30,327.1,327.25,326.7,326.7,57423,0
2025-11-21 13:05:00+05:30,326.8,326.95,326.6,326.75,61229,0
2025-11-21 13:10:00+05:30,326.8,327.0,326.6,326.85,64290,0
2025-11-21 13:15:00+05:30,326.75,327.15,326.5,326.65,46242,0
2025-11-21 13:20:00+05:30,326.65,326.8,326.45,326.5,55011,0
2025-11-21 13:25:00+05:30,326.6,326.75,326.5,326.5,51497,0
2025-11-21 13:30:00+05:30,326.65,326.65,326.15,326.35,62106,0
2025-11-21 13:35:00+05:30,326.35,326.7,326.25,326.4,78307,0
2025-11-21 13:40:00+05:30,326.4,326.65,326.25,326.5,81375,0
2025-11-21 13:45:00+05:30,326.6,326.75,326.45,326.7,47702,0
2025-11-21 13:50:00+05:30,326.7,327.05,326.1,326.3,95618,0
2025-11-21 13:55:00+05:30,326.3,326.7,326.0,326.6,79470,0
2025-11-21 14:00:00+05:30,326.6,326.95,326.4,326.5,73702,0
2025-11-21 14:05:00+05:30,326.55,326.75,326.5,326.55,51580,0
2025-11-21 14:10:00+05:30,326.65,326.7,326.25,326.5,61774,0
2025-11-21 14:15:00+05:30,326.55,326.95,326.5,326.65,90705,0
2025-11-21 14:20:00+05:30,326.7,327.0,326.4,326.8,65054,0
2025-11-21 14:25:00+05:30,326.85,327.1,326.65,327.0,69039,0
2025-11-21 14:30:00+05:30,327.05,327.2,326.5,326.7,47914,0
2025-11-21 14:35:00+05:30,326.65,326.85,326.35,326.55,47155,0
2025-11-21 14:40:00+05:30,326.6,326.85,326.5,326.65,45740,0
2025-11-21 14:45:00+05:30,326.6,326.7,326.3,326.45,77555,0
2025-11-21 14:50:00+05:30,326.5,326.75,326.45,326.5,65472,0
2025-11-21 14:55:00+05:30,326.55,326.65,326.3,326.5,111587,0
2025-11-21 15:00:00+05:30,326.55,326.6,326.4,326.55,87824,0
2025-11-21 15:05:00+05:30,326.55,327.4,326.4,326.5,472876,0
2025-11-21 15:10:00+05:30,326.55,326.75,326.35,326.5,198333,0
2025-11-21 15:15:00+05:30,326.55,326.8,326.5,326.65,137228,0
2025-11-21 15:20:00+05:30,326.7,326.85,326.3,326.45,231580,0
2025-11-21 15:25:00+05:30,326.5,326.85,326.0,326.4,240117,0
2025-11-24 09:15:00+05:30,326.7,327.1,325.5,325.85,179690,0
2025-11-24 09:20:00+05:30,325.95,326.15,325.6,325.9,90973,0
2025-11-24 09:25:00+05:30,326.0,326.3,325.65,326.0,81978,0
2025-11-24 09:30:00+05:30,326.1,326.15,325.75,326.0,71236,0
2025-11-24 09:35:00+05:30,326.0,326.1,325.75,325.8,62924,0
2025-11-24 09:40:00+05:30,325.95,326.0,325.75,325.9,48107,0
2025-11-24 09:45:00+05:30,325.9,326.2,325.8,326.15,34050,0
2025-11-24 09:50:00+05:30,326.15,326.25,326.0,326.1,34989,0
2025-11-24 09:55:00+05:30,326.05,326.25,325.95,326.1,29064,0
2025-11-24 10:00:00+05:30,326.1,326.35,325.95,326.0,26058,0
2025-11-24 10:05:00+05:30,326.1,326.25,326.0,326.25,13140,0
2025-11-24 10:10:00+05:30,326.25,326.7,326.15,326.55,32280,0
2025-11-24 10:15:00+05:30,326.55,326.65,326.3,326.35,58935,0
2025-11-24 10:20:00+05:30,326.4,326.5,326.0,326.1,28138,0
2025-11-24 10:25:00+05:30,326.15,326.15,326.0,326.05,14439,0
2025-11-24 10:30:00+05:30,326.05,326.35,325.95,326.2,191977,0
2025-11-24 10:35:00+05:30,326.2,326.25,325.6,325.7,57691,0
2025-11-24 10:40:00+05:30,325.7,326.3,325.6,326.1,186304,0
2025-11-24 10:45:00+05:30,326.1,326.1,325.8,326.0,144613,0
2025-11-24 10:50:00+05:30,326.0,326.0,325.5,325.65,125396,0
2025-11-24 10:55:00+05:30,325.65,325.95,325.5,325.55,120584,0
2025-11-24 11:00:00+05:30,325.65,325.8,325.15,325.45,116309,0
2025-11-24 11:05:00+05:30,325.45,325.55,325.1,325.25,87093,0
2025-11-24 11:10:00+05:30,325.3,325.5,325.15,325.5,105696,0
2025-11-24 11:15:00+05:30,325.45,325.55,325.25,325.35,213208,0
2025-11-24 11:20:00+05:30,325.4,326.1,325.35,325.8,293991,0
2025-11-24 11:25:00+05:30,325.85,325.85,325.45,325.55,35952,0
2025-11-24 11:30:00+05:30,325.55,326.3,325.55,325.75,128438,0
2025-11-24 11:35:00+05:30,325.8,326.0,325.6,325.85,87251,0
2025-11-24 11:40:00+05:30,325.9,326.05,325.7,326.0,156204,0
2025-11-24 11:45:00+05:30,326.05,326.05,325.5,325.65,135464,0
2025-11-24 11:50:00+05:30,325.7,325.8,324.95,325.0,171070,0
2025-11-24 11:55:00+05:30,325.05,325.05,324.5,324.75,78726,0
2025-11-24 12:00:00+05:30,324.75,325.15,324.7,325.0,77804,0
2025-11-24 12:05:00+05:30,325.05,325.15,324.85,325.05,135016,0
2025-11-24 12:10:00+05:30,325.05,325.4,325.0,325.15,103311,0
2025-11-24 12:15:00+05:30,325.2,325.6,325.1,325.4,121928,0
2025-11-24 12:20:00+05:30,325.4,325.6,325.2,325.5,137555,0
2025-11-24 12:25:00+05:30,325.55,325.55,325.25,325.5,167658,0
2025-11-24 12:30:00+05:30,325.55,325.75,325.15,325.5,176082,0
2025-11-24 12:35:00+05:30,325.55,325.65,325.1,325.25,137688,0
2025-11-24 12:40:00+05:30,325.4,325.6,325.15,325.2,87000,0
2025-11-24 12:45:00+05:30,325.3,325.5,325.05,325.25,158450,0
2025-11-24 12:50:00+05:30,325.3,325.4,325.0,325.0,112032,0
2025-11-24 12:55:00+05:30,325.1,325.15,325.0,325.0,45951,0
2025-11-24 13:00:00+05:30,325.05,325.05,324.8,324.8,40669,0
2025-11-24 13:05:00+05:30,324.95,324.95,324.7,324.7,37186,0
2025-11-24 13:10:00+05:30,324.85,325.0,324.7,324.8,40225,0
2025-11-24 13:15:00+05:30,324.9,325.0,324.6,324.65,27408,0
2025-11-24 13:20:00+05:30,324.8,324.95,324.6,324.7,38799,0
2025-11-24 13:25:00+05:30,324.85,324.85,324.6,324.6,26409,0
2025-11-24 13:30:00+05:30,324.7,324.75,324.35,324.5,68539,0
2025-11-24 13:35:00+05:30,324.5,324.55,324.35,324.35,48328,0
2025-11-24 13:40:00+05:30,324.5,324.55,324.35,324.45,29023,0
2025-11-24 13:45:00+05:30,324.45,324.5,324.3,324.3,24338,0
2025-11-24 13:50:00+05:30,324.4,324.45,324.1,324.25,30643,0
2025-11-24 13:55:00+05:30,324.25,324.35,324.1,324.1,38665,0
2025-11-24 14:00:00+05:30,324.2,324.25,324.0,324.0,62639,0
2025-11-24 14:05:00+05:30,324.1,324.2,323.85,323.85,92807,0
2025-11-24 14:10:00+05:30,324.0,324.15,323.65,323.95,84140,0
2025-11-24 14:15:00+05:30,323.95,324.15,323.55,323.6,115640,0
2025-11-24 14:20:00+05:30,323.65,324.0,323.55,323.8,79724,0
2025-11-24 14:25:00+05:30,323.95,324.45,323.9,324.25,75860,0
2025-11-24 14:30:00+05:30,324.25,324.5,324.2,324.45,85109,0
2025-11-24 14:35:00+05:30,324.5,324.6,324.0,324.15,106768,0
2025-11-24 14:40:00+05:30,324.15,324.3,323.95,323.95,81231,0
2025-11-24 14:45:00+05:30,323.95,324.45,323.9,324.05,138657,0
2025-11-24 14:50:00+05:30,324.2,324.35,324.0,324.1,110453,0
2025-11-24 14:55:00+05:30,324.25,324.45,324.0,324.15,141550,0
2025-11-24 15:00:00+05:30,324.15,324.55,322.05,322.7,1526373,0
2025-11-24 15:05:00+05:30,322.7,324.65,322.2,324.0,1732728,0
2025-11-24 15:10:00+05:30,324.0,324.05,322.75,323.25,1177757,0
2025-11-24 15:15:00+05:30,323.2,323.25,322.9,323.05,1262984,0
2025-11-24 15:20:00+05:30,323.05,324.2,323.0,323.8,1047519,0
2025-11-24 15:25:00+05:30,323.8,325.05,323.45,324.75,644133,0
2025-11-25 09:15:00+05:30,323.45,324.25,323.0,323.3,100114,0
2025-11-25 09:20:00+05:30,323.4,323.55,322.5,322.8,69339,0
2025-11-25 09:25:00+05:30,322.8,323.0,322.6,322.75,30245,0
2025-11-25 09:30:00+05:30,322.7,323.55,322.7,323.5,58110,0
2025-11-25 09:35:00+05:30,323.5,323.55,323.25,323.35,21172,0
2025-11-25 09:40:00+05:30,323.25,323.65,323.25,323.4,30001,0
2025-11-25 09:45:00+05:30,323.4,323.8,323.35,323.6,36655,0
2025-11-25 09:50:00+05:30,323.65,323.95,323.5,323.8,14987,0
2025-11-25 09:55:00+05:30,323.8,324.25,323.8,324.15,46389,0
2025-11-25 10:00:00+05:30,324.15,324.35,323.95,324.1,57066,0
2025-11-25 10:05:00+05:30,324.1,324.4,324.05,324.2,10279,0
2025-11-25 10:10:00+05:30,324.15,324.65,324.1,324.65,64929,0
2025-11-25 10:15:00+05:30,324.75,325.2,324.6,325.1,34466,0
2025-11-25 10:20:00+05:30,325.0,325.55,325.0,325.45,32494,0
2025-11-25 10:25:00+05:30,325.45,325.6,325.35,325.45,23441,0
2025-11-25 10:30:00+05:30,325.4,325.5,325.05,325.25,27802,0
2025-11-25 10:35:00+05:30,325.15,325.35,324.9,325.1,24694,0
2025-11-25 10:40:00+05:30,325.1,325.2,324.8,324.8,19453,0
2025-11-25 10:45:00+05:30,324.85,325.45,324.75,325.4,67934,0
2025-11-25 10:50:00+05:30,325.35,325.45,325.0,325.0,39454,0
2025-11-25 10:55:00+05:30,325.0,325.1,324.4,324.9,371726,0
2025-11-25 11:00:00+05:30,324.9,324.9,324.45,324.8,37747,0
2025-11-25 11:05:00+05:30,324.85,325.25,324.7,325.2,68514,0
2025-11-25 11:10:00+05:30,325.1,325.2,325.0,325.1,53389,0
2025-11-25 11:15:00+05:30,325.15,325.25,325.0,325.15,55106,0
2025-11-25 11:20:00+05:30,325.0,325.15,325.0,325.05,149276,0
2025-11-25 11:25:00+05:30,325.0,325.3,325.0,325.15,38134,0
2025-11-25 11:30:00+05:30,325.15,325.3,325.0,325.1,37163,0
2025-11-25 11:35:00+05:30,325.1,325.3,325.0,325.15,35969,0
2025-11-25 11:40:00+05:30,325.0,325.2,324.85,325.05,41742,0
2025-11-25 11:45:00+05:30,324.9,325.1,324.7,324.95,68393,0
2025-11-25 11:50:00+05:30,324.85,325.05,324.55,324.8,40634,0
2025-11-25 11:55:00+05:30,324.65,325.0,324.6,324.95,51084,0
2025-11-25 12:00:00+05:30,324.95,325.05,324.6,324.9,56301,0
2025-11-25 12:05:00+05:30,324.9,325.0,324.6,324.7,91985,0
2025-11-25 12:10:00+05:30,324.85,325.0,324.7,324.9,46204,0
2025-11-25 12:15:00+05:30,324.9,324.95,324.55,324.85,76174,0
2025-11-25 12:20:00+05:30,324.8,324.95,324.6,324.8,40129,0
2025-11-25 12:25:00+05:30,324.8,324.85,324.6,324.75,40089,0
2025-11-25 12:30:00+05:30,324.75,324.8,324.2,324.45,55007,0
2025-11-25 12:35:00+05:30,324.45,324.45,324.0,324.25,57901,0
2025-11-25 12:40:00+05:30,324.25,324.3,324.0,324.15,41772,0
2025-11-25 12:45:00+05:30,324.15,324.3,324.05,324.2,41487,0
2025-11-25 12:50:00+05:30,324.2,325.05,324.15,324.8,252872,0
2025-11-25 12:55:00+05:30,324.7,324.8,324.3,324.55,48083,0
2025-11-25 13:00:00+05:30,324.55,324.55,323.9,324.25,72682,0
2025-11-25 13:05:00+05:30,324.05,324.8,324.05,324.7,223633,0
2025-11-25 13:10:00+05:30,324.55,324.8,324.45,324.65,61907,0
2025-11-25 13:15:00+05:30,324.65,324.9,324.5,324.85,54195,0
2025-11-25 13:20:00+05:30,324.85,325.0,324.6,324.85,79378,0
2025-11-25 13:25:00+05:30,324.95,325.0,324.6,324.9,63187,0
2025-11-25 13:30:00+05:30,324.9,324.95,324.7,324.9,60676,0
2025-11-25 13:35:00+05:30,324.9,324.95,324.6,324.85,76565,0
2025-11-25 13:40:00+05:30,324.8,324.85,324.4,324.45,114055,0
2025-11-25 13:45:00+05:30,324.45,324.85,324.25,324.8,66459,0
2025-11-25 13:50:00+05:30,324.75,324.8,324.45,324.65,60052,0
2025-11-25 13:55:00+05:30,324.55,324.85,324.4,324.75,63379,0
2025-11-25 14:00:00+05:30,324.75,324.75,324.35,324.65,84863,0
2025-11-25 14:05:00+05:30,324.65,325.0,324.55,324.85,117659,0
2025-11-25 14:10:00+05:30,324.9,324.95,324.55,324.65,80077,0
2025-11-25 14:15:00+05:30,324.65,324.9,324.2,324.3,189545,0
2025-11-25 14:20:00+05:30,324.3,324.5,324.1,324.4,69917,0
2025-11-25 14:25:00+05:30,324.3,324.4,323.8,323.9,104850,0
2025-11-25 14:30:00+05:30,323.9,324.0,323.7,324.0,163852,0
2025-11-25 14:35:00+05:30,323.95,324.0,323.5,323.65,93707,0
2025-11-25 14:40:00+05:30,323.65,323.85,323.4,323.75,156557,0
2025-11-25 14:45:00+05:30,323.75,323.8,323.4,323.5,155905,0
2025-11-25 14:50:00+05:30,323.5,325.2,323.4,325.0,500488,0
2025-11-25 14:55:00+05:30,325.0,325.35,323.6,323.7,363035,0
2025-11-25 15:00:00+05:30,323.75,324.35,323.4,323.65,418976,0
2025-11-25 15:05:00+05:30,323.65,323.85,323.55,323.65,431799,0
2025-11-25 15:10:00+05:30,323.65,323.7,323.5,323.7,401703,0
2025-11-25 15:15:00+05:30,323.65,323.75,323.55,323.75,351945,0
2025-11-25 15:20:00+05:30,323.75,323.9,323.65,323.85,371876,0
2025-11-25 15:25:00+05:30,323.85,323.9,323.0,323.3,313709,0
2025-11-26 09:15:00+05:30,324.3,325.7,324.0,324.7,99066,0
2025-11-26 09:20:00+05:30,324.7,325.6,324.7,325.2,102373,0
2025-11-26 09:25:00+05:30,325.2,325.85,325.05,325.7,110503,0
2025-11-26 09:30:00+05:30,325.7,325.8,325.2,325.45,45043,0
2025-11-26 09:35:00+05:30,325.45,325.55,324.95,325.1,28833,0
2025-11-26 09:40:00+05:30,325.05,325.45,324.9,325.25,54816,0
2025-11-26 09:45:00+05:30,325.1,326.05,325.1,326.0,106215,0
2025-11-26 09:50:00+05:30,325.85,326.45,325.85,326.0,63836,0
2025-11-26 09:55:00+05:30,326.0,326.25,325.85,326.0,39770,0
2025-11-26 10:00:00+05:30,326.0,326.1,325.8,326.1,44711,0
2025-11-26 10:05:00+05:30,326.0,326.1,325.8,325.95,20680,0
2025-11-26 10:10:00+05:30,325.9,326.0,325.35,325.95,43488,0
2025-11-26 10:15:00+05:30,325.95,326.1,325.5,325.65,40974,0
2025-11-26 10:20:00+05:30,325.75,325.9,325.5,325.7,30431,0
2025-11-26 10:25:00+05:30,325.75,325.75,325.35,325.5,29092,0
2025-11-26 10:30:00+05:30,325.4,325.9,325.4,325.5,36747,0
2025-11-26 10:35:00+05:30,325.5,325.75,325.5,325.7,21699,0
2025-11-26 10:40:00+05:30,325.75,325.75,325.3,325.45,99038,0
2025-11-26 10:45:00+05:30,325.5,325.85,325.5,325.55,23627,0
2025-11-26 10:50:00+05:30,325.55,326.6,325.5,326.6,96571,0
2025-11-26 10:55:00+05:30,326.6,326.75,326.3,326.6,85722,0
2025-11-26 11:00:00+05:30,326.5,326.7,326.4,326.6,40000,0
2025-11-26 11:05:00+05:30,326.45,326.7,326.35,326.6,42984,0
2025-11-26 11:10:00+05:30,326.6,327.15,326.4,327.15,92789,0
2025-11-26 11:15:00+05:30,327.05,327.4,327.0,327.35,47162,0
2025-11-26 11:20:00+05:30,327.35,327.4,327.2,327.3,34686,0
2025-11-26 11:25:00+05:30,327.3,327.7,327.1,327.4,90037,0
2025-11-26 11:30:00+05:30,327.4,327.45,327.15,327.35,47221,0
2025-11-26 11:35:00+05:30,327.35,327.65,327.0,327.65,102739,0
2025-11-26 11:40:00+05:30,327.65,327.8,327.45,327.55,234346,0
2025-11-26 11:45:00+05:30,327.5,327.7,327.25,327.5,264710,0
2025-11-26 11:50:00+05:30,327.5,327.5,327.0,327.2,32283,0
2025-11-26 11:55:00+05:30,327.15,327.35,327.0,327.15,33565,0
2025-11-26 12:00:00+05:30,327.05,327.65,327.0,327.5,79694,0
2025-11-26 12:05:00+05:30,327.5,327.6,327.25,327.35,92940,0
2025-11-26 12:10:00+05:30,327.4,327.4,327.0,327.1,28062,0
2025-11-26 12:15:00+05:30,327.1,327.2,327.0,327.1,22888,0
2025-11-26 12:20:00+05:30,327.1,327.2,326.7,326.85,32828,0
2025-11-26 12:25:00+05:30,326.85,326.85,326.2,326.25,37240,0
2025-11-26 12:30:00+05:30,326.25,326.3,326.1,326.3,27014,0
2025-11-26 12:35:00+05:30,326.3,326.5,326.15,326.5,35081,0
2025-11-26 12:40:00+05:30,326.5,326.5,326.0,326.2,24681,0
2025-11-26 12:45:00+05:30,326.15,326.35,325.75,325.75,59900,0
2025-11-26 12:50:00+05:30,325.8,325.9,325.5,325.75,41780,0
2025-11-26 12:55:00+05:30,325.75,326.0,325.5,325.8,55644,0
2025-11-26 13:00:00+05:30,325.75,326.7,325.65,326.15,219100,0
2025-11-26 13:05:00+05:30,326.15,326.25,325.75,326.05,56728,0
2025-11-26 13:10:00+05:30,326.05,326.15,325.75,326.0,73146,0
2025-11-26 13:15:00+05:30,326.1,326.1,325.95,326.0,119644,0
2025-11-26 13:20:00+05:30,326.05,326.05,325.5,325.55,131473,0
2025-11-26 13:25:00+05:30,325.5,326.5,325.4,325.5,203144,0
2025-11-26 13:30:00+05:30,325.55,325.75,325.35,325.55,87306,0
2025-11-26 13:35:00+05:30,325.55,325.8,325.4,325.75,90600,0
2025-11-26 13:40:00+05:30,325.75,325.95,325.45,325.95,102986,0
2025-11-26 13:45:00+05:30,325.95,326.0,325.65,325.95,111784,0
2025-11-26 13:50:00+05:30,325.95,326.15,325.65,326.0,110970,0
2025-11-26 13:55:00+05:30,325.95,326.1,325.7,325.8,113708,0
2025-11-26 14:00:00+05:30,325.75,326.45,325.75,326.25,177142,0
2025-11-26 14:05:00+05:30,326.25,326.4,326.0,326.25,85106,0
2025-11-26 14:10:00+05:30,326.25,326.3,326.0,326.2,85057,0
2025-11-26 14:15:00+05:30,326.2,326.4,326.05,326.4,92471,0
2025-11-26 14:20:00+05:30,326.4,326.45,326.1,326.2,85692,0
2025-11-26 14:25:00+05:30,326.35,326.45,325.65,325.75,185469,0
2025-11-26 14:30:00+05:30,325.75,326.0,325.65,325.95,101811,0
2025-11-26 14:35:00+05:30,325.95,326.1,325.8,326.0,117205,0
2025-11-26 14:40:00+05:30,326.0,326.5,325.85,326.05,177724,0
2025-11-26 14:45:00+05:30,326.2,326.25,325.55,325.6,97540,0
2025-11-26 14:50:00+05:30,325.55,325.9,325.45,325.9,173437,0
2025-11-26 14:55:00+05:30,325.9,326.0,325.4,325.55,152121,0
2025-11-26 15:00:00+05:30,325.5,326.0,325.5,325.95,174347,0
2025-11-26 15:05:00+05:30,325.95,326.5,325.85,326.0,376110,0
2025-11-26 15:10:00+05:30,326.05,326.45,325.95,326.25,232677,0
2025-11-26 15:15:00+05:30,326.2,326.3,326.0,326.2,215191,0
2025-11-26 15:20:00+05:30,326.1,326.35,326.0,326.2,194229,0
2025-11-26 15:25:00+05:30,326.2,326.4,326.0,326.4,133550,0
2025-11-27 09:15:00+05:30,327.15,327.95,326.2,327.75,119593,0
2025-11-27 09:20:00+05:30,327.65,328.0,327.4,327.65,47763,0
2025-11-27 09:25:00+05:30,327.65,327.65,327.0,327.0,49889,0
2025-11-27 09:30:00+05:30,327.05,327.35,326.8,326.8,20380,0
2025-11-27 09:35:00+05:30,326.9,327.0,326.1,326.1,38073,0
2025-11-27 09:40:00+05:30,326.2,326.55,325.75,326.0,52970,0
2025-11-27 09:45:00+05:30,326.0,326.3,325.65,326.15,31501,0
2025-11-27 09:50:00+05:30,326.2,326.25,325.8,325.8,18572,0
2025-11-27 09:55:00+05:30,325.8,326.05,325.7,325.9,38442,0
2025-11-27 10:00:00+05:30,325.95,326.3,325.4,325.45,98835,0
2025-11-27 10:05:00+05:30,325.5,325.7,325.2,325.35,46319,0
2025-11-27 10:10:00+05:30,325.45,325.5,325.1,325.15,25254,0
2025-11-27 10:15:00+05:30,325.2,325.25,325.0,325.1,39738,0
2025-11-27 10:20:00+05:30,325.1,325.45,325.05,325.25,21082,0
2025-11-27 10:25:00+05:30,325.25,325.9,325.15,325.6,29449,0
2025-11-27 10:30:00+05:30,325.6,325.7,325.3,325.3,32295,0
2025-11-27 10:35:00+05:30,325.3,325.75,325.3,325.6,20273,0
2025-11-27 10:40:00+05:30,325.6,326.3,325.4,325.9,73544,0
2025-11-27 10:45:00+05:30,325.9,326.2,325.9,326.2,29767,0
2025-11-27 10:50:00+05:30,326.15,327.05,325.65,326.4,291004,0
2025-11-27 10:55:00+05:30,326.5,326.8,326.15,326.5,86439,0
2025-11-27 11:00:00+05:30,326.5,326.55,326.0,326.1,15477,0
2025-11-27 11:05:00+05:30,326.15,326.2,325.95,326.05,19673,0
2025-11-27 11:10:00+05:30,326.1,326.65,326.0,326.6,45591,0
2025-11-27 11:15:00+05:30,326.6,326.9,326.35,326.85,115469,0
2025-11-27 11:20:00+05:30,326.9,327.05,326.85,327.0,56564,0
2025-11-27 11:25:00+05:30,327.0,327.3,327.0,327.2,59934,0
2025-11-27 11:30:00+05:30,327.25,327.4,327.0,327.2,39704,0
2025-11-27 11:35:00+05:30,327.25,327.25,327.0,327.05,19224,0
2025-11-27 11:40:00+05:30,327.05,327.55,327.0,327.5,121087,0
2025-11-27 11:45:00+05:30,327.5,327.55,327.0,327.05,61330,0
2025-11-27 11:50:00+05:30,327.15,327.2,327.0,327.0,30529,0
2025-11-27 11:55:00+05:30,327.05,327.25,327.0,327.2,38745,0
2025-11-27 12:00:00+05:30,327.2,327.45,327.1,327.35,52695,0
2025-11-27 12:05:00+05:30,327.4,327.45,327.2,327.25,42806,0
2025-11-27 12:10:00+05:30,327.4,327.45,327.05,327.45,35810,0
2025-11-27 12:15:00+05:30,327.45,327.5,327.3,327.35,45612,0
2025-11-27 12:20:00+05:30,327.45,327.45,327.0,327.05,83285,0
2025-11-27 12:25:00+05:30,327.15,327.2,327.0,327.15,37270,0
2025-11-27 12:30:00+05:30,327.15,327.25,327.0,327.0,14408,0
2025-11-27 12:35:00+05:30,327.05,327.1,327.0,327.05,18001,0
2025-11-27 12:40:00+05:30,327.1,327.6,327.0,327.55,72258,0
2025-11-27 12:45:00+05:30,327.6,328.75,327.5,328.25,207897,0
2025-11-27 12:50:00+05:30,328.25,328.5,327.85,328.1,257627,0
2025-11-27 12:55:00+05:30,328.1,328.65,327.95,328.6,200264,0
2025-11-27 13:00:00+05:30,328.6,328.7,328.2,328.65,44588,0
2025-11-27 13:05:00+05:30,328.65,328.65,328.0,328.1,49828,0
2025-11-27 13:10:00+05:30,328.1,328.3,327.5,327.55,31137,0
2025-11-27 13:15:00+05:30,327.6,327.7,327.3,327.55,26867,0
2025-11-27 13:20:00+05:30,327.55,327.6,327.15,327.35,38245,0
2025-11-27 13:25:00+05:30,327.35,328.45,327.3,328.3,389831,0
2025-11-27 13:30:00+05:30,328.4,328.5,328.0,328.4,75318,0
2025-11-27 13:35:00+05:30,328.4,328.4,327.85,328.1,39910,0
2025-11-27 13:40:00+05:30,328.1,328.15,327.4,327.8,58270,0
2025-11-27 13:45:00+05:30,327.8,328.1,327.65,327.75,128787,0
2025-11-27 13:50:00+05:30,327.8,328.1,327.65,328.05,90756,0
2025-11-27 13:55:00+05:30,328.1,328.1,327.95,327.95,50506,0
2025-11-27 14:00:00+05:30,328.0,328.15,327.65,327.8,148215,0
2025-11-27 14:05:00+05:30,327.85,327.95,327.25,327.65,85998,0
2025-11-27 14:10:00+05:30,327.7,327.9,327.1,327.15,67585,0
2025-11-27 14:15:00+05:30,327.2,327.5,327.05,327.15,39828,0
2025-11-27 14:20:00+05:30,327.2,327.8,327.15,327.5,109145,0
2025-11-27 14:25:00+05:30,327.5,327.6,327.05,327.25,50002,0
2025-11-27 14:30:00+05:30,327.25,327.3,326.9,327.2,123749,0
2025-11-27 14:35:00+05:30,327.25,327.35,327.0,327.1,532772,0
2025-11-27 14:40:00+05:30,327.25,327.25,327.0,327.05,111901,0
2025-11-27 14:45:00+05:30,327.1,327.2,327.0,327.05,36750,0
2025-11-27 14:50:00+05:30,327.1,327.3,327.0,327.15,58389,0
2025-11-27 14:55:00+05:30,327.2,327.4,327.05,327.2,113006,0
2025-11-27 15:00:00+05:30,327.25,327.3,327.0,327.2,94517,0
2025-11-27 15:05:00+05:30,327.25,328.25,327.05,327.1,309525,0
2025-11-27 15:10:00+05:30,327.15,327.5,327.05,327.2,157930,0
2025-11-27 15:15:00+05:30,327.2,327.8,327.05,327.4,310008,0
2025-11-27 15:20:00+05:30,327.45,327.7,327.0,327.25,370526,0
2025-11-27 15:25:00+05:30,327.25,327.25,327.0,327.2,108510,0
2025-11-28 09:15:00+05:30,328.0,328.15,326.25,327.35,147845,0
2025-11-28 09:20:00+05:30,327.4,327.5,326.4,326.55,57744,0
2025-11-28 09:25:00+05:30,326.5,327.2,326.4,326.85,35718,0
2025-11-28 09:30:00+05:30,326.95,327.1,326.7,327.0,25441,0
2025-11-28 09:35:00+05:30,327.0,327.75,326.55,326.55,98495,0
2025-11-28 09:40:00+05:30,326.7,327.25,326.5,327.05,67207,0
2025-11-28 09:45:00+05:30,327.05,327.2,326.4,326.4,77627,0
2025-11-28 09:50:00+05:30,326.4,326.6,326.15,326.5,51057,0
2025-11-28 09:55:00+05:30,326.5,326.55,326.0,326.2,84885,0
2025-11-28 10:00:00+05:30,326.05,326.35,326.0,326.0,44493,0
2025-11-28 10:05:00+05:30,326.0,326.45,325.8,325.8,43795,0
2025-11-28 10:10:00+05:30,325.9,325.9,325.2,325.2,58306,0
2025-11-28 10:15:00+05:30,325.2,325.35,324.75,324.9,168163,0
2025-11-28 10:20:00+05:30,324.95,325.05,324.25,324.5,128012,0
2025-11-28 10:25:00+05:30,324.55,325.1,324.4,324.75,139694,0
2025-11-28 10:30:00+05:30,324.85,325.2,324.7,324.9,85771,0
2025-11-28 10:35:00+05:30,325.05,325.75,324.9,325.5,105214,0
2025-11-28 10:40:00+05:30,325.5,325.85,325.1,325.85,85338,0
2025-11-28 10:45:00+05:30,325.85,326.0,325.45,325.7,62577,0
2025-11-28 10:50:00+05:30,325.7,325.85,325.4,325.85,69721,0
2025-11-28 10:55:00+05:30,325.85,325.85,325.5,325.75,45579,0
2025-11-28 11:00:00+05:30,325.7,325.85,325.65,325.8,15602,0
2025-11-28 11:05:00+05:30,325.8,325.8,325.3,325.35,27675,0
2025-11-28 11:10:00+05:30,325.35,326.35,325.3,326.35,191856,0
2025-11-28 11:15:00+05:30,326.35,326.4,326.05,326.4,64791,0
2025-11-28 11:20:00+05:30,326.4,326.4,326.2,326.3,53294,0
2025-11-28 11:25:00+05:30,326.3,326.8,326.2,326.35,139026,0
2025-11-28 11:30:00+05:30,326.35,326.5,326.3,326.5,29977,0
2025-11-28 11:35:00+05:30,326.5,326.5,326.3,326.35,26313,0
2025-11-28 11:40:00+05:30,326.35,327.1,326.25,326.9,268807,0
2025-11-28 11:45:00+05:30,326.9,326.95,326.65,326.75,21277,0
2025-11-28 11:50:00+05:30,326.75,326.75,326.4,326.5,55300,0
2025-11-28 11:55:00+05:30,326.5,327.15,326.4,327.05,133444,0
2025-11-28 12:00:00+05:30,327.0,327.1,327.0,327.1,21513,0
2025-11-28 12:05:00+05:30,327.1,327.1,326.45,327.05,109357,0
2025-11-28 12:10:00+05:30,327.05,327.05,326.45,326.65,121668,0
2025-11-28 12:15:00+05:30,326.65,327.0,326.3,326.45,170938,0
2025-11-28 12:20:00+05:30,326.45,326.45,325.8,325.9,134398,0
2025-11-28 12:25:00+05:30,325.9,325.9,325.6,325.65,20261,0
2025-11-28 12:30:00+05:30,325.65,325.7,325.6,325.7,34014,0
2025-11-28 12:35:00+05:30,325.65,325.7,325.05,325.45,112176,0
2025-11-28 12:40:00+05:30,325.3,326.25,325.3,326.05,132774,0
2025-11-28 12:45:00+05:30,326.0,326.1,325.5,326.1,155162,0
2025-11-28 12:50:00+05:30,326.05,326.1,326.0,326.1,25822,0
2025-11-28 12:55:00+05:30,326.1,326.55,326.05,326.3,69377,0
2025-11-28 13:00:00+05:30,326.2,326.3,326.0,326.15,21303,0
2025-11-28 13:05:00+05:30,326.0,326.25,326.0,326.25,50507,0
2025-11-28 13:10:00+05:30,326.25,326.25,326.0,326.05,15460,0
2025-11-28 13:15:00+05:30,326.0,326.05,326.0,326.05,21669,0
2025-11-28 13:20:00+05:30,326.05,326.1,326.0,326.1,44985,0
2025-11-28 13:25:00+05:30,326.05,326.1,326.0,326.05,19799,0
2025-11-28 13:30:00+05:30,326.05,326.45,326.0,326.45,103826,0
2025-11-28 13:35:00+05:30,326.3,326.8,326.3,326.8,102189,0
2025-11-28 13:40:00+05:30,326.75,326.8,326.55,326.6,58940,0
2025-11-28 13:45:00+05:30,326.55,327.05,326.5,326.75,296734,0
2025-11-28 13:50:00+05:30,326.75,326.75,326.45,326.65,61822,0
2025-11-28 13:55:00+05:30,326.6,326.65,326.45,326.65,63194,0
2025-11-28 14:00:00+05:30,326.5,326.65,326.15,326.25,73413,0
2025-11-28 14:05:00+05:30,326.25,326.35,326.1,326.35,114233,0
2025-11-28 14:10:00+05:30,326.25,326.4,326.15,326.25,120225,0
2025-11-28 14:15:00+05:30,326.25,326.45,326.15,326.35,61331,0
2025-11-28 14:20:00+05:30,326.35,326.65,326.25,326.4,109520,0
2025-11-28 14:25:00+05:30,326.4,326.45,326.1,326.15,90639,0
2025-11-28 14:30:00+05:30,326.35,326.65,326.1,326.5,162281,0
2025-11-28 14:35:00+05:30,326.5,326.6,326.15,326.45,105220,0
2025-11-28 14:40:00+05:30,326.45,326.9,326.15,326.35,600739,0
2025-11-28 14:45:00+05:30,326.35,327.1,326.25,327.05,133249,0
2025-11-28 14:50:00+05:30,327.0,327.0,326.75,327.0,75294,0
2025-11-28 14:55:00+05:30,327.0,327.05,326.8,326.85,59110,0
2025-11-28 15:00:00+05:30,326.85,326.9,326.45,326.5,320179,0
2025-11-28 15:05:00+05:30,326.5,326.75,326.15,326.35,562379,0
2025-11-28 15:10:00+05:30,326.35,326.45,326.1,326.25,479203,0
2025-11-28 15:15:00+05:30,326.3,326.6,326.15,326.5,482241,0
2025-11-28 15:20:00+05:30,326.5,327.0,326.35,326.65,421056,0
2025-11-28 15:25:00+05:30,326.5,327.0,326.3,326.7,282187,0
2025-12-01 09:15:00+05:30,327.1,328.25,326.7,327.55,189040,0
2025-12-01 09:20:00+05:30,327.6,328.25,327.1,327.25,96665,0
2025-12-01 09:25:00+05:30,327.25,327.6,327.1,327.25,36967,0
2025-12-01 09:30:00+05:30,327.15,327.4,326.95,327.0,38041,0
2025-12-01 09:35:00+05:30,326.9,327.05,326.65,326.75,32684,0
2025-12-01 09:40:00+05:30,326.75,327.0,326.55,326.85,43322,0
2025-12-01 09:45:00+05:30,326.8,327.45,326.6,327.05,78786,0
2025-12-01 09:50:00+05:30,327.0,327.1,326.2,326.25,77204,0
2025-12-01 09:55:00+05:30,326.3,326.85,326.3,326.45,98983,0
2025-12-01 10:00:00+05:30,326.45,326.85,326.3,326.5,24370,0
2025-12-01 10:05:00+05:30,326.5,327.0,326.45,326.7,28406,0
2025-12-01 10:10:00+05:30,326.65,327.0,326.65,326.7,9959,0
2025-12-01 10:15:00+05:30,326.7,326.85,326.5,326.7,12274,0
2025-12-01 10:20:00+05:30,326.7,326.7,326.1,326.4,53616,0
2025-12-01 10:25:00+05:30,326.4,326.5,326.05,326.3,29963,0
2025-12-01 10:30:00+05:30,326.35,326.7,326.1,326.35,113137,0
2025-12-01 10:35:00+05:30,326.35,326.5,326.0,326.05,48701,0
2025-12-01 10:40:00+05:30,326.05,326.4,326.0,326.1,36424,0
2025-12-01 10:45:00+05:30,326.15,326.35,326.0,326.05,40315,0
2025-12-01 10:50:00+05:30,326.05,326.3,325.75,326.2,51512,0
2025-12-01 10:55:00+05:30,326.2,326.4,326.05,326.2,35053,0
2025-12-01 11:00:00+05:30,326.2,326.5,325.95,326.3,67125,0
2025-12-01 11:05:00+05:30,326.3,326.35,326.0,326.1,40839,0
2025-12-01 11:10:00+05:30,326.1,326.45,325.95,326.25,53719,0
2025-12-01 11:15:00+05:30,326.25,326.45,326.15,326.3,29386,0
2025-12-01 11:20:00+05:30,326.3,326.5,326.05,326.1,45333,0
2025-12-01 11:25:00+05:30,326.1,326.25,325.95,326.15,34967,0
2025-12-01 11:30:00+05:30,326.15,327.15,326.05,327.0,294486,0
2025-12-01 11:35:00+05:30,327.0,327.0,326.55,326.6,58762,0
2025-12-01 11:40:00+05:30,326.6,327.0,326.35,326.4,80599,0
2025-12-01 11:45:00+05:30,326.4,327.15,326.35,326.85,397248,0
2025-12-01 11:50:00+05:30,327.0,327.15,326.45,326.65,85350,0
2025-12-01 11:55:00+05:30,326.65,326.8,326.25,326.25,35180,0
2025-12-01 12:00:00+05:30,326.35,326.35,325.55,325.7,48520,0
2025-12-01 12:05:00+05:30,325.7,325.95,325.6,325.7,30087,0
2025-12-01 12:10:00+05:30,325.7,325.8,325.55,325.65,25806,0
2025-12-01 12:15:00+05:30,325.65,325.65,325.5,325.55,35635,0
2025-12-01 12:20:00+05:30,325.65,326.15,325.45,326.1,45794,0
2025-12-01 12:25:00+05:30,326.1,326.1,325.9,326.05,19604,0
2025-12-01 12:30:00+05:30,326.05,326.05,325.7,325.9,60616,0
2025-12-01 12:35:00+05:30,325.9,326.0,325.85,326.0,10962,0
2025-12-01 12:40:00+05:30,326.0,326.0,325.5,325.9,27723,0
2025-12-01 12:45:00+05:30,325.9,325.95,325.6,325.75,17505,0
2025-12-01 12:50:00+05:30,325.75,325.85,325.55,325.7,7994,0
2025-12-01 12:55:00+05:30,325.7,326.2,325.65,326.0,100845,0
2025-12-01 13:00:00+05:30,326.05,326.15,326.0,326.1,38136,0
2025-12-01 13:05:00+05:30,326.1,326.4,326.0,326.05,28630,0
2025-12-01 13:10:00+05:30,326.05,326.2,326.0,326.05,25032,0
2025-12-01 13:15:00+05:30,326.05,326.2,326.0,326.05,23111,0
2025-12-01 13:20:00+05:30,326.05,326.15,326.0,326.0,24232,0
2025-12-01 13:25:00+05:30,326.0,326.1,325.6,325.7,87938,0
2025-12-01 13:30:00+05:30,325.7,325.95,325.55,325.65,11491,0
2025-12-01 13:35:00+05:30,325.65,326.1,325.6,326.05,30827,0
2025-12-01 13:40:00+05:30,326.05,326.15,325.95,326.05,24026,0
2025-12-01 13:45:00+05:30,326.05,326.5,326.0,326.45,50404,0
2025-12-01 13:50:00+05:30,326.45,326.5,326.15,326.25,54493,0
2025-12-01 13:55:00+05:30,326.2,326.35,326.0,326.2,33427,0
2025-12-01 14:00:00+05:30,326.2,327.25,326.1,327.25,231338,0
2025-12-01 14:05:00+05:30,327.25,327.5,326.35,326.55,155924,0
2025-12-01 14:10:00+05:30,326.55,326.6,326.25,326.5,122099,0
2025-12-01 14:15:00+05:30,326.5,326.85,326.3,326.6,161208,0
2025-12-01 14:20:00+05:30,326.55,327.15,326.35,327.1,349107,0
2025-12-01 14:25:00+05:30,327.1,327.45,326.9,327.25,139918,0
2025-12-01 14:30:00+05:30,327.4,327.4,326.85,327.2,146140,0
2025-12-01 14:35:00+05:30,327.2,327.2,326.85,327.05,132404,0
2025-12-01 14:40:00+05:30,327.05,327.05,326.65,326.85,136763,0
2025-12-01 14:45:00+05:30,326.85,327.0,326.55,326.65,135684,0
2025-12-01 14:50:00+05:30,326.8,327.05,326.5,326.65,225259,0
2025-12-01 14:55:00+05:30,326.7,326.95,326.55,326.85,211975,0
2025-12-01 15:00:00+05:30,326.85,326.95,326.5,326.9,227000,0
2025-12-01 15:05:00+05:30,326.9,327.85,326.7,327.45,462155,0
2025-12-01 15:10:00+05:30,327.45,327.5,326.85,327.1,242634,0
2025-12-01 15:15:00+05:30,327.1,327.3,327.05,327.3,210637,0
2025-12-01 15:20:00+05:30,327.3,327.45,327.05,327.25,200038,0
2025-12-01 15:25:00+05:30,327.25,328.0,327.1,327.95,180831,0
2025-12-02 09:15:00+05:30,327.45,329.15,326.75,328.4,218348,0
2025-12-02 09:20:00+05:30,328.45,328.55,327.75,328.5,85643,0
2025-12-02 09:25:00+05:30,328.5,328.8,328.25,328.55,81220,0
2025-12-02 09:30:00+05:30,328.65,328.7,327.85,327.9,51289,0
2025-12-02 09:35:00+05:30,327.85,328.25,327.8,328.0,85893,0
2025-12-02 09:40:00+05:30,328.05,328.15,327.75,328.0,38080,0
2025-12-02 09:45:00+05:30,328.0,328.1,327.75,327.85,42527,0
2025-12-02 09:50:00+05:30,327.75,327.85,327.5,327.65,42260,0
2025-12-02 09:55:00+05:30,327.65,327.75,327.4,327.55,29807,0
2025-12-02 10:00:00+05:30,327.55,328.1,327.45,328.0,51440,0
2025-12-02 10:05:00+05:30,328.0,328.5,327.95,328.25,40419,0
2025-12-02 10:10:00+05:30,328.25,328.25,327.8,327.85,26800,0
2025-12-02 10:15:00+05:30,327.9,328.2,327.75,328.2,52301,0
2025-12-02 10:20:00+05:30,328.2,328.6,328.05,328.15,46382,0
2025-12-02 10:25:00+05:30,328.15,328.3,328.1,328.25,22180,0
2025-12-02 10:30:00+05:30,328.2,328.35,327.9,328.35,112167,0
2025-12-02 10:35:00+05:30,328.35,328.4,328.2,328.25,25249,0
2025-12-02 10:40:00+05:30,328.3,328.6,328.15,328.2,49721,0
2025-12-02 10:45:00+05:30,328.2,328.2,327.9,327.95,12313,0
2025-12-02 10:50:00+05:30,327.95,328.1,327.9,328.0,55256,0
2025-12-02 10:55:00+05:30,328.05,328.15,327.85,328.15,69267,0
2025-12-02 11:00:00+05:30,328.15,328.15,327.95,328.05,24039,0
2025-12-02 11:05:00+05:30,327.95,328.05,327.55,327.7,49507,0
2025-12-02 11:10:00+05:30,327.7,327.9,327.4,327.5,66382,0
2025-12-02 11:15:00+05:30,327.5,329.0,327.4,328.5,305026,0
2025-12-02 11:20:00+05:30,328.5,329.15,328.35,329.1,99764,0
2025-12-02 11:25:00+05:30,329.15,329.15,329.0,329.05,93987,0
2025-12-02 11:30:00+05:30,329.0,329.4,328.95,329.4,89998,0
2025-12-02 11:35:00+05:30,329.4,329.6,329.2,329.6,100116,0
2025-12-02 11:40:00+05:30,329.6,329.65,329.05,329.1,143180,0
2025-12-02 11:45:00+05:30,329.2,329.3,329.1,329.3,40192,0
2025-12-02 11:50:00+05:30,329.3,329.35,328.95,329.1,62550,0
2025-12-02 11:55:00+05:30,329.1,329.3,328.9,329.15,42996,0
2025-12-02 12:00:00+05:30,329.15,329.15,328.0,328.25,184439,0
2025-12-02 12:05:00+05:30,328.2,328.4,328.05,328.25,60189,0
2025-12-02 12:10:00+05:30,328.25,329.0,328.2,328.9,92104,0
2025-12-02 12:15:00+05:30,328.9,329.45,328.85,329.45,82677,0
2025-12-02 12:20:00+05:30,329.45,329.5,329.15,329.45,51121,0
2025-12-02 12:25:00+05:30,329.45,329.7,329.25,329.35,113084,0
2025-12-02 12:30:00+05:30,329.35,329.75,328.75,329.65,84461,0
2025-12-02 12:35:00+05:30,329.7,329.8,329.6,329.75,43847,0
2025-12-02 12:40:00+05:30,329.75,329.95,329.65,329.75,88558,0
2025-12-02 12:45:00+05:30,329.75,329.85,329.45,329.6,73699,0
2025-12-02 12:50:00+05:30,329.6,329.6,329.2,329.2,35415,0
2025-12-02 12:55:00+05:30,329.3,329.35,328.95,329.3,62750,0
2025-12-02 13:00:00+05:30,329.35,329.4,329.0,329.25,36445,0
2025-12-02 13:05:00+05:30,329.25,329.55,328.8,329.45,79547,0
2025-12-02 13:10:00+05:30,329.45,329.5,329.05,329.35,69215,0
2025-12-02 13:15:00+05:30,329.4,329.45,329.3,329.4,30703,0
2025-12-02 13:20:00+05:30,329.4,329.5,329.25,329.4,32225,0
2025-12-02 13:25:00+05:30,329.4,329.4,329.25,329.3,19325,0
2025-12-02 13:30:00+05:30,329.3,329.35,329.2,329.2,28953,0
2025-12-02 13:35:00+05:30,329.25,329.25,329.1,329.2,43644,0
2025-12-02 13:40:00+05:30,329.2,329.3,329.15,329.2,28727,0
2025-12-02 13:45:00+05:30,329.2,329.45,329.1,329.4,43172,0
2025-12-02 13:50:00+05:30,329.4,329.5,329.35,329.45,34740,0
2025-12-02 13:55:00+05:30,329.45,329.6,329.35,329.55,35657,0
2025-12-02 14:00:00+05:30,329.55,329.55,329.2,329.3,34487,0
2025-12-02 14:05:00+05:30,329.3,329.3,329.1,329.2,110169,0
2025-12-02 14:10:00+05:30,329.2,329.25,329.05,329.05,27864,0
2025-12-02 14:15:00+05:30,329.1,329.1,328.8,328.9,69768,0
2025-12-02 14:20:00+05:30,328.9,328.9,328.4,328.45,59351,0
2025-12-02 14:25:00+05:30,328.5,328.8,328.45,328.55,113175,0
2025-12-02 14:30:00+05:30,328.55,328.75,328.45,328.65,40846,0
2025-12-02 14:35:00+05:30,328.7,328.7,328.35,328.6,187504,0
2025-12-02 14:40:00+05:30,328.6,328.65,328.45,328.6,60343,0
2025-12-02 14:45:00+05:30,328.6,328.8,328.45,328.75,45703,0
2025-12-02 14:50:00+05:30,328.75,329.0,328.5,328.5,120115,0
2025-12-02 14:55:00+05:30,328.5,328.6,328.1,328.4,83468,0
2025-12-02 15:00:00+05:30,328.4,329.0,328.4,328.75,173315,0
2025-12-02 15:05:00+05:30,328.8,328.8,328.5,328.6,153212,0
2025-12-02 15:10:00+05:30,328.6,328.9,328.55,328.85,199191,0
2025-12-02 15:15:00+05:30,328.9,328.9,328.45,328.5,132852,0
2025-12-02 15:20:00+05:30,328.5,328.65,328.4,328.6,217557,0
2025-12-02 15:25:00+05:30,328.6,328.7,328.1,328.25,166124,0
2025-12-03 09:15:00+05:30,329.0,329.0,326.5,326.9,214623,0
2025-12-03 09:20:00+05:30,326.85,327.0,326.4,326.75,49883,0
2025-12-03 09:25:00+05:30,326.65,326.75,325.35,325.55,92253,0
2025-12-03 09:30:00+05:30,325.5,326.0,325.5,325.65,50323,0
2025-12-03 09:35:00+05:30,325.65,325.85,325.05,325.15,89675,0
2025-12-03 09:40:00+05:30,325.2,325.45,325.05,325.25,67487,0
2025-12-03 09:45:00+05:30,325.35,325.4,324.85,324.95,80549,0
2025-12-03 09:50:00+05:30,325.0,325.2,324.9,324.9,77994,0
2025-12-03 09:55:00+05:30,325.05,325.05,324.7,324.85,30598,0
2025-12-03 10:00:00+05:30,324.85,325.5,324.55,324.55,143551,0
2025-12-03 10:05:00+05:30,324.55,324.55,324.0,324.35,79171,0
2025-12-03 10:10:00+05:30,324.3,324.9,324.2,324.45,55559,0
2025-12-03 10:15:00+05:30,324.45,325.3,324.4,324.75,90909,0
2025-12-03 10:20:00+05:30,324.7,324.95,324.7,324.8,24680,0
2025-12-03 10:25:00+05:30,324.8,324.8,324.1,324.15,34837,0
2025-12-03 10:30:00+05:30,324.15,324.6,324.1,324.5,39890,0
2025-12-03 10:35:00+05:30,324.5,324.85,324.1,324.2,121907,0
2025-12-03 10:40:00+05:30,324.2,324.2,323.65,323.95,95432,0
2025-12-03 10:45:00+05:30,323.95,324.0,323.8,323.9,19641,0
2025-12-03 10:50:00+05:30,323.9,323.9,323.65,323.8,28453,0
2025-12-03 10:55:00+05:30,323.7,323.8,323.35,323.45,62698,0
2025-12-03 11:00:00+05:30,323.45,323.55,323.15,323.25,52326,0
2025-12-03 11:05:00+05:30,323.25,323.45,322.8,323.4,97621,0
2025-12-03 11:10:00+05:30,323.35,323.5,323.1,323.4,45359,0
2025-12-03 11:15:00+05:30,323.4,324.0,323.3,323.9,424766,0
2025-12-03 11:20:00+05:30,323.85,324.1,323.2,323.3,122681,0
2025-12-03 11:25:00+05:30,323.2,324.0,323.2,323.9,416358,0
2025-12-03 11:30:00+05:30,323.9,324.25,323.45,323.85,256050,0
2025-12-03 11:35:00+05:30,323.85,324.05,323.3,324.05,222162,0
2025-12-03 11:40:00+05:30,324.05,324.05,322.75,323.45,369426,0
2025-12-03 11:45:00+05:30,323.45,323.45,322.5,322.6,63464,0
2025-12-03 11:50:00+05:30,322.6,322.6,322.15,322.25,66232,0
2025-12-03 11:55:00+05:30,322.25,322.25,322.05,322.15,56659,0
2025-12-03 12:00:00+05:30,322.15,322.15,321.75,321.95,99030,0
2025-12-03 12:05:00+05:30,321.95,321.95,321.65,321.65,45497,0
2025-12-03 12:10:00+05:30,321.75,322.3,321.6,322.05,108390,0
2025-12-03 12:15:00+05:30,322.2,322.5,322.0,322.15,115124,0
2025-12-03 12:20:00+05:30,322.15,323.05,322.0,322.5,158996,0
2025-12-03 12:25:00+05:30,322.45,322.7,322.35,322.6,52734,0
2025-12-03 12:30:00+05:30,322.55,322.65,322.15,322.25,60403,0
2025-12-03 12:35:00+05:30,322.25,322.45,322.0,322.1,59899,0
2025-12-03 12:40:00+05:30,322.05,322.35,321.95,322.25,47458,0
2025-12-03 12:45:00+05:30,322.2,322.5,321.7,321.75,72175,0
2025-12-03 12:50:00+05:30,321.7,322.05,321.6,321.7,100860,0
2025-12-03 12:55:00+05:30,321.7,322.05,321.35,322.05,69435,0
2025-12-03 13:00:00+05:30,322.0,322.05,321.65,322.05,31258,0
2025-12-03 13:05:00+05:30,322.0,322.3,321.8,322.2,39274,0
2025-12-03 13:10:00+05:30,322.15,322.8,322.05,322.75,138004,0
2025-12-03 13:15:00+05:30,322.7,322.75,322.5,322.55,61696,0
2025-12-03 13:20:00+05:30,322.5,323.0,322.5,322.6,116635,0
2025-12-03 13:25:00+05:30,322.55,322.9,322.4,322.75,33021,0
2025-12-03 13:30:00+05:30,322.7,322.9,322.6,322.8,27123,0
2025-12-03 13:35:00+05:30,322.75,322.8,322.15,322.25,24765,0
2025-12-03 13:40:00+05:30,322.2,322.45,322.0,322.2,28706,0
2025-12-03 13:45:00+05:30,322.15,322.2,322.0,322.1,23975,0
2025-12-03 13:50:00+05:30,322.05,322.1,321.85,321.95,18271,0
2025-12-03 13:55:00+05:30,321.9,322.0,321.8,321.95,22610,0
2025-12-03 14:00:00+05:30,321.9,321.9,321.3,321.55,61000,0
2025-12-03 14:05:00+05:30,321.5,322.3,321.45,321.95,147227,0
2025-12-03 14:10:00+05:30,321.9,322.2,321.65,322.1,69502,0
2025-12-03 14:15:00+05:30,322.05,322.15,321.5,321.65,44437,0
2025-12-03 14:20:00+05:30,321.6,321.95,321.5,321.9,44643,0
2025-12-03 14:25:00+05:30,321.8,321.9,321.4,321.55,191161,0
2025-12-03 14:30:00+05:30,321.45,321.75,321.35,321.45,66977,0
2025-12-03 14:35:00+05:30,321.35,322.15,321.3,322.0,174596,0
2025-12-03 14:40:00+05:30,321.9,322.15,321.75,321.95,66264,0
2025-12-03 14:45:00+05:30,321.9,322.05,321.65,321.85,54020,0
2025-12-03 14:50:00+05:30,321.85,322.1,321.7,321.9,77087,0
2025-12-03 14:55:00+05:30,321.8,322.2,321.75,322.15,116179,0
2025-12-03 15:00:00+05:30,322.15,322.65,322.05,322.55,264553,0
2025-12-03 15:05:00+05:30,322.55,323.7,322.45,323.0,530197,0
2025-12-03 15:10:00+05:30,323.0,323.25,322.95,323.0,311822,0
2025-12-03 15:15:00+05:30,323.1,323.1,322.8,322.85,356949,0
2025-12-03 15:20:00+05:30,322.85,323.1,322.8,322.95,306383,0
2025-12-03 15:25:00+05:30,322.95,323.5,322.9,323.3,362325,0
2025-12-04 09:15:00+05:30,322.9,322.9,321.1,321.8,140929,0
2025-12-04 09:20:00+05:30,322.0,322.05,321.5,321.95,37659,0
2025-12-04 09:25:00+05:30,321.95,321.95,321.3,321.75,45476,0
2025-12-04 09:30:00+05:30,321.75,322.1,321.6,321.85,27175,0
2025-12-04 09:35:00+05:30,321.85,322.3,321.7,321.8,52546,0
2025-12-04 09:40:00+05:30,321.85,322.1,321.35,322.0,65833,0
2025-12-04 09:45:00+05:30,322.05,322.2,321.65,321.75,26525,0
2025-12-04 09:50:00+05:30,321.75,322.1,321.6,321.7,81241,0
2025-12-04 09:55:00+05:30,321.7,322.45,321.7,321.95,94872,0
2025-12-04 10:00:00+05:30,322.15,322.45,321.95,322.2,51330,0
2025-12-04 10:05:00+05:30,322.25,322.85,322.05,322.25,61408,0
2025-12-04 10:10:00+05:30,322.3,322.65,322.15,322.6,15327,0
2025-12-04 10:15:00+05:30,322.55,322.75,322.45,322.75,23850,0
2025-12-04 10:20:00+05:30,322.75,323.25,322.5,323.1,68289,0
2025-12-04 10:25:00+05:30,323.15,323.3,322.8,323.3,59606,0
2025-12-04 10:30:00+05:30,323.3,323.4,323.0,323.15,54054,0
2025-12-04 10:35:00+05:30,323.25,323.4,323.15,323.3,30771,0
2025-12-04 10:40:00+05:30,323.35,323.4,323.1,323.2,20866,0
2025-12-04 10:45:00+05:30,323.2,323.35,323.0,323.15,30335,0
2025-12-04 10:50:00+05:30,323.15,323.2,322.85,323.05,27205,0
2025-12-04 10:55:00+05:30,323.05,323.15,322.75,323.05,47685,0
2025-12-04 11:00:00+05:30,323.05,323.25,322.95,323.15,17527,0
2025-12-04 11:05:00+05:30,323.15,323.25,322.7,322.8,24118,0
2025-12-04 11:10:00+05:30,322.8,322.9,322.7,322.8,11524,0
2025-12-04 11:15:00+05:30,322.85,323.05,322.7,322.95,13503,0
2025-12-04 11:20:00+05:30,322.95,323.3,322.8,322.85,136803,0
2025-12-04 11:25:00+05:30,322.85,323.1,322.6,322.7,20276,0
2025-12-04 11:30:00+05:30,322.7,322.9,322.65,322.75,16469,0
2025-12-04 11:35:00+05:30,322.75,323.7,322.65,323.4,289961,0
2025-12-04 11:40:00+05:30,323.4,323.65,322.75,323.45,301008,0
2025-12-04 11:45:00+05:30,323.45,324.25,323.05,323.8,288259,0
2025-12-04 11:50:00+05:30,323.75,323.8,323.35,323.5,28195,0
2025-12-04 11:55:00+05:30,323.5,324.05,323.35,324.05,69152,0
2025-12-04 12:00:00+05:30,324.05,324.25,324.0,324.15,58147,0
2025-12-04 12:05:00+05:30,324.15,324.15,324.0,324.05,14717,0
2025-12-04 12:10:00+05:30,324.05,324.3,323.8,324.05,44589,0
2025-12-04 12:15:00+05:30,324.05,324.05,323.55,323.8,96296,0
2025-12-04 12:20:00+05:30,323.9,324.05,323.7,323.8,133586,0
2025-12-04 12:25:00+05:30,323.8,324.0,323.3,323.35,103224,0
2025-12-04 12:30:00+05:30,323.35,323.5,323.2,323.3,40727,0
2025-12-04 12:35:00+05:30,323.3,323.6,323.15,323.55,68747,0
2025-12-04 12:40:00+05:30,323.55,323.55,322.8,322.9,39110,0
2025-12-04 12:45:00+05:30,322.9,322.95,322.45,322.55,42677,0
2025-12-04 12:50:00+05:30,322.55,322.9,322.3,322.35,62618,0
2025-12-04 12:55:00+05:30,322.35,322.65,322.25,322.55,31256,0
2025-12-04 13:00:00+05:30,322.55,323.05,322.45,322.9,50019,0
2025-12-04 13:05:00+05:30,322.85,322.85,322.4,322.5,34862,0
2025-12-04 13:10:00+05:30,322.5,323.0,322.3,322.95,51889,0
2025-12-04 13:15:00+05:30,322.9,323.5,322.85,323.1,250312,0
2025-12-04 13:20:00+05:30,323.1,323.65,323.0,323.3,194652,0
2025-12-04 13:25:00+05:30,323.3,323.3,323.0,323.05,32068,0
2025-12-04 13:30:00+05:30,323.05,323.25,322.95,323.05,25776,0
2025-12-04 13:35:00+05:30,323.05,323.05,322.7,322.85,26866,0
2025-12-04 13:40:00+05:30,322.85,322.85,322.45,322.6,28239,0
2025-12-04 13:45:00+05:30,322.65,322.75,322.6,322.65,28493,0
2025-12-04 13:50:00+05:30,322.65,322.7,322.55,322.65,50131,0
2025-12-04 13:55:00+05:30,322.65,322.65,322.45,322.65,178625,0
2025-12-04 14:00:00+05:30,322.65,323.1,322.6,322.8,49247,0
2025-12-04 14:05:00+05:30,322.8,322.9,322.65,322.9,112859,0
2025-12-04 14:10:00+05:30,322.9,323.0,322.6,322.65,124125,0
2025-12-04 14:15:00+05:30,322.65,322.65,322.35,322.5,111702,0
2025-12-04 14:20:00+05:30,322.5,322.8,322.35,322.5,72089,0
2025-12-04 14:25:00+05:30,322.5,322.75,322.35,322.7,45813,0
2025-12-04 14:30:00+05:30,322.7,323.1,322.7,323.0,44390,0
2025-12-04 14:35:00+05:30,323.0,323.1,322.7,323.0,34927,0
2025-12-04 14:40:00+05:30,323.0,323.15,322.65,322.75,102899,0
2025-12-04 14:45:00+05:30,322.75,322.85,322.6,322.8,142878,0
2025-12-04 14:50:00+05:30,322.8,323.15,322.75,322.95,37933,0
2025-12-04 14:55:00+05:30,322.95,323.3,322.9,323.3,38111,0
2025-12-04 15:00:00+05:30,323.3,323.35,322.85,323.0,122497,0
2025-12-04 15:05:00+05:30,323.0,323.45,322.85,323.2,257383,0
2025-12-04 15:10:00+05:30,323.25,323.3,322.85,322.85,153425,0
2025-12-04 15:15:00+05:30,322.9,323.2,322.75,323.0,210249,0
2025-12-04 15:20:00+05:30,323.0,323.0,322.7,322.75,151778,0
2025-12-04 15:25:00+05:30,322.75,322.9,322.5,322.8,184665,0
2025-12-05 09:15:00+05:30,322.25,323.2,322.0,322.7,81101,0
2025-12-05 09:20:00+05:30,322.75,323.1,322.45,322.6,59207,0
2025-12-05 09:25:00+05:30,322.65,322.95,322.2,322.2,92112,0
2025-12-05 09:30:00+05:30,322.25,322.25,321.85,322.0,87692,0
2025-12-05 09:35:00+05:30,322.0,322.1,321.45,321.9,131160,0
2025-12-05 09:40:00+05:30,321.95,322.05,321.8,321.9,40516,0
2025-12-05 09:45:00+05:30,321.9,321.9,321.4,321.5,55129,0
2025-12-05 09:50:00+05:30,321.4,321.5,321.2,321.3,37177,0
2025-12-05 09:55:00+05:30,321.25,321.35,320.95,321.2,88582,0
2025-12-05 10:00:00+05:30,321.35,322.5,321.05,322.15,134939,0
2025-12-05 10:05:00+05:30,322.2,322.55,322.15,322.5,92987,0
2025-12-05 10:10:00+05:30,322.45,322.7,322.15,322.6,68831,0
2025-12-05 10:15:00+05:30,322.55,323.25,322.55,323.05,121609,0
2025-12-05 10:20:00+05:30,323.0,323.3,322.65,322.65,80077,0
2025-12-05 10:25:00+05:30,322.7,322.9,322.0,322.05,57850,0
2025-12-05 10:30:00+05:30,322.15,322.65,321.8,322.3,137909,0
2025-12-05 10:35:00+05:30,322.25,322.75,322.25,322.55,62427,0
2025-12-05 10:40:00+05:30,322.55,322.9,322.3,322.8,70657,0
2025-12-05 10:45:00+05:30,322.8,322.9,322.45,322.7,56141,0
2025-12-05 10:50:00+05:30,322.7,323.3,322.65,323.1,97534,0
2025-12-05 10:55:00+05:30,323.15,323.3,323.0,323.2,67926,0
2025-12-05 11:00:00+05:30,323.05,323.65,322.8,323.45,290655,0
2025-12-05 11:05:00+05:30,323.45,323.65,323.0,323.5,97230,0
2025-12-05 11:10:00+05:30,323.55,323.65,322.95,323.15,287472,0
2025-12-05 11:15:00+05:30,323.15,323.3,322.95,323.05,37125,0
2025-12-05 11:20:00+05:30,323.05,323.35,323.0,323.1,35075,0
2025-12-05 11:25:00+05:30,323.1,323.5,323.05,323.4,47077,0
2025-12-05 11:30:00+05:30,323.35,323.5,323.25,323.4,52364,0
2025-12-05 11:35:00+05:30,323.4,323.5,323.1,323.4,65104,0
2025-12-05 11:40:00+05:30,323.35,323.5,322.9,323.1,166036,0
2025-12-05 11:45:00+05:30,323.05,323.3,322.9,323.15,39582,0
2025-12-05 11:50:00+05:30,323.15,323.4,322.85,323.05,75020,0
2025-12-05 11:55:00+05:30,323.05,323.1,322.65,322.75,39894,0
2025-12-05 12:00:00+05:30,322.75,323.5,322.65,323.45,98286,0
2025-12-05 12:05:00+05:30,323.45,323.5,322.9,323.05,148862,0
2025-12-05 12:10:00+05:30,323.0,323.05,322.75,322.8,38182,0
2025-12-05 12:15:00+05:30,322.8,323.0,322.75,322.85,54005,0
2025-12-05 12:20:00+05:30,322.85,323.05,322.75,322.9,34428,0
2025-12-05 12:25:00+05:30,322.9,323.15,322.8,323.15,50755,0
2025-12-05 12:30:00+05:30,323.1,323.25,322.95,323.15,38502,0
2025-12-05 12:35:00+05:30,323.15,323.2,322.85,323.05,41535,0
2025-12-05 12:40:00+05:30,323.05,323.1,322.75,323.0,58911,0
2025-12-05 12:45:00+05:30,323.0,323.1,323.0,323.05,41281,0
2025-12-05 12:50:00+05:30,323.05,323.25,323.0,323.05,50926,0
2025-12-05 12:55:00+05:30,323.05,323.25,322.8,323.05,64101,0
2025-12-05 13:00:00+05:30,323.0,323.25,323.0,323.05,47724,0
2025-12-05 13:05:00+05:30,323.05,323.25,323.0,323.05,58568,0
2025-12-05 13:10:00+05:30,323.05,323.2,323.0,323.05,39892,0
2025-12-05 13:15:00+05:30,323.1,323.2,322.8,322.85,61607,0
2025-12-05 13:20:00+05:30,322.85,323.0,322.65,322.8,79643,0
2025-12-05 13:25:00+05:30,322.85,323.2,322.75,323.05,145760,0
2025-12-05 13:30:00+05:30,323.05,323.25,323.0,323.1,40437,0
2025-12-05 13:35:00+05:30,323.1,323.4,323.0,323.2,65111,0
2025-12-05 13:40:00+05:30,323.2,323.45,323.1,323.4,60610,0
2025-12-05 13:45:00+05:30,323.4,323.8,323.3,323.45,63568,0
2025-12-05 13:50:00+05:30,323.45,324.15,323.4,323.85,111681,0
2025-12-05 13:55:00+05:30,323.9,324.1,323.5,323.5,55792,0
2025-12-05 14:00:00+05:30,323.5,323.85,323.4,323.55,154487,0
2025-12-05 14:05:00+05:30,323.55,323.75,323.0,323.0,62298,0
2025-12-05 14:10:00+05:30,323.1,323.9,323.0,323.55,114335,0
2025-12-05 14:15:00+05:30,323.5,323.75,323.4,323.6,42864,0
2025-12-05 14:20:00+05:30,323.6,323.65,323.35,323.4,39685,0
2025-12-05 14:25:00+05:30,323.35,323.75,323.15,323.5,42572,0
2025-12-05 14:30:00+05:30,323.5,323.7,322.9,323.1,40257,0
2025-12-05 14:35:00+05:30,323.1,323.4,323.0,323.05,42914,0
2025-12-05 14:40:00+05:30,323.05,323.2,322.85,322.85,104164,0
2025-12-05 14:45:00+05:30,322.8,322.95,322.25,322.7,102256,0
2025-12-05 14:50:00+05:30,322.7,322.85,322.3,322.55,87061,0
2025-12-05 14:55:00+05:30,322.55,322.8,322.45,322.65,54972,0
2025-12-05 15:00:00+05:30,322.6,323.25,322.6,323.1,118241,0
2025-12-05 15:05:00+05:30,323.15,324.0,322.95,323.2,424480,0
2025-12-05 15:10:00+05:30,323.15,323.35,322.95,322.95,171861,0
2025-12-05 15:15:00+05:30,322.95,323.45,322.85,323.4,201846,0
2025-12-05 15:20:00+05:30,323.4,323.65,323.25,323.4,140006,0
2025-12-05 15:25:00+05:30,323.3,323.5,323.05,323.5,123865,0
2025-12-08 09:15:00+05:30,323.2,323.2,322.15,322.6,47555,0
2025-12-08 09:20:00+05:30,322.45,322.6,322.0,322.35,96441,0
2025-12-08 09:25:00+05:30,322.35,322.35,321.35,321.5,67522,0
2025-12-08 09:30:00+05:30,321.5,321.8,321.4,321.5,39764,0
2025-12-08 09:35:00+05:30,321.5,321.6,321.2,321.45,29695,0
2025-12-08 09:40:00+05:30,321.3,321.85,321.3,321.65,38994,0
2025-12-08 09:45:00+05:30,321.6,321.6,321.1,321.25,48573,0
2025-12-08 09:50:00+05:30,321.25,321.45,321.0,321.05,104472,0
2025-12-08 09:55:00+05:30,321.05,321.1,320.65,320.8,63854,0
2025-12-08 10:00:00+05:30,320.7,320.85,320.05,320.05,61985,0
2025-12-08 10:05:00+05:30,320.05,320.75,320.0,320.65,51001,0
2025-12-08 10:10:00+05:30,320.5,320.65,320.25,320.55,34954,0
2025-12-08 10:15:00+05:30,320.5,321.0,320.2,320.85,64518,0
2025-12-08 10:20:00+05:30,320.85,321.3,320.7,321.25,57196,0
2025-12-08 10:25:00+05:30,321.2,322.1,320.75,322.0,277340,0
2025-12-08 10:30:00+05:30,322.05,322.2,321.6,322.05,263713,0
2025-12-08 10:35:00+05:30,322.05,322.1,321.55,321.8,88507,0
2025-12-08 10:40:00+05:30,321.8,322.05,321.75,321.9,65303,0
2025-12-08 10:45:00+05:30,321.8,321.95,321.3,321.4,41801,0
2025-12-08 10:50:00+05:30,321.4,321.5,321.25,321.4,23257,0
2025-12-08 10:55:00+05:30,321.45,321.7,321.05,321.1,70543,0
2025-12-08 11:00:00+05:30,321.2,321.4,320.9,321.1,51101,0
2025-12-08 11:05:00+05:30,321.1,321.1,320.55,321.05,59670,0
2025-12-08 11:10:00+05:30,320.95,321.05,320.4,320.7,61332,0
2025-12-08 11:15:00+05:30,320.7,320.85,320.1,320.1,59115,0
2025-12-08 11:20:00+05:30,320.15,320.6,320.05,320.2,60832,0
2025-12-08 11:25:00+05:30,320.15,320.5,320.1,320.4,39682,0
2025-12-08 11:30:00+05:30,320.35,320.55,320.05,320.45,47863,0
2025-12-08 11:35:00+05:30,320.4,320.9,320.25,320.65,44820,0
2025-12-08 11:40:00+05:30,320.8,321.2,320.6,320.95,69784,0
2025-12-08 11:45:00+05:30,321.1,321.3,320.85,321.2,49599,0
2025-12-08 11:50:00+05:30,321.3,321.5,321.15,321.45,46746,0
2025-12-08 11:55:00+05:30,321.45,321.75,320.9,321.0,56288,0
2025-12-08 12:00:00+05:30,321.0,321.1,320.5,320.85,48232,0
2025-12-08 12:05:00+05:30,320.95,321.15,320.65,321.0,41608,0
2025-12-08 12:10:00+05:30,321.05,321.15,320.5,320.75,76268,0
2025-12-08 12:15:00+05:30,320.7,321.05,320.6,320.8,47877,0
2025-12-08 12:20:00+05:30,320.8,321.0,320.5,320.65,48251,0
2025-12-08 12:25:00+05:30,320.8,320.95,320.5,320.55,53952,0
2025-12-08 12:30:00+05:30,320.7,320.9,320.5,320.5,39170,0
2025-12-08 12:35:00+05:30,320.6,321.05,320.5,320.85,77083,0
2025-12-08 12:40:00+05:30,320.85,321.35,320.75,321.2,80125,0
2025-12-08 12:45:00+05:30,321.15,321.25,321.0,321.0,51227,0
2025-12-08 12:50:00+05:30,321.05,321.35,321.0,321.15,64495,0
2025-12-08 12:55:00+05:30,321.1,321.25,321.0,321.1,83612,0
2025-12-08 13:00:00+05:30,321.05,321.2,320.75,321.05,141218,0
2025-12-08 13:05:00+05:30,321.1,321.6,321.0,321.6,140602,0
2025-12-08 13:10:00+05:30,321.6,321.65,320.9,321.15,116119,0
2025-12-08 13:15:00+05:30,321.15,321.3,320.9,321.15,40588,0
2025-12-08 13:20:00+05:30,321.1,321.15,320.75,320.75,272022,0
2025-12-08 13:25:00+05:30,320.75,321.65,320.75,321.1,382058,0
2025-12-08 13:30:00+05:30,321.1,321.2,319.45,320.05,211568,0
2025-12-08 13:35:00+05:30,320.05,320.1,319.1,319.25,94890,0
2025-12-08 13:40:00+05:30,319.25,319.7,319.05,319.45,49073,0
2025-12-08 13:45:00+05:30,319.4,319.9,319.25,319.65,40122,0
2025-12-08 13:50:00+05:30,319.6,319.65,319.05,319.1,39847,0
2025-12-08 13:55:00+05:30,319.1,319.4,319.0,319.05,74639,0
2025-12-08 14:00:00+05:30,319.05,319.05,318.45,318.65,64124,0
2025-12-08 14:05:00+05:30,318.65,318.7,318.0,318.45,103548,0
2025-12-08 14:10:00+05:30,318.5,318.7,318.0,318.05,69599,0
2025-12-08 14:15:00+05:30,318.05,318.5,317.85,318.45,169443,0
2025-12-08 14:20:00+05:30,318.4,319.15,318.1,318.6,145061,0
2025-12-08 14:25:00+05:30,318.7,318.9,318.15,318.55,78984,0
2025-12-08 14:30:00+05:30,318.55,319.0,318.25,318.65,199452,0
2025-12-08 14:35:00+05:30,318.7,318.7,318.3,318.4,41448,0
2025-12-08 14:40:00+05:30,318.4,318.6,318.2,318.45,61686,0
2025-12-08 14:45:00+05:30,318.45,318.75,318.1,318.4,64451,0
2025-12-08 14:50:00+05:30,318.4,319.55,318.3,319.1,366117,0
2025-12-08 14:55:00+05:30,319.1,319.25,318.45,318.75,70098,0
2025-12-08 15:00:00+05:30,318.75,320.05,318.65,319.5,332657,0
2025-12-08 15:05:00+05:30,319.5,320.1,319.4,319.7,257474,0
2025-12-08 15:10:00+05:30,319.65,320.6,319.35,319.9,463803,0
2025-12-08 15:15:00+05:30,319.9,320.05,319.0,319.0,246694,0
2025-12-08 15:20:00+05:30,319.05,319.4,318.75,319.2,324114,0
2025-12-08 15:25:00+05:30,319.25,319.55,318.1,318.85,249538,0
2025-12-09 09:15:00+05:30,317.45,318.55,317.15,318.3,239674,0
2025-12-09 09:20:00+05:30,318.4,318.9,318.15,318.6,177544,0
2025-12-09 09:25:00+05:30,318.7,318.7,317.3,317.45,80770,0
2025-12-09 09:30:00+05:30,317.5,317.7,316.1,316.55,89210,0
2025-12-09 09:35:00+05:30,316.55,316.8,315.7,316.2,48678,0
2025-12-09 09:40:00+05:30,316.15,316.7,315.55,315.55,61962,0
2025-12-09 09:45:00+05:30,315.6,316.2,315.55,315.75,46580,0
2025-12-09 09:50:00+05:30,315.75,316.15,315.55,315.65,45037,0
2025-12-09 09:55:00+05:30,315.75,316.1,315.65,315.95,34612,0
2025-12-09 10:00:00+05:30,315.9,316.65,315.8,316.5,47100,0
2025-12-09 10:05:00+05:30,316.5,317.6,316.5,317.3,53638,0
2025-12-09 10:10:00+05:30,317.3,317.6,317.15,317.3,44239,0
2025-12-09 10:15:00+05:30,317.35,318.65,317.35,318.2,54721,0
2025-12-09 10:20:00+05:30,318.2,318.4,317.8,318.1,35882,0
2025-12-09 10:25:00+05:30,317.95,318.3,317.6,317.75,37257,0
2025-12-09 10:30:00+05:30,317.8,318.25,317.5,317.6,59288,0
2025-12-09 10:35:00+05:30,317.7,318.1,317.45,318.1,40644,0
2025-12-09 10:40:00+05:30,318.05,318.1,317.75,317.8,31698,0
2025-12-09 10:45:00+05:30,317.9,317.9,317.45,317.6,36404,0
2025-12-09 10:50:00+05:30,317.6,317.7,317.3,317.65,47890,0
2025-12-09 10:55:00+05:30,317.65,318.1,317.5,318.1,45816,0
2025-12-09 11:00:00+05:30,317.95,318.1,317.55,318.1,47022,0
2025-12-09 11:05:00+05:30,318.1,318.4,317.85,318.3,64683,0
2025-12-09 11:10:00+05:30,318.3,318.9,318.1,318.6,46162,0
2025-12-09 11:15:00+05:30,318.6,319.55,318.3,319.3,161572,0
2025-12-09 11:20:00+05:30,319.3,319.45,319.0,319.2,43785,0
2025-12-09 11:25:00+05:30,319.05,319.5,319.0,319.15,73325,0
2025-12-09 11:30:00+05:30,319.15,319.65,319.0,319.55,56463,0
2025-12-09 11:35:00+05:30,319.55,319.75,319.4,319.65,74816,0
2025-12-09 11:40:00+05:30,319.7,319.75,319.4,319.5,60985,0
2025-12-09 11:45:00+05:30,319.4,319.6,319.15,319.3,37100,0
2025-12-09 11:50:00+05:30,319.35,319.45,319.0,319.1,48804,0
2025-12-09 11:55:00+05:30,319.25,320.1,319.1,320.0,146456,0
2025-12-09 12:00:00+05:30,320.0,320.3,319.85,320.0,71207,0
2025-12-09 12:05:00+05:30,320.1,320.5,319.95,320.4,47202,0
2025-12-09 12:10:00+05:30,320.4,320.45,320.1,320.2,21933,0
2025-12-09 12:15:00+05:30,320.3,320.3,320.0,320.0,20500,0
2025-12-09 12:20:00+05:30,320.05,320.6,319.95,320.6,46686,0
2025-12-09 12:25:00+05:30,320.65,320.65,319.9,320.0,46581,0
2025-12-09 12:30:00+05:30,320.0,320.3,319.9,319.95,253357,0
2025-12-09 12:35:00+05:30,320.05,320.15,319.75,320.0,31571,0
2025-12-09 12:40:00+05:30,320.0,320.1,319.75,319.95,50280,0
2025-12-09 12:45:00+05:30,319.95,320.15,319.75,320.1,45285,0
2025-12-09 12:50:00+05:30,320.1,320.1,319.85,320.0,33617,0
2025-12-09 12:55:00+05:30,320.0,320.0,319.2,319.45,78641,0
2025-12-09 13:00:00+05:30,319.45,319.7,319.05,319.7,62622,0
2025-12-09 13:05:00+05:30,319.65,320.25,319.45,320.1,86490,0
2025-12-09 13:10:00+05:30,320.1,320.3,320.0,320.05,38121,0
2025-12-09 13:15:00+05:30,320.1,320.25,320.0,320.0,35289,0
2025-12-09 13:20:00+05:30,320.1,320.2,320.0,320.15,43439,0
2025-12-09 13:25:00+05:30,320.15,320.25,320.0,320.1,47960,0
2025-12-09 13:30:00+05:30,320.1,320.25,320.0,320.2,34666,0
2025-12-09 13:35:00+05:30,320.2,320.35,320.0,320.3,40411,0
2025-12-09 13:40:00+05:30,320.3,320.4,320.0,320.0,44004,0
2025-12-09 13:45:00+05:30,320.1,320.25,320.0,320.0,42808,0
2025-12-09 13:50:00+05:30,320.15,320.3,320.0,320.05,63902,0
2025-12-09 13:55:00+05:30,320.15,320.85,320.0,320.65,72201,0
2025-12-09 14:00:00+05:30,320.8,321.1,320.65,320.9,98244,0
2025-12-09 14:05:00+05:30,321.05,321.4,320.85,321.0,241648,0
2025-12-09 14:10:00+05:30,321.0,321.4,320.9,321.05,325409,0
2025-12-09 14:15:00+05:30,321.05,321.05,319.7,320.0,209537,0
2025-12-09 14:20:00+05:30,320.0,320.0,319.15,319.25,64594,0
2025-12-09 14:25:00+05:30,319.3,319.4,319.0,319.15,48465,0
2025-12-09 14:30:00+05:30,319.1,319.2,318.05,318.4,72511,0
2025-12-09 14:35:00+05:30,318.4,318.85,317.95,318.85,85281,0
2025-12-09 14:40:00+05:30,318.85,319.6,318.8,318.9,176548,0
2025-12-09 14:45:00+05:30,319.0,319.05,318.35,318.55,57987,0
2025-12-09 14:50:00+05:30,318.55,318.6,318.2,318.4,56177,0
2025-12-09 14:55:00+05:30,318.3,318.8,318.25,318.7,127091,0
2025-12-09 15:00:00+05:30,318.7,320.1,318.65,320.0,337789,0
2025-12-09 15:05:00+05:30,320.0,320.4,319.7,319.95,374741,0
2025-12-09 15:10:00+05:30,320.0,320.0,319.8,319.85,252782,0
2025-12-09 15:15:00+05:30,319.8,319.9,319.5,319.65,307741,0
2025-12-09 15:20:00+05:30,319.7,319.9,319.5,319.8,374195,0
2025-12-09 15:25:00+05:30,319.8,320.0,318.95,319.7,362620,0
2025-12-10 09:15:00+05:30,319.85,321.3,319.5,320.6,118875,0
2025-12-10 09:20:00+05:30,320.6,320.75,320.2,320.35,77207,0
2025-12-10 09:25:00+05:30,320.4,321.4,320.25,321.2,40601,0
2025-12-10 09:30:00+05:30,321.15,322.5,321.1,321.9,69673,0
2025-12-10 09:35:00+05:30,321.8,321.95,321.55,321.7,18286,0
2025-12-10 09:40:00+05:30,321.65,321.9,321.5,321.75,8572,0
2025-12-10 09:45:00+05:30,321.8,321.95,321.65,321.7,13826,0
2025-12-10 09:50:00+05:30,321.7,322.0,321.6,322.0,33257,0
2025-12-10 09:55:00+05:30,321.95,322.0,321.65,321.75,6987,0
2025-12-10 10:00:00+05:30,321.75,322.1,321.65,322.0,27243,0
2025-12-10 10:05:00+05:30,322.0,322.3,322.0,322.25,14044,0
2025-12-10 10:10:00+05:30,322.25,322.25,321.7,321.85,26912,0
2025-12-10 10:15:00+05:30,321.95,322.4,321.95,322.4,21848,0
2025-12-10 10:20:00+05:30,322.4,322.9,322.4,322.75,22658,0
2025-12-10 10:25:00+05:30,322.75,323.25,322.65,323.05,42983,0
2025-12-10 10:30:00+05:30,323.05,323.15,322.7,322.9,21118,0
2025-12-10 10:35:00+05:30,322.9,323.1,322.45,322.6,34501,0
2025-12-10 10:40:00+05:30,322.6,322.8,322.4,322.55,9340,0
2025-12-10 10:45:00+05:30,322.6,323.55,322.55,323.0,82419,0
2025-12-10 10:50:00+05:30,323.0,323.15,322.6,322.7,21040,0
2025-12-10 10:55:00+05:30,322.7,322.95,322.3,322.55,54265,0
2025-12-10 11:00:00+05:30,322.55,322.8,322.1,322.4,114119,0
2025-12-10 11:05:00+05:30,322.45,322.6,322.3,322.5,8518,0
2025-12-10 11:10:00+05:30,322.5,322.8,322.3,322.8,17662,0
2025-12-10 11:15:00+05:30,322.8,322.8,322.5,322.55,16223,0
2025-12-10 11:20:00+05:30,322.5,322.65,322.1,322.15,28088,0
2025-12-10 11:25:00+05:30,322.25,322.3,322.0,322.05,23714,0
2025-12-10 11:30:00+05:30,322.1,322.5,322.0,322.35,14487,0
2025-12-10 11:35:00+05:30,322.35,322.55,322.2,322.4,15303,0
2025-12-10 11:40:00+05:30,322.5,322.55,322.25,322.35,12289,0
2025-12-10 11:45:00+05:30,322.35,323.45,322.2,322.8,299855,0
2025-12-10 11:50:00+05:30,322.8,323.45,322.65,322.8,200850,0
2025-12-10 11:55:00+05:30,322.8,323.35,322.55,322.95,231302,0
2025-12-10 12:00:00+05:30,322.95,323.7,322.65,323.15,321471,0
2025-12-10 12:05:00+05:30,323.1,323.3,322.85,322.85,52403,0
2025-12-10 12:10:00+05:30,322.95,322.95,322.6,322.65,17088,0
2025-12-10 12:15:00+05:30,322.8,322.8,322.35,322.5,28856,0
2025-12-10 12:20:00+05:30,322.5,322.5,322.1,322.2,20678,0
2025-12-10 12:25:00+05:30,322.25,322.45,321.85,322.45,61296,0
2025-12-10 12:30:00+05:30,322.45,322.75,321.85,322.0,154988,0
2025-12-10 12:35:00+05:30,322.0,322.05,321.1,321.35,63553,0
2025-12-10 12:40:00+05:30,321.45,321.5,321.0,321.0,24436,0
2025-12-10 12:45:00+05:30,321.1,321.2,320.85,321.0,29447,0
2025-12-10 12:50:00+05:30,320.85,321.45,320.75,321.35,62596,0
2025-12-10 12:55:00+05:30,321.35,321.7,321.3,321.4,70794,0
2025-12-10 13:00:00+05:30,321.5,321.7,321.3,321.45,9514,0
2025-12-10 13:05:00+05:30,321.6,322.2,321.45,321.95,141332,0
2025-12-10 13:10:00+05:30,322.0,322.15,321.7,321.85,19520,0
2025-12-10 13:15:00+05:30,321.85,322.3,321.7,322.1,17568,0
2025-12-10 13:20:00+05:30,322.2,322.35,322.05,322.2,19145,0
2025-12-10 13:25:00+05:30,322.2,322.35,322.0,322.1,21281,0
2025-12-10 13:30:00+05:30,322.1,322.35,322.0,322.25,12037,0
2025-12-10 13:35:00+05:30,322.35,322.55,322.2,322.4,17260,0
2025-12-10 13:40:00+05:30,322.4,322.45,321.65,321.75,70397,0
2025-12-10 13:45:00+05:30,321.75,322.25,321.6,321.8,87403,0
2025-12-10 13:50:00+05:30,321.9,321.9,321.4,321.55,75519,0
2025-12-10 13:55:00+05:30,321.5,321.6,321.05,321.2,23896,0
2025-12-10 14:00:00+05:30,321.25,321.3,320.25,320.3,171727,0
2025-12-10 14:05:00+05:30,320.35,320.9,320.05,320.75,107821,0
2025-12-10 14:10:00+05:30,320.8,321.2,320.8,321.0,154782,0
2025-12-10 14:15:00+05:30,321.0,321.35,320.95,321.05,16547,0
2025-12-10 14:20:00+05:30,321.05,321.25,320.75,321.05,35181,0
2025-12-10 14:25:00+05:30,321.0,321.2,320.5,321.0,431186,0
2025-12-10 14:30:00+05:30,321.05,322.0,321.0,322.0,162129,0
2025-12-10 14:35:00+05:30,321.95,322.0,321.05,321.3,52024,0
2025-12-10 14:40:00+05:30,321.3,321.6,321.2,321.3,42602,0
2025-12-10 14:45:00+05:30,321.3,321.6,320.95,321.55,180167,0
2025-12-10 14:50:00+05:30,321.55,321.65,321.1,321.1,20731,0
2025-12-10 14:55:00+05:30,321.15,321.5,321.05,321.4,24239,0
2025-12-10 15:00:00+05:30,321.5,321.65,321.15,321.25,71662,0
2025-12-10 15:05:00+05:30,321.25,322.35,321.05,321.45,364142,0
2025-12-10 15:10:00+05:30,321.45,321.9,321.4,321.8,143798,0
2025-12-10 15:15:00+05:30,321.8,322.1,321.25,321.3,123516,0
2025-12-10 15:20:00+05:30,321.3,321.85,321.15,321.5,82648,0
2025-12-10 15:25:00+05:30,321.5,322.0,321.1,321.65,128216,0
2025-12-11 09:15:00+05:30,321.65,322.4,319.7,320.35,117100,0
2025-12-11 09:20:00+05:30,320.35,321.3,320.2,320.2,37809,0
2025-12-11 09:25:00+05:30,320.2,320.85,320.05,320.85,35967,0
2025-12-11 09:30:00+05:30,320.85,320.85,320.0,320.15,33346,0
2025-12-11 09:35:00+05:30,320.2,320.2,319.5,319.55,109601,0
2025-12-11 09:40:00+05:30,319.55,319.95,319.15,319.8,23234,0
2025-12-11 09:45:00+05:30,319.65,321.3,319.4,321.25,65130,0
2025-12-11 09:50:00+05:30,321.25,321.35,320.3,320.85,31134,0
2025-12-11 09:55:00+05:30,320.95,321.1,320.4,320.8,36402,0
2025-12-11 10:00:00+05:30,320.95,321.5,320.8,321.45,43326,0
2025-12-11 10:05:00+05:30,321.35,322.05,321.15,321.5,77797,0
2025-12-11 10:10:00+05:30,321.65,322.15,321.35,321.95,57483,0
2025-12-11 10:15:00+05:30,322.1,322.3,321.75,322.05,278171,0
2025-12-11 10:20:00+05:30,322.05,322.5,321.9,322.4,22057,0
2025-12-11 10:25:00+05:30,322.4,322.4,322.05,322.3,18897,0
2025-12-11 10:30:00+05:30,322.3,322.7,322.2,322.65,38614,0
2025-12-11 10:35:00+05:30,322.65,322.95,322.45,322.45,54624,0
2025-12-11 10:40:00+05:30,322.5,322.9,322.35,322.7,46065,0
2025-12-11 10:45:00+05:30,322.75,322.85,322.6,322.7,24028,0
2025-12-11 10:50:00+05:30,322.75,322.75,322.35,322.75,148883,0
2025-12-11 10:55:00+05:30,322.75,322.75,322.0,322.2,207518,0
2025-12-11 11:00:00+05:30,322.2,322.3,322.0,322.25,207591,0
2025-12-11 11:05:00+05:30,322.2,323.05,322.0,322.2,311062,0
2025-12-11 11:10:00+05:30,322.25,323.05,322.05,322.55,294347,0
2025-12-11 11:15:00+05:30,322.55,323.1,322.3,323.05,215290,0
2025-12-11 11:20:00+05:30,323.05,323.1,322.1,322.25,103471,0
2025-12-11 11:25:00+05:30,322.25,323.05,322.15,322.9,74266,0
2025-12-11 11:30:00+05:30,322.9,323.05,322.35,322.5,176234,0
2025-12-11 11:35:00+05:30,322.5,322.8,322.15,322.45,243434,0
2025-12-11 11:40:00+05:30,322.45,322.7,322.25,322.6,29162,0
2025-12-11 11:45:00+05:30,322.6,322.8,322.45,322.5,81071,0
2025-12-11 11:50:00+05:30,322.45,322.45,322.1,322.25,47891,0
2025-12-11 11:55:00+05:30,322.2,322.85,322.1,322.35,142173,0
2025-12-11 12:00:00+05:30,322.35,323.0,322.3,322.65,78967,0
2025-12-11 12:05:00+05:30,322.65,322.65,322.25,322.5,26595,0
2025-12-11 12:10:00+05:30,322.55,323.05,322.45,322.45,90539,0
2025-12-11 12:15:00+05:30,322.5,322.6,322.3,322.4,32882,0
2025-12-11 12:20:00+05:30,322.4,322.5,322.2,322.25,34012,0
2025-12-11 12:25:00+05:30,322.4,322.55,322.15,322.4,44776,0
2025-12-11 12:30:00+05:30,322.45,323.45,322.3,323.1,84417,0
2025-12-11 12:35:00+05:30,323.1,323.3,322.5,322.55,60346,0
2025-12-11 12:40:00+05:30,322.5,322.9,322.35,322.8,32901,0
2025-12-11 12:45:00+05:30,322.75,322.85,322.3,322.3,48117,0
2025-12-11 12:50:00+05:30,322.3,322.4,322.1,322.3,67383,0
2025-12-11 12:55:00+05:30,322.2,322.45,322.1,322.25,52473,0
2025-12-11 13:00:00+05:30,322.25,322.4,322.1,322.2,45362,0
2025-12-11 13:05:00+05:30,322.2,322.4,321.85,322.15,43540,0
2025-12-11 13:10:00+05:30,322.15,322.5,322.0,322.25,39503,0
2025-12-11 13:15:00+05:30,322.25,322.8,322.25,322.75,36526,0
2025-12-11 13:20:00+05:30,322.7,322.75,322.35,322.5,30998,0
2025-12-11 13:25:00+05:30,322.5,322.8,322.45,322.75,30590,0
2025-12-11 13:30:00+05:30,322.6,322.85,322.55,322.65,42126,0
2025-12-11 13:35:00+05:30,322.65,322.8,322.5,322.65,30519,0
2025-12-11 13:40:00+05:30,322.55,322.8,322.5,322.6,31292,0
2025-12-11 13:45:00+05:30,322.5,322.9,322.4,322.7,33731,0
2025-12-11 13:50:00+05:30,322.7,322.85,322.55,322.65,40969,0
2025-12-11 13:55:00+05:30,322.65,322.95,322.6,322.6,44725,0
2025-12-11 14:00:00+05:30,322.65,322.7,322.3,322.3,28400,0
2025-12-11 14:05:00+05:30,322.35,322.6,322.2,322.4,29470,0
2025-12-11 14:10:00+05:30,322.4,322.6,322.05,322.2,39672,0
2025-12-11 14:15:00+05:30,322.2,322.4,322.05,322.25,36119,0
2025-12-11 14:20:00+05:30,322.25,322.6,322.15,322.35,34290,0
2025-12-11 14:25:00+05:30,322.3,323.05,322.3,323.05,125458,0
2025-12-11 14:30:00+05:30,322.95,323.1,322.4,322.55,58660,0
2025-12-11 14:35:00+05:30,322.55,322.55,322.2,322.3,31726,0
2025-12-11 14:40:00+05:30,322.3,322.4,322.0,322.2,52959,0
2025-12-11 14:45:00+05:30,322.15,322.45,322.0,322.15,194486,0
2025-12-11 14:50:00+05:30,322.2,322.4,322.0,322.2,113093,0
2025-12-11 14:55:00+05:30,322.15,322.4,322.1,322.2,111233,0
2025-12-11 15:00:00+05:30,322.25,322.65,322.15,322.5,183297,0
2025-12-11 15:05:00+05:30,322.45,323.2,322.3,322.55,235166,0
2025-12-11 15:10:00+05:30,322.6,322.9,322.45,322.55,121280,0
2025-12-11 15:15:00+05:30,322.55,322.7,322.3,322.55,113371,0
2025-12-11 15:20:00+05:30,322.55,322.75,322.3,322.55,130352,0
2025-12-11 15:25:00+05:30,322.55,323.25,322.3,322.9,140848,0
2025-12-12 09:15:00+05:30,322.9,325.25,322.9,325.05,230107,0
2025-12-12 09:20:00+05:30,325.05,325.95,324.7,324.7,120481,0
2025-12-12 09:25:00+05:30,324.75,324.75,324.35,324.45,33393,0
2025-12-12 09:30:00+05:30,324.5,324.95,324.3,324.6,34946,0
2025-12-12 09:35:00+05:30,324.75,325.1,324.4,324.45,66091,0
2025-12-12 09:40:00+05:30,324.4,324.55,324.15,324.4,21953,0
2025-12-12 09:45:00+05:30,324.25,324.4,324.1,324.25,19593,0
2025-12-12 09:50:00+05:30,324.2,324.4,324.05,324.2,14895,0
2025-12-12 09:55:00+05:30,324.15,324.5,324.05,324.3,62912,0
2025-12-12 10:00:00+05:30,324.25,324.3,323.85,324.05,139552,0
2025-12-12 10:05:00+05:30,324.05,324.2,323.7,324.0,31518,0
2025-12-12 10:10:00+05:30,324.0,324.0,323.7,323.9,11986,0
2025-12-12 10:15:00+05:30,323.9,324.35,323.85,324.0,38273,0
2025-12-12 10:20:00+05:30,324.05,324.15,323.4,323.6,38545,0
2025-12-12 10:25:00+05:30,323.55,323.9,323.35,323.65,24008,0
2025-12-12 10:30:00+05:30,323.65,324.2,323.6,323.9,32333,0
2025-12-12 10:35:00+05:30,324.0,324.1,323.7,323.9,19652,0
2025-12-12 10:40:00+05:30,323.9,323.9,323.6,323.75,14734,0
2025-12-12 10:45:00+05:30,323.75,324.0,323.4,323.45,30872,0
2025-12-12 10:50:00+05:30,323.45,323.75,323.3,323.55,37939,0
2025-12-12 10:55:00+05:30,323.55,323.7,323.25,323.45,29730,0
2025-12-12 11:00:00+05:30,323.4,323.85,323.3,323.7,14700,0
2025-12-12 11:05:00+05:30,323.7,323.7,323.45,323.5,9655,0
2025-12-12 11:10:00+05:30,323.6,324.0,323.5,323.7,18629,0
2025-12-12 11:15:00+05:30,323.7,323.8,323.6,323.8,12662,0
2025-12-12 11:20:00+05:30,323.8,324.15,323.55,324.0,30772,0
2025-12-12 11:25:00+05:30,324.05,324.35,323.8,323.9,15977,0
2025-12-12 11:30:00+05:30,323.9,324.9,323.85,324.25,232358,0
2025-12-12 11:35:00+05:30,324.35,324.5,324.05,324.3,21938,0
2025-12-12 11:40:00+05:30,324.3,324.55,324.1,324.3,50013,0
2025-12-12 11:45:00+05:30,324.3,324.35,323.8,324.2,39439,0
2025-12-12 11:50:00+05:30,324.25,324.9,324.15,324.75,45334,0
2025-12-12 11:55:00+05:30,324.75,325.0,324.7,324.85,54038,0
2025-12-12 12:00:00+05:30,324.85,325.05,324.6,325.0,63515,0
2025-12-12 12:05:00+05:30,325.05,325.05,324.8,324.85,45183,0
2025-12-12 12:10:00+05:30,324.9,325.1,324.8,325.0,34626,0
2025-12-12 12:15:00+05:30,325.05,325.1,324.95,325.0,31945,0
2025-12-12 12:20:00+05:30,325.0,325.05,324.95,325.0,27901,0
2025-12-12 12:25:00+05:30,325.0,325.2,325.0,325.0,24713,0
2025-12-12 12:30:00+05:30,325.0,325.1,325.0,325.0,16913,0
2025-12-12 12:35:00+05:30,325.05,325.05,324.95,325.0,56784,0
2025-12-12 12:40:00+05:30,325.0,325.15,324.65,324.8,103916,0
2025-12-12 12:45:00+05:30,324.7,325.05,324.65,325.0,165529,0
2025-12-12 12:50:00+05:30,325.0,325.0,324.65,324.95,21415,0
2025-12-12 12:55:00+05:30,324.95,325.05,324.85,325.0,19119,0
2025-12-12 13:00:00+05:30,325.05,325.05,324.75,324.85,134471,0
2025-12-12 13:05:00+05:30,324.85,325.1,324.75,325.1,127662,0
2025-12-12 13:10:00+05:30,325.1,325.25,325.0,325.1,27447,0
2025-12-12 13:15:00+05:30,325.15,325.15,325.0,325.0,16792,0
2025-12-12 13:20:00+05:30,325.05,325.15,325.0,325.05,17301,0
2025-12-12 13:25:00+05:30,325.05,325.1,324.95,325.0,17824,0
2025-12-12 13:30:00+05:30,325.0,325.05,325.0,325.0,30979,0
2025-12-12 13:35:00+05:30,325.05,325.05,324.8,324.9,16204,0
2025-12-12 13:40:00+05:30,324.9,325.05,324.85,324.95,15607,0
2025-12-12 13:45:00+05:30,324.95,325.0,324.8,325.0,10991,0
2025-12-12 13:50:00+05:30,325.0,325.0,324.7,324.9,13431,0
2025-12-12 13:55:00+05:30,324.9,324.95,324.7,324.75,11136,0
2025-12-12 14:00:00+05:30,324.75,325.1,324.7,325.05,20301,0
2025-12-12 14:05:00+05:30,325.1,325.2,325.0,325.0,51249,0
2025-12-12 14:10:00+05:30,325.05,325.05,324.8,324.95,47124,0
2025-12-12 14:15:00+05:30,324.95,325.0,324.6,324.7,44587,0
2025-12-12 14:20:00+05:30,324.7,324.75,324.2,324.45,76164,0
2025-12-12 14:25:00+05:30,324.45,324.5,324.15,324.25,49234,0
2025-12-12 14:30:00+05:30,324.35,324.45,324.15,324.3,50880,0
2025-12-12 14:35:00+05:30,324.3,324.5,324.05,324.3,81486,0
2025-12-12 14:40:00+05:30,324.3,324.4,324.15,324.35,53748,0
2025-12-12 14:45:00+05:30,324.3,325.05,324.2,325.05,169705,0
2025-12-12 14:50:00+05:30,325.05,325.1,325.0,325.0,60726,0
2025-12-12 14:55:00+05:30,325.05,325.2,325.0,325.05,70587,0
2025-12-12 15:00:00+05:30,325.1,325.45,325.0,325.05,85825,0
2025-12-12 15:05:00+05:30,325.15,325.25,325.0,325.05,105038,0
2025-12-12 15:10:00+05:30,325.05,325.2,324.95,325.0,143738,0
2025-12-12 15:15:00+05:30,325.05,325.2,324.65,325.05,194848,0
2025-12-12 15:20:00+05:30,325.05,325.15,324.9,325.05,159252,0
2025-12-12 15:25:00+05:30,325.05,325.15,325.0,325.0,146009,0
2025-12-15 09:15:00+05:30,323.05,324.5,321.55,321.8,309340,0
2025-12-15 09:20:00+05:30,321.9,322.7,321.55,321.55,112588,0
2025-12-15 09:25:00+05:30,321.65,322.3,321.6,321.9,51501,0
2025-12-15 09:30:00+05:30,322.05,322.85,321.9,322.3,32646,0
2025-12-15 09:35:00+05:30,322.35,322.8,322.1,322.25,564154,0
2025-12-15 09:40:00+05:30,322.3,322.55,322.15,322.2,344940,0
2025-12-15 09:45:00+05:30,322.2,322.85,321.8,322.55,195208,0
2025-12-15 09:50:00+05:30,322.5,322.9,322.35,322.7,129831,0
2025-12-15 09:55:00+05:30,322.7,323.3,322.65,322.95,46475,0
2025-12-15 10:00:00+05:30,322.9,323.2,322.8,322.95,32897,0
2025-12-15 10:05:00+05:30,322.95,323.25,322.95,323.05,33663,0
2025-12-15 10:10:00+05:30,323.1,323.25,322.9,323.25,14427,0
2025-12-15 10:15:00+05:30,323.2,323.5,323.2,323.45,33041,0
2025-12-15 10:20:00+05:30,323.45,323.65,323.25,323.45,26737,0
2025-12-15 10:25:00+05:30,323.45,323.7,323.0,323.7,20683,0
2025-12-15 10:30:00+05:30,323.65,323.7,323.45,323.6,20931,0
2025-12-15 10:35:00+05:30,323.65,323.7,323.15,323.4,43943,0
2025-12-15 10:40:00+05:30,323.3,323.65,323.1,323.35,19748,0
2025-12-15 10:45:00+05:30,323.35,324.35,323.25,324.05,101011,0
2025-12-15 10:50:00+05:30,324.05,324.15,324.0,324.1,22684,0
2025-12-15 10:55:00+05:30,324.05,324.35,324.05,324.3,41163,0
2025-12-15 11:00:00+05:30,324.25,324.35,323.9,323.9,34849,0
2025-12-15 11:05:00+05:30,323.9,324.1,323.8,324.0,48533,0
2025-12-15 11:10:00+05:30,324.05,324.15,323.85,324.1,38564,0
2025-12-15 11:15:00+05:30,324.1,324.15,323.85,323.95,568925,0
2025-12-15 11:20:00+05:30,323.95,324.2,323.3,323.55,514217,0
2025-12-15 11:25:00+05:30,323.6,324.05,323.4,323.7,154945,0
2025-12-15 11:30:00+05:30,323.75,324.15,323.6,323.8,253408,0
2025-12-15 11:35:00+05:30,323.75,324.0,323.4,323.65,126421,0
2025-12-15 11:40:00+05:30,323.65,323.85,323.35,323.55,41222,0
2025-12-15 11:45:00+05:30,323.55,324.05,323.5,323.95,42266,0
2025-12-15 11:50:00+05:30,323.95,324.25,323.8,323.9,50606,0
2025-12-15 11:55:00+05:30,323.85,324.2,323.85,324.05,45994,0
2025-12-15 12:00:00+05:30,324.1,324.3,323.95,324.05,34623,0
2025-12-15 12:05:00+05:30,324.05,324.3,323.8,324.2,45655,0
2025-12-15 12:10:00+05:30,324.2,324.8,324.1,324.4,54806,0
2025-12-15 12:15:00+05:30,324.4,324.5,324.15,324.3,33987,0
2025-12-15 12:20:00+05:30,324.25,324.55,324.05,324.3,126965,0
2025-12-15 12:25:00+05:30,324.3,324.9,324.15,324.7,347616,0
2025-12-15 12:30:00+05:30,324.7,325.3,324.4,325.05,167200,0
2025-12-15 12:35:00+05:30,325.05,325.15,324.75,324.85,62486,0
2025-12-15 12:40:00+05:30,324.85,325.0,324.65,324.75,51248,0
2025-12-15 12:45:00+05:30,324.75,324.8,324.4,324.7,52085,0
2025-12-15 12:50:00+05:30,324.65,324.75,324.4,324.45,75343,0
2025-12-15 12:55:00+05:30,324.45,324.5,324.1,324.4,96852,0
2025-12-15 13:00:00+05:30,324.4,324.45,323.7,324.0,214882,0
2025-12-15 13:05:00+05:30,324.0,324.3,323.6,323.95,169134,0
2025-12-15 13:10:00+05:30,323.95,324.25,323.85,324.25,123315,0
2025-12-15 13:15:00+05:30,324.25,325.0,324.15,324.7,181414,0
2025-12-15 13:20:00+05:30,324.65,325.0,324.6,324.95,44406,0
2025-12-15 13:25:00+05:30,324.95,324.95,324.3,324.55,334214,0
2025-12-15 13:30:00+05:30,324.5,324.6,323.9,324.35,485089,0
2025-12-15 13:35:00+05:30,324.35,324.6,323.8,323.9,537398,0
2025-12-15 13:40:00+05:30,323.9,324.05,323.65,323.95,58718,0
2025-12-15 13:45:00+05:30,323.95,324.05,323.85,324.0,47891,0
2025-12-15 13:50:00+05:30,324.0,324.1,323.85,324.0,42561,0
2025-12-15 13:55:00+05:30,324.0,324.15,323.95,324.0,33834,0
2025-12-15 14:00:00+05:30,324.05,324.15,323.85,324.0,71507,0
2025-12-15 14:05:00+05:30,324.0,324.1,323.75,323.85,119463,0
2025-12-15 14:10:00+05:30,323.85,324.05,323.6,323.95,154646,0
2025-12-15 14:15:00+05:30,323.95,324.1,323.8,323.95,68941,0
2025-12-15 14:20:00+05:30,323.95,324.3,323.85,324.25,57343,0
2025-12-15 14:25:00+05:30,324.25,324.35,323.9,324.0,75014,0
2025-12-15 14:30:00+05:30,324.0,324.1,323.8,324.05,78969,0
2025-12-15 14:35:00+05:30,324.05,324.1,323.65,323.8,181698,0
2025-12-15 14:40:00+05:30,323.8,324.5,323.65,324.5,310535,0
2025-12-15 14:45:00+05:30,324.5,324.85,324.0,324.05,202909,0
2025-12-15 14:50:00+05:30,324.1,324.45,324.05,324.25,86479,0
2025-12-15 14:55:00+05:30,324.25,324.3,323.95,324.05,152308,0
2025-12-15 15:00:00+05:30,324.05,324.35,323.9,324.0,190375,0
2025-12-15 15:05:00+05:30,324.05,324.05,323.9,324.0,135379,0
2025-12-15 15:10:00+05:30,324.0,324.15,323.75,323.95,288283,0
2025-12-15 15:15:00+05:30,323.95,324.0,323.75,324.0,168345,0
2025-12-15 15:20:00+05:30,324.0,324.0,323.85,324.0,170915,0
2025-12-15 15:25:00+05:30,323.95,324.0,323.5,323.5,167332,0
2025-12-16 09:15:00+05:30,322.05,323.8,322.0,322.4,159143,0
2025-12-16 09:20:00+05:30,322.4,322.7,322.2,322.45,26464,0
2025-12-16 09:25:00+05:30,322.45,322.7,322.25,322.55,24151,0
2025-12-16 09:30:00+05:30,322.55,322.6,322.2,322.45,22874,0
2025-12-16 09:35:00+05:30,322.45,322.45,321.85,322.15,63239,0
2025-12-16 09:40:00+05:30,322.1,322.5,322.1,322.35,15808,0
2025-12-16 09:45:00+05:30,322.35,322.75,322.2,322.7,38261,0
2025-12-16 09:50:00+05:30,322.7,322.7,322.5,322.65,35899,0
2025-12-16 09:55:00+05:30,322.65,322.65,322.05,322.1,46962,0
2025-12-16 10:00:00+05:30,322.1,322.1,321.8,321.85,48208,0
2025-12-16 10:05:00+05:30,321.9,322.5,321.85,322.35,66224,0
2025-12-16 10:10:00+05:30,322.35,322.5,322.05,322.25,40676,0
2025-12-16 10:15:00+05:30,322.25,322.6,322.25,322.4,42375,0
2025-12-16 10:20:00+05:30,322.4,322.45,322.2,322.4,19149,0
2025-12-16 10:25:00+05:30,322.4,322.45,322.2,322.45,5076,0
2025-12-16 10:30:00+05:30,322.45,322.5,322.3,322.45,35955,0
2025-12-16 10:35:00+05:30,322.45,322.5,322.2,322.35,10222,0
2025-12-16 10:40:00+05:30,322.4,322.45,322.2,322.4,6111,0
2025-12-16 10:45:00+05:30,322.4,322.45,321.65,321.75,52600,0
2025-12-16 10:50:00+05:30,321.7,321.95,321.6,321.85,24844,0
2025-12-16 10:55:00+05:30,321.85,322.1,321.75,322.0,14933,0
2025-12-16 11:00:00+05:30,322.0,322.15,321.9,322.1,18415,0
2025-12-16 11:05:00+05:30,322.1,322.9,322.0,322.5,147576,0
2025-12-16 11:10:00+05:30,322.5,322.95,322.35,322.8,100386,0
2025-12-16 11:15:00+05:30,322.8,322.9,322.4,322.7,56390,0
2025-12-16 11:20:00+05:30,322.7,322.8,322.65,322.75,25721,0
2025-12-16 11:25:00+05:30,322.75,322.75,322.5,322.7,49502,0
2025-12-16 11:30:00+05:30,322.7,322.7,321.6,321.75,80455,0
2025-12-16 11:35:00+05:30,321.75,321.95,321.55,321.75,25368,0
2025-12-16 11:40:00+05:30,321.8,321.85,321.5,321.55,31053,0
2025-12-16 11:45:00+05:30,321.55,321.65,321.15,321.25,41281,0
2025-12-16 11:50:00+05:30,321.25,321.55,321.15,321.25,31740,0
2025-12-16 11:55:00+05:30,321.35,321.35,321.0,321.05,73007,0
2025-12-16 12:00:00+05:30,321.1,321.25,320.65,320.7,77078,0
2025-12-16 12:05:00+05:30,320.7,321.35,320.65,320.85,24163,0
2025-12-16 12:10:00+05:30,320.85,320.9,320.2,320.4,67029,0
2025-12-16 12:15:00+05:30,320.4,320.5,320.2,320.35,68718,0
2025-12-16 12:20:00+05:30,320.35,320.45,319.95,320.4,78106,0
2025-12-16 12:25:00+05:30,320.4,320.6,320.2,320.55,22810,0
2025-12-16 12:30:00+05:30,320.55,320.6,320.15,320.3,21042,0
2025-12-16 12:35:00+05:30,320.3,320.4,319.6,319.9,35450,0
2025-12-16 12:40:00+05:30,319.9,320.1,319.75,319.85,30892,0
2025-12-16 12:45:00+05:30,319.85,320.0,319.7,319.9,20866,0
2025-12-16 12:50:00+05:30,319.9,319.9,319.6,319.6,20134,0
2025-12-16 12:55:00+05:30,319.65,320.05,319.6,319.7,25758,0
2025-12-16 13:00:00+05:30,319.7,319.9,319.55,319.85,23300,0
2025-12-16 13:05:00+05:30,319.85,319.95,319.7,319.8,18766,0
2025-12-16 13:10:00+05:30,319.8,319.95,319.75,319.75,31176,0
2025-12-16 13:15:00+05:30,319.8,319.85,319.55,319.6,18581,0
2025-12-16 13:20:00+05:30,319.6,319.8,319.5,319.6,24386,0
2025-12-16 13:25:00+05:30,319.6,319.8,319.5,319.75,19973,0
2025-12-16 13:30:00+05:30,319.75,320.25,319.6,320.25,33235,0
2025-12-16 13:35:00+05:30,320.25,320.5,320.1,320.45,27147,0
2025-12-16 13:40:00+05:30,320.45,320.5,320.05,320.3,19249,0
2025-12-16 13:45:00+05:30,320.3,320.55,320.2,320.4,19468,0
2025-12-16 13:50:00+05:30,320.4,320.4,320.15,320.3,17440,0
2025-12-16 13:55:00+05:30,320.3,320.3,320.0,320.1,28152,0
2025-12-16 14:00:00+05:30,320.1,320.35,320.0,320.35,16774,0
2025-12-16 14:05:00+05:30,320.3,320.3,320.0,320.25,18089,0
2025-12-16 14:10:00+05:30,320.25,320.25,320.0,320.15,18465,0
2025-12-16 14:15:00+05:30,320.15,320.6,320.0,320.05,45040,0
2025-12-16 14:20:00+05:30,320.05,320.1,319.55,319.75,178086,0
2025-12-16 14:25:00+05:30,319.75,320.0,319.5,319.55,48844,0
2025-12-16 14:30:00+05:30,319.55,319.8,319.5,319.65,34198,0
2025-12-16 14:35:00+05:30,319.65,319.8,319.05,319.55,85278,0
2025-12-16 14:40:00+05:30,319.55,320.35,319.4,320.25,146047,0
2025-12-16 14:45:00+05:30,320.3,320.8,320.0,320.8,110163,0
2025-12-16 14:50:00+05:30,320.8,321.4,320.55,321.25,232198,0
2025-12-16 14:55:00+05:30,321.3,321.4,320.95,321.35,216636,0
2025-12-16 15:00:00+05:30,321.35,321.55,320.4,320.8,342317,0
2025-12-16 15:05:00+05:30,320.85,321.4,320.65,321.0,364784,0
2025-12-16 15:10:00+05:30,321.0,321.3,320.85,321.15,264152,0
2025-12-16 15:15:00+05:30,321.15,321.3,320.75,320.95,282187,0
2025-12-16 15:20:00+05:30,320.9,321.15,320.6,320.95,304384,0
2025-12-16 15:25:00+05:30,320.95,321.15,319.5,320.25,279278,0
2025-12-17 09:15:00+05:30,320.0,321.5,319.55,320.9,124477,0
2025-12-17 09:20:00+05:30,320.9,321.75,320.75,321.6,36400,0
2025-12-17 09:25:00+05:30,321.7,321.85,321.3,321.75,36805,0
2025-12-17 09:30:00+05:30,321.65,322.0,321.45,321.95,21875,0
2025-12-17 09:35:00+05:30,322.0,322.4,321.95,322.4,21488,0
2025-12-17 09:40:00+05:30,322.4,322.4,321.95,322.25,21827,0
2025-12-17 09:45:00+05:30,322.25,322.25,321.35,321.4,38742,0
2025-12-17 09:50:00+05:30,321.4,321.95,321.3,321.95,13512,0
2025-12-17 09:55:00+05:30,321.95,322.0,321.75,321.95,11687,0
2025-12-17 10:00:00+05:30,321.9,321.95,321.2,321.4,31384,0
2025-12-17 10:05:00+05:30,321.4,321.45,321.05,321.35,9373,0
2025-12-17 10:10:00+05:30,321.35,321.45,321.1,321.35,7800,0
2025-12-17 10:15:00+05:30,321.35,321.7,321.3,321.7,8967,0
2025-12-17 10:20:00+05:30,321.7,321.7,321.25,321.35,23156,0
2025-12-17 10:25:00+05:30,321.35,321.35,321.05,321.2,7588,0
2025-12-17 10:30:00+05:30,321.2,321.65,321.1,321.4,13685,0
2025-12-17 10:35:00+05:30,321.45,321.5,321.1,321.25,11809,0
2025-12-17 10:40:00+05:30,321.25,321.25,321.0,321.1,12114,0
2025-12-17 10:45:00+05:30,321.05,321.4,321.0,321.35,14958,0
2025-12-17 10:50:00+05:30,321.35,321.35,321.0,321.2,17682,0
2025-12-17 10:55:00+05:30,321.2,321.2,320.7,320.95,30506,0
2025-12-17 11:00:00+05:30,320.95,321.4,320.85,321.1,19775,0
2025-12-17 11:05:00+05:30,321.1,321.2,320.9,321.2,25018,0
2025-12-17 11:10:00+05:30,321.2,321.45,321.1,321.45,13765,0
2025-12-17 11:15:00+05:30,321.45,321.5,321.15,321.2,28685,0
2025-12-17 11:20:00+05:30,321.2,321.25,320.8,320.9,29751,0
2025-12-17 11:25:00+05:30,320.9,321.05,320.65,320.9,23642,0
2025-12-17 11:30:00+05:30,320.9,321.15,320.65,321.0,40660,0
2025-12-17 11:35:00+05:30,321.0,321.0,320.75,321.0,26965,0
2025-12-17 11:40:00+05:30,321.0,321.5,320.95,321.1,35013,0
2025-12-17 11:45:00+05:30,321.1,321.35,320.95,321.05,27815,0
2025-12-17 11:50:00+05:30,321.2,321.3,321.0,321.1,15478,0
2025-12-17 11:55:00+05:30,321.1,321.25,320.5,320.55,37652,0
2025-12-17 12:00:00+05:30,320.55,320.55,320.05,320.25,28626,0
2025-12-17 12:05:00+05:30,320.25,320.35,320.15,320.25,14906,0
2025-12-17 12:10:00+05:30,320.3,320.5,320.2,320.5,17588,0
2025-12-17 12:15:00+05:30,320.5,320.65,320.3,320.6,6671,0
2025-12-17 12:20:00+05:30,320.65,320.65,320.4,320.55,20912,0
2025-12-17 12:25:00+05:30,320.55,320.55,320.5,320.55,13670,0
2025-12-17 12:30:00+05:30,320.55,321.3,320.5,321.25,133801,0
2025-12-17 12:35:00+05:30,321.15,321.25,320.5,320.55,45484,0
2025-12-17 12:40:00+05:30,320.55,320.9,320.5,320.7,20118,0
2025-12-17 12:45:00+05:30,320.7,320.9,320.55,320.8,13720,0
2025-12-17 12:50:00+05:30,320.8,320.8,320.65,320.75,8423,0
2025-12-17 12:55:00+05:30,320.75,320.75,320.65,320.75,10151,0
2025-12-17 13:00:00+05:30,320.75,320.8,320.65,320.75,8618,0
2025-12-17 13:05:00+05:30,320.75,320.95,320.7,320.75,13170,0
2025-12-17 13:10:00+05:30,320.75,320.75,320.6,320.7,14578,0
2025-12-17 13:15:00+05:30,320.7,320.7,320.55,320.65,8892,0
2025-12-17 13:20:00+05:30,320.65,320.95,320.65,320.95,10927,0
2025-12-17 13:25:00+05:30,320.95,321.25,320.75,321.0,24546,0
2025-12-17 13:30:00+05:30,321.0,321.05,320.65,320.8,1237727,0
2025-12-17 13:35:00+05:30,320.8,320.85,320.5,320.85,5692,0
2025-12-17 13:40:00+05:30,320.85,320.85,320.65,320.85,7170,0
2025-12-17 13:45:00+05:30,320.85,321.4,320.8,321.25,28202,0
2025-12-17 13:50:00+05:30,321.25,321.25,321.0,321.05,11763,0
2025-12-17 13:55:00+05:30,321.05,321.2,320.75,321.05,89243,0
2025-12-17 14:00:00+05:30,321.05,321.1,321.0,321.1,14157,0
2025-12-17 14:05:00+05:30,321.1,321.5,321.05,321.25,19579,0
2025-12-17 14:10:00+05:30,321.25,321.3,321.05,321.3,8216,0
2025-12-17 14:15:00+05:30,321.3,321.9,321.15,321.7,221976,0
2025-12-17 14:20:00+05:30,321.65,321.85,321.3,321.3,52061,0
2025-12-17 14:25:00+05:30,321.35,321.5,321.0,321.15,49078,0
2025-12-17 14:30:00+05:30,321.15,321.55,321.0,321.55,52799,0
2025-12-17 14:35:00+05:30,321.5,321.6,320.95,321.05,285950,0
2025-12-17 14:40:00+05:30,321.05,321.1,320.95,321.05,108455,0
2025-12-17 14:45:00+05:30,321.05,321.45,320.95,321.25,105173,0
2025-12-17 14:50:00+05:30,321.25,321.4,320.9,320.95,92540,0
2025-12-17 14:55:00+05:30,320.95,320.95,320.45,320.8,82630,0
2025-12-17 15:00:00+05:30,320.8,321.45,320.75,321.45,162480,0
2025-12-17 15:05:00+05:30,321.4,321.45,321.15,321.25,210570,0
2025-12-17 15:10:00+05:30,321.2,321.4,321.2,321.4,214748,0
2025-12-17 15:15:00+05:30,321.35,321.5,321.35,321.35,240811,0
2025-12-17 15:20:00+05:30,321.4,321.4,320.6,320.95,234212,0
2025-12-17 15:25:00+05:30,320.95,321.55,320.9,321.35,251349,0
2025-12-18 09:15:00+05:30,322.0,322.15,319.0,319.4,149365,0
2025-12-18 09:20:00+05:30,319.4,319.4,318.4,318.9,100332,0
2025-12-18 09:25:00+05:30,318.9,319.0,318.6,318.65,22879,0
2025-12-18 09:30:00+05:30,318.6,318.95,318.6,318.7,23780,0
2025-12-18 09:35:00+05:30,318.7,318.7,318.1,318.3,51574,0
2025-12-18 09:40:00+05:30,318.3,318.5,318.15,318.25,15819,0
2025-12-18 09:45:00+05:30,318.25,318.25,318.05,318.2,19488,0
2025-12-18 09:50:00+05:30,318.2,318.25,318.0,318.15,30508,0
2025-12-18 09:55:00+05:30,318.15,318.15,318.05,318.1,14402,0
2025-12-18 10:00:00+05:30,318.05,318.1,317.6,317.8,57891,0
2025-12-18 10:05:00+05:30,317.8,318.15,317.65,318.15,45792,0
2025-12-18 10:10:00+05:30,318.15,318.55,317.95,318.4,47394,0
2025-12-18 10:15:00+05:30,318.4,319.25,318.35,319.1,48817,0
2025-12-18 10:20:00+05:30,319.1,319.3,318.9,319.3,51215,0
2025-12-18 10:25:00+05:30,319.3,319.3,318.75,319.05,32473,0
2025-12-18 10:30:00+05:30,319.05,319.05,318.8,319.0,16744,0
2025-12-18 10:35:00+05:30,319.0,319.05,318.65,318.75,34912,0
2025-12-18 10:40:00+05:30,318.75,319.2,318.4,318.5,43106,0
2025-12-18 10:45:00+05:30,318.5,318.8,318.4,318.5,37552,0
2025-12-18 10:50:00+05:30,318.4,318.5,318.1,318.4,30468,0
2025-12-18 10:55:00+05:30,318.35,318.5,318.1,318.3,65784,0
2025-12-18 11:00:00+05:30,318.3,318.45,318.0,318.15,38365,0
2025-12-18 11:05:00+05:30,318.15,318.2,318.0,318.1,26653,0
2025-12-18 11:10:00+05:30,318.05,318.1,317.8,317.85,27190,0
2025-12-18 11:15:00+05:30,317.85,317.9,317.5,317.7,38312,0
2025-12-18 11:20:00+05:30,317.7,318.15,317.6,318.15,45166,0
2025-12-18 11:25:00+05:30,318.05,318.2,317.75,318.0,31530,0
2025-12-18 11:30:00+05:30,318.0,318.3,317.8,318.25,32554,0
2025-12-18 11:35:00+05:30,318.2,318.25,317.95,318.2,30156,0
2025-12-18 11:40:00+05:30,318.1,318.55,317.8,318.3,107792,0
2025-12-18 11:45:00+05:30,318.3,318.55,318.15,318.45,139051,0
2025-12-18 11:50:00+05:30,318.35,318.75,318.15,318.3,98892,0
2025-12-18 11:55:00+05:30,318.3,319.05,318.15,318.5,194982,0
2025-12-18 12:00:00+05:30,318.5,318.5,318.0,318.2,75538,0
2025-12-18 12:05:00+05:30,318.1,318.5,318.05,318.3,31916,0
2025-12-18 12:10:00+05:30,318.3,318.4,318.15,318.35,15430,0
2025-12-18 12:15:00+05:30,318.35,318.6,318.2,318.4,37422,0
2025-12-18 12:20:00+05:30,318.4,318.5,318.1,318.3,52899,0
2025-12-18 12:25:00+05:30,318.3,318.35,318.1,318.3,30436,0
2025-12-18 12:30:00+05:30,318.3,318.3,318.15,318.25,20630,0
2025-12-18 12:35:00+05:30,318.15,318.6,318.05,318.55,32552,0
2025-12-18 12:40:00+05:30,318.55,318.55,318.3,318.5,22947,0
2025-12-18 12:45:00+05:30,318.5,318.7,318.4,318.5,27546,0
2025-12-18 12:50:00+05:30,318.45,318.6,318.1,318.3,48890,0
2025-12-18 12:55:00+05:30,318.25,318.3,317.9,317.9,113523,0
2025-12-18 13:00:00+05:30,317.9,318.2,317.9,318.1,43702,0
2025-12-18 13:05:00+05:30,318.1,318.3,317.9,318.1,36255,0
2025-12-18 13:10:00+05:30,318.05,318.2,317.95,318.1,35902,0
2025-12-18 13:15:00+05:30,318.1,318.25,317.85,318.2,30398,0
2025-12-18 13:20:00+05:30,318.05,318.2,317.9,318.15,29018,0
2025-12-18 13:25:00+05:30,318.15,318.2,317.85,318.0,68671,0
2025-12-18 13:30:00+05:30,318.05,318.15,317.8,317.9,29345,0
2025-12-18 13:35:00+05:30,317.8,317.95,317.75,317.9,32728,0
2025-12-18 13:40:00+05:30,317.8,317.9,317.7,317.85,28941,0
2025-12-18 13:45:00+05:30,317.7,317.9,317.6,317.75,30212,0
2025-12-18 13:50:00+05:30,317.75,317.8,317.55,317.8,27985,0
2025-12-18 13:55:00+05:30,317.8,317.8,317.3,317.5,69667,0
2025-12-18 14:00:00+05:30,317.45,317.5,317.15,317.4,34581,0
2025-12-18 14:05:00+05:30,317.25,317.4,317.1,317.2,30098,0
2025-12-18 14:10:00+05:30,317.1,317.7,317.05,317.2,73785,0
2025-12-18 14:15:00+05:30,317.2,317.3,317.05,317.15,33007,0
2025-12-18 14:20:00+05:30,317.15,317.35,317.0,317.1,31913,0
2025-12-18 14:25:00+05:30,317.1,317.25,317.0,317.25,30416,0
2025-12-18 14:30:00+05:30,317.25,318.95,317.2,318.35,535989,0
2025-12-18 14:35:00+05:30,318.25,318.5,317.8,318.4,178352,0
2025-12-18 14:40:00+05:30,318.35,318.8,317.6,318.3,307667,0
2025-12-18 14:45:00+05:30,318.25,318.7,318.1,318.2,234823,0
2025-12-18 14:50:00+05:30,318.2,318.2,317.8,318.05,249479,0
2025-12-18 14:55:00+05:30,318.05,318.35,317.75,318.1,116120,0
2025-12-18 15:00:00+05:30,318.0,318.75,318.0,318.65,176216,0
2025-12-18 15:05:00+05:30,318.55,318.85,318.5,318.85,171091,0
2025-12-18 15:10:00+05:30,318.75,319.0,318.35,318.5,119862,0
2025-12-18 15:15:00+05:30,318.45,318.65,318.2,318.55,132516,0
2025-12-18 15:20:00+05:30,318.4,318.65,318.05,318.5,220382,0
2025-12-18 15:25:00+05:30,318.5,318.6,318.0,318.55,154117,0
2025-12-19 09:15:00+05:30,318.95,319.35,318.65,319.25,75641,0
2025-12-19 09:20:00+05:30,319.2,319.7,319.0,319.05,73894,0
2025-12-19 09:25:00+05:30,319.15,319.45,319.05,319.4,20127,0
2025-12-19 09:30:00+05:30,319.45,320.0,319.4,319.8,118991,0
2025-12-19 09:35:00+05:30,319.85,319.85,319.45,319.5,41096,0
2025-12-19 09:40:00+05:30,319.45,319.5,318.75,319.0,126123,0
2025-12-19 09:45:00+05:30,319.0,319.15,318.7,318.8,28051,0
2025-12-19 09:50:00+05:30,318.8,319.15,318.75,318.95,19769,0
2025-12-19 09:55:00+05:30,318.95,318.95,318.7,318.75,9058,0
2025-12-19 10:00:00+05:30,318.75,318.75,318.6,318.6,24470,0
2025-12-19 10:05:00+05:30,318.7,318.75,317.95,318.1,580941,0
2025-12-19 10:10:00+05:30,318.1,318.35,317.9,317.95,59688,0
2025-12-19 10:15:00+05:30,317.95,318.2,317.9,318.05,40285,0
2025-12-19 10:20:00+05:30,318.1,318.25,317.75,318.1,57927,0
2025-12-19 10:25:00+05:30,318.0,318.3,317.85,317.95,40447,0
2025-12-19 10:30:00+05:30,318.05,318.5,317.9,318.0,39173,0
2025-12-19 10:35:00+05:30,318.05,318.1,317.55,317.55,49347,0
2025-12-19 10:40:00+05:30,317.65,318.3,317.5,318.0,83228,0
2025-12-19 10:45:00+05:30,318.05,318.3,317.95,317.95,64069,0
2025-12-19 10:50:00+05:30,317.95,318.2,317.9,317.9,125493,0
2025-12-19 10:55:00+05:30,317.95,318.05,317.75,317.75,50358,0
2025-12-19 11:00:00+05:30,317.8,318.05,317.65,317.75,40031,0
2025-12-19 11:05:00+05:30,317.85,318.0,317.65,317.9,31297,0
2025-12-19 11:10:00+05:30,317.95,318.0,317.85,317.9,26452,0
2025-12-19 11:15:00+05:30,318.0,318.2,317.9,317.9,55033,0
2025-12-19 11:20:00+05:30,317.95,318.1,317.8,317.95,31121,0
2025-12-19 11:25:00+05:30,318.05,318.05,317.65,317.75,45555,0
2025-12-19 11:30:00+05:30,317.75,318.05,317.65,317.9,45049,0
2025-12-19 11:35:00+05:30,317.9,318.15,317.85,317.9,26240,0
2025-12-19 11:40:00+05:30,317.9,318.1,317.65,317.75,29036,0
2025-12-19 11:45:00+05:30,317.8,318.2,317.65,318.0,267554,0
2025-12-19 11:50:00+05:30,318.05,318.35,318.0,318.1,73685,0
2025-12-19 11:55:00+05:30,318.2,318.75,318.1,318.65,123867,0
2025-12-19 12:00:00+05:30,318.65,318.7,318.35,318.55,159163,0
2025-12-19 12:05:00+05:30,318.6,318.8,318.5,318.75,89530,0
2025-12-19 12:10:00+05:30,318.8,318.8,318.4,318.5,85066,0
2025-12-19 12:15:00+05:30,318.55,318.65,318.25,318.5,146036,0
2025-12-19 12:20:00+05:30,318.55,318.9,318.3,318.35,142978,0
2025-12-19 12:25:00+05:30,318.35,318.8,318.3,318.35,215188,0
2025-12-19 12:30:00+05:30,318.4,319.1,318.35,319.05,188983,0
2025-12-19 12:35:00+05:30,319.1,319.1,318.45,318.7,68198,0
2025-12-19 12:40:00+05:30,318.75,318.8,318.25,318.35,71093,0
2025-12-19 12:45:00+05:30,318.45,318.9,318.3,318.35,102710,0
2025-12-19 12:50:00+05:30,318.3,318.65,318.1,318.25,157588,0
2025-12-19 12:55:00+05:30,318.35,318.5,318.05,318.05,66730,0
2025-12-19 13:00:00+05:30,318.15,318.3,318.0,318.05,59851,0
2025-12-19 13:05:00+05:30,318.1,318.2,317.8,317.85,68921,0
2025-12-19 13:10:00+05:30,317.95,318.0,317.7,317.95,67387,0
2025-12-19 13:15:00+05:30,318.0,318.45,317.85,318.25,654301,0
2025-12-19 13:20:00+05:30,318.3,318.4,317.95,318.1,162848,0
2025-12-19 13:25:00+05:30,318.2,318.45,318.1,318.25,69491,0
2025-12-19 13:30:00+05:30,318.35,318.5,318.15,318.35,68817,0
2025-12-19 13:35:00+05:30,318.35,318.5,318.1,318.15,77852,0
2025-12-19 13:40:00+05:30,318.2,318.6,318.1,318.5,81877,0
2025-12-19 13:45:00+05:30,318.45,318.65,318.2,318.35,78093,0
2025-12-19 13:50:00+05:30,318.5,318.6,318.25,318.3,69859,0
2025-12-19 13:55:00+05:30,318.35,318.9,318.3,318.35,79382,0
2025-12-19 14:00:00+05:30,318.35,318.6,318.25,318.45,97365,0
2025-12-19 14:05:00+05:30,318.45,318.85,318.25,318.55,94850,0
2025-12-19 14:10:00+05:30,318.55,318.85,318.5,318.65,84829,0
2025-12-19 14:15:00+05:30,318.65,318.9,318.6,318.7,93051,0
2025-12-19 14:20:00+05:30,318.7,319.5,318.65,319.4,150582,0
2025-12-19 14:25:00+05:30,319.4,319.8,318.95,318.95,134698,0
2025-12-19 14:30:00+05:30,318.95,319.3,318.85,318.9,102390,0
2025-12-19 14:35:00+05:30,318.85,319.05,318.7,318.9,87763,0
2025-12-19 14:40:00+05:30,318.9,319.2,318.75,319.05,105347,0
2025-12-19 14:45:00+05:30,319.05,319.4,319.0,319.0,125099,0
2025-12-19 14:50:00+05:30,319.0,319.1,318.75,318.9,126545,0
2025-12-19 14:55:00+05:30,318.9,319.0,318.6,318.65,178752,0
2025-12-19 15:00:00+05:30,318.7,319.7,318.7,319.6,757015,0
2025-12-19 15:05:00+05:30,319.6,320.4,319.5,320.3,742349,0
2025-12-19 15:10:00+05:30,320.3,320.35,319.85,319.85,622717,0
2025-12-19 15:15:00+05:30,319.85,320.25,319.75,320.05,586598,0
2025-12-19 15:20:00+05:30,320.15,320.25,320.0,320.05,619746,0
2025-12-19 15:25:00+05:30,320.05,320.6,320.0,320.05,567701,0
2025-12-22 09:15:00+05:30,319.95,321.2,319.5,321.15,172048,0
2025-12-22 09:20:00+05:30,321.15,321.5,321.0,321.3,97591,0
2025-12-22 09:25:00+05:30,321.3,321.65,321.1,321.25,152031,0
2025-12-22 09:30:00+05:30,321.1,321.35,320.55,320.7,68895,0
2025-12-22 09:35:00+05:30,320.7,320.85,320.55,320.6,69710,0
2025-12-22 09:40:00+05:30,320.75,321.2,320.6,321.05,64960,0
2025-12-22 09:45:00+05:30,321.1,321.15,320.65,320.65,35115,0
2025-12-22 09:50:00+05:30,320.75,320.9,320.65,320.9,25779,0
2025-12-22 09:55:00+05:30,320.9,321.05,320.8,321.05,52664,0
2025-12-22 10:00:00+05:30,320.95,321.2,320.9,321.15,81949,0
2025-12-22 10:05:00+05:30,321.1,321.15,320.75,320.8,31954,0
2025-12-22 10:10:00+05:30,320.8,321.1,320.6,321.0,41807,0
2025-12-22 10:15:00+05:30,321.1,321.55,321.0,321.4,1138233,0
2025-12-22 10:20:00+05:30,321.35,321.6,321.05,321.5,71029,0
2025-12-22 10:25:00+05:30,321.55,321.55,321.0,321.15,36747,0
2025-12-22 10:30:00+05:30,321.15,321.5,321.05,321.5,60257,0
2025-12-22 10:35:00+05:30,321.5,321.5,321.05,321.15,33122,0
2025-12-22 10:40:00+05:30,321.15,321.15,321.05,321.1,18660,0
2025-12-22 10:45:00+05:30,321.15,321.65,321.05,321.55,104492,0
2025-12-22 10:50:00+05:30,321.65,322.1,321.6,322.05,223457,0
2025-12-22 10:55:00+05:30,322.1,322.1,321.85,321.95,31509,0
2025-12-22 11:00:00+05:30,321.95,322.1,321.9,322.1,17646,0
2025-12-22 11:05:00+05:30,322.1,322.35,321.95,322.0,55109,0
2025-12-22 11:10:00+05:30,321.95,322.1,321.85,322.05,70559,0
2025-12-22 11:15:00+05:30,322.05,322.55,322.0,322.35,137998,0
2025-12-22 11:20:00+05:30,322.35,322.4,322.2,322.3,47249,0
2025-12-22 11:25:00+05:30,322.3,323.05,322.2,322.85,298083,0
2025-12-22 11:30:00+05:30,322.85,322.95,322.55,322.8,151347,0
2025-12-22 11:35:00+05:30,322.85,322.9,322.5,322.65,111563,0
2025-12-22 11:40:00+05:30,322.65,323.15,322.5,322.9,244113,0
2025-12-22 11:45:00+05:30,323.0,323.65,322.7,323.0,234016,0
2025-12-22 11:50:00+05:30,323.1,323.1,322.5,322.5,34965,0
2025-12-22 11:55:00+05:30,322.5,322.6,322.25,322.35,45438,0
2025-12-22 12:00:00+05:30,322.4,322.5,322.3,322.5,33362,0
2025-12-22 12:05:00+05:30,322.5,322.5,322.25,322.35,34852,0
2025-12-22 12:10:00+05:30,322.35,322.4,322.25,322.4,33833,0
2025-12-22 12:15:00+05:30,322.4,322.4,322.25,322.3,31806,0
2025-12-22 12:20:00+05:30,322.3,322.4,322.25,322.25,77041,0
2025-12-22 12:25:00+05:30,322.3,322.3,322.1,322.1,59573,0
2025-12-22 12:30:00+05:30,322.15,322.15,322.05,322.05,58306,0
2025-12-22 12:35:00+05:30,322.1,322.15,322.0,322.0,75367,0
2025-12-22 12:40:00+05:30,322.1,322.1,322.0,322.0,37441,0
2025-12-22 12:45:00+05:30,322.0,322.05,321.9,321.95,40895,0
2025-12-22 12:50:00+05:30,321.95,322.05,321.8,321.8,284146,0
2025-12-22 12:55:00+05:30,321.85,321.85,321.75,321.75,48766,0
2025-12-22 13:00:00+05:30,321.75,321.8,321.65,321.7,51744,0
2025-12-22 13:05:00+05:30,321.75,321.75,321.55,321.55,44878,0
2025-12-22 13:10:00+05:30,321.6,321.65,321.45,321.5,107745,0
2025-12-22 13:15:00+05:30,321.5,321.55,321.4,321.4,49379,0
2025-12-22 13:20:00+05:30,321.4,321.75,321.4,321.6,54909,0
2025-12-22 13:25:00+05:30,321.6,321.6,321.4,321.45,44101,0
2025-12-22 13:30:00+05:30,321.45,321.6,321.4,321.45,58080,0
2025-12-22 13:35:00+05:30,321.55,321.55,321.1,321.1,59238,0
2025-12-22 13:40:00+05:30,321.1,321.4,321.1,321.1,76910,0
2025-12-22 13:45:00+05:30,321.15,321.3,321.05,321.1,80608,0
2025-12-22 13:50:00+05:30,321.1,321.15,320.85,320.9,89218,0
2025-12-22 13:55:00+05:30,320.9,320.95,320.4,320.45,116276,0
2025-12-22 14:00:00+05:30,320.45,320.8,320.4,320.55,94645,0
2025-12-22 14:05:00+05:30,320.6,320.8,320.45,320.6,149386,0
2025-12-22 14:10:00+05:30,320.55,321.15,320.3,321.05,177537,0
2025-12-22 14:15:00+05:30,321.05,321.75,320.8,321.35,149419,0
2025-12-22 14:20:00+05:30,321.35,321.5,321.05,321.4,77176,0
2025-12-22 14:25:00+05:30,321.4,321.45,320.9,321.15,121187,0
2025-12-22 14:30:00+05:30,321.1,321.25,321.0,321.2,118841,0
2025-12-22 14:35:00+05:30,321.2,321.6,321.05,321.2,218366,0
2025-12-22 14:40:00+05:30,321.25,321.3,320.85,321.05,138867,0
2025-12-22 14:45:00+05:30,321.0,321.2,320.9,321.1,147343,0
2025-12-22 14:50:00+05:30,321.15,321.15,320.85,321.15,137086,0
2025-12-22 14:55:00+05:30,321.1,321.25,320.9,321.1,159156,0
2025-12-22 15:00:00+05:30,321.1,321.3,320.75,320.85,208998,0
2025-12-22 15:05:00+05:30,320.9,321.05,320.6,320.75,232940,0
2025-12-22 15:10:00+05:30,320.8,320.9,320.5,320.65,250865,0
2025-12-22 15:15:00+05:30,320.6,321.05,320.5,320.7,254097,0
2025-12-22 15:20:00+05:30,320.7,320.7,320.4,320.65,298012,0
2025-12-22 15:25:00+05:30,320.6,321.0,320.4,320.9,280816,0
2025-12-23 09:15:00+05:30,321.05,322.2,320.25,322.15,117339,0
2025-12-23 09:20:00+05:30,322.2,322.45,321.8,322.05,41801,0
2025-12-23 09:25:00+05:30,322.05,322.1,321.7,321.9,27668,0
2025-12-23 09:30:00+05:30,321.9,322.0,321.6,321.65,28847,0
2025-12-23 09:35:00+05:30,321.85,321.9,321.6,321.8,15416,0
2025-12-23 09:40:00+05:30,321.85,321.9,321.6,321.7,49954,0
2025-12-23 09:45:00+05:30,321.75,322.15,321.5,321.8,29899,0
2025-12-23 09:50:00+05:30,321.95,322.55,321.8,322.5,38549,0
2025-12-23 09:55:00+05:30,322.5,322.9,322.35,322.85,47205,0
2025-12-23 10:00:00+05:30,322.85,323.15,322.7,322.85,58808,0
2025-12-23 10:05:00+05:30,322.9,322.9,322.5,322.8,23437,0
2025-12-23 10:10:00+05:30,322.65,322.85,322.5,322.5,48596,0
2025-12-23 10:15:00+05:30,322.6,322.6,322.2,322.2,54291,0
2025-12-23 10:20:00+05:30,322.35,322.4,322.1,322.2,21462,0
2025-12-23 10:25:00+05:30,322.3,322.5,322.2,322.45,18666,0
2025-12-23 10:30:00+05:30,322.35,323.25,322.3,323.0,106658,0
2025-12-23 10:35:00+05:30,323.0,323.4,323.0,323.15,37786,0
2025-12-23 10:40:00+05:30,323.3,323.7,323.05,323.5,87188,0
2025-12-23 10:45:00+05:30,323.55,323.85,323.4,323.45,66706,0
2025-12-23 10:50:00+05:30,323.6,323.7,323.4,323.55,34154,0
2025-12-23 10:55:00+05:30,323.55,323.55,323.35,323.5,45511,0
2025-12-23 11:00:00+05:30,323.55,323.6,323.35,323.5,26181,0
2025-12-23 11:05:00+05:30,323.6,324.15,323.4,324.05,167804,0
2025-12-23 11:10:00+05:30,324.05,324.4,324.0,324.25,59737,0
2025-12-23 11:15:00+05:30,324.2,324.35,324.1,324.25,76067,0
2025-12-23 11:20:00+05:30,324.35,324.4,324.1,324.4,58309,0
2025-12-23 11:25:00+05:30,324.4,324.75,324.0,324.0,353751,0
2025-12-23 11:30:00+05:30,324.1,324.2,323.85,324.1,108109,0
2025-12-23 11:35:00+05:30,324.1,324.2,323.75,323.85,80354,0
2025-12-23 11:40:00+05:30,323.85,324.15,323.7,324.05,45841,0
2025-12-23 11:45:00+05:30,324.0,324.05,323.85,324.0,49798,0
2025-12-23 11:50:00+05:30,324.05,324.05,323.95,324.0,32617,0
2025-12-23 11:55:00+05:30,324.05,324.1,324.0,324.05,40017,0
2025-12-23 12:00:00+05:30,324.05,324.6,324.05,324.45,79771,0
2025-12-23 12:05:00+05:30,324.45,324.55,324.15,324.5,42207,0
2025-12-23 12:10:00+05:30,324.5,324.6,324.35,324.45,82232,0
2025-12-23 12:15:00+05:30,324.45,324.5,324.05,324.15,24611,0
2025-12-23 12:20:00+05:30,324.15,324.4,324.05,324.1,17706,0
2025-12-23 12:25:00+05:30,324.1,324.3,324.05,324.1,17161,0
2025-12-23 12:30:00+05:30,324.2,324.3,324.05,324.3,41732,0
2025-12-23 12:35:00+05:30,324.3,324.3,324.05,324.2,33676,0
2025-12-23 12:40:00+05:30,324.2,324.3,324.05,324.1,24711,0
2025-12-23 12:45:00+05:30,324.25,324.3,324.05,324.05,17419,0
2025-12-23 12:50:00+05:30,324.1,324.25,324.05,324.1,36768,0
2025-12-23 12:55:00+05:30,324.2,324.6,324.05,324.15,69132,0
2025-12-23 13:00:00+05:30,324.25,324.5,324.05,324.4,31973,0
2025-12-23 13:05:00+05:30,324.25,324.4,323.95,324.0,166107,0
2025-12-23 13:10:00+05:30,324.05,324.1,323.95,324.0,171066,0
2025-12-23 13:15:00+05:30,324.05,324.1,324.0,324.0,40161,0
2025-12-23 13:20:00+05:30,324.05,324.25,323.9,324.05,51913,0
2025-12-23 13:25:00+05:30,324.0,324.25,323.95,324.0,45276,0
2025-12-23 13:30:00+05:30,324.0,324.1,323.85,324.0,37874,0
2025-12-23 13:35:00+05:30,324.0,324.15,323.85,324.05,40969,0
2025-12-23 13:40:00+05:30,324.1,324.1,323.9,324.05,38607,0
2025-12-23 13:45:00+05:30,324.05,324.25,323.95,324.15,58504,0
2025-12-23 13:50:00+05:30,324.15,324.35,324.05,324.2,64422,0
2025-12-23 13:55:00+05:30,324.25,324.4,324.1,324.35,57067,0
2025-12-23 14:00:00+05:30,324.4,324.45,324.25,324.3,55741,0
2025-12-23 14:05:00+05:30,324.4,324.4,324.0,324.1,61025,0
2025-12-23 14:10:00+05:30,324.1,324.1,323.8,324.0,121297,0
2025-12-23 14:15:00+05:30,324.0,324.45,323.9,324.0,187126,0
2025-12-23 14:20:00+05:30,324.05,324.2,323.9,323.95,53133,0
2025-12-23 14:25:00+05:30,324.0,324.0,323.85,324.0,43747,0
2025-12-23 14:30:00+05:30,324.0,324.0,323.8,323.85,38210,0
2025-12-23 14:35:00+05:30,323.9,324.0,323.8,323.95,35979,0
2025-12-23 14:40:00+05:30,323.95,324.05,323.8,324.0,276261,0
2025-12-23 14:45:00+05:30,324.0,324.05,323.4,323.6,196870,0
2025-12-23 14:50:00+05:30,323.55,323.6,323.1,323.3,81366,0
2025-12-23 14:55:00+05:30,323.25,323.65,323.2,323.65,80979,0
2025-12-23 15:00:00+05:30,323.55,323.9,323.1,323.2,228516,0
2025-12-23 15:05:00+05:30,323.2,323.35,323.05,323.15,247694,0
2025-12-23 15:10:00+05:30,323.15,323.4,323.05,323.1,231781,0
2025-12-23 15:15:00+05:30,323.15,323.4,323.05,323.1,259050,0
2025-12-23 15:20:00+05:30,323.25,323.25,323.0,323.1,267241,0
2025-12-23 15:25:00+05:30,323.15,323.6,323.05,323.45,167271,0
2025-12-24 09:15:00+05:30,323.9,325.25,323.3,325.15,194357,0
2025-12-24 09:20:00+05:30,325.25,326.0,325.15,325.85,126645,0
2025-12-24 09:25:00+05:30,325.85,326.4,325.85,326.05,133991,0
2025-12-24 09:30:00+05:30,326.2,326.65,325.75,325.9,61660,0
2025-12-24 09:35:00+05:30,325.9,326.15,325.55,325.7,46149,0
2025-12-24 09:40:00+05:30,325.7,325.9,325.6,325.6,19864,0
2025-12-24 09:45:00+05:30,325.8,325.8,325.2,325.35,37450,0
2025-12-24 09:50:00+05:30,325.45,325.8,325.35,325.75,28922,0
2025-12-24 09:55:00+05:30,325.75,325.85,325.7,325.85,24646,0
2025-12-24 10:00:00+05:30,325.85,325.85,325.1,325.3,101477,0
2025-12-24 10:05:00+05:30,325.3,325.35,324.75,325.0,68602,0
2025-12-24 10:10:00+05:30,325.0,325.45,325.0,325.45,22291,0
2025-12-24 10:15:00+05:30,325.45,325.45,324.8,324.85,16489,0
2025-12-24 10:20:00+05:30,324.95,325.1,324.7,325.1,25854,0
2025-12-24 10:25:00+05:30,325.1,325.4,325.0,325.35,23680,0
2025-12-24 10:30:00+05:30,325.4,325.75,325.35,325.45,55606,0
2025-12-24 10:35:00+05:30,325.55,325.6,325.2,325.3,16221,0
2025-12-24 10:40:00+05:30,325.35,325.5,325.15,325.3,16402,0
2025-12-24 10:45:00+05:30,325.3,325.35,325.1,325.2,24490,0
2025-12-24 10:50:00+05:30,325.2,325.2,325.05,325.15,28100,0
2025-12-24 10:55:00+05:30,325.2,325.2,324.65,324.8,40654,0
2025-12-24 11:00:00+05:30,324.8,325.0,324.3,324.4,27244,0
2025-12-24 11:05:00+05:30,324.45,325.0,324.3,324.9,10382,0
2025-12-24 11:10:00+05:30,324.9,325.15,324.75,325.1,26220,0
2025-12-24 11:15:00+05:30,325.05,325.2,324.8,324.9,14295,0
2025-12-24 11:20:00+05:30,324.9,325.2,324.8,325.0,10976,0
2025-12-24 11:25:00+05:30,325.05,325.2,324.8,325.05,27331,0
2025-12-24 11:30:00+05:30,325.0,325.1,324.9,325.0,13730,0
2025-12-24 11:35:00+05:30,325.05,325.2,324.95,325.0,13801,0
2025-12-24 11:40:00+05:30,325.0,325.05,324.4,324.45,112838,0
2025-12-24 11:45:00+05:30,324.45,324.6,324.05,324.05,47462,0
2025-12-24 11:50:00+05:30,324.15,324.45,324.05,324.15,38012,0
2025-12-24 11:55:00+05:30,324.3,325.3,324.15,324.65,247021,0
2025-12-24 12:00:00+05:30,324.75,324.85,324.55,324.75,37113,0
2025-12-24 12:05:00+05:30,324.8,324.8,324.3,324.45,47987,0
2025-12-24 12:10:00+05:30,324.55,324.55,324.25,324.3,46477,0
2025-12-24 12:15:00+05:30,324.35,324.85,324.25,324.7,110484,0
2025-12-24 12:20:00+05:30,324.75,324.85,324.5,324.7,36834,0
2025-12-24 12:25:00+05:30,324.75,324.9,324.3,324.35,101914,0
2025-12-24 12:30:00+05:30,324.45,324.5,324.2,324.25,36525,0
2025-12-24 12:35:00+05:30,324.35,324.45,324.2,324.25,33270,0
2025-12-24 12:40:00+05:30,324.4,324.4,324.15,324.2,44157,0
2025-12-24 12:45:00+05:30,324.35,324.5,324.15,324.25,50921,0
2025-12-24 12:50:00+05:30,324.45,324.45,324.2,324.25,48540,0
2025-12-24 12:55:00+05:30,324.35,325.4,324.15,324.5,327094,0
2025-12-24 13:00:00+05:30,324.5,325.15,324.4,324.55,65241,0
2025-12-24 13:05:00+05:30,324.6,324.7,324.2,324.2,56833,0
2025-12-24 13:10:00+05:30,324.25,324.45,324.15,324.35,45046,0
2025-12-24 13:15:00+05:30,324.4,324.55,324.2,324.25,57181,0
2025-12-24 13:20:00+05:30,324.25,324.5,324.15,324.4,55032,0
2025-12-24 13:25:00+05:30,324.45,324.5,324.0,324.1,86459,0
2025-12-24 13:30:00+05:30,324.05,324.25,323.55,324.0,89519,0
2025-12-24 13:35:00+05:30,324.1,324.15,323.7,323.9,58090,0
2025-12-24 13:40:00+05:30,323.9,324.0,323.65,323.75,77501,0
2025-12-24 13:45:00+05:30,323.75,324.3,323.6,323.9,79621,0
2025-12-24 13:50:00+05:30,324.05,324.15,323.85,324.05,55294,0
2025-12-24 13:55:00+05:30,324.1,324.15,323.8,324.0,77371,0
2025-12-24 14:00:00+05:30,324.05,324.05,323.4,323.45,99420,0
2025-12-24 14:05:00+05:30,323.45,323.95,323.4,323.9,140170,0
2025-12-24 14:10:00+05:30,323.9,323.95,323.3,323.45,63404,0
2025-12-24 14:15:00+05:30,323.45,323.75,323.3,323.4,41349,0
2025-12-24 14:20:00+05:30,323.4,323.45,322.9,323.15,78173,0
2025-12-24 14:25:00+05:30,323.25,323.25,322.6,322.7,180524,0
2025-12-24 14:30:00+05:30,322.75,323.0,322.65,322.75,93860,0
2025-12-24 14:35:00+05:30,322.8,322.85,322.55,322.8,79232,0
2025-12-24 14:40:00+05:30,322.8,322.9,322.5,322.8,79532,0
2025-12-24 14:45:00+05:30,322.8,323.15,322.4,322.65,164978,0
2025-12-24 14:50:00+05:30,322.65,322.8,322.4,322.5,134607,0
2025-12-24 14:55:00+05:30,322.55,323.0,322.5,322.8,133640,0
2025-12-24 15:00:00+05:30,322.85,323.3,322.7,322.7,142313,0
2025-12-24 15:05:00+05:30,322.8,322.95,322.6,322.7,135362,0
2025-12-24 15:10:00+05:30,322.7,322.8,322.4,322.4,161305,0
2025-12-24 15:15:00+05:30,322.45,322.55,322.25,322.5,175473,0
2025-12-24 15:20:00+05:30,322.5,322.55,322.3,322.55,190473,0
2025-12-24 15:25:00+05:30,322.55,322.75,322.3,322.4,155587,0
2025-12-26 09:15:00+05:30,322.55,324.0,322.3,323.7,222387,0
2025-12-26 09:20:00+05:30,323.6,323.8,323.25,323.75,98363,0
2025-12-26 09:25:00+05:30,323.75,324.2,323.7,323.9,89150,0
2025-12-26 09:30:00+05:30,323.95,324.1,322.8,322.9,356505,0
2025-12-26 09:35:00+05:30,323.0,323.05,322.65,322.95,26832,0
2025-12-26 09:40:00+05:30,322.95,323.2,322.9,323.2,26874,0
2025-12-26 09:45:00+05:30,323.2,323.45,323.1,323.2,14319,0
2025-12-26 09:50:00+05:30,323.2,323.35,323.0,323.15,38676,0
2025-12-26 09:55:00+05:30,323.05,323.35,323.05,323.15,17519,0
2025-12-26 10:00:00+05:30,323.15,323.25,323.0,323.15,12793,0
2025-12-26 10:05:00+05:30,323.2,323.2,322.9,323.1,29038,0
2025-12-26 10:10:00+05:30,323.1,323.2,322.8,323.2,11736,0
2025-12-26 10:15:00+05:30,323.05,323.3,323.05,323.3,9028,0
2025-12-26 10:20:00+05:30,323.35,323.35,323.0,323.05,20309,0
2025-12-26 10:25:00+05:30,323.05,323.2,322.95,323.2,12982,0
2025-12-26 10:30:00+05:30,323.2,323.85,323.15,323.45,40876,0
2025-12-26 10:35:00+05:30,323.6,324.0,323.45,323.95,28788,0
2025-12-26 10:40:00+05:30,323.9,323.95,323.8,323.8,8131,0
2025-12-26 10:45:00+05:30,323.85,324.45,323.75,324.2,76074,0
2025-12-26 10:50:00+05:30,324.25,324.35,324.05,324.15,21479,0
2025-12-26 10:55:00+05:30,324.2,324.5,324.0,324.4,67995,0
2025-12-26 11:00:00+05:30,324.5,325.05,324.4,324.7,191509,0
2025-12-26 11:05:00+05:30,324.7,324.7,324.3,324.45,22657,0
2025-12-26 11:10:00+05:30,324.45,324.5,324.15,324.2,23808,0
2025-12-26 11:15:00+05:30,324.25,324.35,324.05,324.2,14918,0
2025-12-26 11:20:00+05:30,324.1,324.25,324.05,324.05,15310,0
2025-12-26 11:25:00+05:30,324.15,325.2,324.05,325.15,88575,0
2025-12-26 11:30:00+05:30,325.15,325.25,324.8,325.1,85989,0
2025-12-26 11:35:00+05:30,325.0,325.1,324.85,325.0,20350,0
2025-12-26 11:40:00+05:30,325.0,325.25,325.0,325.1,19345,0
2025-12-26 11:45:00+05:30,325.1,325.2,324.9,325.15,35923,0
2025-12-26 11:50:00+05:30,325.2,325.4,325.15,325.3,20215,0
2025-12-26 11:55:00+05:30,325.4,325.45,325.15,325.4,51164,0
2025-12-26 12:00:00+05:30,325.4,325.5,325.2,325.35,19075,0
2025-12-26 12:05:00+05:30,325.5,325.5,325.35,325.5,14638,0
2025-12-26 12:10:00+05:30,325.45,325.65,325.4,325.65,38279,0
2025-12-26 12:15:00+05:30,325.65,325.7,325.4,325.5,36470,0
2025-12-26 12:20:00+05:30,325.45,325.6,325.4,325.55,22958,0
2025-12-26 12:25:00+05:30,325.6,325.75,325.5,325.55,42639,0
2025-12-26 12:30:00+05:30,325.55,325.55,325.2,325.25,71785,0
2025-12-26 12:35:00+05:30,325.4,325.45,325.2,325.3,56629,0
2025-12-26 12:40:00+05:30,325.3,325.45,325.2,325.45,27874,0
2025-12-26 12:45:00+05:30,325.45,325.45,325.35,325.45,18755,0
2025-12-26 12:50:00+05:30,325.45,325.45,325.3,325.3,16205,0
2025-12-26 12:55:00+05:30,325.4,325.45,325.25,325.25,21379,0
2025-12-26 13:00:00+05:30,325.3,325.35,324.85,324.85,71929,0
2025-12-26 13:05:00+05:30,324.85,324.95,324.35,324.35,108921,0
2025-12-26 13:10:00+05:30,324.35,324.55,324.3,324.3,62232,0
2025-12-26 13:15:00+05:30,324.45,324.6,324.3,324.35,59496,0
2025-12-26 13:20:00+05:30,324.5,324.6,324.35,324.35,51574,0
2025-12-26 13:25:00+05:30,324.5,324.7,324.35,324.7,56723,0
2025-12-26 13:30:00+05:30,324.55,324.7,324.35,324.55,51409,0
2025-12-26 13:35:00+05:30,324.4,324.6,324.35,324.55,52902,0
2025-12-26 13:40:00+05:30,324.4,324.6,324.35,324.55,61721,0
2025-12-26 13:45:00+05:30,324.55,325.1,324.4,324.4,57760,0
2025-12-26 13:50:00+05:30,324.45,324.6,324.35,324.35,46777,0
2025-12-26 13:55:00+05:30,324.4,324.5,324.35,324.45,41914,0
2025-12-26 14:00:00+05:30,324.45,324.6,324.35,324.45,43905,0
2025-12-26 14:05:00+05:30,324.5,324.6,324.15,324.15,55263,0
2025-12-26 14:10:00+05:30,324.15,324.4,324.1,324.4,47485,0
2025-12-26 14:15:00+05:30,324.4,324.5,324.15,324.3,49640,0
2025-12-26 14:20:00+05:30,324.4,324.5,324.1,324.25,62412,0
2025-12-26 14:25:00+05:30,324.25,324.4,324.1,324.2,43840,0
2025-12-26 14:30:00+05:30,324.2,324.35,324.1,324.15,48484,0
2025-12-26 14:35:00+05:30,324.15,324.25,324.1,324.15,75075,0
2025-12-26 14:40:00+05:30,324.15,324.15,323.85,323.95,110938,0
2025-12-26 14:45:00+05:30,323.95,324.2,323.75,323.8,57182,0
2025-12-26 14:50:00+05:30,323.8,324.05,323.7,323.95,66588,0
2025-12-26 14:55:00+05:30,324.05,324.35,323.8,324.35,62867,0
2025-12-26 15:00:00+05:30,324.3,324.5,324.05,324.25,81954,0
2025-12-26 15:05:00+05:30,324.1,324.3,324.05,324.1,60593,0
2025-12-26 15:10:00+05:30,324.1,324.4,324.0,324.25,78355,0
2025-12-26 15:15:00+05:30,324.25,324.45,323.9,324.1,115918,0
2025-12-26 15:20:00+05:30,324.15,324.25,323.9,323.9,95043,0
2025-12-26 15:25:00+05:30,323.95,324.25,323.75,324.25,88536,0
2025-12-29 09:15:00+05:30,324.1,325.7,324.1,325.5,432534,0
2025-12-29 09:20:00+05:30,325.45,325.8,324.95,325.1,110253,0
2025-12-29 09:25:00+05:30,325.05,325.3,324.9,325.0,155587,0
2025-12-29 09:30:00+05:30,325.05,325.15,324.3,324.65,241074,0
2025-12-29 09:35:00+05:30,324.65,325.25,324.6,325.0,280523,0
2025-12-29 09:40:00+05:30,325.05,325.25,325.0,325.0,91352,0
2025-12-29 09:45:00+05:30,325.05,325.1,325.0,325.0,109201,0
2025-12-29 09:50:00+05:30,325.05,325.4,325.0,325.05,166296,0
2025-12-29 09:55:00+05:30,325.05,325.25,324.85,325.05,481304,0
2025-12-29 10:00:00+05:30,325.05,325.8,325.0,325.3,402395,0
2025-12-29 10:05:00+05:30,325.3,325.7,325.25,325.55,109678,0
2025-12-29 10:10:00+05:30,325.6,325.6,325.05,325.1,214335,0
2025-12-29 10:15:00+05:30,325.1,325.15,324.75,324.85,203104,0
2025-12-29 10:20:00+05:30,324.9,325.4,324.8,325.15,1084317,0
2025-12-29 10:25:00+05:30,325.15,325.3,324.95,325.1,129436,0
2025-12-29 10:30:00+05:30,325.1,325.2,324.9,325.0,163012,0
2025-12-29 10:35:00+05:30,325.0,325.0,324.8,324.85,22287,0
2025-12-29 10:40:00+05:30,324.85,325.2,324.75,325.15,107141,0
2025-12-29 10:45:00+05:30,325.15,325.15,324.8,325.0,142184,0
2025-12-29 10:50:00+05:30,325.05,325.4,325.0,325.2,79820,0
2025-12-29 10:55:00+05:30,325.2,325.4,325.0,325.15,61482,0
2025-12-29 11:00:00+05:30,325.25,325.25,324.8,325.0,40109,0
2025-12-29 11:05:00+05:30,325.0,325.1,324.8,324.9,1384675,0
2025-12-29 11:10:00+05:30,324.9,325.1,324.8,325.1,34580,0
2025-12-29 11:15:00+05:30,325.1,325.1,324.95,325.05,48219,0
2025-12-29 11:20:00+05:30,325.05,325.05,325.0,325.05,48166,0
2025-12-29 11:25:00+05:30,325.05,325.05,324.45,324.45,78434,0
2025-12-29 11:30:00+05:30,324.6,325.1,324.1,325.0,209144,0
2025-12-29 11:35:00+05:30,325.1,325.1,324.85,325.0,176882,0
2025-12-29 11:40:00+05:30,325.05,325.05,324.45,325.0,619037,0
2025-12-29 11:45:00+05:30,325.05,325.05,324.8,325.05,225769,0
2025-12-29 11:50:00+05:30,325.05,325.05,324.45,325.0,267298,0
2025-12-29 11:55:00+05:30,325.05,325.05,324.8,325.05,431634,0
2025-12-29 12:00:00+05:30,325.05,325.05,324.95,325.05,200322,0
2025-12-29 12:05:00+05:30,325.05,325.05,324.8,325.0,220407,0
2025-12-29 12:10:00+05:30,325.05,325.05,325.0,325.0,45763,0
2025-12-29 12:15:00+05:30,325.05,325.2,324.85,325.0,98570,0
2025-12-29 12:20:00+05:30,325.05,325.1,325.0,325.05,49956,0
2025-12-29 12:25:00+05:30,325.05,325.05,324.8,325.05,114950,0
2025-12-29 12:30:00+05:30,325.05,325.05,324.5,324.5,167669,0
2025-12-29 12:35:00+05:30,324.6,324.6,323.85,323.85,53814,0
2025-12-29 12:40:00+05:30,324.0,324.0,323.65,323.7,38520,0
2025-12-29 12:45:00+05:30,323.85,323.85,323.1,323.15,75564,0
2025-12-29 12:50:00+05:30,323.15,323.5,323.05,323.25,43616,0
2025-12-29 12:55:00+05:30,323.25,324.6,323.1,324.5,219975,0
2025-12-29 13:00:00+05:30,324.55,325.1,324.15,324.95,636299,0
2025-12-29 13:05:00+05:30,324.95,325.0,324.8,324.95,175692,0
2025-12-29 13:10:00+05:30,324.95,325.05,324.75,325.0,154731,0
2025-12-29 13:15:00+05:30,325.0,325.15,324.9,325.05,163286,0
2025-12-29 13:20:00+05:30,325.05,325.1,325.0,325.05,78771,0
2025-12-29 13:25:00+05:30,325.05,325.1,325.0,325.05,82115,0
2025-12-29 13:30:00+05:30,325.05,325.1,325.0,325.05,74438,0
2025-12-29 13:35:00+05:30,325.05,325.05,324.75,325.0,175118,0
2025-12-29 13:40:00+05:30,325.0,325.1,324.85,325.0,156253,0
2025-12-29 13:45:00+05:30,325.0,325.05,324.95,325.0,258262,0
2025-12-29 13:50:00+05:30,325.0,325.05,324.95,325.0,64718,0
2025-12-29 13:55:00+05:30,325.05,325.1,325.0,325.1,74982,0
2025-12-29 14:00:00+05:30,325.1,325.25,325.0,325.15,35369,0
2025-12-29 14:05:00+05:30,325.15,325.15,325.0,325.05,43583,0
2025-12-29 14:10:00+05:30,325.05,325.05,325.0,325.05,52867,0
2025-12-29 14:15:00+05:30,325.05,325.05,325.0,325.05,99890,0
2025-12-29 14:20:00+05:30,325.05,325.2,325.0,325.15,101012,0
2025-12-29 14:25:00+05:30,325.15,325.35,325.0,325.0,131346,0
2025-12-29 14:30:00+05:30,325.05,325.1,325.0,325.05,76482,0
2025-12-29 14:35:00+05:30,325.05,325.05,325.0,325.05,105008,0
2025-12-29 14:40:00+05:30,325.05,325.05,325.0,325.0,173914,0
2025-12-29 14:45:00+05:30,325.05,325.2,325.0,325.2,114307,0
2025-12-29 14:50:00+05:30,325.2,325.2,325.05,325.1,52827,0
2025-12-29 14:55:00+05:30,325.1,325.2,325.0,325.1,206232,0
2025-12-29 15:00:00+05:30,325.2,325.65,325.15,325.55,147460,0
2025-12-29 15:05:00+05:30,325.55,325.8,325.3,325.55,148477,0
2025-12-29 15:10:00+05:30,325.55,325.6,325.4,325.5,141324,0
2025-12-29 15:15:00+05:30,325.4,325.55,325.4,325.5,123078,0
2025-12-29 15:20:00+05:30,325.45,325.65,325.45,325.6,237451,0
2025-12-29 15:25:00+05:30,325.55,325.8,325.5,325.65,277623,0
2025-12-30 09:15:00+05:30,325.0,325.15,324.05,324.25,90342,0
2025-12-30 09:20:00+05:30,324.3,324.6,324.05,324.35,62902,0
2025-12-30 09:25:00+05:30,324.3,324.8,324.3,324.55,36131,0
2025-12-30 09:30:00+05:30,324.65,324.95,324.4,324.9,33296,0
2025-12-30 09:35:00+05:30,324.9,325.1,324.8,325.0,26287,0
2025-12-30 09:40:00+05:30,325.0,325.4,324.85,325.4,23270,0
2025-12-30 09:45:00+05:30,325.4,325.4,324.95,325.15,28867,0
2025-12-30 09:50:00+05:30,325.15,325.4,324.95,325.3,30176,0
2025-12-30 09:55:00+05:30,325.3,325.5,325.25,325.5,14425,0
2025-12-30 10:00:00+05:30,325.5,325.55,325.25,325.25,22750,0
2025-12-30 10:05:00+05:30,325.3,325.3,325.1,325.2,7992,0
2025-12-30 10:10:00+05:30,325.2,325.2,325.0,325.2,15424,0
2025-12-30 10:15:00+05:30,325.2,325.5,325.1,325.4,9800,0
2025-12-30 10:20:00+05:30,325.45,325.45,325.1,325.25,17420,0
2025-12-30 10:25:00+05:30,325.3,325.3,325.15,325.2,7467,0
2025-12-30 10:30:00+05:30,325.2,325.2,324.9,325.0,17043,0
2025-12-30 10:35:00+05:30,325.0,325.0,324.75,324.8,5766,0
2025-12-30 10:40:00+05:30,324.8,324.9,324.65,324.65,17132,0
2025-12-30 10:45:00+05:30,324.7,324.95,324.65,324.95,11958,0
2025-12-30 10:50:00+05:30,324.95,325.1,324.8,324.95,22013,0
2025-12-30 10:55:00+05:30,324.95,324.95,324.65,324.7,7144,0
2025-12-30 11:00:00+05:30,324.75,324.85,324.65,324.75,7438,0
2025-12-30 11:05:00+05:30,324.8,325.0,324.65,324.9,22328,0
2025-12-30 11:10:00+05:30,324.8,324.9,324.3,324.35,44897,0
2025-12-30 11:15:00+05:30,324.35,324.65,324.15,324.45,28595,0
2025-12-30 11:20:00+05:30,324.4,324.4,324.1,324.3,14850,0
2025-12-30 11:25:00+05:30,324.3,324.4,324.15,324.3,14830,0
2025-12-30 11:30:00+05:30,324.2,324.35,324.15,324.2,13813,0
2025-12-30 11:35:00+05:30,324.2,324.2,324.0,324.15,28336,0
2025-12-30 11:40:00+05:30,324.0,324.35,324.0,324.15,20426,0
2025-12-30 11:45:00+05:30,324.15,324.35,324.0,324.0,19306,0
2025-12-30 11:50:00+05:30,324.15,324.15,323.8,324.05,21071,0
2025-12-30 11:55:00+05:30,323.95,324.1,323.85,324.1,10587,0
2025-12-30 12:00:00+05:30,324.1,324.15,323.9,324.0,12403,0
2025-12-30 12:05:00+05:30,324.05,324.1,324.0,324.0,16349,0
2025-12-30 12:10:00+05:30,324.1,324.1,324.0,324.05,8805,0
2025-12-30 12:15:00+05:30,324.05,324.05,324.0,324.05,9169,0
2025-12-30 12:20:00+05:30,324.05,324.05,324.0,324.0,12477,0
2025-12-30 12:25:00+05:30,324.0,324.05,323.9,324.05,13109,0
2025-12-30 12:30:00+05:30,324.0,324.05,323.8,324.05,23985,0
2025-12-30 12:35:00+05:30,324.0,324.05,323.8,323.8,15534,0
2025-12-30 12:40:00+05:30,323.8,324.05,323.8,324.0,16233,0
2025-12-30 12:45:00+05:30,323.95,324.05,323.85,323.85,16209,0
2025-12-30 12:50:00+05:30,323.85,324.05,323.85,323.85,13598,0
2025-12-30 12:55:00+05:30,324.0,324.0,323.75,323.85,20188,0
2025-12-30 13:00:00+05:30,323.85,323.85,323.5,323.6,21901,0
2025-12-30 13:05:00+05:30,323.6,323.65,323.35,323.5,12840,0
2025-12-30 13:10:00+05:30,323.5,323.65,323.35,323.6,15826,0
2025-12-30 13:15:00+05:30,323.65,323.8,323.5,323.55,22008,0
2025-12-30 13:20:00+05:30,323.7,323.9,323.55,323.9,13980,0
2025-12-30 13:25:00+05:30,323.9,324.15,323.7,324.15,46501,0
2025-12-30 13:30:00+05:30,324.15,324.25,323.95,324.2,17860,0
2025-12-30 13:35:00+05:30,324.2,324.4,324.05,324.35,22217,0
2025-12-30 13:40:00+05:30,324.35,324.4,324.05,324.4,25214,0
2025-12-30 13:45:00+05:30,324.4,325.4,324.35,325.2,214023,0
2025-12-30 13:50:00+05:30,325.2,325.35,324.65,324.9,87752,0
2025-12-30 13:55:00+05:30,325.0,325.1,324.8,325.0,33413,0
2025-12-30 14:00:00+05:30,325.0,325.2,324.75,325.05,59509,0
2025-12-30 14:05:00+05:30,325.05,325.25,324.85,325.05,84625,0
2025-12-30 14:10:00+05:30,325.05,325.2,324.75,324.8,21468,0
2025-12-30 14:15:00+05:30,324.85,325.15,324.8,324.8,28588,0
2025-12-30 14:20:00+05:30,324.8,324.9,324.6,324.85,61013,0
2025-12-30 14:25:00+05:30,324.85,324.9,324.25,324.3,132126,0
2025-12-30 14:30:00+05:30,324.3,324.65,324.15,324.5,35513,0
2025-12-30 14:35:00+05:30,324.5,324.7,324.2,324.55,49895,0
2025-12-30 14:40:00+05:30,324.55,324.55,324.0,324.15,51363,0
2025-12-30 14:45:00+05:30,324.15,324.2,323.6,323.9,42227,0
2025-12-30 14:50:00+05:30,323.9,324.15,323.75,324.05,21271,0
2025-12-30 14:55:00+05:30,324.0,324.15,323.75,323.9,35911,0
2025-12-30 15:00:00+05:30,323.8,325.25,323.8,324.9,1102421,0
2025-12-30 15:05:00+05:30,324.95,325.35,324.7,324.85,1085843,0
2025-12-30 15:10:00+05:30,325.0,325.35,324.65,324.9,1141268,0
2025-12-30 15:15:00+05:30,324.95,325.3,324.55,324.8,1041048,0
2025-12-30 15:20:00+05:30,324.9,325.35,324.4,324.55,1004758,0
2025-12-30 15:25:00+05:30,324.6,325.25,323.35,325.25,571282,0
2025-12-31 09:15:00+05:30,324.75,326.0,324.7,325.85,102367,0
2025-12-31 09:20:00+05:30,325.95,327.1,325.85,326.6,94784,0
2025-12-31 09:25:00+05:30,326.65,327.2,326.1,326.9,101617,0
2025-12-31 09:30:00+05:30,326.85,327.65,326.55,326.55,89015,0
2025-12-31 09:35:00+05:30,326.65,327.2,326.45,327.1,25080,0
2025-12-31 09:40:00+05:30,327.05,327.15,326.5,326.6,21950,0
2025-12-31 09:45:00+05:30,326.6,326.8,326.25,326.5,48751,0
2025-12-31 09:50:00+05:30,326.5,326.8,326.3,326.35,18118,0
2025-12-31 09:55:00+05:30,326.45,329.15,326.15,327.95,701662,0
2025-12-31 10:00:00+05:30,327.95,328.8,327.95,328.65,157578,0
2025-12-31 10:05:00+05:30,328.75,328.95,328.45,328.85,138594,0
2025-12-31 10:10:00+05:30,328.85,329.1,328.7,329.0,89204,0
2025-12-31 10:15:00+05:30,329.0,329.15,328.7,329.0,69855,0
2025-12-31 10:20:00+05:30,328.9,329.8,328.85,329.7,236753,0
2025-12-31 10:25:00+05:30,329.7,329.85,329.65,329.75,174074,0
2025-12-31 10:30:00+05:30,329.75,329.75,329.0,329.3,91207,0
2025-12-31 10:35:00+05:30,329.3,329.5,329.1,329.35,50490,0
2025-12-31 10:40:00+05:30,329.35,329.6,329.1,329.6,61810,0
2025-12-31 10:45:00+05:30,329.6,329.75,329.25,329.35,68715,0
2025-12-31 10:50:00+05:30,329.4,329.7,329.15,329.6,50120,0
2025-12-31 10:55:00+05:30,329.6,329.7,329.35,329.55,54136,0
2025-12-31 11:00:00+05:30,329.7,329.7,329.45,329.7,62854,0
2025-12-31 11:05:00+05:30,329.65,329.7,329.4,329.6,34447,0
2025-12-31 11:10:00+05:30,329.6,329.65,329.35,329.5,51141,0
2025-12-31 11:15:00+05:30,329.55,329.65,329.4,329.5,41859,0
2025-12-31 11:20:00+05:30,329.6,330.25,329.45,330.05,212229,0
2025-12-31 11:25:00+05:30,330.2,330.25,330.0,330.05,66602,0
2025-12-31 11:30:00+05:30,330.05,330.1,329.8,330.05,51240,0
2025-12-31 11:35:00+05:30,330.1,330.5,329.9,330.25,96916,0
2025-12-31 11:40:00+05:30,330.25,330.4,329.5,329.7,263329,0
2025-12-31 11:45:00+05:30,329.7,330.45,329.55,330.45,218602,0
2025-12-31 11:50:00+05:30,330.45,330.45,330.0,330.35,70576,0
2025-12-31 11:55:00+05:30,330.35,330.45,330.0,330.4,65715,0
2025-12-31 12:00:00+05:30,330.4,330.4,330.1,330.2,45764,0
2025-12-31 12:05:00+05:30,330.2,330.3,329.9,330.0,34455,0
2025-12-31 12:10:00+05:30,330.0,330.05,329.55,329.75,66449,0
2025-12-31 12:15:00+05:30,329.85,329.95,329.55,329.8,42681,0
2025-12-31 12:20:00+05:30,329.8,329.8,329.5,329.6,47952,0
2025-12-31 12:25:00+05:30,329.6,329.8,329.45,329.6,42715,0
2025-12-31 12:30:00+05:30,329.6,329.85,329.3,329.85,42493,0
2025-12-31 12:35:00+05:30,329.7,329.9,329.55,329.75,41658,0
2025-12-31 12:40:00+05:30,329.75,329.8,329.4,329.5,36700,0
2025-12-31 12:45:00+05:30,329.6,329.95,329.45,329.65,48998,0
2025-12-31 12:50:00+05:30,329.65,329.9,329.55,329.8,37260,0
2025-12-31 12:55:00+05:30,329.8,330.0,329.6,329.95,45917,0
2025-12-31 13:00:00+05:30,330.0,330.0,329.85,330.0,67534,0
2025-12-31 13:05:00+05:30,329.95,330.0,329.6,330.0,94938,0
2025-12-31 13:10:00+05:30,330.0,330.0,329.75,330.0,86286,0
2025-12-31 13:15:00+05:30,330.0,330.0,329.45,329.9,118563,0
2025-12-31 13:20:00+05:30,329.95,330.25,329.85,330.05,175894,0
2025-12-31 13:25:00+05:30,330.05,330.05,329.5,329.65,96831,0
2025-12-31 13:30:00+05:30,329.7,330.15,329.7,329.95,86865,0
2025-12-31 13:35:00+05:30,330.0,330.1,329.85,330.0,252317,0
2025-12-31 13:40:00+05:30,330.0,330.0,329.6,329.8,51388,0
2025-12-31 13:45:00+05:30,329.8,329.8,329.35,329.65,50479,0
2025-12-31 13:50:00+05:30,329.65,330.0,329.6,330.0,130266,0
2025-12-31 13:55:00+05:30,330.0,330.35,329.8,330.2,76774,0
2025-12-31 14:00:00+05:30,330.2,330.2,329.8,330.0,27508,0
2025-12-31 14:05:00+05:30,330.0,330.0,329.7,329.85,33955,0
2025-12-31 14:10:00+05:30,329.85,329.9,329.6,329.7,29674,0
2025-12-31 14:15:00+05:30,329.7,329.7,329.3,329.45,45120,0
2025-12-31 14:20:00+05:30,329.45,330.05,329.2,329.85,266875,0
2025-12-31 14:25:00+05:30,329.8,330.0,329.45,329.55,62432,0
2025-12-31 14:30:00+05:30,329.55,329.9,329.5,329.7,91339,0
2025-12-31 14:35:00+05:30,329.7,329.9,329.45,329.9,111062,0
2025-12-31 14:40:00+05:30,329.9,329.95,329.65,329.85,74178,0
2025-12-31 14:45:00+05:30,329.9,330.45,329.7,330.3,162768,0
2025-12-31 14:50:00+05:30,330.4,330.55,330.2,330.3,118904,0
2025-12-31 14:55:00+05:30,330.4,330.65,330.25,330.6,100087,0
2025-12-31 15:00:00+05:30,330.6,330.6,330.05,330.1,144077,0
2025-12-31 15:05:00+05:30,330.1,330.3,329.75,330.0,189131,0
2025-12-31 15:10:00+05:30,330.0,330.05,329.0,329.1,354600,0
2025-12-31 15:15:00+05:30,329.15,329.8,329.1,329.6,415517,0
2025-12-31 15:20:00+05:30,329.65,329.65,329.05,329.15,408035,0
2025-12-31 15:25:00+05:30,329.2,329.9,329.0,329.9,359111,0
2026-01-01 09:15:00+05:30,329.8,331.4,329.6,331.35,136177,0
2026-01-01 09:20:00+05:30,331.35,331.4,330.45,330.45,38302,0
2026-01-01 09:25:00+05:30,330.55,331.45,330.2,330.5,81353,0
2026-01-01 09:30:00+05:30,330.6,331.0,330.3,331.0,25035,0
2026-01-01 09:35:00+05:30,330.9,331.0,330.65,330.9,12337,0
2026-01-01 09:40:00+05:30,330.8,332.9,330.75,332.85,127299,0
2026-01-01 09:45:00+05:30,332.8,332.95,332.55,332.75,62328,0
2026-01-01 09:50:00+05:30,332.75,333.8,332.75,333.35,225385,0
2026-01-01 09:55:00+05:30,333.35,333.4,333.0,333.2,80115,0
2026-01-01 10:00:00+05:30,333.3,334.0,332.85,333.7,193846,0
2026-01-01 10:05:00+05:30,333.7,333.9,332.5,332.8,154909,0
2026-01-01 10:10:00+05:30,332.8,332.9,332.35,332.8,68042,0
2026-01-01 10:15:00+05:30,332.8,332.9,332.25,332.3,60429,0
2026-01-01 10:20:00+05:30,332.3,332.5,332.0,332.4,54254,0
2026-01-01 10:25:00+05:30,332.4,333.0,332.25,332.85,40335,0
2026-01-01 10:30:00+05:30,333.0,333.35,332.85,333.2,28561,0
2026-01-01 10:35:00+05:30,333.2,333.6,332.8,332.9,68487,0
2026-01-01 10:40:00+05:30,332.8,332.95,332.4,332.7,30125,0
2026-01-01 10:45:00+05:30,332.65,333.4,332.5,333.4,83108,0
2026-01-01 10:50:00+05:30,333.4,333.55,333.05,333.3,113989,0
2026-01-01 10:55:00+05:30,333.3,333.45,332.9,333.45,39755,0
2026-01-01 11:00:00+05:30,333.45,333.65,333.25,333.6,62539,0
2026-01-01 11:05:00+05:30,333.55,333.8,333.3,333.7,69055,0
2026-01-01 11:10:00+05:30,333.6,334.55,333.55,334.4,243285,0
2026-01-01 11:15:00+05:30,334.25,334.4,333.75,333.8,54115,0
2026-01-01 11:20:00+05:30,333.85,333.85,333.5,333.8,65794,0
2026-01-01 11:25:00+05:30,333.8,333.85,333.55,333.65,35775,0
2026-01-01 11:30:00+05:30,333.65,333.95,333.1,333.1,131291,0
2026-01-01 11:35:00+05:30,333.25,333.9,332.8,333.7,1458166,0
2026-01-01 11:40:00+05:30,333.7,334.55,333.65,334.5,651365,0
2026-01-01 11:45:00+05:30,334.5,334.55,333.9,334.15,110648,0
2026-01-01 11:50:00+05:30,334.1,334.4,334.1,334.2,64998,0
2026-01-01 11:55:00+05:30,334.35,334.35,333.95,334.05,60291,0
2026-01-01 12:00:00+05:30,334.05,334.15,333.95,334.0,76279,0
2026-01-01 12:05:00+05:30,334.05,334.85,334.0,334.3,180036,0
2026-01-01 12:10:00+05:30,334.25,334.5,334.15,334.25,79878,0
2026-01-01 12:15:00+05:30,334.35,334.45,334.05,334.25,149014,0
2026-01-01 12:20:00+05:30,334.25,334.75,334.25,334.35,70020,0
2026-01-01 12:25:00+05:30,334.35,334.7,334.3,334.6,57777,0
2026-01-01 12:30:00+05:30,334.6,334.75,334.35,334.6,98580,0
2026-01-01 12:35:00+05:30,334.6,334.6,334.5,334.6,60920,0
2026-01-01 12:40:00+05:30,334.6,334.95,334.5,334.95,125538,0
2026-01-01 12:45:00+05:30,334.95,335.5,334.85,335.0,227081,0
2026-01-01 12:50:00+05:30,335.0,335.45,334.95,335.15,90373,0
2026-01-01 12:55:00+05:30,335.3,335.3,335.0,335.15,50922,0
2026-01-01 13:00:00+05:30,335.15,335.2,334.7,335.0,59566,0
2026-01-01 13:05:00+05:30,334.95,335.1,334.7,335.1,55694,0
2026-01-01 13:10:00+05:30,335.1,335.6,335.0,335.35,105053,0
2026-01-01 13:15:00+05:30,335.2,336.6,335.0,335.35,594694,0
2026-01-01 13:20:00+05:30,335.5,335.5,335.0,335.1,83750,0
2026-01-01 13:25:00+05:30,335.1,335.25,335.0,335.05,63201,0
2026-01-01 13:30:00+05:30,335.1,335.2,335.0,335.15,44230,0
2026-01-01 13:35:00+05:30,335.2,335.2,335.0,335.1,49000,0
2026-01-01 13:40:00+05:30,335.1,335.1,335.0,335.0,63877,0
2026-01-01 13:45:00+05:30,335.1,335.5,335.0,335.45,83405,0
2026-01-01 13:50:00+05:30,335.4,335.6,335.15,335.45,110288,0
2026-01-01 13:55:00+05:30,335.45,335.5,335.15,335.5,49639,0
2026-01-01 14:00:00+05:30,335.35,335.95,335.35,335.85,101757,0
2026-01-01 14:05:00+05:30,335.85,335.9,335.55,335.65,62094,0
2026-01-01 14:10:00+05:30,335.8,335.9,335.55,335.6,59872,0
2026-01-01 14:15:00+05:30,335.75,335.8,335.0,335.25,157465,0
2026-01-01 14:20:00+05:30,335.25,335.5,335.15,335.2,93899,0
2026-01-01 14:25:00+05:30,335.35,335.7,335.2,335.5,102752,0
2026-01-01 14:30:00+05:30,335.5,335.5,335.2,335.4,54677,0
2026-01-01 14:35:00+05:30,335.4,336.2,335.2,336.0,135476,0
2026-01-01 14:40:00+05:30,336.1,336.55,336.0,336.3,217248,0
2026-01-01 14:45:00+05:30,336.3,336.45,336.05,336.2,65704,0
2026-01-01 14:50:00+05:30,336.2,336.25,335.6,335.65,53903,0
2026-01-01 14:55:00+05:30,335.7,336.35,335.6,336.1,122735,0
2026-01-01 15:00:00+05:30,336.25,336.3,336.0,336.05,115984,0
2026-01-01 15:05:00+05:30,336.05,336.5,336.0,336.15,193085,0
2026-01-01 15:10:00+05:30,336.15,336.7,336.05,336.4,333866,0
2026-01-01 15:15:00+05:30,336.4,336.65,336.35,336.6,225297,0
2026-01-01 15:20:00+05:30,336.6,336.75,336.45,336.6,358017,0
2026-01-01 15:25:00+05:30,336.65,336.9,335.0,336.1,540381,0
2026-01-02 09:15:00+05:30,336.8,338.1,335.95,338.0,344957,0
2026-01-02 09:20:00+05:30,338.0,338.3,337.55,338.0,251765,0
2026-01-02 09:25:00+05:30,338.15,339.65,337.6,339.0,509545,0
2026-01-02 09:30:00+05:30,339.05,339.25,338.0,338.25,120428,0
2026-01-02 09:35:00+05:30,338.25,338.9,337.5,337.9,212910,0
2026-01-02 09:40:00+05:30,337.9,338.65,337.65,338.65,106479,0
2026-01-02 09:45:00+05:30,338.65,339.35,338.2,339.1,97279,0
2026-01-02 09:50:00+05:30,339.1,339.4,338.7,338.95,123083,0
2026-01-02 09:55:00+05:30,338.85,338.95,338.15,338.85,162802,0
2026-01-02 10:00:00+05:30,338.7,339.0,338.25,338.5,98866,0
2026-01-02 10:05:00+05:30,338.5,339.45,338.45,339.1,91239,0
2026-01-02 10:10:00+05:30,339.3,340.3,339.0,340.3,464996,0
2026-01-02 10:15:00+05:30,340.3,340.9,340.1,340.75,236888,0
2026-01-02 10:20:00+05:30,340.75,342.1,340.65,341.65,287947,0
2026-01-02 10:25:00+05:30,341.65,341.85,340.65,340.95,121938,0
2026-01-02 10:30:00+05:30,340.95,342.05,340.8,341.3,274794,0
2026-01-02 10:35:00+05:30,341.3,342.3,341.15,342.25,164241,0
2026-01-02 10:40:00+05:30,342.25,343.5,342.25,343.4,313209,0
2026-01-02 10:45:00+05:30,343.4,343.9,342.45,343.45,735079,0
2026-01-02 10:50:00+05:30,343.55,344.7,343.55,344.45,229969,0
2026-01-02 10:55:00+05:30,344.45,344.5,343.85,344.5,249172,0
2026-01-02 11:00:00+05:30,344.45,344.65,344.0,344.65,166525,0
2026-01-02 11:05:00+05:30,344.65,345.25,344.05,345.15,451623,0
2026-01-02 11:10:00+05:30,345.15,345.9,345.0,345.4,178825,0
2026-01-02 11:15:00+05:30,345.5,346.9,345.4,346.4,223669,0
2026-01-02 11:20:00+05:30,346.4,346.4,345.95,346.2,154913,0
2026-01-02 11:25:00+05:30,346.1,346.3,345.6,345.9,196019,0
2026-01-02 11:30:00+05:30,345.85,346.0,345.25,345.9,200345,0
2026-01-02 11:35:00+05:30,346.0,346.5,345.65,346.15,257340,0
2026-01-02 11:40:00+05:30,346.1,347.0,346.0,346.9,323435,0
2026-01-02 11:45:00+05:30,346.95,348.2,346.8,347.8,555359,0
2026-01-02 11:50:00+05:30,347.8,348.1,347.6,347.85,412649,0
2026-01-02 11:55:00+05:30,348.0,348.05,347.1,347.5,255018,0
2026-01-02 12:00:00+05:30,347.6,348.05,347.4,347.65,501424,0
2026-01-02 12:05:00+05:30,347.65,348.1,347.55,347.9,224791,0
2026-01-02 12:10:00+05:30,347.9,348.2,347.75,348.0,223807,0
2026-01-02 12:15:00+05:30,348.0,348.15,347.5,348.0,423348,0
2026-01-02 12:20:00+05:30,348.0,348.45,347.85,348.1,220150,0
2026-01-02 12:25:00+05:30,348.25,348.25,347.85,348.05,134638,0
2026-01-02 12:30:00+05:30,348.05,348.1,347.75,348.1,210389,0
2026-01-02 12:35:00+05:30,348.0,348.1,347.6,347.95,175909,0
2026-01-02 12:40:00+05:30,347.95,348.2,347.9,348.05,172423,0
2026-01-02 12:45:00+05:30,348.1,348.3,347.95,348.05,169063,0
2026-01-02 12:50:00+05:30,348.0,348.15,347.5,347.55,319720,0
2026-01-02 12:55:00+05:30,347.6,347.65,346.05,347.1,801607,0
2026-01-02 13:00:00+05:30,346.95,347.15,346.25,346.35,193236,0
2026-01-02 13:05:00+05:30,346.45,347.1,346.25,347.0,171741,0
2026-01-02 13:10:00+05:30,347.05,347.5,346.6,347.5,212478,0
2026-01-02 13:15:00+05:30,347.5,348.2,347.3,348.15,228893,0
2026-01-02 13:20:00+05:30,348.15,348.65,348.0,348.45,259434,0
2026-01-02 13:25:00+05:30,348.45,348.5,348.0,348.05,166559,0
2026-01-02 13:30:00+05:30,348.0,348.3,347.7,348.15,432190,0
2026-01-02 13:35:00+05:30,348.3,348.5,348.1,348.1,145633,0
2026-01-02 13:40:00+05:30,348.2,348.45,348.0,348.2,153485,0
2026-01-02 13:45:00+05:30,348.2,348.65,348.1,348.55,184954,0
2026-01-02 13:50:00+05:30,348.55,349.3,348.5,349.15,342442,0
2026-01-02 13:55:00+05:30,349.15,349.3,348.7,348.85,269533,0
2026-01-02 14:00:00+05:30,348.8,349.4,348.8,349.15,258260,0
2026-01-02 14:05:00+05:30,349.1,349.5,349.0,349.25,206469,0
2026-01-02 14:10:00+05:30,349.4,349.5,349.1,349.2,220736,0
2026-01-02 14:15:00+05:30,349.15,349.5,349.0,349.2,221006,0
2026-01-02 14:20:00+05:30,349.2,349.65,349.15,349.65,243889,0
2026-01-02 14:25:00+05:30,349.65,349.65,349.15,349.35,257960,0
2026-01-02 14:30:00+05:30,349.35,349.9,349.25,349.9,355403,0
2026-01-02 14:35:00+05:30,349.8,351.0,349.6,350.85,855245,0
2026-01-02 14:40:00+05:30,350.75,352.0,350.5,351.5,541989,0
2026-01-02 14:45:00+05:30,351.45,351.5,350.25,351.0,398655,0
2026-01-02 14:50:00+05:30,351.05,351.55,351.0,351.3,373075,0
2026-01-02 14:55:00+05:30,351.3,352.0,351.1,351.55,395173,0
2026-01-02 15:00:00+05:30,351.45,352.6,351.25,352.05,620169,0
2026-01-02 15:05:00+05:30,352.05,352.6,352.0,352.3,521567,0
2026-01-02 15:10:00+05:30,352.3,352.85,351.6,352.1,885876,0
2026-01-02 15:15:00+05:30,352.0,352.4,351.4,351.6,858379,0
2026-01-02 15:20:00+05:30,351.7,352.85,351.55,352.8,550046,0
2026-01-02 15:25:00+05:30,352.8,353.0,351.25,351.65,449342,0
2026-01-05 09:15:00+05:30,350.35,352.0,349.3,350.3,638822,0
2026-01-05 09:20:00+05:30,350.35,350.65,349.75,350.0,185192,0
2026-01-05 09:25:00+05:30,350.0,350.65,348.65,349.3,239717,0
2026-01-05 09:30:00+05:30,349.1,349.3,348.4,348.55,120535,0
2026-01-05 09:35:00+05:30,348.55,349.25,348.45,349.25,96980,0
2026-01-05 09:40:00+05:30,349.25,349.9,348.9,349.9,94208,0
2026-01-05 09:45:00+05:30,349.95,351.3,349.85,351.25,198170,0
2026-01-05 09:50:00+05:30,351.2,353.9,351.2,353.55,263520,0
2026-01-05 09:55:00+05:30,353.55,354.3,352.75,353.8,348374,0
2026-01-05 10:00:00+05:30,353.8,354.8,353.0,354.5,2163071,0
2026-01-05 10:05:00+05:30,354.45,354.5,353.6,354.1,182039,0
2026-01-05 10:10:00+05:30,354.05,354.15,351.75,352.25,204498,0
2026-01-05 10:15:00+05:30,352.15,354.25,351.65,353.2,651719,0
2026-01-05 10:20:00+05:30,353.1,353.2,352.2,352.4,143295,0
2026-01-05 10:25:00+05:30,352.35,352.4,351.2,351.2,132103,0
2026-01-05 10:30:00+05:30,351.3,351.5,350.5,350.55,151077,0
2026-01-05 10:35:00+05:30,350.55,350.95,350.15,350.55,87805,0
2026-01-05 10:40:00+05:30,350.5,350.8,350.35,350.5,97981,0
2026-01-05 10:45:00+05:30,350.5,350.9,350.15,350.65,170503,0
2026-01-05 10:50:00+05:30,350.55,350.9,350.45,350.6,64615,0
2026-01-05 10:55:00+05:30,350.5,351.4,350.5,351.25,97947,0
2026-01-05 11:00:00+05:30,351.2,351.8,351.05,351.65,97388,0
2026-01-05 11:05:00+05:30,351.55,351.95,351.0,351.6,72430,0
2026-01-05 11:10:00+05:30,351.65,352.5,351.5,352.0,192781,0
2026-01-05 11:15:00+05:30,352.0,352.05,350.15,350.3,601182,0
2026-01-05 11:20:00+05:30,350.2,350.75,350.0,350.35,162906,0
2026-01-05 11:25:00+05:30,350.5,351.2,350.25,350.8,935150,0
2026-01-05 11:30:00+05:30,350.65,351.0,350.35,350.45,116603,0
2026-01-05 11:35:00+05:30,350.45,350.7,350.35,350.45,101172,0
2026-01-05 11:40:00+05:30,350.45,351.35,350.4,351.2,126634,0
2026-01-05 11:45:00+05:30,351.25,351.65,351.0,351.3,725964,0
2026-01-05 11:50:00+05:30,351.15,351.45,350.8,350.95,94128,0
2026-01-05 11:55:00+05:30,350.95,351.2,350.8,350.8,126629,0
2026-01-05 12:00:00+05:30,350.8,351.15,350.8,351.0,139289,0
2026-01-05 12:05:00+05:30,351.05,351.15,350.5,350.75,209069,0
2026-01-05 12:10:00+05:30,350.75,351.2,350.6,351.0,162485,0
2026-01-05 12:15:00+05:30,351.0,351.0,350.5,350.6,104099,0
2026-01-05 12:20:00+05:30,350.6,350.7,350.3,350.45,102288,0
2026-01-05 12:25:00+05:30,350.45,351.1,350.45,351.0,88212,0
2026-01-05 12:30:00+05:30,351.1,351.7,350.5,351.1,1807173,0
2026-01-05 12:35:00+05:30,351.0,351.1,350.5,350.6,176714,0
2026-01-05 12:40:00+05:30,350.6,350.9,350.05,350.6,186911,0
2026-01-05 12:45:00+05:30,350.6,350.8,350.5,350.55,72442,0
2026-01-05 12:50:00+05:30,350.55,350.75,350.5,350.6,66811,0
2026-01-05 12:55:00+05:30,350.6,350.7,349.5,350.05,168619,0
2026-01-05 13:00:00+05:30,350.05,350.3,349.85,350.05,89429,0
2026-01-05 13:05:00+05:30,350.05,350.05,349.25,349.4,146291,0
2026-01-05 13:10:00+05:30,349.4,350.15,349.35,349.5,177651,0
2026-01-05 13:15:00+05:30,349.6,349.7,349.05,349.6,85783,0
2026-01-05 13:20:00+05:30,349.6,350.05,349.3,349.9,114163,0
2026-01-05 13:25:00+05:30,349.9,349.9,349.05,349.25,85026,0
2026-01-05 13:30:00+05:30,349.25,349.25,348.5,348.85,152515,0
2026-01-05 13:35:00+05:30,348.85,349.85,348.6,349.5,111475,0
2026-01-05 13:40:00+05:30,349.6,350.0,349.35,349.95,54419,0
2026-01-05 13:45:00+05:30,349.95,350.2,349.4,349.85,123669,0
2026-01-05 13:50:00+05:30,349.85,350.1,349.6,350.05,176077,0
2026-01-05 13:55:00+05:30,350.05,350.85,349.95,350.7,138463,0
2026-01-05 14:00:00+05:30,350.7,350.75,350.0,350.15,118953,0
2026-01-05 14:05:00+05:30,350.1,350.7,350.0,350.25,243326,0
2026-01-05 14:10:00+05:30,350.3,350.6,350.0,350.3,186690,0
2026-01-05 14:15:00+05:30,350.3,350.9,350.25,350.55,202958,0
2026-01-05 14:20:00+05:30,350.55,350.55,350.05,350.45,118421,0
2026-01-05 14:25:00+05:30,350.45,350.65,350.25,350.4,94830,0
2026-01-05 14:30:00+05:30,350.45,350.9,350.3,350.75,127951,0
2026-01-05 14:35:00+05:30,350.65,350.8,350.1,350.45,115609,0
2026-01-05 14:40:00+05:30,350.45,350.7,350.25,350.4,115241,0
2026-01-05 14:45:00+05:30,350.45,350.55,350.25,350.35,124124,0
2026-01-05 14:50:00+05:30,350.35,350.85,350.1,350.55,166815,0
2026-01-05 14:55:00+05:30,350.65,350.95,350.3,350.8,164902,0
2026-01-05 15:00:00+05:30,350.8,351.2,350.45,350.75,333260,0
2026-01-05 15:05:00+05:30,350.75,350.9,350.7,350.8,268532,0
2026-01-05 15:10:00+05:30,350.85,350.85,350.4,350.65,370619,0
2026-01-05 15:15:00+05:30,350.65,350.75,350.5,350.55,296952,0
2026-01-05 15:20:00+05:30,350.55,350.55,350.4,350.55,361087,0
2026-01-05 15:25:00+05:30,350.5,350.75,350.05,350.5,413301,0
2026-01-06 09:15:00+05:30,349.9,354.1,349.9,351.7,268083,0
2026-01-06 09:20:00+05:30,351.75,351.75,350.5,350.65,103927,0
2026-01-06 09:25:00+05:30,350.7,351.0,349.4,349.4,93615,0
2026-01-06 09:30:00+05:30,349.4,350.5,349.25,350.2,70741,0
2026-01-06 09:35:00+05:30,350.2,351.0,350.0,350.55,148929,0
2026-01-06 09:40:00+05:30,350.55,350.8,350.2,350.8,53777,0
2026-01-06 09:45:00+05:30,350.8,352.0,350.45,351.8,116738,0
2026-01-06 09:50:00+05:30,351.7,352.0,351.3,351.5,40457,0
2026-01-06 09:55:00+05:30,351.5,351.9,351.4,351.7,40777,0
2026-01-06 10:00:00+05:30,351.7,351.8,351.45,351.6,28410,0
2026-01-06 10:05:00+05:30,351.6,351.75,351.15,351.3,30964,0
2026-01-06 10:10:00+05:30,351.3,351.4,350.8,350.95,44982,0
2026-01-06 10:15:00+05:30,350.95,351.15,350.45,350.45,122006,0
2026-01-06 10:20:00+05:30,350.5,350.6,350.0,350.25,32330,0
2026-01-06 10:25:00+05:30,350.25,350.6,350.1,350.25,48173,0
2026-01-06 10:30:00+05:30,350.25,350.8,350.15,350.6,27765,0
2026-01-06 10:35:00+05:30,350.6,350.9,350.35,350.9,27935,0
2026-01-06 10:40:00+05:30,350.9,350.95,350.5,350.55,21675,0
2026-01-06 10:45:00+05:30,350.55,350.6,349.25,349.25,173145,0
2026-01-06 10:50:00+05:30,349.3,349.85,349.1,349.7,38849,0
2026-01-06 10:55:00+05:30,349.8,349.8,348.8,349.05,48636,0
2026-01-06 11:00:00+05:30,349.0,349.5,348.85,349.45,42128,0
2026-01-06 11:05:00+05:30,349.5,349.6,348.8,349.0,85170,0
2026-01-06 11:10:00+05:30,348.9,349.0,348.3,348.45,104695,0
2026-01-06 11:15:00+05:30,348.4,348.8,348.05,348.15,62222,0
2026-01-06 11:20:00+05:30,348.15,348.2,347.65,347.8,73263,0
2026-01-06 11:25:00+05:30,347.75,348.0,347.6,347.95,49673,0
2026-01-06 11:30:00+05:30,347.9,348.0,347.1,347.65,102570,0
2026-01-06 11:35:00+05:30,347.75,347.8,347.1,347.35,46024,0
2026-01-06 11:40:00+05:30,347.25,347.55,347.1,347.2,65927,0
2026-01-06 11:45:00+05:30,347.1,347.25,346.55,346.7,66864,0
2026-01-06 11:50:00+05:30,346.55,346.85,346.15,346.35,82888,0
2026-01-06 11:55:00+05:30,346.4,346.8,346.2,346.35,66114,0
2026-01-06 12:00:00+05:30,346.35,346.6,346.25,346.6,64300,0
2026-01-06 12:05:00+05:30,346.65,348.0,346.25,347.6,161195,0
2026-01-06 12:10:00+05:30,347.5,348.05,347.3,347.8,76538,0
2026-01-06 12:15:00+05:30,347.8,348.0,347.55,348.0,61323,0
2026-01-06 12:20:00+05:30,348.0,348.15,347.6,347.95,64921,0
2026-01-06 12:25:00+05:30,347.8,348.05,347.55,347.75,69056,0
2026-01-06 12:30:00+05:30,347.65,347.8,347.3,347.4,66664,0
2026-01-06 12:35:00+05:30,347.4,347.65,347.3,347.55,53217,0
2026-01-06 12:40:00+05:30,347.5,348.65,347.4,348.45,73815,0
2026-01-06 12:45:00+05:30,348.4,348.6,348.1,348.4,63429,0
2026-01-06 12:50:00+05:30,348.4,348.65,347.7,348.55,151639,0
2026-01-06 12:55:00+05:30,348.55,349.1,348.5,348.8,61666,0
2026-01-06 13:00:00+05:30,348.8,349.05,348.6,348.95,58331,0
2026-01-06 13:05:00+05:30,349.0,349.5,348.4,349.35,158079,0
2026-01-06 13:10:00+05:30,349.35,349.5,349.1,349.25,41402,0
2026-01-06 13:15:00+05:30,349.25,349.3,349.0,349.1,52516,0
2026-01-06 13:20:00+05:30,349.1,349.3,349.0,349.15,47159,0
2026-01-06 13:25:00+05:30,349.2,349.2,348.9,349.05,99474,0
2026-01-06 13:30:00+05:30,349.1,349.5,348.85,349.5,124806,0
2026-01-06 13:35:00+05:30,349.5,350.0,349.4,349.8,142043,0
2026-01-06 13:40:00+05:30,349.95,349.95,349.7,349.9,94813,0
2026-01-06 13:45:00+05:30,349.9,349.95,349.6,349.8,101090,0
2026-01-06 13:50:00+05:30,349.9,349.95,349.4,349.5,107154,0
2026-01-06 13:55:00+05:30,349.5,349.9,349.45,349.9,94875,0
2026-01-06 14:00:00+05:30,349.8,350.45,349.65,349.75,149152,0
2026-01-06 14:05:00+05:30,349.75,350.15,349.65,349.95,80650,0
2026-01-06 14:10:00+05:30,349.95,350.1,349.7,350.0,98296,0
2026-01-06 14:15:00+05:30,350.0,350.1,349.8,350.0,87764,0
2026-01-06 14:20:00+05:30,350.0,350.2,349.85,350.15,336246,0
2026-01-06 14:25:00+05:30,350.1,350.15,350.0,350.1,40745,0
2026-01-06 14:30:00+05:30,350.05,350.3,350.0,350.3,36099,0
2026-01-06 14:35:00+05:30,350.2,350.8,350.15,350.7,103836,0
2026-01-06 14:40:00+05:30,350.6,351.0,350.6,350.8,159816,0
2026-01-06 14:45:00+05:30,350.8,351.15,350.2,350.4,600022,0
2026-01-06 14:50:00+05:30,350.35,350.5,350.05,350.2,128261,0
2026-01-06 14:55:00+05:30,350.15,350.65,350.0,350.5,127409,0
2026-01-06 15:00:00+05:30,350.5,350.9,350.2,350.9,223092,0
2026-01-06 15:05:00+05:30,350.9,351.3,350.6,351.15,241927,0
2026-01-06 15:10:00+05:30,351.2,351.5,350.85,351.0,287979,0
2026-01-06 15:15:00+05:30,350.95,351.5,350.9,351.1,261617,0
2026-01-06 15:20:00+05:30,351.1,351.35,350.45,350.45,878300,0
2026-01-06 15:25:00+05:30,350.45,350.6,349.55,350.5,280723,0
2026-01-07 09:15:00+05:30,349.55,351.35,348.9,349.2,144760,0
2026-01-07 09:20:00+05:30,349.2,349.65,348.9,349.5,80438,0
2026-01-07 09:25:00+05:30,349.6,349.6,348.6,349.05,68030,0
2026-01-07 09:30:00+05:30,349.1,349.4,348.7,349.0,45502,0
2026-01-07 09:35:00+05:30,349.0,349.15,348.55,348.6,17332,0
2026-01-07 09:40:00+05:30,348.65,348.7,348.0,348.15,22736,0
2026-01-07 09:45:00+05:30,348.15,348.35,347.8,347.85,41423,0
2026-01-07 09:50:00+05:30,347.9,348.0,347.5,347.85,43766,0
2026-01-07 09:55:00+05:30,348.0,349.0,347.8,348.9,20179,0
2026-01-07 10:00:00+05:30,348.85,348.9,348.5,348.55,17094,0
2026-01-07 10:05:00+05:30,348.6,348.6,347.85,348.35,19729,0
2026-01-07 10:10:00+05:30,348.35,348.65,348.0,348.35,27250,0
2026-01-07 10:15:00+05:30,348.35,348.65,347.8,347.9,22474,0
2026-01-07 10:20:00+05:30,347.9,348.15,347.65,347.75,20895,0
2026-01-07 10:25:00+05:30,347.75,347.95,347.4,347.45,30187,0
2026-01-07 10:30:00+05:30,347.45,347.75,347.35,347.6,16473,0
2026-01-07 10:35:00+05:30,347.6,347.85,347.55,347.7,13214,0
2026-01-07 10:40:00+05:30,347.75,347.9,347.6,347.7,8273,0
2026-01-07 10:45:00+05:30,347.7,347.9,347.6,347.8,8789,0
2026-01-07 10:50:00+05:30,347.8,348.3,347.7,347.95,118761,0
2026-01-07 10:55:00+05:30,348.0,348.3,347.7,347.75,22746,0
2026-01-07 11:00:00+05:30,347.75,347.85,347.55,347.7,18652,0
2026-01-07 11:05:00+05:30,347.7,348.35,347.65,347.75,52644,0
2026-01-07 11:10:00+05:30,347.85,347.85,347.1,347.15,40673,0
2026-01-07 11:15:00+05:30,347.2,347.25,346.65,346.65,124891,0
2026-01-07 11:20:00+05:30,346.8,346.9,346.45,346.7,39181,0
2026-01-07 11:25:00+05:30,346.85,347.2,346.7,346.75,42621,0
2026-01-07 11:30:00+05:30,346.85,346.9,346.65,346.75,34309,0
2026-01-07 11:35:00+05:30,346.85,347.35,346.65,346.65,49683,0
2026-01-07 11:40:00+05:30,346.75,347.0,346.65,346.7,32760,0
2026-01-07 11:45:00+05:30,346.85,346.85,346.3,346.4,46293,0
2026-01-07 11:50:00+05:30,346.45,347.65,346.35,346.7,187789,0
2026-01-07 11:55:00+05:30,346.85,347.05,346.65,346.85,54998,0
2026-01-07 12:00:00+05:30,347.0,347.05,346.35,346.9,78601,0
2026-01-07 12:05:00+05:30,346.9,347.65,346.65,347.3,64495,0
2026-01-07 12:10:00+05:30,347.5,347.7,347.2,347.65,66290,0
2026-01-07 12:15:00+05:30,347.65,347.7,346.45,346.95,434235,0
2026-01-07 12:20:00+05:30,346.95,347.1,346.55,346.7,82488,0
2026-01-07 12:25:00+05:30,346.8,347.0,346.5,346.75,73982,0
2026-01-07 12:30:00+05:30,346.85,347.25,346.75,346.85,65213,0
2026-01-07 12:35:00+05:30,346.95,347.2,346.8,347.1,80515,0
2026-01-07 12:40:00+05:30,347.05,347.15,346.7,346.9,77731,0
2026-01-07 12:45:00+05:30,346.85,347.2,346.75,346.9,83175,0
2026-01-07 12:50:00+05:30,347.0,347.65,346.95,347.6,51309,0
2026-01-07 12:55:00+05:30,347.6,347.65,347.4,347.5,45895,0
2026-01-07 13:00:00+05:30,347.55,347.75,347.5,347.7,55836,0
2026-01-07 13:05:00+05:30,347.7,347.7,347.5,347.6,44380,0
2026-01-07 13:10:00+05:30,347.6,347.7,347.5,347.65,44048,0
2026-01-07 13:15:00+05:30,347.55,347.75,347.5,347.65,96927,0
2026-01-07 13:20:00+05:30,347.65,347.85,347.5,347.8,77811,0
2026-01-07 13:25:00+05:30,347.8,347.9,347.5,347.5,46708,0
2026-01-07 13:30:00+05:30,347.55,347.9,347.5,347.85,95383,0
2026-01-07 13:35:00+05:30,347.8,348.45,347.7,348.3,120962,0
2026-01-07 13:40:00+05:30,348.3,348.55,347.9,348.1,994476,0
2026-01-07 13:45:00+05:30,348.1,348.2,347.7,348.0,68727,0
2026-01-07 13:50:00+05:30,348.05,348.25,348.0,348.1,56732,0
2026-01-07 13:55:00+05:30,348.1,348.55,348.0,348.3,57807,0
2026-01-07 14:00:00+05:30,348.4,348.45,348.0,348.0,40868,0
2026-01-07 14:05:00+05:30,348.05,348.1,348.0,348.0,39792,0
2026-01-07 14:10:00+05:30,348.1,348.4,348.0,348.05,36579,0
2026-01-07 14:15:00+05:30,348.1,348.15,348.0,348.0,51219,0
2026-01-07 14:20:00+05:30,348.05,348.05,347.3,347.65,112078,0
2026-01-07 14:25:00+05:30,347.65,347.85,347.5,347.65,84329,0
2026-01-07 14:30:00+05:30,347.8,348.0,347.55,347.75,110150,0
2026-01-07 14:35:00+05:30,347.75,347.85,347.7,347.7,59354,0
2026-01-07 14:40:00+05:30,347.7,348.05,347.7,347.85,72914,0
2026-01-07 14:45:00+05:30,347.95,347.95,347.7,347.8,82408,0
2026-01-07 14:50:00+05:30,347.85,348.05,347.65,348.0,84088,0
2026-01-07 14:55:00+05:30,348.0,348.2,347.8,348.15,86858,0
2026-01-07 15:00:00+05:30,348.15,349.0,347.9,348.9,540254,0
2026-01-07 15:05:00+05:30,348.9,349.1,348.8,349.1,293894,0
2026-01-07 15:10:00+05:30,349.1,349.15,348.95,349.1,268433,0
2026-01-07 15:15:00+05:30,349.1,349.3,349.0,349.15,216746,0
2026-01-07 15:20:00+05:30,349.15,349.15,348.75,349.1,252524,0
2026-01-07 15:25:00+05:30,349.15,349.5,349.0,349.0,234306,0
2026-01-08 09:15:00+05:30,346.75,349.8,346.75,349.05,132346,0
2026-01-08 09:20:00+05:30,348.85,349.2,348.55,348.6,59421,0
2026-01-08 09:25:00+05:30,348.5,348.6,347.5,347.7,37865,0
2026-01-08 09:30:00+05:30,347.9,348.05,347.2,347.9,43606,0
2026-01-08 09:35:00+05:30,347.85,348.15,347.45,348.15,45684,0
2026-01-08 09:40:00+05:30,348.15,348.45,348.05,348.15,30308,0
2026-01-08 09:45:00+05:30,348.2,348.2,347.55,347.75,17635,0
2026-01-08 09:50:00+05:30,347.75,348.4,347.55,348.4,19680,0
2026-01-08 09:55:00+05:30,348.3,348.7,348.15,348.5,21029,0
2026-01-08 10:00:00+05:30,348.5,348.55,347.85,347.9,18067,0
2026-01-08 10:05:00+05:30,348.0,348.1,347.3,347.65,26175,0
2026-01-08 10:10:00+05:30,347.65,347.7,346.8,347.45,47752,0
2026-01-08 10:15:00+05:30,347.3,347.65,347.25,347.55,30712,0
2026-01-08 10:20:00+05:30,347.5,347.7,347.3,347.6,18496,0
2026-01-08 10:25:00+05:30,347.65,348.5,347.55,348.45,25133,0
2026-01-08 10:30:00+05:30,348.45,349.0,348.2,348.45,113876,0
2026-01-08 10:35:00+05:30,348.45,348.6,347.95,348.1,49791,0
2026-01-08 10:40:00+05:30,348.15,348.3,347.35,347.8,28785,0
2026-01-08 10:45:00+05:30,347.8,348.1,347.6,347.95,26054,0
2026-01-08 10:50:00+05:30,347.95,348.15,347.7,347.95,47087,0
2026-01-08 10:55:00+05:30,348.0,348.1,347.5,347.95,70004,0
2026-01-08 11:00:00+05:30,347.95,347.95,347.35,347.45,55195,0
2026-01-08 11:05:00+05:30,347.5,347.5,346.95,347.15,219026,0
2026-01-08 11:10:00+05:30,347.15,347.25,346.2,346.35,134691,0
2026-01-08 11:15:00+05:30,346.4,346.7,346.05,346.35,98823,0
2026-01-08 11:20:00+05:30,346.3,346.45,345.45,346.4,95163,0
2026-01-08 11:25:00+05:30,346.3,346.45,345.1,345.2,83154,0
2026-01-08 11:30:00+05:30,345.2,345.4,344.85,345.15,120150,0
2026-01-08 11:35:00+05:30,345.2,345.7,345.1,345.45,47919,0
2026-01-08 11:40:00+05:30,345.5,345.5,345.0,345.0,52145,0
2026-01-08 11:45:00+05:30,345.0,345.15,344.2,344.2,99737,0
2026-01-08 11:50:00+05:30,344.2,344.55,344.0,344.05,71002,0
2026-01-08 11:55:00+05:30,344.2,344.2,343.55,343.6,88325,0
2026-01-08 12:00:00+05:30,343.7,343.7,342.5,342.7,136002,0
2026-01-08 12:05:00+05:30,342.85,343.2,342.2,343.0,112584,0
2026-01-08 12:10:00+05:30,343.0,343.75,342.95,343.5,72553,0
2026-01-08 12:15:00+05:30,343.5,343.9,343.1,343.5,92108,0
2026-01-08 12:20:00+05:30,343.5,343.85,343.1,343.55,128472,0
2026-01-08 12:25:00+05:30,343.55,344.85,343.5,344.2,246939,0
2026-01-08 12:30:00+05:30,344.2,345.25,344.05,344.55,391046,0
2026-01-08 12:35:00+05:30,344.55,344.8,344.5,344.55,50290,0
2026-01-08 12:40:00+05:30,344.55,345.25,344.15,345.0,129213,0
2026-01-08 12:45:00+05:30,345.0,345.5,344.65,345.1,141085,0
2026-01-08 12:50:00+05:30,345.1,345.35,344.5,345.1,161574,0
2026-01-08 12:55:00+05:30,345.2,345.25,345.0,345.05,53773,0
2026-01-08 13:00:00+05:30,345.05,345.5,344.95,345.45,82995,0
2026-01-08 13:05:00+05:30,345.45,345.5,344.2,344.75,215340,0
2026-01-08 13:10:00+05:30,344.8,344.95,344.5,344.75,114099,0
2026-01-08 13:15:00+05:30,344.8,344.9,344.35,344.55,134178,0
2026-01-08 13:20:00+05:30,344.55,344.7,344.05,344.25,91928,0
2026-01-08 13:25:00+05:30,344.2,344.25,343.25,343.35,73686,0
2026-01-08 13:30:00+05:30,343.35,343.4,342.75,343.15,85955,0
2026-01-08 13:35:00+05:30,343.1,343.55,343.1,343.25,61272,0
2026-01-08 13:40:00+05:30,343.25,343.7,343.15,343.6,46503,0
2026-01-08 13:45:00+05:30,343.55,343.95,343.35,343.45,89834,0
2026-01-08 13:50:00+05:30,343.5,343.95,343.3,343.7,61590,0
2026-01-08 13:55:00+05:30,343.75,344.5,343.55,344.2,102408,0
2026-01-08 14:00:00+05:30,344.2,344.5,344.0,344.1,62095,0
2026-01-08 14:05:00+05:30,344.1,344.5,344.0,344.05,183824,0
2026-01-08 14:10:00+05:30,344.1,344.4,344.0,344.3,84621,0
2026-01-08 14:15:00+05:30,344.3,345.5,344.3,345.05,200485,0
2026-01-08 14:20:00+05:30,344.9,345.45,344.65,344.9,178495,0
2026-01-08 14:25:00+05:30,344.9,345.1,344.2,344.25,202189,0
2026-01-08 14:30:00+05:30,344.2,345.4,344.2,345.05,223270,0
2026-01-08 14:35:00+05:30,345.1,345.5,345.05,345.2,219056,0
2026-01-08 14:40:00+05:30,345.1,345.35,344.55,344.75,241025,0
2026-01-08 14:45:00+05:30,344.95,345.55,344.7,345.3,190465,0
2026-01-08 14:50:00+05:30,345.3,345.9,345.0,345.65,195708,0
2026-01-08 14:55:00+05:30,345.65,345.95,345.2,345.65,192714,0
2026-01-08 15:00:00+05:30,345.65,345.9,344.2,344.3,476163,0
2026-01-08 15:05:00+05:30,344.25,344.75,344.05,344.45,224157,0
2026-01-08 15:10:00+05:30,344.45,344.75,344.1,344.35,242755,0
2026-01-08 15:15:00+05:30,344.2,344.65,343.65,343.8,280533,0
2026-01-08 15:20:00+05:30,343.85,344.45,343.55,343.7,253278,0
2026-01-08 15:25:00+05:30,343.6,343.8,342.4,342.5,204836,0
2026-01-09 09:15:00+05:30,344.4,344.4,341.65,342.1,261996,0
2026-01-09 09:20:00+05:30,342.1,342.6,341.3,341.3,197442,0
2026-01-09 09:25:00+05:30,341.4,341.85,340.8,340.95,98924,0
2026-01-09 09:30:00+05:30,340.9,340.95,339.9,340.3,133592,0
2026-01-09 09:35:00+05:30,340.3,340.5,339.75,340.4,150949,0
2026-01-09 09:40:00+05:30,340.35,340.95,339.75,340.75,101879,0
2026-01-09 09:45:00+05:30,340.8,341.75,340.7,341.45,97682,0
2026-01-09 09:50:00+05:30,341.45,341.9,340.8,341.85,56143,0
2026-01-09 09:55:00+05:30,341.85,342.25,341.75,341.8,89021,0
2026-01-09 10:00:00+05:30,341.85,342.15,340.95,341.2,53071,0
2026-01-09 10:05:00+05:30,341.2,341.5,340.65,340.75,34895,0
2026-01-09 10:10:00+05:30,340.9,341.0,340.35,340.75,51763,0
2026-01-09 10:15:00+05:30,340.8,341.0,340.4,340.95,26511,0
2026-01-09 10:20:00+05:30,340.95,341.7,340.75,341.65,73190,0
2026-01-09 10:25:00+05:30,341.65,342.2,341.4,342.05,43648,0
2026-01-09 10:30:00+05:30,342.15,342.15,341.4,341.45,43588,0
2026-01-09 10:35:00+05:30,341.45,341.55,341.05,341.35,51415,0
2026-01-09 10:40:00+05:30,341.4,341.55,341.2,341.4,49281,0
2026-01-09 10:45:00+05:30,341.45,341.7,341.05,341.3,46667,0
2026-01-09 10:50:00+05:30,341.3,341.45,341.0,341.05,42793,0
2026-01-09 10:55:00+05:30,341.05,341.15,340.5,340.8,49207,0
2026-01-09 11:00:00+05:30,340.8,340.85,340.5,340.8,40999,0
2026-01-09 11:05:00+05:30,340.8,341.1,340.6,341.0,34062,0
2026-01-09 11:10:00+05:30,341.05,341.3,340.5,340.5,40562,0
2026-01-09 11:15:00+05:30,340.55,340.65,340.1,340.2,59471,0
2026-01-09 11:20:00+05:30,340.2,340.2,339.6,339.75,73051,0
2026-01-09 11:25:00+05:30,339.7,340.05,339.2,339.9,92800,0
2026-01-09 11:30:00+05:30,340.0,340.2,339.6,339.6,42516,0
2026-01-09 11:35:00+05:30,339.65,339.65,338.8,339.35,103554,0
2026-01-09 11:40:00+05:30,339.4,340.1,339.0,340.05,199734,0
2026-01-09 11:45:00+05:30,340.05,340.5,340.0,340.2,68786,0
2026-01-09 11:50:00+05:30,340.2,340.35,340.1,340.3,45904,0
2026-01-09 11:55:00+05:30,340.3,340.8,340.3,340.55,72581,0
2026-01-09 12:00:00+05:30,340.65,340.7,340.4,340.65,40338,0
2026-01-09 12:05:00+05:30,340.65,340.8,340.55,340.65,45829,0
2026-01-09 12:10:00+05:30,340.65,340.75,340.2,340.2,51810,0
2026-01-09 12:15:00+05:30,340.4,341.85,340.2,341.2,352907,0
2026-01-09 12:20:00+05:30,341.25,341.25,340.75,340.95,92800,0
2026-01-09 12:25:00+05:30,340.95,341.0,340.0,340.0,59757,0
2026-01-09 12:30:00+05:30,340.05,340.1,339.6,339.7,89827,0
2026-01-09 12:35:00+05:30,339.8,339.85,338.5,338.55,193981,0
2026-01-09 12:40:00+05:30,338.6,338.75,337.75,337.75,218375,0
2026-01-09 12:45:00+05:30,337.85,338.0,336.95,337.2,186656,0
2026-01-09 12:50:00+05:30,337.3,337.5,335.95,337.05,1369756,0
2026-01-09 12:55:00+05:30,337.05,337.4,336.9,337.4,93241,0
2026-01-09 13:00:00+05:30,337.4,337.9,337.2,337.35,108304,0
2026-01-09 13:05:00+05:30,337.4,337.4,337.15,337.15,60350,0
2026-01-09 13:10:00+05:30,337.35,337.55,337.0,337.05,102088,0
2026-01-09 13:15:00+05:30,337.15,337.4,336.7,337.15,86845,0
2026-01-09 13:20:00+05:30,337.1,337.3,335.65,336.0,219611,0
2026-01-09 13:25:00+05:30,336.1,336.4,335.55,335.8,98624,0
2026-01-09 13:30:00+05:30,335.85,335.9,335.0,335.55,117002,0
2026-01-09 13:35:00+05:30,335.65,336.1,335.5,335.8,78147,0
2026-01-09 13:40:00+05:30,335.8,335.8,334.85,334.85,99459,0
2026-01-09 13:45:00+05:30,334.95,335.3,334.5,334.7,134454,0
2026-01-09 13:50:00+05:30,334.7,334.95,334.4,334.5,93022,0
2026-01-09 13:55:00+05:30,334.55,335.1,334.45,335.1,78099,0
2026-01-09 14:00:00+05:30,335.1,335.95,335.0,335.3,147510,0
2026-01-09 14:05:00+05:30,335.4,335.4,334.9,335.05,93605,0
2026-01-09 14:10:00+05:30,335.15,335.25,334.85,334.9,93534,0
2026-01-09 14:15:00+05:30,335.0,335.7,334.85,335.3,166077,0
2026-01-09 14:20:00+05:30,335.35,335.55,334.7,335.15,188606,0
2026-01-09 14:25:00+05:30,335.2,335.3,334.85,335.0,145667,0
2026-01-09 14:30:00+05:30,335.05,335.55,334.95,335.5,127525,0
2026-01-09 14:35:00+05:30,335.5,335.75,335.0,335.65,174420,0
2026-01-09 14:40:00+05:30,335.65,336.3,334.8,336.1,237571,0
2026-01-09 14:45:00+05:30,336.1,336.7,335.8,336.7,182509,0
2026-01-09 14:50:00+05:30,336.7,336.7,336.0,336.45,164913,0
2026-01-09 14:55:00+05:30,336.45,337.05,336.05,336.25,284298,0
2026-01-09 15:00:00+05:30,336.3,336.45,335.4,335.85,301174,0
2026-01-09 15:05:00+05:30,335.85,336.0,335.7,335.95,216372,0
2026-01-09 15:10:00+05:30,336.0,336.3,335.65,336.0,330383,0
2026-01-09 15:15:00+05:30,336.1,336.15,335.9,336.05,205305,0
2026-01-09 15:20:00+05:30,336.0,336.25,336.0,336.2,196229,0
2026-01-09 15:25:00+05:30,336.1,336.6,336.0,336.5,205879,0
2026-01-12 09:15:00+05:30,336.75,338.15,335.6,335.7,160067,0
2026-01-12 09:20:00+05:30,335.7,335.85,334.55,334.55,75494,0
2026-01-12 09:25:00+05:30,334.55,334.7,333.7,333.75,52214,0
2026-01-12 09:30:00+05:30,333.75,335.7,333.7,335.5,74723,0
2026-01-12 09:35:00+05:30,335.5,336.0,335.15,335.35,52741,0
2026-01-12 09:40:00+05:30,335.45,335.45,334.55,334.75,30639,0
2026-01-12 09:45:00+05:30,334.8,336.55,334.55,336.3,266094,0
2026-01-12 09:50:00+05:30,336.45,337.6,336.35,337.5,120557,0
2026-01-12 09:55:00+05:30,337.5,337.6,336.4,336.5,57549,0
2026-01-12 10:00:00+05:30,336.6,337.4,336.45,337.25,61350,0
2026-01-12 10:05:00+05:30,337.25,338.5,337.25,337.85,68898,0
2026-01-12 10:10:00+05:30,337.85,338.0,337.3,337.3,28338,0
2026-01-12 10:15:00+05:30,337.3,338.2,337.15,338.0,41252,0
2026-01-12 10:20:00+05:30,338.0,339.45,337.95,339.45,86554,0
2026-01-12 10:25:00+05:30,339.4,339.5,338.35,338.4,54243,0
2026-01-12 10:30:00+05:30,338.4,338.85,337.55,338.75,81440,0
2026-01-12 10:35:00+05:30,338.75,339.15,338.35,338.9,26399,0
2026-01-12 10:40:00+05:30,338.95,340.55,338.95,339.3,110387,0
2026-01-12 10:45:00+05:30,339.3,340.0,338.7,340.0,85393,0
2026-01-12 10:50:00+05:30,340.0,340.65,339.9,340.1,71416,0
2026-01-12 10:55:00+05:30,340.15,340.35,339.7,339.8,41300,0
2026-01-12 11:00:00+05:30,339.8,339.9,338.8,339.05,52818,0
2026-01-12 11:05:00+05:30,339.05,339.15,338.6,338.8,33807,0
2026-01-12 11:10:00+05:30,338.8,338.9,337.5,337.75,88117,0
2026-01-12 11:15:00+05:30,337.8,337.8,337.3,337.55,58604,0
2026-01-12 11:20:00+05:30,337.55,337.6,337.0,337.45,124853,0
2026-01-12 11:25:00+05:30,337.45,337.55,337.3,337.5,57282,0
2026-01-12 11:30:00+05:30,337.5,337.5,337.0,337.15,65394,0
2026-01-12 11:35:00+05:30,337.15,337.65,337.15,337.4,51733,0
2026-01-12 11:40:00+05:30,337.35,337.6,337.25,337.5,58991,0
2026-01-12 11:45:00+05:30,337.5,337.9,337.35,337.6,65875,0
2026-01-12 11:50:00+05:30,337.75,337.75,336.9,337.0,101326,0
2026-01-12 11:55:00+05:30,337.0,337.1,336.3,336.75,454889,0
2026-01-12 12:00:00+05:30,336.75,337.0,336.2,336.45,86885,0
2026-01-12 12:05:00+05:30,336.5,337.3,336.45,337.0,184767,0
2026-01-12 12:10:00+05:30,337.0,337.85,336.8,337.75,123608,0
2026-01-12 12:15:00+05:30,337.75,338.85,337.55,338.5,143508,0
2026-01-12 12:20:00+05:30,338.5,339.4,338.3,339.0,145087,0
2026-01-12 12:25:00+05:30,339.0,339.4,338.75,339.1,89503,0
2026-01-12 12:30:00+05:30,339.15,339.25,338.4,338.8,83012,0
2026-01-12 12:35:00+05:30,338.8,338.9,338.0,338.1,68514,0
2026-01-12 12:40:00+05:30,338.15,339.45,338.1,339.1,75685,0
2026-01-12 12:45:00+05:30,339.15,339.45,338.75,339.0,88395,0
2026-01-12 12:50:00+05:30,339.05,339.35,338.8,339.0,286783,0
2026-01-12 12:55:00+05:30,339.0,339.0,338.75,338.85,54075,0
2026-01-12 13:00:00+05:30,338.85,338.95,338.3,338.65,59316,0
2026-01-12 13:05:00+05:30,338.65,338.9,338.4,338.8,51858,0
2026-01-12 13:10:00+05:30,338.8,339.0,338.5,338.75,62990,0
2026-01-12 13:15:00+05:30,338.75,339.0,337.9,337.95,74052,0
2026-01-12 13:20:00+05:30,337.95,338.2,337.7,337.8,60895,0
2026-01-12 13:25:00+05:30,337.8,337.9,337.5,337.7,59511,0
2026-01-12 13:30:00+05:30,337.7,338.0,337.4,337.65,118207,0
2026-01-12 13:35:00+05:30,337.65,338.0,337.4,337.5,153093,0
2026-01-12 13:40:00+05:30,337.55,337.95,337.35,337.35,79569,0
2026-01-12 13:45:00+05:30,337.45,337.8,337.4,337.45,82969,0
2026-01-12 13:50:00+05:30,337.5,337.55,337.15,337.5,163218,0
2026-01-12 13:55:00+05:30,337.5,337.75,337.05,337.15,87910,0
2026-01-12 14:00:00+05:30,337.2,337.45,336.75,336.95,83930,0
2026-01-12 14:05:00+05:30,337.0,337.3,336.75,337.0,242538,0
2026-01-12 14:10:00+05:30,337.0,337.05,336.55,336.7,78743,0
2026-01-12 14:15:00+05:30,336.7,337.2,336.55,336.55,73516,0
2026-01-12 14:20:00+05:30,336.55,337.0,336.5,337.0,56833,0
2026-01-12 14:25:00+05:30,337.0,337.0,336.75,337.0,63792,0
2026-01-12 14:30:00+05:30,337.0,337.0,336.55,336.7,71061,0
2026-01-12 14:35:00+05:30,336.7,337.55,336.3,337.5,148350,0
2026-01-12 14:40:00+05:30,337.55,338.15,337.5,338.05,98991,0
2026-01-12 14:45:00+05:30,338.1,338.35,337.8,337.95,119383,0
2026-01-12 14:50:00+05:30,337.95,338.75,337.85,338.35,145265,0
2026-01-12 14:55:00+05:30,338.5,339.1,337.95,338.45,885209,0
2026-01-12 15:00:00+05:30,338.45,338.45,337.7,338.1,152261,0
2026-01-12 15:05:00+05:30,338.1,338.15,337.65,337.9,141233,0
2026-01-12 15:10:00+05:30,337.85,338.0,337.35,337.6,266527,0
2026-01-12 15:15:00+05:30,337.6,337.9,336.95,337.45,866277,0
2026-01-12 15:20:00+05:30,337.4,337.5,337.15,337.2,233089,0
2026-01-12 15:25:00+05:30,337.2,337.9,337.1,337.9,333161,0
2026-01-13 09:15:00+05:30,337.45,339.25,337.45,338.45,198644,0
2026-01-13 09:20:00+05:30,338.5,339.2,337.75,338.7,108124,0
2026-01-13 09:25:00+05:30,338.6,339.25,337.3,337.5,71733,0
2026-01-13 09:30:00+05:30,337.5,337.75,336.75,336.8,52666,0
2026-01-13 09:35:00+05:30,336.95,337.25,336.2,336.25,75906,0
2026-01-13 09:40:00+05:30,336.35,336.95,335.85,336.85,59024,0
2026-01-13 09:45:00+05:30,337.0,337.75,337.0,337.15,90591,0
2026-01-13 09:50:00+05:30,337.1,337.45,336.6,336.75,68998,0
2026-01-13 09:55:00+05:30,336.75,336.75,336.2,336.6,37707,0
2026-01-13 10:00:00+05:30,336.6,337.6,336.25,337.55,58589,0
2026-01-13 10:05:00+05:30,337.65,338.4,337.6,338.2,68693,0
2026-01-13 10:10:00+05:30,338.25,338.3,337.65,337.9,55730,0
2026-01-13 10:15:00+05:30,337.8,337.8,337.25,337.35,40684,0
2026-01-13 10:20:00+05:30,337.4,338.4,337.35,337.95,68175,0
2026-01-13 10:25:00+05:30,337.9,338.7,337.85,338.55,37004,0
2026-01-13 10:30:00+05:30,338.65,339.2,338.5,338.55,75880,0
2026-01-13 10:35:00+05:30,338.75,338.8,338.0,338.0,55750,0
2026-01-13 10:40:00+05:30,338.0,338.1,337.6,338.0,38110,0
2026-01-13 10:45:00+05:30,337.95,338.1,337.5,337.95,41574,0
2026-01-13 10:50:00+05:30,338.0,338.45,337.85,338.0,59709,0
2026-01-13 10:55:00+05:30,338.0,338.05,337.2,337.25,59789,0
2026-01-13 11:00:00+05:30,337.35,337.35,336.75,337.15,59944,0
2026-01-13 11:05:00+05:30,337.15,338.15,337.0,338.1,95536,0
2026-01-13 11:10:00+05:30,338.15,338.15,337.65,337.85,67267,0
2026-01-13 11:15:00+05:30,337.85,338.0,337.65,337.8,44085,0
2026-01-13 11:20:00+05:30,337.9,338.1,337.7,337.85,51734,0
2026-01-13 11:25:00+05:30,337.85,338.0,337.7,337.95,46357,0
2026-01-13 11:30:00+05:30,337.9,338.2,337.85,338.05,53063,0
2026-01-13 11:35:00+05:30,338.05,338.3,338.0,338.2,56903,0
2026-01-13 11:40:00+05:30,338.2,338.45,337.7,337.8,65267,0
2026-01-13 11:45:00+05:30,337.75,337.85,337.55,337.85,51967,0
2026-01-13 11:50:00+05:30,337.85,338.15,337.5,337.65,67811,0
2026-01-13 11:55:00+05:30,337.7,338.2,337.55,337.7,55447,0
2026-01-13 12:00:00+05:30,337.7,337.7,337.05,337.25,49187,0
2026-01-13 12:05:00+05:30,337.25,337.3,337.15,337.2,39451,0
2026-01-13 12:10:00+05:30,337.2,337.4,336.8,336.8,63204,0
2026-01-13 12:15:00+05:30,336.8,336.9,336.3,336.45,54079,0
2026-01-13 12:20:00+05:30,336.45,336.5,335.8,335.8,43428,0
2026-01-13 12:25:00+05:30,335.85,336.65,335.8,336.55,56622,0
2026-01-13 12:30:00+05:30,336.65,336.85,336.35,336.5,54240,0
2026-01-13 12:35:00+05:30,336.5,337.3,336.5,336.7,41142,0
2026-01-13 12:40:00+05:30,336.8,336.8,336.0,336.4,60644,0
2026-01-13 12:45:00+05:30,336.4,336.4,336.0,336.05,37630,0
2026-01-13 12:50:00+05:30,336.15,336.2,335.7,335.8,53377,0
2026-01-13 12:55:00+05:30,335.8,335.9,335.25,335.4,39177,0
2026-01-13 13:00:00+05:30,335.5,335.6,335.05,335.55,53280,0
2026-01-13 13:05:00+05:30,335.55,336.0,335.3,335.8,72746,0
2026-01-13 13:10:00+05:30,335.9,336.2,335.75,336.0,44650,0
2026-01-13 13:15:00+05:30,336.1,336.2,335.85,336.1,54181,0
2026-01-13 13:20:00+05:30,336.15,336.6,335.95,336.45,46833,0
2026-01-13 13:25:00+05:30,336.3,336.55,336.2,336.2,41754,0
2026-01-13 13:30:00+05:30,336.4,336.4,336.0,336.4,53166,0
2026-01-13 13:35:00+05:30,336.35,336.6,336.15,336.2,44073,0
2026-01-13 13:40:00+05:30,336.35,336.8,336.05,336.75,65096,0
2026-01-13 13:45:00+05:30,336.75,337.2,336.3,337.05,56353,0
2026-01-13 13:50:00+05:30,337.2,337.5,337.0,337.1,58439,0
2026-01-13 13:55:00+05:30,337.1,337.2,336.85,337.2,66993,0
2026-01-13 14:00:00+05:30,337.2,337.25,336.2,336.2,76525,0
2026-01-13 14:05:00+05:30,336.2,336.8,336.2,336.5,31694,0
2026-01-13 14:10:00+05:30,336.5,336.5,335.9,335.9,53515,0
2026-01-13 14:15:00+05:30,336.1,336.2,335.75,336.1,55517,0
2026-01-13 14:20:00+05:30,336.1,336.1,335.3,335.4,67416,0
2026-01-13 14:25:00+05:30,335.4,335.65,335.15,335.15,142657,0
2026-01-13 14:30:00+05:30,335.2,336.7,335.1,336.35,96841,0
2026-01-13 14:35:00+05:30,336.35,336.8,336.1,336.5,58809,0
2026-01-13 14:40:00+05:30,336.55,337.4,336.5,337.05,105161,0
2026-01-13 14:45:00+05:30,337.05,337.55,337.0,337.2,90300,0
2026-01-13 14:50:00+05:30,337.2,337.7,337.1,337.6,65960,0
2026-01-13 14:55:00+05:30,337.7,337.8,336.8,337.45,107087,0
2026-01-13 15:00:00+05:30,337.4,338.3,337.3,337.65,172892,0
2026-01-13 15:05:00+05:30,337.65,337.8,337.55,337.8,86688,0
2026-01-13 15:10:00+05:30,337.8,337.95,337.7,337.85,223828,0
2026-01-13 15:15:00+05:30,337.85,337.85,337.5,337.6,133184,0
2026-01-13 15:20:00+05:30,337.6,338.1,337.55,338.1,181409,0
2026-01-13 15:25:00+05:30,338.1,338.4,337.6,337.95,445550,0
2026-01-14 09:15:00+05:30,338.9,339.9,337.45,339.75,240541,0
2026-01-14 09:20:00+05:30,339.7,341.0,339.45,340.95,111240,0
2026-01-14 09:25:00+05:30,340.95,341.35,340.15,340.9,111964,0
2026-01-14 09:30:00+05:30,340.9,341.5,340.2,341.4,68549,0
2026-01-14 09:35:00+05:30,341.35,341.7,341.15,341.45,82811,0
2026-01-14 09:40:00+05:30,341.45,341.5,341.0,341.15,37447,0
2026-01-14 09:45:00+05:30,341.15,341.45,340.5,341.0,54752,0
2026-01-14 09:50:00+05:30,341.05,341.65,341.0,341.6,49079,0
2026-01-14 09:55:00+05:30,341.6,341.9,341.25,341.9,59513,0
2026-01-14 10:00:00+05:30,341.9,342.9,341.75,342.8,110886,0
2026-01-14 10:05:00+05:30,342.8,343.5,342.6,343.15,274582,0
2026-01-14 10:10:00+05:30,343.15,343.65,342.95,343.35,255108,0
2026-01-14 10:15:00+05:30,343.4,343.9,342.95,343.6,183181,0
2026-01-14 10:20:00+05:30,343.65,345.0,343.6,344.65,512464,0
2026-01-14 10:25:00+05:30,344.65,345.1,344.35,344.6,407630,0
2026-01-14 10:30:00+05:30,344.6,346.25,344.3,346.15,628548,0
2026-01-14 10:35:00+05:30,346.15,346.6,345.6,346.1,335005,0
2026-01-14 10:40:00+05:30,346.1,346.5,345.1,345.55,339331,0
2026-01-14 10:45:00+05:30,345.55,346.1,345.45,345.85,201961,0
2026-01-14 10:50:00+05:30,345.85,346.15,345.6,346.05,87184,0
2026-01-14 10:55:00+05:30,346.05,346.5,345.85,346.5,97167,0
2026-01-14 11:00:00+05:30,346.5,346.8,346.15,346.5,147033,0
2026-01-14 11:05:00+05:30,346.55,346.6,345.7,346.05,174756,0
2026-01-14 11:10:00+05:30,346.05,346.2,345.85,346.05,88218,0
2026-01-14 11:15:00+05:30,346.2,346.6,346.05,346.1,98749,0
2026-01-14 11:20:00+05:30,346.1,347.05,345.8,346.3,838349,0
2026-01-14 11:25:00+05:30,346.3,346.75,346.2,346.6,101938,0
2026-01-14 11:30:00+05:30,346.55,347.75,345.1,345.3,994190,0
2026-01-14 11:35:00+05:30,345.3,346.7,345.15,345.35,642678,0
2026-01-14 11:40:00+05:30,345.35,345.7,344.8,345.1,193737,0
2026-01-14 11:45:00+05:30,345.1,346.9,344.75,346.65,220632,0
2026-01-14 11:50:00+05:30,346.65,346.8,346.4,346.55,110884,0
2026-01-14 11:55:00+05:30,346.55,347.35,346.4,346.8,440447,0
2026-01-14 12:00:00+05:30,346.8,347.85,346.75,347.65,148583,0
2026-01-14 12:05:00+05:30,347.75,348.5,347.15,347.3,404150,0
2026-01-14 12:10:00+05:30,347.25,347.5,346.75,346.85,108175,0
2026-01-14 12:15:00+05:30,346.85,347.7,346.6,347.7,113296,0
2026-01-14 12:20:00+05:30,347.7,347.9,347.1,347.3,112639,0
2026-01-14 12:25:00+05:30,347.3,347.55,346.85,347.5,136437,0
2026-01-14 12:30:00+05:30,347.5,349.05,347.45,348.6,305716,0
2026-01-14 12:35:00+05:30,348.65,349.15,348.6,348.8,159791,0
2026-01-14 12:40:00+05:30,348.8,349.05,348.6,348.85,211815,0
2026-01-14 12:45:00+05:30,348.85,349.55,348.75,349.5,214552,0
2026-01-14 12:50:00+05:30,349.5,350.2,349.2,349.8,474301,0
2026-01-14 12:55:00+05:30,349.9,350.3,349.65,350.15,132443,0
2026-01-14 13:00:00+05:30,350.2,350.4,349.95,350.1,94836,0
2026-01-14 13:05:00+05:30,350.1,350.5,349.95,350.15,125778,0
2026-01-14 13:10:00+05:30,350.15,350.25,349.75,349.95,124565,0
2026-01-14 13:15:00+05:30,349.95,350.15,349.55,349.6,110636,0
2026-01-14 13:20:00+05:30,349.55,349.6,348.85,349.15,216538,0
2026-01-14 13:25:00+05:30,349.15,349.45,348.5,348.95,175173,0
2026-01-14 13:30:00+05:30,348.95,348.95,348.15,348.25,125431,0
2026-01-14 13:35:00+05:30,348.25,349.1,348.05,348.2,328174,0
2026-01-14 13:40:00+05:30,348.35,348.95,348.1,348.5,112421,0
2026-01-14 13:45:00+05:30,348.5,348.85,348.4,348.65,93694,0
2026-01-14 13:50:00+05:30,348.65,349.0,348.45,348.7,145430,0
2026-01-14 13:55:00+05:30,348.7,349.25,348.45,348.85,220652,0
2026-01-14 14:00:00+05:30,349.0,349.1,348.5,348.8,584458,0
2026-01-14 14:05:00+05:30,348.8,350.05,348.65,349.6,328941,0
2026-01-14 14:10:00+05:30,349.6,350.0,349.55,349.8,210567,0
2026-01-14 14:15:00+05:30,349.9,350.0,349.0,349.05,208713,0
2026-01-14 14:20:00+05:30,349.0,349.45,348.55,349.3,358509,0
2026-01-14 14:25:00+05:30,349.3,349.35,348.8,349.25,383996,0
2026-01-14 14:30:00+05:30,349.25,349.35,348.45,349.2,412611,0
2026-01-14 14:35:00+05:30,349.1,349.4,348.85,349.25,313898,0
2026-01-14 14:40:00+05:30,349.25,349.95,348.9,349.75,403591,0
2026-01-14 14:45:00+05:30,349.75,350.0,349.55,350.0,625195,0
2026-01-14 14:50:00+05:30,350.0,350.0,349.2,349.5,327599,0
2026-01-14 14:55:00+05:30,349.5,349.8,349.0,349.35,347054,0
2026-01-14 15:00:00+05:30,349.35,349.45,348.85,348.85,369376,0
2026-01-14 15:05:00+05:30,348.9,349.15,348.55,349.0,443439,0
2026-01-14 15:10:00+05:30,349.0,349.05,348.65,348.95,416783,0
2026-01-14 15:15:00+05:30,348.95,349.45,348.7,349.15,811553,0
2026-01-14 15:20:00+05:30,349.15,349.95,348.85,349.3,837419,0
2026-01-14 15:25:00+05:30,349.35,349.4,348.25,349.0,308335,0
2026-01-16 09:15:00+05:30,352.65,354.05,350.6,351.0,820677,0
2026-01-16 09:20:00+05:30,351.0,351.4,350.05,350.5,478449,0
2026-01-16 09:25:00+05:30,350.5,351.1,350.05,350.25,331919,0
2026-01-16 09:30:00+05:30,350.45,350.55,349.9,350.15,159762,0
2026-01-16 09:35:00+05:30,350.2,351.7,349.6,351.5,154196,0
2026-01-16 09:40:00+05:30,351.6,352.45,351.4,351.85,190298,0
2026-01-16 09:45:00+05:30,351.85,352.0,351.5,352.0,98483,0
2026-01-16 09:50:00+05:30,352.0,352.45,351.9,351.9,106412,0
2026-01-16 09:55:00+05:30,351.9,351.95,350.9,351.2,95751,0
2026-01-16 10:00:00+05:30,351.2,352.4,351.0,352.1,274521,0
2026-01-16 10:05:00+05:30,352.25,352.25,351.55,351.65,58245,0
2026-01-16 10:10:00+05:30,351.75,351.75,351.5,351.5,51513,0
2026-01-16 10:15:00+05:30,351.5,352.75,351.5,352.75,220653,0
2026-01-16 10:20:00+05:30,352.65,352.95,352.45,352.8,116978,0
2026-01-16 10:25:00+05:30,352.8,352.8,352.0,352.1,122217,0
2026-01-16 10:30:00+05:30,352.1,352.35,351.55,352.2,213066,0
2026-01-16 10:35:00+05:30,352.2,352.45,351.65,351.75,79448,0
2026-01-16 10:40:00+05:30,351.75,351.95,351.15,351.2,74707,0
2026-01-16 10:45:00+05:30,351.25,351.45,351.05,351.45,74354,0
2026-01-16 10:50:00+05:30,351.45,351.45,350.8,351.0,139940,0
2026-01-16 10:55:00+05:30,351.0,351.4,350.95,351.25,53449,0
2026-01-16 11:00:00+05:30,351.2,351.4,351.1,351.35,59196,0
2026-01-16 11:05:00+05:30,351.35,351.45,351.2,351.35,52227,0
2026-01-16 11:10:00+05:30,351.25,351.5,350.9,351.0,116286,0
2026-01-16 11:15:00+05:30,351.05,351.05,350.85,350.85,70628,0
2026-01-16 11:20:00+05:30,350.9,351.1,350.85,350.9,80246,0
2026-01-16 11:25:00+05:30,350.9,351.25,350.9,351.15,54586,0
2026-01-16 11:30:00+05:30,351.2,351.5,351.0,351.5,84091,0
2026-01-16 11:35:00+05:30,351.5,352.55,351.15,352.0,272831,0
2026-01-16 11:40:00+05:30,351.95,352.3,351.6,352.0,179059,0
2026-01-16 11:45:00+05:30,352.05,352.1,351.4,351.6,142631,0
2026-01-16 11:50:00+05:30,351.55,352.2,351.5,352.0,238828,0
2026-01-16 11:55:00+05:30,352.0,352.1,351.45,351.55,199684,0
2026-01-16 12:00:00+05:30,351.55,352.15,351.5,352.05,411136,0
2026-01-16 12:05:00+05:30,352.05,352.15,350.7,350.9,237827,0
2026-01-16 12:10:00+05:30,351.05,351.4,350.9,351.1,146815,0
2026-01-16 12:15:00+05:30,351.1,351.15,350.95,351.05,168273,0
2026-01-16 12:20:00+05:30,351.05,351.1,349.9,350.3,731998,0
2026-01-16 12:25:00+05:30,350.4,350.9,349.75,349.9,1291359,0
2026-01-16 12:30:00+05:30,349.95,350.15,349.15,350.0,372442,0
2026-01-16 12:35:00+05:30,350.0,350.6,349.1,350.3,242752,0
2026-01-16 12:40:00+05:30,350.3,350.3,349.65,349.75,195280,0
2026-01-16 12:45:00+05:30,349.75,350.1,349.5,349.7,378534,0
2026-01-16 12:50:00+05:30,349.75,350.05,349.65,349.7,314704,0
2026-01-16 12:55:00+05:30,349.75,350.1,349.4,349.65,325894,0
2026-01-16 13:00:00+05:30,349.75,349.75,348.65,348.7,77717,0
2026-01-16 13:05:00+05:30,348.75,348.9,348.45,348.45,66076,0
2026-01-16 13:10:00+05:30,348.6,348.6,347.95,347.95,81029,0
2026-01-16 13:15:00+05:30,348.0,348.15,347.4,347.55,86970,0
2026-01-16 13:20:00+05:30,347.7,347.8,347.25,347.25,75696,0
2026-01-16 13:25:00+05:30,347.35,347.35,346.6,346.75,94023,0
2026-01-16 13:30:00+05:30,346.75,346.9,346.2,346.3,115298,0
2026-01-16 13:35:00+05:30,346.3,346.5,346.0,346.2,100348,0
2026-01-16 13:40:00+05:30,346.2,346.55,346.2,346.4,90419,0
2026-01-16 13:45:00+05:30,346.4,347.15,346.4,346.95,78279,0
2026-01-16 13:50:00+05:30,346.95,347.15,346.45,346.65,92404,0
2026-01-16 13:55:00+05:30,346.65,346.8,346.35,346.45,58242,0
2026-01-16 14:00:00+05:30,346.45,346.7,346.2,346.7,79412,0
2026-01-16 14:05:00+05:30,346.7,346.9,346.45,346.65,85085,0
2026-01-16 14:10:00+05:30,346.6,346.9,346.5,346.75,73057,0
2026-01-16 14:15:00+05:30,346.75,347.1,346.15,346.45,71770,0
2026-01-16 14:20:00+05:30,346.55,346.8,346.1,346.6,93915,0
2026-01-16 14:25:00+05:30,346.6,346.9,346.15,346.25,74485,0
2026-01-16 14:30:00+05:30,346.3,346.4,346.1,346.2,66751,0
2026-01-16 14:35:00+05:30,346.2,347.4,346.15,347.2,253696,0
2026-01-16 14:40:00+05:30,347.2,347.7,347.05,347.15,101445,0
2026-01-16 14:45:00+05:30,347.3,347.55,347.1,347.4,94794,0
2026-01-16 14:50:00+05:30,347.5,347.6,346.95,347.4,184573,0
2026-01-16 14:55:00+05:30,347.55,347.8,347.15,347.5,126348,0
2026-01-16 15:00:00+05:30,347.5,347.65,346.9,346.95,248235,0
2026-01-16 15:05:00+05:30,347.0,347.0,346.45,346.45,257438,0
2026-01-16 15:10:00+05:30,346.5,346.6,346.4,346.45,186925,0
2026-01-16 15:15:00+05:30,346.5,346.5,346.05,346.25,258994,0
2026-01-16 15:20:00+05:30,346.3,346.35,345.7,345.7,388399,0
2026-01-16 15:25:00+05:30,345.75,347.0,345.4,346.2,331009,0
2026-01-19 09:15:00+05:30,343.5,347.65,343.5,347.6,235835,0
2026-01-19 09:20:00+05:30,347.55,347.55,345.35,345.5,110182,0
2026-01-19 09:25:00+05:30,345.5,345.9,344.9,345.2,168997,0
2026-01-19 09:30:00+05:30,345.35,346.15,345.0,346.05,78369,0
2026-01-19 09:35:00+05:30,346.1,347.95,346.0,347.75,229793,0
2026-01-19 09:40:00+05:30,347.75,347.8,346.8,346.95,233264,0
2026-01-19 09:45:00+05:30,347.0,347.4,346.5,346.75,235881,0
2026-01-19 09:50:00+05:30,346.75,347.4,346.5,346.9,112027,0
2026-01-19 09:55:00+05:30,346.85,347.15,346.4,346.7,212935,0
2026-01-19 10:00:00+05:30,346.7,346.95,346.6,346.65,62791,0
2026-01-19 10:05:00+05:30,346.7,347.2,345.95,347.1,317038,0
2026-01-19 10:10:00+05:30,347.1,347.25,346.6,346.7,141924,0
2026-01-19 10:15:00+05:30,346.6,347.35,346.6,347.3,122455,0
2026-01-19 10:20:00+05:30,347.3,347.6,347.0,347.5,138944,0
2026-01-19 10:25:00+05:30,347.45,347.5,346.75,347.2,41378,0
2026-01-19 10:30:00+05:30,347.2,347.6,347.1,347.35,58899,0
2026-01-19 10:35:00+05:30,347.2,347.7,347.2,347.45,85421,0
2026-01-19 10:40:00+05:30,347.45,347.7,347.3,347.5,29140,0
2026-01-19 10:45:00+05:30,347.5,347.65,346.95,347.0,67734,0
2026-01-19 10:50:00+05:30,347.1,347.4,347.0,347.15,34753,0
2026-01-19 10:55:00+05:30,347.15,347.7,347.15,347.65,87708,0
2026-01-19 11:00:00+05:30,347.65,347.9,347.4,347.85,59135,0
2026-01-19 11:05:00+05:30,347.85,347.85,347.3,347.4,39780,0
2026-01-19 11:10:00+05:30,347.3,347.55,347.1,347.3,52111,0
2026-01-19 11:15:00+05:30,347.3,347.3,346.55,346.6,119268,0
2026-01-19 11:20:00+05:30,346.6,346.6,345.2,345.3,131988,0
2026-01-19 11:25:00+05:30,345.3,345.55,344.75,344.95,197582,0
2026-01-19 11:30:00+05:30,344.95,345.05,344.45,344.65,426458,0
2026-01-19 11:35:00+05:30,344.65,344.85,343.55,343.75,287829,0
2026-01-19 11:40:00+05:30,343.75,344.0,343.5,343.9,105068,0
2026-01-19 11:45:00+05:30,343.95,344.1,343.5,343.65,168626,0
2026-01-19 11:50:00+05:30,343.65,343.65,343.15,343.55,115520,0
2026-01-19 11:55:00+05:30,343.55,344.05,343.0,343.75,129258,0
2026-01-19 12:00:00+05:30,343.75,344.1,343.2,343.4,142204,0
2026-01-19 12:05:00+05:30,343.4,343.95,343.0,343.15,145307,0
2026-01-19 12:10:00+05:30,343.15,343.3,342.75,343.05,119108,0
2026-01-19 12:15:00+05:30,343.05,343.55,342.85,343.25,126544,0
2026-01-19 12:20:00+05:30,343.25,343.25,342.75,342.9,90810,0
2026-01-19 12:25:00+05:30,342.9,343.2,342.75,343.0,109278,0
2026-01-19 12:30:00+05:30,343.0,343.2,342.8,342.95,111696,0
2026-01-19 12:35:00+05:30,342.95,343.4,342.35,342.95,152989,0
2026-01-19 12:40:00+05:30,342.95,343.5,342.9,343.05,97766,0
2026-01-19 12:45:00+05:30,343.0,343.2,342.35,342.5,117972,0
2026-01-19 12:50:00+05:30,342.5,342.7,342.2,342.45,121437,0
2026-01-19 12:55:00+05:30,342.45,342.75,342.05,342.35,95629,0
2026-01-19 13:00:00+05:30,342.35,342.95,342.15,342.95,96874,0
2026-01-19 13:05:00+05:30,342.95,343.35,342.8,343.3,94830,0
2026-01-19 13:10:00+05:30,343.3,343.4,342.95,343.4,92815,0
2026-01-19 13:15:00+05:30,343.4,343.4,342.8,343.25,90445,0
2026-01-19 13:20:00+05:30,343.25,343.45,343.0,343.15,86630,0
2026-01-19 13:25:00+05:30,343.2,343.3,342.95,343.2,70317,0
2026-01-19 13:30:00+05:30,343.2,343.7,343.15,343.5,156122,0
2026-01-19 13:35:00+05:30,343.5,343.75,343.3,343.5,290964,0
2026-01-19 13:40:00+05:30,343.5,343.9,342.8,343.1,215021,0
2026-01-19 13:45:00+05:30,343.1,343.25,342.65,343.15,81121,0
2026-01-19 13:50:00+05:30,343.15,344.4,343.1,343.85,113989,0
2026-01-19 13:55:00+05:30,343.85,344.3,343.6,344.3,75869,0
2026-01-19 14:00:00+05:30,344.3,344.5,343.8,344.1,110224,0
2026-01-19 14:05:00+05:30,344.1,344.45,344.0,344.3,99119,0
2026-01-19 14:10:00+05:30,344.3,344.3,343.65,343.95,127276,0
2026-01-19 14:15:00+05:30,343.95,344.3,343.65,344.05,112258,0
2026-01-19 14:20:00+05:30,344.05,344.1,343.6,343.8,153346,0
2026-01-19 14:25:00+05:30,343.8,344.2,343.65,344.0,115474,0
2026-01-19 14:30:00+05:30,344.0,344.7,343.9,344.4,91022,0
2026-01-19 14:35:00+05:30,344.4,344.65,344.3,344.65,68626,0
2026-01-19 14:40:00+05:30,344.65,344.8,344.35,344.75,96375,0
2026-01-19 14:45:00+05:30,344.8,344.9,344.5,344.5,114461,0
2026-01-19 14:50:00+05:30,344.55,345.25,344.45,345.25,126331,0
2026-01-19 14:55:00+05:30,345.25,345.25,344.5,344.65,131497,0
2026-01-19 15:00:00+05:30,344.65,344.75,344.0,344.2,153433,0
2026-01-19 15:05:00+05:30,344.15,344.2,343.85,344.0,123771,0
2026-01-19 15:10:00+05:30,344.0,344.05,343.55,343.65,126642,0
2026-01-19 15:15:00+05:30,343.65,343.75,342.95,343.0,224402,0
2026-01-19 15:20:00+05:30,343.0,343.0,342.3,342.8,213798,0
2026-01-19 15:25:00+05:30,342.85,343.4,342.55,343.35,251412,0
2026-01-20 09:15:00+05:30,343.0,345.5,342.9,345.3,150635,0
2026-01-20 09:20:00+05:30,345.15,345.9,343.8,344.0,134962,0
2026-01-20 09:25:00+05:30,344.05,345.15,343.85,344.15,89415,0
2026-01-20 09:30:00+05:30,344.25,345.0,344.0,344.45,68038,0
2026-01-20 09:35:00+05:30,344.45,344.45,343.7,344.1,49103,0
2026-01-20 09:40:00+05:30,343.95,345.6,343.9,345.35,196276,0
2026-01-20 09:45:00+05:30,345.35,345.75,344.8,345.1,68530,0
2026-01-20 09:50:00+05:30,345.0,345.85,344.85,344.95,103717,0
2026-01-20 09:55:00+05:30,344.95,345.85,344.9,345.65,88343,0
2026-01-20 10:00:00+05:30,345.6,346.5,345.55,346.35,151960,0
2026-01-20 10:05:00+05:30,346.4,347.0,346.2,347.0,200435,0
2026-01-20 10:10:00+05:30,347.05,347.7,347.0,347.3,108244,0
2026-01-20 10:15:00+05:30,347.4,347.45,346.55,346.85,109894,0
2026-01-20 10:20:00+05:30,346.8,347.8,346.45,347.35,191787,0
2026-01-20 10:25:00+05:30,347.25,348.0,347.2,347.7,172270,0
2026-01-20 10:30:00+05:30,347.75,347.85,347.0,347.35,171621,0
2026-01-20 10:35:00+05:30,347.3,347.9,347.25,347.65,97466,0
2026-01-20 10:40:00+05:30,347.75,348.3,347.35,347.45,152720,0
2026-01-20 10:45:00+05:30,347.45,347.55,346.75,346.95,126206,0
2026-01-20 10:50:00+05:30,347.0,347.4,346.55,347.4,176065,0
2026-01-20 10:55:00+05:30,347.4,347.4,346.6,346.8,89612,0
2026-01-20 11:00:00+05:30,346.9,347.1,346.5,346.65,115899,0
2026-01-20 11:05:00+05:30,346.65,346.65,345.15,345.15,210003,0
2026-01-20 11:10:00+05:30,345.2,345.5,344.35,345.0,170234,0
2026-01-20 11:15:00+05:30,345.05,345.5,344.15,344.35,136332,0
2026-01-20 11:20:00+05:30,344.35,344.75,344.35,344.55,64751,0
2026-01-20 11:25:00+05:30,344.55,345.0,344.45,344.75,75755,0
2026-01-20 11:30:00+05:30,344.6,344.8,344.35,344.75,67936,0
2026-01-20 11:35:00+05:30,344.75,345.2,344.7,345.0,61139,0
2026-01-20 11:40:00+05:30,345.1,345.1,344.7,344.7,71420,0
2026-01-20 11:45:00+05:30,344.85,344.85,344.5,344.5,36340,0
2026-01-20 11:50:00+05:30,344.65,344.9,344.1,344.75,72917,0
2026-01-20 11:55:00+05:30,344.7,344.75,344.3,344.4,41153,0
2026-01-20 12:00:00+05:30,344.4,344.5,343.65,343.8,70473,0
2026-01-20 12:05:00+05:30,343.8,343.95,343.05,343.2,86565,0
2026-01-20 12:10:00+05:30,343.35,343.95,343.25,343.75,64625,0
2026-01-20 12:15:00+05:30,343.85,344.0,343.25,343.25,58848,0
2026-01-20 12:20:00+05:30,343.35,343.6,343.05,343.45,47195,0
2026-01-20 12:25:00+05:30,343.6,343.6,342.6,342.75,106938,0
2026-01-20 12:30:00+05:30,342.75,343.1,342.65,342.65,76385,0
2026-01-20 12:35:00+05:30,342.8,343.4,342.6,342.8,92607,0
2026-01-20 12:40:00+05:30,342.95,343.0,342.6,342.75,47991,0
2026-01-20 12:45:00+05:30,342.85,342.85,342.2,342.65,62660,0
2026-01-20 12:50:00+05:30,342.75,342.85,342.55,342.65,50302,0
2026-01-20 12:55:00+05:30,342.8,342.8,342.45,342.6,60466,0
2026-01-20 13:00:00+05:30,342.6,342.6,342.15,342.25,45016,0
2026-01-20 13:05:00+05:30,342.3,342.45,341.9,342.05,94997,0
2026-01-20 13:10:00+05:30,342.25,342.5,342.05,342.25,43471,0
2026-01-20 13:15:00+05:30,342.35,342.4,342.0,342.15,38880,0
2026-01-20 13:20:00+05:30,342.3,342.95,342.1,342.3,105233,0
2026-01-20 13:25:00+05:30,342.35,342.5,342.1,342.35,41558,0
2026-01-20 13:30:00+05:30,342.35,342.6,342.0,342.0,39771,0
2026-01-20 13:35:00+05:30,342.05,342.1,341.5,341.75,59032,0
2026-01-20 13:40:00+05:30,341.7,341.75,341.2,341.3,82084,0
2026-01-20 13:45:00+05:30,341.45,341.7,341.2,341.65,60067,0
2026-01-20 13:50:00+05:30,341.55,341.75,341.4,341.45,49552,0
2026-01-20 13:55:00+05:30,341.45,341.6,341.1,341.35,52037,0
2026-01-20 14:00:00+05:30,341.35,341.95,340.8,341.45,82714,0
2026-01-20 14:05:00+05:30,341.55,341.8,340.8,341.05,66083,0
2026-01-20 14:10:00+05:30,341.05,341.4,340.9,341.3,89503,0
2026-01-20 14:15:00+05:30,341.35,342.05,341.25,341.25,120725,0
2026-01-20 14:20:00+05:30,341.25,341.75,341.15,341.55,87649,0
2026-01-20 14:25:00+05:30,341.55,342.1,341.4,341.65,78050,0
2026-01-20 14:30:00+05:30,341.7,341.95,341.55,341.7,42825,0
2026-01-20 14:35:00+05:30,341.85,341.9,341.3,341.35,101220,0
2026-01-20 14:40:00+05:30,341.45,341.6,340.9,341.45,205801,0
2026-01-20 14:45:00+05:30,341.45,341.95,341.25,341.6,133084,0
2026-01-20 14:50:00+05:30,341.7,341.75,340.8,341.15,144515,0
2026-01-20 14:55:00+05:30,341.15,341.3,340.1,340.1,105810,0
2026-01-20 15:00:00+05:30,340.2,340.3,339.6,339.7,194938,0
2026-01-20 15:05:00+05:30,339.7,339.7,339.0,339.05,122870,0
2026-01-20 15:10:00+05:30,339.15,339.15,338.2,338.35,170745,0
2026-01-20 15:15:00+05:30,338.35,338.55,337.7,338.05,224085,0
2026-01-20 15:20:00+05:30,338.05,338.65,337.75,338.3,217477,0
2026-01-20 15:25:00+05:30,338.4,339.7,338.3,339.0,172276,0
2026-01-21 09:15:00+05:30,338.8,341.4,338.05,338.15,175341,0
2026-01-21 09:20:00+05:30,338.15,338.45,336.8,338.25,240836,0
2026-01-21 09:25:00+05:30,338.25,339.9,338.05,339.3,111451,0
2026-01-21 09:30:00+05:30,339.3,339.95,338.55,339.6,88450,0
2026-01-21 09:35:00+05:30,339.6,339.65,338.4,338.65,54374,0
2026-01-21 09:40:00+05:30,338.6,339.3,338.3,338.6,64310,0
2026-01-21 09:45:00+05:30,338.75,339.15,338.0,338.25,89278,0
2026-01-21 09:50:00+05:30,338.35,339.15,338.15,338.5,24160,0
2026-01-21 09:55:00+05:30,338.5,340.0,338.45,338.8,59741,0
2026-01-21 10:00:00+05:30,338.9,339.95,338.75,339.85,50466,0
2026-01-21 10:05:00+05:30,339.85,340.45,339.6,339.6,70574,0
2026-01-21 10:10:00+05:30,339.75,340.6,339.4,340.2,48840,0
2026-01-21 10:15:00+05:30,340.2,340.3,339.65,340.15,32146,0
2026-01-21 10:20:00+05:30,340.15,340.35,339.65,339.65,31334,0
2026-01-21 10:25:00+05:30,339.85,340.35,339.5,339.7,70200,0
2026-01-21 10:30:00+05:30,339.7,339.7,338.8,339.25,135095,0
2026-01-21 10:35:00+05:30,339.25,339.85,339.0,339.25,89251,0
2026-01-21 10:40:00+05:30,339.3,339.35,338.05,338.1,135524,0
2026-01-21 10:45:00+05:30,338.25,338.25,337.1,337.8,186684,0
2026-01-21 10:50:00+05:30,337.9,338.3,337.1,337.3,74867,0
2026-01-21 10:55:00+05:30,337.3,338.75,337.1,338.35,121891,0
2026-01-21 11:00:00+05:30,338.4,339.25,338.3,339.15,105034,0
2026-01-21 11:05:00+05:30,339.15,339.15,338.5,338.75,35316,0
2026-01-21 11:10:00+05:30,338.75,339.3,338.6,338.95,35716,0
2026-01-21 11:15:00+05:30,338.95,339.3,338.7,339.1,37661,0
2026-01-21 11:20:00+05:30,339.15,339.15,337.3,337.85,182722,0
2026-01-21 11:25:00+05:30,337.9,338.1,337.5,337.6,33895,0
2026-01-21 11:30:00+05:30,337.6,338.45,337.3,337.9,122614,0
2026-01-21 11:35:00+05:30,337.9,338.45,337.9,338.1,81626,0
2026-01-21 11:40:00+05:30,338.05,338.4,337.9,338.05,63199,0
2026-01-21 11:45:00+05:30,338.05,338.65,338.0,338.2,64776,0
2026-01-21 11:50:00+05:30,338.25,338.65,338.05,338.25,72883,0
2026-01-21 11:55:00+05:30,338.3,338.75,338.25,338.55,55185,0
2026-01-21 12:00:00+05:30,338.5,339.45,338.5,339.25,81842,0
2026-01-21 12:05:00+05:30,339.35,339.6,339.0,339.2,65831,0
2026-01-21 12:10:00+05:30,339.2,339.65,338.95,339.3,59629,0
2026-01-21 12:15:00+05:30,339.35,340.0,339.2,339.75,155297,0
2026-01-21 12:20:00+05:30,339.8,339.95,339.3,339.6,64711,0
2026-01-21 12:25:00+05:30,339.6,339.85,338.85,339.05,68528,0
2026-01-21 12:30:00+05:30,339.1,339.7,339.05,339.4,65898,0
2026-01-21 12:35:00+05:30,339.5,340.25,339.4,339.9,70580,0
2026-01-21 12:40:00+05:30,339.9,340.1,339.5,339.6,66526,0
2026-01-21 12:45:00+05:30,339.7,340.1,339.6,340.0,78313,0
2026-01-21 12:50:00+05:30,340.0,340.35,339.75,339.85,71583,0
2026-01-21 12:55:00+05:30,340.0,340.2,339.5,339.9,81576,0
2026-01-21 13:00:00+05:30,339.9,341.0,339.8,341.0,103506,0
2026-01-21 13:05:00+05:30,341.0,341.2,340.35,340.5,118886,0
2026-01-21 13:10:00+05:30,340.55,340.9,340.0,340.75,105997,0
2026-01-21 13:15:00+05:30,340.8,341.35,340.6,341.25,114842,0
2026-01-21 13:20:00+05:30,341.3,341.6,341.0,341.05,85489,0
2026-01-21 13:25:00+05:30,341.05,341.55,341.0,341.05,72478,0
2026-01-21 13:30:00+05:30,341.05,341.45,340.15,340.35,133610,0
2026-01-21 13:35:00+05:30,340.35,340.75,340.0,340.2,90403,0
2026-01-21 13:40:00+05:30,340.2,340.25,339.25,339.3,69093,0
2026-01-21 13:45:00+05:30,339.35,339.45,338.65,338.85,66949,0
2026-01-21 13:50:00+05:30,339.0,339.1,338.0,338.2,101057,0
2026-01-21 13:55:00+05:30,338.15,338.35,338.0,338.1,53505,0
2026-01-21 14:00:00+05:30,338.05,338.6,338.0,338.3,59992,0
2026-01-21 14:05:00+05:30,338.2,338.45,338.05,338.2,50389,0
2026-01-21 14:10:00+05:30,338.2,338.35,337.7,337.9,92204,0
2026-01-21 14:15:00+05:30,337.75,339.25,337.75,338.8,86602,0
2026-01-21 14:20:00+05:30,338.65,338.8,338.3,338.35,37975,0
2026-01-21 14:25:00+05:30,338.35,338.6,337.85,338.0,71354,0
2026-01-21 14:30:00+05:30,337.85,338.75,337.5,338.45,132356,0
2026-01-21 14:35:00+05:30,338.4,339.25,338.4,339.15,51243,0
2026-01-21 14:40:00+05:30,339.1,339.65,338.75,339.25,99616,0
2026-01-21 14:45:00+05:30,339.1,339.35,338.8,339.0,62785,0
2026-01-21 14:50:00+05:30,339.0,339.45,338.8,339.4,106022,0
2026-01-21 14:55:00+05:30,339.3,339.4,338.9,339.2,44631,0
2026-01-21 15:00:00+05:30,339.2,339.25,338.5,339.2,218473,0
2026-01-21 15:05:00+05:30,339.2,339.55,338.8,338.9,180000,0
2026-01-21 15:10:00+05:30,338.95,338.95,338.4,338.5,178253,0
2026-01-21 15:15:00+05:30,338.5,338.5,337.85,337.95,202969,0
2026-01-21 15:20:00+05:30,338.1,338.7,337.95,338.6,186475,0
2026-01-21 15:25:00+05:30,338.7,339.25,338.4,338.5,195848,0
2026-01-22 09:15:00+05:30,338.7,339.15,337.1,337.7,244865,0
2026-01-22 09:20:00+05:30,337.8,339.45,337.75,339.4,113165,0
2026-01-22 09:25:00+05:30,339.4,340.6,339.05,340.45,112289,0
2026-01-22 09:30:00+05:30,340.55,341.6,340.4,341.5,117070,0
2026-01-22 09:35:00+05:30,341.5,341.6,340.15,340.55,98145,0
2026-01-22 09:40:00+05:30,340.65,341.85,340.25,341.6,186593,0
2026-01-22 09:45:00+05:30,341.5,342.75,341.35,342.55,159967,0
2026-01-22 09:50:00+05:30,342.55,342.75,340.8,340.8,95246,0
2026-01-22 09:55:00+05:30,340.95,341.0,340.35,340.8,52917,0
2026-01-22 10:00:00+05:30,340.8,340.8,339.6,340.05,79297,0
2026-01-22 10:05:00+05:30,340.1,340.55,339.8,339.8,35803,0
2026-01-22 10:10:00+05:30,339.95,341.0,339.8,340.95,53033,0
2026-01-22 10:15:00+05:30,340.9,341.5,340.45,340.45,82245,0
2026-01-22 10:20:00+05:30,340.45,341.35,340.25,341.15,56499,0
2026-01-22 10:25:00+05:30,341.15,341.2,340.0,340.3,45017,0
2026-01-22 10:30:00+05:30,340.35,340.6,339.55,340.6,71131,0
2026-01-22 10:35:00+05:30,340.6,340.75,339.75,339.9,34321,0
2026-01-22 10:40:00+05:30,339.75,340.55,339.75,340.35,31464,0
2026-01-22 10:45:00+05:30,340.35,340.35,339.7,339.8,35135,0
2026-01-22 10:50:00+05:30,339.9,339.9,339.3,339.55,28479,0
2026-01-22 10:55:00+05:30,339.55,339.65,338.65,338.75,39515,0
2026-01-22 11:00:00+05:30,338.65,338.95,338.25,338.75,48927,0
2026-01-22 11:05:00+05:30,338.8,339.1,338.6,339.0,54390,0
2026-01-22 11:10:00+05:30,338.95,339.45,338.95,339.45,21592,0
2026-01-22 11:15:00+05:30,339.45,339.95,339.45,339.7,27985,0
2026-01-22 11:20:00+05:30,339.7,340.8,339.65,340.5,48359,0
2026-01-22 11:25:00+05:30,340.45,340.8,340.0,340.0,39627,0
2026-01-22 11:30:00+05:30,340.0,340.1,339.75,340.0,43031,0
2026-01-22 11:35:00+05:30,340.1,340.7,340.0,340.55,20159,0
2026-01-22 11:40:00+05:30,340.65,340.65,340.1,340.1,17286,0
2026-01-22 11:45:00+05:30,340.15,340.75,340.0,340.55,46182,0
2026-01-22 11:50:00+05:30,340.65,340.8,340.3,340.65,41461,0
2026-01-22 11:55:00+05:30,340.65,340.65,340.15,340.35,14505,0
2026-01-22 12:00:00+05:30,340.35,341.0,340.15,340.85,30480,0
2026-01-22 12:05:00+05:30,340.85,341.4,340.75,341.2,52323,0
2026-01-22 12:10:00+05:30,341.05,341.1,340.7,340.95,22637,0
2026-01-22 12:15:00+05:30,340.95,341.05,340.7,341.0,83187,0
2026-01-22 12:20:00+05:30,341.0,341.4,340.85,340.85,55313,0
2026-01-22 12:25:00+05:30,340.95,340.95,340.75,340.85,20204,0
2026-01-22 12:30:00+05:30,340.85,341.4,340.8,341.4,61844,0
2026-01-22 12:35:00+05:30,341.4,341.4,340.8,341.2,51077,0
2026-01-22 12:40:00+05:30,341.2,341.2,340.15,340.85,199479,0
2026-01-22 12:45:00+05:30,340.95,341.2,340.8,341.1,35298,0
2026-01-22 12:50:00+05:30,341.1,341.15,340.75,340.95,44307,0
2026-01-22 12:55:00+05:30,340.9,341.1,340.65,340.85,37150,0
2026-01-22 13:00:00+05:30,340.85,341.4,340.8,341.15,48349,0
2026-01-22 13:05:00+05:30,341.3,341.35,340.5,340.7,57395,0
2026-01-22 13:10:00+05:30,340.7,340.7,340.1,340.3,53227,0
2026-01-22 13:15:00+05:30,340.3,340.75,340.2,340.7,48366,0
2026-01-22 13:20:00+05:30,340.7,340.9,340.35,340.85,46950,0
2026-01-22 13:25:00+05:30,340.8,340.85,340.1,340.2,48343,0
2026-01-22 13:30:00+05:30,340.2,341.0,340.1,341.0,51290,0
2026-01-22 13:35:00+05:30,341.0,341.2,340.8,340.95,52484,0
2026-01-22 13:40:00+05:30,340.8,340.95,340.25,340.75,53283,0
2026-01-22 13:45:00+05:30,340.8,340.9,340.6,340.9,50949,0
2026-01-22 13:50:00+05:30,340.8,341.7,340.8,341.6,83672,0
2026-01-22 13:55:00+05:30,341.6,341.8,341.25,341.55,76434,0
2026-01-22 14:00:00+05:30,341.55,342.0,341.5,341.7,83121,0
2026-01-22 14:05:00+05:30,341.75,341.95,341.15,341.6,87006,0
2026-01-22 14:10:00+05:30,341.6,341.7,340.85,340.95,83065,0
2026-01-22 14:15:00+05:30,340.95,341.25,340.6,340.8,156747,0
2026-01-22 14:20:00+05:30,340.8,341.25,340.65,341.1,87729,0
2026-01-22 14:25:00+05:30,341.1,341.6,340.95,341.55,91179,0
2026-01-22 14:30:00+05:30,341.55,342.35,341.4,342.15,139261,0
2026-01-22 14:35:00+05:30,342.3,342.95,342.1,342.5,172267,0
2026-01-22 14:40:00+05:30,342.6,342.8,342.3,342.65,93008,0
2026-01-22 14:45:00+05:30,342.65,342.95,342.45,342.45,139799,0
2026-01-22 14:50:00+05:30,342.6,342.9,342.25,342.35,80034,0
2026-01-22 14:55:00+05:30,342.45,343.2,342.25,342.95,97050,0
2026-01-22 15:00:00+05:30,342.9,342.95,341.8,341.8,185738,0
2026-01-22 15:05:00+05:30,341.85,342.75,341.8,342.4,152957,0
2026-01-22 15:10:00+05:30,342.5,342.9,342.35,342.55,188066,0
2026-01-22 15:15:00+05:30,342.7,342.75,342.3,342.55,168414,0
2026-01-22 15:20:00+05:30,342.5,342.65,342.3,342.5,185881,0
2026-01-22 15:25:00+05:30,342.55,342.95,342.35,342.8,134275,0
2026-01-23 09:15:00+05:30,343.95,343.95,340.5,341.7,247762,0
2026-01-23 09:20:00+05:30,341.7,342.9,341.5,342.55,129098,0
2026-01-23 09:25:00+05:30,342.55,343.2,342.2,342.7,85401,0
2026-01-23 09:30:00+05:30,342.7,342.75,342.2,342.6,48633,0
2026-01-23 09:35:00+05:30,342.5,342.85,342.2,342.45,70915,0
2026-01-23 09:40:00+05:30,342.4,343.6,342.35,342.9,77934,0
2026-01-23 09:45:00+05:30,342.9,343.45,342.45,343.2,57501,0
2026-01-23 09:50:00+05:30,343.2,343.25,342.75,342.9,37661,0
2026-01-23 09:55:00+05:30,342.95,343.6,342.85,343.4,30757,0
2026-01-23 10:00:00+05:30,343.35,343.7,343.1,343.65,33663,0
2026-01-23 10:05:00+05:30,343.65,344.3,343.5,343.7,63938,0
2026-01-23 10:10:00+05:30,343.7,344.0,343.4,343.4,34102,0
2026-01-23 10:15:00+05:30,343.5,343.85,343.3,343.55,45317,0
2026-01-23 10:20:00+05:30,343.55,344.3,343.45,344.1,102644,0
2026-01-23 10:25:00+05:30,344.2,345.2,344.1,345.0,638534,0
2026-01-23 10:30:00+05:30,345.0,345.4,344.75,345.0,108673,0
2026-01-23 10:35:00+05:30,345.0,345.45,344.7,344.95,114670,0
2026-01-23 10:40:00+05:30,344.95,345.2,344.5,344.6,72880,0
2026-01-23 10:45:00+05:30,344.7,345.1,344.5,345.0,507531,0
2026-01-23 10:50:00+05:30,345.05,345.05,343.75,344.05,90169,0
2026-01-23 10:55:00+05:30,343.9,344.05,343.45,344.0,151102,0
2026-01-23 11:00:00+05:30,344.0,344.05,343.45,343.45,73230,0
2026-01-23 11:05:00+05:30,343.5,343.75,343.2,343.6,68363,0
2026-01-23 11:10:00+05:30,343.55,343.9,343.15,343.4,63304,0
2026-01-23 11:15:00+05:30,343.4,344.2,343.4,343.65,84025,0
2026-01-23 11:20:00+05:30,343.7,343.7,343.1,343.25,81464,0
2026-01-23 11:25:00+05:30,343.25,343.3,342.5,343.1,96915,0
2026-01-23 11:30:00+05:30,343.15,343.15,342.3,342.35,58633,0
2026-01-23 11:35:00+05:30,342.45,342.6,342.15,342.2,65122,0
2026-01-23 11:40:00+05:30,342.3,342.3,341.85,342.0,70873,0
2026-01-23 11:45:00+05:30,342.05,342.35,341.3,341.55,92425,0
2026-01-23 11:50:00+05:30,341.6,342.15,341.3,341.4,71796,0
2026-01-23 11:55:00+05:30,341.4,341.5,340.4,340.5,126555,0
2026-01-23 12:00:00+05:30,340.4,340.6,340.1,340.35,101273,0
2026-01-23 12:05:00+05:30,340.35,340.35,339.3,339.45,112634,0
2026-01-23 12:10:00+05:30,339.45,339.5,339.05,339.25,154504,0
2026-01-23 12:15:00+05:30,339.25,339.45,338.65,339.0,348596,0
2026-01-23 12:20:00+05:30,339.0,339.1,338.05,338.3,428545,0
2026-01-23 12:25:00+05:30,338.3,338.7,337.7,338.2,228653,0
2026-01-23 12:30:00+05:30,338.25,338.95,338.05,338.9,108693,0
2026-01-23 12:35:00+05:30,338.9,339.1,338.5,338.9,141524,0
2026-01-23 12:40:00+05:30,338.9,340.0,338.75,339.3,152152,0
2026-01-23 12:45:00+05:30,339.45,339.7,339.2,339.4,98772,0
2026-01-23 12:50:00+05:30,339.45,339.6,339.05,339.45,97134,0
2026-01-23 12:55:00+05:30,339.45,339.6,339.0,339.15,118219,0
2026-01-23 13:00:00+05:30,339.15,339.7,338.95,339.1,126121,0
2026-01-23 13:05:00+05:30,339.1,339.6,339.0,339.45,112562,0
2026-01-23 13:10:00+05:30,339.45,339.6,339.05,339.15,120416,0
2026-01-23 13:15:00+05:30,339.15,339.25,338.3,338.35,125657,0
2026-01-23 13:20:00+05:30,338.4,338.55,337.9,338.3,153996,0
2026-01-23 13:25:00+05:30,338.3,338.9,338.25,338.55,129486,0
2026-01-23 13:30:00+05:30,338.55,338.6,337.8,337.9,114341,0
2026-01-23 13:35:00+05:30,338.0,338.15,337.75,337.9,100624,0
2026-01-23 13:40:00+05:30,337.9,338.3,337.5,337.6,297722,0
2026-01-23 13:45:00+05:30,337.7,338.25,337.5,337.8,97473,0
2026-01-23 13:50:00+05:30,337.8,338.45,337.4,337.8,230752,0
2026-01-23 13:55:00+05:30,337.9,338.3,337.7,337.85,70538,0
2026-01-23 14:00:00+05:30,337.9,338.2,337.6,337.6,71993,0
2026-01-23 14:05:00+05:30,337.6,337.95,337.35,337.7,72387,0
2026-01-23 14:10:00+05:30,337.7,338.0,337.2,337.8,71271,0
2026-01-23 14:15:00+05:30,337.8,338.25,337.7,338.0,66016,0
2026-01-23 14:20:00+05:30,338.05,338.25,337.55,338.0,91543,0
2026-01-23 14:25:00+05:30,338.0,338.45,337.75,338.2,75551,0
2026-01-23 14:30:00+05:30,338.25,338.75,338.1,338.4,103957,0
2026-01-23 14:35:00+05:30,338.4,338.7,338.0,338.15,163159,0
2026-01-23 14:40:00+05:30,338.2,338.55,338.05,338.15,223384,0
2026-01-23 14:45:00+05:30,338.2,338.5,337.3,337.3,315700,0
2026-01-23 14:50:00+05:30,337.45,338.05,337.25,337.75,116614,0
2026-01-23 14:55:00+05:30,337.8,338.5,337.75,338.3,95206,0
2026-01-23 15:00:00+05:30,338.3,338.45,337.0,337.1,224127,0
2026-01-23 15:05:00+05:30,337.1,337.1,336.15,336.3,197041,0
2026-01-23 15:10:00+05:30,336.3,336.75,336.2,336.4,191058,0
2026-01-23 15:15:00+05:30,336.4,336.85,336.1,336.7,213678,0
2026-01-23 15:20:00+05:30,336.7,337.3,336.4,336.45,173026,0
2026-01-23 15:25:00+05:30,336.5,337.15,336.3,337.0,146345,0
2026-01-27 09:15:00+05:30,340.5,341.1,337.05,340.6,433374,0
2026-01-27 09:20:00+05:30,340.6,340.6,339.45,340.2,215821,0
2026-01-27 09:25:00+05:30,340.3,341.3,340.05,340.45,157591,0
2026-01-27 09:30:00+05:30,340.6,341.5,340.3,340.5,165312,0
2026-01-27 09:35:00+05:30,340.4,341.2,340.2,340.9,151434,0
2026-01-27 09:40:00+05:30,340.95,341.25,340.3,341.2,184741,0
2026-01-27 09:45:00+05:30,341.25,341.65,340.85,341.45,115690,0
2026-01-27 09:50:00+05:30,341.45,341.65,340.75,341.0,138755,0
2026-01-27 09:55:00+05:30,341.0,342.7,340.75,342.0,322740,0
2026-01-27 10:00:00+05:30,342.0,342.5,341.85,342.3,93211,0
2026-01-27 10:05:00+05:30,342.3,342.35,341.9,341.95,73133,0
2026-01-27 10:10:00+05:30,342.05,342.5,341.9,342.4,75553,0
2026-01-27 10:15:00+05:30,342.5,343.55,342.4,343.45,438895,0
2026-01-27 10:20:00+05:30,343.25,344.2,343.25,344.05,148422,0
2026-01-27 10:25:00+05:30,344.1,344.45,343.6,344.15,196218,0
2026-01-27 10:30:00+05:30,344.15,344.45,343.6,343.7,106095,0
2026-01-27 10:35:00+05:30,343.7,344.1,343.35,343.8,68968,0
2026-01-27 10:40:00+05:30,343.9,344.0,342.45,342.5,134325,0
2026-01-27 10:45:00+05:30,342.65,343.45,342.5,343.45,101195,0
2026-01-27 10:50:00+05:30,343.45,343.45,341.85,341.95,359088,0
2026-01-27 10:55:00+05:30,342.0,342.2,341.45,341.6,142873,0
2026-01-27 11:00:00+05:30,341.65,341.9,341.25,341.55,103780,0
2026-01-27 11:05:00+05:30,341.35,342.95,341.35,342.75,129975,0
2026-01-27 11:10:00+05:30,342.75,343.0,342.55,342.85,50551,0
2026-01-27 11:15:00+05:30,342.85,343.3,342.8,343.2,62017,0
2026-01-27 11:20:00+05:30,343.2,343.45,342.5,342.65,94782,0
2026-01-27 11:25:00+05:30,342.65,343.0,342.35,342.4,69351,0
2026-01-27 11:30:00+05:30,342.4,343.0,342.35,342.95,86793,0
2026-01-27 11:35:00+05:30,342.95,343.35,342.85,343.3,53258,0
2026-01-27 11:40:00+05:30,343.3,343.9,342.65,343.75,106550,0
2026-01-27 11:45:00+05:30,343.75,343.95,343.2,343.4,77986,0
2026-01-27 11:50:00+05:30,343.4,343.45,342.9,343.05,69682,0
2026-01-27 11:55:00+05:30,343.05,343.4,342.85,343.35,51616,0
2026-01-27 12:00:00+05:30,343.4,343.65,343.0,343.3,92099,0
2026-01-27 12:05:00+05:30,343.3,343.5,343.05,343.15,86870,0
2026-01-27 12:10:00+05:30,343.15,343.6,342.9,343.35,169608,0
2026-01-27 12:15:00+05:30,343.35,343.8,343.1,343.15,125025,0
2026-01-27 12:20:00+05:30,343.2,343.4,342.75,342.85,131995,0
2026-01-27 12:25:00+05:30,342.85,342.95,342.25,342.3,86903,0
2026-01-27 12:30:00+05:30,342.3,342.75,342.2,342.3,199616,0
2026-01-27 12:35:00+05:30,342.3,342.3,342.05,342.2,117093,0
2026-01-27 12:40:00+05:30,342.2,342.45,341.95,342.1,178308,0
2026-01-27 12:45:00+05:30,342.1,342.4,342.0,342.05,254345,0
2026-01-27 12:50:00+05:30,342.1,342.65,342.0,342.6,58085,0
2026-01-27 12:55:00+05:30,342.6,342.8,342.0,342.15,281335,0
2026-01-27 13:00:00+05:30,342.2,342.4,342.0,342.4,77863,0
2026-01-27 13:05:00+05:30,342.4,342.6,341.8,342.2,231920,0
2026-01-27 13:10:00+05:30,342.25,342.25,341.9,342.05,111421,0
2026-01-27 13:15:00+05:30,342.05,342.25,341.45,342.0,275406,0
2026-01-27 13:20:00+05:30,341.9,342.0,341.55,341.75,116548,0
2026-01-27 13:25:00+05:30,341.8,342.0,341.4,341.9,61791,0
2026-01-27 13:30:00+05:30,341.9,342.1,341.45,341.85,74614,0
2026-01-27 13:35:00+05:30,341.85,341.85,340.6,340.65,109870,0
2026-01-27 13:40:00+05:30,340.65,341.15,340.55,340.85,50690,0
2026-01-27 13:45:00+05:30,340.85,341.15,340.75,341.05,57542,0
2026-01-27 13:50:00+05:30,341.05,341.15,340.85,341.0,44987,0
2026-01-27 13:55:00+05:30,341.05,341.25,340.95,341.25,47647,0
2026-01-27 14:00:00+05:30,341.25,341.35,340.85,341.2,89496,0
2026-01-27 14:05:00+05:30,341.2,341.35,341.0,341.3,48545,0
2026-01-27 14:10:00+05:30,341.3,341.65,341.2,341.45,55979,0
2026-01-27 14:15:00+05:30,341.5,341.7,341.35,341.5,82137,0
2026-01-27 14:20:00+05:30,341.5,342.1,341.4,341.8,108958,0
2026-01-27 14:25:00+05:30,341.85,342.45,341.65,342.1,96078,0
2026-01-27 14:30:00+05:30,342.15,343.15,342.05,342.75,240638,0
2026-01-27 14:35:00+05:30,342.75,343.5,342.65,343.35,169114,0
2026-01-27 14:40:00+05:30,343.5,343.95,343.35,343.7,209058,0
2026-01-27 14:45:00+05:30,343.75,344.0,343.65,343.9,213417,0
2026-01-27 14:50:00+05:30,343.9,344.35,343.65,344.05,281514,0
2026-01-27 14:55:00+05:30,344.05,344.4,343.7,343.9,308829,0
2026-01-27 15:00:00+05:30,343.8,344.1,343.2,343.3,481348,0
2026-01-27 15:05:00+05:30,343.3,344.0,343.05,343.8,352241,0
2026-01-27 15:10:00+05:30,343.8,344.3,343.75,344.25,377759,0
2026-01-27 15:15:00+05:30,344.25,345.4,344.2,345.35,452913,0
2026-01-27 15:20:00+05:30,345.3,346.25,345.2,346.15,452819,0
2026-01-27 15:25:00+05:30,346.15,346.5,345.6,346.0,359376,0
2026-01-28 09:15:00+05:30,344.7,348.85,344.7,347.85,296112,0
2026-01-28 09:20:00+05:30,348.0,350.1,347.85,349.6,293061,0
2026-01-28 09:25:00+05:30,349.75,350.45,349.35,350.0,199272,0
2026-01-28 09:30:00+05:30,349.95,350.3,348.75,348.95,189068,0
2026-01-28 09:35:00+05:30,348.95,349.45,348.55,348.95,106087,0
2026-01-28 09:40:00+05:30,348.95,349.3,348.75,349.2,88319,0
2026-01-28 09:45:00+05:30,349.25,349.65,348.9,349.1,74067,0
2026-01-28 09:50:00+05:30,349.15,349.8,348.8,349.35,120754,0
2026-01-28 09:55:00+05:30,349.35,349.45,348.35,348.95,168461,0
2026-01-28 10:00:00+05:30,349.0,349.25,348.6,348.75,77722,0
2026-01-28 10:05:00+05:30,348.75,348.75,348.05,348.3,70193,0
2026-01-28 10:10:00+05:30,348.3,348.85,348.25,348.65,59445,0
2026-01-28 10:15:00+05:30,348.7,348.85,348.3,348.55,95762,0
2026-01-28 10:20:00+05:30,348.55,349.0,348.45,348.9,47531,0
2026-01-28 10:25:00+05:30,348.9,349.0,347.85,347.95,194718,0
2026-01-28 10:30:00+05:30,347.95,348.05,347.8,348.0,33796,0
2026-01-28 10:35:00+05:30,348.05,348.65,348.0,348.6,84386,0
2026-01-28 10:40:00+05:30,348.6,348.8,348.35,348.4,213286,0
2026-01-28 10:45:00+05:30,348.4,352.2,348.35,352.15,894195,0
2026-01-28 10:50:00+05:30,352.15,352.6,351.95,352.35,182902,0
2026-01-28 10:55:00+05:30,352.35,352.55,352.0,352.1,123562,0
2026-01-28 11:00:00+05:30,352.1,353.2,352.0,353.0,277754,0
2026-01-28 11:05:00+05:30,353.15,353.25,351.3,351.3,186855,0
2026-01-28 11:10:00+05:30,351.25,351.3,350.6,350.8,114181,0
2026-01-28 11:15:00+05:30,350.8,350.8,350.0,350.5,114854,0
2026-01-28 11:20:00+05:30,350.5,351.4,350.35,351.15,109517,0
2026-01-28 11:25:00+05:30,351.15,351.45,350.95,351.2,85204,0
2026-01-28 11:30:00+05:30,351.25,351.35,350.55,350.9,98356,0
2026-01-28 11:35:00+05:30,351.0,351.25,348.45,348.45,166726,0
2026-01-28 11:40:00+05:30,348.45,348.65,348.1,348.45,95924,0
2026-01-28 11:45:00+05:30,348.4,349.45,348.25,349.2,118560,0
2026-01-28 11:50:00+05:30,349.25,349.35,348.85,349.0,114142,0
2026-01-28 11:55:00+05:30,349.1,349.95,349.0,349.8,148025,0
2026-01-28 12:00:00+05:30,349.8,349.85,349.25,349.6,112496,0
2026-01-28 12:05:00+05:30,349.6,350.0,349.2,349.4,154576,0
2026-01-28 12:10:00+05:30,349.4,350.0,349.1,349.25,662288,0
2026-01-28 12:15:00+05:30,349.35,349.5,348.95,349.3,145354,0
2026-01-28 12:20:00+05:30,349.3,349.45,348.65,348.8,146198,0
2026-01-28 12:25:00+05:30,348.95,348.95,347.5,347.5,160928,0
2026-01-28 12:30:00+05:30,347.65,348.2,347.5,347.65,155703,0
2026-01-28 12:35:00+05:30,347.65,347.9,347.5,347.7,111254,0
2026-01-28 12:40:00+05:30,347.7,347.75,347.1,347.2,113180,0
2026-01-28 12:45:00+05:30,347.25,347.6,346.9,347.25,142110,0
2026-01-28 12:50:00+05:30,347.25,347.4,346.5,346.55,145416,0
2026-01-28 12:55:00+05:30,346.6,347.45,346.55,347.1,165439,0
2026-01-28 13:00:00+05:30,347.25,347.65,347.1,347.15,122125,0
2026-01-28 13:05:00+05:30,347.2,347.7,347.1,347.5,118045,0
2026-01-28 13:10:00+05:30,347.6,348.1,347.4,347.95,121763,0
2026-01-28 13:15:00+05:30,348.0,348.65,347.8,347.9,155303,0
2026-01-28 13:20:00+05:30,347.9,348.1,347.25,347.55,129724,0
2026-01-28 13:25:00+05:30,347.55,347.65,347.2,347.4,116549,0
2026-01-28 13:30:00+05:30,347.4,347.95,347.3,347.5,121290,0
2026-01-28 13:35:00+05:30,347.5,347.7,347.0,347.65,110960,0
2026-01-28 13:40:00+05:30,347.55,347.9,347.25,347.35,117556,0
2026-01-28 13:45:00+05:30,347.35,347.7,347.1,347.4,122920,0
2026-01-28 13:50:00+05:30,347.4,348.15,347.25,348.15,107529,0
2026-01-28 13:55:00+05:30,348.15,348.4,347.85,348.3,127781,0
2026-01-28 14:00:00+05:30,348.3,348.6,347.8,347.8,112339,0
2026-01-28 14:05:00+05:30,347.95,348.1,347.55,347.85,115180,0
2026-01-28 14:10:00+05:30,347.85,348.7,347.6,348.45,109941,0
2026-01-28 14:15:00+05:30,348.6,349.55,347.9,348.15,165149,0
2026-01-28 14:20:00+05:30,348.05,348.35,347.8,348.3,107563,0
2026-01-28 14:25:00+05:30,348.3,348.5,348.05,348.15,113875,0
2026-01-28 14:30:00+05:30,348.15,348.55,348.1,348.2,107025,0
2026-01-28 14:35:00+05:30,348.2,348.5,348.1,348.35,97268,0
2026-01-28 14:40:00+05:30,348.35,348.65,348.15,348.4,115790,0
2026-01-28 14:45:00+05:30,348.45,348.8,348.15,348.75,116690,0
2026-01-28 14:50:00+05:30,348.85,349.05,348.6,348.9,116363,0
2026-01-28 14:55:00+05:30,349.05,349.35,348.4,348.4,181002,0
2026-01-28 15:00:00+05:30,348.4,348.85,347.75,347.85,517720,0
2026-01-28 15:05:00+05:30,347.9,347.95,347.2,347.2,387965,0
2026-01-28 15:10:00+05:30,347.25,347.9,347.2,347.85,491275,0
2026-01-28 15:15:00+05:30,347.85,348.4,347.85,348.0,602842,0
2026-01-28 15:20:00+05:30,347.9,348.65,347.85,348.5,742785,0
2026-01-28 15:25:00+05:30,348.6,349.0,347.85,348.9,434399,0
2026-01-29 09:15:00+05:30,350.0,351.05,347.3,350.85,634632,0
2026-01-29 09:20:00+05:30,350.7,352.4,350.5,350.7,397944,0
2026-01-29 09:25:00+05:30,350.6,352.9,350.6,352.65,1382767,0
2026-01-29 09:30:00+05:30,352.85,352.9,351.8,352.9,149394,0
2026-01-29 09:35:00+05:30,352.9,353.9,352.2,352.6,300840,0
2026-01-29 09:40:00+05:30,352.6,353.9,352.5,353.05,276251,0
2026-01-29 09:45:00+05:30,353.15,354.9,352.75,354.9,266494,0
2026-01-29 09:50:00+05:30,354.8,355.6,353.55,353.7,312083,0
2026-01-29 09:55:00+05:30,353.8,353.8,352.1,352.95,240095,0
2026-01-29 10:00:00+05:30,353.0,353.7,352.55,353.5,390466,0
2026-01-29 10:05:00+05:30,353.5,353.85,352.9,353.55,197426,0
2026-01-29 10:10:00+05:30,353.55,354.0,353.05,353.85,136311,0
2026-01-29 10:15:00+05:30,353.9,354.4,353.45,353.75,171209,0
2026-01-29 10:20:00+05:30,353.75,354.45,352.65,353.65,260410,0
2026-01-29 10:25:00+05:30,353.65,353.9,352.9,353.85,216733,0
2026-01-29 10:30:00+05:30,353.7,357.3,353.65,356.45,760044,0
2026-01-29 10:35:00+05:30,356.6,357.5,356.1,356.2,459847,0
2026-01-29 10:40:00+05:30,356.2,357.0,355.9,356.9,195970,0
2026-01-29 10:45:00+05:30,356.7,357.5,356.7,357.25,247599,0
2026-01-29 10:50:00+05:30,357.25,357.75,357.0,357.7,284258,0
2026-01-29 10:55:00+05:30,357.7,357.95,357.0,357.95,235770,0
2026-01-29 11:00:00+05:30,357.9,359.5,357.8,359.15,504256,0
2026-01-29 11:05:00+05:30,359.25,359.4,358.2,359.3,239607,0
2026-01-29 11:10:00+05:30,359.25,359.35,358.6,358.95,249708,0
2026-01-29 11:15:00+05:30,359.0,359.75,358.9,359.25,192102,0
2026-01-29 11:20:00+05:30,359.25,360.5,358.65,359.45,641922,0
2026-01-29 11:25:00+05:30,359.4,359.4,357.2,358.5,377728,0
2026-01-29 11:30:00+05:30,358.5,358.75,357.2,357.25,269339,0
2026-01-29 11:35:00+05:30,357.3,358.6,357.2,358.4,340928,0
2026-01-29 11:40:00+05:30,358.25,359.25,357.85,358.85,265801,0
2026-01-29 11:45:00+05:30,358.8,358.8,357.0,357.25,206480,0
2026-01-29 11:50:00+05:30,357.3,357.55,356.75,357.0,339146,0
2026-01-29 11:55:00+05:30,357.05,357.3,357.0,357.0,140892,0
2026-01-29 12:00:00+05:30,357.05,357.3,357.0,357.1,84185,0
2026-01-29 12:05:00+05:30,357.15,357.25,356.8,356.95,177981,0
2026-01-29 12:10:00+05:30,356.95,357.45,356.8,357.1,432801,0
2026-01-29 12:15:00+05:30,357.1,357.65,356.9,357.3,124459,0
2026-01-29 12:20:00+05:30,357.1,357.45,357.0,357.1,193768,0
2026-01-29 12:25:00+05:30,357.2,357.4,357.0,357.15,178366,0
2026-01-29 12:30:00+05:30,357.15,357.7,357.0,357.15,385407,0
2026-01-29 12:35:00+05:30,357.15,357.25,355.2,356.0,220173,0
2026-01-29 12:40:00+05:30,356.0,356.25,355.65,355.95,135551,0
2026-01-29 12:45:00+05:30,356.0,356.85,355.85,356.05,107366,0
2026-01-29 12:50:00+05:30,356.1,356.95,356.1,356.6,154240,0
2026-01-29 12:55:00+05:30,356.65,357.9,356.6,357.85,144535,0
2026-01-29 13:00:00+05:30,357.85,358.25,357.5,357.6,118398,0
2026-01-29 13:05:00+05:30,357.6,357.7,357.15,357.35,110081,0
2026-01-29 13:10:00+05:30,357.35,357.7,357.1,357.35,117428,0
2026-01-29 13:15:00+05:30,357.35,357.4,356.3,356.4,156912,0
2026-01-29 13:20:00+05:30,356.55,356.95,356.3,356.8,85531,0
2026-01-29 13:25:00+05:30,356.7,357.0,356.45,356.7,100743,0
2026-01-29 13:30:00+05:30,356.7,357.15,356.35,356.95,96520,0
2026-01-29 13:35:00+05:30,356.95,357.35,356.75,357.0,116934,0
2026-01-29 13:40:00+05:30,357.0,357.8,356.85,357.75,130755,0
2026-01-29 13:45:00+05:30,357.75,358.5,357.65,357.7,147387,0
2026-01-29 13:50:00+05:30,357.85,357.9,357.5,357.5,101071,0
2026-01-29 13:55:00+05:30,357.55,358.35,357.5,357.7,116904,0
2026-01-29 14:00:00+05:30,357.75,358.0,356.7,356.75,174458,0
2026-01-29 14:05:00+05:30,356.8,356.95,356.35,356.6,177254,0
2026-01-29 14:10:00+05:30,356.65,357.4,356.65,357.0,126546,0
2026-01-29 14:15:00+05:30,357.1,357.65,356.85,357.25,128985,0
2026-01-29 14:20:00+05:30,357.35,357.65,356.65,357.5,344819,0
2026-01-29 14:25:00+05:30,357.55,357.85,357.15,357.45,266173,0
2026-01-29 14:30:00+05:30,357.3,357.65,357.2,357.25,212715,0
2026-01-29 14:35:00+05:30,357.3,357.4,356.8,356.9,106887,0
2026-01-29 14:40:00+05:30,357.0,357.1,356.6,356.8,90909,0
2026-01-29 14:45:00+05:30,356.9,357.85,356.8,357.5,233363,0
2026-01-29 14:50:00+05:30,357.45,357.9,357.3,357.35,276200,0
2026-01-29 14:55:00+05:30,357.45,357.95,357.0,357.2,382464,0
2026-01-29 15:00:00+05:30,357.2,358.0,357.2,357.5,389357,0
2026-01-29 15:05:00+05:30,357.6,358.45,357.3,358.35,625070,0
2026-01-29 15:10:00+05:30,358.25,358.8,357.75,358.4,541444,0
2026-01-29 15:15:00+05:30,358.35,358.95,358.3,358.65,571394,0
2026-01-29 15:20:00+05:30,358.65,358.8,358.0,358.2,552459,0
2026-01-29 15:25:00+05:30,358.4,359.0,357.4,358.5,398857,0
2026-01-30 09:15:00+05:30,359.0,359.35,354.6,355.05,466268,0
2026-01-30 09:20:00+05:30,354.8,355.0,353.7,354.25,180076,0
2026-01-30 09:25:00+05:30,354.45,355.8,353.35,353.6,166072,0
2026-01-30 09:30:00+05:30,353.4,353.9,353.0,353.9,137937,0
2026-01-30 09:35:00+05:30,353.8,354.45,353.5,353.75,85752,0
2026-01-30 09:40:00+05:30,353.75,355.0,353.5,354.65,93549,0
2026-01-30 09:45:00+05:30,354.65,356.9,354.55,356.35,192346,0
2026-01-30 09:50:00+05:30,356.3,356.6,355.8,356.4,104611,0
2026-01-30 09:55:00+05:30,356.4,356.4,355.15,355.9,184806,0
2026-01-30 10:00:00+05:30,355.9,356.2,355.5,355.55,85391,0
2026-01-30 10:05:00+05:30,355.6,356.25,355.55,355.9,53132,0
2026-01-30 10:10:00+05:30,356.0,356.4,355.85,356.2,74062,0
2026-01-30 10:15:00+05:30,356.2,356.3,355.0,355.4,343109,0
2026-01-30 10:20:00+05:30,355.25,355.4,354.7,355.0,911540,0
2026-01-30 10:25:00+05:30,355.0,355.35,354.9,355.0,418287,0
2026-01-30 10:30:00+05:30,355.05,355.25,354.8,355.05,559924,0
2026-01-30 10:35:00+05:30,355.15,355.25,354.9,354.9,121707,0
2026-01-30 10:40:00+05:30,355.0,355.5,354.8,355.3,359954,0
2026-01-30 10:45:00+05:30,355.35,355.35,355.0,355.0,154405,0
2026-01-30 10:50:00+05:30,355.0,355.7,354.95,355.45,118559,0
2026-01-30 10:55:00+05:30,355.5,355.8,355.1,355.3,57442,0
2026-01-30 11:00:00+05:30,355.3,355.85,355.2,355.3,68763,0
2026-01-30 11:05:00+05:30,355.4,355.5,355.05,355.05,55238,0
2026-01-30 11:10:00+05:30,355.1,355.4,355.0,355.0,382506,0
2026-01-30 11:15:00+05:30,355.0,355.65,354.95,355.25,247836,0
2026-01-30 11:20:00+05:30,355.35,355.8,355.15,355.55,81792,0
2026-01-30 11:25:00+05:30,355.65,356.15,355.55,356.0,75690,0
2026-01-30 11:30:00+05:30,356.1,356.1,355.2,355.55,53954,0
2026-01-30 11:35:00+05:30,355.65,355.7,355.15,355.55,44872,0
2026-01-30 11:40:00+05:30,355.7,356.15,355.55,355.9,133754,0
2026-01-30 11:45:00+05:30,356.05,356.05,355.0,355.0,246324,0
2026-01-30 11:50:00+05:30,355.0,355.4,354.75,355.0,569233,0
2026-01-30 11:55:00+05:30,355.0,355.4,355.0,355.25,74361,0
2026-01-30 12:00:00+05:30,355.25,355.35,355.0,355.05,65741,0
2026-01-30 12:05:00+05:30,355.05,355.25,354.0,354.2,1152550,0
2026-01-30 12:10:00+05:30,354.15,354.65,352.85,352.9,985742,0
2026-01-30 12:15:00+05:30,353.0,353.2,351.3,351.4,208204,0
2026-01-30 12:20:00+05:30,351.4,353.45,351.1,353.25,147842,0
2026-01-30 12:25:00+05:30,353.25,353.5,352.65,352.8,74524,0
2026-01-30 12:30:00+05:30,352.95,354.1,352.7,353.65,113137,0
2026-01-30 12:35:00+05:30,353.65,353.7,352.9,353.0,59626,0
2026-01-30 12:40:00+05:30,353.0,353.15,352.05,352.25,75816,0
2026-01-30 12:45:00+05:30,352.25,352.75,352.0,352.55,126674,0
2026-01-30 12:50:00+05:30,352.55,352.95,352.3,352.7,73829,0
2026-01-30 12:55:00+05:30,352.8,352.95,352.2,352.9,86092,0
2026-01-30 13:00:00+05:30,352.85,352.85,352.5,352.55,120192,0
2026-01-30 13:05:00+05:30,352.55,352.8,352.0,352.55,679438,0
2026-01-30 13:10:00+05:30,352.55,352.9,352.25,352.75,246945,0
2026-01-30 13:15:00+05:30,352.75,352.8,352.3,352.7,448447,0
2026-01-30 13:20:00+05:30,352.7,352.85,352.25,352.3,415317,0
2026-01-30 13:25:00+05:30,352.3,352.95,352.3,352.55,114720,0
2026-01-30 13:30:00+05:30,352.55,353.05,352.5,352.9,96666,0
2026-01-30 13:35:00+05:30,352.9,353.5,352.85,353.15,94536,0
2026-01-30 13:40:00+05:30,353.15,354.15,353.1,354.05,241642,0
2026-01-30 13:45:00+05:30,354.0,354.4,353.6,354.05,889104,0
2026-01-30 13:50:00+05:30,354.15,354.4,354.0,354.1,82748,0
2026-01-30 13:55:00+05:30,354.1,354.55,353.45,354.2,247277,0
2026-01-30 14:00:00+05:30,354.3,354.6,354.0,354.2,111200,0
2026-01-30 14:05:00+05:30,354.2,354.4,354.0,354.05,88621,0
2026-01-30 14:10:00+05:30,354.05,354.35,354.0,354.3,190392,0
2026-01-30 14:15:00+05:30,354.15,354.5,354.05,354.35,76641,0
2026-01-30 14:20:00+05:30,354.35,354.6,354.05,354.35,118179,0
2026-01-30 14:25:00+05:30,354.2,354.35,354.0,354.05,87721,0
2026-01-30 14:30:00+05:30,354.05,354.8,354.05,354.5,112676,0
2026-01-30 14:35:00+05:30,354.6,355.45,354.45,354.95,488972,0
2026-01-30 14:40:00+05:30,355.05,355.2,354.25,354.45,414799,0
2026-01-30 14:45:00+05:30,354.45,355.65,354.35,355.2,572360,0
2026-01-30 14:50:00+05:30,355.2,356.75,354.95,356.3,909538,0
2026-01-30 14:55:00+05:30,356.3,356.95,355.25,355.3,662045,0
2026-01-30 15:00:00+05:30,355.3,356.0,355.0,355.6,642997,0
2026-01-30 15:05:00+05:30,355.55,356.85,355.2,356.0,947361,0
2026-01-30 15:10:00+05:30,355.85,356.45,355.75,356.3,627406,0
2026-01-30 15:15:00+05:30,356.3,358.0,356.25,357.0,1084700,0
2026-01-30 15:20:00+05:30,357.0,357.25,354.85,355.0,1170035,0
2026-01-30 15:25:00+05:30,355.0,356.9,354.1,354.1,584063,0
2026-02-01 09:15:00+05:30,356.0,357.0,352.85,353.5,156147,0
2026-02-01 09:20:00+05:30,353.5,358.85,353.2,358.05,205251,0
2026-02-01 09:25:00+05:30,358.3,360.8,357.5,359.3,256863,0
2026-02-01 09:30:00+05:30,359.5,359.7,357.4,357.4,165229,0
2026-02-01 09:35:00+05:30,357.45,357.5,356.05,356.3,102034,0
2026-02-01 09:40:00+05:30,356.35,356.95,355.6,356.0,88066,0
2026-02-01 09:45:00+05:30,355.75,356.35,354.15,354.5,116860,0
2026-02-01 09:50:00+05:30,354.45,355.6,354.0,355.6,67862,0
2026-02-01 09:55:00+05:30,355.55,356.2,355.0,355.4,65291,0
2026-02-01 10:00:00+05:30,355.4,355.5,354.7,355.3,38705,0
2026-02-01 10:05:00+05:30,355.35,356.7,353.7,353.95,141233,0
2026-02-01 10:10:00+05:30,353.95,356.35,353.7,355.85,78259,0
2026-02-01 10:15:00+05:30,355.85,356.4,354.8,354.8,90246,0
2026-02-01 10:20:00+05:30,354.8,355.0,354.0,354.3,58275,0
2026-02-01 10:25:00+05:30,354.2,355.15,354.15,355.05,52158,0
2026-02-01 10:30:00+05:30,355.0,355.3,354.25,355.3,58541,0
2026-02-01 10:35:00+05:30,355.15,355.4,354.75,355.1,60610,0
2026-02-01 10:40:00+05:30,355.15,358.4,355.05,358.3,205645,0
2026-02-01 10:45:00+05:30,358.25,358.8,357.45,358.15,150320,0
2026-02-01 10:50:00+05:30,358.1,358.35,356.0,356.55,116943,0
2026-02-01 10:55:00+05:30,356.35,357.85,355.85,357.85,135152,0
2026-02-01 11:00:00+05:30,357.75,357.95,355.85,356.2,175660,0
2026-02-01 11:05:00+05:30,356.1,358.8,356.05,358.1,84758,0
2026-02-01 11:10:00+05:30,358.0,358.45,357.0,357.25,71738,0
2026-02-01 11:15:00+05:30,357.05,357.55,356.0,356.1,138717,0
2026-02-01 11:20:00+05:30,356.0,356.5,355.9,356.05,72352,0
2026-02-01 11:25:00+05:30,356.05,356.85,356.0,356.35,51027,0
2026-02-01 11:30:00+05:30,356.3,358.25,356.3,357.35,140155,0
2026-02-01 11:35:00+05:30,357.3,357.65,356.45,356.5,61903,0
2026-02-01 11:40:00+05:30,356.45,356.8,356.0,356.1,69389,0
2026-02-01 11:45:00+05:30,356.05,356.7,355.5,355.65,283027,0
2026-02-01 11:50:00+05:30,355.55,355.6,354.3,354.95,120767,0
2026-02-01 11:55:00+05:30,354.95,354.95,350.2,350.8,405710,0
2026-02-01 12:00:00+05:30,350.8,351.05,349.45,350.05,126477,0
2026-02-01 12:05:00+05:30,350.05,351.0,349.25,351.0,74971,0
2026-02-01 12:10:00+05:30,350.9,352.0,346.0,346.8,153609,0
2026-02-01 12:15:00+05:30,346.85,352.1,345.5,349.0,882031,0
2026-02-01 12:20:00+05:30,349.0,352.05,348.1,350.5,263538,0
2026-02-01 12:25:00+05:30,350.5,351.35,344.2,344.2,819756,0
2026-02-01 12:30:00+05:30,344.15,345.0,337.5,340.6,1011503,0
2026-02-01 12:35:00+05:30,340.55,345.75,339.95,344.25,369864,0
2026-02-01 12:40:00+05:30,344.25,347.0,342.8,346.15,686941,0
2026-02-01 12:45:00+05:30,346.15,348.2,345.7,347.75,386683,0
2026-02-01 12:50:00+05:30,347.75,348.7,347.0,348.45,154812,0
2026-02-01 12:55:00+05:30,348.45,349.35,347.55,348.05,91391,0
2026-02-01 13:00:00+05:30,348.05,348.85,347.0,348.15,156109,0
2026-02-01 13:05:00+05:30,348.1,349.05,347.6,348.7,104089,0
2026-02-01 13:10:00+05:30,348.6,350.0,348.1,349.6,179655,0
2026-02-01 13:15:00+05:30,349.6,350.0,348.25,349.15,74557,0
2026-02-01 13:20:00+05:30,349.15,349.2,348.45,348.8,55382,0
2026-02-01 13:25:00+05:30,348.85,348.85,348.35,348.7,46109,0
2026-02-01 13:30:00+05:30,348.45,348.95,348.0,348.7,71144,0
2026-02-01 13:35:00+05:30,348.85,350.0,348.65,348.8,88144,0
2026-02-01 13:40:00+05:30,348.8,349.25,348.6,348.85,47627,0
2026-02-01 13:45:00+05:30,349.1,349.15,348.35,348.75,69077,0
2026-02-01 13:50:00+05:30,348.75,348.85,347.8,348.55,265217,0
2026-02-01 13:55:00+05:30,348.55,348.9,348.35,348.7,61090,0
2026-02-01 14:00:00+05:30,348.85,349.65,348.4,349.1,151798,0
2026-02-01 14:05:00+05:30,349.0,349.2,348.35,348.65,73921,0
2026-02-01 14:10:00+05:30,348.65,349.4,347.35,349.25,137960,0
2026-02-01 14:15:00+05:30,349.25,351.7,348.25,350.7,294716,0
2026-02-01 14:20:00+05:30,350.7,351.25,348.85,349.2,207328,0
2026-02-01 14:25:00+05:30,349.05,350.05,349.0,349.55,215722,0
2026-02-01 14:30:00+05:30,349.6,350.3,349.3,350.0,77013,0
2026-02-01 14:35:00+05:30,350.1,350.5,349.5,349.9,55336,0
2026-02-01 14:40:00+05:30,349.9,350.05,349.05,349.45,93339,0
2026-02-01 14:45:00+05:30,349.45,349.45,347.7,347.95,141596,0
2026-02-01 14:50:00+05:30,347.8,348.7,347.0,347.25,239808,0
2026-02-01 14:55:00+05:30,347.35,350.0,347.0,348.6,364561,0
2026-02-01 15:00:00+05:30,348.6,349.15,347.4,348.1,186973,0
2026-02-01 15:05:00+05:30,348.05,348.3,346.65,347.1,294541,0
2026-02-01 15:10:00+05:30,347.05,347.65,342.55,343.15,539113,0
2026-02-01 15:15:00+05:30,343.0,343.0,340.9,341.15,172846,0
2026-02-01 15:20:00+05:30,341.05,341.75,340.3,341.15,212589,0
2026-02-01 15:25:00+05:30,341.05,341.75,340.0,340.9,191912,0
2026-02-02 09:15:00+05:30,344.95,345.6,337.75,339.0,632983,0
2026-02-02 09:20:00+05:30,339.0,344.55,338.8,344.4,371873,0
2026-02-02 09:25:00+05:30,344.4,345.25,343.5,344.8,247537,0
2026-02-02 09:30:00+05:30,344.65,345.25,344.0,344.3,148944,0
2026-02-02 09:35:00+05:30,344.2,345.45,343.75,345.1,159222,0
2026-02-02 09:40:00+05:30,345.2,345.5,344.6,345.35,178042,0
2026-02-02 09:45:00+05:30,345.35,347.3,345.25,346.25,435306,0
2026-02-02 09:50:00+05:30,346.2,347.0,345.85,346.65,289577,0
2026-02-02 09:55:00+05:30,346.65,347.45,346.15,346.15,397432,0
2026-02-02 10:00:00+05:30,346.15,346.15,343.8,343.95,349738,0
2026-02-02 10:05:00+05:30,344.0,344.05,342.45,342.8,505844,0
2026-02-02 10:10:00+05:30,342.75,343.75,342.4,343.4,117540,0
2026-02-02 10:15:00+05:30,343.4,343.7,342.95,343.4,81647,0
2026-02-02 10:20:00+05:30,343.25,343.7,342.85,343.55,83554,0
2026-02-02 10:25:00+05:30,343.5,344.15,343.0,343.45,93617,0
2026-02-02 10:30:00+05:30,343.35,344.45,343.35,344.25,50921,0
2026-02-02 10:35:00+05:30,344.25,344.9,343.8,343.85,117998,0
2026-02-02 10:40:00+05:30,343.85,344.55,343.65,344.35,44798,0
2026-02-02 10:45:00+05:30,344.4,344.5,344.0,344.2,37242,0
2026-02-02 10:50:00+05:30,344.15,344.35,343.7,344.05,49773,0
2026-02-02 10:55:00+05:30,344.05,344.05,342.3,342.4,95289,0
2026-02-02 11:00:00+05:30,342.4,342.85,341.8,342.65,135496,0
2026-02-02 11:05:00+05:30,342.65,342.9,341.95,342.35,98641,0
2026-02-02 11:10:00+05:30,342.4,343.0,341.95,342.2,250458,0
2026-02-02 11:15:00+05:30,342.25,342.3,341.7,341.85,79928,0
2026-02-02 11:20:00+05:30,341.85,342.45,341.5,341.85,94245,0
2026-02-02 11:25:00+05:30,341.85,342.4,341.65,342.3,100947,0
2026-02-02 11:30:00+05:30,342.3,344.55,342.3,344.2,109619,0
2026-02-02 11:35:00+05:30,344.2,344.8,343.95,344.7,93148,0
2026-02-02 11:40:00+05:30,344.65,345.3,344.25,345.1,112064,0
2026-02-02 11:45:00+05:30,345.1,345.4,344.5,344.7,67229,0
2026-02-02 11:50:00+05:30,344.75,345.65,344.45,345.3,90264,0
2026-02-02 11:55:00+05:30,345.3,346.25,344.95,346.05,100259,0
2026-02-02 12:00:00+05:30,346.2,346.2,345.4,345.55,147351,0
2026-02-02 12:05:00+05:30,345.7,346.05,345.4,345.95,123530,0
2026-02-02 12:10:00+05:30,345.95,346.55,345.55,346.0,141931,0
2026-02-02 12:15:00+05:30,346.0,346.9,346.0,346.55,144676,0
2026-02-02 12:20:00+05:30,346.7,347.85,346.4,347.7,114239,0
2026-02-02 12:25:00+05:30,347.7,348.1,347.4,347.75,151073,0
2026-02-02 12:30:00+05:30,347.75,347.75,346.7,346.7,119065,0
2026-02-02 12:35:00+05:30,346.75,347.0,346.2,346.9,89534,0
2026-02-02 12:40:00+05:30,346.9,347.0,345.8,345.8,129421,0
2026-02-02 12:45:00+05:30,345.9,346.55,345.2,346.35,182941,0
2026-02-02 12:50:00+05:30,346.5,346.5,345.8,346.0,72067,0
2026-02-02 12:55:00+05:30,346.0,346.95,345.85,346.65,119556,0
2026-02-02 13:00:00+05:30,346.75,347.0,346.25,347.0,80764,0
2026-02-02 13:05:00+05:30,347.0,347.35,346.8,347.1,82725,0
2026-02-02 13:10:00+05:30,347.3,347.5,346.05,346.35,118193,0
2026-02-02 13:15:00+05:30,346.35,346.95,345.25,345.3,101539,0
2026-02-02 13:20:00+05:30,345.3,345.45,344.35,345.05,128270,0
2026-02-02 13:25:00+05:30,344.85,345.65,344.6,345.5,110665,0
2026-02-02 13:30:00+05:30,345.35,345.8,345.15,345.75,91536,0
2026-02-02 13:35:00+05:30,345.75,346.55,345.65,345.9,158626,0
2026-02-02 13:40:00+05:30,345.85,347.5,345.8,347.4,278209,0
2026-02-02 13:45:00+05:30,347.3,348.15,347.15,348.15,123235,0
2026-02-02 13:50:00+05:30,348.1,348.15,347.55,347.8,90011,0
2026-02-02 13:55:00+05:30,347.75,347.85,347.0,347.1,94574,0
2026-02-02 14:00:00+05:30,347.0,347.65,346.5,347.55,120386,0
2026-02-02 14:05:00+05:30,347.45,347.8,347.0,347.1,100185,0
2026-02-02 14:10:00+05:30,347.0,347.45,346.85,347.35,177286,0
2026-02-02 14:15:00+05:30,347.15,347.75,347.15,347.55,92794,0
2026-02-02 14:20:00+05:30,347.45,348.0,347.2,347.55,149887,0
2026-02-02 14:25:00+05:30,347.45,348.0,347.45,347.9,111053,0
2026-02-02 14:30:00+05:30,347.9,348.05,347.1,347.35,123127,0
2026-02-02 14:35:00+05:30,347.25,348.1,347.2,348.05,109635,0
2026-02-02 14:40:00+05:30,348.0,348.8,347.85,348.35,114191,0
2026-02-02 14:45:00+05:30,348.4,349.0,348.25,348.9,117225,0
2026-02-02 14:50:00+05:30,348.9,349.65,348.8,349.6,162974,0
2026-02-02 14:55:00+05:30,349.5,349.7,348.85,349.25,139448,0
2026-02-02 15:00:00+05:30,349.35,350.5,349.3,349.7,350612,0
2026-02-02 15:05:00+05:30,349.65,350.2,349.6,349.8,272853,0
2026-02-02 15:10:00+05:30,349.7,350.15,349.6,350.05,300105,0
2026-02-02 15:15:00+05:30,350.1,351.0,349.85,350.8,419017,0
2026-02-02 15:20:00+05:30,350.8,350.8,350.35,350.45,334889,0
2026-02-02 15:25:00+05:30,350.45,352.75,350.0,352.4,611587,0
2026-02-03 09:15:00+05:30,365.95,365.95,354.1,355.3,618499,0
2026-02-03 09:20:00+05:30,355.45,357.6,354.5,355.0,327600,0
2026-02-03 09:25:00+05:30,355.0,356.0,354.0,355.2,237028,0
2026-02-03 09:30:00+05:30,355.2,356.4,354.6,354.7,168259,0
2026-02-03 09:35:00+05:30,354.7,356.15,353.8,356.0,233829,0
2026-02-03 09:40:00+05:30,356.0,356.5,355.45,356.15,193601,0
2026-02-03 09:45:00+05:30,356.1,356.3,354.75,356.05,141765,0
2026-02-03 09:50:00+05:30,356.05,356.5,355.85,356.05,47907,0
2026-02-03 09:55:00+05:30,356.05,356.1,354.45,355.35,133426,0
2026-02-03 10:00:00+05:30,355.35,355.85,354.65,355.25,137569,0
2026-02-03 10:05:00+05:30,355.25,355.3,354.3,354.65,102694,0
2026-02-03 10:10:00+05:30,354.65,355.6,354.55,355.35,73591,0
2026-02-03 10:15:00+05:30,355.45,357.0,355.45,356.55,93968,0
2026-02-03 10:20:00+05:30,356.7,356.7,356.15,356.25,34253,0
2026-02-03 10:25:00+05:30,356.3,356.8,355.6,355.75,138850,0
2026-02-03 10:30:00+05:30,355.7,356.5,355.4,356.3,74739,0
2026-02-03 10:35:00+05:30,356.3,356.45,355.95,356.35,34519,0
2026-02-03 10:40:00+05:30,356.4,356.5,355.95,356.1,35398,0
2026-02-03 10:45:00+05:30,356.1,356.35,355.25,355.35,61581,0
2026-02-03 10:50:00+05:30,355.35,355.75,354.8,355.7,75285,0
2026-02-03 10:55:00+05:30,355.7,356.4,355.6,356.2,47238,0
2026-02-03 11:00:00+05:30,356.25,356.45,356.1,356.25,25243,0
2026-02-03 11:05:00+05:30,356.2,356.85,356.2,356.85,167935,0
2026-02-03 11:10:00+05:30,356.75,358.3,356.35,358.2,119141,0
2026-02-03 11:15:00+05:30,358.15,358.5,357.5,357.65,79542,0
2026-02-03 11:20:00+05:30,357.6,358.2,357.3,357.95,64292,0
2026-02-03 11:25:00+05:30,357.9,359.0,357.8,359.0,107510,0
2026-02-03 11:30:00+05:30,358.95,359.8,358.9,359.6,149292,0
2026-02-03 11:35:00+05:30,359.55,359.7,359.1,359.5,87204,0
2026-02-03 11:40:00+05:30,359.55,360.75,359.2,360.5,190205,0
2026-02-03 11:45:00+05:30,360.45,360.5,359.85,360.1,63328,0
2026-02-03 11:50:00+05:30,360.1,360.3,359.8,360.15,58293,0
2026-02-03 11:55:00+05:30,360.15,360.8,359.85,360.6,85169,0
2026-02-03 12:00:00+05:30,360.5,360.6,360.1,360.1,66651,0
2026-02-03 12:05:00+05:30,360.15,360.15,359.55,359.7,51911,0
2026-02-03 12:10:00+05:30,359.7,359.85,358.1,358.15,251450,0
2026-02-03 12:15:00+05:30,358.15,358.4,357.9,358.15,98556,0
2026-02-03 12:20:00+05:30,358.3,358.6,357.6,357.65,273996,0
2026-02-03 12:25:00+05:30,357.7,357.75,356.9,356.95,161803,0
2026-02-03 12:30:00+05:30,356.95,357.75,356.95,357.55,88558,0
2026-02-03 12:35:00+05:30,357.55,358.0,357.45,357.95,88835,0
2026-02-03 12:40:00+05:30,358.0,358.3,357.75,358.15,76994,0
2026-02-03 12:45:00+05:30,358.0,358.35,357.55,357.7,75533,0
2026-02-03 12:50:00+05:30,357.55,358.0,357.0,357.25,116698,0
2026-02-03 12:55:00+05:30,357.25,357.55,356.55,356.7,79773,0
2026-02-03 13:00:00+05:30,356.65,357.35,356.45,357.2,108789,0
2026-02-03 13:05:00+05:30,357.1,357.45,356.35,356.65,293823,0
2026-02-03 13:10:00+05:30,356.65,356.7,356.15,356.4,91734,0
2026-02-03 13:15:00+05:30,356.55,357.35,356.4,356.75,166634,0
2026-02-03 13:20:00+05:30,356.9,356.9,356.1,356.85,72374,0
2026-02-03 13:25:00+05:30,356.7,356.85,356.0,356.65,88147,0
2026-02-03 13:30:00+05:30,356.7,357.35,356.7,356.9,91507,0
2026-02-03 13:35:00+05:30,356.9,357.6,356.6,357.05,168259,0
2026-02-03 13:40:00+05:30,357.05,357.6,356.8,357.35,136315,0
2026-02-03 13:45:00+05:30,357.4,357.9,357.25,357.75,97782,0
2026-02-03 13:50:00+05:30,357.8,358.1,357.25,358.0,165260,0
2026-02-03 13:55:00+05:30,358.05,358.15,357.25,357.45,86286,0
2026-02-03 14:00:00+05:30,357.4,358.25,357.05,358.25,87006,0
2026-02-03 14:05:00+05:30,358.25,358.9,357.9,358.85,211213,0
2026-02-03 14:10:00+05:30,358.9,359.45,358.4,359.45,90876,0
2026-02-03 14:15:00+05:30,359.35,359.85,358.75,359.0,112841,0
2026-02-03 14:20:00+05:30,359.0,359.35,358.95,359.2,78088,0
2026-02-03 14:25:00+05:30,359.2,359.3,358.7,359.0,93051,0
2026-02-03 14:30:00+05:30,359.0,359.3,358.65,359.0,92453,0
2026-02-03 14:35:00+05:30,358.85,359.45,358.75,359.05,145773,0
2026-02-03 14:40:00+05:30,359.05,359.15,358.4,358.65,246886,0
2026-02-03 14:45:00+05:30,358.65,359.6,358.55,359.35,167869,0
2026-02-03 14:50:00+05:30,359.35,359.4,357.95,358.45,420337,0
2026-02-03 14:55:00+05:30,358.45,358.95,358.25,358.6,87908,0
2026-02-03 15:00:00+05:30,358.6,358.95,358.25,358.45,439866,0
2026-02-03 15:05:00+05:30,358.45,358.95,358.25,358.6,439597,0
2026-02-03 15:10:00+05:30,358.6,358.95,358.3,358.3,414983,0
2026-02-03 15:15:00+05:30,358.3,358.95,358.15,358.75,394115,0
2026-02-03 15:20:00+05:30,358.8,358.8,358.15,358.6,448921,0
2026-02-03 15:25:00+05:30,358.6,358.65,357.7,358.1,377044,0
2026-02-04 09:15:00+05:30,359.45,363.85,357.6,362.25,569717,0
2026-02-04 09:20:00+05:30,362.2,363.8,361.5,363.35,227424,0
2026-02-04 09:25:00+05:30,363.35,363.8,362.9,363.4,107611,0
2026-02-04 09:30:00+05:30,363.55,364.5,363.05,363.2,171808,0
2026-02-04 09:35:00+05:30,363.1,363.65,362.9,363.45,125678,0
2026-02-04 09:40:00+05:30,363.5,366.55,363.5,366.0,1051734,0
2026-02-04 09:45:00+05:30,366.0,366.95,366.0,366.15,321804,0
2026-02-04 09:50:00+05:30,366.15,367.0,365.7,366.75,217001,0
2026-02-04 09:55:00+05:30,366.65,368.0,366.5,367.25,329203,0
2026-02-04 10:00:00+05:30,367.25,367.25,365.6,366.25,267845,0
2026-02-04 10:05:00+05:30,366.35,366.45,365.0,365.05,182231,0
2026-02-04 10:10:00+05:30,365.05,365.5,365.05,365.3,100361,0
2026-02-04 10:15:00+05:30,365.45,365.75,365.15,365.25,101988,0
2026-02-04 10:20:00+05:30,365.25,365.4,364.65,364.9,106368,0
2026-02-04 10:25:00+05:30,364.95,364.95,363.5,364.1,144390,0
2026-02-04 10:30:00+05:30,364.2,365.15,363.95,364.85,107320,0
2026-02-04 10:35:00+05:30,364.95,365.05,364.3,364.65,70744,0
2026-02-04 10:40:00+05:30,364.75,365.35,364.65,365.3,72523,0
2026-02-04 10:45:00+05:30,365.35,365.35,364.25,364.35,103298,0
2026-02-04 10:50:00+05:30,364.55,365.5,364.35,365.5,118177,0
2026-02-04 10:55:00+05:30,365.5,366.0,365.4,365.7,146079,0
2026-02-04 11:00:00+05:30,365.7,366.4,365.55,365.85,123432,0
2026-02-04 11:05:00+05:30,365.9,366.3,365.45,365.6,97164,0
2026-02-04 11:10:00+05:30,365.55,365.65,364.0,364.2,166854,0
2026-02-04 11:15:00+05:30,364.3,364.45,363.95,364.1,95366,0
2026-02-04 11:20:00+05:30,364.1,364.7,363.95,364.2,131016,0
2026-02-04 11:25:00+05:30,364.2,364.95,364.1,364.65,133063,0
2026-02-04 11:30:00+05:30,364.65,365.55,364.5,365.25,215404,0
2026-02-04 11:35:00+05:30,365.25,365.75,365.05,365.25,103103,0
2026-02-04 11:40:00+05:30,365.25,365.9,365.25,365.6,87908,0
2026-02-04 11:45:00+05:30,365.6,366.35,365.55,366.35,173034,0
2026-02-04 11:50:00+05:30,366.15,367.0,366.0,366.9,186160,0
2026-02-04 11:55:00+05:30,366.9,367.0,366.6,366.7,120012,0
2026-02-04 12:00:00+05:30,366.85,367.0,366.0,366.0,199074,0
2026-02-04 12:05:00+05:30,366.0,366.45,365.7,365.75,159089,0
2026-02-04 12:10:00+05:30,365.75,366.65,365.65,365.8,158870,0
2026-02-04 12:15:00+05:30,365.8,366.0,365.5,365.55,143551,0
2026-02-04 12:20:00+05:30,365.55,365.75,365.15,365.5,203869,0
2026-02-04 12:25:00+05:30,365.5,366.0,365.4,365.7,203816,0
2026-02-04 12:30:00+05:30,365.75,366.1,365.45,365.45,139607,0
2026-02-04 12:35:00+05:30,365.45,365.65,364.9,365.15,140554,0
2026-02-04 12:40:00+05:30,365.25,366.0,365.15,365.45,112640,0
2026-02-04 12:45:00+05:30,365.45,365.85,365.2,365.35,156438,0
2026-02-04 12:50:00+05:30,365.35,365.5,364.9,365.3,138300,0
2026-02-04 12:55:00+05:30,365.25,365.3,364.7,364.95,98633,0
2026-02-04 13:00:00+05:30,364.95,365.35,364.7,365.1,125943,0
2026-02-04 13:05:00+05:30,365.1,365.6,364.85,365.15,103694,0
2026-02-04 13:10:00+05:30,365.15,365.55,364.7,364.8,107798,0
2026-02-04 13:15:00+05:30,364.85,365.1,364.3,364.45,117849,0
2026-02-04 13:20:00+05:30,364.5,364.85,364.25,364.55,113576,0
2026-02-04 13:25:00+05:30,364.55,364.65,363.9,364.0,172794,0
2026-02-04 13:30:00+05:30,364.0,364.15,363.9,364.0,131245,0
2026-02-04 13:35:00+05:30,364.0,365.15,363.95,364.55,337083,0
2026-02-04 13:40:00+05:30,364.55,364.7,363.75,364.0,136824,0
2026-02-04 13:45:00+05:30,363.9,364.25,363.85,364.0,88570,0
2026-02-04 13:50:00+05:30,364.0,364.55,363.95,364.25,152224,0
2026-02-04 13:55:00+05:30,364.3,364.65,363.8,363.9,124695,0
2026-02-04 14:00:00+05:30,363.9,364.1,363.8,364.0,83789,0
2026-02-04 14:05:00+05:30,364.0,364.2,363.9,364.05,100843,0
2026-02-04 14:10:00+05:30,364.05,364.65,364.05,364.45,182034,0
2026-02-04 14:15:00+05:30,364.5,365.45,364.45,364.95,248585,0
2026-02-04 14:20:00+05:30,365.0,365.6,364.7,364.85,455443,0
2026-02-04 14:25:00+05:30,364.85,365.3,364.6,364.95,383857,0
2026-02-04 14:30:00+05:30,364.95,366.55,364.85,365.55,469843,0
2026-02-04 14:35:00+05:30,365.55,366.65,365.2,366.45,491099,0
2026-02-04 14:40:00+05:30,366.45,366.9,366.25,366.7,195733,0
2026-02-04 14:45:00+05:30,366.8,367.65,366.35,367.6,272973,0
2026-02-04 14:50:00+05:30,367.55,368.55,367.5,368.55,390236,0
2026-02-04 14:55:00+05:30,368.55,368.55,367.6,367.8,340658,0
2026-02-04 15:00:00+05:30,367.85,368.35,367.5,367.55,365631,0
2026-02-04 15:05:00+05:30,367.55,367.85,366.65,367.1,391092,0
2026-02-04 15:10:00+05:30,367.05,367.35,366.25,367.0,380650,0
2026-02-04 15:15:00+05:30,367.05,367.9,366.75,367.3,305581,0
2026-02-04 15:20:00+05:30,367.3,367.55,366.6,366.8,315192,0
2026-02-04 15:25:00+05:30,366.85,367.2,366.25,366.8,298467,0
2026-02-05 09:15:00+05:30,369.75,370.7,367.7,369.7,1304383,0
2026-02-05 09:20:00+05:30,369.7,370.0,367.8,368.3,571475,0
2026-02-05 09:25:00+05:30,368.35,368.6,367.5,367.75,324243,0
2026-02-05 09:30:00+05:30,367.75,369.65,367.65,368.9,370392,0
2026-02-05 09:35:00+05:30,368.9,369.1,368.0,368.45,187357,0
2026-02-05 09:40:00+05:30,368.45,368.5,367.0,367.0,279405,0
2026-02-05 09:45:00+05:30,367.0,368.3,366.8,367.8,442550,0
2026-02-05 09:50:00+05:30,367.9,369.0,367.8,368.65,274108,0
2026-02-05 09:55:00+05:30,368.75,369.5,368.55,369.15,240874,0
2026-02-05 10:00:00+05:30,369.15,369.3,367.9,368.0,211101,0
2026-02-05 10:05:00+05:30,368.0,368.55,367.55,368.5,164555,0
2026-02-05 10:10:00+05:30,368.55,368.9,368.05,368.1,273265,0
2026-02-05 10:15:00+05:30,368.1,368.15,367.75,368.0,92969,0
2026-02-05 10:20:00+05:30,367.95,368.75,367.85,368.5,89039,0
2026-02-05 10:25:00+05:30,368.5,368.6,368.0,368.0,98720,0
2026-02-05 10:30:00+05:30,368.0,368.15,367.3,367.65,116717,0
2026-02-05 10:35:00+05:30,367.7,367.7,367.3,367.65,89390,0
2026-02-05 10:40:00+05:30,367.65,368.3,367.0,367.0,233241,0
2026-02-05 10:45:00+05:30,367.0,367.2,366.75,367.05,131765,0
2026-02-05 10:50:00+05:30,367.05,367.1,366.6,366.6,80269,0
2026-02-05 10:55:00+05:30,366.65,366.9,366.45,366.45,103957,0
2026-02-05 11:00:00+05:30,366.55,367.45,366.25,367.4,82854,0
2026-02-05 11:05:00+05:30,367.45,368.0,367.4,367.7,141945,0
2026-02-05 11:10:00+05:30,367.75,368.35,367.55,368.35,181799,0
2026-02-05 11:15:00+05:30,368.3,369.15,368.25,368.65,343047,0
2026-02-05 11:20:00+05:30,368.65,368.85,367.75,367.8,122899,0
2026-02-05 11:25:00+05:30,367.8,368.35,367.7,368.15,73675,0
2026-02-05 11:30:00+05:30,368.15,368.45,368.1,368.15,91776,0
2026-02-05 11:35:00+05:30,368.2,368.8,368.0,368.6,70206,0
2026-02-05 11:40:00+05:30,368.65,369.15,368.6,369.05,176670,0
2026-02-05 11:45:00+05:30,369.05,369.1,368.7,368.7,191109,0
2026-02-05 11:50:00+05:30,368.7,369.0,368.55,368.85,46394,0
2026-02-05 11:55:00+05:30,368.85,368.85,368.25,368.6,1273210,0
2026-02-05 12:00:00+05:30,368.6,368.6,368.05,368.4,56813,0
2026-02-05 12:05:00+05:30,368.4,368.5,367.5,367.55,1017422,0
2026-02-05 12:10:00+05:30,367.55,367.8,367.0,367.05,149232,0
2026-02-05 12:15:00+05:30,367.1,367.8,366.6,367.75,289777,0
2026-02-05 12:20:00+05:30,367.75,368.4,367.55,367.95,267302,0
2026-02-05 12:25:00+05:30,367.95,367.95,366.85,367.25,131701,0
2026-02-05 12:30:00+05:30,367.25,367.45,366.8,367.05,104622,0
2026-02-05 12:35:00+05:30,367.05,367.2,366.7,366.7,84144,0
2026-02-05 12:40:00+05:30,366.75,366.9,366.5,366.75,89296,0
2026-02-05 12:45:00+05:30,366.75,367.55,366.6,366.85,163782,0
2026-02-05 12:50:00+05:30,366.95,367.1,366.7,366.85,94759,0
2026-02-05 12:55:00+05:30,366.85,367.25,366.7,367.15,83679,0
2026-02-05 13:00:00+05:30,367.2,367.25,366.8,367.05,84767,0
2026-02-05 13:05:00+05:30,367.05,367.1,366.0,366.15,119539,0
2026-02-05 13:10:00+05:30,366.15,366.25,365.5,366.25,107884,0
2026-02-05 13:15:00+05:30,366.2,367.0,366.15,366.65,92088,0
2026-02-05 13:20:00+05:30,366.65,367.0,366.5,366.65,64649,0
2026-02-05 13:25:00+05:30,366.65,366.85,366.45,366.55,87647,0
2026-02-05 13:30:00+05:30,366.55,366.9,366.5,366.55,75811,0
2026-02-05 13:35:00+05:30,366.65,366.9,366.45,366.8,80409,0
2026-02-05 13:40:00+05:30,366.8,367.3,366.5,367.05,123905,0
2026-02-05 13:45:00+05:30,367.05,367.15,366.1,366.6,160886,0
2026-02-05 13:50:00+05:30,366.6,366.7,366.3,366.5,107324,0
2026-02-05 13:55:00+05:30,366.55,366.55,366.25,366.55,170312,0
2026-02-05 14:00:00+05:30,366.55,366.6,366.3,366.55,106801,0
2026-02-05 14:05:00+05:30,366.5,366.55,365.65,365.95,558344,0
2026-02-05 14:10:00+05:30,365.95,366.25,365.55,366.25,128639,0
2026-02-05 14:15:00+05:30,366.25,366.7,365.9,366.6,583084,0
2026-02-05 14:20:00+05:30,366.6,366.7,366.35,366.55,410432,0
2026-02-05 14:25:00+05:30,366.55,366.55,365.7,365.85,236896,0
2026-02-05 14:30:00+05:30,365.85,366.95,365.7,366.6,149652,0
2026-02-05 14:35:00+05:30,366.75,367.45,366.6,366.85,562538,0
2026-02-05 14:40:00+05:30,366.85,366.9,365.75,366.0,145759,0
2026-02-05 14:45:00+05:30,366.05,366.05,365.0,365.35,205811,0
2026-02-05 14:50:00+05:30,365.25,366.55,365.05,366.1,350482,0
2026-02-05 14:55:00+05:30,366.3,366.9,366.1,366.65,423271,0
2026-02-05 15:00:00+05:30,366.8,367.0,366.25,366.7,362156,0
2026-02-05 15:05:00+05:30,366.7,367.05,366.55,367.05,361526,0
2026-02-05 15:10:00+05:30,367.05,367.8,367.0,367.05,328632,0
2026-02-05 15:15:00+05:30,367.1,367.55,367.0,367.1,428537,0
2026-02-05 15:20:00+05:30,367.15,367.6,366.95,367.1,577712,0
2026-02-05 15:25:00+05:30,367.15,367.55,366.15,366.25,585699,0
2026-02-06 09:15:00+05:30,361.8,362.95,361.0,362.05,232785,0
2026-02-06 09:20:00+05:30,362.05,362.4,361.55,362.0,70654,0
2026-02-06 09:25:00+05:30,362.2,362.5,361.6,362.3,45210,0
2026-02-06 09:30:00+05:30,362.3,362.55,361.6,361.6,57064,0
2026-02-06 09:35:00+05:30,361.6,362.9,361.6,362.3,101817,0
2026-02-06 09:40:00+05:30,362.45,362.6,362.05,362.2,28931,0
2026-02-06 09:45:00+05:30,362.2,364.0,362.1,363.95,109204,0
2026-02-06 09:50:00+05:30,363.95,364.5,363.6,364.0,98502,0
2026-02-06 09:55:00+05:30,364.0,364.1,362.4,362.65,108855,0
2026-02-06 10:00:00+05:30,362.65,362.8,361.75,362.45,93779,0
2026-02-06 10:05:00+05:30,362.45,363.0,362.3,362.7,30966,0
2026-02-06 10:10:00+05:30,362.7,362.8,362.3,362.65,19320,0
2026-02-06 10:15:00+05:30,362.65,363.45,362.35,362.8,47336,0
2026-02-06 10:20:00+05:30,363.0,363.4,362.9,363.05,35581,0
2026-02-06 10:25:00+05:30,363.05,364.25,362.75,363.55,465836,0
2026-02-06 10:30:00+05:30,363.5,363.6,362.6,362.8,35690,0
2026-02-06 10:35:00+05:30,362.7,362.75,362.45,362.75,33043,0
2026-02-06 10:40:00+05:30,362.55,362.75,361.75,362.0,55774,0
2026-02-06 10:45:00+05:30,362.0,362.4,361.7,362.4,55258,0
2026-02-06 10:50:00+05:30,362.4,362.4,361.75,362.15,24336,0
2026-02-06 10:55:00+05:30,362.15,362.5,361.85,362.45,35874,0
2026-02-06 11:00:00+05:30,362.45,363.15,362.3,362.75,42747,0
2026-02-06 11:05:00+05:30,362.95,363.05,362.7,362.9,22419,0
2026-02-06 11:10:00+05:30,362.9,363.1,362.8,362.95,33007,0
2026-02-06 11:15:00+05:30,362.85,363.1,362.1,362.7,51680,0
2026-02-06 11:20:00+05:30,362.7,363.45,362.6,363.3,58531,0
2026-02-06 11:25:00+05:30,363.3,363.4,363.15,363.15,34245,0
2026-02-06 11:30:00+05:30,363.15,364.5,363.05,364.5,71797,0
2026-02-06 11:35:00+05:30,364.5,364.5,364.05,364.2,39165,0
2026-02-06 11:40:00+05:30,364.25,364.3,363.25,363.4,44248,0
2026-02-06 11:45:00+05:30,363.4,363.4,363.05,363.3,23371,0
2026-02-06 11:50:00+05:30,363.3,363.35,362.6,362.75,28126,0
2026-02-06 11:55:00+05:30,362.75,362.95,362.4,362.95,35780,0
2026-02-06 12:00:00+05:30,362.95,363.1,362.6,362.9,143041,0
2026-02-06 12:05:00+05:30,362.95,362.95,362.7,362.8,63693,0
2026-02-06 12:10:00+05:30,362.95,362.95,362.75,362.8,40288,0
2026-02-06 12:15:00+05:30,362.9,363.0,362.75,362.95,53149,0
2026-02-06 12:20:00+05:30,362.95,362.95,361.25,361.35,136115,0
2026-02-06 12:25:00+05:30,361.35,362.1,361.05,361.6,896641,0
2026-02-06 12:30:00+05:30,361.55,361.95,361.15,361.35,96733,0
2026-02-06 12:35:00+05:30,361.35,361.8,361.1,361.65,59817,0
2026-02-06 12:40:00+05:30,361.8,362.85,361.5,362.55,82698,0
2026-02-06 12:45:00+05:30,362.5,363.0,362.3,362.45,60114,0
2026-02-06 12:50:00+05:30,362.6,362.65,362.0,362.0,52752,0
2026-02-06 12:55:00+05:30,362.1,362.1,361.8,362.05,39196,0
2026-02-06 13:00:00+05:30,362.0,362.1,361.55,361.75,49422,0
2026-02-06 13:05:00+05:30,361.75,362.05,361.6,361.9,47072,0
2026-02-06 13:10:00+05:30,361.9,362.25,361.7,362.25,60701,0
2026-02-06 13:15:00+05:30,362.3,362.5,361.9,361.95,68316,0
2026-02-06 13:20:00+05:30,362.15,362.15,361.65,361.9,46279,0
2026-02-06 13:25:00+05:30,361.9,362.25,361.7,361.85,47624,0
2026-02-06 13:30:00+05:30,362.0,362.15,361.6,361.85,48268,0
2026-02-06 13:35:00+05:30,361.85,361.85,361.35,361.85,60310,0
2026-02-06 13:40:00+05:30,361.85,362.35,361.75,362.35,63097,0
2026-02-06 13:45:00+05:30,362.35,362.75,362.1,362.55,67462,0
2026-02-06 13:50:00+05:30,362.55,363.0,362.35,362.95,74926,0
2026-02-06 13:55:00+05:30,362.95,363.0,362.4,362.9,83041,0
2026-02-06 14:00:00+05:30,362.9,363.4,362.7,363.25,85996,0
2026-02-06 14:05:00+05:30,363.25,363.25,362.95,363.15,52251,0
2026-02-06 14:10:00+05:30,363.15,364.3,362.85,363.85,121902,0
2026-02-06 14:15:00+05:30,364.0,364.25,363.3,363.6,84456,0
2026-02-06 14:20:00+05:30,363.6,364.4,363.4,363.65,101311,0
2026-02-06 14:25:00+05:30,363.7,363.8,363.5,363.7,66610,0
2026-02-06 14:30:00+05:30,363.7,363.8,363.35,363.7,78527,0
2026-02-06 14:35:00+05:30,363.7,364.3,363.55,363.85,158468,0
2026-02-06 14:40:00+05:30,363.85,364.1,363.6,363.95,68628,0
2026-02-06 14:45:00+05:30,363.95,364.05,363.65,363.8,59977,0
2026-02-06 14:50:00+05:30,363.8,363.9,363.5,363.7,77270,0
2026-02-06 14:55:00+05:30,363.7,364.6,363.65,364.45,170770,0
2026-02-06 15:00:00+05:30,364.45,365.6,364.35,365.45,262256,0
2026-02-06 15:05:00+05:30,365.35,365.95,365.0,365.2,278629,0
2026-02-06 15:10:00+05:30,365.2,365.35,364.95,365.25,243703,0
2026-02-06 15:15:00+05:30,365.25,365.35,364.8,365.1,244839,0
2026-02-06 15:20:00+05:30,365.1,365.3,364.5,364.65,271686,0
2026-02-06 15:25:00+05:30,364.7,365.0,363.35,363.7,189093,0
2026-02-09 09:15:00+05:30,366.55,368.6,365.85,366.45,307062,0
2026-02-09 09:20:00+05:30,366.45,366.7,365.6,365.75,104055,0
2026-02-09 09:25:00+05:30,365.75,366.2,365.05,366.15,134003,0
2026-02-09 09:30:00+05:30,366.15,366.15,364.55,364.75,87038,0
2026-02-09 09:35:00+05:30,364.9,364.95,364.2,364.7,74224,0
2026-02-09 09:40:00+05:30,364.7,365.0,364.35,364.6,45593,0
2026-02-09 09:45:00+05:30,364.75,365.75,364.6,365.75,112672,0
2026-02-09 09:50:00+05:30,365.6,365.85,365.5,365.65,102549,0
2026-02-09 09:55:00+05:30,365.7,365.85,365.2,365.85,148069,0
2026-02-09 10:00:00+05:30,365.85,366.8,365.7,366.65,410715,0
2026-02-09 10:05:00+05:30,366.65,366.75,366.1,366.35,106685,0
2026-02-09 10:10:00+05:30,366.55,366.65,366.15,366.6,84964,0
2026-02-09 10:15:00+05:30,366.6,366.65,366.15,366.65,79930,0
2026-02-09 10:20:00+05:30,366.65,367.55,366.5,367.4,188398,0
2026-02-09 10:25:00+05:30,367.5,367.55,366.85,367.25,100023,0
2026-02-09 10:30:00+05:30,367.3,367.4,366.05,366.25,82959,0
2026-02-09 10:35:00+05:30,366.25,366.75,366.05,366.5,63952,0
2026-02-09 10:40:00+05:30,366.7,366.7,366.0,366.15,48485,0
2026-02-09 10:45:00+05:30,366.15,366.4,365.8,365.85,42137,0
2026-02-09 10:50:00+05:30,365.85,366.7,365.8,366.6,50671,0
2026-02-09 10:55:00+05:30,366.6,366.6,366.05,366.2,46045,0
2026-02-09 11:00:00+05:30,366.2,366.35,366.05,366.25,51215,0
2026-02-09 11:05:00+05:30,366.25,366.4,365.7,365.85,51781,0
2026-02-09 11:10:00+05:30,365.85,365.9,364.75,364.9,93498,0
2026-02-09 11:15:00+05:30,364.9,365.0,364.3,364.65,87882,0
2026-02-09 11:20:00+05:30,364.65,364.9,364.4,364.75,60358,0
2026-02-09 11:25:00+05:30,364.85,365.0,364.3,364.5,92024,0
2026-02-09 11:30:00+05:30,364.45,364.5,364.0,364.3,65307,0
2026-02-09 11:35:00+05:30,364.3,364.5,364.15,364.25,93433,0
2026-02-09 11:40:00+05:30,364.25,364.9,364.15,364.3,228487,0
2026-02-09 11:45:00+05:30,364.3,364.3,363.7,363.9,95096,0
2026-02-09 11:50:00+05:30,363.9,363.95,363.15,363.2,85696,0
2026-02-09 11:55:00+05:30,363.3,363.6,363.2,363.45,82062,0
2026-02-09 12:00:00+05:30,363.45,363.9,363.25,363.9,77009,0
2026-02-09 12:05:00+05:30,363.9,364.1,363.75,364.0,96906,0
2026-02-09 12:10:00+05:30,364.0,364.0,363.85,363.95,74095,0
2026-02-09 12:15:00+05:30,364.0,364.3,363.8,364.3,79824,0
2026-02-09 12:20:00+05:30,364.3,364.5,364.2,364.4,93318,0
2026-02-09 12:25:00+05:30,364.45,364.5,364.35,364.35,77008,0
2026-02-09 12:30:00+05:30,364.45,364.5,364.25,364.5,76914,0
2026-02-09 12:35:00+05:30,364.5,364.85,364.2,364.3,141066,0
2026-02-09 12:40:00+05:30,364.3,364.55,364.15,364.45,76655,0
2026-02-09 12:45:00+05:30,364.45,364.65,363.75,363.75,110280,0
2026-02-09 12:50:00+05:30,363.85,363.95,363.65,363.85,63534,0
2026-02-09 12:55:00+05:30,363.85,364.0,363.6,363.75,78621,0
2026-02-09 13:00:00+05:30,363.7,363.95,363.65,363.95,57429,0
2026-02-09 13:05:00+05:30,363.95,364.4,363.75,364.0,147832,0
2026-02-09 13:10:00+05:30,364.0,364.65,363.65,363.65,139098,0
2026-02-09 13:15:00+05:30,363.8,364.0,363.7,363.9,63760,0
2026-02-09 13:20:00+05:30,364.0,364.15,363.8,363.85,70035,0
2026-02-09 13:25:00+05:30,363.9,364.0,363.6,363.85,56166,0
2026-02-09 13:30:00+05:30,364.0,364.0,363.55,363.95,59982,0
2026-02-09 13:35:00+05:30,363.95,364.0,363.6,363.95,70359,0
2026-02-09 13:40:00+05:30,363.95,364.0,363.65,363.7,68516,0
2026-02-09 13:45:00+05:30,363.7,363.95,363.55,363.9,56052,0
2026-02-09 13:50:00+05:30,363.9,364.0,363.65,363.75,60925,0
2026-02-09 13:55:00+05:30,363.95,364.0,363.1,363.25,102041,0
2026-02-09 14:00:00+05:30,363.2,363.35,363.0,363.1,133001,0
2026-02-09 14:05:00+05:30,363.25,363.25,363.05,363.25,79849,0
2026-02-09 14:10:00+05:30,363.25,363.45,363.0,363.25,190915,0
2026-02-09 14:15:00+05:30,363.15,363.25,363.0,363.2,71485,0
2026-02-09 14:20:00+05:30,363.2,363.25,363.15,363.25,70957,0
2026-02-09 14:25:00+05:30,363.25,363.3,363.1,363.1,74890,0
2026-02-09 14:30:00+05:30,363.25,363.5,363.15,363.2,188336,0
2026-02-09 14:35:00+05:30,363.2,363.25,363.05,363.2,81895,0
2026-02-09 14:40:00+05:30,363.2,363.35,363.05,363.2,97601,0
2026-02-09 14:45:00+05:30,363.25,363.5,363.15,363.25,125893,0
2026-02-09 14:50:00+05:30,363.25,363.25,362.45,362.7,121080,0
2026-02-09 14:55:00+05:30,362.7,362.75,362.3,362.45,178569,0
2026-02-09 15:00:00+05:30,362.4,362.95,362.35,362.45,185478,0
2026-02-09 15:05:00+05:30,362.5,362.75,362.35,362.4,151858,0
2026-02-09 15:10:00+05:30,362.35,362.4,361.35,361.45,145014,0
2026-02-09 15:15:00+05:30,361.45,361.7,361.2,361.6,149246,0
2026-02-09 15:20:00+05:30,361.55,362.05,361.1,361.45,283943,0
2026-02-09 15:25:00+05:30,361.45,362.0,361.0,361.2,147537,0
2026-02-10 09:15:00+05:30,361.9,364.1,361.25,363.15,163307,0
2026-02-10 09:20:00+05:30,363.2,364.75,363.0,364.25,98916,0
2026-02-10 09:25:00+05:30,364.2,365.35,363.95,364.6,163296,0
2026-02-10 09:30:00+05:30,364.6,365.2,364.2,364.7,338322,0
2026-02-10 09:35:00+05:30,364.7,364.7,363.45,364.2,114279,0
2026-02-10 09:40:00+05:30,364.2,365.8,364.05,365.6,150320,0
2026-02-10 09:45:00+05:30,365.6,365.65,364.75,365.3,105847,0
2026-02-10 09:50:00+05:30,365.3,365.3,364.7,364.8,62907,0
2026-02-10 09:55:00+05:30,364.7,365.2,364.5,365.0,38458,0
2026-02-10 10:00:00+05:30,365.0,365.4,364.8,365.05,37310,0
2026-02-10 10:05:00+05:30,365.05,365.25,364.85,365.25,35069,0
2026-02-10 10:10:00+05:30,365.25,365.5,365.1,365.3,42502,0
2026-02-10 10:15:00+05:30,365.25,365.55,365.1,365.5,55672,0
2026-02-10 10:20:00+05:30,365.45,365.9,365.4,365.6,42372,0
2026-02-10 10:25:00+05:30,365.6,365.9,365.45,365.85,71279,0
2026-02-10 10:30:00+05:30,365.85,366.75,365.75,366.6,116939,0
2026-02-10 10:35:00+05:30,366.4,366.8,366.1,366.5,84107,0
2026-02-10 10:40:00+05:30,366.45,367.0,366.1,367.0,113493,0
2026-02-10 10:45:00+05:30,367.0,367.35,366.7,366.9,130788,0
2026-02-10 10:50:00+05:30,366.85,367.25,366.65,367.2,76361,0
2026-02-10 10:55:00+05:30,367.2,367.3,366.85,367.25,77554,0
2026-02-10 11:00:00+05:30,367.15,367.25,366.55,367.0,123586,0
2026-02-10 11:05:00+05:30,367.0,367.25,366.7,366.8,119180,0
2026-02-10 11:10:00+05:30,366.8,367.0,366.4,366.95,110818,0
2026-02-10 11:15:00+05:30,366.95,367.0,366.5,366.6,83176,0
2026-02-10 11:20:00+05:30,366.6,366.85,366.5,366.8,76160,0
2026-02-10 11:25:00+05:30,366.75,367.0,366.55,367.0,96108,0
2026-02-10 11:30:00+05:30,367.0,367.0,366.7,366.9,86156,0
2026-02-10 11:35:00+05:30,366.9,366.95,366.45,366.8,87135,0
2026-02-10 11:40:00+05:30,366.8,366.8,366.3,366.7,80428,0
2026-02-10 11:45:00+05:30,366.7,366.7,366.25,366.55,100955,0
2026-02-10 11:50:00+05:30,366.55,367.0,366.35,367.0,95032,0
2026-02-10 11:55:00+05:30,367.0,367.0,366.7,366.9,97500,0
2026-02-10 12:00:00+05:30,366.9,367.0,366.55,366.7,99422,0
2026-02-10 12:05:00+05:30,366.7,366.95,366.55,366.9,95366,0
2026-02-10 12:10:00+05:30,366.9,367.3,366.8,367.15,147294,0
2026-02-10 12:15:00+05:30,367.15,367.25,366.8,366.95,96915,0
2026-02-10 12:20:00+05:30,366.95,367.0,366.65,366.7,97588,0
2026-02-10 12:25:00+05:30,366.7,367.0,366.6,367.0,82729,0
2026-02-10 12:30:00+05:30,367.0,367.7,366.9,367.4,215514,0
2026-02-10 12:35:00+05:30,367.4,367.5,367.1,367.25,90895,0
2026-02-10 12:40:00+05:30,367.25,367.35,367.0,367.25,90328,0
2026-02-10 12:45:00+05:30,367.25,367.55,367.05,367.35,107846,0
2026-02-10 12:50:00+05:30,367.35,367.35,366.8,367.0,109723,0
2026-02-10 12:55:00+05:30,367.0,367.15,366.85,367.0,89327,0
2026-02-10 13:00:00+05:30,367.0,367.9,366.85,367.2,264357,0
2026-02-10 13:05:00+05:30,367.2,367.65,367.1,367.4,131802,0
2026-02-10 13:10:00+05:30,367.35,367.6,367.15,367.2,88289,0
2026-02-10 13:15:00+05:30,367.2,367.75,366.95,367.45,160341,0
2026-02-10 13:20:00+05:30,367.3,367.9,367.1,367.25,97239,0
2026-02-10 13:25:00+05:30,367.2,367.6,367.0,367.25,118710,0
2026-02-10 13:30:00+05:30,367.2,367.35,366.3,366.5,75104,0
2026-02-10 13:35:00+05:30,366.5,366.8,366.25,366.55,72693,0
2026-02-10 13:40:00+05:30,366.55,366.65,366.3,366.5,57598,0
2026-02-10 13:45:00+05:30,366.45,367.0,366.4,366.95,63307,0
2026-02-10 13:50:00+05:30,366.8,367.25,366.75,367.0,63262,0
2026-02-10 13:55:00+05:30,367.0,367.05,366.65,366.65,47050,0
2026-02-10 14:00:00+05:30,366.65,367.55,366.5,366.9,221816,0
2026-02-10 14:05:00+05:30,366.9,367.2,366.8,367.2,51179,0
2026-02-10 14:10:00+05:30,367.15,367.5,366.9,367.5,61525,0
2026-02-10 14:15:00+05:30,367.45,367.95,367.45,367.85,135533,0
2026-02-10 14:20:00+05:30,367.8,367.9,367.3,367.35,102677,0
2026-02-10 14:25:00+05:30,367.3,367.45,366.95,367.2,85892,0
2026-02-10 14:30:00+05:30,367.2,367.3,367.05,367.3,61468,0
2026-02-10 14:35:00+05:30,367.3,368.0,367.15,367.4,170891,0
2026-02-10 14:40:00+05:30,367.4,367.5,366.8,366.95,143078,0
2026-02-10 14:45:00+05:30,366.95,367.65,366.9,367.55,89648,0
2026-02-10 14:50:00+05:30,367.5,367.65,367.0,367.35,114709,0
2026-02-10 14:55:00+05:30,367.35,367.6,367.1,367.55,86543,0
2026-02-10 15:00:00+05:30,367.55,368.15,367.45,367.55,200927,0
2026-02-10 15:05:00+05:30,367.5,367.55,367.0,367.1,149990,0
2026-02-10 15:10:00+05:30,367.1,367.35,366.45,366.6,259474,0
2026-02-10 15:15:00+05:30,366.6,366.75,366.3,366.35,176816,0
2026-02-10 15:20:00+05:30,366.35,366.6,366.15,366.35,204154,0
2026-02-10 15:25:00+05:30,366.3,367.0,366.25,366.55,163455,0
2026-02-11 09:15:00+05:30,369.0,369.0,367.0,368.8,244824,0
2026-02-11 09:20:00+05:30,368.8,368.8,367.4,367.8,115506,0
2026-02-11 09:25:00+05:30,367.8,368.2,367.5,367.9,93801,0
2026-02-11 09:30:00+05:30,367.9,368.0,367.0,367.15,90210,0
2026-02-11 09:35:00+05:30,367.15,367.4,366.8,367.1,66469,0
2026-02-11 09:40:00+05:30,367.1,367.5,366.75,367.45,66370,0
2026-02-11 09:45:00+05:30,367.45,368.1,367.2,367.95,62640,0
2026-02-11 09:50:00+05:30,367.95,367.95,366.5,366.75,80626,0
2026-02-11 09:55:00+05:30,366.75,367.25,366.65,366.9,43408,0
2026-02-11 10:00:00+05:30,366.9,366.9,366.4,366.45,53781,0
2026-02-11 10:05:00+05:30,366.6,366.9,366.4,366.75,35392,0
2026-02-11 10:10:00+05:30,366.9,367.2,366.75,366.85,40599,0
2026-02-11 10:15:00+05:30,366.85,367.35,366.8,367.2,55669,0
2026-02-11 10:20:00+05:30,367.2,367.35,367.0,367.3,48774,0
2026-02-11 10:25:00+05:30,367.3,367.3,366.75,367.15,48498,0
2026-02-11 10:30:00+05:30,367.15,367.3,366.85,366.85,63287,0
2026-02-11 10:35:00+05:30,366.85,367.15,366.8,366.95,54599,0
2026-02-11 10:40:00+05:30,366.95,367.2,366.8,366.85,41242,0
2026-02-11 10:45:00+05:30,366.85,367.3,366.8,367.2,47462,0
2026-02-11 10:50:00+05:30,367.25,367.25,366.9,367.1,44313,0
2026-02-11 10:55:00+05:30,367.15,367.5,367.05,367.35,48898,0
2026-02-11 11:00:00+05:30,367.35,367.35,366.75,366.95,33779,0
2026-02-11 11:05:00+05:30,367.0,367.2,366.9,367.0,34576,0
2026-02-11 11:10:00+05:30,367.0,367.4,366.95,367.1,46108,0
2026-02-11 11:15:00+05:30,367.2,367.5,367.1,367.4,49166,0
2026-02-11 11:20:00+05:30,367.4,367.4,367.05,367.4,46402,0
2026-02-11 11:25:00+05:30,367.4,367.5,367.15,367.35,41626,0
2026-02-11 11:30:00+05:30,367.35,367.85,367.3,367.65,78999,0
2026-02-11 11:35:00+05:30,367.65,367.7,367.25,367.5,45966,0
2026-02-11 11:40:00+05:30,367.55,367.65,366.8,367.1,68225,0
2026-02-11 11:45:00+05:30,367.1,367.2,366.6,367.0,64488,0
2026-02-11 11:50:00+05:30,367.0,367.05,366.6,367.05,44715,0
2026-02-11 11:55:00+05:30,367.05,367.5,366.9,367.0,71893,0
2026-02-11 12:00:00+05:30,367.2,367.5,366.9,367.05,96380,0
2026-02-11 12:05:00+05:30,367.05,367.4,366.75,366.95,68331,0
2026-02-11 12:10:00+05:30,367.0,367.2,366.75,366.85,77581,0
2026-02-11 12:15:00+05:30,366.85,366.95,366.6,366.65,67865,0
2026-02-11 12:20:00+05:30,366.6,366.65,366.4,366.4,70163,0
2026-02-11 12:25:00+05:30,366.45,367.0,366.4,366.95,85988,0
2026-02-11 12:30:00+05:30,367.0,367.35,366.75,366.8,118039,0
2026-02-11 12:35:00+05:30,366.85,367.1,366.65,366.65,57337,0
2026-02-11 12:40:00+05:30,366.65,366.8,366.0,366.3,89557,0
2026-02-11 12:45:00+05:30,366.3,366.65,366.15,366.45,73326,0
2026-02-11 12:50:00+05:30,366.4,366.85,366.3,366.8,91727,0
2026-02-11 12:55:00+05:30,366.8,367.1,366.5,367.05,52865,0
2026-02-11 13:00:00+05:30,367.05,367.2,366.5,366.6,55430,0
2026-02-11 13:05:00+05:30,366.6,367.1,366.5,367.05,64911,0
2026-02-11 13:10:00+05:30,367.05,367.3,366.7,367.05,66065,0
2026-02-11 13:15:00+05:30,367.25,367.4,367.0,367.1,59229,0
2026-02-11 13:20:00+05:30,367.1,367.35,366.6,366.8,59761,0
2026-02-11 13:25:00+05:30,366.8,367.1,366.75,367.1,52175,0
2026-02-11 13:30:00+05:30,367.1,367.4,366.95,367.2,74289,0
2026-02-11 13:35:00+05:30,367.3,367.4,367.15,367.35,50233,0
2026-02-11 13:40:00+05:30,367.35,367.55,367.25,367.45,67652,0
2026-02-11 13:45:00+05:30,367.5,367.6,367.2,367.25,52902,0
2026-02-11 13:50:00+05:30,367.25,367.4,367.05,367.25,50993,0
2026-02-11 13:55:00+05:30,367.35,367.45,367.15,367.35,56493,0
2026-02-11 14:00:00+05:30,367.35,367.65,367.25,367.55,52139,0
2026-02-11 14:05:00+05:30,367.5,367.6,367.4,367.5,54255,0
2026-02-11 14:10:00+05:30,367.5,367.9,367.45,367.85,68381,0
2026-02-11 14:15:00+05:30,367.85,368.0,367.65,367.9,57065,0
2026-02-11 14:20:00+05:30,367.8,368.0,367.75,368.0,68670,0
2026-02-11 14:25:00+05:30,367.85,368.4,367.85,368.1,125852,0
2026-02-11 14:30:00+05:30,368.1,368.25,367.6,367.95,62824,0
2026-02-11 14:35:00+05:30,367.95,367.95,367.55,367.6,62887,0
2026-02-11 14:40:00+05:30,367.55,368.0,367.5,367.7,80930,0
2026-02-11 14:45:00+05:30,367.7,367.8,367.3,367.4,81522,0
2026-02-11 14:50:00+05:30,367.4,367.8,367.35,367.65,55507,0
2026-02-11 14:55:00+05:30,367.75,368.45,367.65,368.45,145238,0
2026-02-11 15:00:00+05:30,368.4,368.85,368.3,368.45,215923,0
2026-02-11 15:05:00+05:30,368.45,368.8,368.4,368.65,144439,0
2026-02-11 15:10:00+05:30,368.6,368.8,368.5,368.7,213121,0
2026-02-11 15:15:00+05:30,368.7,368.75,368.5,368.55,169427,0
2026-02-11 15:20:00+05:30,368.55,368.6,368.0,368.15,220792,0
2026-02-11 15:25:00+05:30,368.15,368.25,367.35,368.0,170094,0
2026-02-12 09:15:00+05:30,370.0,371.35,369.0,371.2,587579,0
2026-02-12 09:20:00+05:30,371.2,372.0,370.45,371.25,367069,0
2026-02-12 09:25:00+05:30,371.2,371.7,370.65,370.85,180886,0
2026-02-12 09:30:00+05:30,370.85,370.85,370.15,370.65,109000,0
2026-02-12 09:35:00+05:30,370.65,371.1,370.35,370.95,117330,0
2026-02-12 09:40:00+05:30,370.95,371.0,369.65,369.95,92614,0
2026-02-12 09:45:00+05:30,369.95,370.6,369.55,369.85,69556,0
2026-02-12 09:50:00+05:30,369.85,370.15,369.7,370.1,45220,0
2026-02-12 09:55:00+05:30,370.1,370.65,369.9,370.45,46304,0
2026-02-12 10:00:00+05:30,370.45,370.45,370.05,370.3,48164,0
2026-02-12 10:05:00+05:30,370.3,370.3,369.55,369.95,61127,0
2026-02-12 10:10:00+05:30,369.95,370.1,369.7,370.05,29231,0
2026-02-12 10:15:00+05:30,370.05,370.05,368.7,369.0,80244,0
2026-02-12 10:20:00+05:30,369.0,369.45,368.8,369.25,53198,0
2026-02-12 10:25:00+05:30,369.4,369.6,369.1,369.4,57907,0
2026-02-12 10:30:00+05:30,369.4,369.5,368.85,369.0,36784,0
2026-02-12 10:35:00+05:30,369.0,369.25,368.65,368.75,35973,0
2026-02-12 10:40:00+05:30,368.85,369.2,368.65,368.7,43430,0
2026-02-12 10:45:00+05:30,368.7,368.8,368.2,368.5,54470,0
2026-02-12 10:50:00+05:30,368.6,368.9,368.05,368.35,55884,0
2026-02-12 10:55:00+05:30,368.25,368.5,368.05,368.3,36529,0
2026-02-12 11:00:00+05:30,368.3,368.3,368.0,368.1,33189,0
2026-02-12 11:05:00+05:30,368.1,368.9,367.7,368.9,70262,0
2026-02-12 11:10:00+05:30,368.9,369.1,368.6,368.95,60751,0
2026-02-12 11:15:00+05:30,368.95,369.5,368.75,369.45,55344,0
2026-02-12 11:20:00+05:30,369.45,369.7,369.2,369.55,57229,0
2026-02-12 11:25:00+05:30,369.6,370.0,369.35,369.4,74960,0
2026-02-12 11:30:00+05:30,369.55,369.6,368.9,369.0,61194,0
2026-02-12 11:35:00+05:30,369.0,369.35,368.65,368.9,57805,0
2026-02-12 11:40:00+05:30,368.9,369.0,368.35,368.35,52264,0
2026-02-12 11:45:00+05:30,368.5,368.85,368.35,368.65,53807,0
2026-02-12 11:50:00+05:30,368.85,368.85,368.3,368.45,48208,0
2026-02-12 11:55:00+05:30,368.6,368.65,368.2,368.3,63866,0
2026-02-12 12:00:00+05:30,368.5,368.8,368.3,368.5,68452,0
2026-02-12 12:05:00+05:30,368.5,368.85,368.4,368.7,67391,0
2026-02-12 12:10:00+05:30,368.75,369.0,368.55,369.0,69083,0
2026-02-12 12:15:00+05:30,369.0,369.0,368.45,368.85,62765,0
2026-02-12 12:20:00+05:30,368.85,369.0,368.6,368.85,66481,0
2026-02-12 12:25:00+05:30,368.95,369.35,368.8,369.25,81510,0
2026-02-12 12:30:00+05:30,369.35,369.5,369.05,369.25,81214,0
2026-02-12 12:35:00+05:30,369.25,369.55,368.85,368.85,64240,0
2026-02-12 12:40:00+05:30,369.0,369.25,368.8,369.0,56810,0
2026-02-12 12:45:00+05:30,369.15,369.2,368.65,368.8,50564,0
2026-02-12 12:50:00+05:30,368.7,368.95,368.5,368.5,56761,0
2026-02-12 12:55:00+05:30,368.65,368.7,368.15,368.2,60794,0
2026-02-12 13:00:00+05:30,368.35,368.95,368.2,368.55,58801,0
2026-02-12 13:05:00+05:30,368.55,368.55,368.05,368.25,60845,0
2026-02-12 13:10:00+05:30,368.25,368.3,367.65,367.85,75939,0
2026-02-12 13:15:00+05:30,367.75,368.1,367.5,367.85,84296,0
2026-02-12 13:20:00+05:30,368.0,368.15,367.65,367.8,112966,0
2026-02-12 13:25:00+05:30,367.8,368.35,367.75,368.35,163865,0
2026-02-12 13:30:00+05:30,368.3,368.5,367.6,367.9,99364,0
2026-02-12 13:35:00+05:30,367.9,367.9,367.55,367.8,48463,0
2026-02-12 13:40:00+05:30,367.8,367.95,367.55,367.6,63001,0
2026-02-12 13:45:00+05:30,367.6,367.9,367.45,367.45,77531,0
2026-02-12 13:50:00+05:30,367.5,367.85,367.35,367.85,156845,0
2026-02-12 13:55:00+05:30,367.85,368.3,367.65,368.0,93794,0
2026-02-12 14:00:00+05:30,368.1,368.2,367.8,368.1,59676,0
2026-02-12 14:05:00+05:30,368.1,368.1,367.7,367.8,41058,0
2026-02-12 14:10:00+05:30,367.8,368.15,367.6,367.8,53125,0
2026-02-12 14:15:00+05:30,367.8,368.05,367.7,367.8,41783,0
2026-02-12 14:20:00+05:30,367.75,368.3,367.75,368.25,115795,0
2026-02-12 14:25:00+05:30,368.25,368.5,368.0,368.05,81913,0
2026-02-12 14:30:00+05:30,368.05,368.25,367.95,368.15,49531,0
2026-02-12 14:35:00+05:30,368.0,368.15,367.75,367.95,54034,0
2026-02-12 14:40:00+05:30,367.95,368.2,367.5,367.55,60733,0
2026-02-12 14:45:00+05:30,367.55,367.65,366.85,367.1,155932,0
2026-02-12 14:50:00+05:30,367.1,367.75,367.0,367.7,107423,0
2026-02-12 14:55:00+05:30,367.5,368.0,367.5,367.95,77949,0
2026-02-12 15:00:00+05:30,367.9,368.75,367.8,368.35,182004,0
2026-02-12 15:05:00+05:30,368.3,368.75,368.3,368.55,195782,0
2026-02-12 15:10:00+05:30,368.5,368.55,368.1,368.2,151758,0
2026-02-12 15:15:00+05:30,368.1,368.45,368.0,368.2,170170,0
2026-02-12 15:20:00+05:30,368.2,368.3,367.7,368.0,180044,0
2026-02-12 15:25:00+05:30,367.9,368.5,367.55,368.0,204228,0
2026-02-13 09:15:00+05:30,367.55,368.0,364.65,365.15,236479,0
2026-02-13 09:20:00+05:30,365.2,366.45,364.85,365.8,63803,0
2026-02-13 09:25:00+05:30,365.8,366.15,365.55,365.9,48597,0
2026-02-13 09:30:00+05:30,365.85,365.85,364.8,364.85,62590,0
2026-02-13 09:35:00+05:30,364.85,365.45,364.8,365.3,39519,0
2026-02-13 09:40:00+05:30,365.3,366.2,365.05,365.9,39534,0
2026-02-13 09:45:00+05:30,365.9,365.95,365.05,365.25,43012,0
2026-02-13 09:50:00+05:30,365.25,366.15,365.05,365.95,41688,0
2026-02-13 09:55:00+05:30,365.95,366.85,365.8,366.4,40045,0
2026-02-13 10:00:00+05:30,366.45,366.95,366.3,366.65,39014,0
2026-02-13 10:05:00+05:30,366.65,366.85,366.35,366.55,30525,0
2026-02-13 10:10:00+05:30,366.7,366.7,365.95,366.1,34053,0
2026-02-13 10:15:00+05:30,366.1,366.55,365.85,366.35,24711,0
2026-02-13 10:20:00+05:30,366.35,366.8,366.25,366.65,20254,0
2026-02-13 10:25:00+05:30,366.75,366.8,366.2,366.45,23759,0
2026-02-13 10:30:00+05:30,366.45,366.75,366.35,366.55,19369,0
2026-02-13 10:35:00+05:30,366.55,367.45,366.5,366.7,35710,0
2026-02-13 10:40:00+05:30,366.7,366.9,366.55,366.6,23340,0
2026-02-13 10:45:00+05:30,366.6,366.6,366.35,366.4,17529,0
2026-02-13 10:50:00+05:30,366.4,366.4,366.15,366.2,23274,0
2026-02-13 10:55:00+05:30,366.2,366.35,365.65,365.75,38470,0
2026-02-13 11:00:00+05:30,365.75,366.2,365.65,365.75,36894,0
2026-02-13 11:05:00+05:30,365.85,366.15,365.75,365.85,21355,0
2026-02-13 11:10:00+05:30,365.85,366.0,364.7,364.85,63717,0
2026-02-13 11:15:00+05:30,364.85,364.85,364.0,364.2,83563,0
2026-02-13 11:20:00+05:30,364.2,364.45,364.0,364.3,74289,0
2026-02-13 11:25:00+05:30,364.3,364.9,364.15,364.8,100582,0
2026-02-13 11:30:00+05:30,364.8,364.9,364.2,364.2,55043,0
2026-02-13 11:35:00+05:30,364.25,364.5,364.0,364.25,87511,0
2026-02-13 11:40:00+05:30,364.25,364.75,363.95,364.6,105317,0
2026-02-13 11:45:00+05:30,364.6,364.9,364.0,364.2,73792,0
2026-02-13 11:50:00+05:30,364.25,365.0,364.1,364.75,45186,0
2026-02-13 11:55:00+05:30,364.75,365.2,364.65,364.9,55449,0
2026-02-13 12:00:00+05:30,364.9,365.05,364.45,364.85,116365,0
2026-02-13 12:05:00+05:30,364.85,365.0,364.4,364.9,65834,0
2026-02-13 12:10:00+05:30,364.9,365.6,364.65,365.35,124744,0
2026-02-13 12:15:00+05:30,365.4,365.45,364.75,364.8,46884,0
2026-02-13 12:20:00+05:30,364.9,365.05,364.75,364.85,75691,0
2026-02-13 12:25:00+05:30,365.0,365.5,364.8,365.3,65583,0
2026-02-13 12:30:00+05:30,365.3,365.3,364.65,365.0,58106,0
2026-02-13 12:35:00+05:30,365.05,365.15,364.55,364.8,66078,0
2026-02-13 12:40:00+05:30,364.9,365.55,364.8,365.15,81308,0
2026-02-13 12:45:00+05:30,365.15,365.35,364.8,364.95,52442,0
2026-02-13 12:50:00+05:30,364.95,365.25,364.75,365.1,52673,0
2026-02-13 12:55:00+05:30,365.25,365.25,364.55,364.65,47431,0
2026-02-13 13:00:00+05:30,364.65,364.9,364.5,364.7,61998,0
2026-02-13 13:05:00+05:30,364.75,365.0,364.55,364.75,51356,0
2026-02-13 13:10:00+05:30,364.85,365.3,364.7,365.1,49714,0
2026-02-13 13:15:00+05:30,365.25,365.75,364.9,365.45,93987,0
2026-02-13 13:20:00+05:30,365.5,365.5,364.8,365.05,47278,0
2026-02-13 13:25:00+05:30,365.05,365.1,364.65,364.65,62784,0
2026-02-13 13:30:00+05:30,364.7,365.25,364.55,364.9,70106,0
2026-02-13 13:35:00+05:30,364.9,365.25,364.85,365.1,50372,0
2026-02-13 13:40:00+05:30,365.1,365.2,364.8,365.0,43074,0
2026-02-13 13:45:00+05:30,365.0,365.05,364.2,364.2,60967,0
2026-02-13 13:50:00+05:30,364.25,364.4,363.95,364.2,85614,0
2026-02-13 13:55:00+05:30,364.2,364.6,364.05,364.35,51043,0
2026-02-13 14:00:00+05:30,364.35,365.0,364.3,364.55,54260,0
2026-02-13 14:05:00+05:30,364.75,364.8,364.0,364.2,97369,0
2026-02-13 14:10:00+05:30,364.2,364.3,363.85,364.1,95833,0
2026-02-13 14:15:00+05:30,364.25,364.3,363.95,363.95,77412,0
2026-02-13 14:20:00+05:30,364.1,364.3,363.75,364.0,88346,0
2026-02-13 14:25:00+05:30,364.0,364.6,363.85,364.3,116156,0
2026-02-13 14:30:00+05:30,364.35,364.7,364.05,364.05,68780,0
2026-02-13 14:35:00+05:30,364.2,364.45,363.85,364.1,68634,0
2026-02-13 14:40:00+05:30,364.25,364.55,363.9,364.3,98371,0
2026-02-13 14:45:00+05:30,364.45,364.5,363.75,363.9,78680,0
2026-02-13 14:50:00+05:30,363.95,364.8,363.75,364.4,141771,0
2026-02-13 14:55:00+05:30,364.55,364.95,363.45,363.55,238751,0
2026-02-13 15:00:00+05:30,363.7,364.2,362.7,363.0,390030,0
2026-02-13 15:05:00+05:30,363.0,363.3,362.65,362.95,316015,0
2026-02-13 15:10:00+05:30,362.95,363.0,362.4,362.8,356900,0
2026-02-13 15:15:00+05:30,362.8,363.2,362.6,363.0,362914,0
2026-02-13 15:20:00+05:30,363.0,363.3,362.75,363.25,554207,0
2026-02-13 15:25:00+05:30,363.25,364.5,362.6,364.0,577538,0
2026-02-16 09:15:00+05:30,362.6,365.0,362.5,364.9,91888,0
2026-02-16 09:20:00+05:30,365.0,366.0,364.85,365.35,56091,0
2026-02-16 09:25:00+05:30,365.55,366.1,365.25,365.85,38435,0
2026-02-16 09:30:00+05:30,365.85,366.55,365.8,366.1,44373,0
2026-02-16 09:35:00+05:30,366.3,367.2,366.0,366.65,62906,0
2026-02-16 09:40:00+05:30,366.8,367.85,366.25,367.75,163630,0
2026-02-16 09:45:00+05:30,367.85,368.25,367.5,367.9,113917,0
2026-02-16 09:50:00+05:30,367.9,368.0,367.2,367.4,59251,0
2026-02-16 09:55:00+05:30,367.5,368.25,367.3,368.2,123665,0
2026-02-16 10:00:00+05:30,368.25,368.55,368.0,368.3,94373,0
2026-02-16 10:05:00+05:30,368.35,368.85,368.05,368.8,155501,0
2026-02-16 10:10:00+05:30,368.8,369.5,368.5,368.65,270642,0
2026-02-16 10:15:00+05:30,368.7,369.0,368.0,368.2,92500,0
2026-02-16 10:20:00+05:30,368.3,368.4,367.6,367.7,95675,0
2026-02-16 10:25:00+05:30,367.7,368.2,367.7,368.0,45984,0
2026-02-16 10:30:00+05:30,368.0,368.0,367.5,367.65,56209,0
2026-02-16 10:35:00+05:30,367.7,368.0,367.6,367.75,30525,0
2026-02-16 10:40:00+05:30,367.8,368.2,367.75,367.95,61521,0
2026-02-16 10:45:00+05:30,368.05,368.3,367.85,367.95,77529,0
2026-02-16 10:50:00+05:30,368.0,368.3,367.7,367.75,32444,0
2026-02-16 10:55:00+05:30,367.85,367.95,367.5,367.75,61331,0
2026-02-16 11:00:00+05:30,367.8,368.15,367.65,368.05,28382,0
2026-02-16 11:05:00+05:30,368.1,368.15,367.7,368.0,29491,0
2026-02-16 11:10:00+05:30,368.1,368.1,367.85,368.05,29836,0
2026-02-16 11:15:00+05:30,368.05,368.2,367.9,368.2,55886,0
2026-02-16 11:20:00+05:30,368.2,368.2,367.85,368.15,24921,0
2026-02-16 11:25:00+05:30,368.15,368.25,367.6,367.85,99997,0
2026-02-16 11:30:00+05:30,368.0,368.8,367.8,368.6,51749,0
2026-02-16 11:35:00+05:30,368.75,369.4,368.45,369.4,142835,0
2026-02-16 11:40:00+05:30,369.4,369.65,369.05,369.35,79102,0
2026-02-16 11:45:00+05:30,369.35,369.45,368.65,368.9,92125,0
2026-02-16 11:50:00+05:30,368.9,368.9,368.65,368.8,50344,0
2026-02-16 11:55:00+05:30,368.85,368.9,368.6,368.8,51351,0
2026-02-16 12:00:00+05:30,368.8,368.9,368.6,368.75,51970,0
2026-02-16 12:05:00+05:30,368.75,368.75,368.25,368.6,70844,0
2026-02-16 12:10:00+05:30,368.6,368.75,368.4,368.7,50690,0
2026-02-16 12:15:00+05:30,368.7,368.85,368.4,368.75,45485,0
2026-02-16 12:20:00+05:30,368.75,368.9,368.55,368.65,50302,0
2026-02-16 12:25:00+05:30,368.8,368.85,368.5,368.75,47863,0
2026-02-16 12:30:00+05:30,368.75,369.25,368.45,368.6,130942,0
2026-02-16 12:35:00+05:30,368.7,368.85,368.55,368.8,62351,0
2026-02-16 12:40:00+05:30,368.8,369.15,368.6,369.1,111695,0
2026-02-16 12:45:00+05:30,369.1,369.15,368.6,368.6,57453,0
2026-02-16 12:50:00+05:30,368.7,368.8,368.3,368.75,85035,0
2026-02-16 12:55:00+05:30,368.55,368.9,368.5,368.65,58789,0
2026-02-16 13:00:00+05:30,368.65,369.15,368.6,368.9,61000,0
2026-02-16 13:05:00+05:30,368.9,369.0,368.65,368.85,59172,0
2026-02-16 13:10:00+05:30,368.85,369.0,368.65,368.95,72616,0
2026-02-16 13:15:00+05:30,368.95,369.15,368.75,369.0,79119,0
2026-02-16 13:20:00+05:30,369.0,369.15,368.75,368.9,54397,0
2026-02-16 13:25:00+05:30,369.0,369.1,368.85,368.9,53051,0
2026-02-16 13:30:00+05:30,368.95,369.0,368.45,368.75,112684,0
2026-02-16 13:35:00+05:30,368.85,369.0,368.6,368.6,57676,0
2026-02-16 13:40:00+05:30,368.65,368.95,368.6,368.8,68948,0
2026-02-16 13:45:00+05:30,368.8,368.85,368.5,368.6,61275,0
2026-02-16 13:50:00+05:30,368.6,368.75,368.5,368.65,62095,0
2026-02-16 13:55:00+05:30,368.65,368.65,368.0,368.4,209955,0
2026-02-16 14:00:00+05:30,368.4,368.65,368.15,368.65,80620,0
2026-02-16 14:05:00+05:30,368.65,368.75,368.3,368.5,84175,0
2026-02-16 14:10:00+05:30,368.55,368.9,368.5,368.8,102070,0
2026-02-16 14:15:00+05:30,368.8,369.0,368.7,368.8,98361,0
2026-02-16 14:20:00+05:30,368.85,369.1,368.75,369.05,96708,0
2026-02-16 14:25:00+05:30,369.1,369.35,369.0,369.1,104070,0
2026-02-16 14:30:00+05:30,369.25,369.6,369.1,369.6,109042,0
2026-02-16 14:35:00+05:30,369.5,369.6,368.95,369.35,121813,0
2026-02-16 14:40:00+05:30,369.25,369.6,369.2,369.35,96899,0
2026-02-16 14:45:00+05:30,369.35,369.5,369.05,369.4,104487,0
2026-02-16 14:50:00+05:30,369.3,369.45,369.15,369.45,90552,0
2026-02-16 14:55:00+05:30,369.4,369.6,369.25,369.4,97986,0
2026-02-16 15:00:00+05:30,369.5,369.6,368.9,369.0,132449,0
2026-02-16 15:05:00+05:30,369.1,369.35,368.85,369.05,146600,0
2026-02-16 15:10:00+05:30,369.2,369.45,368.9,369.35,139043,0
2026-02-16 15:15:00+05:30,369.35,369.5,368.8,369.0,118728,0
2026-02-16 15:20:00+05:30,369.0,369.35,368.65,369.2,128744,0
2026-02-16 15:25:00+05:30,369.2,369.4,368.9,368.9,100066,0
2026-02-17 09:15:00+05:30,368.75,369.5,366.85,367.5,82592,0
2026-02-17 09:20:00+05:30,367.65,367.8,367.15,367.55,47845,0
2026-02-17 09:25:00+05:30,367.75,368.0,367.4,367.65,22482,0
2026-02-17 09:30:00+05:30,367.65,367.7,367.0,367.35,31247,0
2026-02-17 09:35:00+05:30,367.35,367.4,366.9,367.35,60029,0
2026-02-17 09:40:00+05:30,367.35,367.95,367.25,367.85,34211,0
2026-02-17 09:45:00+05:30,367.95,368.3,367.75,368.3,26443,0
2026-02-17 09:50:00+05:30,368.3,368.75,367.9,368.2,24757,0
2026-02-17 09:55:00+05:30,368.2,368.2,367.7,367.85,16893,0
2026-02-17 10:00:00+05:30,367.8,368.05,367.6,367.85,10689,0
2026-02-17 10:05:00+05:30,367.85,368.0,367.7,367.9,9902,0
2026-02-17 10:10:00+05:30,367.9,368.35,367.7,368.3,23956,0
2026-02-17 10:15:00+05:30,368.3,368.35,367.65,368.1,39471,0
2026-02-17 10:20:00+05:30,368.15,368.25,367.85,368.25,12539,0
2026-02-17 10:25:00+05:30,368.25,368.75,368.05,368.6,17339,0
2026-02-17 10:30:00+05:30,368.6,368.6,367.8,367.95,116395,0
2026-02-17 10:35:00+05:30,367.95,368.0,367.65,367.85,19908,0
2026-02-17 10:40:00+05:30,367.85,367.85,367.0,367.1,41866,0
2026-02-17 10:45:00+05:30,367.1,367.35,366.85,367.1,42670,0
2026-02-17 10:50:00+05:30,367.1,367.6,367.05,367.55,14261,0
2026-02-17 10:55:00+05:30,367.55,367.55,367.15,367.3,15891,0
2026-02-17 11:00:00+05:30,367.3,367.35,367.1,367.15,16821,0
2026-02-17 11:05:00+05:30,367.25,367.6,367.15,367.5,10269,0
2026-02-17 11:10:00+05:30,367.5,368.2,367.35,368.1,29397,0
2026-02-17 11:15:00+05:30,368.1,368.3,367.75,367.8,24332,0
2026-02-17 11:20:00+05:30,367.95,368.0,367.5,367.55,12498,0
2026-02-17 11:25:00+05:30,367.55,367.75,367.4,367.55,13296,0
2026-02-17 11:30:00+05:30,367.55,367.55,367.0,367.4,48532,0
2026-02-17 11:35:00+05:30,367.4,367.65,367.1,367.35,41161,0
2026-02-17 11:40:00+05:30,367.35,367.6,367.2,367.35,41570,0
2026-02-17 11:45:00+05:30,367.35,367.55,367.2,367.3,42859,0
2026-02-17 11:50:00+05:30,367.3,367.5,367.2,367.4,51021,0
2026-02-17 11:55:00+05:30,367.4,367.4,367.1,367.4,50370,0
2026-02-17 12:00:00+05:30,367.4,367.4,366.6,366.65,48729,0
2026-02-17 12:05:00+05:30,366.65,367.1,366.55,366.95,53203,0
2026-02-17 12:10:00+05:30,366.95,367.1,366.7,366.8,44335,0
2026-02-17 12:15:00+05:30,366.8,367.15,366.75,367.0,45668,0
2026-02-17 12:20:00+05:30,367.0,367.25,366.8,367.05,46740,0
2026-02-17 12:25:00+05:30,367.2,367.35,366.8,366.95,44150,0
2026-02-17 12:30:00+05:30,366.95,368.0,366.95,367.7,118120,0
2026-02-17 12:35:00+05:30,367.7,367.9,367.3,367.35,70090,0
2026-02-17 12:40:00+05:30,367.55,367.75,367.3,367.4,48472,0
2026-02-17 12:45:00+05:30,367.6,367.7,367.0,367.0,46280,0
2026-02-17 12:50:00+05:30,367.1,367.7,367.05,367.5,56712,0
2026-02-17 12:55:00+05:30,367.6,367.6,367.05,367.15,58953,0
2026-02-17 13:00:00+05:30,367.15,367.4,366.8,367.0,51272,0
2026-02-17 13:05:00+05:30,367.05,367.5,366.75,367.5,74162,0
2026-02-17 13:10:00+05:30,367.55,367.75,367.0,367.05,91860,0
2026-02-17 13:15:00+05:30,367.2,367.25,366.9,366.95,59321,0
2026-02-17 13:20:00+05:30,367.1,367.15,366.85,367.0,46391,0
2026-02-17 13:25:00+05:30,367.0,367.2,366.8,367.05,45565,0
2026-02-17 13:30:00+05:30,367.1,367.35,366.85,367.1,48124,0
2026-02-17 13:35:00+05:30,367.3,367.35,366.9,366.9,58840,0
2026-02-17 13:40:00+05:30,366.95,367.2,366.8,366.9,47866,0
2026-02-17 13:45:00+05:30,367.0,367.2,366.85,366.9,48324,0
2026-02-17 13:50:00+05:30,366.9,367.15,366.75,366.85,49837,0
2026-02-17 13:55:00+05:30,366.95,367.0,366.7,366.95,105891,0
2026-02-17 14:00:00+05:30,366.95,368.05,366.75,367.7,202944,0
2026-02-17 14:05:00+05:30,367.9,367.95,367.4,367.5,43851,0
2026-02-17 14:10:00+05:30,367.5,367.65,366.45,366.55,141459,0
2026-02-17 14:15:00+05:30,366.55,367.1,366.05,366.7,116595,0
2026-02-17 14:20:00+05:30,366.8,367.15,366.75,367.0,46923,0
2026-02-17 14:25:00+05:30,367.0,367.45,366.85,367.0,63491,0
2026-02-17 14:30:00+05:30,367.15,367.5,367.0,367.5,56320,0
2026-02-17 14:35:00+05:30,367.5,368.0,367.3,368.0,104632,0
2026-02-17 14:40:00+05:30,368.0,368.35,367.85,367.9,112135,0
2026-02-17 14:45:00+05:30,367.95,368.1,367.85,367.9,48731,0
2026-02-17 14:50:00+05:30,367.9,368.0,367.45,367.7,56131,0
2026-02-17 14:55:00+05:30,367.85,368.0,367.3,367.55,106696,0
2026-02-17 15:00:00+05:30,367.75,368.0,367.65,367.85,69429,0
2026-02-17 15:05:00+05:30,368.0,368.05,367.85,367.9,76627,0
2026-02-17 15:10:00+05:30,367.95,369.0,367.9,368.15,286767,0
2026-02-17 15:15:00+05:30,368.25,368.8,368.05,368.5,142100,0
2026-02-17 15:20:00+05:30,368.65,368.8,368.35,368.35,113542,0
2026-02-17 15:25:00+05:30,368.4,369.0,368.15,368.25,151843,0
2026-02-18 09:15:00+05:30,368.45,369.1,367.65,367.65,104931,0
2026-02-18 09:20:00+05:30,367.8,368.4,367.6,368.0,78561,0
2026-02-18 09:25:00+05:30,368.15,368.5,367.75,368.2,51089,0
2026-02-18 09:30:00+05:30,368.4,368.45,367.75,368.15,41006,0
2026-02-18 09:35:00+05:30,368.15,369.3,367.85,368.9,80458,0
2026-02-18 09:40:00+05:30,369.0,370.3,368.8,370.0,101310,0
2026-02-18 09:45:00+05:30,370.1,370.35,369.7,369.95,49368,0
2026-02-18 09:50:00+05:30,369.85,370.2,369.8,369.95,32647,0
2026-02-18 09:55:00+05:30,369.95,369.95,369.1,369.25,94777,0
2026-02-18 10:00:00+05:30,369.35,369.8,369.0,369.7,66781,0
2026-02-18 10:05:00+05:30,369.7,370.2,369.55,370.0,50263,0
2026-02-18 10:10:00+05:30,370.0,370.05,369.8,369.95,14421,0
2026-02-18 10:15:00+05:30,369.95,369.95,369.5,369.8,15835,0
2026-02-18 10:20:00+05:30,369.8,370.0,369.6,369.9,23790,0
2026-02-18 10:25:00+05:30,369.9,370.25,369.75,370.2,22960,0
2026-02-18 10:30:00+05:30,370.2,370.5,369.95,370.35,39327,0
2026-02-18 10:35:00+05:30,370.35,370.7,369.9,370.05,44143,0
2026-02-18 10:40:00+05:30,370.05,370.05,369.75,369.95,25478,0
2026-02-18 10:45:00+05:30,369.95,370.0,369.7,369.95,23330,0
2026-02-18 10:50:00+05:30,369.95,370.25,369.9,370.1,28709,0
2026-02-18 10:55:00+05:30,370.2,370.25,369.65,370.0,49598,0
2026-02-18 11:00:00+05:30,370.15,370.5,370.0,370.3,29299,0
2026-02-18 11:05:00+05:30,370.4,370.5,369.85,370.0,65295,0
2026-02-18 11:10:00+05:30,370.0,370.0,369.7,369.75,5336,0
2026-02-18 11:15:00+05:30,369.85,370.0,369.65,369.9,21464,0
2026-02-18 11:20:00+05:30,370.0,370.0,369.5,369.7,12107,0
2026-02-18 11:25:00+05:30,369.7,369.9,369.2,369.3,47823,0
2026-02-18 11:30:00+05:30,369.4,369.5,369.1,369.45,39601,0
2026-02-18 11:35:00+05:30,369.45,369.5,368.6,368.75,54966,0
2026-02-18 11:40:00+05:30,368.75,368.95,368.55,368.8,44904,0
2026-02-18 11:45:00+05:30,368.8,369.0,368.5,368.9,56454,0
2026-02-18 11:50:00+05:30,368.9,368.95,368.65,368.95,34939,0
2026-02-18 11:55:00+05:30,368.95,369.3,368.75,369.1,39640,0
2026-02-18 12:00:00+05:30,369.25,369.3,368.95,369.0,37117,0
2026-02-18 12:05:00+05:30,369.05,369.1,368.75,369.0,47951,0
2026-02-18 12:10:00+05:30,369.0,369.0,368.1,368.3,73517,0
2026-02-18 12:15:00+05:30,368.4,368.55,368.15,368.45,50849,0
2026-02-18 12:20:00+05:30,368.35,368.5,368.15,368.35,55982,0
2026-02-18 12:25:00+05:30,368.35,368.4,367.9,368.15,95332,0
2026-02-18 12:30:00+05:30,368.15,368.5,368.0,368.25,54788,0
2026-02-18 12:35:00+05:30,368.25,368.35,367.8,368.15,57822,0
2026-02-18 12:40:00+05:30,368.15,368.3,367.8,368.0,53027,0
2026-02-18 12:45:00+05:30,368.0,368.1,367.8,367.85,43480,0
2026-02-18 12:50:00+05:30,367.9,368.1,367.75,367.85,37114,0
2026-02-18 12:55:00+05:30,367.85,368.25,367.8,368.0,80229,0
2026-02-18 13:00:00+05:30,368.1,368.15,367.65,367.85,41250,0
2026-02-18 13:05:00+05:30,367.85,368.0,367.65,367.95,34179,0
2026-02-18 13:10:00+05:30,367.95,368.15,367.75,368.0,39479,0
2026-02-18 13:15:00+05:30,368.0,368.15,367.7,367.8,77617,0
2026-02-18 13:20:00+05:30,367.85,368.1,367.75,367.95,98146,0
2026-02-18 13:25:00+05:30,367.95,368.0,367.65,367.9,58845,0
2026-02-18 13:30:00+05:30,367.9,368.0,367.7,367.75,56929,0
2026-02-18 13:35:00+05:30,367.95,368.0,367.7,367.9,49185,0
2026-02-18 13:40:00+05:30,367.9,368.05,367.75,367.95,58082,0
2026-02-18 13:45:00+05:30,367.95,368.0,367.7,367.85,71928,0
2026-02-18 13:50:00+05:30,367.85,368.0,367.45,367.45,112921,0
2026-02-18 13:55:00+05:30,367.45,367.8,367.4,367.5,94979,0
2026-02-18 14:00:00+05:30,367.7,367.75,367.4,367.6,67871,0
2026-02-18 14:05:00+05:30,367.75,367.85,367.5,367.75,75633,0
2026-02-18 14:10:00+05:30,367.75,367.95,367.6,367.9,86139,0
2026-02-18 14:15:00+05:30,367.9,368.15,367.7,367.95,93201,0
2026-02-18 14:20:00+05:30,368.0,368.4,367.85,368.35,96104,0
2026-02-18 14:25:00+05:30,368.3,368.35,367.9,368.3,92849,0
2026-02-18 14:30:00+05:30,368.15,368.35,367.9,368.0,117649,0
2026-02-18 14:35:00+05:30,368.0,368.35,367.9,368.2,108127,0
2026-02-18 14:40:00+05:30,368.2,368.3,368.0,368.2,67145,0
2026-02-18 14:45:00+05:30,368.2,368.25,367.8,368.0,51756,0
2026-02-18 14:50:00+05:30,368.0,368.5,367.9,368.35,67433,0
2026-02-18 14:55:00+05:30,368.4,368.75,368.2,368.5,75386,0
2026-02-18 15:00:00+05:30,368.6,369.05,368.5,368.6,121830,0
2026-02-18 15:05:00+05:30,368.55,368.75,368.5,368.65,88747,0
2026-02-18 15:10:00+05:30,368.7,368.75,368.1,368.2,214987,0
2026-02-18 15:15:00+05:30,368.2,368.5,368.05,368.4,177932,0
2026-02-18 15:20:00+05:30,368.3,368.5,368.05,368.3,150340,0
2026-02-18 15:25:00+05:30,368.2,368.7,368.0,368.0,146606,0
2026-02-19 09:15:00+05:30,367.0,369.45,366.7,369.3,216655,0
2026-02-19 09:20:00+05:30,369.25,370.9,369.25,369.8,148230,0
2026-02-19 09:25:00+05:30,369.85,370.0,369.2,369.45,35229,0
2026-02-19 09:30:00+05:30,369.45,369.55,369.15,369.25,32198,0
2026-02-19 09:35:00+05:30,369.25,369.7,369.0,369.0,24380,0
2026-02-19 09:40:00+05:30,369.1,369.15,368.1,368.2,45357,0
2026-02-19 09:45:00+05:30,368.2,368.5,368.15,368.2,21330,0
2026-02-19 09:50:00+05:30,368.2,368.2,367.1,367.3,44091,0
2026-02-19 09:55:00+05:30,367.3,367.6,367.3,367.3,21751,0
2026-02-19 10:00:00+05:30,367.3,367.35,366.8,366.9,48899,0
2026-02-19 10:05:00+05:30,366.9,367.15,366.4,366.55,40085,0
2026-02-19 10:10:00+05:30,366.5,366.55,365.25,365.4,84912,0
2026-02-19 10:15:00+05:30,365.4,365.75,364.25,365.1,93120,0
2026-02-19 10:20:00+05:30,365.25,365.25,364.6,364.8,22665,0
2026-02-19 10:25:00+05:30,364.9,365.2,364.5,364.75,51569,0
2026-02-19 10:30:00+05:30,364.8,365.2,364.6,365.05,21726,0
2026-02-19 10:35:00+05:30,365.05,365.2,364.9,364.95,19777,0
2026-02-19 10:40:00+05:30,364.95,365.65,364.7,365.4,24341,0
2026-02-19 10:45:00+05:30,365.4,365.5,365.05,365.1,20929,0
2026-02-19 10:50:00+05:30,365.25,365.75,365.05,365.75,14970,0
2026-02-19 10:55:00+05:30,365.55,365.9,365.5,365.65,19824,0
2026-02-19 11:00:00+05:30,365.75,366.2,365.65,366.1,23950,0
2026-02-19 11:05:00+05:30,366.1,366.4,365.85,366.0,19516,0
2026-02-19 11:10:00+05:30,365.85,366.3,365.85,365.95,24648,0
2026-02-19 11:15:00+05:30,366.05,366.15,365.65,365.85,29615,0
2026-02-19 11:20:00+05:30,365.8,365.9,365.55,365.55,27368,0
2026-02-19 11:25:00+05:30,365.55,366.1,365.35,365.55,39437,0
2026-02-19 11:30:00+05:30,365.55,365.7,365.15,365.25,29132,0
2026-02-19 11:35:00+05:30,365.3,365.4,364.95,365.2,41985,0
2026-02-19 11:40:00+05:30,365.0,365.5,365.0,365.3,30859,0
2026-02-19 11:45:00+05:30,365.3,365.3,364.85,364.95,32948,0
2026-02-19 11:50:00+05:30,364.9,365.25,364.7,364.9,28658,0
2026-02-19 11:55:00+05:30,364.9,365.2,364.7,364.9,30393,0
2026-02-19 12:00:00+05:30,365.1,365.35,364.95,365.1,30766,0
2026-02-19 12:05:00+05:30,365.1,365.6,365.0,365.15,44474,0
2026-02-19 12:10:00+05:30,365.15,365.3,364.9,365.0,72698,0
2026-02-19 12:15:00+05:30,365.0,365.9,365.0,365.8,84669,0
2026-02-19 12:20:00+05:30,365.65,366.1,365.55,365.7,74310,0
2026-02-19 12:25:00+05:30,365.7,366.25,365.55,366.1,67507,0
2026-02-19 12:30:00+05:30,366.1,366.3,365.75,366.0,61134,0
2026-02-19 12:35:00+05:30,366.0,366.2,365.6,365.65,87041,0
2026-02-19 12:40:00+05:30,365.6,365.85,365.1,365.35,119932,0
2026-02-19 12:45:00+05:30,365.25,365.65,365.2,365.5,62152,0
2026-02-19 12:50:00+05:30,365.5,365.7,365.3,365.35,66481,0
2026-02-19 12:55:00+05:30,365.3,365.75,365.25,365.45,74388,0
2026-02-19 13:00:00+05:30,365.45,366.15,365.45,365.85,85879,0
2026-02-19 13:05:00+05:30,365.85,366.45,365.7,366.35,72561,0
2026-02-19 13:10:00+05:30,366.3,367.1,366.25,366.95,222563,0
2026-02-19 13:15:00+05:30,366.9,367.0,366.5,366.65,61662,0
2026-02-19 13:20:00+05:30,366.65,366.7,366.35,366.5,59905,0
2026-02-19 13:25:00+05:30,366.45,366.7,366.3,366.55,58282,0
2026-02-19 13:30:00+05:30,366.35,366.55,365.35,365.55,131007,0
2026-02-19 13:35:00+05:30,365.55,365.7,365.35,365.6,100562,0
2026-02-19 13:40:00+05:30,365.45,365.75,365.35,365.6,61989,0
2026-02-19 13:45:00+05:30,365.5,366.15,365.4,365.65,62282,0
2026-02-19 13:50:00+05:30,365.5,365.75,365.25,365.3,62174,0
2026-02-19 13:55:00+05:30,365.3,365.4,365.1,365.1,55180,0
2026-02-19 14:00:00+05:30,365.1,365.2,364.9,364.9,59981,0
2026-02-19 14:05:00+05:30,364.9,365.2,364.2,364.45,91414,0
2026-02-19 14:10:00+05:30,364.3,364.55,363.15,363.2,93572,0
2026-02-19 14:15:00+05:30,363.2,364.2,363.0,363.7,117985,0
2026-02-19 14:20:00+05:30,363.7,364.0,363.55,363.7,120176,0
2026-02-19 14:25:00+05:30,363.7,364.05,363.1,363.3,77063,0
2026-02-19 14:30:00+05:30,363.25,364.0,363.15,363.85,74995,0
2026-02-19 14:35:00+05:30,363.65,364.1,363.55,363.9,69242,0
2026-02-19 14:40:00+05:30,363.9,364.4,363.35,363.5,154475,0
2026-02-19 14:45:00+05:30,363.5,364.0,363.45,363.9,169022,0
2026-02-19 14:50:00+05:30,363.8,364.25,363.65,364.2,86489,0
2026-02-19 14:55:00+05:30,364.1,364.45,363.8,364.1,107411,0
2026-02-19 15:00:00+05:30,364.15,364.15,363.45,363.8,137388,0
2026-02-19 15:05:00+05:30,363.75,363.95,363.15,363.5,130338,0
2026-02-19 15:10:00+05:30,363.5,363.75,363.25,363.5,150939,0
2026-02-19 15:15:00+05:30,363.35,363.55,362.75,362.85,146157,0
2026-02-19 15:20:00+05:30,362.85,363.1,362.45,362.9,180736,0
2026-02-19 15:25:00+05:30,362.8,363.45,362.2,363.2,117558,0
2026-02-20 09:15:00+05:30,362.8,366.35,362.7,364.9,155871,0
2026-02-20 09:20:00+05:30,364.9,365.6,364.65,365.05,56073,0
2026-02-20 09:25:00+05:30,365.05,365.4,364.35,364.35,48871,0
2026-02-20 09:30:00+05:30,364.5,366.1,364.3,366.05,64994,0
2026-02-20 09:35:00+05:30,366.05,366.7,365.85,366.35,45906,0
2026-02-20 09:40:00+05:30,366.45,367.0,366.2,366.7,42917,0
2026-02-20 09:45:00+05:30,366.85,367.1,366.7,367.0,32729,0
2026-02-20 09:50:00+05:30,367.0,367.1,366.65,366.95,33379,0
2026-02-20 09:55:00+05:30,367.0,367.55,366.9,367.3,61949,0
2026-02-20 10:00:00+05:30,367.3,367.5,367.05,367.35,55613,0
2026-02-20 10:05:00+05:30,367.4,367.8,366.75,367.05,86730,0
2026-02-20 10:10:00+05:30,367.15,367.55,367.0,367.05,45726,0
2026-02-20 10:15:00+05:30,367.1,368.0,367.05,367.85,51041,0
2026-02-20 10:20:00+05:30,367.9,368.1,367.6,367.75,113990,0
2026-02-20 10:25:00+05:30,367.8,368.25,367.7,367.95,67234,0
2026-02-20 10:30:00+05:30,368.0,369.05,367.95,369.05,186782,0
2026-02-20 10:35:00+05:30,369.05,369.4,368.8,369.3,100146,0
2026-02-20 10:40:00+05:30,369.35,369.9,369.15,369.8,104018,0
2026-02-20 10:45:00+05:30,369.85,369.9,369.25,369.4,105729,0
2026-02-20 10:50:00+05:30,369.4,369.4,369.0,369.25,62727,0
2026-02-20 10:55:00+05:30,369.25,369.45,369.1,369.25,53956,0
2026-02-20 11:00:00+05:30,369.25,369.85,369.2,369.75,115499,0
2026-02-20 11:05:00+05:30,369.75,370.45,369.55,370.4,316741,0
2026-02-20 11:10:00+05:30,370.4,370.5,369.65,369.85,153545,0
2026-02-20 11:15:00+05:30,369.85,370.3,369.75,370.15,49205,0
2026-02-20 11:20:00+05:30,370.25,370.3,370.05,370.3,53828,0
2026-02-20 11:25:00+05:30,370.1,370.5,370.1,370.5,57890,0
2026-02-20 11:30:00+05:30,370.45,370.6,370.1,370.25,72571,0
2026-02-20 11:35:00+05:30,370.3,370.45,370.1,370.15,34305,0
2026-02-20 11:40:00+05:30,370.15,370.3,370.0,370.15,43259,0
2026-02-20 11:45:00+05:30,370.2,370.5,370.1,370.25,42649,0
2026-02-20 11:50:00+05:30,370.4,371.2,370.25,370.7,253894,0
2026-02-20 11:55:00+05:30,370.6,370.8,370.4,370.7,103178,0
2026-02-20 12:00:00+05:30,370.65,371.05,370.45,370.85,198186,0
2026-02-20 12:05:00+05:30,371.0,371.35,370.8,371.15,439358,0
2026-02-20 12:10:00+05:30,371.1,371.3,370.7,371.05,210779,0
2026-02-20 12:15:00+05:30,370.9,371.15,370.85,371.0,165472,0
2026-02-20 12:20:00+05:30,370.95,371.25,370.9,371.1,138950,0
2026-02-20 12:25:00+05:30,371.15,371.4,371.0,371.2,125612,0
2026-02-20 12:30:00+05:30,371.2,371.35,371.1,371.1,115906,0
2026-02-20 12:35:00+05:30,371.1,371.4,371.05,371.4,138824,0
2026-02-20 12:40:00+05:30,371.3,371.55,371.1,371.1,161228,0
2026-02-20 12:45:00+05:30,371.1,371.45,371.05,371.2,134951,0
2026-02-20 12:50:00+05:30,371.2,371.45,371.1,371.25,148252,0
2026-02-20 12:55:00+05:30,371.25,371.45,371.1,371.35,145347,0
2026-02-20 13:00:00+05:30,371.4,371.85,371.3,371.65,164703,0
2026-02-20 13:05:00+05:30,371.7,371.85,371.05,371.05,177813,0
2026-02-20 13:10:00+05:30,371.1,371.4,370.35,371.15,225853,0
2026-02-20 13:15:00+05:30,371.2,371.4,370.7,371.0,152156,0
2026-02-20 13:20:00+05:30,371.1,371.3,370.75,371.2,246458,0
2026-02-20 13:25:00+05:30,371.2,371.2,370.5,370.65,271050,0
2026-02-20 13:30:00+05:30,370.8,371.35,370.75,371.25,149555,0
2026-02-20 13:35:00+05:30,371.25,371.75,371.0,371.7,131710,0
2026-02-20 13:40:00+05:30,371.7,372.35,371.2,372.3,296243,0
2026-02-20 13:45:00+05:30,372.3,372.45,371.95,372.05,283537,0
2026-02-20 13:50:00+05:30,372.2,372.45,372.0,372.25,156263,0
2026-02-20 13:55:00+05:30,372.3,372.5,372.0,372.2,188076,0
2026-02-20 14:00:00+05:30,372.25,372.5,372.05,372.05,148269,0
2026-02-20 14:05:00+05:30,372.1,372.2,371.7,371.9,186868,0
2026-02-20 14:10:00+05:30,371.8,372.25,371.8,372.1,393670,0
2026-02-20 14:15:00+05:30,372.1,372.8,372.1,372.8,368113,0
2026-02-20 14:20:00+05:30,372.75,373.2,372.55,372.9,907215,0
2026-02-20 14:25:00+05:30,372.95,373.2,372.75,372.8,459698,0
2026-02-20 14:30:00+05:30,372.8,373.0,372.5,372.95,283543,0
2026-02-20 14:35:00+05:30,372.95,373.1,372.5,372.7,381805,0
2026-02-20 14:40:00+05:30,372.75,373.0,372.6,372.9,333215,0
2026-02-20 14:45:00+05:30,372.95,373.55,372.8,373.45,480577,0
2026-02-20 14:50:00+05:30,373.45,373.65,373.0,373.5,394717,0
2026-02-20 14:55:00+05:30,373.45,373.5,373.25,373.35,259616,0
2026-02-20 15:00:00+05:30,373.4,373.6,372.5,373.0,856383,0
2026-02-20 15:05:00+05:30,373.05,373.15,372.5,372.65,569734,0
2026-02-20 15:10:00+05:30,372.6,373.2,372.5,372.95,655544,0
2026-02-20 15:15:00+05:30,373.0,373.2,372.75,373.0,1007646,0
2026-02-20 15:20:00+05:30,373.0,373.3,372.8,373.1,822972,0
2026-02-20 15:25:00+05:30,373.1,373.5,372.25,372.8,786291,0
2026-02-23 09:15:00+05:30,374.0,375.8,372.15,373.15,755038,0
2026-02-23 09:20:00+05:30,373.25,374.2,372.65,373.3,339948,0
2026-02-23 09:25:00+05:30,373.3,373.85,372.15,373.0,197673,0
2026-02-23 09:30:00+05:30,373.0,373.45,372.45,372.6,147365,0
2026-02-23 09:35:00+05:30,372.55,373.0,372.4,372.65,151681,0
2026-02-23 09:40:00+05:30,372.65,373.1,372.5,373.05,146190,0
2026-02-23 09:45:00+05:30,373.1,373.75,372.9,373.55,221637,0
2026-02-23 09:50:00+05:30,373.55,373.55,372.8,373.0,171219,0
2026-02-23 09:55:00+05:30,373.0,373.5,372.8,372.95,93273,0
2026-02-23 10:00:00+05:30,372.95,373.0,372.5,372.6,124037,0
2026-02-23 10:05:00+05:30,372.5,373.6,372.4,373.5,165629,0
2026-02-23 10:10:00+05:30,373.5,373.75,373.35,373.5,115021,0
2026-02-23 10:15:00+05:30,373.45,373.95,373.45,373.95,117767,0
2026-02-23 10:20:00+05:30,373.9,374.45,373.8,374.4,158525,0
2026-02-23 10:25:00+05:30,374.3,374.5,373.5,373.7,191267,0
2026-02-23 10:30:00+05:30,373.7,374.15,373.5,373.95,75448,0
2026-02-23 10:35:00+05:30,374.0,374.3,373.8,374.3,73729,0
2026-02-23 10:40:00+05:30,374.3,374.5,373.9,374.25,135508,0
2026-02-23 10:45:00+05:30,374.15,374.7,374.0,374.5,135787,0
2026-02-23 10:50:00+05:30,374.5,375.0,374.35,374.8,266660,0
2026-02-23 10:55:00+05:30,374.75,374.9,374.05,374.6,144236,0
2026-02-23 11:00:00+05:30,374.6,374.8,374.1,374.55,98792,0
2026-02-23 11:05:00+05:30,374.5,374.85,374.2,374.65,241602,0
2026-02-23 11:10:00+05:30,374.6,374.65,374.15,374.45,73773,0
2026-02-23 11:15:00+05:30,374.3,374.55,373.95,374.2,70347,0
2026-02-23 11:20:00+05:30,374.15,374.4,373.65,373.75,113910,0
2026-02-23 11:25:00+05:30,373.7,374.5,373.65,374.1,105022,0
2026-02-23 11:30:00+05:30,374.1,374.7,374.0,374.6,112723,0
2026-02-23 11:35:00+05:30,374.6,374.95,374.55,374.95,137379,0
2026-02-23 11:40:00+05:30,374.9,374.95,374.7,374.95,99626,0
2026-02-23 11:45:00+05:30,374.85,375.25,374.45,374.65,288802,0
2026-02-23 11:50:00+05:30,374.65,375.15,374.1,374.85,142445,0
2026-02-23 11:55:00+05:30,374.75,374.85,374.15,374.4,128196,0
2026-02-23 12:00:00+05:30,374.45,374.9,373.8,374.15,158654,0
2026-02-23 12:05:00+05:30,374.2,374.8,374.15,374.55,72709,0
2026-02-23 12:10:00+05:30,374.5,374.55,374.2,374.25,90668,0
2026-02-23 12:15:00+05:30,374.3,375.2,374.3,375.05,139910,0
2026-02-23 12:20:00+05:30,374.95,375.3,374.5,374.5,198099,0
2026-02-23 12:25:00+05:30,374.5,374.8,374.35,374.8,160702,0
2026-02-23 12:30:00+05:30,374.75,375.0,374.45,375.0,145372,0
2026-02-23 12:35:00+05:30,374.95,375.5,374.9,375.35,335682,0
2026-02-23 12:40:00+05:30,375.25,375.5,374.95,375.5,269347,0
2026-02-23 12:45:00+05:30,375.45,376.3,375.35,375.85,540144,0
2026-02-23 12:50:00+05:30,375.95,376.45,375.75,375.9,299709,0
2026-02-23 12:55:00+05:30,376.0,376.1,375.7,375.95,160615,0
2026-02-23 13:00:00+05:30,375.9,376.2,375.8,376.1,175945,0
2026-02-23 13:05:00+05:30,376.05,376.2,375.85,376.2,161954,0
2026-02-23 13:10:00+05:30,376.15,376.4,375.9,376.1,155394,0
2026-02-23 13:15:00+05:30,376.0,376.2,375.9,375.95,147301,0
2026-02-23 13:20:00+05:30,375.95,376.2,375.85,376.15,125363,0
2026-02-23 13:25:00+05:30,376.05,376.4,375.95,376.2,217254,0
2026-02-23 13:30:00+05:30,376.15,376.4,375.25,375.65,271175,0
2026-02-23 13:35:00+05:30,375.6,376.0,375.6,375.95,115411,0
2026-02-23 13:40:00+05:30,375.95,376.5,375.95,376.25,222368,0
2026-02-23 13:45:00+05:30,376.25,376.3,375.65,375.8,224278,0
2026-02-23 13:50:00+05:30,375.8,376.25,375.75,375.85,165013,0
2026-02-23 13:55:00+05:30,375.75,376.0,375.55,375.85,216923,0
2026-02-23 14:00:00+05:30,375.8,376.05,374.85,374.9,441454,0
2026-02-23 14:05:00+05:30,374.9,375.1,374.5,374.65,239643,0
2026-02-23 14:10:00+05:30,374.65,375.0,374.3,375.0,337439,0
2026-02-23 14:15:00+05:30,374.95,375.7,374.85,375.2,387096,0
2026-02-23 14:20:00+05:30,375.2,375.65,375.2,375.45,210528,0
2026-02-23 14:25:00+05:30,375.4,375.9,375.35,375.6,228002,0
2026-02-23 14:30:00+05:30,375.55,375.85,375.1,375.4,223411,0
2026-02-23 14:35:00+05:30,375.35,375.55,374.3,374.4,169429,0
2026-02-23 14:40:00+05:30,374.3,374.45,373.8,374.0,178617,0
2026-02-23 14:45:00+05:30,374.0,375.05,373.9,374.9,130395,0
2026-02-23 14:50:00+05:30,374.9,375.0,374.4,374.65,117096,0
2026-02-23 14:55:00+05:30,374.55,374.9,374.1,374.3,156864,0
2026-02-23 15:00:00+05:30,374.3,375.75,374.25,375.5,451531,0
2026-02-23 15:05:00+05:30,375.5,375.8,375.2,375.25,582554,0
2026-02-23 15:10:00+05:30,375.25,375.7,375.15,375.5,481577,0
2026-02-23 15:15:00+05:30,375.5,375.65,375.3,375.55,479961,0
2026-02-23 15:20:00+05:30,375.55,375.75,375.3,375.7,654577,0
2026-02-23 15:25:00+05:30,375.65,375.7,375.15,375.45,354794,0
2026-02-24 09:15:00+05:30,374.95,377.3,373.55,376.75,814613,0
2026-02-24 09:20:00+05:30,376.7,376.85,375.4,376.0,208449,0
2026-02-24 09:25:00+05:30,376.0,376.5,375.8,376.2,196767,0
2026-02-24 09:30:00+05:30,376.2,376.3,375.1,375.65,189656,0
2026-02-24 09:35:00+05:30,375.65,375.85,374.4,374.5,210399,0
2026-02-24 09:40:00+05:30,374.5,375.55,373.75,375.4,254293,0
2026-02-24 09:45:00+05:30,375.35,375.7,375.25,375.4,76630,0
2026-02-24 09:50:00+05:30,375.4,376.45,375.25,375.85,131081,0
2026-02-24 09:55:00+05:30,375.85,376.1,374.8,375.5,83753,0
2026-02-24 10:00:00+05:30,375.5,376.35,375.25,375.75,109234,0
2026-02-24 10:05:00+05:30,375.75,376.9,375.45,376.3,412369,0
2026-02-24 10:10:00+05:30,376.3,376.45,375.85,376.15,90564,0
2026-02-24 10:15:00+05:30,376.15,376.5,375.9,376.45,171566,0
2026-02-24 10:20:00+05:30,376.45,376.9,376.3,376.6,97853,0
2026-02-24 10:25:00+05:30,376.6,376.7,375.7,375.85,226894,0
2026-02-24 10:30:00+05:30,375.85,376.1,375.1,375.4,277762,0
2026-02-24 10:35:00+05:30,375.4,375.7,375.0,375.4,225102,0
2026-02-24 10:40:00+05:30,375.4,375.75,375.25,375.6,103871,0
2026-02-24 10:45:00+05:30,375.6,375.6,375.2,375.35,231112,0
2026-02-24 10:50:00+05:30,375.3,375.45,375.0,375.2,48752,0
2026-02-24 10:55:00+05:30,375.2,375.65,375.05,375.65,113677,0
2026-02-24 11:00:00+05:30,375.65,376.3,375.45,376.3,64261,0
2026-02-24 11:05:00+05:30,376.3,376.4,375.75,376.0,39829,0
2026-02-24 11:10:00+05:30,375.9,376.3,375.8,376.3,33377,0
2026-02-24 11:15:00+05:30,376.3,376.3,375.6,375.95,102927,0
2026-02-24 11:20:00+05:30,375.95,376.15,375.85,376.0,127081,0
2026-02-24 11:25:00+05:30,376.0,376.9,375.9,376.8,176266,0
2026-02-24 11:30:00+05:30,376.85,378.15,376.5,378.1,539455,0
2026-02-24 11:35:00+05:30,378.1,379.5,377.85,379.45,443452,0
2026-02-24 11:40:00+05:30,379.45,379.8,378.5,378.6,471284,0
2026-02-24 11:45:00+05:30,378.5,378.6,377.65,378.2,244589,0
2026-02-24 11:50:00+05:30,378.2,378.2,377.1,377.2,329655,0
2026-02-24 11:55:00+05:30,377.25,378.15,377.15,378.1,170874,0
2026-02-24 12:00:00+05:30,378.1,378.1,377.2,377.6,162685,0
2026-02-24 12:05:00+05:30,377.6,378.8,377.1,377.3,504889,0
2026-02-24 12:10:00+05:30,377.4,377.45,376.8,377.1,193730,0
2026-02-24 12:15:00+05:30,377.1,377.4,376.95,377.15,112380,0
2026-02-24 12:20:00+05:30,377.0,377.25,376.5,376.6,323425,0
2026-02-24 12:25:00+05:30,376.6,377.4,376.5,377.1,164868,0
2026-02-24 12:30:00+05:30,377.2,377.2,376.65,377.0,104115,0
2026-02-24 12:35:00+05:30,377.0,377.3,376.9,377.25,104177,0
2026-02-24 12:40:00+05:30,377.25,377.4,376.05,376.3,207683,0
2026-02-24 12:45:00+05:30,376.3,376.75,376.1,376.7,146155,0
2026-02-24 12:50:00+05:30,376.7,377.0,376.45,377.0,161694,0
2026-02-24 12:55:00+05:30,377.0,377.3,376.8,377.0,132817,0
2026-02-24 13:00:00+05:30,377.0,377.1,376.75,376.85,101031,0
2026-02-24 13:05:00+05:30,376.85,377.0,376.3,376.5,101700,0
2026-02-24 13:10:00+05:30,376.5,376.55,375.65,375.8,298817,0
2026-02-24 13:15:00+05:30,375.8,375.95,375.55,375.8,183419,0
2026-02-24 13:20:00+05:30,375.8,376.0,375.35,375.5,161459,0
2026-02-24 13:25:00+05:30,375.6,375.65,374.85,375.2,289418,0
2026-02-24 13:30:00+05:30,375.4,375.4,374.5,374.7,145667,0
2026-02-24 13:35:00+05:30,374.7,375.85,374.5,375.65,172491,0
2026-02-24 13:40:00+05:30,375.65,375.65,374.8,375.2,135285,0
2026-02-24 13:45:00+05:30,375.1,375.25,374.9,375.1,119303,0
2026-02-24 13:50:00+05:30,375.25,375.6,375.0,375.45,118891,0
2026-02-24 13:55:00+05:30,375.45,376.6,375.45,376.35,194725,0
2026-02-24 14:00:00+05:30,376.35,376.5,375.7,375.85,157470,0
2026-02-24 14:05:00+05:30,375.9,376.5,375.7,376.5,141732,0
2026-02-24 14:10:00+05:30,376.5,376.7,376.2,376.55,154234,0
2026-02-24 14:15:00+05:30,376.55,376.7,376.3,376.55,123286,0
2026-02-24 14:20:00+05:30,376.55,377.35,376.45,377.2,305089,0
2026-02-24 14:25:00+05:30,377.2,377.45,376.55,376.85,199785,0
2026-02-24 14:30:00+05:30,376.85,377.45,376.65,377.25,139083,0
2026-02-24 14:35:00+05:30,377.3,378.75,377.1,378.55,250591,0
2026-02-24 14:40:00+05:30,378.55,379.4,378.4,378.75,306723,0
2026-02-24 14:45:00+05:30,378.75,379.5,378.6,379.4,226948,0
2026-02-24 14:50:00+05:30,379.5,381.2,379.4,381.05,688156,0
2026-02-24 14:55:00+05:30,381.05,381.8,380.85,381.8,397743,0
2026-02-24 15:00:00+05:30,381.75,382.35,380.7,382.0,934069,0
2026-02-24 15:05:00+05:30,381.95,382.4,381.1,381.45,843730,0
2026-02-24 15:10:00+05:30,381.4,383.3,381.15,382.2,987510,0
2026-02-24 15:15:00+05:30,382.2,383.25,381.95,383.1,1107846,0
2026-02-24 15:20:00+05:30,383.0,384.3,382.9,383.5,1248947,0
2026-02-24 15:25:00+05:30,383.6,385.0,383.0,384.5,1188535,0
2026-02-25 09:15:00+05:30,382.75,388.0,382.7,387.95,1170267,0
2026-02-25 09:20:00+05:30,387.9,388.55,387.1,387.5,308748,0
2026-02-25 09:25:00+05:30,387.5,388.1,386.6,386.95,271232,0
2026-02-25 09:30:00+05:30,386.95,387.1,385.8,385.95,163954,0
2026-02-25 09:35:00+05:30,385.95,386.0,384.65,384.95,223669,0
2026-02-25 09:40:00+05:30,384.95,386.45,384.5,385.7,202053,0
2026-02-25 09:45:00+05:30,385.6,386.5,385.45,385.95,196059,0
2026-02-25 09:50:00+05:30,385.95,386.25,385.35,385.65,169945,0
2026-02-25 09:55:00+05:30,385.65,386.25,385.6,385.8,89791,0
2026-02-25 10:00:00+05:30,385.85,386.2,385.5,385.6,97460,0
2026-02-25 10:05:00+05:30,385.65,386.3,385.1,386.25,164276,0
2026-02-25 10:10:00+05:30,386.3,386.7,386.0,386.65,144327,0
2026-02-25 10:15:00+05:30,386.65,387.15,386.5,387.05,116753,0
2026-02-25 10:20:00+05:30,387.05,387.5,386.3,386.6,144201,0
2026-02-25 10:25:00+05:30,386.6,386.6,384.85,385.05,254980,0
2026-02-25 10:30:00+05:30,385.1,385.9,384.9,385.85,119452,0
2026-02-25 10:35:00+05:30,385.85,386.1,385.3,385.3,131598,0
2026-02-25 10:40:00+05:30,385.25,385.6,384.85,385.2,112479,0
2026-02-25 10:45:00+05:30,385.15,385.15,383.9,384.1,335444,0
2026-02-25 10:50:00+05:30,384.1,385.2,383.8,385.0,420064,0
2026-02-25 10:55:00+05:30,385.0,385.3,384.5,384.6,103597,0
2026-02-25 11:00:00+05:30,384.6,385.05,384.2,384.5,105603,0
2026-02-25 11:05:00+05:30,384.35,384.8,384.3,384.6,74980,0
2026-02-25 11:10:00+05:30,384.6,384.9,384.45,384.6,60985,0
2026-02-25 11:15:00+05:30,384.65,384.95,384.35,384.65,76467,0
2026-02-25 11:20:00+05:30,384.65,385.0,384.2,385.0,125356,0
2026-02-25 11:25:00+05:30,385.0,385.0,384.6,384.85,36606,0
2026-02-25 11:30:00+05:30,384.85,385.5,384.8,385.4,218887,0
2026-02-25 11:35:00+05:30,385.4,385.6,385.25,385.55,37206,0
2026-02-25 11:40:00+05:30,385.55,385.6,385.0,385.2,59613,0
2026-02-25 11:45:00+05:30,385.2,385.85,385.2,385.65,54546,0
2026-02-25 11:50:00+05:30,385.75,386.0,385.6,385.75,102804,0
2026-02-25 11:55:00+05:30,385.75,385.75,384.9,385.1,81149,0
2026-02-25 12:00:00+05:30,385.0,385.25,384.2,384.45,115964,0
2026-02-25 12:05:00+05:30,384.45,384.55,384.1,384.45,94105,0
2026-02-25 12:10:00+05:30,384.45,384.65,384.25,384.6,71412,0
2026-02-25 12:15:00+05:30,384.6,385.45,384.45,385.2,167777,0
2026-02-25 12:20:00+05:30,385.2,385.35,384.9,385.1,79359,0
2026-02-25 12:25:00+05:30,385.1,385.7,385.0,385.45,76670,0
2026-02-25 12:30:00+05:30,385.5,385.5,384.0,384.15,127424,0
2026-02-25 12:35:00+05:30,384.15,384.4,383.5,384.35,526522,0
2026-02-25 12:40:00+05:30,384.35,384.6,383.75,383.8,134774,0
2026-02-25 12:45:00+05:30,383.85,383.9,383.5,383.65,130739,0
2026-02-25 12:50:00+05:30,383.65,384.35,383.55,384.0,120671,0
2026-02-25 12:55:00+05:30,384.15,384.3,383.9,384.25,86246,0
2026-02-25 13:00:00+05:30,384.25,384.25,383.45,383.75,129917,0
2026-02-25 13:05:00+05:30,383.8,384.0,383.6,383.95,113803,0
2026-02-25 13:10:00+05:30,383.9,384.25,383.8,383.9,80228,0
2026-02-25 13:15:00+05:30,383.9,384.5,383.8,384.5,98651,0
2026-02-25 13:20:00+05:30,384.45,384.75,384.4,384.6,111520,0
2026-02-25 13:25:00+05:30,384.65,384.75,384.0,384.55,118483,0
2026-02-25 13:30:00+05:30,384.55,385.55,384.55,385.45,182214,0
2026-02-25 13:35:00+05:30,385.45,386.5,385.35,385.9,215905,0
2026-02-25 13:40:00+05:30,386.1,386.15,385.65,386.05,145215,0
2026-02-25 13:45:00+05:30,386.05,386.15,385.6,385.95,175490,0
2026-02-25 13:50:00+05:30,385.95,386.2,385.9,386.05,112074,0
2026-02-25 13:55:00+05:30,386.1,386.15,385.7,386.15,375267,0
2026-02-25 14:00:00+05:30,386.15,386.15,385.7,385.95,134883,0
2026-02-25 14:05:00+05:30,385.95,386.2,385.9,386.2,117606,0
2026-02-25 14:10:00+05:30,386.2,386.75,386.0,386.2,142072,0
2026-02-25 14:15:00+05:30,386.15,386.65,386.05,386.5,64961,0
2026-02-25 14:20:00+05:30,386.6,386.75,386.0,386.15,158032,0
2026-02-25 14:25:00+05:30,386.15,386.4,386.0,386.05,72589,0
2026-02-25 14:30:00+05:30,386.1,386.45,386.0,386.3,70487,0
2026-02-25 14:35:00+05:30,386.3,386.45,386.0,386.05,61287,0
2026-02-25 14:40:00+05:30,386.15,386.2,385.1,385.35,97518,0
2026-02-25 14:45:00+05:30,385.35,385.4,384.55,384.65,124096,0
2026-02-25 14:50:00+05:30,384.7,384.9,383.6,384.65,284474,0
2026-02-25 14:55:00+05:30,384.65,384.8,384.0,384.3,87997,0
2026-02-25 15:00:00+05:30,384.3,385.85,384.3,385.75,313859,0
2026-02-25 15:05:00+05:30,385.8,385.9,385.05,385.3,212510,0
2026-02-25 15:10:00+05:30,385.3,385.5,384.4,384.55,187897,0
2026-02-25 15:15:00+05:30,384.55,384.7,384.15,384.5,314370,0
2026-02-25 15:20:00+05:30,384.5,385.0,384.35,384.95,266209,0
2026-02-25 15:25:00+05:30,384.95,385.95,384.55,385.9,211819,0
2026-02-26 09:15:00+05:30,385.0,385.85,384.7,384.95,202073,0
2026-02-26 09:20:00+05:30,384.95,385.0,383.8,383.85,117750,0
2026-02-26 09:25:00+05:30,383.8,384.9,383.8,384.45,118129,0
2026-02-26 09:30:00+05:30,384.45,385.0,384.15,384.95,224376,0
2026-02-26 09:35:00+05:30,384.95,385.0,384.0,384.5,1003245,0
2026-02-26 09:40:00+05:30,384.35,384.8,384.15,384.6,65534,0
2026-02-26 09:45:00+05:30,384.6,384.7,382.3,382.45,281033,0
2026-02-26 09:50:00+05:30,382.4,382.7,381.85,381.9,59385,0
2026-02-26 09:55:00+05:30,381.85,381.9,381.5,381.8,47287,0
2026-02-26 10:00:00+05:30,381.8,383.0,381.75,383.0,63681,0
2026-02-26 10:05:00+05:30,383.0,383.9,382.9,383.7,75034,0
2026-02-26 10:10:00+05:30,383.7,384.0,383.35,383.55,53075,0
2026-02-26 10:15:00+05:30,383.55,384.05,383.5,384.0,47273,0
2026-02-26 10:20:00+05:30,384.0,384.3,383.3,383.45,56704,0
2026-02-26 10:25:00+05:30,383.45,384.55,383.1,384.05,120366,0
2026-02-26 10:30:00+05:30,384.35,384.95,384.0,384.75,79743,0
2026-02-26 10:35:00+05:30,384.75,385.45,384.35,385.0,103102,0
2026-02-26 10:40:00+05:30,385.0,385.2,384.65,385.1,47036,0
2026-02-26 10:45:00+05:30,385.1,385.4,384.85,385.25,39104,0
2026-02-26 10:50:00+05:30,385.2,385.35,384.9,385.0,35438,0
2026-02-26 10:55:00+05:30,385.0,385.35,384.3,384.4,74831,0
2026-02-26 11:00:00+05:30,384.4,384.5,383.65,384.4,45719,0
2026-02-26 11:05:00+05:30,384.4,384.95,384.25,384.65,30338,0
2026-02-26 11:10:00+05:30,384.6,385.45,384.5,384.6,89102,0
2026-02-26 11:15:00+05:30,384.55,384.8,384.35,384.6,42442,0
2026-02-26 11:20:00+05:30,384.6,384.6,384.35,384.45,26533,0
2026-02-26 11:25:00+05:30,384.45,385.0,384.1,384.25,72177,0
2026-02-26 11:30:00+05:30,384.15,384.35,383.4,383.65,198638,0
2026-02-26 11:35:00+05:30,383.6,383.75,383.15,383.3,71559,0
2026-02-26 11:40:00+05:30,383.25,383.45,382.6,382.9,123989,0
2026-02-26 11:45:00+05:30,382.85,383.4,381.6,381.8,169398,0
2026-02-26 11:50:00+05:30,381.75,382.05,380.45,380.95,127416,0
2026-02-26 11:55:00+05:30,380.95,381.15,379.75,380.0,131034,0
2026-02-26 12:00:00+05:30,380.0,380.1,379.55,380.0,91598,0
2026-02-26 12:05:00+05:30,380.0,380.5,379.6,380.15,135009,0
2026-02-26 12:10:00+05:30,380.1,380.2,379.1,379.7,117990,0
2026-02-26 12:15:00+05:30,379.7,380.0,379.6,380.0,73899,0
2026-02-26 12:20:00+05:30,379.95,380.2,379.55,379.7,73638,0
2026-02-26 12:25:00+05:30,379.7,379.95,379.45,379.9,67392,0
2026-02-26 12:30:00+05:30,379.8,380.9,379.7,380.3,91702,0
2026-02-26 12:35:00+05:30,380.1,380.4,379.75,379.9,74874,0
2026-02-26 12:40:00+05:30,379.9,380.4,379.7,379.95,90612,0
2026-02-26 12:45:00+05:30,379.8,380.15,379.35,379.6,88931,0
2026-02-26 12:50:00+05:30,379.55,379.65,379.25,379.45,74335,0
2026-02-26 12:55:00+05:30,379.4,380.0,379.2,379.7,117339,0
2026-02-26 13:00:00+05:30,379.65,379.9,378.75,379.2,143209,0
2026-02-26 13:05:00+05:30,379.2,379.4,378.7,379.2,135131,0
2026-02-26 13:10:00+05:30,379.2,379.3,378.7,379.05,135935,0
2026-02-26 13:15:00+05:30,379.05,379.1,378.5,378.7,129475,0
2026-02-26 13:20:00+05:30,378.6,378.9,378.4,378.75,139492,0
2026-02-26 13:25:00+05:30,378.75,379.45,378.6,379.2,280818,0
2026-02-26 13:30:00+05:30,379.2,379.5,378.75,378.8,107957,0
2026-02-26 13:35:00+05:30,378.8,379.45,378.75,379.4,110582,0
2026-02-26 13:40:00+05:30,379.4,379.45,378.9,379.05,96071,0
2026-02-26 13:45:00+05:30,379.05,379.25,378.55,378.7,167473,0
2026-02-26 13:50:00+05:30,378.65,379.4,378.55,379.25,192990,0
2026-02-26 13:55:00+05:30,379.15,379.4,378.95,379.05,119949,0
2026-02-26 14:00:00+05:30,378.95,379.3,378.5,378.75,116646,0
2026-02-26 14:05:00+05:30,378.7,379.45,378.45,379.15,130330,0
2026-02-26 14:10:00+05:30,379.35,379.45,378.8,379.3,109161,0
2026-02-26 14:15:00+05:30,379.3,379.7,378.55,379.4,139639,0
2026-02-26 14:20:00+05:30,379.4,380.55,379.35,380.05,236734,0
2026-02-26 14:25:00+05:30,380.0,380.5,379.4,379.8,188627,0
2026-02-26 14:30:00+05:30,379.8,381.0,379.75,380.55,178491,0
2026-02-26 14:35:00+05:30,380.55,380.9,379.9,380.7,164352,0
2026-02-26 14:40:00+05:30,380.7,381.7,380.6,381.45,242115,0
2026-02-26 14:45:00+05:30,381.4,381.9,381.15,381.35,198547,0
2026-02-26 14:50:00+05:30,381.35,381.65,380.45,381.6,191669,0
2026-02-26 14:55:00+05:30,381.6,381.75,381.15,381.5,155789,0
2026-02-26 15:00:00+05:30,381.5,382.2,381.2,381.65,289573,0
2026-02-26 15:05:00+05:30,381.6,382.15,381.6,382.05,217475,0
2026-02-26 15:10:00+05:30,382.0,382.4,381.6,381.7,299816,0
2026-02-26 15:15:00+05:30,381.75,382.15,381.7,381.9,269381,0
2026-02-26 15:20:00+05:30,381.9,382.1,381.5,381.7,318563,0
2026-02-26 15:25:00+05:30,381.75,382.7,381.55,382.6,374581,0
2026-02-27 09:15:00+05:30,381.0,383.8,380.6,382.0,298265,0
2026-02-27 09:20:00+05:30,382.0,382.45,380.5,381.0,192269,0
2026-02-27 09:25:00+05:30,381.0,381.5,380.2,380.4,82964,0
2026-02-27 09:30:00+05:30,380.4,380.8,380.15,380.4,40420,0
2026-02-27 09:35:00+05:30,380.35,381.1,380.2,381.0,42979,0
2026-02-27 09:40:00+05:30,381.0,382.4,380.45,382.35,490981,0
2026-02-27 09:45:00+05:30,382.35,382.45,381.65,382.1,166506,0
2026-02-27 09:50:00+05:30,382.15,382.2,381.7,381.8,49818,0
2026-02-27 09:55:00+05:30,381.8,381.9,381.6,381.75,27129,0
2026-02-27 10:00:00+05:30,381.75,382.5,381.3,381.65,184098,0
2026-02-27 10:05:00+05:30,381.65,381.65,380.65,381.5,149363,0
2026-02-27 10:10:00+05:30,381.5,381.55,380.75,381.05,40970,0
2026-02-27 10:15:00+05:30,381.1,381.35,380.85,381.15,62972,0
2026-02-27 10:20:00+05:30,381.2,382.95,381.15,382.75,257628,0
2026-02-27 10:25:00+05:30,382.8,383.85,382.6,383.35,184185,0
2026-02-27 10:30:00+05:30,383.35,384.25,383.2,383.8,177417,0
2026-02-27 10:35:00+05:30,383.9,384.4,383.8,384.0,149325,0
2026-02-27 10:40:00+05:30,384.0,384.25,383.6,383.9,119977,0
2026-02-27 10:45:00+05:30,383.9,384.45,383.85,384.45,44863,0
2026-02-27 10:50:00+05:30,384.45,384.55,384.2,384.25,53195,0
2026-02-27 10:55:00+05:30,384.45,384.55,384.0,384.3,37227,0
2026-02-27 11:00:00+05:30,384.45,385.0,384.15,385.0,76271,0
2026-02-27 11:05:00+05:30,385.0,385.2,384.85,385.1,62428,0
2026-02-27 11:10:00+05:30,385.0,385.1,384.8,385.05,51614,0
2026-02-27 11:15:00+05:30,385.05,385.1,383.8,384.2,72289,0
2026-02-27 11:20:00+05:30,384.2,384.3,383.9,384.15,45141,0
2026-02-27 11:25:00+05:30,384.15,384.2,383.8,384.05,116023,0
2026-02-27 11:30:00+05:30,384.05,384.05,383.4,383.7,122388,0
2026-02-27 11:35:00+05:30,383.75,383.8,382.8,383.15,165739,0
2026-02-27 11:40:00+05:30,383.15,383.55,383.0,383.3,65822,0
2026-02-27 11:45:00+05:30,383.3,383.35,382.9,383.1,50454,0
2026-02-27 11:50:00+05:30,383.1,383.1,382.85,383.05,53769,0
2026-02-27 11:55:00+05:30,383.05,383.95,382.95,383.8,85172,0
2026-02-27 12:00:00+05:30,383.9,383.9,383.35,383.45,50020,0
2026-02-27 12:05:00+05:30,383.45,383.65,382.6,382.8,68771,0
2026-02-27 12:10:00+05:30,382.8,383.15,382.55,382.65,97684,0
2026-02-27 12:15:00+05:30,382.65,383.0,382.5,382.9,66177,0
2026-02-27 12:20:00+05:30,382.9,383.15,382.6,382.7,125681,0
2026-02-27 12:25:00+05:30,382.75,384.15,382.75,383.75,107206,0
2026-02-27 12:30:00+05:30,383.8,383.85,383.05,383.1,61379,0
2026-02-27 12:35:00+05:30,383.15,383.25,382.7,382.7,44785,0
2026-02-27 12:40:00+05:30,382.85,383.15,382.75,383.1,59265,0
2026-02-27 12:45:00+05:30,383.0,383.55,382.85,383.35,62824,0
2026-02-27 12:50:00+05:30,383.35,384.15,383.2,383.4,61873,0
2026-02-27 12:55:00+05:30,383.35,383.65,382.8,382.9,72490,0
2026-02-27 13:00:00+05:30,382.9,383.3,382.7,382.9,114214,0
2026-02-27 13:05:00+05:30,382.9,383.25,382.9,382.95,55988,0
2026-02-27 13:10:00+05:30,382.95,383.25,382.75,383.1,55285,0
2026-02-27 13:15:00+05:30,383.05,383.4,382.85,383.0,61458,0
2026-02-27 13:20:00+05:30,383.0,383.35,382.95,382.95,54888,0
2026-02-27 13:25:00+05:30,383.1,383.4,382.95,383.35,101078,0
2026-02-27 13:30:00+05:30,383.3,383.4,382.95,382.95,72002,0
2026-02-27 13:35:00+05:30,382.95,383.1,382.7,382.9,64124,0
2026-02-27 13:40:00+05:30,382.85,383.25,382.75,382.75,58204,0
2026-02-27 13:45:00+05:30,382.8,383.1,382.65,382.9,77010,0
2026-02-27 13:50:00+05:30,382.9,383.0,382.55,382.85,70552,0
2026-02-27 13:55:00+05:30,382.85,383.9,382.8,383.8,104499,0
2026-02-27 14:00:00+05:30,383.75,384.15,383.35,383.55,100516,0
2026-02-27 14:05:00+05:30,383.5,383.75,383.25,383.45,82446,0
2026-02-27 14:10:00+05:30,383.55,383.8,383.25,383.5,101339,0
2026-02-27 14:15:00+05:30,383.5,383.55,383.25,383.45,67819,0
2026-02-27 14:20:00+05:30,383.5,383.8,383.3,383.65,66503,0
2026-02-27 14:25:00+05:30,383.65,384.0,383.25,383.55,274865,0
2026-02-27 14:30:00+05:30,383.55,384.0,383.25,383.8,175788,0
2026-02-27 14:35:00+05:30,383.8,384.3,383.5,383.55,274963,0
2026-02-27 14:40:00+05:30,383.6,383.75,383.25,383.4,106598,0
2026-02-27 14:45:00+05:30,383.4,383.45,382.65,383.2,229405,0
2026-02-27 14:50:00+05:30,383.25,383.35,382.9,383.15,76791,0
2026-02-27 14:55:00+05:30,383.15,383.2,382.65,382.85,56219,0
2026-02-27 15:00:00+05:30,382.8,383.45,380.75,381.1,830924,0
2026-02-27 15:05:00+05:30,381.15,381.65,380.45,381.45,617516,0
2026-02-27 15:10:00+05:30,381.4,382.35,381.2,381.3,553002,0
2026-02-27 15:15:00+05:30,381.35,382.25,381.3,381.55,665664,0
2026-02-27 15:20:00+05:30,381.5,382.6,381.5,382.4,962893,0
2026-02-27 15:25:00+05:30,382.5,382.9,381.05,382.0,715304,0
2026-03-02 09:15:00+05:30,365.0,377.95,365.0,375.7,1136630,0
2026-03-02 09:20:00+05:30,375.7,377.75,375.45,376.85,253263,0
2026-03-02 09:25:00+05:30,376.9,377.5,376.3,377.2,219309,0
2026-03-02 09:30:00+05:30,377.25,378.6,376.75,378.35,146762,0
2026-03-02 09:35:00+05:30,378.45,378.45,376.6,377.7,142838,0
2026-03-02 09:40:00+05:30,377.7,378.45,376.6,376.8,146215,0
2026-03-02 09:45:00+05:30,376.9,377.1,376.15,376.55,87602,0
2026-03-02 09:50:00+05:30,376.5,376.75,374.8,374.85,109677,0
2026-03-02 09:55:00+05:30,374.85,375.6,374.75,375.3,71745,0
2026-03-02 10:00:00+05:30,375.45,375.45,374.45,374.7,63657,0
2026-03-02 10:05:00+05:30,374.7,375.5,374.35,374.5,46568,0
2026-03-02 10:10:00+05:30,374.5,374.6,373.85,374.6,55258,0
2026-03-02 10:15:00+05:30,374.5,375.5,373.7,374.95,85547,0
2026-03-02 10:20:00+05:30,374.95,376.55,374.7,375.65,235185,0
2026-03-02 10:25:00+05:30,375.65,377.0,375.5,376.7,122877,0
2026-03-02 10:30:00+05:30,376.75,378.3,376.4,377.75,692913,0
2026-03-02 10:35:00+05:30,377.75,377.75,376.25,376.65,36748,0
2026-03-02 10:40:00+05:30,376.55,376.95,375.5,375.5,71020,0
2026-03-02 10:45:00+05:30,375.5,376.8,375.5,376.25,114923,0
2026-03-02 10:50:00+05:30,376.3,377.15,376.15,376.5,285469,0
2026-03-02 10:55:00+05:30,376.4,376.7,375.65,375.65,68195,0
2026-03-02 11:00:00+05:30,375.8,375.85,375.25,375.6,71101,0
2026-03-02 11:05:00+05:30,375.6,376.0,375.2,375.2,98900,0
2026-03-02 11:10:00+05:30,375.2,375.75,375.05,375.5,48895,0
2026-03-02 11:15:00+05:30,375.5,375.8,375.3,375.35,40734,0
2026-03-02 11:20:00+05:30,375.3,375.5,375.0,375.1,39307,0
2026-03-02 11:25:00+05:30,375.05,375.35,375.0,375.15,37865,0
2026-03-02 11:30:00+05:30,375.15,375.2,374.55,374.9,54537,0
2026-03-02 11:35:00+05:30,374.9,375.0,374.6,375.0,32987,0
2026-03-02 11:40:00+05:30,375.0,375.2,374.5,375.15,50059,0
2026-03-02 11:45:00+05:30,375.15,375.65,374.9,375.15,51034,0
2026-03-02 11:50:00+05:30,375.05,375.5,375.0,375.25,46472,0
2026-03-02 11:55:00+05:30,375.3,375.4,374.55,374.55,48490,0
2026-03-02 12:00:00+05:30,374.55,374.65,374.15,374.45,56195,0
2026-03-02 12:05:00+05:30,374.65,374.65,374.05,374.4,44969,0
2026-03-02 12:10:00+05:30,374.4,374.5,373.4,373.4,86248,0
2026-03-02 12:15:00+05:30,373.4,373.65,373.05,373.3,164493,0
2026-03-02 12:20:00+05:30,373.3,373.45,373.0,373.05,68794,0
2026-03-02 12:25:00+05:30,373.05,373.15,372.6,373.0,77404,0
2026-03-02 12:30:00+05:30,373.0,373.0,372.6,372.7,80964,0
2026-03-02 12:35:00+05:30,372.8,373.0,372.0,372.3,129421,0
2026-03-02 12:40:00+05:30,372.3,372.45,371.75,372.15,128457,0
2026-03-02 12:45:00+05:30,372.0,372.3,371.7,371.9,120188,0
2026-03-02 12:50:00+05:30,371.9,372.75,371.55,372.25,191899,0
2026-03-02 12:55:00+05:30,372.35,373.1,371.85,372.95,208045,0
2026-03-02 13:00:00+05:30,372.95,373.85,372.7,373.45,155738,0
2026-03-02 13:05:00+05:30,373.45,373.5,373.15,373.2,71200,0
2026-03-02 13:10:00+05:30,373.2,373.85,373.0,373.0,98307,0
2026-03-02 13:15:00+05:30,373.05,373.4,372.0,372.3,177167,0
2026-03-02 13:20:00+05:30,372.3,372.55,372.1,372.35,90787,0
2026-03-02 13:25:00+05:30,372.35,372.4,371.85,371.95,145638,0
2026-03-02 13:30:00+05:30,372.0,372.45,371.8,371.85,105787,0
2026-03-02 13:35:00+05:30,371.85,372.35,371.8,371.85,100427,0
2026-03-02 13:40:00+05:30,371.95,372.15,371.25,371.8,151230,0
2026-03-02 13:45:00+05:30,371.8,372.0,371.05,371.25,122043,0
2026-03-02 13:50:00+05:30,371.1,371.25,370.35,370.35,122296,0
2026-03-02 13:55:00+05:30,370.55,371.1,370.1,370.1,219877,0
2026-03-02 14:00:00+05:30,370.3,372.1,369.95,371.35,227627,0
2026-03-02 14:05:00+05:30,371.3,372.9,371.3,372.0,173264,0
2026-03-02 14:10:00+05:30,372.0,373.35,371.9,372.75,106506,0
2026-03-02 14:15:00+05:30,372.75,373.75,372.4,373.45,135422,0
2026-03-02 14:20:00+05:30,373.35,373.9,372.9,373.75,151109,0
2026-03-02 14:25:00+05:30,373.65,373.8,373.0,373.05,161385,0
2026-03-02 14:30:00+05:30,373.05,373.95,372.9,373.95,274964,0
2026-03-02 14:35:00+05:30,373.95,374.9,373.7,374.55,257693,0
2026-03-02 14:40:00+05:30,374.5,375.55,374.5,375.0,193682,0
2026-03-02 14:45:00+05:30,375.1,375.75,374.75,375.5,240948,0
2026-03-02 14:50:00+05:30,375.35,376.2,375.05,376.0,353895,0
2026-03-02 14:55:00+05:30,376.05,376.35,375.55,376.05,835741,0
2026-03-02 15:00:00+05:30,376.05,377.85,375.75,377.25,696513,0
2026-03-02 15:05:00+05:30,377.25,378.1,377.1,377.9,797628,0
2026-03-02 15:10:00+05:30,377.9,378.95,377.25,377.3,1041999,0
2026-03-02 15:15:00+05:30,377.3,377.75,377.0,377.3,401517,0
2026-03-02 15:20:00+05:30,377.35,377.9,376.35,376.5,647553,0
2026-03-02 15:25:00+05:30,376.45,377.0,376.0,377.0,302454,0
2026-03-04 09:15:00+05:30,370.75,373.85,368.7,370.15,870096,0
2026-03-04 09:20:00+05:30,370.4,370.4,367.9,367.95,167720,0
2026-03-04 09:25:00+05:30,367.95,368.2,366.6,366.75,166852,0
2026-03-04 09:30:00+05:30,366.9,367.75,366.5,366.7,135595,0
2026-03-04 09:35:00+05:30,366.85,367.6,366.35,367.15,157138,0
2026-03-04 09:40:00+05:30,367.15,369.45,367.1,369.45,208296,0
2026-03-04 09:45:00+05:30,369.35,370.35,367.5,368.0,615388,0
2026-03-04 09:50:00+05:30,368.0,368.55,367.2,368.5,79708,0
2026-03-04 09:55:00+05:30,368.55,368.55,366.6,366.75,102622,0
2026-03-04 10:00:00+05:30,366.75,367.5,366.0,366.9,76430,0
2026-03-04 10:05:00+05:30,366.85,367.6,366.4,367.5,73416,0
2026-03-04 10:10:00+05:30,367.5,368.15,367.05,368.1,57483,0
2026-03-04 10:15:00+05:30,368.1,368.55,367.5,367.55,93351,0
2026-03-04 10:20:00+05:30,367.55,367.75,366.75,367.15,86950,0
2026-03-04 10:25:00+05:30,367.15,367.65,366.95,367.2,59775,0
2026-03-04 10:30:00+05:30,367.3,367.45,366.4,366.5,51589,0
2026-03-04 10:35:00+05:30,366.5,366.9,366.2,366.35,41672,0
2026-03-04 10:40:00+05:30,366.35,366.55,365.7,365.9,58565,0
2026-03-04 10:45:00+05:30,365.9,366.85,365.85,366.25,46006,0
2026-03-04 10:50:00+05:30,366.25,366.5,365.9,366.35,46866,0
2026-03-04 10:55:00+05:30,366.35,366.5,365.9,366.5,41884,0
2026-03-04 11:00:00+05:30,366.5,366.95,365.95,366.05,45086,0
2026-03-04 11:05:00+05:30,366.05,367.25,365.9,366.8,49065,0
2026-03-04 11:10:00+05:30,366.8,367.25,366.05,366.1,50443,0
2026-03-04 11:15:00+05:30,366.2,366.55,365.8,366.05,63148,0
2026-03-04 11:20:00+05:30,366.05,366.35,365.8,365.95,61060,0
2026-03-04 11:25:00+05:30,365.95,366.0,365.35,365.35,59287,0
2026-03-04 11:30:00+05:30,365.45,366.05,365.15,365.7,163519,0
2026-03-04 11:35:00+05:30,365.7,366.3,365.55,365.65,55151,0
2026-03-04 11:40:00+05:30,365.65,366.25,365.55,365.8,56522,0
2026-03-04 11:45:00+05:30,365.8,365.9,365.3,365.65,98956,0
2026-03-04 11:50:00+05:30,365.65,366.15,365.35,365.55,81333,0
2026-03-04 11:55:00+05:30,365.55,365.95,365.4,365.6,211372,0
2026-03-04 12:00:00+05:30,365.55,366.1,365.45,365.95,103701,0
2026-03-04 12:05:00+05:30,365.85,365.95,365.35,365.5,72400,0
2026-03-04 12:10:00+05:30,365.6,365.95,365.35,365.45,70418,0
2026-03-04 12:15:00+05:30,365.45,365.5,364.7,365.0,122070,0
2026-03-04 12:20:00+05:30,365.0,365.1,364.65,364.85,101309,0
2026-03-04 12:25:00+05:30,364.85,365.3,364.8,365.0,131712,0
2026-03-04 12:30:00+05:30,365.0,365.3,364.85,365.15,102608,0
2026-03-04 12:35:00+05:30,365.15,365.4,364.85,365.0,103637,0
2026-03-04 12:40:00+05:30,365.15,365.15,364.35,364.8,101854,0
2026-03-04 12:45:00+05:30,364.8,365.1,364.5,364.6,80519,0
2026-03-04 12:50:00+05:30,364.55,366.9,364.55,366.25,225111,0
2026-03-04 12:55:00+05:30,366.25,366.4,365.8,366.05,100875,0
2026-03-04 13:00:00+05:30,366.05,366.95,365.8,366.15,153470,0
2026-03-04 13:05:00+05:30,366.15,366.7,366.05,366.55,208133,0
2026-03-04 13:10:00+05:30,366.6,367.5,366.45,366.95,338383,0
2026-03-04 13:15:00+05:30,367.0,367.05,366.05,366.3,330065,0
2026-03-04 13:20:00+05:30,366.4,366.95,366.1,366.75,107591,0
2026-03-04 13:25:00+05:30,366.8,367.45,366.35,366.5,197374,0
2026-03-04 13:30:00+05:30,366.5,367.2,366.3,366.35,94862,0
2026-03-04 13:35:00+05:30,366.4,366.7,366.1,366.55,99419,0
2026-03-04 13:40:00+05:30,366.55,366.65,366.05,366.45,100834,0
2026-03-04 13:45:00+05:30,366.45,366.65,366.0,366.1,104546,0
2026-03-04 13:50:00+05:30,366.1,366.3,365.8,366.05,140242,0
2026-03-04 13:55:00+05:30,366.0,366.2,365.3,366.05,397991,0
2026-03-04 14:00:00+05:30,366.1,366.4,365.95,366.25,107225,0
2026-03-04 14:05:00+05:30,366.25,366.8,365.65,366.75,159333,0
2026-03-04 14:10:00+05:30,366.75,368.0,366.5,367.95,129503,0
2026-03-04 14:15:00+05:30,367.95,368.45,367.5,367.7,119855,0
2026-03-04 14:20:00+05:30,367.7,367.75,366.95,367.1,127134,0
2026-03-04 14:25:00+05:30,367.1,367.35,366.35,366.6,114976,0
2026-03-04 14:30:00+05:30,366.6,366.95,366.1,366.55,99560,0
2026-03-04 14:35:00+05:30,366.6,366.85,366.0,366.65,127968,0
2026-03-04 14:40:00+05:30,366.65,367.3,366.65,367.1,131670,0
2026-03-04 14:45:00+05:30,367.1,367.35,366.5,367.05,123717,0
2026-03-04 14:50:00+05:30,367.0,367.45,366.6,366.95,157694,0
2026-03-04 14:55:00+05:30,366.85,367.4,366.65,367.05,145410,0
2026-03-04 15:00:00+05:30,366.9,367.5,366.25,366.25,236557,0
2026-03-04 15:05:00+05:30,366.25,366.6,365.75,366.05,298023,0
2026-03-04 15:10:00+05:30,366.0,366.1,364.85,365.55,405093,0
2026-03-04 15:15:00+05:30,365.5,365.9,365.15,365.9,270583,0
2026-03-04 15:20:00+05:30,365.85,366.1,365.45,365.65,351623,0
2026-03-04 15:25:00+05:30,365.55,366.1,364.1,364.95,503892,0
2026-03-05 09:15:00+05:30,366.95,370.0,366.6,369.75,470475,0
2026-03-05 09:20:00+05:30,369.8,372.2,369.35,372.2,390634,0
2026-03-05 09:25:00+05:30,372.1,372.4,371.5,371.65,592770,0
2026-03-05 09:30:00+05:30,371.75,371.8,370.75,371.3,199708,0
2026-03-05 09:35:00+05:30,371.35,372.0,370.5,370.7,429315,0
2026-03-05 09:40:00+05:30,370.65,372.3,370.0,372.3,270141,0
2026-03-05 09:45:00+05:30,372.25,373.0,372.25,372.9,203517,0
2026-03-05 09:50:00+05:30,372.75,374.1,372.75,374.05,254746,0
2026-03-05 09:55:00+05:30,374.0,375.1,373.95,375.0,197356,0
2026-03-05 10:00:00+05:30,375.0,375.25,374.3,375.1,167371,0
2026-03-05 10:05:00+05:30,375.15,375.75,375.1,375.45,156244,0
2026-03-05 10:10:00+05:30,375.45,375.55,374.75,374.85,128494,0
2026-03-05 10:15:00+05:30,374.9,375.6,374.85,375.05,164314,0
2026-03-05 10:20:00+05:30,375.05,375.2,374.6,375.0,204164,0
2026-03-05 10:25:00+05:30,375.0,375.1,374.1,374.55,191339,0
2026-03-05 10:30:00+05:30,374.4,375.0,374.05,374.95,241795,0
2026-03-05 10:35:00+05:30,375.0,377.25,374.95,377.15,220677,0
2026-03-05 10:40:00+05:30,377.2,377.25,376.25,376.45,237079,0
2026-03-05 10:45:00+05:30,376.45,377.0,376.3,376.3,94760,0
2026-03-05 10:50:00+05:30,376.3,376.55,376.05,376.4,71922,0
2026-03-05 10:55:00+05:30,376.4,376.75,375.9,376.2,72220,0
2026-03-05 11:00:00+05:30,376.2,376.4,375.35,375.45,63335,0
2026-03-05 11:05:00+05:30,375.4,375.95,375.2,375.95,66269,0
2026-03-05 11:10:00+05:30,376.0,376.5,375.85,376.15,101870,0
2026-03-05 11:15:00+05:30,376.05,377.2,375.9,377.0,108556,0
2026-03-05 11:20:00+05:30,376.8,377.15,376.6,376.9,155287,0
2026-03-05 11:25:00+05:30,376.9,377.1,376.25,376.7,286053,0
2026-03-05 11:30:00+05:30,376.55,377.0,376.5,376.75,113483,0
2026-03-05 11:35:00+05:30,376.65,376.65,375.8,376.35,229806,0
2026-03-05 11:40:00+05:30,376.55,376.55,375.85,376.1,134582,0
2026-03-05 11:45:00+05:30,376.1,376.25,375.15,375.5,217013,0
2026-03-05 11:50:00+05:30,375.5,376.3,375.05,376.2,272084,0
2026-03-05 11:55:00+05:30,376.25,376.3,375.35,375.95,103060,0
2026-03-05 12:00:00+05:30,375.95,376.05,375.0,375.1,101539,0
2026-03-05 12:05:00+05:30,375.15,376.0,375.0,375.7,164726,0
2026-03-05 12:10:00+05:30,375.7,376.3,375.35,376.25,94250,0
2026-03-05 12:15:00+05:30,376.25,376.4,375.9,376.2,79872,0
2026-03-05 12:20:00+05:30,376.2,377.5,376.0,376.85,296476,0
2026-03-05 12:25:00+05:30,376.85,377.25,376.55,377.1,95665,0
2026-03-05 12:30:00+05:30,377.0,378.3,377.0,378.0,256445,0
2026-03-05 12:35:00+05:30,378.05,378.1,377.9,378.1,191000,0
2026-03-05 12:40:00+05:30,378.0,378.1,378.0,378.05,161891,0
2026-03-05 12:45:00+05:30,378.05,378.1,377.95,378.0,389984,0
2026-03-05 12:50:00+05:30,378.05,378.55,378.0,378.35,133346,0
2026-03-05 12:55:00+05:30,378.45,378.7,378.0,378.5,129076,0
2026-03-05 13:00:00+05:30,378.6,378.95,378.0,378.05,115388,0
2026-03-05 13:05:00+05:30,378.0,378.25,376.1,376.3,487203,0
2026-03-05 13:10:00+05:30,376.25,376.5,375.95,376.2,108887,0
2026-03-05 13:15:00+05:30,376.3,376.9,376.1,376.75,115369,0
2026-03-05 13:20:00+05:30,376.75,377.2,376.5,376.85,114857,0
2026-03-05 13:25:00+05:30,376.8,377.05,376.5,377.05,140874,0
2026-03-05 13:30:00+05:30,377.05,377.3,376.6,377.0,93622,0
2026-03-05 13:35:00+05:30,377.0,377.15,376.2,376.4,117232,0
2026-03-05 13:40:00+05:30,376.45,376.8,376.0,376.45,127622,0
2026-03-05 13:45:00+05:30,376.45,376.95,376.2,376.2,151570,0
2026-03-05 13:50:00+05:30,376.2,376.55,376.0,376.1,106021,0
2026-03-05 13:55:00+05:30,376.15,376.35,376.0,376.05,104739,0
2026-03-05 14:00:00+05:30,375.9,376.45,375.5,376.2,148071,0
2026-03-05 14:05:00+05:30,376.2,376.35,375.65,375.95,121674,0
2026-03-05 14:10:00+05:30,375.9,376.05,375.35,375.65,132589,0
2026-03-05 14:15:00+05:30,375.7,376.05,375.1,375.15,169043,0
2026-03-05 14:20:00+05:30,375.15,376.3,375.1,376.05,225882,0
2026-03-05 14:25:00+05:30,376.0,376.5,376.0,376.35,152241,0
2026-03-05 14:30:00+05:30,376.25,376.25,375.5,375.55,127078,0
2026-03-05 14:35:00+05:30,375.6,376.9,375.2,376.9,205478,0
2026-03-05 14:40:00+05:30,376.9,377.8,376.5,376.6,244365,0
2026-03-05 14:45:00+05:30,376.7,377.45,376.3,377.45,190269,0
2026-03-05 14:50:00+05:30,377.45,378.55,377.0,378.4,337719,0
2026-03-05 14:55:00+05:30,378.35,379.8,378.35,379.6,203622,0
2026-03-05 15:00:00+05:30,379.65,379.9,377.65,377.75,429601,0
2026-03-05 15:05:00+05:30,377.85,378.85,377.7,378.25,349746,0
2026-03-05 15:10:00+05:30,378.25,378.3,377.25,377.35,409340,0
2026-03-05 15:15:00+05:30,377.4,378.2,377.2,377.8,591388,0
2026-03-05 15:20:00+05:30,377.9,378.05,377.25,377.75,757535,0
2026-03-05 15:25:00+05:30,377.8,378.9,377.2,377.7,672819,0
2026-03-06 09:15:00+05:30,377.0,377.8,374.65,377.0,294942,0
2026-03-06 09:20:00+05:30,377.0,381.8,376.5,381.3,391432,0
2026-03-06 09:25:00+05:30,381.1,381.7,380.45,381.3,178434,0
2026-03-06 09:30:00+05:30,381.75,383.75,381.0,383.6,753938,0
2026-03-06 09:35:00+05:30,383.55,384.45,383.1,383.25,427266,0
2026-03-06 09:40:00+05:30,383.25,385.3,383.25,385.2,443387,0
2026-03-06 09:45:00+05:30,385.2,385.55,384.5,385.1,676049,0
2026-03-06 09:50:00+05:30,385.05,385.35,383.75,384.15,833934,0
2026-03-06 09:55:00+05:30,384.35,384.35,382.4,382.75,305393,0
2026-03-06 10:00:00+05:30,382.85,383.65,382.75,383.15,158405,0
2026-03-06 10:05:00+05:30,383.3,384.45,383.1,383.7,154016,0
2026-03-06 10:10:00+05:30,383.9,384.25,383.6,383.6,55264,0
2026-03-06 10:15:00+05:30,383.8,384.15,383.25,383.25,56179,0
2026-03-06 10:20:00+05:30,383.35,383.95,383.0,383.95,60826,0
2026-03-06 10:25:00+05:30,383.95,384.0,383.55,383.75,67290,0
2026-03-06 10:30:00+05:30,383.7,383.7,382.05,382.65,114447,0
2026-03-06 10:35:00+05:30,382.65,382.8,382.3,382.55,81385,0
2026-03-06 10:40:00+05:30,382.55,382.75,382.3,382.3,48899,0
2026-03-06 10:45:00+05:30,382.3,382.35,381.7,381.95,96518,0
2026-03-06 10:50:00+05:30,381.95,382.9,381.05,381.25,183403,0
2026-03-06 10:55:00+05:30,381.15,381.75,381.15,381.55,63133,0
2026-03-06 11:00:00+05:30,381.8,384.25,381.75,384.2,483269,0
2026-03-06 11:05:00+05:30,384.15,384.55,383.9,384.55,131267,0
2026-03-06 11:10:00+05:30,384.6,384.9,384.0,384.1,73155,0
2026-03-06 11:15:00+05:30,384.0,384.35,383.35,384.05,328263,0
2026-03-06 11:20:00+05:30,384.15,384.75,383.85,384.4,192292,0
2026-03-06 11:25:00+05:30,384.25,384.4,383.75,384.1,240412,0
2026-03-06 11:30:00+05:30,384.1,384.3,383.4,383.75,103437,0
2026-03-06 11:35:00+05:30,383.8,384.2,383.65,383.85,70250,0
2026-03-06 11:40:00+05:30,383.95,384.3,383.65,383.95,105683,0
2026-03-06 11:45:00+05:30,383.85,385.2,383.7,385.1,263573,0
2026-03-06 11:50:00+05:30,385.2,385.2,384.2,384.4,91264,0
2026-03-06 11:55:00+05:30,384.4,384.75,384.1,384.55,62244,0
2026-03-06 12:00:00+05:30,384.55,384.65,383.65,384.0,98093,0
2026-03-06 12:05:00+05:30,383.95,384.85,383.95,384.45,183675,0
2026-03-06 12:10:00+05:30,384.6,385.1,384.4,384.7,233127,0
2026-03-06 12:15:00+05:30,384.75,385.0,384.55,384.7,218024,0
2026-03-06 12:20:00+05:30,384.9,385.1,384.7,384.95,172889,0
2026-03-06 12:25:00+05:30,385.1,385.15,383.95,384.45,292921,0
2026-03-06 12:30:00+05:30,384.55,384.75,384.0,384.3,116678,0
2026-03-06 12:35:00+05:30,384.5,384.6,384.25,384.35,88957,0
2026-03-06 12:40:00+05:30,384.45,384.75,384.25,384.75,96263,0
2026-03-06 12:45:00+05:30,384.6,384.95,384.25,384.45,74806,0
2026-03-06 12:50:00+05:30,384.55,385.0,384.4,384.8,78277,0
2026-03-06 12:55:00+05:30,384.8,384.85,384.4,384.5,103247,0
2026-03-06 13:00:00+05:30,384.5,385.0,384.4,384.6,100070,0
2026-03-06 13:05:00+05:30,384.75,384.75,384.25,384.3,83973,0
2026-03-06 13:10:00+05:30,384.4,384.45,384.0,384.25,77739,0
2026-03-06 13:15:00+05:30,384.2,384.8,384.2,384.35,84772,0
2026-03-06 13:20:00+05:30,384.35,384.45,384.0,384.1,91849,0
2026-03-06 13:25:00+05:30,384.05,384.3,384.05,384.2,71854,0
2026-03-06 13:30:00+05:30,384.1,384.25,383.7,384.0,132879,0
2026-03-06 13:35:00+05:30,384.0,384.9,383.7,384.5,150559,0
2026-03-06 13:40:00+05:30,384.5,384.6,384.0,384.35,82878,0
2026-03-06 13:45:00+05:30,384.35,384.45,383.8,384.05,87222,0
2026-03-06 13:50:00+05:30,384.05,384.5,384.05,384.25,84998,0
2026-03-06 13:55:00+05:30,384.3,384.45,383.7,384.0,105718,0
2026-03-06 14:00:00+05:30,383.95,384.5,383.8,384.0,145795,0
2026-03-06 14:05:00+05:30,383.8,384.4,383.8,384.15,203566,0
2026-03-06 14:10:00+05:30,384.15,384.3,384.0,384.05,230418,0
2026-03-06 14:15:00+05:30,384.15,385.0,384.15,384.6,160755,0
2026-03-06 14:20:00+05:30,384.6,384.6,384.0,384.05,115492,0
2026-03-06 14:25:00+05:30,384.1,384.3,384.0,384.0,161153,0
2026-03-06 14:30:00+05:30,384.1,384.35,384.0,384.0,128230,0
2026-03-06 14:35:00+05:30,384.15,384.35,383.05,383.15,230231,0
2026-03-06 14:40:00+05:30,383.15,383.95,383.05,383.6,532335,0
2026-03-06 14:45:00+05:30,383.55,383.95,381.6,382.2,395649,0
2026-03-06 14:50:00+05:30,381.95,383.0,381.7,382.5,166882,0
2026-03-06 14:55:00+05:30,382.35,382.5,381.55,381.7,94316,0
2026-03-06 15:00:00+05:30,381.9,381.9,380.25,380.55,243109,0
2026-03-06 15:05:00+05:30,380.45,380.9,380.25,380.55,170703,0
2026-03-06 15:10:00+05:30,380.8,380.85,379.85,380.0,368344,0
2026-03-06 15:15:00+05:30,379.95,380.2,379.4,380.05,340409,0
2026-03-06 15:20:00+05:30,380.05,381.85,379.9,380.8,550503,0
2026-03-06 15:25:00+05:30,380.45,381.7,380.05,381.15,201501,0
2026-03-09 09:15:00+05:30,373.0,379.0,373.0,375.95,1345485,0
2026-03-09 09:20:00+05:30,375.8,376.15,374.3,375.0,550350,0
2026-03-09 09:25:00+05:30,375.0,375.5,373.35,375.1,319095,0
2026-03-09 09:30:00+05:30,375.1,376.4,374.7,375.65,662822,0
2026-03-09 09:35:00+05:30,375.7,375.75,372.7,374.8,329902,0
2026-03-09 09:40:00+05:30,375.0,375.85,374.65,374.8,418564,0
2026-03-09 09:45:00+05:30,374.8,375.35,374.2,374.8,146543,0
2026-03-09 09:50:00+05:30,374.8,375.15,373.85,374.5,114867,0
2026-03-09 09:55:00+05:30,374.6,374.65,373.0,373.4,90940,0
2026-03-09 10:00:00+05:30,373.4,374.25,372.65,372.8,103357,0
2026-03-09 10:05:00+05:30,372.75,373.5,372.55,373.25,115110,0
2026-03-09 10:10:00+05:30,373.25,374.5,373.0,373.55,68290,0
2026-03-09 10:15:00+05:30,373.55,374.8,373.0,374.8,356035,0
2026-03-09 10:20:00+05:30,374.75,375.8,374.65,375.8,112016,0
2026-03-09 10:25:00+05:30,375.8,376.6,375.6,376.25,120008,0
2026-03-09 10:30:00+05:30,376.25,376.5,375.75,375.75,146421,0
2026-03-09 10:35:00+05:30,375.9,375.9,374.65,374.8,59789,0
2026-03-09 10:40:00+05:30,374.8,376.05,374.6,375.7,470709,0
2026-03-09 10:45:00+05:30,375.7,375.7,374.2,374.55,75980,0
2026-03-09 10:50:00+05:30,374.55,376.75,374.2,376.1,234666,0
2026-03-09 10:55:00+05:30,376.1,376.7,374.9,375.1,136798,0
2026-03-09 11:00:00+05:30,375.05,375.4,374.8,374.95,48557,0
2026-03-09 11:05:00+05:30,374.95,375.05,373.6,373.65,54682,0
2026-03-09 11:10:00+05:30,373.65,373.7,372.25,373.5,89811,0
2026-03-09 11:15:00+05:30,373.5,373.75,372.8,373.6,36510,0
2026-03-09 11:20:00+05:30,373.7,373.7,373.2,373.35,60523,0
2026-03-09 11:25:00+05:30,373.35,374.8,373.1,374.65,79275,0
2026-03-09 11:30:00+05:30,374.65,374.9,374.25,374.65,37193,0
2026-03-09 11:35:00+05:30,374.65,374.9,374.5,374.7,36670,0
2026-03-09 11:40:00+05:30,374.7,375.35,374.35,374.9,70302,0
2026-03-09 11:45:00+05:30,374.9,375.3,374.65,375.0,37659,0
2026-03-09 11:50:00+05:30,375.0,375.1,374.65,374.85,39971,0
2026-03-09 11:55:00+05:30,374.85,374.95,374.35,374.45,57635,0
2026-03-09 12:00:00+05:30,374.45,374.45,373.85,374.05,71483,0
2026-03-09 12:05:00+05:30,374.05,374.1,372.95,373.35,341658,0
2026-03-09 12:10:00+05:30,373.35,373.65,373.05,373.4,70677,0
2026-03-09 12:15:00+05:30,373.4,373.75,373.0,373.3,69328,0
2026-03-09 12:20:00+05:30,373.35,373.65,373.0,373.65,73411,0
2026-03-09 12:25:00+05:30,373.65,373.65,373.05,373.15,68131,0
2026-03-09 12:30:00+05:30,373.15,373.45,373.0,373.0,72274,0
2026-03-09 12:35:00+05:30,373.2,373.2,372.8,373.05,70892,0
2026-03-09 12:40:00+05:30,373.05,373.45,372.9,373.25,69424,0
2026-03-09 12:45:00+05:30,373.25,373.7,372.9,372.9,87090,0
2026-03-09 12:50:00+05:30,373.1,373.8,372.9,373.6,91657,0
2026-03-09 12:55:00+05:30,373.6,373.85,373.35,373.5,70498,0
2026-03-09 13:00:00+05:30,373.5,373.7,373.2,373.2,110184,0
2026-03-09 13:05:00+05:30,373.3,373.4,372.9,373.25,118571,0
2026-03-09 13:10:00+05:30,373.25,373.25,371.4,371.85,195997,0
2026-03-09 13:15:00+05:30,371.95,372.85,371.85,372.85,73714,0
2026-03-09 13:20:00+05:30,372.85,373.1,372.3,372.45,74549,0
2026-03-09 13:25:00+05:30,372.45,373.5,372.3,373.35,94943,0
2026-03-09 13:30:00+05:30,373.5,374.9,373.4,374.5,128197,0
2026-03-09 13:35:00+05:30,374.5,374.9,374.1,374.65,80323,0
2026-03-09 13:40:00+05:30,374.6,374.95,374.15,374.35,106418,0
2026-03-09 13:45:00+05:30,374.3,375.2,374.15,374.45,125996,0
2026-03-09 13:50:00+05:30,374.6,374.9,374.35,374.8,86872,0
2026-03-09 13:55:00+05:30,374.8,374.8,374.1,374.4,80743,0
2026-03-09 14:00:00+05:30,374.55,374.55,373.6,373.9,72321,0
2026-03-09 14:05:00+05:30,374.0,374.25,373.6,373.85,83343,0
2026-03-09 14:10:00+05:30,373.85,374.35,373.7,374.0,80799,0
2026-03-09 14:15:00+05:30,374.1,374.6,373.85,374.0,78333,0
2026-03-09 14:20:00+05:30,374.1,374.25,373.8,374.05,87766,0
2026-03-09 14:25:00+05:30,374.0,374.6,374.0,374.1,83378,0
2026-03-09 14:30:00+05:30,374.1,374.65,374.05,374.5,114054,0
2026-03-09 14:35:00+05:30,374.5,374.6,374.0,374.05,77234,0
2026-03-09 14:40:00+05:30,374.1,374.4,373.5,373.95,86418,0
2026-03-09 14:45:00+05:30,374.0,375.1,373.85,374.1,105325,0
2026-03-09 14:50:00+05:30,374.05,374.65,373.6,374.4,97551,0
2026-03-09 14:55:00+05:30,374.4,375.05,374.35,375.0,105690,0
2026-03-09 15:00:00+05:30,375.0,376.75,374.55,376.55,227078,0
2026-03-09 15:05:00+05:30,376.55,376.9,375.25,376.4,192164,0
2026-03-09 15:10:00+05:30,376.3,376.85,376.0,376.3,188641,0
2026-03-09 15:15:00+05:30,376.3,377.8,376.05,377.55,209396,0
2026-03-09 15:20:00+05:30,377.55,377.55,376.65,377.2,170515,0
2026-03-09 15:25:00+05:30,377.2,377.35,375.3,375.85,166758,0
2026-03-10 09:15:00+05:30,385.0,385.45,377.5,378.05,811766,0
2026-03-10 09:20:00+05:30,378.1,378.8,377.05,377.3,227331,0
2026-03-10 09:25:00+05:30,377.25,378.2,376.65,377.75,116247,0
2026-03-10 09:30:00+05:30,377.75,379.0,377.25,378.95,115817,0
2026-03-10 09:35:00+05:30,378.95,379.2,378.3,378.6,194695,0
2026-03-10 09:40:00+05:30,378.6,379.5,378.3,378.8,124287,0
2026-03-10 09:45:00+05:30,378.85,379.0,378.15,378.45,83086,0
2026-03-10 09:50:00+05:30,378.4,378.85,377.4,377.75,184750,0
2026-03-10 09:55:00+05:30,377.75,377.75,376.8,377.4,125668,0
2026-03-10 10:00:00+05:30,377.45,378.7,377.25,378.1,323884,0
2026-03-10 10:05:00+05:30,378.1,379.0,378.05,378.8,82205,0
2026-03-10 10:10:00+05:30,378.75,378.95,378.5,378.85,63858,0
2026-03-10 10:15:00+05:30,378.85,379.45,378.75,379.0,103542,0
2026-03-10 10:20:00+05:30,379.0,379.0,378.2,378.45,95445,0
2026-03-10 10:25:00+05:30,378.5,378.65,377.3,377.65,136204,0
2026-03-10 10:30:00+05:30,377.6,378.6,377.55,378.25,82437,0
2026-03-10 10:35:00+05:30,378.25,378.3,377.15,377.8,143294,0
2026-03-10 10:40:00+05:30,377.8,378.4,377.75,378.25,47153,0
2026-03-10 10:45:00+05:30,378.2,379.0,378.05,378.8,65499,0
2026-03-10 10:50:00+05:30,378.75,378.9,377.65,377.9,51418,0
2026-03-10 10:55:00+05:30,377.95,378.2,377.6,378.15,29252,0
2026-03-10 11:00:00+05:30,378.15,379.35,377.95,379.3,136811,0
2026-03-10 11:05:00+05:30,379.3,379.6,379.0,379.2,247315,0
2026-03-10 11:10:00+05:30,379.25,380.35,379.2,380.3,200309,0
2026-03-10 11:15:00+05:30,380.3,381.0,380.25,380.65,291977,0
2026-03-10 11:20:00+05:30,380.65,380.7,380.0,380.25,95818,0
2026-03-10 11:25:00+05:30,380.3,380.4,379.6,380.4,172409,0
2026-03-10 11:30:00+05:30,380.4,381.3,380.25,380.65,551492,0
2026-03-10 11:35:00+05:30,380.7,380.75,380.3,380.45,162386,0
2026-03-10 11:40:00+05:30,380.45,380.6,380.35,380.45,39567,0
2026-03-10 11:45:00+05:30,380.45,380.55,379.55,379.6,153149,0
2026-03-10 11:50:00+05:30,379.65,379.7,378.85,378.95,140750,0
2026-03-10 11:55:00+05:30,378.9,379.45,378.8,378.85,235967,0
2026-03-10 12:00:00+05:30,378.85,379.0,378.05,378.25,84245,0
2026-03-10 12:05:00+05:30,378.2,378.25,377.85,378.05,79777,0
2026-03-10 12:10:00+05:30,378.0,378.05,377.2,377.2,75070,0
2026-03-10 12:15:00+05:30,377.2,377.65,376.75,377.55,128066,0
2026-03-10 12:20:00+05:30,377.55,377.65,376.5,376.6,58245,0
2026-03-10 12:25:00+05:30,376.6,376.8,376.3,376.4,51469,0
2026-03-10 12:30:00+05:30,376.4,376.45,375.75,375.95,99624,0
2026-03-10 12:35:00+05:30,376.0,376.9,375.9,376.9,87585,0
2026-03-10 12:40:00+05:30,376.9,377.3,376.7,377.0,114900,0
2026-03-10 12:45:00+05:30,377.0,377.85,376.7,377.85,130162,0
2026-03-10 12:50:00+05:30,377.75,378.55,377.4,377.9,227547,0
2026-03-10 12:55:00+05:30,377.9,378.0,377.05,377.35,71152,0
2026-03-10 13:00:00+05:30,377.35,377.8,377.05,377.55,83636,0
2026-03-10 13:05:00+05:30,377.55,377.6,376.5,376.95,91056,0
2026-03-10 13:10:00+05:30,377.0,377.35,376.05,376.55,81268,0
2026-03-10 13:15:00+05:30,376.6,376.65,375.55,376.2,105479,0
2026-03-10 13:20:00+05:30,376.2,376.25,375.0,375.0,88805,0
2026-03-10 13:25:00+05:30,375.0,375.45,374.85,375.4,61957,0
2026-03-10 13:30:00+05:30,375.35,376.35,375.35,376.35,67173,0
2026-03-10 13:35:00+05:30,376.3,377.55,376.25,377.4,166551,0
2026-03-10 13:40:00+05:30,377.45,378.05,376.4,376.65,118974,0
2026-03-10 13:45:00+05:30,376.6,376.85,376.45,376.85,47824,0
2026-03-10 13:50:00+05:30,376.85,377.55,376.8,377.4,110182,0
2026-03-10 13:55:00+05:30,377.3,377.5,377.2,377.25,47998,0
2026-03-10 14:00:00+05:30,377.25,377.4,376.9,377.15,102604,0
2026-03-10 14:05:00+05:30,377.15,378.35,377.0,378.25,126168,0
2026-03-10 14:10:00+05:30,378.3,378.45,377.95,378.3,159746,0
2026-03-10 14:15:00+05:30,378.3,378.95,377.75,378.0,135945,0
2026-03-10 14:20:00+05:30,377.95,378.0,377.25,377.65,53751,0
2026-03-10 14:25:00+05:30,377.65,377.8,377.0,377.25,67577,0
2026-03-10 14:30:00+05:30,377.25,377.5,376.75,376.9,76967,0
2026-03-10 14:35:00+05:30,376.9,377.75,376.9,377.25,87433,0
2026-03-10 14:40:00+05:30,377.3,377.45,376.3,377.0,182158,0
2026-03-10 14:45:00+05:30,377.0,377.8,376.4,377.8,153408,0
2026-03-10 14:50:00+05:30,377.75,377.85,377.1,377.4,99385,0
2026-03-10 14:55:00+05:30,377.4,377.75,377.15,377.4,116641,0
2026-03-10 15:00:00+05:30,377.45,377.5,376.15,376.75,272151,0
2026-03-10 15:05:00+05:30,376.75,377.75,376.65,377.3,247363,0
2026-03-10 15:10:00+05:30,377.25,377.5,376.8,377.15,236295,0
2026-03-10 15:15:00+05:30,377.2,377.7,377.15,377.6,285074,0
2026-03-10 15:20:00+05:30,377.5,378.25,377.25,378.25,290903,0
2026-03-10 15:25:00+05:30,378.2,378.35,377.3,377.5,266930,0
2026-03-11 09:15:00+05:30,377.5,381.5,376.45,378.6,233783,0
2026-03-11 09:20:00+05:30,378.8,381.85,378.4,381.0,161061,0
2026-03-11 09:25:00+05:30,380.95,382.0,380.9,381.55,106972,0
2026-03-11 09:30:00+05:30,381.55,382.85,381.05,382.5,94459,0
2026-03-11 09:35:00+05:30,382.5,382.95,381.1,381.8,95637,0
2026-03-11 09:40:00+05:30,381.8,383.3,381.5,383.2,102955,0
2026-03-11 09:45:00+05:30,383.2,383.4,382.15,382.3,70272,0
2026-03-11 09:50:00+05:30,382.3,382.5,381.55,381.55,64612,0
2026-03-11 09:55:00+05:30,381.65,382.85,381.55,382.1,56829,0
2026-03-11 10:00:00+05:30,382.2,382.5,381.25,382.3,98839,0
2026-03-11 10:05:00+05:30,382.25,382.5,381.7,381.8,68060,0
2026-03-11 10:10:00+05:30,381.8,381.9,381.5,381.75,42274,0
2026-03-11 10:15:00+05:30,381.75,382.75,381.6,382.55,68915,0
2026-03-11 10:20:00+05:30,382.55,382.85,382.35,382.7,64322,0
2026-03-11 10:25:00+05:30,382.75,382.75,381.35,381.85,119810,0
2026-03-11 10:30:00+05:30,381.95,382.8,381.9,382.65,68281,0
2026-03-11 10:35:00+05:30,382.75,382.8,381.65,382.05,58121,0
2026-03-11 10:40:00+05:30,382.05,382.45,382.0,382.35,82590,0
2026-03-11 10:45:00+05:30,382.3,382.45,381.9,382.15,70255,0
2026-03-11 10:50:00+05:30,382.25,382.3,381.75,382.25,124157,0
2026-03-11 10:55:00+05:30,382.25,382.4,381.8,382.05,120964,0
2026-03-11 11:00:00+05:30,382.1,382.3,381.55,382.1,201776,0
2026-03-11 11:05:00+05:30,382.1,382.1,381.8,382.0,373554,0
2026-03-11 11:10:00+05:30,382.05,382.1,381.05,381.4,466503,0
2026-03-11 11:15:00+05:30,381.4,382.35,380.6,380.8,233334,0
2026-03-11 11:20:00+05:30,380.8,381.15,380.45,381.0,235632,0
2026-03-11 11:25:00+05:30,381.0,381.25,380.9,381.0,225152,0
2026-03-11 11:30:00+05:30,381.0,381.15,380.9,381.0,98038,0
2026-03-11 11:35:00+05:30,381.0,381.8,380.4,380.4,78193,0
2026-03-11 11:40:00+05:30,380.55,381.0,380.35,380.55,73103,0
2026-03-11 11:45:00+05:30,380.65,380.95,380.4,380.7,59000,0
2026-03-11 11:50:00+05:30,380.85,380.85,380.35,380.6,47327,0
2026-03-11 11:55:00+05:30,380.6,380.6,380.0,380.25,61590,0
2026-03-11 12:00:00+05:30,380.25,381.05,380.0,381.05,75334,0
2026-03-11 12:05:00+05:30,381.15,382.95,381.1,382.95,111697,0
2026-03-11 12:10:00+05:30,382.95,383.5,382.5,383.25,82625,0
2026-03-11 12:15:00+05:30,383.3,383.3,382.6,382.75,54834,0
2026-03-11 12:20:00+05:30,382.95,382.95,382.3,382.65,34629,0
2026-03-11 12:25:00+05:30,382.65,382.65,382.1,382.35,52273,0
2026-03-11 12:30:00+05:30,382.45,382.7,382.0,382.25,61021,0
2026-03-11 12:35:00+05:30,382.25,382.25,381.9,382.0,97738,0
2026-03-11 12:40:00+05:30,382.0,382.5,381.9,382.35,100801,0
2026-03-11 12:45:00+05:30,382.45,382.8,382.2,382.7,68730,0
2026-03-11 12:50:00+05:30,382.7,383.9,382.65,383.8,179279,0
2026-03-11 12:55:00+05:30,383.8,383.8,382.55,383.15,194958,0
2026-03-11 13:00:00+05:30,383.15,383.5,382.45,382.55,300000,0
2026-03-11 13:05:00+05:30,382.55,382.65,382.05,382.35,101651,0
2026-03-11 13:10:00+05:30,382.35,382.35,380.75,381.05,154395,0
2026-03-11 13:15:00+05:30,380.95,381.25,380.5,381.05,107708,0
2026-03-11 13:20:00+05:30,381.05,381.3,380.65,381.3,96641,0
2026-03-11 13:25:00+05:30,381.3,381.65,381.0,381.65,96538,0
2026-03-11 13:30:00+05:30,381.65,381.9,381.2,381.45,100276,0
2026-03-11 13:35:00+05:30,381.55,381.7,381.0,381.4,97075,0
2026-03-11 13:40:00+05:30,381.4,381.7,380.85,380.9,89262,0
2026-03-11 13:45:00+05:30,380.95,381.45,380.85,381.25,83004,0
2026-03-11 13:50:00+05:30,381.25,381.6,380.9,381.45,95254,0
2026-03-11 13:55:00+05:30,381.45,381.5,380.85,381.15,80946,0
2026-03-11 14:00:00+05:30,381.15,381.4,380.7,381.4,107041,0
2026-03-11 14:05:00+05:30,381.4,381.65,381.05,381.1,122054,0
2026-03-11 14:10:00+05:30,381.3,381.45,380.85,381.45,112111,0
2026-03-11 14:15:00+05:30,381.45,381.85,381.15,381.3,195190,0
2026-03-11 14:20:00+05:30,381.4,381.55,380.15,380.4,174700,0
2026-03-11 14:25:00+05:30,380.4,381.7,380.2,381.6,171038,0
2026-03-11 14:30:00+05:30,381.6,381.85,380.9,381.15,175202,0
2026-03-11 14:35:00+05:30,381.1,381.35,380.85,381.1,121858,0
2026-03-11 14:40:00+05:30,381.25,381.9,380.95,381.3,134612,0
2026-03-11 14:45:00+05:30,381.3,381.55,380.85,380.9,109076,0
2026-03-11 14:50:00+05:30,381.1,381.15,380.25,380.9,171367,0
2026-03-11 14:55:00+05:30,380.9,380.9,379.35,379.55,152065,0
2026-03-11 15:00:00+05:30,379.55,380.95,379.5,380.6,193123,0
2026-03-11 15:05:00+05:30,380.6,380.8,379.75,380.2,182181,0
2026-03-11 15:10:00+05:30,380.2,380.3,379.8,379.9,228170,0
2026-03-11 15:15:00+05:30,380.0,380.55,379.8,380.3,229869,0
2026-03-11 15:20:00+05:30,380.3,380.5,379.1,379.2,390840,0
2026-03-11 15:25:00+05:30,379.5,379.75,378.55,378.75,349561,0
2026-03-12 09:15:00+05:30,379.0,380.55,376.0,376.1,398770,0
2026-03-12 09:20:00+05:30,376.1,377.9,375.65,377.7,116313,0
2026-03-12 09:25:00+05:30,377.85,380.5,377.35,380.15,96589,0
2026-03-12 09:30:00+05:30,380.2,381.25,379.35,380.0,186555,0
2026-03-12 09:35:00+05:30,380.0,380.3,379.05,379.15,70706,0
2026-03-12 09:40:00+05:30,379.15,379.8,378.8,379.1,53281,0
2026-03-12 09:45:00+05:30,379.2,380.55,379.0,380.55,57645,0
2026-03-12 09:50:00+05:30,380.55,381.35,380.0,380.5,132740,0
2026-03-12 09:55:00+05:30,380.5,381.2,380.05,380.5,90869,0
2026-03-12 10:00:00+05:30,380.55,381.2,380.25,380.9,113734,0
2026-03-12 10:05:00+05:30,381.05,381.95,380.85,381.95,136688,0
2026-03-12 10:10:00+05:30,381.9,383.8,381.8,383.25,553962,0
2026-03-12 10:15:00+05:30,383.25,384.0,382.5,383.35,439121,0
2026-03-12 10:20:00+05:30,383.35,383.5,383.0,383.3,193440,0
2026-03-12 10:25:00+05:30,383.3,384.3,383.25,383.7,606522,0
2026-03-12 10:30:00+05:30,383.7,385.7,383.35,385.5,404138,0
2026-03-12 10:35:00+05:30,385.5,386.8,384.5,386.6,294214,0
2026-03-12 10:40:00+05:30,386.7,387.5,386.5,387.35,257255,0
2026-03-12 10:45:00+05:30,387.45,387.55,386.15,386.5,213143,0
2026-03-12 10:50:00+05:30,386.5,386.5,385.55,386.5,151367,0
2026-03-12 10:55:00+05:30,386.4,387.4,386.25,387.4,110321,0
2026-03-12 11:00:00+05:30,387.4,388.3,387.1,388.2,288571,0
2026-03-12 11:05:00+05:30,388.2,388.7,386.15,386.3,866239,0
2026-03-12 11:10:00+05:30,386.2,386.5,385.05,385.6,169936,0
2026-03-12 11:15:00+05:30,385.6,385.95,384.7,385.25,129648,0
2026-03-12 11:20:00+05:30,385.3,385.45,384.45,385.2,527813,0
2026-03-12 11:25:00+05:30,385.45,386.1,384.95,385.95,89224,0
2026-03-12 11:30:00+05:30,385.95,386.5,385.45,386.25,261336,0
2026-03-12 11:35:00+05:30,386.25,386.5,385.8,386.1,101177,0
2026-03-12 11:40:00+05:30,386.2,387.25,386.1,387.05,465576,0
2026-03-12 11:45:00+05:30,387.05,387.65,386.5,386.5,183049,0
2026-03-12 11:50:00+05:30,386.6,387.5,386.5,387.25,176990,0
2026-03-12 11:55:00+05:30,387.3,387.9,387.0,387.35,139601,0
2026-03-12 12:00:00+05:30,387.4,388.0,387.25,387.85,150936,0
2026-03-12 12:05:00+05:30,387.85,387.85,386.45,386.55,322855,0
2026-03-12 12:10:00+05:30,386.55,387.2,386.3,386.95,113567,0
2026-03-12 12:15:00+05:30,387.05,387.1,386.35,386.8,110686,0
2026-03-12 12:20:00+05:30,386.8,387.5,386.6,387.0,483054,0
2026-03-12 12:25:00+05:30,387.0,387.4,386.4,387.05,359107,0
2026-03-12 12:30:00+05:30,387.1,387.45,385.4,385.5,191034,0
2026-03-12 12:35:00+05:30,385.55,386.45,385.05,386.1,195914,0
2026-03-12 12:40:00+05:30,386.15,386.4,385.5,386.2,124398,0
2026-03-12 12:45:00+05:30,386.35,386.8,385.9,386.65,98794,0
2026-03-12 12:50:00+05:30,386.75,387.05,386.35,387.0,139514,0
2026-03-12 12:55:00+05:30,387.05,387.35,386.7,387.3,162816,0
2026-03-12 13:00:00+05:30,387.3,387.85,387.25,387.45,136533,0
2026-03-12 13:05:00+05:30,387.35,387.55,386.45,387.05,225244,0
2026-03-12 13:10:00+05:30,387.05,387.65,386.75,387.5,137803,0
2026-03-12 13:15:00+05:30,387.65,388.35,387.2,387.75,239316,0
2026-03-12 13:20:00+05:30,387.8,388.0,387.45,387.8,130603,0
2026-03-12 13:25:00+05:30,387.95,388.35,387.75,388.2,148717,0
2026-03-12 13:30:00+05:30,388.2,388.8,387.9,388.5,245970,0
2026-03-12 13:35:00+05:30,388.4,388.75,387.6,387.85,147860,0
2026-03-12 13:40:00+05:30,387.85,388.35,387.6,387.8,191454,0
2026-03-12 13:45:00+05:30,387.9,390.35,387.65,390.35,826060,0
2026-03-12 13:50:00+05:30,390.3,391.05,389.5,390.7,1233028,0
2026-03-12 13:55:00+05:30,390.7,391.45,390.25,390.35,614344,0
2026-03-12 14:00:00+05:30,390.4,390.95,389.55,389.7,376436,0
2026-03-12 14:05:00+05:30,389.75,390.6,389.7,389.75,390771,0
2026-03-12 14:10:00+05:30,389.8,390.9,389.45,390.7,451566,0
2026-03-12 14:15:00+05:30,390.7,391.55,390.6,391.25,434524,0
2026-03-12 14:20:00+05:30,391.25,391.5,390.75,391.15,332172,0
2026-03-12 14:25:00+05:30,391.1,392.15,391.1,391.3,367279,0
2026-03-12 14:30:00+05:30,391.4,392.0,391.15,391.95,298744,0
2026-03-12 14:35:00+05:30,392.0,392.4,390.75,391.3,550031,0
2026-03-12 14:40:00+05:30,391.35,391.35,390.6,390.7,338141,0
2026-03-12 14:45:00+05:30,390.7,390.75,389.9,390.6,548794,0
2026-03-12 14:50:00+05:30,390.6,391.1,388.85,389.75,610043,0
2026-03-12 14:55:00+05:30,389.75,391.0,389.45,390.5,429937,0
2026-03-12 15:00:00+05:30,390.5,390.95,389.9,390.65,537267,0
2026-03-12 15:05:00+05:30,390.6,391.15,390.4,391.05,421418,0
2026-03-12 15:10:00+05:30,391.1,391.5,390.6,390.95,787495,0
2026-03-12 15:15:00+05:30,391.0,391.1,389.95,390.25,771767,0
2026-03-12 15:20:00+05:30,390.2,390.5,389.7,390.4,632279,0
2026-03-12 15:25:00+05:30,390.35,391.0,390.0,390.95,760393,0
2026-03-13 09:15:00+05:30,391.85,393.25,390.0,393.15,1052297,0
2026-03-13 09:20:00+05:30,393.15,393.2,390.7,391.7,780785,0
2026-03-13 09:25:00+05:30,391.9,392.15,389.65,391.8,512023,0
2026-03-13 09:30:00+05:30,391.8,392.1,391.0,391.1,299447,0
2026-03-13 09:35:00+05:30,391.15,392.2,390.8,392.1,476632,0
2026-03-13 09:40:00+05:30,392.1,392.2,389.95,390.5,702344,0
2026-03-13 09:45:00+05:30,390.55,390.95,389.6,390.65,918313,0
2026-03-13 09:50:00+05:30,390.7,390.75,388.45,388.45,697103,0
2026-03-13 09:55:00+05:30,388.7,389.3,387.95,388.65,541392,0
2026-03-13 10:00:00+05:30,388.7,389.0,387.9,388.1,235582,0
2026-03-13 10:05:00+05:30,388.1,388.1,387.2,387.55,207875,0
2026-03-13 10:10:00+05:30,387.55,387.85,387.0,387.4,168923,0
2026-03-13 10:15:00+05:30,387.4,387.95,386.6,386.85,168915,0
2026-03-13 10:20:00+05:30,386.85,387.5,385.7,386.6,622466,0
2026-03-13 10:25:00+05:30,386.75,388.9,386.3,388.8,221782,0
2026-03-13 10:30:00+05:30,388.8,389.3,388.1,388.3,208439,0
2026-03-13 10:35:00+05:30,388.3,388.85,387.5,387.5,429516,0
2026-03-13 10:40:00+05:30,387.55,387.95,387.05,387.25,135918,0
2026-03-13 10:45:00+05:30,387.25,388.4,386.85,388.4,115136,0
2026-03-13 10:50:00+05:30,388.35,390.2,388.35,389.7,163563,0
2026-03-13 10:55:00+05:30,389.7,391.05,389.2,390.85,655806,0
2026-03-13 11:00:00+05:30,390.85,391.05,390.1,390.2,296200,0
2026-03-13 11:05:00+05:30,390.2,390.3,389.05,389.25,205418,0
2026-03-13 11:10:00+05:30,389.25,389.65,389.1,389.4,152684,0
2026-03-13 11:15:00+05:30,389.4,389.5,388.65,389.05,189055,0
2026-03-13 11:20:00+05:30,389.0,389.6,388.7,389.1,172963,0
2026-03-13 11:25:00+05:30,389.15,390.1,389.15,390.1,200167,0
2026-03-13 11:30:00+05:30,390.1,392.6,390.0,392.0,266713,0
2026-03-13 11:35:00+05:30,392.05,392.9,391.9,392.55,268954,0
2026-03-13 11:40:00+05:30,392.55,394.5,392.4,394.3,502745,0
2026-03-13 11:45:00+05:30,394.3,394.45,393.0,393.7,475185,0
2026-03-13 11:50:00+05:30,393.8,393.8,392.0,392.1,364982,0
2026-03-13 11:55:00+05:30,392.1,392.4,391.35,392.2,428931,0
2026-03-13 12:00:00+05:30,392.2,393.0,392.0,392.4,336243,0
2026-03-13 12:05:00+05:30,392.4,392.7,391.6,391.8,314821,0
2026-03-13 12:10:00+05:30,392.0,393.2,391.4,392.9,488521,0
2026-03-13 12:15:00+05:30,392.9,393.35,392.5,392.6,316367,0
2026-03-13 12:20:00+05:30,392.6,392.7,388.95,389.0,586760,0
2026-03-13 12:25:00+05:30,389.0,390.5,388.75,390.2,351384,0
2026-03-13 12:30:00+05:30,390.25,390.4,388.85,389.65,358471,0
2026-03-13 12:35:00+05:30,389.6,389.6,388.5,388.8,383927,0
2026-03-13 12:40:00+05:30,388.85,389.0,387.7,388.2,294366,0
2026-03-13 12:45:00+05:30,388.2,389.15,388.0,388.6,217069,0
2026-03-13 12:50:00+05:30,388.6,388.85,388.0,388.8,272980,0
2026-03-13 12:55:00+05:30,388.8,389.35,388.35,388.9,202129,0
2026-03-13 13:00:00+05:30,388.85,389.2,388.3,388.45,245595,0
2026-03-13 13:05:00+05:30,388.6,388.95,388.05,388.4,224931,0
2026-03-13 13:10:00+05:30,388.45,389.3,388.1,388.1,263015,0
2026-03-13 13:15:00+05:30,388.15,388.65,387.85,388.05,219780,0
2026-03-13 13:20:00+05:30,388.05,388.75,387.25,387.35,186109,0
2026-03-13 13:25:00+05:30,387.35,387.85,386.55,387.7,230764,0
2026-03-13 13:30:00+05:30,387.7,388.45,386.95,387.0,415679,0
2026-03-13 13:35:00+05:30,387.0,387.4,386.85,387.05,269809,0
2026-03-13 13:40:00+05:30,387.15,388.05,387.0,387.3,198736,0
2026-03-13 13:45:00+05:30,387.45,387.65,386.35,386.6,337292,0
2026-03-13 13:50:00+05:30,386.5,386.85,385.55,385.7,337530,0
2026-03-13 13:55:00+05:30,385.7,386.0,384.9,385.1,272424,0
2026-03-13 14:00:00+05:30,385.35,386.0,385.15,385.5,240908,0
2026-03-13 14:05:00+05:30,385.5,386.45,384.9,385.2,635334,0
2026-03-13 14:10:00+05:30,385.35,386.0,384.65,385.7,374314,0
2026-03-13 14:15:00+05:30,385.8,386.5,384.6,386.4,393555,0
2026-03-13 14:20:00+05:30,386.25,386.85,385.7,385.8,370396,0
2026-03-13 14:25:00+05:30,385.9,386.2,384.7,384.7,300928,0
2026-03-13 14:30:00+05:30,384.85,386.15,384.7,385.05,411349,0
2026-03-13 14:35:00+05:30,385.05,386.0,385.0,385.0,293088,0
2026-03-13 14:40:00+05:30,385.05,385.4,384.3,384.65,389502,0
2026-03-13 14:45:00+05:30,384.65,384.8,383.35,384.2,373987,0
2026-03-13 14:50:00+05:30,384.2,385.35,384.15,384.25,275542,0
2026-03-13 14:55:00+05:30,384.2,384.7,383.85,384.35,336682,0
2026-03-13 15:00:00+05:30,384.45,384.7,383.4,383.5,360129,0
2026-03-13 15:05:00+05:30,383.45,384.6,383.2,384.1,494736,0
2026-03-13 15:10:00+05:30,384.2,385.0,383.55,384.9,422897,0
2026-03-13 15:15:00+05:30,384.9,385.25,384.25,385.2,478595,0
2026-03-13 15:20:00+05:30,385.2,385.5,384.1,384.5,509445,0
2026-03-13 15:25:00+05:30,384.5,385.25,383.4,384.05,280041,0
2026-03-16 09:15:00+05:30,384.5,388.25,384.5,386.2,358476,0
2026-03-16 09:20:00+05:30,386.2,386.35,382.15,382.35,209468,0
2026-03-16 09:25:00+05:30,382.25,383.2,381.65,382.3,104212,0
2026-03-16 09:30:00+05:30,382.3,383.7,382.15,383.7,76350,0
2026-03-16 09:35:00+05:30,383.7,384.5,383.4,383.7,91741,0
2026-03-16 09:40:00+05:30,383.8,384.9,383.0,384.45,151047,0
2026-03-16 09:45:00+05:30,384.35,385.25,383.25,383.3,112132,0
2026-03-16 09:50:00+05:30,383.4,383.85,382.75,383.35,102932,0
2026-03-16 09:55:00+05:30,383.3,384.25,382.55,382.6,64613,0
2026-03-16 10:00:00+05:30,382.75,383.3,381.85,382.65,120275,0
2026-03-16 10:05:00+05:30,382.55,383.4,382.55,383.1,50877,0
2026-03-16 10:10:00+05:30,383.3,383.3,381.75,382.25,46461,0
2026-03-16 10:15:00+05:30,382.35,383.15,381.25,381.25,132277,0
2026-03-16 10:20:00+05:30,381.4,381.6,381.0,381.2,114087,0
2026-03-16 10:25:00+05:30,381.2,381.7,380.55,380.75,115514,0
2026-03-16 10:30:00+05:30,380.75,382.05,380.3,380.3,137908,0
2026-03-16 10:35:00+05:30,380.4,381.0,379.75,379.9,115292,0
2026-03-16 10:40:00+05:30,380.0,380.0,379.05,379.2,50137,0
2026-03-16 10:45:00+05:30,379.2,379.7,378.45,378.75,49125,0
2026-03-16 10:50:00+05:30,378.75,379.1,378.05,378.1,42728,0
2026-03-16 10:55:00+05:30,378.1,379.25,377.5,379.0,73112,0
2026-03-16 11:00:00+05:30,379.05,379.2,378.5,379.05,37186,0
2026-03-16 11:05:00+05:30,379.05,379.2,378.4,378.6,38318,0
2026-03-16 11:10:00+05:30,378.4,378.8,377.85,378.05,40512,0
2026-03-16 11:15:00+05:30,378.2,380.6,378.0,380.5,98971,0
2026-03-16 11:20:00+05:30,380.6,380.75,379.9,380.5,62871,0
2026-03-16 11:25:00+05:30,380.45,380.7,379.65,380.05,37033,0
2026-03-16 11:30:00+05:30,380.05,380.9,379.7,380.35,53702,0
2026-03-16 11:35:00+05:30,380.45,380.8,379.25,379.45,44943,0
2026-03-16 11:40:00+05:30,379.5,379.65,378.75,378.85,53166,0
2026-03-16 11:45:00+05:30,378.85,379.0,378.25,378.7,57037,0
2026-03-16 11:50:00+05:30,378.8,378.8,378.0,378.05,46370,0
2026-03-16 11:55:00+05:30,378.1,378.85,377.5,377.85,64959,0
2026-03-16 12:00:00+05:30,377.9,378.85,377.9,378.0,73481,0
2026-03-16 12:05:00+05:30,378.0,378.95,377.95,378.35,151445,0
2026-03-16 12:10:00+05:30,378.35,379.3,378.05,378.3,147543,0
2026-03-16 12:15:00+05:30,378.35,378.6,377.85,378.3,119584,0
2026-03-16 12:20:00+05:30,378.4,379.15,378.1,379.15,228371,0
2026-03-16 12:25:00+05:30,379.15,379.15,378.05,378.1,169556,0
2026-03-16 12:30:00+05:30,378.25,378.8,377.4,377.7,146387,0
2026-03-16 12:35:00+05:30,377.8,377.95,377.1,377.5,204396,0
2026-03-16 12:40:00+05:30,377.5,378.1,377.15,377.5,179294,0
2026-03-16 12:45:00+05:30,377.5,378.8,376.9,377.85,159822,0
2026-03-16 12:50:00+05:30,377.85,378.15,377.45,377.75,172677,0
2026-03-16 12:55:00+05:30,377.9,378.8,377.3,378.7,195900,0
2026-03-16 13:00:00+05:30,378.7,379.0,378.05,378.1,152115,0
2026-03-16 13:05:00+05:30,378.2,378.4,377.5,377.95,219221,0
2026-03-16 13:10:00+05:30,378.05,378.65,377.7,377.9,150279,0
2026-03-16 13:15:00+05:30,378.05,378.35,377.8,378.15,109814,0
2026-03-16 13:20:00+05:30,378.25,378.25,376.65,376.85,778066,0
2026-03-16 13:25:00+05:30,377.05,377.4,376.7,377.0,204608,0
2026-03-16 13:30:00+05:30,377.0,377.55,376.45,376.45,195985,0
2026-03-16 13:35:00+05:30,376.6,377.05,376.45,376.65,163490,0
2026-03-16 13:40:00+05:30,376.7,377.15,376.0,376.0,168209,0
2026-03-16 13:45:00+05:30,376.15,376.55,375.45,375.95,174656,0
2026-03-16 13:50:00+05:30,375.85,376.5,375.7,376.25,154814,0
2026-03-16 13:55:00+05:30,376.3,376.55,375.9,376.45,120039,0
2026-03-16 14:00:00+05:30,376.45,376.5,376.0,376.1,97164,0
2026-03-16 14:05:00+05:30,376.25,376.45,375.85,376.15,130184,0
2026-03-16 14:10:00+05:30,376.15,377.0,376.0,376.2,209766,0
2026-03-16 14:15:00+05:30,376.4,378.2,376.0,378.15,355476,0
2026-03-16 14:20:00+05:30,378.2,380.15,378.15,379.85,563476,0
2026-03-16 14:25:00+05:30,379.8,380.95,379.0,380.95,654366,0
2026-03-16 14:30:00+05:30,380.95,382.2,380.45,381.9,899981,0
2026-03-16 14:35:00+05:30,381.9,383.85,381.55,383.6,629995,0
2026-03-16 14:40:00+05:30,383.6,384.45,382.8,383.35,655349,0
2026-03-16 14:45:00+05:30,383.5,383.95,382.8,383.45,585027,0
2026-03-16 14:50:00+05:30,383.6,384.95,383.35,384.15,560559,0
2026-03-16 14:55:00+05:30,384.25,384.75,383.5,383.95,640043,0
2026-03-16 15:00:00+05:30,384.25,384.45,382.5,382.8,880972,0
2026-03-16 15:05:00+05:30,382.8,383.85,382.65,383.1,631640,0
2026-03-16 15:10:00+05:30,383.15,383.3,382.05,382.25,657761,0
2026-03-16 15:15:00+05:30,382.1,382.25,381.0,381.4,441971,0
2026-03-16 15:20:00+05:30,381.45,381.65,380.35,380.5,449210,0
2026-03-16 15:25:00+05:30,380.45,381.95,380.05,381.2,253979,0
2026-03-17 09:15:00+05:30,382.9,383.85,380.5,383.4,301047,0
2026-03-17 09:20:00+05:30,383.4,383.55,381.75,381.85,119342,0
2026-03-17 09:25:00+05:30,381.8,382.6,381.45,382.25,67655,0
2026-03-17 09:30:00+05:30,382.35,383.25,381.9,382.7,99965,0
2026-03-17 09:35:00+05:30,382.85,384.0,382.8,383.9,68609,0
2026-03-17 09:40:00+05:30,383.9,385.0,383.6,384.9,123972,0
2026-03-17 09:45:00+05:30,384.9,385.9,384.5,385.7,195035,0
2026-03-17 09:50:00+05:30,385.65,385.75,384.1,384.3,117394,0
2026-03-17 09:55:00+05:30,384.35,384.95,384.0,384.55,104445,0
2026-03-17 10:00:00+05:30,384.65,384.8,384.3,384.4,67669,0
2026-03-17 10:05:00+05:30,384.45,385.0,383.55,384.1,81672,0
2026-03-17 10:10:00+05:30,384.1,384.5,382.2,382.6,118926,0
2026-03-17 10:15:00+05:30,382.65,383.55,382.65,383.2,54653,0
2026-03-17 10:20:00+05:30,383.3,384.95,383.2,384.55,128215,0
2026-03-17 10:25:00+05:30,384.75,384.75,383.5,383.65,41275,0
2026-03-17 10:30:00+05:30,383.7,383.75,382.8,382.8,56541,0
2026-03-17 10:35:00+05:30,382.85,383.4,382.3,382.75,79343,0
2026-03-17 10:40:00+05:30,382.9,383.15,382.05,382.35,81874,0
2026-03-17 10:45:00+05:30,382.45,383.35,382.15,383.0,379625,0
2026-03-17 10:50:00+05:30,383.1,384.3,382.8,383.5,92482,0
2026-03-17 10:55:00+05:30,383.65,383.75,383.3,383.5,32611,0
2026-03-17 11:00:00+05:30,383.5,384.3,383.5,383.5,112051,0
2026-03-17 11:05:00+05:30,383.7,384.0,382.75,383.1,54746,0
2026-03-17 11:10:00+05:30,383.2,383.6,383.0,383.2,41162,0
2026-03-17 11:15:00+05:30,383.1,383.35,381.65,381.8,139758,0
2026-03-17 11:20:00+05:30,381.8,382.25,381.5,381.65,74285,0
2026-03-17 11:25:00+05:30,381.65,381.8,380.5,380.95,110305,0
2026-03-17 11:30:00+05:30,381.0,381.05,380.35,380.4,60067,0
2026-03-17 11:35:00+05:30,380.5,381.95,380.45,381.6,39302,0
2026-03-17 11:40:00+05:30,381.6,381.8,380.55,380.8,186456,0
2026-03-17 11:45:00+05:30,380.8,380.95,380.3,380.4,47895,0
2026-03-17 11:50:00+05:30,380.45,381.15,380.1,380.55,281607,0
2026-03-17 11:55:00+05:30,380.6,381.0,379.7,380.0,176845,0
2026-03-17 12:00:00+05:30,380.2,380.25,379.4,379.4,96662,0
2026-03-17 12:05:00+05:30,379.6,380.0,379.4,379.95,77293,0
2026-03-17 12:10:00+05:30,380.0,380.2,379.6,379.75,85702,0
2026-03-17 12:15:00+05:30,379.8,379.8,378.4,378.4,98860,0
2026-03-17 12:20:00+05:30,378.55,378.95,378.3,378.5,67004,0
2026-03-17 12:25:00+05:30,378.5,379.0,378.5,378.55,60992,0
2026-03-17 12:30:00+05:30,378.6,379.25,378.5,378.75,65497,0
2026-03-17 12:35:00+05:30,378.95,379.4,378.8,379.05,71657,0
2026-03-17 12:40:00+05:30,379.25,379.85,378.85,379.8,86805,0
2026-03-17 12:45:00+05:30,379.8,380.9,379.6,380.85,136442,0
2026-03-17 12:50:00+05:30,380.85,381.1,379.9,380.25,108365,0
2026-03-17 12:55:00+05:30,380.15,380.6,380.0,380.45,60278,0
2026-03-17 13:00:00+05:30,380.45,381.5,380.25,381.35,105175,0
2026-03-17 13:05:00+05:30,381.5,381.85,380.95,381.5,79597,0
2026-03-17 13:10:00+05:30,381.65,382.0,381.5,381.85,73588,0
2026-03-17 13:15:00+05:30,381.85,382.65,381.85,382.5,82349,0
2026-03-17 13:20:00+05:30,382.65,382.85,382.15,382.25,90363,0
2026-03-17 13:25:00+05:30,382.3,382.6,381.9,382.4,135679,0
2026-03-17 13:30:00+05:30,382.55,384.8,382.55,383.6,358093,0
2026-03-17 13:35:00+05:30,383.6,384.7,383.6,383.8,260078,0
2026-03-17 13:40:00+05:30,383.75,384.3,383.25,384.3,91826,0
2026-03-17 13:45:00+05:30,384.35,384.6,384.0,384.4,115370,0
2026-03-17 13:50:00+05:30,384.4,384.9,384.2,384.4,64391,0
2026-03-17 13:55:00+05:30,384.35,384.85,384.2,384.35,55524,0
2026-03-17 14:00:00+05:30,384.55,384.6,384.0,384.2,112661,0
2026-03-17 14:05:00+05:30,384.2,384.3,383.4,384.05,71831,0
2026-03-17 14:10:00+05:30,384.05,384.5,383.9,384.15,100290,0
2026-03-17 14:15:00+05:30,384.15,384.35,383.55,383.8,118795,0
2026-03-17 14:20:00+05:30,383.85,384.3,383.3,383.55,159680,0
2026-03-17 14:25:00+05:30,383.6,384.05,383.15,383.65,99171,0
2026-03-17 14:30:00+05:30,383.65,384.45,383.65,383.85,93843,0
2026-03-17 14:35:00+05:30,383.9,384.45,383.6,383.65,83699,0
2026-03-17 14:40:00+05:30,383.65,384.5,383.65,383.9,98198,0
2026-03-17 14:45:00+05:30,384.05,384.45,383.5,384.3,122272,0
2026-03-17 14:50:00+05:30,384.35,385.0,384.25,384.95,161766,0
2026-03-17 14:55:00+05:30,384.95,385.2,384.5,384.8,143744,0
2026-03-17 15:00:00+05:30,384.8,384.85,383.35,383.9,352818,0
2026-03-17 15:05:00+05:30,383.85,384.05,383.2,383.5,302405,0
2026-03-17 15:10:00+05:30,383.55,383.95,382.85,383.65,389706,0
2026-03-17 15:15:00+05:30,383.65,383.75,382.7,383.0,364429,0
2026-03-17 15:20:00+05:30,383.0,383.5,382.65,383.2,333225,0
2026-03-17 15:25:00+05:30,383.1,384.25,382.9,383.25,345583,0
2026-03-18 09:15:00+05:30,385.0,386.35,384.0,385.5,161549,0
2026-03-18 09:20:00+05:30,385.5,385.75,384.05,384.5,87170,0
2026-03-18 09:25:00+05:30,384.5,384.65,384.1,384.55,40619,0
2026-03-18 09:30:00+05:30,384.6,385.25,384.55,384.7,69753,0
2026-03-18 09:35:00+05:30,384.8,384.85,384.25,384.3,52455,0
2026-03-18 09:40:00+05:30,384.4,385.35,384.1,384.75,97023,0
2026-03-18 09:45:00+05:30,384.75,384.75,383.65,383.9,64546,0
2026-03-18 09:50:00+05:30,384.0,384.2,383.4,383.55,36129,0
2026-03-18 09:55:00+05:30,383.55,383.6,382.55,382.95,138722,0
2026-03-18 10:00:00+05:30,382.95,383.0,381.9,382.0,99663,0
2026-03-18 10:05:00+05:30,382.05,382.4,381.75,382.05,74888,0
2026-03-18 10:10:00+05:30,382.1,382.5,381.9,382.25,66644,0
2026-03-18 10:15:00+05:30,382.25,382.45,381.95,382.2,53677,0
2026-03-18 10:20:00+05:30,382.3,382.45,382.0,382.4,55984,0
2026-03-18 10:25:00+05:30,382.4,383.0,382.2,382.85,112819,0
2026-03-18 10:30:00+05:30,382.9,383.25,382.8,382.8,73806,0
2026-03-18 10:35:00+05:30,382.8,382.95,382.25,382.45,72254,0
2026-03-18 10:40:00+05:30,382.45,382.9,382.0,382.05,67147,0
2026-03-18 10:45:00+05:30,382.05,382.8,381.85,382.55,80043,0
2026-03-18 10:50:00+05:30,382.75,382.75,381.75,382.0,60727,0
2026-03-18 10:55:00+05:30,382.1,382.25,381.9,382.0,32009,0
2026-03-18 11:00:00+05:30,382.1,382.8,381.9,381.9,224429,0
2026-03-18 11:05:00+05:30,382.0,382.0,381.3,381.75,66287,0
2026-03-18 11:10:00+05:30,381.75,381.8,381.1,381.55,60148,0
2026-03-18 11:15:00+05:30,381.45,381.7,381.2,381.7,28684,0
2026-03-18 11:20:00+05:30,381.7,381.9,381.45,381.85,28589,0
2026-03-18 11:25:00+05:30,381.85,381.9,381.05,381.1,61349,0
2026-03-18 11:30:00+05:30,381.1,381.15,380.5,380.75,75367,0
2026-03-18 11:35:00+05:30,380.75,380.8,380.25,380.8,70397,0
2026-03-18 11:40:00+05:30,380.8,381.25,380.65,381.1,76492,0
2026-03-18 11:45:00+05:30,381.0,381.15,380.3,380.45,48430,0
2026-03-18 11:50:00+05:30,380.4,380.95,380.05,380.2,427321,0
2026-03-18 11:55:00+05:30,380.15,380.25,379.85,379.95,88801,0
2026-03-18 12:00:00+05:30,379.95,380.25,379.6,379.7,99752,0
2026-03-18 12:05:00+05:30,379.7,379.7,379.1,379.1,76191,0
2026-03-18 12:10:00+05:30,379.25,379.55,378.7,378.8,151326,0
2026-03-18 12:15:00+05:30,379.0,379.4,378.7,379.35,145686,0
2026-03-18 12:20:00+05:30,379.4,379.5,379.0,379.2,114877,0
2026-03-18 12:25:00+05:30,379.4,379.4,379.0,379.0,62073,0
2026-03-18 12:30:00+05:30,379.2,379.35,378.65,379.15,105305,0
2026-03-18 12:35:00+05:30,379.2,379.35,378.65,378.95,96435,0
2026-03-18 12:40:00+05:30,378.95,378.95,378.3,378.5,75803,0
2026-03-18 12:45:00+05:30,378.5,378.85,378.1,378.85,186154,0
2026-03-18 12:50:00+05:30,378.85,379.6,378.35,379.45,213734,0
2026-03-18 12:55:00+05:30,379.55,379.7,378.8,379.0,101426,0
2026-03-18 13:00:00+05:30,378.8,379.0,378.15,378.45,72116,0
2026-03-18 13:05:00+05:30,378.45,378.75,378.2,378.6,92682,0
2026-03-18 13:10:00+05:30,378.6,379.85,378.5,379.75,116228,0
2026-03-18 13:15:00+05:30,379.8,380.75,379.7,380.15,163649,0
2026-03-18 13:20:00+05:30,380.15,380.45,380.05,380.3,66502,0
2026-03-18 13:25:00+05:30,380.25,380.55,380.0,380.25,124781,0
2026-03-18 13:30:00+05:30,380.25,381.8,380.2,381.15,211364,0
2026-03-18 13:35:00+05:30,381.3,381.3,380.7,381.25,66669,0
2026-03-18 13:40:00+05:30,381.25,381.3,380.55,381.0,65311,0
2026-03-18 13:45:00+05:30,381.0,381.7,380.85,381.65,103787,0
2026-03-18 13:50:00+05:30,381.65,381.65,380.7,381.25,129186,0
2026-03-18 13:55:00+05:30,381.4,381.4,380.2,380.25,161957,0
2026-03-18 14:00:00+05:30,380.25,380.5,379.65,379.85,139057,0
2026-03-18 14:05:00+05:30,379.85,380.05,379.55,379.65,146777,0
2026-03-18 14:10:00+05:30,379.85,380.0,379.4,379.55,108058,0
2026-03-18 14:15:00+05:30,379.55,379.85,379.05,379.45,135579,0
2026-03-18 14:20:00+05:30,379.45,379.85,379.1,379.2,157614,0
2026-03-18 14:25:00+05:30,379.4,380.2,379.15,379.7,223695,0
2026-03-18 14:30:00+05:30,379.9,379.95,378.85,379.0,119870,0
2026-03-18 14:35:00+05:30,379.05,379.2,378.15,378.4,178180,0
2026-03-18 14:40:00+05:30,378.5,378.55,377.85,378.0,196702,0
2026-03-18 14:45:00+05:30,378.0,378.65,377.6,378.55,214650,0
2026-03-18 14:50:00+05:30,378.55,378.65,377.6,377.8,313814,0
2026-03-18 14:55:00+05:30,377.8,378.45,377.6,378.25,331791,0
2026-03-18 15:00:00+05:30,378.25,379.0,377.8,378.65,469529,0
2026-03-18 15:05:00+05:30,378.7,379.4,378.65,379.2,409092,0
2026-03-18 15:10:00+05:30,379.2,379.25,378.55,378.7,452354,0
2026-03-18 15:15:00+05:30,378.7,378.8,378.0,378.1,418994,0
2026-03-18 15:20:00+05:30,378.2,378.4,377.6,378.35,584071,0
2026-03-18 15:25:00+05:30,378.3,380.4,378.15,379.75,423443,0
2026-03-19 09:15:00+05:30,373.5,380.25,373.4,378.3,568020,0
2026-03-19 09:20:00+05:30,378.4,380.55,378.05,380.25,161583,0
2026-03-19 09:25:00+05:30,380.2,380.5,379.1,379.3,154147,0
2026-03-19 09:30:00+05:30,379.45,380.75,379.15,379.15,84434,0
2026-03-19 09:35:00+05:30,379.25,379.7,378.15,378.4,146468,0
2026-03-19 09:40:00+05:30,378.4,378.7,376.5,376.85,157212,0
2026-03-19 09:45:00+05:30,376.8,377.15,376.5,376.9,58493,0
2026-03-19 09:50:00+05:30,376.85,377.8,376.8,377.35,103775,0
2026-03-19 09:55:00+05:30,377.4,377.5,376.0,376.25,65791,0
2026-03-19 10:00:00+05:30,376.05,376.85,375.85,376.3,56553,0
2026-03-19 10:05:00+05:30,376.3,377.3,376.3,376.9,37212,0
2026-03-19 10:10:00+05:30,376.9,376.9,376.25,376.4,22480,0
2026-03-19 10:15:00+05:30,376.25,376.85,375.9,376.75,74635,0
2026-03-19 10:20:00+05:30,376.85,377.4,376.65,377.0,61391,0
2026-03-19 10:25:00+05:30,376.9,377.75,376.85,377.1,42031,0
2026-03-19 10:30:00+05:30,377.3,379.05,377.15,378.5,120694,0
2026-03-19 10:35:00+05:30,378.5,380.1,378.45,379.75,131525,0
2026-03-19 10:40:00+05:30,379.75,380.25,379.05,379.6,241158,0
2026-03-19 10:45:00+05:30,379.7,379.7,378.8,378.85,53998,0
2026-03-19 10:50:00+05:30,378.85,379.3,378.7,379.25,44991,0
2026-03-19 10:55:00+05:30,379.25,379.25,378.2,378.25,24319,0
2026-03-19 11:00:00+05:30,378.25,378.5,377.8,378.05,36456,0
2026-03-19 11:05:00+05:30,378.05,378.3,377.2,377.3,38268,0
2026-03-19 11:10:00+05:30,377.3,378.15,377.25,377.9,35171,0
2026-03-19 11:15:00+05:30,377.75,378.1,377.65,377.95,37286,0
2026-03-19 11:20:00+05:30,378.05,378.55,377.7,378.3,68801,0
2026-03-19 11:25:00+05:30,378.3,378.3,377.35,377.5,33606,0
2026-03-19 11:30:00+05:30,377.5,377.8,377.25,377.8,33251,0
2026-03-19 11:35:00+05:30,377.8,378.05,377.45,377.6,30480,0
2026-03-19 11:40:00+05:30,377.6,377.65,377.25,377.4,23762,0
2026-03-19 11:45:00+05:30,377.4,377.5,376.45,376.8,61352,0
2026-03-19 11:50:00+05:30,376.8,377.3,376.65,376.75,28446,0
2026-03-19 11:55:00+05:30,376.9,376.9,376.5,376.5,15689,0
2026-03-19 12:00:00+05:30,376.65,376.7,376.25,376.65,27193,0
2026-03-19 12:05:00+05:30,376.45,376.75,376.05,376.25,84907,0
2026-03-19 12:10:00+05:30,376.35,377.1,376.15,377.0,56886,0
2026-03-19 12:15:00+05:30,377.05,377.7,376.95,377.4,21979,0
2026-03-19 12:20:00+05:30,377.35,377.4,376.3,376.55,42268,0
2026-03-19 12:25:00+05:30,376.65,376.9,376.55,376.75,16743,0
2026-03-19 12:30:00+05:30,376.8,376.9,376.4,376.75,19236,0
2026-03-19 12:35:00+05:30,376.65,376.75,376.1,376.15,81814,0
2026-03-19 12:40:00+05:30,376.15,376.55,376.05,376.35,67825,0
2026-03-19 12:45:00+05:30,376.35,376.7,375.95,376.45,107220,0
2026-03-19 12:50:00+05:30,376.25,376.55,375.8,376.1,109993,0
2026-03-19 12:55:00+05:30,376.2,376.5,375.8,376.05,111343,0
2026-03-19 13:00:00+05:30,376.05,376.2,375.5,375.7,99482,0
2026-03-19 13:05:00+05:30,375.7,375.7,375.15,375.2,127806,0
2026-03-19 13:10:00+05:30,375.2,375.8,374.95,375.05,127729,0
2026-03-19 13:15:00+05:30,375.0,375.5,374.85,375.2,108943,0
2026-03-19 13:20:00+05:30,375.1,375.4,374.95,375.3,97644,0
2026-03-19 13:25:00+05:30,375.2,375.7,375.2,375.3,121984,0
2026-03-19 13:30:00+05:30,375.4,375.7,375.15,375.25,134586,0
2026-03-19 13:35:00+05:30,375.25,376.2,375.0,376.05,126812,0
2026-03-19 13:40:00+05:30,376.2,376.75,375.9,376.45,148521,0
2026-03-19 13:45:00+05:30,376.45,376.95,376.45,376.85,100033,0
2026-03-19 13:50:00+05:30,376.7,377.4,376.5,376.85,126552,0
2026-03-19 13:55:00+05:30,376.85,377.05,376.25,376.75,100021,0
2026-03-19 14:00:00+05:30,376.75,377.65,376.2,376.35,96506,0
2026-03-19 14:05:00+05:30,376.5,376.55,375.9,376.05,112474,0
2026-03-19 14:10:00+05:30,375.95,376.65,375.55,376.55,546383,0
2026-03-19 14:15:00+05:30,376.6,377.0,376.3,376.5,121545,0
2026-03-19 14:20:00+05:30,376.5,376.95,376.35,376.7,94568,0
2026-03-19 14:25:00+05:30,376.7,376.85,376.2,376.45,102212,0
2026-03-19 14:30:00+05:30,376.45,376.9,376.15,376.5,96839,0
2026-03-19 14:35:00+05:30,376.7,376.95,376.0,376.8,103809,0
2026-03-19 14:40:00+05:30,376.8,377.35,376.1,376.65,159386,0
2026-03-19 14:45:00+05:30,376.7,376.7,374.95,375.1,179618,0
2026-03-19 14:50:00+05:30,375.2,375.5,374.25,374.6,167102,0
2026-03-19 14:55:00+05:30,374.6,374.85,373.6,373.95,263513,0
2026-03-19 15:00:00+05:30,373.95,375.1,373.45,374.5,398399,0
2026-03-19 15:05:00+05:30,374.5,374.5,373.1,373.3,629426,0
2026-03-19 15:10:00+05:30,373.35,374.45,373.2,374.3,525058,0
2026-03-19 15:15:00+05:30,374.4,374.5,373.6,374.4,416549,0
2026-03-19 15:20:00+05:30,374.45,374.95,373.8,374.15,908729,0
2026-03-19 15:25:00+05:30,374.15,375.4,373.75,374.9,621741,0
2026-03-20 09:15:00+05:30,375.85,380.6,375.5,380.15,409640,0
2026-03-20 09:20:00+05:30,380.05,380.75,378.7,380.0,272781,0
2026-03-20 09:25:00+05:30,380.05,382.0,379.55,382.0,434507,0
2026-03-20 09:30:00+05:30,381.9,382.5,380.9,382.4,231086,0
2026-03-20 09:35:00+05:30,382.5,382.65,381.6,382.05,202652,0
2026-03-20 09:40:00+05:30,382.05,382.2,381.45,381.5,84938,0
2026-03-20 09:45:00+05:30,381.6,382.25,381.35,381.85,90550,0
2026-03-20 09:50:00+05:30,381.9,382.75,381.85,382.6,290875,0
2026-03-20 09:55:00+05:30,382.6,383.1,382.2,382.55,165027,0
2026-03-20 10:00:00+05:30,382.55,382.65,381.95,382.55,219612,0
2026-03-20 10:05:00+05:30,382.6,382.7,380.8,381.05,214301,0
2026-03-20 10:10:00+05:30,381.1,381.6,381.05,381.25,68242,0
2026-03-20 10:15:00+05:30,381.25,382.0,380.85,381.15,133586,0
2026-03-20 10:20:00+05:30,381.15,381.3,380.5,381.2,114474,0
2026-03-20 10:25:00+05:30,381.15,381.8,380.9,381.35,99638,0
2026-03-20 10:30:00+05:30,381.4,382.45,381.2,381.95,162980,0
2026-03-20 10:35:00+05:30,381.95,382.15,381.35,381.5,92921,0
2026-03-20 10:40:00+05:30,381.5,382.0,381.3,381.55,77666,0
2026-03-20 10:45:00+05:30,381.45,382.65,381.4,382.6,143717,0
2026-03-20 10:50:00+05:30,382.6,382.85,382.2,382.4,90605,0
2026-03-20 10:55:00+05:30,382.4,382.6,381.85,382.35,88015,0
2026-03-20 11:00:00+05:30,382.35,382.5,381.35,381.65,109621,0
2026-03-20 11:05:00+05:30,381.65,382.4,381.55,382.1,85583,0
2026-03-20 11:10:00+05:30,382.25,382.3,381.7,382.1,72756,0
2026-03-20 11:15:00+05:30,382.2,382.35,381.65,382.15,92675,0
2026-03-20 11:20:00+05:30,382.2,383.0,382.1,382.7,140317,0
2026-03-20 11:25:00+05:30,382.8,382.85,382.2,382.35,92127,0
2026-03-20 11:30:00+05:30,382.35,382.9,382.3,382.35,98562,0
2026-03-20 11:35:00+05:30,382.4,383.2,381.85,383.1,221142,0
2026-03-20 11:40:00+05:30,383.15,383.3,382.75,383.25,171771,0
2026-03-20 11:45:00+05:30,383.25,383.3,382.75,383.0,206783,0
2026-03-20 11:50:00+05:30,383.0,383.05,381.75,381.95,103045,0
2026-03-20 11:55:00+05:30,381.95,382.55,381.65,382.4,95175,0
2026-03-20 12:00:00+05:30,382.55,382.7,381.75,381.8,118951,0
2026-03-20 12:05:00+05:30,381.85,382.2,381.3,381.55,144285,0
2026-03-20 12:10:00+05:30,381.6,382.3,381.6,382.0,81309,0
2026-03-20 12:15:00+05:30,382.1,382.35,381.6,381.9,89917,0
2026-03-20 12:20:00+05:30,382.05,382.15,381.4,381.7,104044,0
2026-03-20 12:25:00+05:30,381.75,381.85,381.4,381.5,111984,0
2026-03-20 12:30:00+05:30,381.55,382.55,381.05,382.15,190978,0
2026-03-20 12:35:00+05:30,382.25,382.3,381.35,381.5,99565,0
2026-03-20 12:40:00+05:30,381.55,381.95,381.35,381.9,173103,0
2026-03-20 12:45:00+05:30,381.9,382.1,381.35,381.4,110195,0
2026-03-20 12:50:00+05:30,381.5,381.5,380.5,381.1,297878,0
2026-03-20 12:55:00+05:30,381.15,381.7,381.0,381.2,87658,0
2026-03-20 13:00:00+05:30,381.1,381.4,380.7,381.2,155977,0
2026-03-20 13:05:00+05:30,381.25,381.35,380.05,380.9,109728,0
2026-03-20 13:10:00+05:30,380.9,381.3,380.75,381.0,99887,0
2026-03-20 13:15:00+05:30,381.1,381.45,380.8,380.9,138047,0
2026-03-20 13:20:00+05:30,380.9,381.9,380.8,381.7,84749,0
2026-03-20 13:25:00+05:30,381.75,382.1,381.6,381.75,102529,0
2026-03-20 13:30:00+05:30,381.75,381.85,381.05,381.05,55111,0
2026-03-20 13:35:00+05:30,381.2,381.5,381.05,381.3,98691,0
2026-03-20 13:40:00+05:30,381.3,381.45,380.85,380.85,377678,0
2026-03-20 13:45:00+05:30,380.85,381.2,380.5,380.65,364937,0
2026-03-20 13:50:00+05:30,380.8,380.85,380.05,380.4,248047,0
2026-03-20 13:55:00+05:30,380.4,380.45,380.15,380.25,207382,0
2026-03-20 14:00:00+05:30,380.35,381.0,380.1,380.95,213946,0
2026-03-20 14:05:00+05:30,381.0,381.75,381.0,381.3,454882,0
2026-03-20 14:10:00+05:30,381.5,381.6,380.25,380.55,229622,0
2026-03-20 14:15:00+05:30,380.7,380.75,380.05,380.35,225739,0
2026-03-20 14:20:00+05:30,380.45,380.55,379.7,380.3,347065,0
2026-03-20 14:25:00+05:30,380.45,380.5,379.95,380.25,215718,0
2026-03-20 14:30:00+05:30,380.35,381.5,380.25,380.6,446261,0
2026-03-20 14:35:00+05:30,380.7,380.7,379.8,380.15,383172,0
2026-03-20 14:40:00+05:30,380.25,380.65,380.0,380.2,751679,0
2026-03-20 14:45:00+05:30,380.2,380.75,380.1,380.7,577461,0
2026-03-20 14:50:00+05:30,380.7,380.75,380.05,380.2,459161,0
2026-03-20 14:55:00+05:30,380.35,380.95,380.2,380.8,306997,0
2026-03-20 15:00:00+05:30,380.8,381.7,380.25,381.1,1835215,0
2026-03-20 15:05:00+05:30,381.15,381.6,381.0,381.05,904752,0
2026-03-20 15:10:00+05:30,381.0,381.65,381.0,381.55,1028396,0
2026-03-20 15:15:00+05:30,381.55,381.6,380.3,380.35,1545528,0
2026-03-20 15:20:00+05:30,380.35,381.3,380.35,380.95,1199145,0
2026-03-20 15:25:00+05:30,380.95,381.35,379.5,381.0,973934,0
2026-03-23 09:15:00+05:30,377.1,379.15,375.55,377.5,449050,0
2026-03-23 09:20:00+05:30,377.5,379.25,377.3,379.15,177134,0
2026-03-23 09:25:00+05:30,378.95,379.5,377.15,377.75,90783,0
2026-03-23 09:30:00+05:30,377.75,378.35,376.1,377.05,121652,0
2026-03-23 09:35:00+05:30,376.9,377.2,375.7,376.35,123760,0
2026-03-23 09:40:00+05:30,376.25,376.35,375.55,376.05,105726,0
2026-03-23 09:45:00+05:30,376.0,376.25,375.45,376.05,85431,0
2026-03-23 09:50:00+05:30,376.05,376.35,375.1,375.4,88311,0
2026-03-23 09:55:00+05:30,375.25,375.4,374.35,374.7,109119,0
2026-03-23 10:00:00+05:30,374.7,374.8,373.55,373.9,88798,0
2026-03-23 10:05:00+05:30,373.9,374.4,371.0,371.2,188076,0
2026-03-23 10:10:00+05:30,371.1,371.85,370.7,371.65,117110,0
2026-03-23 10:15:00+05:30,371.7,371.9,370.8,370.8,52112,0
2026-03-23 10:20:00+05:30,370.95,371.25,370.55,370.8,57287,0
2026-03-23 10:25:00+05:30,370.9,371.2,370.5,370.6,57461,0
2026-03-23 10:30:00+05:30,370.6,371.95,370.35,371.85,84952,0
2026-03-23 10:35:00+05:30,371.85,372.9,371.65,372.05,73781,0
2026-03-23 10:40:00+05:30,372.05,373.0,371.55,372.1,158596,0
2026-03-23 10:45:00+05:30,372.15,372.5,371.75,372.5,70261,0
2026-03-23 10:50:00+05:30,372.5,372.5,371.85,372.1,57022,0
2026-03-23 10:55:00+05:30,372.15,372.25,371.25,371.5,157917,0
2026-03-23 11:00:00+05:30,371.5,371.75,371.0,371.5,162360,0
2026-03-23 11:05:00+05:30,371.5,372.4,371.45,371.8,166067,0
2026-03-23 11:10:00+05:30,371.85,372.25,371.6,372.0,97255,0
2026-03-23 11:15:00+05:30,371.95,372.0,370.9,371.3,131559,0
2026-03-23 11:20:00+05:30,371.25,371.4,370.7,371.15,49498,0
2026-03-23 11:25:00+05:30,371.15,371.3,370.75,371.25,38239,0
2026-03-23 11:30:00+05:30,371.3,371.5,370.75,371.45,63840,0
2026-03-23 11:35:00+05:30,371.45,371.8,371.15,371.35,58974,0
2026-03-23 11:40:00+05:30,371.35,371.8,370.7,370.9,41150,0
2026-03-23 11:45:00+05:30,370.9,371.55,370.7,371.45,40980,0
2026-03-23 11:50:00+05:30,371.55,372.0,371.45,371.75,44163,0
2026-03-23 11:55:00+05:30,371.75,371.8,370.65,371.25,110229,0
2026-03-23 12:00:00+05:30,371.25,371.3,370.35,370.5,60417,0
2026-03-23 12:05:00+05:30,370.5,370.75,369.3,370.75,87160,0
2026-03-23 12:10:00+05:30,370.75,371.0,369.9,369.9,48710,0
2026-03-23 12:15:00+05:30,370.1,370.6,369.65,370.55,98684,0
2026-03-23 12:20:00+05:30,370.55,371.0,369.85,370.1,84555,0
2026-03-23 12:25:00+05:30,370.05,370.7,369.85,370.45,98948,0
2026-03-23 12:30:00+05:30,370.45,370.65,370.1,370.45,96504,0
2026-03-23 12:35:00+05:30,370.45,371.65,370.35,371.3,102878,0
2026-03-23 12:40:00+05:30,371.3,371.75,370.8,371.75,107581,0
2026-03-23 12:45:00+05:30,371.75,371.9,371.25,371.6,103206,0
2026-03-23 12:50:00+05:30,371.6,371.85,371.0,371.4,126780,0
2026-03-23 12:55:00+05:30,371.4,371.45,370.6,371.05,103307,0
2026-03-23 13:00:00+05:30,371.0,371.15,370.65,370.9,106126,0
2026-03-23 13:05:00+05:30,370.9,372.0,370.65,371.7,128187,0
2026-03-23 13:10:00+05:30,371.7,371.8,371.25,371.7,226429,0
2026-03-23 13:15:00+05:30,371.7,372.0,371.35,371.5,112495,0
2026-03-23 13:20:00+05:30,371.5,371.9,371.15,371.75,100687,0
2026-03-23 13:25:00+05:30,371.75,371.75,370.6,370.85,117271,0
2026-03-23 13:30:00+05:30,370.85,371.8,370.8,371.75,166866,0
2026-03-23 13:35:00+05:30,371.75,372.1,371.65,371.95,114814,0
2026-03-23 13:40:00+05:30,371.95,372.6,371.65,372.3,110256,0
2026-03-23 13:45:00+05:30,372.35,373.8,372.0,373.8,256692,0
2026-03-23 13:50:00+05:30,373.75,374.7,372.8,373.4,290525,0
2026-03-23 13:55:00+05:30,373.3,374.1,372.85,373.65,307621,0
2026-03-23 14:00:00+05:30,373.55,374.65,373.35,374.35,271054,0
2026-03-23 14:05:00+05:30,374.15,374.65,372.6,372.85,420582,0
2026-03-23 14:10:00+05:30,372.9,373.85,372.6,373.15,220580,0
2026-03-23 14:15:00+05:30,373.15,373.65,372.85,373.65,207215,0
2026-03-23 14:20:00+05:30,373.5,374.15,373.35,373.4,202603,0
2026-03-23 14:25:00+05:30,373.6,373.85,372.9,373.1,309491,0
2026-03-23 14:30:00+05:30,373.05,373.65,371.9,371.95,746020,0
2026-03-23 14:35:00+05:30,371.9,373.0,371.75,372.3,270990,0
2026-03-23 14:40:00+05:30,372.1,373.5,371.75,373.3,395348,0
2026-03-23 14:45:00+05:30,373.4,374.0,372.85,373.8,327261,0
2026-03-23 14:50:00+05:30,373.85,375.2,373.85,374.75,369403,0
2026-03-23 14:55:00+05:30,374.6,375.0,373.8,374.7,430927,0
2026-03-23 15:00:00+05:30,374.75,374.8,372.4,372.55,590433,0
2026-03-23 15:05:00+05:30,372.55,372.85,372.0,372.6,241332,0
2026-03-23 15:10:00+05:30,372.6,373.9,372.1,372.2,373207,0
2026-03-23 15:15:00+05:30,372.25,372.4,370.45,370.95,420311,0
2026-03-23 15:20:00+05:30,370.9,372.0,370.6,371.8,440676,0
2026-03-23 15:25:00+05:30,371.85,372.45,371.1,371.15,223316,0
2026-03-24 09:15:00+05:30,378.0,378.0,374.2,375.15,631637,0
2026-03-24 09:20:00+05:30,375.15,376.25,374.4,375.9,284278,0
2026-03-24 09:25:00+05:30,375.9,376.45,375.35,375.95,124839,0
2026-03-24 09:30:00+05:30,375.9,376.3,374.6,375.8,115620,0
2026-03-24 09:35:00+05:30,375.95,376.0,374.6,374.9,107827,0
2026-03-24 09:40:00+05:30,375.1,375.3,373.4,373.7,128937,0
2026-03-24 09:45:00+05:30,373.85,374.4,373.6,374.3,70987,0
2026-03-24 09:50:00+05:30,374.3,375.0,373.85,374.15,119224,0
2026-03-24 09:55:00+05:30,374.2,375.0,374.0,374.65,63917,0
2026-03-24 10:00:00+05:30,374.5,375.0,373.7,373.9,57896,0
2026-03-24 10:05:00+05:30,373.85,374.0,372.85,373.0,56986,0
2026-03-24 10:10:00+05:30,373.0,373.3,372.65,372.9,54138,0
2026-03-24 10:15:00+05:30,372.85,373.2,372.55,372.7,69985,0
2026-03-24 10:20:00+05:30,372.75,373.7,372.3,373.65,54067,0
2026-03-24 10:25:00+05:30,373.75,373.8,372.75,373.2,57650,0
2026-03-24 10:30:00+05:30,373.35,373.7,372.05,372.15,70726,0
2026-03-24 10:35:00+05:30,372.05,372.35,371.5,371.6,83019,0
2026-03-24 10:40:00+05:30,371.65,372.4,371.5,372.25,43931,0
2026-03-24 10:45:00+05:30,372.15,373.45,371.6,372.65,56711,0
2026-03-24 10:50:00+05:30,372.7,373.5,371.6,371.8,133757,0
2026-03-24 10:55:00+05:30,371.7,371.95,371.0,371.2,59092,0
2026-03-24 11:00:00+05:30,371.2,372.2,371.2,371.9,193137,0
2026-03-24 11:05:00+05:30,371.9,372.85,371.5,372.75,539076,0
2026-03-24 11:10:00+05:30,372.75,373.4,372.65,373.2,70943,0
2026-03-24 11:15:00+05:30,373.2,374.25,372.9,374.15,56305,0
2026-03-24 11:20:00+05:30,374.15,374.2,373.2,373.35,78359,0
2026-03-24 11:25:00+05:30,373.5,374.25,373.35,374.0,73931,0
2026-03-24 11:30:00+05:30,374.0,374.5,373.75,374.3,91095,0
2026-03-24 11:35:00+05:30,374.15,374.9,374.15,374.9,57594,0
2026-03-24 11:40:00+05:30,374.9,375.25,374.35,374.7,56184,0
2026-03-24 11:45:00+05:30,374.7,375.45,374.6,374.85,43191,0
2026-03-24 11:50:00+05:30,374.95,375.4,374.75,375.35,52233,0
2026-03-24 11:55:00+05:30,375.25,376.35,375.2,375.95,60116,0
2026-03-24 12:00:00+05:30,375.8,376.0,375.3,375.65,53386,0
2026-03-24 12:05:00+05:30,375.6,375.65,374.0,374.55,222736,0
2026-03-24 12:10:00+05:30,374.6,375.25,374.15,374.7,103561,0
2026-03-24 12:15:00+05:30,374.75,375.4,374.35,375.25,51517,0
2026-03-24 12:20:00+05:30,375.25,377.55,375.0,377.55,97017,0
2026-03-24 12:25:00+05:30,377.55,378.15,375.55,376.3,193237,0
2026-03-24 12:30:00+05:30,376.35,377.45,376.3,377.1,66419,0
2026-03-24 12:35:00+05:30,377.3,377.7,377.15,377.6,52153,0
2026-03-24 12:40:00+05:30,377.45,377.8,376.75,377.0,73620,0
2026-03-24 12:45:00+05:30,377.25,377.4,376.3,376.6,68093,0
2026-03-24 12:50:00+05:30,376.8,377.5,376.6,376.7,259617,0
2026-03-24 12:55:00+05:30,376.9,376.95,375.9,376.5,92193,0
2026-03-24 13:00:00+05:30,376.65,376.65,375.75,375.9,79873,0
2026-03-24 13:05:00+05:30,375.9,375.9,374.85,375.0,219036,0
2026-03-24 13:10:00+05:30,375.1,376.0,375.0,375.9,53201,0
2026-03-24 13:15:00+05:30,375.9,376.45,375.45,376.4,49418,0
2026-03-24 13:20:00+05:30,376.3,376.7,375.9,376.05,57503,0
2026-03-24 13:25:00+05:30,376.15,376.8,376.1,376.5,113515,0
2026-03-24 13:30:00+05:30,376.55,376.75,375.95,376.7,69617,0
2026-03-24 13:35:00+05:30,376.75,377.0,376.15,376.2,88460,0
2026-03-24 13:40:00+05:30,376.3,377.1,375.85,376.05,76820,0
2026-03-24 13:45:00+05:30,376.2,376.6,375.2,375.2,69109,0
2026-03-24 13:50:00+05:30,375.4,376.0,375.25,375.6,44100,0
2026-03-24 13:55:00+05:30,375.6,376.35,375.6,375.9,83541,0
2026-03-24 14:00:00+05:30,376.0,376.2,375.0,375.8,178215,0
2026-03-24 14:05:00+05:30,375.85,376.3,375.5,375.85,83409,0
2026-03-24 14:10:00+05:30,375.8,376.55,375.8,376.4,53983,0
2026-03-24 14:15:00+05:30,376.5,377.0,376.0,376.05,101732,0
2026-03-24 14:20:00+05:30,376.15,376.5,375.05,375.75,86466,0
2026-03-24 14:25:00+05:30,375.75,376.2,375.35,375.8,57028,0
2026-03-24 14:30:00+05:30,375.85,376.15,375.35,375.95,71174,0
2026-03-24 14:35:00+05:30,376.0,376.4,374.6,374.85,108818,0
2026-03-24 14:40:00+05:30,374.85,375.5,374.5,375.0,84648,0
2026-03-24 14:45:00+05:30,374.95,375.25,374.5,375.05,62507,0
2026-03-24 14:50:00+05:30,375.1,375.55,374.35,375.05,298950,0
2026-03-24 14:55:00+05:30,374.95,376.65,374.95,375.8,316210,0
2026-03-24 15:00:00+05:30,375.9,375.9,374.75,375.25,361319,0
2026-03-24 15:05:00+05:30,375.25,376.5,375.15,375.6,329295,0
2026-03-24 15:10:00+05:30,375.55,376.0,375.3,375.5,283501,0
2026-03-24 15:15:00+05:30,375.5,375.6,375.1,375.45,265241,0
2026-03-24 15:20:00+05:30,375.45,375.55,375.35,375.55,228552,0
2026-03-24 15:25:00+05:30,375.55,376.0,374.4,375.0,209800,0
2026-03-25 09:15:00+05:30,376.0,378.05,375.6,375.95,325454,0
2026-03-25 09:20:00+05:30,376.0,376.65,375.65,376.5,94995,0
2026-03-25 09:25:00+05:30,376.4,377.6,376.4,377.05,117975,0
2026-03-25 09:30:00+05:30,377.1,377.45,376.4,377.0,91699,0
2026-03-25 09:35:00+05:30,377.0,377.55,376.15,377.0,561763,0
2026-03-25 09:40:00+05:30,377.0,377.1,376.1,376.85,92771,0
2026-03-25 09:45:00+05:30,377.0,377.15,376.5,377.0,61697,0
2026-03-25 09:50:00+05:30,376.85,377.2,376.5,377.2,92122,0
2026-03-25 09:55:00+05:30,377.2,377.45,376.75,377.2,84743,0
2026-03-25 10:00:00+05:30,377.2,377.45,376.55,376.55,88698,0
2026-03-25 10:05:00+05:30,376.65,376.95,376.0,376.5,91859,0
2026-03-25 10:10:00+05:30,376.5,377.0,376.3,376.7,70661,0
2026-03-25 10:15:00+05:30,376.9,377.55,376.55,377.5,97846,0
2026-03-25 10:20:00+05:30,377.55,378.05,377.1,377.25,141732,0
2026-03-25 10:25:00+05:30,377.25,377.75,377.15,377.55,61994,0
2026-03-25 10:30:00+05:30,377.55,377.7,377.2,377.3,72063,0
2026-03-25 10:35:00+05:30,377.3,377.5,377.05,377.1,50631,0
2026-03-25 10:40:00+05:30,377.2,377.5,376.65,377.4,98598,0
2026-03-25 10:45:00+05:30,377.45,377.6,376.95,376.95,60715,0
2026-03-25 10:50:00+05:30,377.05,377.5,376.95,377.4,72411,0
2026-03-25 10:55:00+05:30,377.4,377.65,377.25,377.5,49025,0
2026-03-25 11:00:00+05:30,377.6,378.2,377.5,378.0,107881,0
2026-03-25 11:05:00+05:30,378.0,378.45,377.75,377.75,345958,0
2026-03-25 11:10:00+05:30,377.8,378.45,376.5,378.45,306998,0
2026-03-25 11:15:00+05:30,378.45,379.0,378.3,378.9,78629,0
2026-03-25 11:20:00+05:30,378.9,379.25,378.4,378.4,86543,0
2026-03-25 11:25:00+05:30,378.6,378.7,378.0,378.3,66357,0
2026-03-25 11:30:00+05:30,378.3,379.45,378.05,379.05,335294,0
2026-03-25 11:35:00+05:30,379.05,379.25,378.25,378.35,100190,0
2026-03-25 11:40:00+05:30,378.5,378.6,378.0,378.15,102012,0
2026-03-25 11:45:00+05:30,378.15,378.85,378.0,378.4,94391,0
2026-03-25 11:50:00+05:30,378.5,378.8,378.2,378.55,98551,0
2026-03-25 11:55:00+05:30,378.55,378.7,378.3,378.55,51736,0
2026-03-25 12:00:00+05:30,378.5,378.8,378.1,378.5,61549,0
2026-03-25 12:05:00+05:30,378.6,379.3,378.5,379.05,191338,0
2026-03-25 12:10:00+05:30,379.1,379.75,379.05,379.5,60607,0
2026-03-25 12:15:00+05:30,379.55,379.75,379.15,379.35,54012,0
2026-03-25 12:20:00+05:30,379.45,380.0,379.35,379.4,85606,0
2026-03-25 12:25:00+05:30,379.5,379.7,379.1,379.7,84198,0
2026-03-25 12:30:00+05:30,379.65,380.0,379.5,379.8,76653,0
2026-03-25 12:35:00+05:30,379.8,379.8,379.05,379.15,58889,0
2026-03-25 12:40:00+05:30,379.15,379.65,379.0,379.5,78212,0
2026-03-25 12:45:00+05:30,379.5,379.55,379.0,379.1,147025,0
2026-03-25 12:50:00+05:30,379.1,379.15,378.3,378.35,57419,0
2026-03-25 12:55:00+05:30,378.35,378.7,378.3,378.6,35621,0
2026-03-25 13:00:00+05:30,378.55,379.0,378.4,378.7,60606,0
2026-03-25 13:05:00+05:30,378.7,379.45,378.55,379.0,65730,0
2026-03-25 13:10:00+05:30,378.85,379.2,378.8,378.8,47937,0
2026-03-25 13:15:00+05:30,378.85,379.2,378.65,378.85,45664,0
2026-03-25 13:20:00+05:30,378.85,379.5,378.55,379.45,63563,0
2026-03-25 13:25:00+05:30,379.45,380.4,379.3,380.05,140110,0
2026-03-25 13:30:00+05:30,380.05,380.35,379.5,380.2,74808,0
2026-03-25 13:35:00+05:30,380.2,380.8,380.0,380.3,73897,0
2026-03-25 13:40:00+05:30,380.3,380.95,380.15,380.35,83584,0
2026-03-25 13:45:00+05:30,380.4,380.9,380.2,380.5,51243,0
2026-03-25 13:50:00+05:30,380.55,380.75,380.1,380.5,116511,0
2026-03-25 13:55:00+05:30,380.55,380.65,379.6,379.65,193293,0
2026-03-25 14:00:00+05:30,379.6,380.1,379.55,379.55,124291,0
2026-03-25 14:05:00+05:30,379.55,379.75,378.55,378.85,113379,0
2026-03-25 14:10:00+05:30,378.9,379.05,378.65,378.7,56185,0
2026-03-25 14:15:00+05:30,378.75,379.0,378.55,378.65,43191,0
2026-03-25 14:20:00+05:30,378.65,379.05,377.75,378.0,76194,0
2026-03-25 14:25:00+05:30,378.0,378.35,377.6,377.9,88839,0
2026-03-25 14:30:00+05:30,378.0,378.1,377.3,378.0,97863,0
2026-03-25 14:35:00+05:30,378.0,378.3,377.3,377.45,47079,0
2026-03-25 14:40:00+05:30,377.35,378.2,377.35,378.0,69688,0
2026-03-25 14:45:00+05:30,378.0,378.25,377.35,377.9,98910,0
2026-03-25 14:50:00+05:30,377.9,378.85,377.85,378.3,435398,0
2026-03-25 14:55:00+05:30,378.4,379.15,378.05,379.15,354632,0
2026-03-25 15:00:00+05:30,379.05,379.1,378.0,378.4,281935,0
2026-03-25 15:05:00+05:30,378.4,378.75,378.05,378.5,212451,0
2026-03-25 15:10:00+05:30,378.45,378.8,378.25,378.3,180394,0
2026-03-25 15:15:00+05:30,378.25,378.45,378.05,378.15,197933,0
2026-03-25 15:20:00+05:30,378.1,378.6,378.1,378.4,262879,0
2026-03-25 15:25:00+05:30,378.4,378.65,377.85,377.85,262510,0
2026-03-27 09:15:00+05:30,379.9,379.9,376.25,376.65,299308,0
2026-03-27 09:20:00+05:30,376.5,378.65,376.1,378.0,473659,0
2026-03-27 09:25:00+05:30,377.95,378.65,377.6,378.25,98329,0
2026-03-27 09:30:00+05:30,378.35,378.35,376.7,376.85,62890,0
2026-03-27 09:35:00+05:30,376.75,377.95,376.6,377.95,52481,0
2026-03-27 09:40:00+05:30,377.85,378.95,377.55,378.8,42402,0
2026-03-27 09:45:00+05:30,378.95,378.95,378.05,378.8,66975,0
2026-03-27 09:50:00+05:30,378.8,379.25,378.45,379.1,193222,0
2026-03-27 09:55:00+05:30,379.0,379.15,378.1,378.3,42814,0
2026-03-27 10:00:00+05:30,378.4,378.8,378.0,378.4,70057,0
2026-03-27 10:05:00+05:30,378.4,378.45,377.85,378.1,38542,0
2026-03-27 10:10:00+05:30,378.25,378.25,377.0,377.15,44445,0
2026-03-27 10:15:00+05:30,377.2,377.25,376.45,376.7,63362,0
2026-03-27 10:20:00+05:30,376.65,377.2,376.55,377.0,77046,0
2026-03-27 10:25:00+05:30,377.05,377.1,376.5,377.0,53707,0
2026-03-27 10:30:00+05:30,377.0,377.3,376.8,377.05,191378,0
2026-03-27 10:35:00+05:30,376.95,377.2,376.45,376.75,106017,0
2026-03-27 10:40:00+05:30,376.75,377.05,376.5,376.6,34470,0
2026-03-27 10:45:00+05:30,376.75,376.85,376.2,376.35,31785,0
2026-03-27 10:50:00+05:30,376.35,376.55,375.65,375.65,41811,0
2026-03-27 10:55:00+05:30,375.85,376.2,375.5,375.75,43661,0
2026-03-27 11:00:00+05:30,375.75,376.6,375.55,376.45,49288,0
2026-03-27 11:05:00+05:30,376.45,377.0,376.3,376.55,52362,0
2026-03-27 11:10:00+05:30,376.7,377.5,376.6,376.95,381203,0
2026-03-27 11:15:00+05:30,377.0,377.0,376.5,376.7,57592,0
2026-03-27 11:20:00+05:30,376.7,377.45,376.5,376.85,315135,0
2026-03-27 11:25:00+05:30,376.85,377.0,376.3,376.75,61842,0
2026-03-27 11:30:00+05:30,376.8,376.95,376.05,376.15,62810,0
2026-03-27 11:35:00+05:30,376.15,377.05,376.0,376.95,239801,0
2026-03-27 11:40:00+05:30,377.0,377.1,376.8,377.0,53503,0
2026-03-27 11:45:00+05:30,377.0,377.6,376.8,376.95,188817,0
2026-03-27 11:50:00+05:30,376.95,377.0,376.55,377.0,31156,0
2026-03-27 11:55:00+05:30,377.0,377.0,376.45,376.8,39163,0
2026-03-27 12:00:00+05:30,376.9,377.0,376.55,376.95,122213,0
2026-03-27 12:05:00+05:30,376.95,377.05,376.75,376.85,43915,0
2026-03-27 12:10:00+05:30,376.95,377.05,376.85,377.0,49571,0
2026-03-27 12:15:00+05:30,377.0,377.4,376.6,377.2,49460,0
2026-03-27 12:20:00+05:30,377.15,377.3,376.5,376.85,26016,0
2026-03-27 12:25:00+05:30,376.85,377.0,376.6,376.75,25091,0
2026-03-27 12:30:00+05:30,376.85,376.9,376.2,376.6,24141,0
2026-03-27 12:35:00+05:30,376.6,376.8,376.2,376.45,38432,0
2026-03-27 12:40:00+05:30,376.6,376.75,376.45,376.7,19126,0
2026-03-27 12:45:00+05:30,376.75,376.9,376.4,376.65,27961,0
2026-03-27 12:50:00+05:30,376.7,377.15,376.05,376.15,185287,0
2026-03-27 12:55:00+05:30,376.2,377.05,376.15,377.0,152268,0
2026-03-27 13:00:00+05:30,377.0,377.3,376.6,376.8,305230,0
2026-03-27 13:05:00+05:30,376.75,377.0,376.6,376.8,54404,0
2026-03-27 13:10:00+05:30,376.8,377.1,376.65,377.0,266643,0
2026-03-27 13:15:00+05:30,377.0,378.4,376.9,377.45,210703,0
2026-03-27 13:20:00+05:30,377.45,377.9,377.25,377.65,60735,0
2026-03-27 13:25:00+05:30,377.75,378.0,377.7,377.8,79976,0
2026-03-27 13:30:00+05:30,377.8,377.9,377.5,377.85,70000,0
2026-03-27 13:35:00+05:30,377.85,378.0,377.5,377.75,74348,0
2026-03-27 13:40:00+05:30,377.7,378.0,377.15,377.4,141028,0
2026-03-27 13:45:00+05:30,377.4,377.55,377.2,377.45,78136,0
2026-03-27 13:50:00+05:30,377.45,377.95,377.2,377.7,100210,0
2026-03-27 13:55:00+05:30,377.7,378.0,377.5,377.6,102823,0
2026-03-27 14:00:00+05:30,377.8,377.85,377.3,377.7,92534,0
2026-03-27 14:05:00+05:30,377.7,377.85,377.3,377.85,88413,0
2026-03-27 14:10:00+05:30,377.85,378.0,377.4,377.9,78057,0
2026-03-27 14:15:00+05:30,377.9,377.9,377.1,377.25,123047,0
2026-03-27 14:20:00+05:30,377.3,377.55,377.0,377.45,94364,0
2026-03-27 14:25:00+05:30,377.45,377.5,376.7,377.05,107887,0
2026-03-27 14:30:00+05:30,377.0,377.5,376.8,377.15,126876,0
2026-03-27 14:35:00+05:30,377.15,377.35,376.5,376.75,117620,0
2026-03-27 14:40:00+05:30,376.65,377.3,376.55,376.75,113965,0
2026-03-27 14:45:00+05:30,376.6,376.8,376.15,376.25,146585,0
2026-03-27 14:50:00+05:30,376.2,376.4,376.0,376.3,168522,0
2026-03-27 14:55:00+05:30,376.15,376.35,375.85,375.9,200435,0
2026-03-27 15:00:00+05:30,376.0,376.0,375.15,375.35,2510695,0
2026-03-27 15:05:00+05:30,375.35,375.35,374.65,375.05,2251991,0
2026-03-27 15:10:00+05:30,375.05,375.4,374.85,375.2,2398565,0
2026-03-27 15:15:00+05:30,375.35,376.05,375.15,375.85,1991953,0
2026-03-27 15:20:00+05:30,375.85,376.5,375.8,376.3,2104808,0
2026-03-27 15:25:00+05:30,376.25,378.6,376.25,376.5,1577472,0
2026-03-30 09:15:00+05:30,374.0,377.95,374.0,375.85,920429,0
2026-03-30 09:20:00+05:30,375.85,376.0,374.25,374.6,416795,0
2026-03-30 09:25:00+05:30,374.75,375.15,373.8,374.6,247476,0
2026-03-30 09:30:00+05:30,374.7,376.0,374.45,375.9,89468,0
2026-03-30 09:35:00+05:30,375.9,376.55,375.55,376.15,331111,0
2026-03-30 09:40:00+05:30,376.05,376.65,375.65,376.45,191401,0
2026-03-30 09:45:00+05:30,376.5,377.45,376.15,376.2,295697,0
2026-03-30 09:50:00+05:30,376.25,377.4,375.7,377.1,227330,0
2026-03-30 09:55:00+05:30,377.0,377.2,376.3,376.95,173782,0
2026-03-30 10:00:00+05:30,376.95,377.5,376.55,377.1,109711,0
2026-03-30 10:05:00+05:30,377.1,377.15,375.55,376.15,133822,0
2026-03-30 10:10:00+05:30,376.15,376.3,375.15,376.15,212933,0
2026-03-30 10:15:00+05:30,376.0,376.15,375.3,375.4,88470,0
2026-03-30 10:20:00+05:30,375.3,375.3,374.2,374.5,214008,0
2026-03-30 10:25:00+05:30,374.5,375.3,374.35,375.05,154819,0
2026-03-30 10:30:00+05:30,375.05,375.15,374.2,374.45,99377,0
2026-03-30 10:35:00+05:30,374.4,375.5,374.35,375.25,406901,0
2026-03-30 10:40:00+05:30,375.25,375.9,374.6,374.75,99486,0
2026-03-30 10:45:00+05:30,374.75,375.0,374.6,374.85,54942,0
2026-03-30 10:50:00+05:30,374.9,375.25,374.35,374.6,65108,0
2026-03-30 10:55:00+05:30,374.6,375.2,374.5,374.65,76336,0
2026-03-30 11:00:00+05:30,374.65,375.65,374.4,375.6,249820,0
2026-03-30 11:05:00+05:30,375.55,375.85,375.35,375.45,67080,0
2026-03-30 11:10:00+05:30,375.45,375.85,375.3,375.75,50250,0
2026-03-30 11:15:00+05:30,375.75,375.85,375.4,375.85,52070,0
2026-03-30 11:20:00+05:30,375.8,376.0,375.45,375.55,66554,0
2026-03-30 11:25:00+05:30,375.55,375.65,374.7,374.75,434188,0
2026-03-30 11:30:00+05:30,374.75,375.25,374.5,375.1,81570,0
2026-03-30 11:35:00+05:30,375.1,375.5,374.95,375.4,89585,0
2026-03-30 11:40:00+05:30,375.4,375.55,375.0,375.15,60327,0
2026-03-30 11:45:00+05:30,375.1,375.3,374.45,375.1,324732,0
2026-03-30 11:50:00+05:30,375.1,375.3,374.95,375.1,66110,0
2026-03-30 11:55:00+05:30,375.15,375.5,375.05,375.5,83496,0
2026-03-30 12:00:00+05:30,375.5,376.2,375.3,375.95,246366,0
2026-03-30 12:05:00+05:30,375.9,376.35,375.55,375.9,317598,0
2026-03-30 12:10:00+05:30,375.95,376.35,375.85,376.3,51858,0
2026-03-30 12:15:00+05:30,376.3,376.35,375.85,376.1,39678,0
2026-03-30 12:20:00+05:30,376.15,376.3,375.15,375.25,124647,0
2026-03-30 12:25:00+05:30,375.35,375.35,374.9,375.15,52502,0
2026-03-30 12:30:00+05:30,375.1,375.15,374.85,375.1,63111,0
2026-03-30 12:35:00+05:30,375.1,375.45,374.9,375.3,107525,0
2026-03-30 12:40:00+05:30,375.4,375.45,375.05,375.25,130977,0
2026-03-30 12:45:00+05:30,375.25,375.3,374.7,374.85,61929,0
2026-03-30 12:50:00+05:30,374.85,374.85,373.7,374.05,143810,0
2026-03-30 12:55:00+05:30,373.95,374.15,373.55,373.95,126613,0
2026-03-30 13:00:00+05:30,373.95,374.2,373.7,374.1,74296,0
2026-03-30 13:05:00+05:30,374.1,374.45,373.8,374.2,76238,0
2026-03-30 13:10:00+05:30,374.25,374.7,374.1,374.55,94289,0
2026-03-30 13:15:00+05:30,374.55,374.8,374.4,374.75,69529,0
2026-03-30 13:20:00+05:30,374.75,374.9,374.5,374.8,68237,0
2026-03-30 13:25:00+05:30,374.8,374.8,374.0,374.4,128806,0
2026-03-30 13:30:00+05:30,374.4,374.5,374.1,374.35,91191,0
2026-03-30 13:35:00+05:30,374.4,374.5,374.2,374.5,81455,0
2026-03-30 13:40:00+05:30,374.45,374.5,374.05,374.4,84412,0
2026-03-30 13:45:00+05:30,374.4,374.5,374.15,374.3,95266,0
2026-03-30 13:50:00+05:30,374.25,374.35,373.75,373.95,95341,0
2026-03-30 13:55:00+05:30,374.0,374.3,373.6,374.25,131131,0
2026-03-30 14:00:00+05:30,374.2,375.0,374.0,374.7,295528,0
2026-03-30 14:05:00+05:30,374.7,374.8,374.2,374.2,120292,0
2026-03-30 14:10:00+05:30,374.2,374.35,374.0,374.2,74923,0
2026-03-30 14:15:00+05:30,374.2,374.65,374.15,374.55,115293,0
2026-03-30 14:20:00+05:30,374.55,374.75,373.6,373.95,122715,0
2026-03-30 14:25:00+05:30,373.95,373.95,372.85,372.9,162666,0
2026-03-30 14:30:00+05:30,372.95,373.15,371.8,372.0,457753,0
2026-03-30 14:35:00+05:30,372.0,372.1,371.7,371.9,137947,0
2026-03-30 14:40:00+05:30,371.9,372.15,371.65,372.0,178138,0
2026-03-30 14:45:00+05:30,372.0,372.2,371.45,372.0,220691,0
2026-03-30 14:50:00+05:30,372.0,372.15,371.35,371.55,193627,0
2026-03-30 14:55:00+05:30,371.5,372.0,370.8,370.9,227855,0
2026-03-30 15:00:00+05:30,371.0,371.85,370.55,370.65,1461676,0
2026-03-30 15:05:00+05:30,370.6,370.75,369.85,370.35,1282365,0
2026-03-30 15:10:00+05:30,370.45,371.1,370.35,371.0,1295170,0
2026-03-30 15:15:00+05:30,371.0,371.05,370.2,370.35,843499,0
2026-03-30 15:20:00+05:30,370.35,370.95,370.2,370.45,1130244,0
2026-03-30 15:25:00+05:30,370.45,370.75,369.65,370.45,857880,0
2026-04-01 09:15:00+05:30,381.3,381.9,373.4,376.55,586496,0
2026-04-01 09:20:00+05:30,376.6,376.9,374.2,375.15,121860,0
2026-04-01 09:25:00+05:30,375.2,376.0,374.75,376.0,79591,0
2026-04-01 09:30:00+05:30,376.1,376.35,375.0,375.6,177332,0
2026-04-01 09:35:00+05:30,375.75,375.75,373.55,373.8,1464632,0
2026-04-01 09:40:00+05:30,373.65,374.45,373.25,373.4,107910,0
2026-04-01 09:45:00+05:30,373.4,374.2,372.75,374.0,133273,0
2026-04-01 09:50:00+05:30,374.1,374.95,373.95,374.5,119248,0
2026-04-01 09:55:00+05:30,374.45,374.6,373.1,373.8,147441,0
2026-04-01 10:00:00+05:30,373.8,374.1,373.05,373.1,116033,0
2026-04-01 10:05:00+05:30,373.1,373.4,372.1,372.35,134014,0
2026-04-01 10:10:00+05:30,372.2,372.7,371.05,371.2,106615,0
2026-04-01 10:15:00+05:30,371.2,371.35,369.55,370.35,164153,0
2026-04-01 10:20:00+05:30,370.35,371.8,370.35,370.55,151103,0
2026-04-01 10:25:00+05:30,370.5,370.6,369.15,369.95,78941,0
2026-04-01 10:30:00+05:30,369.95,370.55,369.35,370.3,77626,0
2026-04-01 10:35:00+05:30,370.35,370.95,370.2,370.8,77634,0
2026-04-01 10:40:00+05:30,370.8,371.1,370.0,370.85,84646,0
2026-04-01 10:45:00+05:30,370.9,371.45,370.5,370.9,76199,0
2026-04-01 10:50:00+05:30,370.85,371.0,370.4,370.5,56148,0
2026-04-01 10:55:00+05:30,370.5,370.55,369.0,369.55,118251,0
2026-04-01 11:00:00+05:30,369.55,369.6,368.75,369.1,76005,0
2026-04-01 11:05:00+05:30,369.1,370.0,368.8,369.5,74114,0
2026-04-01 11:10:00+05:30,369.6,370.2,369.25,369.55,52155,0
2026-04-01 11:15:00+05:30,369.55,369.8,369.3,369.75,41991,0
2026-04-01 11:20:00+05:30,369.7,370.25,369.15,369.8,152628,0
2026-04-01 11:25:00+05:30,369.75,369.8,367.55,367.7,92744,0
2026-04-01 11:30:00+05:30,367.6,368.4,367.1,368.15,102234,0
2026-04-01 11:35:00+05:30,368.05,368.55,367.3,368.0,83508,0
2026-04-01 11:40:00+05:30,368.0,368.15,367.0,367.05,119059,0
2026-04-01 11:45:00+05:30,367.0,367.05,365.8,365.9,161674,0
2026-04-01 11:50:00+05:30,366.0,366.05,365.2,365.35,87034,0
2026-04-01 11:55:00+05:30,365.25,367.2,365.15,366.55,171853,0
2026-04-01 12:00:00+05:30,366.5,367.05,365.5,366.75,307179,0
2026-04-01 12:05:00+05:30,366.65,367.4,366.35,367.3,145534,0
2026-04-01 12:10:00+05:30,367.25,368.1,367.15,367.15,195680,0
2026-04-01 12:15:00+05:30,367.1,367.9,366.25,366.4,368043,0
2026-04-01 12:20:00+05:30,366.3,366.85,365.9,366.15,195692,0
2026-04-01 12:25:00+05:30,366.15,366.7,366.05,366.65,126781,0
2026-04-01 12:30:00+05:30,366.55,367.4,366.45,366.8,139570,0
2026-04-01 12:35:00+05:30,366.75,367.35,366.35,366.95,95764,0
2026-04-01 12:40:00+05:30,366.9,367.45,366.65,367.15,110441,0
2026-04-01 12:45:00+05:30,367.15,367.7,366.9,367.0,105493,0
2026-04-01 12:50:00+05:30,367.0,367.6,366.6,367.6,105404,0
2026-04-01 12:55:00+05:30,367.45,367.65,367.0,367.15,77108,0
2026-04-01 13:00:00+05:30,367.1,367.45,366.55,366.95,89849,0
2026-04-01 13:05:00+05:30,366.9,367.5,366.4,367.0,99122,0
2026-04-01 13:10:00+05:30,367.05,367.65,366.9,367.65,90884,0
2026-04-01 13:15:00+05:30,367.6,367.95,366.85,367.15,140307,0
2026-04-01 13:20:00+05:30,367.2,367.3,366.45,367.05,128607,0
2026-04-01 13:25:00+05:30,367.0,367.2,366.2,366.45,137194,0
2026-04-01 13:30:00+05:30,366.65,366.75,365.85,366.05,136697,0
2026-04-01 13:35:00+05:30,366.1,366.6,365.5,366.1,122010,0
2026-04-01 13:40:00+05:30,366.05,366.1,362.85,363.7,360119,0
2026-04-01 13:45:00+05:30,363.5,363.75,362.6,362.6,295192,0
2026-04-01 13:50:00+05:30,362.6,363.3,362.1,362.25,183843,0
2026-04-01 13:55:00+05:30,362.25,363.0,362.0,362.7,147658,0
2026-04-01 14:00:00+05:30,362.65,363.25,362.25,362.7,138652,0
2026-04-01 14:05:00+05:30,362.6,363.2,362.55,363.0,133426,0
2026-04-01 14:10:00+05:30,362.95,365.4,362.8,365.4,431339,0
2026-04-01 14:15:00+05:30,365.4,366.9,365.1,366.6,153033,0
2026-04-01 14:20:00+05:30,366.55,366.55,365.6,365.7,345782,0
2026-04-01 14:25:00+05:30,365.65,366.25,365.55,366.2,101125,0
2026-04-01 14:30:00+05:30,366.2,366.6,365.25,365.25,156186,0
2026-04-01 14:35:00+05:30,365.35,365.35,364.0,364.75,162118,0
2026-04-01 14:40:00+05:30,364.65,364.9,363.0,363.55,431827,0
2026-04-01 14:45:00+05:30,363.5,363.8,361.45,362.45,517861,0
2026-04-01 14:50:00+05:30,362.4,363.6,362.2,363.4,174401,0
2026-04-01 14:55:00+05:30,363.45,364.0,363.25,363.7,154656,0
2026-04-01 15:00:00+05:30,363.75,365.0,363.75,364.5,604951,0
2026-04-01 15:05:00+05:30,364.5,364.95,364.3,364.85,379551,0
2026-04-01 15:10:00+05:30,364.85,366.15,364.25,364.35,656567,0
2026-04-01 15:15:00+05:30,364.3,364.9,364.05,364.5,492781,0
2026-04-01 15:20:00+05:30,364.5,364.8,364.0,364.1,698019,0
2026-04-01 15:25:00+05:30,364.1,366.0,363.7,365.95,418578,0
2026-04-02 09:15:00+05:30,359.95,359.95,353.3,354.1,645418,0
2026-04-02 09:20:00+05:30,354.2,354.8,353.15,354.25,274596,0
2026-04-02 09:25:00+05:30,354.2,354.85,352.9,353.15,198098,0
2026-04-02 09:30:00+05:30,353.25,354.8,352.25,354.5,181025,0
2026-04-02 09:35:00+05:30,354.65,356.2,354.35,355.25,167595,0
2026-04-02 09:40:00+05:30,355.25,357.1,355.05,356.95,149591,0
2026-04-02 09:45:00+05:30,356.95,358.15,356.85,357.3,176278,0
2026-04-02 09:50:00+05:30,357.3,357.55,355.05,355.2,165766,0
2026-04-02 09:55:00+05:30,355.2,355.55,354.5,354.9,116041,0
2026-04-02 10:00:00+05:30,354.85,355.9,354.5,354.7,94257,0
2026-04-02 10:05:00+05:30,354.7,356.0,354.2,355.05,163882,0
2026-04-02 10:10:00+05:30,355.05,356.0,354.8,355.6,70358,0
2026-04-02 10:15:00+05:30,355.7,355.7,354.3,354.35,90517,0
2026-04-02 10:20:00+05:30,354.4,354.8,354.1,354.2,72539,0
2026-04-02 10:25:00+05:30,354.25,355.15,354.1,355.1,63534,0
2026-04-02 10:30:00+05:30,355.15,355.3,354.7,355.3,35690,0
2026-04-02 10:35:00+05:30,355.3,355.7,354.65,355.2,56179,0
2026-04-02 10:40:00+05:30,355.2,355.5,354.5,354.6,59411,0
2026-04-02 10:45:00+05:30,354.65,354.75,353.7,354.1,122469,0
2026-04-02 10:50:00+05:30,354.1,355.6,354.0,355.2,92385,0
2026-04-02 10:55:00+05:30,355.35,356.0,355.0,355.95,76559,0
2026-04-02 11:00:00+05:30,355.95,356.25,355.15,355.75,85733,0
2026-04-02 11:05:00+05:30,355.75,355.85,354.9,355.1,118677,0
2026-04-02 11:10:00+05:30,355.0,355.3,354.35,354.8,368076,0
2026-04-02 11:15:00+05:30,354.85,355.45,354.7,354.9,54909,0
2026-04-02 11:20:00+05:30,354.95,354.95,352.0,352.9,4517653,0
2026-04-02 11:25:00+05:30,352.9,353.95,352.5,353.35,274367,0
2026-04-02 11:30:00+05:30,353.5,354.0,353.35,353.65,226000,0
2026-04-02 11:35:00+05:30,353.8,355.6,353.6,354.4,156908,0
2026-04-02 11:40:00+05:30,354.35,354.55,353.45,353.8,155074,0
2026-04-02 11:45:00+05:30,353.8,354.55,353.75,354.0,71540,0
2026-04-02 11:50:00+05:30,354.0,354.25,353.75,353.8,75657,0
2026-04-02 11:55:00+05:30,353.95,355.1,353.7,354.35,106702,0
2026-04-02 12:00:00+05:30,354.35,354.7,353.1,353.5,85062,0
2026-04-02 12:05:00+05:30,353.5,353.85,353.15,353.15,74940,0
2026-04-02 12:10:00+05:30,353.35,354.05,353.1,353.25,68648,0
2026-04-02 12:15:00+05:30,353.25,354.0,353.1,353.25,67083,0
2026-04-02 12:20:00+05:30,353.25,353.6,352.75,353.3,88615,0
2026-04-02 12:25:00+05:30,353.3,354.1,353.15,354.1,73411,0
2026-04-02 12:30:00+05:30,354.1,355.6,353.95,354.85,588840,0
2026-04-02 12:35:00+05:30,354.85,355.35,354.35,354.8,71979,0
2026-04-02 12:40:00+05:30,354.9,355.9,354.45,355.6,131406,0
2026-04-02 12:45:00+05:30,355.7,355.95,355.3,355.65,117427,0
2026-04-02 12:50:00+05:30,355.65,355.85,354.8,354.8,95367,0
2026-04-02 12:55:00+05:30,354.9,355.95,354.75,355.8,128771,0
2026-04-02 13:00:00+05:30,355.8,356.8,355.75,356.3,176275,0
2026-04-02 13:05:00+05:30,356.35,356.8,355.4,356.6,119046,0
2026-04-02 13:10:00+05:30,356.6,356.8,356.1,356.5,112326,0
2026-04-02 13:15:00+05:30,356.5,356.6,355.5,355.8,163404,0
2026-04-02 13:20:00+05:30,355.8,357.3,355.6,357.1,247206,0
2026-04-02 13:25:00+05:30,357.15,357.6,356.4,357.4,148121,0
2026-04-02 13:30:00+05:30,357.4,358.2,357.15,357.3,139128,0
2026-04-02 13:35:00+05:30,357.4,357.8,357.0,357.65,95378,0
2026-04-02 13:40:00+05:30,357.7,359.25,357.35,358.7,163604,0
2026-04-02 13:45:00+05:30,358.8,358.8,356.95,357.55,125889,0
2026-04-02 13:50:00+05:30,357.55,357.8,356.95,357.45,110211,0
2026-04-02 13:55:00+05:30,357.5,357.65,356.95,357.45,77207,0
2026-04-02 14:00:00+05:30,357.5,358.4,357.3,358.1,78694,0
2026-04-02 14:05:00+05:30,358.1,358.7,357.8,358.55,75586,0
2026-04-02 14:10:00+05:30,358.55,359.4,358.55,358.95,150958,0
2026-04-02 14:15:00+05:30,359.0,359.8,358.75,359.3,130131,0
2026-04-02 14:20:00+05:30,359.3,359.8,358.85,359.65,88713,0
2026-04-02 14:25:00+05:30,359.65,360.95,359.45,360.6,192553,0
2026-04-02 14:30:00+05:30,360.6,360.85,359.8,360.0,348614,0
2026-04-02 14:35:00+05:30,360.0,360.05,358.6,358.6,134167,0
2026-04-02 14:40:00+05:30,358.75,358.8,357.0,357.1,239754,0
2026-04-02 14:45:00+05:30,357.2,358.45,356.85,358.0,95890,0
2026-04-02 14:50:00+05:30,357.95,359.0,357.75,359.0,98126,0
2026-04-02 14:55:00+05:30,359.0,359.0,358.2,358.85,74737,0
2026-04-02 15:00:00+05:30,358.75,360.35,358.75,359.45,482171,0
2026-04-02 15:05:00+05:30,359.45,361.25,359.4,361.15,338773,0
2026-04-02 15:10:00+05:30,361.15,361.3,360.0,360.15,387577,0
2026-04-02 15:15:00+05:30,360.35,360.55,359.4,359.5,347491,0
2026-04-02 15:20:00+05:30,359.4,359.5,358.3,358.8,392392,0
2026-04-02 15:25:00+05:30,358.75,359.0,358.3,358.9,340290,0
2026-04-06 09:15:00+05:30,358.8,360.5,357.05,360.45,414752,0
2026-04-06 09:20:00+05:30,360.5,362.5,360.5,361.9,219579,0
2026-04-06 09:25:00+05:30,362.05,362.05,359.4,359.85,155846,0
2026-04-06 09:30:00+05:30,359.85,360.0,358.8,359.05,134656,0
2026-04-06 09:35:00+05:30,359.05,360.5,358.65,358.75,284027,0
2026-04-06 09:40:00+05:30,358.75,359.3,356.85,357.4,210688,0
2026-04-06 09:45:00+05:30,357.45,358.0,357.0,357.65,93153,0
2026-04-06 09:50:00+05:30,357.75,358.25,357.15,357.7,103827,0
2026-04-06 09:55:00+05:30,357.8,358.15,357.3,357.45,73993,0
2026-04-06 10:00:00+05:30,357.45,358.0,357.2,357.45,86970,0
2026-04-06 10:05:00+05:30,357.5,358.2,357.2,358.0,87847,0
2026-04-06 10:10:00+05:30,358.0,358.8,357.8,358.75,106177,0
2026-04-06 10:15:00+05:30,358.75,359.15,358.0,358.45,170246,0
2026-04-06 10:20:00+05:30,358.45,358.65,357.85,357.9,128292,0
2026-04-06 10:25:00+05:30,357.95,358.2,357.15,358.1,150587,0
2026-04-06 10:30:00+05:30,358.15,358.15,357.4,358.05,61896,0
2026-04-06 10:35:00+05:30,358.1,358.25,357.7,358.0,48748,0
2026-04-06 10:40:00+05:30,358.1,358.4,356.6,357.05,102102,0
2026-04-06 10:45:00+05:30,357.15,357.3,356.3,356.6,136328,0
2026-04-06 10:50:00+05:30,356.7,357.05,356.0,356.65,277342,0
2026-04-06 10:55:00+05:30,356.65,357.8,356.65,357.25,137583,0
2026-04-06 11:00:00+05:30,357.25,357.3,356.4,357.1,161254,0
2026-04-06 11:05:00+05:30,357.1,357.6,356.95,357.05,84336,0
2026-04-06 11:10:00+05:30,357.05,357.05,355.7,356.1,345169,0
2026-04-06 11:15:00+05:30,356.2,356.45,355.75,355.85,58917,0
2026-04-06 11:20:00+05:30,356.0,357.2,355.85,356.15,95231,0
2026-04-06 11:25:00+05:30,356.3,357.4,355.85,357.05,78746,0
2026-04-06 11:30:00+05:30,357.1,357.15,356.45,356.9,42347,0
2026-04-06 11:35:00+05:30,356.9,357.3,356.5,356.75,59978,0
2026-04-06 11:40:00+05:30,356.75,357.85,356.6,357.75,45714,0
2026-04-06 11:45:00+05:30,357.75,358.7,357.6,358.25,141914,0
2026-04-06 11:50:00+05:30,358.25,358.5,358.0,358.35,36403,0
2026-04-06 11:55:00+05:30,358.35,358.95,357.9,358.4,52468,0
2026-04-06 12:00:00+05:30,358.4,359.0,358.15,358.35,102900,0
2026-04-06 12:05:00+05:30,358.45,358.85,357.9,357.95,123826,0
2026-04-06 12:10:00+05:30,358.1,358.25,357.75,358.0,142946,0
2026-04-06 12:15:00+05:30,358.0,358.85,357.95,358.75,145469,0
2026-04-06 12:20:00+05:30,358.75,360.2,358.6,359.85,156338,0
2026-04-06 12:25:00+05:30,359.9,359.9,359.6,359.9,42226,0
2026-04-06 12:30:00+05:30,359.9,360.5,358.95,358.95,154491,0
2026-04-06 12:35:00+05:30,359.1,359.65,358.9,359.3,47045,0
2026-04-06 12:40:00+05:30,359.25,360.1,358.9,360.0,52817,0
2026-04-06 12:45:00+05:30,360.0,360.9,359.95,360.85,40018,0
2026-04-06 12:50:00+05:30,360.9,361.1,360.25,360.8,81118,0
2026-04-06 12:55:00+05:30,360.8,360.85,360.25,360.3,69455,0
2026-04-06 13:00:00+05:30,360.45,360.95,360.1,360.15,158195,0
2026-04-06 13:05:00+05:30,360.3,360.9,360.15,360.8,31137,0
2026-04-06 13:10:00+05:30,360.8,361.25,360.45,360.8,157367,0
2026-04-06 13:15:00+05:30,360.85,361.35,360.65,361.3,88637,0
2026-04-06 13:20:00+05:30,361.3,361.8,361.1,361.4,150065,0
2026-04-06 13:25:00+05:30,361.4,361.5,360.85,361.35,68798,0
2026-04-06 13:30:00+05:30,361.35,361.75,361.2,361.65,135020,0
2026-04-06 13:35:00+05:30,361.65,361.7,361.05,361.05,43432,0
2026-04-06 13:40:00+05:30,361.05,362.2,361.0,362.1,193412,0
2026-04-06 13:45:00+05:30,362.1,362.8,361.75,361.9,181371,0
2026-04-06 13:50:00+05:30,361.9,362.85,361.8,362.55,93545,0
2026-04-06 13:55:00+05:30,362.65,363.0,362.5,363.0,116233,0
2026-04-06 14:00:00+05:30,363.0,363.4,362.7,363.35,106365,0
2026-04-06 14:05:00+05:30,363.35,363.5,363.05,363.35,103821,0
2026-04-06 14:10:00+05:30,363.35,363.5,363.05,363.5,133622,0
2026-04-06 14:15:00+05:30,363.5,363.7,363.05,363.65,117760,0
2026-04-06 14:20:00+05:30,363.65,364.4,363.6,364.05,150310,0
2026-04-06 14:25:00+05:30,364.1,364.8,363.7,364.75,152496,0
2026-04-06 14:30:00+05:30,364.7,365.3,364.65,365.0,265465,0
2026-04-06 14:35:00+05:30,365.0,365.75,364.4,365.1,340924,0
2026-04-06 14:40:00+05:30,365.15,365.35,364.55,365.2,207321,0
2026-04-06 14:45:00+05:30,365.2,365.8,365.1,365.45,152820,0
2026-04-06 14:50:00+05:30,365.45,366.05,364.85,364.95,301740,0
2026-04-06 14:55:00+05:30,364.95,366.05,364.1,365.45,713111,0
2026-04-06 15:00:00+05:30,365.45,366.7,365.3,366.5,366781,0
2026-04-06 15:05:00+05:30,366.5,366.75,365.75,366.3,312682,0
2026-04-06 15:10:00+05:30,366.3,366.5,365.75,366.5,251218,0
2026-04-06 15:15:00+05:30,366.45,366.5,365.8,366.1,304444,0
2026-04-06 15:20:00+05:30,366.1,366.15,365.4,366.05,325269,0
2026-04-06 15:25:00+05:30,366.05,366.7,366.0,366.65,263468,0
2026-04-07 09:15:00+05:30,364.85,364.85,362.25,364.65,264021,0
2026-04-07 09:20:00+05:30,364.7,365.8,363.75,364.55,202040,0
2026-04-07 09:25:00+05:30,364.45,366.0,364.45,365.6,88734,0
2026-04-07 09:30:00+05:30,365.7,366.75,365.1,366.4,239399,0
2026-04-07 09:35:00+05:30,366.4,367.4,365.85,367.4,249130,0
2026-04-07 09:40:00+05:30,367.4,368.25,367.4,368.05,370237,0
2026-04-07 09:45:00+05:30,368.05,369.0,366.5,367.05,368672,0
2026-04-07 09:50:00+05:30,367.0,367.95,366.55,367.8,111409,0
2026-04-07 09:55:00+05:30,367.8,368.45,367.55,368.0,124059,0
2026-04-07 10:00:00+05:30,368.0,368.8,367.65,368.55,130157,0
2026-04-07 10:05:00+05:30,368.55,369.4,368.55,368.95,194541,0
2026-04-07 10:10:00+05:30,368.95,369.75,368.55,369.4,102756,0
2026-04-07 10:15:00+05:30,369.55,369.8,368.0,368.25,138930,0
2026-04-07 10:20:00+05:30,368.25,368.65,367.3,368.1,189595,0
2026-04-07 10:25:00+05:30,368.1,368.9,367.95,368.85,54788,0
2026-04-07 10:30:00+05:30,368.85,369.1,368.15,368.2,84507,0
2026-04-07 10:35:00+05:30,368.2,368.35,367.45,368.05,101371,0
2026-04-07 10:40:00+05:30,368.05,369.15,368.0,369.05,95781,0
2026-04-07 10:45:00+05:30,369.05,369.1,367.3,367.85,140164,0
2026-04-07 10:50:00+05:30,367.85,367.85,366.85,367.35,134071,0
2026-04-07 10:55:00+05:30,367.4,367.9,366.05,366.25,171943,0
2026-04-07 11:00:00+05:30,366.25,367.05,366.1,366.95,99553,0
2026-04-07 11:05:00+05:30,367.0,368.65,366.65,367.85,632416,0
2026-04-07 11:10:00+05:30,367.95,368.45,367.4,367.75,137963,0
2026-04-07 11:15:00+05:30,367.95,368.3,367.55,367.8,81614,0
2026-04-07 11:20:00+05:30,367.8,368.5,367.65,368.15,65568,0
2026-04-07 11:25:00+05:30,368.15,368.25,367.3,367.65,81733,0
2026-04-07 11:30:00+05:30,367.7,368.0,367.3,367.55,67428,0
2026-04-07 11:35:00+05:30,367.55,367.7,367.0,367.25,78625,0
2026-04-07 11:40:00+05:30,367.35,367.35,366.5,367.0,95074,0
2026-04-07 11:45:00+05:30,367.15,367.45,366.65,367.05,73396,0
2026-04-07 11:50:00+05:30,367.0,367.15,366.85,367.05,46707,0
2026-04-07 11:55:00+05:30,367.05,368.1,367.0,367.9,107409,0
2026-04-07 12:00:00+05:30,367.9,368.3,367.25,367.3,134258,0
2026-04-07 12:05:00+05:30,367.3,367.65,367.0,367.5,58523,0
2026-04-07 12:10:00+05:30,367.5,367.8,367.0,367.7,83913,0
2026-04-07 12:15:00+05:30,367.7,367.85,367.15,367.6,60989,0
2026-04-07 12:20:00+05:30,367.6,367.65,366.3,366.75,90080,0
2026-04-07 12:25:00+05:30,366.75,367.2,366.7,367.0,99188,0
2026-04-07 12:30:00+05:30,367.0,367.2,366.5,366.7,100704,0
2026-04-07 12:35:00+05:30,366.7,367.25,366.55,367.0,152325,0
2026-04-07 12:40:00+05:30,367.0,367.1,366.55,367.0,67140,0
2026-04-07 12:45:00+05:30,367.0,367.0,366.75,367.0,51063,0
2026-04-07 12:50:00+05:30,367.0,367.0,366.4,366.9,67934,0
2026-04-07 12:55:00+05:30,366.9,367.05,366.25,366.4,72986,0
2026-04-07 13:00:00+05:30,366.4,367.0,366.3,366.95,60371,0
2026-04-07 13:05:00+05:30,367.0,367.2,366.75,367.0,84602,0
2026-04-07 13:10:00+05:30,367.0,367.35,366.8,366.9,149546,0
2026-04-07 13:15:00+05:30,366.9,367.3,366.85,367.0,342502,0
2026-04-07 13:20:00+05:30,367.0,367.15,366.8,367.0,76614,0
2026-04-07 13:25:00+05:30,367.0,367.05,366.75,367.0,73271,0
2026-04-07 13:30:00+05:30,367.0,369.2,366.95,368.8,191565,0
2026-04-07 13:35:00+05:30,368.85,369.2,368.35,369.2,100626,0
2026-04-07 13:40:00+05:30,369.2,369.7,369.05,369.4,136824,0
2026-04-07 13:45:00+05:30,369.4,369.45,368.55,368.85,91964,0
2026-04-07 13:50:00+05:30,368.85,368.9,368.05,368.35,137696,0
2026-04-07 13:55:00+05:30,368.35,368.4,367.1,367.65,76890,0
2026-04-07 14:00:00+05:30,367.65,368.4,367.4,368.35,77768,0
2026-04-07 14:05:00+05:30,368.4,368.4,367.8,368.0,70312,0
2026-04-07 14:10:00+05:30,368.0,368.25,367.35,368.0,101966,0
2026-04-07 14:15:00+05:30,368.0,368.4,367.8,368.1,108632,0
2026-04-07 14:20:00+05:30,368.1,368.2,367.45,367.9,76720,0
2026-04-07 14:25:00+05:30,367.9,368.35,367.9,368.2,74867,0
2026-04-07 14:30:00+05:30,368.2,368.5,368.05,368.35,101046,0
2026-04-07 14:35:00+05:30,368.35,368.4,367.45,367.85,84294,0
2026-04-07 14:40:00+05:30,367.85,368.55,367.7,367.95,182849,0
2026-04-07 14:45:00+05:30,367.95,368.1,367.15,367.8,144989,0
2026-04-07 14:50:00+05:30,367.8,368.3,367.5,367.75,137686,0
2026-04-07 14:55:00+05:30,367.9,368.5,367.65,368.3,328152,0
2026-04-07 15:00:00+05:30,368.25,368.95,368.2,368.85,484055,0
2026-04-07 15:05:00+05:30,368.8,369.35,368.25,368.35,601248,0
2026-04-07 15:10:00+05:30,368.3,368.8,368.2,368.55,535023,0
2026-04-07 15:15:00+05:30,368.55,369.65,368.5,369.1,698959,0
2026-04-07 15:20:00+05:30,369.05,369.35,368.45,368.75,664778,0
2026-04-07 15:25:00+05:30,368.65,369.35,368.1,368.2,444208,0
2026-04-08 09:15:00+05:30,373.5,375.0,370.0,373.55,596435,0
2026-04-08 09:20:00+05:30,373.6,373.75,372.0,372.2,378600,0
2026-04-08 09:25:00+05:30,372.35,374.35,372.2,373.85,447282,0
2026-04-08 09:30:00+05:30,373.85,374.0,371.2,371.3,254357,0
2026-04-08 09:35:00+05:30,371.3,371.95,370.15,370.95,625689,0
2026-04-08 09:40:00+05:30,370.95,371.45,370.45,370.9,353963,0
2026-04-08 09:45:00+05:30,371.0,372.8,371.0,372.4,490414,0
2026-04-08 09:50:00+05:30,372.4,372.65,371.7,372.25,147472,0
2026-04-08 09:55:00+05:30,372.1,372.25,370.2,370.55,338668,0
2026-04-08 10:00:00+05:30,370.65,371.2,370.6,370.9,374139,0
2026-04-08 10:05:00+05:30,370.9,371.75,370.8,370.9,278242,0
2026-04-08 10:10:00+05:30,371.0,371.45,370.5,370.65,282939,0
2026-04-08 10:15:00+05:30,370.6,370.9,370.4,370.55,155295,0
2026-04-08 10:20:00+05:30,370.55,370.55,369.25,369.35,343863,0
2026-04-08 10:25:00+05:30,369.3,369.95,368.65,369.95,633584,0
2026-04-08 10:30:00+05:30,369.95,370.2,369.05,369.35,441674,0
2026-04-08 10:35:00+05:30,369.35,370.0,368.25,368.35,238430,0
2026-04-08 10:40:00+05:30,368.35,369.25,368.35,369.0,219780,0
2026-04-08 10:45:00+05:30,369.0,369.45,368.7,368.7,335643,0
2026-04-08 10:50:00+05:30,368.9,369.15,368.25,369.0,386183,0
2026-04-08 10:55:00+05:30,369.05,370.2,368.5,369.85,581436,0
2026-04-08 11:00:00+05:30,370.0,370.85,369.75,370.1,271728,0
2026-04-08 11:05:00+05:30,370.15,370.9,370.1,370.4,159117,0
2026-04-08 11:10:00+05:30,370.45,370.9,370.4,370.7,95882,0
2026-04-08 11:15:00+05:30,370.8,371.2,370.6,370.8,110196,0
2026-04-08 11:20:00+05:30,370.8,371.8,370.65,371.45,169138,0
2026-04-08 11:25:00+05:30,371.5,371.55,370.8,371.25,115693,0
2026-04-08 11:30:00+05:30,371.15,371.25,370.45,370.45,104469,0
2026-04-08 11:35:00+05:30,370.45,370.85,370.0,370.35,111531,0
2026-04-08 11:40:00+05:30,370.35,371.3,370.25,371.05,102359,0
2026-04-08 11:45:00+05:30,371.2,371.75,371.2,371.5,107064,0
2026-04-08 11:50:00+05:30,371.7,371.7,370.1,370.15,176121,0
2026-04-08 11:55:00+05:30,370.25,370.95,370.0,370.4,170808,0
2026-04-08 12:00:00+05:30,370.5,370.95,370.35,370.8,114245,0
2026-04-08 12:05:00+05:30,370.95,371.4,370.75,371.15,141369,0
2026-04-08 12:10:00+05:30,371.3,371.65,371.05,371.15,115001,0
2026-04-08 12:15:00+05:30,371.3,371.5,371.0,371.1,93400,0
2026-04-08 12:20:00+05:30,371.15,371.2,370.6,370.6,115978,0
2026-04-08 12:25:00+05:30,370.65,371.05,370.5,370.75,152611,0
2026-04-08 12:30:00+05:30,370.75,371.2,370.55,370.95,144232,0
2026-04-08 12:35:00+05:30,370.9,371.15,370.9,370.9,118723,0
2026-04-08 12:40:00+05:30,370.9,371.1,370.8,371.0,108242,0
2026-04-08 12:45:00+05:30,371.0,371.5,370.75,371.35,185790,0
2026-04-08 12:50:00+05:30,371.35,371.55,370.55,370.55,302716,0
2026-04-08 12:55:00+05:30,370.55,371.25,370.55,371.0,170241,0
2026-04-08 13:00:00+05:30,370.95,371.25,370.85,371.0,165082,0
2026-04-08 13:05:00+05:30,371.0,371.1,370.75,371.0,158818,0
2026-04-08 13:10:00+05:30,371.0,371.15,370.9,371.05,134454,0
2026-04-08 13:15:00+05:30,371.0,371.75,371.0,371.25,242624,0
2026-04-08 13:20:00+05:30,371.2,371.4,370.4,370.8,188508,0
2026-04-08 13:25:00+05:30,370.8,370.9,370.5,370.75,120037,0
2026-04-08 13:30:00+05:30,370.8,370.8,370.0,370.65,207783,0
2026-04-08 13:35:00+05:30,370.75,371.3,370.6,371.0,299951,0
2026-04-08 13:40:00+05:30,371.0,371.2,370.55,370.6,178422,0
2026-04-08 13:45:00+05:30,370.6,371.2,370.45,371.1,211843,0
2026-04-08 13:50:00+05:30,371.05,371.15,370.65,370.8,184083,0
2026-04-08 13:55:00+05:30,371.0,371.3,370.8,371.3,289898,0
2026-04-08 14:00:00+05:30,371.25,371.5,371.0,371.1,176572,0
2026-04-08 14:05:00+05:30,371.1,371.4,371.0,371.3,158774,0
2026-04-08 14:10:00+05:30,371.3,371.45,371.0,371.2,142146,0
2026-04-08 14:15:00+05:30,371.2,371.8,371.15,371.65,168998,0
2026-04-08 14:20:00+05:30,371.6,372.3,371.4,372.05,185100,0
2026-04-08 14:25:00+05:30,372.05,372.35,371.55,372.2,151400,0
2026-04-08 14:30:00+05:30,372.2,372.8,372.05,372.55,192517,0
2026-04-08 14:35:00+05:30,372.55,373.0,372.2,372.45,184484,0
2026-04-08 14:40:00+05:30,372.3,373.2,372.25,373.0,279863,0
2026-04-08 14:45:00+05:30,372.9,373.8,372.55,372.85,318151,0
2026-04-08 14:50:00+05:30,372.8,373.15,372.55,373.1,172736,0
2026-04-08 14:55:00+05:30,373.1,373.45,372.45,372.7,512745,0
2026-04-08 15:00:00+05:30,372.7,374.0,372.65,373.85,480975,0
2026-04-08 15:05:00+05:30,373.85,374.15,373.55,373.75,371413,0
2026-04-08 15:10:00+05:30,373.75,374.45,373.7,374.1,488912,0
2026-04-08 15:15:00+05:30,374.25,375.55,374.1,374.7,701327,0
2026-04-08 15:20:00+05:30,374.7,375.25,373.95,374.05,469828,0
2026-04-08 15:25:00+05:30,374.1,375.25,373.0,373.0,591784,0
2026-04-09 09:15:00+05:30,376.95,381.05,376.5,379.85,1732665,0
2026-04-09 09:20:00+05:30,379.9,381.3,379.25,380.75,775243,0
2026-04-09 09:25:00+05:30,380.7,380.8,379.25,380.8,372798,0
2026-04-09 09:30:00+05:30,380.65,381.15,378.65,379.3,462087,0
2026-04-09 09:35:00+05:30,379.3,380.4,379.1,380.15,177691,0
2026-04-09 09:40:00+05:30,380.15,380.95,379.6,379.95,246948,0
2026-04-09 09:45:00+05:30,379.95,380.5,379.05,379.05,345285,0
2026-04-09 09:50:00+05:30,379.2,379.65,378.9,379.2,214571,0
2026-04-09 09:55:00+05:30,379.25,380.1,379.15,379.75,150130,0
2026-04-09 10:00:00+05:30,379.75,380.95,379.3,380.6,271518,0
2026-04-09 10:05:00+05:30,380.75,380.75,379.65,380.55,541256,0
2026-04-09 10:10:00+05:30,380.65,381.0,380.45,380.65,134612,0
2026-04-09 10:15:00+05:30,380.65,381.3,380.35,381.15,173940,0
2026-04-09 10:20:00+05:30,381.2,381.3,380.5,380.9,183650,0
2026-04-09 10:25:00+05:30,380.95,380.95,380.0,380.7,116972,0
2026-04-09 10:30:00+05:30,380.85,381.05,380.55,380.9,103966,0
2026-04-09 10:35:00+05:30,380.95,381.0,380.3,380.75,125794,0
2026-04-09 10:40:00+05:30,380.8,382.0,380.7,381.7,323806,0
2026-04-09 10:45:00+05:30,381.7,381.9,381.5,381.9,124345,0
2026-04-09 10:50:00+05:30,381.85,382.9,381.55,381.75,1864579,0
2026-04-09 10:55:00+05:30,381.65,382.0,381.5,381.9,148762,0
2026-04-09 11:00:00+05:30,381.85,383.2,381.85,382.85,987833,0
2026-04-09 11:05:00+05:30,382.8,382.95,382.55,382.8,101558,0
2026-04-09 11:10:00+05:30,382.75,383.0,382.5,382.9,175745,0
2026-04-09 11:15:00+05:30,382.9,383.25,382.8,383.15,125843,0
2026-04-09 11:20:00+05:30,383.1,383.3,382.5,382.8,121807,0
2026-04-09 11:25:00+05:30,382.6,383.0,382.6,382.7,85660,0
2026-04-09 11:30:00+05:30,382.7,382.9,382.25,382.75,174562,0
2026-04-09 11:35:00+05:30,382.75,382.85,382.6,382.85,40434,0
2026-04-09 11:40:00+05:30,382.85,383.0,382.65,382.8,76215,0
2026-04-09 11:45:00+05:30,382.8,382.95,382.5,382.85,72441,0
2026-04-09 11:50:00+05:30,382.85,382.9,382.5,382.9,59177,0
2026-04-09 11:55:00+05:30,382.9,383.25,382.8,383.25,151385,0
2026-04-09 12:00:00+05:30,383.25,383.25,382.95,383.0,68919,0
2026-04-09 12:05:00+05:30,383.05,383.3,383.0,383.25,77086,0
2026-04-09 12:10:00+05:30,383.3,383.65,383.15,383.5,141630,0
2026-04-09 12:15:00+05:30,383.6,383.8,383.15,383.2,122493,0
2026-04-09 12:20:00+05:30,383.25,383.4,382.65,382.65,169715,0
2026-04-09 12:25:00+05:30,382.7,382.75,382.5,382.75,56866,0
2026-04-09 12:30:00+05:30,382.75,383.0,382.7,382.8,74846,0
2026-04-09 12:35:00+05:30,382.75,383.2,382.5,383.1,87778,0
2026-04-09 12:40:00+05:30,383.2,383.75,383.15,383.7,103998,0
2026-04-09 12:45:00+05:30,383.75,384.2,383.3,383.55,238208,0
2026-04-09 12:50:00+05:30,383.6,383.7,382.75,382.9,109541,0
2026-04-09 12:55:00+05:30,382.9,383.0,382.15,382.6,101366,0
2026-04-09 13:00:00+05:30,382.6,383.1,382.55,383.1,58281,0
2026-04-09 13:05:00+05:30,383.1,383.25,382.1,382.2,114096,0
2026-04-09 13:10:00+05:30,382.2,382.3,381.55,381.95,114601,0
2026-04-09 13:15:00+05:30,382.0,382.0,381.15,381.25,90607,0
2026-04-09 13:20:00+05:30,381.3,381.3,380.55,381.1,108658,0
2026-04-09 13:25:00+05:30,381.1,381.1,380.65,380.8,77008,0
2026-04-09 13:30:00+05:30,380.8,380.95,380.05,380.45,189793,0
2026-04-09 13:35:00+05:30,380.5,381.35,380.3,381.2,151356,0
2026-04-09 13:40:00+05:30,381.2,381.3,380.5,380.55,80862,0
2026-04-09 13:45:00+05:30,380.5,380.55,379.25,379.6,161422,0
2026-04-09 13:50:00+05:30,379.6,379.75,379.15,379.6,97676,0
2026-04-09 13:55:00+05:30,379.6,379.65,379.3,379.5,79820,0
2026-04-09 14:00:00+05:30,379.5,379.75,379.25,379.75,83075,0
2026-04-09 14:05:00+05:30,379.75,379.85,379.1,379.4,120106,0
2026-04-09 14:10:00+05:30,379.4,379.55,379.15,379.3,68535,0
2026-04-09 14:15:00+05:30,379.25,379.35,379.0,379.1,59601,0
2026-04-09 14:20:00+05:30,379.1,379.2,378.2,378.3,161783,0
2026-04-09 14:25:00+05:30,378.3,378.3,378.0,378.1,226935,0
2026-04-09 14:30:00+05:30,378.1,378.2,377.35,378.0,247399,0
2026-04-09 14:35:00+05:30,378.0,378.05,377.1,377.45,155944,0
2026-04-09 14:40:00+05:30,377.5,378.15,377.45,377.75,152415,0
2026-04-09 14:45:00+05:30,377.75,378.4,377.5,377.7,225435,0
2026-04-09 14:50:00+05:30,377.75,378.05,377.5,377.8,172225,0
2026-04-09 14:55:00+05:30,377.75,378.15,377.25,378.15,211728,0
2026-04-09 15:00:00+05:30,378.1,378.3,377.4,378.15,641253,0
2026-04-09 15:05:00+05:30,378.0,378.35,377.7,378.25,478772,0
2026-04-09 15:10:00+05:30,378.25,378.3,378.15,378.15,365457,0
2026-04-09 15:15:00+05:30,378.15,379.2,377.8,379.0,475046,0
2026-04-09 15:20:00+05:30,379.0,379.6,378.85,379.5,559353,0
2026-04-09 15:25:00+05:30,379.55,380.3,378.8,379.7,656283,0
2026-04-10 09:15:00+05:30,381.2,384.45,380.5,383.6,473569,0
2026-04-10 09:20:00+05:30,383.85,383.85,382.25,382.3,150222,0
2026-04-10 09:25:00+05:30,382.25,382.85,380.45,380.9,215463,0
2026-04-10 09:30:00+05:30,380.9,381.15,380.2,381.15,157497,0
2026-04-10 09:35:00+05:30,381.15,382.45,380.6,382.2,166427,0
2026-04-10 09:40:00+05:30,382.25,382.25,381.65,381.8,99132,0
2026-04-10 09:45:00+05:30,381.8,382.15,380.9,381.1,92371,0
2026-04-10 09:50:00+05:30,381.1,381.3,379.8,380.5,127267,0
2026-04-10 09:55:00+05:30,380.5,380.85,380.1,380.4,82610,0
2026-04-10 10:00:00+05:30,380.55,381.2,380.4,380.75,60837,0
2026-04-10 10:05:00+05:30,380.8,380.8,379.15,380.35,144237,0
2026-04-10 10:10:00+05:30,380.3,380.8,380.0,380.2,72458,0
2026-04-10 10:15:00+05:30,380.3,380.7,380.15,380.55,51836,0
2026-04-10 10:20:00+05:30,380.6,380.6,380.0,380.4,81159,0
2026-04-10 10:25:00+05:30,380.45,381.1,379.3,379.55,97439,0
2026-04-10 10:30:00+05:30,379.55,379.9,379.1,379.9,73418,0
2026-04-10 10:35:00+05:30,379.9,380.2,379.4,379.7,64781,0
2026-04-10 10:40:00+05:30,379.65,379.9,379.55,379.55,52075,0
2026-04-10 10:45:00+05:30,379.65,380.0,379.45,379.75,57514,0
2026-04-10 10:50:00+05:30,379.8,379.8,379.5,379.55,49004,0
2026-04-10 10:55:00+05:30,379.6,379.85,379.15,379.65,74272,0
2026-04-10 11:00:00+05:30,379.85,380.2,379.6,379.7,73134,0
2026-04-10 11:05:00+05:30,379.75,380.0,379.7,379.95,53008,0
2026-04-10 11:10:00+05:30,380.0,380.4,379.85,380.0,114230,0
2026-04-10 11:15:00+05:30,380.0,380.4,379.85,379.85,73636,0
2026-04-10 11:20:00+05:30,379.95,380.1,379.9,379.95,26660,0
2026-04-10 11:25:00+05:30,380.1,380.3,379.95,380.2,48862,0
2026-04-10 11:30:00+05:30,380.25,380.5,379.0,379.25,234801,0
2026-04-10 11:35:00+05:30,379.25,379.55,379.0,379.4,53714,0
2026-04-10 11:40:00+05:30,379.45,379.7,379.0,379.25,62518,0
2026-04-10 11:45:00+05:30,379.3,379.8,379.05,379.8,42606,0
2026-04-10 11:50:00+05:30,379.8,380.5,379.7,380.3,60026,0
2026-04-10 11:55:00+05:30,380.4,380.95,380.35,380.7,93830,0
2026-04-10 12:00:00+05:30,380.7,380.95,380.45,380.8,59118,0
2026-04-10 12:05:00+05:30,380.85,381.0,380.6,380.65,75755,0
2026-04-10 12:10:00+05:30,380.8,380.8,380.35,380.4,54282,0
2026-04-10 12:15:00+05:30,380.55,380.6,380.1,380.45,69085,0
2026-04-10 12:20:00+05:30,380.5,380.9,380.45,380.75,43093,0
2026-04-10 12:25:00+05:30,380.8,381.15,380.35,381.0,89475,0
2026-04-10 12:30:00+05:30,381.1,381.85,380.95,381.75,301662,0
2026-04-10 12:35:00+05:30,381.75,382.25,380.95,382.05,456480,0
2026-04-10 12:40:00+05:30,382.05,382.35,381.5,382.0,240704,0
2026-04-10 12:45:00+05:30,382.0,382.1,381.25,381.9,147306,0
2026-04-10 12:50:00+05:30,382.0,382.1,381.45,382.0,226276,0
2026-04-10 12:55:00+05:30,382.0,382.2,381.55,381.95,123260,0
2026-04-10 13:00:00+05:30,381.95,382.9,381.9,382.9,111249,0
2026-04-10 13:05:00+05:30,382.9,383.0,382.6,382.95,102330,0
2026-04-10 13:10:00+05:30,382.95,382.95,378.0,378.25,563120,0
2026-04-10 13:15:00+05:30,378.25,378.25,375.0,376.0,449301,0
2026-04-10 13:20:00+05:30,376.0,376.0,372.45,372.65,781343,0
2026-04-10 13:25:00+05:30,372.7,374.8,372.05,373.95,759163,0
2026-04-10 13:30:00+05:30,373.9,374.7,372.45,372.75,735107,0
2026-04-10 13:35:00+05:30,372.9,374.25,372.5,373.95,355546,0
2026-04-10 13:40:00+05:30,373.95,375.15,373.65,373.95,331912,0
2026-04-10 13:45:00+05:30,374.05,375.25,373.7,374.75,347927,0
2026-04-10 13:50:00+05:30,374.8,375.3,374.65,375.0,137505,0
2026-04-10 13:55:00+05:30,375.0,376.85,374.85,376.7,190671,0
2026-04-10 14:00:00+05:30,376.7,377.35,376.5,377.05,179971,0
2026-04-10 14:05:00+05:30,377.1,377.25,376.6,377.15,135562,0
2026-04-10 14:10:00+05:30,377.15,378.65,376.9,378.2,205436,0
2026-04-10 14:15:00+05:30,378.25,379.3,376.65,377.6,331298,0
2026-04-10 14:20:00+05:30,377.75,378.6,376.75,377.15,224436,0
2026-04-10 14:25:00+05:30,377.15,377.85,376.9,377.4,187124,0
2026-04-10 14:30:00+05:30,377.4,378.3,377.0,377.9,149709,0
2026-04-10 14:35:00+05:30,377.9,378.2,377.45,377.85,111904,0
2026-04-10 14:40:00+05:30,378.0,378.1,377.6,378.1,145752,0
2026-04-10 14:45:00+05:30,378.1,378.85,378.0,378.35,149729,0
2026-04-10 14:50:00+05:30,378.55,379.45,378.35,378.85,224978,0
2026-04-10 14:55:00+05:30,378.9,379.75,378.8,379.55,250983,0
2026-04-10 15:00:00+05:30,379.55,380.2,379.15,380.0,467354,0
2026-04-10 15:05:00+05:30,380.05,380.45,380.0,380.25,345568,0
2026-04-10 15:10:00+05:30,380.25,380.7,380.15,380.35,356296,0
2026-04-10 15:15:00+05:30,380.35,380.55,379.85,380.0,460615,0
2026-04-10 15:20:00+05:30,380.1,380.7,379.95,380.3,536119,0
2026-04-10 15:25:00+05:30,380.3,380.55,379.25,380.15,357687,0
2026-04-13 09:15:00+05:30,374.35,379.4,374.35,375.35,576979,0
2026-04-13 09:20:00+05:30,375.6,377.25,375.4,377.15,244444,0
2026-04-13 09:25:00+05:30,377.1,378.7,376.8,378.0,234471,0
2026-04-13 09:30:00+05:30,378.05,378.8,377.75,378.5,139027,0
2026-04-13 09:35:00+05:30,378.55,380.3,377.75,378.9,154902,0
2026-04-13 09:40:00+05:30,378.9,381.1,378.8,380.8,806237,0
2026-04-13 09:45:00+05:30,380.9,383.1,379.65,379.65,718330,0
2026-04-13 09:50:00+05:30,379.85,380.4,379.0,380.15,178419,0
2026-04-13 09:55:00+05:30,380.1,382.6,380.1,382.45,225275,0
2026-04-13 10:00:00+05:30,382.6,382.95,382.0,382.35,174600,0
2026-04-13 10:05:00+05:30,382.15,382.85,381.1,382.1,121251,0
2026-04-13 10:10:00+05:30,382.25,383.5,381.85,382.45,187380,0
2026-04-13 10:15:00+05:30,382.45,383.85,382.15,383.75,119374,0
2026-04-13 10:20:00+05:30,383.75,385.3,383.3,384.75,354690,0
2026-04-13 10:25:00+05:30,384.75,385.1,383.5,383.75,145286,0
2026-04-13 10:30:00+05:30,383.75,384.1,380.5,382.9,1460897,0
2026-04-13 10:35:00+05:30,382.9,383.1,382.1,383.0,125234,0
2026-04-13 10:40:00+05:30,383.05,383.25,381.5,381.85,104997,0
2026-04-13 10:45:00+05:30,382.0,383.2,381.85,382.65,255158,0
2026-04-13 10:50:00+05:30,382.65,384.7,382.5,384.5,403549,0
2026-04-13 10:55:00+05:30,384.5,385.2,383.55,383.7,444523,0
2026-04-13 11:00:00+05:30,383.55,384.5,383.55,384.0,90313,0
2026-04-13 11:05:00+05:30,383.9,384.5,383.5,384.25,88525,0
2026-04-13 11:10:00+05:30,384.4,384.8,384.1,384.6,102484,0
2026-04-13 11:15:00+05:30,384.6,384.85,384.25,384.75,98728,0
2026-04-13 11:20:00+05:30,384.8,385.5,384.3,384.35,121671,0
2026-04-13 11:25:00+05:30,384.4,384.55,383.55,384.15,71619,0
2026-04-13 11:30:00+05:30,384.1,386.2,384.1,386.0,286231,0
2026-04-13 11:35:00+05:30,385.95,386.5,385.5,386.05,178933,0
2026-04-13 11:40:00+05:30,386.05,386.5,385.85,386.4,73654,0
2026-04-13 11:45:00+05:30,386.4,386.8,385.85,386.35,186894,0
2026-04-13 11:50:00+05:30,386.35,387.5,386.15,387.4,180389,0
2026-04-13 11:55:00+05:30,387.4,387.65,386.75,387.05,100217,0
2026-04-13 12:00:00+05:30,387.15,387.3,386.75,387.15,75643,0
2026-04-13 12:05:00+05:30,387.05,387.5,387.0,387.25,75714,0
2026-04-13 12:10:00+05:30,387.3,387.55,387.2,387.3,80872,0
2026-04-13 12:15:00+05:30,387.35,387.45,386.6,386.85,91682,0
2026-04-13 12:20:00+05:30,386.9,387.0,386.4,386.45,104310,0
2026-04-13 12:25:00+05:30,386.5,386.8,385.9,386.35,52202,0
2026-04-13 12:30:00+05:30,386.35,386.75,386.15,386.45,64522,0
2026-04-13 12:35:00+05:30,386.6,386.8,386.2,386.45,67036,0
2026-04-13 12:40:00+05:30,386.45,387.3,386.2,387.0,112399,0
2026-04-13 12:45:00+05:30,387.05,387.4,386.65,386.65,82577,0
2026-04-13 12:50:00+05:30,386.75,387.75,386.65,387.6,137173,0
2026-04-13 12:55:00+05:30,387.6,387.85,387.0,387.5,99727,0
2026-04-13 13:00:00+05:30,387.5,387.6,386.75,387.1,106925,0
2026-04-13 13:05:00+05:30,387.1,387.8,387.0,387.6,74020,0
2026-04-13 13:10:00+05:30,387.6,387.85,387.2,387.4,101815,0
2026-04-13 13:15:00+05:30,387.35,387.8,387.35,387.7,87013,0
2026-04-13 13:20:00+05:30,387.55,387.8,387.35,387.65,76254,0
2026-04-13 13:25:00+05:30,387.75,387.75,387.3,387.55,62695,0
2026-04-13 13:30:00+05:30,387.55,388.0,387.3,387.35,112598,0
2026-04-13 13:35:00+05:30,387.4,387.65,387.1,387.35,71135,0
2026-04-13 13:40:00+05:30,387.25,387.85,387.1,387.55,97734,0
2026-04-13 13:45:00+05:30,387.55,387.55,386.7,387.1,92770,0
2026-04-13 13:50:00+05:30,387.15,387.4,386.8,387.4,75554,0
2026-04-13 13:55:00+05:30,387.3,387.5,386.9,387.15,79701,0
2026-04-13 14:00:00+05:30,387.05,387.25,385.6,385.85,584775,0
2026-04-13 14:05:00+05:30,385.8,387.15,385.8,386.75,318199,0
2026-04-13 14:10:00+05:30,386.7,387.05,386.55,386.95,101235,0
2026-04-13 14:15:00+05:30,386.8,387.2,386.3,386.5,128275,0
2026-04-13 14:20:00+05:30,386.5,386.65,385.65,386.15,109276,0
2026-04-13 14:25:00+05:30,386.0,386.85,386.0,386.0,73198,0
2026-04-13 14:30:00+05:30,386.0,386.4,385.75,386.05,76758,0
2026-04-13 14:35:00+05:30,386.1,386.6,385.95,386.05,117457,0
2026-04-13 14:40:00+05:30,386.0,386.3,385.8,386.0,93535,0
2026-04-13 14:45:00+05:30,385.95,386.35,385.8,386.25,96672,0
2026-04-13 14:50:00+05:30,386.2,386.4,385.95,386.35,86381,0
2026-04-13 14:55:00+05:30,386.35,386.55,385.8,386.2,151222,0
2026-04-13 15:00:00+05:30,386.2,386.5,385.6,386.15,389325,0
2026-04-13 15:05:00+05:30,386.2,386.25,385.6,385.9,336810,0
2026-04-13 15:10:00+05:30,385.9,386.35,385.6,386.35,329452,0
2026-04-13 15:15:00+05:30,386.3,386.35,385.7,385.7,310795,0
2026-04-13 15:20:00+05:30,385.75,387.4,385.25,386.7,817336,0
2026-04-13 15:25:00+05:30,386.7,386.7,385.9,386.15,277921,0
2026-04-15 09:15:00+05:30,390.25,392.2,389.1,390.45,650077,0
2026-04-15 09:20:00+05:30,390.55,391.45,389.3,389.75,249615,0
2026-04-15 09:25:00+05:30,389.6,389.9,388.4,388.55,209289,0
2026-04-15 09:30:00+05:30,388.45,388.6,387.1,388.25,121309,0
2026-04-15 09:35:00+05:30,388.3,388.8,387.75,388.05,125572,0
2026-04-15 09:40:00+05:30,388.0,389.0,388.0,388.7,72769,0
2026-04-15 09:45:00+05:30,388.8,388.8,388.15,388.6,45456,0
2026-04-15 09:50:00+05:30,388.55,389.15,388.4,388.9,88677,0
2026-04-15 09:55:00+05:30,389.0,390.0,388.9,389.6,85837,0
2026-04-15 10:00:00+05:30,389.45,390.0,389.4,389.8,35788,0
2026-04-15 10:05:00+05:30,389.8,390.2,388.75,388.75,85060,0
2026-04-15 10:10:00+05:30,388.8,389.45,388.8,389.4,77187,0
2026-04-15 10:15:00+05:30,389.4,390.2,389.25,390.2,79831,0
2026-04-15 10:20:00+05:30,390.2,390.5,390.1,390.15,76540,0
2026-04-15 10:25:00+05:30,390.25,390.25,389.05,389.9,95940,0
2026-04-15 10:30:00+05:30,389.95,391.0,389.9,390.95,104278,0
2026-04-15 10:35:00+05:30,391.0,391.7,390.75,391.1,101286,0
2026-04-15 10:40:00+05:30,391.1,392.1,390.6,390.7,133304,0
2026-04-15 10:45:00+05:30,390.7,390.95,390.25,390.65,39771,0
2026-04-15 10:50:00+05:30,390.7,390.7,390.25,390.5,46820,0
2026-04-15 10:55:00+05:30,390.6,391.0,389.45,389.55,96831,0
2026-04-15 11:00:00+05:30,389.55,390.45,389.55,390.2,100451,0
2026-04-15 11:05:00+05:30,390.2,390.45,389.75,390.3,96600,0
2026-04-15 11:10:00+05:30,390.3,390.7,390.25,390.35,40807,0
2026-04-15 11:15:00+05:30,390.45,391.0,390.35,390.5,47431,0
2026-04-15 11:20:00+05:30,390.65,391.4,390.45,391.4,64046,0
2026-04-15 11:25:00+05:30,391.4,391.95,391.3,391.8,86920,0
2026-04-15 11:30:00+05:30,391.8,391.95,391.5,391.75,103112,0
2026-04-15 11:35:00+05:30,391.8,391.85,391.65,391.8,49532,0
2026-04-15 11:40:00+05:30,391.8,392.5,391.7,392.45,123535,0
2026-04-15 11:45:00+05:30,392.45,392.9,391.85,392.9,110867,0
2026-04-15 11:50:00+05:30,392.9,393.65,392.75,393.55,296756,0
2026-04-15 11:55:00+05:30,393.55,393.7,393.1,393.25,110760,0
2026-04-15 12:00:00+05:30,393.25,393.6,393.15,393.4,53691,0
2026-04-15 12:05:00+05:30,393.4,393.45,393.0,393.4,79959,0
2026-04-15 12:10:00+05:30,393.45,393.6,392.35,392.7,192941,0
2026-04-15 12:15:00+05:30,392.6,392.8,392.35,392.4,109970,0
2026-04-15 12:20:00+05:30,392.45,392.7,392.35,392.7,69070,0
2026-04-15 12:25:00+05:30,392.7,392.8,392.5,392.8,46630,0
2026-04-15 12:30:00+05:30,392.75,393.0,392.65,393.0,66655,0
2026-04-15 12:35:00+05:30,393.0,393.0,392.6,392.8,48367,0
2026-04-15 12:40:00+05:30,392.8,392.85,392.65,392.75,39000,0
2026-04-15 12:45:00+05:30,392.75,392.9,392.65,392.75,47001,0
2026-04-15 12:50:00+05:30,392.75,393.9,392.65,393.65,163466,0
2026-04-15 12:55:00+05:30,393.7,393.7,393.15,393.45,75932,0
2026-04-15 13:00:00+05:30,393.45,393.95,393.45,393.75,71599,0
2026-04-15 13:05:00+05:30,393.75,393.75,393.0,393.25,64033,0
2026-04-15 13:10:00+05:30,393.2,393.4,393.1,393.15,31087,0
2026-04-15 13:15:00+05:30,393.25,393.3,393.0,393.2,52294,0
2026-04-15 13:20:00+05:30,393.2,393.3,392.75,392.85,104187,0
2026-04-15 13:25:00+05:30,392.85,393.1,392.25,392.5,80657,0
2026-04-15 13:30:00+05:30,392.45,392.8,392.3,392.6,52669,0
2026-04-15 13:35:00+05:30,392.6,392.8,391.6,391.7,70555,0
2026-04-15 13:40:00+05:30,391.7,392.4,391.65,392.35,57354,0
2026-04-15 13:45:00+05:30,392.35,392.5,392.1,392.5,113964,0
2026-04-15 13:50:00+05:30,392.5,392.8,392.4,392.75,37409,0
2026-04-15 13:55:00+05:30,392.75,393.1,392.3,392.6,116999,0
2026-04-15 14:00:00+05:30,392.5,392.85,392.5,392.6,39329,0
2026-04-15 14:05:00+05:30,392.55,392.65,392.25,392.6,47859,0
2026-04-15 14:10:00+05:30,392.6,392.75,392.5,392.6,41973,0
2026-04-15 14:15:00+05:30,392.65,392.7,392.25,392.45,43103,0
2026-04-15 14:20:00+05:30,392.45,392.75,392.25,392.55,53646,0
2026-04-15 14:25:00+05:30,392.6,392.65,392.25,392.6,21769,0
2026-04-15 14:30:00+05:30,392.55,392.75,392.35,392.65,69251,0
2026-04-15 14:35:00+05:30,392.65,393.0,392.6,392.9,92050,0
2026-04-15 14:40:00+05:30,392.85,393.25,392.75,393.15,121486,0
2026-04-15 14:45:00+05:30,393.1,393.2,392.85,393.0,56000,0
2026-04-15 14:50:00+05:30,393.0,393.4,392.9,393.4,55188,0
2026-04-15 14:55:00+05:30,393.35,393.5,393.2,393.3,57337,0
2026-04-15 15:00:00+05:30,393.35,393.45,392.65,393.2,185979,0
2026-04-15 15:05:00+05:30,393.2,393.4,392.5,392.65,258950,0
2026-04-15 15:10:00+05:30,392.75,392.85,392.1,392.5,222887,0
2026-04-15 15:15:00+05:30,392.45,392.65,392.3,392.45,248675,0
2026-04-15 15:20:00+05:30,392.45,392.5,392.0,392.25,212974,0
2026-04-15 15:25:00+05:30,392.25,392.45,391.8,392.0,196315,0
2026-04-16 09:15:00+05:30,397.0,397.0,393.3,394.9,518161,0
2026-04-16 09:20:00+05:30,394.9,394.95,393.55,393.85,202620,0
2026-04-16 09:25:00+05:30,393.95,394.5,393.8,394.3,133356,0
2026-04-16 09:30:00+05:30,394.2,394.5,393.5,394.3,152476,0
2026-04-16 09:35:00+05:30,394.4,394.7,393.6,393.7,117944,0
2026-04-16 09:40:00+05:30,393.7,394.0,393.15,393.85,124955,0
2026-04-16 09:45:00+05:30,393.85,396.45,393.75,396.25,270854,0
2026-04-16 09:50:00+05:30,396.15,397.25,394.75,394.9,401943,0
2026-04-16 09:55:00+05:30,395.0,395.0,393.85,394.15,102889,0
2026-04-16 10:00:00+05:30,394.15,394.35,393.55,394.35,89263,0
2026-04-16 10:05:00+05:30,394.3,394.45,393.7,394.2,116676,0
2026-04-16 10:10:00+05:30,394.05,394.25,393.5,393.85,63943,0
2026-04-16 10:15:00+05:30,393.85,394.3,393.45,394.15,76143,0
2026-04-16 10:20:00+05:30,394.1,394.6,393.9,394.2,44098,0
2026-04-16 10:25:00+05:30,394.2,394.85,394.1,394.65,30925,0
2026-04-16 10:30:00+05:30,394.75,395.1,394.15,394.65,79768,0
2026-04-16 10:35:00+05:30,394.65,395.0,394.2,394.5,62199,0
2026-04-16 10:40:00+05:30,394.45,395.0,393.55,393.55,76890,0
2026-04-16 10:45:00+05:30,393.6,394.1,393.5,393.95,53540,0
2026-04-16 10:50:00+05:30,393.9,394.2,393.55,394.0,50609,0
2026-04-16 10:55:00+05:30,394.0,394.0,393.2,393.8,82718,0
2026-04-16 11:00:00+05:30,393.8,394.45,393.55,394.2,65213,0
2026-04-16 11:05:00+05:30,394.2,395.0,393.95,394.9,74349,0
2026-04-16 11:10:00+05:30,394.9,394.9,394.25,394.5,94301,0
2026-04-16 11:15:00+05:30,394.55,394.8,393.85,394.2,84778,0
2026-04-16 11:20:00+05:30,394.35,394.5,392.85,393.0,422940,0
2026-04-16 11:25:00+05:30,393.0,393.0,391.45,391.7,621341,0
2026-04-16 11:30:00+05:30,391.55,392.25,391.55,391.95,203919,0
2026-04-16 11:35:00+05:30,392.0,392.15,391.5,391.95,124471,0
2026-04-16 11:40:00+05:30,391.85,392.2,391.6,391.9,206002,0
2026-04-16 11:45:00+05:30,391.85,392.0,391.35,391.7,76519,0
2026-04-16 11:50:00+05:30,391.55,391.9,391.3,391.9,59942,0
2026-04-16 11:55:00+05:30,391.9,391.9,390.35,390.75,131104,0
2026-04-16 12:00:00+05:30,390.55,390.75,390.0,390.15,149801,0
2026-04-16 12:05:00+05:30,390.15,390.7,389.85,390.5,62051,0
2026-04-16 12:10:00+05:30,390.5,391.0,390.25,390.85,82646,0
2026-04-16 12:15:00+05:30,391.0,391.0,390.1,390.6,64328,0
2026-04-16 12:20:00+05:30,390.65,391.0,390.25,390.3,55438,0
2026-04-16 12:25:00+05:30,390.35,391.2,390.3,391.15,115448,0
2026-04-16 12:30:00+05:30,391.15,391.4,391.0,391.3,49065,0
2026-04-16 12:35:00+05:30,391.1,391.5,390.95,391.2,49626,0
2026-04-16 12:40:00+05:30,391.2,391.75,391.05,391.3,65363,0
2026-04-16 12:45:00+05:30,391.1,391.65,391.0,391.3,54361,0
2026-04-16 12:50:00+05:30,391.45,391.8,391.2,391.4,57789,0
2026-04-16 12:55:00+05:30,391.55,391.8,391.1,391.35,59963,0
2026-04-16 13:00:00+05:30,391.45,391.75,391.35,391.55,40847,0
2026-04-16 13:05:00+05:30,391.55,391.8,390.75,390.8,74155,0
2026-04-16 13:10:00+05:30,390.8,390.85,389.95,390.0,93032,0
2026-04-16 13:15:00+05:30,390.0,390.2,389.05,389.55,97578,0
2026-04-16 13:20:00+05:30,389.6,389.8,388.8,388.9,76958,0
2026-04-16 13:25:00+05:30,388.9,389.65,388.85,389.2,60109,0
2026-04-16 13:30:00+05:30,389.2,389.45,389.0,389.25,36509,0
2026-04-16 13:35:00+05:30,389.25,389.6,389.05,389.15,32337,0
2026-04-16 13:40:00+05:30,389.15,389.5,389.1,389.3,22746,0
2026-04-16 13:45:00+05:30,389.3,389.9,389.15,389.55,55713,0
2026-04-16 13:50:00+05:30,389.55,390.45,389.5,389.85,188505,0
2026-04-16 13:55:00+05:30,389.9,390.4,389.55,390.1,210175,0
2026-04-16 14:00:00+05:30,390.1,390.35,388.75,388.85,76632,0
2026-04-16 14:05:00+05:30,388.9,389.15,388.0,388.5,82262,0
2026-04-16 14:10:00+05:30,388.5,389.35,388.35,388.9,48430,0
2026-04-16 14:15:00+05:30,388.9,389.1,388.55,388.9,43234,0
2026-04-16 14:20:00+05:30,388.9,389.35,388.25,388.45,65569,0
2026-04-16 14:25:00+05:30,388.45,389.45,388.2,389.35,106162,0
2026-04-16 14:30:00+05:30,389.35,390.15,389.3,389.7,148727,0
2026-04-16 14:35:00+05:30,389.65,389.8,387.8,388.7,359539,0
2026-04-16 14:40:00+05:30,388.65,389.4,388.6,389.0,84300,0
2026-04-16 14:45:00+05:30,389.0,390.3,389.0,390.25,81967,0
2026-04-16 14:50:00+05:30,390.2,390.85,390.1,390.7,111328,0
2026-04-16 14:55:00+05:30,390.7,390.75,390.15,390.6,104294,0
2026-04-16 15:00:00+05:30,390.6,390.8,389.7,390.15,338295,0
2026-04-16 15:05:00+05:30,390.15,390.45,389.75,389.95,234797,0
2026-04-16 15:10:00+05:30,389.95,390.35,389.85,390.05,188199,0
2026-04-16 15:15:00+05:30,390.05,391.55,390.05,391.5,265809,0
2026-04-16 15:20:00+05:30,391.35,391.75,391.0,391.35,282567,0
2026-04-16 15:25:00+05:30,391.35,392.3,391.0,391.15,402468,0
2026-04-17 09:15:00+05:30,393.0,396.25,391.3,395.8,459957,0
2026-04-17 09:20:00+05:30,396.0,396.0,393.75,394.0,234846,0
2026-04-17 09:25:00+05:30,393.9,394.8,392.9,393.55,201988,0
2026-04-17 09:30:00+05:30,393.75,393.95,393.0,393.15,119606,0
2026-04-17 09:35:00+05:30,393.15,393.4,392.3,393.0,93275,0
2026-04-17 09:40:00+05:30,393.0,393.1,391.45,391.45,231145,0
2026-04-17 09:45:00+05:30,391.65,392.35,391.4,391.8,182529,0
2026-04-17 09:50:00+05:30,391.85,392.15,391.75,391.8,55757,0
2026-04-17 09:55:00+05:30,392.0,392.3,391.5,391.75,231199,0
2026-04-17 10:00:00+05:30,391.95,392.5,390.9,391.5,397816,0
2026-04-17 10:05:00+05:30,391.65,392.35,391.5,392.0,563794,0
2026-04-17 10:10:00+05:30,392.0,392.2,391.85,392.0,129087,0
2026-04-17 10:15:00+05:30,392.0,392.35,391.65,391.9,433180,0
2026-04-17 10:20:00+05:30,391.95,392.1,391.8,391.95,101569,0
2026-04-17 10:25:00+05:30,392.0,392.0,391.4,391.5,84181,0
2026-04-17 10:30:00+05:30,391.55,391.7,390.65,390.8,124092,0
2026-04-17 10:35:00+05:30,390.95,391.3,390.25,390.3,78606,0
2026-04-17 10:40:00+05:30,390.3,390.95,390.25,390.6,101380,0
2026-04-17 10:45:00+05:30,390.75,390.95,390.2,390.35,139466,0
2026-04-17 10:50:00+05:30,390.35,390.4,389.8,389.8,256782,0
2026-04-17 10:55:00+05:30,389.95,390.0,389.65,389.65,79020,0
2026-04-17 11:00:00+05:30,389.85,390.0,389.3,389.6,52060,0
2026-04-17 11:05:00+05:30,389.6,389.9,389.1,389.8,60803,0
2026-04-17 11:10:00+05:30,389.9,390.0,389.4,389.4,46501,0
2026-04-17 11:15:00+05:30,389.5,389.65,389.0,389.15,63789,0
2026-04-17 11:20:00+05:30,389.25,389.8,389.15,389.45,87932,0
2026-04-17 11:25:00+05:30,389.6,389.65,389.2,389.35,56034,0
2026-04-17 11:30:00+05:30,389.5,389.75,389.35,389.5,46269,0
2026-04-17 11:35:00+05:30,389.5,390.0,389.35,389.5,65300,0
2026-04-17 11:40:00+05:30,389.5,389.85,389.3,389.5,41180,0
2026-04-17 11:45:00+05:30,389.65,389.65,389.15,389.35,45446,0
2026-04-17 11:50:00+05:30,389.55,389.6,389.1,389.25,42286,0
2026-04-17 11:55:00+05:30,389.4,389.6,389.1,389.1,48895,0
2026-04-17 12:00:00+05:30,389.15,389.4,388.6,388.6,87537,0
2026-04-17 12:05:00+05:30,388.8,389.15,388.6,388.9,49572,0
2026-04-17 12:10:00+05:30,389.0,389.3,388.6,388.75,119689,0
2026-04-17 12:15:00+05:30,388.95,389.3,388.7,389.05,62885,0
2026-04-17 12:20:00+05:30,389.05,389.6,388.85,389.55,144347,0
2026-04-17 12:25:00+05:30,389.55,389.55,389.15,389.25,65952,0
2026-04-17 12:30:00+05:30,389.4,389.95,388.45,389.8,361359,0
2026-04-17 12:35:00+05:30,389.8,390.0,389.45,389.5,70322,0
2026-04-17 12:40:00+05:30,389.5,389.75,389.0,389.45,111321,0
2026-04-17 12:45:00+05:30,389.6,390.0,389.4,389.75,95574,0
2026-04-17 12:50:00+05:30,389.8,389.9,389.55,389.75,58036,0
2026-04-17 12:55:00+05:30,389.75,390.0,389.5,389.65,75793,0
2026-04-17 13:00:00+05:30,389.75,389.85,389.5,389.55,60136,0
2026-04-17 13:05:00+05:30,389.7,389.9,389.5,389.7,77017,0
2026-04-17 13:10:00+05:30,389.55,390.0,389.5,389.75,99104,0
2026-04-17 13:15:00+05:30,389.8,390.3,389.55,389.95,455588,0
2026-04-17 13:20:00+05:30,390.0,390.15,389.75,389.85,63373,0
2026-04-17 13:25:00+05:30,389.95,390.2,389.75,390.0,197451,0
2026-04-17 13:30:00+05:30,390.0,390.3,389.8,390.0,525059,0
2026-04-17 13:35:00+05:30,390.0,390.1,389.75,389.75,60188,0
2026-04-17 13:40:00+05:30,389.75,390.2,389.75,389.95,75701,0
2026-04-17 13:45:00+05:30,389.95,390.75,389.8,390.6,489470,0
2026-04-17 13:50:00+05:30,390.55,390.7,389.85,389.85,151112,0
2026-04-17 13:55:00+05:30,389.85,390.4,389.8,390.25,148738,0
2026-04-17 14:00:00+05:30,390.1,390.55,390.0,390.25,121255,0
2026-04-17 14:05:00+05:30,390.05,390.3,389.9,390.05,109703,0
2026-04-17 14:10:00+05:30,389.95,390.35,389.9,390.15,113846,0
2026-04-17 14:15:00+05:30,390.0,390.95,390.0,390.7,248067,0
2026-04-17 14:20:00+05:30,390.75,392.45,390.35,392.25,444501,0
2026-04-17 14:25:00+05:30,392.4,392.5,391.7,392.1,175440,0
2026-04-17 14:30:00+05:30,392.1,392.1,391.4,391.6,190428,0
2026-04-17 14:35:00+05:30,391.5,392.55,391.4,392.05,529354,0
2026-04-17 14:40:00+05:30,392.05,392.2,391.6,391.9,157018,0
2026-04-17 14:45:00+05:30,391.75,395.0,391.65,394.8,758046,0
2026-04-17 14:50:00+05:30,394.7,395.2,394.2,394.85,353882,0
2026-04-17 14:55:00+05:30,394.85,395.1,394.6,394.85,186767,0
2026-04-17 15:00:00+05:30,394.7,395.2,393.25,393.65,670159,0
2026-04-17 15:05:00+05:30,393.6,393.95,393.35,393.7,351829,0
2026-04-17 15:10:00+05:30,393.65,394.2,393.45,393.8,479709,0
2026-04-17 15:15:00+05:30,393.75,393.85,393.15,393.4,441605,0
2026-04-17 15:20:00+05:30,393.45,393.7,393.1,393.4,691587,0
2026-04-17 15:25:00+05:30,393.4,393.8,392.65,393.7,633275,0
2026-04-20 09:15:00+05:30,393.0,395.45,390.65,392.75,330575,0
2026-04-20 09:20:00+05:30,392.85,395.25,392.8,394.25,272666,0
2026-04-20 09:25:00+05:30,394.3,395.45,394.1,395.0,122808,0
2026-04-20 09:30:00+05:30,395.1,395.45,393.8,394.15,98955,0
2026-04-20 09:35:00+05:30,394.05,397.4,393.5,396.55,481851,0
2026-04-20 09:40:00+05:30,396.55,396.9,395.2,395.2,185966,0
2026-04-20 09:45:00+05:30,395.25,395.95,395.15,395.65,94224,0
2026-04-20 09:50:00+05:30,395.6,396.6,395.5,396.4,71149,0
2026-04-20 09:55:00+05:30,396.5,396.8,396.25,396.35,54604,0
2026-04-20 10:00:00+05:30,396.35,396.95,395.85,396.0,59354,0
2026-04-20 10:05:00+05:30,396.0,396.5,395.55,395.95,79581,0
2026-04-20 10:10:00+05:30,395.95,395.95,395.2,395.75,103272,0
2026-04-20 10:15:00+05:30,395.75,396.45,395.6,396.0,119187,0
2026-04-20 10:20:00+05:30,396.0,396.45,395.9,396.05,84649,0
2026-04-20 10:25:00+05:30,396.15,396.35,395.9,396.15,53696,0
2026-04-20 10:30:00+05:30,396.15,396.45,396.05,396.35,88194,0
2026-04-20 10:35:00+05:30,396.2,396.45,396.15,396.2,59319,0
2026-04-20 10:40:00+05:30,396.2,397.1,396.15,396.95,111406,0
2026-04-20 10:45:00+05:30,397.0,397.0,396.45,396.45,73896,0
2026-04-20 10:50:00+05:30,396.5,396.65,396.1,396.4,76325,0
2026-04-20 10:55:00+05:30,396.45,396.85,396.1,396.85,59826,0
2026-04-20 11:00:00+05:30,396.85,397.65,396.7,397.45,174777,0
2026-04-20 11:05:00+05:30,397.45,400.85,397.45,400.2,674764,0
2026-04-20 11:10:00+05:30,400.25,400.4,399.0,399.0,127430,0
2026-04-20 11:15:00+05:30,399.0,399.6,398.8,399.3,86556,0
2026-04-20 11:20:00+05:30,399.3,399.9,399.05,399.85,59985,0
2026-04-20 11:25:00+05:30,399.85,399.85,399.5,399.65,69288,0
2026-04-20 11:30:00+05:30,399.7,400.0,399.65,399.9,69864,0
2026-04-20 11:35:00+05:30,400.0,400.0,398.7,399.2,110894,0
2026-04-20 11:40:00+05:30,399.2,399.35,398.95,399.3,55413,0
2026-04-20 11:45:00+05:30,399.3,399.35,398.05,398.8,143151,0
2026-04-20 11:50:00+05:30,398.8,399.0,398.4,399.0,58593,0
2026-04-20 11:55:00+05:30,399.0,399.15,398.6,398.8,57119,0
2026-04-20 12:00:00+05:30,398.8,398.8,398.05,398.3,56275,0
2026-04-20 12:05:00+05:30,398.4,398.5,398.0,398.05,59937,0
2026-04-20 12:10:00+05:30,398.1,398.5,397.65,397.7,96472,0
2026-04-20 12:15:00+05:30,397.8,398.3,397.65,398.2,82170,0
2026-04-20 12:20:00+05:30,398.35,398.7,397.8,398.05,70639,0
2026-04-20 12:25:00+05:30,397.9,398.6,397.85,398.3,52077,0
2026-04-20 12:30:00+05:30,398.5,398.7,398.15,398.7,44178,0
2026-04-20 12:35:00+05:30,398.65,398.75,398.2,398.45,59649,0
2026-04-20 12:40:00+05:30,398.45,398.65,398.2,398.5,53399,0
2026-04-20 12:45:00+05:30,398.5,399.8,398.35,399.65,92487,0
2026-04-20 12:50:00+05:30,399.6,399.8,399.35,399.55,110886,0
2026-04-20 12:55:00+05:30,399.55,399.8,399.0,399.7,102278,0
2026-04-20 13:00:00+05:30,399.75,399.85,398.65,399.6,112472,0
2026-04-20 13:05:00+05:30,399.6,400.0,399.25,399.95,81845,0
2026-04-20 13:10:00+05:30,399.95,400.25,399.45,400.15,177223,0
2026-04-20 13:15:00+05:30,400.0,400.5,399.8,400.35,106937,0
2026-04-20 13:20:00+05:30,400.35,400.45,399.5,399.85,93977,0
2026-04-20 13:25:00+05:30,399.85,400.15,398.85,400.15,291393,0
2026-04-20 13:30:00+05:30,400.15,400.3,400.0,400.2,77817,0
2026-04-20 13:35:00+05:30,400.2,400.25,399.9,399.9,87934,0
2026-04-20 13:40:00+05:30,400.05,400.05,399.55,399.8,79323,0
2026-04-20 13:45:00+05:30,399.8,400.0,399.6,399.8,71524,0
2026-04-20 13:50:00+05:30,399.8,399.8,398.85,399.6,115020,0
2026-04-20 13:55:00+05:30,399.55,400.0,399.0,399.8,114435,0
2026-04-20 14:00:00+05:30,399.85,399.9,399.5,399.65,90593,0
2026-04-20 14:05:00+05:30,399.7,399.7,397.65,398.85,299922,0
2026-04-20 14:10:00+05:30,398.7,399.4,398.65,399.2,89644,0
2026-04-20 14:15:00+05:30,399.35,399.7,399.1,399.5,60823,0
2026-04-20 14:20:00+05:30,399.65,399.7,399.2,399.3,105657,0
2026-04-20 14:25:00+05:30,399.3,399.35,398.75,399.1,213139,0
2026-04-20 14:30:00+05:30,399.1,399.3,398.95,399.25,79094,0
2026-04-20 14:35:00+05:30,399.25,399.3,398.6,398.8,127394,0
2026-04-20 14:40:00+05:30,398.8,398.9,398.05,398.3,127107,0
2026-04-20 14:45:00+05:30,398.45,398.6,398.0,398.2,134247,0
2026-04-20 14:50:00+05:30,398.25,399.0,398.1,398.65,99993,0
2026-04-20 14:55:00+05:30,398.65,398.95,398.4,398.65,95657,0
2026-04-20 15:00:00+05:30,398.85,398.9,398.15,398.55,255985,0
2026-04-20 15:05:00+05:30,398.5,398.5,398.05,398.35,186602,0
2026-04-20 15:10:00+05:30,398.25,398.55,398.05,398.35,237430,0
2026-04-20 15:15:00+05:30,398.35,398.7,397.05,397.4,312860,0
2026-04-20 15:20:00+05:30,397.4,397.9,397.05,397.45,325810,0
2026-04-20 15:25:00+05:30,397.45,398.6,397.3,398.35,392316,0
2026-04-21 09:15:00+05:30,398.6,401.6,398.15,400.7,409258,0
2026-04-21 09:20:00+05:30,400.8,402.0,400.6,401.85,239700,0
2026-04-21 09:25:00+05:30,402.0,402.5,401.5,402.0,258765,0
2026-04-21 09:30:00+05:30,401.8,402.3,401.1,402.0,204358,0
2026-04-21 09:35:00+05:30,401.85,402.7,401.4,401.6,212655,0
2026-04-21 09:40:00+05:30,401.4,401.8,400.65,401.15,241764,0
2026-04-21 09:45:00+05:30,401.15,401.7,401.05,401.25,181863,0
2026-04-21 09:50:00+05:30,401.1,401.55,400.5,400.85,112325,0
2026-04-21 09:55:00+05:30,400.75,401.5,400.7,401.15,101541,0
2026-04-21 10:00:00+05:30,401.2,401.8,400.95,401.5,135934,0
2026-04-21 10:05:00+05:30,401.4,401.6,400.95,401.25,125579,0
2026-04-21 10:10:00+05:30,401.2,401.3,400.0,400.1,159462,0
2026-04-21 10:15:00+05:30,400.1,400.5,400.0,400.1,106349,0
2026-04-21 10:20:00+05:30,400.0,400.9,399.45,400.75,145983,0
2026-04-21 10:25:00+05:30,400.55,400.8,399.35,399.5,139700,0
2026-04-21 10:30:00+05:30,399.5,400.5,399.4,400.25,86675,0
2026-04-21 10:35:00+05:30,400.25,400.5,399.75,400.35,121032,0
2026-04-21 10:40:00+05:30,400.15,400.35,399.6,400.1,36363,0
2026-04-21 10:45:00+05:30,400.1,400.2,399.55,399.7,38092,0
2026-04-21 10:50:00+05:30,399.9,400.0,399.4,399.95,46587,0
2026-04-21 10:55:00+05:30,399.95,400.0,399.6,399.85,75100,0
2026-04-21 11:00:00+05:30,399.85,400.0,399.3,399.45,86081,0
2026-04-21 11:05:00+05:30,399.45,400.05,399.15,399.4,124276,0
2026-04-21 11:10:00+05:30,399.35,399.7,398.7,399.65,76711,0
2026-04-21 11:15:00+05:30,399.55,399.85,399.2,399.5,57914,0
2026-04-21 11:20:00+05:30,399.5,399.95,398.1,398.5,123933,0
2026-04-21 11:25:00+05:30,398.35,398.65,398.15,398.6,75052,0
2026-04-21 11:30:00+05:30,398.6,398.8,398.35,398.45,48865,0
2026-04-21 11:35:00+05:30,398.6,399.9,398.25,399.65,508172,0
2026-04-21 11:40:00+05:30,399.65,399.75,399.45,399.55,957041,0
2026-04-21 11:45:00+05:30,399.55,400.2,399.2,399.45,275677,0
2026-04-21 11:50:00+05:30,399.45,399.55,399.0,399.2,52385,0
2026-04-21 11:55:00+05:30,399.0,399.45,398.85,399.1,284503,0
2026-04-21 12:00:00+05:30,399.25,399.65,399.0,399.3,58178,0
2026-04-21 12:05:00+05:30,399.25,399.45,398.85,399.0,44623,0
2026-04-21 12:10:00+05:30,399.0,399.3,398.85,398.9,51742,0
2026-04-21 12:15:00+05:30,398.9,399.3,398.35,398.9,106075,0
2026-04-21 12:20:00+05:30,398.9,399.25,398.3,399.0,111083,0
2026-04-21 12:25:00+05:30,399.0,399.2,398.75,398.9,35881,0
2026-04-21 12:30:00+05:30,399.0,399.2,398.85,399.0,36576,0
2026-04-21 12:35:00+05:30,399.0,399.15,397.5,397.95,176124,0
2026-04-21 12:40:00+05:30,397.95,398.85,397.7,398.65,73534,0
2026-04-21 12:45:00+05:30,398.85,398.85,398.3,398.6,47722,0
2026-04-21 12:50:00+05:30,398.6,398.7,397.5,397.65,86786,0
2026-04-21 12:55:00+05:30,397.75,398.65,397.6,398.45,83548,0
2026-04-21 13:00:00+05:30,398.45,398.65,398.05,398.2,44656,0
2026-04-21 13:05:00+05:30,398.2,398.25,397.8,398.05,53882,0
2026-04-21 13:10:00+05:30,398.15,398.15,397.6,397.9,81496,0
2026-04-21 13:15:00+05:30,397.9,398.2,397.65,397.95,57376,0
2026-04-21 13:20:00+05:30,397.95,398.1,397.65,397.85,48874,0
2026-04-21 13:25:00+05:30,397.8,398.0,397.5,397.95,61807,0
2026-04-21 13:30:00+05:30,397.95,398.25,397.55,397.9,32254,0
2026-04-21 13:35:00+05:30,397.9,398.0,397.05,397.3,69165,0
2026-04-21 13:40:00+05:30,397.3,397.35,396.4,397.1,70688,0
2026-04-21 13:45:00+05:30,397.1,397.2,396.85,397.05,32955,0
2026-04-21 13:50:00+05:30,397.15,397.5,397.0,397.35,24908,0
2026-04-21 13:55:00+05:30,397.5,397.55,397.05,397.3,44782,0
2026-04-21 14:00:00+05:30,397.3,397.35,396.8,397.05,49756,0
2026-04-21 14:05:00+05:30,397.05,397.1,396.3,396.35,54433,0
2026-04-21 14:10:00+05:30,396.55,396.9,396.25,396.75,64812,0
2026-04-21 14:15:00+05:30,396.85,397.0,396.5,396.55,51347,0
2026-04-21 14:20:00+05:30,396.55,397.2,396.5,397.0,76831,0
2026-04-21 14:25:00+05:30,397.0,397.25,396.65,397.05,44754,0
2026-04-21 14:30:00+05:30,397.2,397.2,396.7,396.8,42402,0
2026-04-21 14:35:00+05:30,397.0,397.2,396.7,396.75,49665,0
2026-04-21 14:40:00+05:30,396.8,396.95,396.0,396.3,118058,0
2026-04-21 14:45:00+05:30,396.35,396.7,396.3,396.5,51550,0
2026-04-21 14:50:00+05:30,396.5,396.8,396.4,396.55,67323,0
2026-04-21 14:55:00+05:30,396.55,397.0,396.45,396.7,79428,0
2026-04-21 15:00:00+05:30,396.7,397.0,396.3,396.75,154919,0
2026-04-21 15:05:00+05:30,396.7,396.8,395.9,396.45,251279,0
2026-04-21 15:10:00+05:30,396.3,396.6,395.8,396.0,351749,0
2026-04-21 15:15:00+05:30,396.0,396.45,395.75,395.9,245564,0
2026-04-21 15:20:00+05:30,395.9,396.15,395.7,396.05,181044,0
2026-04-21 15:25:00+05:30,396.05,396.6,396.0,396.25,172997,0
2026-04-22 09:15:00+05:30,398.0,398.0,393.2,396.75,473590,0
2026-04-22 09:20:00+05:30,396.7,399.8,396.65,398.55,283585,0
2026-04-22 09:25:00+05:30,398.65,399.95,398.3,399.8,242118,0
2026-04-22 09:30:00+05:30,399.75,400.35,399.6,400.25,197041,0
2026-04-22 09:35:00+05:30,400.25,400.3,399.75,400.0,214279,0
2026-04-22 09:40:00+05:30,400.0,400.9,399.9,400.0,387815,0
2026-04-22 09:45:00+05:30,400.05,401.8,399.95,401.65,345286,0
2026-04-22 09:50:00+05:30,401.7,402.9,401.7,402.55,900541,0
2026-04-22 09:55:00+05:30,402.5,402.8,401.55,401.55,564476,0
2026-04-22 10:00:00+05:30,401.65,403.3,401.4,403.3,765452,0
2026-04-22 10:05:00+05:30,403.25,403.95,403.0,403.65,270611,0
2026-04-22 10:10:00+05:30,403.65,404.25,403.0,403.2,345258,0
2026-04-22 10:15:00+05:30,403.35,404.5,403.05,403.2,233350,0
2026-04-22 10:20:00+05:30,403.1,403.75,403.0,403.5,136373,0
2026-04-22 10:25:00+05:30,403.5,403.8,403.35,403.65,74912,0
2026-04-22 10:30:00+05:30,403.7,403.75,402.55,403.25,176130,0
2026-04-22 10:35:00+05:30,403.3,403.65,403.15,403.6,51449,0
2026-04-22 10:40:00+05:30,403.6,404.0,403.4,403.55,66127,0
2026-04-22 10:45:00+05:30,403.5,403.6,403.0,403.4,59754,0
2026-04-22 10:50:00+05:30,403.35,403.6,403.2,403.35,50678,0
2026-04-22 10:55:00+05:30,403.35,404.7,403.1,404.65,176404,0
2026-04-22 11:00:00+05:30,404.65,404.75,404.25,404.55,373977,0
2026-04-22 11:05:00+05:30,404.55,404.55,403.8,404.4,92475,0
2026-04-22 11:10:00+05:30,404.4,405.0,404.0,404.45,160100,0
2026-04-22 11:15:00+05:30,404.5,404.95,404.4,404.75,64663,0
2026-04-22 11:20:00+05:30,404.75,405.45,404.45,405.45,281088,0
2026-04-22 11:25:00+05:30,405.45,406.2,405.35,406.0,295013,0
2026-04-22 11:30:00+05:30,405.9,406.25,405.15,405.8,166827,0
2026-04-22 11:35:00+05:30,405.75,405.8,405.0,405.5,84796,0
2026-04-22 11:40:00+05:30,405.5,405.85,404.45,405.3,707221,0
2026-04-22 11:45:00+05:30,405.15,405.3,404.55,405.1,92189,0
2026-04-22 11:50:00+05:30,405.0,405.5,404.8,405.5,86166,0
2026-04-22 11:55:00+05:30,405.5,405.75,405.2,405.55,122319,0
2026-04-22 12:00:00+05:30,405.5,405.9,405.3,405.75,143806,0
2026-04-22 12:05:00+05:30,405.8,406.1,405.55,406.0,109170,0
2026-04-22 12:10:00+05:30,406.0,406.05,405.75,405.75,93980,0
2026-04-22 12:15:00+05:30,405.9,406.0,405.15,406.0,157989,0
2026-04-22 12:20:00+05:30,405.95,406.15,405.6,405.9,113660,0
2026-04-22 12:25:00+05:30,405.9,406.1,405.6,406.0,94348,0
2026-04-22 12:30:00+05:30,406.1,406.2,405.3,405.9,123367,0
2026-04-22 12:35:00+05:30,405.95,406.25,405.55,405.85,132145,0
2026-04-22 12:40:00+05:30,406.0,406.25,405.5,406.1,112647,0
2026-04-22 12:45:00+05:30,406.0,406.2,405.05,405.3,163479,0
2026-04-22 12:50:00+05:30,405.3,405.65,405.1,405.4,103816,0
2026-04-22 12:55:00+05:30,405.45,405.8,405.25,405.35,87830,0
2026-04-22 13:00:00+05:30,405.4,405.6,404.75,405.15,162274,0
2026-04-22 13:05:00+05:30,405.15,405.4,404.65,405.15,94674,0
2026-04-22 13:10:00+05:30,405.15,405.45,404.85,405.35,142378,0
2026-04-22 13:15:00+05:30,405.2,405.75,404.8,405.75,142991,0
2026-04-22 13:20:00+05:30,405.6,405.95,404.7,404.7,146861,0
2026-04-22 13:25:00+05:30,404.8,405.6,404.75,405.2,114034,0
2026-04-22 13:30:00+05:30,405.3,406.1,405.15,405.9,149191,0
2026-04-22 13:35:00+05:30,406.0,406.4,405.8,406.25,141612,0
2026-04-22 13:40:00+05:30,406.35,406.7,406.05,406.3,124490,0
2026-04-22 13:45:00+05:30,406.5,406.5,406.05,406.05,121130,0
2026-04-22 13:50:00+05:30,406.2,406.25,405.7,406.0,132790,0
2026-04-22 13:55:00+05:30,406.05,406.6,406.0,406.5,448913,0
2026-04-22 14:00:00+05:30,406.5,406.65,406.0,406.05,228251,0
2026-04-22 14:05:00+05:30,406.1,406.35,405.6,405.8,142099,0
2026-04-22 14:10:00+05:30,405.8,406.05,405.65,405.65,117709,0
2026-04-22 14:15:00+05:30,405.65,405.9,405.25,405.5,172995,0
2026-04-22 14:20:00+05:30,405.5,406.45,405.35,406.45,155186,0
2026-04-22 14:25:00+05:30,406.45,406.95,406.35,406.85,254292,0
2026-04-22 14:30:00+05:30,406.85,407.25,406.0,406.3,439397,0
2026-04-22 14:35:00+05:30,406.3,406.95,406.0,406.45,256245,0
2026-04-22 14:40:00+05:30,406.5,406.7,406.0,406.1,97295,0
2026-04-22 14:45:00+05:30,406.1,406.35,405.95,406.05,88261,0
2026-04-22 14:50:00+05:30,406.05,406.05,405.2,405.7,134304,0
2026-04-22 14:55:00+05:30,405.7,405.95,405.7,405.85,131702,0
2026-04-22 15:00:00+05:30,405.85,405.85,404.3,404.8,394074,0
2026-04-22 15:05:00+05:30,404.8,405.05,404.7,404.9,121414,0
2026-04-22 15:10:00+05:30,404.9,405.35,404.8,405.0,222016,0
2026-04-22 15:15:00+05:30,404.9,405.75,404.8,405.65,459459,0
2026-04-22 15:20:00+05:30,405.6,406.5,405.4,405.45,604763,0
2026-04-22 15:25:00+05:30,405.4,406.25,404.35,405.15,489157,0
2026-04-23 09:15:00+05:30,404.0,405.4,402.5,405.3,373360,0
2026-04-23 09:20:00+05:30,405.4,405.9,403.55,403.85,216255,0
2026-04-23 09:25:00+05:30,403.85,404.7,403.2,404.15,105865,0
2026-04-23 09:30:00+05:30,404.3,404.5,403.1,403.2,161357,0
2026-04-23 09:35:00+05:30,403.25,403.6,402.4,403.15,104598,0
2026-04-23 09:40:00+05:30,403.3,403.5,402.6,402.75,145862,0
2026-04-23 09:45:00+05:30,402.9,403.7,402.7,402.7,94385,0
2026-04-23 09:50:00+05:30,402.75,402.9,402.15,402.3,147982,0
2026-04-23 09:55:00+05:30,402.4,402.45,402.0,402.15,56245,0
2026-04-23 10:00:00+05:30,402.2,402.8,402.05,402.45,110984,0
2026-04-23 10:05:00+05:30,402.45,402.7,401.85,402.05,84926,0
2026-04-23 10:10:00+05:30,402.2,402.2,401.7,402.0,60092,0
2026-04-23 10:15:00+05:30,401.95,402.35,401.8,402.3,73257,0
2026-04-23 10:20:00+05:30,402.3,402.45,401.75,401.75,54636,0
2026-04-23 10:25:00+05:30,401.8,402.2,401.65,402.1,56790,0
2026-04-23 10:30:00+05:30,402.1,402.3,401.95,402.05,28021,0
2026-04-23 10:35:00+05:30,402.1,402.4,402.05,402.3,25359,0
2026-04-23 10:40:00+05:30,402.3,402.4,401.75,401.9,31875,0
2026-04-23 10:45:00+05:30,401.95,402.0,401.35,401.85,103820,0
2026-04-23 10:50:00+05:30,401.85,402.5,401.55,402.4,40711,0
2026-04-23 10:55:00+05:30,402.4,402.5,401.85,402.25,29942,0
2026-04-23 11:00:00+05:30,402.3,403.2,402.15,403.2,77074,0
2026-04-23 11:05:00+05:30,403.2,403.2,402.4,402.55,50961,0
2026-04-23 11:10:00+05:30,402.6,402.65,400.65,400.95,636036,0
2026-04-23 11:15:00+05:30,401.0,401.0,400.4,400.7,59420,0
2026-04-23 11:20:00+05:30,400.75,401.0,400.6,400.8,33162,0
2026-04-23 11:25:00+05:30,400.8,401.1,400.75,400.95,37256,0
2026-04-23 11:30:00+05:30,401.0,401.0,400.95,401.0,34848,0
2026-04-23 11:35:00+05:30,401.0,401.2,400.95,401.0,68288,0
2026-04-23 11:40:00+05:30,401.0,401.25,400.9,401.0,216131,0
2026-04-23 11:45:00+05:30,401.0,402.05,400.9,402.0,381964,0
2026-04-23 11:50:00+05:30,402.0,403.6,401.75,403.1,423280,0
2026-04-23 11:55:00+05:30,403.1,403.35,403.0,403.05,137781,0
2026-04-23 12:00:00+05:30,403.05,403.45,402.85,403.05,325769,0
2026-04-23 12:05:00+05:30,403.05,403.3,402.95,403.05,65131,0
2026-04-23 12:10:00+05:30,403.05,403.8,403.0,403.7,64081,0
2026-04-23 12:15:00+05:30,403.7,403.95,403.2,403.25,64894,0
2026-04-23 12:20:00+05:30,403.4,403.95,403.2,403.8,43156,0
2026-04-23 12:25:00+05:30,403.8,403.8,403.0,403.15,60703,0
2026-04-23 12:30:00+05:30,403.15,403.8,403.0,403.65,85696,0
2026-04-23 12:35:00+05:30,403.65,403.9,403.55,403.85,40053,0
2026-04-23 12:40:00+05:30,403.85,403.95,403.4,403.55,36359,0
2026-04-23 12:45:00+05:30,403.55,403.6,403.2,403.45,37207,0
2026-04-23 12:50:00+05:30,403.45,403.65,403.2,403.55,53305,0
2026-04-23 12:55:00+05:30,403.55,403.85,403.45,403.55,43959,0
2026-04-23 13:00:00+05:30,403.55,403.65,403.0,403.2,68284,0
2026-04-23 13:05:00+05:30,403.25,403.7,403.2,403.7,37853,0
2026-04-23 13:10:00+05:30,403.6,404.25,403.45,404.15,191717,0
2026-04-23 13:15:00+05:30,404.2,405.05,404.0,404.45,414020,0
2026-04-23 13:20:00+05:30,404.45,404.95,404.1,404.1,158709,0
2026-04-23 13:25:00+05:30,404.15,404.55,404.0,404.4,55766,0
2026-04-23 13:30:00+05:30,404.4,404.5,404.05,404.25,56433,0
2026-04-23 13:35:00+05:30,404.3,404.3,403.7,403.9,77268,0
2026-04-23 13:40:00+05:30,403.9,404.75,403.8,404.7,102720,0
2026-04-23 13:45:00+05:30,404.7,404.7,403.7,404.0,205489,0
2026-04-23 13:50:00+05:30,404.05,404.6,404.0,404.4,203931,0
2026-04-23 13:55:00+05:30,404.4,404.6,404.1,404.3,197089,0
2026-04-23 14:00:00+05:30,404.3,404.8,404.1,404.5,229823,0
2026-04-23 14:05:00+05:30,404.5,404.5,404.05,404.1,49389,0
2026-04-23 14:10:00+05:30,404.15,404.15,403.55,403.7,55590,0
2026-04-23 14:15:00+05:30,403.7,404.15,403.4,403.4,70144,0
2026-04-23 14:20:00+05:30,403.45,403.75,403.2,403.3,84578,0
2026-04-23 14:25:00+05:30,403.25,403.75,403.2,403.35,70032,0
2026-04-23 14:30:00+05:30,403.3,403.4,402.25,402.35,52844,0
2026-04-23 14:35:00+05:30,402.4,402.75,402.1,402.5,83484,0
2026-04-23 14:40:00+05:30,402.5,402.9,402.15,402.55,61878,0
2026-04-23 14:45:00+05:30,402.55,403.15,402.5,402.95,84080,0
2026-04-23 14:50:00+05:30,402.95,403.15,402.8,403.0,87266,0
2026-04-23 14:55:00+05:30,403.0,403.0,402.0,402.3,83491,0
2026-04-23 15:00:00+05:30,402.3,402.75,402.0,402.15,135555,0
2026-04-23 15:05:00+05:30,402.3,402.5,402.0,402.2,166016,0
2026-04-23 15:10:00+05:30,402.2,402.5,401.55,402.15,341248,0
2026-04-23 15:15:00+05:30,402.1,402.9,402.0,402.45,164348,0
2026-04-23 15:20:00+05:30,402.45,402.55,402.05,402.3,187771,0
2026-04-23 15:25:00+05:30,402.3,403.0,401.9,402.8,184239,0
2026-04-24 09:15:00+05:30,404.75,405.25,403.0,403.6,222711,0
2026-04-24 09:20:00+05:30,403.5,404.1,402.9,403.6,48127,0
2026-04-24 09:25:00+05:30,403.5,403.6,402.4,402.55,50025,0
2026-04-24 09:30:00+05:30,402.55,402.6,401.05,401.35,52161,0
2026-04-24 09:35:00+05:30,401.25,401.8,400.45,400.45,57619,0
2026-04-24 09:40:00+05:30,400.45,401.0,400.35,400.9,43059,0
2026-04-24 09:45:00+05:30,400.85,400.95,400.1,400.7,36586,0
2026-04-24 09:50:00+05:30,400.7,400.95,399.55,400.35,145172,0
2026-04-24 09:55:00+05:30,400.35,400.35,399.3,399.45,50473,0
2026-04-24 10:00:00+05:30,399.6,400.8,399.45,399.95,84709,0
2026-04-24 10:05:00+05:30,399.9,400.9,399.9,400.55,33933,0
2026-04-24 10:10:00+05:30,400.65,400.95,400.15,400.8,61302,0
2026-04-24 10:15:00+05:30,400.7,400.9,400.15,400.3,19875,0
2026-04-24 10:20:00+05:30,400.4,400.75,400.2,400.7,12750,0
2026-04-24 10:25:00+05:30,400.65,401.3,400.3,400.95,115840,0
2026-04-24 10:30:00+05:30,400.95,401.15,400.4,401.0,78091,0
2026-04-24 10:35:00+05:30,401.0,401.1,400.75,400.8,31842,0
2026-04-24 10:40:00+05:30,400.75,400.95,399.7,400.25,94094,0
2026-04-24 10:45:00+05:30,400.15,400.45,399.2,399.9,106650,0
2026-04-24 10:50:00+05:30,399.85,400.45,399.65,400.45,70360,0
2026-04-24 10:55:00+05:30,400.45,400.5,399.65,400.3,65783,0
2026-04-24 11:00:00+05:30,400.3,400.7,399.85,400.55,65616,0
2026-04-24 11:05:00+05:30,400.55,400.95,399.7,399.75,49139,0
2026-04-24 11:10:00+05:30,399.8,400.5,399.25,399.8,133702,0
2026-04-24 11:15:00+05:30,399.85,400.25,399.65,399.85,56732,0
2026-04-24 11:20:00+05:30,399.9,400.3,399.75,400.2,36568,0
2026-04-24 11:25:00+05:30,400.2,400.45,399.8,400.0,41268,0
2026-04-24 11:30:00+05:30,400.0,400.75,399.9,400.7,43077,0
2026-04-24 11:35:00+05:30,400.6,400.9,400.3,400.8,46988,0
2026-04-24 11:40:00+05:30,400.85,400.95,400.35,400.8,30201,0
2026-04-24 11:45:00+05:30,400.8,401.0,400.4,400.45,32318,0
2026-04-24 11:50:00+05:30,400.55,401.25,400.35,401.0,48826,0
2026-04-24 11:55:00+05:30,401.05,401.1,400.7,401.0,66175,0
2026-04-24 12:00:00+05:30,400.9,401.0,400.25,400.7,71617,0
2026-04-24 12:05:00+05:30,400.65,401.4,400.55,401.4,58696,0
2026-04-24 12:10:00+05:30,401.4,401.45,401.05,401.25,56966,0
2026-04-24 12:15:00+05:30,401.2,401.3,400.65,401.1,75019,0
2026-04-24 12:20:00+05:30,401.0,401.15,400.1,400.35,95180,0
2026-04-24 12:25:00+05:30,400.3,400.45,399.85,400.45,83020,0
2026-04-24 12:30:00+05:30,400.4,401.0,400.3,400.9,44524,0
2026-04-24 12:35:00+05:30,400.9,401.45,400.8,401.45,49757,0
2026-04-24 12:40:00+05:30,401.4,401.45,400.8,400.9,57369,0
2026-04-24 12:45:00+05:30,400.9,401.05,400.55,401.0,60639,0
2026-04-24 12:50:00+05:30,400.8,401.15,400.5,401.1,52954,0
2026-04-24 12:55:00+05:30,401.05,401.45,400.9,401.25,53253,0
2026-04-24 13:00:00+05:30,401.1,401.25,401.0,401.0,46529,0
2026-04-24 13:05:00+05:30,401.0,401.1,400.4,400.6,128271,0
2026-04-24 13:10:00+05:30,400.6,400.95,400.3,400.75,47185,0
2026-04-24 13:15:00+05:30,400.6,400.7,400.1,400.5,76878,0
2026-04-24 13:20:00+05:30,400.45,400.75,400.35,400.75,54355,0
2026-04-24 13:25:00+05:30,400.7,400.75,400.3,400.45,50575,0
2026-04-24 13:30:00+05:30,400.4,400.55,400.0,400.05,69572,0
2026-04-24 13:35:00+05:30,400.0,400.4,400.0,400.2,50120,0
2026-04-24 13:40:00+05:30,400.1,400.35,400.05,400.15,64275,0
2026-04-24 13:45:00+05:30,400.15,400.4,400.15,400.35,45800,0
2026-04-24 13:50:00+05:30,400.3,400.65,400.1,400.45,43536,0
2026-04-24 13:55:00+05:30,400.45,400.5,400.05,400.3,51594,0
2026-04-24 14:00:00+05:30,400.25,400.5,400.15,400.3,78298,0
2026-04-24 14:05:00+05:30,400.25,400.6,399.5,400.45,111739,0
2026-04-24 14:10:00+05:30,400.45,400.85,400.25,400.85,72486,0
2026-04-24 14:15:00+05:30,400.65,400.8,400.05,400.3,67640,0
2026-04-24 14:20:00+05:30,400.25,400.8,400.1,400.75,69095,0
2026-04-24 14:25:00+05:30,400.6,401.3,400.55,401.15,66484,0
2026-04-24 14:30:00+05:30,401.15,401.45,400.9,401.0,85801,0
2026-04-24 14:35:00+05:30,400.95,401.2,400.6,401.05,78984,0
2026-04-24 14:40:00+05:30,401.0,401.75,400.85,401.75,78124,0
2026-04-24 14:45:00+05:30,401.7,402.0,401.65,402.0,118664,0
2026-04-24 14:50:00+05:30,401.95,402.1,401.15,401.35,119485,0
2026-04-24 14:55:00+05:30,401.35,402.0,401.35,401.85,133358,0
2026-04-24 15:00:00+05:30,401.9,401.95,401.3,401.6,160570,0
2026-04-24 15:05:00+05:30,401.65,402.0,401.5,401.75,135099,0
2026-04-24 15:10:00+05:30,401.8,402.4,401.5,402.3,331771,0
2026-04-24 15:15:00+05:30,402.4,402.5,401.8,402.05,396663,0
2026-04-24 15:20:00+05:30,402.15,402.4,401.05,401.1,352747,0
2026-04-24 15:25:00+05:30,401.1,402.0,400.5,400.55,188253,0
2026-04-27 09:15:00+05:30,403.9,405.75,402.6,405.0,413585,0
2026-04-27 09:20:00+05:30,405.1,406.8,405.0,406.15,173111,0
2026-04-27 09:25:00+05:30,406.15,406.5,405.8,406.0,98177,0
2026-04-27 09:30:00+05:30,406.0,406.35,404.8,404.9,152416,0
2026-04-27 09:35:00+05:30,404.85,405.4,404.45,404.65,108377,0
2026-04-27 09:40:00+05:30,404.6,405.0,404.4,404.85,106377,0
2026-04-27 09:45:00+05:30,404.85,405.65,404.65,405.3,148545,0
2026-04-27 09:50:00+05:30,405.3,406.3,404.65,406.25,113451,0
2026-04-27 09:55:00+05:30,406.25,407.5,405.95,407.05,236507,0
2026-04-27 10:00:00+05:30,407.0,408.85,406.85,408.35,216780,0
2026-04-27 10:05:00+05:30,408.35,408.9,408.1,408.5,146908,0
2026-04-27 10:10:00+05:30,408.5,408.95,408.2,408.45,138141,0
2026-04-27 10:15:00+05:30,408.4,410.65,408.3,410.6,395200,0
2026-04-27 10:20:00+05:30,410.6,410.6,409.65,409.8,214747,0
2026-04-27 10:25:00+05:30,409.75,409.95,408.7,409.5,319870,0
2026-04-27 10:30:00+05:30,409.5,410.5,409.1,410.2,265524,0
2026-04-27 10:35:00+05:30,410.2,410.95,410.0,410.3,214346,0
2026-04-27 10:40:00+05:30,410.25,410.4,409.7,409.9,176229,0
2026-04-27 10:45:00+05:30,409.85,410.9,409.7,410.4,183105,0
2026-04-27 10:50:00+05:30,410.35,411.95,410.2,411.5,223608,0
2026-04-27 10:55:00+05:30,411.35,412.0,411.1,411.8,256655,0
2026-04-27 11:00:00+05:30,411.8,412.85,411.3,412.8,334066,0
2026-04-27 11:05:00+05:30,412.8,413.35,412.3,412.4,253817,0
2026-04-27 11:10:00+05:30,412.35,413.5,412.3,412.7,178235,0
2026-04-27 11:15:00+05:30,412.6,413.1,412.55,412.95,108377,0
2026-04-27 11:20:00+05:30,412.8,413.7,412.0,413.45,182639,0
2026-04-27 11:25:00+05:30,413.35,414.4,413.15,413.95,477399,0
2026-04-27 11:30:00+05:30,413.95,414.25,413.0,413.3,327959,0
2026-04-27 11:35:00+05:30,413.25,413.35,411.2,411.85,372187,0
2026-04-27 11:40:00+05:30,411.8,412.0,411.1,411.45,249848,0
2026-04-27 11:45:00+05:30,411.45,411.65,411.0,411.45,130381,0
2026-04-27 11:50:00+05:30,411.45,411.5,410.0,410.25,191994,0
2026-04-27 11:55:00+05:30,410.25,410.4,409.55,410.15,123063,0
2026-04-27 12:00:00+05:30,410.15,410.2,409.85,409.9,45207,0
2026-04-27 12:05:00+05:30,409.9,410.2,409.6,409.85,43929,0
2026-04-27 12:10:00+05:30,409.8,410.15,409.4,409.5,57881,0
2026-04-27 12:15:00+05:30,409.45,409.65,409.0,409.25,73963,0
2026-04-27 12:20:00+05:30,409.3,409.55,409.05,409.25,45540,0
2026-04-27 12:25:00+05:30,409.15,410.65,409.15,410.3,511122,0
2026-04-27 12:30:00+05:30,410.2,410.85,410.2,410.75,69094,0
2026-04-27 12:35:00+05:30,410.7,410.8,410.1,410.2,91725,0
2026-04-27 12:40:00+05:30,410.15,411.1,409.55,410.35,433874,0
2026-04-27 12:45:00+05:30,410.25,410.8,410.15,410.35,85607,0
2026-04-27 12:50:00+05:30,410.35,410.45,410.0,410.0,72337,0
2026-04-27 12:55:00+05:30,410.0,411.0,409.65,410.2,209863,0
2026-04-27 13:00:00+05:30,410.2,410.5,410.05,410.15,59693,0
2026-04-27 13:05:00+05:30,410.15,410.75,410.0,410.7,88651,0
2026-04-27 13:10:00+05:30,410.65,410.8,410.35,410.7,43420,0
2026-04-27 13:15:00+05:30,410.7,410.85,410.25,410.5,55859,0
2026-04-27 13:20:00+05:30,410.45,410.95,410.25,410.8,53603,0
2026-04-27 13:25:00+05:30,410.75,410.85,410.5,410.7,38390,0
2026-04-27 13:30:00+05:30,410.65,410.65,410.05,410.4,43897,0
2026-04-27 13:35:00+05:30,410.4,410.55,410.1,410.5,42156,0
2026-04-27 13:40:00+05:30,410.5,410.6,409.1,409.55,366437,0
2026-04-27 13:45:00+05:30,409.55,409.8,409.0,409.7,69497,0
2026-04-27 13:50:00+05:30,409.65,409.85,409.2,409.65,69314,0
2026-04-27 13:55:00+05:30,409.65,409.8,409.4,409.5,39640,0
2026-04-27 14:00:00+05:30,409.5,409.75,409.4,409.65,42103,0
2026-04-27 14:05:00+05:30,409.65,409.95,409.35,409.95,57642,0
2026-04-27 14:10:00+05:30,409.95,410.0,409.35,409.9,65519,0
2026-04-27 14:15:00+05:30,409.9,410.0,409.5,409.9,40328,0
2026-04-27 14:20:00+05:30,409.9,409.95,409.25,409.55,38331,0
2026-04-27 14:25:00+05:30,409.55,409.8,409.1,409.5,49120,0
2026-04-27 14:30:00+05:30,409.45,409.6,409.05,409.35,44206,0
2026-04-27 14:35:00+05:30,409.3,409.5,409.05,409.3,28930,0
2026-04-27 14:40:00+05:30,409.3,409.8,409.05,409.6,55284,0
2026-04-27 14:45:00+05:30,409.6,410.05,409.3,410.05,233152,0
2026-04-27 14:50:00+05:30,410.05,410.85,409.5,410.7,194129,0
2026-04-27 14:55:00+05:30,410.7,410.75,410.05,410.35,106552,0
2026-04-27 15:00:00+05:30,410.3,410.35,409.6,410.05,219440,0
2026-04-27 15:05:00+05:30,410.0,410.25,409.7,410.1,370221,0
2026-04-27 15:10:00+05:30,410.1,410.4,410.0,410.25,237478,0
2026-04-27 15:15:00+05:30,410.15,410.95,409.8,410.15,593932,0
2026-04-27 15:20:00+05:30,410.2,410.85,410.0,410.35,319595,0
2026-04-27 15:25:00+05:30,410.15,412.25,410.05,412.2,360377,0
2026-04-28 09:15:00+05:30,414.0,414.2,410.2,412.25,668980,0
2026-04-28 09:20:00+05:30,412.45,412.6,410.25,410.55,253165,0
2026-04-28 09:25:00+05:30,410.5,411.3,410.25,410.7,242243,0
2026-04-28 09:30:00+05:30,410.75,413.1,410.7,412.75,177480,0
2026-04-28 09:35:00+05:30,412.95,414.0,412.25,413.0,133858,0
2026-04-28 09:40:00+05:30,413.1,413.45,412.25,412.85,109017,0
2026-04-28 09:45:00+05:30,412.85,413.8,412.6,413.2,72496,0
2026-04-28 09:50:00+05:30,413.2,413.35,412.3,412.8,91973,0
2026-04-28 09:55:00+05:30,413.0,413.2,412.35,412.5,71416,0
2026-04-28 10:00:00+05:30,412.6,412.9,411.6,411.95,74648,0
2026-04-28 10:05:00+05:30,411.9,411.9,410.55,411.15,134981,0
2026-04-28 10:10:00+05:30,411.2,412.5,411.2,411.3,203046,0
2026-04-28 10:15:00+05:30,411.5,412.1,411.3,411.75,44545,0
2026-04-28 10:20:00+05:30,411.8,411.95,411.25,411.7,70401,0
2026-04-28 10:25:00+05:30,411.8,411.8,411.0,411.1,56293,0
2026-04-28 10:30:00+05:30,411.15,411.7,411.0,411.6,35793,0
2026-04-28 10:35:00+05:30,411.65,411.75,411.0,411.0,38449,0
2026-04-28 10:40:00+05:30,411.1,411.2,410.45,410.7,211874,0
2026-04-28 10:45:00+05:30,410.8,411.75,410.65,411.6,49714,0
2026-04-28 10:50:00+05:30,411.6,411.9,411.35,411.8,37244,0
2026-04-28 10:55:00+05:30,411.8,411.9,411.25,411.6,62450,0
2026-04-28 11:00:00+05:30,411.6,411.8,410.5,410.65,65081,0
2026-04-28 11:05:00+05:30,410.65,410.7,409.3,409.4,91963,0
2026-04-28 11:10:00+05:30,409.4,410.5,409.25,410.35,54127,0
2026-04-28 11:15:00+05:30,410.35,410.4,410.05,410.25,33492,0
2026-04-28 11:20:00+05:30,410.3,410.5,409.55,409.8,99209,0
2026-04-28 11:25:00+05:30,409.8,409.9,408.25,408.6,142521,0
2026-04-28 11:30:00+05:30,408.65,409.3,408.35,409.2,56430,0
2026-04-28 11:35:00+05:30,409.2,409.45,408.3,409.2,162908,0
2026-04-28 11:40:00+05:30,409.3,409.8,409.25,409.8,40737,0
2026-04-28 11:45:00+05:30,409.8,410.3,409.75,410.0,64132,0
2026-04-28 11:50:00+05:30,409.95,410.5,409.85,410.45,31293,0
2026-04-28 11:55:00+05:30,410.45,410.9,409.8,410.15,114094,0
2026-04-28 12:00:00+05:30,410.15,410.25,409.75,409.9,35138,0
2026-04-28 12:05:00+05:30,409.95,410.4,409.6,410.15,42925,0
2026-04-28 12:10:00+05:30,410.05,410.35,409.5,410.05,54542,0
2026-04-28 12:15:00+05:30,410.05,410.2,409.3,410.2,110134,0
2026-04-28 12:20:00+05:30,410.2,410.2,409.0,409.8,126437,0
2026-04-28 12:25:00+05:30,409.85,410.0,409.35,409.8,56752,0
2026-04-28 12:30:00+05:30,409.8,409.9,407.6,408.5,173381,0
2026-04-28 12:35:00+05:30,408.5,408.9,408.25,408.25,30112,0
2026-04-28 12:40:00+05:30,408.4,408.65,408.0,408.35,61728,0
2026-04-28 12:45:00+05:30,408.35,408.8,407.3,407.75,221610,0
2026-04-28 12:50:00+05:30,407.7,408.25,407.7,408.0,48966,0
2026-04-28 12:55:00+05:30,408.0,408.25,407.2,407.2,75336,0
2026-04-28 13:00:00+05:30,407.35,407.85,407.0,407.65,62071,0
2026-04-28 13:05:00+05:30,407.65,408.0,407.4,407.8,49199,0
2026-04-28 13:10:00+05:30,407.85,408.35,407.65,407.8,34059,0
2026-04-28 13:15:00+05:30,408.0,408.05,407.45,407.6,57014,0
2026-04-28 13:20:00+05:30,407.6,407.85,407.35,407.7,48527,0
2026-04-28 13:25:00+05:30,407.7,407.7,407.35,407.55,34975,0
2026-04-28 13:30:00+05:30,407.55,407.6,407.1,407.35,36222,0
2026-04-28 13:35:00+05:30,407.35,407.4,406.0,406.45,125017,0
2026-04-28 13:40:00+05:30,406.45,406.6,406.05,406.25,51000,0
2026-04-28 13:45:00+05:30,406.25,406.8,406.05,406.7,28612,0
2026-04-28 13:50:00+05:30,406.7,407.1,406.55,406.85,31246,0
2026-04-28 13:55:00+05:30,406.85,407.6,406.7,407.0,93521,0
2026-04-28 14:00:00+05:30,407.05,407.5,406.9,407.1,23449,0
2026-04-28 14:05:00+05:30,407.1,407.4,406.8,407.35,21403,0
2026-04-28 14:10:00+05:30,407.35,407.35,406.55,406.8,68885,0
2026-04-28 14:15:00+05:30,406.8,406.85,406.2,406.8,30827,0
2026-04-28 14:20:00+05:30,406.8,407.2,406.6,407.1,25077,0
2026-04-28 14:25:00+05:30,407.1,407.3,406.8,407.3,19454,0
2026-04-28 14:30:00+05:30,407.25,407.55,406.6,406.7,100221,0
2026-04-28 14:35:00+05:30,406.7,407.1,406.5,407.1,47154,0
2026-04-28 14:40:00+05:30,407.05,407.4,406.95,407.35,44761,0
2026-04-28 14:45:00+05:30,407.3,408.0,407.25,407.85,86269,0
2026-04-28 14:50:00+05:30,407.8,408.15,407.3,407.75,107499,0
2026-04-28 14:55:00+05:30,407.75,408.5,407.3,408.45,92111,0
2026-04-28 15:00:00+05:30,408.45,408.45,407.15,407.2,160070,0
2026-04-28 15:05:00+05:30,407.2,407.55,406.7,406.8,316729,0
2026-04-28 15:10:00+05:30,406.85,406.95,406.1,406.6,288294,0
2026-04-28 15:15:00+05:30,406.75,406.9,406.35,406.6,213468,0
2026-04-28 15:20:00+05:30,406.55,406.65,405.95,406.65,203106,0
2026-04-28 15:25:00+05:30,406.65,407.0,406.5,407.0,388819,0
2026-04-29 09:15:00+05:30,409.5,409.65,404.35,405.0,387550,0
2026-04-29 09:20:00+05:30,405.0,405.35,402.45,402.7,255469,0
2026-04-29 09:25:00+05:30,402.85,404.75,402.3,404.4,125860,0
2026-04-29 09:30:00+05:30,404.4,405.35,403.95,404.75,129177,0
2026-04-29 09:35:00+05:30,404.75,405.7,404.55,404.75,101064,0
2026-04-29 09:40:00+05:30,404.8,407.0,404.7,406.9,105052,0
2026-04-29 09:45:00+05:30,406.9,407.0,405.4,406.6,162813,0
2026-04-29 09:50:00+05:30,406.6,407.0,406.4,406.95,77049,0
2026-04-29 09:55:00+05:30,406.9,406.9,406.4,406.6,61965,0
2026-04-29 10:00:00+05:30,406.65,408.0,406.5,407.6,99104,0
2026-04-29 10:05:00+05:30,407.6,407.9,407.4,407.5,63770,0
2026-04-29 10:10:00+05:30,407.5,407.75,407.1,407.65,42943,0
2026-04-29 10:15:00+05:30,407.7,407.8,407.55,407.6,38283,0
2026-04-29 10:20:00+05:30,407.65,408.3,407.5,408.05,77640,0
2026-04-29 10:25:00+05:30,408.1,408.25,407.75,407.9,48052,0
2026-04-29 10:30:00+05:30,407.95,408.6,407.9,408.35,116859,0
2026-04-29 10:35:00+05:30,408.4,409.7,408.3,408.65,185774,0
2026-04-29 10:40:00+05:30,408.55,409.35,408.3,409.35,42076,0
2026-04-29 10:45:00+05:30,409.3,410.0,408.8,409.35,103721,0
2026-04-29 10:50:00+05:30,409.35,409.5,409.0,409.2,68617,0
2026-04-29 10:55:00+05:30,409.25,409.6,409.0,409.15,61966,0
2026-04-29 11:00:00+05:30,409.1,409.15,407.5,407.6,115344,0
2026-04-29 11:05:00+05:30,407.7,407.75,407.15,407.55,69756,0
2026-04-29 11:10:00+05:30,407.6,407.7,407.1,407.4,42015,0
2026-04-29 11:15:00+05:30,407.45,407.7,406.55,406.9,62485,0
2026-04-29 11:20:00+05:30,406.9,407.0,406.6,406.8,59530,0
2026-04-29 11:25:00+05:30,406.8,407.4,406.25,407.35,65476,0
2026-04-29 11:30:00+05:30,407.4,407.7,407.0,407.35,91181,0
2026-04-29 11:35:00+05:30,407.35,407.6,406.85,407.4,45268,0
2026-04-29 11:40:00+05:30,407.5,407.65,407.2,407.45,40501,0
2026-04-29 11:45:00+05:30,407.5,408.1,407.15,407.6,153053,0
2026-04-29 11:50:00+05:30,407.6,408.0,407.5,407.5,34457,0
2026-04-29 11:55:00+05:30,407.65,407.85,407.4,407.75,22693,0
2026-04-29 12:00:00+05:30,407.85,407.95,407.35,407.65,47300,0
2026-04-29 12:05:00+05:30,407.8,407.85,407.1,407.8,48121,0
2026-04-29 12:10:00+05:30,407.8,408.0,406.65,406.75,97523,0
2026-04-29 12:15:00+05:30,406.8,406.9,406.25,406.35,43538,0
2026-04-29 12:20:00+05:30,406.35,406.6,405.8,406.45,78637,0
2026-04-29 12:25:00+05:30,406.6,406.8,406.1,406.15,60904,0
2026-04-29 12:30:00+05:30,406.2,406.9,406.1,406.55,47731,0
2026-04-29 12:35:00+05:30,406.65,406.8,406.55,406.7,22549,0
2026-04-29 12:40:00+05:30,406.75,406.8,405.9,405.9,64069,0
2026-04-29 12:45:00+05:30,406.0,406.75,405.9,406.25,162149,0
2026-04-29 12:50:00+05:30,406.35,406.75,406.25,406.55,44458,0
2026-04-29 12:55:00+05:30,406.7,406.9,406.5,406.5,38434,0
2026-04-29 13:00:00+05:30,406.55,406.8,406.15,406.4,49963,0
2026-04-29 13:05:00+05:30,406.45,406.85,406.4,406.5,46090,0
2026-04-29 13:10:00+05:30,406.5,406.6,406.25,406.3,32198,0
2026-04-29 13:15:00+05:30,406.35,406.5,406.1,406.4,62033,0
2026-04-29 13:20:00+05:30,406.45,406.75,405.85,406.65,80738,0
2026-04-29 13:25:00+05:30,406.75,407.25,406.65,407.25,73764,0
2026-04-29 13:30:00+05:30,407.25,407.9,407.05,407.2,705576,0
2026-04-29 13:35:00+05:30,407.25,407.3,406.6,406.7,35319,0
2026-04-29 13:40:00+05:30,406.7,406.85,403.8,403.8,980855,0
2026-04-29 13:45:00+05:30,403.85,404.7,403.25,404.6,70489,0
2026-04-29 13:50:00+05:30,404.65,405.0,403.35,403.75,660235,0
2026-04-29 13:55:00+05:30,403.7,403.75,403.2,403.45,259670,0
2026-04-29 14:00:00+05:30,403.5,404.05,403.05,403.05,621944,0
2026-04-29 14:05:00+05:30,403.1,403.6,403.05,403.45,147346,0
2026-04-29 14:10:00+05:30,403.5,403.5,403.1,403.3,141251,0
2026-04-29 14:15:00+05:30,403.3,403.3,402.35,402.9,189315,0
2026-04-29 14:20:00+05:30,402.9,403.5,402.45,403.4,144360,0
2026-04-29 14:25:00+05:30,403.4,403.5,402.95,403.1,156279,0
2026-04-29 14:30:00+05:30,403.25,403.95,402.8,403.5,723256,0
2026-04-29 14:35:00+05:30,403.5,403.75,401.65,402.75,332115,0
2026-04-29 14:40:00+05:30,402.75,403.05,402.45,402.55,120858,0
2026-04-29 14:45:00+05:30,402.55,402.55,402.0,402.0,84176,0
2026-04-29 14:50:00+05:30,402.1,403.0,401.45,402.45,285551,0
2026-04-29 14:55:00+05:30,402.6,402.65,401.6,401.75,135179,0
2026-04-29 15:00:00+05:30,401.75,401.95,401.25,401.5,276428,0
2026-04-29 15:05:00+05:30,401.55,402.4,401.2,402.35,403783,0
2026-04-29 15:10:00+05:30,402.4,402.65,402.1,402.5,318322,0
2026-04-29 15:15:00+05:30,402.45,402.5,400.9,401.05,254562,0
2026-04-29 15:20:00+05:30,401.05,401.1,399.65,400.0,385872,0
2026-04-29 15:25:00+05:30,400.0,400.4,399.75,400.1,229772,0
2026-04-30 09:15:00+05:30,400.0,400.0,395.6,397.3,429388,0
2026-04-30 09:20:00+05:30,397.4,398.25,396.6,397.65,81585,0
2026-04-30 09:25:00+05:30,397.65,399.4,397.5,399.3,105938,0
2026-04-30 09:30:00+05:30,399.2,399.3,397.05,397.95,114380,0
2026-04-30 09:35:00+05:30,397.9,398.35,397.0,397.7,104839,0
2026-04-30 09:40:00+05:30,397.6,398.45,397.3,398.05,87867,0
2026-04-30 09:45:00+05:30,398.05,398.15,396.8,396.85,52806,0
2026-04-30 09:50:00+05:30,396.9,397.75,396.8,397.2,82038,0
2026-04-30 09:55:00+05:30,397.05,397.4,397.05,397.25,34065,0
2026-04-30 10:00:00+05:30,397.2,397.3,396.2,396.55,82442,0
2026-04-30 10:05:00+05:30,396.65,397.0,395.3,395.45,91253,0
2026-04-30 10:10:00+05:30,395.35,395.4,394.6,395.0,149991,0
2026-04-30 10:15:00+05:30,395.0,395.0,393.75,394.75,102069,0
2026-04-30 10:20:00+05:30,394.7,395.4,394.2,394.75,60181,0
2026-04-30 10:25:00+05:30,394.75,394.9,394.5,394.65,51218,0
2026-04-30 10:30:00+05:30,394.7,394.85,394.0,394.15,85059,0
2026-04-30 10:35:00+05:30,394.2,394.65,393.15,393.9,84388,0
2026-04-30 10:40:00+05:30,394.0,394.55,393.7,394.4,88808,0
2026-04-30 10:45:00+05:30,394.45,394.65,394.0,394.15,66791,0
2026-04-30 10:50:00+05:30,394.2,394.75,394.0,394.6,58031,0
2026-04-30 10:55:00+05:30,394.6,395.0,394.1,394.35,141530,0
2026-04-30 11:00:00+05:30,394.35,395.35,394.2,395.1,58380,0
2026-04-30 11:05:00+05:30,395.05,395.65,394.85,395.65,59137,0
2026-04-30 11:10:00+05:30,395.65,395.75,395.05,395.55,82068,0
2026-04-30 11:15:00+05:30,395.6,396.2,395.1,396.2,128666,0
2026-04-30 11:20:00+05:30,396.1,396.3,394.95,395.8,382891,0
2026-04-30 11:25:00+05:30,395.8,396.65,395.8,396.5,100454,0
2026-04-30 11:30:00+05:30,396.6,396.85,396.0,396.5,74938,0
2026-04-30 11:35:00+05:30,396.55,397.5,396.5,397.2,128476,0
2026-04-30 11:40:00+05:30,397.3,397.4,396.5,396.8,75125,0
2026-04-30 11:45:00+05:30,396.6,397.2,396.6,397.0,47321,0
2026-04-30 11:50:00+05:30,397.1,397.2,396.55,396.7,54679,0
2026-04-30 11:55:00+05:30,396.7,397.75,396.7,397.3,99868,0
2026-04-30 12:00:00+05:30,397.3,397.75,397.0,397.7,49325,0
2026-04-30 12:05:00+05:30,397.75,398.0,397.35,397.9,69120,0
2026-04-30 12:10:00+05:30,397.9,398.7,397.65,398.6,72088,0
2026-04-30 12:15:00+05:30,398.6,398.85,398.25,398.75,89122,0
2026-04-30 12:20:00+05:30,398.7,398.8,398.05,398.4,75960,0
2026-04-30 12:25:00+05:30,398.25,398.7,397.5,398.55,82603,0
2026-04-30 12:30:00+05:30,398.55,398.65,397.8,398.35,70654,0
2026-04-30 12:35:00+05:30,398.3,398.5,397.6,398.3,58356,0
2026-04-30 12:40:00+05:30,398.3,398.45,397.8,398.2,58107,0
2026-04-30 12:45:00+05:30,398.2,398.7,398.1,398.6,68364,0
2026-04-30 12:50:00+05:30,398.6,398.6,398.0,398.0,84766,0
2026-04-30 12:55:00+05:30,398.0,398.35,397.9,398.05,49521,0
2026-04-30 13:00:00+05:30,398.05,398.65,397.85,398.15,65440,0
2026-04-30 13:05:00+05:30,398.1,398.5,397.6,398.5,41658,0
2026-04-30 13:10:00+05:30,398.5,399.2,398.25,398.95,80625,0
2026-04-30 13:15:00+05:30,398.95,399.5,398.95,399.25,96888,0
2026-04-30 13:20:00+05:30,399.2,399.7,398.9,399.55,67120,0
2026-04-30 13:25:00+05:30,399.5,399.6,398.9,399.25,92201,0
2026-04-30 13:30:00+05:30,399.25,399.55,398.95,398.95,72846,0
2026-04-30 13:35:00+05:30,398.95,399.25,398.7,398.75,93001,0
2026-04-30 13:40:00+05:30,398.7,399.2,398.5,399.15,66538,0
2026-04-30 13:45:00+05:30,399.2,399.5,398.9,399.45,64190,0
2026-04-30 13:50:00+05:30,399.35,399.5,398.0,398.0,147862,0
2026-04-30 13:55:00+05:30,398.1,398.6,397.45,398.6,121396,0
2026-04-30 14:00:00+05:30,398.6,398.75,397.85,398.1,77890,0
2026-04-30 14:05:00+05:30,398.25,398.45,397.7,398.3,67640,0
2026-04-30 14:10:00+05:30,398.2,398.55,397.9,398.1,168313,0
2026-04-30 14:15:00+05:30,398.2,399.5,398.15,398.6,106643,0
2026-04-30 14:20:00+05:30,398.6,399.25,398.1,399.1,66053,0
2026-04-30 14:25:00+05:30,399.1,399.3,398.5,399.3,93986,0
2026-04-30 14:30:00+05:30,399.2,400.1,399.2,399.95,152082,0
2026-04-30 14:35:00+05:30,399.95,400.3,399.4,399.6,261954,0
2026-04-30 14:40:00+05:30,399.6,400.0,399.4,399.6,104244,0
2026-04-30 14:45:00+05:30,399.65,399.9,399.2,399.3,60774,0
2026-04-30 14:50:00+05:30,399.35,399.55,398.5,398.75,114174,0
2026-04-30 14:55:00+05:30,398.9,399.5,398.75,399.3,33543,0
2026-04-30 15:00:00+05:30,399.3,399.6,398.75,398.9,201459,0
2026-04-30 15:05:00+05:30,398.95,399.0,398.55,398.65,132435,0
2026-04-30 15:10:00+05:30,398.75,399.45,398.5,399.45,162913,0
2026-04-30 15:15:00+05:30,399.35,399.75,398.95,399.15,204890,0
2026-04-30 15:20:00+05:30,399.15,399.6,398.7,399.4,258788,0
2026-04-30 15:25:00+05:30,399.3,400.0,399.0,399.9,154019,0
2026-05-04 09:15:00+05:30,400.0,404.8,399.9,404.4,507360,0
2026-05-04 09:20:00+05:30,404.4,404.8,403.25,403.6,122199,0
2026-05-04 09:25:00+05:30,403.6,404.15,403.0,403.4,63500,0
2026-05-04 09:30:00+05:30,403.5,403.9,402.5,403.25,79850,0
2026-05-04 09:35:00+05:30,403.25,403.6,401.9,402.85,41049,0
2026-05-04 09:40:00+05:30,402.85,403.3,402.55,402.95,29706,0
2026-05-04 09:45:00+05:30,403.1,403.1,402.1,402.2,23240,0
2026-05-04 09:50:00+05:30,402.2,402.2,400.7,401.9,88795,0
2026-05-04 09:55:00+05:30,401.8,402.2,401.6,401.85,28888,0
2026-05-04 10:00:00+05:30,402.0,402.5,400.65,400.85,109736,0
2026-05-04 10:05:00+05:30,400.85,402.0,400.85,401.65,64545,0
2026-05-04 10:10:00+05:30,401.65,402.05,401.0,401.55,51012,0
2026-05-04 10:15:00+05:30,401.6,401.8,401.05,401.4,40295,0
2026-05-04 10:20:00+05:30,401.4,401.5,400.45,401.0,75381,0
2026-05-04 10:25:00+05:30,401.0,402.45,400.9,402.4,29249,0
2026-05-04 10:30:00+05:30,402.4,402.85,401.35,401.75,66738,0
2026-05-04 10:35:00+05:30,401.7,402.25,401.6,402.2,21477,0
2026-05-04 10:40:00+05:30,402.25,402.5,401.6,401.95,40137,0
2026-05-04 10:45:00+05:30,401.95,402.1,401.2,401.85,26587,0
2026-05-04 10:50:00+05:30,401.95,402.4,401.8,402.15,33404,0
2026-05-04 10:55:00+05:30,402.1,402.2,401.15,401.15,35668,0
2026-05-04 11:00:00+05:30,401.3,402.2,401.0,402.1,367693,0
2026-05-04 11:05:00+05:30,402.05,402.7,401.8,402.2,44566,0
2026-05-04 11:10:00+05:30,402.15,402.2,401.6,402.0,22347,0
2026-05-04 11:15:00+05:30,402.0,402.05,401.35,401.6,44220,0
2026-05-04 11:20:00+05:30,401.6,402.15,401.55,401.75,34598,0
2026-05-04 11:25:00+05:30,401.85,402.7,401.8,402.5,41818,0
2026-05-04 11:30:00+05:30,402.5,402.55,402.0,402.05,28137,0
2026-05-04 11:35:00+05:30,402.1,402.7,401.95,402.55,33900,0
2026-05-04 11:40:00+05:30,402.5,403.2,402.45,402.6,56788,0
2026-05-04 11:45:00+05:30,402.65,402.75,402.05,402.05,28903,0
2026-05-04 11:50:00+05:30,402.15,402.4,401.7,401.9,24702,0
2026-05-04 11:55:00+05:30,401.95,402.6,401.9,402.55,31353,0
2026-05-04 12:00:00+05:30,402.55,402.85,401.9,401.9,43348,0
2026-05-04 12:05:00+05:30,401.95,402.3,401.5,401.55,51376,0
2026-05-04 12:10:00+05:30,401.65,401.8,401.0,401.25,56998,0
2026-05-04 12:15:00+05:30,401.25,401.95,401.05,401.7,82902,0
2026-05-04 12:20:00+05:30,401.8,401.95,401.15,401.6,48563,0
2026-05-04 12:25:00+05:30,401.65,401.7,401.15,401.3,44436,0
2026-05-04 12:30:00+05:30,401.4,401.4,400.15,400.25,59677,0
2026-05-04 12:35:00+05:30,400.4,400.95,400.2,400.3,52042,0
2026-05-04 12:40:00+05:30,400.2,400.65,399.65,399.7,65004,0
2026-05-04 12:45:00+05:30,399.85,400.05,399.15,399.35,50171,0
2026-05-04 12:50:00+05:30,399.35,399.9,399.05,399.65,59922,0
2026-05-04 12:55:00+05:30,399.65,399.9,399.25,399.45,34619,0
2026-05-04 13:00:00+05:30,399.45,399.6,399.25,399.25,29098,0
2026-05-04 13:05:00+05:30,399.35,399.65,399.15,399.6,30052,0
2026-05-04 13:10:00+05:30,399.75,399.75,399.3,399.35,28618,0
2026-05-04 13:15:00+05:30,399.35,400.0,399.05,399.2,70832,0
2026-05-04 13:20:00+05:30,399.2,399.2,398.1,398.85,116364,0
2026-05-04 13:25:00+05:30,398.8,398.8,398.0,398.15,60551,0
2026-05-04 13:30:00+05:30,398.05,398.1,397.4,397.75,74146,0
2026-05-04 13:35:00+05:30,397.75,398.0,397.25,397.85,48981,0
2026-05-04 13:40:00+05:30,397.85,399.85,397.85,399.45,102662,0
2026-05-04 13:45:00+05:30,399.45,399.85,398.85,398.95,83229,0
2026-05-04 13:50:00+05:30,399.1,399.35,398.5,398.75,85047,0
2026-05-04 13:55:00+05:30,398.7,399.15,398.15,398.75,96481,0
2026-05-04 14:00:00+05:30,398.8,399.05,398.2,398.6,62337,0
2026-05-04 14:05:00+05:30,398.8,399.05,398.35,398.6,88056,0
2026-05-04 14:10:00+05:30,398.7,399.6,398.4,399.5,123363,0
2026-05-04 14:15:00+05:30,399.5,400.2,399.2,399.65,78754,0
2026-05-04 14:20:00+05:30,399.75,399.9,398.85,399.4,80622,0
2026-05-04 14:25:00+05:30,399.5,399.9,399.15,399.65,62678,0
2026-05-04 14:30:00+05:30,399.6,399.95,399.15,399.45,62122,0
2026-05-04 14:35:00+05:30,399.5,399.85,399.35,399.55,60595,0
2026-05-04 14:40:00+05:30,399.5,399.75,399.1,399.4,92475,0
2026-05-04 14:45:00+05:30,399.45,399.65,398.4,398.45,104344,0
2026-05-04 14:50:00+05:30,398.5,399.0,398.25,398.85,156922,0
2026-05-04 14:55:00+05:30,398.85,399.85,398.75,399.75,131353,0
2026-05-04 15:00:00+05:30,399.8,400.35,399.55,400.0,383625,0
2026-05-04 15:05:00+05:30,400.1,400.25,400.0,400.1,125337,0
2026-05-04 15:10:00+05:30,400.1,400.3,399.9,400.05,193164,0
2026-05-04 15:15:00+05:30,400.05,400.2,399.9,400.05,192245,0
2026-05-04 15:20:00+05:30,400.0,400.1,399.95,400.0,292634,0
2026-05-04 15:25:00+05:30,400.0,401.0,399.9,400.15,228996,0
2026-05-05 09:15:00+05:30,398.3,400.5,397.25,398.75,224062,0
2026-05-05 09:20:00+05:30,398.75,398.85,397.6,398.05,101721,0
2026-05-05 09:25:00+05:30,398.05,398.65,397.45,397.7,83139,0
2026-05-05 09:30:00+05:30,397.9,398.8,397.5,398.6,30734,0
2026-05-05 09:35:00+05:30,398.75,399.9,398.55,399.35,78872,0
2026-05-05 09:40:00+05:30,399.35,399.55,398.6,399.4,96882,0
2026-05-05 09:45:00+05:30,399.3,399.95,399.0,399.55,51619,0
2026-05-05 09:50:00+05:30,399.75,399.9,399.35,399.65,45021,0
2026-05-05 09:55:00+05:30,399.6,399.95,399.1,399.9,49164,0
2026-05-05 10:00:00+05:30,399.9,400.05,399.4,399.9,38075,0
2026-05-05 10:05:00+05:30,399.9,399.9,399.0,399.1,32434,0
2026-05-05 10:10:00+05:30,399.25,399.35,398.25,398.95,49726,0
2026-05-05 10:15:00+05:30,398.95,399.4,398.6,399.15,41932,0
2026-05-05 10:20:00+05:30,399.35,399.65,398.5,398.5,57846,0
2026-05-05 10:25:00+05:30,398.55,398.85,398.2,398.4,48031,0
2026-05-05 10:30:00+05:30,398.5,398.65,397.15,397.25,54075,0
2026-05-05 10:35:00+05:30,397.35,397.35,396.3,396.55,52496,0
2026-05-05 10:40:00+05:30,396.8,396.8,395.3,396.05,86764,0
2026-05-05 10:45:00+05:30,396.0,396.25,395.75,395.85,46830,0
2026-05-05 10:50:00+05:30,395.95,396.0,395.3,395.85,29521,0
2026-05-05 10:55:00+05:30,395.85,395.9,395.3,395.3,51439,0
2026-05-05 11:00:00+05:30,395.3,396.25,395.0,395.8,69872,0
2026-05-05 11:05:00+05:30,395.95,396.4,395.7,396.1,99283,0
2026-05-05 11:10:00+05:30,396.05,397.0,395.95,396.6,75412,0
2026-05-05 11:15:00+05:30,396.7,397.25,396.2,396.35,53775,0
2026-05-05 11:20:00+05:30,396.35,396.6,395.85,396.0,82609,0
2026-05-05 11:25:00+05:30,396.1,396.4,395.95,396.0,43398,0
2026-05-05 11:30:00+05:30,396.1,396.6,395.65,396.0,52324,0
2026-05-05 11:35:00+05:30,396.0,396.3,395.6,395.85,53147,0
2026-05-05 11:40:00+05:30,395.85,395.95,395.35,395.6,52200,0
2026-05-05 11:45:00+05:30,395.6,395.6,395.0,395.1,59063,0
2026-05-05 11:50:00+05:30,395.1,395.45,394.55,395.0,89342,0
2026-05-05 11:55:00+05:30,395.05,395.15,394.55,394.95,34133,0
2026-05-05 12:00:00+05:30,394.95,396.1,394.85,396.0,33649,0
2026-05-05 12:05:00+05:30,396.0,396.15,395.0,395.1,57088,0
2026-05-05 12:10:00+05:30,395.25,395.8,395.15,395.55,60674,0
2026-05-05 12:15:00+05:30,395.55,396.35,395.2,396.05,236732,0
2026-05-05 12:20:00+05:30,396.25,396.5,396.0,396.2,39560,0
2026-05-05 12:25:00+05:30,396.2,396.35,395.65,396.15,176432,0
2026-05-05 12:30:00+05:30,396.15,397.15,396.0,397.1,110962,0
2026-05-05 12:35:00+05:30,397.1,398.45,397.0,398.1,389454,0
2026-05-05 12:40:00+05:30,398.1,398.6,398.0,398.05,157782,0
2026-05-05 12:45:00+05:30,398.15,399.1,398.0,398.5,294226,0
2026-05-05 12:50:00+05:30,398.6,399.4,398.55,399.0,65920,0
2026-05-05 12:55:00+05:30,399.0,399.6,398.85,399.0,46480,0
2026-05-05 13:00:00+05:30,399.05,399.55,398.8,399.3,53221,0
2026-05-05 13:05:00+05:30,399.35,400.0,399.15,399.5,69593,0
2026-05-05 13:10:00+05:30,399.5,399.65,399.05,399.25,68142,0
2026-05-05 13:15:00+05:30,399.3,399.5,399.0,399.4,55260,0
2026-05-05 13:20:00+05:30,399.2,399.5,399.0,399.05,79372,0
2026-05-05 13:25:00+05:30,399.05,399.3,399.0,399.1,51035,0
2026-05-05 13:30:00+05:30,399.25,399.65,398.9,399.0,67221,0
2026-05-05 13:35:00+05:30,399.15,399.35,398.9,399.05,35109,0
2026-05-05 13:40:00+05:30,399.05,399.95,399.0,399.5,58855,0
2026-05-05 13:45:00+05:30,399.75,399.9,399.15,399.75,82593,0
2026-05-05 13:50:00+05:30,399.75,400.0,399.2,399.35,88707,0
2026-05-05 13:55:00+05:30,399.5,399.8,399.0,399.15,70283,0
2026-05-05 14:00:00+05:30,399.0,399.4,398.85,399.0,69878,0
2026-05-05 14:05:00+05:30,399.15,399.2,398.7,399.0,60281,0
2026-05-05 14:10:00+05:30,399.0,399.25,398.75,399.1,101237,0
2026-05-05 14:15:00+05:30,399.1,399.85,399.1,399.45,65873,0
2026-05-05 14:20:00+05:30,399.45,399.55,398.7,399.1,293449,0
2026-05-05 14:25:00+05:30,399.1,399.2,399.0,399.2,69998,0
2026-05-05 14:30:00+05:30,399.2,399.2,398.9,399.0,170143,0
2026-05-05 14:35:00+05:30,399.0,399.2,398.65,399.05,106297,0
2026-05-05 14:40:00+05:30,399.05,399.2,399.0,399.05,59571,0
2026-05-05 14:45:00+05:30,399.05,399.1,398.55,398.9,142267,0
2026-05-05 14:50:00+05:30,398.9,399.15,398.65,399.0,95734,0
2026-05-05 14:55:00+05:30,399.0,399.15,398.5,398.6,69136,0
2026-05-05 15:00:00+05:30,398.65,398.95,398.35,398.4,129225,0
2026-05-05 15:05:00+05:30,398.45,399.25,398.15,398.25,210306,0
2026-05-05 15:10:00+05:30,398.25,398.75,398.2,398.45,96470,0
2026-05-05 15:15:00+05:30,398.45,399.1,398.4,399.0,160113,0
2026-05-05 15:20:00+05:30,399.0,399.0,398.4,398.6,165951,0
2026-05-05 15:25:00+05:30,398.65,399.5,398.25,399.2,161339,0
2026-05-06 09:15:00+05:30,400.0,403.0,398.0,398.05,303039,0
2026-05-06 09:20:00+05:30,398.05,398.25,397.0,398.15,99747,0
2026-05-06 09:25:00+05:30,398.15,398.55,396.85,397.35,81308,0
2026-05-06 09:30:00+05:30,397.35,397.7,397.05,397.2,69024,0
2026-05-06 09:35:00+05:30,397.35,397.8,397.0,397.0,34889,0
2026-05-06 09:40:00+05:30,397.15,398.9,396.85,397.95,167080,0
2026-05-06 09:45:00+05:30,397.95,398.2,397.3,397.75,23137,0
2026-05-06 09:50:00+05:30,397.75,398.95,397.35,398.3,125815,0
2026-05-06 09:55:00+05:30,398.3,398.45,398.1,398.2,28956,0
2026-05-06 10:00:00+05:30,398.2,398.2,397.4,397.95,56831,0
2026-05-06 10:05:00+05:30,397.9,397.95,397.35,397.4,59132,0
2026-05-06 10:10:00+05:30,397.4,397.5,396.95,397.3,42996,0
2026-05-06 10:15:00+05:30,397.3,397.35,396.5,396.85,51184,0
2026-05-06 10:20:00+05:30,396.85,397.25,396.55,396.95,31173,0
2026-05-06 10:25:00+05:30,396.95,397.6,396.75,397.2,27087,0
2026-05-06 10:30:00+05:30,397.2,397.55,397.0,397.2,18959,0
2026-05-06 10:35:00+05:30,397.2,397.4,395.8,395.95,62079,0
2026-05-06 10:40:00+05:30,395.95,396.6,395.5,396.45,89178,0
2026-05-06 10:45:00+05:30,396.5,396.7,396.4,396.55,87673,0
2026-05-06 10:50:00+05:30,396.55,396.75,396.1,396.4,75663,0
2026-05-06 10:55:00+05:30,396.4,397.0,396.05,396.1,139881,0
2026-05-06 11:00:00+05:30,396.1,396.7,395.8,396.1,81079,0
2026-05-06 11:05:00+05:30,396.1,396.3,395.8,396.15,63142,0
2026-05-06 11:10:00+05:30,396.15,396.2,395.85,396.0,57163,0
2026-05-06 11:15:00+05:30,396.0,396.15,395.6,395.75,69219,0
2026-05-06 11:20:00+05:30,395.75,396.1,395.55,395.55,65635,0
2026-05-06 11:25:00+05:30,395.6,396.0,395.3,395.35,81277,0
2026-05-06 11:30:00+05:30,395.35,395.5,394.65,394.8,380317,0
2026-05-06 11:35:00+05:30,394.8,395.2,394.05,394.95,131235,0
2026-05-06 11:40:00+05:30,395.05,396.0,394.7,395.95,193044,0
2026-05-06 11:45:00+05:30,395.95,396.65,395.75,396.5,77475,0
2026-05-06 11:50:00+05:30,396.6,396.8,396.35,396.5,70790,0
2026-05-06 11:55:00+05:30,396.5,397.2,396.0,396.25,264016,0
2026-05-06 12:00:00+05:30,396.25,396.55,396.1,396.5,98778,0
2026-05-06 12:05:00+05:30,396.5,396.85,396.35,396.65,75978,0
2026-05-06 12:10:00+05:30,396.65,397.05,396.5,397.0,71220,0
2026-05-06 12:15:00+05:30,397.0,397.25,396.9,397.25,77161,0
2026-05-06 12:20:00+05:30,397.25,397.25,396.3,396.55,80910,0
2026-05-06 12:25:00+05:30,396.55,397.15,396.45,397.0,61809,0
2026-05-06 12:30:00+05:30,397.0,397.05,396.3,396.5,66394,0
2026-05-06 12:35:00+05:30,396.5,396.75,396.2,396.3,69368,0
2026-05-06 12:40:00+05:30,396.3,396.65,396.0,396.2,66805,0
2026-05-06 12:45:00+05:30,396.2,396.55,395.8,396.2,65186,0
2026-05-06 12:50:00+05:30,396.2,396.8,396.05,396.55,81808,0
2026-05-06 12:55:00+05:30,396.55,396.7,395.65,396.1,86994,0
2026-05-06 13:00:00+05:30,396.1,396.5,395.75,396.0,77291,0
2026-05-06 13:05:00+05:30,396.0,396.85,395.9,396.5,67353,0
2026-05-06 13:10:00+05:30,396.5,396.65,395.8,396.1,75332,0
2026-05-06 13:15:00+05:30,396.15,397.0,396.0,396.5,82471,0
2026-05-06 13:20:00+05:30,396.5,397.0,396.25,396.8,79671,0
2026-05-06 13:25:00+05:30,396.8,397.0,396.55,396.6,64718,0
2026-05-06 13:30:00+05:30,396.65,397.15,396.6,396.95,79917,0
2026-05-06 13:35:00+05:30,397.05,397.25,396.75,396.95,65037,0
2026-05-06 13:40:00+05:30,396.95,397.35,396.8,397.3,71636,0
2026-05-06 13:45:00+05:30,397.3,397.3,396.9,397.0,60967,0
2026-05-06 13:50:00+05:30,397.15,397.25,396.75,396.9,77004,0
2026-05-06 13:55:00+05:30,397.05,397.05,396.6,396.9,88486,0
2026-05-06 14:00:00+05:30,396.9,397.25,396.55,397.2,69303,0
2026-05-06 14:05:00+05:30,397.2,397.5,397.0,397.25,83784,0
2026-05-06 14:10:00+05:30,397.25,398.15,397.2,398.0,149325,0
2026-05-06 14:15:00+05:30,398.0,398.2,397.55,397.75,70564,0
2026-05-06 14:20:00+05:30,397.75,399.25,397.7,399.0,203280,0
2026-05-06 14:25:00+05:30,399.05,399.55,398.75,399.0,409959,0
2026-05-06 14:30:00+05:30,399.15,399.35,397.45,397.55,106839,0
2026-05-06 14:35:00+05:30,397.7,398.25,397.2,397.95,112948,0
2026-05-06 14:40:00+05:30,397.95,398.65,397.85,398.5,82684,0
2026-05-06 14:45:00+05:30,398.5,398.55,396.95,397.7,319054,0
2026-05-06 14:50:00+05:30,397.7,397.85,396.75,397.1,156241,0
2026-05-06 14:55:00+05:30,397.15,397.6,396.8,396.95,152994,0
2026-05-06 15:00:00+05:30,397.05,397.3,396.2,397.0,357069,0
2026-05-06 15:05:00+05:30,397.05,397.05,396.0,396.15,303668,0
2026-05-06 15:10:00+05:30,396.15,396.7,394.95,395.6,925192,0
2026-05-06 15:15:00+05:30,395.6,395.9,393.75,393.9,1378478,0
2026-05-06 15:20:00+05:30,393.85,394.0,392.8,393.45,620434,0
2026-05-06 15:25:00+05:30,393.5,394.5,391.65,394.1,613545,0
2026-05-07 09:15:00+05:30,396.75,397.05,393.15,394.75,351707,0
2026-05-07 09:20:00+05:30,394.65,395.75,394.0,395.35,154648,0
2026-05-07 09:25:00+05:30,395.5,396.25,395.0,396.0,119262,0
2026-05-07 09:30:00+05:30,396.0,396.6,395.55,396.05,79580,0
2026-05-07 09:35:00+05:30,396.05,397.45,395.55,395.85,90936,0
2026-05-07 09:40:00+05:30,395.85,397.5,395.8,397.0,70817,0
2026-05-07 09:45:00+05:30,396.85,397.15,395.2,395.2,78164,0
2026-05-07 09:50:00+05:30,395.3,395.6,394.15,394.5,105222,0
2026-05-07 09:55:00+05:30,394.55,394.7,394.1,394.3,63145,0
2026-05-07 10:00:00+05:30,394.3,396.5,393.8,396.05,141445,0
2026-05-07 10:05:00+05:30,396.05,396.35,394.85,395.25,153968,0
2026-05-07 10:10:00+05:30,395.25,398.0,395.0,397.35,452388,0
2026-05-07 10:15:00+05:30,397.4,399.0,396.8,398.75,135791,0
2026-05-07 10:20:00+05:30,398.75,399.0,396.75,398.2,210441,0
2026-05-07 10:25:00+05:30,398.2,399.0,398.15,398.9,80648,0
2026-05-07 10:30:00+05:30,398.9,399.5,398.35,398.6,85927,0
2026-05-07 10:35:00+05:30,398.7,398.95,398.3,398.85,45165,0
2026-05-07 10:40:00+05:30,398.9,400.45,398.6,399.4,104769,0
2026-05-07 10:45:00+05:30,399.5,399.5,398.75,398.9,78974,0
2026-05-07 10:50:00+05:30,398.9,400.35,398.7,400.0,255521,0
2026-05-07 10:55:00+05:30,400.15,400.55,399.95,400.25,63121,0
2026-05-07 11:00:00+05:30,400.4,400.85,399.45,400.7,95768,0
2026-05-07 11:05:00+05:30,400.8,401.0,400.35,400.65,67294,0
2026-05-07 11:10:00+05:30,400.8,401.25,400.2,401.05,85564,0
2026-05-07 11:15:00+05:30,401.1,401.75,400.95,401.4,70782,0
2026-05-07 11:20:00+05:30,401.4,401.4,400.25,400.5,85776,0
2026-05-07 11:25:00+05:30,400.45,400.8,400.0,400.65,73646,0
2026-05-07 11:30:00+05:30,400.6,401.95,400.6,401.9,118118,0
2026-05-07 11:35:00+05:30,401.9,401.9,400.65,400.65,83924,0
2026-05-07 11:40:00+05:30,400.8,400.9,400.2,400.25,62250,0
2026-05-07 11:45:00+05:30,400.25,400.4,399.9,400.3,178011,0
2026-05-07 11:50:00+05:30,400.4,401.05,400.25,400.45,45315,0
2026-05-07 11:55:00+05:30,400.6,400.95,400.5,400.65,42445,0
2026-05-07 12:00:00+05:30,400.75,401.3,400.65,400.9,80183,0
2026-05-07 12:05:00+05:30,400.9,401.5,400.75,401.4,48780,0
2026-05-07 12:10:00+05:30,401.5,401.7,400.8,401.15,53511,0
2026-05-07 12:15:00+05:30,401.2,401.85,401.1,401.15,96101,0
2026-05-07 12:20:00+05:30,401.15,401.75,401.15,401.35,68298,0
2026-05-07 12:25:00+05:30,401.5,401.7,401.15,401.2,41803,0
2026-05-07 12:30:00+05:30,401.2,401.85,400.9,401.55,65489,0
2026-05-07 12:35:00+05:30,401.7,402.65,400.95,402.5,203835,0
2026-05-07 12:40:00+05:30,402.55,403.5,402.35,402.6,214154,0
2026-05-07 12:45:00+05:30,402.6,403.0,401.95,402.4,155755,0
2026-05-07 12:50:00+05:30,402.4,402.5,401.3,401.45,60638,0
2026-05-07 12:55:00+05:30,401.45,401.9,401.0,401.2,67620,0
2026-05-07 13:00:00+05:30,401.35,402.1,401.0,401.05,86301,0
2026-05-07 13:05:00+05:30,401.05,401.75,400.6,401.2,91712,0
2026-05-07 13:10:00+05:30,401.2,401.3,400.2,400.65,90169,0
2026-05-07 13:15:00+05:30,400.65,400.8,399.75,400.15,98080,0
2026-05-07 13:20:00+05:30,400.15,400.35,399.5,399.9,147449,0
2026-05-07 13:25:00+05:30,399.9,400.25,399.7,400.0,69109,0
2026-05-07 13:30:00+05:30,400.05,400.9,400.0,400.6,84339,0
2026-05-07 13:35:00+05:30,400.6,400.8,400.0,400.25,62635,0
2026-05-07 13:40:00+05:30,400.15,400.95,400.05,400.65,79847,0
2026-05-07 13:45:00+05:30,400.55,400.65,399.7,400.0,169797,0
2026-05-07 13:50:00+05:30,400.05,400.25,399.85,399.95,63408,0
2026-05-07 13:55:00+05:30,400.0,400.1,399.5,399.5,63372,0
2026-05-07 14:00:00+05:30,399.5,399.65,399.15,399.25,75995,0
2026-05-07 14:05:00+05:30,399.25,399.9,399.0,399.7,138421,0
2026-05-07 14:10:00+05:30,399.8,400.0,399.05,399.15,72964,0
2026-05-07 14:15:00+05:30,399.15,399.25,398.75,398.85,77292,0
2026-05-07 14:20:00+05:30,398.9,399.4,398.65,399.1,89930,0
2026-05-07 14:25:00+05:30,399.1,399.5,399.0,399.05,67236,0
2026-05-07 14:30:00+05:30,399.0,399.4,398.75,399.0,104008,0
2026-05-07 14:35:00+05:30,399.0,399.25,398.65,398.75,47687,0
2026-05-07 14:40:00+05:30,398.75,398.9,398.3,398.35,87891,0
2026-05-07 14:45:00+05:30,398.45,398.8,398.35,398.55,123194,0
2026-05-07 14:50:00+05:30,398.55,399.75,398.5,399.45,108247,0
2026-05-07 14:55:00+05:30,399.55,399.7,399.0,399.3,63943,0
2026-05-07 15:00:00+05:30,399.35,400.45,399.35,399.9,516847,0
2026-05-07 15:05:00+05:30,399.85,400.95,399.7,400.95,564631,0
2026-05-07 15:10:00+05:30,400.95,401.15,399.95,400.05,342691,0
2026-05-07 15:15:00+05:30,400.1,400.85,400.0,400.7,290763,0
2026-05-07 15:20:00+05:30,400.75,400.85,400.25,400.5,335771,0
2026-05-07 15:25:00+05:30,400.5,401.5,399.45,399.9,399158,0
2026-05-08 09:15:00+05:30,398.0,399.6,397.15,398.8,602952,0
2026-05-08 09:20:00+05:30,398.8,399.3,398.1,398.35,105436,0
2026-05-08 09:25:00+05:30,398.35,399.35,398.1,399.0,96354,0
2026-05-08 09:30:00+05:30,399.0,399.15,398.2,398.55,84374,0
2026-05-08 09:35:00+05:30,398.55,398.8,398.05,398.15,59674,0
2026-05-08 09:40:00+05:30,398.25,398.45,397.9,398.15,51364,0
2026-05-08 09:45:00+05:30,398.15,398.55,397.65,398.3,97551,0
2026-05-08 09:50:00+05:30,398.25,398.55,398.0,398.3,36081,0
2026-05-08 09:55:00+05:30,398.3,398.7,397.95,398.6,58713,0
2026-05-08 10:00:00+05:30,398.6,399.5,398.45,399.4,76901,0
2026-05-08 10:05:00+05:30,399.45,399.65,399.3,399.5,34111,0
2026-05-08 10:10:00+05:30,399.55,400.45,399.15,400.4,37344,0
2026-05-08 10:15:00+05:30,400.45,400.45,399.5,399.9,31927,0
2026-05-08 10:20:00+05:30,400.0,400.15,399.4,400.1,24118,0
2026-05-08 10:25:00+05:30,400.1,400.2,399.85,400.05,23501,0
2026-05-08 10:30:00+05:30,400.05,400.25,399.55,399.9,15270,0
2026-05-08 10:35:00+05:30,399.9,399.9,399.4,399.65,37979,0
2026-05-08 10:40:00+05:30,399.65,399.7,399.35,399.5,14349,0
2026-05-08 10:45:00+05:30,399.45,400.0,399.4,399.4,39467,0
2026-05-08 10:50:00+05:30,399.5,399.55,399.1,399.35,20230,0
2026-05-08 10:55:00+05:30,399.35,399.75,399.25,399.55,17392,0
2026-05-08 11:00:00+05:30,399.5,399.7,399.35,399.65,13061,0
2026-05-08 11:05:00+05:30,399.65,400.2,399.55,399.95,33330,0
2026-05-08 11:10:00+05:30,399.85,400.25,399.85,400.2,18622,0
2026-05-08 11:15:00+05:30,400.2,400.3,399.8,400.0,24434,0
2026-05-08 11:20:00+05:30,400.0,400.15,399.8,400.15,17565,0
2026-05-08 11:25:00+05:30,400.15,400.15,399.7,399.8,23368,0
2026-05-08 11:30:00+05:30,399.8,400.15,399.3,400.05,37541,0
2026-05-08 11:35:00+05:30,400.05,400.1,399.7,399.75,20123,0
2026-05-08 11:40:00+05:30,399.8,400.05,399.65,399.75,28154,0
2026-05-08 11:45:00+05:30,399.75,399.9,399.65,399.7,10970,0
2026-05-08 11:50:00+05:30,399.7,401.0,399.55,400.55,88478,0
2026-05-08 11:55:00+05:30,400.55,400.6,400.05,400.5,22536,0
2026-05-08 12:00:00+05:30,400.5,401.0,400.15,400.6,51283,0
2026-05-08 12:05:00+05:30,400.6,400.75,399.65,399.8,26736,0
2026-05-08 12:10:00+05:30,399.8,400.0,399.55,399.8,16878,0
2026-05-08 12:15:00+05:30,399.8,399.85,399.4,399.65,19723,0
2026-05-08 12:20:00+05:30,399.65,400.0,399.55,399.8,10721,0
2026-05-08 12:25:00+05:30,399.95,401.0,399.75,400.8,31907,0
2026-05-08 12:30:00+05:30,400.8,400.85,400.0,400.15,24501,0
2026-05-08 12:35:00+05:30,400.2,400.2,399.85,400.0,12567,0
2026-05-08 12:40:00+05:30,400.15,400.2,399.85,399.85,10544,0
2026-05-08 12:45:00+05:30,399.85,403.8,399.7,403.75,145060,0
2026-05-08 12:50:00+05:30,403.7,405.1,403.5,403.75,165954,0
2026-05-08 12:55:00+05:30,403.9,403.9,403.25,403.45,59868,0
2026-05-08 13:00:00+05:30,403.5,403.55,403.1,403.2,40381,0
2026-05-08 13:05:00+05:30,403.35,403.6,403.15,403.5,19086,0
2026-05-08 13:10:00+05:30,403.5,403.8,403.35,403.4,35577,0
2026-05-08 13:15:00+05:30,403.55,403.65,403.35,403.5,24641,0
2026-05-08 13:20:00+05:30,403.5,403.7,403.45,403.65,19433,0
2026-05-08 13:25:00+05:30,403.65,404.65,403.55,403.6,68697,0
2026-05-08 13:30:00+05:30,403.75,404.0,403.3,403.45,43248,0
2026-05-08 13:35:00+05:30,403.6,403.6,403.15,403.25,29472,0
2026-05-08 13:40:00+05:30,403.35,403.6,403.2,403.3,41573,0
2026-05-08 13:45:00+05:30,403.4,403.95,403.25,403.4,48462,0
2026-05-08 13:50:00+05:30,403.45,403.6,403.25,403.4,19570,0
2026-05-08 13:55:00+05:30,403.4,403.8,402.05,403.0,135198,0
2026-05-08 14:00:00+05:30,402.85,403.15,401.55,401.85,79670,0
2026-05-08 14:05:00+05:30,401.85,402.25,401.3,401.35,61095,0
2026-05-08 14:10:00+05:30,401.45,401.7,401.05,401.45,48772,0
2026-05-08 14:15:00+05:30,401.6,402.0,401.4,401.7,28732,0
2026-05-08 14:20:00+05:30,401.7,401.95,401.45,401.7,33299,0
2026-05-08 14:25:00+05:30,401.8,402.25,401.75,401.9,35936,0
2026-05-08 14:30:00+05:30,402.0,402.85,401.9,402.5,64735,0
2026-05-08 14:35:00+05:30,402.7,403.2,402.5,402.65,132122,0
2026-05-08 14:40:00+05:30,402.65,402.9,401.95,402.4,160908,0
2026-05-08 14:45:00+05:30,402.6,402.65,402.1,402.45,57680,0
2026-05-08 14:50:00+05:30,402.5,402.75,402.35,402.55,39907,0
2026-05-08 14:55:00+05:30,402.65,402.85,402.1,402.1,51372,0
2026-05-08 15:00:00+05:30,402.25,402.45,401.85,402.0,171097,0
2026-05-08 15:05:00+05:30,402.1,402.55,402.05,402.35,112225,0
2026-05-08 15:10:00+05:30,402.45,402.5,402.05,402.15,114105,0
2026-05-08 15:15:00+05:30,402.15,402.4,401.95,402.2,193917,0
2026-05-08 15:20:00+05:30,402.15,402.5,402.0,402.15,129894,0
2026-05-08 15:25:00+05:30,402.15,402.5,402.0,402.25,219691,0
2026-05-11 09:15:00+05:30,401.9,402.8,399.2,401.3,224322,0
2026-05-11 09:20:00+05:30,401.25,402.5,400.6,401.1,132121,0
2026-05-11 09:25:00+05:30,401.1,402.8,400.55,402.8,111806,0
2026-05-11 09:30:00+05:30,402.8,403.35,402.35,402.95,81849,0
2026-05-11 09:35:00+05:30,402.75,403.0,401.65,401.65,90184,0
2026-05-11 09:40:00+05:30,401.75,402.85,401.3,402.8,91211,0
2026-05-11 09:45:00+05:30,402.85,405.0,402.85,403.95,169950,0
2026-05-11 09:50:00+05:30,403.95,404.2,403.2,404.15,78612,0
2026-05-11 09:55:00+05:30,404.15,404.15,403.4,403.55,38261,0
2026-05-11 10:00:00+05:30,403.55,404.75,403.2,404.25,51259,0
2026-05-11 10:05:00+05:30,404.35,404.65,403.6,403.6,124517,0
2026-05-11 10:10:00+05:30,403.75,404.35,403.7,403.8,44032,0
2026-05-11 10:15:00+05:30,403.9,404.0,402.85,402.85,55094,0
2026-05-11 10:20:00+05:30,402.95,403.1,402.4,403.0,41425,0
2026-05-11 10:25:00+05:30,403.0,403.25,402.55,402.85,40593,0
2026-05-11 10:30:00+05:30,403.0,404.45,402.6,403.5,155077,0
2026-05-11 10:35:00+05:30,403.6,403.6,402.2,402.8,62931,0
2026-05-11 10:40:00+05:30,402.8,403.1,402.2,402.55,37731,0
2026-05-11 10:45:00+05:30,402.55,402.85,402.0,402.8,64535,0
2026-05-11 10:50:00+05:30,402.8,402.9,402.4,402.6,17248,0
2026-05-11 10:55:00+05:30,402.65,402.85,402.5,402.55,21167,0
2026-05-11 11:00:00+05:30,402.7,402.75,402.3,402.6,21257,0
2026-05-11 11:05:00+05:30,402.7,402.8,401.9,402.4,172460,0
2026-05-11 11:10:00+05:30,402.5,402.8,402.25,402.45,169224,0
2026-05-11 11:15:00+05:30,402.5,402.5,401.9,402.1,112216,0
2026-05-11 11:20:00+05:30,402.25,402.25,402.0,402.05,35612,0
2026-05-11 11:25:00+05:30,402.0,402.15,399.25,399.7,448731,0
2026-05-11 11:30:00+05:30,399.65,399.65,397.4,397.6,330810,0
2026-05-11 11:35:00+05:30,397.6,398.05,396.45,397.2,108769,0
2026-05-11 11:40:00+05:30,397.2,397.75,396.4,396.9,119927,0
2026-05-11 11:45:00+05:30,397.0,397.9,396.7,397.35,130057,0
2026-05-11 11:50:00+05:30,397.35,397.6,396.6,396.7,79654,0
2026-05-11 11:55:00+05:30,396.9,397.15,396.1,396.95,94218,0
2026-05-11 12:00:00+05:30,396.95,397.25,396.55,396.65,53064,0
2026-05-11 12:05:00+05:30,396.65,397.1,396.4,396.9,60568,0
2026-05-11 12:10:00+05:30,397.0,397.6,396.75,397.3,64734,0
2026-05-11 12:15:00+05:30,397.45,397.45,396.65,397.0,67894,0
2026-05-11 12:20:00+05:30,397.0,397.45,396.65,397.15,72564,0
2026-05-11 12:25:00+05:30,397.0,397.2,396.0,396.15,70259,0
2026-05-11 12:30:00+05:30,396.15,397.0,396.0,396.8,74416,0
2026-05-11 12:35:00+05:30,396.9,397.0,395.7,396.0,86897,0
2026-05-11 12:40:00+05:30,396.0,396.85,395.95,396.35,58213,0
2026-05-11 12:45:00+05:30,396.45,397.0,396.3,396.4,74923,0
2026-05-11 12:50:00+05:30,396.55,397.0,396.25,396.6,58067,0
2026-05-11 12:55:00+05:30,396.7,397.1,396.5,396.9,68579,0
2026-05-11 13:00:00+05:30,397.05,397.05,396.25,396.65,65922,0
2026-05-11 13:05:00+05:30,396.65,396.8,396.0,396.55,61235,0
2026-05-11 13:10:00+05:30,396.7,397.0,396.45,396.85,69924,0
2026-05-11 13:15:00+05:30,396.85,397.0,396.55,396.65,62050,0
2026-05-11 13:20:00+05:30,396.65,397.2,396.55,397.05,73929,0
2026-05-11 13:25:00+05:30,397.1,397.2,396.65,396.85,44686,0
2026-05-11 13:30:00+05:30,396.9,397.55,396.9,397.35,79432,0
2026-05-11 13:35:00+05:30,397.35,397.8,396.8,396.9,89696,0
2026-05-11 13:40:00+05:30,396.95,397.4,396.75,397.1,75132,0
2026-05-11 13:45:00+05:30,397.25,397.7,397.1,397.35,112721,0
2026-05-11 13:50:00+05:30,397.4,398.0,397.3,397.75,74001,0
2026-05-11 13:55:00+05:30,397.85,397.9,397.05,397.3,74945,0
2026-05-11 14:00:00+05:30,397.45,397.85,397.2,397.6,155364,0
2026-05-11 14:05:00+05:30,397.6,397.75,397.1,397.45,62185,0
2026-05-11 14:10:00+05:30,397.55,397.6,396.7,397.1,43799,0
2026-05-11 14:15:00+05:30,396.95,397.1,396.3,396.55,61077,0
2026-05-11 14:20:00+05:30,396.55,396.85,396.2,396.6,62324,0
2026-05-11 14:25:00+05:30,396.6,396.8,396.2,396.45,61737,0
2026-05-11 14:30:00+05:30,396.45,397.7,396.3,397.6,113540,0
2026-05-11 14:35:00+05:30,397.6,397.65,396.55,396.65,101992,0
2026-05-11 14:40:00+05:30,396.75,397.0,395.85,396.0,139737,0
2026-05-11 14:45:00+05:30,396.1,396.45,393.95,394.7,1239777,0
2026-05-11 14:50:00+05:30,394.7,395.05,393.45,393.75,807237,0
2026-05-11 14:55:00+05:30,393.7,393.75,393.45,393.5,219521,0
2026-05-11 15:00:00+05:30,393.55,393.55,392.55,393.45,335762,0
2026-05-11 15:05:00+05:30,393.45,393.6,392.9,393.2,163452,0
2026-05-11 15:10:00+05:30,393.25,393.3,392.9,393.0,217762,0
2026-05-11 15:15:00+05:30,393.05,393.4,392.75,392.95,349092,0
2026-05-11 15:20:00+05:30,392.95,393.0,392.65,392.9,321927,0
2026-05-11 15:25:00+05:30,392.9,393.05,391.0,392.2,377933,0
2026-05-12 09:15:00+05:30,392.2,393.45,391.25,392.5,259989,0
2026-05-12 09:20:00+05:30,392.7,394.1,392.25,393.85,210107,0
2026-05-12 09:25:00+05:30,393.85,394.45,393.3,393.85,127324,0
2026-05-12 09:30:00+05:30,393.85,394.8,392.85,393.05,194615,0
2026-05-12 09:35:00+05:30,393.2,394.25,392.45,393.8,115642,0
2026-05-12 09:40:00+05:30,393.95,394.8,393.7,394.65,172157,0
2026-05-12 09:45:00+05:30,394.65,396.9,394.2,396.65,231123,0
2026-05-12 09:50:00+05:30,396.65,398.35,396.0,397.05,221565,0
2026-05-12 09:55:00+05:30,397.1,397.1,396.15,396.5,94857,0
2026-05-12 10:00:00+05:30,396.6,396.95,396.4,396.5,74586,0
2026-05-12 10:05:00+05:30,396.6,398.8,396.15,398.7,137275,0
2026-05-12 10:10:00+05:30,398.7,399.85,398.6,399.55,214990,0
2026-05-12 10:15:00+05:30,399.55,399.7,398.7,399.0,125909,0
2026-05-12 10:20:00+05:30,399.05,399.05,398.05,398.45,72132,0
2026-05-12 10:25:00+05:30,398.5,398.55,396.05,396.1,148279,0
2026-05-12 10:30:00+05:30,396.1,396.4,395.6,395.75,103121,0
2026-05-12 10:35:00+05:30,395.9,398.25,395.75,397.6,287910,0
2026-05-12 10:40:00+05:30,397.6,398.55,397.5,398.05,87178,0
2026-05-12 10:45:00+05:30,398.2,398.85,397.3,397.85,93072,0
2026-05-12 10:50:00+05:30,398.0,398.05,397.0,397.65,65834,0
2026-05-12 10:55:00+05:30,397.65,397.8,397.35,397.4,57904,0
2026-05-12 11:00:00+05:30,397.5,397.55,396.5,396.9,75124,0
2026-05-12 11:05:00+05:30,396.9,397.45,396.35,396.85,82162,0
2026-05-12 11:10:00+05:30,396.95,397.25,396.65,396.75,62529,0
2026-05-12 11:15:00+05:30,396.8,397.4,396.6,397.2,132082,0
2026-05-12 11:20:00+05:30,397.2,397.9,396.7,396.8,209646,0
2026-05-12 11:25:00+05:30,396.8,396.85,394.75,395.25,222074,0
2026-05-12 11:30:00+05:30,395.4,395.45,394.35,394.6,116748,0
2026-05-12 11:35:00+05:30,394.6,396.0,394.0,395.75,170036,0
2026-05-12 11:40:00+05:30,395.9,396.45,395.65,395.9,67609,0
2026-05-12 11:45:00+05:30,395.9,396.4,395.85,396.3,81384,0
2026-05-12 11:50:00+05:30,396.3,396.45,395.95,396.2,55683,0
2026-05-12 11:55:00+05:30,396.3,396.95,396.1,396.15,117193,0
2026-05-12 12:00:00+05:30,396.15,396.2,394.8,395.75,429067,0
2026-05-12 12:05:00+05:30,395.75,395.8,394.5,394.6,78723,0
2026-05-12 12:10:00+05:30,394.7,395.0,394.35,394.8,62576,0
2026-05-12 12:15:00+05:30,394.85,395.7,394.65,395.15,65137,0
2026-05-12 12:20:00+05:30,395.3,395.95,394.9,395.35,89047,0
2026-05-12 12:25:00+05:30,395.4,395.6,395.1,395.45,51420,0
2026-05-12 12:30:00+05:30,395.45,395.5,395.0,395.15,71294,0
2026-05-12 12:35:00+05:30,395.25,395.45,394.8,395.1,60419,0
2026-05-12 12:40:00+05:30,395.25,395.3,394.95,395.05,49854,0
2026-05-12 12:45:00+05:30,395.25,396.25,395.0,395.75,169245,0
2026-05-12 12:50:00+05:30,395.75,396.15,395.3,395.55,57213,0
2026-05-12 12:55:00+05:30,395.7,396.35,395.6,396.1,46376,0
2026-05-12 13:00:00+05:30,396.1,396.6,395.75,396.3,114683,0
2026-05-12 13:05:00+05:30,396.5,396.5,395.55,395.65,60206,0
2026-05-12 13:10:00+05:30,395.8,396.5,395.35,396.4,212933,0
2026-05-12 13:15:00+05:30,396.4,397.0,396.25,396.8,102293,0
2026-05-12 13:20:00+05:30,396.8,397.0,396.45,396.6,53825,0
2026-05-12 13:25:00+05:30,396.75,396.85,396.3,396.35,107986,0
2026-05-12 13:30:00+05:30,396.45,396.6,396.0,396.0,111721,0
2026-05-12 13:35:00+05:30,396.1,396.75,396.0,396.5,212610,0
2026-05-12 13:40:00+05:30,396.6,396.85,396.4,396.65,71323,0
2026-05-12 13:45:00+05:30,396.8,396.85,395.85,395.95,125641,0
2026-05-12 13:50:00+05:30,396.0,396.25,395.45,395.5,129159,0
2026-05-12 13:55:00+05:30,395.7,395.8,395.0,395.15,142339,0
2026-05-12 14:00:00+05:30,395.25,395.4,394.6,394.6,84683,0
2026-05-12 14:05:00+05:30,394.65,394.85,394.3,394.5,81925,0
2026-05-12 14:10:00+05:30,394.7,394.9,394.45,394.55,59818,0
2026-05-12 14:15:00+05:30,394.65,395.0,394.5,394.7,161094,0
2026-05-12 14:20:00+05:30,394.6,395.35,394.45,395.2,58679,0
2026-05-12 14:25:00+05:30,395.3,395.35,394.8,395.0,82938,0
2026-05-12 14:30:00+05:30,395.1,395.2,394.55,394.55,127675,0
2026-05-12 14:35:00+05:30,394.6,395.4,394.4,395.15,104999,0
2026-05-12 14:40:00+05:30,395.25,396.0,395.15,395.5,131451,0
2026-05-12 14:45:00+05:30,395.5,395.7,395.3,395.3,194519,0
2026-05-12 14:50:00+05:30,395.35,396.15,394.6,395.35,379755,0
2026-05-12 14:55:00+05:30,395.4,395.55,394.3,394.4,172172,0
2026-05-12 15:00:00+05:30,394.4,394.7,392.45,392.8,232794,0
2026-05-12 15:05:00+05:30,392.8,393.15,392.0,392.2,293578,0
2026-05-12 15:10:00+05:30,392.2,393.15,392.1,392.95,243795,0
2026-05-12 15:15:00+05:30,392.9,393.45,392.6,392.7,279088,0
2026-05-12 15:20:00+05:30,392.7,392.8,391.95,392.45,227563,0
2026-05-12 15:25:00+05:30,392.45,394.0,392.3,392.9,167434,0
2026-05-13 09:15:00+05:30,392.0,394.05,390.7,391.55,358417,0
2026-05-13 09:20:00+05:30,391.5,392.35,390.1,391.1,127454,0
2026-05-13 09:25:00+05:30,391.0,391.1,390.0,390.15,116044,0
2026-05-13 09:30:00+05:30,390.1,390.45,388.1,388.15,124057,0
2026-05-13 09:35:00+05:30,388.3,388.35,385.8,387.35,247306,0
2026-05-13 09:40:00+05:30,387.35,388.35,386.85,387.95,146930,0
2026-05-13 09:45:00+05:30,388.05,388.5,387.15,388.25,98379,0
2026-05-13 09:50:00+05:30,388.25,390.3,388.2,389.35,937396,0
2026-05-13 09:55:00+05:30,389.35,389.9,387.65,387.75,61414,0
2026-05-13 10:00:00+05:30,387.75,388.0,387.5,387.8,57186,0
2026-05-13 10:05:00+05:30,387.85,388.05,386.55,387.9,278468,0
2026-05-13 10:10:00+05:30,388.0,388.0,387.0,387.4,56067,0
2026-05-13 10:15:00+05:30,387.25,387.55,387.1,387.25,46084,0
2026-05-13 10:20:00+05:30,387.3,387.8,386.55,387.0,115169,0
2026-05-13 10:25:00+05:30,387.15,387.75,386.85,386.95,75776,0
2026-05-13 10:30:00+05:30,386.95,387.45,386.6,387.05,84758,0
2026-05-13 10:35:00+05:30,387.0,387.4,386.5,386.55,78986,0
2026-05-13 10:40:00+05:30,386.55,387.3,386.5,387.05,32133,0
2026-05-13 10:45:00+05:30,387.05,387.35,386.65,386.65,56254,0
2026-05-13 10:50:00+05:30,386.7,387.05,386.6,387.0,22793,0
2026-05-13 10:55:00+05:30,387.05,387.35,386.45,386.6,98968,0
2026-05-13 11:00:00+05:30,386.6,387.3,386.45,386.75,76662,0
2026-05-13 11:05:00+05:30,386.7,388.65,386.5,388.35,287401,0
2026-05-13 11:10:00+05:30,388.2,388.95,387.15,388.1,441393,0
2026-05-13 11:15:00+05:30,388.15,388.2,387.45,388.0,85003,0
2026-05-13 11:20:00+05:30,388.0,388.25,387.5,388.05,71854,0
2026-05-13 11:25:00+05:30,388.05,388.1,387.6,388.0,34648,0
2026-05-13 11:30:00+05:30,388.0,388.5,387.65,387.95,53818,0
2026-05-13 11:35:00+05:30,387.95,389.05,387.85,388.25,99072,0
2026-05-13 11:40:00+05:30,388.2,389.7,388.15,389.65,96562,0
2026-05-13 11:45:00+05:30,389.65,389.9,388.9,389.0,59175,0
2026-05-13 11:50:00+05:30,389.0,389.35,388.6,389.2,64005,0
2026-05-13 11:55:00+05:30,389.2,389.95,389.05,389.45,86155,0
2026-05-13 12:00:00+05:30,389.5,389.65,388.85,389.0,127884,0
2026-05-13 12:05:00+05:30,389.0,389.15,388.7,388.9,79680,0
2026-05-13 12:10:00+05:30,389.0,389.6,388.0,388.0,152372,0
2026-05-13 12:15:00+05:30,388.1,388.1,386.7,386.8,185286,0
2026-05-13 12:20:00+05:30,386.8,387.3,386.35,387.05,156613,0
2026-05-13 12:25:00+05:30,387.05,387.85,386.65,387.45,121132,0
2026-05-13 12:30:00+05:30,387.45,388.55,387.4,388.0,246311,0
2026-05-13 12:35:00+05:30,388.2,388.45,387.45,387.65,176065,0
2026-05-13 12:40:00+05:30,387.65,388.4,387.5,387.8,291300,0
2026-05-13 12:45:00+05:30,388.0,388.8,387.7,388.5,307404,0
2026-05-13 12:50:00+05:30,388.55,389.95,388.3,389.85,187988,0
2026-05-13 12:55:00+05:30,389.95,392.65,389.85,392.55,354498,0
2026-05-13 13:00:00+05:30,392.6,392.7,390.95,391.5,178838,0
2026-05-13 13:05:00+05:30,391.55,391.95,391.35,391.5,105947,0
2026-05-13 13:10:00+05:30,391.5,391.85,391.2,391.3,111397,0
2026-05-13 13:15:00+05:30,391.3,391.85,390.7,391.55,116772,0
2026-05-13 13:20:00+05:30,391.55,391.7,390.85,391.05,104560,0
2026-05-13 13:25:00+05:30,391.2,392.0,390.7,391.65,106889,0
2026-05-13 13:30:00+05:30,391.7,392.7,391.55,391.7,128835,0
2026-05-13 13:35:00+05:30,391.7,392.0,391.35,391.7,91458,0
2026-05-13 13:40:00+05:30,391.85,392.2,391.25,391.45,81714,0
2026-05-13 13:45:00+05:30,391.45,391.55,390.5,390.9,117098,0
2026-05-13 13:50:00+05:30,390.9,391.25,390.6,390.6,82465,0
2026-05-13 13:55:00+05:30,390.7,390.75,390.1,390.5,120387,0
2026-05-13 14:00:00+05:30,390.6,390.95,390.2,390.5,106249,0
2026-05-13 14:05:00+05:30,390.6,390.7,390.25,390.55,95974,0
2026-05-13 14:10:00+05:30,390.65,390.95,390.5,390.85,87353,0
2026-05-13 14:15:00+05:30,390.85,391.2,390.6,390.6,105611,0
2026-05-13 14:20:00+05:30,390.55,391.6,390.3,391.35,158134,0
2026-05-13 14:25:00+05:30,391.35,391.5,390.65,390.9,91137,0
2026-05-13 14:30:00+05:30,390.9,391.35,390.75,391.05,85701,0
2026-05-13 14:35:00+05:30,391.1,391.9,390.85,391.6,110493,0
2026-05-13 14:40:00+05:30,391.7,391.7,390.45,390.5,126396,0
2026-05-13 14:45:00+05:30,390.45,391.4,389.7,391.3,487056,0
2026-05-13 14:50:00+05:30,391.3,392.85,391.25,392.5,257877,0
2026-05-13 14:55:00+05:30,392.55,392.65,391.4,391.4,123107,0
2026-05-13 15:00:00+05:30,391.4,391.45,390.45,390.45,285589,0
2026-05-13 15:05:00+05:30,390.45,390.5,390.0,390.4,235205,0
2026-05-13 15:10:00+05:30,390.4,390.75,390.0,390.65,236655,0
2026-05-13 15:15:00+05:30,390.65,390.75,390.5,390.6,229950,0
2026-05-13 15:20:00+05:30,390.6,391.0,390.0,390.5,872183,0
2026-05-13 15:25:00+05:30,390.4,391.0,390.0,390.85,217995,0
2026-05-14 09:15:00+05:30,393.7,397.55,391.2,397.15,384133,0
2026-05-14 09:20:00+05:30,397.2,397.85,396.6,397.2,102890,0
2026-05-14 09:25:00+05:30,397.05,397.25,395.15,395.65,99554,0
2026-05-14 09:30:00+05:30,395.65,396.8,395.45,396.1,109191,0
2026-05-14 09:35:00+05:30,396.1,396.3,395.25,395.25,56628,0
2026-05-14 09:40:00+05:30,395.4,395.5,394.95,394.95,54858,0
2026-05-14 09:45:00+05:30,394.95,395.65,394.1,394.95,136850,0
2026-05-14 09:50:00+05:30,394.9,394.95,393.85,393.85,40973,0
2026-05-14 09:55:00+05:30,393.85,393.85,392.85,393.3,46391,0
2026-05-14 10:00:00+05:30,393.25,393.9,392.7,393.4,116247,0
2026-05-14 10:05:00+05:30,393.5,394.15,393.1,393.7,59957,0
2026-05-14 10:10:00+05:30,393.7,394.35,393.4,394.1,41129,0
2026-05-14 10:15:00+05:30,394.25,395.3,393.7,395.1,77157,0
2026-05-14 10:20:00+05:30,395.25,395.35,394.1,394.4,54825,0
2026-05-14 10:25:00+05:30,394.55,394.95,394.4,394.5,45459,0
2026-05-14 10:30:00+05:30,394.5,395.3,394.45,395.3,41108,0
2026-05-14 10:35:00+05:30,395.25,395.45,394.5,394.55,41644,0
2026-05-14 10:40:00+05:30,394.7,395.5,394.55,394.55,65986,0
2026-05-14 10:45:00+05:30,394.55,394.6,393.0,393.15,74486,0
2026-05-14 10:50:00+05:30,393.15,393.25,392.7,393.0,49110,0
2026-05-14 10:55:00+05:30,393.05,393.05,392.1,392.45,46882,0
2026-05-14 11:00:00+05:30,392.45,392.75,392.05,392.25,34181,0
2026-05-14 11:05:00+05:30,392.3,393.1,392.1,392.4,105256,0
2026-05-14 11:10:00+05:30,392.5,393.25,392.35,392.7,36082,0
2026-05-14 11:15:00+05:30,392.8,393.3,392.8,393.05,28570,0
2026-05-14 11:20:00+05:30,393.1,393.25,392.65,392.95,51455,0
2026-05-14 11:25:00+05:30,393.0,393.75,392.8,393.5,67257,0
2026-05-14 11:30:00+05:30,393.5,393.9,393.0,393.7,51744,0
2026-05-14 11:35:00+05:30,393.7,394.15,393.0,393.5,111491,0
2026-05-14 11:40:00+05:30,393.55,393.55,393.0,393.3,43356,0
2026-05-14 11:45:00+05:30,393.25,394.05,392.6,393.7,85314,0
2026-05-14 11:50:00+05:30,393.7,394.6,393.4,394.25,78410,0
2026-05-14 11:55:00+05:30,394.3,396.6,394.2,395.95,298807,0
2026-05-14 12:00:00+05:30,396.0,396.7,395.55,396.3,201929,0
2026-05-14 12:05:00+05:30,396.4,397.5,396.2,396.95,264073,0
2026-05-14 12:10:00+05:30,396.95,398.35,396.95,398.25,127072,0
2026-05-14 12:15:00+05:30,398.25,398.55,396.85,396.95,160247,0
2026-05-14 12:20:00+05:30,397.05,397.5,397.05,397.15,42202,0
2026-05-14 12:25:00+05:30,397.25,398.4,397.15,398.1,75734,0
2026-05-14 12:30:00+05:30,398.2,398.5,397.75,398.05,147753,0
2026-05-14 12:35:00+05:30,398.15,398.15,397.3,397.5,68631,0
2026-05-14 12:40:00+05:30,397.55,398.4,397.25,398.2,80410,0
2026-05-14 12:45:00+05:30,398.35,398.4,397.65,397.8,188219,0
2026-05-14 12:50:00+05:30,397.8,397.8,397.0,397.25,47759,0
2026-05-14 12:55:00+05:30,397.25,397.35,396.65,396.75,44637,0
2026-05-14 13:00:00+05:30,396.75,398.0,396.7,398.0,49972,0
2026-05-14 13:05:00+05:30,398.0,398.0,397.15,397.25,44469,0
2026-05-14 13:10:00+05:30,397.35,397.4,396.7,397.05,63315,0
2026-05-14 13:15:00+05:30,397.15,397.4,396.85,396.95,79169,0
2026-05-14 13:20:00+05:30,396.95,397.2,396.15,396.15,111404,0
2026-05-14 13:25:00+05:30,396.25,396.75,396.0,396.0,44781,0
2026-05-14 13:30:00+05:30,396.0,396.65,396.0,396.5,31781,0
2026-05-14 13:35:00+05:30,396.5,397.0,396.4,396.5,69569,0
2026-05-14 13:40:00+05:30,396.5,397.0,396.4,396.85,21016,0
2026-05-14 13:45:00+05:30,396.9,397.2,396.7,396.8,86143,0
2026-05-14 13:50:00+05:30,396.85,396.85,396.15,396.5,70190,0
2026-05-14 13:55:00+05:30,396.7,396.7,396.4,396.45,41726,0
2026-05-14 14:00:00+05:30,396.4,396.75,396.4,396.6,63574,0
2026-05-14 14:05:00+05:30,396.65,397.0,396.55,396.9,38807,0
2026-05-14 14:10:00+05:30,396.9,397.05,396.45,396.5,130914,0
2026-05-14 14:15:00+05:30,396.65,396.75,396.25,396.4,152996,0
2026-05-14 14:20:00+05:30,396.5,396.6,396.3,396.35,48240,0
2026-05-14 14:25:00+05:30,396.4,396.75,396.35,396.65,37769,0
2026-05-14 14:30:00+05:30,396.75,397.3,396.35,397.0,138884,0
2026-05-14 14:35:00+05:30,397.05,397.1,396.0,396.5,153939,0
2026-05-14 14:40:00+05:30,396.6,397.0,396.0,396.95,178650,0
2026-05-14 14:45:00+05:30,396.9,397.0,396.0,396.05,95926,0
2026-05-14 14:50:00+05:30,396.05,396.4,396.0,396.1,150004,0
2026-05-14 14:55:00+05:30,396.1,396.9,396.0,396.35,95060,0
2026-05-14 15:00:00+05:30,396.5,396.65,396.0,396.15,119550,0
2026-05-14 15:05:00+05:30,396.2,396.2,395.45,395.8,157372,0
2026-05-14 15:10:00+05:30,395.8,396.3,395.65,396.15,118801,0
2026-05-14 15:15:00+05:30,396.15,396.3,396.0,396.15,172048,0
2026-05-14 15:20:00+05:30,396.2,397.3,396.05,396.95,413959,0
2026-05-14 15:25:00+05:30,396.95,397.0,396.0,396.0,197075,0
