timestamp,open,high,low,close,volume,oi
2025-11-17 09:15:00+05:30,175.13,175.25,173.59,174.31,1436756,0
2025-11-17 09:20:00+05:30,174.31,174.45,173.62,174.11,560498,0
2025-11-17 09:25:00+05:30,174.1,174.4,173.7,174.11,545738,0
2025-11-17 09:30:00+05:30,174.11,174.12,173.7,173.84,453869,0
2025-11-17 09:35:00+05:30,173.85,173.88,173.69,173.85,309409,0
2025-11-17 09:40:00+05:30,173.85,173.9,173.53,173.59,406129,0
2025-11-17 09:45:00+05:30,173.59,173.85,173.5,173.85,240792,0
2025-11-17 09:50:00+05:30,173.85,173.91,172.7,172.9,1400699,0
2025-11-17 09:55:00+05:30,172.9,173.33,172.81,173.16,549018,0
2025-11-17 10:00:00+05:30,173.17,173.4,173.0,173.01,323651,0
2025-11-17 10:05:00+05:30,173.05,173.17,172.81,172.98,353732,0
2025-11-17 10:10:00+05:30,172.99,173.3,172.83,173.3,238926,0
2025-11-17 10:15:00+05:30,173.3,173.67,173.25,173.42,480103,0
2025-11-17 10:20:00+05:30,173.49,173.5,173.28,173.35,153586,0
2025-11-17 10:25:00+05:30,173.38,173.4,173.02,173.07,146356,0
2025-11-17 10:30:00+05:30,173.09,173.12,172.9,173.0,552442,0
2025-11-17 10:35:00+05:30,172.99,173.21,172.9,172.95,178946,0
2025-11-17 10:40:00+05:30,172.95,173.07,172.82,173.01,203180,0
2025-11-17 10:45:00+05:30,173.0,173.03,172.75,172.78,356644,0
2025-11-17 10:50:00+05:30,172.77,172.89,172.7,172.74,261284,0
2025-11-17 10:55:00+05:30,172.74,172.95,172.7,172.82,252342,0
2025-11-17 11:00:00+05:30,172.84,173.13,172.81,173.03,188066,0
2025-11-17 11:05:00+05:30,173.03,173.04,172.83,172.89,99999,0
2025-11-17 11:10:00+05:30,172.89,172.98,172.82,172.98,94388,0
2025-11-17 11:15:00+05:30,172.98,173.0,172.79,172.8,117764,0
2025-11-17 11:20:00+05:30,172.8,172.83,172.62,172.73,258985,0
2025-11-17 11:25:00+05:30,172.75,172.94,172.68,172.92,117677,0
2025-11-17 11:30:00+05:30,172.94,173.13,172.82,172.93,286576,0
2025-11-17 11:35:00+05:30,173.0,173.3,172.94,173.18,229537,0
2025-11-17 11:40:00+05:30,173.18,173.35,173.1,173.35,296971,0
2025-11-17 11:45:00+05:30,173.34,173.6,173.3,173.6,477510,0
2025-11-17 11:50:00+05:30,173.6,173.69,173.51,173.54,259433,0
2025-11-17 11:55:00+05:30,173.55,173.7,173.37,173.62,347140,0
2025-11-17 12:00:00+05:30,173.62,173.67,173.5,173.57,180887,0
2025-11-17 12:05:00+05:30,173.57,173.75,173.57,173.61,228055,0
2025-11-17 12:10:00+05:30,173.61,173.7,173.59,173.67,127244,0
2025-11-17 12:15:00+05:30,173.67,173.67,173.36,173.4,111856,0
2025-11-17 12:20:00+05:30,173.44,173.56,173.37,173.55,61327,0
2025-11-17 12:25:00+05:30,173.56,173.62,173.51,173.62,104299,0
2025-11-17 12:30:00+05:30,173.62,173.62,173.44,173.58,67044,0
2025-11-17 12:35:00+05:30,173.58,173.65,173.55,173.61,125550,0
2025-11-17 12:40:00+05:30,173.61,173.64,173.54,173.59,132538,0
2025-11-17 12:45:00+05:30,173.59,173.6,173.5,173.52,388654,0
2025-11-17 12:50:00+05:30,173.54,173.62,173.27,173.53,425258,0
2025-11-17 12:55:00+05:30,173.53,173.58,173.16,173.4,593807,0
2025-11-17 13:00:00+05:30,173.4,173.4,173.16,173.21,219996,0
2025-11-17 13:05:00+05:30,173.26,173.26,172.96,173.0,409545,0
2025-11-17 13:10:00+05:30,173.0,173.15,172.96,173.01,165858,0
2025-11-17 13:15:00+05:30,173.04,173.18,173.01,173.16,62087,0
2025-11-17 13:20:00+05:30,173.18,173.22,173.08,173.12,166158,0
2025-11-17 13:25:00+05:30,173.12,173.23,173.11,173.12,61536,0
2025-11-17 13:30:00+05:30,173.17,173.29,173.1,173.27,105816,0
2025-11-17 13:35:00+05:30,173.28,173.63,173.22,173.55,737126,0
2025-11-17 13:40:00+05:30,173.6,173.84,173.55,173.79,458605,0
2025-11-17 13:45:00+05:30,173.79,173.85,173.61,173.67,235917,0
2025-11-17 13:50:00+05:30,173.67,173.68,173.43,173.56,869676,0
2025-11-17 13:55:00+05:30,173.58,173.67,173.4,173.48,380596,0
2025-11-17 14:00:00+05:30,173.48,173.6,173.45,173.46,1322673,0
2025-11-17 14:05:00+05:30,173.47,173.53,173.4,173.45,104680,0
2025-11-17 14:10:00+05:30,173.47,173.47,173.32,173.45,354644,0
2025-11-17 14:15:00+05:30,173.46,173.49,173.21,173.24,261040,0
2025-11-17 14:20:00+05:30,173.24,173.46,173.21,173.43,428837,0
2025-11-17 14:25:00+05:30,173.43,173.45,173.32,173.37,174536,0
2025-11-17 14:30:00+05:30,173.37,173.44,173.2,173.2,233014,0
2025-11-17 14:35:00+05:30,173.25,173.27,173.01,173.09,267755,0
2025-11-17 14:40:00+05:30,173.14,173.17,173.0,173.0,490278,0
2025-11-17 14:45:00+05:30,173.01,173.05,172.85,173.0,324691,0
2025-11-17 14:50:00+05:30,173.0,173.05,172.93,173.0,122068,0
2025-11-17 14:55:00+05:30,173.0,173.22,172.96,173.0,365572,0
2025-11-17 15:00:00+05:30,173.02,173.23,173.02,173.2,415240,0
2025-11-17 15:05:00+05:30,173.21,173.21,172.94,173.0,813522,0
2025-11-17 15:10:00+05:30,173.0,173.09,173.0,173.01,696155,0
2025-11-17 15:15:00+05:30,173.01,173.18,173.0,173.15,1404552,0
2025-11-17 15:20:00+05:30,173.15,173.54,173.13,173.42,1129625,0
2025-11-17 15:25:00+05:30,173.42,173.48,173.3,173.4,679823,0
2025-11-18 09:15:00+05:30,172.4,172.5,171.27,171.72,1773778,0
2025-11-18 09:20:00+05:30,171.72,171.75,171.4,171.46,808866,0
2025-11-18 09:25:00+05:30,171.41,171.9,171.26,171.83,771178,0
2025-11-18 09:30:00+05:30,171.83,171.9,171.64,171.85,305474,0
2025-11-18 09:35:00+05:30,171.82,171.95,171.67,171.75,369358,0
2025-11-18 09:40:00+05:30,171.71,171.75,171.51,171.59,205095,0
2025-11-18 09:45:00+05:30,171.57,171.82,171.26,171.3,489658,0
2025-11-18 09:50:00+05:30,171.31,171.34,171.11,171.15,579297,0
2025-11-18 09:55:00+05:30,171.16,171.18,170.76,170.76,1097894,0
2025-11-18 10:00:00+05:30,170.77,170.9,170.55,170.75,615492,0
2025-11-18 10:05:00+05:30,170.74,170.87,170.55,170.77,729395,0
2025-11-18 10:10:00+05:30,170.78,170.78,170.6,170.63,251931,0
2025-11-18 10:15:00+05:30,170.62,171.22,170.58,171.16,3454921,0
2025-11-18 10:20:00+05:30,171.09,171.44,171.01,171.34,411540,0
2025-11-18 10:25:00+05:30,171.34,171.47,171.1,171.21,3830337,0
2025-11-18 10:30:00+05:30,171.2,171.57,171.18,171.49,471551,0
2025-11-18 10:35:00+05:30,171.48,171.6,171.38,171.5,328144,0
2025-11-18 10:40:00+05:30,171.49,171.5,171.19,171.3,242864,0
2025-11-18 10:45:00+05:30,171.3,171.49,171.25,171.47,85943,0
2025-11-18 10:50:00+05:30,171.44,171.58,171.43,171.5,327240,0
2025-11-18 10:55:00+05:30,171.5,171.5,171.15,171.2,185576,0
2025-11-18 11:00:00+05:30,171.19,171.32,171.12,171.28,122002,0
2025-11-18 11:05:00+05:30,171.26,171.47,171.25,171.47,121541,0
2025-11-18 11:10:00+05:30,171.43,171.53,171.38,171.48,156648,0
2025-11-18 11:15:00+05:30,171.48,172.1,171.47,172.06,663669,0
2025-11-18 11:20:00+05:30,172.09,172.21,172.0,172.13,364431,0
2025-11-18 11:25:00+05:30,172.14,172.15,171.86,172.0,236830,0
2025-11-18 11:30:00+05:30,172.0,172.1,171.98,172.1,119689,0
2025-11-18 11:35:00+05:30,172.08,172.18,172.07,172.17,74355,0
2025-11-18 11:40:00+05:30,172.18,172.25,172.1,172.24,147252,0
2025-11-18 11:45:00+05:30,172.24,172.25,171.9,172.23,153496,0
2025-11-18 11:50:00+05:30,172.23,172.35,172.08,172.27,489585,0
2025-11-18 11:55:00+05:30,172.33,172.33,172.13,172.29,103565,0
2025-11-18 12:00:00+05:30,172.29,172.35,172.23,172.34,55238,0
2025-11-18 12:05:00+05:30,172.3,172.35,172.2,172.3,117832,0
2025-11-18 12:10:00+05:30,172.3,172.35,172.25,172.29,85985,0
2025-11-18 12:15:00+05:30,172.3,172.35,172.27,172.32,85305,0
2025-11-18 12:20:00+05:30,172.35,172.39,172.3,172.37,70892,0
2025-11-18 12:25:00+05:30,172.37,173.11,172.27,173.1,672674,0
2025-11-18 12:30:00+05:30,173.12,173.12,172.45,172.48,250012,0
2025-11-18 12:35:00+05:30,172.5,172.52,172.0,172.05,924968,0
2025-11-18 12:40:00+05:30,172.06,172.24,172.05,172.22,187796,0
2025-11-18 12:45:00+05:30,172.24,172.25,172.03,172.05,232502,0
2025-11-18 12:50:00+05:30,172.09,172.18,172.05,172.18,62279,0
2025-11-18 12:55:00+05:30,172.13,172.33,172.13,172.22,95526,0
2025-11-18 13:00:00+05:30,172.25,172.63,172.2,172.5,193508,0
2025-11-18 13:05:00+05:30,172.57,172.88,172.5,172.79,213104,0
2025-11-18 13:10:00+05:30,172.79,172.8,172.56,172.57,90789,0
2025-11-18 13:15:00+05:30,172.57,172.84,172.57,172.8,101483,0
2025-11-18 13:20:00+05:30,172.8,172.96,172.72,172.82,174517,0
2025-11-18 13:25:00+05:30,172.82,172.85,172.32,172.58,573470,0
2025-11-18 13:30:00+05:30,172.6,172.71,172.56,172.65,59205,0
2025-11-18 13:35:00+05:30,172.7,172.83,172.66,172.8,68708,0
2025-11-18 13:40:00+05:30,172.79,172.8,172.43,172.58,406166,0
2025-11-18 13:45:00+05:30,172.59,172.61,172.51,172.51,60849,0
2025-11-18 13:50:00+05:30,172.54,172.57,172.42,172.52,129117,0
2025-11-18 13:55:00+05:30,172.52,172.67,172.5,172.6,119016,0
2025-11-18 14:00:00+05:30,172.61,172.63,172.5,172.62,102052,0
2025-11-18 14:05:00+05:30,172.63,172.76,172.63,172.67,158573,0
2025-11-18 14:10:00+05:30,172.66,172.95,172.63,172.9,496102,0
2025-11-18 14:15:00+05:30,172.94,172.95,172.7,172.74,153747,0
2025-11-18 14:20:00+05:30,172.74,172.79,172.67,172.78,159657,0
2025-11-18 14:25:00+05:30,172.78,172.88,172.57,172.69,326494,0
2025-11-18 14:30:00+05:30,172.61,172.66,172.48,172.51,135968,0
2025-11-18 14:35:00+05:30,172.53,172.77,172.51,172.68,399348,0
2025-11-18 14:40:00+05:30,172.69,172.7,172.6,172.6,256299,0
2025-11-18 14:45:00+05:30,172.63,172.65,172.48,172.61,377669,0
2025-11-18 14:50:00+05:30,172.61,172.85,172.6,172.71,361012,0
2025-11-18 14:55:00+05:30,172.73,172.77,172.56,172.63,310993,0
2025-11-18 15:00:00+05:30,172.64,172.66,172.45,172.51,689448,0
2025-11-18 15:05:00+05:30,172.52,172.55,172.52,172.53,583280,0
2025-11-18 15:10:00+05:30,172.52,172.6,172.52,172.54,792498,0
2025-11-18 15:15:00+05:30,172.56,172.56,172.46,172.5,1008098,0
2025-11-18 15:20:00+05:30,172.5,172.51,172.21,172.37,1650061,0
2025-11-18 15:25:00+05:30,172.37,172.48,172.21,172.44,1193336,0
2025-11-19 09:15:00+05:30,172.45,172.95,172.06,172.7,700292,0
2025-11-19 09:20:00+05:30,172.68,173.15,172.46,172.99,483470,0
2025-11-19 09:25:00+05:30,172.99,173.0,172.7,172.73,282238,0
2025-11-19 09:30:00+05:30,172.73,172.75,172.46,172.69,324069,0
2025-11-19 09:35:00+05:30,172.68,172.9,172.55,172.88,205908,0
2025-11-19 09:40:00+05:30,172.81,172.88,172.61,172.76,181166,0
2025-11-19 09:45:00+05:30,172.78,172.9,172.7,172.76,287414,0
2025-11-19 09:50:00+05:30,172.76,172.9,172.52,172.88,158447,0
2025-11-19 09:55:00+05:30,172.89,172.96,172.4,172.58,523705,0
2025-11-19 10:00:00+05:30,172.58,172.67,172.42,172.65,151868,0
2025-11-19 10:05:00+05:30,172.64,172.69,172.48,172.55,173600,0
2025-11-19 10:10:00+05:30,172.55,172.65,172.4,172.63,125507,0
2025-11-19 10:15:00+05:30,172.63,172.65,172.46,172.6,101962,0
2025-11-19 10:20:00+05:30,172.56,173.36,172.56,173.33,1180961,0
2025-11-19 10:25:00+05:30,173.37,173.49,173.16,173.31,560832,0
2025-11-19 10:30:00+05:30,173.3,173.45,173.2,173.45,260910,0
2025-11-19 10:35:00+05:30,173.44,173.9,173.4,173.54,727084,0
2025-11-19 10:40:00+05:30,173.52,173.58,173.2,173.31,246968,0
2025-11-19 10:45:00+05:30,173.35,173.53,173.3,173.44,144221,0
2025-11-19 10:50:00+05:30,173.43,173.55,173.33,173.54,108784,0
2025-11-19 10:55:00+05:30,173.55,173.55,173.21,173.27,150790,0
2025-11-19 11:00:00+05:30,173.26,173.31,172.91,173.1,249786,0
2025-11-19 11:05:00+05:30,173.07,173.29,173.02,173.1,162660,0
2025-11-19 11:10:00+05:30,173.08,173.11,172.75,172.76,241319,0
2025-11-19 11:15:00+05:30,172.75,172.8,172.24,172.64,588252,0
2025-11-19 11:20:00+05:30,172.66,172.82,172.56,172.58,140463,0
2025-11-19 11:25:00+05:30,172.58,172.71,172.52,172.59,250553,0
2025-11-19 11:30:00+05:30,172.59,172.88,172.51,172.87,173591,0
2025-11-19 11:35:00+05:30,172.88,172.88,172.5,172.65,345244,0
2025-11-19 11:40:00+05:30,172.65,172.95,172.62,172.94,83311,0
2025-11-19 11:45:00+05:30,172.93,173.0,172.68,172.78,236036,0
2025-11-19 11:50:00+05:30,172.77,172.86,172.6,172.79,287504,0
2025-11-19 11:55:00+05:30,172.78,172.85,172.34,172.46,792252,0
2025-11-19 12:00:00+05:30,172.4,172.77,172.4,172.58,304717,0
2025-11-19 12:05:00+05:30,172.58,172.67,172.45,172.55,372387,0
2025-11-19 12:10:00+05:30,172.57,172.71,172.44,172.65,371106,0
2025-11-19 12:15:00+05:30,172.65,172.84,172.61,172.8,79273,0
2025-11-19 12:20:00+05:30,172.79,172.99,172.79,172.98,140464,0
2025-11-19 12:25:00+05:30,172.98,173.15,172.95,173.07,395679,0
2025-11-19 12:30:00+05:30,173.05,173.11,173.0,173.1,118837,0
2025-11-19 12:35:00+05:30,173.1,173.18,173.0,173.04,113438,0
2025-11-19 12:40:00+05:30,173.04,173.1,173.0,173.06,73722,0
2025-11-19 12:45:00+05:30,173.02,173.25,173.0,173.24,419712,0
2025-11-19 12:50:00+05:30,173.2,173.25,173.06,173.1,76001,0
2025-11-19 12:55:00+05:30,173.1,173.2,173.06,173.07,121317,0
2025-11-19 13:00:00+05:30,173.07,173.25,173.06,173.21,94651,0
2025-11-19 13:05:00+05:30,173.23,173.34,173.21,173.29,167131,0
2025-11-19 13:10:00+05:30,173.29,173.38,173.25,173.36,76230,0
2025-11-19 13:15:00+05:30,173.36,173.4,173.32,173.37,107121,0
2025-11-19 13:20:00+05:30,173.35,173.4,173.34,173.39,79198,0
2025-11-19 13:25:00+05:30,173.38,173.4,173.25,173.26,187518,0
2025-11-19 13:30:00+05:30,173.25,173.4,173.25,173.27,140526,0
2025-11-19 13:35:00+05:30,173.27,173.3,173.2,173.28,247292,0
2025-11-19 13:40:00+05:30,173.28,173.3,173.05,173.16,242185,0
2025-11-19 13:45:00+05:30,173.16,173.3,173.11,173.29,88058,0
2025-11-19 13:50:00+05:30,173.29,173.5,173.23,173.41,131927,0
2025-11-19 13:55:00+05:30,173.41,173.49,173.26,173.3,138764,0
2025-11-19 14:00:00+05:30,173.29,173.42,173.25,173.36,303300,0
2025-11-19 14:05:00+05:30,173.37,173.45,173.31,173.4,71186,0
2025-11-19 14:10:00+05:30,173.35,173.42,173.26,173.4,61509,0
2025-11-19 14:15:00+05:30,173.4,173.51,173.33,173.51,159557,0
2025-11-19 14:20:00+05:30,173.51,173.53,173.35,173.39,83348,0
2025-11-19 14:25:00+05:30,173.35,173.4,173.29,173.33,90091,0
2025-11-19 14:30:00+05:30,173.33,173.36,173.29,173.33,76124,0
2025-11-19 14:35:00+05:30,173.35,173.45,173.33,173.39,273576,0
2025-11-19 14:40:00+05:30,173.4,173.65,173.39,173.53,473066,0
2025-11-19 14:45:00+05:30,173.55,173.55,173.3,173.32,131702,0
2025-11-19 14:50:00+05:30,173.33,173.35,173.07,173.07,373947,0
2025-11-19 14:55:00+05:30,173.08,173.13,172.7,172.8,236979,0
2025-11-19 15:00:00+05:30,172.8,173.14,172.77,173.09,258885,0
2025-11-19 15:05:00+05:30,173.1,173.17,173.0,173.08,288896,0
2025-11-19 15:10:00+05:30,173.09,173.35,173.08,173.29,304935,0
2025-11-19 15:15:00+05:30,173.29,173.33,173.25,173.27,635482,0
2025-11-19 15:20:00+05:30,173.27,173.42,173.18,173.3,553545,0
2025-11-19 15:25:00+05:30,173.27,173.47,173.2,173.2,321584,0
2025-11-20 09:15:00+05:30,174.1,174.36,173.1,173.39,1055271,0
2025-11-20 09:20:00+05:30,173.4,173.7,173.34,173.7,283989,0
2025-11-20 09:25:00+05:30,173.7,173.7,173.35,173.55,266417,0
2025-11-20 09:30:00+05:30,173.55,173.77,173.5,173.7,222112,0
2025-11-20 09:35:00+05:30,173.7,173.89,173.65,173.7,238096,0
2025-11-20 09:40:00+05:30,173.7,173.72,173.45,173.47,133391,0
2025-11-20 09:45:00+05:30,173.48,173.54,173.23,173.29,199279,0
2025-11-20 09:50:00+05:30,173.29,173.71,173.25,173.51,136531,0
2025-11-20 09:55:00+05:30,173.53,173.56,172.67,172.9,385457,0
2025-11-20 10:00:00+05:30,172.9,173.39,172.88,173.25,223732,0
2025-11-20 10:05:00+05:30,173.24,173.34,173.21,173.26,95291,0
2025-11-20 10:10:00+05:30,173.26,173.46,173.25,173.36,104486,0
2025-11-20 10:15:00+05:30,173.35,173.38,173.05,173.07,123611,0
2025-11-20 10:20:00+05:30,173.07,173.38,173.05,173.15,83789,0
2025-11-20 10:25:00+05:30,173.13,173.33,173.13,173.31,64730,0
2025-11-20 10:30:00+05:30,173.31,173.45,173.29,173.36,73360,0
2025-11-20 10:35:00+05:30,173.35,173.56,173.35,173.51,79742,0
2025-11-20 10:40:00+05:30,173.51,173.54,173.43,173.47,56521,0
2025-11-20 10:45:00+05:30,173.48,173.65,173.45,173.52,248340,0
2025-11-20 10:50:00+05:30,173.52,173.89,173.51,173.76,261464,0
2025-11-20 10:55:00+05:30,173.78,173.78,173.18,173.28,352290,0
2025-11-20 11:00:00+05:30,173.29,173.33,173.0,173.11,385211,0
2025-11-20 11:05:00+05:30,173.12,173.25,172.87,172.95,221921,0
2025-11-20 11:10:00+05:30,172.94,173.02,172.87,172.98,129599,0
2025-11-20 11:15:00+05:30,172.99,173.0,172.84,172.89,85469,0
2025-11-20 11:20:00+05:30,172.88,172.92,172.5,172.65,287750,0
2025-11-20 11:25:00+05:30,172.63,172.99,172.59,172.9,74943,0
2025-11-20 11:30:00+05:30,172.91,173.0,172.8,172.99,68526,0
2025-11-20 11:35:00+05:30,172.99,173.0,172.68,172.75,174740,0
2025-11-20 11:40:00+05:30,172.74,173.0,172.7,172.87,278799,0
2025-11-20 11:45:00+05:30,172.88,172.96,172.75,172.82,98538,0
2025-11-20 11:50:00+05:30,172.83,173.0,172.81,172.95,121052,0
2025-11-20 11:55:00+05:30,172.95,173.0,172.92,172.95,52223,0
2025-11-20 12:00:00+05:30,172.96,173.0,172.91,172.96,101398,0
2025-11-20 12:05:00+05:30,172.97,173.0,172.7,172.73,192464,0
2025-11-20 12:10:00+05:30,172.73,172.85,172.61,172.83,131606,0
2025-11-20 12:15:00+05:30,172.82,172.88,172.71,172.79,65082,0
2025-11-20 12:20:00+05:30,172.79,172.86,172.74,172.81,49476,0
2025-11-20 12:25:00+05:30,172.8,173.25,172.8,173.19,195610,0
2025-11-20 12:30:00+05:30,173.19,173.2,172.52,172.63,674639,0
2025-11-20 12:35:00+05:30,172.62,172.72,172.55,172.7,63553,0
2025-11-20 12:40:00+05:30,172.7,172.74,172.58,172.65,113986,0
2025-11-20 12:45:00+05:30,172.65,172.79,172.61,172.71,48003,0
2025-11-20 12:50:00+05:30,172.72,172.77,172.7,172.7,56008,0
2025-11-20 12:55:00+05:30,172.71,172.75,172.55,172.61,927657,0
2025-11-20 13:00:00+05:30,172.65,172.71,172.55,172.71,101817,0
2025-11-20 13:05:00+05:30,172.7,172.72,172.6,172.65,124828,0
2025-11-20 13:10:00+05:30,172.64,172.68,172.55,172.65,250931,0
2025-11-20 13:15:00+05:30,172.63,172.7,172.6,172.68,272721,0
2025-11-20 13:20:00+05:30,172.68,172.7,172.63,172.68,64687,0
2025-11-20 13:25:00+05:30,172.68,172.94,172.65,172.92,221507,0
2025-11-20 13:30:00+05:30,172.93,172.97,172.84,172.95,80994,0
2025-11-20 13:35:00+05:30,172.97,172.97,172.64,172.77,397562,0
2025-11-20 13:40:00+05:30,172.77,172.84,172.67,172.76,140521,0
2025-11-20 13:45:00+05:30,172.77,172.82,172.63,172.72,68773,0
2025-11-20 13:50:00+05:30,172.72,172.9,172.67,172.84,54050,0
2025-11-20 13:55:00+05:30,172.84,172.87,172.66,172.74,103372,0
2025-11-20 14:00:00+05:30,172.74,172.87,172.7,172.78,80696,0
2025-11-20 14:05:00+05:30,172.77,172.9,172.7,172.79,111176,0
2025-11-20 14:10:00+05:30,172.79,172.88,172.73,172.83,56310,0
2025-11-20 14:15:00+05:30,172.84,172.93,172.71,172.85,288829,0
2025-11-20 14:20:00+05:30,172.85,172.91,172.79,172.87,64411,0
2025-11-20 14:25:00+05:30,172.88,172.9,172.52,172.58,359786,0
2025-11-20 14:30:00+05:30,172.58,172.76,172.53,172.7,211943,0
2025-11-20 14:35:00+05:30,172.69,172.85,172.63,172.75,151228,0
2025-11-20 14:40:00+05:30,172.81,172.85,172.7,172.77,336572,0
2025-11-20 14:45:00+05:30,172.77,172.92,172.71,172.72,301525,0
2025-11-20 14:50:00+05:30,172.73,172.78,172.4,172.45,344404,0
2025-11-20 14:55:00+05:30,172.46,172.59,172.26,172.4,279943,0
2025-11-20 15:00:00+05:30,172.4,172.48,172.26,172.42,274717,0
2025-11-20 15:05:00+05:30,172.42,172.52,172.31,172.48,267760,0
2025-11-20 15:10:00+05:30,172.5,172.7,172.34,172.66,415840,0
2025-11-20 15:15:00+05:30,172.67,172.76,172.3,172.38,515469,0
2025-11-20 15:20:00+05:30,172.38,172.6,172.3,172.5,406796,0
2025-11-20 15:25:00+05:30,172.49,172.5,172.3,172.4,329785,0
2025-11-21 09:15:00+05:30,171.8,171.9,170.28,171.08,1424354,0
2025-11-21 09:20:00+05:30,171.06,171.25,170.6,170.82,737150,0
2025-11-21 09:25:00+05:30,170.83,171.35,170.54,171.15,365342,0
2025-11-21 09:30:00+05:30,171.18,171.6,171.04,171.59,310143,0
2025-11-21 09:35:00+05:30,171.59,171.65,171.2,171.22,279420,0
2025-11-21 09:40:00+05:30,171.28,171.29,170.95,171.05,235994,0
2025-11-21 09:45:00+05:30,171.01,171.15,170.75,170.98,199490,0
2025-11-21 09:50:00+05:30,171.03,171.03,170.66,170.66,234819,0
2025-11-21 09:55:00+05:30,170.66,170.89,170.55,170.8,271303,0
2025-11-21 10:00:00+05:30,170.85,170.9,169.79,169.95,1196385,0
2025-11-21 10:05:00+05:30,169.95,170.25,169.75,170.21,372378,0
2025-11-21 10:10:00+05:30,170.21,170.58,170.11,170.38,228820,0
2025-11-21 10:15:00+05:30,170.35,170.39,170.02,170.13,206788,0
2025-11-21 10:20:00+05:30,170.14,170.2,169.95,170.13,299168,0
2025-11-21 10:25:00+05:30,170.14,170.19,169.69,169.82,375563,0
2025-11-21 10:30:00+05:30,169.87,170.07,169.75,169.91,169833,0
2025-11-21 10:35:00+05:30,169.88,170.11,169.8,169.91,312676,0
2025-11-21 10:40:00+05:30,169.9,170.19,169.85,170.08,160848,0
2025-11-21 10:45:00+05:30,170.07,170.09,169.86,170.09,130745,0
2025-11-21 10:50:00+05:30,170.08,170.14,169.85,170.0,116149,0
2025-11-21 10:55:00+05:30,170.0,170.09,169.82,170.05,142699,0
2025-11-21 11:00:00+05:30,170.05,170.29,170.03,170.2,123695,0
2025-11-21 11:05:00+05:30,170.2,170.2,169.85,169.99,114835,0
2025-11-21 11:10:00+05:30,170.0,170.25,169.94,170.2,90501,0
2025-11-21 11:15:00+05:30,170.24,170.33,170.07,170.16,186388,0
2025-11-21 11:20:00+05:30,170.16,170.19,169.92,169.95,85298,0
2025-11-21 11:25:00+05:30,169.95,170.19,169.9,170.15,108062,0
2025-11-21 11:30:00+05:30,170.13,170.3,170.05,170.15,166527,0
2025-11-21 11:35:00+05:30,170.1,170.14,170.0,170.1,64909,0
2025-11-21 11:40:00+05:30,170.1,170.26,170.05,170.26,154564,0
2025-11-21 11:45:00+05:30,170.26,170.3,170.2,170.2,45479,0
2025-11-21 11:50:00+05:30,170.24,170.3,170.08,170.19,84163,0
2025-11-21 11:55:00+05:30,170.2,170.27,170.06,170.15,50450,0
2025-11-21 12:00:00+05:30,170.15,170.43,170.02,170.28,122601,0
2025-11-21 12:05:00+05:30,170.28,170.3,169.99,170.2,394960,0
2025-11-21 12:10:00+05:30,170.2,170.27,169.95,170.26,363088,0
2025-11-21 12:15:00+05:30,170.25,170.27,169.9,169.98,177928,0
2025-11-21 12:20:00+05:30,169.98,170.24,169.93,170.0,554419,0
2025-11-21 12:25:00+05:30,170.0,170.2,169.7,169.75,356849,0
2025-11-21 12:30:00+05:30,169.75,169.82,169.6,169.67,262430,0
2025-11-21 12:35:00+05:30,169.67,170.04,169.6,169.9,328721,0
2025-11-21 12:40:00+05:30,169.99,170.01,169.8,169.9,121109,0
2025-11-21 12:45:00+05:30,169.9,169.95,169.75,169.85,84826,0
2025-11-21 12:50:00+05:30,169.85,169.98,169.84,169.94,121583,0
2025-11-21 12:55:00+05:30,169.97,170.02,169.95,169.97,138482,0
2025-11-21 13:00:00+05:30,170.0,170.05,169.65,169.81,507961,0
2025-11-21 13:05:00+05:30,169.81,169.86,169.66,169.8,585368,0
2025-11-21 13:10:00+05:30,169.8,169.81,169.55,169.63,194536,0
2025-11-21 13:15:00+05:30,169.61,169.61,169.19,169.19,292825,0
2025-11-21 13:20:00+05:30,169.18,169.23,168.76,168.86,800960,0
2025-11-21 13:25:00+05:30,168.85,168.95,168.71,168.9,629223,0
2025-11-21 13:30:00+05:30,168.9,168.9,168.41,168.44,474505,0
2025-11-21 13:35:00+05:30,168.45,168.64,168.43,168.64,1425065,0
2025-11-21 13:40:00+05:30,168.64,168.7,168.5,168.59,439495,0
2025-11-21 13:45:00+05:30,168.59,168.59,168.46,168.5,938221,0
2025-11-21 13:50:00+05:30,168.5,168.63,168.46,168.6,379474,0
2025-11-21 13:55:00+05:30,168.63,168.87,168.59,168.68,451007,0
2025-11-21 14:00:00+05:30,168.7,168.88,168.68,168.78,499033,0
2025-11-21 14:05:00+05:30,168.74,168.8,168.66,168.68,513208,0
2025-11-21 14:10:00+05:30,168.69,168.98,168.65,168.9,549628,0
2025-11-21 14:15:00+05:30,168.9,168.96,168.76,168.79,288214,0
2025-11-21 14:20:00+05:30,168.77,169.18,168.75,169.07,1839346,0
2025-11-21 14:25:00+05:30,169.07,169.15,168.9,169.13,260488,0
2025-11-21 14:30:00+05:30,169.11,169.3,169.1,169.14,262889,0
2025-11-21 14:35:00+05:30,169.14,169.2,168.92,168.92,237027,0
2025-11-21 14:40:00+05:30,168.94,169.03,168.67,168.68,175857,0
2025-11-21 14:45:00+05:30,168.68,168.91,168.62,168.63,207568,0
2025-11-21 14:50:00+05:30,168.66,168.73,168.5,168.52,139975,0
2025-11-21 14:55:00+05:30,168.53,168.62,168.07,168.12,783611,0
2025-11-21 15:00:00+05:30,168.14,168.26,168.0,168.14,574426,0
2025-11-21 15:05:00+05:30,168.14,168.15,167.9,168.05,537457,0
2025-11-21 15:10:00+05:30,168.01,168.1,167.9,168.0,425335,0
2025-11-21 15:15:00+05:30,168.04,168.2,167.9,167.99,990118,0
2025-11-21 15:20:00+05:30,168.0,168.09,167.7,167.82,483933,0
2025-11-21 15:25:00+05:30,167.82,168.05,167.75,168.0,443046,0
2025-11-24 09:15:00+05:30,168.0,168.2,167.34,167.93,1117910,0
2025-11-24 09:20:00+05:30,167.93,168.0,167.64,167.9,308000,0
2025-11-24 09:25:00+05:30,167.9,168.38,167.89,168.11,413243,0
2025-11-24 09:30:00+05:30,168.09,168.3,167.85,168.13,289015,0
2025-11-24 09:35:00+05:30,168.13,168.13,167.94,167.99,151121,0
2025-11-24 09:40:00+05:30,167.99,168.02,167.65,167.65,208503,0
2025-11-24 09:45:00+05:30,167.71,167.99,167.55,167.99,228497,0
2025-11-24 09:50:00+05:30,167.95,167.99,167.71,167.84,144591,0
2025-11-24 09:55:00+05:30,167.84,167.89,167.77,167.88,82265,0
2025-11-24 10:00:00+05:30,167.88,168.35,167.84,168.22,339995,0
2025-11-24 10:05:00+05:30,168.22,168.28,167.77,167.92,127599,0
2025-11-24 10:10:00+05:30,167.94,168.05,167.92,168.0,77088,0
2025-11-24 10:15:00+05:30,168.04,168.05,167.78,167.8,95664,0
2025-11-24 10:20:00+05:30,167.86,167.9,167.75,167.81,144103,0
2025-11-24 10:25:00+05:30,167.81,168.27,167.78,167.99,216294,0
2025-11-24 10:30:00+05:30,167.99,168.02,167.82,168.0,64240,0
2025-11-24 10:35:00+05:30,168.0,168.24,168.0,168.08,182308,0
2025-11-24 10:40:00+05:30,168.07,168.08,168.0,168.06,72009,0
2025-11-24 10:45:00+05:30,168.05,168.08,167.9,167.9,84218,0
2025-11-24 10:50:00+05:30,167.91,167.91,167.66,167.67,153088,0
2025-11-24 10:55:00+05:30,167.68,167.75,167.62,167.64,305334,0
2025-11-24 11:00:00+05:30,167.65,167.68,167.5,167.5,340037,0
2025-11-24 11:05:00+05:30,167.51,167.51,167.09,167.13,190378,0
2025-11-24 11:10:00+05:30,167.17,167.51,167.13,167.41,243278,0
2025-11-24 11:15:00+05:30,167.42,167.45,167.23,167.28,103202,0
2025-11-24 11:20:00+05:30,167.28,167.39,167.25,167.3,59081,0
2025-11-24 11:25:00+05:30,167.34,167.41,167.3,167.34,60554,0
2025-11-24 11:30:00+05:30,167.34,167.35,167.2,167.26,70639,0
2025-11-24 11:35:00+05:30,167.26,167.41,167.17,167.38,192143,0
2025-11-24 11:40:00+05:30,167.4,167.4,167.25,167.27,66101,0
2025-11-24 11:45:00+05:30,167.27,167.27,167.0,167.0,311775,0
2025-11-24 11:50:00+05:30,167.01,167.07,166.8,166.8,278617,0
2025-11-24 11:55:00+05:30,166.82,166.87,166.62,166.74,329951,0
2025-11-24 12:00:00+05:30,166.79,166.94,166.69,166.86,83195,0
2025-11-24 12:05:00+05:30,166.86,166.91,166.65,166.69,51980,0
2025-11-24 12:10:00+05:30,166.67,166.72,166.4,166.4,214739,0
2025-11-24 12:15:00+05:30,166.41,166.65,166.4,166.63,280438,0
2025-11-24 12:20:00+05:30,166.63,166.77,166.33,166.42,113265,0
2025-11-24 12:25:00+05:30,166.46,166.5,166.37,166.49,45852,0
2025-11-24 12:30:00+05:30,166.49,166.65,166.3,166.61,172110,0
2025-11-24 12:35:00+05:30,166.61,166.74,166.52,166.58,82171,0
2025-11-24 12:40:00+05:30,166.61,166.62,166.46,166.58,61527,0
2025-11-24 12:45:00+05:30,166.58,166.75,166.56,166.66,55923,0
2025-11-24 12:50:00+05:30,166.66,166.7,166.61,166.65,41755,0
2025-11-24 12:55:00+05:30,166.67,166.71,166.52,166.68,47833,0
2025-11-24 13:00:00+05:30,166.71,166.71,166.56,166.64,48923,0
2025-11-24 13:05:00+05:30,166.64,166.69,166.5,166.63,70419,0
2025-11-24 13:10:00+05:30,166.63,166.72,166.58,166.66,59150,0
2025-11-24 13:15:00+05:30,166.66,166.7,166.52,166.61,84821,0
2025-11-24 13:20:00+05:30,166.61,166.69,166.6,166.69,68020,0
2025-11-24 13:25:00+05:30,166.68,166.69,166.16,166.22,453418,0
2025-11-24 13:30:00+05:30,166.22,166.38,166.19,166.3,68488,0
2025-11-24 13:35:00+05:30,166.3,166.48,166.28,166.42,87303,0
2025-11-24 13:40:00+05:30,166.42,166.42,166.28,166.34,72662,0
2025-11-24 13:45:00+05:30,166.34,166.42,166.3,166.36,42277,0
2025-11-24 13:50:00+05:30,166.36,166.42,166.29,166.34,52204,0
2025-11-24 13:55:00+05:30,166.34,166.43,166.25,166.35,86262,0
2025-11-24 14:00:00+05:30,166.36,166.38,166.15,166.2,181828,0
2025-11-24 14:05:00+05:30,166.2,166.31,166.0,166.11,483851,0
2025-11-24 14:10:00+05:30,166.11,166.15,166.01,166.03,171016,0
2025-11-24 14:15:00+05:30,166.03,166.08,165.86,165.92,254719,0
2025-11-24 14:20:00+05:30,165.92,166.1,165.83,166.0,170438,0
2025-11-24 14:25:00+05:30,166.0,166.08,165.73,165.8,141551,0
2025-11-24 14:30:00+05:30,165.81,165.86,165.61,165.77,188724,0
2025-11-24 14:35:00+05:30,165.77,165.97,165.66,165.78,243004,0
2025-11-24 14:40:00+05:30,165.78,166.05,165.7,166.03,308345,0
2025-11-24 14:45:00+05:30,166.05,166.12,165.85,165.9,421958,0
2025-11-24 14:50:00+05:30,165.9,165.97,165.5,165.69,344851,0
2025-11-24 14:55:00+05:30,165.69,165.82,165.53,165.56,330304,0
2025-11-24 15:00:00+05:30,165.56,165.67,165.24,165.3,2776868,0
2025-11-24 15:05:00+05:30,165.3,165.5,165.25,165.47,2765804,0
2025-11-24 15:10:00+05:30,165.47,165.58,165.29,165.34,3132263,0
2025-11-24 15:15:00+05:30,165.35,165.47,165.28,165.43,3665493,0
2025-11-24 15:20:00+05:30,165.43,165.43,165.18,165.32,3679134,0
2025-11-24 15:25:00+05:30,165.32,166.03,165.3,165.5,2444097,0
2025-11-25 09:15:00+05:30,166.0,166.2,165.08,166.17,1010549,0
2025-11-25 09:20:00+05:30,166.17,166.8,166.12,166.75,521839,0
2025-11-25 09:25:00+05:30,166.75,166.8,166.47,166.54,337019,0
2025-11-25 09:30:00+05:30,166.56,166.75,166.42,166.64,363909,0
2025-11-25 09:35:00+05:30,166.62,166.9,166.55,166.76,247577,0
2025-11-25 09:40:00+05:30,166.75,166.85,166.58,166.6,207702,0
2025-11-25 09:45:00+05:30,166.64,166.78,166.51,166.66,134763,0
2025-11-25 09:50:00+05:30,166.61,166.85,166.5,166.68,188237,0
2025-11-25 09:55:00+05:30,166.73,166.8,166.4,166.47,197556,0
2025-11-25 10:00:00+05:30,166.46,166.73,166.41,166.65,85034,0
2025-11-25 10:05:00+05:30,166.63,166.75,166.3,166.33,90436,0
2025-11-25 10:10:00+05:30,166.35,166.65,166.26,166.64,161007,0
2025-11-25 10:15:00+05:30,166.64,167.1,166.56,166.93,550434,0
2025-11-25 10:20:00+05:30,166.97,167.1,166.85,167.05,246845,0
2025-11-25 10:25:00+05:30,167.05,167.13,166.98,167.09,238240,0
2025-11-25 10:30:00+05:30,167.09,167.13,166.94,167.08,252915,0
2025-11-25 10:35:00+05:30,167.1,167.27,166.92,167.24,190930,0
2025-11-25 10:40:00+05:30,167.24,167.24,166.8,166.96,212979,0
2025-11-25 10:45:00+05:30,166.95,166.97,166.53,166.56,196449,0
2025-11-25 10:50:00+05:30,166.56,166.8,166.35,166.7,365285,0
2025-11-25 10:55:00+05:30,166.64,166.74,166.11,166.19,348575,0
2025-11-25 11:00:00+05:30,166.2,166.25,165.77,165.83,404738,0
2025-11-25 11:05:00+05:30,165.89,165.96,165.5,165.83,352586,0
2025-11-25 11:10:00+05:30,165.84,166.06,165.7,165.99,225072,0
2025-11-25 11:15:00+05:30,165.99,166.14,165.85,165.94,170087,0
2025-11-25 11:20:00+05:30,165.94,166.25,165.85,166.14,298209,0
2025-11-25 11:25:00+05:30,166.15,166.23,166.03,166.18,228975,0
2025-11-25 11:30:00+05:30,166.18,166.23,166.04,166.2,164980,0
2025-11-25 11:35:00+05:30,166.2,166.25,166.0,166.2,174621,0
2025-11-25 11:40:00+05:30,166.25,166.5,166.19,166.4,187863,0
2025-11-25 11:45:00+05:30,166.4,166.47,166.18,166.32,160850,0
2025-11-25 11:50:00+05:30,166.34,166.45,166.28,166.45,87099,0
2025-11-25 11:55:00+05:30,166.44,166.49,166.3,166.44,136386,0
2025-11-25 12:00:00+05:30,166.44,166.52,166.4,166.45,166275,0
2025-11-25 12:05:00+05:30,166.45,166.61,166.41,166.55,131162,0
2025-11-25 12:10:00+05:30,166.55,166.56,166.3,166.35,168586,0
2025-11-25 12:15:00+05:30,166.35,166.35,166.11,166.17,168324,0
2025-11-25 12:20:00+05:30,166.16,166.31,166.1,166.28,94669,0
2025-11-25 12:25:00+05:30,166.28,166.33,166.16,166.19,96886,0
2025-11-25 12:30:00+05:30,166.26,166.42,166.25,166.32,79326,0
2025-11-25 12:35:00+05:30,166.28,166.39,166.24,166.34,128820,0
2025-11-25 12:40:00+05:30,166.34,166.4,166.2,166.21,87592,0
2025-11-25 12:45:00+05:30,166.24,166.45,166.18,166.36,266726,0
2025-11-25 12:50:00+05:30,166.32,166.37,165.92,166.1,273952,0
2025-11-25 12:55:00+05:30,166.11,166.15,165.9,166.05,121130,0
2025-11-25 13:00:00+05:30,166.02,166.1,165.76,165.92,168181,0
2025-11-25 13:05:00+05:30,165.89,166.03,165.81,166.0,137704,0
2025-11-25 13:10:00+05:30,165.96,166.05,165.87,165.91,93917,0
2025-11-25 13:15:00+05:30,165.91,166.08,165.91,166.07,159146,0
2025-11-25 13:20:00+05:30,166.07,166.09,165.9,166.0,100072,0
2025-11-25 13:25:00+05:30,166.0,166.0,165.8,165.85,89780,0
2025-11-25 13:30:00+05:30,165.85,165.85,165.58,165.67,150723,0
2025-11-25 13:35:00+05:30,165.73,165.86,165.6,165.85,171384,0
2025-11-25 13:40:00+05:30,165.84,165.89,165.57,165.82,348800,0
2025-11-25 13:45:00+05:30,165.82,166.0,165.7,165.97,91094,0
2025-11-25 13:50:00+05:30,165.97,166.0,165.83,165.89,82609,0
2025-11-25 13:55:00+05:30,165.89,165.89,165.7,165.78,100481,0
2025-11-25 14:00:00+05:30,165.78,165.96,165.73,165.96,270570,0
2025-11-25 14:05:00+05:30,165.93,166.0,165.82,165.89,135379,0
2025-11-25 14:10:00+05:30,165.89,166.13,165.67,166.08,454308,0
2025-11-25 14:15:00+05:30,166.08,166.22,165.97,166.12,330057,0
2025-11-25 14:20:00+05:30,166.12,166.2,165.96,165.99,128825,0
2025-11-25 14:25:00+05:30,165.99,166.0,165.75,165.82,201018,0
2025-11-25 14:30:00+05:30,165.8,165.99,165.75,165.84,246396,0
2025-11-25 14:35:00+05:30,165.86,166.25,165.74,166.2,528395,0
2025-11-25 14:40:00+05:30,166.2,166.76,166.15,166.73,402259,0
2025-11-25 14:45:00+05:30,166.74,166.83,166.49,166.64,321332,0
2025-11-25 14:50:00+05:30,166.65,166.69,166.34,166.43,199896,0
2025-11-25 14:55:00+05:30,166.44,166.55,166.3,166.33,249992,0
2025-11-25 15:00:00+05:30,166.33,166.58,166.25,166.34,604579,0
2025-11-25 15:05:00+05:30,166.34,166.48,166.29,166.39,595542,0
2025-11-25 15:10:00+05:30,166.39,166.44,166.22,166.25,723924,0
2025-11-25 15:15:00+05:30,166.25,166.45,166.23,166.38,902747,0
2025-11-25 15:20:00+05:30,166.38,166.44,166.19,166.25,910985,0
2025-11-25 15:25:00+05:30,166.29,166.42,166.1,166.16,548906,0
2025-11-26 09:15:00+05:30,167.0,168.9,166.9,168.8,946668,0
2025-11-26 09:20:00+05:30,168.79,169.6,168.75,169.39,1050921,0
2025-11-26 09:25:00+05:30,169.35,169.7,169.2,169.21,580687,0
2025-11-26 09:30:00+05:30,169.27,169.29,168.75,168.95,486562,0
2025-11-26 09:35:00+05:30,169.0,169.51,168.95,169.45,459517,0
2025-11-26 09:40:00+05:30,169.45,169.49,169.08,169.4,253514,0
2025-11-26 09:45:00+05:30,169.36,169.6,169.23,169.45,238573,0
2025-11-26 09:50:00+05:30,169.47,169.66,169.39,169.6,265247,0
2025-11-26 09:55:00+05:30,169.6,169.65,169.31,169.46,222752,0
2025-11-26 10:00:00+05:30,169.46,169.6,169.35,169.55,194800,0
2025-11-26 10:05:00+05:30,169.5,169.59,169.36,169.4,86527,0
2025-11-26 10:10:00+05:30,169.4,169.44,169.0,169.09,292427,0
2025-11-26 10:15:00+05:30,169.15,169.35,169.11,169.3,72737,0
2025-11-26 10:20:00+05:30,169.34,169.5,169.25,169.48,271174,0
2025-11-26 10:25:00+05:30,169.48,169.5,169.2,169.3,122164,0
2025-11-26 10:30:00+05:30,169.3,169.42,169.21,169.38,76899,0
2025-11-26 10:35:00+05:30,169.35,169.55,169.25,169.48,157254,0
2025-11-26 10:40:00+05:30,169.48,169.59,169.34,169.57,140883,0
2025-11-26 10:45:00+05:30,169.59,169.95,169.52,169.58,377192,0
2025-11-26 10:50:00+05:30,169.6,169.66,169.35,169.42,178435,0
2025-11-26 10:55:00+05:30,169.46,169.46,169.13,169.26,186697,0
2025-11-26 11:00:00+05:30,169.26,169.26,169.15,169.23,57425,0
2025-11-26 11:05:00+05:30,169.23,169.31,169.11,169.13,96194,0
2025-11-26 11:10:00+05:30,169.13,169.13,168.76,168.94,309996,0
2025-11-26 11:15:00+05:30,168.93,169.05,168.89,168.98,63509,0
2025-11-26 11:20:00+05:30,168.97,169.0,168.53,168.68,545260,0
2025-11-26 11:25:00+05:30,168.73,168.98,168.52,168.77,269933,0
2025-11-26 11:30:00+05:30,168.77,168.87,168.66,168.71,60690,0
2025-11-26 11:35:00+05:30,168.76,168.93,168.7,168.89,40259,0
2025-11-26 11:40:00+05:30,168.89,168.92,168.75,168.78,52759,0
2025-11-26 11:45:00+05:30,168.76,168.92,168.73,168.9,33652,0
2025-11-26 11:50:00+05:30,168.88,169.25,168.86,169.19,93361,0
2025-11-26 11:55:00+05:30,169.19,169.25,169.01,169.14,91821,0
2025-11-26 12:00:00+05:30,169.14,169.35,169.07,169.25,111138,0
2025-11-26 12:05:00+05:30,169.21,169.3,169.0,169.2,91176,0
2025-11-26 12:10:00+05:30,169.21,169.22,169.07,169.15,46110,0
2025-11-26 12:15:00+05:30,169.15,169.35,169.12,169.29,82856,0
2025-11-26 12:20:00+05:30,169.29,169.35,169.24,169.27,44657,0
2025-11-26 12:25:00+05:30,169.28,169.32,169.11,169.25,130138,0
2025-11-26 12:30:00+05:30,169.25,169.3,169.15,169.28,77592,0
2025-11-26 12:35:00+05:30,169.26,169.35,169.05,169.13,196975,0
2025-11-26 12:40:00+05:30,169.11,169.15,169.05,169.13,40504,0
2025-11-26 12:45:00+05:30,169.13,169.15,169.05,169.1,59655,0
2025-11-26 12:50:00+05:30,169.15,169.25,169.1,169.14,65180,0
2025-11-26 12:55:00+05:30,169.14,169.2,169.03,169.18,46377,0
2025-11-26 13:00:00+05:30,169.15,169.2,169.08,169.2,65258,0
2025-11-26 13:05:00+05:30,169.2,169.29,169.11,169.29,140181,0
2025-11-26 13:10:00+05:30,169.29,169.4,169.15,169.2,68559,0
2025-11-26 13:15:00+05:30,169.2,169.24,169.09,169.19,65300,0
2025-11-26 13:20:00+05:30,169.19,169.2,169.04,169.13,40055,0
2025-11-26 13:25:00+05:30,169.12,169.14,168.89,168.9,115437,0
2025-11-26 13:30:00+05:30,168.9,169.0,168.83,168.98,85499,0
2025-11-26 13:35:00+05:30,168.95,169.08,168.92,169.03,50485,0
2025-11-26 13:40:00+05:30,169.01,169.11,168.9,168.97,85854,0
2025-11-26 13:45:00+05:30,168.97,169.11,168.91,169.1,38294,0
2025-11-26 13:50:00+05:30,169.09,169.29,169.06,169.21,138330,0
2025-11-26 13:55:00+05:30,169.24,169.25,169.13,169.16,31542,0
2025-11-26 14:00:00+05:30,169.21,169.4,169.15,169.27,216613,0
2025-11-26 14:05:00+05:30,169.3,169.36,169.25,169.33,25438,0
2025-11-26 14:10:00+05:30,169.35,169.5,169.27,169.28,86957,0
2025-11-26 14:15:00+05:30,169.3,169.49,169.23,169.45,115319,0
2025-11-26 14:20:00+05:30,169.45,169.8,169.45,169.76,998400,0
2025-11-26 14:25:00+05:30,169.76,169.8,169.41,169.44,401954,0
2025-11-26 14:30:00+05:30,169.45,169.75,169.41,169.54,159033,0
2025-11-26 14:35:00+05:30,169.6,169.6,169.5,169.6,81299,0
2025-11-26 14:40:00+05:30,169.6,169.68,169.53,169.58,222717,0
2025-11-26 14:45:00+05:30,169.62,169.69,169.55,169.56,122537,0
2025-11-26 14:50:00+05:30,169.55,169.62,169.37,169.48,316581,0
2025-11-26 14:55:00+05:30,169.48,169.6,169.33,169.41,111864,0
2025-11-26 15:00:00+05:30,169.41,169.69,169.4,169.69,273085,0
2025-11-26 15:05:00+05:30,169.67,169.79,169.62,169.78,206283,0
2025-11-26 15:10:00+05:30,169.78,169.9,169.73,169.9,303660,0
2025-11-26 15:15:00+05:30,169.9,169.93,169.7,169.8,382111,0
2025-11-26 15:20:00+05:30,169.86,169.86,169.46,169.5,388249,0
2025-11-26 15:25:00+05:30,169.5,169.59,169.3,169.59,332676,0
2025-11-27 09:15:00+05:30,170.45,170.83,169.8,170.53,931872,0
2025-11-27 09:20:00+05:30,170.54,171.0,170.39,170.56,1181209,0
2025-11-27 09:25:00+05:30,170.55,170.64,170.11,170.37,364973,0
2025-11-27 09:30:00+05:30,170.34,170.38,169.92,170.07,341817,0
2025-11-27 09:35:00+05:30,170.05,170.1,169.85,169.93,190117,0
2025-11-27 09:40:00+05:30,169.9,169.94,169.4,169.5,342595,0
2025-11-27 09:45:00+05:30,169.5,169.76,169.5,169.64,167959,0
2025-11-27 09:50:00+05:30,169.64,169.64,169.3,169.4,267918,0
2025-11-27 09:55:00+05:30,169.4,169.56,169.26,169.52,155516,0
2025-11-27 10:00:00+05:30,169.52,169.67,169.45,169.46,91295,0
2025-11-27 10:05:00+05:30,169.47,169.48,169.21,169.23,225806,0
2025-11-27 10:10:00+05:30,169.26,169.33,169.0,169.18,227626,0
2025-11-27 10:15:00+05:30,169.18,169.22,169.03,169.19,165889,0
2025-11-27 10:20:00+05:30,169.19,169.3,169.04,169.19,322669,0
2025-11-27 10:25:00+05:30,169.19,169.42,169.0,169.41,158432,0
2025-11-27 10:30:00+05:30,169.41,169.41,169.12,169.22,118258,0
2025-11-27 10:35:00+05:30,169.22,169.4,169.12,169.39,76314,0
2025-11-27 10:40:00+05:30,169.39,169.5,169.31,169.41,126000,0
2025-11-27 10:45:00+05:30,169.47,169.54,169.25,169.32,108257,0
2025-11-27 10:50:00+05:30,169.32,169.35,169.11,169.2,96317,0
2025-11-27 10:55:00+05:30,169.2,169.2,169.1,169.2,82278,0
2025-11-27 11:00:00+05:30,169.19,169.35,169.13,169.21,91724,0
2025-11-27 11:05:00+05:30,169.2,169.25,169.13,169.19,64634,0
2025-11-27 11:10:00+05:30,169.25,169.25,169.15,169.19,44103,0
2025-11-27 11:15:00+05:30,169.19,169.2,168.9,168.92,240841,0
2025-11-27 11:20:00+05:30,168.91,168.93,168.8,168.85,119751,0
2025-11-27 11:25:00+05:30,168.87,168.99,168.84,168.95,80097,0
2025-11-27 11:30:00+05:30,168.97,168.98,168.8,168.88,255909,0
2025-11-27 11:35:00+05:30,168.88,168.88,168.75,168.77,107567,0
2025-11-27 11:40:00+05:30,168.8,168.9,168.4,168.5,557520,0
2025-11-27 11:45:00+05:30,168.5,168.6,168.11,168.19,583596,0
2025-11-27 11:50:00+05:30,168.19,168.32,168.09,168.3,244847,0
2025-11-27 11:55:00+05:30,168.31,168.45,168.29,168.37,122604,0
2025-11-27 12:00:00+05:30,168.38,168.9,168.37,168.59,334368,0
2025-11-27 12:05:00+05:30,168.59,168.71,168.3,168.39,281270,0
2025-11-27 12:10:00+05:30,168.38,168.44,168.32,168.4,74962,0
2025-11-27 12:15:00+05:30,168.41,168.51,168.25,168.28,148591,0
2025-11-27 12:20:00+05:30,168.27,168.35,168.11,168.14,143192,0
2025-11-27 12:25:00+05:30,168.14,168.14,167.8,167.93,371423,0
2025-11-27 12:30:00+05:30,167.94,168.03,167.85,167.88,91840,0
2025-11-27 12:35:00+05:30,167.88,167.91,167.8,167.81,102936,0
2025-11-27 12:40:00+05:30,167.81,168.14,167.81,168.07,87911,0
2025-11-27 12:45:00+05:30,168.07,168.23,168.0,168.18,151891,0
2025-11-27 12:50:00+05:30,168.17,168.35,168.1,168.27,213130,0
2025-11-27 12:55:00+05:30,168.28,168.32,168.15,168.17,55703,0
2025-11-27 13:00:00+05:30,168.16,168.18,168.0,168.04,82489,0
2025-11-27 13:05:00+05:30,168.02,168.1,167.9,167.93,153579,0
2025-11-27 13:10:00+05:30,167.93,167.97,167.52,167.6,221438,0
2025-11-27 13:15:00+05:30,167.6,167.76,167.4,167.59,290158,0
2025-11-27 13:20:00+05:30,167.59,167.71,167.45,167.5,220700,0
2025-11-27 13:25:00+05:30,167.5,167.63,167.31,167.5,213526,0
2025-11-27 13:30:00+05:30,167.51,167.58,167.18,167.55,387973,0
2025-11-27 13:35:00+05:30,167.5,167.59,167.31,167.46,152123,0
2025-11-27 13:40:00+05:30,167.46,167.54,167.41,167.47,71296,0
2025-11-27 13:45:00+05:30,167.48,167.65,167.4,167.6,135765,0
2025-11-27 13:50:00+05:30,167.61,167.83,167.59,167.67,139510,0
2025-11-27 13:55:00+05:30,167.68,167.87,167.61,167.75,187097,0
2025-11-27 14:00:00+05:30,167.75,167.89,167.62,167.72,254993,0
2025-11-27 14:05:00+05:30,167.74,167.84,167.66,167.78,139079,0
2025-11-27 14:10:00+05:30,167.77,168.09,167.74,167.83,210417,0
2025-11-27 14:15:00+05:30,167.85,168.12,167.82,168.05,171975,0
2025-11-27 14:20:00+05:30,168.06,168.3,168.01,168.14,414444,0
2025-11-27 14:25:00+05:30,168.15,168.27,167.97,167.97,137033,0
2025-11-27 14:30:00+05:30,167.99,168.1,167.77,168.05,328674,0
2025-11-27 14:35:00+05:30,168.06,168.15,168.01,168.06,103434,0
2025-11-27 14:40:00+05:30,168.07,168.14,167.86,168.0,208017,0
2025-11-27 14:45:00+05:30,168.01,168.01,167.76,167.86,124062,0
2025-11-27 14:50:00+05:30,167.86,167.93,167.7,167.9,166454,0
2025-11-27 14:55:00+05:30,167.9,168.07,167.83,167.99,280949,0
2025-11-27 15:00:00+05:30,167.97,168.2,167.95,168.15,226100,0
2025-11-27 15:05:00+05:30,168.15,168.18,168.03,168.1,206101,0
2025-11-27 15:10:00+05:30,168.09,168.42,168.05,168.26,657832,0
2025-11-27 15:15:00+05:30,168.2,168.3,167.96,168.08,689386,0
2025-11-27 15:20:00+05:30,168.08,168.17,168.0,168.02,387024,0
2025-11-27 15:25:00+05:30,168.02,168.18,167.98,168.1,262404,0
2025-11-28 09:15:00+05:30,168.13,168.64,167.29,167.74,534667,0
2025-11-28 09:20:00+05:30,167.82,167.94,167.51,167.6,250967,0
2025-11-28 09:25:00+05:30,167.6,168.1,167.55,168.03,165138,0
2025-11-28 09:30:00+05:30,168.03,168.31,167.9,168.26,243794,0
2025-11-28 09:35:00+05:30,168.25,168.31,167.92,167.96,235734,0
2025-11-28 09:40:00+05:30,167.98,168.31,167.93,168.16,139244,0
2025-11-28 09:45:00+05:30,168.19,168.31,168.05,168.16,142754,0
2025-11-28 09:50:00+05:30,168.14,168.29,168.05,168.2,131377,0
2025-11-28 09:55:00+05:30,168.19,168.2,167.88,168.0,96621,0
2025-11-28 10:00:00+05:30,168.0,168.13,167.51,167.77,252284,0
2025-11-28 10:05:00+05:30,167.77,168.09,167.75,167.95,99046,0
2025-11-28 10:10:00+05:30,167.95,167.95,167.75,167.85,96616,0
2025-11-28 10:15:00+05:30,167.85,167.93,167.7,167.85,93110,0
2025-11-28 10:20:00+05:30,167.83,167.98,167.75,167.88,84856,0
2025-11-28 10:25:00+05:30,167.88,168.34,167.82,168.08,141249,0
2025-11-28 10:30:00+05:30,168.08,168.25,168.03,168.18,213444,0
2025-11-28 10:35:00+05:30,168.18,168.35,168.15,168.35,101968,0
2025-11-28 10:40:00+05:30,168.3,168.4,168.28,168.31,96502,0
2025-11-28 10:45:00+05:30,168.3,168.65,168.2,168.56,222619,0
2025-11-28 10:50:00+05:30,168.56,168.65,168.37,168.44,271158,0
2025-11-28 10:55:00+05:30,168.44,168.45,168.31,168.41,98880,0
2025-11-28 11:00:00+05:30,168.41,168.65,168.35,168.63,88999,0
2025-11-28 11:05:00+05:30,168.57,168.68,168.5,168.53,120461,0
2025-11-28 11:10:00+05:30,168.54,168.9,168.48,168.79,146848,0
2025-11-28 11:15:00+05:30,168.79,169.0,168.51,168.6,176639,0
2025-11-28 11:20:00+05:30,168.6,168.66,168.45,168.55,149405,0
2025-11-28 11:25:00+05:30,168.55,168.59,167.46,167.59,1495956,0
2025-11-28 11:30:00+05:30,167.59,167.96,167.39,167.87,545280,0
2025-11-28 11:35:00+05:30,167.87,168.06,167.75,167.92,194442,0
2025-11-28 11:40:00+05:30,167.91,168.15,167.75,168.04,202637,0
2025-11-28 11:45:00+05:30,168.04,168.6,168.0,168.54,344132,0
2025-11-28 11:50:00+05:30,168.57,168.58,168.29,168.57,206364,0
2025-11-28 11:55:00+05:30,168.57,168.57,168.3,168.32,131681,0
2025-11-28 12:00:00+05:30,168.39,168.4,168.14,168.25,60023,0
2025-11-28 12:05:00+05:30,168.24,168.55,168.22,168.55,102930,0
2025-11-28 12:10:00+05:30,168.54,168.63,168.4,168.4,77916,0
2025-11-28 12:15:00+05:30,168.41,168.47,168.33,168.37,72848,0
2025-11-28 12:20:00+05:30,168.38,168.5,168.35,168.43,71987,0
2025-11-28 12:25:00+05:30,168.43,168.58,168.33,168.38,63124,0
2025-11-28 12:30:00+05:30,168.38,168.42,168.1,168.1,120175,0
2025-11-28 12:35:00+05:30,168.14,168.25,168.02,168.23,157903,0
2025-11-28 12:40:00+05:30,168.21,168.25,168.1,168.15,42620,0
2025-11-28 12:45:00+05:30,168.11,168.18,167.88,167.95,122465,0
2025-11-28 12:50:00+05:30,167.95,168.07,167.84,168.02,76678,0
2025-11-28 12:55:00+05:30,168.0,168.3,167.96,168.2,98682,0
2025-11-28 13:00:00+05:30,168.16,168.26,168.04,168.1,57409,0
2025-11-28 13:05:00+05:30,168.09,168.17,168.0,168.13,57276,0
2025-11-28 13:10:00+05:30,168.1,168.25,168.01,168.18,84311,0
2025-11-28 13:15:00+05:30,168.18,168.24,167.99,168.03,59129,0
2025-11-28 13:20:00+05:30,168.0,168.17,167.99,168.14,59951,0
2025-11-28 13:25:00+05:30,168.14,168.17,168.04,168.17,48702,0
2025-11-28 13:30:00+05:30,168.16,168.3,168.16,168.24,76227,0
2025-11-28 13:35:00+05:30,168.21,168.24,168.08,168.13,50546,0
2025-11-28 13:40:00+05:30,168.08,168.13,168.0,168.06,32524,0
2025-11-28 13:45:00+05:30,168.04,168.08,167.87,168.02,89243,0
2025-11-28 13:50:00+05:30,168.02,168.05,167.9,167.98,58253,0
2025-11-28 13:55:00+05:30,167.97,168.05,167.93,168.03,29460,0
2025-11-28 14:00:00+05:30,168.03,168.13,168.01,168.08,52591,0
2025-11-28 14:05:00+05:30,168.08,168.16,168.01,168.13,42304,0
2025-11-28 14:10:00+05:30,168.06,168.13,168.05,168.1,26732,0
2025-11-28 14:15:00+05:30,168.07,168.12,168.03,168.1,18800,0
2025-11-28 14:20:00+05:30,168.08,168.11,167.92,168.05,72611,0
2025-11-28 14:25:00+05:30,168.03,168.14,168.01,168.06,45107,0
2025-11-28 14:30:00+05:30,168.06,168.15,167.94,168.0,57711,0
2025-11-28 14:35:00+05:30,168.0,168.11,167.9,167.99,58933,0
2025-11-28 14:40:00+05:30,167.95,168.03,167.92,167.98,44211,0
2025-11-28 14:45:00+05:30,167.98,167.98,167.85,167.92,76107,0
2025-11-28 14:50:00+05:30,167.92,167.93,167.7,167.75,171241,0
2025-11-28 14:55:00+05:30,167.75,167.9,167.72,167.8,74684,0
2025-11-28 15:00:00+05:30,167.8,168.08,167.78,168.08,225005,0
2025-11-28 15:05:00+05:30,168.05,168.13,167.81,167.96,244948,0
2025-11-28 15:10:00+05:30,167.95,167.98,167.8,167.86,255296,0
2025-11-28 15:15:00+05:30,167.87,168.0,167.8,167.98,404944,0
2025-11-28 15:20:00+05:30,167.96,168.05,167.84,168.02,415383,0
2025-11-28 15:25:00+05:30,168.02,168.18,168.0,168.14,398665,0
2025-12-01 09:15:00+05:30,169.0,169.5,168.7,169.23,834666,0
2025-12-01 09:20:00+05:30,169.23,169.65,169.1,169.25,417955,0
2025-12-01 09:25:00+05:30,169.29,169.47,168.96,169.28,242637,0
2025-12-01 09:30:00+05:30,169.29,169.31,168.87,169.03,188501,0
2025-12-01 09:35:00+05:30,168.95,169.1,168.38,168.43,270866,0
2025-12-01 09:40:00+05:30,168.42,168.59,168.33,168.5,141162,0
2025-12-01 09:45:00+05:30,168.5,168.7,168.3,168.59,202909,0
2025-12-01 09:50:00+05:30,168.56,168.61,168.4,168.5,120515,0
2025-12-01 09:55:00+05:30,168.51,168.6,168.35,168.35,95936,0
2025-12-01 10:00:00+05:30,168.39,168.43,168.14,168.4,170416,0
2025-12-01 10:05:00+05:30,168.4,168.45,168.17,168.34,136490,0
2025-12-01 10:10:00+05:30,168.34,168.99,168.32,168.82,479634,0
2025-12-01 10:15:00+05:30,168.78,168.95,168.64,168.85,171341,0
2025-12-01 10:20:00+05:30,168.85,168.86,168.7,168.77,98296,0
2025-12-01 10:25:00+05:30,168.77,168.8,168.65,168.74,85304,0
2025-12-01 10:30:00+05:30,168.73,168.85,168.64,168.72,102165,0
2025-12-01 10:35:00+05:30,168.7,168.84,168.25,168.33,159098,0
2025-12-01 10:40:00+05:30,168.27,168.44,168.25,168.38,88806,0
2025-12-01 10:45:00+05:30,168.37,168.44,168.23,168.3,165391,0
2025-12-01 10:50:00+05:30,168.3,168.3,167.85,167.89,223098,0
2025-12-01 10:55:00+05:30,167.89,168.09,167.81,167.97,128307,0
2025-12-01 11:00:00+05:30,167.97,168.11,167.9,168.09,121766,0
2025-12-01 11:05:00+05:30,168.09,168.1,167.95,167.95,68875,0
2025-12-01 11:10:00+05:30,167.98,168.25,167.95,168.16,54433,0
2025-12-01 11:15:00+05:30,168.19,168.49,168.16,168.33,103864,0
2025-12-01 11:20:00+05:30,168.36,168.49,168.31,168.45,91772,0
2025-12-01 11:25:00+05:30,168.46,168.56,168.4,168.54,182556,0
2025-12-01 11:30:00+05:30,168.54,168.68,168.5,168.63,101918,0
2025-12-01 11:35:00+05:30,168.63,168.64,168.35,168.47,73971,0
2025-12-01 11:40:00+05:30,168.53,168.53,168.12,168.12,115533,0
2025-12-01 11:45:00+05:30,168.12,168.16,167.7,168.02,263335,0
2025-12-01 11:50:00+05:30,168.02,168.24,167.81,168.17,141721,0
2025-12-01 11:55:00+05:30,168.17,168.34,168.06,168.23,187522,0
2025-12-01 12:00:00+05:30,168.23,168.4,168.12,168.27,70864,0
2025-12-01 12:05:00+05:30,168.29,168.45,168.2,168.28,75271,0
2025-12-01 12:10:00+05:30,168.28,168.28,168.11,168.23,63665,0
2025-12-01 12:15:00+05:30,168.23,168.41,168.16,168.38,65379,0
2025-12-01 12:20:00+05:30,168.38,168.45,168.3,168.43,51516,0
2025-12-01 12:25:00+05:30,168.43,168.6,168.34,168.44,77159,0
2025-12-01 12:30:00+05:30,168.44,168.44,168.13,168.25,120058,0
2025-12-01 12:35:00+05:30,168.22,168.39,168.15,168.35,72499,0
2025-12-01 12:40:00+05:30,168.35,168.39,168.12,168.36,67391,0
2025-12-01 12:45:00+05:30,168.37,168.45,168.32,168.38,55881,0
2025-12-01 12:50:00+05:30,168.38,168.46,168.28,168.46,77647,0
2025-12-01 12:55:00+05:30,168.46,168.75,168.46,168.68,156332,0
2025-12-01 13:00:00+05:30,168.68,168.79,168.4,168.51,110795,0
2025-12-01 13:05:00+05:30,168.53,168.55,168.4,168.43,46295,0
2025-12-01 13:10:00+05:30,168.42,168.55,168.35,168.55,67662,0
2025-12-01 13:15:00+05:30,168.55,168.63,168.44,168.6,34670,0
2025-12-01 13:20:00+05:30,168.6,168.65,168.4,168.49,46787,0
2025-12-01 13:25:00+05:30,168.49,168.53,168.26,168.3,101333,0
2025-12-01 13:30:00+05:30,168.3,168.39,168.0,168.02,312097,0
2025-12-01 13:35:00+05:30,168.02,168.52,167.98,168.51,100457,0
2025-12-01 13:40:00+05:30,168.52,168.65,168.32,168.54,150549,0
2025-12-01 13:45:00+05:30,168.54,168.6,168.4,168.6,67211,0
2025-12-01 13:50:00+05:30,168.55,168.6,168.37,168.53,71032,0
2025-12-01 13:55:00+05:30,168.55,168.58,168.4,168.46,47888,0
2025-12-01 14:00:00+05:30,168.48,168.86,168.45,168.79,253832,0
2025-12-01 14:05:00+05:30,168.8,168.89,168.62,168.71,142305,0
2025-12-01 14:10:00+05:30,168.71,168.75,168.47,168.74,173659,0
2025-12-01 14:15:00+05:30,168.74,168.8,168.57,168.69,117951,0
2025-12-01 14:20:00+05:30,168.69,168.75,168.56,168.65,100260,0
2025-12-01 14:25:00+05:30,168.65,168.74,168.56,168.67,73267,0
2025-12-01 14:30:00+05:30,168.67,168.73,168.56,168.67,73836,0
2025-12-01 14:35:00+05:30,168.67,168.73,168.4,168.49,107331,0
2025-12-01 14:40:00+05:30,168.48,168.6,168.37,168.42,97123,0
2025-12-01 14:45:00+05:30,168.5,168.52,168.31,168.42,98183,0
2025-12-01 14:50:00+05:30,168.42,168.45,168.0,168.08,290527,0
2025-12-01 14:55:00+05:30,168.09,168.37,168.01,168.27,284804,0
2025-12-01 15:00:00+05:30,168.26,168.64,168.26,168.58,263923,0
2025-12-01 15:05:00+05:30,168.59,168.7,168.48,168.7,210402,0
2025-12-01 15:10:00+05:30,168.7,168.75,168.58,168.71,254818,0
2025-12-01 15:15:00+05:30,168.71,168.77,168.55,168.7,370121,0
2025-12-01 15:20:00+05:30,168.7,168.8,168.57,168.68,328475,0
2025-12-01 15:25:00+05:30,168.64,168.74,168.33,168.6,371848,0
2025-12-02 09:15:00+05:30,168.43,168.85,167.9,168.22,817707,0
2025-12-02 09:20:00+05:30,168.22,168.54,168.0,168.18,331021,0
2025-12-02 09:25:00+05:30,168.15,168.45,167.84,168.19,284803,0
2025-12-02 09:30:00+05:30,168.21,168.44,168.07,168.2,139159,0
2025-12-02 09:35:00+05:30,168.2,168.39,168.07,168.34,146229,0
2025-12-02 09:40:00+05:30,168.31,168.49,168.25,168.45,183662,0
2025-12-02 09:45:00+05:30,168.45,168.45,168.04,168.04,128243,0
2025-12-02 09:50:00+05:30,168.05,168.08,167.84,167.86,233125,0
2025-12-02 09:55:00+05:30,167.86,168.2,167.84,168.02,101327,0
2025-12-02 10:00:00+05:30,168.02,168.28,167.95,168.22,91562,0
2025-12-02 10:05:00+05:30,168.22,168.23,167.9,167.91,90957,0
2025-12-02 10:10:00+05:30,167.92,167.93,167.55,167.61,336921,0
2025-12-02 10:15:00+05:30,167.6,167.74,167.55,167.66,143716,0
2025-12-02 10:20:00+05:30,167.67,167.94,167.61,167.87,270308,0
2025-12-02 10:25:00+05:30,167.87,167.95,167.73,167.81,100780,0
2025-12-02 10:30:00+05:30,167.8,168.16,167.77,167.9,147478,0
2025-12-02 10:35:00+05:30,167.93,167.93,167.73,167.75,93680,0
2025-12-02 10:40:00+05:30,167.76,167.8,167.51,167.54,131720,0
2025-12-02 10:45:00+05:30,167.54,167.7,167.53,167.68,102490,0
2025-12-02 10:50:00+05:30,167.7,167.9,167.68,167.75,91158,0
2025-12-02 10:55:00+05:30,167.78,167.9,167.69,167.84,106441,0
2025-12-02 11:00:00+05:30,167.84,167.84,167.65,167.75,80643,0
2025-12-02 11:05:00+05:30,167.76,167.82,167.65,167.8,68368,0
2025-12-02 11:10:00+05:30,167.82,167.82,167.69,167.72,66879,0
2025-12-02 11:15:00+05:30,167.72,167.82,167.65,167.68,99330,0
2025-12-02 11:20:00+05:30,167.68,167.69,167.5,167.53,163740,0
2025-12-02 11:25:00+05:30,167.59,167.64,167.51,167.52,95399,0
2025-12-02 11:30:00+05:30,167.51,167.56,167.4,167.54,149792,0
2025-12-02 11:35:00+05:30,167.54,167.92,167.54,167.88,155406,0
2025-12-02 11:40:00+05:30,167.85,167.99,167.57,167.6,167798,0
2025-12-02 11:45:00+05:30,167.58,167.78,167.52,167.71,82075,0
2025-12-02 11:50:00+05:30,167.71,167.75,167.53,167.58,112785,0
2025-12-02 11:55:00+05:30,167.57,167.84,167.51,167.71,92173,0
2025-12-02 12:00:00+05:30,167.73,167.75,167.5,167.63,60260,0
2025-12-02 12:05:00+05:30,167.65,167.75,167.56,167.71,73826,0
2025-12-02 12:10:00+05:30,167.71,167.8,167.6,167.62,100992,0
2025-12-02 12:15:00+05:30,167.62,167.84,167.6,167.8,124854,0
2025-12-02 12:20:00+05:30,167.8,168.05,167.72,168.0,156336,0
2025-12-02 12:25:00+05:30,168.01,168.1,167.89,168.1,128597,0
2025-12-02 12:30:00+05:30,168.08,168.4,168.04,168.17,347414,0
2025-12-02 12:35:00+05:30,168.24,168.45,168.02,168.06,300855,0
2025-12-02 12:40:00+05:30,168.04,168.17,167.93,168.05,127818,0
2025-12-02 12:45:00+05:30,168.05,168.13,167.91,167.95,103844,0
2025-12-02 12:50:00+05:30,167.93,167.99,167.6,167.67,132410,0
2025-12-02 12:55:00+05:30,167.68,167.68,167.4,167.45,206967,0
2025-12-02 13:00:00+05:30,167.45,167.6,167.33,167.47,142184,0
2025-12-02 13:05:00+05:30,167.46,167.7,167.28,167.68,196043,0
2025-12-02 13:10:00+05:30,167.7,167.75,167.55,167.64,93878,0
2025-12-02 13:15:00+05:30,167.63,167.77,167.62,167.71,65930,0
2025-12-02 13:20:00+05:30,167.71,167.95,167.64,167.87,74301,0
2025-12-02 13:25:00+05:30,167.87,167.99,167.8,167.83,132544,0
2025-12-02 13:30:00+05:30,167.83,167.84,167.68,167.75,49639,0
2025-12-02 13:35:00+05:30,167.73,167.88,167.62,167.77,76779,0
2025-12-02 13:40:00+05:30,167.77,167.93,167.7,167.88,101289,0
2025-12-02 13:45:00+05:30,167.87,167.9,167.74,167.87,73614,0
2025-12-02 13:50:00+05:30,167.86,168.0,167.81,167.87,75254,0
2025-12-02 13:55:00+05:30,167.84,167.96,167.75,167.89,124548,0
2025-12-02 14:00:00+05:30,167.93,167.93,167.76,167.89,295292,0
2025-12-02 14:05:00+05:30,167.89,167.92,167.71,167.76,429350,0
2025-12-02 14:10:00+05:30,167.78,167.84,167.64,167.7,308302,0
2025-12-02 14:15:00+05:30,167.71,167.75,167.65,167.68,106771,0
2025-12-02 14:20:00+05:30,167.68,167.84,167.5,167.53,250443,0
2025-12-02 14:25:00+05:30,167.53,167.74,167.5,167.52,304729,0
2025-12-02 14:30:00+05:30,167.53,167.6,167.46,167.54,90638,0
2025-12-02 14:35:00+05:30,167.55,167.6,167.26,167.35,553366,0
2025-12-02 14:40:00+05:30,167.36,167.49,167.25,167.37,195998,0
2025-12-02 14:45:00+05:30,167.4,167.41,167.25,167.37,135436,0
2025-12-02 14:50:00+05:30,167.38,167.5,167.22,167.26,302366,0
2025-12-02 14:55:00+05:30,167.27,167.4,167.0,167.17,515557,0
2025-12-02 15:00:00+05:30,167.18,167.8,167.18,167.75,693344,0
2025-12-02 15:05:00+05:30,167.76,167.85,167.62,167.85,442961,0
2025-12-02 15:10:00+05:30,167.84,168.0,167.83,167.89,666882,0
2025-12-02 15:15:00+05:30,167.91,167.93,167.68,167.79,615252,0
2025-12-02 15:20:00+05:30,167.79,167.9,167.7,167.79,565699,0
2025-12-02 15:25:00+05:30,167.76,167.9,167.76,167.89,397587,0
2025-12-03 09:15:00+05:30,167.78,167.99,167.13,167.77,447997,0
2025-12-03 09:20:00+05:30,167.73,167.75,167.43,167.59,197570,0
2025-12-03 09:25:00+05:30,167.57,167.66,167.2,167.25,131977,0
2025-12-03 09:30:00+05:30,167.25,167.25,166.85,166.95,273650,0
2025-12-03 09:35:00+05:30,166.9,166.91,166.41,166.44,198275,0
2025-12-03 09:40:00+05:30,166.44,166.7,166.43,166.57,115522,0
2025-12-03 09:45:00+05:30,166.63,166.7,166.51,166.6,87598,0
2025-12-03 09:50:00+05:30,166.61,166.69,166.2,166.24,171775,0
2025-12-03 09:55:00+05:30,166.22,166.3,166.0,166.16,474160,0
2025-12-03 10:00:00+05:30,166.16,166.25,165.86,165.92,218520,0
2025-12-03 10:05:00+05:30,165.9,165.97,165.64,165.83,247910,0
2025-12-03 10:10:00+05:30,165.82,165.98,165.77,165.9,120196,0
2025-12-03 10:15:00+05:30,165.91,166.0,165.74,165.94,162258,0
2025-12-03 10:20:00+05:30,165.94,166.25,165.9,166.16,101572,0
2025-12-03 10:25:00+05:30,166.16,166.16,165.85,165.88,74914,0
2025-12-03 10:30:00+05:30,165.85,166.09,165.85,166.05,71119,0
2025-12-03 10:35:00+05:30,166.05,166.14,165.96,166.07,56937,0
2025-12-03 10:40:00+05:30,166.07,166.11,165.88,166.0,65563,0
2025-12-03 10:45:00+05:30,166.0,166.14,165.41,165.89,1442987,0
2025-12-03 10:50:00+05:30,165.89,165.91,165.6,165.7,343594,0
2025-12-03 10:55:00+05:30,165.7,165.76,165.52,165.66,129631,0
2025-12-03 11:00:00+05:30,165.65,165.83,165.62,165.69,127315,0
2025-12-03 11:05:00+05:30,165.69,165.69,165.42,165.52,218183,0
2025-12-03 11:10:00+05:30,165.52,165.72,165.5,165.55,129489,0
2025-12-03 11:15:00+05:30,165.55,165.58,165.2,165.24,170047,0
2025-12-03 11:20:00+05:30,165.2,165.27,165.0,165.05,286793,0
2025-12-03 11:25:00+05:30,165.02,165.2,165.01,165.2,106949,0
2025-12-03 11:30:00+05:30,165.2,165.46,165.06,165.42,185673,0
2025-12-03 11:35:00+05:30,165.42,165.59,165.33,165.58,138870,0
2025-12-03 11:40:00+05:30,165.58,165.87,165.53,165.81,216598,0
2025-12-03 11:45:00+05:30,165.8,165.88,165.65,165.77,130405,0
2025-12-03 11:50:00+05:30,165.79,165.96,165.6,165.83,209512,0
2025-12-03 11:55:00+05:30,165.86,166.35,165.77,166.0,584898,0
2025-12-03 12:00:00+05:30,166.06,166.32,166.0,166.08,221500,0
2025-12-03 12:05:00+05:30,166.05,166.12,165.85,166.05,155245,0
2025-12-03 12:10:00+05:30,166.02,166.59,166.01,166.52,631582,0
2025-12-03 12:15:00+05:30,166.52,167.14,166.44,167.03,1339548,0
2025-12-03 12:20:00+05:30,167.03,167.06,166.43,166.58,356264,0
2025-12-03 12:25:00+05:30,166.58,166.7,166.45,166.53,98598,0
2025-12-03 12:30:00+05:30,166.53,166.9,166.5,166.61,119241,0
2025-12-03 12:35:00+05:30,166.6,166.9,166.45,166.52,577085,0
2025-12-03 12:40:00+05:30,166.52,166.68,166.41,166.56,187512,0
2025-12-03 12:45:00+05:30,166.56,166.6,166.41,166.44,106544,0
2025-12-03 12:50:00+05:30,166.43,166.44,166.24,166.33,111864,0
2025-12-03 12:55:00+05:30,166.27,166.6,166.25,166.43,172516,0
2025-12-03 13:00:00+05:30,166.4,166.6,166.3,166.48,124419,0
2025-12-03 13:05:00+05:30,166.48,166.65,166.36,166.59,125188,0
2025-12-03 13:10:00+05:30,166.59,166.74,166.48,166.53,93369,0
2025-12-03 13:15:00+05:30,166.48,166.59,166.31,166.42,175024,0
2025-12-03 13:20:00+05:30,166.42,166.56,166.35,166.4,67268,0
2025-12-03 13:25:00+05:30,166.4,166.62,166.36,166.56,72066,0
2025-12-03 13:30:00+05:30,166.59,166.79,166.48,166.63,116450,0
2025-12-03 13:35:00+05:30,166.63,166.65,166.32,166.38,76667,0
2025-12-03 13:40:00+05:30,166.34,166.41,166.05,166.17,181774,0
2025-12-03 13:45:00+05:30,166.16,166.24,166.03,166.05,70423,0
2025-12-03 13:50:00+05:30,166.06,166.21,166.01,166.19,83717,0
2025-12-03 13:55:00+05:30,166.18,166.37,166.15,166.2,130623,0
2025-12-03 14:00:00+05:30,166.19,166.2,166.0,166.1,111246,0
2025-12-03 14:05:00+05:30,166.1,166.49,166.07,166.35,317129,0
2025-12-03 14:10:00+05:30,166.39,166.8,166.28,166.47,216643,0
2025-12-03 14:15:00+05:30,166.52,166.57,165.94,166.05,398852,0
2025-12-03 14:20:00+05:30,166.05,166.75,165.61,166.52,839910,0
2025-12-03 14:25:00+05:30,166.51,166.81,166.01,166.12,669348,0
2025-12-03 14:30:00+05:30,166.13,166.37,166.02,166.12,119045,0
2025-12-03 14:35:00+05:30,166.12,166.18,166.02,166.09,75081,0
2025-12-03 14:40:00+05:30,166.07,166.25,166.05,166.18,100355,0
2025-12-03 14:45:00+05:30,166.17,166.47,166.0,166.39,228858,0
2025-12-03 14:50:00+05:30,166.41,166.55,166.27,166.49,120175,0
2025-12-03 14:55:00+05:30,166.48,166.89,166.48,166.78,198055,0
2025-12-03 15:00:00+05:30,166.78,167.0,166.5,166.79,444103,0
2025-12-03 15:05:00+05:30,166.79,167.04,166.71,167.03,388880,0
2025-12-03 15:10:00+05:30,167.01,167.29,167.01,167.02,407277,0
2025-12-03 15:15:00+05:30,167.06,167.06,166.87,166.94,418974,0
2025-12-03 15:20:00+05:30,166.93,167.02,166.7,166.9,385493,0
2025-12-03 15:25:00+05:30,166.89,166.99,166.54,166.85,397443,0
2025-12-04 09:15:00+05:30,167.8,167.88,166.62,166.84,563420,0
2025-12-04 09:20:00+05:30,166.79,166.99,166.36,166.62,293740,0
2025-12-04 09:25:00+05:30,166.64,166.66,166.2,166.41,191531,0
2025-12-04 09:30:00+05:30,166.43,166.5,166.3,166.39,141698,0
2025-12-04 09:35:00+05:30,166.32,166.81,166.32,166.58,194624,0
2025-12-04 09:40:00+05:30,166.52,166.8,166.44,166.73,105288,0
2025-12-04 09:45:00+05:30,166.76,166.93,166.67,166.8,133320,0
2025-12-04 09:50:00+05:30,166.8,167.09,166.8,166.91,242812,0
2025-12-04 09:55:00+05:30,166.91,166.95,166.74,166.75,92659,0
2025-12-04 10:00:00+05:30,166.8,167.07,166.75,166.93,130213,0
2025-12-04 10:05:00+05:30,166.92,167.09,166.84,167.01,115051,0
2025-12-04 10:10:00+05:30,167.01,167.1,166.95,167.0,78020,0
2025-12-04 10:15:00+05:30,167.07,167.1,166.95,167.02,94496,0
2025-12-04 10:20:00+05:30,167.07,167.2,167.0,167.2,83817,0
2025-12-04 10:25:00+05:30,167.14,167.45,167.14,167.38,139568,0
2025-12-04 10:30:00+05:30,167.45,167.49,167.2,167.31,102897,0
2025-12-04 10:35:00+05:30,167.35,167.5,167.3,167.44,98468,0
2025-12-04 10:40:00+05:30,167.46,167.57,167.34,167.56,180205,0
2025-12-04 10:45:00+05:30,167.55,167.95,167.55,167.69,294865,0
2025-12-04 10:50:00+05:30,167.75,167.75,167.5,167.6,171349,0
2025-12-04 10:55:00+05:30,167.67,167.68,167.51,167.63,90532,0
2025-12-04 11:00:00+05:30,167.63,167.92,167.6,167.87,150292,0
2025-12-04 11:05:00+05:30,167.87,167.97,167.65,167.67,123417,0
2025-12-04 11:10:00+05:30,167.69,167.82,167.65,167.81,87435,0
2025-12-04 11:15:00+05:30,167.81,167.82,167.63,167.73,70130,0
2025-12-04 11:20:00+05:30,167.72,167.76,167.35,167.35,130218,0
2025-12-04 11:25:00+05:30,167.39,167.44,167.27,167.32,91604,0
2025-12-04 11:30:00+05:30,167.37,167.39,167.06,167.1,88153,0
2025-12-04 11:35:00+05:30,167.1,167.21,166.75,166.8,136020,0
2025-12-04 11:40:00+05:30,166.8,166.97,166.74,166.94,82060,0
2025-12-04 11:45:00+05:30,166.94,167.11,166.82,167.06,130326,0
2025-12-04 11:50:00+05:30,167.06,167.13,166.91,166.98,65890,0
2025-12-04 11:55:00+05:30,166.99,166.99,166.83,166.92,48245,0
2025-12-04 12:00:00+05:30,166.92,167.04,166.86,167.0,40415,0
2025-12-04 12:05:00+05:30,167.0,167.1,166.95,167.0,49004,0
2025-12-04 12:10:00+05:30,167.05,167.06,166.92,167.03,46066,0
2025-12-04 12:15:00+05:30,167.03,167.03,166.92,167.0,37386,0
2025-12-04 12:20:00+05:30,167.0,167.02,166.7,166.87,122281,0
2025-12-04 12:25:00+05:30,166.87,166.92,166.75,166.87,54605,0
2025-12-04 12:30:00+05:30,166.87,167.0,166.81,167.0,42684,0
2025-12-04 12:35:00+05:30,167.0,167.13,166.87,166.94,65753,0
2025-12-04 12:40:00+05:30,166.94,166.96,166.81,166.86,66113,0
2025-12-04 12:45:00+05:30,166.86,166.88,166.72,166.72,252840,0
2025-12-04 12:50:00+05:30,166.79,166.79,166.54,166.6,113190,0
2025-12-04 12:55:00+05:30,166.63,166.75,166.55,166.63,63149,0
2025-12-04 13:00:00+05:30,166.7,167.13,166.64,167.0,179629,0
2025-12-04 13:05:00+05:30,167.05,167.07,166.86,166.86,67126,0
2025-12-04 13:10:00+05:30,166.92,166.94,166.81,166.94,45941,0
2025-12-04 13:15:00+05:30,166.94,166.94,166.84,166.89,37038,0
2025-12-04 13:20:00+05:30,166.89,167.1,166.87,167.06,95552,0
2025-12-04 13:25:00+05:30,167.06,167.3,167.04,167.16,139304,0
2025-12-04 13:30:00+05:30,167.23,167.26,167.0,167.1,120698,0
2025-12-04 13:35:00+05:30,167.1,167.1,166.88,167.0,157282,0
2025-12-04 13:40:00+05:30,167.01,167.01,166.61,166.97,375762,0
2025-12-04 13:45:00+05:30,166.96,166.96,166.52,166.82,397572,0
2025-12-04 13:50:00+05:30,166.82,166.92,166.74,166.79,52257,0
2025-12-04 13:55:00+05:30,166.79,166.8,166.52,166.68,66705,0
2025-12-04 14:00:00+05:30,166.69,166.91,166.65,166.89,81344,0
2025-12-04 14:05:00+05:30,166.89,167.15,166.7,167.07,182405,0
2025-12-04 14:10:00+05:30,167.07,167.22,167.02,167.05,195876,0
2025-12-04 14:15:00+05:30,167.05,167.14,166.6,166.66,150848,0
2025-12-04 14:20:00+05:30,166.66,166.76,166.25,166.6,332270,0
2025-12-04 14:25:00+05:30,166.6,166.72,166.58,166.65,39427,0
2025-12-04 14:30:00+05:30,166.65,166.69,166.57,166.61,28872,0
2025-12-04 14:35:00+05:30,166.64,166.7,166.53,166.61,77183,0
2025-12-04 14:40:00+05:30,166.65,166.72,166.41,166.5,177860,0
2025-12-04 14:45:00+05:30,166.51,166.51,166.27,166.42,246574,0
2025-12-04 14:50:00+05:30,166.42,166.62,166.35,166.48,96787,0
2025-12-04 14:55:00+05:30,166.48,166.55,166.4,166.53,86908,0
2025-12-04 15:00:00+05:30,166.55,166.77,166.46,166.67,365449,0
2025-12-04 15:05:00+05:30,166.67,166.84,166.65,166.8,300855,0
2025-12-04 15:10:00+05:30,166.8,167.03,166.8,166.96,338291,0
2025-12-04 15:15:00+05:30,166.98,166.99,166.62,166.82,561718,0
2025-12-04 15:20:00+05:30,166.82,166.84,166.72,166.76,339137,0
2025-12-04 15:25:00+05:30,166.79,166.9,166.76,166.9,385970,0
2025-12-05 09:15:00+05:30,167.0,167.3,165.77,166.48,459475,0
2025-12-05 09:20:00+05:30,166.43,166.48,166.0,166.35,145260,0
2025-12-05 09:25:00+05:30,166.31,166.55,166.08,166.27,136396,0
2025-12-05 09:30:00+05:30,166.27,166.3,166.1,166.2,71279,0
2025-12-05 09:35:00+05:30,166.2,166.23,165.0,165.41,18154445,0
2025-12-05 09:40:00+05:30,165.43,165.86,165.4,165.75,588712,0
2025-12-05 09:45:00+05:30,165.73,166.1,165.6,165.63,239311,0
2025-12-05 09:50:00+05:30,165.62,165.63,165.25,165.3,278875,0
2025-12-05 09:55:00+05:30,165.33,165.36,165.0,165.1,290157,0
2025-12-05 10:00:00+05:30,165.12,165.82,165.07,165.66,240536,0
2025-12-05 10:05:00+05:30,165.65,165.98,165.6,165.7,446893,0
2025-12-05 10:10:00+05:30,165.65,165.8,165.5,165.78,72477,0
2025-12-05 10:15:00+05:30,165.78,165.89,165.75,165.78,98404,0
2025-12-05 10:20:00+05:30,165.8,165.82,165.65,165.67,54534,0
2025-12-05 10:25:00+05:30,165.67,165.71,165.3,165.37,87273,0
2025-12-05 10:30:00+05:30,165.38,165.55,165.11,165.36,134093,0
2025-12-05 10:35:00+05:30,165.39,165.58,165.27,165.53,64576,0
2025-12-05 10:40:00+05:30,165.52,165.79,165.5,165.79,52922,0
2025-12-05 10:45:00+05:30,165.79,165.88,165.65,165.77,79073,0
2025-12-05 10:50:00+05:30,165.77,166.3,165.69,166.2,233331,0
2025-12-05 10:55:00+05:30,166.2,166.55,166.15,166.29,229928,0
2025-12-05 11:00:00+05:30,166.28,166.64,166.22,166.56,263131,0
2025-12-05 11:05:00+05:30,166.56,166.6,166.35,166.46,107605,0
2025-12-05 11:10:00+05:30,166.54,166.68,166.42,166.65,175255,0
2025-12-05 11:15:00+05:30,166.65,166.66,166.31,166.45,80223,0
2025-12-05 11:20:00+05:30,166.45,166.55,166.38,166.5,38674,0
2025-12-05 11:25:00+05:30,166.51,166.66,166.45,166.59,110595,0
2025-12-05 11:30:00+05:30,166.59,166.64,166.49,166.55,37077,0
2025-12-05 11:35:00+05:30,166.55,166.64,166.49,166.57,34461,0
2025-12-05 11:40:00+05:30,166.57,166.93,166.55,166.89,176808,0
2025-12-05 11:45:00+05:30,166.85,167.0,166.68,166.71,157904,0
2025-12-05 11:50:00+05:30,166.71,166.85,166.62,166.83,54588,0
2025-12-05 11:55:00+05:30,166.83,166.88,166.6,166.63,52639,0
2025-12-05 12:00:00+05:30,166.63,166.77,166.6,166.66,42861,0
2025-12-05 12:05:00+05:30,166.68,166.71,166.57,166.64,53970,0
2025-12-05 12:10:00+05:30,166.64,166.73,166.5,166.51,63332,0
2025-12-05 12:15:00+05:30,166.54,166.59,166.4,166.53,44050,0
2025-12-05 12:20:00+05:30,166.54,166.65,166.42,166.61,38775,0
2025-12-05 12:25:00+05:30,166.64,166.78,166.56,166.75,28675,0
2025-12-05 12:30:00+05:30,166.75,166.97,166.72,166.95,95215,0
2025-12-05 12:35:00+05:30,166.95,167.15,166.77,166.98,231146,0
2025-12-05 12:40:00+05:30,166.98,167.0,166.81,166.9,209798,0
2025-12-05 12:45:00+05:30,166.92,167.05,166.85,166.96,291761,0
2025-12-05 12:50:00+05:30,166.91,167.05,166.85,166.9,78492,0
2025-12-05 12:55:00+05:30,166.9,166.99,166.87,166.97,39439,0
2025-12-05 13:00:00+05:30,166.99,167.15,166.94,166.95,88555,0
2025-12-05 13:05:00+05:30,166.95,167.08,166.9,167.05,32605,0
2025-12-05 13:10:00+05:30,167.05,167.1,166.95,166.96,45416,0
2025-12-05 13:15:00+05:30,166.99,167.14,166.95,167.14,31358,0
2025-12-05 13:20:00+05:30,167.14,167.15,166.91,166.97,128143,0
2025-12-05 13:25:00+05:30,166.99,167.14,166.95,167.12,94465,0
2025-12-05 13:30:00+05:30,167.14,167.22,167.06,167.16,87983,0
2025-12-05 13:35:00+05:30,167.16,167.23,167.0,167.06,84616,0
2025-12-05 13:40:00+05:30,167.14,167.65,167.0,167.55,426980,0
2025-12-05 13:45:00+05:30,167.56,167.64,167.23,167.51,193009,0
2025-12-05 13:50:00+05:30,167.52,167.6,167.15,167.41,218845,0
2025-12-05 13:55:00+05:30,167.38,167.47,167.21,167.35,47623,0
2025-12-05 14:00:00+05:30,167.34,167.4,167.24,167.25,64263,0
2025-12-05 14:05:00+05:30,167.25,167.37,167.03,167.19,99185,0
2025-12-05 14:10:00+05:30,167.19,167.4,167.15,167.3,36382,0
2025-12-05 14:15:00+05:30,167.3,167.39,167.11,167.36,69079,0
2025-12-05 14:20:00+05:30,167.36,167.4,167.22,167.29,50578,0
2025-12-05 14:25:00+05:30,167.29,167.39,167.21,167.38,44322,0
2025-12-05 14:30:00+05:30,167.38,167.4,167.0,167.06,172445,0
2025-12-05 14:35:00+05:30,167.06,167.06,166.7,166.78,402468,0
2025-12-05 14:40:00+05:30,166.78,167.02,166.7,166.75,284350,0
2025-12-05 14:45:00+05:30,166.73,166.94,166.65,166.8,455981,0
2025-12-05 14:50:00+05:30,166.76,166.95,166.67,166.75,290638,0
2025-12-05 14:55:00+05:30,166.75,166.95,166.68,166.94,370482,0
2025-12-05 15:00:00+05:30,166.89,167.13,166.8,167.02,764616,0
2025-12-05 15:05:00+05:30,167.02,167.1,166.94,167.0,579768,0
2025-12-05 15:10:00+05:30,167.04,167.25,167.0,167.24,762721,0
2025-12-05 15:15:00+05:30,167.23,167.25,167.0,167.1,1094704,0
2025-12-05 15:20:00+05:30,167.16,167.2,167.0,167.19,979104,0
2025-12-05 15:25:00+05:30,167.17,167.6,167.1,167.39,831255,0
2025-12-08 09:15:00+05:30,167.09,168.2,167.08,167.51,529980,0
2025-12-08 09:20:00+05:30,167.55,167.96,167.22,167.8,299425,0
2025-12-08 09:25:00+05:30,167.8,167.95,167.4,167.52,205049,0
2025-12-08 09:30:00+05:30,167.52,167.66,167.3,167.33,130011,0
2025-12-08 09:35:00+05:30,167.3,167.39,166.87,166.96,321267,0
2025-12-08 09:40:00+05:30,166.96,167.09,166.56,167.05,214713,0
2025-12-08 09:45:00+05:30,167.03,167.06,166.61,166.7,149647,0
2025-12-08 09:50:00+05:30,166.7,166.77,166.52,166.55,107541,0
2025-12-08 09:55:00+05:30,166.53,166.53,166.3,166.35,147168,0
2025-12-08 10:00:00+05:30,166.36,166.48,166.31,166.38,83491,0
2025-12-08 10:05:00+05:30,166.38,166.45,166.15,166.23,96570,0
2025-12-08 10:10:00+05:30,166.2,166.26,165.84,165.96,294942,0
2025-12-08 10:15:00+05:30,165.96,166.07,165.85,165.93,130431,0
2025-12-08 10:20:00+05:30,165.92,166.28,165.91,166.13,99681,0
2025-12-08 10:25:00+05:30,166.13,166.25,165.99,165.99,110792,0
2025-12-08 10:30:00+05:30,165.99,166.0,165.8,165.86,99080,0
2025-12-08 10:35:00+05:30,165.88,166.18,165.85,166.12,81876,0
2025-12-08 10:40:00+05:30,166.16,166.28,166.01,166.22,62493,0
2025-12-08 10:45:00+05:30,166.22,166.35,166.13,166.18,95934,0
2025-12-08 10:50:00+05:30,166.18,166.3,166.12,166.29,46873,0
2025-12-08 10:55:00+05:30,166.29,166.49,166.12,166.16,87969,0
2025-12-08 11:00:00+05:30,166.16,166.19,166.05,166.05,66599,0
2025-12-08 11:05:00+05:30,166.09,166.09,165.9,165.96,107015,0
2025-12-08 11:10:00+05:30,165.98,166.06,165.95,166.02,39867,0
2025-12-08 11:15:00+05:30,166.04,166.1,166.0,166.06,39268,0
2025-12-08 11:20:00+05:30,166.09,166.31,166.02,166.25,75310,0
2025-12-08 11:25:00+05:30,166.25,166.25,166.08,166.11,70031,0
2025-12-08 11:30:00+05:30,166.13,166.2,165.9,165.98,113638,0
2025-12-08 11:35:00+05:30,165.98,166.21,165.91,166.18,73685,0
2025-12-08 11:40:00+05:30,166.18,166.2,165.75,165.96,143736,0
2025-12-08 11:45:00+05:30,166.0,166.0,165.84,165.93,93413,0
2025-12-08 11:50:00+05:30,165.95,165.95,165.6,165.68,149431,0
2025-12-08 11:55:00+05:30,165.68,165.75,165.61,165.68,72393,0
2025-12-08 12:00:00+05:30,165.68,165.68,165.39,165.6,211650,0
2025-12-08 12:05:00+05:30,165.6,165.63,165.46,165.55,84677,0
2025-12-08 12:10:00+05:30,165.59,165.61,165.31,165.43,79789,0
2025-12-08 12:15:00+05:30,165.45,165.58,165.4,165.5,101904,0
2025-12-08 12:20:00+05:30,165.5,165.58,165.39,165.5,112206,0
2025-12-08 12:25:00+05:30,165.53,165.6,165.28,165.39,91970,0
2025-12-08 12:30:00+05:30,165.39,165.44,165.2,165.24,131020,0
2025-12-08 12:35:00+05:30,165.24,165.37,165.13,165.2,91538,0
2025-12-08 12:40:00+05:30,165.2,165.28,165.13,165.23,65993,0
2025-12-08 12:45:00+05:30,165.23,165.25,165.1,165.25,84288,0
2025-12-08 12:50:00+05:30,165.24,165.47,165.15,165.4,130185,0
2025-12-08 12:55:00+05:30,165.41,165.46,165.27,165.34,194360,0
2025-12-08 13:00:00+05:30,165.41,165.44,165.27,165.39,91344,0
2025-12-08 13:05:00+05:30,165.38,165.5,165.3,165.42,80330,0
2025-12-08 13:10:00+05:30,165.42,165.62,165.34,165.53,115795,0
2025-12-08 13:15:00+05:30,165.54,165.54,165.11,165.16,323944,0
2025-12-08 13:20:00+05:30,165.16,165.17,164.66,164.78,641363,0
2025-12-08 13:25:00+05:30,164.78,164.85,164.7,164.82,139896,0
2025-12-08 13:30:00+05:30,164.85,164.91,164.39,164.58,259557,0
2025-12-08 13:35:00+05:30,164.61,164.63,164.33,164.42,119001,0
2025-12-08 13:40:00+05:30,164.42,164.5,163.92,164.03,353353,0
2025-12-08 13:45:00+05:30,164.03,164.45,163.92,164.32,145508,0
2025-12-08 13:50:00+05:30,164.37,164.38,164.1,164.22,138658,0
2025-12-08 13:55:00+05:30,164.24,164.24,163.96,164.14,180988,0
2025-12-08 14:00:00+05:30,164.14,164.16,163.92,163.98,97709,0
2025-12-08 14:05:00+05:30,163.98,164.1,163.92,164.03,222523,0
2025-12-08 14:10:00+05:30,164.03,164.04,163.55,163.63,336325,0
2025-12-08 14:15:00+05:30,163.64,163.89,163.52,163.79,399578,0
2025-12-08 14:20:00+05:30,163.79,163.84,163.47,163.66,335374,0
2025-12-08 14:25:00+05:30,163.67,163.8,163.43,163.59,276955,0
2025-12-08 14:30:00+05:30,163.59,163.6,163.42,163.44,258365,0
2025-12-08 14:35:00+05:30,163.48,163.48,163.0,163.04,395219,0
2025-12-08 14:40:00+05:30,163.04,163.41,163.03,163.35,285932,0
2025-12-08 14:45:00+05:30,163.37,163.47,163.19,163.38,350949,0
2025-12-08 14:50:00+05:30,163.38,163.72,163.26,163.28,429895,0
2025-12-08 14:55:00+05:30,163.32,163.52,163.1,163.24,242795,0
2025-12-08 15:00:00+05:30,163.24,163.81,163.17,163.64,518799,0
2025-12-08 15:05:00+05:30,163.68,163.94,163.53,163.77,559484,0
2025-12-08 15:10:00+05:30,163.77,163.98,163.71,163.8,565459,0
2025-12-08 15:15:00+05:30,163.77,163.81,163.23,163.25,713199,0
2025-12-08 15:20:00+05:30,163.25,163.37,163.0,163.34,725278,0
2025-12-08 15:25:00+05:30,163.31,163.5,163.1,163.5,643196,0
2025-12-09 09:15:00+05:30,163.39,163.39,161.81,162.01,778218,0
2025-12-09 09:20:00+05:30,161.96,162.52,161.75,162.26,586637,0
2025-12-09 09:25:00+05:30,162.27,162.27,161.5,161.54,358167,0
2025-12-09 09:30:00+05:30,161.56,161.62,161.16,161.27,410906,0
2025-12-09 09:35:00+05:30,161.25,161.4,161.05,161.29,383515,0
2025-12-09 09:40:00+05:30,161.29,161.69,161.24,161.55,279545,0
2025-12-09 09:45:00+05:30,161.55,161.7,161.26,161.45,200298,0
2025-12-09 09:50:00+05:30,161.44,161.5,160.81,160.89,271238,0
2025-12-09 09:55:00+05:30,160.85,161.16,160.7,161.0,299435,0
2025-12-09 10:00:00+05:30,161.0,161.25,160.99,161.12,181627,0
2025-12-09 10:05:00+05:30,161.12,161.39,161.07,161.2,656404,0
2025-12-09 10:10:00+05:30,161.18,161.97,161.1,161.6,2048656,0
2025-12-09 10:15:00+05:30,161.59,161.71,161.42,161.59,247603,0
2025-12-09 10:20:00+05:30,161.58,161.89,161.35,161.82,340257,0
2025-12-09 10:25:00+05:30,161.83,161.95,161.45,161.77,1036461,0
2025-12-09 10:30:00+05:30,161.77,161.8,161.09,161.09,197090,0
2025-12-09 10:35:00+05:30,161.09,161.25,160.8,161.24,436355,0
2025-12-09 10:40:00+05:30,161.24,161.36,161.03,161.2,170238,0
2025-12-09 10:45:00+05:30,161.19,161.28,161.0,161.22,274946,0
2025-12-09 10:50:00+05:30,161.21,161.42,161.1,161.25,199145,0
2025-12-09 10:55:00+05:30,161.27,161.45,161.17,161.37,107627,0
2025-12-09 11:00:00+05:30,161.37,161.49,161.3,161.4,108540,0
2025-12-09 11:05:00+05:30,161.4,161.94,161.37,161.7,250568,0
2025-12-09 11:10:00+05:30,161.77,162.28,161.64,162.09,292487,0
2025-12-09 11:15:00+05:30,162.16,162.32,161.92,162.23,245494,0
2025-12-09 11:20:00+05:30,162.23,162.42,162.05,162.14,188805,0
2025-12-09 11:25:00+05:30,162.15,162.24,162.0,162.2,129815,0
2025-12-09 11:30:00+05:30,162.2,162.22,162.04,162.15,86731,0
2025-12-09 11:35:00+05:30,162.15,162.21,162.08,162.2,128270,0
2025-12-09 11:40:00+05:30,162.2,162.2,161.66,161.68,198174,0
2025-12-09 11:45:00+05:30,161.67,161.76,161.33,161.56,352352,0
2025-12-09 11:50:00+05:30,161.56,161.88,161.5,161.76,244053,0
2025-12-09 11:55:00+05:30,161.79,161.91,161.72,161.83,82853,0
2025-12-09 12:00:00+05:30,161.83,161.98,161.82,161.97,96899,0
2025-12-09 12:05:00+05:30,161.96,162.17,161.76,162.02,1027050,0
2025-12-09 12:10:00+05:30,162.02,162.19,161.91,162.11,128025,0
2025-12-09 12:15:00+05:30,162.11,162.15,161.98,162.02,177241,0
2025-12-09 12:20:00+05:30,162.02,162.44,161.99,162.12,748950,0
2025-12-09 12:25:00+05:30,162.13,162.49,162.04,162.19,1226458,0
2025-12-09 12:30:00+05:30,162.18,162.19,161.91,161.92,339258,0
2025-12-09 12:35:00+05:30,161.92,161.97,161.55,161.6,126183,0
2025-12-09 12:40:00+05:30,161.66,161.71,161.55,161.66,86215,0
2025-12-09 12:45:00+05:30,161.64,161.7,161.55,161.63,177885,0
2025-12-09 12:50:00+05:30,161.67,161.7,161.47,161.54,153259,0
2025-12-09 12:55:00+05:30,161.54,161.54,161.25,161.36,158141,0
2025-12-09 13:00:00+05:30,161.36,161.48,161.27,161.48,69008,0
2025-12-09 13:05:00+05:30,161.45,161.77,161.42,161.64,139353,0
2025-12-09 13:10:00+05:30,161.63,161.8,161.53,161.75,93172,0
2025-12-09 13:15:00+05:30,161.79,162.0,161.7,161.97,129040,0
2025-12-09 13:20:00+05:30,161.97,161.98,161.76,161.94,87310,0
2025-12-09 13:25:00+05:30,161.94,162.05,161.87,162.04,151644,0
2025-12-09 13:30:00+05:30,162.05,162.19,161.97,162.13,177154,0
2025-12-09 13:35:00+05:30,162.13,162.13,161.92,162.01,114575,0
2025-12-09 13:40:00+05:30,161.97,162.15,161.94,161.95,120131,0
2025-12-09 13:45:00+05:30,161.95,162.11,161.92,162.01,116047,0
2025-12-09 13:50:00+05:30,162.01,162.15,161.92,162.15,136548,0
2025-12-09 13:55:00+05:30,162.14,162.18,162.02,162.04,100372,0
2025-12-09 14:00:00+05:30,162.04,162.1,161.9,161.91,92817,0
2025-12-09 14:05:00+05:30,161.97,162.09,161.76,162.0,143193,0
2025-12-09 14:10:00+05:30,162.0,162.06,161.58,161.78,213598,0
2025-12-09 14:15:00+05:30,161.83,161.89,161.1,161.27,703740,0
2025-12-09 14:20:00+05:30,161.27,161.28,161.05,161.14,214258,0
2025-12-09 14:25:00+05:30,161.14,161.19,161.0,161.06,219825,0
2025-12-09 14:30:00+05:30,161.06,161.26,160.79,160.83,337423,0
2025-12-09 14:35:00+05:30,160.82,160.83,160.6,160.75,326367,0
2025-12-09 14:40:00+05:30,160.75,160.97,160.66,160.81,346272,0
2025-12-09 14:45:00+05:30,160.81,160.86,160.1,160.2,632590,0
2025-12-09 14:50:00+05:30,160.2,160.27,160.11,160.22,186896,0
2025-12-09 14:55:00+05:30,160.22,160.39,160.06,160.38,312249,0
2025-12-09 15:00:00+05:30,160.38,160.65,160.38,160.6,633388,0
2025-12-09 15:05:00+05:30,160.6,160.85,160.57,160.67,544171,0
2025-12-09 15:10:00+05:30,160.69,160.7,160.5,160.67,574464,0
2025-12-09 15:15:00+05:30,160.67,160.7,160.5,160.62,734721,0
2025-12-09 15:20:00+05:30,160.61,160.68,160.5,160.63,706480,0
2025-12-09 15:25:00+05:30,160.62,161.15,160.6,160.99,1189112,0
2025-12-10 09:15:00+05:30,161.0,161.97,160.81,161.44,1509672,0
2025-12-10 09:20:00+05:30,161.49,161.75,161.18,161.64,387885,0
2025-12-10 09:25:00+05:30,161.61,162.09,161.5,162.0,505756,0
2025-12-10 09:30:00+05:30,161.97,162.11,161.81,162.0,349321,0
2025-12-10 09:35:00+05:30,162.0,162.08,161.9,162.0,191093,0
2025-12-10 09:40:00+05:30,162.04,162.1,161.91,162.07,176914,0
2025-12-10 09:45:00+05:30,162.08,162.32,162.0,162.21,331693,0
2025-12-10 09:50:00+05:30,162.21,162.33,162.12,162.24,198732,0
2025-12-10 09:55:00+05:30,162.25,162.29,162.15,162.16,112427,0
2025-12-10 10:00:00+05:30,162.2,162.2,161.91,162.09,189724,0
2025-12-10 10:05:00+05:30,162.09,162.25,161.91,162.0,149222,0
2025-12-10 10:10:00+05:30,161.97,162.03,161.9,161.92,110368,0
2025-12-10 10:15:00+05:30,161.96,161.99,161.62,161.97,244905,0
2025-12-10 10:20:00+05:30,161.97,162.1,161.88,162.1,213248,0
2025-12-10 10:25:00+05:30,162.09,162.14,161.9,162.0,108860,0
2025-12-10 10:30:00+05:30,161.99,162.11,161.97,162.05,74840,0
2025-12-10 10:35:00+05:30,162.06,162.13,161.81,161.86,122058,0
2025-12-10 10:40:00+05:30,161.86,161.92,161.8,161.9,66188,0
2025-12-10 10:45:00+05:30,161.9,161.9,161.33,161.51,239413,0
2025-12-10 10:50:00+05:30,161.55,161.59,161.05,161.14,223673,0
2025-12-10 10:55:00+05:30,161.14,161.25,160.9,161.1,272125,0
2025-12-10 11:00:00+05:30,161.1,161.74,160.97,161.74,224025,0
2025-12-10 11:05:00+05:30,161.69,161.91,161.47,161.85,185634,0
2025-12-10 11:10:00+05:30,161.83,162.15,161.8,162.03,292218,0
2025-12-10 11:15:00+05:30,162.02,162.03,161.61,161.9,117525,0
2025-12-10 11:20:00+05:30,161.9,161.95,161.57,161.76,96045,0
2025-12-10 11:25:00+05:30,161.7,161.81,161.56,161.64,70290,0
2025-12-10 11:30:00+05:30,161.64,161.68,161.5,161.68,183452,0
2025-12-10 11:35:00+05:30,161.68,161.98,161.56,161.87,94611,0
2025-12-10 11:40:00+05:30,161.87,162.12,161.8,161.97,220874,0
2025-12-10 11:45:00+05:30,161.97,162.0,161.83,161.98,88875,0
2025-12-10 11:50:00+05:30,161.99,162.0,161.83,161.99,53633,0
2025-12-10 11:55:00+05:30,161.99,162.15,161.92,162.0,100951,0
2025-12-10 12:00:00+05:30,161.95,162.47,161.93,162.47,329852,0
2025-12-10 12:05:00+05:30,162.43,162.47,162.12,162.15,280510,0
2025-12-10 12:10:00+05:30,162.12,162.34,162.05,162.29,166446,0
2025-12-10 12:15:00+05:30,162.29,162.31,162.1,162.24,108527,0
2025-12-10 12:20:00+05:30,162.24,162.32,162.11,162.16,143678,0
2025-12-10 12:25:00+05:30,162.15,162.34,162.11,162.28,130180,0
2025-12-10 12:30:00+05:30,162.28,162.35,162.0,162.06,198617,0
2025-12-10 12:35:00+05:30,162.03,162.08,161.85,162.0,105598,0
2025-12-10 12:40:00+05:30,162.0,162.12,161.96,161.98,96633,0
2025-12-10 12:45:00+05:30,162.04,162.22,161.97,162.13,75022,0
2025-12-10 12:50:00+05:30,162.14,162.25,162.12,162.17,351759,0
2025-12-10 12:55:00+05:30,162.17,162.24,162.1,162.19,376527,0
2025-12-10 13:00:00+05:30,162.2,162.44,162.13,162.36,215949,0
2025-12-10 13:05:00+05:30,162.36,162.99,162.36,162.86,754768,0
2025-12-10 13:10:00+05:30,162.86,163.25,162.76,162.98,1404082,0
2025-12-10 13:15:00+05:30,162.98,163.24,162.94,163.2,171985,0
2025-12-10 13:20:00+05:30,163.2,163.24,163.05,163.23,181737,0
2025-12-10 13:25:00+05:30,163.23,163.49,163.08,163.47,399076,0
2025-12-10 13:30:00+05:30,163.47,163.65,163.39,163.45,513848,0
2025-12-10 13:35:00+05:30,163.48,163.5,163.41,163.49,196202,0
2025-12-10 13:40:00+05:30,163.47,163.68,163.28,163.49,532573,0
2025-12-10 13:45:00+05:30,163.49,163.49,163.1,163.17,235996,0
2025-12-10 13:50:00+05:30,163.16,163.2,162.98,163.05,286859,0
2025-12-10 13:55:00+05:30,163.05,163.07,162.82,162.97,348378,0
2025-12-10 14:00:00+05:30,162.95,162.98,162.48,162.55,480093,0
2025-12-10 14:05:00+05:30,162.56,162.66,162.46,162.54,425697,0
2025-12-10 14:10:00+05:30,162.54,162.73,162.34,162.42,313772,0
2025-12-10 14:15:00+05:30,162.42,162.48,161.89,162.19,676793,0
2025-12-10 14:20:00+05:30,162.19,162.35,162.0,162.22,116985,0
2025-12-10 14:25:00+05:30,162.22,162.28,162.01,162.08,185566,0
2025-12-10 14:30:00+05:30,162.09,162.44,162.01,162.43,438093,0
2025-12-10 14:35:00+05:30,162.44,162.5,162.21,162.37,385461,0
2025-12-10 14:40:00+05:30,162.34,162.45,161.91,162.0,306031,0
2025-12-10 14:45:00+05:30,161.99,162.16,161.93,162.14,172326,0
2025-12-10 14:50:00+05:30,162.14,162.31,162.08,162.21,219898,0
2025-12-10 14:55:00+05:30,162.21,162.3,162.06,162.29,206034,0
2025-12-10 15:00:00+05:30,162.3,162.6,162.29,162.37,459081,0
2025-12-10 15:05:00+05:30,162.36,162.46,162.17,162.3,281943,0
2025-12-10 15:10:00+05:30,162.31,162.39,162.09,162.25,956644,0
2025-12-10 15:15:00+05:30,162.25,162.35,162.1,162.12,653146,0
2025-12-10 15:20:00+05:30,162.12,162.25,162.04,162.13,559793,0
2025-12-10 15:25:00+05:30,162.12,162.26,161.81,162.0,586786,0
2025-12-11 09:15:00+05:30,163.5,164.92,163.35,163.8,3059084,0
2025-12-11 09:20:00+05:30,163.8,163.8,163.17,163.73,1075205,0
2025-12-11 09:25:00+05:30,163.67,164.3,163.6,164.14,600374,0
2025-12-11 09:30:00+05:30,164.13,164.7,163.82,164.12,830542,0
2025-12-11 09:35:00+05:30,164.18,164.37,163.7,163.72,494894,0
2025-12-11 09:40:00+05:30,163.71,163.79,163.31,163.6,533792,0
2025-12-11 09:45:00+05:30,163.61,164.21,163.5,164.2,284742,0
2025-12-11 09:50:00+05:30,164.21,164.44,163.9,164.35,446886,0
2025-12-11 09:55:00+05:30,164.34,164.34,164.0,164.29,452451,0
2025-12-11 10:00:00+05:30,164.28,164.78,164.22,164.75,654041,0
2025-12-11 10:05:00+05:30,164.73,164.8,164.31,164.41,461884,0
2025-12-11 10:10:00+05:30,164.41,164.57,164.12,164.44,439657,0
2025-12-11 10:15:00+05:30,164.45,165.08,164.44,164.83,1196198,0
2025-12-11 10:20:00+05:30,164.83,164.9,164.55,164.82,403185,0
2025-12-11 10:25:00+05:30,164.81,164.89,164.59,164.8,290627,0
2025-12-11 10:30:00+05:30,164.76,164.87,164.57,164.85,260555,0
2025-12-11 10:35:00+05:30,164.85,165.15,164.65,164.72,509309,0
2025-12-11 10:40:00+05:30,164.72,164.93,164.6,164.66,232857,0
2025-12-11 10:45:00+05:30,164.66,164.93,164.64,164.68,276083,0
2025-12-11 10:50:00+05:30,164.68,164.8,164.15,164.27,436203,0
2025-12-11 10:55:00+05:30,164.23,164.23,163.74,163.9,510697,0
2025-12-11 11:00:00+05:30,163.91,164.19,163.75,163.8,263087,0
2025-12-11 11:05:00+05:30,163.8,164.03,163.75,163.92,206821,0
2025-12-11 11:10:00+05:30,163.92,164.02,163.79,163.99,232804,0
2025-12-11 11:15:00+05:30,163.99,164.35,163.76,164.29,483132,0
2025-12-11 11:20:00+05:30,164.3,164.9,164.12,164.25,687044,0
2025-12-11 11:25:00+05:30,164.24,164.51,164.17,164.44,188155,0
2025-12-11 11:30:00+05:30,164.44,164.45,164.06,164.08,113654,0
2025-12-11 11:35:00+05:30,164.08,164.08,163.75,163.94,209557,0
2025-12-11 11:40:00+05:30,163.91,164.07,163.91,163.98,84994,0
2025-12-11 11:45:00+05:30,163.98,164.05,163.9,164.01,91745,0
2025-12-11 11:50:00+05:30,164.04,164.04,163.81,163.89,97367,0
2025-12-11 11:55:00+05:30,163.87,163.97,163.81,163.81,79199,0
2025-12-11 12:00:00+05:30,163.84,164.03,163.81,164.02,141048,0
2025-12-11 12:05:00+05:30,164.02,164.35,163.99,164.28,287237,0
2025-12-11 12:10:00+05:30,164.28,164.34,164.0,164.19,122973,0
2025-12-11 12:15:00+05:30,164.19,164.44,164.14,164.2,178469,0
2025-12-11 12:20:00+05:30,164.2,164.45,164.02,164.43,215479,0
2025-12-11 12:25:00+05:30,164.42,164.48,164.22,164.41,135466,0
2025-12-11 12:30:00+05:30,164.41,164.65,164.36,164.54,260330,0
2025-12-11 12:35:00+05:30,164.54,164.54,164.28,164.4,119486,0
2025-12-11 12:40:00+05:30,164.37,164.55,164.31,164.5,125956,0
2025-12-11 12:45:00+05:30,164.5,164.6,164.3,164.3,127896,0
2025-12-11 12:50:00+05:30,164.31,164.4,164.21,164.28,152207,0
2025-12-11 12:55:00+05:30,164.27,164.3,164.04,164.06,176234,0
2025-12-11 13:00:00+05:30,164.09,164.4,164.0,164.29,227742,0
2025-12-11 13:05:00+05:30,164.29,164.45,164.11,164.25,132677,0
2025-12-11 13:10:00+05:30,164.25,164.26,164.0,164.14,106782,0
2025-12-11 13:15:00+05:30,164.13,164.36,164.13,164.25,93704,0
2025-12-11 13:20:00+05:30,164.25,164.45,164.22,164.4,123704,0
2025-12-11 13:25:00+05:30,164.4,164.57,164.3,164.5,183162,0
2025-12-11 13:30:00+05:30,164.54,164.95,164.5,164.84,445142,0
2025-12-11 13:35:00+05:30,164.84,165.0,164.79,164.85,362742,0
2025-12-11 13:40:00+05:30,164.88,165.42,164.85,165.22,647821,0
2025-12-11 13:45:00+05:30,165.27,165.56,165.22,165.5,788089,0
2025-12-11 13:50:00+05:30,165.49,165.49,165.25,165.49,301496,0
2025-12-11 13:55:00+05:30,165.49,165.49,165.4,165.44,251977,0
2025-12-11 14:00:00+05:30,165.44,165.65,165.4,165.57,557575,0
2025-12-11 14:05:00+05:30,165.52,165.89,165.49,165.67,558838,0
2025-12-11 14:10:00+05:30,165.67,165.9,165.5,165.57,348698,0
2025-12-11 14:15:00+05:30,165.56,165.85,165.56,165.76,274542,0
2025-12-11 14:20:00+05:30,165.79,166.1,165.76,165.93,697704,0
2025-12-11 14:25:00+05:30,165.93,166.1,165.76,166.09,430767,0
2025-12-11 14:30:00+05:30,166.1,166.14,165.98,166.0,269850,0
2025-12-11 14:35:00+05:30,166.01,166.04,165.87,165.98,267772,0
2025-12-11 14:40:00+05:30,165.98,166.1,165.9,166.01,395503,0
2025-12-11 14:45:00+05:30,166.01,166.06,165.8,165.83,537475,0
2025-12-11 14:50:00+05:30,165.87,166.02,165.75,165.98,450786,0
2025-12-11 14:55:00+05:30,165.98,166.08,165.95,166.04,301996,0
2025-12-11 15:00:00+05:30,166.05,166.3,166.04,166.21,634003,0
2025-12-11 15:05:00+05:30,166.21,166.31,166.1,166.15,519885,0
2025-12-11 15:10:00+05:30,166.15,166.42,166.11,166.28,569029,0
2025-12-11 15:15:00+05:30,166.25,166.6,166.19,166.52,1918593,0
2025-12-11 15:20:00+05:30,166.52,166.66,166.21,166.49,1080595,0
2025-12-11 15:25:00+05:30,166.49,166.54,166.25,166.4,883395,0
2025-12-12 09:15:00+05:30,167.6,169.06,167.4,169.0,2385719,0
2025-12-12 09:20:00+05:30,168.98,169.45,168.9,169.3,1745974,0
2025-12-12 09:25:00+05:30,169.35,169.67,169.2,169.64,1461033,0
2025-12-12 09:30:00+05:30,169.64,169.8,169.4,169.45,644457,0
2025-12-12 09:35:00+05:30,169.46,170.35,169.2,170.26,1644726,0
2025-12-12 09:40:00+05:30,170.25,170.37,169.52,169.52,976892,0
2025-12-12 09:45:00+05:30,169.56,169.7,169.25,169.56,628016,0
2025-12-12 09:50:00+05:30,169.59,169.7,169.36,169.69,305018,0
2025-12-12 09:55:00+05:30,169.69,169.8,169.5,169.58,246629,0
2025-12-12 10:00:00+05:30,169.58,169.75,169.52,169.66,215967,0
2025-12-12 10:05:00+05:30,169.66,169.71,169.21,169.44,518631,0
2025-12-12 10:10:00+05:30,169.44,169.5,169.25,169.49,193069,0
2025-12-12 10:15:00+05:30,169.5,170.0,169.49,169.92,503561,0
2025-12-12 10:20:00+05:30,169.86,170.2,169.72,169.94,535655,0
2025-12-12 10:25:00+05:30,169.94,170.13,169.65,169.77,406072,0
2025-12-12 10:30:00+05:30,169.8,169.95,169.76,169.85,209812,0
2025-12-12 10:35:00+05:30,169.84,170.05,169.5,170.04,572041,0
2025-12-12 10:40:00+05:30,170.04,170.2,169.97,170.09,427895,0
2025-12-12 10:45:00+05:30,170.08,170.37,169.9,170.01,652646,0
2025-12-12 10:50:00+05:30,170.05,170.23,170.0,170.03,282956,0
2025-12-12 10:55:00+05:30,170.03,170.15,169.92,170.08,283182,0
2025-12-12 11:00:00+05:30,170.08,170.7,170.01,170.49,851549,0
2025-12-12 11:05:00+05:30,170.49,170.49,170.09,170.35,202113,0
2025-12-12 11:10:00+05:30,170.32,170.34,170.05,170.08,154562,0
2025-12-12 11:15:00+05:30,170.08,170.34,170.05,170.25,128204,0
2025-12-12 11:20:00+05:30,170.25,170.32,170.08,170.3,257446,0
2025-12-12 11:25:00+05:30,170.32,170.57,170.22,170.3,360211,0
2025-12-12 11:30:00+05:30,170.31,170.45,170.29,170.31,224668,0
2025-12-12 11:35:00+05:30,170.36,170.49,170.31,170.45,171914,0
2025-12-12 11:40:00+05:30,170.45,170.59,170.35,170.58,318027,0
2025-12-12 11:45:00+05:30,170.59,170.7,170.54,170.64,417826,0
2025-12-12 11:50:00+05:30,170.63,170.7,170.55,170.58,293812,0
2025-12-12 11:55:00+05:30,170.58,170.84,170.55,170.72,442923,0
2025-12-12 12:00:00+05:30,170.72,170.78,170.53,170.67,347533,0
2025-12-12 12:05:00+05:30,170.67,170.68,170.46,170.6,240143,0
2025-12-12 12:10:00+05:30,170.6,170.65,170.48,170.54,157718,0
2025-12-12 12:15:00+05:30,170.55,170.65,170.49,170.54,175734,0
2025-12-12 12:20:00+05:30,170.59,170.59,170.48,170.55,185471,0
2025-12-12 12:25:00+05:30,170.55,170.73,170.5,170.72,240310,0
2025-12-12 12:30:00+05:30,170.7,170.95,170.68,170.88,456546,0
2025-12-12 12:35:00+05:30,170.88,170.95,170.81,170.93,266345,0
2025-12-12 12:40:00+05:30,170.92,171.18,170.89,171.01,1056579,0
2025-12-12 12:45:00+05:30,171.02,171.14,170.9,171.12,461198,0
2025-12-12 12:50:00+05:30,171.12,171.4,171.1,171.33,949835,0
2025-12-12 12:55:00+05:30,171.33,171.35,171.02,171.25,339696,0
2025-12-12 13:00:00+05:30,171.25,171.33,171.19,171.27,242868,0
2025-12-12 13:05:00+05:30,171.28,171.5,171.17,171.39,475008,0
2025-12-12 13:10:00+05:30,171.39,171.45,171.3,171.41,287117,0
2025-12-12 13:15:00+05:30,171.43,171.5,171.35,171.43,359234,0
2025-12-12 13:20:00+05:30,171.43,171.75,171.39,171.59,1093026,0
2025-12-12 13:25:00+05:30,171.6,171.68,171.5,171.54,289122,0
2025-12-12 13:30:00+05:30,171.55,171.55,171.06,171.2,514296,0
2025-12-12 13:35:00+05:30,171.2,171.45,171.17,171.44,199538,0
2025-12-12 13:40:00+05:30,171.45,171.59,171.36,171.55,332527,0
2025-12-12 13:45:00+05:30,171.55,171.69,171.52,171.64,353952,0
2025-12-12 13:50:00+05:30,171.64,171.69,171.2,171.28,319417,0
2025-12-12 13:55:00+05:30,171.28,171.5,171.27,171.47,225890,0
2025-12-12 14:00:00+05:30,171.49,171.7,171.42,171.7,287502,0
2025-12-12 14:05:00+05:30,171.7,171.84,171.59,171.75,327319,0
2025-12-12 14:10:00+05:30,171.75,171.93,171.64,171.71,642923,0
2025-12-12 14:15:00+05:30,171.7,171.76,171.56,171.7,245418,0
2025-12-12 14:20:00+05:30,171.7,171.83,171.68,171.82,237596,0
2025-12-12 14:25:00+05:30,171.82,171.85,171.72,171.77,219722,0
2025-12-12 14:30:00+05:30,171.77,171.77,171.55,171.62,440713,0
2025-12-12 14:35:00+05:30,171.63,171.65,171.28,171.5,532067,0
2025-12-12 14:40:00+05:30,171.5,171.75,171.49,171.68,513693,0
2025-12-12 14:45:00+05:30,171.71,171.71,171.58,171.7,191820,0
2025-12-12 14:50:00+05:30,171.7,171.85,171.69,171.78,419212,0
2025-12-12 14:55:00+05:30,171.78,171.92,171.75,171.86,579922,0
2025-12-12 15:00:00+05:30,171.86,171.95,171.75,171.86,1148900,0
2025-12-12 15:05:00+05:30,171.85,171.9,171.82,171.88,564645,0
2025-12-12 15:10:00+05:30,171.88,171.88,171.75,171.85,1061514,0
2025-12-12 15:15:00+05:30,171.88,171.95,171.75,171.86,2208652,0
2025-12-12 15:20:00+05:30,171.85,171.95,171.69,171.91,1355484,0
2025-12-12 15:25:00+05:30,171.9,172.5,171.75,172.0,1913992,0
2025-12-15 09:15:00+05:30,170.95,171.87,170.5,171.49,1313035,0
2025-12-15 09:20:00+05:30,171.49,172.23,171.4,171.69,829963,0
2025-12-15 09:25:00+05:30,171.65,171.75,171.3,171.57,502480,0
2025-12-15 09:30:00+05:30,171.57,171.84,171.32,171.62,325770,0
2025-12-15 09:35:00+05:30,171.62,172.08,171.5,171.94,342576,0
2025-12-15 09:40:00+05:30,171.94,171.94,171.5,171.55,285887,0
2025-12-15 09:45:00+05:30,171.55,171.75,171.3,171.65,256314,0
2025-12-15 09:50:00+05:30,171.7,171.9,171.51,171.82,368891,0
2025-12-15 09:55:00+05:30,171.86,171.94,171.79,171.93,140440,0
2025-12-15 10:00:00+05:30,171.91,172.1,171.88,172.05,293267,0
2025-12-15 10:05:00+05:30,172.05,172.37,171.85,172.26,333836,0
2025-12-15 10:10:00+05:30,172.26,172.29,171.9,172.27,244200,0
2025-12-15 10:15:00+05:30,172.27,172.34,172.0,172.28,221427,0
2025-12-15 10:20:00+05:30,172.24,172.29,172.12,172.19,149361,0
2025-12-15 10:25:00+05:30,172.24,172.46,172.04,172.4,288786,0
2025-12-15 10:30:00+05:30,172.44,172.45,172.19,172.31,235922,0
2025-12-15 10:35:00+05:30,172.31,172.32,172.06,172.18,247348,0
2025-12-15 10:40:00+05:30,172.21,172.35,172.05,172.33,191884,0
2025-12-15 10:45:00+05:30,172.33,172.39,172.2,172.34,166576,0
2025-12-15 10:50:00+05:30,172.34,172.35,172.2,172.31,130111,0
2025-12-15 10:55:00+05:30,172.31,172.4,172.14,172.4,277497,0
2025-12-15 11:00:00+05:30,172.4,172.81,172.25,172.59,1328686,0
2025-12-15 11:05:00+05:30,172.59,172.65,172.41,172.5,223638,0
2025-12-15 11:10:00+05:30,172.5,172.63,172.35,172.38,175673,0
2025-12-15 11:15:00+05:30,172.38,172.42,171.99,172.25,553689,0
2025-12-15 11:20:00+05:30,172.24,172.42,172.02,172.31,285520,0
2025-12-15 11:25:00+05:30,172.31,172.54,172.25,172.48,148952,0
2025-12-15 11:30:00+05:30,172.48,172.53,172.18,172.5,254142,0
2025-12-15 11:35:00+05:30,172.5,172.52,172.33,172.49,130637,0
2025-12-15 11:40:00+05:30,172.49,172.9,172.4,172.84,582743,0
2025-12-15 11:45:00+05:30,172.84,172.9,172.72,172.9,327837,0
2025-12-15 11:50:00+05:30,172.9,173.1,172.88,172.94,473995,0
2025-12-15 11:55:00+05:30,172.94,173.03,172.9,172.98,150700,0
2025-12-15 12:00:00+05:30,172.98,173.17,172.9,173.04,241405,0
2025-12-15 12:05:00+05:30,173.04,173.04,172.72,173.02,225232,0
2025-12-15 12:10:00+05:30,173.02,173.08,172.9,173.03,162092,0
2025-12-15 12:15:00+05:30,173.03,173.09,172.9,172.93,76203,0
2025-12-15 12:20:00+05:30,172.93,172.94,172.85,172.92,191843,0
2025-12-15 12:25:00+05:30,172.93,172.93,172.6,172.71,330886,0
2025-12-15 12:30:00+05:30,172.71,172.9,172.64,172.79,112750,0
2025-12-15 12:35:00+05:30,172.79,172.91,172.52,172.6,130736,0
2025-12-15 12:40:00+05:30,172.6,172.67,172.32,172.61,519845,0
2025-12-15 12:45:00+05:30,172.61,172.62,172.5,172.56,490236,0
2025-12-15 12:50:00+05:30,172.56,172.6,172.49,172.57,139529,0
2025-12-15 12:55:00+05:30,172.57,172.83,172.55,172.83,132545,0
2025-12-15 13:00:00+05:30,172.83,172.93,172.64,172.88,205883,0
2025-12-15 13:05:00+05:30,172.88,172.93,172.79,172.84,112134,0
2025-12-15 13:10:00+05:30,172.85,172.95,172.77,172.95,124729,0
2025-12-15 13:15:00+05:30,172.95,172.98,172.88,172.97,116070,0
2025-12-15 13:20:00+05:30,172.97,172.98,172.9,172.95,149512,0
2025-12-15 13:25:00+05:30,172.95,172.98,172.9,172.95,107059,0
2025-12-15 13:30:00+05:30,172.95,172.98,172.68,172.8,154511,0
2025-12-15 13:35:00+05:30,172.8,172.82,172.68,172.8,71418,0
2025-12-15 13:40:00+05:30,172.8,172.85,172.71,172.8,91607,0
2025-12-15 13:45:00+05:30,172.8,172.85,172.76,172.8,77502,0
2025-12-15 13:50:00+05:30,172.8,172.87,172.65,172.78,187166,0
2025-12-15 13:55:00+05:30,172.78,172.8,172.55,172.61,160137,0
2025-12-15 14:00:00+05:30,172.65,172.85,172.6,172.79,107293,0
2025-12-15 14:05:00+05:30,172.79,172.8,172.62,172.73,146557,0
2025-12-15 14:10:00+05:30,172.73,172.77,172.63,172.75,242098,0
2025-12-15 14:15:00+05:30,172.75,172.75,172.6,172.74,119002,0
2025-12-15 14:20:00+05:30,172.74,172.75,172.66,172.74,98873,0
2025-12-15 14:25:00+05:30,172.74,172.75,172.68,172.75,130886,0
2025-12-15 14:30:00+05:30,172.75,172.75,172.69,172.69,214608,0
2025-12-15 14:35:00+05:30,172.7,172.87,172.66,172.78,1039301,0
2025-12-15 14:40:00+05:30,172.77,172.86,172.61,172.78,488081,0
2025-12-15 14:45:00+05:30,172.79,172.86,172.7,172.8,550762,0
2025-12-15 14:50:00+05:30,172.8,172.8,172.73,172.79,152369,0
2025-12-15 14:55:00+05:30,172.77,172.85,172.75,172.84,247389,0
2025-12-15 15:00:00+05:30,172.84,173.0,172.81,172.94,705879,0
2025-12-15 15:05:00+05:30,172.94,172.96,172.8,172.95,349267,0
2025-12-15 15:10:00+05:30,172.95,172.97,172.8,172.94,484144,0
2025-12-15 15:15:00+05:30,172.94,172.95,172.77,172.92,785222,0
2025-12-15 15:20:00+05:30,172.9,172.92,172.7,172.78,812635,0
2025-12-15 15:25:00+05:30,172.77,172.85,172.5,172.7,484321,0
2025-12-16 09:15:00+05:30,172.7,172.7,171.21,171.65,818165,0
2025-12-16 09:20:00+05:30,171.62,171.66,171.29,171.29,355452,0
2025-12-16 09:25:00+05:30,171.31,171.51,171.01,171.05,538888,0
2025-12-16 09:30:00+05:30,171.05,171.15,170.85,170.94,511791,0
2025-12-16 09:35:00+05:30,170.94,171.0,170.6,170.71,361621,0
2025-12-16 09:40:00+05:30,170.75,170.98,170.64,170.9,245872,0
2025-12-16 09:45:00+05:30,170.9,171.5,170.8,171.33,302872,0
2025-12-16 09:50:00+05:30,171.34,171.34,171.0,171.09,261068,0
2025-12-16 09:55:00+05:30,171.1,171.16,170.6,170.61,256541,0
2025-12-16 10:00:00+05:30,170.6,170.67,170.3,170.39,332279,0
2025-12-16 10:05:00+05:30,170.38,170.86,170.38,170.56,270376,0
2025-12-16 10:10:00+05:30,170.58,170.65,170.4,170.43,182651,0
2025-12-16 10:15:00+05:30,170.42,170.72,170.28,170.52,357284,0
2025-12-16 10:20:00+05:30,170.52,170.59,170.36,170.58,129534,0
2025-12-16 10:25:00+05:30,170.58,170.6,170.33,170.4,98507,0
2025-12-16 10:30:00+05:30,170.4,170.53,170.34,170.46,91078,0
2025-12-16 10:35:00+05:30,170.43,170.57,170.3,170.5,197330,0
2025-12-16 10:40:00+05:30,170.5,170.99,170.48,170.64,363780,0
2025-12-16 10:45:00+05:30,170.65,170.85,170.6,170.66,477026,0
2025-12-16 10:50:00+05:30,170.66,170.77,170.6,170.71,369703,0
2025-12-16 10:55:00+05:30,170.71,170.96,170.7,170.95,172259,0
2025-12-16 11:00:00+05:30,170.9,170.94,170.72,170.8,89737,0
2025-12-16 11:05:00+05:30,170.81,170.98,170.8,170.88,73421,0
2025-12-16 11:10:00+05:30,170.89,170.89,170.4,170.48,288766,0
2025-12-16 11:15:00+05:30,170.44,170.5,170.4,170.4,104725,0
2025-12-16 11:20:00+05:30,170.4,170.42,170.11,170.15,223186,0
2025-12-16 11:25:00+05:30,170.14,170.39,170.1,170.15,110566,0
2025-12-16 11:30:00+05:30,170.15,170.23,170.0,170.04,191921,0
2025-12-16 11:35:00+05:30,170.02,170.09,169.82,170.07,261719,0
2025-12-16 11:40:00+05:30,170.05,170.09,169.89,169.91,58598,0
2025-12-16 11:45:00+05:30,169.94,170.1,169.76,169.81,337146,0
2025-12-16 11:50:00+05:30,169.79,169.93,169.51,169.6,145170,0
2025-12-16 11:55:00+05:30,169.58,169.61,169.3,169.39,206900,0
2025-12-16 12:00:00+05:30,169.4,169.49,169.25,169.4,147319,0
2025-12-16 12:05:00+05:30,169.41,170.08,169.41,169.95,277889,0
2025-12-16 12:10:00+05:30,169.9,170.21,169.85,170.05,144930,0
2025-12-16 12:15:00+05:30,170.03,170.25,169.93,170.25,130826,0
2025-12-16 12:20:00+05:30,170.23,170.65,170.22,170.44,221713,0
2025-12-16 12:25:00+05:30,170.43,170.56,170.31,170.53,133777,0
2025-12-16 12:30:00+05:30,170.52,170.59,170.22,170.33,174979,0
2025-12-16 12:35:00+05:30,170.32,170.38,170.03,170.13,186265,0
2025-12-16 12:40:00+05:30,170.12,170.16,169.98,170.05,134288,0
2025-12-16 12:45:00+05:30,170.04,170.1,169.7,169.74,238224,0
2025-12-16 12:50:00+05:30,169.78,169.88,169.64,169.79,122025,0
2025-12-16 12:55:00+05:30,169.78,169.99,169.72,169.72,146421,0
2025-12-16 13:00:00+05:30,169.71,169.98,169.7,169.97,134042,0
2025-12-16 13:05:00+05:30,169.96,169.98,169.84,169.95,76427,0
2025-12-16 13:10:00+05:30,169.93,170.19,169.92,170.01,177436,0
2025-12-16 13:15:00+05:30,170.0,170.35,170.0,170.34,234867,0
2025-12-16 13:20:00+05:30,170.33,170.33,170.0,170.14,226811,0
2025-12-16 13:25:00+05:30,170.13,170.19,169.62,169.67,1067855,0
2025-12-16 13:30:00+05:30,169.68,169.81,169.65,169.77,154768,0
2025-12-16 13:35:00+05:30,169.76,169.97,169.75,169.89,101443,0
2025-12-16 13:40:00+05:30,169.89,170.19,169.89,170.0,138253,0
2025-12-16 13:45:00+05:30,169.99,170.09,169.95,170.0,350993,0
2025-12-16 13:50:00+05:30,169.99,170.08,169.95,170.02,187449,0
2025-12-16 13:55:00+05:30,170.02,170.2,169.86,169.91,455592,0
2025-12-16 14:00:00+05:30,169.9,169.93,169.77,169.88,190761,0
2025-12-16 14:05:00+05:30,169.87,169.92,169.7,169.74,173064,0
2025-12-16 14:10:00+05:30,169.73,169.92,169.61,169.92,321328,0
2025-12-16 14:15:00+05:30,169.91,169.94,169.42,169.42,245343,0
2025-12-16 14:20:00+05:30,169.42,169.65,169.35,169.55,457792,0
2025-12-16 14:25:00+05:30,169.54,169.62,169.46,169.54,164429,0
2025-12-16 14:30:00+05:30,169.53,169.58,169.39,169.41,232660,0
2025-12-16 14:35:00+05:30,169.4,169.98,169.4,169.82,376624,0
2025-12-16 14:40:00+05:30,169.81,170.08,169.75,169.82,251099,0
2025-12-16 14:45:00+05:30,169.81,169.82,169.58,169.69,273288,0
2025-12-16 14:50:00+05:30,169.68,170.0,169.52,169.98,486538,0
2025-12-16 14:55:00+05:30,169.98,170.09,169.77,170.02,525621,0
2025-12-16 15:00:00+05:30,170.01,170.15,169.88,170.02,875321,0
2025-12-16 15:05:00+05:30,170.03,170.15,169.96,170.01,655329,0
2025-12-16 15:10:00+05:30,170.01,170.01,169.71,169.85,952554,0
2025-12-16 15:15:00+05:30,169.8,169.9,169.69,169.74,1037757,0
2025-12-16 15:20:00+05:30,169.72,169.88,169.65,169.74,831881,0
2025-12-16 15:25:00+05:30,169.73,169.85,169.52,169.8,768510,0
2025-12-17 09:15:00+05:30,170.09,171.12,170.09,170.56,525790,0
2025-12-17 09:20:00+05:30,170.59,171.08,170.5,170.81,381797,0
2025-12-17 09:25:00+05:30,170.88,171.19,170.8,171.04,324863,0
2025-12-17 09:30:00+05:30,171.0,171.0,170.65,170.8,168769,0
2025-12-17 09:35:00+05:30,170.8,170.98,170.73,170.95,133510,0
2025-12-17 09:40:00+05:30,170.93,171.3,170.91,171.19,263965,0
2025-12-17 09:45:00+05:30,171.19,171.26,170.8,170.87,190426,0
2025-12-17 09:50:00+05:30,170.87,170.88,170.43,170.7,264820,0
2025-12-17 09:55:00+05:30,170.68,170.77,170.48,170.76,107223,0
2025-12-17 10:00:00+05:30,170.76,170.94,170.45,170.56,146422,0
2025-12-17 10:05:00+05:30,170.57,170.65,170.31,170.63,132137,0
2025-12-17 10:10:00+05:30,170.65,170.69,170.44,170.56,71943,0
2025-12-17 10:15:00+05:30,170.57,170.98,170.44,170.9,169012,0
2025-12-17 10:20:00+05:30,170.95,170.95,170.76,170.76,70093,0
2025-12-17 10:25:00+05:30,170.79,170.98,170.67,170.72,120522,0
2025-12-17 10:30:00+05:30,170.75,170.76,170.14,170.28,194103,0
2025-12-17 10:35:00+05:30,170.27,170.32,170.1,170.16,109480,0
2025-12-17 10:40:00+05:30,170.21,170.34,170.03,170.2,141724,0
2025-12-17 10:45:00+05:30,170.2,170.32,170.11,170.25,66587,0
2025-12-17 10:50:00+05:30,170.27,170.39,170.1,170.11,156790,0
2025-12-17 10:55:00+05:30,170.11,170.16,169.68,170.07,294940,0
2025-12-17 11:00:00+05:30,170.08,170.26,169.94,169.96,162358,0
2025-12-17 11:05:00+05:30,169.96,170.17,169.95,170.07,382050,0
2025-12-17 11:10:00+05:30,170.14,170.21,170.03,170.19,99123,0
2025-12-17 11:15:00+05:30,170.19,170.28,170.0,170.07,105528,0
2025-12-17 11:20:00+05:30,170.1,170.13,169.91,170.0,90857,0
2025-12-17 11:25:00+05:30,170.0,170.08,169.78,169.81,151756,0
2025-12-17 11:30:00+05:30,169.85,169.94,169.75,169.77,211805,0
2025-12-17 11:35:00+05:30,169.8,170.1,169.77,170.07,120494,0
2025-12-17 11:40:00+05:30,170.06,170.1,169.97,169.99,68264,0
2025-12-17 11:45:00+05:30,170.0,170.07,169.97,169.99,45624,0
2025-12-17 11:50:00+05:30,170.0,170.07,169.97,169.99,51925,0
2025-12-17 11:55:00+05:30,169.99,170.07,169.91,169.94,36696,0
2025-12-17 12:00:00+05:30,169.94,169.99,169.82,169.9,68169,0
2025-12-17 12:05:00+05:30,169.89,169.95,169.82,169.91,45395,0
2025-12-17 12:10:00+05:30,169.91,170.0,169.9,169.97,39387,0
2025-12-17 12:15:00+05:30,169.98,170.0,169.91,169.97,52941,0
2025-12-17 12:20:00+05:30,169.97,170.1,169.9,169.91,186383,0
2025-12-17 12:25:00+05:30,169.91,170.0,169.87,169.99,44178,0
2025-12-17 12:30:00+05:30,169.99,169.99,169.84,169.95,47423,0
2025-12-17 12:35:00+05:30,169.95,169.97,169.83,169.93,48437,0
2025-12-17 12:40:00+05:30,169.92,169.96,169.82,169.9,57241,0
2025-12-17 12:45:00+05:30,169.9,169.99,169.83,169.92,87927,0
2025-12-17 12:50:00+05:30,169.92,170.0,169.82,169.87,166705,0
2025-12-17 12:55:00+05:30,169.88,170.0,169.83,169.97,87987,0
2025-12-17 13:00:00+05:30,169.97,170.0,169.9,169.96,93148,0
2025-12-17 13:05:00+05:30,169.96,170.0,169.9,169.94,115086,0
2025-12-17 13:10:00+05:30,169.95,170.0,169.92,169.96,35125,0
2025-12-17 13:15:00+05:30,169.96,169.99,169.91,169.95,30076,0
2025-12-17 13:20:00+05:30,169.99,170.0,169.92,169.98,36110,0
2025-12-17 13:25:00+05:30,170.0,170.0,169.92,169.99,160066,0
2025-12-17 13:30:00+05:30,169.99,169.99,169.9,169.9,113171,0
2025-12-17 13:35:00+05:30,169.92,169.95,169.85,169.93,109546,0
2025-12-17 13:40:00+05:30,169.93,169.94,169.89,169.91,106019,0
2025-12-17 13:45:00+05:30,169.91,170.0,169.9,169.9,46909,0
2025-12-17 13:50:00+05:30,169.96,170.0,169.9,169.91,32213,0
2025-12-17 13:55:00+05:30,169.92,169.99,169.9,169.92,159262,0
2025-12-17 14:00:00+05:30,169.92,169.98,169.9,169.98,38262,0
2025-12-17 14:05:00+05:30,169.98,169.98,169.9,169.9,30931,0
2025-12-17 14:10:00+05:30,169.91,169.91,169.66,169.84,199098,0
2025-12-17 14:15:00+05:30,169.78,170.0,169.78,170.0,234256,0
2025-12-17 14:20:00+05:30,170.0,170.19,169.85,169.9,161990,0
2025-12-17 14:25:00+05:30,169.9,170.0,169.83,169.91,126783,0
2025-12-17 14:30:00+05:30,169.92,170.0,169.9,169.94,32326,0
2025-12-17 14:35:00+05:30,170.0,170.2,169.9,169.9,418435,0
2025-12-17 14:40:00+05:30,169.91,169.95,169.71,169.84,140993,0
2025-12-17 14:45:00+05:30,169.89,170.18,169.83,170.06,126660,0
2025-12-17 14:50:00+05:30,170.14,170.2,170.0,170.1,106758,0
2025-12-17 14:55:00+05:30,170.1,170.15,169.96,170.15,98423,0
2025-12-17 15:00:00+05:30,170.14,170.45,170.14,170.29,533017,0
2025-12-17 15:05:00+05:30,170.29,170.42,170.29,170.33,306605,0
2025-12-17 15:10:00+05:30,170.32,170.45,170.32,170.39,240617,0
2025-12-17 15:15:00+05:30,170.38,170.4,170.29,170.32,381185,0
2025-12-17 15:20:00+05:30,170.31,170.4,170.29,170.39,372148,0
2025-12-17 15:25:00+05:30,170.37,170.5,170.25,170.29,544741,0
2025-12-18 09:15:00+05:30,169.92,170.34,168.66,169.4,1567940,0
2025-12-18 09:20:00+05:30,169.37,169.65,169.2,169.57,295982,0
2025-12-18 09:25:00+05:30,169.57,169.8,169.4,169.45,121912,0
2025-12-18 09:30:00+05:30,169.41,169.65,169.34,169.48,78556,0
2025-12-18 09:35:00+05:30,169.42,169.48,169.11,169.15,158305,0
2025-12-18 09:40:00+05:30,169.15,169.2,168.94,169.0,154892,0
2025-12-18 09:45:00+05:30,168.98,169.03,168.8,168.84,151109,0
2025-12-18 09:50:00+05:30,168.84,168.95,168.7,168.95,134705,0
2025-12-18 09:55:00+05:30,168.95,169.05,168.81,168.85,101168,0
2025-12-18 10:00:00+05:30,168.85,168.86,168.47,168.65,242120,0
2025-12-18 10:05:00+05:30,168.65,169.23,168.55,169.06,172661,0
2025-12-18 10:10:00+05:30,169.06,169.47,169.0,169.24,239149,0
2025-12-18 10:15:00+05:30,169.24,169.48,169.08,169.48,82892,0
2025-12-18 10:20:00+05:30,169.48,169.88,169.41,169.78,203167,0
2025-12-18 10:25:00+05:30,169.78,170.23,169.74,170.0,288427,0
2025-12-18 10:30:00+05:30,170.0,170.33,169.96,170.28,145111,0
2025-12-18 10:35:00+05:30,170.28,170.28,169.47,169.68,275823,0
2025-12-18 10:40:00+05:30,169.68,169.94,169.61,169.81,66314,0
2025-12-18 10:45:00+05:30,169.81,169.85,169.6,169.7,42612,0
2025-12-18 10:50:00+05:30,169.72,169.72,169.45,169.59,188748,0
2025-12-18 10:55:00+05:30,169.59,169.9,169.58,169.81,535913,0
2025-12-18 11:00:00+05:30,169.81,169.87,169.56,169.66,74772,0
2025-12-18 11:05:00+05:30,169.66,169.7,169.56,169.65,36832,0
2025-12-18 11:10:00+05:30,169.65,169.83,169.59,169.79,99436,0
2025-12-18 11:15:00+05:30,169.79,169.9,169.71,169.81,50191,0
2025-12-18 11:20:00+05:30,169.81,170.1,169.77,169.99,146687,0
2025-12-18 11:25:00+05:30,169.99,170.0,169.82,169.95,61839,0
2025-12-18 11:30:00+05:30,169.95,169.95,169.71,169.82,40215,0
2025-12-18 11:35:00+05:30,169.82,169.93,169.77,169.93,20459,0
2025-12-18 11:40:00+05:30,169.93,170.0,169.85,169.93,21586,0
2025-12-18 11:45:00+05:30,169.93,169.94,169.44,169.8,134614,0
2025-12-18 11:50:00+05:30,169.8,170.19,169.79,170.16,165953,0
2025-12-18 11:55:00+05:30,170.14,170.34,169.92,170.0,167391,0
2025-12-18 12:00:00+05:30,169.98,170.12,169.91,170.0,141036,0
2025-12-18 12:05:00+05:30,169.99,170.2,169.99,170.11,153977,0
2025-12-18 12:10:00+05:30,170.04,170.17,170.0,170.05,63153,0
2025-12-18 12:15:00+05:30,170.05,170.15,169.9,170.0,68978,0
2025-12-18 12:20:00+05:30,170.0,170.23,170.0,170.21,66266,0
2025-12-18 12:25:00+05:30,170.21,170.3,170.17,170.19,70141,0
2025-12-18 12:30:00+05:30,170.18,170.45,170.05,170.24,131476,0
2025-12-18 12:35:00+05:30,170.23,170.26,169.98,169.98,80691,0
2025-12-18 12:40:00+05:30,169.98,170.09,169.9,169.94,55102,0
2025-12-18 12:45:00+05:30,169.94,170.12,169.9,169.97,85399,0
2025-12-18 12:50:00+05:30,169.97,169.97,169.7,169.85,75964,0
2025-12-18 12:55:00+05:30,169.85,169.85,169.68,169.78,67197,0
2025-12-18 13:00:00+05:30,169.78,169.84,169.6,169.7,130494,0
2025-12-18 13:05:00+05:30,169.7,169.75,169.61,169.67,64031,0
2025-12-18 13:10:00+05:30,169.67,169.68,169.51,169.52,65951,0
2025-12-18 13:15:00+05:30,169.51,169.64,169.5,169.57,43577,0
2025-12-18 13:20:00+05:30,169.56,169.57,169.37,169.45,64305,0
2025-12-18 13:25:00+05:30,169.45,169.56,169.34,169.38,60132,0
2025-12-18 13:30:00+05:30,169.38,169.43,169.15,169.21,85772,0
2025-12-18 13:35:00+05:30,169.2,169.2,169.03,169.14,112867,0
2025-12-18 13:40:00+05:30,169.14,169.15,168.92,169.0,146528,0
2025-12-18 13:45:00+05:30,169.0,169.04,168.93,168.96,52997,0
2025-12-18 13:50:00+05:30,168.94,169.2,168.92,169.2,155298,0
2025-12-18 13:55:00+05:30,169.2,169.24,168.95,169.01,94901,0
2025-12-18 14:00:00+05:30,169.01,169.04,168.65,168.83,184450,0
2025-12-18 14:05:00+05:30,168.8,168.81,168.53,168.61,109762,0
2025-12-18 14:10:00+05:30,168.63,168.68,168.35,168.58,146737,0
2025-12-18 14:15:00+05:30,168.58,168.58,168.25,168.37,107828,0
2025-12-18 14:20:00+05:30,168.37,168.42,168.01,168.01,128626,0
2025-12-18 14:25:00+05:30,168.01,168.24,168.0,168.09,145653,0
2025-12-18 14:30:00+05:30,168.09,168.69,168.08,168.4,437085,0
2025-12-18 14:35:00+05:30,168.4,168.4,168.02,168.03,160250,0
2025-12-18 14:40:00+05:30,168.02,168.12,167.84,167.98,346400,0
2025-12-18 14:45:00+05:30,167.97,168.04,167.78,167.93,163498,0
2025-12-18 14:50:00+05:30,167.92,167.99,167.56,167.75,391324,0
2025-12-18 14:55:00+05:30,167.75,167.99,167.61,167.76,382639,0
2025-12-18 15:00:00+05:30,167.76,168.49,167.73,168.42,390073,0
2025-12-18 15:05:00+05:30,168.4,168.41,168.08,168.33,256221,0
2025-12-18 15:10:00+05:30,168.31,168.34,168.16,168.29,176245,0
2025-12-18 15:15:00+05:30,168.28,168.33,167.91,168.03,371055,0
2025-12-18 15:20:00+05:30,168.0,168.11,167.7,167.81,299983,0
2025-12-18 15:25:00+05:30,167.82,168.32,167.7,167.95,549829,0
2025-12-19 09:15:00+05:30,169.15,169.29,168.35,169.0,1360035,0
2025-12-19 09:20:00+05:30,169.04,169.13,168.66,168.8,350664,0
2025-12-19 09:25:00+05:30,168.85,168.94,168.53,168.71,304953,0
2025-12-19 09:30:00+05:30,168.74,169.13,168.73,169.06,210496,0
2025-12-19 09:35:00+05:30,169.0,169.49,169.0,169.27,395059,0
2025-12-19 09:40:00+05:30,169.27,169.4,169.1,169.23,337700,0
2025-12-19 09:45:00+05:30,169.25,169.62,169.2,169.33,373598,0
2025-12-19 09:50:00+05:30,169.33,169.44,168.81,168.94,364195,0
2025-12-19 09:55:00+05:30,169.0,169.0,168.7,168.95,177277,0
2025-12-19 10:00:00+05:30,168.94,168.99,168.7,168.86,141866,0
2025-12-19 10:05:00+05:30,168.86,168.93,168.66,168.9,115885,0
2025-12-19 10:10:00+05:30,168.89,168.9,168.53,168.66,109582,0
2025-12-19 10:15:00+05:30,168.65,168.96,168.56,168.9,65237,0
2025-12-19 10:20:00+05:30,168.9,168.9,168.64,168.78,53259,0
2025-12-19 10:25:00+05:30,168.77,168.95,168.7,168.91,68866,0
2025-12-19 10:30:00+05:30,168.94,169.13,168.82,168.94,134447,0
2025-12-19 10:35:00+05:30,168.94,168.97,168.77,168.96,44317,0
2025-12-19 10:40:00+05:30,168.96,169.0,168.82,168.91,75258,0
2025-12-19 10:45:00+05:30,168.9,168.93,168.55,168.64,136466,0
2025-12-19 10:50:00+05:30,168.64,168.65,168.4,168.42,152888,0
2025-12-19 10:55:00+05:30,168.42,168.51,168.15,168.3,222431,0
2025-12-19 11:00:00+05:30,168.3,168.4,168.2,168.22,120269,0
2025-12-19 11:05:00+05:30,168.22,168.26,168.02,168.08,473426,0
2025-12-19 11:10:00+05:30,168.1,168.26,168.02,168.02,133886,0
2025-12-19 11:15:00+05:30,168.07,168.07,167.93,167.93,252442,0
2025-12-19 11:20:00+05:30,167.94,168.18,167.9,168.06,295426,0
2025-12-19 11:25:00+05:30,168.09,168.18,168.02,168.05,82590,0
2025-12-19 11:30:00+05:30,168.06,168.15,167.9,168.13,178165,0
2025-12-19 11:35:00+05:30,168.16,168.46,167.94,168.0,289216,0
2025-12-19 11:40:00+05:30,168.0,168.07,167.84,167.87,206862,0
2025-12-19 11:45:00+05:30,167.92,168.13,167.87,168.09,93392,0
2025-12-19 11:50:00+05:30,168.09,168.26,168.04,168.2,67560,0
2025-12-19 11:55:00+05:30,168.18,168.26,168.03,168.06,80983,0
2025-12-19 12:00:00+05:30,168.08,168.17,168.06,168.12,33569,0
2025-12-19 12:05:00+05:30,168.12,168.23,168.05,168.19,68531,0
2025-12-19 12:10:00+05:30,168.2,168.25,168.03,168.05,64191,0
2025-12-19 12:15:00+05:30,168.06,168.18,168.0,168.01,54733,0
2025-12-19 12:20:00+05:30,168.01,168.05,167.83,167.98,109823,0
2025-12-19 12:25:00+05:30,167.97,168.12,167.92,168.0,82462,0
2025-12-19 12:30:00+05:30,168.0,168.19,167.98,168.13,336255,0
2025-12-19 12:35:00+05:30,168.13,168.34,168.05,168.32,175696,0
2025-12-19 12:40:00+05:30,168.32,168.35,168.21,168.29,107740,0
2025-12-19 12:45:00+05:30,168.3,168.3,168.23,168.24,58378,0
2025-12-19 12:50:00+05:30,168.25,168.31,168.21,168.26,178959,0
2025-12-19 12:55:00+05:30,168.26,168.4,168.01,168.25,635924,0
2025-12-19 13:00:00+05:30,168.24,168.49,168.23,168.42,178863,0
2025-12-19 13:05:00+05:30,168.43,168.47,168.25,168.26,81355,0
2025-12-19 13:10:00+05:30,168.27,168.37,168.14,168.24,114401,0
2025-12-19 13:15:00+05:30,168.25,168.46,168.23,168.3,109252,0
2025-12-19 13:20:00+05:30,168.3,168.4,168.23,168.4,60392,0
2025-12-19 13:25:00+05:30,168.39,168.4,168.24,168.24,115752,0
2025-12-19 13:30:00+05:30,168.25,168.37,168.15,168.31,155155,0
2025-12-19 13:35:00+05:30,168.33,168.4,168.26,168.36,64711,0
2025-12-19 13:40:00+05:30,168.36,168.5,168.29,168.46,83378,0
2025-12-19 13:45:00+05:30,168.46,168.77,168.4,168.4,502750,0
2025-12-19 13:50:00+05:30,168.4,168.53,168.4,168.41,253376,0
2025-12-19 13:55:00+05:30,168.41,168.55,168.37,168.55,2486543,0
2025-12-19 14:00:00+05:30,168.55,168.75,168.4,168.4,371664,0
2025-12-19 14:05:00+05:30,168.4,168.56,168.4,168.5,177372,0
2025-12-19 14:10:00+05:30,168.5,168.58,168.43,168.49,77227,0
2025-12-19 14:15:00+05:30,168.49,168.64,168.48,168.6,99836,0
2025-12-19 14:20:00+05:30,168.6,168.77,168.56,168.77,160009,0
2025-12-19 14:25:00+05:30,168.77,168.99,168.6,168.6,410510,0
2025-12-19 14:30:00+05:30,168.63,168.78,168.32,168.34,645693,0
2025-12-19 14:35:00+05:30,168.33,168.4,168.1,168.33,330631,0
2025-12-19 14:40:00+05:30,168.33,168.5,168.33,168.43,161843,0
2025-12-19 14:45:00+05:30,168.43,168.56,168.39,168.51,123369,0
2025-12-19 14:50:00+05:30,168.51,168.55,168.33,168.39,435677,0
2025-12-19 14:55:00+05:30,168.37,168.5,168.33,168.45,145393,0
2025-12-19 15:00:00+05:30,168.45,168.6,168.27,168.52,2578666,0
2025-12-19 15:05:00+05:30,168.51,168.89,168.51,168.88,1659418,0
2025-12-19 15:10:00+05:30,168.87,168.96,168.6,168.63,2148300,0
2025-12-19 15:15:00+05:30,168.63,168.74,168.53,168.66,2054490,0
2025-12-19 15:20:00+05:30,168.67,168.92,168.66,168.81,1925621,0
2025-12-19 15:25:00+05:30,168.82,168.92,168.58,168.8,1352773,0
2025-12-22 09:15:00+05:30,169.04,170.44,169.04,170.2,732954,0
2025-12-22 09:20:00+05:30,170.19,171.19,170.19,171.08,858683,0
2025-12-22 09:25:00+05:30,171.06,171.46,170.9,171.44,675784,0
2025-12-22 09:30:00+05:30,171.44,171.46,170.9,170.96,518915,0
2025-12-22 09:35:00+05:30,170.96,171.04,170.55,170.69,384558,0
2025-12-22 09:40:00+05:30,170.64,170.99,170.63,170.85,198395,0
2025-12-22 09:45:00+05:30,170.88,171.2,170.85,171.06,161988,0
2025-12-22 09:50:00+05:30,171.05,171.11,170.72,170.88,172495,0
2025-12-22 09:55:00+05:30,170.9,170.99,170.77,170.8,76829,0
2025-12-22 10:00:00+05:30,170.8,170.92,170.6,170.61,217653,0
2025-12-22 10:05:00+05:30,170.65,170.67,170.37,170.47,353666,0
2025-12-22 10:10:00+05:30,170.47,170.76,170.39,170.65,174322,0
2025-12-22 10:15:00+05:30,170.66,170.98,170.65,170.91,197776,0
2025-12-22 10:20:00+05:30,170.85,171.0,170.61,170.82,309560,0
2025-12-22 10:25:00+05:30,170.81,171.1,170.72,170.94,197510,0
2025-12-22 10:30:00+05:30,170.9,171.0,170.8,170.95,312777,0
2025-12-22 10:35:00+05:30,170.96,171.05,170.62,170.64,319959,0
2025-12-22 10:40:00+05:30,170.64,170.72,170.55,170.6,189059,0
2025-12-22 10:45:00+05:30,170.62,170.77,170.59,170.7,186219,0
2025-12-22 10:50:00+05:30,170.7,171.0,170.69,170.9,181151,0
2025-12-22 10:55:00+05:30,170.92,170.99,170.84,170.85,122476,0
2025-12-22 11:00:00+05:30,170.92,171.1,170.79,170.9,495222,0
2025-12-22 11:05:00+05:30,170.9,170.97,170.67,170.71,954578,0
2025-12-22 11:10:00+05:30,170.72,170.81,170.5,170.59,279879,0
2025-12-22 11:15:00+05:30,170.56,170.59,169.9,169.94,961831,0
2025-12-22 11:20:00+05:30,169.96,169.99,169.42,169.76,2022936,0
2025-12-22 11:25:00+05:30,169.79,170.1,169.75,169.97,377400,0
2025-12-22 11:30:00+05:30,169.98,170.04,169.82,169.85,323678,0
2025-12-22 11:35:00+05:30,169.9,169.97,169.55,169.55,335265,0
2025-12-22 11:40:00+05:30,169.55,169.76,169.54,169.71,188020,0
2025-12-22 11:45:00+05:30,169.68,169.9,169.6,169.69,320099,0
2025-12-22 11:50:00+05:30,169.7,169.98,169.69,169.92,250567,0
2025-12-22 11:55:00+05:30,169.93,169.98,169.8,169.91,103943,0
2025-12-22 12:00:00+05:30,169.95,170.0,169.9,169.93,92495,0
2025-12-22 12:05:00+05:30,169.97,170.04,169.88,169.88,467027,0
2025-12-22 12:10:00+05:30,169.85,169.93,169.57,169.59,177100,0
2025-12-22 12:15:00+05:30,169.59,169.82,169.59,169.67,169310,0
2025-12-22 12:20:00+05:30,169.68,169.7,169.56,169.57,130525,0
2025-12-22 12:25:00+05:30,169.58,169.71,169.56,169.63,167260,0
2025-12-22 12:30:00+05:30,169.64,169.67,169.36,169.47,167491,0
2025-12-22 12:35:00+05:30,169.41,169.63,169.4,169.48,176085,0
2025-12-22 12:40:00+05:30,169.48,169.6,169.4,169.4,186880,0
2025-12-22 12:45:00+05:30,169.45,169.48,169.0,169.11,573784,0
2025-12-22 12:50:00+05:30,169.15,169.55,169.1,169.5,126968,0
2025-12-22 12:55:00+05:30,169.5,169.59,169.35,169.35,206944,0
2025-12-22 13:00:00+05:30,169.36,169.67,169.34,169.45,199363,0
2025-12-22 13:05:00+05:30,169.45,169.5,169.32,169.42,195462,0
2025-12-22 13:10:00+05:30,169.4,169.74,169.39,169.68,196944,0
2025-12-22 13:15:00+05:30,169.63,169.8,169.53,169.7,243489,0
2025-12-22 13:20:00+05:30,169.7,169.94,169.7,169.8,218881,0
2025-12-22 13:25:00+05:30,169.84,169.92,169.72,169.8,125522,0
2025-12-22 13:30:00+05:30,169.8,169.95,169.74,169.8,149123,0
2025-12-22 13:35:00+05:30,169.84,169.88,169.68,169.7,150481,0
2025-12-22 13:40:00+05:30,169.7,169.86,169.68,169.73,141652,0
2025-12-22 13:45:00+05:30,169.71,169.9,169.69,169.75,104504,0
2025-12-22 13:50:00+05:30,169.75,169.81,169.64,169.76,289411,0
2025-12-22 13:55:00+05:30,169.71,169.78,169.5,169.6,147457,0
2025-12-22 14:00:00+05:30,169.62,169.76,169.6,169.69,98520,0
2025-12-22 14:05:00+05:30,169.69,169.78,169.36,169.42,567741,0
2025-12-22 14:10:00+05:30,169.43,169.67,169.4,169.61,399290,0
2025-12-22 14:15:00+05:30,169.56,169.65,169.41,169.53,95214,0
2025-12-22 14:20:00+05:30,169.47,169.64,169.4,169.5,140009,0
2025-12-22 14:25:00+05:30,169.5,169.64,169.44,169.53,483278,0
2025-12-22 14:30:00+05:30,169.53,169.59,169.45,169.47,101259,0
2025-12-22 14:35:00+05:30,169.5,169.63,169.11,169.19,389634,0
2025-12-22 14:40:00+05:30,169.19,169.34,169.06,169.1,173570,0
2025-12-22 14:45:00+05:30,169.1,169.24,169.06,169.16,185263,0
2025-12-22 14:50:00+05:30,169.23,169.29,169.11,169.2,243017,0
2025-12-22 14:55:00+05:30,169.2,169.43,169.2,169.31,260043,0
2025-12-22 15:00:00+05:30,169.27,169.59,169.27,169.42,320211,0
2025-12-22 15:05:00+05:30,169.42,169.44,169.27,169.32,314073,0
2025-12-22 15:10:00+05:30,169.32,169.4,169.25,169.37,310043,0
2025-12-22 15:15:00+05:30,169.37,169.4,169.03,169.14,800461,0
2025-12-22 15:20:00+05:30,169.14,169.17,169.0,169.02,449295,0
2025-12-22 15:25:00+05:30,169.01,169.5,169.01,169.06,433984,0
2025-12-23 09:15:00+05:30,169.35,170.24,169.3,170.0,622698,0
2025-12-23 09:20:00+05:30,169.95,170.23,169.85,170.17,339025,0
2025-12-23 09:25:00+05:30,170.1,170.2,170.0,170.07,141996,0
2025-12-23 09:30:00+05:30,170.05,170.1,169.75,169.79,141986,0
2025-12-23 09:35:00+05:30,169.8,170.15,169.75,170.1,120497,0
2025-12-23 09:40:00+05:30,170.1,170.1,169.65,169.67,121535,0
2025-12-23 09:45:00+05:30,169.7,169.83,169.61,169.72,113252,0
2025-12-23 09:50:00+05:30,169.7,169.81,169.27,169.31,266700,0
2025-12-23 09:55:00+05:30,169.32,169.68,169.25,169.65,350450,0
2025-12-23 10:00:00+05:30,169.61,169.8,169.6,169.76,141184,0
2025-12-23 10:05:00+05:30,169.76,170.2,169.71,170.12,185111,0
2025-12-23 10:10:00+05:30,170.13,170.4,170.08,170.15,213901,0
2025-12-23 10:15:00+05:30,170.14,170.19,170.01,170.05,139000,0
2025-12-23 10:20:00+05:30,170.02,170.15,169.95,170.0,105585,0
2025-12-23 10:25:00+05:30,169.96,170.1,169.95,170.09,113972,0
2025-12-23 10:30:00+05:30,170.08,170.25,169.96,170.0,96016,0
2025-12-23 10:35:00+05:30,170.0,170.2,169.96,170.07,84538,0
2025-12-23 10:40:00+05:30,170.07,170.19,169.96,170.14,81268,0
2025-12-23 10:45:00+05:30,170.14,170.4,170.13,170.35,253831,0
2025-12-23 10:50:00+05:30,170.36,170.4,170.26,170.29,89293,0
2025-12-23 10:55:00+05:30,170.29,170.49,170.26,170.43,168552,0
2025-12-23 11:00:00+05:30,170.43,170.63,170.09,170.2,384949,0
2025-12-23 11:05:00+05:30,170.21,170.4,170.1,170.35,104510,0
2025-12-23 11:10:00+05:30,170.36,170.47,170.1,170.15,554808,0
2025-12-23 11:15:00+05:30,170.18,170.5,170.15,170.35,193724,0
2025-12-23 11:20:00+05:30,170.38,170.45,170.22,170.27,102961,0
2025-12-23 11:25:00+05:30,170.27,170.3,170.0,170.07,228946,0
2025-12-23 11:30:00+05:30,170.07,170.12,169.96,170.1,101933,0
2025-12-23 11:35:00+05:30,170.1,170.28,169.9,170.25,503291,0
2025-12-23 11:40:00+05:30,170.25,170.27,169.95,170.16,467276,0
2025-12-23 11:45:00+05:30,170.16,170.2,170.0,170.09,145780,0
2025-12-23 11:50:00+05:30,170.08,170.55,170.0,170.5,749649,0
2025-12-23 11:55:00+05:30,170.5,170.54,170.3,170.46,117109,0
2025-12-23 12:00:00+05:30,170.46,171.12,170.45,171.04,596221,0
2025-12-23 12:05:00+05:30,171.09,171.12,170.7,170.82,119356,0
2025-12-23 12:10:00+05:30,170.83,171.13,170.77,171.04,142904,0
2025-12-23 12:15:00+05:30,171.03,171.1,170.91,171.09,109221,0
2025-12-23 12:20:00+05:30,171.09,171.35,171.04,171.27,276568,0
2025-12-23 12:25:00+05:30,171.27,171.29,170.72,170.79,287228,0
2025-12-23 12:30:00+05:30,170.79,170.89,170.65,170.66,365513,0
2025-12-23 12:35:00+05:30,170.67,170.75,170.5,170.61,94421,0
2025-12-23 12:40:00+05:30,170.61,170.63,170.46,170.6,112161,0
2025-12-23 12:45:00+05:30,170.6,170.8,170.55,170.59,105010,0
2025-12-23 12:50:00+05:30,170.56,170.73,170.56,170.69,78096,0
2025-12-23 12:55:00+05:30,170.67,170.73,170.49,170.61,321174,0
2025-12-23 13:00:00+05:30,170.61,170.8,170.59,170.68,124615,0
2025-12-23 13:05:00+05:30,170.68,170.71,170.6,170.68,87098,0
2025-12-23 13:10:00+05:30,170.68,170.8,170.68,170.75,110277,0
2025-12-23 13:15:00+05:30,170.76,170.8,170.73,170.77,265401,0
2025-12-23 13:20:00+05:30,170.77,170.99,170.75,170.94,171152,0
2025-12-23 13:25:00+05:30,170.97,170.99,170.76,170.78,177462,0
2025-12-23 13:30:00+05:30,170.79,170.85,170.75,170.77,100081,0
2025-12-23 13:35:00+05:30,170.76,170.99,170.76,170.92,492920,0
2025-12-23 13:40:00+05:30,170.92,171.08,170.92,171.01,265750,0
2025-12-23 13:45:00+05:30,171.01,171.15,171.0,171.04,186721,0
2025-12-23 13:50:00+05:30,171.07,171.12,171.02,171.07,132377,0
2025-12-23 13:55:00+05:30,171.08,171.2,171.0,171.1,128722,0
2025-12-23 14:00:00+05:30,171.1,171.24,171.07,171.15,114567,0
2025-12-23 14:05:00+05:30,171.17,171.17,170.88,171.0,99929,0
2025-12-23 14:10:00+05:30,171.0,171.08,171.0,171.07,60560,0
2025-12-23 14:15:00+05:30,171.07,171.22,171.06,171.15,354323,0
2025-12-23 14:20:00+05:30,171.15,171.2,171.06,171.14,80500,0
2025-12-23 14:25:00+05:30,171.14,171.16,171.0,171.01,82960,0
2025-12-23 14:30:00+05:30,171.02,171.13,170.94,170.99,356204,0
2025-12-23 14:35:00+05:30,170.95,171.1,170.94,171.02,257011,0
2025-12-23 14:40:00+05:30,171.02,171.03,170.78,170.79,354776,0
2025-12-23 14:45:00+05:30,170.79,170.92,170.61,170.85,326690,0
2025-12-23 14:50:00+05:30,170.85,170.88,170.7,170.73,233005,0
2025-12-23 14:55:00+05:30,170.77,170.98,170.74,170.98,152609,0
2025-12-23 15:00:00+05:30,170.93,171.19,170.84,170.87,326062,0
2025-12-23 15:05:00+05:30,170.87,170.99,170.73,170.77,479131,0
2025-12-23 15:10:00+05:30,170.75,170.95,170.73,170.95,279079,0
2025-12-23 15:15:00+05:30,170.95,171.08,170.84,170.86,627125,0
2025-12-23 15:20:00+05:30,170.88,170.96,170.81,170.86,326725,0
2025-12-23 15:25:00+05:30,170.86,170.92,170.76,170.82,431077,0
2025-12-24 09:15:00+05:30,171.35,171.65,170.82,171.48,1081664,0
2025-12-24 09:20:00+05:30,171.42,171.47,171.09,171.32,439915,0
2025-12-24 09:25:00+05:30,171.32,171.33,171.1,171.2,258484,0
2025-12-24 09:30:00+05:30,171.25,171.3,171.08,171.16,184230,0
2025-12-24 09:35:00+05:30,171.15,171.4,170.9,171.29,350178,0
2025-12-24 09:40:00+05:30,171.3,171.35,171.13,171.16,167714,0
2025-12-24 09:45:00+05:30,171.2,171.26,170.96,170.96,215736,0
2025-12-24 09:50:00+05:30,170.96,171.15,170.9,171.0,181594,0
2025-12-24 09:55:00+05:30,171.01,171.08,170.84,170.93,161594,0
2025-12-24 10:00:00+05:30,170.93,170.99,170.64,170.69,140796,0
2025-12-24 10:05:00+05:30,170.67,170.72,170.4,170.6,313385,0
2025-12-24 10:10:00+05:30,170.6,170.94,170.58,170.93,409979,0
2025-12-24 10:15:00+05:30,170.93,171.02,170.81,170.93,175969,0
2025-12-24 10:20:00+05:30,170.93,171.23,170.89,171.0,289065,0
2025-12-24 10:25:00+05:30,171.05,171.15,171.0,171.14,115357,0
2025-12-24 10:30:00+05:30,171.14,171.2,170.94,171.2,166380,0
2025-12-24 10:35:00+05:30,171.16,171.25,171.05,171.19,149076,0
2025-12-24 10:40:00+05:30,171.18,171.19,170.9,170.95,337951,0
2025-12-24 10:45:00+05:30,170.95,170.95,170.67,170.73,191885,0
2025-12-24 10:50:00+05:30,170.74,170.92,170.69,170.81,169060,0
2025-12-24 10:55:00+05:30,170.82,171.0,170.78,170.95,116951,0
2025-12-24 11:00:00+05:30,170.94,170.98,170.75,170.86,121581,0
2025-12-24 11:05:00+05:30,170.89,170.93,170.74,170.84,72209,0
2025-12-24 11:10:00+05:30,170.83,170.88,170.7,170.81,63444,0
2025-12-24 11:15:00+05:30,170.83,170.86,170.75,170.78,37572,0
2025-12-24 11:20:00+05:30,170.79,170.91,170.76,170.82,49864,0
2025-12-24 11:25:00+05:30,170.82,170.83,170.53,170.54,114209,0
2025-12-24 11:30:00+05:30,170.59,170.82,170.55,170.79,71812,0
2025-12-24 11:35:00+05:30,170.79,170.87,170.61,170.72,189477,0
2025-12-24 11:40:00+05:30,170.7,170.76,170.52,170.52,68976,0
2025-12-24 11:45:00+05:30,170.57,170.6,170.37,170.37,234980,0
2025-12-24 11:50:00+05:30,170.39,170.47,170.15,170.46,371061,0
2025-12-24 11:55:00+05:30,170.47,170.62,170.1,170.6,1354659,0
2025-12-24 12:00:00+05:30,170.57,170.65,170.16,170.64,769866,0
2025-12-24 12:05:00+05:30,170.64,171.05,170.55,171.03,167057,0
2025-12-24 12:10:00+05:30,171.03,171.11,170.83,170.95,236325,0
2025-12-24 12:15:00+05:30,170.98,171.1,170.9,171.1,102124,0
2025-12-24 12:20:00+05:30,171.1,171.15,170.97,171.06,122300,0
2025-12-24 12:25:00+05:30,171.07,171.2,171.0,171.14,139124,0
2025-12-24 12:30:00+05:30,171.11,171.3,171.1,171.27,141546,0
2025-12-24 12:35:00+05:30,171.27,171.45,171.1,171.15,283150,0
2025-12-24 12:40:00+05:30,171.2,171.22,170.99,171.0,146392,0
2025-12-24 12:45:00+05:30,171.03,171.22,171.0,171.02,119819,0
2025-12-24 12:50:00+05:30,171.02,171.13,170.98,171.0,227082,0
2025-12-24 12:55:00+05:30,171.0,171.1,170.95,171.04,120492,0
2025-12-24 13:00:00+05:30,171.04,171.1,171.0,171.05,118105,0
2025-12-24 13:05:00+05:30,171.07,171.07,170.99,171.0,181527,0
2025-12-24 13:10:00+05:30,171.01,171.02,170.79,170.9,149792,0
2025-12-24 13:15:00+05:30,170.89,170.92,170.7,170.79,201375,0
2025-12-24 13:20:00+05:30,170.78,170.9,170.65,170.7,271776,0
2025-12-24 13:25:00+05:30,170.71,170.76,170.64,170.67,58212,0
2025-12-24 13:30:00+05:30,170.7,170.72,170.6,170.61,237531,0
2025-12-24 13:35:00+05:30,170.65,170.84,170.57,170.75,143232,0
2025-12-24 13:40:00+05:30,170.75,170.81,170.67,170.77,50973,0
2025-12-24 13:45:00+05:30,170.75,170.88,170.71,170.79,145045,0
2025-12-24 13:50:00+05:30,170.79,170.94,170.73,170.87,136171,0
2025-12-24 13:55:00+05:30,170.88,170.89,170.58,170.65,61177,0
2025-12-24 14:00:00+05:30,170.7,170.7,170.2,170.36,525361,0
2025-12-24 14:05:00+05:30,170.36,170.53,170.25,170.5,351995,0
2025-12-24 14:10:00+05:30,170.5,170.54,170.37,170.44,76144,0
2025-12-24 14:15:00+05:30,170.44,170.51,170.3,170.45,60185,0
2025-12-24 14:20:00+05:30,170.48,170.49,170.21,170.21,246347,0
2025-12-24 14:25:00+05:30,170.28,170.28,170.0,170.18,340319,0
2025-12-24 14:30:00+05:30,170.18,170.33,170.07,170.19,274091,0
2025-12-24 14:35:00+05:30,170.19,170.34,170.0,170.1,250906,0
2025-12-24 14:40:00+05:30,170.1,170.11,169.86,170.03,172542,0
2025-12-24 14:45:00+05:30,170.03,170.19,169.98,170.1,134928,0
2025-12-24 14:50:00+05:30,170.14,170.18,169.95,170.04,252635,0
2025-12-24 14:55:00+05:30,170.1,170.45,170.02,170.4,372095,0
2025-12-24 15:00:00+05:30,170.4,170.55,170.12,170.19,302817,0
2025-12-24 15:05:00+05:30,170.19,170.2,170.01,170.07,182758,0
2025-12-24 15:10:00+05:30,170.02,170.14,169.95,170.08,330173,0
2025-12-24 15:15:00+05:30,170.06,170.1,169.96,170.03,346424,0
2025-12-24 15:20:00+05:30,170.04,170.1,169.94,169.96,229567,0
2025-12-24 15:25:00+05:30,169.96,170.04,169.67,169.89,280112,0
2025-12-26 09:15:00+05:30,169.89,169.9,168.94,169.45,602502,0
2025-12-26 09:20:00+05:30,169.49,169.69,169.31,169.55,148836,0
2025-12-26 09:25:00+05:30,169.58,169.64,169.36,169.51,136507,0
2025-12-26 09:30:00+05:30,169.5,169.55,169.06,169.14,278885,0
2025-12-26 09:35:00+05:30,169.16,169.19,168.76,168.96,259953,0
2025-12-26 09:40:00+05:30,168.98,169.1,168.65,168.8,314060,0
2025-12-26 09:45:00+05:30,168.8,168.82,168.61,168.61,196717,0
2025-12-26 09:50:00+05:30,168.61,168.69,168.35,168.5,300709,0
2025-12-26 09:55:00+05:30,168.5,168.6,168.32,168.56,332796,0
2025-12-26 10:00:00+05:30,168.56,168.69,168.42,168.53,259348,0
2025-12-26 10:05:00+05:30,168.51,168.78,168.48,168.76,197714,0
2025-12-26 10:10:00+05:30,168.74,168.8,168.6,168.64,85069,0
2025-12-26 10:15:00+05:30,168.64,168.64,168.31,168.46,141371,0
2025-12-26 10:20:00+05:30,168.48,168.58,168.4,168.5,95721,0
2025-12-26 10:25:00+05:30,168.5,168.63,168.48,168.58,72864,0
2025-12-26 10:30:00+05:30,168.58,168.66,168.21,168.21,144614,0
2025-12-26 10:35:00+05:30,168.25,168.3,167.9,168.0,661539,0
2025-12-26 10:40:00+05:30,168.0,168.12,167.88,168.0,1530999,0
2025-12-26 10:45:00+05:30,167.98,168.0,167.82,167.99,173937,0
2025-12-26 10:50:00+05:30,168.0,168.3,167.94,168.09,454722,0
2025-12-26 10:55:00+05:30,168.11,168.7,168.08,168.27,284282,0
2025-12-26 11:00:00+05:30,168.28,168.45,168.11,168.43,103909,0
2025-12-26 11:05:00+05:30,168.43,168.44,168.24,168.33,52833,0
2025-12-26 11:10:00+05:30,168.33,168.44,168.21,168.29,84314,0
2025-12-26 11:15:00+05:30,168.29,168.38,167.92,168.2,293495,0
2025-12-26 11:20:00+05:30,168.18,168.21,167.92,168.16,101848,0
2025-12-26 11:25:00+05:30,168.15,168.35,168.08,168.24,81601,0
2025-12-26 11:30:00+05:30,168.25,168.36,168.18,168.28,49973,0
2025-12-26 11:35:00+05:30,168.22,168.28,168.1,168.19,34589,0
2025-12-26 11:40:00+05:30,168.18,168.63,168.15,168.57,126683,0
2025-12-26 11:45:00+05:30,168.57,168.62,168.25,168.3,160591,0
2025-12-26 11:50:00+05:30,168.27,168.62,168.26,168.5,196303,0
2025-12-26 11:55:00+05:30,168.5,168.8,168.47,168.65,236096,0
2025-12-26 12:00:00+05:30,168.65,169.17,168.5,168.72,822636,0
2025-12-26 12:05:00+05:30,168.72,168.95,168.5,168.95,825047,0
2025-12-26 12:10:00+05:30,168.95,169.2,168.93,169.12,288380,0
2025-12-26 12:15:00+05:30,169.13,169.39,169.1,169.25,321107,0
2025-12-26 12:20:00+05:30,169.23,169.27,169.0,169.11,147329,0
2025-12-26 12:25:00+05:30,169.05,169.16,168.78,168.87,94838,0
2025-12-26 12:30:00+05:30,168.88,168.88,168.51,168.57,89136,0
2025-12-26 12:35:00+05:30,168.52,168.6,168.43,168.52,90549,0
2025-12-26 12:40:00+05:30,168.5,168.57,168.35,168.46,106352,0
2025-12-26 12:45:00+05:30,168.44,168.64,168.44,168.59,76553,0
2025-12-26 12:50:00+05:30,168.59,168.65,168.51,168.6,46795,0
2025-12-26 12:55:00+05:30,168.6,168.71,168.55,168.61,89500,0
2025-12-26 13:00:00+05:30,168.61,168.86,168.43,168.63,249317,0
2025-12-26 13:05:00+05:30,168.62,168.69,168.57,168.68,31560,0
2025-12-26 13:10:00+05:30,168.64,168.8,168.6,168.65,120481,0
2025-12-26 13:15:00+05:30,168.69,168.87,168.6,168.81,70188,0
2025-12-26 13:20:00+05:30,168.8,168.91,168.8,168.83,103095,0
2025-12-26 13:25:00+05:30,168.88,168.95,168.82,168.95,62207,0
2025-12-26 13:30:00+05:30,168.92,169.09,168.9,169.03,170697,0
2025-12-26 13:35:00+05:30,169.03,169.2,169.0,169.2,116073,0
2025-12-26 13:40:00+05:30,169.19,169.2,169.0,169.07,110556,0
2025-12-26 13:45:00+05:30,169.04,169.29,169.03,169.25,185688,0
2025-12-26 13:50:00+05:30,169.22,169.3,169.07,169.17,91404,0
2025-12-26 13:55:00+05:30,169.17,169.26,169.07,169.2,61619,0
2025-12-26 14:00:00+05:30,169.23,169.25,169.16,169.23,48908,0
2025-12-26 14:05:00+05:30,169.22,169.24,169.06,169.22,101766,0
2025-12-26 14:10:00+05:30,169.23,169.24,169.15,169.23,51140,0
2025-12-26 14:15:00+05:30,169.22,169.24,169.0,169.06,129562,0
2025-12-26 14:20:00+05:30,169.06,169.18,169.0,169.11,94365,0
2025-12-26 14:25:00+05:30,169.06,169.19,169.0,169.12,110042,0
2025-12-26 14:30:00+05:30,169.1,169.15,168.97,169.03,116118,0
2025-12-26 14:35:00+05:30,169.03,169.05,168.95,169.01,471704,0
2025-12-26 14:40:00+05:30,169.02,169.15,168.9,169.05,261688,0
2025-12-26 14:45:00+05:30,169.05,169.12,169.0,169.03,165281,0
2025-12-26 14:50:00+05:30,169.04,169.04,168.85,168.92,1007737,0
2025-12-26 14:55:00+05:30,168.93,169.35,168.91,169.28,318382,0
2025-12-26 15:00:00+05:30,169.3,169.34,169.11,169.21,160224,0
2025-12-26 15:05:00+05:30,169.16,169.25,169.08,169.22,106075,0
2025-12-26 15:10:00+05:30,169.21,169.25,169.14,169.24,164978,0
2025-12-26 15:15:00+05:30,169.21,169.25,168.91,169.07,463410,0
2025-12-26 15:20:00+05:30,169.06,169.23,169.0,169.15,249272,0
2025-12-26 15:25:00+05:30,169.15,169.18,169.0,169.05,316286,0
2025-12-29 09:15:00+05:30,169.51,170.73,169.29,170.7,1218309,0
2025-12-29 09:20:00+05:30,170.61,171.8,170.6,171.7,1269109,0
2025-12-29 09:25:00+05:30,171.69,171.78,171.04,171.57,996454,0
2025-12-29 09:30:00+05:30,171.57,172.47,171.5,172.39,1728110,0
2025-12-29 09:35:00+05:30,172.37,173.3,172.27,173.16,3168443,0
2025-12-29 09:40:00+05:30,173.14,173.73,173.13,173.65,2358995,0
2025-12-29 09:45:00+05:30,173.65,173.69,172.9,173.45,1777421,0
2025-12-29 09:50:00+05:30,173.45,173.45,172.85,172.97,650346,0
2025-12-29 09:55:00+05:30,172.95,173.33,172.85,172.9,637370,0
2025-12-29 10:00:00+05:30,172.96,173.17,172.88,172.9,503132,0
2025-12-29 10:05:00+05:30,172.92,173.01,172.51,172.9,765160,0
2025-12-29 10:10:00+05:30,172.9,172.9,172.6,172.7,269068,0
2025-12-29 10:15:00+05:30,172.75,172.95,172.73,172.93,268510,0
2025-12-29 10:20:00+05:30,172.93,173.55,172.85,173.55,1160703,0
2025-12-29 10:25:00+05:30,173.55,174.13,173.4,174.03,1895518,0
2025-12-29 10:30:00+05:30,174.03,174.1,173.36,173.54,1047966,0
2025-12-29 10:35:00+05:30,173.54,173.66,173.31,173.38,323259,0
2025-12-29 10:40:00+05:30,173.39,173.42,173.01,173.09,406579,0
2025-12-29 10:45:00+05:30,173.09,173.43,173.03,173.3,464267,0
2025-12-29 10:50:00+05:30,173.3,173.67,173.17,173.45,618151,0
2025-12-29 10:55:00+05:30,173.45,173.55,173.27,173.37,322402,0
2025-12-29 11:00:00+05:30,173.4,173.5,173.15,173.25,685708,0
2025-12-29 11:05:00+05:30,173.27,173.41,173.05,173.14,672573,0
2025-12-29 11:10:00+05:30,173.14,173.2,173.0,173.06,430330,0
2025-12-29 11:15:00+05:30,173.06,173.38,173.05,173.15,796280,0
2025-12-29 11:20:00+05:30,173.12,173.46,173.06,173.3,587640,0
2025-12-29 11:25:00+05:30,173.3,173.52,173.19,173.45,813097,0
2025-12-29 11:30:00+05:30,173.45,173.66,173.21,173.48,1121266,0
2025-12-29 11:35:00+05:30,173.49,173.68,173.42,173.55,906215,0
2025-12-29 11:40:00+05:30,173.56,173.74,173.54,173.64,933847,0
2025-12-29 11:45:00+05:30,173.7,173.7,173.39,173.57,284826,0
2025-12-29 11:50:00+05:30,173.57,173.69,173.4,173.64,264253,0
2025-12-29 11:55:00+05:30,173.67,173.69,173.4,173.5,311190,0
2025-12-29 12:00:00+05:30,173.5,173.52,173.15,173.2,582959,0
2025-12-29 12:05:00+05:30,173.2,173.25,172.9,173.1,423154,0
2025-12-29 12:10:00+05:30,173.15,173.61,173.07,173.41,564245,0
2025-12-29 12:15:00+05:30,173.44,173.45,173.05,173.05,479219,0
2025-12-29 12:20:00+05:30,173.09,173.11,172.62,172.75,867910,0
2025-12-29 12:25:00+05:30,172.75,172.98,172.63,172.8,376536,0
2025-12-29 12:30:00+05:30,172.8,172.96,172.7,172.76,303151,0
2025-12-29 12:35:00+05:30,172.79,172.8,172.4,172.53,600069,0
2025-12-29 12:40:00+05:30,172.55,172.9,172.5,172.81,197598,0
2025-12-29 12:45:00+05:30,172.81,173.0,172.77,173.0,213581,0
2025-12-29 12:50:00+05:30,173.0,173.12,172.73,172.99,353090,0
2025-12-29 12:55:00+05:30,172.98,173.0,172.53,172.61,266242,0
2025-12-29 13:00:00+05:30,172.66,172.75,172.48,172.71,282355,0
2025-12-29 13:05:00+05:30,172.72,172.96,172.27,172.37,338667,0
2025-12-29 13:10:00+05:30,172.37,172.51,172.05,172.45,753608,0
2025-12-29 13:15:00+05:30,172.44,172.47,172.23,172.42,255628,0
2025-12-29 13:20:00+05:30,172.44,172.55,172.13,172.35,306050,0
2025-12-29 13:25:00+05:30,172.35,172.36,172.01,172.05,320575,0
2025-12-29 13:30:00+05:30,172.05,172.14,171.87,172.04,494483,0
2025-12-29 13:35:00+05:30,172.07,172.15,171.88,171.95,281972,0
2025-12-29 13:40:00+05:30,171.95,172.3,171.87,172.21,342926,0
2025-12-29 13:45:00+05:30,172.25,172.31,171.76,171.91,427479,0
2025-12-29 13:50:00+05:30,171.91,172.19,171.78,172.15,227682,0
2025-12-29 13:55:00+05:30,172.15,172.17,171.79,171.97,226906,0
2025-12-29 14:00:00+05:30,172.0,172.09,171.85,172.03,172106,0
2025-12-29 14:05:00+05:30,172.06,172.32,171.96,172.14,228894,0
2025-12-29 14:10:00+05:30,172.17,172.2,171.8,171.86,208572,0
2025-12-29 14:15:00+05:30,171.86,171.89,171.6,171.69,324007,0
2025-12-29 14:20:00+05:30,171.71,171.98,171.61,171.94,276133,0
2025-12-29 14:25:00+05:30,171.93,172.15,171.85,171.9,424847,0
2025-12-29 14:30:00+05:30,171.91,172.08,171.72,172.0,307063,0
2025-12-29 14:35:00+05:30,172.0,172.2,171.83,171.87,629838,0
2025-12-29 14:40:00+05:30,171.87,171.95,171.75,171.91,292786,0
2025-12-29 14:45:00+05:30,171.88,171.92,171.68,171.83,262937,0
2025-12-29 14:50:00+05:30,171.83,172.0,171.66,171.83,306342,0
2025-12-29 14:55:00+05:30,171.83,172.08,171.72,172.04,530765,0
2025-12-29 15:00:00+05:30,172.04,172.61,172.01,172.3,787314,0
2025-12-29 15:05:00+05:30,172.31,172.39,172.09,172.19,546631,0
2025-12-29 15:10:00+05:30,172.18,172.44,172.16,172.4,476210,0
2025-12-29 15:15:00+05:30,172.39,172.39,172.05,172.12,887652,0
2025-12-29 15:20:00+05:30,172.12,172.51,172.11,172.27,1542835,0
2025-12-29 15:25:00+05:30,172.29,172.36,172.15,172.3,651832,0
2025-12-30 09:15:00+05:30,172.78,172.78,170.83,171.0,834469,0
2025-12-30 09:20:00+05:30,171.0,171.28,170.8,170.99,454891,0
2025-12-30 09:25:00+05:30,171.0,171.66,170.97,171.3,387053,0
2025-12-30 09:30:00+05:30,171.3,171.59,171.2,171.49,163775,0
2025-12-30 09:35:00+05:30,171.47,171.5,171.13,171.23,164783,0
2025-12-30 09:40:00+05:30,171.24,171.68,171.11,171.61,286589,0
2025-12-30 09:45:00+05:30,171.62,171.78,171.36,171.41,147093,0
2025-12-30 09:50:00+05:30,171.38,171.7,171.38,171.44,90548,0
2025-12-30 09:55:00+05:30,171.44,171.62,171.38,171.51,139081,0
2025-12-30 10:00:00+05:30,171.5,171.78,171.43,171.63,151489,0
2025-12-30 10:05:00+05:30,171.64,171.75,171.51,171.58,134865,0
2025-12-30 10:10:00+05:30,171.55,171.99,171.54,171.92,171851,0
2025-12-30 10:15:00+05:30,171.92,172.42,171.86,172.28,359127,0
2025-12-30 10:20:00+05:30,172.29,172.45,171.88,172.25,459921,0
2025-12-30 10:25:00+05:30,172.22,172.31,172.11,172.25,141209,0
2025-12-30 10:30:00+05:30,172.25,172.27,172.06,172.11,123796,0
2025-12-30 10:35:00+05:30,172.12,172.13,171.75,171.82,116985,0
2025-12-30 10:40:00+05:30,171.81,172.0,171.81,172.0,154713,0
2025-12-30 10:45:00+05:30,172.0,172.2,171.88,172.16,97677,0
2025-12-30 10:50:00+05:30,172.17,172.36,172.08,172.22,154787,0
2025-12-30 10:55:00+05:30,172.21,172.22,172.0,172.08,105432,0
2025-12-30 11:00:00+05:30,172.02,172.3,172.02,172.25,92604,0
2025-12-30 11:05:00+05:30,172.26,172.4,172.0,172.03,183321,0
2025-12-30 11:10:00+05:30,172.03,172.18,171.88,172.1,190815,0
2025-12-30 11:15:00+05:30,172.09,172.29,172.08,172.24,119654,0
2025-12-30 11:20:00+05:30,172.24,172.5,172.16,172.26,555086,0
2025-12-30 11:25:00+05:30,172.26,172.78,172.23,172.63,358229,0
2025-12-30 11:30:00+05:30,172.64,173.0,172.5,172.52,504001,0
2025-12-30 11:35:00+05:30,172.53,173.0,172.5,172.84,253557,0
2025-12-30 11:40:00+05:30,172.9,173.1,172.81,172.87,331246,0
2025-12-30 11:45:00+05:30,172.82,172.98,172.7,172.81,148535,0
2025-12-30 11:50:00+05:30,172.81,172.91,172.73,172.86,138939,0
2025-12-30 11:55:00+05:30,172.88,172.94,172.66,172.8,144122,0
2025-12-30 12:00:00+05:30,172.8,172.9,172.73,172.79,81118,0
2025-12-30 12:05:00+05:30,172.79,172.99,172.7,172.98,279089,0
2025-12-30 12:10:00+05:30,172.98,172.99,172.8,172.82,131996,0
2025-12-30 12:15:00+05:30,172.82,173.05,172.77,173.0,292823,0
2025-12-30 12:20:00+05:30,173.0,173.05,172.9,172.95,123962,0
2025-12-30 12:25:00+05:30,172.95,173.04,172.87,172.94,114989,0
2025-12-30 12:30:00+05:30,172.99,173.15,172.91,173.13,210869,0
2025-12-30 12:35:00+05:30,173.13,173.53,173.0,173.5,788415,0
2025-12-30 12:40:00+05:30,173.5,173.89,173.37,173.8,701134,0
2025-12-30 12:45:00+05:30,173.83,174.0,173.53,173.6,1043482,0
2025-12-30 12:50:00+05:30,173.6,173.95,173.6,173.79,403416,0
2025-12-30 12:55:00+05:30,173.8,173.88,173.68,173.72,196296,0
2025-12-30 13:00:00+05:30,173.7,174.0,173.7,173.91,520601,0
2025-12-30 13:05:00+05:30,173.95,174.5,173.84,173.86,1237724,0
2025-12-30 13:10:00+05:30,173.86,174.09,173.7,174.0,657345,0
2025-12-30 13:15:00+05:30,174.06,174.16,173.9,173.9,285614,0
2025-12-30 13:20:00+05:30,173.9,173.93,173.7,173.75,221359,0
2025-12-30 13:25:00+05:30,173.75,174.68,173.74,174.61,700211,0
2025-12-30 13:30:00+05:30,174.68,175.1,174.52,175.03,1441622,0
2025-12-30 13:35:00+05:30,175.03,175.2,174.88,175.02,740022,0
2025-12-30 13:40:00+05:30,175.05,175.64,175.02,175.51,999735,0
2025-12-30 13:45:00+05:30,175.57,175.9,175.52,175.8,908529,0
2025-12-30 13:50:00+05:30,175.8,175.9,175.31,175.58,1047600,0
2025-12-30 13:55:00+05:30,175.58,175.66,175.41,175.56,421390,0
2025-12-30 14:00:00+05:30,175.57,175.57,175.21,175.53,521868,0
2025-12-30 14:05:00+05:30,175.54,175.57,175.35,175.45,429287,0
2025-12-30 14:10:00+05:30,175.44,175.46,175.27,175.35,321752,0
2025-12-30 14:15:00+05:30,175.35,175.75,175.35,175.71,623614,0
2025-12-30 14:20:00+05:30,175.71,175.75,175.61,175.67,413765,0
2025-12-30 14:25:00+05:30,175.66,175.73,175.42,175.59,556404,0
2025-12-30 14:30:00+05:30,175.58,175.75,175.53,175.74,375496,0
2025-12-30 14:35:00+05:30,175.74,176.2,175.7,176.15,995137,0
2025-12-30 14:40:00+05:30,176.14,176.19,176.0,176.01,498664,0
2025-12-30 14:45:00+05:30,176.01,176.35,175.8,176.14,971810,0
2025-12-30 14:50:00+05:30,176.21,176.33,176.1,176.25,548873,0
2025-12-30 14:55:00+05:30,176.25,176.26,176.11,176.14,575174,0
2025-12-30 15:00:00+05:30,176.12,176.2,175.8,175.8,925629,0
2025-12-30 15:05:00+05:30,175.8,175.94,175.61,175.84,656227,0
2025-12-30 15:10:00+05:30,175.84,176.02,175.77,175.81,941739,0
2025-12-30 15:15:00+05:30,175.82,175.91,175.6,175.8,1173291,0
2025-12-30 15:20:00+05:30,175.82,175.82,175.55,175.65,809384,0
2025-12-30 15:25:00+05:30,175.65,175.7,175.4,175.68,966839,0
2025-12-31 09:15:00+05:30,180.0,181.4,178.69,179.7,8455803,0
2025-12-31 09:20:00+05:30,179.74,180.13,179.35,179.83,2023150,0
2025-12-31 09:25:00+05:30,179.83,179.95,179.25,179.78,1262531,0
2025-12-31 09:30:00+05:30,179.78,180.0,179.41,179.49,1153952,0
2025-12-31 09:35:00+05:30,179.47,179.6,179.04,179.48,854257,0
2025-12-31 09:40:00+05:30,179.48,179.55,179.1,179.16,451834,0
2025-12-31 09:45:00+05:30,179.15,179.39,178.87,178.92,778246,0
2025-12-31 09:50:00+05:30,178.95,179.0,178.5,178.6,819106,0
2025-12-31 09:55:00+05:30,178.6,178.95,178.51,178.68,511500,0
2025-12-31 10:00:00+05:30,178.68,179.04,178.52,178.77,642040,0
2025-12-31 10:05:00+05:30,178.77,179.26,178.6,179.1,513511,0
2025-12-31 10:10:00+05:30,179.08,179.84,178.95,179.7,930026,0
2025-12-31 10:15:00+05:30,179.75,179.99,179.59,179.8,758895,0
2025-12-31 10:20:00+05:30,179.87,180.2,179.74,180.02,1206000,0
2025-12-31 10:25:00+05:30,180.02,180.2,179.89,180.01,628667,0
2025-12-31 10:30:00+05:30,180.0,180.17,179.62,179.78,1338508,0
2025-12-31 10:35:00+05:30,179.8,179.96,179.65,179.8,347934,0
2025-12-31 10:40:00+05:30,179.8,180.04,179.66,179.94,599141,0
2025-12-31 10:45:00+05:30,179.93,180.0,179.71,179.79,407539,0
2025-12-31 10:50:00+05:30,179.79,180.1,179.72,180.02,438839,0
2025-12-31 10:55:00+05:30,180.0,180.06,179.9,180.0,396778,0
2025-12-31 11:00:00+05:30,180.0,180.08,179.95,180.02,304609,0
2025-12-31 11:05:00+05:30,180.01,180.08,179.77,179.96,416120,0
2025-12-31 11:10:00+05:30,179.95,180.01,179.8,180.0,496160,0
2025-12-31 11:15:00+05:30,180.0,180.02,179.91,180.0,732615,0
2025-12-31 11:20:00+05:30,180.0,180.2,179.93,180.06,365470,0
2025-12-31 11:25:00+05:30,180.05,180.07,179.56,180.0,482213,0
2025-12-31 11:30:00+05:30,179.95,180.38,179.88,180.2,590420,0
2025-12-31 11:35:00+05:30,180.2,180.64,180.01,180.52,946512,0
2025-12-31 11:40:00+05:30,180.5,181.1,180.47,181.0,1362672,0
2025-12-31 11:45:00+05:30,181.0,181.09,180.81,180.96,1028318,0
2025-12-31 11:50:00+05:30,180.95,181.05,180.58,180.85,1043310,0
2025-12-31 11:55:00+05:30,180.85,180.87,180.45,180.55,320194,0
2025-12-31 12:00:00+05:30,180.55,180.89,180.53,180.81,392119,0
2025-12-31 12:05:00+05:30,180.8,180.84,180.51,180.53,240983,0
2025-12-31 12:10:00+05:30,180.55,180.65,180.32,180.38,252444,0
2025-12-31 12:15:00+05:30,180.38,180.42,180.24,180.38,214643,0
2025-12-31 12:20:00+05:30,180.35,180.4,179.92,180.17,581488,0
2025-12-31 12:25:00+05:30,180.16,180.65,180.12,180.6,577663,0
2025-12-31 12:30:00+05:30,180.56,180.94,180.51,180.65,432305,0
2025-12-31 12:35:00+05:30,180.59,180.75,180.01,180.22,575654,0
2025-12-31 12:40:00+05:30,180.3,180.3,180.02,180.24,260457,0
2025-12-31 12:45:00+05:30,180.19,180.33,180.06,180.3,179501,0
2025-12-31 12:50:00+05:30,180.25,180.73,180.2,180.41,459391,0
2025-12-31 12:55:00+05:30,180.4,180.6,180.25,180.45,230271,0
2025-12-31 13:00:00+05:30,180.45,180.73,180.4,180.72,354936,0
2025-12-31 13:05:00+05:30,180.71,180.77,180.56,180.68,246150,0
2025-12-31 13:10:00+05:30,180.67,180.72,180.54,180.63,200400,0
2025-12-31 13:15:00+05:30,180.62,180.69,180.47,180.64,497676,0
2025-12-31 13:20:00+05:30,180.64,180.88,180.29,180.83,644813,0
2025-12-31 13:25:00+05:30,180.83,181.0,180.7,180.85,618212,0
2025-12-31 13:30:00+05:30,180.85,181.29,180.8,181.09,726135,0
2025-12-31 13:35:00+05:30,181.09,181.13,180.92,181.03,378653,0
2025-12-31 13:40:00+05:30,181.02,181.4,180.95,181.07,608964,0
2025-12-31 13:45:00+05:30,181.07,181.1,180.8,180.82,611382,0
2025-12-31 13:50:00+05:30,180.82,180.87,180.67,180.8,267945,0
2025-12-31 13:55:00+05:30,180.79,180.98,180.75,180.9,259843,0
2025-12-31 14:00:00+05:30,180.89,180.94,180.68,180.79,302560,0
2025-12-31 14:05:00+05:30,180.78,180.87,180.7,180.78,183400,0
2025-12-31 14:10:00+05:30,180.78,180.84,180.68,180.74,154920,0
2025-12-31 14:15:00+05:30,180.73,180.75,180.5,180.56,235109,0
2025-12-31 14:20:00+05:30,180.52,180.65,180.1,180.11,453585,0
2025-12-31 14:25:00+05:30,180.12,180.4,179.78,180.04,595959,0
2025-12-31 14:30:00+05:30,180.03,180.21,179.87,180.05,347694,0
2025-12-31 14:35:00+05:30,180.05,180.37,180.01,180.17,345789,0
2025-12-31 14:40:00+05:30,180.17,180.21,179.85,179.89,392742,0
2025-12-31 14:45:00+05:30,179.94,180.24,179.73,180.1,522283,0
2025-12-31 14:50:00+05:30,180.08,180.36,180.05,180.2,306590,0
2025-12-31 14:55:00+05:30,180.19,180.4,180.19,180.33,292595,0
2025-12-31 15:00:00+05:30,180.34,180.45,180.0,180.03,563100,0
2025-12-31 15:05:00+05:30,180.02,180.22,179.92,180.05,648923,0
2025-12-31 15:10:00+05:30,180.04,180.2,180.04,180.2,618903,0
2025-12-31 15:15:00+05:30,180.18,180.33,179.9,179.98,1098051,0
2025-12-31 15:20:00+05:30,179.98,180.0,179.89,179.97,634476,0
2025-12-31 15:25:00+05:30,179.97,180.0,179.82,179.93,778831,0
2026-01-01 09:15:00+05:30,180.6,181.3,180.4,180.79,1532940,0
2026-01-01 09:20:00+05:30,180.79,180.98,180.55,180.69,598865,0
2026-01-01 09:25:00+05:30,180.64,180.81,180.5,180.73,317500,0
2026-01-01 09:30:00+05:30,180.72,180.88,180.31,180.37,336387,0
2026-01-01 09:35:00+05:30,180.37,180.55,180.22,180.46,342020,0
2026-01-01 09:40:00+05:30,180.46,181.65,180.44,181.24,742731,0
2026-01-01 09:45:00+05:30,181.24,181.93,181.19,181.7,506913,0
2026-01-01 09:50:00+05:30,181.7,181.74,181.28,181.38,278093,0
2026-01-01 09:55:00+05:30,181.39,181.5,181.08,181.14,272103,0
2026-01-01 10:00:00+05:30,181.2,181.46,181.07,181.25,150160,0
2026-01-01 10:05:00+05:30,181.24,181.28,181.06,181.15,149910,0
2026-01-01 10:10:00+05:30,181.14,181.2,180.95,181.05,255057,0
2026-01-01 10:15:00+05:30,181.12,181.19,181.0,181.07,162433,0
2026-01-01 10:20:00+05:30,181.08,181.1,180.2,180.5,849361,0
2026-01-01 10:25:00+05:30,180.58,180.95,180.44,180.83,514563,0
2026-01-01 10:30:00+05:30,180.85,181.24,180.69,181.15,267408,0
2026-01-01 10:35:00+05:30,181.2,181.49,181.03,181.44,428964,0
2026-01-01 10:40:00+05:30,181.44,181.8,181.3,181.62,716720,0
2026-01-01 10:45:00+05:30,181.69,181.76,181.5,181.63,236266,0
2026-01-01 10:50:00+05:30,181.65,182.2,181.57,181.68,909004,0
2026-01-01 10:55:00+05:30,181.68,181.71,181.3,181.48,203210,0
2026-01-01 11:00:00+05:30,181.41,181.6,181.21,181.53,191249,0
2026-01-01 11:05:00+05:30,181.45,181.54,181.3,181.36,82218,0
2026-01-01 11:10:00+05:30,181.34,181.5,181.3,181.45,81386,0
2026-01-01 11:15:00+05:30,181.41,181.44,181.15,181.17,102427,0
2026-01-01 11:20:00+05:30,181.17,181.35,181.04,181.3,362500,0
2026-01-01 11:25:00+05:30,181.3,181.35,181.17,181.2,97179,0
2026-01-01 11:30:00+05:30,181.23,181.25,181.15,181.18,292482,0
2026-01-01 11:35:00+05:30,181.18,181.22,181.15,181.2,247714,0
2026-01-01 11:40:00+05:30,181.2,181.25,180.9,180.94,264919,0
2026-01-01 11:45:00+05:30,180.94,181.39,180.9,181.2,277410,0
2026-01-01 11:50:00+05:30,181.21,181.34,181.15,181.17,56782,0
2026-01-01 11:55:00+05:30,181.19,181.24,181.11,181.16,84943,0
2026-01-01 12:00:00+05:30,181.16,181.25,181.06,181.15,124912,0
2026-01-01 12:05:00+05:30,181.11,181.15,180.8,180.95,119383,0
2026-01-01 12:10:00+05:30,180.9,180.97,180.79,180.8,137014,0
2026-01-01 12:15:00+05:30,180.8,181.15,180.75,181.1,153462,0
2026-01-01 12:20:00+05:30,181.12,181.15,180.91,181.12,164960,0
2026-01-01 12:25:00+05:30,181.1,181.5,181.06,181.45,343363,0
2026-01-01 12:30:00+05:30,181.45,181.46,181.27,181.34,96330,0
2026-01-01 12:35:00+05:30,181.35,181.35,180.81,180.96,157335,0
2026-01-01 12:40:00+05:30,180.9,181.06,180.9,181.0,72563,0
2026-01-01 12:45:00+05:30,180.99,181.29,180.93,181.11,55390,0
2026-01-01 12:50:00+05:30,181.11,181.18,180.95,181.03,66289,0
2026-01-01 12:55:00+05:30,181.03,181.08,180.95,181.0,30107,0
2026-01-01 13:00:00+05:30,181.0,181.06,180.9,181.02,57603,0
2026-01-01 13:05:00+05:30,181.02,181.17,181.0,181.14,37932,0
2026-01-01 13:10:00+05:30,181.15,181.2,181.03,181.19,72082,0
2026-01-01 13:15:00+05:30,181.2,181.26,181.1,181.26,74194,0
2026-01-01 13:20:00+05:30,181.25,181.27,181.07,181.08,46708,0
2026-01-01 13:25:00+05:30,181.09,181.39,181.06,181.37,228768,0
2026-01-01 13:30:00+05:30,181.37,181.4,181.16,181.2,76688,0
2026-01-01 13:35:00+05:30,181.2,181.3,181.09,181.13,90344,0
2026-01-01 13:40:00+05:30,181.13,181.25,181.1,181.24,38426,0
2026-01-01 13:45:00+05:30,181.25,181.35,181.13,181.15,57037,0
2026-01-01 13:50:00+05:30,181.2,181.2,181.05,181.09,159176,0
2026-01-01 13:55:00+05:30,181.05,181.11,180.9,181.0,193674,0
2026-01-01 14:00:00+05:30,181.02,181.15,181.0,181.09,98008,0
2026-01-01 14:05:00+05:30,181.06,181.1,181.04,181.07,48691,0
2026-01-01 14:10:00+05:30,181.08,181.08,181.0,181.04,60659,0
2026-01-01 14:15:00+05:30,181.04,181.25,180.96,181.19,227518,0
2026-01-01 14:20:00+05:30,181.19,181.25,180.98,181.1,212259,0
2026-01-01 14:25:00+05:30,181.15,181.18,181.0,181.01,98699,0
2026-01-01 14:30:00+05:30,181.05,181.6,181.01,181.52,653281,0
2026-01-01 14:35:00+05:30,181.51,182.05,181.51,182.02,937172,0
2026-01-01 14:40:00+05:30,181.96,182.01,181.4,181.5,231728,0
2026-01-01 14:45:00+05:30,181.54,181.54,181.29,181.36,170591,0
2026-01-01 14:50:00+05:30,181.41,181.76,181.35,181.65,297271,0
2026-01-01 14:55:00+05:30,181.7,181.86,181.62,181.75,274599,0
2026-01-01 15:00:00+05:30,181.8,181.94,181.6,181.7,317744,0
2026-01-01 15:05:00+05:30,181.76,181.94,181.62,181.8,486190,0
2026-01-01 15:10:00+05:30,181.8,181.91,181.71,181.8,586685,0
2026-01-01 15:15:00+05:30,181.8,182.0,181.73,181.95,846412,0
2026-01-01 15:20:00+05:30,181.97,182.1,181.92,181.97,925145,0
2026-01-01 15:25:00+05:30,181.98,182.05,181.7,181.74,456877,0
2026-01-02 09:15:00+05:30,182.0,183.25,181.89,182.86,986584,0
2026-01-02 09:20:00+05:30,182.8,182.86,182.5,182.6,346349,0
2026-01-02 09:25:00+05:30,182.65,183.04,182.4,182.91,541063,0
2026-01-02 09:30:00+05:30,182.91,183.22,182.82,183.12,506918,0
2026-01-02 09:35:00+05:30,183.12,183.65,183.01,183.45,873805,0
2026-01-02 09:40:00+05:30,183.45,183.45,182.85,183.0,508139,0
2026-01-02 09:45:00+05:30,183.0,183.18,182.8,182.82,348132,0
2026-01-02 09:50:00+05:30,182.88,183.13,182.83,183.08,287313,0
2026-01-02 09:55:00+05:30,183.1,183.26,182.8,183.1,537954,0
2026-01-02 10:00:00+05:30,183.15,183.45,183.05,183.07,419572,0
2026-01-02 10:05:00+05:30,183.07,183.2,182.9,182.91,194283,0
2026-01-02 10:10:00+05:30,182.91,183.05,182.91,183.04,107580,0
2026-01-02 10:15:00+05:30,183.05,183.22,182.7,183.12,256106,0
2026-01-02 10:20:00+05:30,183.08,183.4,182.92,183.38,326390,0
2026-01-02 10:25:00+05:30,183.38,183.69,183.24,183.6,562297,0
2026-01-02 10:30:00+05:30,183.67,183.7,183.5,183.57,244859,0
2026-01-02 10:35:00+05:30,183.58,183.65,183.34,183.63,214532,0
2026-01-02 10:40:00+05:30,183.64,183.74,183.62,183.72,199920,0
2026-01-02 10:45:00+05:30,183.69,183.8,183.57,183.65,186048,0
2026-01-02 10:50:00+05:30,183.65,183.75,183.41,183.55,196891,0
2026-01-02 10:55:00+05:30,183.5,183.57,183.22,183.36,150350,0
2026-01-02 11:00:00+05:30,183.35,183.65,183.31,183.65,199436,0
2026-01-02 11:05:00+05:30,183.63,183.8,183.5,183.6,386827,0
2026-01-02 11:10:00+05:30,183.59,183.85,183.48,183.78,762048,0
2026-01-02 11:15:00+05:30,183.78,183.83,183.52,183.55,188384,0
2026-01-02 11:20:00+05:30,183.53,183.76,183.5,183.65,173378,0
2026-01-02 11:25:00+05:30,183.68,183.73,183.54,183.55,89425,0
2026-01-02 11:30:00+05:30,183.55,183.64,183.41,183.55,196665,0
2026-01-02 11:35:00+05:30,183.48,183.62,183.48,183.54,133530,0
2026-01-02 11:40:00+05:30,183.58,183.61,183.5,183.55,139413,0
2026-01-02 11:45:00+05:30,183.56,183.59,183.44,183.53,128535,0
2026-01-02 11:50:00+05:30,183.55,183.7,183.51,183.65,126547,0
2026-01-02 11:55:00+05:30,183.64,183.72,183.54,183.63,99288,0
2026-01-02 12:00:00+05:30,183.63,183.7,183.55,183.68,136684,0
2026-01-02 12:05:00+05:30,183.68,183.76,183.66,183.76,159495,0
2026-01-02 12:10:00+05:30,183.76,183.78,183.34,183.49,220752,0
2026-01-02 12:15:00+05:30,183.42,183.51,183.13,183.22,215766,0
2026-01-02 12:20:00+05:30,183.22,183.47,183.2,183.44,140228,0
2026-01-02 12:25:00+05:30,183.4,183.49,183.29,183.42,155697,0
2026-01-02 12:30:00+05:30,183.42,183.52,183.4,183.5,128895,0
2026-01-02 12:35:00+05:30,183.52,183.58,182.78,183.0,564295,0
2026-01-02 12:40:00+05:30,183.0,183.07,182.85,182.91,182355,0
2026-01-02 12:45:00+05:30,182.91,182.91,182.41,182.64,388512,0
2026-01-02 12:50:00+05:30,182.7,183.0,182.5,182.5,520264,0
2026-01-02 12:55:00+05:30,182.55,182.58,182.15,182.15,372128,0
2026-01-02 13:00:00+05:30,182.16,182.35,182.0,182.21,401898,0
2026-01-02 13:05:00+05:30,182.21,182.32,182.1,182.2,170456,0
2026-01-02 13:10:00+05:30,182.22,182.35,182.15,182.22,111846,0
2026-01-02 13:15:00+05:30,182.23,182.48,182.11,182.25,235479,0
2026-01-02 13:20:00+05:30,182.25,182.39,182.2,182.25,99080,0
2026-01-02 13:25:00+05:30,182.24,182.3,182.1,182.3,128333,0
2026-01-02 13:30:00+05:30,182.3,182.42,182.06,182.11,130697,0
2026-01-02 13:35:00+05:30,182.14,182.2,182.06,182.18,96202,0
2026-01-02 13:40:00+05:30,182.18,182.18,182.05,182.1,107721,0
2026-01-02 13:45:00+05:30,182.1,182.18,181.6,181.81,450518,0
2026-01-02 13:50:00+05:30,181.87,181.91,181.7,181.86,363179,0
2026-01-02 13:55:00+05:30,181.87,182.0,181.86,182.0,87151,0
2026-01-02 14:00:00+05:30,182.0,182.01,181.89,181.92,236969,0
2026-01-02 14:05:00+05:30,181.89,181.95,181.7,181.81,122688,0
2026-01-02 14:10:00+05:30,181.81,181.88,181.8,181.84,108461,0
2026-01-02 14:15:00+05:30,181.84,181.88,181.72,181.79,121312,0
2026-01-02 14:20:00+05:30,181.84,182.09,181.79,181.97,273982,0
2026-01-02 14:25:00+05:30,181.96,182.48,181.95,182.35,665686,0
2026-01-02 14:30:00+05:30,182.35,182.39,182.21,182.39,207963,0
2026-01-02 14:35:00+05:30,182.39,182.45,182.34,182.35,276809,0
2026-01-02 14:40:00+05:30,182.37,182.9,182.3,182.69,598667,0
2026-01-02 14:45:00+05:30,182.69,182.75,182.56,182.7,169095,0
2026-01-02 14:50:00+05:30,182.69,182.95,182.61,182.94,335117,0
2026-01-02 14:55:00+05:30,182.94,183.1,182.9,183.05,466020,0
2026-01-02 15:00:00+05:30,183.05,183.29,182.75,182.86,988602,0
2026-01-02 15:05:00+05:30,182.86,182.95,182.8,182.9,313545,0
2026-01-02 15:10:00+05:30,182.9,182.9,182.71,182.85,420079,0
2026-01-02 15:15:00+05:30,182.81,182.94,182.65,182.93,482385,0
2026-01-02 15:20:00+05:30,182.9,182.94,182.74,182.85,456473,0
2026-01-02 15:25:00+05:30,182.83,182.9,182.76,182.8,561545,0
2026-01-05 09:15:00+05:30,182.88,185.19,182.87,185.04,2812426,0
2026-01-05 09:20:00+05:30,185.12,185.57,184.86,185.39,1870039,0
2026-01-05 09:25:00+05:30,185.4,186.34,185.11,185.16,2086089,0
2026-01-05 09:30:00+05:30,185.19,185.24,184.54,184.86,1120906,0
2026-01-05 09:35:00+05:30,184.87,185.44,184.4,185.27,900980,0
2026-01-05 09:40:00+05:30,185.29,185.5,184.94,184.95,763166,0
2026-01-05 09:45:00+05:30,185.0,185.77,184.8,185.77,620224,0
2026-01-05 09:50:00+05:30,185.77,186.34,185.71,186.26,908082,0
2026-01-05 09:55:00+05:30,186.27,186.89,186.21,186.61,1204177,0
2026-01-05 10:00:00+05:30,186.61,186.8,186.11,186.24,674896,0
2026-01-05 10:05:00+05:30,186.23,186.35,185.88,186.07,479955,0
2026-01-05 10:10:00+05:30,186.07,186.19,186.0,186.06,252166,0
2026-01-05 10:15:00+05:30,186.06,186.1,185.75,185.88,459847,0
2026-01-05 10:20:00+05:30,185.88,185.9,185.61,185.85,248662,0
2026-01-05 10:25:00+05:30,185.85,185.99,185.68,185.83,207683,0
2026-01-05 10:30:00+05:30,185.83,185.85,185.25,185.39,380050,0
2026-01-05 10:35:00+05:30,185.39,185.53,185.3,185.37,205256,0
2026-01-05 10:40:00+05:30,185.37,185.43,184.8,184.98,414666,0
2026-01-05 10:45:00+05:30,185.0,185.2,184.92,185.05,231180,0
2026-01-05 10:50:00+05:30,185.05,185.14,184.8,185.06,282998,0
2026-01-05 10:55:00+05:30,185.02,185.06,184.55,184.58,172485,0
2026-01-05 11:00:00+05:30,184.58,184.77,184.27,184.54,439619,0
2026-01-05 11:05:00+05:30,184.54,184.63,184.29,184.42,383358,0
2026-01-05 11:10:00+05:30,184.45,185.5,184.44,185.13,621886,0
2026-01-05 11:15:00+05:30,185.14,185.19,184.78,184.8,129814,0
2026-01-05 11:20:00+05:30,184.8,184.86,184.3,184.31,262488,0
2026-01-05 11:25:00+05:30,184.33,184.75,184.3,184.46,232591,0
2026-01-05 11:30:00+05:30,184.52,184.84,184.43,184.46,157401,0
2026-01-05 11:35:00+05:30,184.5,184.61,184.4,184.6,145486,0
2026-01-05 11:40:00+05:30,184.6,185.23,184.57,185.23,201177,0
2026-01-05 11:45:00+05:30,185.23,185.37,185.05,185.1,190062,0
2026-01-05 11:50:00+05:30,185.1,185.19,184.92,184.99,134269,0
2026-01-05 11:55:00+05:30,185.0,185.3,184.96,185.25,164102,0
2026-01-05 12:00:00+05:30,185.25,185.4,184.84,185.12,149418,0
2026-01-05 12:05:00+05:30,185.11,185.27,185.03,185.05,89334,0
2026-01-05 12:10:00+05:30,185.13,185.21,184.98,185.06,80359,0
2026-01-05 12:15:00+05:30,185.03,185.27,184.98,185.22,127176,0
2026-01-05 12:20:00+05:30,185.22,185.26,185.05,185.19,73168,0
2026-01-05 12:25:00+05:30,185.19,185.2,185.01,185.1,73197,0
2026-01-05 12:30:00+05:30,185.1,185.69,185.07,185.62,557639,0
2026-01-05 12:35:00+05:30,185.62,185.95,185.58,185.66,273346,0
2026-01-05 12:40:00+05:30,185.68,185.79,185.57,185.7,151975,0
2026-01-05 12:45:00+05:30,185.66,185.95,185.64,185.89,164099,0
2026-01-05 12:50:00+05:30,185.89,186.0,185.76,185.83,178010,0
2026-01-05 12:55:00+05:30,185.85,185.91,185.45,185.45,126972,0
2026-01-05 13:00:00+05:30,185.46,185.52,185.3,185.36,133047,0
2026-01-05 13:05:00+05:30,185.36,185.43,185.15,185.15,118436,0
2026-01-05 13:10:00+05:30,185.19,185.33,185.1,185.2,158728,0
2026-01-05 13:15:00+05:30,185.26,185.27,185.01,185.17,168633,0
2026-01-05 13:20:00+05:30,185.17,185.3,185.13,185.24,133526,0
2026-01-05 13:25:00+05:30,185.25,185.43,185.1,185.15,117726,0
2026-01-05 13:30:00+05:30,185.15,185.2,184.83,184.94,294917,0
2026-01-05 13:35:00+05:30,184.99,185.05,184.89,185.04,114501,0
2026-01-05 13:40:00+05:30,185.04,185.33,184.99,185.33,116308,0
2026-01-05 13:45:00+05:30,185.33,185.55,185.21,185.21,147924,0
2026-01-05 13:50:00+05:30,185.27,185.4,185.17,185.25,148268,0
2026-01-05 13:55:00+05:30,185.25,185.29,185.0,185.05,203418,0
2026-01-05 14:00:00+05:30,185.05,185.08,184.66,184.74,244578,0
2026-01-05 14:05:00+05:30,184.72,185.0,184.62,185.0,209306,0
2026-01-05 14:10:00+05:30,184.95,185.18,184.9,185.07,217420,0
2026-01-05 14:15:00+05:30,185.07,185.35,185.01,185.25,213530,0
2026-01-05 14:20:00+05:30,185.29,185.3,185.01,185.3,168604,0
2026-01-05 14:25:00+05:30,185.3,185.76,185.27,185.68,280530,0
2026-01-05 14:30:00+05:30,185.73,186.25,185.68,186.07,772501,0
2026-01-05 14:35:00+05:30,186.1,186.13,185.58,185.59,278321,0
2026-01-05 14:40:00+05:30,185.59,186.12,185.58,186.03,292378,0
2026-01-05 14:45:00+05:30,186.07,186.2,185.92,186.0,430354,0
2026-01-05 14:50:00+05:30,186.0,186.3,185.92,185.99,512086,0
2026-01-05 14:55:00+05:30,186.0,186.11,185.89,186.11,294556,0
2026-01-05 15:00:00+05:30,186.1,186.14,185.83,185.89,367903,0
2026-01-05 15:05:00+05:30,185.89,185.9,185.63,185.8,513091,0
2026-01-05 15:10:00+05:30,185.79,185.8,185.62,185.71,456999,0
2026-01-05 15:15:00+05:30,185.71,185.81,185.63,185.66,689992,0
2026-01-05 15:20:00+05:30,185.66,185.7,185.47,185.64,809654,0
2026-01-05 15:25:00+05:30,185.63,185.82,185.59,185.73,628831,0
2026-01-06 09:15:00+05:30,186.0,187.38,186.0,187.04,1496751,0
2026-01-06 09:20:00+05:30,187.04,187.76,187.0,187.53,977115,0
2026-01-06 09:25:00+05:30,187.53,187.85,187.26,187.3,716884,0
2026-01-06 09:30:00+05:30,187.3,187.4,186.86,187.0,548295,0
2026-01-06 09:35:00+05:30,187.0,187.14,186.31,186.35,632128,0
2026-01-06 09:40:00+05:30,186.4,186.9,186.3,186.7,319024,0
2026-01-06 09:45:00+05:30,186.7,186.89,186.52,186.53,235351,0
2026-01-06 09:50:00+05:30,186.6,186.79,186.53,186.58,179257,0
2026-01-06 09:55:00+05:30,186.6,186.79,186.54,186.64,168842,0
2026-01-06 10:00:00+05:30,186.65,186.83,186.65,186.73,170902,0
2026-01-06 10:05:00+05:30,186.76,186.76,186.4,186.48,254047,0
2026-01-06 10:10:00+05:30,186.49,186.5,186.25,186.31,211338,0
2026-01-06 10:15:00+05:30,186.25,186.58,186.1,186.58,283527,0
2026-01-06 10:20:00+05:30,186.57,186.75,186.4,186.73,220362,0
2026-01-06 10:25:00+05:30,186.71,186.95,186.65,186.91,217836,0
2026-01-06 10:30:00+05:30,186.91,187.14,186.73,186.91,381918,0
2026-01-06 10:35:00+05:30,186.9,186.94,186.44,186.46,182148,0
2026-01-06 10:40:00+05:30,186.46,186.65,186.27,186.65,166540,0
2026-01-06 10:45:00+05:30,186.65,186.65,186.13,186.13,154227,0
2026-01-06 10:50:00+05:30,186.13,186.15,185.86,185.97,291927,0
2026-01-06 10:55:00+05:30,185.96,186.07,185.6,185.65,198867,0
2026-01-06 11:00:00+05:30,185.65,185.92,185.51,185.76,201246,0
2026-01-06 11:05:00+05:30,185.77,186.0,185.73,185.89,130358,0
2026-01-06 11:10:00+05:30,185.86,186.0,185.6,185.85,225724,0
2026-01-06 11:15:00+05:30,185.83,186.48,185.83,186.35,253269,0
2026-01-06 11:20:00+05:30,186.31,186.75,186.25,186.7,232619,0
2026-01-06 11:25:00+05:30,186.68,187.15,186.65,187.04,519350,0
2026-01-06 11:30:00+05:30,187.03,187.12,186.71,186.9,142403,0
2026-01-06 11:35:00+05:30,186.9,186.95,186.66,186.78,104872,0
2026-01-06 11:40:00+05:30,186.77,187.35,186.77,187.35,362055,0
2026-01-06 11:45:00+05:30,187.3,187.35,186.91,187.1,176101,0
2026-01-06 11:50:00+05:30,187.03,187.15,186.96,187.1,130342,0
2026-01-06 11:55:00+05:30,187.05,187.45,187.03,187.45,240530,0
2026-01-06 12:00:00+05:30,187.44,187.75,187.35,187.39,757136,0
2026-01-06 12:05:00+05:30,187.39,187.45,187.1,187.13,178170,0
2026-01-06 12:10:00+05:30,187.12,187.49,187.1,187.15,146384,0
2026-01-06 12:15:00+05:30,187.15,187.17,186.79,187.02,230467,0
2026-01-06 12:20:00+05:30,187.01,187.16,186.97,187.04,98908,0
2026-01-06 12:25:00+05:30,187.04,187.5,186.99,187.45,141295,0
2026-01-06 12:30:00+05:30,187.45,187.48,187.16,187.29,131575,0
2026-01-06 12:35:00+05:30,187.28,187.4,187.23,187.28,78314,0
2026-01-06 12:40:00+05:30,187.28,187.49,187.25,187.35,217923,0
2026-01-06 12:45:00+05:30,187.3,187.85,187.28,187.61,467895,0
2026-01-06 12:50:00+05:30,187.6,187.72,187.5,187.59,130355,0
2026-01-06 12:55:00+05:30,187.58,187.64,187.42,187.56,106624,0
2026-01-06 13:00:00+05:30,187.56,187.65,187.35,187.4,133934,0
2026-01-06 13:05:00+05:30,187.4,187.7,187.32,187.66,207273,0
2026-01-06 13:10:00+05:30,187.66,187.69,187.5,187.6,96131,0
2026-01-06 13:15:00+05:30,187.6,187.64,187.46,187.55,115514,0
2026-01-06 13:20:00+05:30,187.55,187.55,187.26,187.44,190090,0
2026-01-06 13:25:00+05:30,187.43,187.54,187.2,187.42,176501,0
2026-01-06 13:30:00+05:30,187.42,187.43,187.15,187.3,202009,0
2026-01-06 13:35:00+05:30,187.3,187.5,187.15,187.5,186289,0
2026-01-06 13:40:00+05:30,187.49,187.5,187.29,187.44,97733,0
2026-01-06 13:45:00+05:30,187.43,187.47,187.32,187.47,72031,0
2026-01-06 13:50:00+05:30,187.46,187.5,187.3,187.39,191317,0
2026-01-06 13:55:00+05:30,187.38,187.49,186.22,186.72,1634440,0
2026-01-06 14:00:00+05:30,186.72,187.14,186.2,186.29,872736,0
2026-01-06 14:05:00+05:30,186.3,186.87,186.06,186.4,694591,0
2026-01-06 14:10:00+05:30,186.4,186.66,186.21,186.4,571135,0
2026-01-06 14:15:00+05:30,186.43,186.47,185.3,185.66,2175927,0
2026-01-06 14:20:00+05:30,185.69,185.7,184.7,184.88,1328392,0
2026-01-06 14:25:00+05:30,184.88,185.19,184.47,185.14,755523,0
2026-01-06 14:30:00+05:30,185.13,185.17,184.75,184.98,262181,0
2026-01-06 14:35:00+05:30,184.94,185.4,184.93,185.19,502222,0
2026-01-06 14:40:00+05:30,185.17,185.35,184.87,185.28,493619,0
2026-01-06 14:45:00+05:30,185.28,185.5,185.09,185.47,420989,0
2026-01-06 14:50:00+05:30,185.47,185.69,185.36,185.6,314390,0
2026-01-06 14:55:00+05:30,185.54,185.9,185.53,185.9,309087,0
2026-01-06 15:00:00+05:30,185.9,186.5,185.88,186.15,650802,0
2026-01-06 15:05:00+05:30,186.14,186.37,186.0,186.16,380660,0
2026-01-06 15:10:00+05:30,186.15,186.35,186.02,186.15,485538,0
2026-01-06 15:15:00+05:30,186.14,186.4,186.0,186.28,655221,0
2026-01-06 15:20:00+05:30,186.23,186.28,186.18,186.2,412209,0
2026-01-06 15:25:00+05:30,186.2,186.5,186.0,186.32,513628,0
2026-01-07 09:15:00+05:30,186.2,186.32,185.39,186.26,904758,0
2026-01-07 09:20:00+05:30,186.25,186.65,185.93,185.95,606434,0
2026-01-07 09:25:00+05:30,186.0,186.08,185.4,185.56,245450,0
2026-01-07 09:30:00+05:30,185.6,185.77,185.43,185.63,261138,0
2026-01-07 09:35:00+05:30,185.68,185.7,185.01,185.04,317504,0
2026-01-07 09:40:00+05:30,185.04,185.28,184.9,185.02,280559,0
2026-01-07 09:45:00+05:30,185.0,185.29,185.0,185.21,183586,0
2026-01-07 09:50:00+05:30,185.24,185.53,184.9,185.0,256608,0
2026-01-07 09:55:00+05:30,185.0,185.35,185.0,185.23,159625,0
2026-01-07 10:00:00+05:30,185.23,185.49,184.93,184.95,161652,0
2026-01-07 10:05:00+05:30,184.95,185.2,184.52,184.72,380294,0
2026-01-07 10:10:00+05:30,184.74,185.32,184.7,185.3,201055,0
2026-01-07 10:15:00+05:30,185.3,185.65,185.25,185.4,364423,0
2026-01-07 10:20:00+05:30,185.41,185.55,185.05,185.22,236623,0
2026-01-07 10:25:00+05:30,185.2,185.3,185.08,185.22,103181,0
2026-01-07 10:30:00+05:30,185.22,185.44,185.21,185.37,92574,0
2026-01-07 10:35:00+05:30,185.39,185.39,184.83,184.95,149875,0
2026-01-07 10:40:00+05:30,184.95,185.22,184.94,185.0,299230,0
2026-01-07 10:45:00+05:30,185.0,185.08,184.66,184.71,124408,0
2026-01-07 10:50:00+05:30,184.7,185.0,184.65,184.87,91966,0
2026-01-07 10:55:00+05:30,184.86,184.99,184.8,184.83,52911,0
2026-01-07 11:00:00+05:30,184.83,185.18,184.82,185.09,191056,0
2026-01-07 11:05:00+05:30,185.09,185.11,184.8,184.8,68088,0
2026-01-07 11:10:00+05:30,184.81,184.97,184.65,184.67,104972,0
2026-01-07 11:15:00+05:30,184.69,184.69,184.11,184.4,370821,0
2026-01-07 11:20:00+05:30,184.39,184.61,183.95,184.0,385274,0
2026-01-07 11:25:00+05:30,184.04,184.35,184.0,184.25,151819,0
2026-01-07 11:30:00+05:30,184.27,184.55,184.2,184.47,113064,0
2026-01-07 11:35:00+05:30,184.5,184.66,184.11,184.2,141167,0
2026-01-07 11:40:00+05:30,184.2,184.42,184.12,184.26,249050,0
2026-01-07 11:45:00+05:30,184.31,184.4,184.07,184.22,211095,0
2026-01-07 11:50:00+05:30,184.22,184.35,184.0,184.01,86412,0
2026-01-07 11:55:00+05:30,184.01,184.24,183.82,183.9,232146,0
2026-01-07 12:00:00+05:30,183.92,184.18,183.9,183.97,130172,0
2026-01-07 12:05:00+05:30,183.99,184.12,183.97,184.02,78450,0
2026-01-07 12:10:00+05:30,184.02,184.1,183.8,183.89,172179,0
2026-01-07 12:15:00+05:30,183.89,184.21,183.7,184.16,173328,0
2026-01-07 12:20:00+05:30,184.16,184.34,184.0,184.18,222815,0
2026-01-07 12:25:00+05:30,184.18,184.39,183.71,183.77,239631,0
2026-01-07 12:30:00+05:30,183.77,184.0,183.77,183.9,67522,0
2026-01-07 12:35:00+05:30,183.92,183.92,183.7,183.85,111248,0
2026-01-07 12:40:00+05:30,183.85,183.98,183.76,183.8,105243,0
2026-01-07 12:45:00+05:30,183.84,183.99,183.76,183.91,71400,0
2026-01-07 12:50:00+05:30,183.94,184.2,183.9,184.16,103502,0
2026-01-07 12:55:00+05:30,184.14,184.22,184.02,184.15,68459,0
2026-01-07 13:00:00+05:30,184.17,184.4,184.12,184.28,134568,0
2026-01-07 13:05:00+05:30,184.3,184.37,183.95,184.09,180096,0
2026-01-07 13:10:00+05:30,184.15,184.35,184.09,184.25,111720,0
2026-01-07 13:15:00+05:30,184.25,184.3,184.1,184.2,66240,0
2026-01-07 13:20:00+05:30,184.2,184.26,183.97,184.0,70699,0
2026-01-07 13:25:00+05:30,184.0,184.0,183.15,183.26,523937,0
2026-01-07 13:30:00+05:30,183.28,183.49,182.9,183.03,335622,0
2026-01-07 13:35:00+05:30,183.1,183.42,183.02,183.18,147266,0
2026-01-07 13:40:00+05:30,183.18,183.74,183.01,183.42,389691,0
2026-01-07 13:45:00+05:30,183.37,183.46,183.1,183.45,126475,0
2026-01-07 13:50:00+05:30,183.45,183.57,183.11,183.29,149957,0
2026-01-07 13:55:00+05:30,183.3,183.46,183.2,183.4,95143,0
2026-01-07 14:00:00+05:30,183.44,183.59,182.98,183.56,491372,0
2026-01-07 14:05:00+05:30,183.59,183.7,183.56,183.57,118289,0
2026-01-07 14:10:00+05:30,183.59,183.67,183.3,183.3,96263,0
2026-01-07 14:15:00+05:30,183.31,183.33,183.15,183.28,71836,0
2026-01-07 14:20:00+05:30,183.3,183.54,183.2,183.26,161875,0
2026-01-07 14:25:00+05:30,183.32,183.36,183.17,183.3,75967,0
2026-01-07 14:30:00+05:30,183.34,183.39,182.9,182.99,510548,0
2026-01-07 14:35:00+05:30,182.99,183.23,182.96,183.13,265536,0
2026-01-07 14:40:00+05:30,183.14,183.42,183.14,183.36,151343,0
2026-01-07 14:45:00+05:30,183.36,183.55,183.3,183.49,222479,0
2026-01-07 14:50:00+05:30,183.53,183.8,183.35,183.74,306310,0
2026-01-07 14:55:00+05:30,183.75,184.09,183.59,183.95,383019,0
2026-01-07 15:00:00+05:30,183.94,184.2,183.61,183.76,657997,0
2026-01-07 15:05:00+05:30,183.75,183.91,183.61,183.75,466276,0
2026-01-07 15:10:00+05:30,183.75,184.08,183.67,184.02,693235,0
2026-01-07 15:15:00+05:30,184.01,184.02,183.57,183.79,808085,0
2026-01-07 15:20:00+05:30,183.78,183.8,183.6,183.75,579012,0
2026-01-07 15:25:00+05:30,183.74,183.88,183.5,183.55,506836,0
2026-01-08 09:15:00+05:30,185.45,185.87,184.31,184.47,3171625,0
2026-01-08 09:20:00+05:30,184.47,184.5,183.2,183.45,2064436,0
2026-01-08 09:25:00+05:30,183.45,183.62,182.88,183.1,1219565,0
2026-01-08 09:30:00+05:30,183.12,183.24,182.5,182.59,739648,0
2026-01-08 09:35:00+05:30,182.58,182.66,182.09,182.52,1130234,0
2026-01-08 09:40:00+05:30,182.52,182.6,181.73,181.87,1172752,0
2026-01-08 09:45:00+05:30,181.87,181.91,181.4,181.82,1010989,0
2026-01-08 09:50:00+05:30,181.85,183.03,181.8,182.78,744538,0
2026-01-08 09:55:00+05:30,182.83,182.9,181.89,181.89,492634,0
2026-01-08 10:00:00+05:30,181.89,182.0,181.01,181.16,879691,0
2026-01-08 10:05:00+05:30,181.15,181.28,180.6,180.86,837975,0
2026-01-08 10:10:00+05:30,180.92,181.47,180.82,181.39,377741,0
2026-01-08 10:15:00+05:30,181.37,181.44,181.03,181.09,347849,0
2026-01-08 10:20:00+05:30,181.09,181.17,180.91,181.05,519232,0
2026-01-08 10:25:00+05:30,181.01,181.12,180.1,180.6,3074298,0
2026-01-08 10:30:00+05:30,180.6,180.92,180.5,180.82,354748,0
2026-01-08 10:35:00+05:30,180.82,180.86,180.33,180.49,348038,0
2026-01-08 10:40:00+05:30,180.49,180.54,180.21,180.24,379499,0
2026-01-08 10:45:00+05:30,180.26,180.26,179.8,179.8,1279920,0
2026-01-08 10:50:00+05:30,179.84,180.4,179.8,180.15,695236,0
2026-01-08 10:55:00+05:30,180.15,180.35,180.0,180.12,234886,0
2026-01-08 11:00:00+05:30,180.09,180.22,179.8,180.16,360653,0
2026-01-08 11:05:00+05:30,180.11,180.6,180.09,180.3,304042,0
2026-01-08 11:10:00+05:30,180.3,180.3,180.06,180.24,196693,0
2026-01-08 11:15:00+05:30,180.24,180.29,180.0,180.07,233398,0
2026-01-08 11:20:00+05:30,180.07,180.09,179.61,179.64,395891,0
2026-01-08 11:25:00+05:30,179.66,180.0,179.61,179.85,239292,0
2026-01-08 11:30:00+05:30,179.85,180.05,179.63,179.91,213191,0
2026-01-08 11:35:00+05:30,179.91,180.65,179.89,180.47,351805,0
2026-01-08 11:40:00+05:30,180.51,180.59,180.27,180.37,192617,0
2026-01-08 11:45:00+05:30,180.39,180.47,180.1,180.23,206115,0
2026-01-08 11:50:00+05:30,180.23,180.44,180.07,180.37,204370,0
2026-01-08 11:55:00+05:30,180.36,180.36,179.75,179.83,237474,0
2026-01-08 12:00:00+05:30,179.83,179.97,179.76,179.9,126931,0
2026-01-08 12:05:00+05:30,179.91,180.14,179.66,180.14,396223,0
2026-01-08 12:10:00+05:30,180.14,180.78,180.11,180.7,352193,0
2026-01-08 12:15:00+05:30,180.65,181.0,180.57,180.63,345398,0
2026-01-08 12:20:00+05:30,180.7,180.72,180.25,180.4,268589,0
2026-01-08 12:25:00+05:30,180.4,180.68,180.32,180.63,91248,0
2026-01-08 12:30:00+05:30,180.63,180.79,180.42,180.73,141789,0
2026-01-08 12:35:00+05:30,180.72,180.98,180.63,180.87,334247,0
2026-01-08 12:40:00+05:30,180.87,181.32,180.87,181.17,359820,0
2026-01-08 12:45:00+05:30,181.2,181.21,180.82,180.87,172154,0
2026-01-08 12:50:00+05:30,180.87,181.25,180.84,181.24,524085,0
2026-01-08 12:55:00+05:30,181.24,181.27,181.1,181.14,151344,0
2026-01-08 13:00:00+05:30,181.1,181.23,180.95,181.23,163862,0
2026-01-08 13:05:00+05:30,181.23,181.34,181.1,181.21,189717,0
2026-01-08 13:10:00+05:30,181.22,181.51,181.2,181.51,292323,0
2026-01-08 13:15:00+05:30,181.5,181.5,181.1,181.18,172054,0
2026-01-08 13:20:00+05:30,181.19,181.22,180.95,180.97,182379,0
2026-01-08 13:25:00+05:30,180.98,181.06,180.7,180.7,299517,0
2026-01-08 13:30:00+05:30,180.7,180.9,180.65,180.81,204045,0
2026-01-08 13:35:00+05:30,180.81,181.02,180.75,180.83,132432,0
2026-01-08 13:40:00+05:30,180.82,181.03,180.79,181.02,146505,0
2026-01-08 13:45:00+05:30,181.0,181.41,181.0,181.29,295525,0
2026-01-08 13:50:00+05:30,181.29,181.32,181.06,181.17,180922,0
2026-01-08 13:55:00+05:30,181.17,181.33,181.05,181.12,132093,0
2026-01-08 14:00:00+05:30,181.11,181.24,180.82,180.9,300086,0
2026-01-08 14:05:00+05:30,180.89,181.14,180.85,180.9,470838,0
2026-01-08 14:10:00+05:30,180.92,180.98,180.56,180.7,209424,0
2026-01-08 14:15:00+05:30,180.7,180.94,180.64,180.89,169326,0
2026-01-08 14:20:00+05:30,180.89,180.96,180.6,180.63,334638,0
2026-01-08 14:25:00+05:30,180.63,180.66,180.25,180.33,286578,0
2026-01-08 14:30:00+05:30,180.34,180.73,180.34,180.7,390592,0
2026-01-08 14:35:00+05:30,180.7,181.14,180.68,180.92,461259,0
2026-01-08 14:40:00+05:30,180.92,180.96,180.69,180.95,273538,0
2026-01-08 14:45:00+05:30,180.95,181.25,180.89,181.12,382453,0
2026-01-08 14:50:00+05:30,181.12,181.3,180.93,181.3,511949,0
2026-01-08 14:55:00+05:30,181.3,181.45,181.16,181.37,505537,0
2026-01-08 15:00:00+05:30,181.33,181.38,180.29,180.3,511304,0
2026-01-08 15:05:00+05:30,180.29,180.3,180.0,180.12,570192,0
2026-01-08 15:10:00+05:30,180.12,180.53,180.11,180.27,594313,0
2026-01-08 15:15:00+05:30,180.27,180.39,179.74,179.97,1050772,0
2026-01-08 15:20:00+05:30,179.97,180.15,179.79,179.92,716724,0
2026-01-08 15:25:00+05:30,179.89,179.95,179.55,179.9,847203,0
2026-01-09 09:15:00+05:30,179.05,180.67,179.05,180.67,848427,0
2026-01-09 09:20:00+05:30,180.66,180.66,179.52,179.67,472695,0
2026-01-09 09:25:00+05:30,179.67,179.88,179.27,179.5,478230,0
2026-01-09 09:30:00+05:30,179.52,179.77,179.04,179.29,407620,0
2026-01-09 09:35:00+05:30,179.29,179.3,178.8,178.98,421456,0
2026-01-09 09:40:00+05:30,178.98,179.85,178.8,179.8,500096,0
2026-01-09 09:45:00+05:30,179.79,180.59,179.67,180.39,371938,0
2026-01-09 09:50:00+05:30,180.43,180.45,179.96,180.21,140431,0
2026-01-09 09:55:00+05:30,180.24,180.76,180.2,180.6,241630,0
2026-01-09 10:00:00+05:30,180.63,180.89,180.4,180.56,199316,0
2026-01-09 10:05:00+05:30,180.56,180.67,180.21,180.54,167181,0
2026-01-09 10:10:00+05:30,180.54,180.58,180.07,180.1,143520,0
2026-01-09 10:15:00+05:30,180.14,180.65,180.13,180.4,142917,0
2026-01-09 10:20:00+05:30,180.43,180.74,180.24,180.25,220436,0
2026-01-09 10:25:00+05:30,180.27,180.81,180.22,180.69,171487,0
2026-01-09 10:30:00+05:30,180.69,180.7,180.31,180.47,88423,0
2026-01-09 10:35:00+05:30,180.47,180.61,180.3,180.44,160361,0
2026-01-09 10:40:00+05:30,180.44,181.0,180.38,180.84,227846,0
2026-01-09 10:45:00+05:30,180.84,181.5,180.82,181.2,305325,0
2026-01-09 10:50:00+05:30,181.2,181.26,180.79,180.83,127516,0
2026-01-09 10:55:00+05:30,180.83,180.96,180.4,180.6,262745,0
2026-01-09 11:00:00+05:30,180.59,180.59,180.1,180.4,164824,0
2026-01-09 11:05:00+05:30,180.42,180.7,180.4,180.62,158444,0
2026-01-09 11:10:00+05:30,180.6,180.81,180.46,180.55,106241,0
2026-01-09 11:15:00+05:30,180.46,180.63,180.31,180.32,119948,0
2026-01-09 11:20:00+05:30,180.38,180.47,180.2,180.2,166381,0
2026-01-09 11:25:00+05:30,180.2,180.5,180.2,180.45,111432,0
2026-01-09 11:30:00+05:30,180.45,180.8,180.28,180.28,196757,0
2026-01-09 11:35:00+05:30,180.29,180.29,179.71,179.83,310685,0
2026-01-09 11:40:00+05:30,179.84,180.15,179.73,179.85,270153,0
2026-01-09 11:45:00+05:30,179.85,180.0,179.76,179.87,285655,0
2026-01-09 11:50:00+05:30,179.87,179.99,179.71,179.78,103459,0
2026-01-09 11:55:00+05:30,179.78,180.0,179.77,179.88,80681,0
2026-01-09 12:00:00+05:30,179.81,180.31,179.8,180.27,73512,0
2026-01-09 12:05:00+05:30,180.3,180.38,180.0,180.11,118000,0
2026-01-09 12:10:00+05:30,180.08,180.78,180.08,180.3,254054,0
2026-01-09 12:15:00+05:30,180.3,180.35,179.72,179.84,1006649,0
2026-01-09 12:20:00+05:30,179.84,180.0,179.77,179.96,196176,0
2026-01-09 12:25:00+05:30,179.98,180.0,179.53,179.6,204926,0
2026-01-09 12:30:00+05:30,179.6,179.67,179.41,179.5,1008071,0
2026-01-09 12:35:00+05:30,179.5,179.5,178.91,179.19,1239994,0
2026-01-09 12:40:00+05:30,179.2,179.34,179.09,179.28,171854,0
2026-01-09 12:45:00+05:30,179.28,179.49,179.0,179.06,184680,0
2026-01-09 12:50:00+05:30,179.06,179.26,178.79,179.13,1587759,0
2026-01-09 12:55:00+05:30,179.13,179.43,179.04,179.37,312232,0
2026-01-09 13:00:00+05:30,179.4,179.58,178.91,179.04,273111,0
2026-01-09 13:05:00+05:30,179.07,179.13,178.9,178.96,170703,0
2026-01-09 13:10:00+05:30,178.97,179.09,178.68,178.98,573246,0
2026-01-09 13:15:00+05:30,178.98,179.09,178.79,178.99,232651,0
2026-01-09 13:20:00+05:30,178.99,179.16,178.9,179.06,506020,0
2026-01-09 13:25:00+05:30,179.06,179.19,178.89,179.04,228279,0
2026-01-09 13:30:00+05:30,179.04,179.11,178.62,178.8,196041,0
2026-01-09 13:35:00+05:30,178.81,179.21,178.68,178.96,188250,0
2026-01-09 13:40:00+05:30,179.0,179.06,178.53,178.62,123261,0
2026-01-09 13:45:00+05:30,178.62,178.68,178.36,178.49,293043,0
2026-01-09 13:50:00+05:30,178.49,178.62,178.26,178.31,306792,0
2026-01-09 13:55:00+05:30,178.31,178.55,178.27,178.44,137147,0
2026-01-09 14:00:00+05:30,178.44,178.55,178.04,178.24,261571,0
2026-01-09 14:05:00+05:30,178.25,178.37,178.06,178.14,236101,0
2026-01-09 14:10:00+05:30,178.14,178.24,177.85,177.92,711392,0
2026-01-09 14:15:00+05:30,177.93,178.1,177.73,177.82,138200,0
2026-01-09 14:20:00+05:30,177.83,177.93,177.61,177.75,188691,0
2026-01-09 14:25:00+05:30,177.74,177.94,177.33,177.42,250332,0
2026-01-09 14:30:00+05:30,177.42,177.91,177.35,177.84,287270,0
2026-01-09 14:35:00+05:30,177.85,177.99,177.59,177.65,242321,0
2026-01-09 14:40:00+05:30,177.65,178.2,177.54,178.19,312089,0
2026-01-09 14:45:00+05:30,178.18,178.5,178.15,178.39,253364,0
2026-01-09 14:50:00+05:30,178.45,178.68,178.25,178.68,273094,0
2026-01-09 14:55:00+05:30,178.68,178.95,178.56,178.88,267000,0
2026-01-09 15:00:00+05:30,178.94,179.0,178.02,178.24,865140,0
2026-01-09 15:05:00+05:30,178.21,178.59,178.15,178.55,670539,0
2026-01-09 15:10:00+05:30,178.54,178.59,178.3,178.49,618085,0
2026-01-09 15:15:00+05:30,178.48,178.5,178.2,178.24,607589,0
2026-01-09 15:20:00+05:30,178.24,178.5,178.24,178.49,751384,0
2026-01-09 15:25:00+05:30,178.48,178.95,178.45,178.5,619747,0
2026-01-12 09:15:00+05:30,178.4,179.45,178.15,178.49,526486,0
2026-01-12 09:20:00+05:30,178.45,178.45,177.69,177.9,429392,0
2026-01-12 09:25:00+05:30,177.84,178.16,177.64,177.76,337318,0
2026-01-12 09:30:00+05:30,177.71,178.89,177.7,178.72,471328,0
2026-01-12 09:35:00+05:30,178.7,179.28,178.7,178.96,394198,0
2026-01-12 09:40:00+05:30,178.99,179.01,178.44,178.44,202175,0
2026-01-12 09:45:00+05:30,178.49,179.1,178.25,179.1,210204,0
2026-01-12 09:50:00+05:30,179.1,179.63,179.0,179.54,259247,0
2026-01-12 09:55:00+05:30,179.54,179.7,179.01,179.07,245975,0
2026-01-12 10:00:00+05:30,179.07,179.73,178.92,179.71,256725,0
2026-01-12 10:05:00+05:30,179.72,179.85,179.4,179.7,183606,0
2026-01-12 10:10:00+05:30,179.7,179.81,179.13,179.19,311940,0
2026-01-12 10:15:00+05:30,179.2,179.73,179.12,179.67,159008,0
2026-01-12 10:20:00+05:30,179.67,180.09,179.64,180.07,530508,0
2026-01-12 10:25:00+05:30,180.09,180.63,179.82,180.3,519361,0
2026-01-12 10:30:00+05:30,180.3,180.47,180.1,180.24,149744,0
2026-01-12 10:35:00+05:30,180.24,180.4,180.12,180.2,135940,0
2026-01-12 10:40:00+05:30,180.16,180.35,180.12,180.32,126568,0
2026-01-12 10:45:00+05:30,180.35,180.58,179.86,180.47,283559,0
2026-01-12 10:50:00+05:30,180.47,180.8,180.37,180.4,228070,0
2026-01-12 10:55:00+05:30,180.4,180.42,180.01,180.05,166607,0
2026-01-12 11:00:00+05:30,180.04,180.08,179.65,179.72,169716,0
2026-01-12 11:05:00+05:30,179.71,179.94,179.53,179.76,188642,0
2026-01-12 11:10:00+05:30,179.76,179.9,179.54,179.6,129720,0
2026-01-12 11:15:00+05:30,179.6,179.7,179.4,179.46,154159,0
2026-01-12 11:20:00+05:30,179.46,179.52,179.1,179.25,189423,0
2026-01-12 11:25:00+05:30,179.25,179.27,178.8,178.87,255355,0
2026-01-12 11:30:00+05:30,178.87,178.87,178.15,178.24,547589,0
2026-01-12 11:35:00+05:30,178.29,178.68,178.2,178.45,335349,0
2026-01-12 11:40:00+05:30,178.45,178.67,178.41,178.55,127357,0
2026-01-12 11:45:00+05:30,178.55,178.94,178.54,178.82,140648,0
2026-01-12 11:50:00+05:30,178.82,178.85,178.46,178.76,115592,0
2026-01-12 11:55:00+05:30,178.76,179.21,178.71,178.99,258888,0
2026-01-12 12:00:00+05:30,178.99,179.15,178.68,178.78,112898,0
2026-01-12 12:05:00+05:30,178.76,179.05,178.73,178.98,84383,0
2026-01-12 12:10:00+05:30,179.0,179.29,178.89,179.28,132489,0
2026-01-12 12:15:00+05:30,179.28,179.9,179.28,179.38,607090,0
2026-01-12 12:20:00+05:30,179.4,179.95,179.37,179.8,376542,0
2026-01-12 12:25:00+05:30,179.84,180.29,179.75,179.94,587714,0
2026-01-12 12:30:00+05:30,179.96,180.4,179.81,180.26,387190,0
2026-01-12 12:35:00+05:30,180.28,180.7,180.1,180.45,486744,0
2026-01-12 12:40:00+05:30,180.4,181.11,180.4,181.04,606915,0
2026-01-12 12:45:00+05:30,181.08,181.33,181.01,181.24,234882,0
2026-01-12 12:50:00+05:30,181.29,181.6,181.11,181.4,252314,0
2026-01-12 12:55:00+05:30,181.4,181.42,181.21,181.23,130293,0
2026-01-12 13:00:00+05:30,181.25,181.4,181.05,181.38,412474,0
2026-01-12 13:05:00+05:30,181.4,182.06,181.38,181.97,694661,0
2026-01-12 13:10:00+05:30,182.02,182.16,181.72,181.96,295233,0
2026-01-12 13:15:00+05:30,181.97,182.2,181.69,181.79,278309,0
2026-01-12 13:20:00+05:30,181.81,181.9,181.3,181.34,828698,0
2026-01-12 13:25:00+05:30,181.31,181.43,180.92,181.08,337364,0
2026-01-12 13:30:00+05:30,181.08,181.4,181.0,181.38,716482,0
2026-01-12 13:35:00+05:30,181.4,181.65,181.35,181.6,318284,0
2026-01-12 13:40:00+05:30,181.6,181.79,181.42,181.42,104849,0
2026-01-12 13:45:00+05:30,181.48,181.7,181.4,181.59,144250,0
2026-01-12 13:50:00+05:30,181.59,182.0,181.52,182.0,393034,0
2026-01-12 13:55:00+05:30,181.99,182.37,181.87,182.34,338308,0
2026-01-12 14:00:00+05:30,182.34,182.5,182.11,182.49,525748,0
2026-01-12 14:05:00+05:30,182.47,182.79,182.26,182.75,457738,0
2026-01-12 14:10:00+05:30,182.75,182.78,182.36,182.54,356996,0
2026-01-12 14:15:00+05:30,182.54,182.85,182.11,182.13,420096,0
2026-01-12 14:20:00+05:30,182.16,182.8,182.1,182.73,477631,0
2026-01-12 14:25:00+05:30,182.77,182.85,182.51,182.62,214751,0
2026-01-12 14:30:00+05:30,182.66,182.85,182.29,182.42,278771,0
2026-01-12 14:35:00+05:30,182.42,182.95,182.11,182.91,303177,0
2026-01-12 14:40:00+05:30,182.9,183.1,182.58,182.96,432251,0
2026-01-12 14:45:00+05:30,182.96,183.29,182.86,183.25,396629,0
2026-01-12 14:50:00+05:30,183.22,183.46,183.2,183.46,326000,0
2026-01-12 14:55:00+05:30,183.37,183.5,183.24,183.31,367728,0
2026-01-12 15:00:00+05:30,183.3,183.45,183.1,183.21,332485,0
2026-01-12 15:05:00+05:30,183.21,183.5,183.06,183.26,909148,0
2026-01-12 15:10:00+05:30,183.25,183.37,183.06,183.14,405160,0
2026-01-12 15:15:00+05:30,183.14,183.39,183.05,183.19,906874,0
2026-01-12 15:20:00+05:30,183.19,183.19,182.99,183.03,400984,0
2026-01-12 15:25:00+05:30,183.03,183.65,182.76,183.3,664973,0
2026-01-13 09:15:00+05:30,183.5,183.89,182.1,182.72,820274,0
2026-01-13 09:20:00+05:30,182.78,182.94,182.3,182.34,383365,0
2026-01-13 09:25:00+05:30,182.34,182.34,181.73,181.78,707254,0
2026-01-13 09:30:00+05:30,181.76,182.29,181.68,181.78,308194,0
2026-01-13 09:35:00+05:30,181.78,182.3,181.78,182.07,235077,0
2026-01-13 09:40:00+05:30,182.07,182.1,181.75,182.05,296629,0
2026-01-13 09:45:00+05:30,182.05,182.9,182.05,182.7,496145,0
2026-01-13 09:50:00+05:30,182.68,183.33,182.67,182.86,440948,0
2026-01-13 09:55:00+05:30,182.9,182.9,182.35,182.5,191551,0
2026-01-13 10:00:00+05:30,182.46,182.95,182.35,182.7,111321,0
2026-01-13 10:05:00+05:30,182.76,182.84,182.49,182.57,127554,0
2026-01-13 10:10:00+05:30,182.6,182.64,182.16,182.24,177543,0
2026-01-13 10:15:00+05:30,182.24,182.44,182.04,182.27,118366,0
2026-01-13 10:20:00+05:30,182.27,182.85,182.27,182.69,132892,0
2026-01-13 10:25:00+05:30,182.74,183.5,182.67,183.45,702805,0
2026-01-13 10:30:00+05:30,183.48,183.77,183.45,183.6,605353,0
2026-01-13 10:35:00+05:30,183.59,184.0,183.35,183.93,651280,0
2026-01-13 10:40:00+05:30,183.9,184.0,183.6,183.8,430175,0
2026-01-13 10:45:00+05:30,183.81,184.18,183.65,183.95,498728,0
2026-01-13 10:50:00+05:30,184.0,184.39,183.94,184.04,429098,0
2026-01-13 10:55:00+05:30,184.09,184.2,183.87,184.12,305115,0
2026-01-13 11:00:00+05:30,184.12,184.19,183.91,184.0,204582,0
2026-01-13 11:05:00+05:30,184.0,184.1,183.9,184.06,225620,0
2026-01-13 11:10:00+05:30,184.06,184.12,183.85,183.93,239247,0
2026-01-13 11:15:00+05:30,183.94,183.97,183.6,183.81,346817,0
2026-01-13 11:20:00+05:30,183.81,184.0,183.7,183.96,240962,0
2026-01-13 11:25:00+05:30,184.0,184.29,183.71,183.76,325494,0
2026-01-13 11:30:00+05:30,183.76,183.77,183.36,183.57,355829,0
2026-01-13 11:35:00+05:30,183.6,183.67,183.0,183.09,219581,0
2026-01-13 11:40:00+05:30,183.11,183.32,183.01,183.06,189984,0
2026-01-13 11:45:00+05:30,183.12,183.15,182.85,183.0,207806,0
2026-01-13 11:50:00+05:30,182.99,183.0,182.31,182.49,238573,0
2026-01-13 11:55:00+05:30,182.49,183.0,182.48,182.51,145259,0
2026-01-13 12:00:00+05:30,182.52,182.54,182.34,182.47,127982,0
2026-01-13 12:05:00+05:30,182.42,182.5,182.35,182.38,113203,0
2026-01-13 12:10:00+05:30,182.38,182.5,182.1,182.12,147908,0
2026-01-13 12:15:00+05:30,182.1,182.41,182.0,182.31,194008,0
2026-01-13 12:20:00+05:30,182.31,182.33,181.88,181.95,212412,0
2026-01-13 12:25:00+05:30,181.94,182.4,181.85,182.4,130416,0
2026-01-13 12:30:00+05:30,182.4,182.46,182.14,182.27,174496,0
2026-01-13 12:35:00+05:30,182.26,182.49,182.23,182.25,113692,0
2026-01-13 12:40:00+05:30,182.24,182.45,182.0,182.39,128753,0
2026-01-13 12:45:00+05:30,182.36,182.39,182.17,182.25,73911,0
2026-01-13 12:50:00+05:30,182.25,182.29,181.98,182.08,123256,0
2026-01-13 12:55:00+05:30,182.08,182.12,181.61,181.66,158119,0
2026-01-13 13:00:00+05:30,181.66,181.8,181.5,181.8,208686,0
2026-01-13 13:05:00+05:30,181.8,181.91,181.62,181.91,89049,0
2026-01-13 13:10:00+05:30,181.93,182.04,181.8,181.94,96376,0
2026-01-13 13:15:00+05:30,181.97,182.0,181.72,181.8,62663,0
2026-01-13 13:20:00+05:30,181.79,182.07,181.58,181.96,103228,0
2026-01-13 13:25:00+05:30,181.93,182.0,181.7,181.75,76728,0
2026-01-13 13:30:00+05:30,181.75,181.89,181.58,181.8,77439,0
2026-01-13 13:35:00+05:30,181.81,181.99,181.71,181.75,69164,0
2026-01-13 13:40:00+05:30,181.75,181.87,181.5,181.8,140615,0
2026-01-13 13:45:00+05:30,181.8,181.81,181.57,181.7,123897,0
2026-01-13 13:50:00+05:30,181.67,181.97,181.66,181.84,145847,0
2026-01-13 13:55:00+05:30,181.84,181.85,181.54,181.62,89304,0
2026-01-13 14:00:00+05:30,181.65,181.72,181.5,181.55,132601,0
2026-01-13 14:05:00+05:30,181.55,181.63,181.4,181.54,235164,0
2026-01-13 14:10:00+05:30,181.53,181.54,181.2,181.43,172075,0
2026-01-13 14:15:00+05:30,181.39,181.64,181.24,181.5,133330,0
2026-01-13 14:20:00+05:30,181.5,181.51,181.25,181.27,89722,0
2026-01-13 14:25:00+05:30,181.27,181.31,181.1,181.15,195798,0
2026-01-13 14:30:00+05:30,181.16,181.99,181.15,181.83,195881,0
2026-01-13 14:35:00+05:30,181.87,182.0,181.8,181.93,210921,0
2026-01-13 14:40:00+05:30,181.93,182.3,181.8,182.24,331941,0
2026-01-13 14:45:00+05:30,182.25,182.5,182.12,182.2,334010,0
2026-01-13 14:50:00+05:30,182.17,182.7,182.14,182.66,191846,0
2026-01-13 14:55:00+05:30,182.66,182.88,182.35,182.56,311176,0
2026-01-13 15:00:00+05:30,182.54,182.85,182.46,182.5,366743,0
2026-01-13 15:05:00+05:30,182.51,182.68,182.5,182.59,345721,0
2026-01-13 15:10:00+05:30,182.6,182.79,182.49,182.52,531670,0
2026-01-13 15:15:00+05:30,182.52,182.64,182.44,182.55,467597,0
2026-01-13 15:20:00+05:30,182.52,182.6,182.4,182.43,405763,0
2026-01-13 15:25:00+05:30,182.43,182.6,182.34,182.45,407743,0
2026-01-14 09:15:00+05:30,182.57,182.76,181.66,182.49,450288,0
2026-01-14 09:20:00+05:30,182.49,183.6,182.3,183.59,650430,0
2026-01-14 09:25:00+05:30,183.55,184.4,183.52,184.3,807852,0
2026-01-14 09:30:00+05:30,184.33,184.9,184.07,184.78,831188,0
2026-01-14 09:35:00+05:30,184.78,185.58,184.66,185.4,2285097,0
2026-01-14 09:40:00+05:30,185.36,186.1,185.25,185.4,2182247,0
2026-01-14 09:45:00+05:30,185.4,185.71,185.05,185.61,736756,0
2026-01-14 09:50:00+05:30,185.65,185.8,185.4,185.7,305806,0
2026-01-14 09:55:00+05:30,185.67,185.95,185.57,185.89,429482,0
2026-01-14 10:00:00+05:30,185.95,186.5,185.6,186.33,1235972,0
2026-01-14 10:05:00+05:30,186.33,186.6,186.22,186.6,931093,0
2026-01-14 10:10:00+05:30,186.6,186.6,186.04,186.49,692402,0
2026-01-14 10:15:00+05:30,186.46,186.8,186.23,186.75,737472,0
2026-01-14 10:20:00+05:30,186.75,187.3,186.62,187.3,1609332,0
2026-01-14 10:25:00+05:30,187.3,187.34,186.78,187.02,1059406,0
2026-01-14 10:30:00+05:30,187.02,187.45,186.97,187.3,672722,0
2026-01-14 10:35:00+05:30,187.34,187.7,187.11,187.64,880942,0
2026-01-14 10:40:00+05:30,187.64,188.63,187.6,187.97,2133771,0
2026-01-14 10:45:00+05:30,187.98,188.38,187.83,188.38,709432,0
2026-01-14 10:50:00+05:30,188.35,188.75,188.1,188.33,944122,0
2026-01-14 10:55:00+05:30,188.3,188.75,188.15,188.69,848112,0
2026-01-14 11:00:00+05:30,188.7,189.3,188.46,189.23,1301200,0
2026-01-14 11:05:00+05:30,189.15,189.21,188.73,189.15,670009,0
2026-01-14 11:10:00+05:30,189.15,189.7,189.0,189.48,1294293,0
2026-01-14 11:15:00+05:30,189.46,190.4,189.4,190.3,2485627,0
2026-01-14 11:20:00+05:30,190.34,190.65,189.8,189.97,1566527,0
2026-01-14 11:25:00+05:30,189.94,190.0,188.9,188.99,2404746,0
2026-01-14 11:30:00+05:30,189.0,189.2,188.52,188.76,1248816,0
2026-01-14 11:35:00+05:30,188.73,188.89,188.09,188.4,1921526,0
2026-01-14 11:40:00+05:30,188.47,189.0,188.3,188.5,734060,0
2026-01-14 11:45:00+05:30,188.5,188.97,188.29,188.93,373933,0
2026-01-14 11:50:00+05:30,188.93,189.4,188.64,189.34,660049,0
2026-01-14 11:55:00+05:30,189.4,189.57,189.03,189.29,856358,0
2026-01-14 12:00:00+05:30,189.35,189.65,189.18,189.47,570663,0
2026-01-14 12:05:00+05:30,189.47,189.6,189.3,189.49,425804,0
2026-01-14 12:10:00+05:30,189.47,189.59,189.27,189.37,389875,0
2026-01-14 12:15:00+05:30,189.37,189.75,189.13,189.59,593595,0
2026-01-14 12:20:00+05:30,189.65,189.73,189.35,189.68,338979,0
2026-01-14 12:25:00+05:30,189.68,189.8,189.39,189.4,510655,0
2026-01-14 12:30:00+05:30,189.44,189.48,189.1,189.35,427308,0
2026-01-14 12:35:00+05:30,189.34,189.36,189.12,189.35,251488,0
2026-01-14 12:40:00+05:30,189.35,189.68,189.05,189.07,284424,0
2026-01-14 12:45:00+05:30,189.06,189.3,189.04,189.24,218726,0
2026-01-14 12:50:00+05:30,189.24,189.3,189.02,189.16,185593,0
2026-01-14 12:55:00+05:30,189.16,189.54,189.02,189.45,298415,0
2026-01-14 13:00:00+05:30,189.51,189.56,189.35,189.54,204619,0
2026-01-14 13:05:00+05:30,189.56,189.62,189.15,189.33,265470,0
2026-01-14 13:10:00+05:30,189.33,189.38,189.0,189.08,262324,0
2026-01-14 13:15:00+05:30,189.08,189.25,189.03,189.15,149861,0
2026-01-14 13:20:00+05:30,189.15,189.2,188.73,188.94,377626,0
2026-01-14 13:25:00+05:30,188.9,189.2,188.82,189.09,290742,0
2026-01-14 13:30:00+05:30,189.09,189.2,188.94,189.14,193863,0
2026-01-14 13:35:00+05:30,189.14,189.19,188.82,188.92,243717,0
2026-01-14 13:40:00+05:30,188.92,188.97,188.65,188.7,410614,0
2026-01-14 13:45:00+05:30,188.65,188.98,188.6,188.89,239589,0
2026-01-14 13:50:00+05:30,188.94,189.0,188.41,188.5,512688,0
2026-01-14 13:55:00+05:30,188.5,188.75,188.41,188.74,263557,0
2026-01-14 14:00:00+05:30,188.74,188.85,188.5,188.52,252862,0
2026-01-14 14:05:00+05:30,188.58,188.84,188.52,188.73,244410,0
2026-01-14 14:10:00+05:30,188.72,189.0,188.68,188.99,368990,0
2026-01-14 14:15:00+05:30,188.92,188.99,188.65,188.71,206340,0
2026-01-14 14:20:00+05:30,188.71,188.99,188.5,188.74,486266,0
2026-01-14 14:25:00+05:30,188.72,188.85,188.63,188.75,304305,0
2026-01-14 14:30:00+05:30,188.75,188.96,188.68,188.95,282020,0
2026-01-14 14:35:00+05:30,188.96,189.56,188.7,189.49,807570,0
2026-01-14 14:40:00+05:30,189.49,189.54,189.25,189.46,518181,0
2026-01-14 14:45:00+05:30,189.46,189.66,189.45,189.55,587421,0
2026-01-14 14:50:00+05:30,189.55,189.63,189.4,189.53,386295,0
2026-01-14 14:55:00+05:30,189.59,189.65,189.28,189.4,482383,0
2026-01-14 15:00:00+05:30,189.4,189.43,189.19,189.31,548110,0
2026-01-14 15:05:00+05:30,189.33,189.45,189.15,189.33,813174,0
2026-01-14 15:10:00+05:30,189.33,189.51,189.05,189.33,1488667,0
2026-01-14 15:15:00+05:30,189.33,189.5,189.13,189.24,1323138,0
2026-01-14 15:20:00+05:30,189.24,189.25,188.94,189.19,1298521,0
2026-01-14 15:25:00+05:30,189.19,189.5,189.0,189.35,941129,0
2026-01-16 09:15:00+05:30,190.05,190.2,189.2,189.54,2034397,0
2026-01-16 09:20:00+05:30,189.54,189.55,188.6,188.86,681301,0
2026-01-16 09:25:00+05:30,188.78,189.2,188.55,188.56,554902,0
2026-01-16 09:30:00+05:30,188.65,188.85,188.29,188.8,530849,0
2026-01-16 09:35:00+05:30,188.75,189.25,188.56,188.75,443654,0
2026-01-16 09:40:00+05:30,188.8,189.34,188.75,189.12,392837,0
2026-01-16 09:45:00+05:30,189.13,189.7,189.13,189.53,517009,0
2026-01-16 09:50:00+05:30,189.53,189.6,189.24,189.4,239619,0
2026-01-16 09:55:00+05:30,189.4,189.55,189.17,189.29,249950,0
2026-01-16 10:00:00+05:30,189.29,190.3,189.24,190.25,673630,0
2026-01-16 10:05:00+05:30,190.27,190.4,190.13,190.27,492192,0
2026-01-16 10:10:00+05:30,190.27,190.38,189.7,190.0,524021,0
2026-01-16 10:15:00+05:30,190.03,190.3,189.98,190.28,320934,0
2026-01-16 10:20:00+05:30,190.27,191.0,190.2,190.61,817338,0
2026-01-16 10:25:00+05:30,190.61,190.68,190.22,190.26,284749,0
2026-01-16 10:30:00+05:30,190.29,190.35,190.0,190.04,283817,0
2026-01-16 10:35:00+05:30,190.04,190.2,189.4,189.45,302583,0
2026-01-16 10:40:00+05:30,189.4,189.55,189.02,189.34,399994,0
2026-01-16 10:45:00+05:30,189.4,190.0,189.36,189.65,430386,0
2026-01-16 10:50:00+05:30,189.66,189.69,189.32,189.36,178414,0
2026-01-16 10:55:00+05:30,189.36,189.62,189.3,189.6,89315,0
2026-01-16 11:00:00+05:30,189.6,189.81,189.5,189.65,155811,0
2026-01-16 11:05:00+05:30,189.65,189.96,189.55,189.74,150742,0
2026-01-16 11:10:00+05:30,189.7,189.81,189.4,189.58,117957,0
2026-01-16 11:15:00+05:30,189.55,189.97,189.52,189.95,147636,0
2026-01-16 11:20:00+05:30,189.92,189.94,189.7,189.72,141926,0
2026-01-16 11:25:00+05:30,189.8,190.11,189.73,189.9,151915,0
2026-01-16 11:30:00+05:30,189.9,190.0,189.51,189.61,181898,0
2026-01-16 11:35:00+05:30,189.65,190.15,189.5,190.12,310373,0
2026-01-16 11:40:00+05:30,190.1,190.33,190.01,190.08,579458,0
2026-01-16 11:45:00+05:30,190.09,190.15,189.91,190.13,132053,0
2026-01-16 11:50:00+05:30,190.11,190.17,189.88,190.01,149834,0
2026-01-16 11:55:00+05:30,190.01,190.22,189.95,189.99,96862,0
2026-01-16 12:00:00+05:30,189.96,190.17,189.76,189.99,152976,0
2026-01-16 12:05:00+05:30,190.0,190.01,189.54,189.85,496286,0
2026-01-16 12:10:00+05:30,189.84,189.87,189.26,189.5,498716,0
2026-01-16 12:15:00+05:30,189.5,189.67,189.48,189.62,118612,0
2026-01-16 12:20:00+05:30,189.62,189.62,189.31,189.46,117167,0
2026-01-16 12:25:00+05:30,189.46,189.54,189.0,189.08,207710,0
2026-01-16 12:30:00+05:30,189.03,189.5,189.0,189.5,212214,0
2026-01-16 12:35:00+05:30,189.5,189.56,189.31,189.56,137141,0
2026-01-16 12:40:00+05:30,189.55,189.74,189.43,189.46,93846,0
2026-01-16 12:45:00+05:30,189.5,189.54,189.37,189.45,65746,0
2026-01-16 12:50:00+05:30,189.45,189.65,189.3,189.61,176569,0
2026-01-16 12:55:00+05:30,189.61,189.63,189.35,189.4,83520,0
2026-01-16 13:00:00+05:30,189.43,189.46,189.0,189.0,383787,0
2026-01-16 13:05:00+05:30,189.08,189.15,189.0,189.03,138301,0
2026-01-16 13:10:00+05:30,189.05,189.05,188.55,188.67,329453,0
2026-01-16 13:15:00+05:30,188.7,188.82,188.5,188.6,174028,0
2026-01-16 13:20:00+05:30,188.67,188.75,188.5,188.65,86339,0
2026-01-16 13:25:00+05:30,188.66,188.66,188.35,188.63,210034,0
2026-01-16 13:30:00+05:30,188.64,188.8,188.3,188.61,281472,0
2026-01-16 13:35:00+05:30,188.64,188.69,188.32,188.46,151162,0
2026-01-16 13:40:00+05:30,188.47,188.5,187.75,187.81,616079,0
2026-01-16 13:45:00+05:30,187.84,188.12,187.69,187.9,253235,0
2026-01-16 13:50:00+05:30,187.95,188.1,187.51,187.72,204730,0
2026-01-16 13:55:00+05:30,187.72,187.97,187.68,187.91,104184,0
2026-01-16 14:00:00+05:30,187.9,187.91,187.66,187.77,139207,0
2026-01-16 14:05:00+05:30,187.8,188.1,187.64,187.88,222731,0
2026-01-16 14:10:00+05:30,187.88,188.2,187.71,187.8,162187,0
2026-01-16 14:15:00+05:30,187.8,188.09,187.57,188.09,357599,0
2026-01-16 14:20:00+05:30,188.09,188.19,187.63,187.75,501886,0
2026-01-16 14:25:00+05:30,187.75,187.88,187.38,187.6,436156,0
2026-01-16 14:30:00+05:30,187.57,187.74,187.45,187.6,199365,0
2026-01-16 14:35:00+05:30,187.6,187.88,187.31,187.82,708717,0
2026-01-16 14:40:00+05:30,187.82,188.12,187.75,187.85,202995,0
2026-01-16 14:45:00+05:30,187.89,188.0,187.64,187.94,179403,0
2026-01-16 14:50:00+05:30,187.9,188.06,187.54,188.06,158008,0
2026-01-16 14:55:00+05:30,188.05,188.39,187.99,188.28,538769,0
2026-01-16 15:00:00+05:30,188.27,188.27,187.9,188.06,502754,0
2026-01-16 15:05:00+05:30,188.07,188.26,187.94,188.02,545031,0
2026-01-16 15:10:00+05:30,188.02,188.7,187.97,188.3,1089564,0
2026-01-16 15:15:00+05:30,188.3,188.44,188.04,188.2,808492,0
2026-01-16 15:20:00+05:30,188.25,188.34,188.01,188.18,595586,0
2026-01-16 15:25:00+05:30,188.18,188.53,188.0,188.0,624756,0
2026-01-19 09:15:00+05:30,187.1,187.9,186.8,187.79,788420,0
2026-01-19 09:20:00+05:30,187.8,188.33,187.55,187.79,717883,0
2026-01-19 09:25:00+05:30,187.81,187.92,187.0,187.15,494190,0
2026-01-19 09:30:00+05:30,187.15,187.8,186.95,187.8,331358,0
2026-01-19 09:35:00+05:30,187.8,188.29,187.61,187.71,323357,0
2026-01-19 09:40:00+05:30,187.7,188.06,187.6,188.01,183818,0
2026-01-19 09:45:00+05:30,188.01,188.04,187.6,187.83,157778,0
2026-01-19 09:50:00+05:30,187.78,188.8,187.78,188.6,442929,0
2026-01-19 09:55:00+05:30,188.66,188.75,187.6,187.67,415607,0
2026-01-19 10:00:00+05:30,187.74,187.75,187.3,187.36,346321,0
2026-01-19 10:05:00+05:30,187.4,187.84,187.22,187.7,198658,0
2026-01-19 10:10:00+05:30,187.7,187.77,187.4,187.55,128969,0
2026-01-19 10:15:00+05:30,187.53,188.12,187.43,187.97,172242,0
2026-01-19 10:20:00+05:30,187.97,188.15,187.65,187.77,148899,0
2026-01-19 10:25:00+05:30,187.8,187.91,187.45,187.7,166453,0
2026-01-19 10:30:00+05:30,187.7,187.95,187.61,187.87,86269,0
2026-01-19 10:35:00+05:30,187.87,187.98,187.68,187.82,150145,0
2026-01-19 10:40:00+05:30,187.83,188.2,187.75,187.94,225846,0
2026-01-19 10:45:00+05:30,187.94,188.0,187.72,187.83,100718,0
2026-01-19 10:50:00+05:30,187.83,188.24,187.72,188.17,122072,0
2026-01-19 10:55:00+05:30,188.18,188.53,188.11,188.24,339269,0
2026-01-19 11:00:00+05:30,188.25,188.93,188.08,188.81,578153,0
2026-01-19 11:05:00+05:30,188.77,189.2,188.71,188.82,573410,0
2026-01-19 11:10:00+05:30,188.84,188.98,188.23,188.52,278532,0
2026-01-19 11:15:00+05:30,188.55,188.6,188.25,188.54,302116,0
2026-01-19 11:20:00+05:30,188.54,188.9,188.4,188.65,784521,0
2026-01-19 11:25:00+05:30,188.65,188.79,188.55,188.77,162267,0
2026-01-19 11:30:00+05:30,188.72,188.77,188.52,188.71,100939,0
2026-01-19 11:35:00+05:30,188.68,189.3,188.68,189.29,388085,0
2026-01-19 11:40:00+05:30,189.29,189.44,188.73,188.8,201401,0
2026-01-19 11:45:00+05:30,188.83,188.83,188.37,188.62,194392,0
2026-01-19 11:50:00+05:30,188.62,188.8,188.39,188.65,107970,0
2026-01-19 11:55:00+05:30,188.65,188.65,188.32,188.49,96188,0
2026-01-19 12:00:00+05:30,188.46,188.49,188.24,188.26,108485,0
2026-01-19 12:05:00+05:30,188.26,188.5,188.21,188.32,165616,0
2026-01-19 12:10:00+05:30,188.31,188.6,188.26,188.54,199484,0
2026-01-19 12:15:00+05:30,188.55,188.75,188.51,188.65,144942,0
2026-01-19 12:20:00+05:30,188.65,188.69,188.21,188.25,154415,0
2026-01-19 12:25:00+05:30,188.23,188.28,187.92,188.11,266210,0
2026-01-19 12:30:00+05:30,188.11,188.2,188.0,188.07,121408,0
2026-01-19 12:35:00+05:30,188.04,188.17,187.81,188.01,412155,0
2026-01-19 12:40:00+05:30,188.01,188.14,188.0,188.0,107193,0
2026-01-19 12:45:00+05:30,188.04,188.19,187.62,187.77,223018,0
2026-01-19 12:50:00+05:30,187.74,188.0,187.68,187.95,130549,0
2026-01-19 12:55:00+05:30,187.94,188.14,187.93,188.06,112857,0
2026-01-19 13:00:00+05:30,188.05,188.19,187.95,188.19,126814,0
2026-01-19 13:05:00+05:30,188.19,188.37,188.11,188.3,245903,0
2026-01-19 13:10:00+05:30,188.3,188.3,188.0,188.1,161267,0
2026-01-19 13:15:00+05:30,188.14,188.24,188.05,188.22,117765,0
2026-01-19 13:20:00+05:30,188.22,188.3,187.78,187.97,362706,0
2026-01-19 13:25:00+05:30,187.97,187.97,187.52,187.68,195620,0
2026-01-19 13:30:00+05:30,187.7,187.94,187.63,187.86,321021,0
2026-01-19 13:35:00+05:30,187.87,187.98,187.81,187.89,139581,0
2026-01-19 13:40:00+05:30,187.89,188.05,187.7,188.0,228660,0
2026-01-19 13:45:00+05:30,188.0,188.29,187.85,188.25,391904,0
2026-01-19 13:50:00+05:30,188.24,188.49,188.01,188.42,505211,0
2026-01-19 13:55:00+05:30,188.44,188.57,188.3,188.44,219370,0
2026-01-19 14:00:00+05:30,188.43,188.69,188.4,188.69,231653,0
2026-01-19 14:05:00+05:30,188.69,188.9,188.65,188.87,174466,0
2026-01-19 14:10:00+05:30,188.87,188.93,188.54,188.56,181131,0
2026-01-19 14:15:00+05:30,188.56,188.6,188.16,188.3,311814,0
2026-01-19 14:20:00+05:30,188.37,188.49,188.11,188.19,119578,0
2026-01-19 14:25:00+05:30,188.19,188.37,187.92,188.11,384509,0
2026-01-19 14:30:00+05:30,188.11,188.23,187.94,188.04,158530,0
2026-01-19 14:35:00+05:30,188.04,188.75,188.03,188.55,300027,0
2026-01-19 14:40:00+05:30,188.55,188.69,188.41,188.67,91448,0
2026-01-19 14:45:00+05:30,188.67,189.28,188.53,189.02,459063,0
2026-01-19 14:50:00+05:30,189.04,189.06,188.8,188.99,196108,0
2026-01-19 14:55:00+05:30,188.99,189.09,188.75,188.99,255857,0
2026-01-19 15:00:00+05:30,188.99,189.09,188.46,188.53,341309,0
2026-01-19 15:05:00+05:30,188.52,188.66,188.42,188.51,278261,0
2026-01-19 15:10:00+05:30,188.48,188.48,188.11,188.23,227757,0
2026-01-19 15:15:00+05:30,188.22,188.28,187.86,188.0,362309,0
2026-01-19 15:20:00+05:30,188.0,188.17,187.82,188.08,393309,0
2026-01-19 15:25:00+05:30,188.07,188.14,187.9,188.0,262980,0
2026-01-20 09:15:00+05:30,188.27,189.98,188.18,189.76,1045118,0
2026-01-20 09:20:00+05:30,189.81,190.0,188.9,189.0,698243,0
2026-01-20 09:25:00+05:30,189.0,189.2,188.31,188.4,572872,0
2026-01-20 09:30:00+05:30,188.34,188.7,187.72,187.81,641788,0
2026-01-20 09:35:00+05:30,187.72,187.86,187.01,187.06,581711,0
2026-01-20 09:40:00+05:30,187.02,187.33,186.57,186.59,790504,0
2026-01-20 09:45:00+05:30,186.65,187.18,186.24,186.93,575592,0
2026-01-20 09:50:00+05:30,186.97,187.39,186.3,186.41,389464,0
2026-01-20 09:55:00+05:30,186.4,186.93,185.88,185.95,733121,0
2026-01-20 10:00:00+05:30,185.95,186.49,185.87,186.47,290782,0
2026-01-20 10:05:00+05:30,186.46,186.65,186.1,186.18,297264,0
2026-01-20 10:10:00+05:30,186.18,186.54,186.12,186.14,312919,0
2026-01-20 10:15:00+05:30,186.13,186.57,185.9,186.01,288064,0
2026-01-20 10:20:00+05:30,186.0,186.2,185.52,185.76,288619,0
2026-01-20 10:25:00+05:30,185.76,186.21,185.6,185.75,186762,0
2026-01-20 10:30:00+05:30,185.74,186.0,185.3,185.4,464145,0
2026-01-20 10:35:00+05:30,185.4,185.9,185.34,185.82,186358,0
2026-01-20 10:40:00+05:30,185.89,186.29,185.75,185.95,188126,0
2026-01-20 10:45:00+05:30,186.0,186.22,185.53,185.63,122116,0
2026-01-20 10:50:00+05:30,185.59,185.75,185.25,185.28,156465,0
2026-01-20 10:55:00+05:30,185.25,185.8,185.2,185.42,172276,0
2026-01-20 11:00:00+05:30,185.42,185.74,185.24,185.43,187016,0
2026-01-20 11:05:00+05:30,185.4,185.56,185.25,185.35,116171,0
2026-01-20 11:10:00+05:30,185.35,185.66,185.32,185.5,95351,0
2026-01-20 11:15:00+05:30,185.54,186.13,185.32,185.68,190777,0
2026-01-20 11:20:00+05:30,185.68,185.99,185.65,185.98,85260,0
2026-01-20 11:25:00+05:30,185.96,186.2,185.89,186.14,136668,0
2026-01-20 11:30:00+05:30,186.14,186.4,186.1,186.32,140167,0
2026-01-20 11:35:00+05:30,186.32,186.34,185.97,186.19,106828,0
2026-01-20 11:40:00+05:30,186.17,186.3,186.05,186.06,97018,0
2026-01-20 11:45:00+05:30,186.06,186.09,185.6,185.76,155199,0
2026-01-20 11:50:00+05:30,185.8,186.0,185.66,185.94,96723,0
2026-01-20 11:55:00+05:30,185.93,185.97,185.69,185.9,69067,0
2026-01-20 12:00:00+05:30,185.9,185.98,185.52,185.62,95819,0
2026-01-20 12:05:00+05:30,185.62,185.66,184.81,184.9,376992,0
2026-01-20 12:10:00+05:30,184.9,185.4,184.84,185.27,197387,0
2026-01-20 12:15:00+05:30,185.34,185.4,185.02,185.09,113368,0
2026-01-20 12:20:00+05:30,185.15,185.45,185.07,185.38,106769,0
2026-01-20 12:25:00+05:30,185.41,185.56,185.25,185.45,94443,0
2026-01-20 12:30:00+05:30,185.46,185.53,185.27,185.32,97922,0
2026-01-20 12:35:00+05:30,185.32,185.43,185.02,185.39,216584,0
2026-01-20 12:40:00+05:30,185.39,185.6,185.21,185.42,390261,0
2026-01-20 12:45:00+05:30,185.43,185.43,185.0,185.05,333050,0
2026-01-20 12:50:00+05:30,185.05,185.77,185.01,185.72,192810,0
2026-01-20 12:55:00+05:30,185.72,185.94,185.62,185.71,79292,0
2026-01-20 13:00:00+05:30,185.73,185.74,185.4,185.47,69479,0
2026-01-20 13:05:00+05:30,185.49,185.55,185.31,185.47,48203,0
2026-01-20 13:10:00+05:30,185.47,185.49,185.25,185.25,46577,0
2026-01-20 13:15:00+05:30,185.27,185.55,185.2,185.44,89577,0
2026-01-20 13:20:00+05:30,185.51,185.94,185.49,185.76,90247,0
2026-01-20 13:25:00+05:30,185.76,185.95,185.68,185.76,96635,0
2026-01-20 13:30:00+05:30,185.76,185.86,185.31,185.32,83048,0
2026-01-20 13:35:00+05:30,185.31,185.32,185.0,185.09,127369,0
2026-01-20 13:40:00+05:30,185.04,185.09,184.5,184.68,237718,0
2026-01-20 13:45:00+05:30,184.61,184.82,184.51,184.56,113004,0
2026-01-20 13:50:00+05:30,184.6,184.7,184.4,184.49,142034,0
2026-01-20 13:55:00+05:30,184.49,184.59,184.4,184.49,97582,0
2026-01-20 14:00:00+05:30,184.5,184.8,184.11,184.75,235021,0
2026-01-20 14:05:00+05:30,184.7,184.72,184.1,184.18,131642,0
2026-01-20 14:10:00+05:30,184.18,184.43,184.05,184.38,288315,0
2026-01-20 14:15:00+05:30,184.38,184.69,184.22,184.26,290514,0
2026-01-20 14:20:00+05:30,184.26,184.5,184.04,184.43,139267,0
2026-01-20 14:25:00+05:30,184.43,184.95,184.39,184.95,177669,0
2026-01-20 14:30:00+05:30,184.93,184.99,184.68,184.87,132148,0
2026-01-20 14:35:00+05:30,184.87,185.17,184.81,185.04,320890,0
2026-01-20 14:40:00+05:30,185.04,185.4,185.0,185.4,388387,0
2026-01-20 14:45:00+05:30,185.4,185.49,185.19,185.33,183041,0
2026-01-20 14:50:00+05:30,185.33,185.4,184.89,185.1,228519,0
2026-01-20 14:55:00+05:30,185.1,185.17,184.55,184.58,178465,0
2026-01-20 15:00:00+05:30,184.58,184.58,183.81,183.82,557219,0
2026-01-20 15:05:00+05:30,183.85,183.91,183.6,183.72,502753,0
2026-01-20 15:10:00+05:30,183.72,183.75,183.29,183.4,480717,0
2026-01-20 15:15:00+05:30,183.34,183.43,183.03,183.26,571951,0
2026-01-20 15:20:00+05:30,183.26,183.5,183.05,183.42,619086,0
2026-01-20 15:25:00+05:30,183.45,184.0,183.1,183.68,669973,0
2026-01-21 09:15:00+05:30,183.56,185.33,183.5,184.88,1366165,0
2026-01-21 09:20:00+05:30,184.8,184.9,183.73,184.86,865408,0
2026-01-21 09:25:00+05:30,184.86,185.47,184.76,184.91,556118,0
2026-01-21 09:30:00+05:30,184.9,185.25,184.66,185.17,567739,0
2026-01-21 09:35:00+05:30,185.2,185.44,184.78,185.15,298176,0
2026-01-21 09:40:00+05:30,185.17,185.55,184.32,184.62,621769,0
2026-01-21 09:45:00+05:30,184.61,185.18,184.31,184.83,398925,0
2026-01-21 09:50:00+05:30,184.83,185.33,184.6,185.06,280381,0
2026-01-21 09:55:00+05:30,185.0,185.49,184.84,184.99,249063,0
2026-01-21 10:00:00+05:30,184.91,185.71,184.91,185.49,445550,0
2026-01-21 10:05:00+05:30,185.5,185.67,184.7,185.0,457849,0
2026-01-21 10:10:00+05:30,184.97,185.27,184.21,184.75,474746,0
2026-01-21 10:15:00+05:30,184.75,184.9,184.21,184.44,241032,0
2026-01-21 10:20:00+05:30,184.44,184.72,183.77,184.01,608467,0
2026-01-21 10:25:00+05:30,184.02,184.1,182.91,183.04,3977589,0
2026-01-21 10:30:00+05:30,183.1,183.34,182.86,183.0,343056,0
2026-01-21 10:35:00+05:30,183.0,183.24,182.7,182.73,469184,0
2026-01-21 10:40:00+05:30,182.73,182.86,182.11,182.19,476154,0
2026-01-21 10:45:00+05:30,182.2,182.37,181.86,181.94,468816,0
2026-01-21 10:50:00+05:30,181.94,181.95,181.5,181.6,435705,0
2026-01-21 10:55:00+05:30,181.63,182.18,180.88,182.04,937011,0
2026-01-21 11:00:00+05:30,182.1,182.69,181.93,182.57,565739,0
2026-01-21 11:05:00+05:30,182.54,182.66,182.2,182.38,520746,0
2026-01-21 11:10:00+05:30,182.39,182.75,182.2,182.5,324217,0
2026-01-21 11:15:00+05:30,182.44,183.0,182.22,183.0,2383487,0
2026-01-21 11:20:00+05:30,183.0,183.0,182.2,182.23,903077,0
2026-01-21 11:25:00+05:30,182.23,182.31,181.76,181.94,653707,0
2026-01-21 11:30:00+05:30,181.9,181.95,181.43,181.44,368098,0
2026-01-21 11:35:00+05:30,181.44,181.85,181.44,181.68,202940,0
2026-01-21 11:40:00+05:30,181.68,181.78,181.44,181.7,245422,0
2026-01-21 11:45:00+05:30,181.7,181.91,181.56,181.63,140327,0
2026-01-21 11:50:00+05:30,181.63,181.98,181.58,181.79,387112,0
2026-01-21 11:55:00+05:30,181.8,182.22,181.76,181.93,178505,0
2026-01-21 12:00:00+05:30,181.92,182.78,181.81,182.7,282934,0
2026-01-21 12:05:00+05:30,182.71,182.78,182.4,182.6,464177,0
2026-01-21 12:10:00+05:30,182.6,183.11,182.5,183.0,296332,0
2026-01-21 12:15:00+05:30,182.94,183.21,182.51,182.99,560867,0
2026-01-21 12:20:00+05:30,183.02,183.49,182.91,183.32,466284,0
2026-01-21 12:25:00+05:30,183.32,183.41,182.74,182.85,302928,0
2026-01-21 12:30:00+05:30,182.9,183.42,182.85,183.11,305120,0
2026-01-21 12:35:00+05:30,183.22,183.78,183.15,183.72,377915,0
2026-01-21 12:40:00+05:30,183.71,183.85,183.5,183.6,343523,0
2026-01-21 12:45:00+05:30,183.63,184.0,183.6,183.97,290757,0
2026-01-21 12:50:00+05:30,183.96,184.14,183.74,184.01,344722,0
2026-01-21 12:55:00+05:30,184.04,184.08,183.81,184.07,235199,0
2026-01-21 13:00:00+05:30,184.07,184.18,183.91,184.06,253878,0
2026-01-21 13:05:00+05:30,184.06,184.29,183.65,183.67,327156,0
2026-01-21 13:10:00+05:30,183.67,183.8,183.25,183.51,261763,0
2026-01-21 13:15:00+05:30,183.55,183.56,183.22,183.44,231632,0
2026-01-21 13:20:00+05:30,183.44,183.6,183.01,183.38,599978,0
2026-01-21 13:25:00+05:30,183.4,183.42,183.05,183.29,330321,0
2026-01-21 13:30:00+05:30,183.29,183.58,183.0,183.24,361597,0
2026-01-21 13:35:00+05:30,183.28,183.72,183.08,183.36,163353,0
2026-01-21 13:40:00+05:30,183.35,183.54,183.1,183.51,167865,0
2026-01-21 13:45:00+05:30,183.51,183.7,183.47,183.64,119661,0
2026-01-21 13:50:00+05:30,183.65,183.65,183.34,183.43,133567,0
2026-01-21 13:55:00+05:30,183.41,183.43,183.05,183.12,152850,0
2026-01-21 14:00:00+05:30,183.13,183.15,182.68,182.84,321418,0
2026-01-21 14:05:00+05:30,182.84,182.9,182.65,182.69,121618,0
2026-01-21 14:10:00+05:30,182.7,182.8,182.53,182.53,92313,0
2026-01-21 14:15:00+05:30,182.55,183.3,182.51,183.02,171663,0
2026-01-21 14:20:00+05:30,183.02,183.11,182.65,182.85,108075,0
2026-01-21 14:25:00+05:30,182.85,182.89,182.58,182.69,101078,0
2026-01-21 14:30:00+05:30,182.69,183.16,182.64,183.03,162192,0
2026-01-21 14:35:00+05:30,183.04,183.24,182.69,183.2,304972,0
2026-01-21 14:40:00+05:30,183.22,183.75,183.2,183.6,368411,0
2026-01-21 14:45:00+05:30,183.6,184.18,183.56,184.06,306119,0
2026-01-21 14:50:00+05:30,184.08,184.3,184.0,184.24,414309,0
2026-01-21 14:55:00+05:30,184.24,184.47,184.2,184.37,267057,0
2026-01-21 15:00:00+05:30,184.42,184.64,184.17,184.57,684170,0
2026-01-21 15:05:00+05:30,184.58,184.61,184.2,184.21,513427,0
2026-01-21 15:10:00+05:30,184.21,184.35,184.07,184.3,526115,0
2026-01-21 15:15:00+05:30,184.3,184.38,184.09,184.21,624449,0
2026-01-21 15:20:00+05:30,184.21,184.8,184.18,184.8,622052,0
2026-01-21 15:25:00+05:30,184.79,184.9,184.5,184.5,537427,0
2026-01-22 09:15:00+05:30,185.89,186.6,185.79,186.26,1321542,0
2026-01-22 09:20:00+05:30,186.29,187.34,186.1,186.75,1149022,0
2026-01-22 09:25:00+05:30,186.75,187.59,186.67,187.5,418497,0
2026-01-22 09:30:00+05:30,187.55,188.65,187.5,188.55,1056768,0
2026-01-22 09:35:00+05:30,188.55,189.7,188.51,189.5,1919032,0
2026-01-22 09:40:00+05:30,189.5,189.87,189.15,189.45,1582879,0
2026-01-22 09:45:00+05:30,189.5,189.8,189.4,189.6,1154433,0
2026-01-22 09:50:00+05:30,189.57,189.74,188.55,188.59,902880,0
2026-01-22 09:55:00+05:30,188.56,188.66,187.6,187.64,629204,0
2026-01-22 10:00:00+05:30,187.68,187.86,186.85,187.73,744824,0
2026-01-22 10:05:00+05:30,187.63,188.0,187.46,187.71,620954,0
2026-01-22 10:10:00+05:30,187.67,188.37,187.52,187.97,491548,0
2026-01-22 10:15:00+05:30,187.98,188.3,187.9,188.1,336728,0
2026-01-22 10:20:00+05:30,188.1,188.15,187.7,188.1,428140,0
2026-01-22 10:25:00+05:30,188.1,188.12,187.21,187.79,769901,0
2026-01-22 10:30:00+05:30,187.79,188.04,187.25,187.98,582098,0
2026-01-22 10:35:00+05:30,187.98,188.69,187.97,188.32,466923,0
2026-01-22 10:40:00+05:30,188.32,188.75,188.1,188.74,370024,0
2026-01-22 10:45:00+05:30,188.75,189.0,188.74,188.85,439046,0
2026-01-22 10:50:00+05:30,188.83,188.92,188.2,188.32,432906,0
2026-01-22 10:55:00+05:30,188.33,188.34,187.75,187.88,357606,0
2026-01-22 11:00:00+05:30,187.88,188.49,187.8,188.36,374196,0
2026-01-22 11:05:00+05:30,188.35,188.55,188.05,188.53,366028,0
2026-01-22 11:10:00+05:30,188.55,188.66,188.19,188.6,702373,0
2026-01-22 11:15:00+05:30,188.6,188.8,188.25,188.54,642864,0
2026-01-22 11:20:00+05:30,188.54,189.1,188.44,188.91,888577,0
2026-01-22 11:25:00+05:30,188.9,189.05,188.06,188.25,677891,0
2026-01-22 11:30:00+05:30,188.26,188.4,187.59,187.97,777569,0
2026-01-22 11:35:00+05:30,187.96,188.3,187.74,187.91,180583,0
2026-01-22 11:40:00+05:30,187.96,188.09,187.41,187.81,622581,0
2026-01-22 11:45:00+05:30,187.76,188.3,187.65,188.3,237839,0
2026-01-22 11:50:00+05:30,188.28,188.48,187.85,187.92,200853,0
2026-01-22 11:55:00+05:30,187.88,187.98,187.68,187.77,118219,0
2026-01-22 12:00:00+05:30,187.76,187.9,187.68,187.89,146626,0
2026-01-22 12:05:00+05:30,187.9,188.38,187.89,188.08,201149,0
2026-01-22 12:10:00+05:30,188.08,188.4,187.77,188.37,406866,0
2026-01-22 12:15:00+05:30,188.38,188.4,187.87,188.23,196959,0
2026-01-22 12:20:00+05:30,188.26,188.6,188.15,188.34,240796,0
2026-01-22 12:25:00+05:30,188.34,188.6,187.91,188.56,212564,0
2026-01-22 12:30:00+05:30,188.53,188.7,188.2,188.7,228969,0
2026-01-22 12:35:00+05:30,188.69,188.75,187.99,188.33,372509,0
2026-01-22 12:40:00+05:30,188.33,188.33,187.75,188.22,259098,0
2026-01-22 12:45:00+05:30,188.18,188.25,187.92,188.11,132432,0
2026-01-22 12:50:00+05:30,188.13,188.2,187.94,187.94,113834,0
2026-01-22 12:55:00+05:30,187.93,188.02,187.73,187.86,178633,0
2026-01-22 13:00:00+05:30,187.83,188.0,187.7,187.94,138553,0
2026-01-22 13:05:00+05:30,187.9,187.98,187.65,187.71,155060,0
2026-01-22 13:10:00+05:30,187.7,187.88,187.56,187.65,118479,0
2026-01-22 13:15:00+05:30,187.59,188.0,187.5,187.98,177824,0
2026-01-22 13:20:00+05:30,187.98,188.0,187.8,187.86,125285,0
2026-01-22 13:25:00+05:30,187.85,187.91,187.7,187.81,91095,0
2026-01-22 13:30:00+05:30,187.8,188.18,187.7,188.15,255264,0
2026-01-22 13:35:00+05:30,188.15,188.35,188.0,188.12,163862,0
2026-01-22 13:40:00+05:30,188.1,188.2,188.0,188.19,74964,0
2026-01-22 13:45:00+05:30,188.18,188.34,188.0,188.31,135421,0
2026-01-22 13:50:00+05:30,188.3,188.55,188.24,188.48,237036,0
2026-01-22 13:55:00+05:30,188.52,188.78,188.45,188.58,162568,0
2026-01-22 14:00:00+05:30,188.56,188.7,188.4,188.48,139791,0
2026-01-22 14:05:00+05:30,188.48,188.59,188.4,188.53,138530,0
2026-01-22 14:10:00+05:30,188.52,188.57,188.05,188.22,220986,0
2026-01-22 14:15:00+05:30,188.22,188.25,187.81,187.99,402904,0
2026-01-22 14:20:00+05:30,188.0,188.35,187.99,188.35,143627,0
2026-01-22 14:25:00+05:30,188.35,188.5,188.17,188.5,160351,0
2026-01-22 14:30:00+05:30,188.5,188.8,188.44,188.75,317783,0
2026-01-22 14:35:00+05:30,188.73,188.98,188.6,188.75,446855,0
2026-01-22 14:40:00+05:30,188.75,188.98,188.71,188.95,302683,0
2026-01-22 14:45:00+05:30,188.94,189.15,188.88,188.95,734136,0
2026-01-22 14:50:00+05:30,188.95,189.16,188.78,188.96,358938,0
2026-01-22 14:55:00+05:30,188.96,189.0,188.6,188.72,288574,0
2026-01-22 15:00:00+05:30,188.73,188.93,188.2,188.25,759018,0
2026-01-22 15:05:00+05:30,188.26,188.9,188.25,188.75,590525,0
2026-01-22 15:10:00+05:30,188.79,188.98,188.68,188.92,544158,0
2026-01-22 15:15:00+05:30,188.91,189.0,188.77,188.82,776583,0
2026-01-22 15:20:00+05:30,188.84,189.6,188.81,189.32,1479533,0
2026-01-22 15:25:00+05:30,189.4,189.99,189.2,189.4,1379794,0
2026-01-23 09:15:00+05:30,190.5,190.5,188.34,189.2,1023962,0
2026-01-23 09:20:00+05:30,189.18,189.99,189.01,189.81,458600,0
2026-01-23 09:25:00+05:30,189.87,189.92,189.39,189.89,415021,0
2026-01-23 09:30:00+05:30,189.84,189.95,189.05,189.34,253244,0
2026-01-23 09:35:00+05:30,189.27,189.69,189.01,189.48,269763,0
2026-01-23 09:40:00+05:30,189.48,189.65,189.05,189.36,251078,0
2026-01-23 09:45:00+05:30,189.36,189.89,189.2,189.8,366342,0
2026-01-23 09:50:00+05:30,189.8,190.98,189.76,190.88,1181513,0
2026-01-23 09:55:00+05:30,190.88,191.51,190.77,191.12,1404689,0
2026-01-23 10:00:00+05:30,191.13,191.33,190.34,190.66,879692,0
2026-01-23 10:05:00+05:30,190.7,191.13,190.55,190.76,705802,0
2026-01-23 10:10:00+05:30,190.8,192.1,190.72,192.05,1777539,0
2026-01-23 10:15:00+05:30,192.1,192.4,191.6,191.73,1031990,0
2026-01-23 10:20:00+05:30,191.77,191.8,191.41,191.62,351353,0
2026-01-23 10:25:00+05:30,191.58,192.0,191.55,191.91,293280,0
2026-01-23 10:30:00+05:30,191.91,192.1,191.5,191.55,399670,0
2026-01-23 10:35:00+05:30,191.55,191.7,191.35,191.6,240758,0
2026-01-23 10:40:00+05:30,191.6,192.1,191.56,191.93,349917,0
2026-01-23 10:45:00+05:30,191.93,191.98,191.3,191.35,322186,0
2026-01-23 10:50:00+05:30,191.35,191.65,191.3,191.35,371081,0
2026-01-23 10:55:00+05:30,191.34,191.64,191.19,191.38,342698,0
2026-01-23 11:00:00+05:30,191.37,191.59,191.08,191.2,322143,0
2026-01-23 11:05:00+05:30,191.19,191.2,190.6,190.71,749866,0
2026-01-23 11:10:00+05:30,190.66,191.0,190.45,190.79,359311,0
2026-01-23 11:15:00+05:30,190.74,190.83,190.47,190.56,196083,0
2026-01-23 11:20:00+05:30,190.56,190.97,190.44,190.83,315753,0
2026-01-23 11:25:00+05:30,190.8,190.85,190.22,190.4,602139,0
2026-01-23 11:30:00+05:30,190.38,190.4,190.16,190.18,179759,0
2026-01-23 11:35:00+05:30,190.18,190.21,189.5,189.52,600842,0
2026-01-23 11:40:00+05:30,189.6,190.0,189.5,189.8,268691,0
2026-01-23 11:45:00+05:30,189.8,189.8,189.37,189.51,290671,0
2026-01-23 11:50:00+05:30,189.54,189.92,189.3,189.78,206082,0
2026-01-23 11:55:00+05:30,189.79,189.82,189.62,189.69,78640,0
2026-01-23 12:00:00+05:30,189.62,189.99,189.4,189.85,166905,0
2026-01-23 12:05:00+05:30,189.88,189.95,189.61,189.74,87998,0
2026-01-23 12:10:00+05:30,189.74,189.94,189.65,189.79,88045,0
2026-01-23 12:15:00+05:30,189.79,190.21,189.75,190.21,337569,0
2026-01-23 12:20:00+05:30,190.19,190.4,189.88,189.97,172611,0
2026-01-23 12:25:00+05:30,189.95,190.06,189.68,189.77,191623,0
2026-01-23 12:30:00+05:30,189.73,190.03,189.66,189.91,155059,0
2026-01-23 12:35:00+05:30,189.87,190.03,189.75,189.84,169225,0
2026-01-23 12:40:00+05:30,189.8,189.87,189.6,189.75,99936,0
2026-01-23 12:45:00+05:30,189.75,189.94,189.61,189.86,94813,0
2026-01-23 12:50:00+05:30,189.83,189.94,189.63,189.75,84427,0
2026-01-23 12:55:00+05:30,189.75,189.77,189.01,189.22,1188914,0
2026-01-23 13:00:00+05:30,189.2,189.39,188.88,189.28,409136,0
2026-01-23 13:05:00+05:30,189.25,189.41,188.9,188.98,227002,0
2026-01-23 13:10:00+05:30,188.97,189.07,188.81,188.96,176676,0
2026-01-23 13:15:00+05:30,188.91,188.99,188.58,188.67,200738,0
2026-01-23 13:20:00+05:30,188.68,188.75,188.22,188.42,406737,0
2026-01-23 13:25:00+05:30,188.4,188.68,188.34,188.65,156320,0
2026-01-23 13:30:00+05:30,188.65,188.68,188.07,188.17,271771,0
2026-01-23 13:35:00+05:30,188.17,188.35,188.07,188.24,225575,0
2026-01-23 13:40:00+05:30,188.25,188.38,187.91,188.0,490645,0
2026-01-23 13:45:00+05:30,188.0,188.25,187.95,188.09,237782,0
2026-01-23 13:50:00+05:30,188.09,188.35,188.0,188.27,154590,0
2026-01-23 13:55:00+05:30,188.27,188.31,187.81,187.88,156032,0
2026-01-23 14:00:00+05:30,187.83,188.03,187.62,187.95,163054,0
2026-01-23 14:05:00+05:30,187.99,188.07,187.66,187.88,145358,0
2026-01-23 14:10:00+05:30,187.94,187.95,187.72,187.88,113887,0
2026-01-23 14:15:00+05:30,187.9,188.16,187.75,187.84,498684,0
2026-01-23 14:20:00+05:30,187.92,188.0,187.6,187.67,119370,0
2026-01-23 14:25:00+05:30,187.61,188.18,187.6,188.05,168917,0
2026-01-23 14:30:00+05:30,188.01,188.35,187.83,188.27,185755,0
2026-01-23 14:35:00+05:30,188.27,188.39,187.81,188.13,228837,0
2026-01-23 14:40:00+05:30,188.13,188.6,188.0,188.08,257680,0
2026-01-23 14:45:00+05:30,188.06,188.2,187.6,187.65,248105,0
2026-01-23 14:50:00+05:30,187.65,188.0,187.55,187.93,194303,0
2026-01-23 14:55:00+05:30,187.99,188.3,187.92,188.1,245755,0
2026-01-23 15:00:00+05:30,188.1,188.14,187.43,187.81,548070,0
2026-01-23 15:05:00+05:30,187.83,187.87,187.27,187.4,373834,0
2026-01-23 15:10:00+05:30,187.4,187.64,187.38,187.57,434132,0
2026-01-23 15:15:00+05:30,187.55,187.84,187.31,187.59,666808,0
2026-01-23 15:20:00+05:30,187.59,187.75,187.42,187.56,674861,0
2026-01-23 15:25:00+05:30,187.58,187.88,187.37,187.6,408475,0
2026-01-27 09:15:00+05:30,189.67,190.91,188.17,188.26,2107275,0
2026-01-27 09:20:00+05:30,188.22,189.04,187.72,189.04,758251,0
2026-01-27 09:25:00+05:30,189.04,189.26,188.64,189.0,836342,0
2026-01-27 09:30:00+05:30,189.0,189.15,188.46,188.58,334142,0
2026-01-27 09:35:00+05:30,188.58,189.77,188.51,189.57,576648,0
2026-01-27 09:40:00+05:30,189.59,190.29,189.55,190.0,733118,0
2026-01-27 09:45:00+05:30,190.0,190.35,189.84,190.35,603639,0
2026-01-27 09:50:00+05:30,190.32,190.4,189.91,190.04,386045,0
2026-01-27 09:55:00+05:30,190.04,190.1,189.61,189.98,310467,0
2026-01-27 10:00:00+05:30,189.98,190.55,189.95,190.5,738214,0
2026-01-27 10:05:00+05:30,190.52,190.61,190.0,190.5,828032,0
2026-01-27 10:10:00+05:30,190.5,190.55,190.0,190.08,333990,0
2026-01-27 10:15:00+05:30,190.08,190.54,190.03,190.36,304589,0
2026-01-27 10:20:00+05:30,190.42,190.84,190.1,190.63,421597,0
2026-01-27 10:25:00+05:30,190.65,190.87,190.5,190.5,225590,0
2026-01-27 10:30:00+05:30,190.55,190.7,190.21,190.46,146326,0
2026-01-27 10:35:00+05:30,190.44,191.07,190.35,190.35,1261323,0
2026-01-27 10:40:00+05:30,190.38,190.41,189.66,189.79,612815,0
2026-01-27 10:45:00+05:30,189.79,190.07,189.76,190.02,356814,0
2026-01-27 10:50:00+05:30,190.02,190.02,189.56,189.85,330640,0
2026-01-27 10:55:00+05:30,189.86,189.97,189.32,189.34,391610,0
2026-01-27 11:00:00+05:30,189.37,189.84,189.32,189.74,388769,0
2026-01-27 11:05:00+05:30,189.73,189.85,189.46,189.71,250151,0
2026-01-27 11:10:00+05:30,189.71,189.84,189.59,189.79,117994,0
2026-01-27 11:15:00+05:30,189.8,190.2,189.79,190.07,284950,0
2026-01-27 11:20:00+05:30,190.08,190.19,190.0,190.02,264227,0
2026-01-27 11:25:00+05:30,190.01,190.34,189.93,190.34,271751,0
2026-01-27 11:30:00+05:30,190.35,190.99,190.34,190.89,466714,0
2026-01-27 11:35:00+05:30,190.91,191.2,190.89,191.14,823765,0
2026-01-27 11:40:00+05:30,191.14,191.6,191.0,191.5,551224,0
2026-01-27 11:45:00+05:30,191.55,191.7,191.22,191.3,538437,0
2026-01-27 11:50:00+05:30,191.22,191.4,191.14,191.21,400216,0
2026-01-27 11:55:00+05:30,191.22,191.5,191.1,191.48,247684,0
2026-01-27 12:00:00+05:30,191.48,191.57,191.24,191.49,372877,0
2026-01-27 12:05:00+05:30,191.49,191.75,191.45,191.69,384164,0
2026-01-27 12:10:00+05:30,191.69,191.75,191.49,191.6,497404,0
2026-01-27 12:15:00+05:30,191.6,191.88,191.35,191.43,483554,0
2026-01-27 12:20:00+05:30,191.43,191.86,191.4,191.81,331270,0
2026-01-27 12:25:00+05:30,191.81,191.82,191.21,191.35,376021,0
2026-01-27 12:30:00+05:30,191.35,191.5,191.0,191.43,793818,0
2026-01-27 12:35:00+05:30,191.48,191.6,190.98,191.57,715035,0
2026-01-27 12:40:00+05:30,191.59,191.79,191.0,191.19,427929,0
2026-01-27 12:45:00+05:30,191.19,191.45,191.02,191.04,300280,0
2026-01-27 12:50:00+05:30,191.09,191.22,190.82,190.96,746385,0
2026-01-27 12:55:00+05:30,190.99,190.99,190.77,190.77,232182,0
2026-01-27 13:00:00+05:30,190.82,190.87,190.66,190.87,461798,0
2026-01-27 13:05:00+05:30,190.87,191.4,190.81,191.35,470212,0
2026-01-27 13:10:00+05:30,191.35,191.37,191.09,191.22,233552,0
2026-01-27 13:15:00+05:30,191.22,191.47,190.99,191.25,537304,0
2026-01-27 13:20:00+05:30,191.21,191.3,190.99,191.19,368228,0
2026-01-27 13:25:00+05:30,191.19,191.32,190.96,191.07,158368,0
2026-01-27 13:30:00+05:30,191.07,191.35,191.03,191.1,323854,0
2026-01-27 13:35:00+05:30,191.05,191.2,190.22,190.27,420607,0
2026-01-27 13:40:00+05:30,190.27,190.54,190.17,190.21,327864,0
2026-01-27 13:45:00+05:30,190.24,190.49,190.21,190.4,176656,0
2026-01-27 13:50:00+05:30,190.42,190.65,190.35,190.58,117480,0
2026-01-27 13:55:00+05:30,190.58,190.7,190.52,190.58,115109,0
2026-01-27 14:00:00+05:30,190.58,190.68,190.1,190.17,201816,0
2026-01-27 14:05:00+05:30,190.11,190.37,190.0,190.2,373657,0
2026-01-27 14:10:00+05:30,190.23,190.45,190.19,190.27,120515,0
2026-01-27 14:15:00+05:30,190.33,190.48,190.19,190.44,95003,0
2026-01-27 14:20:00+05:30,190.44,190.56,190.28,190.49,162523,0
2026-01-27 14:25:00+05:30,190.49,190.9,190.46,190.8,173705,0
2026-01-27 14:30:00+05:30,190.8,191.05,190.71,190.9,350586,0
2026-01-27 14:35:00+05:30,190.89,191.4,190.85,191.38,400094,0
2026-01-27 14:40:00+05:30,191.38,191.68,191.3,191.54,546105,0
2026-01-27 14:45:00+05:30,191.55,191.6,191.24,191.41,3116860,0
2026-01-27 14:50:00+05:30,191.41,191.6,191.35,191.48,769608,0
2026-01-27 14:55:00+05:30,191.48,191.57,191.25,191.48,615706,0
2026-01-27 15:00:00+05:30,191.48,191.67,191.25,191.55,945620,0
2026-01-27 15:05:00+05:30,191.52,191.69,191.37,191.67,785360,0
2026-01-27 15:10:00+05:30,191.67,192.1,191.55,192.09,1493088,0
2026-01-27 15:15:00+05:30,192.09,192.4,191.86,192.4,1315280,0
2026-01-27 15:20:00+05:30,192.33,192.63,192.29,192.6,1433239,0
2026-01-27 15:25:00+05:30,192.59,193.14,192.58,193.1,2816105,0
2026-01-28 09:15:00+05:30,193.49,193.97,192.1,193.08,3428785,0
2026-01-28 09:20:00+05:30,193.07,193.81,192.87,193.75,1570654,0
2026-01-28 09:25:00+05:30,193.77,194.16,193.34,194.0,1051460,0
2026-01-28 09:30:00+05:30,193.98,194.35,193.41,193.53,1022269,0
2026-01-28 09:35:00+05:30,193.52,193.95,193.3,193.31,569073,0
2026-01-28 09:40:00+05:30,193.31,193.31,192.7,193.0,800941,0
2026-01-28 09:45:00+05:30,193.0,193.3,192.82,193.16,385665,0
2026-01-28 09:50:00+05:30,193.19,193.3,192.92,193.16,464070,0
2026-01-28 09:55:00+05:30,193.16,193.21,192.85,192.93,517169,0
2026-01-28 10:00:00+05:30,192.98,193.15,192.85,193.15,200237,0
2026-01-28 10:05:00+05:30,193.13,193.25,192.61,192.95,479410,0
2026-01-28 10:10:00+05:30,192.97,193.16,192.71,192.93,234631,0
2026-01-28 10:15:00+05:30,192.93,193.6,192.81,193.6,249422,0
2026-01-28 10:20:00+05:30,193.6,194.05,193.46,193.8,714008,0
2026-01-28 10:25:00+05:30,193.81,194.1,193.58,194.03,283897,0
2026-01-28 10:30:00+05:30,194.01,194.25,193.61,193.76,378282,0
2026-01-28 10:35:00+05:30,193.76,194.75,193.67,194.64,796788,0
2026-01-28 10:40:00+05:30,194.63,194.77,194.5,194.63,597366,0
2026-01-28 10:45:00+05:30,194.59,194.65,194.35,194.38,481494,0
2026-01-28 10:50:00+05:30,194.33,194.74,194.14,194.26,411427,0
2026-01-28 10:55:00+05:30,194.31,194.95,194.23,194.67,413094,0
2026-01-28 11:00:00+05:30,194.67,194.9,194.56,194.77,375697,0
2026-01-28 11:05:00+05:30,194.8,194.88,194.6,194.65,301184,0
2026-01-28 11:10:00+05:30,194.68,195.1,194.65,194.87,1026920,0
2026-01-28 11:15:00+05:30,194.87,194.95,194.22,194.45,562372,0
2026-01-28 11:20:00+05:30,194.45,194.49,193.91,194.26,374758,0
2026-01-28 11:25:00+05:30,194.26,194.6,194.07,194.23,462847,0
2026-01-28 11:30:00+05:30,194.25,194.25,193.75,193.86,293379,0
2026-01-28 11:35:00+05:30,193.86,193.95,193.5,193.76,323544,0
2026-01-28 11:40:00+05:30,193.76,194.27,193.52,193.98,603358,0
2026-01-28 11:45:00+05:30,193.98,194.25,193.8,194.0,522987,0
2026-01-28 11:50:00+05:30,194.07,194.41,193.8,194.4,275800,0
2026-01-28 11:55:00+05:30,194.4,194.79,194.13,194.75,364246,0
2026-01-28 12:00:00+05:30,194.75,195.1,194.58,195.03,422096,0
2026-01-28 12:05:00+05:30,195.05,195.2,194.92,195.0,422243,0
2026-01-28 12:10:00+05:30,195.0,195.08,194.8,194.89,216801,0
2026-01-28 12:15:00+05:30,194.88,194.97,194.58,194.67,138539,0
2026-01-28 12:20:00+05:30,194.7,194.76,194.61,194.71,114872,0
2026-01-28 12:25:00+05:30,194.74,194.9,194.37,194.42,410764,0
2026-01-28 12:30:00+05:30,194.47,194.5,194.17,194.45,213028,0
2026-01-28 12:35:00+05:30,194.44,194.88,194.31,194.83,185769,0
2026-01-28 12:40:00+05:30,194.85,194.89,194.6,194.88,118600,0
2026-01-28 12:45:00+05:30,194.89,195.0,194.6,194.6,186464,0
2026-01-28 12:50:00+05:30,194.66,194.78,194.36,194.46,234534,0
2026-01-28 12:55:00+05:30,194.47,194.61,193.94,194.0,348268,0
2026-01-28 13:00:00+05:30,194.0,194.2,193.92,194.07,200646,0
2026-01-28 13:05:00+05:30,194.09,194.35,194.02,194.07,145784,0
2026-01-28 13:10:00+05:30,194.12,194.29,194.05,194.16,185214,0
2026-01-28 13:15:00+05:30,194.16,194.45,194.13,194.2,175990,0
2026-01-28 13:20:00+05:30,194.16,194.28,193.75,193.92,284940,0
2026-01-28 13:25:00+05:30,193.92,193.96,193.27,193.51,580408,0
2026-01-28 13:30:00+05:30,193.49,193.68,193.33,193.36,297357,0
2026-01-28 13:35:00+05:30,193.37,193.52,193.0,193.21,712952,0
2026-01-28 13:40:00+05:30,193.21,193.43,193.08,193.17,235961,0
2026-01-28 13:45:00+05:30,193.18,193.3,193.01,193.03,126740,0
2026-01-28 13:50:00+05:30,193.08,193.95,193.01,193.84,288636,0
2026-01-28 13:55:00+05:30,193.84,193.86,193.56,193.73,107667,0
2026-01-28 14:00:00+05:30,193.73,193.84,193.51,193.65,298146,0
2026-01-28 14:05:00+05:30,193.69,193.73,193.42,193.46,158886,0
2026-01-28 14:10:00+05:30,193.49,193.67,193.27,193.41,76501,0
2026-01-28 14:15:00+05:30,193.44,193.55,192.92,192.99,507123,0
2026-01-28 14:20:00+05:30,192.99,193.0,192.73,192.95,201590,0
2026-01-28 14:25:00+05:30,192.91,193.19,192.81,193.14,440168,0
2026-01-28 14:30:00+05:30,193.15,193.3,192.94,192.96,174633,0
2026-01-28 14:35:00+05:30,192.94,193.2,192.75,193.01,288289,0
2026-01-28 14:40:00+05:30,193.01,193.15,192.99,193.07,88659,0
2026-01-28 14:45:00+05:30,193.05,193.1,192.88,193.0,222524,0
2026-01-28 14:50:00+05:30,193.0,193.39,192.89,193.39,283264,0
2026-01-28 14:55:00+05:30,193.39,193.6,193.31,193.35,245997,0
2026-01-28 15:00:00+05:30,193.39,194.05,193.39,193.84,685173,0
2026-01-28 15:05:00+05:30,193.84,193.87,193.56,193.71,457984,0
2026-01-28 15:10:00+05:30,193.71,194.04,193.6,193.86,659023,0
2026-01-28 15:15:00+05:30,193.86,194.1,193.77,194.08,591272,0
2026-01-28 15:20:00+05:30,194.03,194.08,193.72,193.94,530787,0
2026-01-28 15:25:00+05:30,193.98,194.0,193.59,193.85,500468,0
2026-01-29 09:15:00+05:30,194.45,195.6,194.11,195.15,1539626,0
2026-01-29 09:20:00+05:30,195.15,196.44,195.11,196.1,1090959,0
2026-01-29 09:25:00+05:30,196.19,197.35,196.07,197.13,1879767,0
2026-01-29 09:30:00+05:30,197.18,197.87,197.0,197.48,1376549,0
2026-01-29 09:35:00+05:30,197.47,197.6,196.6,196.82,1887214,0
2026-01-29 09:40:00+05:30,196.83,197.4,196.71,196.97,905555,0
2026-01-29 09:45:00+05:30,196.96,197.64,196.86,197.59,567199,0
2026-01-29 09:50:00+05:30,197.55,198.05,196.86,196.95,1596032,0
2026-01-29 09:55:00+05:30,197.0,197.3,196.8,197.21,534900,0
2026-01-29 10:00:00+05:30,197.25,197.79,197.25,197.45,439603,0
2026-01-29 10:05:00+05:30,197.45,197.55,196.9,197.5,382915,0
2026-01-29 10:10:00+05:30,197.5,197.67,197.2,197.56,258590,0
2026-01-29 10:15:00+05:30,197.51,197.78,197.35,197.47,397013,0
2026-01-29 10:20:00+05:30,197.5,197.58,196.7,197.44,1170176,0
2026-01-29 10:25:00+05:30,197.5,197.58,196.93,197.15,243255,0
2026-01-29 10:30:00+05:30,197.15,197.8,196.98,197.51,700472,0
2026-01-29 10:35:00+05:30,197.45,197.85,197.1,197.1,605711,0
2026-01-29 10:40:00+05:30,197.1,197.55,196.85,197.3,472357,0
2026-01-29 10:45:00+05:30,197.31,197.38,197.0,197.05,220620,0
2026-01-29 10:50:00+05:30,197.12,197.48,197.05,197.29,244650,0
2026-01-29 10:55:00+05:30,197.29,197.29,196.2,196.49,820153,0
2026-01-29 11:00:00+05:30,196.49,197.2,196.26,197.2,349187,0
2026-01-29 11:05:00+05:30,197.2,197.4,196.93,197.32,407090,0
2026-01-29 11:10:00+05:30,197.29,198.17,197.25,198.04,746807,0
2026-01-29 11:15:00+05:30,198.04,198.73,198.02,198.69,1068884,0
2026-01-29 11:20:00+05:30,198.69,198.75,198.2,198.53,745438,0
2026-01-29 11:25:00+05:30,198.51,198.61,198.39,198.46,725636,0
2026-01-29 11:30:00+05:30,198.51,198.6,198.31,198.44,1547064,0
2026-01-29 11:35:00+05:30,198.45,198.58,198.0,198.33,708464,0
2026-01-29 11:40:00+05:30,198.33,198.66,198.11,198.65,440618,0
2026-01-29 11:45:00+05:30,198.65,198.94,198.42,198.7,1309904,0
2026-01-29 11:50:00+05:30,198.71,198.82,198.63,198.76,349323,0
2026-01-29 11:55:00+05:30,198.79,199.14,198.52,198.55,1141771,0
2026-01-29 12:00:00+05:30,198.54,198.81,198.47,198.79,835485,0
2026-01-29 12:05:00+05:30,198.79,198.79,197.99,198.34,1770730,0
2026-01-29 12:10:00+05:30,198.32,198.44,198.06,198.23,332142,0
2026-01-29 12:15:00+05:30,198.22,198.28,197.82,197.96,771055,0
2026-01-29 12:20:00+05:30,197.95,198.12,197.75,197.83,419410,0
2026-01-29 12:25:00+05:30,197.81,197.97,197.59,197.78,502157,0
2026-01-29 12:30:00+05:30,197.81,198.0,197.5,197.74,631511,0
2026-01-29 12:35:00+05:30,197.75,197.97,197.63,197.85,477095,0
2026-01-29 12:40:00+05:30,197.85,198.37,197.83,198.02,925598,0
2026-01-29 12:45:00+05:30,198.03,198.25,198.0,198.08,330615,0
2026-01-29 12:50:00+05:30,198.09,198.4,198.0,198.34,195603,0
2026-01-29 12:55:00+05:30,198.4,198.65,198.33,198.57,453037,0
2026-01-29 13:00:00+05:30,198.56,198.65,198.5,198.6,389509,0
2026-01-29 13:05:00+05:30,198.63,198.65,198.3,198.4,316007,0
2026-01-29 13:10:00+05:30,198.4,198.61,198.4,198.59,212184,0
2026-01-29 13:15:00+05:30,198.59,198.6,198.41,198.42,302865,0
2026-01-29 13:20:00+05:30,198.44,198.5,198.05,198.24,312292,0
2026-01-29 13:25:00+05:30,198.25,198.43,198.23,198.35,194461,0
2026-01-29 13:30:00+05:30,198.37,199.09,198.25,199.0,1905973,0
2026-01-29 13:35:00+05:30,199.01,199.58,199.0,199.48,897957,0
2026-01-29 13:40:00+05:30,199.48,199.95,199.37,199.88,842732,0
2026-01-29 13:45:00+05:30,199.89,200.64,199.87,200.16,1971683,0
2026-01-29 13:50:00+05:30,200.22,200.6,200.08,200.47,583958,0
2026-01-29 13:55:00+05:30,200.47,201.5,200.4,201.41,1348317,0
2026-01-29 14:00:00+05:30,201.4,201.61,200.9,201.0,1102413,0
2026-01-29 14:05:00+05:30,201.01,201.25,200.71,201.09,1077641,0
2026-01-29 14:10:00+05:30,201.09,201.3,200.8,201.21,480770,0
2026-01-29 14:15:00+05:30,201.21,201.6,201.03,201.3,526957,0
2026-01-29 14:20:00+05:30,201.3,201.35,201.0,201.21,386477,0
2026-01-29 14:25:00+05:30,201.21,201.37,201.01,201.35,378651,0
2026-01-29 14:30:00+05:30,201.32,201.45,201.2,201.44,464165,0
2026-01-29 14:35:00+05:30,201.42,201.63,201.0,201.59,1198602,0
2026-01-29 14:40:00+05:30,201.6,201.65,201.06,201.27,851089,0
2026-01-29 14:45:00+05:30,201.27,201.57,201.1,201.42,461615,0
2026-01-29 14:50:00+05:30,201.44,201.53,201.25,201.42,360696,0
2026-01-29 14:55:00+05:30,201.42,201.5,201.25,201.47,712536,0
2026-01-29 15:00:00+05:30,201.48,202.15,201.48,202.05,1564616,0
2026-01-29 15:05:00+05:30,202.01,202.4,201.82,202.4,971790,0
2026-01-29 15:10:00+05:30,202.32,202.58,202.3,202.4,1505696,0
2026-01-29 15:15:00+05:30,202.39,202.57,202.22,202.36,1622323,0
2026-01-29 15:20:00+05:30,202.31,202.74,202.02,202.65,1948579,0
2026-01-29 15:25:00+05:30,202.62,202.99,202.3,202.55,1181556,0
2026-01-30 09:15:00+05:30,198.55,199.0,195.6,195.78,2533573,0
2026-01-30 09:20:00+05:30,195.78,196.4,195.01,195.82,1028364,0
2026-01-30 09:25:00+05:30,195.82,196.09,194.65,194.84,1482340,0
2026-01-30 09:30:00+05:30,194.89,195.4,193.86,195.31,1094503,0
2026-01-30 09:35:00+05:30,195.37,196.25,195.25,195.9,669377,0
2026-01-30 09:40:00+05:30,195.9,196.25,195.6,196.0,472204,0
2026-01-30 09:45:00+05:30,196.0,196.9,195.75,196.39,802302,0
2026-01-30 09:50:00+05:30,196.42,196.6,195.34,195.45,636782,0
2026-01-30 09:55:00+05:30,195.44,195.47,193.93,194.0,1106524,0
2026-01-30 10:00:00+05:30,193.95,194.84,193.91,194.26,691188,0
2026-01-30 10:05:00+05:30,194.21,194.45,194.08,194.37,597985,0
2026-01-30 10:10:00+05:30,194.36,194.48,193.9,194.15,600624,0
2026-01-30 10:15:00+05:30,194.15,194.6,193.62,193.69,739968,0
2026-01-30 10:20:00+05:30,193.69,194.1,193.6,193.73,553104,0
2026-01-30 10:25:00+05:30,193.73,193.8,192.05,192.19,1352696,0
2026-01-30 10:30:00+05:30,192.15,193.09,192.05,192.93,562343,0
2026-01-30 10:35:00+05:30,192.93,192.99,192.59,192.81,354109,0
2026-01-30 10:40:00+05:30,192.81,193.31,192.5,192.77,393031,0
2026-01-30 10:45:00+05:30,192.79,193.64,192.41,193.24,620387,0
2026-01-30 10:50:00+05:30,193.21,193.47,193.0,193.2,270235,0
2026-01-30 10:55:00+05:30,193.23,194.0,193.21,193.64,370140,0
2026-01-30 11:00:00+05:30,193.64,193.9,193.4,193.52,556426,0
2026-01-30 11:05:00+05:30,193.52,193.99,193.5,193.51,656216,0
2026-01-30 11:10:00+05:30,193.59,193.6,192.88,193.12,1180203,0
2026-01-30 11:15:00+05:30,193.17,193.17,192.6,192.86,771520,0
2026-01-30 11:20:00+05:30,192.85,193.3,192.5,193.27,327580,0
2026-01-30 11:25:00+05:30,193.27,193.38,192.5,192.66,402125,0
2026-01-30 11:30:00+05:30,192.64,193.0,192.4,192.5,546856,0
2026-01-30 11:35:00+05:30,192.5,193.0,192.3,192.95,599118,0
2026-01-30 11:40:00+05:30,192.96,192.97,192.6,192.93,152276,0
2026-01-30 11:45:00+05:30,192.92,192.93,192.3,192.47,725776,0
2026-01-30 11:50:00+05:30,192.45,193.18,192.39,192.98,327632,0
2026-01-30 11:55:00+05:30,193.0,193.0,192.2,192.24,409463,0
2026-01-30 12:00:00+05:30,192.24,192.28,191.5,191.52,1463920,0
2026-01-30 12:05:00+05:30,191.52,191.58,191.14,191.54,382371,0
2026-01-30 12:10:00+05:30,191.54,192.12,191.3,192.02,335137,0
2026-01-30 12:15:00+05:30,192.03,192.07,191.27,191.38,365832,0
2026-01-30 12:20:00+05:30,191.41,191.98,191.35,191.9,266662,0
2026-01-30 12:25:00+05:30,191.9,191.95,191.3,191.37,242200,0
2026-01-30 12:30:00+05:30,191.36,191.75,191.1,191.2,346806,0
2026-01-30 12:35:00+05:30,191.2,191.65,191.14,191.65,252290,0
2026-01-30 12:40:00+05:30,191.65,192.0,190.82,190.97,1503125,0
2026-01-30 12:45:00+05:30,190.91,191.57,190.84,191.46,641842,0
2026-01-30 12:50:00+05:30,191.42,191.46,190.96,191.44,282928,0
2026-01-30 12:55:00+05:30,191.44,191.74,191.16,191.65,352165,0
2026-01-30 13:00:00+05:30,191.69,191.73,191.32,191.4,246363,0
2026-01-30 13:05:00+05:30,191.4,191.53,190.9,191.15,478752,0
2026-01-30 13:10:00+05:30,191.13,191.39,190.9,191.14,573623,0
2026-01-30 13:15:00+05:30,191.14,191.5,190.63,191.48,530645,0
2026-01-30 13:20:00+05:30,191.48,192.16,191.4,192.0,514726,0
2026-01-30 13:25:00+05:30,192.0,192.2,191.9,192.16,252987,0
2026-01-30 13:30:00+05:30,192.13,193.1,192.13,192.88,666882,0
2026-01-30 13:35:00+05:30,192.88,192.9,192.4,192.57,304034,0
2026-01-30 13:40:00+05:30,192.57,193.0,192.55,192.9,345670,0
2026-01-30 13:45:00+05:30,192.9,193.4,192.85,192.91,828890,0
2026-01-30 13:50:00+05:30,192.91,193.4,192.87,193.33,228094,0
2026-01-30 13:55:00+05:30,193.27,193.4,193.1,193.4,252988,0
2026-01-30 14:00:00+05:30,193.4,193.45,193.05,193.18,302967,0
2026-01-30 14:05:00+05:30,193.18,193.38,192.81,193.0,319336,0
2026-01-30 14:10:00+05:30,193.03,193.23,192.63,192.77,567317,0
2026-01-30 14:15:00+05:30,192.8,193.39,192.77,193.14,511119,0
2026-01-30 14:20:00+05:30,193.08,193.32,193.03,193.25,215944,0
2026-01-30 14:25:00+05:30,193.25,193.3,192.96,193.05,217617,0
2026-01-30 14:30:00+05:30,193.05,193.3,193.0,193.09,276780,0
2026-01-30 14:35:00+05:30,193.1,193.5,193.09,193.42,613087,0
2026-01-30 14:40:00+05:30,193.42,193.49,192.34,192.56,809664,0
2026-01-30 14:45:00+05:30,192.56,193.09,192.36,193.03,589466,0
2026-01-30 14:50:00+05:30,193.03,193.2,192.93,193.07,690822,0
2026-01-30 14:55:00+05:30,193.07,193.3,192.89,192.92,526332,0
2026-01-30 15:00:00+05:30,192.97,193.44,192.81,193.03,1570005,0
2026-01-30 15:05:00+05:30,193.02,193.5,193.0,193.48,1296316,0
2026-01-30 15:10:00+05:30,193.48,193.83,193.09,193.16,1736353,0
2026-01-30 15:15:00+05:30,193.21,193.54,192.91,192.96,2248543,0
2026-01-30 15:20:00+05:30,192.97,193.51,192.96,192.97,2365248,0
2026-01-30 15:25:00+05:30,192.98,193.0,192.0,192.58,2154206,0
2026-02-01 09:15:00+05:30,188.81,189.93,187.51,188.83,1856269,0
2026-02-01 09:20:00+05:30,188.81,189.06,187.83,188.5,868875,0
2026-02-01 09:25:00+05:30,188.59,190.84,188.5,190.79,881598,0
2026-02-01 09:30:00+05:30,190.72,191.3,190.11,190.94,427418,0
2026-02-01 09:35:00+05:30,190.9,191.08,190.2,190.32,299710,0
2026-02-01 09:40:00+05:30,190.27,190.8,190.15,190.76,211439,0
2026-02-01 09:45:00+05:30,190.76,191.94,190.63,191.66,509717,0
2026-02-01 09:50:00+05:30,191.66,191.69,190.86,191.5,280181,0
2026-02-01 09:55:00+05:30,191.5,191.83,191.2,191.5,176851,0
2026-02-01 10:00:00+05:30,191.47,191.85,191.1,191.65,253736,0
2026-02-01 10:05:00+05:30,191.66,191.96,191.52,191.7,186007,0
2026-02-01 10:10:00+05:30,191.68,191.91,191.35,191.59,157717,0
2026-02-01 10:15:00+05:30,191.58,191.95,191.47,191.75,109913,0
2026-02-01 10:20:00+05:30,191.71,192.09,191.64,191.99,263981,0
2026-02-01 10:25:00+05:30,191.99,192.09,191.76,191.93,104809,0
2026-02-01 10:30:00+05:30,191.88,191.98,191.44,191.8,220920,0
2026-02-01 10:35:00+05:30,191.85,191.99,191.61,191.81,108032,0
2026-02-01 10:40:00+05:30,191.81,192.19,191.51,192.06,401097,0
2026-02-01 10:45:00+05:30,192.06,192.98,192.02,192.53,368259,0
2026-02-01 10:50:00+05:30,192.51,192.61,192.18,192.2,93587,0
2026-02-01 10:55:00+05:30,192.25,192.84,191.61,192.5,791095,0
2026-02-01 11:00:00+05:30,192.5,192.59,191.81,191.95,117209,0
2026-02-01 11:05:00+05:30,191.95,193.11,191.95,192.94,368825,0
2026-02-01 11:10:00+05:30,192.91,193.65,192.77,193.07,473440,0
2026-02-01 11:15:00+05:30,193.14,193.76,193.08,193.37,231258,0
2026-02-01 11:20:00+05:30,193.33,193.42,193.03,193.07,134350,0
2026-02-01 11:25:00+05:30,193.07,193.4,191.45,191.8,578795,0
2026-02-01 11:30:00+05:30,191.81,192.11,191.52,191.62,252104,0
2026-02-01 11:35:00+05:30,191.65,191.7,190.84,190.9,533177,0
2026-02-01 11:40:00+05:30,190.88,190.93,190.35,190.9,184380,0
2026-02-01 11:45:00+05:30,190.88,190.98,190.52,190.53,110326,0
2026-02-01 11:50:00+05:30,190.55,191.14,190.53,190.62,298981,0
2026-02-01 11:55:00+05:30,190.53,190.61,190.0,190.03,324021,0
2026-02-01 12:00:00+05:30,190.02,190.34,189.77,189.79,232405,0
2026-02-01 12:05:00+05:30,189.85,190.49,189.5,190.35,214978,0
2026-02-01 12:10:00+05:30,190.34,190.8,189.5,189.7,247105,0
2026-02-01 12:15:00+05:30,189.74,189.74,188.41,188.49,461767,0
2026-02-01 12:20:00+05:30,188.49,188.87,188.01,188.15,313005,0
2026-02-01 12:25:00+05:30,188.16,188.46,187.5,187.66,454092,0
2026-02-01 12:30:00+05:30,187.58,187.65,184.26,186.29,1696299,0
2026-02-01 12:35:00+05:30,186.39,189.49,186.1,189.37,1043017,0
2026-02-01 12:40:00+05:30,189.37,189.69,188.35,188.8,367392,0
2026-02-01 12:45:00+05:30,188.8,189.56,188.43,188.84,229613,0
2026-02-01 12:50:00+05:30,188.85,188.92,188.14,188.8,128241,0
2026-02-01 12:55:00+05:30,188.75,189.95,188.37,189.69,239344,0
2026-02-01 13:00:00+05:30,189.64,189.7,188.63,189.03,163862,0
2026-02-01 13:05:00+05:30,189.13,189.26,188.54,189.02,218588,0
2026-02-01 13:10:00+05:30,189.01,189.25,188.65,189.22,185511,0
2026-02-01 13:15:00+05:30,189.25,189.26,188.2,188.6,214613,0
2026-02-01 13:20:00+05:30,188.6,189.35,188.56,189.3,127446,0
2026-02-01 13:25:00+05:30,189.21,190.51,189.14,189.82,376068,0
2026-02-01 13:30:00+05:30,189.7,189.88,188.52,188.9,206759,0
2026-02-01 13:35:00+05:30,188.83,189.08,188.51,188.63,85323,0
2026-02-01 13:40:00+05:30,188.6,188.98,188.54,188.9,51584,0
2026-02-01 13:45:00+05:30,188.9,189.05,188.65,188.76,53571,0
2026-02-01 13:50:00+05:30,188.65,188.74,188.2,188.45,131362,0
2026-02-01 13:55:00+05:30,188.44,189.29,188.4,189.04,181386,0
2026-02-01 14:00:00+05:30,189.04,189.25,188.25,188.4,115309,0
2026-02-01 14:05:00+05:30,188.37,188.53,187.71,188.01,500848,0
2026-02-01 14:10:00+05:30,187.95,188.4,187.85,188.34,92224,0
2026-02-01 14:15:00+05:30,188.34,188.66,188.01,188.46,248484,0
2026-02-01 14:20:00+05:30,188.46,188.8,187.25,187.38,232314,0
2026-02-01 14:25:00+05:30,187.4,187.95,187.21,187.84,238708,0
2026-02-01 14:30:00+05:30,187.88,188.46,187.47,188.36,152660,0
2026-02-01 14:35:00+05:30,188.36,188.68,188.2,188.49,168572,0
2026-02-01 14:40:00+05:30,188.49,188.52,187.63,187.69,81310,0
2026-02-01 14:45:00+05:30,187.63,187.63,186.5,186.52,254831,0
2026-02-01 14:50:00+05:30,186.57,186.84,186.4,186.64,155490,0
2026-02-01 14:55:00+05:30,186.6,186.8,186.41,186.65,198667,0
2026-02-01 15:00:00+05:30,186.64,186.64,185.29,185.63,712772,0
2026-02-01 15:05:00+05:30,185.64,185.99,184.8,184.98,745355,0
2026-02-01 15:10:00+05:30,184.95,184.95,184.5,184.73,662634,0
2026-02-01 15:15:00+05:30,184.74,185.58,184.67,185.5,810162,0
2026-02-01 15:20:00+05:30,185.5,186.09,185.38,185.97,541157,0
2026-02-01 15:25:00+05:30,185.89,186.39,185.5,185.9,808093,0
2026-02-02 09:15:00+05:30,185.38,186.39,184.65,185.24,1196411,0
2026-02-02 09:20:00+05:30,185.24,185.74,184.83,185.32,732968,0
2026-02-02 09:25:00+05:30,185.26,185.38,184.54,184.75,576128,0
2026-02-02 09:30:00+05:30,184.8,185.66,184.75,185.23,441018,0
2026-02-02 09:35:00+05:30,185.24,185.45,184.77,185.33,279727,0
2026-02-02 09:40:00+05:30,185.36,185.4,184.8,184.84,203211,0
2026-02-02 09:45:00+05:30,184.8,185.12,184.11,184.22,304622,0
2026-02-02 09:50:00+05:30,184.22,185.4,184.22,185.38,297211,0
2026-02-02 09:55:00+05:30,185.34,185.4,184.75,184.95,246023,0
2026-02-02 10:00:00+05:30,184.95,184.95,184.5,184.6,249899,0
2026-02-02 10:05:00+05:30,184.6,184.94,184.48,184.7,240617,0
2026-02-02 10:10:00+05:30,184.67,185.39,184.58,185.31,276286,0
2026-02-02 10:15:00+05:30,185.22,185.25,184.38,184.5,227146,0
2026-02-02 10:20:00+05:30,184.55,184.83,184.21,184.71,144116,0
2026-02-02 10:25:00+05:30,184.71,184.79,184.36,184.55,117071,0
2026-02-02 10:30:00+05:30,184.6,184.93,184.49,184.56,98246,0
2026-02-02 10:35:00+05:30,184.55,184.78,184.24,184.33,122461,0
2026-02-02 10:40:00+05:30,184.33,184.45,183.78,183.78,285520,0
2026-02-02 10:45:00+05:30,183.82,183.84,183.53,183.61,257116,0
2026-02-02 10:50:00+05:30,183.61,183.96,183.56,183.64,118721,0
2026-02-02 10:55:00+05:30,183.64,183.64,183.04,183.11,207202,0
2026-02-02 11:00:00+05:30,183.11,183.39,183.0,183.08,215226,0
2026-02-02 11:05:00+05:30,183.07,183.1,182.55,182.78,387637,0
2026-02-02 11:10:00+05:30,182.79,183.04,182.61,182.8,273716,0
2026-02-02 11:15:00+05:30,182.75,183.44,182.65,182.97,601081,0
2026-02-02 11:20:00+05:30,182.97,183.33,182.62,182.78,894810,0
2026-02-02 11:25:00+05:30,182.77,183.23,182.64,183.18,470244,0
2026-02-02 11:30:00+05:30,183.19,184.33,183.12,184.19,596447,0
2026-02-02 11:35:00+05:30,184.19,184.49,183.78,184.44,423592,0
2026-02-02 11:40:00+05:30,184.46,184.95,184.2,184.95,435309,0
2026-02-02 11:45:00+05:30,184.95,185.2,183.99,184.15,714576,0
2026-02-02 11:50:00+05:30,184.19,184.25,183.71,184.05,812660,0
2026-02-02 11:55:00+05:30,184.05,184.08,183.4,183.93,411251,0
2026-02-02 12:00:00+05:30,183.93,184.0,183.3,183.62,295432,0
2026-02-02 12:05:00+05:30,183.61,183.93,183.5,183.85,191351,0
2026-02-02 12:10:00+05:30,183.85,184.2,183.5,184.14,90759,0
2026-02-02 12:15:00+05:30,184.05,184.75,184.05,184.44,379376,0
2026-02-02 12:20:00+05:30,184.39,184.72,184.12,184.2,132553,0
2026-02-02 12:25:00+05:30,184.19,184.78,184.14,184.56,112997,0
2026-02-02 12:30:00+05:30,184.57,184.63,184.4,184.49,80898,0
2026-02-02 12:35:00+05:30,184.48,184.58,184.02,184.56,190347,0
2026-02-02 12:40:00+05:30,184.53,185.0,184.53,184.6,175990,0
2026-02-02 12:45:00+05:30,184.63,185.0,184.58,184.97,83890,0
2026-02-02 12:50:00+05:30,184.97,185.0,184.75,184.86,108669,0
2026-02-02 12:55:00+05:30,184.86,185.37,184.83,185.37,125986,0
2026-02-02 13:00:00+05:30,185.37,185.37,184.81,184.96,254597,0
2026-02-02 13:05:00+05:30,184.96,185.2,184.85,184.93,438696,0
2026-02-02 13:10:00+05:30,184.98,185.3,184.85,185.03,540187,0
2026-02-02 13:15:00+05:30,185.0,185.15,184.45,184.64,174160,0
2026-02-02 13:20:00+05:30,184.69,184.69,184.28,184.63,119141,0
2026-02-02 13:25:00+05:30,184.63,185.19,184.45,185.11,87288,0
2026-02-02 13:30:00+05:30,185.09,185.35,184.9,185.3,137432,0
2026-02-02 13:35:00+05:30,185.3,185.9,185.12,185.68,316198,0
2026-02-02 13:40:00+05:30,185.61,186.45,185.61,186.25,699691,0
2026-02-02 13:45:00+05:30,186.25,187.2,186.06,187.17,514952,0
2026-02-02 13:50:00+05:30,187.13,187.3,186.56,187.04,732741,0
2026-02-02 13:55:00+05:30,187.0,187.16,186.62,186.89,330081,0
2026-02-02 14:00:00+05:30,186.9,187.1,186.8,186.99,171706,0
2026-02-02 14:05:00+05:30,186.99,187.23,186.8,186.8,290987,0
2026-02-02 14:10:00+05:30,186.86,187.02,186.53,187.02,340200,0
2026-02-02 14:15:00+05:30,187.02,187.2,186.77,186.84,183095,0
2026-02-02 14:20:00+05:30,186.83,187.11,186.73,186.85,312959,0
2026-02-02 14:25:00+05:30,186.84,187.12,186.7,187.12,108426,0
2026-02-02 14:30:00+05:30,187.06,187.35,187.0,187.12,172704,0
2026-02-02 14:35:00+05:30,187.03,187.18,186.74,186.93,160107,0
2026-02-02 14:40:00+05:30,186.9,187.29,186.85,187.25,153602,0
2026-02-02 14:45:00+05:30,187.25,187.84,187.23,187.71,444133,0
2026-02-02 14:50:00+05:30,187.71,188.0,187.58,187.9,305534,0
2026-02-02 14:55:00+05:30,187.9,188.21,187.7,187.91,323996,0
2026-02-02 15:00:00+05:30,187.9,188.4,187.9,188.31,491618,0
2026-02-02 15:05:00+05:30,188.31,188.66,188.29,188.56,406152,0
2026-02-02 15:10:00+05:30,188.57,188.57,188.15,188.17,438936,0
2026-02-02 15:15:00+05:30,188.15,188.94,188.08,188.78,795960,0
2026-02-02 15:20:00+05:30,188.87,188.99,188.36,188.59,735539,0
2026-02-02 15:25:00+05:30,188.59,189.0,188.55,188.72,587369,0
2026-02-03 09:15:00+05:30,193.58,199.0,192.46,194.33,3109401,0
2026-02-03 09:20:00+05:30,194.33,194.55,192.14,192.25,1297879,0
2026-02-03 09:25:00+05:30,192.28,192.74,191.83,191.95,783823,0
2026-02-03 09:30:00+05:30,192.0,193.19,191.95,192.58,754767,0
2026-02-03 09:35:00+05:30,192.53,193.2,192.22,192.86,993607,0
2026-02-03 09:40:00+05:30,192.91,193.5,192.11,192.36,541214,0
2026-02-03 09:45:00+05:30,192.33,192.65,191.76,192.53,621819,0
2026-02-03 09:50:00+05:30,192.63,193.08,192.08,192.23,380407,0
2026-02-03 09:55:00+05:30,192.21,192.3,191.51,192.0,283680,0
2026-02-03 10:00:00+05:30,192.0,192.5,191.85,191.99,339927,0
2026-02-03 10:05:00+05:30,192.01,192.48,191.66,192.31,299281,0
2026-02-03 10:10:00+05:30,192.31,192.63,192.18,192.6,229521,0
2026-02-03 10:15:00+05:30,192.6,193.5,192.57,193.34,438167,0
2026-02-03 10:20:00+05:30,193.35,193.44,192.75,192.9,299001,0
2026-02-03 10:25:00+05:30,192.9,193.29,192.86,193.11,204091,0
2026-02-03 10:30:00+05:30,193.14,193.29,192.8,193.17,152188,0
2026-02-03 10:35:00+05:30,193.17,193.23,192.95,192.99,112175,0
2026-02-03 10:40:00+05:30,192.98,193.1,192.61,192.7,146347,0
2026-02-03 10:45:00+05:30,192.62,192.9,192.14,192.45,214375,0
2026-02-03 10:50:00+05:30,192.44,192.58,192.17,192.33,137398,0
2026-02-03 10:55:00+05:30,192.3,192.88,192.29,192.84,125853,0
2026-02-03 11:00:00+05:30,192.83,193.1,192.7,192.93,117496,0
2026-02-03 11:05:00+05:30,192.94,193.1,192.9,193.04,211630,0
2026-02-03 11:10:00+05:30,193.03,193.1,192.83,192.89,151781,0
2026-02-03 11:15:00+05:30,192.89,193.08,192.61,193.0,146166,0
2026-02-03 11:20:00+05:30,193.0,193.06,192.9,193.01,80099,0
2026-02-03 11:25:00+05:30,193.02,193.45,193.01,193.41,222149,0
2026-02-03 11:30:00+05:30,193.4,193.58,193.13,193.52,336392,0
2026-02-03 11:35:00+05:30,193.52,193.78,193.43,193.64,216686,0
2026-02-03 11:40:00+05:30,193.54,193.78,193.45,193.75,192129,0
2026-02-03 11:45:00+05:30,193.75,193.86,193.43,193.47,139841,0
2026-02-03 11:50:00+05:30,193.49,193.79,193.4,193.75,121860,0
2026-02-03 11:55:00+05:30,193.78,194.15,193.75,193.87,392757,0
2026-02-03 12:00:00+05:30,193.87,194.0,193.63,193.68,99031,0
2026-02-03 12:05:00+05:30,193.69,193.8,193.4,193.59,143920,0
2026-02-03 12:10:00+05:30,193.5,194.4,193.44,193.76,490192,0
2026-02-03 12:15:00+05:30,193.76,193.85,193.5,193.8,186478,0
2026-02-03 12:20:00+05:30,193.82,193.91,193.7,193.91,58767,0
2026-02-03 12:25:00+05:30,193.91,193.95,193.47,193.65,80131,0
2026-02-03 12:30:00+05:30,193.65,193.9,193.49,193.78,127280,0
2026-02-03 12:35:00+05:30,193.78,193.8,193.51,193.74,102393,0
2026-02-03 12:40:00+05:30,193.69,193.85,193.57,193.63,100157,0
2026-02-03 12:45:00+05:30,193.63,193.85,193.55,193.58,141157,0
2026-02-03 12:50:00+05:30,193.6,193.65,193.02,193.21,237805,0
2026-02-03 12:55:00+05:30,193.21,193.4,193.0,193.13,161198,0
2026-02-03 13:00:00+05:30,193.13,193.69,193.09,193.62,127664,0
2026-02-03 13:05:00+05:30,193.67,193.94,193.62,193.71,165086,0
2026-02-03 13:10:00+05:30,193.79,193.99,193.53,193.74,124825,0
2026-02-03 13:15:00+05:30,193.74,194.05,193.7,194.04,415564,0
2026-02-03 13:20:00+05:30,194.04,194.09,193.56,193.7,161600,0
2026-02-03 13:25:00+05:30,193.75,193.95,193.29,193.82,729862,0
2026-02-03 13:30:00+05:30,193.82,194.12,193.6,193.89,259538,0
2026-02-03 13:35:00+05:30,193.87,193.9,193.5,193.8,676561,0
2026-02-03 13:40:00+05:30,193.8,194.1,193.7,194.09,197173,0
2026-02-03 13:45:00+05:30,194.06,194.5,194.05,194.35,369391,0
2026-02-03 13:50:00+05:30,194.35,194.7,194.19,194.62,328770,0
2026-02-03 13:55:00+05:30,194.62,194.75,194.16,194.2,262835,0
2026-02-03 14:00:00+05:30,194.22,194.65,194.11,194.54,269824,0
2026-02-03 14:05:00+05:30,194.54,194.58,194.24,194.37,415134,0
2026-02-03 14:10:00+05:30,194.37,194.4,193.99,194.3,446907,0
2026-02-03 14:15:00+05:30,194.3,194.38,193.95,194.01,214532,0
2026-02-03 14:20:00+05:30,194.0,194.29,193.9,194.16,186735,0
2026-02-03 14:25:00+05:30,194.13,194.18,193.8,193.88,223223,0
2026-02-03 14:30:00+05:30,193.88,194.14,193.52,193.8,487071,0
2026-02-03 14:35:00+05:30,193.8,194.0,193.57,193.9,298149,0
2026-02-03 14:40:00+05:30,193.9,193.95,193.28,193.45,466133,0
2026-02-03 14:45:00+05:30,193.45,193.68,193.25,193.42,244480,0
2026-02-03 14:50:00+05:30,193.43,193.5,193.17,193.17,319200,0
2026-02-03 14:55:00+05:30,193.17,193.5,193.17,193.4,291092,0
2026-02-03 15:00:00+05:30,193.34,193.45,192.64,192.68,744088,0
2026-02-03 15:05:00+05:30,192.69,193.16,192.61,192.91,788485,0
2026-02-03 15:10:00+05:30,192.92,193.0,192.72,192.81,785783,0
2026-02-03 15:15:00+05:30,192.8,193.16,192.78,192.88,864391,0
2026-02-03 15:20:00+05:30,192.88,193.23,192.8,193.0,968302,0
2026-02-03 15:25:00+05:30,193.0,193.52,192.91,193.22,904404,0
2026-02-04 09:15:00+05:30,193.99,195.95,193.45,195.38,1609738,0
2026-02-04 09:20:00+05:30,195.38,195.95,195.22,195.44,738169,0
2026-02-04 09:25:00+05:30,195.38,195.99,195.31,195.88,325424,0
2026-02-04 09:30:00+05:30,195.95,196.14,195.0,195.08,524072,0
2026-02-04 09:35:00+05:30,195.03,195.18,194.53,194.92,309435,0
2026-02-04 09:40:00+05:30,194.92,195.52,194.84,195.2,214984,0
2026-02-04 09:45:00+05:30,195.24,195.75,195.2,195.55,204668,0
2026-02-04 09:50:00+05:30,195.6,195.8,195.34,195.47,171876,0
2026-02-04 09:55:00+05:30,195.47,195.7,195.4,195.6,105014,0
2026-02-04 10:00:00+05:30,195.65,195.78,195.4,195.5,167622,0
2026-02-04 10:05:00+05:30,195.47,195.74,195.46,195.7,70142,0
2026-02-04 10:10:00+05:30,195.7,195.73,195.32,195.72,99411,0
2026-02-04 10:15:00+05:30,195.65,195.85,195.58,195.7,126931,0
2026-02-04 10:20:00+05:30,195.7,195.94,195.58,195.76,116009,0
2026-02-04 10:25:00+05:30,195.8,195.85,195.6,195.65,77291,0
2026-02-04 10:30:00+05:30,195.7,195.85,195.5,195.61,99674,0
2026-02-04 10:35:00+05:30,195.62,195.65,195.05,195.33,107284,0
2026-02-04 10:40:00+05:30,195.33,195.58,195.2,195.31,96460,0
2026-02-04 10:45:00+05:30,195.3,195.4,195.1,195.22,102792,0
2026-02-04 10:50:00+05:30,195.22,195.51,195.15,195.39,88931,0
2026-02-04 10:55:00+05:30,195.39,195.4,195.07,195.16,61780,0
2026-02-04 11:00:00+05:30,195.2,195.46,195.07,195.36,86215,0
2026-02-04 11:05:00+05:30,195.36,195.45,194.64,194.65,201551,0
2026-02-04 11:10:00+05:30,194.64,195.29,194.64,195.15,353710,0
2026-02-04 11:15:00+05:30,195.14,195.25,195.0,195.15,87736,0
2026-02-04 11:20:00+05:30,195.19,195.38,195.08,195.17,67070,0
2026-02-04 11:25:00+05:30,195.17,195.37,195.1,195.24,42295,0
2026-02-04 11:30:00+05:30,195.26,195.26,195.05,195.2,43147,0
2026-02-04 11:35:00+05:30,195.2,195.2,194.99,195.0,189724,0
2026-02-04 11:40:00+05:30,195.0,195.34,195.0,195.24,103153,0
2026-02-04 11:45:00+05:30,195.27,195.34,195.05,195.14,38030,0
2026-02-04 11:50:00+05:30,195.14,195.29,194.97,195.22,177986,0
2026-02-04 11:55:00+05:30,195.22,195.36,195.12,195.25,113467,0
2026-02-04 12:00:00+05:30,195.25,195.45,195.11,195.2,162347,0
2026-02-04 12:05:00+05:30,195.13,195.3,195.13,195.28,31609,0
2026-02-04 12:10:00+05:30,195.28,195.32,195.19,195.3,78251,0
2026-02-04 12:15:00+05:30,195.3,195.59,195.19,195.2,160310,0
2026-02-04 12:20:00+05:30,195.2,195.3,195.14,195.25,44268,0
2026-02-04 12:25:00+05:30,195.25,195.75,195.19,195.57,122280,0
2026-02-04 12:30:00+05:30,195.55,195.58,195.15,195.25,72385,0
2026-02-04 12:35:00+05:30,195.26,195.3,195.05,195.1,165106,0
2026-02-04 12:40:00+05:30,195.06,195.3,195.0,195.06,494129,0
2026-02-04 12:45:00+05:30,195.0,195.06,194.52,194.59,203885,0
2026-02-04 12:50:00+05:30,194.59,194.7,194.44,194.7,99977,0
2026-02-04 12:55:00+05:30,194.7,194.95,194.61,194.8,98251,0
2026-02-04 13:00:00+05:30,194.8,194.9,194.51,194.73,234336,0
2026-02-04 13:05:00+05:30,194.73,194.82,194.54,194.76,89655,0
2026-02-04 13:10:00+05:30,194.76,194.9,194.72,194.83,54224,0
2026-02-04 13:15:00+05:30,194.83,194.94,194.5,194.64,111586,0
2026-02-04 13:20:00+05:30,194.65,194.88,194.51,194.83,75966,0
2026-02-04 13:25:00+05:30,194.81,194.95,194.75,194.8,52320,0
2026-02-04 13:30:00+05:30,194.82,195.22,194.8,194.85,102881,0
2026-02-04 13:35:00+05:30,194.82,195.13,194.75,195.09,63513,0
2026-02-04 13:40:00+05:30,195.09,195.12,194.89,194.95,39604,0
2026-02-04 13:45:00+05:30,194.99,195.09,194.81,194.89,44876,0
2026-02-04 13:50:00+05:30,194.82,195.05,194.67,195.02,75053,0
2026-02-04 13:55:00+05:30,195.0,195.14,194.9,195.04,112465,0
2026-02-04 14:00:00+05:30,195.09,195.34,195.0,195.3,124696,0
2026-02-04 14:05:00+05:30,195.3,195.31,195.09,195.27,84600,0
2026-02-04 14:10:00+05:30,195.3,195.9,195.25,195.82,296151,0
2026-02-04 14:15:00+05:30,195.77,195.94,195.72,195.87,237306,0
2026-02-04 14:20:00+05:30,195.82,195.95,195.59,195.74,206260,0
2026-02-04 14:25:00+05:30,195.74,195.78,195.35,195.35,140703,0
2026-02-04 14:30:00+05:30,195.4,195.5,195.35,195.45,119341,0
2026-02-04 14:35:00+05:30,195.45,195.61,195.36,195.51,267754,0
2026-02-04 14:40:00+05:30,195.51,195.7,195.48,195.67,116613,0
2026-02-04 14:45:00+05:30,195.67,195.7,195.35,195.58,143841,0
2026-02-04 14:50:00+05:30,195.57,195.6,195.4,195.51,137740,0
2026-02-04 14:55:00+05:30,195.53,195.54,195.08,195.26,227762,0
2026-02-04 15:00:00+05:30,195.25,195.69,195.25,195.45,263706,0
2026-02-04 15:05:00+05:30,195.45,195.58,195.32,195.46,250473,0
2026-02-04 15:10:00+05:30,195.46,195.54,195.3,195.46,313925,0
2026-02-04 15:15:00+05:30,195.47,195.65,195.45,195.47,410063,0
2026-02-04 15:20:00+05:30,195.47,195.57,195.05,195.35,347720,0
2026-02-04 15:25:00+05:30,195.35,195.85,195.0,195.2,451415,0
2026-02-05 09:15:00+05:30,193.0,194.22,191.52,193.31,1177794,0
2026-02-05 09:20:00+05:30,193.3,193.79,192.99,193.67,425721,0
2026-02-05 09:25:00+05:30,193.71,193.74,192.75,193.3,369272,0
2026-02-05 09:30:00+05:30,193.3,193.8,193.27,193.57,182157,0
2026-02-05 09:35:00+05:30,193.57,193.6,193.0,193.48,265038,0
2026-02-05 09:40:00+05:30,193.49,193.49,192.86,192.9,228956,0
2026-02-05 09:45:00+05:30,192.9,193.12,192.64,192.72,295564,0
2026-02-05 09:50:00+05:30,192.72,193.0,192.64,192.78,153440,0
2026-02-05 09:55:00+05:30,192.73,193.29,192.64,193.11,170710,0
2026-02-05 10:00:00+05:30,193.12,193.24,192.92,193.14,124612,0
2026-02-05 10:05:00+05:30,193.12,193.13,192.79,193.04,127634,0
2026-02-05 10:10:00+05:30,193.06,193.5,193.0,193.41,131532,0
2026-02-05 10:15:00+05:30,193.41,193.47,193.0,193.12,121489,0
2026-02-05 10:20:00+05:30,193.13,194.25,193.06,194.13,307249,0
2026-02-05 10:25:00+05:30,194.16,194.7,194.1,194.19,277662,0
2026-02-05 10:30:00+05:30,194.19,195.08,194.11,194.36,2581523,0
2026-02-05 10:35:00+05:30,194.36,194.52,193.9,193.93,408342,0
2026-02-05 10:40:00+05:30,193.93,194.52,193.77,194.4,317676,0
2026-02-05 10:45:00+05:30,194.42,194.6,194.21,194.33,293138,0
2026-02-05 10:50:00+05:30,194.33,194.51,194.22,194.32,302480,0
2026-02-05 10:55:00+05:30,194.32,194.58,194.15,194.49,288609,0
2026-02-05 11:00:00+05:30,194.49,195.0,194.27,194.8,286633,0
2026-02-05 11:05:00+05:30,194.8,195.23,194.76,194.96,240624,0
2026-02-05 11:10:00+05:30,194.96,195.3,194.88,195.2,133496,0
2026-02-05 11:15:00+05:30,195.15,195.31,195.0,195.1,1709710,0
2026-02-05 11:20:00+05:30,195.13,195.78,195.05,195.54,298918,0
2026-02-05 11:25:00+05:30,195.53,196.2,195.5,195.96,415433,0
2026-02-05 11:30:00+05:30,195.95,196.4,195.95,196.31,338118,0
2026-02-05 11:35:00+05:30,196.31,197.15,196.17,196.96,554588,0
2026-02-05 11:40:00+05:30,196.99,197.75,196.94,197.36,604198,0
2026-02-05 11:45:00+05:30,197.36,197.37,196.0,196.27,532870,0
2026-02-05 11:50:00+05:30,196.21,196.39,196.03,196.23,176968,0
2026-02-05 11:55:00+05:30,196.22,196.88,196.15,196.8,249964,0
2026-02-05 12:00:00+05:30,196.74,196.83,196.35,196.49,164182,0
2026-02-05 12:05:00+05:30,196.5,196.82,196.27,196.4,175691,0
2026-02-05 12:10:00+05:30,196.41,196.65,196.05,196.26,175555,0
2026-02-05 12:15:00+05:30,196.26,196.3,195.8,195.88,235146,0
2026-02-05 12:20:00+05:30,195.88,195.93,195.5,195.51,227394,0
2026-02-05 12:25:00+05:30,195.55,195.84,195.4,195.76,232452,0
2026-02-05 12:30:00+05:30,195.74,195.84,195.4,195.66,218258,0
2026-02-05 12:35:00+05:30,195.67,195.95,195.6,195.86,116075,0
2026-02-05 12:40:00+05:30,195.86,195.95,195.65,195.68,192844,0
2026-02-05 12:45:00+05:30,195.68,195.9,195.67,195.85,128656,0
2026-02-05 12:50:00+05:30,195.81,196.11,195.78,196.08,117751,0
2026-02-05 12:55:00+05:30,196.08,196.25,195.76,196.22,139023,0
2026-02-05 13:00:00+05:30,196.22,196.4,196.14,196.34,107725,0
2026-02-05 13:05:00+05:30,196.34,196.63,196.2,196.56,147580,0
2026-02-05 13:10:00+05:30,196.55,196.59,195.92,196.04,145487,0
2026-02-05 13:15:00+05:30,196.04,196.6,196.0,196.47,146759,0
2026-02-05 13:20:00+05:30,196.48,196.6,196.35,196.45,136229,0
2026-02-05 13:25:00+05:30,196.47,196.49,195.99,196.02,179599,0
2026-02-05 13:30:00+05:30,196.07,196.49,196.03,196.4,169715,0
2026-02-05 13:35:00+05:30,196.4,196.58,196.38,196.45,212652,0
2026-02-05 13:40:00+05:30,196.45,196.55,196.4,196.5,154166,0
2026-02-05 13:45:00+05:30,196.5,196.85,196.48,196.82,290186,0
2026-02-05 13:50:00+05:30,196.8,196.92,196.65,196.8,188108,0
2026-02-05 13:55:00+05:30,196.8,196.95,196.7,196.8,233780,0
2026-02-05 14:00:00+05:30,196.8,196.95,196.66,196.77,182398,0
2026-02-05 14:05:00+05:30,196.77,196.77,196.25,196.34,284532,0
2026-02-05 14:10:00+05:30,196.34,196.62,196.15,196.6,243254,0
2026-02-05 14:15:00+05:30,196.6,196.71,196.34,196.39,253898,0
2026-02-05 14:20:00+05:30,196.46,196.73,196.4,196.71,283490,0
2026-02-05 14:25:00+05:30,196.71,197.34,196.53,197.14,564803,0
2026-02-05 14:30:00+05:30,197.14,197.3,196.95,197.29,234592,0
2026-02-05 14:35:00+05:30,197.3,197.77,197.29,197.51,761094,0
2026-02-05 14:40:00+05:30,197.51,197.51,197.12,197.17,311622,0
2026-02-05 14:45:00+05:30,197.21,197.26,196.72,196.88,361827,0
2026-02-05 14:50:00+05:30,196.88,197.26,196.74,197.08,226462,0
2026-02-05 14:55:00+05:30,197.08,197.41,197.06,197.39,401347,0
2026-02-05 15:00:00+05:30,197.39,197.55,197.22,197.5,431677,0
2026-02-05 15:05:00+05:30,197.5,197.5,197.29,197.4,387390,0
2026-02-05 15:10:00+05:30,197.4,197.62,197.37,197.49,493541,0
2026-02-05 15:15:00+05:30,197.46,198.18,197.4,197.73,4029280,0
2026-02-05 15:20:00+05:30,197.68,197.9,197.41,197.5,1072127,0
2026-02-05 15:25:00+05:30,197.5,198.41,197.16,197.6,2434373,0
2026-02-06 09:15:00+05:30,197.6,197.6,195.1,196.48,930832,0
2026-02-06 09:20:00+05:30,196.5,197.0,196.31,196.33,507748,0
2026-02-06 09:25:00+05:30,196.37,196.65,195.93,196.45,474699,0
2026-02-06 09:30:00+05:30,196.37,196.84,196.1,196.1,421366,0
2026-02-06 09:35:00+05:30,196.15,196.3,195.77,196.13,275718,0
2026-02-06 09:40:00+05:30,196.09,196.16,195.61,195.77,164586,0
2026-02-06 09:45:00+05:30,195.72,196.36,195.67,196.1,372913,0
2026-02-06 09:50:00+05:30,196.1,196.2,195.6,195.71,196490,0
2026-02-06 09:55:00+05:30,195.71,195.8,195.5,195.76,143464,0
2026-02-06 10:00:00+05:30,195.8,195.95,195.55,195.75,116572,0
2026-02-06 10:05:00+05:30,195.73,195.81,195.3,195.44,242998,0
2026-02-06 10:10:00+05:30,195.44,195.52,195.3,195.33,137247,0
2026-02-06 10:15:00+05:30,195.32,195.64,195.05,195.5,297387,0
2026-02-06 10:20:00+05:30,195.5,196.0,195.47,195.68,189389,0
2026-02-06 10:25:00+05:30,195.74,195.77,194.89,194.96,258432,0
2026-02-06 10:30:00+05:30,194.96,195.05,194.5,194.79,381201,0
2026-02-06 10:35:00+05:30,194.74,194.99,194.69,194.95,128771,0
2026-02-06 10:40:00+05:30,194.92,195.1,194.76,194.99,191881,0
2026-02-06 10:45:00+05:30,194.98,195.07,194.57,194.9,530495,0
2026-02-06 10:50:00+05:30,194.9,195.22,194.54,194.66,396867,0
2026-02-06 10:55:00+05:30,194.6,195.33,194.37,195.25,459846,0
2026-02-06 11:00:00+05:30,195.23,195.89,195.2,195.68,322627,0
2026-02-06 11:05:00+05:30,195.73,195.99,195.65,195.99,173601,0
2026-02-06 11:10:00+05:30,195.99,196.5,195.93,196.49,321530,0
2026-02-06 11:15:00+05:30,196.5,196.51,196.0,196.18,151542,0
2026-02-06 11:20:00+05:30,196.13,196.45,196.1,196.37,116134,0
2026-02-06 11:25:00+05:30,196.39,196.43,196.07,196.27,118321,0
2026-02-06 11:30:00+05:30,196.3,196.33,196.07,196.29,64314,0
2026-02-06 11:35:00+05:30,196.3,196.42,196.13,196.38,72170,0
2026-02-06 11:40:00+05:30,196.38,196.65,196.19,196.19,264319,0
2026-02-06 11:45:00+05:30,196.19,196.21,195.78,196.12,254461,0
2026-02-06 11:50:00+05:30,196.1,196.24,195.8,195.93,80120,0
2026-02-06 11:55:00+05:30,195.93,196.69,195.77,196.69,163141,0
2026-02-06 12:00:00+05:30,196.68,197.45,196.51,196.53,451898,0
2026-02-06 12:05:00+05:30,196.61,196.61,196.02,196.15,111360,0
2026-02-06 12:10:00+05:30,196.15,196.51,196.0,196.43,198806,0
2026-02-06 12:15:00+05:30,196.43,196.72,196.12,196.55,126237,0
2026-02-06 12:20:00+05:30,196.57,196.57,196.15,196.17,60680,0
2026-02-06 12:25:00+05:30,196.2,196.35,196.05,196.25,81509,0
2026-02-06 12:30:00+05:30,196.24,196.27,195.53,195.6,150667,0
2026-02-06 12:35:00+05:30,195.64,195.99,195.63,195.7,104833,0
2026-02-06 12:40:00+05:30,195.69,195.7,195.13,195.2,116124,0
2026-02-06 12:45:00+05:30,195.2,195.35,195.06,195.11,187797,0
2026-02-06 12:50:00+05:30,195.13,195.33,194.87,195.0,193929,0
2026-02-06 12:55:00+05:30,195.01,195.54,195.01,195.51,144260,0
2026-02-06 13:00:00+05:30,195.51,195.51,195.2,195.35,61898,0
2026-02-06 13:05:00+05:30,195.35,195.78,195.29,195.48,670912,0
2026-02-06 13:10:00+05:30,195.48,195.88,195.31,195.41,283275,0
2026-02-06 13:15:00+05:30,195.45,195.65,195.23,195.32,74569,0
2026-02-06 13:20:00+05:30,195.25,195.49,195.2,195.38,44329,0
2026-02-06 13:25:00+05:30,195.38,195.47,195.21,195.3,50387,0
2026-02-06 13:30:00+05:30,195.3,195.45,194.92,195.16,89812,0
2026-02-06 13:35:00+05:30,195.16,195.63,195.16,195.49,128473,0
2026-02-06 13:40:00+05:30,195.55,196.11,195.5,195.86,265626,0
2026-02-06 13:45:00+05:30,195.85,195.89,195.57,195.72,81061,0
2026-02-06 13:50:00+05:30,195.77,196.15,195.66,196.12,121597,0
2026-02-06 13:55:00+05:30,196.15,196.15,195.86,195.99,81393,0
2026-02-06 14:00:00+05:30,196.0,196.25,195.98,196.2,142536,0
2026-02-06 14:05:00+05:30,196.22,196.24,196.15,196.24,35297,0
2026-02-06 14:10:00+05:30,196.24,196.25,196.03,196.2,80062,0
2026-02-06 14:15:00+05:30,196.2,196.39,196.02,196.33,116989,0
2026-02-06 14:20:00+05:30,196.34,196.62,196.3,196.42,186422,0
2026-02-06 14:25:00+05:30,196.41,196.74,196.37,196.42,141393,0
2026-02-06 14:30:00+05:30,196.45,196.66,196.38,196.64,154966,0
2026-02-06 14:35:00+05:30,196.6,196.82,196.5,196.63,232251,0
2026-02-06 14:40:00+05:30,196.7,196.82,196.5,196.69,85006,0
2026-02-06 14:45:00+05:30,196.7,197.07,196.69,196.93,465095,0
2026-02-06 14:50:00+05:30,196.94,197.18,196.8,197.1,268089,0
2026-02-06 14:55:00+05:30,197.12,197.39,197.11,197.28,456532,0
2026-02-06 15:00:00+05:30,197.28,197.45,197.12,197.35,549318,0
2026-02-06 15:05:00+05:30,197.32,197.47,196.99,197.25,716252,0
2026-02-06 15:10:00+05:30,197.25,197.37,196.9,196.92,619817,0
2026-02-06 15:15:00+05:30,196.94,197.0,196.81,197.0,505230,0
2026-02-06 15:20:00+05:30,197.0,197.01,196.71,196.8,484470,0
2026-02-06 15:25:00+05:30,196.79,196.8,196.5,196.51,402395,0
2026-02-09 09:15:00+05:30,202.0,203.0,199.5,199.78,5045927,0
2026-02-09 09:20:00+05:30,199.86,199.95,198.55,199.2,1835447,0
2026-02-09 09:25:00+05:30,199.19,199.99,199.1,199.73,911422,0
2026-02-09 09:30:00+05:30,199.7,199.78,198.6,199.16,985419,0
2026-02-09 09:35:00+05:30,199.16,199.38,198.6,198.6,563745,0
2026-02-09 09:40:00+05:30,198.6,199.25,198.6,198.8,605532,0
2026-02-09 09:45:00+05:30,198.8,199.0,198.36,198.51,995888,0
2026-02-09 09:50:00+05:30,198.51,198.61,198.2,198.44,433116,0
2026-02-09 09:55:00+05:30,198.44,198.96,198.2,198.87,431289,0
2026-02-09 10:00:00+05:30,198.88,198.94,197.74,197.93,969613,0
2026-02-09 10:05:00+05:30,198.0,198.17,197.61,198.08,685109,0
2026-02-09 10:10:00+05:30,198.1,198.35,197.75,197.94,468432,0
2026-02-09 10:15:00+05:30,197.94,198.6,197.55,198.46,613241,0
2026-02-09 10:20:00+05:30,198.48,198.92,198.4,198.92,523120,0
2026-02-09 10:25:00+05:30,198.92,199.89,198.89,199.79,2059933,0
2026-02-09 10:30:00+05:30,199.75,199.96,199.11,199.85,704083,0
2026-02-09 10:35:00+05:30,199.85,200.35,199.71,200.1,1194397,0
2026-02-09 10:40:00+05:30,200.1,200.4,200.0,200.16,614572,0
2026-02-09 10:45:00+05:30,200.16,200.8,200.08,200.74,544147,0
2026-02-09 10:50:00+05:30,200.75,200.9,200.0,200.09,467496,0
2026-02-09 10:55:00+05:30,200.16,201.0,199.9,200.49,1675718,0
2026-02-09 11:00:00+05:30,200.48,201.01,200.42,200.68,939808,0
2026-02-09 11:05:00+05:30,200.68,202.35,200.68,202.24,1861795,0
2026-02-09 11:10:00+05:30,202.3,202.4,201.81,202.4,2594448,0
2026-02-09 11:15:00+05:30,202.4,204.0,202.25,203.83,2728329,0
2026-02-09 11:20:00+05:30,203.92,204.95,203.62,204.94,2805906,0
2026-02-09 11:25:00+05:30,204.95,206.34,204.94,205.9,3675161,0
2026-02-09 11:30:00+05:30,205.98,206.0,204.34,204.63,2307144,0
2026-02-09 11:35:00+05:30,204.72,205.15,204.15,204.41,1223895,0
2026-02-09 11:40:00+05:30,204.45,204.55,204.06,204.15,879321,0
2026-02-09 11:45:00+05:30,204.13,204.2,203.1,203.43,1814565,0
2026-02-09 11:50:00+05:30,203.43,203.54,202.5,202.94,924883,0
2026-02-09 11:55:00+05:30,202.94,203.35,202.64,202.79,764065,0
2026-02-09 12:00:00+05:30,202.79,202.86,201.88,202.39,1214592,0
2026-02-09 12:05:00+05:30,202.39,202.59,202.15,202.25,407229,0
2026-02-09 12:10:00+05:30,202.3,202.98,202.13,202.5,614918,0
2026-02-09 12:15:00+05:30,202.54,203.18,202.45,202.6,1146964,0
2026-02-09 12:20:00+05:30,202.6,202.95,202.3,202.85,367981,0
2026-02-09 12:25:00+05:30,202.86,202.99,202.33,202.55,273461,0
2026-02-09 12:30:00+05:30,202.5,202.55,201.57,201.97,595598,0
2026-02-09 12:35:00+05:30,201.97,201.98,201.6,201.84,295300,0
2026-02-09 12:40:00+05:30,201.84,202.15,201.8,201.92,312073,0
2026-02-09 12:45:00+05:30,201.94,201.96,201.28,201.78,352987,0
2026-02-09 12:50:00+05:30,201.8,201.92,201.17,201.49,360464,0
2026-02-09 12:55:00+05:30,201.52,202.0,201.4,201.96,248962,0
2026-02-09 13:00:00+05:30,201.9,202.09,201.69,201.98,301808,0
2026-02-09 13:05:00+05:30,201.98,202.38,201.9,202.31,361924,0
2026-02-09 13:10:00+05:30,202.31,202.38,201.9,202.0,1463186,0
2026-02-09 13:15:00+05:30,202.05,202.3,202.0,202.25,279854,0
2026-02-09 13:20:00+05:30,202.25,202.25,201.68,202.0,529110,0
2026-02-09 13:25:00+05:30,202.05,202.1,201.69,201.69,258859,0
2026-02-09 13:30:00+05:30,201.69,201.97,201.56,201.97,201454,0
2026-02-09 13:35:00+05:30,201.92,201.99,201.73,201.86,212826,0
2026-02-09 13:40:00+05:30,201.88,201.98,201.8,201.85,206868,0
2026-02-09 13:45:00+05:30,201.86,201.95,201.48,201.82,760963,0
2026-02-09 13:50:00+05:30,201.82,201.98,201.71,201.82,165338,0
2026-02-09 13:55:00+05:30,201.82,202.1,201.61,201.93,670315,0
2026-02-09 14:00:00+05:30,201.93,201.93,201.5,201.79,347560,0
2026-02-09 14:05:00+05:30,201.78,202.05,201.5,201.84,319789,0
2026-02-09 14:10:00+05:30,201.82,201.88,201.6,201.6,131752,0
2026-02-09 14:15:00+05:30,201.65,201.72,201.36,201.43,185503,0
2026-02-09 14:20:00+05:30,201.45,202.35,201.35,202.25,2389163,0
2026-02-09 14:25:00+05:30,202.25,202.85,202.24,202.8,488450,0
2026-02-09 14:30:00+05:30,202.8,203.19,202.45,202.81,830442,0
2026-02-09 14:35:00+05:30,202.84,203.25,202.84,202.9,606155,0
2026-02-09 14:40:00+05:30,202.9,202.9,202.32,202.47,448005,0
2026-02-09 14:45:00+05:30,202.5,202.69,201.62,201.81,721083,0
2026-02-09 14:50:00+05:30,201.88,202.01,201.56,201.81,485612,0
2026-02-09 14:55:00+05:30,201.76,202.41,201.75,202.4,420763,0
2026-02-09 15:00:00+05:30,202.39,202.76,202.26,202.55,616753,0
2026-02-09 15:05:00+05:30,202.49,202.59,202.02,202.15,675852,0
2026-02-09 15:10:00+05:30,202.16,202.34,201.96,202.32,554066,0
2026-02-09 15:15:00+05:30,202.32,202.34,201.65,201.79,951858,0
2026-02-09 15:20:00+05:30,201.7,202.07,201.55,202.0,953982,0
2026-02-09 15:25:00+05:30,201.98,202.11,201.19,201.36,1376619,0
2026-02-10 09:15:00+05:30,202.99,202.99,201.08,202.39,1897473,0
2026-02-10 09:20:00+05:30,202.38,202.86,201.81,202.7,885663,0
2026-02-10 09:25:00+05:30,202.74,202.79,202.27,202.72,713564,0
2026-02-10 09:30:00+05:30,202.79,204.3,202.54,204.09,2320154,0
2026-02-10 09:35:00+05:30,204.09,205.4,204.06,205.4,2661337,0
2026-02-10 09:40:00+05:30,205.33,205.48,204.75,205.38,1349591,0
2026-02-10 09:45:00+05:30,205.3,206.31,205.3,205.86,1789318,0
2026-02-10 09:50:00+05:30,205.88,206.32,205.56,206.25,1334279,0
2026-02-10 09:55:00+05:30,206.25,207.57,206.23,207.4,2480588,0
2026-02-10 10:00:00+05:30,207.41,208.16,206.65,207.01,2737517,0
2026-02-10 10:05:00+05:30,207.01,208.18,206.71,207.91,3098880,0
2026-02-10 10:10:00+05:30,207.91,209.4,207.7,208.95,3583771,0
2026-02-10 10:15:00+05:30,208.95,211.1,208.87,210.47,8154245,0
2026-02-10 10:20:00+05:30,210.56,210.59,209.36,209.85,5529710,0
2026-02-10 10:25:00+05:30,209.85,210.25,209.3,209.68,1561746,0
2026-02-10 10:30:00+05:30,209.65,209.9,208.7,209.2,1786431,0
2026-02-10 10:35:00+05:30,209.23,209.48,208.26,209.18,1872324,0
2026-02-10 10:40:00+05:30,209.18,209.5,207.82,208.14,2085481,0
2026-02-10 10:45:00+05:30,208.14,208.65,207.76,207.9,1367535,0
2026-02-10 10:50:00+05:30,207.9,208.58,207.8,207.98,696447,0
2026-02-10 10:55:00+05:30,207.98,208.37,207.9,208.03,504161,0
2026-02-10 11:00:00+05:30,208.0,208.9,207.87,208.72,863166,0
2026-02-10 11:05:00+05:30,208.74,209.25,208.41,209.1,783000,0
2026-02-10 11:10:00+05:30,209.09,209.19,208.19,208.44,565355,0
2026-02-10 11:15:00+05:30,208.43,208.99,208.38,208.57,442949,0
2026-02-10 11:20:00+05:30,208.57,208.78,208.0,208.52,843909,0
2026-02-10 11:25:00+05:30,208.5,208.62,207.93,208.45,582033,0
2026-02-10 11:30:00+05:30,208.45,208.59,208.2,208.46,269025,0
2026-02-10 11:35:00+05:30,208.46,208.48,207.79,207.96,513408,0
2026-02-10 11:40:00+05:30,207.95,208.0,207.6,207.66,401979,0
2026-02-10 11:45:00+05:30,207.75,207.78,206.87,207.25,1333076,0
2026-02-10 11:50:00+05:30,207.3,207.39,207.0,207.28,380557,0
2026-02-10 11:55:00+05:30,207.28,207.35,207.2,207.32,200887,0
2026-02-10 12:00:00+05:30,207.25,207.55,207.05,207.27,312364,0
2026-02-10 12:05:00+05:30,207.27,207.3,206.9,206.98,448114,0
2026-02-10 12:10:00+05:30,206.95,207.06,206.75,206.86,408441,0
2026-02-10 12:15:00+05:30,206.8,207.1,206.53,206.75,1022835,0
2026-02-10 12:20:00+05:30,206.71,207.0,206.3,206.87,579961,0
2026-02-10 12:25:00+05:30,206.86,207.04,206.48,206.77,449067,0
2026-02-10 12:30:00+05:30,206.78,207.0,206.68,206.9,268973,0
2026-02-10 12:35:00+05:30,206.83,207.14,206.64,207.08,321906,0
2026-02-10 12:40:00+05:30,207.05,207.5,206.93,207.42,491932,0
2026-02-10 12:45:00+05:30,207.42,207.83,207.27,207.64,579459,0
2026-02-10 12:50:00+05:30,207.62,207.69,207.15,207.34,426188,0
2026-02-10 12:55:00+05:30,207.3,207.8,207.25,207.58,347061,0
2026-02-10 13:00:00+05:30,207.52,207.99,207.52,207.75,791537,0
2026-02-10 13:05:00+05:30,207.75,207.86,207.7,207.76,165714,0
2026-02-10 13:10:00+05:30,207.75,207.8,207.5,207.78,348704,0
2026-02-10 13:15:00+05:30,207.76,207.81,207.4,207.4,269928,0
2026-02-10 13:20:00+05:30,207.41,207.75,207.4,207.49,353329,0
2026-02-10 13:25:00+05:30,207.49,207.64,207.24,207.47,568298,0
2026-02-10 13:30:00+05:30,207.47,207.49,206.72,207.18,726884,0
2026-02-10 13:35:00+05:30,207.17,207.3,206.93,207.09,566365,0
2026-02-10 13:40:00+05:30,207.1,207.4,207.0,207.33,462870,0
2026-02-10 13:45:00+05:30,207.32,207.65,207.31,207.63,429147,0
2026-02-10 13:50:00+05:30,207.63,207.72,207.5,207.56,222616,0
2026-02-10 13:55:00+05:30,207.55,207.58,207.42,207.55,223614,0
2026-02-10 14:00:00+05:30,207.55,207.55,207.19,207.53,317514,0
2026-02-10 14:05:00+05:30,207.53,207.94,207.5,207.6,357272,0
2026-02-10 14:10:00+05:30,207.56,207.75,207.4,207.55,339874,0
2026-02-10 14:15:00+05:30,207.53,207.63,207.25,207.29,280445,0
2026-02-10 14:20:00+05:30,207.28,207.3,207.0,207.06,319422,0
2026-02-10 14:25:00+05:30,207.05,207.09,206.6,206.7,516567,0
2026-02-10 14:30:00+05:30,206.65,206.86,206.51,206.74,387670,0
2026-02-10 14:35:00+05:30,206.68,207.52,206.66,207.47,938225,0
2026-02-10 14:40:00+05:30,207.42,207.83,207.42,207.7,1301559,0
2026-02-10 14:45:00+05:30,207.72,208.1,207.7,208.03,1178399,0
2026-02-10 14:50:00+05:30,208.01,208.23,207.75,208.12,1117081,0
2026-02-10 14:55:00+05:30,208.11,208.25,207.9,207.9,1017038,0
2026-02-10 15:00:00+05:30,207.89,208.25,207.8,208.15,1129504,0
2026-02-10 15:05:00+05:30,208.15,208.3,207.86,207.99,1349314,0
2026-02-10 15:10:00+05:30,207.97,208.14,207.85,208.01,1249402,0
2026-02-10 15:15:00+05:30,208.02,208.16,208.0,208.07,1616422,0
2026-02-10 15:20:00+05:30,208.07,208.09,207.65,207.8,1571113,0
2026-02-10 15:25:00+05:30,207.83,208.11,207.6,207.85,1074624,0
2026-02-11 09:15:00+05:30,209.4,209.75,207.68,209.6,3101902,0
2026-02-11 09:20:00+05:30,209.61,209.9,208.85,209.42,1736016,0
2026-02-11 09:25:00+05:30,209.5,209.75,209.06,209.75,983205,0
2026-02-11 09:30:00+05:30,209.71,210.25,209.05,209.1,1464722,0
2026-02-11 09:35:00+05:30,209.1,209.35,208.67,208.84,1050264,0
2026-02-11 09:40:00+05:30,208.9,209.2,208.6,209.2,490534,0
2026-02-11 09:45:00+05:30,209.2,209.3,208.67,208.82,666793,0
2026-02-11 09:50:00+05:30,208.82,208.86,208.3,208.77,560151,0
2026-02-11 09:55:00+05:30,208.77,208.81,208.4,208.4,420412,0
2026-02-11 10:00:00+05:30,208.48,208.48,207.18,207.2,1383973,0
2026-02-11 10:05:00+05:30,207.2,207.65,206.86,207.39,1249795,0
2026-02-11 10:10:00+05:30,207.39,207.78,207.0,207.2,457460,0
2026-02-11 10:15:00+05:30,207.2,207.49,207.15,207.25,239895,0
2026-02-11 10:20:00+05:30,207.21,207.4,207.03,207.1,268455,0
2026-02-11 10:25:00+05:30,207.04,207.43,206.8,207.26,468040,0
2026-02-11 10:30:00+05:30,207.25,207.35,207.02,207.17,185199,0
2026-02-11 10:35:00+05:30,207.17,207.46,207.1,207.27,205766,0
2026-02-11 10:40:00+05:30,207.27,207.41,207.16,207.3,188257,0
2026-02-11 10:45:00+05:30,207.3,207.73,207.2,207.63,315227,0
2026-02-11 10:50:00+05:30,207.63,207.7,206.81,206.81,550748,0
2026-02-11 10:55:00+05:30,206.81,207.11,206.65,206.72,459423,0
2026-02-11 11:00:00+05:30,206.71,206.8,206.41,206.65,296750,0
2026-02-11 11:05:00+05:30,206.65,207.0,205.76,205.85,1404900,0
2026-02-11 11:10:00+05:30,205.85,206.39,205.3,206.26,866460,0
2026-02-11 11:15:00+05:30,206.2,206.5,205.71,206.48,1303244,0
2026-02-11 11:20:00+05:30,206.38,206.84,206.36,206.77,382829,0
2026-02-11 11:25:00+05:30,206.77,207.03,206.57,206.67,288366,0
2026-02-11 11:30:00+05:30,206.67,207.1,206.63,206.77,260814,0
2026-02-11 11:35:00+05:30,206.76,206.93,206.65,206.75,133923,0
2026-02-11 11:40:00+05:30,206.75,207.0,206.55,206.88,226613,0
2026-02-11 11:45:00+05:30,206.88,207.45,206.75,207.41,706709,0
2026-02-11 11:50:00+05:30,207.41,207.5,206.91,206.99,298291,0
2026-02-11 11:55:00+05:30,207.0,207.18,206.92,206.94,447426,0
2026-02-11 12:00:00+05:30,207.0,207.3,206.94,207.16,202192,0
2026-02-11 12:05:00+05:30,207.18,207.29,207.0,207.27,220475,0
2026-02-11 12:10:00+05:30,207.27,207.45,207.15,207.34,215184,0
2026-02-11 12:15:00+05:30,207.37,207.46,207.1,207.35,342778,0
2026-02-11 12:20:00+05:30,207.35,207.47,207.25,207.25,89350,0
2026-02-11 12:25:00+05:30,207.29,207.44,207.25,207.29,123506,0
2026-02-11 12:30:00+05:30,207.29,207.43,207.05,207.09,459648,0
2026-02-11 12:35:00+05:30,207.09,207.4,207.09,207.25,178471,0
2026-02-11 12:40:00+05:30,207.26,207.37,207.25,207.3,96514,0
2026-02-11 12:45:00+05:30,207.25,207.3,206.85,207.0,375627,0
2026-02-11 12:50:00+05:30,206.97,207.3,206.97,207.25,185095,0
2026-02-11 12:55:00+05:30,207.25,207.35,207.25,207.34,140581,0
2026-02-11 13:00:00+05:30,207.34,207.35,207.2,207.26,171705,0
2026-02-11 13:05:00+05:30,207.28,207.6,207.25,207.32,323306,0
2026-02-11 13:10:00+05:30,207.35,207.49,207.25,207.26,89736,0
2026-02-11 13:15:00+05:30,207.26,207.8,207.25,207.75,372605,0
2026-02-11 13:20:00+05:30,207.79,208.0,207.69,207.9,669426,0
2026-02-11 13:25:00+05:30,207.9,208.4,207.83,208.24,480367,0
2026-02-11 13:30:00+05:30,208.24,208.59,208.06,208.51,412730,0
2026-02-11 13:35:00+05:30,208.58,208.65,208.45,208.5,253287,0
2026-02-11 13:40:00+05:30,208.5,208.98,208.5,208.81,563811,0
2026-02-11 13:45:00+05:30,208.8,208.84,208.34,208.4,357129,0
2026-02-11 13:50:00+05:30,208.4,208.44,207.85,207.85,422918,0
2026-02-11 13:55:00+05:30,207.86,207.92,207.43,207.49,442258,0
2026-02-11 14:00:00+05:30,207.48,207.92,207.47,207.73,198880,0
2026-02-11 14:05:00+05:30,207.75,208.15,207.37,207.49,2281077,0
2026-02-11 14:10:00+05:30,207.5,207.95,207.31,207.82,777702,0
2026-02-11 14:15:00+05:30,207.82,207.96,207.75,207.87,230553,0
2026-02-11 14:20:00+05:30,207.87,207.87,207.51,207.67,218036,0
2026-02-11 14:25:00+05:30,207.67,208.14,207.6,207.61,505979,0
2026-02-11 14:30:00+05:30,207.61,207.8,207.46,207.72,233073,0
2026-02-11 14:35:00+05:30,207.72,207.89,207.5,207.52,539933,0
2026-02-11 14:40:00+05:30,207.52,207.6,207.4,207.49,167248,0
2026-02-11 14:45:00+05:30,207.49,207.68,207.36,207.54,212816,0
2026-02-11 14:50:00+05:30,207.57,207.67,207.4,207.49,250402,0
2026-02-11 14:55:00+05:30,207.5,207.58,207.36,207.37,223241,0
2026-02-11 15:00:00+05:30,207.37,207.96,207.37,207.84,610137,0
2026-02-11 15:05:00+05:30,207.84,207.95,207.71,207.84,394226,0
2026-02-11 15:10:00+05:30,207.85,208.0,207.66,207.78,671501,0
2026-02-11 15:15:00+05:30,207.79,207.81,207.27,207.55,1435637,0
2026-02-11 15:20:00+05:30,207.55,207.55,207.25,207.44,772319,0
2026-02-11 15:25:00+05:30,207.45,207.6,207.34,207.6,913264,0
2026-02-12 09:15:00+05:30,208.0,208.58,206.2,208.49,1775797,0
2026-02-12 09:20:00+05:30,208.41,208.85,208.06,208.35,742222,0
2026-02-12 09:25:00+05:30,208.32,208.64,207.77,207.98,541934,0
2026-02-12 09:30:00+05:30,208.01,208.65,207.77,208.5,400979,0
2026-02-12 09:35:00+05:30,208.52,208.6,208.01,208.28,336590,0
2026-02-12 09:40:00+05:30,208.34,208.7,208.05,208.48,439234,0
2026-02-12 09:45:00+05:30,208.48,208.65,208.3,208.44,351034,0
2026-02-12 09:50:00+05:30,208.48,209.88,208.44,209.12,1134669,0
2026-02-12 09:55:00+05:30,209.12,209.59,209.1,209.49,583634,0
2026-02-12 10:00:00+05:30,209.49,209.93,209.28,209.4,502117,0
2026-02-12 10:05:00+05:30,209.4,209.4,208.64,209.14,389984,0
2026-02-12 10:10:00+05:30,209.05,209.14,208.74,208.75,176721,0
2026-02-12 10:15:00+05:30,208.76,208.8,208.35,208.45,325283,0
2026-02-12 10:20:00+05:30,208.45,209.45,208.41,209.29,352364,0
2026-02-12 10:25:00+05:30,209.29,209.3,208.8,209.09,158570,0
2026-02-12 10:30:00+05:30,209.05,209.4,208.88,209.27,233416,0
2026-02-12 10:35:00+05:30,209.27,209.29,209.04,209.19,138524,0
2026-02-12 10:40:00+05:30,209.22,209.65,209.12,209.49,458826,0
2026-02-12 10:45:00+05:30,209.45,210.12,209.35,210.0,796721,0
2026-02-12 10:50:00+05:30,209.97,210.39,209.81,210.07,531737,0
2026-02-12 10:55:00+05:30,210.06,210.17,209.9,209.97,465496,0
2026-02-12 11:00:00+05:30,209.97,210.06,209.54,210.0,290249,0
2026-02-12 11:05:00+05:30,210.06,210.15,209.4,209.55,458923,0
2026-02-12 11:10:00+05:30,209.52,209.95,209.52,209.58,137678,0
2026-02-12 11:15:00+05:30,209.59,209.99,209.4,209.8,235529,0
2026-02-12 11:20:00+05:30,209.85,209.94,209.55,209.6,133748,0
2026-02-12 11:25:00+05:30,209.59,209.74,209.5,209.55,124347,0
2026-02-12 11:30:00+05:30,209.55,209.55,209.01,209.25,391866,0
2026-02-12 11:35:00+05:30,209.25,209.4,208.91,208.98,257226,0
2026-02-12 11:40:00+05:30,208.98,209.33,208.9,209.1,186805,0
2026-02-12 11:45:00+05:30,209.1,209.14,208.83,208.9,180063,0
2026-02-12 11:50:00+05:30,208.9,209.0,208.6,208.75,243029,0
2026-02-12 11:55:00+05:30,208.75,208.86,208.6,208.75,96655,0
2026-02-12 12:00:00+05:30,208.79,208.92,208.7,208.74,87297,0
2026-02-12 12:05:00+05:30,208.75,208.8,208.65,208.75,57453,0
2026-02-12 12:10:00+05:30,208.79,208.85,208.69,208.75,143376,0
2026-02-12 12:15:00+05:30,208.75,208.9,208.65,208.65,188045,0
2026-02-12 12:20:00+05:30,208.7,208.71,208.29,208.38,288824,0
2026-02-12 12:25:00+05:30,208.39,208.46,208.35,208.43,102271,0
2026-02-12 12:30:00+05:30,208.36,208.8,208.36,208.45,147595,0
2026-02-12 12:35:00+05:30,208.44,208.65,208.28,208.59,154158,0
2026-02-12 12:40:00+05:30,208.65,209.09,208.49,209.02,247336,0
2026-02-12 12:45:00+05:30,209.0,209.43,208.95,209.0,216161,0
2026-02-12 12:50:00+05:30,209.06,209.11,208.92,209.07,73491,0
2026-02-12 12:55:00+05:30,209.07,209.3,208.96,208.98,173895,0
2026-02-12 13:00:00+05:30,208.99,209.1,208.96,209.1,69207,0
2026-02-12 13:05:00+05:30,209.1,209.4,209.0,209.15,216420,0
2026-02-12 13:10:00+05:30,209.24,209.49,208.91,209.04,211393,0
2026-02-12 13:15:00+05:30,209.04,209.47,209.01,209.44,127202,0
2026-02-12 13:20:00+05:30,209.45,209.45,209.01,209.24,167114,0
2026-02-12 13:25:00+05:30,209.25,209.37,208.9,208.97,276589,0
2026-02-12 13:30:00+05:30,208.91,209.01,208.45,208.69,229420,0
2026-02-12 13:35:00+05:30,208.62,208.78,208.5,208.65,133448,0
2026-02-12 13:40:00+05:30,208.65,208.8,208.6,208.74,77011,0
2026-02-12 13:45:00+05:30,208.74,208.78,208.11,208.15,328012,0
2026-02-12 13:50:00+05:30,208.16,208.38,208.12,208.3,276651,0
2026-02-12 13:55:00+05:30,208.28,208.34,208.0,208.21,219221,0
2026-02-12 14:00:00+05:30,208.22,208.26,207.75,207.94,367761,0
2026-02-12 14:05:00+05:30,207.86,208.13,207.76,207.85,152183,0
2026-02-12 14:10:00+05:30,207.85,207.95,207.7,207.78,97916,0
2026-02-12 14:15:00+05:30,207.78,207.91,207.53,207.69,192575,0
2026-02-12 14:20:00+05:30,207.71,208.34,207.7,208.23,296897,0
2026-02-12 14:25:00+05:30,208.24,208.39,207.78,207.83,226231,0
2026-02-12 14:30:00+05:30,207.81,207.99,207.8,207.92,65506,0
2026-02-12 14:35:00+05:30,207.92,208.35,207.88,208.21,276083,0
2026-02-12 14:40:00+05:30,208.2,208.21,207.7,207.71,112250,0
2026-02-12 14:45:00+05:30,207.7,207.71,207.2,207.44,430636,0
2026-02-12 14:50:00+05:30,207.41,207.9,207.4,207.87,221467,0
2026-02-12 14:55:00+05:30,207.88,208.35,207.8,208.11,418796,0
2026-02-12 15:00:00+05:30,208.13,208.8,208.11,208.57,588782,0
2026-02-12 15:05:00+05:30,208.58,208.77,208.2,208.24,616515,0
2026-02-12 15:10:00+05:30,208.23,208.3,207.9,207.95,468280,0
2026-02-12 15:15:00+05:30,207.95,208.1,207.6,207.9,652198,0
2026-02-12 15:20:00+05:30,207.9,207.98,207.64,207.72,597334,0
2026-02-12 15:25:00+05:30,207.7,208.0,207.5,207.98,537996,0
2026-02-13 09:15:00+05:30,206.59,206.85,204.75,206.45,1372529,0
2026-02-13 09:20:00+05:30,206.45,206.68,206.19,206.33,404672,0
2026-02-13 09:25:00+05:30,206.33,206.33,205.4,205.42,446733,0
2026-02-13 09:30:00+05:30,205.49,205.57,204.05,204.17,770730,0
2026-02-13 09:35:00+05:30,204.15,204.2,203.81,203.85,622374,0
2026-02-13 09:40:00+05:30,203.89,205.3,203.62,205.09,709890,0
2026-02-13 09:45:00+05:30,205.09,205.09,204.5,204.9,272415,0
2026-02-13 09:50:00+05:30,204.9,205.25,204.61,205.05,310615,0
2026-02-13 09:55:00+05:30,205.05,205.05,204.01,204.25,356456,0
2026-02-13 10:00:00+05:30,204.26,204.46,203.92,204.39,572032,0
2026-02-13 10:05:00+05:30,204.4,204.55,203.91,204.03,517080,0
2026-02-13 10:10:00+05:30,204.03,204.4,203.92,203.97,157880,0
2026-02-13 10:15:00+05:30,203.97,204.06,203.8,203.96,253355,0
2026-02-13 10:20:00+05:30,204.0,204.05,203.55,203.96,466244,0
2026-02-13 10:25:00+05:30,203.96,204.7,203.88,204.37,242914,0
2026-02-13 10:30:00+05:30,204.36,204.87,204.3,204.68,209029,0
2026-02-13 10:35:00+05:30,204.67,205.89,204.5,205.42,1264625,0
2026-02-13 10:40:00+05:30,205.43,205.88,205.27,205.65,848612,0
2026-02-13 10:45:00+05:30,205.69,205.75,204.8,204.98,307634,0
2026-02-13 10:50:00+05:30,204.99,205.02,204.5,204.5,253481,0
2026-02-13 10:55:00+05:30,204.59,204.7,204.15,204.56,281697,0
2026-02-13 11:00:00+05:30,204.56,204.65,204.26,204.48,90805,0
2026-02-13 11:05:00+05:30,204.48,204.74,204.39,204.6,85203,0
2026-02-13 11:10:00+05:30,204.61,205.0,204.6,204.88,120318,0
2026-02-13 11:15:00+05:30,204.86,205.28,204.53,204.62,237937,0
2026-02-13 11:20:00+05:30,204.6,204.81,204.25,204.37,200765,0
2026-02-13 11:25:00+05:30,204.37,204.65,204.3,204.41,110504,0
2026-02-13 11:30:00+05:30,204.43,204.6,204.2,204.3,131510,0
2026-02-13 11:35:00+05:30,204.31,204.39,203.88,204.11,470732,0
2026-02-13 11:40:00+05:30,204.11,204.28,204.0,204.07,232682,0
2026-02-13 11:45:00+05:30,204.1,204.55,204.1,204.44,114309,0
2026-02-13 11:50:00+05:30,204.43,204.55,204.1,204.39,225146,0
2026-02-13 11:55:00+05:30,204.39,204.44,204.05,204.14,140054,0
2026-02-13 12:00:00+05:30,204.15,204.3,204.02,204.24,87660,0
2026-02-13 12:05:00+05:30,204.24,204.5,204.2,204.4,98940,0
2026-02-13 12:10:00+05:30,204.45,204.95,204.33,204.83,182394,0
2026-02-13 12:15:00+05:30,204.84,204.95,204.4,204.6,167341,0
2026-02-13 12:20:00+05:30,204.6,205.0,204.5,204.95,149124,0
2026-02-13 12:25:00+05:30,204.95,205.73,204.89,205.46,778055,0
2026-02-13 12:30:00+05:30,205.5,206.1,205.26,205.71,1096012,0
2026-02-13 12:35:00+05:30,205.71,205.71,205.02,205.16,339130,0
2026-02-13 12:40:00+05:30,205.16,205.6,205.06,205.29,182897,0
2026-02-13 12:45:00+05:30,205.29,205.67,205.2,205.2,328473,0
2026-02-13 12:50:00+05:30,205.23,205.23,204.82,204.97,233981,0
2026-02-13 12:55:00+05:30,205.02,205.15,204.9,204.95,88417,0
2026-02-13 13:00:00+05:30,204.96,205.15,204.75,204.89,116877,0
2026-02-13 13:05:00+05:30,204.89,205.0,204.71,204.97,57703,0
2026-02-13 13:10:00+05:30,204.96,205.5,204.86,205.36,241317,0
2026-02-13 13:15:00+05:30,205.36,205.49,205.11,205.33,142225,0
2026-02-13 13:20:00+05:30,205.33,205.33,204.55,204.68,158331,0
2026-02-13 13:25:00+05:30,204.67,204.84,204.51,204.72,151721,0
2026-02-13 13:30:00+05:30,204.75,204.95,204.5,204.92,95567,0
2026-02-13 13:35:00+05:30,204.95,205.2,204.9,205.18,96577,0
2026-02-13 13:40:00+05:30,205.2,205.37,205.07,205.16,151227,0
2026-02-13 13:45:00+05:30,205.18,205.2,204.6,204.61,114911,0
2026-02-13 13:50:00+05:30,204.64,204.64,204.2,204.57,248757,0
2026-02-13 13:55:00+05:30,204.57,204.71,204.43,204.49,54934,0
2026-02-13 14:00:00+05:30,204.49,204.54,204.21,204.42,144145,0
2026-02-13 14:05:00+05:30,204.42,204.63,204.3,204.4,117945,0
2026-02-13 14:10:00+05:30,204.43,204.7,204.35,204.69,121401,0
2026-02-13 14:15:00+05:30,204.69,204.79,204.47,204.64,116375,0
2026-02-13 14:20:00+05:30,204.64,204.7,204.39,204.44,83260,0
2026-02-13 14:25:00+05:30,204.45,204.85,204.4,204.55,632733,0
2026-02-13 14:30:00+05:30,204.55,204.7,204.15,204.2,226359,0
2026-02-13 14:35:00+05:30,204.2,204.63,203.92,204.3,418824,0
2026-02-13 14:40:00+05:30,204.3,204.31,204.06,204.14,137309,0
2026-02-13 14:45:00+05:30,204.14,204.14,203.8,203.86,191741,0
2026-02-13 14:50:00+05:30,203.86,204.08,203.71,204.03,260906,0
2026-02-13 14:55:00+05:30,204.03,204.15,203.87,203.91,207428,0
2026-02-13 15:00:00+05:30,203.95,204.04,203.43,203.56,739511,0
2026-02-13 15:05:00+05:30,203.56,203.73,203.1,203.27,684823,0
2026-02-13 15:10:00+05:30,203.27,203.5,203.16,203.23,724853,0
2026-02-13 15:15:00+05:30,203.16,203.43,202.73,203.0,1108452,0
2026-02-13 15:20:00+05:30,203.08,203.26,202.95,203.06,793976,0
2026-02-13 15:25:00+05:30,203.11,203.25,202.56,202.98,986472,0
2026-02-16 09:15:00+05:30,201.0,202.9,200.55,202.6,1252262,0
2026-02-16 09:20:00+05:30,202.6,203.84,202.25,203.77,684303,0
2026-02-16 09:25:00+05:30,203.75,203.95,203.01,203.39,482435,0
2026-02-16 09:30:00+05:30,203.39,204.05,203.32,203.99,423820,0
2026-02-16 09:35:00+05:30,203.99,203.99,203.41,203.64,302113,0
2026-02-16 09:40:00+05:30,203.7,203.71,203.18,203.21,250393,0
2026-02-16 09:45:00+05:30,203.2,203.25,202.77,203.08,322764,0
2026-02-16 09:50:00+05:30,203.1,203.24,202.8,203.15,170441,0
2026-02-16 09:55:00+05:30,203.15,203.6,203.01,203.44,181687,0
2026-02-16 10:00:00+05:30,203.44,204.0,203.43,203.88,418059,0
2026-02-16 10:05:00+05:30,203.88,204.4,203.87,204.31,435221,0
2026-02-16 10:10:00+05:30,204.36,204.61,204.03,204.14,404040,0
2026-02-16 10:15:00+05:30,204.14,204.3,203.7,203.99,252280,0
2026-02-16 10:20:00+05:30,203.99,204.0,203.62,203.73,155314,0
2026-02-16 10:25:00+05:30,203.73,203.74,203.2,203.4,268643,0
2026-02-16 10:30:00+05:30,203.4,203.59,203.31,203.4,184610,0
2026-02-16 10:35:00+05:30,203.33,203.44,202.8,202.96,368535,0
2026-02-16 10:40:00+05:30,202.96,203.2,202.85,203.0,125203,0
2026-02-16 10:45:00+05:30,203.04,203.32,202.92,203.07,110161,0
2026-02-16 10:50:00+05:30,203.07,203.38,202.63,202.88,341832,0
2026-02-16 10:55:00+05:30,202.9,203.34,202.75,203.15,184788,0
2026-02-16 11:00:00+05:30,203.15,203.3,203.0,203.25,147396,0
2026-02-16 11:05:00+05:30,203.28,203.3,203.06,203.3,93772,0
2026-02-16 11:10:00+05:30,203.3,203.5,203.26,203.47,109852,0
2026-02-16 11:15:00+05:30,203.47,203.85,203.4,203.81,224423,0
2026-02-16 11:20:00+05:30,203.81,203.84,203.4,203.67,154130,0
2026-02-16 11:25:00+05:30,203.75,203.77,203.4,203.44,89051,0
2026-02-16 11:30:00+05:30,203.44,203.54,203.34,203.34,56969,0
2026-02-16 11:35:00+05:30,203.4,203.7,203.25,203.65,116095,0
2026-02-16 11:40:00+05:30,203.65,203.65,203.4,203.57,56764,0
2026-02-16 11:45:00+05:30,203.57,203.58,203.37,203.48,36835,0
2026-02-16 11:50:00+05:30,203.46,203.5,203.24,203.26,64118,0
2026-02-16 11:55:00+05:30,203.32,203.53,203.26,203.45,67145,0
2026-02-16 12:00:00+05:30,203.45,203.8,203.43,203.71,117582,0
2026-02-16 12:05:00+05:30,203.71,203.74,203.32,203.32,46261,0
2026-02-16 12:10:00+05:30,203.4,203.66,203.35,203.5,95760,0
2026-02-16 12:15:00+05:30,203.5,204.18,203.4,203.83,351770,0
2026-02-16 12:20:00+05:30,203.85,203.97,203.5,203.66,156563,0
2026-02-16 12:25:00+05:30,203.73,203.81,203.46,203.75,189008,0
2026-02-16 12:30:00+05:30,203.79,204.2,203.75,204.12,262996,0
2026-02-16 12:35:00+05:30,204.15,204.8,204.01,204.34,723486,0
2026-02-16 12:40:00+05:30,204.4,204.54,204.21,204.22,167058,0
2026-02-16 12:45:00+05:30,204.29,204.74,204.22,204.5,215488,0
2026-02-16 12:50:00+05:30,204.52,204.9,204.44,204.85,196835,0
2026-02-16 12:55:00+05:30,204.88,205.0,204.64,204.87,242181,0
2026-02-16 13:00:00+05:30,204.85,205.17,204.75,204.95,382962,0
2026-02-16 13:05:00+05:30,204.95,205.1,204.76,204.95,83089,0
2026-02-16 13:10:00+05:30,204.97,205.2,204.9,205.0,217193,0
2026-02-16 13:15:00+05:30,205.0,205.15,204.81,204.87,168982,0
2026-02-16 13:20:00+05:30,204.9,205.18,204.8,205.05,162436,0
2026-02-16 13:25:00+05:30,205.05,205.25,204.95,205.19,91360,0
2026-02-16 13:30:00+05:30,205.19,205.22,204.83,205.06,172659,0
2026-02-16 13:35:00+05:30,205.06,205.1,204.88,205.0,89059,0
2026-02-16 13:40:00+05:30,205.0,205.11,204.83,205.08,91180,0
2026-02-16 13:45:00+05:30,205.08,205.32,205.03,205.2,182099,0
2026-02-16 13:50:00+05:30,205.2,205.24,204.9,205.1,88283,0
2026-02-16 13:55:00+05:30,205.1,205.1,204.69,205.03,235013,0
2026-02-16 14:00:00+05:30,205.03,205.2,205.0,205.06,52178,0
2026-02-16 14:05:00+05:30,205.07,205.09,204.78,204.89,82101,0
2026-02-16 14:10:00+05:30,204.9,205.03,204.8,204.99,85442,0
2026-02-16 14:15:00+05:30,204.95,205.04,204.88,204.94,60981,0
2026-02-16 14:20:00+05:30,204.95,205.0,204.75,204.84,64409,0
2026-02-16 14:25:00+05:30,204.83,205.3,204.8,205.29,128940,0
2026-02-16 14:30:00+05:30,205.28,205.3,204.9,204.96,77715,0
2026-02-16 14:35:00+05:30,205.01,205.22,204.91,205.03,186858,0
2026-02-16 14:40:00+05:30,205.04,205.16,204.94,205.13,112176,0
2026-02-16 14:45:00+05:30,205.12,205.75,205.0,205.6,447813,0
2026-02-16 14:50:00+05:30,205.6,205.95,205.53,205.61,496048,0
2026-02-16 14:55:00+05:30,205.6,205.98,205.6,205.93,304318,0
2026-02-16 15:00:00+05:30,205.93,206.12,205.7,205.99,500245,0
2026-02-16 15:05:00+05:30,205.99,206.0,205.81,205.85,214065,0
2026-02-16 15:10:00+05:30,205.82,205.9,205.7,205.86,337360,0
2026-02-16 15:15:00+05:30,205.8,205.9,205.66,205.78,455150,0
2026-02-16 15:20:00+05:30,205.7,205.9,205.64,205.75,578030,0
2026-02-16 15:25:00+05:30,205.7,205.9,205.33,205.5,450817,0
2026-02-17 09:15:00+05:30,205.5,205.8,203.8,203.87,737808,0
2026-02-17 09:20:00+05:30,203.93,203.97,203.11,203.24,563386,0
2026-02-17 09:25:00+05:30,203.28,204.13,203.06,203.79,536698,0
2026-02-17 09:30:00+05:30,203.79,204.13,203.3,203.99,418648,0
2026-02-17 09:35:00+05:30,203.99,204.04,203.52,203.74,252615,0
2026-02-17 09:40:00+05:30,203.72,204.0,203.51,203.97,211520,0
2026-02-17 09:45:00+05:30,203.98,203.98,203.5,203.86,202422,0
2026-02-17 09:50:00+05:30,203.86,204.37,203.5,204.31,432619,0
2026-02-17 09:55:00+05:30,204.27,204.32,203.52,203.6,279460,0
2026-02-17 10:00:00+05:30,203.6,203.89,203.0,203.11,682805,0
2026-02-17 10:05:00+05:30,203.13,203.23,202.8,202.92,841184,0
2026-02-17 10:10:00+05:30,202.92,203.02,202.54,202.87,354548,0
2026-02-17 10:15:00+05:30,202.87,203.09,202.67,202.95,283684,0
2026-02-17 10:20:00+05:30,202.95,203.63,202.91,203.49,266767,0
2026-02-17 10:25:00+05:30,203.5,204.1,203.44,203.94,278340,0
2026-02-17 10:30:00+05:30,203.93,203.93,203.2,203.26,202716,0
2026-02-17 10:35:00+05:30,203.26,203.34,203.05,203.07,184700,0
2026-02-17 10:40:00+05:30,203.14,203.19,202.4,202.68,470408,0
2026-02-17 10:45:00+05:30,202.68,202.8,202.3,202.55,342859,0
2026-02-17 10:50:00+05:30,202.55,202.55,201.81,202.15,562814,0
2026-02-17 10:55:00+05:30,202.13,202.47,201.99,202.3,238616,0
2026-02-17 11:00:00+05:30,202.31,202.35,201.94,202.18,236835,0
2026-02-17 11:05:00+05:30,202.18,202.29,201.66,202.22,320622,0
2026-02-17 11:10:00+05:30,202.22,202.5,201.98,202.4,171083,0
2026-02-17 11:15:00+05:30,202.4,202.65,202.2,202.58,212476,0
2026-02-17 11:20:00+05:30,202.58,202.97,202.5,202.89,147382,0
2026-02-17 11:25:00+05:30,202.88,202.9,202.6,202.83,106000,0
2026-02-17 11:30:00+05:30,202.83,203.2,202.69,203.05,214260,0
2026-02-17 11:35:00+05:30,203.04,203.3,203.0,203.26,172586,0
2026-02-17 11:40:00+05:30,203.26,203.44,203.0,203.06,162785,0
2026-02-17 11:45:00+05:30,203.06,203.49,203.01,203.3,190098,0
2026-02-17 11:50:00+05:30,203.3,203.4,203.01,203.2,96186,0
2026-02-17 11:55:00+05:30,203.2,203.31,203.03,203.25,71400,0
2026-02-17 12:00:00+05:30,203.25,203.25,202.75,202.85,132463,0
2026-02-17 12:05:00+05:30,202.85,203.03,202.82,203.0,85211,0
2026-02-17 12:10:00+05:30,203.0,203.03,202.81,202.99,86115,0
2026-02-17 12:15:00+05:30,202.99,203.16,202.9,203.0,292925,0
2026-02-17 12:20:00+05:30,203.0,203.19,202.97,203.1,217771,0
2026-02-17 12:25:00+05:30,203.1,203.28,203.09,203.18,177650,0
2026-02-17 12:30:00+05:30,203.17,203.3,203.07,203.29,81229,0
2026-02-17 12:35:00+05:30,203.3,203.49,203.18,203.45,104433,0
2026-02-17 12:40:00+05:30,203.45,203.5,203.28,203.4,125270,0
2026-02-17 12:45:00+05:30,203.44,203.48,203.32,203.35,66737,0
2026-02-17 12:50:00+05:30,203.35,203.72,203.31,203.68,100198,0
2026-02-17 12:55:00+05:30,203.68,203.7,203.25,203.33,159242,0
2026-02-17 13:00:00+05:30,203.38,203.48,203.05,203.07,129701,0
2026-02-17 13:05:00+05:30,203.07,203.61,203.0,203.57,163600,0
2026-02-17 13:10:00+05:30,203.57,203.75,203.32,203.54,219547,0
2026-02-17 13:15:00+05:30,203.54,203.6,203.4,203.45,78680,0
2026-02-17 13:20:00+05:30,203.45,203.5,203.0,203.37,170865,0
2026-02-17 13:25:00+05:30,203.44,203.58,203.14,203.45,107058,0
2026-02-17 13:30:00+05:30,203.45,203.8,203.4,203.62,119092,0
2026-02-17 13:35:00+05:30,203.64,203.67,203.36,203.4,64451,0
2026-02-17 13:40:00+05:30,203.48,203.61,203.37,203.52,46633,0
2026-02-17 13:45:00+05:30,203.56,203.56,203.35,203.42,46015,0
2026-02-17 13:50:00+05:30,203.41,203.42,203.21,203.24,49385,0
2026-02-17 13:55:00+05:30,203.23,203.24,202.81,203.01,310935,0
2026-02-17 14:00:00+05:30,203.01,203.3,202.9,203.29,164093,0
2026-02-17 14:05:00+05:30,203.29,203.3,203.07,203.11,70191,0
2026-02-17 14:10:00+05:30,203.11,203.14,202.7,202.71,223697,0
2026-02-17 14:15:00+05:30,202.71,203.0,202.57,202.93,145486,0
2026-02-17 14:20:00+05:30,202.93,203.1,202.78,202.88,110515,0
2026-02-17 14:25:00+05:30,202.89,202.95,202.72,202.78,94177,0
2026-02-17 14:30:00+05:30,202.77,202.95,202.7,202.94,84891,0
2026-02-17 14:35:00+05:30,202.94,203.3,202.91,203.0,235404,0
2026-02-17 14:40:00+05:30,203.0,203.09,202.11,202.35,1129562,0
2026-02-17 14:45:00+05:30,202.43,202.54,202.36,202.52,104412,0
2026-02-17 14:50:00+05:30,202.52,202.88,202.47,202.7,177018,0
2026-02-17 14:55:00+05:30,202.72,202.92,202.55,202.81,206700,0
2026-02-17 15:00:00+05:30,202.84,203.35,202.84,203.15,361552,0
2026-02-17 15:05:00+05:30,203.16,203.22,203.06,203.18,185705,0
2026-02-17 15:10:00+05:30,203.18,203.2,202.89,203.09,232268,0
2026-02-17 15:15:00+05:30,203.03,203.23,202.93,203.06,543935,0
2026-02-17 15:20:00+05:30,203.1,203.15,202.93,203.08,445349,0
2026-02-17 15:25:00+05:30,203.08,203.2,202.89,202.89,398930,0
2026-02-18 09:15:00+05:30,203.55,205.0,203.55,204.9,1100236,0
2026-02-18 09:20:00+05:30,204.9,205.8,204.85,205.6,1138298,0
2026-02-18 09:25:00+05:30,205.57,206.9,205.33,206.77,1321972,0
2026-02-18 09:30:00+05:30,206.79,207.19,206.2,206.76,1411490,0
2026-02-18 09:35:00+05:30,206.76,207.33,206.45,207.21,894114,0
2026-02-18 09:40:00+05:30,207.21,207.31,206.86,206.97,749073,0
2026-02-18 09:45:00+05:30,207.05,207.05,206.43,206.55,522987,0
2026-02-18 09:50:00+05:30,206.6,206.6,206.2,206.3,376302,0
2026-02-18 09:55:00+05:30,206.3,206.37,205.6,206.0,793610,0
2026-02-18 10:00:00+05:30,206.05,206.5,205.86,206.45,384265,0
2026-02-18 10:05:00+05:30,206.45,206.82,206.06,206.75,487627,0
2026-02-18 10:10:00+05:30,206.75,207.1,206.57,206.97,590486,0
2026-02-18 10:15:00+05:30,206.97,207.39,206.76,207.25,2675564,0
2026-02-18 10:20:00+05:30,207.25,208.0,206.99,207.92,1659384,0
2026-02-18 10:25:00+05:30,207.94,208.22,207.83,208.1,1216422,0
2026-02-18 10:30:00+05:30,208.1,208.1,207.8,208.08,662499,0
2026-02-18 10:35:00+05:30,208.09,208.72,208.03,208.25,1112255,0
2026-02-18 10:40:00+05:30,208.28,208.45,207.91,208.3,529040,0
2026-02-18 10:45:00+05:30,208.31,208.38,208.1,208.19,289808,0
2026-02-18 10:50:00+05:30,208.19,208.4,207.97,208.22,367087,0
2026-02-18 10:55:00+05:30,208.25,208.9,208.18,208.8,737484,0
2026-02-18 11:00:00+05:30,208.86,209.11,208.75,209.0,1693083,0
2026-02-18 11:05:00+05:30,209.01,209.3,208.86,209.2,1253801,0
2026-02-18 11:10:00+05:30,209.2,209.34,209.06,209.13,506286,0
2026-02-18 11:15:00+05:30,209.13,209.14,208.81,209.02,950034,0
2026-02-18 11:20:00+05:30,209.03,209.15,208.67,208.75,541735,0
2026-02-18 11:25:00+05:30,208.7,208.93,208.58,208.82,386777,0
2026-02-18 11:30:00+05:30,208.85,209.44,208.8,209.28,573994,0
2026-02-18 11:35:00+05:30,209.29,209.33,208.86,208.97,296142,0
2026-02-18 11:40:00+05:30,209.0,209.17,208.85,208.9,240332,0
2026-02-18 11:45:00+05:30,208.94,209.2,208.72,209.11,305615,0
2026-02-18 11:50:00+05:30,209.19,209.45,209.09,209.43,596326,0
2026-02-18 11:55:00+05:30,209.44,209.6,209.0,209.28,739563,0
2026-02-18 12:00:00+05:30,209.28,209.7,209.05,209.06,746356,0
2026-02-18 12:05:00+05:30,209.1,209.33,209.03,209.03,391336,0
2026-02-18 12:10:00+05:30,209.08,209.4,209.01,209.28,483269,0
2026-02-18 12:15:00+05:30,209.28,209.6,209.06,209.25,1475070,0
2026-02-18 12:20:00+05:30,209.25,209.7,209.2,209.41,694882,0
2026-02-18 12:25:00+05:30,209.49,209.5,209.2,209.27,314560,0
2026-02-18 12:30:00+05:30,209.3,209.44,209.11,209.3,284547,0
2026-02-18 12:35:00+05:30,209.31,209.5,209.1,209.14,382175,0
2026-02-18 12:40:00+05:30,209.22,209.22,208.83,208.93,490581,0
2026-02-18 12:45:00+05:30,208.94,209.0,208.66,208.7,403647,0
2026-02-18 12:50:00+05:30,208.77,209.0,208.6,208.95,385476,0
2026-02-18 12:55:00+05:30,208.98,209.31,208.9,209.13,298101,0
2026-02-18 13:00:00+05:30,209.22,209.26,209.0,209.04,191629,0
2026-02-18 13:05:00+05:30,209.07,209.2,209.01,209.06,231509,0
2026-02-18 13:10:00+05:30,209.1,209.25,208.94,209.2,245937,0
2026-02-18 13:15:00+05:30,209.25,209.35,209.12,209.28,312155,0
2026-02-18 13:20:00+05:30,209.27,209.28,209.13,209.19,176337,0
2026-02-18 13:25:00+05:30,209.19,209.24,209.0,209.09,247741,0
2026-02-18 13:30:00+05:30,209.1,209.25,209.06,209.22,256307,0
2026-02-18 13:35:00+05:30,209.24,209.4,208.7,208.71,515336,0
2026-02-18 13:40:00+05:30,208.7,208.95,208.7,208.78,341446,0
2026-02-18 13:45:00+05:30,208.79,209.15,208.78,209.01,412805,0
2026-02-18 13:50:00+05:30,209.06,209.17,208.7,208.8,334562,0
2026-02-18 13:55:00+05:30,208.8,209.34,208.71,209.25,326919,0
2026-02-18 14:00:00+05:30,209.32,209.48,209.2,209.35,360747,0
2026-02-18 14:05:00+05:30,209.35,209.48,209.34,209.46,310994,0
2026-02-18 14:10:00+05:30,209.45,209.6,209.4,209.53,631610,0
2026-02-18 14:15:00+05:30,209.53,209.6,209.3,209.59,469377,0
2026-02-18 14:20:00+05:30,209.59,209.7,209.3,209.43,467559,0
2026-02-18 14:25:00+05:30,209.51,209.51,209.12,209.26,445018,0
2026-02-18 14:30:00+05:30,209.2,209.35,209.12,209.23,335087,0
2026-02-18 14:35:00+05:30,209.25,209.45,209.18,209.34,341783,0
2026-02-18 14:40:00+05:30,209.32,209.36,208.85,209.03,984583,0
2026-02-18 14:45:00+05:30,209.03,209.2,208.8,209.03,457671,0
2026-02-18 14:50:00+05:30,209.04,209.19,208.95,209.07,299281,0
2026-02-18 14:55:00+05:30,209.07,209.28,209.06,209.11,609862,0
2026-02-18 15:00:00+05:30,209.11,209.35,208.81,208.84,737423,0
2026-02-18 15:05:00+05:30,208.9,209.2,208.84,209.13,726535,0
2026-02-18 15:10:00+05:30,209.14,209.23,208.93,209.09,1126286,0
2026-02-18 15:15:00+05:30,209.09,209.23,208.95,209.15,1213223,0
2026-02-18 15:20:00+05:30,209.1,209.2,208.8,208.82,1012192,0
2026-02-18 15:25:00+05:30,208.82,209.14,208.55,208.85,763453,0
2026-02-19 09:15:00+05:30,211.0,211.39,210.41,210.6,2618884,0
2026-02-19 09:20:00+05:30,210.6,210.74,209.84,210.49,1369815,0
2026-02-19 09:25:00+05:30,210.49,210.5,209.51,209.58,864257,0
2026-02-19 09:30:00+05:30,209.64,209.81,209.22,209.28,619817,0
2026-02-19 09:35:00+05:30,209.28,209.51,209.01,209.08,606733,0
2026-02-19 09:40:00+05:30,209.08,209.11,208.7,208.77,748042,0
2026-02-19 09:45:00+05:30,208.85,209.56,208.75,209.19,722675,0
2026-02-19 09:50:00+05:30,209.23,209.3,208.5,208.55,610197,0
2026-02-19 09:55:00+05:30,208.51,208.58,208.11,208.46,537552,0
2026-02-19 10:00:00+05:30,208.4,208.5,208.1,208.38,329235,0
2026-02-19 10:05:00+05:30,208.39,208.4,207.82,208.1,620910,0
2026-02-19 10:10:00+05:30,208.08,208.1,207.7,207.75,325580,0
2026-02-19 10:15:00+05:30,207.8,208.13,207.64,207.9,382372,0
2026-02-19 10:20:00+05:30,207.91,207.99,207.54,207.77,607854,0
2026-02-19 10:25:00+05:30,207.75,208.01,207.74,207.91,343736,0
2026-02-19 10:30:00+05:30,207.9,208.0,207.64,207.83,378296,0
2026-02-19 10:35:00+05:30,207.83,207.98,207.55,207.67,314533,0
2026-02-19 10:40:00+05:30,207.65,208.09,207.41,207.82,395489,0
2026-02-19 10:45:00+05:30,207.82,207.84,207.61,207.75,172076,0
2026-02-19 10:50:00+05:30,207.75,208.07,207.55,208.0,204285,0
2026-02-19 10:55:00+05:30,208.04,208.29,207.85,208.18,249694,0
2026-02-19 11:00:00+05:30,208.17,208.25,208.0,208.08,178868,0
2026-02-19 11:05:00+05:30,208.08,208.48,208.01,208.26,166475,0
2026-02-19 11:10:00+05:30,208.25,208.39,208.1,208.2,144239,0
2026-02-19 11:15:00+05:30,208.2,208.35,208.06,208.1,128146,0
2026-02-19 11:20:00+05:30,208.15,208.3,208.01,208.1,171748,0
2026-02-19 11:25:00+05:30,208.1,208.17,208.01,208.12,96128,0
2026-02-19 11:30:00+05:30,208.12,208.25,208.0,208.18,178566,0
2026-02-19 11:35:00+05:30,208.17,208.25,208.0,208.25,150209,0
2026-02-19 11:40:00+05:30,208.23,208.3,208.06,208.21,127453,0
2026-02-19 11:45:00+05:30,208.21,208.4,208.11,208.38,127675,0
2026-02-19 11:50:00+05:30,208.38,208.5,208.0,208.11,454740,0
2026-02-19 11:55:00+05:30,208.06,208.2,207.5,207.76,742708,0
2026-02-19 12:00:00+05:30,207.8,207.92,207.6,207.8,148318,0
2026-02-19 12:05:00+05:30,207.82,208.35,207.76,208.0,255847,0
2026-02-19 12:10:00+05:30,208.05,208.05,207.71,207.8,126622,0
2026-02-19 12:15:00+05:30,207.8,207.9,207.65,207.87,201342,0
2026-02-19 12:20:00+05:30,207.79,208.15,207.79,208.02,219251,0
2026-02-19 12:25:00+05:30,208.05,208.08,207.66,207.77,159550,0
2026-02-19 12:30:00+05:30,207.78,208.16,207.75,207.94,95040,0
2026-02-19 12:35:00+05:30,207.94,208.07,207.68,207.78,153232,0
2026-02-19 12:40:00+05:30,207.77,207.87,207.29,207.35,363545,0
2026-02-19 12:45:00+05:30,207.4,207.74,207.2,207.72,158979,0
2026-02-19 12:50:00+05:30,207.73,207.99,207.5,207.75,98570,0
2026-02-19 12:55:00+05:30,207.75,207.9,207.36,207.69,186448,0
2026-02-19 13:00:00+05:30,207.7,207.74,207.31,207.59,147957,0
2026-02-19 13:05:00+05:30,207.53,207.7,207.33,207.59,207092,0
2026-02-19 13:10:00+05:30,207.59,207.64,207.25,207.32,413138,0
2026-02-19 13:15:00+05:30,207.32,207.35,207.06,207.2,243103,0
2026-02-19 13:20:00+05:30,207.2,207.39,207.15,207.3,117933,0
2026-02-19 13:25:00+05:30,207.34,207.36,206.8,207.13,406207,0
2026-02-19 13:30:00+05:30,207.13,207.13,206.64,206.79,272151,0
2026-02-19 13:35:00+05:30,206.79,207.14,206.72,207.05,175378,0
2026-02-19 13:40:00+05:30,207.05,207.6,207.0,207.42,198657,0
2026-02-19 13:45:00+05:30,207.42,207.42,207.1,207.2,85378,0
2026-02-19 13:50:00+05:30,207.2,207.2,207.03,207.13,119737,0
2026-02-19 13:55:00+05:30,207.13,207.21,207.05,207.11,93174,0
2026-02-19 14:00:00+05:30,207.15,207.28,206.8,206.92,268051,0
2026-02-19 14:05:00+05:30,207.0,207.0,206.83,206.97,147097,0
2026-02-19 14:10:00+05:30,206.97,207.02,206.84,207.0,195446,0
2026-02-19 14:15:00+05:30,207.0,207.32,206.93,207.26,233303,0
2026-02-19 14:20:00+05:30,207.25,207.34,206.99,207.1,220219,0
2026-02-19 14:25:00+05:30,207.1,207.2,206.77,206.8,163226,0
2026-02-19 14:30:00+05:30,206.8,206.99,206.78,206.94,142208,0
2026-02-19 14:35:00+05:30,206.94,207.16,206.8,206.85,236331,0
2026-02-19 14:40:00+05:30,206.85,206.94,206.42,206.47,273391,0
2026-02-19 14:45:00+05:30,206.47,206.61,206.13,206.5,519271,0
2026-02-19 14:50:00+05:30,206.56,206.74,206.37,206.74,238903,0
2026-02-19 14:55:00+05:30,206.74,206.84,206.29,206.6,392770,0
2026-02-19 15:00:00+05:30,206.63,206.66,206.0,206.07,675960,0
2026-02-19 15:05:00+05:30,206.08,206.25,205.85,206.09,525709,0
2026-02-19 15:10:00+05:30,206.09,206.3,205.34,205.41,833277,0
2026-02-19 15:15:00+05:30,205.41,205.57,204.65,204.74,856849,0
2026-02-19 15:20:00+05:30,204.74,204.99,204.51,204.72,867971,0
2026-02-19 15:25:00+05:30,204.72,205.2,204.25,205.2,619734,0
2026-02-20 09:15:00+05:30,206.41,206.48,205.0,205.28,1323354,0
2026-02-20 09:20:00+05:30,205.28,206.0,205.0,205.53,626400,0
2026-02-20 09:25:00+05:30,205.5,205.72,204.73,204.81,592872,0
2026-02-20 09:30:00+05:30,204.89,206.12,204.79,206.08,399843,0
2026-02-20 09:35:00+05:30,206.08,206.24,205.81,206.1,338232,0
2026-02-20 09:40:00+05:30,206.1,206.48,205.92,206.15,405433,0
2026-02-20 09:45:00+05:30,206.15,206.5,206.02,206.33,368562,0
2026-02-20 09:50:00+05:30,206.35,206.68,206.19,206.5,272726,0
2026-02-20 09:55:00+05:30,206.51,206.8,206.36,206.73,264029,0
2026-02-20 10:00:00+05:30,206.73,206.8,206.36,206.48,195243,0
2026-02-20 10:05:00+05:30,206.48,206.7,205.76,206.0,329426,0
2026-02-20 10:10:00+05:30,206.07,206.25,205.71,205.79,226157,0
2026-02-20 10:15:00+05:30,205.75,206.6,205.72,206.55,170372,0
2026-02-20 10:20:00+05:30,206.55,206.96,206.5,206.8,327220,0
2026-02-20 10:25:00+05:30,206.75,207.1,206.72,206.93,259846,0
2026-02-20 10:30:00+05:30,206.93,207.5,206.9,207.46,389015,0
2026-02-20 10:35:00+05:30,207.46,207.82,207.41,207.56,383580,0
2026-02-20 10:40:00+05:30,207.57,207.99,207.52,207.9,340315,0
2026-02-20 10:45:00+05:30,207.89,207.96,207.51,207.59,355696,0
2026-02-20 10:50:00+05:30,207.59,207.75,207.5,207.7,152844,0
2026-02-20 10:55:00+05:30,207.68,207.84,207.6,207.68,112988,0
2026-02-20 11:00:00+05:30,207.68,207.85,207.3,207.7,260405,0
2026-02-20 11:05:00+05:30,207.7,207.85,207.57,207.64,123233,0
2026-02-20 11:10:00+05:30,207.64,207.68,207.1,207.13,409608,0
2026-02-20 11:15:00+05:30,207.13,207.66,207.08,207.5,368538,0
2026-02-20 11:20:00+05:30,207.5,207.6,207.33,207.53,106345,0
2026-02-20 11:25:00+05:30,207.55,208.19,207.4,207.8,771428,0
2026-02-20 11:30:00+05:30,207.83,208.25,207.79,208.2,219749,0
2026-02-20 11:35:00+05:30,208.25,208.37,207.8,207.84,234738,0
2026-02-20 11:40:00+05:30,207.87,207.98,207.6,207.64,288744,0
2026-02-20 11:45:00+05:30,207.64,208.2,207.61,207.99,286801,0
2026-02-20 11:50:00+05:30,207.99,208.16,207.88,207.98,143519,0
2026-02-20 11:55:00+05:30,207.98,208.45,207.9,208.33,301873,0
2026-02-20 12:00:00+05:30,208.39,208.5,208.01,208.28,141681,0
2026-02-20 12:05:00+05:30,208.27,208.42,208.2,208.38,130893,0
2026-02-20 12:10:00+05:30,208.4,208.55,208.22,208.5,290643,0
2026-02-20 12:15:00+05:30,208.5,208.97,208.46,208.88,631167,0
2026-02-20 12:20:00+05:30,208.95,209.11,208.8,209.05,424576,0
2026-02-20 12:25:00+05:30,209.05,209.26,208.92,209.09,264228,0
2026-02-20 12:30:00+05:30,209.18,209.2,209.0,209.13,94021,0
2026-02-20 12:35:00+05:30,209.13,209.2,209.1,209.1,118350,0
2026-02-20 12:40:00+05:30,209.14,209.14,208.8,208.9,325026,0
2026-02-20 12:45:00+05:30,208.87,209.1,208.64,208.86,329961,0
2026-02-20 12:50:00+05:30,208.84,209.1,208.76,209.09,176143,0
2026-02-20 12:55:00+05:30,209.1,209.1,208.76,208.97,367686,0
2026-02-20 13:00:00+05:30,208.98,209.0,208.44,208.85,281031,0
2026-02-20 13:05:00+05:30,208.85,208.89,208.52,208.61,188840,0
2026-02-20 13:10:00+05:30,208.56,208.8,208.26,208.73,347714,0
2026-02-20 13:15:00+05:30,208.71,208.74,208.3,208.46,438436,0
2026-02-20 13:20:00+05:30,208.45,208.45,207.95,208.42,408830,0
2026-02-20 13:25:00+05:30,208.4,208.41,208.16,208.36,126715,0
2026-02-20 13:30:00+05:30,208.38,208.49,208.25,208.28,163048,0
2026-02-20 13:35:00+05:30,208.29,208.45,208.2,208.44,188446,0
2026-02-20 13:40:00+05:30,208.44,208.48,208.13,208.45,173000,0
2026-02-20 13:45:00+05:30,208.45,208.7,208.43,208.61,280744,0
2026-02-20 13:50:00+05:30,208.63,208.69,208.34,208.47,173564,0
2026-02-20 13:55:00+05:30,208.52,208.8,208.42,208.77,145218,0
2026-02-20 14:00:00+05:30,208.77,209.3,208.67,208.95,453037,0
2026-02-20 14:05:00+05:30,208.95,209.0,208.79,208.9,176323,0
2026-02-20 14:10:00+05:30,208.9,209.0,208.54,208.87,453591,0
2026-02-20 14:15:00+05:30,208.88,209.05,208.84,208.93,288601,0
2026-02-20 14:20:00+05:30,208.93,209.09,208.85,208.93,170504,0
2026-02-20 14:25:00+05:30,208.93,208.99,208.68,208.68,242532,0
2026-02-20 14:30:00+05:30,208.69,208.85,208.5,208.77,314672,0
2026-02-20 14:35:00+05:30,208.76,209.0,208.33,208.53,505183,0
2026-02-20 14:40:00+05:30,208.53,208.85,208.5,208.68,218425,0
2026-02-20 14:45:00+05:30,208.68,208.95,208.65,208.95,262221,0
2026-02-20 14:50:00+05:30,208.95,209.0,208.55,208.97,396278,0
2026-02-20 14:55:00+05:30,208.96,209.1,208.58,209.09,863675,0
2026-02-20 15:00:00+05:30,209.09,209.15,208.5,208.64,760145,0
2026-02-20 15:05:00+05:30,208.6,208.69,208.3,208.4,572842,0
2026-02-20 15:10:00+05:30,208.4,208.6,208.35,208.59,874323,0
2026-02-20 15:15:00+05:30,208.55,208.59,208.15,208.31,917561,0
2026-02-20 15:20:00+05:30,208.29,208.31,207.86,208.11,843563,0
2026-02-20 15:25:00+05:30,208.11,208.42,207.89,208.21,731409,0
2026-02-23 09:15:00+05:30,210.0,210.1,208.04,209.12,1322999,0
2026-02-23 09:20:00+05:30,209.08,209.2,208.68,208.78,688467,0
2026-02-23 09:25:00+05:30,208.78,208.82,208.44,208.7,339422,0
2026-02-23 09:30:00+05:30,208.75,209.0,208.41,208.68,493888,0
2026-02-23 09:35:00+05:30,208.7,209.38,208.52,209.0,481678,0
2026-02-23 09:40:00+05:30,209.03,209.3,208.92,209.14,256313,0
2026-02-23 09:45:00+05:30,209.19,209.21,208.71,209.02,258043,0
2026-02-23 09:50:00+05:30,209.0,209.1,208.57,208.97,400816,0
2026-02-23 09:55:00+05:30,208.97,209.13,208.71,208.85,249542,0
2026-02-23 10:00:00+05:30,208.85,209.1,208.75,209.04,231622,0
2026-02-23 10:05:00+05:30,209.1,209.1,208.65,208.7,328014,0
2026-02-23 10:10:00+05:30,208.7,208.73,208.3,208.35,404329,0
2026-02-23 10:15:00+05:30,208.38,208.75,208.2,208.74,354890,0
2026-02-23 10:20:00+05:30,208.74,208.9,208.56,208.63,475889,0
2026-02-23 10:25:00+05:30,208.63,208.76,208.49,208.63,262652,0
2026-02-23 10:30:00+05:30,208.63,208.7,208.5,208.58,180420,0
2026-02-23 10:35:00+05:30,208.58,208.7,208.24,208.3,299821,0
2026-02-23 10:40:00+05:30,208.3,208.34,207.7,207.73,428504,0
2026-02-23 10:45:00+05:30,207.73,207.86,207.4,207.66,369389,0
2026-02-23 10:50:00+05:30,207.66,208.01,207.6,207.8,334872,0
2026-02-23 10:55:00+05:30,207.81,207.95,207.6,207.74,306516,0
2026-02-23 11:00:00+05:30,207.82,208.34,207.69,208.09,383641,0
2026-02-23 11:05:00+05:30,208.09,208.13,207.7,207.86,330409,0
2026-02-23 11:10:00+05:30,207.86,207.98,207.73,207.93,230493,0
2026-02-23 11:15:00+05:30,207.92,207.93,207.34,207.49,414012,0
2026-02-23 11:20:00+05:30,207.47,207.58,207.22,207.38,254962,0
2026-02-23 11:25:00+05:30,207.35,207.38,206.78,206.9,381208,0
2026-02-23 11:30:00+05:30,206.88,206.9,206.56,206.62,193180,0
2026-02-23 11:35:00+05:30,206.67,206.8,206.53,206.63,464720,0
2026-02-23 11:40:00+05:30,206.71,206.71,206.29,206.38,266738,0
2026-02-23 11:45:00+05:30,206.35,206.4,205.9,206.03,517807,0
2026-02-23 11:50:00+05:30,206.05,206.25,206.0,206.1,124094,0
2026-02-23 11:55:00+05:30,206.1,206.15,205.5,205.64,352606,0
2026-02-23 12:00:00+05:30,205.68,206.25,205.5,206.2,342762,0
2026-02-23 12:05:00+05:30,206.2,207.0,206.18,206.87,759368,0
2026-02-23 12:10:00+05:30,206.87,207.2,206.51,207.0,292009,0
2026-02-23 12:15:00+05:30,207.1,207.15,206.94,207.05,247940,0
2026-02-23 12:20:00+05:30,207.05,207.25,206.92,207.07,445423,0
2026-02-23 12:25:00+05:30,207.07,207.1,206.84,206.91,260252,0
2026-02-23 12:30:00+05:30,206.9,207.03,206.69,206.95,298526,0
2026-02-23 12:35:00+05:30,206.98,207.19,206.95,207.18,416962,0
2026-02-23 12:40:00+05:30,207.18,207.35,207.12,207.35,336395,0
2026-02-23 12:45:00+05:30,207.35,207.4,207.01,207.1,331699,0
2026-02-23 12:50:00+05:30,207.12,207.15,206.69,206.88,263526,0
2026-02-23 12:55:00+05:30,206.9,207.21,206.73,206.96,291692,0
2026-02-23 13:00:00+05:30,206.96,207.0,206.76,206.94,71030,0
2026-02-23 13:05:00+05:30,206.92,206.93,206.6,206.76,141391,0
2026-02-23 13:10:00+05:30,206.78,206.85,206.63,206.7,141565,0
2026-02-23 13:15:00+05:30,206.7,206.99,206.63,206.86,294333,0
2026-02-23 13:20:00+05:30,206.86,207.48,206.75,207.43,196539,0
2026-02-23 13:25:00+05:30,207.43,207.85,207.13,207.81,177093,0
2026-02-23 13:30:00+05:30,207.81,207.88,207.61,207.75,203069,0
2026-02-23 13:35:00+05:30,207.74,207.96,207.62,207.94,172054,0
2026-02-23 13:40:00+05:30,207.94,207.99,207.76,207.96,131370,0
2026-02-23 13:45:00+05:30,207.96,208.19,207.83,208.05,261151,0
2026-02-23 13:50:00+05:30,208.05,208.1,207.7,207.8,148238,0
2026-02-23 13:55:00+05:30,207.84,207.93,207.61,207.77,110920,0
2026-02-23 14:00:00+05:30,207.77,207.89,207.18,207.4,237212,0
2026-02-23 14:05:00+05:30,207.46,207.68,207.26,207.59,88656,0
2026-02-23 14:10:00+05:30,207.59,207.65,207.35,207.63,76533,0
2026-02-23 14:15:00+05:30,207.63,207.75,207.28,207.72,104966,0
2026-02-23 14:20:00+05:30,207.74,207.78,207.47,207.61,72672,0
2026-02-23 14:25:00+05:30,207.58,207.75,207.38,207.74,92640,0
2026-02-23 14:30:00+05:30,207.74,208.0,207.64,207.86,122426,0
2026-02-23 14:35:00+05:30,207.86,207.95,207.55,207.63,160631,0
2026-02-23 14:40:00+05:30,207.6,207.7,207.32,207.53,142518,0
2026-02-23 14:45:00+05:30,207.53,207.91,207.41,207.89,105501,0
2026-02-23 14:50:00+05:30,207.89,207.89,207.58,207.75,92516,0
2026-02-23 14:55:00+05:30,207.75,207.95,207.63,207.8,120737,0
2026-02-23 15:00:00+05:30,207.78,208.29,207.78,208.25,553883,0
2026-02-23 15:05:00+05:30,208.25,208.35,208.02,208.21,473181,0
2026-02-23 15:10:00+05:30,208.21,208.21,207.98,208.1,379211,0
2026-02-23 15:15:00+05:30,208.1,208.5,207.91,208.39,736458,0
2026-02-23 15:20:00+05:30,208.36,208.42,208.02,208.2,534170,0
2026-02-23 15:25:00+05:30,208.2,208.3,208.0,208.0,559748,0
2026-02-24 09:15:00+05:30,207.21,209.27,206.75,209.03,932946,0
2026-02-24 09:20:00+05:30,209.03,209.3,208.75,209.07,616381,0
2026-02-24 09:25:00+05:30,209.02,209.13,208.7,208.7,341770,0
2026-02-24 09:30:00+05:30,208.78,208.86,208.1,208.36,314017,0
2026-02-24 09:35:00+05:30,208.36,208.59,208.21,208.25,178282,0
2026-02-24 09:40:00+05:30,208.3,208.5,208.08,208.5,157578,0
2026-02-24 09:45:00+05:30,208.5,209.04,208.25,208.27,884179,0
2026-02-24 09:50:00+05:30,208.27,208.31,207.96,208.13,215328,0
2026-02-24 09:55:00+05:30,208.13,208.22,207.85,207.92,186155,0
2026-02-24 10:00:00+05:30,207.92,208.25,207.78,208.23,213255,0
2026-02-24 10:05:00+05:30,208.22,208.34,208.06,208.18,107698,0
2026-02-24 10:10:00+05:30,208.19,208.24,207.93,208.04,149241,0
2026-02-24 10:15:00+05:30,208.05,208.45,208.0,208.39,213949,0
2026-02-24 10:20:00+05:30,208.39,208.5,208.14,208.14,150289,0
2026-02-24 10:25:00+05:30,208.21,208.34,207.95,208.22,200569,0
2026-02-24 10:30:00+05:30,208.24,208.33,207.99,208.03,124020,0
2026-02-24 10:35:00+05:30,208.04,208.15,208.0,208.08,63864,0
2026-02-24 10:40:00+05:30,208.08,208.25,208.0,208.12,242273,0
2026-02-24 10:45:00+05:30,208.1,208.17,207.9,207.92,185207,0
2026-02-24 10:50:00+05:30,207.93,208.03,207.9,208.0,97284,0
2026-02-24 10:55:00+05:30,208.0,208.12,207.87,208.0,107430,0
2026-02-24 11:00:00+05:30,208.0,208.17,207.94,208.12,80307,0
2026-02-24 11:05:00+05:30,208.12,208.12,207.92,208.09,99697,0
2026-02-24 11:10:00+05:30,208.08,208.3,208.06,208.14,145235,0
2026-02-24 11:15:00+05:30,208.13,208.29,208.09,208.24,131721,0
2026-02-24 11:20:00+05:30,208.21,208.33,208.2,208.27,106568,0
2026-02-24 11:25:00+05:30,208.28,208.45,208.24,208.37,108746,0
2026-02-24 11:30:00+05:30,208.38,208.5,208.28,208.36,167338,0
2026-02-24 11:35:00+05:30,208.38,208.47,208.22,208.33,130530,0
2026-02-24 11:40:00+05:30,208.33,208.4,208.14,208.15,103323,0
2026-02-24 11:45:00+05:30,208.15,208.2,207.99,208.1,203188,0
2026-02-24 11:50:00+05:30,208.09,208.1,207.9,208.03,287027,0
2026-02-24 11:55:00+05:30,208.03,208.04,207.9,207.93,135042,0
2026-02-24 12:00:00+05:30,207.98,208.04,207.9,207.9,75817,0
2026-02-24 12:05:00+05:30,207.92,208.0,207.9,207.95,114932,0
2026-02-24 12:10:00+05:30,207.96,208.0,207.84,208.0,118026,0
2026-02-24 12:15:00+05:30,208.0,208.0,207.9,207.96,64025,0
2026-02-24 12:20:00+05:30,207.96,207.99,207.8,207.9,131991,0
2026-02-24 12:25:00+05:30,207.87,208.15,207.83,208.08,120095,0
2026-02-24 12:30:00+05:30,208.09,208.2,207.96,208.18,114208,0
2026-02-24 12:35:00+05:30,208.18,208.24,207.92,208.03,517238,0
2026-02-24 12:40:00+05:30,208.01,208.2,207.95,207.96,86953,0
2026-02-24 12:45:00+05:30,207.97,208.03,207.7,207.9,209016,0
2026-02-24 12:50:00+05:30,207.93,208.0,207.83,207.94,72974,0
2026-02-24 12:55:00+05:30,207.94,208.0,207.75,207.89,173847,0
2026-02-24 13:00:00+05:30,207.9,208.08,207.83,208.08,93885,0
2026-02-24 13:05:00+05:30,208.04,208.1,207.95,208.03,108631,0
2026-02-24 13:10:00+05:30,208.04,208.12,207.92,208.04,101445,0
2026-02-24 13:15:00+05:30,208.09,208.23,208.0,208.07,198139,0
2026-02-24 13:20:00+05:30,208.14,208.25,208.01,208.04,98008,0
2026-02-24 13:25:00+05:30,208.05,208.06,207.66,207.81,128783,0
2026-02-24 13:30:00+05:30,207.77,207.84,207.26,207.29,493117,0
2026-02-24 13:35:00+05:30,207.3,207.74,207.1,207.7,362677,0
2026-02-24 13:40:00+05:30,207.7,207.9,207.55,207.88,195040,0
2026-02-24 13:45:00+05:30,207.86,207.98,207.81,207.89,106350,0
2026-02-24 13:50:00+05:30,207.89,208.09,207.86,208.05,153127,0
2026-02-24 13:55:00+05:30,208.05,208.46,208.01,208.38,406838,0
2026-02-24 14:00:00+05:30,208.39,208.44,208.08,208.14,307778,0
2026-02-24 14:05:00+05:30,208.14,208.17,207.98,208.1,150747,0
2026-02-24 14:10:00+05:30,208.1,208.4,208.03,208.34,145379,0
2026-02-24 14:15:00+05:30,208.33,208.48,208.0,208.45,402299,0
2026-02-24 14:20:00+05:30,208.45,208.75,208.42,208.63,718609,0
2026-02-24 14:25:00+05:30,208.63,209.1,208.5,208.97,730191,0
2026-02-24 14:30:00+05:30,208.97,208.99,208.63,208.75,298185,0
2026-02-24 14:35:00+05:30,208.75,208.91,208.7,208.81,207437,0
2026-02-24 14:40:00+05:30,208.82,208.88,208.5,208.56,330534,0
2026-02-24 14:45:00+05:30,208.57,209.1,208.41,208.96,408491,0
2026-02-24 14:50:00+05:30,209.0,209.5,208.99,209.24,713074,0
2026-02-24 14:55:00+05:30,209.25,209.45,209.18,209.42,303282,0
2026-02-24 15:00:00+05:30,209.45,209.54,209.01,209.07,939049,0
2026-02-24 15:05:00+05:30,209.07,209.09,208.83,209.03,975803,0
2026-02-24 15:10:00+05:30,209.01,209.33,208.85,209.2,1341263,0
2026-02-24 15:15:00+05:30,209.2,209.29,208.93,209.17,1137128,0
2026-02-24 15:20:00+05:30,209.17,209.36,209.13,209.18,1107606,0
2026-02-24 15:25:00+05:30,209.19,209.45,208.95,209.0,1508550,0
2026-02-25 09:15:00+05:30,210.1,211.45,209.4,211.15,1685467,0
2026-02-25 09:20:00+05:30,211.15,211.5,210.65,211.46,1080446,0
2026-02-25 09:25:00+05:30,211.46,212.1,211.37,212.05,1470406,0
2026-02-25 09:30:00+05:30,212.05,212.44,211.71,212.43,850131,0
2026-02-25 09:35:00+05:30,212.44,212.58,211.29,211.35,960736,0
2026-02-25 09:40:00+05:30,211.37,212.05,211.33,211.78,480975,0
2026-02-25 09:45:00+05:30,211.78,211.87,211.2,211.4,397130,0
2026-02-25 09:50:00+05:30,211.44,212.25,211.4,212.2,738352,0
2026-02-25 09:55:00+05:30,212.22,212.95,212.16,212.7,1126503,0
2026-02-25 10:00:00+05:30,212.63,213.0,212.6,212.9,824771,0
2026-02-25 10:05:00+05:30,212.91,214.0,212.9,214.0,1253276,0
2026-02-25 10:10:00+05:30,214.0,214.9,213.77,214.88,1525648,0
2026-02-25 10:15:00+05:30,214.88,214.9,214.27,214.53,979411,0
2026-02-25 10:20:00+05:30,214.62,215.24,214.55,215.02,1683944,0
2026-02-25 10:25:00+05:30,215.04,215.45,214.6,215.39,793276,0
2026-02-25 10:30:00+05:30,215.4,216.0,215.2,215.89,1621961,0
2026-02-25 10:35:00+05:30,215.88,216.35,215.51,216.25,990734,0
2026-02-25 10:40:00+05:30,216.25,216.3,215.16,215.4,932902,0
2026-02-25 10:45:00+05:30,215.4,216.2,215.4,216.08,691421,0
2026-02-25 10:50:00+05:30,216.1,216.3,215.83,215.94,586817,0
2026-02-25 10:55:00+05:30,215.9,216.0,215.51,215.79,485040,0
2026-02-25 11:00:00+05:30,215.8,216.15,215.75,216.08,382897,0
2026-02-25 11:05:00+05:30,216.08,216.3,215.81,216.05,653517,0
2026-02-25 11:10:00+05:30,216.04,216.45,216.0,216.44,599333,0
2026-02-25 11:15:00+05:30,216.45,216.45,215.81,215.95,616192,0
2026-02-25 11:20:00+05:30,215.98,216.0,215.73,215.82,478267,0
2026-02-25 11:25:00+05:30,215.89,215.92,215.5,215.63,437566,0
2026-02-25 11:30:00+05:30,215.63,215.65,215.22,215.35,602111,0
2026-02-25 11:35:00+05:30,215.4,216.0,215.26,215.97,444770,0
2026-02-25 11:40:00+05:30,216.0,216.0,215.65,215.88,297220,0
2026-02-25 11:45:00+05:30,215.88,216.32,215.86,216.25,453618,0
2026-02-25 11:50:00+05:30,216.25,216.3,216.1,216.29,299837,0
2026-02-25 11:55:00+05:30,216.3,216.35,216.1,216.3,324801,0
2026-02-25 12:00:00+05:30,216.32,216.43,216.27,216.4,276915,0
2026-02-25 12:05:00+05:30,216.42,216.42,215.9,216.0,423501,0
2026-02-25 12:10:00+05:30,215.97,216.23,215.94,216.22,288707,0
2026-02-25 12:15:00+05:30,216.22,216.45,216.16,216.4,393132,0
2026-02-25 12:20:00+05:30,216.42,216.44,216.27,216.3,306328,0
2026-02-25 12:25:00+05:30,216.38,216.4,216.08,216.15,258311,0
2026-02-25 12:30:00+05:30,216.15,216.2,215.32,215.49,593612,0
2026-02-25 12:35:00+05:30,215.5,215.5,215.0,215.46,984325,0
2026-02-25 12:40:00+05:30,215.48,215.48,214.1,214.11,1371022,0
2026-02-25 12:45:00+05:30,214.1,214.39,213.7,213.9,1069513,0
2026-02-25 12:50:00+05:30,213.9,214.18,213.81,214.02,563342,0
2026-02-25 12:55:00+05:30,214.02,214.54,214.0,214.37,461085,0
2026-02-25 13:00:00+05:30,214.38,214.45,213.9,214.3,419787,0
2026-02-25 13:05:00+05:30,214.3,214.65,214.0,214.4,437120,0
2026-02-25 13:10:00+05:30,214.4,214.8,214.35,214.35,426071,0
2026-02-25 13:15:00+05:30,214.35,214.69,214.21,214.61,291353,0
2026-02-25 13:20:00+05:30,214.6,214.95,214.34,214.66,356659,0
2026-02-25 13:25:00+05:30,214.66,214.72,214.04,214.47,400763,0
2026-02-25 13:30:00+05:30,214.42,214.94,214.42,214.84,289811,0
2026-02-25 13:35:00+05:30,214.78,214.95,214.53,214.81,357846,0
2026-02-25 13:40:00+05:30,214.79,214.94,214.65,214.84,285639,0
2026-02-25 13:45:00+05:30,214.84,214.95,214.52,214.9,306747,0
2026-02-25 13:50:00+05:30,214.89,215.28,214.8,215.27,444495,0
2026-02-25 13:55:00+05:30,215.28,215.3,214.95,215.15,300759,0
2026-02-25 14:00:00+05:30,215.17,215.17,213.8,214.18,785925,0
2026-02-25 14:05:00+05:30,214.2,214.46,214.05,214.36,378616,0
2026-02-25 14:10:00+05:30,214.36,214.65,214.23,214.33,292800,0
2026-02-25 14:15:00+05:30,214.33,214.48,213.68,214.18,542164,0
2026-02-25 14:20:00+05:30,214.18,214.39,214.05,214.15,505467,0
2026-02-25 14:25:00+05:30,214.15,214.2,214.05,214.17,258649,0
2026-02-25 14:30:00+05:30,214.13,214.5,214.12,214.2,349880,0
2026-02-25 14:35:00+05:30,214.2,214.38,213.7,214.0,572170,0
2026-02-25 14:40:00+05:30,213.96,214.0,213.5,213.86,606104,0
2026-02-25 14:45:00+05:30,213.84,213.92,213.6,213.81,350952,0
2026-02-25 14:50:00+05:30,213.81,213.97,213.6,213.95,320535,0
2026-02-25 14:55:00+05:30,213.95,214.34,213.92,214.29,401335,0
2026-02-25 15:00:00+05:30,214.29,214.75,214.1,214.6,884003,0
2026-02-25 15:05:00+05:30,214.62,214.66,214.35,214.6,536316,0
2026-02-25 15:10:00+05:30,214.6,214.75,214.57,214.7,604587,0
2026-02-25 15:15:00+05:30,214.63,214.88,214.47,214.88,866427,0
2026-02-25 15:20:00+05:30,214.9,214.98,214.61,214.76,861207,0
2026-02-25 15:25:00+05:30,214.76,214.92,214.22,214.22,786718,0
2026-02-26 09:15:00+05:30,215.95,215.95,214.2,214.29,2029637,0
2026-02-26 09:20:00+05:30,214.32,214.4,213.65,213.9,886032,0
2026-02-26 09:25:00+05:30,213.85,214.15,213.74,214.05,313395,0
2026-02-26 09:30:00+05:30,214.05,214.05,213.5,214.05,454956,0
2026-02-26 09:35:00+05:30,214.05,214.45,213.66,214.25,435260,0
2026-02-26 09:40:00+05:30,214.25,214.9,214.22,214.45,544707,0
2026-02-26 09:45:00+05:30,214.44,214.59,214.2,214.23,194902,0
2026-02-26 09:50:00+05:30,214.23,214.58,213.85,213.91,847493,0
2026-02-26 09:55:00+05:30,213.85,214.19,213.54,214.17,270007,0
2026-02-26 10:00:00+05:30,214.14,214.18,213.9,214.17,97716,0
2026-02-26 10:05:00+05:30,214.17,214.34,214.06,214.34,117558,0
2026-02-26 10:10:00+05:30,214.34,214.65,213.91,214.1,166828,0
2026-02-26 10:15:00+05:30,214.1,214.39,214.0,214.32,76333,0
2026-02-26 10:20:00+05:30,214.39,214.46,214.17,214.26,91910,0
2026-02-26 10:25:00+05:30,214.26,214.53,214.02,214.3,137448,0
2026-02-26 10:30:00+05:30,214.27,214.3,214.15,214.28,61535,0
2026-02-26 10:35:00+05:30,214.27,214.5,213.8,213.85,690853,0
2026-02-26 10:40:00+05:30,213.82,214.13,213.81,213.98,94562,0
2026-02-26 10:45:00+05:30,213.97,214.1,213.81,213.87,111977,0
2026-02-26 10:50:00+05:30,213.85,213.93,213.7,213.7,156962,0
2026-02-26 10:55:00+05:30,213.72,213.72,213.5,213.51,413463,0
2026-02-26 11:00:00+05:30,213.53,213.65,213.01,213.58,330289,0
2026-02-26 11:05:00+05:30,213.58,213.77,213.5,213.52,112257,0
2026-02-26 11:10:00+05:30,213.59,213.64,213.49,213.52,160194,0
2026-02-26 11:15:00+05:30,213.52,213.88,213.42,213.87,122557,0
2026-02-26 11:20:00+05:30,213.82,214.05,213.67,214.05,1744142,0
2026-02-26 11:25:00+05:30,214.05,214.4,214.05,214.14,177918,0
2026-02-26 11:30:00+05:30,214.1,214.25,213.69,213.88,211696,0
2026-02-26 11:35:00+05:30,213.81,213.94,213.8,213.94,97471,0
2026-02-26 11:40:00+05:30,213.94,213.96,213.45,213.57,319038,0
2026-02-26 11:45:00+05:30,213.55,213.8,213.45,213.71,171752,0
2026-02-26 11:50:00+05:30,213.68,213.74,213.4,213.58,153948,0
2026-02-26 11:55:00+05:30,213.58,213.75,213.5,213.75,79363,0
2026-02-26 12:00:00+05:30,213.74,213.9,213.58,213.9,69294,0
2026-02-26 12:05:00+05:30,213.9,213.99,213.7,213.71,91018,0
2026-02-26 12:10:00+05:30,213.7,213.71,213.4,213.41,122281,0
2026-02-26 12:15:00+05:30,213.41,213.76,213.4,213.68,120494,0
2026-02-26 12:20:00+05:30,213.64,214.04,213.6,214.03,1455427,0
2026-02-26 12:25:00+05:30,214.03,214.2,214.0,214.05,211826,0
2026-02-26 12:30:00+05:30,214.05,214.2,213.88,213.99,142333,0
2026-02-26 12:35:00+05:30,213.99,214.1,213.9,214.0,128176,0
2026-02-26 12:40:00+05:30,214.0,214.3,213.96,214.09,180736,0
2026-02-26 12:45:00+05:30,214.09,214.55,214.05,214.48,247889,0
2026-02-26 12:50:00+05:30,214.48,214.55,214.4,214.51,172955,0
2026-02-26 12:55:00+05:30,214.5,214.52,214.34,214.49,162360,0
2026-02-26 13:00:00+05:30,214.49,214.69,214.34,214.56,206931,0
2026-02-26 13:05:00+05:30,214.56,214.65,214.41,214.5,150015,0
2026-02-26 13:10:00+05:30,214.5,214.65,214.42,214.64,97456,0
2026-02-26 13:15:00+05:30,214.64,214.65,214.36,214.52,130450,0
2026-02-26 13:20:00+05:30,214.5,214.86,214.44,214.86,246314,0
2026-02-26 13:25:00+05:30,214.85,214.89,214.6,214.7,265941,0
2026-02-26 13:30:00+05:30,214.67,214.85,214.55,214.8,183848,0
2026-02-26 13:35:00+05:30,214.8,215.0,214.61,215.0,248569,0
2026-02-26 13:40:00+05:30,215.0,215.0,214.86,214.98,96772,0
2026-02-26 13:45:00+05:30,214.99,215.0,214.62,214.68,334354,0
2026-02-26 13:50:00+05:30,214.68,214.85,214.54,214.68,364196,0
2026-02-26 13:55:00+05:30,214.7,214.72,214.02,214.2,304999,0
2026-02-26 14:00:00+05:30,214.2,214.34,213.97,214.19,220722,0
2026-02-26 14:05:00+05:30,214.18,214.5,214.0,214.43,195326,0
2026-02-26 14:10:00+05:30,214.45,214.59,214.4,214.46,642102,0
2026-02-26 14:15:00+05:30,214.48,214.6,214.26,214.32,144354,0
2026-02-26 14:20:00+05:30,214.39,214.47,214.2,214.2,108695,0
2026-02-26 14:25:00+05:30,214.21,214.52,214.04,214.5,853817,0
2026-02-26 14:30:00+05:30,214.5,214.78,214.41,214.72,330116,0
2026-02-26 14:35:00+05:30,214.74,214.92,214.68,214.84,219291,0
2026-02-26 14:40:00+05:30,214.85,215.3,214.82,215.25,461491,0
2026-02-26 14:45:00+05:30,215.25,215.5,215.05,215.09,429564,0
2026-02-26 14:50:00+05:30,215.1,215.2,214.72,215.01,282991,0
2026-02-26 14:55:00+05:30,215.02,215.2,214.86,215.0,256509,0
2026-02-26 15:00:00+05:30,215.0,215.49,215.0,215.45,516982,0
2026-02-26 15:05:00+05:30,215.48,215.78,215.41,215.62,632040,0
2026-02-26 15:10:00+05:30,215.64,215.75,215.4,215.51,641671,0
2026-02-26 15:15:00+05:30,215.56,215.75,215.42,215.62,720580,0
2026-02-26 15:20:00+05:30,215.65,215.77,215.4,215.4,674526,0
2026-02-26 15:25:00+05:30,215.49,215.56,215.0,215.15,579887,0
2026-02-27 09:15:00+05:30,215.5,215.6,213.59,215.31,1256151,0
2026-02-27 09:20:00+05:30,215.25,215.5,215.03,215.38,503035,0
2026-02-27 09:25:00+05:30,215.44,215.9,215.2,215.32,716757,0
2026-02-27 09:30:00+05:30,215.22,215.43,215.1,215.27,264775,0
2026-02-27 09:35:00+05:30,215.27,215.81,215.1,215.71,292063,0
2026-02-27 09:40:00+05:30,215.72,215.85,215.52,215.52,360950,0
2026-02-27 09:45:00+05:30,215.52,215.67,215.1,215.1,292135,0
2026-02-27 09:50:00+05:30,215.1,215.2,214.81,214.91,418036,0
2026-02-27 09:55:00+05:30,214.9,215.14,214.86,214.91,217584,0
2026-02-27 10:00:00+05:30,214.91,214.91,214.7,214.82,264554,0
2026-02-27 10:05:00+05:30,214.82,215.1,214.75,214.78,210954,0
2026-02-27 10:10:00+05:30,214.78,214.99,214.2,214.37,792017,0
2026-02-27 10:15:00+05:30,214.37,214.5,214.14,214.33,261399,0
2026-02-27 10:20:00+05:30,214.33,214.7,214.3,214.69,179012,0
2026-02-27 10:25:00+05:30,214.69,214.99,214.65,214.85,213597,0
2026-02-27 10:30:00+05:30,214.85,215.0,214.54,214.91,204407,0
2026-02-27 10:35:00+05:30,214.95,215.15,214.4,214.44,279213,0
2026-02-27 10:40:00+05:30,214.47,214.5,214.15,214.27,227994,0
2026-02-27 10:45:00+05:30,214.26,214.5,214.15,214.42,159678,0
2026-02-27 10:50:00+05:30,214.4,214.49,214.3,214.44,114469,0
2026-02-27 10:55:00+05:30,214.44,214.46,214.11,214.11,142375,0
2026-02-27 11:00:00+05:30,214.15,214.34,213.9,214.25,430011,0
2026-02-27 11:05:00+05:30,214.25,214.37,214.0,214.23,133166,0
2026-02-27 11:10:00+05:30,214.23,214.39,214.08,214.26,84463,0
2026-02-27 11:15:00+05:30,214.37,214.38,214.18,214.2,96223,0
2026-02-27 11:20:00+05:30,214.2,214.2,213.8,213.94,228274,0
2026-02-27 11:25:00+05:30,214.0,214.01,213.65,213.71,188710,0
2026-02-27 11:30:00+05:30,213.71,213.71,213.22,213.42,386514,0
2026-02-27 11:35:00+05:30,213.42,213.58,213.27,213.58,143331,0
2026-02-27 11:40:00+05:30,213.58,213.83,213.44,213.76,315265,0
2026-02-27 11:45:00+05:30,213.76,214.0,213.55,213.76,148669,0
2026-02-27 11:50:00+05:30,213.76,214.1,213.61,213.85,98247,0
2026-02-27 11:55:00+05:30,213.85,214.08,213.7,214.05,115193,0
2026-02-27 12:00:00+05:30,214.08,214.4,213.9,213.95,239592,0
2026-02-27 12:05:00+05:30,213.98,214.0,213.25,213.53,528376,0
2026-02-27 12:10:00+05:30,213.53,213.53,213.32,213.41,115878,0
2026-02-27 12:15:00+05:30,213.41,213.53,213.05,213.27,382572,0
2026-02-27 12:20:00+05:30,213.3,213.5,213.25,213.35,87252,0
2026-02-27 12:25:00+05:30,213.34,213.59,213.0,213.4,497425,0
2026-02-27 12:30:00+05:30,213.46,213.7,213.4,213.44,143881,0
2026-02-27 12:35:00+05:30,213.44,213.53,213.23,213.25,115355,0
2026-02-27 12:40:00+05:30,213.26,213.31,213.0,213.15,274504,0
2026-02-27 12:45:00+05:30,213.14,213.5,213.07,213.32,113298,0
2026-02-27 12:50:00+05:30,213.32,213.61,213.26,213.35,95572,0
2026-02-27 12:55:00+05:30,213.35,213.6,213.27,213.46,125402,0
2026-02-27 13:00:00+05:30,213.42,213.46,213.25,213.34,62376,0
2026-02-27 13:05:00+05:30,213.34,213.45,213.25,213.39,96621,0
2026-02-27 13:10:00+05:30,213.39,213.4,213.26,213.39,92518,0
2026-02-27 13:15:00+05:30,213.39,213.77,213.32,213.61,138128,0
2026-02-27 13:20:00+05:30,213.6,213.95,213.5,213.91,144013,0
2026-02-27 13:25:00+05:30,213.9,214.43,213.85,214.17,229474,0
2026-02-27 13:30:00+05:30,214.17,214.26,213.93,214.08,96309,0
2026-02-27 13:35:00+05:30,214.08,214.23,213.93,214.16,122701,0
2026-02-27 13:40:00+05:30,214.16,214.38,214.15,214.28,109518,0
2026-02-27 13:45:00+05:30,214.28,214.5,214.12,214.44,146425,0
2026-02-27 13:50:00+05:30,214.44,214.44,214.05,214.2,92883,0
2026-02-27 13:55:00+05:30,214.2,214.4,214.0,214.23,264262,0
2026-02-27 14:00:00+05:30,214.23,214.3,214.0,214.11,113543,0
2026-02-27 14:05:00+05:30,214.11,214.5,214.0,214.35,305951,0
2026-02-27 14:10:00+05:30,214.36,214.4,214.0,214.09,103646,0
2026-02-27 14:15:00+05:30,214.09,214.2,214.0,214.18,83335,0
2026-02-27 14:20:00+05:30,214.18,214.2,214.02,214.16,84144,0
2026-02-27 14:25:00+05:30,214.16,214.17,213.58,213.67,112374,0
2026-02-27 14:30:00+05:30,213.67,213.89,213.5,213.75,110500,0
2026-02-27 14:35:00+05:30,213.75,213.96,213.72,213.89,99163,0
2026-02-27 14:40:00+05:30,213.9,213.98,213.45,213.55,136182,0
2026-02-27 14:45:00+05:30,213.55,213.56,213.05,213.51,317304,0
2026-02-27 14:50:00+05:30,213.44,213.69,213.31,213.58,281784,0
2026-02-27 14:55:00+05:30,213.58,213.8,213.43,213.7,162773,0
2026-02-27 15:00:00+05:30,213.7,213.71,211.75,211.92,1884900,0
2026-02-27 15:05:00+05:30,211.9,212.42,211.66,212.39,1604852,0
2026-02-27 15:10:00+05:30,212.4,212.69,212.1,212.21,1639527,0
2026-02-27 15:15:00+05:30,212.21,212.5,212.17,212.33,1684005,0
2026-02-27 15:20:00+05:30,212.33,212.55,212.25,212.41,1511746,0
2026-02-27 15:25:00+05:30,212.42,212.85,212.15,212.59,1301970,0
2026-03-02 09:15:00+05:30,205.0,210.94,204.5,210.82,3353219,0
2026-03-02 09:20:00+05:30,210.8,211.7,210.55,211.34,1262359,0
2026-03-02 09:25:00+05:30,211.34,211.89,210.7,211.38,865637,0
2026-03-02 09:30:00+05:30,211.37,213.1,211.27,212.83,1103858,0
2026-03-02 09:35:00+05:30,212.83,213.59,212.11,213.46,851402,0
2026-03-02 09:40:00+05:30,213.41,214.28,213.38,213.5,1114862,0
2026-03-02 09:45:00+05:30,213.5,214.34,213.11,214.1,667126,0
2026-03-02 09:50:00+05:30,214.1,214.34,213.15,213.29,547068,0
2026-03-02 09:55:00+05:30,213.26,213.85,213.26,213.85,287384,0
2026-03-02 10:00:00+05:30,213.85,213.9,213.38,213.5,249196,0
2026-03-02 10:05:00+05:30,213.47,213.57,212.9,212.94,370773,0
2026-03-02 10:10:00+05:30,212.95,213.09,212.65,212.95,338344,0
2026-03-02 10:15:00+05:30,212.95,213.0,211.81,212.3,714443,0
2026-03-02 10:20:00+05:30,212.3,212.31,210.69,210.99,561737,0
2026-03-02 10:25:00+05:30,210.93,211.2,210.65,210.79,339633,0
2026-03-02 10:30:00+05:30,210.71,211.13,210.65,210.93,220313,0
2026-03-02 10:35:00+05:30,210.92,211.13,210.75,210.89,176673,0
2026-03-02 10:40:00+05:30,210.89,210.9,210.34,210.43,243301,0
2026-03-02 10:45:00+05:30,210.4,210.6,210.15,210.15,197611,0
2026-03-02 10:50:00+05:30,210.15,210.74,210.15,210.4,189841,0
2026-03-02 10:55:00+05:30,210.38,210.87,210.34,210.68,221278,0
2026-03-02 11:00:00+05:30,210.66,210.8,210.4,210.55,139541,0
2026-03-02 11:05:00+05:30,210.55,210.6,210.25,210.41,135220,0
2026-03-02 11:10:00+05:30,210.4,210.42,209.86,209.96,366150,0
2026-03-02 11:15:00+05:30,209.94,210.25,209.9,210.03,162607,0
2026-03-02 11:20:00+05:30,210.02,210.08,209.85,209.91,93845,0
2026-03-02 11:25:00+05:30,209.95,210.04,209.6,209.74,165907,0
2026-03-02 11:30:00+05:30,209.66,209.75,209.5,209.51,275423,0
2026-03-02 11:35:00+05:30,209.51,209.7,209.5,209.65,100870,0
2026-03-02 11:40:00+05:30,209.65,210.0,209.52,209.93,124903,0
2026-03-02 11:45:00+05:30,209.93,210.07,209.8,209.94,157864,0
2026-03-02 11:50:00+05:30,209.94,210.04,209.69,209.86,129462,0
2026-03-02 11:55:00+05:30,209.94,209.99,209.58,209.74,171661,0
2026-03-02 12:00:00+05:30,209.77,209.78,209.3,209.49,243552,0
2026-03-02 12:05:00+05:30,209.5,209.86,209.47,209.7,145839,0
2026-03-02 12:10:00+05:30,209.67,209.8,209.3,209.32,107515,0
2026-03-02 12:15:00+05:30,209.3,209.49,209.05,209.19,285739,0
2026-03-02 12:20:00+05:30,209.24,209.6,209.16,209.37,164919,0
2026-03-02 12:25:00+05:30,209.37,209.46,209.0,209.07,122280,0
2026-03-02 12:30:00+05:30,209.07,209.5,209.0,209.42,137114,0
2026-03-02 12:35:00+05:30,209.48,209.64,209.0,209.08,257524,0
2026-03-02 12:40:00+05:30,209.06,209.2,208.7,208.91,329135,0
2026-03-02 12:45:00+05:30,208.92,209.01,208.7,208.88,169511,0
2026-03-02 12:50:00+05:30,208.88,209.42,208.73,209.2,170963,0
2026-03-02 12:55:00+05:30,209.2,209.25,208.88,209.02,142043,0
2026-03-02 13:00:00+05:30,209.0,209.19,208.86,209.0,127322,0
2026-03-02 13:05:00+05:30,208.99,209.15,208.9,209.05,87797,0
2026-03-02 13:10:00+05:30,209.0,209.15,208.75,208.9,148278,0
2026-03-02 13:15:00+05:30,208.9,209.06,208.56,208.68,187054,0
2026-03-02 13:20:00+05:30,208.6,208.75,208.51,208.65,137341,0
2026-03-02 13:25:00+05:30,208.7,208.74,208.39,208.47,197988,0
2026-03-02 13:30:00+05:30,208.55,208.66,208.2,208.39,253259,0
2026-03-02 13:35:00+05:30,208.44,208.7,208.32,208.45,133056,0
2026-03-02 13:40:00+05:30,208.49,208.65,208.2,208.45,208598,0
2026-03-02 13:45:00+05:30,208.5,208.64,208.09,208.18,171672,0
2026-03-02 13:50:00+05:30,208.17,208.33,207.68,207.85,348892,0
2026-03-02 13:55:00+05:30,207.85,208.0,207.61,207.8,336842,0
2026-03-02 14:00:00+05:30,207.8,209.27,207.7,208.79,609950,0
2026-03-02 14:05:00+05:30,208.75,209.9,208.75,209.75,548834,0
2026-03-02 14:10:00+05:30,209.75,210.32,209.7,210.21,536574,0
2026-03-02 14:15:00+05:30,210.2,210.5,209.88,210.3,474847,0
2026-03-02 14:20:00+05:30,210.3,210.45,209.79,209.97,399354,0
2026-03-02 14:25:00+05:30,209.97,210.02,209.57,209.66,312353,0
2026-03-02 14:30:00+05:30,209.65,210.65,209.38,210.56,415417,0
2026-03-02 14:35:00+05:30,210.62,211.5,210.46,211.43,840497,0
2026-03-02 14:40:00+05:30,211.43,212.0,211.21,211.51,498521,0
2026-03-02 14:45:00+05:30,211.51,211.83,211.0,211.47,304427,0
2026-03-02 14:50:00+05:30,211.46,211.59,211.0,211.2,219985,0
2026-03-02 14:55:00+05:30,211.22,211.33,210.5,210.54,231165,0
2026-03-02 15:00:00+05:30,210.6,211.5,210.29,211.29,478749,0
2026-03-02 15:05:00+05:30,211.29,211.7,211.09,211.62,494846,0
2026-03-02 15:10:00+05:30,211.62,211.75,211.33,211.6,555522,0
2026-03-02 15:15:00+05:30,211.54,211.68,211.26,211.61,640849,0
2026-03-02 15:20:00+05:30,211.61,211.65,210.61,210.74,606718,0
2026-03-02 15:25:00+05:30,210.74,211.06,209.96,210.87,1832289,0
2026-03-04 09:15:00+05:30,207.0,207.0,201.78,202.06,4759085,0
2026-03-04 09:20:00+05:30,202.1,202.8,201.0,201.16,1738728,0
2026-03-04 09:25:00+05:30,201.15,201.62,200.3,200.55,1754899,0
2026-03-04 09:30:00+05:30,200.55,201.3,200.09,200.3,1229968,0
2026-03-04 09:35:00+05:30,200.31,201.5,199.61,200.98,1803141,0
2026-03-04 09:40:00+05:30,200.98,201.85,200.97,201.58,1173622,0
2026-03-04 09:45:00+05:30,201.58,201.8,199.83,200.25,1644464,0
2026-03-04 09:50:00+05:30,200.25,200.25,199.65,199.79,862746,0
2026-03-04 09:55:00+05:30,199.79,199.87,199.07,199.2,1002408,0
2026-03-04 10:00:00+05:30,199.18,199.4,198.64,199.14,827212,0
2026-03-04 10:05:00+05:30,199.14,199.95,199.0,199.92,578582,0
2026-03-04 10:10:00+05:30,199.92,200.61,199.47,200.53,768978,0
2026-03-04 10:15:00+05:30,200.5,200.57,199.0,199.1,694801,0
2026-03-04 10:20:00+05:30,199.09,199.7,198.25,198.78,1274961,0
2026-03-04 10:25:00+05:30,198.78,198.78,198.1,198.32,722237,0
2026-03-04 10:30:00+05:30,198.36,198.4,197.54,197.56,1345452,0
2026-03-04 10:35:00+05:30,197.6,197.79,197.22,197.34,804757,0
2026-03-04 10:40:00+05:30,197.36,197.71,197.2,197.41,548943,0
2026-03-04 10:45:00+05:30,197.41,198.41,196.67,196.86,1533494,0
2026-03-04 10:50:00+05:30,196.81,196.86,195.75,196.1,2017652,0
2026-03-04 10:55:00+05:30,196.13,196.5,195.14,195.36,1869145,0
2026-03-04 11:00:00+05:30,195.4,196.15,194.95,195.71,2117785,0
2026-03-04 11:05:00+05:30,195.71,196.89,195.25,196.44,1581900,0
2026-03-04 11:10:00+05:30,196.4,196.9,195.99,196.06,1572580,0
2026-03-04 11:15:00+05:30,196.07,196.2,195.32,195.39,808537,0
2026-03-04 11:20:00+05:30,195.4,195.86,195.3,195.38,545168,0
2026-03-04 11:25:00+05:30,195.38,195.48,194.8,195.02,872174,0
2026-03-04 11:30:00+05:30,195.02,195.69,195.0,195.65,1200541,0
2026-03-04 11:35:00+05:30,195.65,196.22,195.5,196.0,913706,0
2026-03-04 11:40:00+05:30,196.0,196.4,195.87,196.0,526840,0
2026-03-04 11:45:00+05:30,196.0,196.45,195.8,196.23,390435,0
2026-03-04 11:50:00+05:30,196.23,196.9,196.1,196.26,826802,0
2026-03-04 11:55:00+05:30,196.26,196.58,196.16,196.46,367339,0
2026-03-04 12:00:00+05:30,196.46,196.5,196.0,196.18,392984,0
2026-03-04 12:05:00+05:30,196.18,196.72,196.1,196.38,807631,0
2026-03-04 12:10:00+05:30,196.4,196.44,195.07,195.34,693581,0
2026-03-04 12:15:00+05:30,195.4,195.49,194.9,195.04,703701,0
2026-03-04 12:20:00+05:30,195.02,195.23,194.9,195.17,504665,0
2026-03-04 12:25:00+05:30,195.17,195.25,194.8,195.0,660342,0
2026-03-04 12:30:00+05:30,195.0,195.15,194.58,195.0,643291,0
2026-03-04 12:35:00+05:30,195.0,195.13,194.43,194.98,1091387,0
2026-03-04 12:40:00+05:30,194.98,195.06,194.5,195.04,403765,0
2026-03-04 12:45:00+05:30,195.04,195.4,194.8,195.06,535269,0
2026-03-04 12:50:00+05:30,195.06,195.31,194.91,195.3,526098,0
2026-03-04 12:55:00+05:30,195.3,195.38,195.0,195.08,258040,0
2026-03-04 13:00:00+05:30,195.08,196.14,195.05,196.1,587465,0
2026-03-04 13:05:00+05:30,196.11,196.5,195.85,196.4,678508,0
2026-03-04 13:10:00+05:30,196.4,196.85,196.15,196.21,732203,0
2026-03-04 13:15:00+05:30,196.21,196.66,196.06,196.47,398956,0
2026-03-04 13:20:00+05:30,196.47,197.3,196.3,197.14,999912,0
2026-03-04 13:25:00+05:30,197.14,197.68,197.06,197.14,654741,0
2026-03-04 13:30:00+05:30,197.14,197.49,196.65,196.66,624090,0
2026-03-04 13:35:00+05:30,196.65,196.95,196.43,196.89,361248,0
2026-03-04 13:40:00+05:30,196.89,196.98,196.6,196.89,268747,0
2026-03-04 13:45:00+05:30,196.9,196.93,196.52,196.66,256810,0
2026-03-04 13:50:00+05:30,196.68,196.69,196.22,196.35,287652,0
2026-03-04 13:55:00+05:30,196.34,196.38,195.8,196.02,765508,0
2026-03-04 14:00:00+05:30,196.09,196.5,196.03,196.35,453156,0
2026-03-04 14:05:00+05:30,196.35,196.8,196.08,196.64,367294,0
2026-03-04 14:10:00+05:30,196.66,197.89,196.66,197.6,917950,0
2026-03-04 14:15:00+05:30,197.64,198.25,197.39,197.9,1168758,0
2026-03-04 14:20:00+05:30,197.88,198.01,197.1,197.13,1036089,0
2026-03-04 14:25:00+05:30,197.1,197.2,196.2,196.29,802028,0
2026-03-04 14:30:00+05:30,196.29,196.5,196.1,196.22,713969,0
2026-03-04 14:35:00+05:30,196.2,196.85,196.01,196.85,452292,0
2026-03-04 14:40:00+05:30,196.85,197.14,196.75,197.05,572371,0
2026-03-04 14:45:00+05:30,197.07,197.25,196.56,197.12,481707,0
2026-03-04 14:50:00+05:30,197.12,197.59,196.87,197.34,1565410,0
2026-03-04 14:55:00+05:30,197.38,197.65,197.0,197.28,664613,0
2026-03-04 15:00:00+05:30,197.24,197.44,196.87,197.18,1335925,0
2026-03-04 15:05:00+05:30,197.19,197.25,196.78,196.87,1134521,0
2026-03-04 15:10:00+05:30,196.86,197.1,196.8,196.89,1195572,0
2026-03-04 15:15:00+05:30,196.86,196.89,196.5,196.75,1459819,0
2026-03-04 15:20:00+05:30,196.75,196.99,196.07,196.22,1963687,0
2026-03-04 15:25:00+05:30,196.2,196.22,195.92,196.06,1276383,0
2026-03-05 09:15:00+05:30,198.5,200.5,197.63,198.1,2471483,0
2026-03-05 09:20:00+05:30,198.08,199.18,197.7,199.11,1013736,0
2026-03-05 09:25:00+05:30,199.17,199.24,198.77,199.15,940387,0
2026-03-05 09:30:00+05:30,199.07,199.5,198.99,199.26,865988,0
2026-03-05 09:35:00+05:30,199.3,199.31,198.39,198.59,722114,0
2026-03-05 09:40:00+05:30,198.61,199.3,198.4,199.3,499544,0
2026-03-05 09:45:00+05:30,199.27,200.31,199.27,199.7,1148015,0
2026-03-05 09:50:00+05:30,199.69,200.4,199.5,200.4,436461,0
2026-03-05 09:55:00+05:30,200.4,200.8,200.05,200.35,767966,0
2026-03-05 10:00:00+05:30,200.41,200.96,200.34,200.7,616009,0
2026-03-05 10:05:00+05:30,200.65,201.2,200.56,200.9,826617,0
2026-03-05 10:10:00+05:30,200.9,201.0,200.5,200.52,404124,0
2026-03-05 10:15:00+05:30,200.51,202.15,200.51,202.07,1261978,0
2026-03-05 10:20:00+05:30,202.12,202.5,202.1,202.28,912439,0
2026-03-05 10:25:00+05:30,202.26,202.5,201.41,201.48,841918,0
2026-03-05 10:30:00+05:30,201.5,202.15,201.41,201.54,454563,0
2026-03-05 10:35:00+05:30,201.57,202.3,201.54,202.12,450065,0
2026-03-05 10:40:00+05:30,202.15,203.04,202.08,202.59,1031052,0
2026-03-05 10:45:00+05:30,202.55,202.77,202.24,202.28,511592,0
2026-03-05 10:50:00+05:30,202.32,202.41,201.95,202.21,615187,0
2026-03-05 10:55:00+05:30,202.2,202.56,202.14,202.49,282485,0
2026-03-05 11:00:00+05:30,202.45,202.54,201.8,201.86,484896,0
2026-03-05 11:05:00+05:30,201.85,202.19,201.57,201.95,399037,0
2026-03-05 11:10:00+05:30,201.94,201.95,201.63,201.75,299690,0
2026-03-05 11:15:00+05:30,201.76,201.95,201.6,201.66,281544,0
2026-03-05 11:20:00+05:30,201.6,201.65,201.01,201.12,506467,0
2026-03-05 11:25:00+05:30,201.13,201.13,200.12,200.27,800449,0
2026-03-05 11:30:00+05:30,200.21,200.54,200.2,200.3,373332,0
2026-03-05 11:35:00+05:30,200.24,200.32,200.0,200.08,452961,0
2026-03-05 11:40:00+05:30,200.08,200.21,199.8,200.1,569082,0
2026-03-05 11:45:00+05:30,200.05,200.05,199.71,199.85,337675,0
2026-03-05 11:50:00+05:30,199.83,200.29,199.56,200.28,440406,0
2026-03-05 11:55:00+05:30,200.29,200.29,199.52,199.53,370593,0
2026-03-05 12:00:00+05:30,199.55,199.72,199.11,199.17,483108,0
2026-03-05 12:05:00+05:30,199.21,199.48,198.81,199.28,548251,0
2026-03-05 12:10:00+05:30,199.28,199.53,199.25,199.47,338969,0
2026-03-05 12:15:00+05:30,199.45,199.73,199.2,199.65,320995,0
2026-03-05 12:20:00+05:30,199.67,199.77,199.4,199.52,292240,0
2026-03-05 12:25:00+05:30,199.54,200.15,199.4,200.03,383474,0
2026-03-05 12:30:00+05:30,200.07,200.32,199.98,200.1,419327,0
2026-03-05 12:35:00+05:30,200.1,200.16,199.6,200.03,263938,0
2026-03-05 12:40:00+05:30,200.02,200.08,199.5,199.7,295780,0
2026-03-05 12:45:00+05:30,199.66,199.7,199.25,199.35,259765,0
2026-03-05 12:50:00+05:30,199.34,199.85,199.24,199.78,209455,0
2026-03-05 12:55:00+05:30,199.83,199.9,199.49,199.57,214216,0
2026-03-05 13:00:00+05:30,199.55,199.64,199.12,199.12,349682,0
2026-03-05 13:05:00+05:30,199.15,199.54,199.08,199.48,181792,0
2026-03-05 13:10:00+05:30,199.41,199.8,199.35,199.76,365862,0
2026-03-05 13:15:00+05:30,199.74,199.86,199.5,199.68,172688,0
2026-03-05 13:20:00+05:30,199.7,199.75,199.36,199.69,187123,0
2026-03-05 13:25:00+05:30,199.69,199.7,199.37,199.67,181843,0
2026-03-05 13:30:00+05:30,199.64,200.27,199.62,199.96,346372,0
2026-03-05 13:35:00+05:30,200.06,200.06,199.55,199.56,264692,0
2026-03-05 13:40:00+05:30,199.59,199.66,199.31,199.55,219255,0
2026-03-05 13:45:00+05:30,199.53,199.72,199.25,199.34,506546,0
2026-03-05 13:50:00+05:30,199.28,199.35,198.9,198.9,380927,0
2026-03-05 13:55:00+05:30,198.95,198.95,198.5,198.55,444361,0
2026-03-05 14:00:00+05:30,198.56,198.84,198.42,198.7,311432,0
2026-03-05 14:05:00+05:30,198.68,198.7,198.35,198.42,403631,0
2026-03-05 14:10:00+05:30,198.42,198.67,198.36,198.67,201982,0
2026-03-05 14:15:00+05:30,198.67,198.87,198.24,198.26,329288,0
2026-03-05 14:20:00+05:30,198.25,198.92,198.23,198.79,417661,0
2026-03-05 14:25:00+05:30,198.79,199.18,198.7,199.14,291962,0
2026-03-05 14:30:00+05:30,199.14,199.16,198.75,199.07,231864,0
2026-03-05 14:35:00+05:30,199.13,200.16,199.1,200.15,700258,0
2026-03-05 14:40:00+05:30,200.11,201.03,200.08,200.66,664374,0
2026-03-05 14:45:00+05:30,200.66,201.29,200.46,200.76,818453,0
2026-03-05 14:50:00+05:30,200.76,201.64,200.76,201.57,762729,0
2026-03-05 14:55:00+05:30,201.6,201.65,200.62,201.15,814935,0
2026-03-05 15:00:00+05:30,201.18,201.32,200.62,200.68,742805,0
2026-03-05 15:05:00+05:30,200.69,200.9,200.56,200.88,660614,0
2026-03-05 15:10:00+05:30,200.99,200.99,199.88,199.93,1068828,0
2026-03-05 15:15:00+05:30,199.97,200.59,199.93,200.45,838292,0
2026-03-05 15:20:00+05:30,200.45,200.65,200.27,200.52,751377,0
2026-03-05 15:25:00+05:30,200.5,200.8,200.3,200.72,996442,0
2026-03-06 09:15:00+05:30,199.5,199.5,197.1,197.32,1454269,0
2026-03-06 09:20:00+05:30,197.31,198.84,197.29,198.75,704245,0
2026-03-06 09:25:00+05:30,198.8,199.3,198.56,199.24,575561,0
2026-03-06 09:30:00+05:30,199.24,199.29,198.56,198.58,450166,0
2026-03-06 09:35:00+05:30,198.55,199.85,198.55,199.65,498230,0
2026-03-06 09:40:00+05:30,199.65,199.95,199.45,199.84,292844,0
2026-03-06 09:45:00+05:30,199.75,200.3,199.73,199.81,447147,0
2026-03-06 09:50:00+05:30,199.91,199.94,199.41,199.46,360615,0
2026-03-06 09:55:00+05:30,199.5,199.9,199.27,199.78,342660,0
2026-03-06 10:00:00+05:30,199.79,200.4,199.66,200.13,409569,0
2026-03-06 10:05:00+05:30,200.15,200.24,199.75,199.85,213519,0
2026-03-06 10:10:00+05:30,199.95,200.7,199.82,200.43,457358,0
2026-03-06 10:15:00+05:30,200.49,201.69,200.44,201.56,737842,0
2026-03-06 10:20:00+05:30,201.57,201.95,201.4,201.95,623557,0
2026-03-06 10:25:00+05:30,201.95,202.2,201.62,201.62,772602,0
2026-03-06 10:30:00+05:30,201.59,201.59,200.64,200.64,445143,0
2026-03-06 10:35:00+05:30,200.63,201.0,200.45,200.67,435581,0
2026-03-06 10:40:00+05:30,200.67,200.7,200.5,200.61,161430,0
2026-03-06 10:45:00+05:30,200.61,200.65,199.71,199.8,763266,0
2026-03-06 10:50:00+05:30,199.79,200.5,199.74,200.03,267024,0
2026-03-06 10:55:00+05:30,200.11,200.12,199.8,199.8,196994,0
2026-03-06 11:00:00+05:30,199.8,200.4,199.8,200.26,189136,0
2026-03-06 11:05:00+05:30,200.22,200.32,200.03,200.24,199487,0
2026-03-06 11:10:00+05:30,200.24,200.33,199.97,199.97,150774,0
2026-03-06 11:15:00+05:30,200.0,200.16,199.5,199.58,421519,0
2026-03-06 11:20:00+05:30,199.55,199.74,199.54,199.63,179483,0
2026-03-06 11:25:00+05:30,199.68,199.79,199.52,199.68,287773,0
2026-03-06 11:30:00+05:30,199.68,200.08,199.64,200.0,341596,0
2026-03-06 11:35:00+05:30,200.01,200.65,199.95,200.5,386689,0
2026-03-06 11:40:00+05:30,200.44,200.8,200.07,200.07,233111,0
2026-03-06 11:45:00+05:30,200.09,200.54,200.01,200.52,205931,0
2026-03-06 11:50:00+05:30,200.55,200.67,200.32,200.55,174911,0
2026-03-06 11:55:00+05:30,200.55,200.61,200.14,200.23,138799,0
2026-03-06 12:00:00+05:30,200.21,200.37,200.0,200.11,104434,0
2026-03-06 12:05:00+05:30,200.1,200.18,199.91,200.09,139309,0
2026-03-06 12:10:00+05:30,200.09,200.15,199.93,200.08,144473,0
2026-03-06 12:15:00+05:30,200.04,200.3,200.03,200.22,126966,0
2026-03-06 12:20:00+05:30,200.2,200.25,200.04,200.09,86795,0
2026-03-06 12:25:00+05:30,200.05,200.06,199.38,199.39,491454,0
2026-03-06 12:30:00+05:30,199.4,199.87,199.4,199.71,266490,0
2026-03-06 12:35:00+05:30,199.75,199.8,199.62,199.7,155523,0
2026-03-06 12:40:00+05:30,199.7,199.9,199.69,199.9,296181,0
2026-03-06 12:45:00+05:30,199.87,199.99,199.73,199.99,173344,0
2026-03-06 12:50:00+05:30,200.0,200.18,199.85,199.99,266031,0
2026-03-06 12:55:00+05:30,200.0,200.4,199.9,200.28,167722,0
2026-03-06 13:00:00+05:30,200.27,200.7,200.12,200.7,252143,0
2026-03-06 13:05:00+05:30,200.74,201.15,200.59,201.09,420908,0
2026-03-06 13:10:00+05:30,201.1,201.6,201.05,201.54,289429,0
2026-03-06 13:15:00+05:30,201.53,201.55,201.03,201.11,227212,0
2026-03-06 13:20:00+05:30,201.12,201.47,201.05,201.21,196567,0
2026-03-06 13:25:00+05:30,201.28,201.48,201.1,201.47,112622,0
2026-03-06 13:30:00+05:30,201.47,201.49,200.6,200.69,316573,0
2026-03-06 13:35:00+05:30,200.68,201.15,200.59,201.03,390943,0
2026-03-06 13:40:00+05:30,201.03,201.35,200.9,201.27,191218,0
2026-03-06 13:45:00+05:30,201.27,201.3,200.95,201.13,134884,0
2026-03-06 13:50:00+05:30,201.13,201.35,200.97,200.97,137106,0
2026-03-06 13:55:00+05:30,200.96,201.1,200.75,201.03,228323,0
2026-03-06 14:00:00+05:30,201.03,201.12,200.77,200.94,217288,0
2026-03-06 14:05:00+05:30,200.91,201.0,200.75,200.88,131415,0
2026-03-06 14:10:00+05:30,200.87,201.0,200.84,200.88,162985,0
2026-03-06 14:15:00+05:30,200.88,201.35,200.86,201.33,273851,0
2026-03-06 14:20:00+05:30,201.33,201.35,201.14,201.18,242468,0
2026-03-06 14:25:00+05:30,201.18,201.25,201.03,201.09,164924,0
2026-03-06 14:30:00+05:30,201.12,201.2,200.67,200.72,294562,0
2026-03-06 14:35:00+05:30,200.74,200.87,200.55,200.55,292679,0
2026-03-06 14:40:00+05:30,200.55,200.58,199.87,200.01,423267,0
2026-03-06 14:45:00+05:30,199.99,200.4,199.44,199.72,387258,0
2026-03-06 14:50:00+05:30,199.72,200.19,199.65,199.86,203341,0
2026-03-06 14:55:00+05:30,199.87,199.87,198.95,199.08,809856,0
2026-03-06 15:00:00+05:30,199.03,199.23,198.78,198.87,584183,0
2026-03-06 15:05:00+05:30,198.88,198.89,198.42,198.5,961459,0
2026-03-06 15:10:00+05:30,198.49,198.5,198.0,198.37,1156471,0
2026-03-06 15:15:00+05:30,198.37,198.61,198.15,198.49,1368065,0
2026-03-06 15:20:00+05:30,198.49,198.64,198.2,198.51,1156186,0
2026-03-06 15:25:00+05:30,198.5,198.8,198.24,198.6,881866,0
2026-03-09 09:15:00+05:30,193.45,193.7,187.3,188.79,8938071,0
2026-03-09 09:20:00+05:30,188.73,188.94,187.03,187.39,2488945,0
2026-03-09 09:25:00+05:30,187.44,187.78,187.2,187.65,2829629,0
2026-03-09 09:30:00+05:30,187.65,189.29,187.54,188.8,2538961,0
2026-03-09 09:35:00+05:30,188.75,189.92,188.47,189.44,1234031,0
2026-03-09 09:40:00+05:30,189.44,189.72,188.71,188.76,748021,0
2026-03-09 09:45:00+05:30,188.71,189.46,188.4,189.12,500205,0
2026-03-09 09:50:00+05:30,189.12,189.55,188.9,189.29,823820,0
2026-03-09 09:55:00+05:30,189.29,189.8,189.02,189.6,436954,0
2026-03-09 10:00:00+05:30,189.65,190.0,189.21,189.68,424761,0
2026-03-09 10:05:00+05:30,189.68,190.7,189.6,190.65,781287,0
2026-03-09 10:10:00+05:30,190.65,191.23,190.5,190.89,603743,0
2026-03-09 10:15:00+05:30,190.86,190.89,190.0,190.22,547269,0
2026-03-09 10:20:00+05:30,190.22,190.64,189.88,190.19,441411,0
2026-03-09 10:25:00+05:30,190.19,190.49,190.08,190.44,193244,0
2026-03-09 10:30:00+05:30,190.44,190.46,189.36,189.41,641839,0
2026-03-09 10:35:00+05:30,189.4,189.66,189.05,189.38,423644,0
2026-03-09 10:40:00+05:30,189.35,189.43,188.94,189.04,482084,0
2026-03-09 10:45:00+05:30,189.1,189.13,188.51,188.56,337611,0
2026-03-09 10:50:00+05:30,188.56,190.4,188.3,190.16,685817,0
2026-03-09 10:55:00+05:30,190.12,190.85,190.02,190.39,365632,0
2026-03-09 11:00:00+05:30,190.41,190.75,190.32,190.32,222892,0
2026-03-09 11:05:00+05:30,190.39,190.43,189.75,189.91,230648,0
2026-03-09 11:10:00+05:30,189.9,190.0,189.5,190.0,336980,0
2026-03-09 11:15:00+05:30,189.9,190.25,189.52,189.95,235119,0
2026-03-09 11:20:00+05:30,190.0,190.8,189.89,190.58,479283,0
2026-03-09 11:25:00+05:30,190.59,191.21,190.49,190.95,479158,0
2026-03-09 11:30:00+05:30,190.93,191.2,190.66,190.71,221556,0
2026-03-09 11:35:00+05:30,190.71,190.87,190.4,190.67,221598,0
2026-03-09 11:40:00+05:30,190.69,191.15,190.5,190.58,330631,0
2026-03-09 11:45:00+05:30,190.59,190.68,190.25,190.42,290531,0
2026-03-09 11:50:00+05:30,190.43,190.8,190.36,190.75,309025,0
2026-03-09 11:55:00+05:30,190.69,190.8,190.4,190.51,207284,0
2026-03-09 12:00:00+05:30,190.55,190.65,190.25,190.61,196656,0
2026-03-09 12:05:00+05:30,190.61,190.62,190.1,190.11,150268,0
2026-03-09 12:10:00+05:30,190.11,190.79,189.88,190.7,324275,0
2026-03-09 12:15:00+05:30,190.7,190.73,190.43,190.48,192036,0
2026-03-09 12:20:00+05:30,190.49,190.75,190.28,190.72,144578,0
2026-03-09 12:25:00+05:30,190.75,190.84,190.61,190.73,156818,0
2026-03-09 12:30:00+05:30,190.79,190.9,190.49,190.49,146374,0
2026-03-09 12:35:00+05:30,190.49,190.98,190.3,190.9,136021,0
2026-03-09 12:40:00+05:30,190.93,191.36,190.86,191.05,396624,0
2026-03-09 12:45:00+05:30,191.05,191.3,190.7,190.71,245282,0
2026-03-09 12:50:00+05:30,190.7,191.2,190.65,191.18,130134,0
2026-03-09 12:55:00+05:30,191.17,191.51,191.1,191.21,316499,0
2026-03-09 13:00:00+05:30,191.26,191.4,191.0,191.24,228856,0
2026-03-09 13:05:00+05:30,191.31,191.4,191.06,191.39,238914,0
2026-03-09 13:10:00+05:30,191.39,191.49,190.73,190.9,246465,0
2026-03-09 13:15:00+05:30,190.92,191.2,190.52,190.72,250136,0
2026-03-09 13:20:00+05:30,190.72,191.19,190.72,190.91,222236,0
2026-03-09 13:25:00+05:30,190.9,191.45,190.8,191.13,211261,0
2026-03-09 13:30:00+05:30,191.1,191.99,191.0,191.33,429412,0
2026-03-09 13:35:00+05:30,191.3,191.4,191.0,191.1,285839,0
2026-03-09 13:40:00+05:30,191.13,191.4,191.03,191.16,112034,0
2026-03-09 13:45:00+05:30,191.16,191.37,190.91,190.99,294166,0
2026-03-09 13:50:00+05:30,190.99,191.17,190.86,190.98,140095,0
2026-03-09 13:55:00+05:30,191.0,191.11,190.5,190.65,257480,0
2026-03-09 14:00:00+05:30,190.69,190.69,190.18,190.4,354346,0
2026-03-09 14:05:00+05:30,190.36,190.6,190.3,190.45,147079,0
2026-03-09 14:10:00+05:30,190.45,190.59,190.19,190.23,154337,0
2026-03-09 14:15:00+05:30,190.19,190.4,190.06,190.24,249640,0
2026-03-09 14:20:00+05:30,190.24,190.73,190.1,190.67,154319,0
2026-03-09 14:25:00+05:30,190.67,190.9,190.44,190.62,132169,0
2026-03-09 14:30:00+05:30,190.66,190.8,190.3,190.31,157600,0
2026-03-09 14:35:00+05:30,190.39,190.39,189.6,190.27,705637,0
2026-03-09 14:40:00+05:30,190.28,190.68,190.2,190.48,239685,0
2026-03-09 14:45:00+05:30,190.49,191.45,190.45,190.98,500945,0
2026-03-09 14:50:00+05:30,190.99,191.38,190.8,191.18,245978,0
2026-03-09 14:55:00+05:30,191.2,191.45,191.06,191.18,326451,0
2026-03-09 15:00:00+05:30,191.23,191.37,190.61,191.02,499931,0
2026-03-09 15:05:00+05:30,191.06,191.69,190.59,190.79,745487,0
2026-03-09 15:10:00+05:30,190.79,191.25,190.49,191.0,404156,0
2026-03-09 15:15:00+05:30,191.0,191.33,190.99,191.14,726678,0
2026-03-09 15:20:00+05:30,191.14,191.22,190.7,191.08,1174624,0
2026-03-09 15:25:00+05:30,191.08,191.25,190.76,191.13,610443,0
2026-03-10 09:15:00+05:30,194.01,196.64,193.82,193.93,2095981,0
2026-03-10 09:20:00+05:30,193.93,194.97,193.88,194.14,1105111,0
2026-03-10 09:25:00+05:30,194.11,194.28,193.55,193.75,893216,0
2026-03-10 09:30:00+05:30,193.78,193.81,192.75,192.86,773067,0
2026-03-10 09:35:00+05:30,192.86,193.1,192.16,192.34,683819,0
2026-03-10 09:40:00+05:30,192.3,192.89,192.18,192.74,407459,0
2026-03-10 09:45:00+05:30,192.71,193.51,192.65,193.17,366876,0
2026-03-10 09:50:00+05:30,193.14,193.2,192.82,192.96,224987,0
2026-03-10 09:55:00+05:30,192.97,192.97,192.0,192.22,411737,0
2026-03-10 10:00:00+05:30,192.21,192.6,192.05,192.23,272254,0
2026-03-10 10:05:00+05:30,192.21,192.98,192.05,192.87,237769,0
2026-03-10 10:10:00+05:30,192.85,193.2,192.68,193.09,166946,0
2026-03-10 10:15:00+05:30,193.04,193.7,193.04,193.09,357155,0
2026-03-10 10:20:00+05:30,193.14,193.37,192.55,192.78,238325,0
2026-03-10 10:25:00+05:30,192.71,193.85,192.55,193.67,530518,0
2026-03-10 10:30:00+05:30,193.67,194.5,193.5,194.45,612044,0
2026-03-10 10:35:00+05:30,194.44,194.76,193.81,193.83,583290,0
2026-03-10 10:40:00+05:30,193.84,194.38,193.78,193.93,345995,0
2026-03-10 10:45:00+05:30,193.96,194.21,193.9,193.96,143588,0
2026-03-10 10:50:00+05:30,193.96,194.2,193.55,193.64,284921,0
2026-03-10 10:55:00+05:30,193.62,194.3,193.55,194.17,234814,0
2026-03-10 11:00:00+05:30,194.11,194.53,194.09,194.37,246978,0
2026-03-10 11:05:00+05:30,194.37,194.78,194.19,194.72,356763,0
2026-03-10 11:10:00+05:30,194.72,194.93,194.36,194.74,270400,0
2026-03-10 11:15:00+05:30,194.74,195.0,194.6,194.68,399686,0
2026-03-10 11:20:00+05:30,194.62,195.01,194.54,194.59,324275,0
2026-03-10 11:25:00+05:30,194.59,194.77,194.0,194.2,311649,0
2026-03-10 11:30:00+05:30,194.19,194.4,194.0,194.37,306997,0
2026-03-10 11:35:00+05:30,194.35,194.5,194.19,194.32,187118,0
2026-03-10 11:40:00+05:30,194.32,194.65,194.12,194.6,491577,0
2026-03-10 11:45:00+05:30,194.6,194.65,193.8,193.9,365723,0
2026-03-10 11:50:00+05:30,193.86,193.99,193.51,193.88,165684,0
2026-03-10 11:55:00+05:30,193.86,194.22,193.74,193.96,223841,0
2026-03-10 12:00:00+05:30,193.93,194.17,193.9,194.08,72002,0
2026-03-10 12:05:00+05:30,194.06,194.48,194.02,194.1,133969,0
2026-03-10 12:10:00+05:30,194.1,194.36,194.0,194.04,137710,0
2026-03-10 12:15:00+05:30,194.0,194.1,193.7,194.0,203881,0
2026-03-10 12:20:00+05:30,194.0,194.04,193.5,193.57,209422,0
2026-03-10 12:25:00+05:30,193.56,194.0,193.55,193.65,156007,0
2026-03-10 12:30:00+05:30,193.65,193.68,193.5,193.51,95028,0
2026-03-10 12:35:00+05:30,193.52,194.0,193.51,193.94,125295,0
2026-03-10 12:40:00+05:30,193.92,193.99,193.83,193.92,71887,0
2026-03-10 12:45:00+05:30,193.89,194.2,193.67,193.8,490898,0
2026-03-10 12:50:00+05:30,193.8,194.0,193.6,193.95,152863,0
2026-03-10 12:55:00+05:30,193.95,194.45,193.93,194.4,201259,0
2026-03-10 13:00:00+05:30,194.4,194.8,194.4,194.66,355847,0
2026-03-10 13:05:00+05:30,194.64,194.68,194.26,194.54,253425,0
2026-03-10 13:10:00+05:30,194.62,194.7,194.4,194.58,173096,0
2026-03-10 13:15:00+05:30,194.55,194.85,194.31,194.85,322618,0
2026-03-10 13:20:00+05:30,194.83,195.13,194.5,194.5,328644,0
2026-03-10 13:25:00+05:30,194.6,194.68,194.21,194.58,188368,0
2026-03-10 13:30:00+05:30,194.55,194.9,194.5,194.56,79943,0
2026-03-10 13:35:00+05:30,194.56,195.1,194.56,194.97,178264,0
2026-03-10 13:40:00+05:30,194.97,195.29,194.85,194.94,188001,0
2026-03-10 13:45:00+05:30,195.0,195.17,194.82,194.95,167323,0
2026-03-10 13:50:00+05:30,194.93,195.12,194.89,194.98,152216,0
2026-03-10 13:55:00+05:30,194.96,194.98,194.41,194.58,262306,0
2026-03-10 14:00:00+05:30,194.56,194.67,194.36,194.67,280116,0
2026-03-10 14:05:00+05:30,194.66,195.2,194.6,195.15,200311,0
2026-03-10 14:10:00+05:30,195.15,195.47,195.02,195.3,382670,0
2026-03-10 14:15:00+05:30,195.3,195.5,195.19,195.24,182344,0
2026-03-10 14:20:00+05:30,195.2,195.26,194.91,195.09,269913,0
2026-03-10 14:25:00+05:30,195.02,195.19,194.88,195.0,178981,0
2026-03-10 14:30:00+05:30,195.08,195.09,194.33,194.6,248151,0
2026-03-10 14:35:00+05:30,194.55,194.8,194.46,194.64,123420,0
2026-03-10 14:40:00+05:30,194.68,194.68,194.3,194.52,195087,0
2026-03-10 14:45:00+05:30,194.53,195.05,194.32,195.05,344360,0
2026-03-10 14:50:00+05:30,195.05,195.23,194.73,195.07,317608,0
2026-03-10 14:55:00+05:30,195.06,195.25,194.8,194.93,327185,0
2026-03-10 15:00:00+05:30,194.93,195.08,194.3,194.6,632015,0
2026-03-10 15:05:00+05:30,194.59,195.3,194.5,194.99,518695,0
2026-03-10 15:10:00+05:30,194.97,195.14,194.7,194.74,340051,0
2026-03-10 15:15:00+05:30,194.71,195.29,194.66,195.2,766149,0
2026-03-10 15:20:00+05:30,195.19,195.35,195.06,195.26,576361,0
2026-03-10 15:25:00+05:30,195.26,195.5,195.18,195.34,565272,0
2026-03-11 09:15:00+05:30,197.14,198.18,195.74,198.11,3141887,0
2026-03-11 09:20:00+05:30,198.15,198.66,197.73,197.83,1584949,0
2026-03-11 09:25:00+05:30,197.88,198.35,197.5,198.12,981695,0
2026-03-11 09:30:00+05:30,198.12,198.55,197.8,198.48,920044,0
2026-03-11 09:35:00+05:30,198.46,198.88,197.75,197.85,1090807,0
2026-03-11 09:40:00+05:30,197.8,198.1,197.75,198.04,722247,0
2026-03-11 09:45:00+05:30,198.0,198.12,197.3,197.73,1320986,0
2026-03-11 09:50:00+05:30,197.67,197.79,196.53,196.81,1434207,0
2026-03-11 09:55:00+05:30,196.75,197.16,196.34,196.4,903793,0
2026-03-11 10:00:00+05:30,196.4,196.5,196.04,196.46,706865,0
2026-03-11 10:05:00+05:30,196.4,196.46,195.78,195.97,681786,0
2026-03-11 10:10:00+05:30,195.89,196.05,195.5,195.95,484820,0
2026-03-11 10:15:00+05:30,195.95,196.21,195.9,196.0,358694,0
2026-03-11 10:20:00+05:30,195.99,196.34,195.82,196.34,280921,0
2026-03-11 10:25:00+05:30,196.34,196.36,196.01,196.33,199694,0
2026-03-11 10:30:00+05:30,196.29,196.64,196.29,196.59,466477,0
2026-03-11 10:35:00+05:30,196.6,196.61,196.0,196.07,291867,0
2026-03-11 10:40:00+05:30,196.04,196.25,195.75,195.83,241398,0
2026-03-11 10:45:00+05:30,195.84,196.1,195.55,196.09,221466,0
2026-03-11 10:50:00+05:30,196.08,196.4,195.92,196.31,502880,0
2026-03-11 10:55:00+05:30,196.34,196.76,196.15,196.71,406320,0
2026-03-11 11:00:00+05:30,196.71,196.8,196.4,196.71,206120,0
2026-03-11 11:05:00+05:30,196.74,196.74,196.14,196.23,226393,0
2026-03-11 11:10:00+05:30,196.23,196.25,195.81,196.01,224308,0
2026-03-11 11:15:00+05:30,196.0,196.01,195.64,195.88,207960,0
2026-03-11 11:20:00+05:30,195.86,196.0,195.64,195.69,213644,0
2026-03-11 11:25:00+05:30,195.69,195.93,195.32,195.92,286410,0
2026-03-11 11:30:00+05:30,195.9,195.94,195.4,195.48,196284,0
2026-03-11 11:35:00+05:30,195.48,195.75,195.21,195.56,215252,0
2026-03-11 11:40:00+05:30,195.56,195.81,195.5,195.79,104502,0
2026-03-11 11:45:00+05:30,195.79,195.95,195.6,195.63,101860,0
2026-03-11 11:50:00+05:30,195.61,195.7,195.3,195.55,157488,0
2026-03-11 11:55:00+05:30,195.55,195.63,195.25,195.39,476548,0
2026-03-11 12:00:00+05:30,195.39,196.0,195.35,195.97,225545,0
2026-03-11 12:05:00+05:30,195.95,195.99,195.43,195.6,148505,0
2026-03-11 12:10:00+05:30,195.55,195.73,195.31,195.52,169225,0
2026-03-11 12:15:00+05:30,195.52,195.87,195.4,195.7,343735,0
2026-03-11 12:20:00+05:30,195.7,196.0,195.65,195.92,789778,0
2026-03-11 12:25:00+05:30,195.92,196.2,195.8,196.1,344262,0
2026-03-11 12:30:00+05:30,196.1,196.21,195.82,195.9,243245,0
2026-03-11 12:35:00+05:30,195.9,195.98,195.6,195.6,373927,0
2026-03-11 12:40:00+05:30,195.64,196.24,195.6,196.13,256813,0
2026-03-11 12:45:00+05:30,196.18,196.25,195.81,195.84,177543,0
2026-03-11 12:50:00+05:30,195.89,196.1,195.61,195.73,178413,0
2026-03-11 12:55:00+05:30,195.73,195.85,195.58,195.69,128334,0
2026-03-11 13:00:00+05:30,195.7,195.95,195.6,195.69,738687,0
2026-03-11 13:05:00+05:30,195.69,195.75,195.3,195.39,515270,0
2026-03-11 13:10:00+05:30,195.39,195.39,194.29,194.56,665700,0
2026-03-11 13:15:00+05:30,194.56,194.62,194.27,194.43,226624,0
2026-03-11 13:20:00+05:30,194.47,194.93,194.44,194.85,297646,0
2026-03-11 13:25:00+05:30,194.85,195.19,194.72,195.08,243729,0
2026-03-11 13:30:00+05:30,195.14,195.44,195.03,195.23,180054,0
2026-03-11 13:35:00+05:30,195.21,195.22,194.89,194.98,145168,0
2026-03-11 13:40:00+05:30,194.98,195.07,194.6,195.0,475305,0
2026-03-11 13:45:00+05:30,195.0,195.3,194.93,195.07,145442,0
2026-03-11 13:50:00+05:30,195.05,195.25,194.6,195.25,274837,0
2026-03-11 13:55:00+05:30,195.21,195.3,194.96,195.12,110767,0
2026-03-11 14:00:00+05:30,195.1,195.2,194.85,195.14,153644,0
2026-03-11 14:05:00+05:30,195.11,195.2,194.87,194.88,107477,0
2026-03-11 14:10:00+05:30,194.87,195.0,194.72,194.97,144557,0
2026-03-11 14:15:00+05:30,194.97,195.05,194.5,194.67,177215,0
2026-03-11 14:20:00+05:30,194.66,194.92,194.11,194.19,300651,0
2026-03-11 14:25:00+05:30,194.16,195.09,194.0,195.02,364099,0
2026-03-11 14:30:00+05:30,195.02,195.2,194.57,194.69,186733,0
2026-03-11 14:35:00+05:30,194.66,194.99,194.57,194.74,283291,0
2026-03-11 14:40:00+05:30,194.8,194.8,194.4,194.65,287583,0
2026-03-11 14:45:00+05:30,194.6,194.88,194.55,194.82,276612,0
2026-03-11 14:50:00+05:30,194.82,194.95,194.56,194.81,358590,0
2026-03-11 14:55:00+05:30,194.82,194.85,194.27,194.31,463615,0
2026-03-11 15:00:00+05:30,194.31,195.1,194.31,194.74,652983,0
2026-03-11 15:05:00+05:30,194.77,194.93,194.51,194.64,401303,0
2026-03-11 15:10:00+05:30,194.62,194.91,194.59,194.65,758090,0
2026-03-11 15:15:00+05:30,194.65,194.96,194.59,194.93,905726,0
2026-03-11 15:20:00+05:30,194.94,195.0,194.5,194.65,867585,0
2026-03-11 15:25:00+05:30,194.75,194.75,194.2,194.66,555267,0
2026-03-12 09:15:00+05:30,193.99,193.99,190.4,190.68,1760307,0
2026-03-12 09:20:00+05:30,190.66,190.97,190.1,190.5,652744,0
2026-03-12 09:25:00+05:30,190.5,191.28,190.2,191.03,470065,0
2026-03-12 09:30:00+05:30,191.0,191.25,190.71,191.14,480799,0
2026-03-12 09:35:00+05:30,191.17,191.45,190.81,190.81,390530,0
2026-03-12 09:40:00+05:30,190.86,190.99,190.53,190.95,271513,0
2026-03-12 09:45:00+05:30,190.99,191.85,190.92,191.85,354693,0
2026-03-12 09:50:00+05:30,191.85,192.21,191.59,191.97,300437,0
2026-03-12 09:55:00+05:30,191.97,192.49,191.6,192.25,257780,0
2026-03-12 10:00:00+05:30,192.25,192.36,192.0,192.07,145686,0
2026-03-12 10:05:00+05:30,192.08,192.14,191.4,191.64,244143,0
2026-03-12 10:10:00+05:30,191.64,191.85,191.11,191.23,245516,0
2026-03-12 10:15:00+05:30,191.22,191.32,190.5,190.61,483231,0
2026-03-12 10:20:00+05:30,190.63,190.89,190.2,190.4,384698,0
2026-03-12 10:25:00+05:30,190.45,191.3,190.4,191.2,378727,0
2026-03-12 10:30:00+05:30,191.24,191.74,190.85,191.63,209148,0
2026-03-12 10:35:00+05:30,191.62,192.07,191.14,192.06,256104,0
2026-03-12 10:40:00+05:30,192.06,192.1,191.62,191.71,304289,0
2026-03-12 10:45:00+05:30,191.74,191.94,191.6,191.65,165303,0
2026-03-12 10:50:00+05:30,191.66,191.73,191.2,191.4,202841,0
2026-03-12 10:55:00+05:30,191.41,192.2,191.4,192.1,208545,0
2026-03-12 11:00:00+05:30,192.12,192.45,192.07,192.45,216818,0
2026-03-12 11:05:00+05:30,192.46,192.57,192.02,192.23,194868,0
2026-03-12 11:10:00+05:30,192.28,192.79,192.23,192.58,289815,0
2026-03-12 11:15:00+05:30,192.55,192.79,191.77,191.91,276700,0
2026-03-12 11:20:00+05:30,191.96,192.19,191.6,192.18,173845,0
2026-03-12 11:25:00+05:30,192.17,192.24,191.81,192.0,145203,0
2026-03-12 11:30:00+05:30,192.01,192.35,191.85,192.26,139917,0
2026-03-12 11:35:00+05:30,192.26,192.36,192.04,192.28,151866,0
2026-03-12 11:40:00+05:30,192.36,192.55,192.18,192.43,163980,0
2026-03-12 11:45:00+05:30,192.43,192.68,192.35,192.4,190895,0
2026-03-12 11:50:00+05:30,192.41,192.5,192.26,192.41,97665,0
2026-03-12 11:55:00+05:30,192.43,192.6,192.2,192.57,413337,0
2026-03-12 12:00:00+05:30,192.57,192.63,192.41,192.51,81358,0
2026-03-12 12:05:00+05:30,192.51,192.58,192.03,192.04,128397,0
2026-03-12 12:10:00+05:30,192.11,192.35,192.0,192.28,214931,0
2026-03-12 12:15:00+05:30,192.28,192.4,192.1,192.33,131458,0
2026-03-12 12:20:00+05:30,192.33,192.7,192.25,192.5,763588,0
2026-03-12 12:25:00+05:30,192.6,192.85,192.37,192.58,515718,0
2026-03-12 12:30:00+05:30,192.59,192.72,192.03,192.19,163031,0
2026-03-12 12:35:00+05:30,192.19,192.69,191.88,192.35,257604,0
2026-03-12 12:40:00+05:30,192.4,192.51,192.13,192.4,132613,0
2026-03-12 12:45:00+05:30,192.37,192.93,192.31,192.53,679963,0
2026-03-12 12:50:00+05:30,192.53,192.65,192.22,192.27,100664,0
2026-03-12 12:55:00+05:30,192.34,192.9,192.25,192.9,210213,0
2026-03-12 13:00:00+05:30,192.87,192.9,192.56,192.57,153403,0
2026-03-12 13:05:00+05:30,192.57,192.63,192.0,192.35,250969,0
2026-03-12 13:10:00+05:30,192.37,192.9,192.32,192.82,195403,0
2026-03-12 13:15:00+05:30,192.74,193.15,192.65,193.0,287008,0
2026-03-12 13:20:00+05:30,193.0,193.24,192.8,192.93,264100,0
2026-03-12 13:25:00+05:30,192.94,193.7,192.9,193.56,359097,0
2026-03-12 13:30:00+05:30,193.63,194.3,193.43,194.08,468487,0
2026-03-12 13:35:00+05:30,194.08,194.66,194.0,194.25,401113,0
2026-03-12 13:40:00+05:30,194.24,194.59,193.78,193.92,324144,0
2026-03-12 13:45:00+05:30,193.92,194.55,193.8,194.19,221755,0
2026-03-12 13:50:00+05:30,194.2,194.39,193.88,194.02,141119,0
2026-03-12 13:55:00+05:30,194.05,194.16,193.7,193.75,285047,0
2026-03-12 14:00:00+05:30,193.81,194.14,193.53,193.65,163402,0
2026-03-12 14:05:00+05:30,193.59,193.86,192.82,192.89,262429,0
2026-03-12 14:10:00+05:30,192.92,193.44,192.8,193.2,512778,0
2026-03-12 14:15:00+05:30,193.24,193.28,192.9,193.19,154755,0
2026-03-12 14:20:00+05:30,193.19,193.7,193.11,193.52,122149,0
2026-03-12 14:25:00+05:30,193.52,193.7,193.34,193.49,144885,0
2026-03-12 14:30:00+05:30,193.48,193.85,193.35,193.81,232841,0
2026-03-12 14:35:00+05:30,193.81,193.85,193.26,193.49,468570,0
2026-03-12 14:40:00+05:30,193.5,193.52,192.85,193.06,269136,0
2026-03-12 14:45:00+05:30,193.08,193.38,192.99,193.22,158714,0
2026-03-12 14:50:00+05:30,193.28,193.3,192.44,192.8,647522,0
2026-03-12 14:55:00+05:30,192.8,193.11,192.62,193.07,192847,0
2026-03-12 15:00:00+05:30,193.11,193.65,193.03,193.62,581353,0
2026-03-12 15:05:00+05:30,193.62,193.7,193.11,193.43,441845,0
2026-03-12 15:10:00+05:30,193.45,193.8,193.19,193.71,621532,0
2026-03-12 15:15:00+05:30,193.7,193.82,193.46,193.63,700485,0
2026-03-12 15:20:00+05:30,193.62,193.64,193.33,193.46,714315,0
2026-03-12 15:25:00+05:30,193.46,193.95,193.3,193.5,668447,0
2026-03-13 09:15:00+05:30,191.95,192.5,189.45,189.49,1414224,0
2026-03-13 09:20:00+05:30,189.49,189.5,188.5,188.7,955398,0
2026-03-13 09:25:00+05:30,188.7,189.41,188.15,189.18,753720,0
2026-03-13 09:30:00+05:30,189.21,189.28,188.2,188.27,807637,0
2026-03-13 09:35:00+05:30,188.3,188.89,187.62,188.06,1605742,0
2026-03-13 09:40:00+05:30,188.14,188.4,187.76,188.3,635583,0
2026-03-13 09:45:00+05:30,188.3,188.7,188.12,188.25,556936,0
2026-03-13 09:50:00+05:30,188.25,188.49,188.06,188.19,230001,0
2026-03-13 09:55:00+05:30,188.19,188.46,187.66,187.85,1264239,0
2026-03-13 10:00:00+05:30,187.85,187.86,186.54,186.62,1066353,0
2026-03-13 10:05:00+05:30,186.61,186.66,185.68,185.84,1098723,0
2026-03-13 10:10:00+05:30,185.84,186.23,185.5,185.74,765686,0
2026-03-13 10:15:00+05:30,185.74,185.97,185.3,185.35,738872,0
2026-03-13 10:20:00+05:30,185.35,186.1,185.34,185.84,730815,0
2026-03-13 10:25:00+05:30,185.85,185.97,185.31,185.85,507924,0
2026-03-13 10:30:00+05:30,185.91,186.0,185.2,185.28,591771,0
2026-03-13 10:35:00+05:30,185.28,185.33,184.8,185.0,1432287,0
2026-03-13 10:40:00+05:30,185.0,185.16,184.36,184.69,1227980,0
2026-03-13 10:45:00+05:30,184.62,185.48,184.41,185.39,652860,0
2026-03-13 10:50:00+05:30,185.39,186.18,185.3,185.73,996577,0
2026-03-13 10:55:00+05:30,185.76,185.99,185.32,185.94,483772,0
2026-03-13 11:00:00+05:30,185.94,186.0,185.68,185.94,272886,0
2026-03-13 11:05:00+05:30,185.94,185.95,185.61,185.73,202702,0
2026-03-13 11:10:00+05:30,185.74,186.2,185.65,185.72,1428670,0
2026-03-13 11:15:00+05:30,185.72,185.97,185.6,185.66,210079,0
2026-03-13 11:20:00+05:30,185.66,185.9,185.6,185.75,201179,0
2026-03-13 11:25:00+05:30,185.73,186.35,185.72,186.12,636945,0
2026-03-13 11:30:00+05:30,186.12,186.37,185.88,186.22,327188,0
2026-03-13 11:35:00+05:30,186.22,186.65,186.0,186.53,379931,0
2026-03-13 11:40:00+05:30,186.54,186.59,186.13,186.18,287771,0
2026-03-13 11:45:00+05:30,186.24,186.25,185.84,185.97,332612,0
2026-03-13 11:50:00+05:30,185.97,186.0,185.61,185.63,224599,0
2026-03-13 11:55:00+05:30,185.63,185.63,185.13,185.13,321095,0
2026-03-13 12:00:00+05:30,185.21,185.25,184.8,185.08,534402,0
2026-03-13 12:05:00+05:30,185.08,185.09,184.65,184.86,278219,0
2026-03-13 12:10:00+05:30,184.86,185.04,184.7,184.86,219092,0
2026-03-13 12:15:00+05:30,184.86,184.97,184.46,184.97,350055,0
2026-03-13 12:20:00+05:30,184.97,185.46,184.6,184.69,304550,0
2026-03-13 12:25:00+05:30,184.69,185.19,184.51,184.96,273016,0
2026-03-13 12:30:00+05:30,184.95,185.0,184.6,184.69,191256,0
2026-03-13 12:35:00+05:30,184.69,184.89,184.3,184.5,771911,0
2026-03-13 12:40:00+05:30,184.55,184.6,184.25,184.29,283400,0
2026-03-13 12:45:00+05:30,184.29,184.85,184.23,184.79,192590,0
2026-03-13 12:50:00+05:30,184.77,184.99,184.35,184.57,204929,0
2026-03-13 12:55:00+05:30,184.59,184.71,184.31,184.54,287904,0
2026-03-13 13:00:00+05:30,184.54,184.54,184.0,184.52,470381,0
2026-03-13 13:05:00+05:30,184.52,184.89,184.34,184.45,298624,0
2026-03-13 13:10:00+05:30,184.45,184.74,184.25,184.35,233912,0
2026-03-13 13:15:00+05:30,184.35,184.51,184.2,184.2,242657,0
2026-03-13 13:20:00+05:30,184.2,184.48,183.75,183.84,376687,0
2026-03-13 13:25:00+05:30,183.84,184.18,183.62,184.14,418930,0
2026-03-13 13:30:00+05:30,184.14,184.28,183.56,183.66,296968,0
2026-03-13 13:35:00+05:30,183.68,183.68,183.37,183.5,256078,0
2026-03-13 13:40:00+05:30,183.5,183.65,183.25,183.65,267071,0
2026-03-13 13:45:00+05:30,183.65,183.96,183.49,183.84,369484,0
2026-03-13 13:50:00+05:30,183.84,183.88,183.45,183.55,247068,0
2026-03-13 13:55:00+05:30,183.59,183.79,183.22,183.29,510702,0
2026-03-13 14:00:00+05:30,183.29,183.7,183.2,183.63,356340,0
2026-03-13 14:05:00+05:30,183.63,184.45,183.57,184.25,434815,0
2026-03-13 14:10:00+05:30,184.26,184.41,184.1,184.4,321994,0
2026-03-13 14:15:00+05:30,184.4,184.79,184.2,184.72,419002,0
2026-03-13 14:20:00+05:30,184.79,184.95,184.51,184.58,404463,0
2026-03-13 14:25:00+05:30,184.58,184.9,184.5,184.53,286389,0
2026-03-13 14:30:00+05:30,184.53,185.37,184.5,185.08,694153,0
2026-03-13 14:35:00+05:30,185.1,185.33,184.62,184.78,539360,0
2026-03-13 14:40:00+05:30,184.78,184.84,184.35,184.71,465625,0
2026-03-13 14:45:00+05:30,184.71,184.77,184.01,184.21,461010,0
2026-03-13 14:50:00+05:30,184.29,184.6,183.78,183.95,517183,0
2026-03-13 14:55:00+05:30,183.95,184.29,183.71,184.19,533216,0
2026-03-13 15:00:00+05:30,184.2,184.37,183.5,183.5,1103818,0
2026-03-13 15:05:00+05:30,183.5,183.67,183.01,183.25,752342,0
2026-03-13 15:10:00+05:30,183.25,183.69,182.71,183.68,1101683,0
2026-03-13 15:15:00+05:30,183.69,184.23,183.56,184.15,1193413,0
2026-03-13 15:20:00+05:30,184.15,184.15,183.0,183.21,1061279,0
2026-03-13 15:25:00+05:30,183.21,183.38,182.26,183.01,792049,0
2026-03-16 09:15:00+05:30,183.0,185.58,181.25,185.32,2102316,0
2026-03-16 09:20:00+05:30,185.4,185.7,184.42,184.51,865410,0
2026-03-16 09:25:00+05:30,184.52,185.6,183.58,185.32,1286501,0
2026-03-16 09:30:00+05:30,185.32,186.24,185.27,186.18,863659,0
2026-03-16 09:35:00+05:30,186.18,186.5,185.8,186.32,926990,0
2026-03-16 09:40:00+05:30,186.4,186.87,186.27,186.45,861894,0
2026-03-16 09:45:00+05:30,186.4,186.83,186.05,186.17,634883,0
2026-03-16 09:50:00+05:30,186.17,186.55,185.9,186.48,424763,0
2026-03-16 09:55:00+05:30,186.47,186.74,185.7,185.75,615134,0
2026-03-16 10:00:00+05:30,185.73,186.19,185.34,185.95,441845,0
2026-03-16 10:05:00+05:30,185.95,186.4,185.88,186.0,447238,0
2026-03-16 10:10:00+05:30,185.96,186.23,185.44,185.73,461422,0
2026-03-16 10:15:00+05:30,185.73,185.73,184.64,184.93,562361,0
2026-03-16 10:20:00+05:30,184.94,184.95,184.5,184.53,410526,0
2026-03-16 10:25:00+05:30,184.55,184.8,184.35,184.41,681020,0
2026-03-16 10:30:00+05:30,184.41,185.18,184.38,184.95,522903,0
2026-03-16 10:35:00+05:30,184.94,185.34,184.8,184.97,392706,0
2026-03-16 10:40:00+05:30,184.97,184.98,184.71,184.82,355473,0
2026-03-16 10:45:00+05:30,184.82,185.14,184.71,184.98,298265,0
2026-03-16 10:50:00+05:30,184.99,185.0,184.28,184.42,367440,0
2026-03-16 10:55:00+05:30,184.43,185.17,184.23,184.82,704120,0
2026-03-16 11:00:00+05:30,184.82,185.0,184.45,184.56,603690,0
2026-03-16 11:05:00+05:30,184.57,185.19,184.57,184.91,262167,0
2026-03-16 11:10:00+05:30,184.91,185.04,184.64,184.93,259527,0
2026-03-16 11:15:00+05:30,184.93,186.4,184.82,186.35,742666,0
2026-03-16 11:20:00+05:30,186.3,186.47,185.92,186.27,444419,0
2026-03-16 11:25:00+05:30,186.25,186.32,185.98,186.19,252025,0
2026-03-16 11:30:00+05:30,186.15,186.5,185.86,186.35,295514,0
2026-03-16 11:35:00+05:30,186.35,186.45,186.03,186.08,174110,0
2026-03-16 11:40:00+05:30,186.08,186.3,185.68,185.78,360514,0
2026-03-16 11:45:00+05:30,185.8,185.93,185.58,185.75,190952,0
2026-03-16 11:50:00+05:30,185.73,185.91,185.3,185.59,196380,0
2026-03-16 11:55:00+05:30,185.57,185.8,185.3,185.41,201821,0
2026-03-16 12:00:00+05:30,185.4,185.77,185.1,185.17,244980,0
2026-03-16 12:05:00+05:30,185.17,185.25,185.06,185.2,164675,0
2026-03-16 12:10:00+05:30,185.23,185.55,185.01,185.05,230454,0
2026-03-16 12:15:00+05:30,185.08,185.28,185.0,185.19,203825,0
2026-03-16 12:20:00+05:30,185.21,185.21,184.76,185.08,296372,0
2026-03-16 12:25:00+05:30,185.04,185.1,184.6,184.66,211020,0
2026-03-16 12:30:00+05:30,184.66,184.66,183.83,184.03,509512,0
2026-03-16 12:35:00+05:30,184.03,184.3,183.78,184.09,422083,0
2026-03-16 12:40:00+05:30,184.1,184.14,183.8,183.87,252552,0
2026-03-16 12:45:00+05:30,183.88,183.94,183.34,183.49,314289,0
2026-03-16 12:50:00+05:30,183.49,183.65,183.1,183.5,428645,0
2026-03-16 12:55:00+05:30,183.5,183.66,183.26,183.55,236103,0
2026-03-16 13:00:00+05:30,183.55,183.66,182.8,182.85,469988,0
2026-03-16 13:05:00+05:30,182.86,183.32,182.5,183.2,361014,0
2026-03-16 13:10:00+05:30,183.23,183.7,183.05,183.25,308131,0
2026-03-16 13:15:00+05:30,183.25,183.9,183.21,183.89,276148,0
2026-03-16 13:20:00+05:30,183.89,184.25,183.66,183.82,367174,0
2026-03-16 13:25:00+05:30,183.87,184.05,183.31,183.59,235199,0
2026-03-16 13:30:00+05:30,183.63,183.7,183.3,183.48,184238,0
2026-03-16 13:35:00+05:30,183.48,183.88,183.43,183.8,162548,0
2026-03-16 13:40:00+05:30,183.8,184.08,183.3,183.33,267698,0
2026-03-16 13:45:00+05:30,183.34,183.6,183.2,183.37,210383,0
2026-03-16 13:50:00+05:30,183.37,183.6,183.2,183.33,163539,0
2026-03-16 13:55:00+05:30,183.3,183.59,183.1,183.5,194731,0
2026-03-16 14:00:00+05:30,183.5,183.5,183.25,183.4,148202,0
2026-03-16 14:05:00+05:30,183.4,183.48,183.21,183.42,162158,0
2026-03-16 14:10:00+05:30,183.41,183.99,183.3,183.77,322579,0
2026-03-16 14:15:00+05:30,183.8,184.63,183.44,184.59,486189,0
2026-03-16 14:20:00+05:30,184.59,185.57,184.52,185.41,1204127,0
2026-03-16 14:25:00+05:30,185.47,185.73,185.0,185.65,948150,0
2026-03-16 14:30:00+05:30,185.65,186.16,185.5,186.02,1200731,0
2026-03-16 14:35:00+05:30,186.01,186.77,185.8,186.71,1714805,0
2026-03-16 14:40:00+05:30,186.76,187.31,186.59,187.03,1275297,0
2026-03-16 14:45:00+05:30,187.0,187.2,186.75,187.09,1045114,0
2026-03-16 14:50:00+05:30,187.09,187.29,186.8,187.1,873479,0
2026-03-16 14:55:00+05:30,187.11,187.65,186.8,187.47,2233681,0
2026-03-16 15:00:00+05:30,187.48,187.57,186.42,186.82,2404515,0
2026-03-16 15:05:00+05:30,186.81,187.5,186.81,187.25,1200694,0
2026-03-16 15:10:00+05:30,187.25,187.45,186.93,187.17,1577197,0
2026-03-16 15:15:00+05:30,187.17,187.36,186.7,186.75,1332993,0
2026-03-16 15:20:00+05:30,186.75,186.82,186.04,186.18,956895,0
2026-03-16 15:25:00+05:30,186.2,186.39,185.86,186.25,768215,0
2026-03-17 09:15:00+05:30,187.8,189.77,187.6,187.96,1240456,0
2026-03-17 09:20:00+05:30,187.95,188.0,187.01,187.61,707122,0
2026-03-17 09:25:00+05:30,187.66,187.8,186.94,187.01,443216,0
2026-03-17 09:30:00+05:30,187.02,188.5,186.85,188.2,493401,0
2026-03-17 09:35:00+05:30,188.2,189.44,188.06,189.38,935565,0
2026-03-17 09:40:00+05:30,189.33,190.3,189.25,190.06,1063467,0
2026-03-17 09:45:00+05:30,190.06,191.84,190.03,190.89,1305865,0
2026-03-17 09:50:00+05:30,190.89,191.5,190.77,191.07,789445,0
2026-03-17 09:55:00+05:30,191.09,191.85,190.67,191.85,664626,0
2026-03-17 10:00:00+05:30,191.81,192.65,191.56,192.55,1203713,0
2026-03-17 10:05:00+05:30,192.55,192.79,192.08,192.47,596902,0
2026-03-17 10:10:00+05:30,192.46,192.46,191.75,192.13,580473,0
2026-03-17 10:15:00+05:30,192.13,192.6,192.1,192.56,337741,0
2026-03-17 10:20:00+05:30,192.56,192.97,192.25,192.66,516403,0
2026-03-17 10:25:00+05:30,192.66,192.7,192.3,192.42,377194,0
2026-03-17 10:30:00+05:30,192.36,192.42,191.87,192.08,534045,0
2026-03-17 10:35:00+05:30,192.08,192.24,191.6,192.18,491950,0
2026-03-17 10:40:00+05:30,192.17,192.2,191.7,192.18,202579,0
2026-03-17 10:45:00+05:30,192.18,192.41,191.7,192.05,289703,0
2026-03-17 10:50:00+05:30,192.04,192.27,191.6,192.05,263550,0
2026-03-17 10:55:00+05:30,192.08,192.58,192.0,192.55,409244,0
2026-03-17 11:00:00+05:30,192.5,192.6,192.04,192.39,239768,0
2026-03-17 11:05:00+05:30,192.39,192.49,192.0,192.04,173214,0
2026-03-17 11:10:00+05:30,192.0,192.15,191.61,191.88,349696,0
2026-03-17 11:15:00+05:30,191.87,192.23,191.7,191.71,182534,0
2026-03-17 11:20:00+05:30,191.7,191.84,191.25,191.29,426576,0
2026-03-17 11:25:00+05:30,191.29,191.43,191.0,191.16,367315,0
2026-03-17 11:30:00+05:30,191.16,191.31,190.82,190.82,433196,0
2026-03-17 11:35:00+05:30,190.94,191.43,190.8,191.27,373291,0
2026-03-17 11:40:00+05:30,191.28,191.45,191.04,191.23,219619,0
2026-03-17 11:45:00+05:30,191.22,191.6,191.11,191.36,156127,0
2026-03-17 11:50:00+05:30,191.33,191.74,191.25,191.32,229517,0
2026-03-17 11:55:00+05:30,191.27,191.75,191.06,191.58,311854,0
2026-03-17 12:00:00+05:30,191.65,191.65,191.08,191.23,157109,0
2026-03-17 12:05:00+05:30,191.22,191.47,191.12,191.36,89460,0
2026-03-17 12:10:00+05:30,191.36,191.5,191.13,191.17,247891,0
2026-03-17 12:15:00+05:30,191.16,191.21,190.5,190.52,378487,0
2026-03-17 12:20:00+05:30,190.52,190.76,190.46,190.49,235108,0
2026-03-17 12:25:00+05:30,190.49,190.68,190.31,190.63,241585,0
2026-03-17 12:30:00+05:30,190.63,190.69,190.3,190.59,187222,0
2026-03-17 12:35:00+05:30,190.54,190.9,190.52,190.75,232708,0
2026-03-17 12:40:00+05:30,190.74,191.06,190.53,191.03,189282,0
2026-03-17 12:45:00+05:30,191.05,191.36,191.0,191.3,279358,0
2026-03-17 12:50:00+05:30,191.27,191.38,190.8,190.94,237907,0
2026-03-17 12:55:00+05:30,190.9,191.25,190.79,191.25,133496,0
2026-03-17 13:00:00+05:30,191.25,191.95,191.22,191.81,444427,0
2026-03-17 13:05:00+05:30,191.81,192.19,191.5,192.05,383702,0
2026-03-17 13:10:00+05:30,192.07,192.25,192.07,192.2,227039,0
2026-03-17 13:15:00+05:30,192.2,193.3,192.17,193.24,1257458,0
2026-03-17 13:20:00+05:30,193.17,193.55,192.77,193.0,785343,0
2026-03-17 13:25:00+05:30,193.0,193.85,192.97,193.54,587362,0
2026-03-17 13:30:00+05:30,193.54,193.8,193.04,193.23,589712,0
2026-03-17 13:35:00+05:30,193.19,193.44,192.75,192.89,476406,0
2026-03-17 13:40:00+05:30,192.89,193.06,192.63,192.9,353991,0
2026-03-17 13:45:00+05:30,192.9,193.15,192.83,192.99,306867,0
2026-03-17 13:50:00+05:30,193.0,193.2,192.9,193.1,265248,0
2026-03-17 13:55:00+05:30,193.1,193.27,192.85,192.96,479906,0
2026-03-17 14:00:00+05:30,192.96,193.33,192.85,193.12,274512,0
2026-03-17 14:05:00+05:30,193.11,193.4,192.86,193.32,326259,0
2026-03-17 14:10:00+05:30,193.32,193.6,193.21,193.56,326077,0
2026-03-17 14:15:00+05:30,193.56,193.66,193.21,193.54,570273,0
2026-03-17 14:20:00+05:30,193.54,193.7,193.11,193.34,546229,0
2026-03-17 14:25:00+05:30,193.37,193.94,193.08,193.85,467264,0
2026-03-17 14:30:00+05:30,193.89,194.64,193.84,194.51,1031950,0
2026-03-17 14:35:00+05:30,194.51,195.0,194.44,194.91,871799,0
2026-03-17 14:40:00+05:30,194.9,195.0,194.74,194.95,617003,0
2026-03-17 14:45:00+05:30,194.95,195.49,194.65,195.4,4533372,0
2026-03-17 14:50:00+05:30,195.4,195.98,195.35,195.92,1881847,0
2026-03-17 14:55:00+05:30,195.92,196.25,195.75,196.23,1473453,0
2026-03-17 15:00:00+05:30,196.23,196.31,195.4,195.74,1647676,0
2026-03-17 15:05:00+05:30,195.79,195.86,195.4,195.6,1017261,0
2026-03-17 15:10:00+05:30,195.61,195.64,195.1,195.24,1209770,0
2026-03-17 15:15:00+05:30,195.22,195.45,195.0,195.15,1365715,0
2026-03-17 15:20:00+05:30,195.19,195.37,195.0,195.17,1163749,0
2026-03-17 15:25:00+05:30,195.17,195.3,195.0,195.2,668170,0
2026-03-18 09:15:00+05:30,196.4,196.43,193.58,193.73,2075141,0
2026-03-18 09:20:00+05:30,193.77,194.35,193.26,193.34,982431,0
2026-03-18 09:25:00+05:30,193.34,194.1,193.26,194.05,583167,0
2026-03-18 09:30:00+05:30,194.0,194.75,193.98,194.64,1008302,0
2026-03-18 09:35:00+05:30,194.68,194.94,194.2,194.44,1193895,0
2026-03-18 09:40:00+05:30,194.53,194.55,193.78,194.1,658661,0
2026-03-18 09:45:00+05:30,194.1,194.3,193.95,194.22,348075,0
2026-03-18 09:50:00+05:30,194.25,194.54,194.11,194.39,364916,0
2026-03-18 09:55:00+05:30,194.39,194.39,193.8,194.02,362178,0
2026-03-18 10:00:00+05:30,194.02,194.02,193.17,193.4,552954,0
2026-03-18 10:05:00+05:30,193.4,193.75,193.3,193.5,321232,0
2026-03-18 10:10:00+05:30,193.49,194.39,193.32,194.25,460143,0
2026-03-18 10:15:00+05:30,194.26,194.75,194.0,194.7,817003,0
2026-03-18 10:20:00+05:30,194.71,195.28,194.5,195.15,685706,0
2026-03-18 10:25:00+05:30,195.15,195.17,194.9,195.0,317640,0
2026-03-18 10:30:00+05:30,195.02,195.31,195.0,195.11,313715,0
2026-03-18 10:35:00+05:30,195.06,195.11,194.72,194.94,391350,0
2026-03-18 10:40:00+05:30,194.87,194.96,194.5,194.61,355804,0
2026-03-18 10:45:00+05:30,194.64,195.09,194.56,195.09,171240,0
2026-03-18 10:50:00+05:30,195.09,195.11,194.89,195.08,164779,0
2026-03-18 10:55:00+05:30,195.08,195.35,195.0,195.1,199105,0
2026-03-18 11:00:00+05:30,195.15,195.29,195.04,195.14,96602,0
2026-03-18 11:05:00+05:30,195.14,195.35,195.03,195.29,145233,0
2026-03-18 11:10:00+05:30,195.29,195.29,194.83,195.05,193797,0
2026-03-18 11:15:00+05:30,195.05,195.25,194.98,195.19,161741,0
2026-03-18 11:20:00+05:30,195.19,195.2,195.0,195.03,104961,0
2026-03-18 11:25:00+05:30,195.03,195.12,194.83,194.91,192224,0
2026-03-18 11:30:00+05:30,194.91,195.0,194.66,194.82,248713,0
2026-03-18 11:35:00+05:30,194.82,194.98,194.7,194.88,176733,0
2026-03-18 11:40:00+05:30,194.88,195.15,194.86,195.08,205174,0
2026-03-18 11:45:00+05:30,195.05,195.12,194.79,194.79,145503,0
2026-03-18 11:50:00+05:30,194.8,195.0,194.79,194.98,236037,0
2026-03-18 11:55:00+05:30,194.99,195.19,194.9,195.13,149829,0
2026-03-18 12:00:00+05:30,195.15,195.45,195.0,195.15,515296,0
2026-03-18 12:05:00+05:30,195.21,195.24,195.0,195.05,142303,0
2026-03-18 12:10:00+05:30,195.06,195.35,195.0,195.15,132334,0
2026-03-18 12:15:00+05:30,195.15,195.35,195.09,195.32,101446,0
2026-03-18 12:20:00+05:30,195.32,195.35,195.0,195.21,114197,0
2026-03-18 12:25:00+05:30,195.19,195.28,195.03,195.09,109040,0
2026-03-18 12:30:00+05:30,195.08,195.64,195.06,195.59,289213,0
2026-03-18 12:35:00+05:30,195.61,195.8,195.35,195.52,257369,0
2026-03-18 12:40:00+05:30,195.51,195.64,195.4,195.64,156904,0
2026-03-18 12:45:00+05:30,195.64,195.74,195.15,195.35,158534,0
2026-03-18 12:50:00+05:30,195.35,195.5,195.21,195.4,168999,0
2026-03-18 12:55:00+05:30,195.41,195.48,195.17,195.17,354539,0
2026-03-18 13:00:00+05:30,195.17,195.39,195.0,195.24,157172,0
2026-03-18 13:05:00+05:30,195.24,195.37,194.85,195.1,400401,0
2026-03-18 13:10:00+05:30,195.1,195.34,195.02,195.29,144912,0
2026-03-18 13:15:00+05:30,195.29,195.43,195.02,195.25,195210,0
2026-03-18 13:20:00+05:30,195.25,195.78,195.18,195.65,236140,0
2026-03-18 13:25:00+05:30,195.65,195.7,195.22,195.39,132204,0
2026-03-18 13:30:00+05:30,195.39,195.55,195.2,195.55,158623,0
2026-03-18 13:35:00+05:30,195.55,195.9,195.38,195.8,317415,0
2026-03-18 13:40:00+05:30,195.8,195.89,195.6,195.77,204808,0
2026-03-18 13:45:00+05:30,195.79,195.83,195.52,195.6,143666,0
2026-03-18 13:50:00+05:30,195.6,195.79,195.4,195.71,186982,0
2026-03-18 13:55:00+05:30,195.75,195.8,195.5,195.5,167835,0
2026-03-18 14:00:00+05:30,195.51,195.7,195.38,195.46,186734,0
2026-03-18 14:05:00+05:30,195.46,195.63,195.25,195.58,230879,0
2026-03-18 14:10:00+05:30,195.58,195.69,195.35,195.53,204829,0
2026-03-18 14:15:00+05:30,195.52,195.85,195.41,195.8,202166,0
2026-03-18 14:20:00+05:30,195.8,195.9,195.64,195.84,166275,0
2026-03-18 14:25:00+05:30,195.83,195.96,195.5,195.52,211055,0
2026-03-18 14:30:00+05:30,195.52,195.64,195.01,195.12,415607,0
2026-03-18 14:35:00+05:30,195.16,195.39,194.86,195.28,375110,0
2026-03-18 14:40:00+05:30,195.28,195.4,195.03,195.15,196547,0
2026-03-18 14:45:00+05:30,195.09,195.64,195.08,195.33,322184,0
2026-03-18 14:50:00+05:30,195.37,195.46,195.07,195.23,190119,0
2026-03-18 14:55:00+05:30,195.23,195.67,195.12,195.6,343207,0
2026-03-18 15:00:00+05:30,195.56,195.68,195.05,195.51,574732,0
2026-03-18 15:05:00+05:30,195.52,195.7,195.5,195.65,410048,0
2026-03-18 15:10:00+05:30,195.65,195.85,195.6,195.76,896419,0
2026-03-18 15:15:00+05:30,195.76,195.8,195.3,195.33,817822,0
2026-03-18 15:20:00+05:30,195.33,195.4,194.88,195.22,742413,0
2026-03-18 15:25:00+05:30,195.23,195.25,195.0,195.0,521730,0
2026-03-19 09:15:00+05:30,190.8,192.72,189.37,192.32,1706708,0
2026-03-19 09:20:00+05:30,192.32,194.18,192.22,194.15,774939,0
2026-03-19 09:25:00+05:30,194.15,194.22,193.23,193.27,440447,0
2026-03-19 09:30:00+05:30,193.27,193.49,192.53,192.63,517748,0
2026-03-19 09:35:00+05:30,192.6,193.0,192.25,192.32,542942,0
2026-03-19 09:40:00+05:30,192.33,192.78,192.3,192.5,375042,0
2026-03-19 09:45:00+05:30,192.46,192.75,192.32,192.65,187425,0
2026-03-19 09:50:00+05:30,192.63,192.89,192.4,192.59,237638,0
2026-03-19 09:55:00+05:30,192.59,192.88,192.4,192.82,286207,0
2026-03-19 10:00:00+05:30,192.82,192.82,192.4,192.45,230566,0
2026-03-19 10:05:00+05:30,192.54,192.7,192.43,192.67,109418,0
2026-03-19 10:10:00+05:30,192.56,192.8,192.51,192.61,129799,0
2026-03-19 10:15:00+05:30,192.61,192.72,192.3,192.44,208089,0
2026-03-19 10:20:00+05:30,192.41,192.69,192.31,192.5,87928,0
2026-03-19 10:25:00+05:30,192.5,193.42,192.4,193.18,280868,0
2026-03-19 10:30:00+05:30,193.18,193.8,193.1,193.32,333777,0
2026-03-19 10:35:00+05:30,193.39,193.8,193.25,193.65,319916,0
2026-03-19 10:40:00+05:30,193.73,193.78,193.02,193.67,166957,0
2026-03-19 10:45:00+05:30,193.66,193.67,192.83,192.83,219978,0
2026-03-19 10:50:00+05:30,192.83,192.97,192.76,192.88,123745,0
2026-03-19 10:55:00+05:30,192.87,193.0,192.73,192.77,138787,0
2026-03-19 11:00:00+05:30,192.78,192.98,192.5,192.52,203060,0
2026-03-19 11:05:00+05:30,192.51,192.78,192.3,192.33,182686,0
2026-03-19 11:10:00+05:30,192.39,192.95,192.3,192.79,117946,0
2026-03-19 11:15:00+05:30,192.79,192.99,192.6,192.89,129622,0
2026-03-19 11:20:00+05:30,192.89,193.5,192.76,193.29,274699,0
2026-03-19 11:25:00+05:30,193.29,193.4,193.05,193.3,150511,0
2026-03-19 11:30:00+05:30,193.3,193.55,193.3,193.55,151667,0
2026-03-19 11:35:00+05:30,193.55,193.69,193.38,193.54,125897,0
2026-03-19 11:40:00+05:30,193.54,193.65,193.33,193.62,114176,0
2026-03-19 11:45:00+05:30,193.62,193.84,193.58,193.74,243625,0
2026-03-19 11:50:00+05:30,193.74,193.9,193.61,193.85,129523,0
2026-03-19 11:55:00+05:30,193.85,193.87,193.35,193.35,111625,0
2026-03-19 12:00:00+05:30,193.35,193.78,193.25,193.58,164804,0
2026-03-19 12:05:00+05:30,193.67,193.95,193.4,193.43,704657,0
2026-03-19 12:10:00+05:30,193.49,193.65,193.05,193.45,211861,0
2026-03-19 12:15:00+05:30,193.43,193.57,193.15,193.25,148897,0
2026-03-19 12:20:00+05:30,193.16,193.21,192.59,192.73,287352,0
2026-03-19 12:25:00+05:30,192.73,192.92,192.58,192.79,142778,0
2026-03-19 12:30:00+05:30,192.78,192.95,192.6,192.8,108628,0
2026-03-19 12:35:00+05:30,192.8,193.15,192.7,193.03,119624,0
2026-03-19 12:40:00+05:30,192.95,193.06,192.65,192.79,274686,0
2026-03-19 12:45:00+05:30,192.78,193.15,192.7,193.09,141460,0
2026-03-19 12:50:00+05:30,193.07,193.2,192.81,193.17,159311,0
2026-03-19 12:55:00+05:30,193.15,193.7,193.06,193.5,251019,0
2026-03-19 13:00:00+05:30,193.51,193.52,192.84,192.95,151843,0
2026-03-19 13:05:00+05:30,192.89,193.19,192.84,193.01,187840,0
2026-03-19 13:10:00+05:30,192.98,193.28,192.45,192.5,481259,0
2026-03-19 13:15:00+05:30,192.5,192.66,192.32,192.52,281326,0
2026-03-19 13:20:00+05:30,192.52,192.77,192.4,192.59,173139,0
2026-03-19 13:25:00+05:30,192.53,192.7,192.42,192.63,247328,0
2026-03-19 13:30:00+05:30,192.63,192.98,192.51,192.6,200358,0
2026-03-19 13:35:00+05:30,192.6,193.12,192.5,193.07,222005,0
2026-03-19 13:40:00+05:30,193.08,193.15,192.7,192.75,112454,0
2026-03-19 13:45:00+05:30,192.72,192.78,192.31,192.54,302566,0
2026-03-19 13:50:00+05:30,192.54,192.64,192.15,192.44,241595,0
2026-03-19 13:55:00+05:30,192.36,192.59,192.0,192.1,328442,0
2026-03-19 14:00:00+05:30,192.15,192.33,191.86,192.08,459645,0
2026-03-19 14:05:00+05:30,192.15,192.2,191.32,191.34,497010,0
2026-03-19 14:10:00+05:30,191.36,191.42,190.92,191.18,453167,0
2026-03-19 14:15:00+05:30,191.18,191.7,191.05,191.59,374458,0
2026-03-19 14:20:00+05:30,191.59,191.69,191.25,191.62,256249,0
2026-03-19 14:25:00+05:30,191.58,191.7,190.87,191.0,326830,0
2026-03-19 14:30:00+05:30,191.0,191.39,190.94,191.17,336157,0
2026-03-19 14:35:00+05:30,191.17,191.68,191.08,191.13,618400,0
2026-03-19 14:40:00+05:30,191.13,191.51,191.05,191.45,573933,0
2026-03-19 14:45:00+05:30,191.45,191.46,190.85,191.0,402001,0
2026-03-19 14:50:00+05:30,190.96,191.24,190.75,190.84,444009,0
2026-03-19 14:55:00+05:30,190.91,191.0,190.19,190.31,720040,0
2026-03-19 15:00:00+05:30,190.31,190.84,189.87,190.46,813827,0
2026-03-19 15:05:00+05:30,190.45,190.47,190.01,190.14,572374,0
2026-03-19 15:10:00+05:30,190.15,190.64,190.14,190.46,471117,0
2026-03-19 15:15:00+05:30,190.49,190.8,190.0,190.64,749860,0
2026-03-19 15:20:00+05:30,190.64,191.14,190.62,191.11,614694,0
2026-03-19 15:25:00+05:30,191.11,191.25,190.8,191.2,456112,0
2026-03-20 09:15:00+05:30,193.4,195.59,193.34,195.47,1836172,0
2026-03-20 09:20:00+05:30,195.47,197.21,195.13,197.1,1607676,0
2026-03-20 09:25:00+05:30,197.01,197.75,196.8,197.67,1201666,0
2026-03-20 09:30:00+05:30,197.66,198.9,197.6,198.66,1422983,0
2026-03-20 09:35:00+05:30,198.68,199.14,198.21,198.74,1089237,0
2026-03-20 09:40:00+05:30,198.74,198.78,197.8,197.8,748493,0
2026-03-20 09:45:00+05:30,197.8,198.12,197.35,198.0,805462,0
2026-03-20 09:50:00+05:30,198.0,198.23,197.5,197.7,381141,0
2026-03-20 09:55:00+05:30,197.7,198.13,197.58,197.92,406525,0
2026-03-20 10:00:00+05:30,197.91,197.98,197.42,197.8,327418,0
2026-03-20 10:05:00+05:30,197.8,198.67,197.78,198.36,664410,0
2026-03-20 10:10:00+05:30,198.33,198.39,197.85,197.99,327847,0
2026-03-20 10:15:00+05:30,197.99,198.3,197.8,198.06,316946,0
2026-03-20 10:20:00+05:30,198.06,198.24,197.95,198.0,269779,0
2026-03-20 10:25:00+05:30,198.0,198.29,197.75,198.08,319812,0
2026-03-20 10:30:00+05:30,198.07,198.5,197.8,198.37,329945,0
2026-03-20 10:35:00+05:30,198.36,198.59,198.0,198.25,308092,0
2026-03-20 10:40:00+05:30,198.25,198.48,198.0,198.1,207973,0
2026-03-20 10:45:00+05:30,198.1,198.47,198.06,198.32,150453,0
2026-03-20 10:50:00+05:30,198.32,198.68,198.24,198.52,402075,0
2026-03-20 10:55:00+05:30,198.52,198.7,198.21,198.68,175979,0
2026-03-20 11:00:00+05:30,198.68,198.8,198.38,198.5,276226,0
2026-03-20 11:05:00+05:30,198.5,198.78,198.39,198.78,274346,0
2026-03-20 11:10:00+05:30,198.75,198.78,198.25,198.44,268667,0
2026-03-20 11:15:00+05:30,198.39,199.1,198.31,198.94,656383,0
2026-03-20 11:20:00+05:30,198.94,199.44,198.74,198.96,678797,0
2026-03-20 11:25:00+05:30,198.96,199.04,198.67,198.85,244753,0
2026-03-20 11:30:00+05:30,198.85,199.2,198.74,198.8,472198,0
2026-03-20 11:35:00+05:30,198.8,198.85,198.32,198.73,310958,0
2026-03-20 11:40:00+05:30,198.73,199.0,198.61,198.74,170982,0
2026-03-20 11:45:00+05:30,198.74,198.79,198.35,198.56,207885,0
2026-03-20 11:50:00+05:30,198.56,198.56,198.0,198.03,579860,0
2026-03-20 11:55:00+05:30,198.03,198.04,197.5,197.88,387286,0
2026-03-20 12:00:00+05:30,197.94,197.99,197.62,197.73,216035,0
2026-03-20 12:05:00+05:30,197.73,197.84,197.31,197.49,344996,0
2026-03-20 12:10:00+05:30,197.5,197.75,197.45,197.71,187514,0
2026-03-20 12:15:00+05:30,197.72,197.73,197.16,197.35,448799,0
2026-03-20 12:20:00+05:30,197.35,197.35,196.6,196.69,751208,0
2026-03-20 12:25:00+05:30,196.64,196.82,196.5,196.6,338751,0
2026-03-20 12:30:00+05:30,196.6,196.92,196.03,196.85,513146,0
2026-03-20 12:35:00+05:30,196.85,196.89,196.37,196.79,325105,0
2026-03-20 12:40:00+05:30,196.73,197.0,196.51,196.87,220794,0
2026-03-20 12:45:00+05:30,196.87,196.97,196.65,196.93,156223,0
2026-03-20 12:50:00+05:30,196.93,197.35,196.83,197.17,303745,0
2026-03-20 12:55:00+05:30,197.17,197.28,196.83,196.95,397000,0
2026-03-20 13:00:00+05:30,196.94,197.5,196.83,197.35,309332,0
2026-03-20 13:05:00+05:30,197.35,197.43,197.16,197.38,207698,0
2026-03-20 13:10:00+05:30,197.31,197.44,197.15,197.4,150036,0
2026-03-20 13:15:00+05:30,197.35,197.67,197.25,197.25,282995,0
2026-03-20 13:20:00+05:30,197.3,197.61,197.15,197.44,151388,0
2026-03-20 13:25:00+05:30,197.41,198.1,197.34,197.89,473585,0
2026-03-20 13:30:00+05:30,197.89,197.96,197.51,197.55,106634,0
2026-03-20 13:35:00+05:30,197.55,197.93,197.45,197.93,134018,0
2026-03-20 13:40:00+05:30,197.93,197.93,197.5,197.7,158028,0
2026-03-20 13:45:00+05:30,197.7,197.7,197.15,197.15,205018,0
2026-03-20 13:50:00+05:30,197.15,197.3,197.01,197.3,184132,0
2026-03-20 13:55:00+05:30,197.3,197.47,197.03,197.1,138348,0
2026-03-20 14:00:00+05:30,197.08,197.57,197.01,197.56,138669,0
2026-03-20 14:05:00+05:30,197.55,197.64,197.11,197.31,148817,0
2026-03-20 14:10:00+05:30,197.31,197.42,197.03,197.09,166998,0
2026-03-20 14:15:00+05:30,197.09,197.14,196.83,196.96,188566,0
2026-03-20 14:20:00+05:30,197.0,197.16,196.59,196.8,217877,0
2026-03-20 14:25:00+05:30,196.78,196.8,196.51,196.68,175709,0
2026-03-20 14:30:00+05:30,196.68,196.87,196.3,196.57,342739,0
2026-03-20 14:35:00+05:30,196.57,196.7,196.2,196.39,332675,0
2026-03-20 14:40:00+05:30,196.39,196.49,195.71,195.77,441408,0
2026-03-20 14:45:00+05:30,195.75,196.12,195.61,195.9,393052,0
2026-03-20 14:50:00+05:30,195.93,195.94,195.6,195.65,301879,0
2026-03-20 14:55:00+05:30,195.65,195.77,195.41,195.64,634726,0
2026-03-20 15:00:00+05:30,195.64,197.3,195.6,197.07,4235796,0
2026-03-20 15:05:00+05:30,197.12,197.35,196.95,197.13,3164626,0
2026-03-20 15:10:00+05:30,197.12,197.3,196.32,196.65,3778528,0
2026-03-20 15:15:00+05:30,196.67,196.67,196.34,196.46,2616923,0
2026-03-20 15:20:00+05:30,196.46,196.88,196.46,196.82,2941178,0
2026-03-20 15:25:00+05:30,196.83,196.84,195.73,196.38,2097797,0
2026-03-23 09:15:00+05:30,193.0,193.95,189.47,190.14,3325997,0
2026-03-23 09:20:00+05:30,190.14,190.95,189.0,189.05,1694197,0
2026-03-23 09:25:00+05:30,189.05,189.07,188.34,188.46,1348110,0
2026-03-23 09:30:00+05:30,188.46,188.69,188.2,188.54,1260952,0
2026-03-23 09:35:00+05:30,188.5,189.16,188.25,188.48,883332,0
2026-03-23 09:40:00+05:30,188.48,188.52,188.0,188.26,953377,0
2026-03-23 09:45:00+05:30,188.25,188.28,187.65,187.83,781017,0
2026-03-23 09:50:00+05:30,187.81,187.93,187.0,187.83,1186760,0
2026-03-23 09:55:00+05:30,187.82,188.3,187.58,187.84,1125681,0
2026-03-23 10:00:00+05:30,187.78,188.23,187.7,187.96,368433,0
2026-03-23 10:05:00+05:30,187.96,188.45,187.96,188.07,319953,0
2026-03-23 10:10:00+05:30,188.08,188.16,187.33,187.5,398407,0
2026-03-23 10:15:00+05:30,187.46,187.79,187.35,187.54,581927,0
2026-03-23 10:20:00+05:30,187.5,187.69,187.15,187.24,775442,0
2026-03-23 10:25:00+05:30,187.24,187.75,187.15,187.52,349200,0
2026-03-23 10:30:00+05:30,187.5,187.63,187.26,187.58,1042791,0
2026-03-23 10:35:00+05:30,187.58,188.7,187.5,188.26,566620,0
2026-03-23 10:40:00+05:30,188.26,188.33,187.8,188.06,768717,0
2026-03-23 10:45:00+05:30,188.03,188.3,187.87,188.3,881696,0
2026-03-23 10:50:00+05:30,188.3,188.3,187.69,187.77,656085,0
2026-03-23 10:55:00+05:30,187.77,187.94,187.5,187.77,221048,0
2026-03-23 11:00:00+05:30,187.77,187.9,187.31,187.9,323813,0
2026-03-23 11:05:00+05:30,187.9,188.64,187.7,188.23,484312,0
2026-03-23 11:10:00+05:30,188.23,188.55,188.0,188.55,224727,0
2026-03-23 11:15:00+05:30,188.57,188.57,188.01,188.18,181481,0
2026-03-23 11:20:00+05:30,188.18,188.45,188.1,188.33,382842,0
2026-03-23 11:25:00+05:30,188.33,188.49,188.1,188.46,230446,0
2026-03-23 11:30:00+05:30,188.46,188.46,188.1,188.23,190522,0
2026-03-23 11:35:00+05:30,188.18,188.25,187.8,188.13,343484,0
2026-03-23 11:40:00+05:30,188.17,188.4,188.07,188.22,204444,0
2026-03-23 11:45:00+05:30,188.22,188.49,188.1,188.4,445970,0
2026-03-23 11:50:00+05:30,188.4,188.85,188.23,188.79,503346,0
2026-03-23 11:55:00+05:30,188.79,189.18,188.56,188.9,400962,0
2026-03-23 12:00:00+05:30,188.91,189.0,187.85,187.98,420924,0
2026-03-23 12:05:00+05:30,187.98,188.32,187.8,188.32,380453,0
2026-03-23 12:10:00+05:30,188.32,188.68,188.06,188.25,291855,0
2026-03-23 12:15:00+05:30,188.21,188.29,187.9,188.02,296449,0
2026-03-23 12:20:00+05:30,188.1,188.1,187.65,187.74,305405,0
2026-03-23 12:25:00+05:30,187.77,188.2,187.64,188.15,283231,0
2026-03-23 12:30:00+05:30,188.12,188.35,187.85,188.0,223308,0
2026-03-23 12:35:00+05:30,188.0,188.4,187.92,188.14,247803,0
2026-03-23 12:40:00+05:30,188.18,188.25,187.99,188.2,208914,0
2026-03-23 12:45:00+05:30,188.14,188.3,188.0,188.1,250097,0
2026-03-23 12:50:00+05:30,188.1,188.16,187.72,187.79,281191,0
2026-03-23 12:55:00+05:30,187.79,188.0,187.5,187.94,342886,0
2026-03-23 13:00:00+05:30,187.94,187.98,187.71,187.86,196817,0
2026-03-23 13:05:00+05:30,187.88,188.03,187.71,187.83,652384,0
2026-03-23 13:10:00+05:30,187.86,187.93,187.5,187.6,652769,0
2026-03-23 13:15:00+05:30,187.6,188.15,187.58,187.85,292080,0
2026-03-23 13:20:00+05:30,187.8,187.9,187.2,187.21,304824,0
2026-03-23 13:25:00+05:30,187.3,187.3,186.68,186.7,875653,0
2026-03-23 13:30:00+05:30,186.78,187.11,186.7,187.03,328799,0
2026-03-23 13:35:00+05:30,187.04,187.19,186.83,186.99,807591,0
2026-03-23 13:40:00+05:30,186.99,187.52,186.87,187.35,314605,0
2026-03-23 13:45:00+05:30,187.43,188.1,187.3,188.1,461966,0
2026-03-23 13:50:00+05:30,188.1,188.6,187.98,188.2,587719,0
2026-03-23 13:55:00+05:30,188.2,188.5,188.07,188.16,405210,0
2026-03-23 14:00:00+05:30,188.18,188.7,188.0,188.58,531644,0
2026-03-23 14:05:00+05:30,188.6,188.98,188.1,188.26,596358,0
2026-03-23 14:10:00+05:30,188.34,188.4,188.0,188.04,333678,0
2026-03-23 14:15:00+05:30,188.07,188.3,187.78,188.21,349928,0
2026-03-23 14:20:00+05:30,188.17,188.39,188.04,188.1,326500,0
2026-03-23 14:25:00+05:30,188.16,188.19,187.77,187.85,481759,0
2026-03-23 14:30:00+05:30,187.85,187.85,186.85,186.97,573333,0
2026-03-23 14:35:00+05:30,186.97,187.66,186.9,187.19,887346,0
2026-03-23 14:40:00+05:30,187.19,187.78,186.97,187.73,649807,0
2026-03-23 14:45:00+05:30,187.72,187.8,187.42,187.68,403263,0
2026-03-23 14:50:00+05:30,187.68,188.1,187.68,187.84,552812,0
2026-03-23 14:55:00+05:30,187.84,187.98,187.55,187.9,505823,0
2026-03-23 15:00:00+05:30,187.9,187.93,187.16,187.21,905132,0
2026-03-23 15:05:00+05:30,187.21,187.5,187.04,187.45,676505,0
2026-03-23 15:10:00+05:30,187.45,187.99,187.37,187.49,839300,0
2026-03-23 15:15:00+05:30,187.56,187.56,186.8,186.81,970176,0
2026-03-23 15:20:00+05:30,186.81,186.93,186.51,186.9,1146869,0
2026-03-23 15:25:00+05:30,186.86,187.21,186.55,187.0,808412,0
2026-03-24 09:15:00+05:30,192.0,192.0,189.87,190.65,2002555,0
2026-03-24 09:20:00+05:30,190.63,190.8,189.92,190.69,646263,0
2026-03-24 09:25:00+05:30,190.69,191.25,190.4,191.25,669312,0
2026-03-24 09:30:00+05:30,191.21,191.4,190.21,190.73,410987,0
2026-03-24 09:35:00+05:30,190.73,191.42,190.6,190.7,600181,0
2026-03-24 09:40:00+05:30,190.7,190.9,190.03,190.28,426526,0
2026-03-24 09:45:00+05:30,190.25,190.25,189.8,189.87,539636,0
2026-03-24 09:50:00+05:30,189.87,190.1,189.63,189.89,296344,0
2026-03-24 09:55:00+05:30,189.86,190.4,189.4,189.85,599358,0
2026-03-24 10:00:00+05:30,189.85,189.92,189.11,189.21,348281,0
2026-03-24 10:05:00+05:30,189.21,189.37,189.0,189.08,350963,0
2026-03-24 10:10:00+05:30,189.08,189.24,188.39,188.88,404307,0
2026-03-24 10:15:00+05:30,188.86,189.79,188.75,189.44,405877,0
2026-03-24 10:20:00+05:30,189.44,190.2,189.15,190.18,480799,0
2026-03-24 10:25:00+05:30,190.18,190.23,189.68,190.1,292016,0
2026-03-24 10:30:00+05:30,190.04,190.1,189.17,189.25,297955,0
2026-03-24 10:35:00+05:30,189.23,189.23,188.18,188.22,448042,0
2026-03-24 10:40:00+05:30,188.25,188.94,188.25,188.81,201365,0
2026-03-24 10:45:00+05:30,188.81,189.52,188.8,189.11,466774,0
2026-03-24 10:50:00+05:30,189.11,189.19,188.6,188.91,363466,0
2026-03-24 10:55:00+05:30,188.85,188.96,188.4,188.65,288639,0
2026-03-24 11:00:00+05:30,188.65,188.9,188.4,188.65,428267,0
2026-03-24 11:05:00+05:30,188.65,188.66,188.28,188.55,144888,0
2026-03-24 11:10:00+05:30,188.54,188.92,188.5,188.58,142908,0
2026-03-24 11:15:00+05:30,188.59,189.0,188.5,188.88,299404,0
2026-03-24 11:20:00+05:30,188.9,189.0,188.4,188.51,312536,0
2026-03-24 11:25:00+05:30,188.52,188.7,188.17,188.4,461793,0
2026-03-24 11:30:00+05:30,188.4,188.8,188.36,188.71,104562,0
2026-03-24 11:35:00+05:30,188.7,188.93,188.57,188.87,147013,0
2026-03-24 11:40:00+05:30,188.87,188.9,188.19,188.44,486626,0
2026-03-24 11:45:00+05:30,188.48,188.89,188.32,188.6,126907,0
2026-03-24 11:50:00+05:30,188.6,189.06,188.5,188.66,506116,0
2026-03-24 11:55:00+05:30,188.66,189.44,188.49,188.66,904273,0
2026-03-24 12:00:00+05:30,188.66,188.74,188.09,188.46,531836,0
2026-03-24 12:05:00+05:30,188.46,188.46,188.0,188.16,309013,0
2026-03-24 12:10:00+05:30,188.16,188.39,187.78,187.97,249048,0
2026-03-24 12:15:00+05:30,187.93,188.22,187.85,187.95,268441,0
2026-03-24 12:20:00+05:30,187.98,189.41,187.91,189.39,402410,0
2026-03-24 12:25:00+05:30,189.39,190.0,188.35,188.81,1353310,0
2026-03-24 12:30:00+05:30,188.81,189.5,188.71,189.42,683372,0
2026-03-24 12:35:00+05:30,189.4,190.1,189.33,190.05,729047,0
2026-03-24 12:40:00+05:30,190.05,190.38,189.75,189.89,665886,0
2026-03-24 12:45:00+05:30,189.85,190.15,189.79,189.95,306264,0
2026-03-24 12:50:00+05:30,190.0,190.9,189.95,190.69,531280,0
2026-03-24 12:55:00+05:30,190.68,190.9,190.2,190.88,346011,0
2026-03-24 13:00:00+05:30,190.88,191.0,190.46,190.65,441149,0
2026-03-24 13:05:00+05:30,190.65,191.23,190.43,191.06,485474,0
2026-03-24 13:10:00+05:30,191.01,191.56,190.92,191.3,374344,0
2026-03-24 13:15:00+05:30,191.3,191.38,191.0,191.24,174060,0
2026-03-24 13:20:00+05:30,191.23,191.55,190.9,191.3,522407,0
2026-03-24 13:25:00+05:30,191.3,191.59,191.08,191.46,204018,0
2026-03-24 13:30:00+05:30,191.46,192.0,191.4,191.97,382020,0
2026-03-24 13:35:00+05:30,192.0,192.19,191.41,191.53,378090,0
2026-03-24 13:40:00+05:30,191.58,191.74,191.3,191.58,273046,0
2026-03-24 13:45:00+05:30,191.58,191.79,191.02,191.17,280235,0
2026-03-24 13:50:00+05:30,191.13,191.25,190.69,191.1,451469,0
2026-03-24 13:55:00+05:30,191.08,191.6,191.05,191.4,256838,0
2026-03-24 14:00:00+05:30,191.4,191.48,191.05,191.33,150397,0
2026-03-24 14:05:00+05:30,191.33,191.45,191.08,191.1,129445,0
2026-03-24 14:10:00+05:30,191.17,191.47,191.01,191.24,195587,0
2026-03-24 14:15:00+05:30,191.24,191.7,191.2,191.29,219141,0
2026-03-24 14:20:00+05:30,191.29,191.45,190.53,190.75,340745,0
2026-03-24 14:25:00+05:30,190.75,190.82,190.19,190.52,771807,0
2026-03-24 14:30:00+05:30,190.51,190.58,190.2,190.33,888424,0
2026-03-24 14:35:00+05:30,190.33,190.41,189.78,190.13,519196,0
2026-03-24 14:40:00+05:30,190.13,190.78,189.89,190.31,407394,0
2026-03-24 14:45:00+05:30,190.28,190.49,190.01,190.24,366421,0
2026-03-24 14:50:00+05:30,190.21,190.57,190.04,190.44,367165,0
2026-03-24 14:55:00+05:30,190.43,191.0,190.31,190.83,448113,0
2026-03-24 15:00:00+05:30,190.8,190.94,190.25,190.83,1155265,0
2026-03-24 15:05:00+05:30,190.81,190.96,190.53,190.75,612403,0
2026-03-24 15:10:00+05:30,190.74,190.98,190.64,190.71,570524,0
2026-03-24 15:15:00+05:30,190.68,190.83,190.3,190.77,751022,0
2026-03-24 15:20:00+05:30,190.77,191.38,190.74,191.23,753834,0
2026-03-24 15:25:00+05:30,191.23,191.5,191.0,191.2,446403,0
2026-03-25 09:15:00+05:30,193.03,194.65,192.32,194.23,1402072,0
2026-03-25 09:20:00+05:30,194.23,195.4,194.21,195.26,856936,0
2026-03-25 09:25:00+05:30,195.2,195.39,194.85,194.97,613632,0
2026-03-25 09:30:00+05:30,194.97,195.05,194.55,194.94,736985,0
2026-03-25 09:35:00+05:30,194.95,194.96,194.01,194.29,600356,0
2026-03-25 09:40:00+05:30,194.29,195.08,194.0,194.89,556209,0
2026-03-25 09:45:00+05:30,194.89,195.12,194.36,194.45,339740,0
2026-03-25 09:50:00+05:30,194.45,194.8,194.2,194.8,345167,0
2026-03-25 09:55:00+05:30,194.8,194.94,194.23,194.4,377466,0
2026-03-25 10:00:00+05:30,194.4,194.59,194.15,194.45,290503,0
2026-03-25 10:05:00+05:30,194.45,194.58,194.2,194.5,228993,0
2026-03-25 10:10:00+05:30,194.48,195.06,194.46,194.8,512969,0
2026-03-25 10:15:00+05:30,194.8,194.85,194.53,194.64,253024,0
2026-03-25 10:20:00+05:30,194.64,194.7,194.4,194.58,194225,0
2026-03-25 10:25:00+05:30,194.56,195.06,194.54,194.95,318669,0
2026-03-25 10:30:00+05:30,194.95,195.1,194.81,194.98,225066,0
2026-03-25 10:35:00+05:30,194.98,195.1,194.84,194.93,211179,0
2026-03-25 10:40:00+05:30,194.93,194.99,194.49,194.93,1184474,0
2026-03-25 10:45:00+05:30,194.94,195.1,194.85,195.04,301673,0
2026-03-25 10:50:00+05:30,195.04,195.18,194.97,195.11,315769,0
2026-03-25 10:55:00+05:30,195.11,195.11,194.5,194.8,270679,0
2026-03-25 11:00:00+05:30,194.8,195.3,194.7,195.13,360373,0
2026-03-25 11:05:00+05:30,195.2,195.95,195.13,195.83,638739,0
2026-03-25 11:10:00+05:30,195.85,195.99,195.6,195.77,422638,0
2026-03-25 11:15:00+05:30,195.75,195.8,195.14,195.19,497526,0
2026-03-25 11:20:00+05:30,195.2,195.25,194.45,194.49,698731,0
2026-03-25 11:25:00+05:30,194.49,194.74,194.17,194.4,591721,0
2026-03-25 11:30:00+05:30,194.38,194.46,194.2,194.29,260800,0
2026-03-25 11:35:00+05:30,194.27,194.36,193.82,193.98,557945,0
2026-03-25 11:40:00+05:30,193.98,194.09,193.8,193.93,267559,0
2026-03-25 11:45:00+05:30,193.93,194.6,193.91,194.59,356349,0
2026-03-25 11:50:00+05:30,194.57,194.75,194.51,194.68,261210,0
2026-03-25 11:55:00+05:30,194.68,194.95,194.53,194.95,239807,0
2026-03-25 12:00:00+05:30,194.92,195.15,194.81,194.94,254757,0
2026-03-25 12:05:00+05:30,194.94,195.2,194.87,195.06,207032,0
2026-03-25 12:10:00+05:30,195.06,195.38,195.0,195.32,175973,0
2026-03-25 12:15:00+05:30,195.35,195.85,195.16,195.63,493291,0
2026-03-25 12:20:00+05:30,195.7,195.73,195.21,195.33,226002,0
2026-03-25 12:25:00+05:30,195.33,195.39,195.1,195.28,397913,0
2026-03-25 12:30:00+05:30,195.27,195.3,195.15,195.27,414207,0
2026-03-25 12:35:00+05:30,195.27,195.3,195.16,195.21,124227,0
2026-03-25 12:40:00+05:30,195.21,195.6,195.17,195.6,163804,0
2026-03-25 12:45:00+05:30,195.6,195.61,195.23,195.36,202314,0
2026-03-25 12:50:00+05:30,195.36,195.37,195.0,195.12,308979,0
2026-03-25 12:55:00+05:30,195.1,195.2,194.83,195.19,315140,0
2026-03-25 13:00:00+05:30,195.13,195.5,195.0,195.49,369642,0
2026-03-25 13:05:00+05:30,195.47,195.58,195.15,195.29,267988,0
2026-03-25 13:10:00+05:30,195.29,195.44,195.19,195.25,116242,0
2026-03-25 13:15:00+05:30,195.26,195.36,195.12,195.2,143737,0
2026-03-25 13:20:00+05:30,195.2,195.4,195.07,195.35,122247,0
2026-03-25 13:25:00+05:30,195.35,195.65,195.26,195.65,224816,0
2026-03-25 13:30:00+05:30,195.65,196.49,195.45,196.27,822407,0
2026-03-25 13:35:00+05:30,196.31,196.6,196.1,196.25,538816,0
2026-03-25 13:40:00+05:30,196.25,196.5,196.14,196.49,211974,0
2026-03-25 13:45:00+05:30,196.49,196.75,196.36,196.51,365525,0
2026-03-25 13:50:00+05:30,196.52,196.6,196.15,196.29,218351,0
2026-03-25 13:55:00+05:30,196.29,196.56,196.2,196.5,189403,0
2026-03-25 14:00:00+05:30,196.54,197.13,196.5,197.02,562442,0
2026-03-25 14:05:00+05:30,197.02,197.15,196.42,196.52,777618,0
2026-03-25 14:10:00+05:30,196.52,196.75,196.47,196.6,308690,0
2026-03-25 14:15:00+05:30,196.59,196.73,196.32,196.43,347964,0
2026-03-25 14:20:00+05:30,196.43,196.45,195.61,195.7,536992,0
2026-03-25 14:25:00+05:30,195.7,196.42,195.63,196.39,622998,0
2026-03-25 14:30:00+05:30,196.39,196.5,196.0,196.37,580608,0
2026-03-25 14:35:00+05:30,196.37,196.4,196.07,196.15,254785,0
2026-03-25 14:40:00+05:30,196.15,196.71,196.08,196.59,463619,0
2026-03-25 14:45:00+05:30,196.6,196.7,196.3,196.45,303942,0
2026-03-25 14:50:00+05:30,196.45,196.53,196.03,196.31,369105,0
2026-03-25 14:55:00+05:30,196.31,196.6,196.29,196.6,486383,0
2026-03-25 15:00:00+05:30,196.58,196.82,196.3,196.71,938514,0
2026-03-25 15:05:00+05:30,196.71,196.98,196.5,196.95,904943,0
2026-03-25 15:10:00+05:30,196.95,197.0,196.65,196.72,1143446,0
2026-03-25 15:15:00+05:30,196.69,196.81,196.5,196.6,1351342,0
2026-03-25 15:20:00+05:30,196.6,196.78,196.4,196.64,1702499,0
2026-03-25 15:25:00+05:30,196.65,196.8,196.35,196.78,943255,0
2026-03-27 09:15:00+05:30,194.32,195.34,192.87,193.0,2067547,0
2026-03-27 09:20:00+05:30,193.01,195.5,192.64,195.06,1239140,0
2026-03-27 09:25:00+05:30,195.04,195.23,194.73,194.89,539008,0
2026-03-27 09:30:00+05:30,194.89,195.1,194.49,195.0,509773,0
2026-03-27 09:35:00+05:30,195.05,195.08,194.62,194.71,253658,0
2026-03-27 09:40:00+05:30,194.72,195.0,194.6,194.96,236831,0
2026-03-27 09:45:00+05:30,194.96,195.07,194.75,194.92,255831,0
2026-03-27 09:50:00+05:30,194.92,195.14,194.74,194.79,262288,0
2026-03-27 09:55:00+05:30,194.75,194.8,194.5,194.7,183243,0
2026-03-27 10:00:00+05:30,194.73,195.2,194.63,195.07,392544,0
2026-03-27 10:05:00+05:30,195.15,195.15,194.6,194.77,206018,0
2026-03-27 10:10:00+05:30,194.75,194.77,194.3,194.31,237401,0
2026-03-27 10:15:00+05:30,194.31,194.34,193.78,193.89,349490,0
2026-03-27 10:20:00+05:30,193.9,194.44,193.78,194.43,324172,0
2026-03-27 10:25:00+05:30,194.41,194.55,194.16,194.49,247911,0
2026-03-27 10:30:00+05:30,194.48,195.14,194.42,194.96,429025,0
2026-03-27 10:35:00+05:30,194.93,195.05,194.7,194.99,223570,0
2026-03-27 10:40:00+05:30,194.98,195.2,194.7,194.96,235238,0
2026-03-27 10:45:00+05:30,194.95,194.96,194.4,194.46,299147,0
2026-03-27 10:50:00+05:30,194.45,194.61,194.28,194.35,265952,0
2026-03-27 10:55:00+05:30,194.35,194.68,194.26,194.49,294968,0
2026-03-27 11:00:00+05:30,194.49,195.05,194.48,194.85,642821,0
2026-03-27 11:05:00+05:30,194.85,195.0,194.56,194.99,362187,0
2026-03-27 11:10:00+05:30,194.99,195.1,194.56,194.79,256073,0
2026-03-27 11:15:00+05:30,194.8,194.91,194.61,194.75,171436,0
2026-03-27 11:20:00+05:30,194.75,194.75,194.3,194.37,274452,0
2026-03-27 11:25:00+05:30,194.38,194.38,193.96,194.06,527613,0
2026-03-27 11:30:00+05:30,194.05,194.28,193.69,193.85,670600,0
2026-03-27 11:35:00+05:30,193.85,194.2,193.69,193.86,996706,0
2026-03-27 11:40:00+05:30,193.86,193.97,193.48,193.82,922107,0
2026-03-27 11:45:00+05:30,193.83,194.0,193.7,193.93,374054,0
2026-03-27 11:50:00+05:30,193.93,194.0,193.71,193.99,724367,0
2026-03-27 11:55:00+05:30,193.99,193.99,193.75,193.87,194970,0
2026-03-27 12:00:00+05:30,193.87,193.9,193.35,193.65,517740,0
2026-03-27 12:05:00+05:30,193.65,193.92,193.48,193.59,501161,0
2026-03-27 12:10:00+05:30,193.58,193.76,193.51,193.6,156005,0
2026-03-27 12:15:00+05:30,193.61,193.61,193.15,193.18,333165,0
2026-03-27 12:20:00+05:30,193.18,193.82,193.18,193.73,364472,0
2026-03-27 12:25:00+05:30,193.81,194.28,193.47,194.15,536075,0
2026-03-27 12:30:00+05:30,194.16,194.2,193.86,194.2,196768,0
2026-03-27 12:35:00+05:30,194.2,194.27,193.95,194.24,220554,0
2026-03-27 12:40:00+05:30,194.25,194.5,194.12,194.41,275939,0
2026-03-27 12:45:00+05:30,194.47,194.48,194.2,194.32,174351,0
2026-03-27 12:50:00+05:30,194.32,194.4,194.0,194.26,197815,0
2026-03-27 12:55:00+05:30,194.21,194.35,194.2,194.3,212289,0
2026-03-27 13:00:00+05:30,194.3,194.39,193.81,193.89,259380,0
2026-03-27 13:05:00+05:30,193.88,193.92,193.6,193.87,215233,0
2026-03-27 13:10:00+05:30,193.87,194.2,193.76,194.19,197381,0
2026-03-27 13:15:00+05:30,194.19,194.8,194.01,194.8,341090,0
2026-03-27 13:20:00+05:30,194.76,194.95,194.54,194.83,284145,0
2026-03-27 13:25:00+05:30,194.8,195.0,194.6,194.64,173149,0
2026-03-27 13:30:00+05:30,194.65,194.75,194.29,194.39,267315,0
2026-03-27 13:35:00+05:30,194.35,194.55,194.2,194.21,225407,0
2026-03-27 13:40:00+05:30,194.22,194.69,194.14,194.35,331456,0
2026-03-27 13:45:00+05:30,194.35,194.47,194.05,194.12,200014,0
2026-03-27 13:50:00+05:30,194.1,194.42,194.08,194.19,206480,0
2026-03-27 13:55:00+05:30,194.22,194.5,194.14,194.45,307278,0
2026-03-27 14:00:00+05:30,194.45,194.75,194.31,194.51,520222,0
2026-03-27 14:05:00+05:30,194.51,194.65,194.19,194.31,311808,0
2026-03-27 14:10:00+05:30,194.3,194.43,194.09,194.33,273703,0
2026-03-27 14:15:00+05:30,194.33,194.37,194.06,194.23,286904,0
2026-03-27 14:20:00+05:30,194.25,194.46,194.0,194.21,534157,0
2026-03-27 14:25:00+05:30,194.21,194.35,194.06,194.15,392958,0
2026-03-27 14:30:00+05:30,194.1,194.2,193.78,193.85,596923,0
2026-03-27 14:35:00+05:30,193.8,194.13,193.72,193.79,434959,0
2026-03-27 14:40:00+05:30,193.74,194.02,193.65,193.83,509520,0
2026-03-27 14:45:00+05:30,193.8,194.0,193.74,193.96,387807,0
2026-03-27 14:50:00+05:30,193.91,194.14,193.75,194.14,562982,0
2026-03-27 14:55:00+05:30,194.13,194.2,193.86,193.87,626399,0
2026-03-27 15:00:00+05:30,193.87,193.89,193.07,193.21,1581493,0
2026-03-27 15:05:00+05:30,193.24,193.48,193.07,193.39,1483852,0
2026-03-27 15:10:00+05:30,193.39,193.5,193.12,193.3,1656923,0
2026-03-27 15:15:00+05:30,193.3,193.5,193.0,193.17,1826293,0
2026-03-27 15:20:00+05:30,193.17,193.28,192.82,193.15,1894444,0
2026-03-27 15:25:00+05:30,193.15,193.31,192.91,193.19,1185025,0
2026-03-30 09:15:00+05:30,192.0,192.53,188.69,190.19,1907468,0
2026-03-30 09:20:00+05:30,190.18,191.4,190.02,190.78,873852,0
2026-03-30 09:25:00+05:30,190.76,191.64,190.63,191.3,632593,0
2026-03-30 09:30:00+05:30,191.3,191.97,190.75,191.93,577342,0
2026-03-30 09:35:00+05:30,191.89,191.9,191.35,191.44,318857,0
2026-03-30 09:40:00+05:30,191.43,191.85,191.34,191.7,317779,0
2026-03-30 09:45:00+05:30,191.7,192.1,191.33,191.51,408664,0
2026-03-30 09:50:00+05:30,191.47,191.75,191.41,191.43,175921,0
2026-03-30 09:55:00+05:30,191.43,191.48,190.78,190.91,593089,0
2026-03-30 10:00:00+05:30,190.95,191.4,190.83,191.1,236318,0
2026-03-30 10:05:00+05:30,191.1,191.1,190.0,190.1,623106,0
2026-03-30 10:10:00+05:30,190.1,190.17,189.5,190.0,466896,0
2026-03-30 10:15:00+05:30,190.0,190.0,189.23,189.35,378033,0
2026-03-30 10:20:00+05:30,189.35,189.4,188.85,188.94,398876,0
2026-03-30 10:25:00+05:30,188.94,189.08,188.68,188.75,431113,0
2026-03-30 10:30:00+05:30,188.79,188.79,188.3,188.54,292141,0
2026-03-30 10:35:00+05:30,188.5,189.06,188.48,188.91,380510,0
2026-03-30 10:40:00+05:30,188.91,189.05,188.7,188.85,215367,0
2026-03-30 10:45:00+05:30,188.82,189.22,188.82,189.13,273528,0
2026-03-30 10:50:00+05:30,189.13,189.44,189.0,189.06,289146,0
2026-03-30 10:55:00+05:30,189.08,189.38,188.82,189.11,427017,0
2026-03-30 11:00:00+05:30,189.11,189.81,189.09,189.72,331158,0
2026-03-30 11:05:00+05:30,189.72,189.94,189.43,189.5,202208,0
2026-03-30 11:10:00+05:30,189.5,189.69,189.31,189.66,133421,0
2026-03-30 11:15:00+05:30,189.65,189.89,189.5,189.87,128217,0
2026-03-30 11:20:00+05:30,189.87,190.47,189.83,190.21,323806,0
2026-03-30 11:25:00+05:30,190.17,190.22,189.76,189.9,224736,0
2026-03-30 11:30:00+05:30,189.9,190.7,189.69,190.62,390169,0
2026-03-30 11:35:00+05:30,190.62,191.06,190.62,190.89,458835,0
2026-03-30 11:40:00+05:30,190.85,191.05,190.75,190.96,297192,0
2026-03-30 11:45:00+05:30,190.96,190.96,190.44,190.78,246413,0
2026-03-30 11:50:00+05:30,190.78,191.2,190.68,191.15,251531,0
2026-03-30 11:55:00+05:30,191.15,191.24,190.82,190.99,243225,0
2026-03-30 12:00:00+05:30,190.99,191.77,190.94,191.69,560721,0
2026-03-30 12:05:00+05:30,191.64,192.38,191.64,192.14,671019,0
2026-03-30 12:10:00+05:30,192.19,193.0,192.09,193.0,642072,0
2026-03-30 12:15:00+05:30,192.99,193.58,192.99,193.13,567734,0
2026-03-30 12:20:00+05:30,193.15,193.45,193.0,193.05,306015,0
2026-03-30 12:25:00+05:30,193.0,193.25,192.71,193.1,458457,0
2026-03-30 12:30:00+05:30,193.06,193.1,192.55,192.82,337840,0
2026-03-30 12:35:00+05:30,192.82,194.25,192.79,194.05,1938510,0
2026-03-30 12:40:00+05:30,194.05,194.42,193.94,194.1,760549,0
2026-03-30 12:45:00+05:30,194.13,194.13,193.5,193.51,510797,0
2026-03-30 12:50:00+05:30,193.5,193.51,192.72,193.06,656100,0
2026-03-30 12:55:00+05:30,193.06,193.14,192.8,193.03,273672,0
2026-03-30 13:00:00+05:30,193.04,193.33,192.7,192.79,188749,0
2026-03-30 13:05:00+05:30,192.8,192.95,192.26,192.58,301528,0
2026-03-30 13:10:00+05:30,192.58,192.72,192.31,192.42,271209,0
2026-03-30 13:15:00+05:30,192.51,192.88,192.42,192.46,207915,0
2026-03-30 13:20:00+05:30,192.46,192.6,192.26,192.58,293356,0
2026-03-30 13:25:00+05:30,192.58,192.6,192.05,192.24,503814,0
2026-03-30 13:30:00+05:30,192.24,192.4,192.05,192.39,289957,0
2026-03-30 13:35:00+05:30,192.39,192.65,192.22,192.56,287838,0
2026-03-30 13:40:00+05:30,192.56,192.73,192.18,192.3,342682,0
2026-03-30 13:45:00+05:30,192.3,192.6,192.2,192.45,218679,0
2026-03-30 13:50:00+05:30,192.46,192.54,192.05,192.17,210133,0
2026-03-30 13:55:00+05:30,192.14,192.85,192.1,192.6,379505,0
2026-03-30 14:00:00+05:30,192.6,193.88,192.6,193.55,646517,0
2026-03-30 14:05:00+05:30,193.5,193.74,193.22,193.3,313464,0
2026-03-30 14:10:00+05:30,193.3,193.32,192.91,193.04,347656,0
2026-03-30 14:15:00+05:30,193.04,193.04,192.41,192.55,468107,0
2026-03-30 14:20:00+05:30,192.51,193.03,192.3,192.5,925006,0
2026-03-30 14:25:00+05:30,192.5,192.75,192.42,192.61,353027,0
2026-03-30 14:30:00+05:30,192.61,192.67,191.82,191.92,622836,0
2026-03-30 14:35:00+05:30,191.9,191.9,191.6,191.71,582644,0
2026-03-30 14:40:00+05:30,191.65,191.98,191.5,191.81,566402,0
2026-03-30 14:45:00+05:30,191.81,192.14,191.56,191.84,574679,0
2026-03-30 14:50:00+05:30,191.84,192.16,191.4,191.48,699789,0
2026-03-30 14:55:00+05:30,191.48,192.09,191.29,191.96,755824,0
2026-03-30 15:00:00+05:30,191.96,191.96,191.38,191.67,3013888,0
2026-03-30 15:05:00+05:30,191.66,192.0,191.66,191.75,2166703,0
2026-03-30 15:10:00+05:30,191.77,192.11,191.76,191.94,2201492,0
2026-03-30 15:15:00+05:30,191.93,192.12,191.86,191.95,2825405,0
2026-03-30 15:20:00+05:30,191.96,192.0,191.75,191.9,2206273,0
2026-03-30 15:25:00+05:30,191.89,192.66,191.35,191.59,1978771,0
2026-04-01 09:15:00+05:30,200.0,200.2,195.33,196.74,3223437,0
2026-04-01 09:20:00+05:30,196.74,197.75,196.4,197.7,1056848,0
2026-04-01 09:25:00+05:30,197.75,197.8,196.96,197.72,582558,0
2026-04-01 09:30:00+05:30,197.71,197.82,196.8,197.42,899869,0
2026-04-01 09:35:00+05:30,197.42,197.65,196.85,197.03,847029,0
2026-04-01 09:40:00+05:30,197.03,197.45,196.92,197.0,340719,0
2026-04-01 09:45:00+05:30,197.0,197.79,196.57,197.77,854790,0
2026-04-01 09:50:00+05:30,197.79,198.02,197.6,197.9,520533,0
2026-04-01 09:55:00+05:30,197.87,197.95,197.5,197.59,291075,0
2026-04-01 10:00:00+05:30,197.57,197.98,197.52,197.88,383157,0
2026-04-01 10:05:00+05:30,197.89,198.5,197.76,198.25,521470,0
2026-04-01 10:10:00+05:30,198.25,198.27,197.71,197.72,381177,0
2026-04-01 10:15:00+05:30,197.79,198.3,197.72,198.26,275109,0
2026-04-01 10:20:00+05:30,198.25,198.5,197.55,197.65,377907,0
2026-04-01 10:25:00+05:30,197.64,197.65,197.0,197.22,524824,0
2026-04-01 10:30:00+05:30,197.24,198.09,197.12,197.93,246148,0
2026-04-01 10:35:00+05:30,197.94,198.35,197.71,198.14,949375,0
2026-04-01 10:40:00+05:30,198.15,198.18,197.85,198.06,383958,0
2026-04-01 10:45:00+05:30,198.06,198.14,197.61,197.73,277615,0
2026-04-01 10:50:00+05:30,197.73,197.95,197.64,197.78,203123,0
2026-04-01 10:55:00+05:30,197.79,197.94,197.3,197.45,405645,0
2026-04-01 11:00:00+05:30,197.47,197.53,197.1,197.16,214880,0
2026-04-01 11:05:00+05:30,197.15,197.5,196.86,197.38,246471,0
2026-04-01 11:10:00+05:30,197.37,197.62,196.99,197.13,471461,0
2026-04-01 11:15:00+05:30,197.19,197.3,196.85,196.93,492948,0
2026-04-01 11:20:00+05:30,196.93,197.2,196.92,197.19,429592,0
2026-04-01 11:25:00+05:30,197.2,197.28,196.9,196.97,344362,0
2026-04-01 11:30:00+05:30,196.98,197.31,196.87,197.1,561248,0
2026-04-01 11:35:00+05:30,197.09,197.45,197.02,197.2,177794,0
2026-04-01 11:40:00+05:30,197.2,197.28,197.0,197.19,169632,0
2026-04-01 11:45:00+05:30,197.18,197.18,196.18,196.41,1402846,0
2026-04-01 11:50:00+05:30,196.41,196.45,196.01,196.11,497073,0
2026-04-01 11:55:00+05:30,196.18,196.38,195.92,196.26,482248,0
2026-04-01 12:00:00+05:30,196.28,196.74,196.26,196.59,417384,0
2026-04-01 12:05:00+05:30,196.55,196.71,196.27,196.45,375179,0
2026-04-01 12:10:00+05:30,196.45,196.97,196.25,196.7,306495,0
2026-04-01 12:15:00+05:30,196.7,197.0,196.7,196.81,184115,0
2026-04-01 12:20:00+05:30,196.82,196.85,196.7,196.77,165452,0
2026-04-01 12:25:00+05:30,196.76,196.89,196.21,196.64,467828,0
2026-04-01 12:30:00+05:30,196.65,196.88,196.55,196.78,207181,0
2026-04-01 12:35:00+05:30,196.77,196.85,196.7,196.75,192571,0
2026-04-01 12:40:00+05:30,196.75,197.45,196.62,197.22,809567,0
2026-04-01 12:45:00+05:30,197.22,197.51,197.05,197.05,398794,0
2026-04-01 12:50:00+05:30,197.08,197.2,197.0,197.06,110396,0
2026-04-01 12:55:00+05:30,197.06,197.15,197.06,197.07,91632,0
2026-04-01 13:00:00+05:30,197.1,197.15,196.7,196.8,200979,0
2026-04-01 13:05:00+05:30,196.8,197.0,196.7,196.85,110451,0
2026-04-01 13:10:00+05:30,196.85,196.96,196.6,196.91,204500,0
2026-04-01 13:15:00+05:30,196.91,197.04,196.56,196.58,278424,0
2026-04-01 13:20:00+05:30,196.58,196.64,195.83,196.01,581987,0
2026-04-01 13:25:00+05:30,196.05,196.08,195.57,195.79,333472,0
2026-04-01 13:30:00+05:30,195.83,195.95,195.49,195.75,257060,0
2026-04-01 13:35:00+05:30,195.75,195.76,195.39,195.57,257029,0
2026-04-01 13:40:00+05:30,195.56,195.57,194.67,194.98,595569,0
2026-04-01 13:45:00+05:30,194.98,195.31,194.76,195.24,264615,0
2026-04-01 13:50:00+05:30,195.23,195.37,194.97,195.0,321269,0
2026-04-01 13:55:00+05:30,195.0,195.59,194.91,195.21,206809,0
2026-04-01 14:00:00+05:30,195.21,195.6,195.11,195.49,149357,0
2026-04-01 14:05:00+05:30,195.49,195.56,195.29,195.42,140275,0
2026-04-01 14:10:00+05:30,195.41,195.82,195.33,195.67,188537,0
2026-04-01 14:15:00+05:30,195.67,195.73,195.33,195.4,140523,0
2026-04-01 14:20:00+05:30,195.4,195.46,194.9,195.14,255418,0
2026-04-01 14:25:00+05:30,195.14,195.34,195.0,195.2,148910,0
2026-04-01 14:30:00+05:30,195.22,195.5,194.96,195.12,730545,0
2026-04-01 14:35:00+05:30,195.12,195.13,194.8,194.9,286789,0
2026-04-01 14:40:00+05:30,194.83,195.06,194.55,194.82,364639,0
2026-04-01 14:45:00+05:30,194.82,195.08,194.74,194.93,793658,0
2026-04-01 14:50:00+05:30,194.93,195.15,194.8,194.9,426500,0
2026-04-01 14:55:00+05:30,194.86,195.25,194.84,195.03,258193,0
2026-04-01 15:00:00+05:30,195.03,195.5,194.96,194.98,952560,0
2026-04-01 15:05:00+05:30,194.96,194.99,194.61,194.88,620749,0
2026-04-01 15:10:00+05:30,194.88,194.95,194.6,194.64,636312,0
2026-04-01 15:15:00+05:30,194.65,194.67,194.35,194.42,1093850,0
2026-04-01 15:20:00+05:30,194.42,194.5,194.1,194.2,1168998,0
2026-04-01 15:25:00+05:30,194.2,194.85,194.0,194.85,1075967,0
2026-04-02 09:15:00+05:30,192.91,192.96,188.75,190.2,1593175,0
2026-04-02 09:20:00+05:30,190.14,190.95,190.06,190.36,497069,0
2026-04-02 09:25:00+05:30,190.4,190.66,190.05,190.22,418268,0
2026-04-02 09:30:00+05:30,190.18,190.35,189.71,190.01,562733,0
2026-04-02 09:35:00+05:30,190.01,190.35,189.65,189.7,554889,0
2026-04-02 09:40:00+05:30,189.7,189.95,189.1,189.44,539279,0
2026-04-02 09:45:00+05:30,189.44,189.79,188.7,188.79,472748,0
2026-04-02 09:50:00+05:30,188.79,188.85,188.23,188.41,836115,0
2026-04-02 09:55:00+05:30,188.41,188.5,188.15,188.28,498921,0
2026-04-02 10:00:00+05:30,188.3,188.5,188.01,188.24,394557,0
2026-04-02 10:05:00+05:30,188.21,188.45,187.95,188.08,468896,0
2026-04-02 10:10:00+05:30,188.06,188.98,188.02,188.87,380021,0
2026-04-02 10:15:00+05:30,188.87,188.9,188.3,188.37,428239,0
2026-04-02 10:20:00+05:30,188.35,188.6,188.0,188.08,352018,0
2026-04-02 10:25:00+05:30,188.02,188.37,187.95,188.23,263404,0
2026-04-02 10:30:00+05:30,188.23,188.79,188.16,188.5,187576,0
2026-04-02 10:35:00+05:30,188.5,188.53,188.22,188.44,138082,0
2026-04-02 10:40:00+05:30,188.44,188.95,188.44,188.59,256509,0
2026-04-02 10:45:00+05:30,188.58,188.59,188.07,188.5,237299,0
2026-04-02 10:50:00+05:30,188.48,188.55,188.2,188.46,145272,0
2026-04-02 10:55:00+05:30,188.47,188.84,188.34,188.55,284331,0
2026-04-02 11:00:00+05:30,188.55,188.95,188.5,188.68,252522,0
2026-04-02 11:05:00+05:30,188.69,188.9,188.61,188.75,357423,0
2026-04-02 11:10:00+05:30,188.75,188.79,188.56,188.68,170360,0
2026-04-02 11:15:00+05:30,188.68,188.83,188.55,188.59,118674,0
2026-04-02 11:20:00+05:30,188.59,188.6,188.4,188.49,143286,0
2026-04-02 11:25:00+05:30,188.48,188.82,188.34,188.41,136641,0
2026-04-02 11:30:00+05:30,188.44,188.75,188.26,188.75,137821,0
2026-04-02 11:35:00+05:30,188.72,188.88,188.63,188.68,127123,0
2026-04-02 11:40:00+05:30,188.68,188.7,188.35,188.46,153432,0
2026-04-02 11:45:00+05:30,188.46,188.99,188.44,188.84,384688,0
2026-04-02 11:50:00+05:30,188.84,188.92,188.56,188.79,189596,0
2026-04-02 11:55:00+05:30,188.79,189.38,188.68,189.05,268263,0
2026-04-02 12:00:00+05:30,189.05,189.1,188.72,188.8,219971,0
2026-04-02 12:05:00+05:30,188.78,188.88,188.26,188.68,603902,0
2026-04-02 12:10:00+05:30,188.67,188.9,188.65,188.82,124605,0
2026-04-02 12:15:00+05:30,188.82,189.11,188.72,189.01,180298,0
2026-04-02 12:20:00+05:30,189.02,189.25,188.65,189.02,154239,0
2026-04-02 12:25:00+05:30,189.03,189.56,188.94,189.55,269104,0
2026-04-02 12:30:00+05:30,189.55,190.38,189.55,190.05,651055,0
2026-04-02 12:35:00+05:30,190.07,190.7,190.05,190.37,427947,0
2026-04-02 12:40:00+05:30,190.36,190.58,190.26,190.4,210460,0
2026-04-02 12:45:00+05:30,190.4,190.78,190.2,190.68,323489,0
2026-04-02 12:50:00+05:30,190.67,190.88,190.51,190.73,208484,0
2026-04-02 12:55:00+05:30,190.73,191.5,190.6,191.34,469557,0
2026-04-02 13:00:00+05:30,191.34,191.7,191.21,191.32,486495,0
2026-04-02 13:05:00+05:30,191.32,191.35,190.89,191.2,279933,0
2026-04-02 13:10:00+05:30,191.2,191.24,190.91,191.04,131408,0
2026-04-02 13:15:00+05:30,191.07,191.68,190.8,191.68,294218,0
2026-04-02 13:20:00+05:30,191.66,192.0,191.42,192.0,369778,0
2026-04-02 13:25:00+05:30,192.0,192.5,191.59,192.39,345914,0
2026-04-02 13:30:00+05:30,192.46,192.77,192.0,192.4,361566,0
2026-04-02 13:35:00+05:30,192.45,192.66,192.16,192.65,197985,0
2026-04-02 13:40:00+05:30,192.64,193.29,192.52,193.27,716663,0
2026-04-02 13:45:00+05:30,193.27,193.6,193.06,193.25,313366,0
2026-04-02 13:50:00+05:30,193.25,193.41,192.75,193.2,255967,0
2026-04-02 13:55:00+05:30,193.2,193.4,192.84,193.3,190803,0
2026-04-02 14:00:00+05:30,193.3,193.51,193.15,193.49,140117,0
2026-04-02 14:05:00+05:30,193.49,193.6,193.11,193.4,176535,0
2026-04-02 14:10:00+05:30,193.4,193.99,193.34,193.99,289358,0
2026-04-02 14:15:00+05:30,193.99,194.46,193.64,193.86,438514,0
2026-04-02 14:20:00+05:30,193.86,194.09,193.62,193.89,196029,0
2026-04-02 14:25:00+05:30,193.89,193.95,193.4,193.75,228623,0
2026-04-02 14:30:00+05:30,193.71,194.15,193.71,194.08,240269,0
2026-04-02 14:35:00+05:30,194.1,194.14,193.35,193.51,305342,0
2026-04-02 14:40:00+05:30,193.6,193.7,192.66,192.81,451298,0
2026-04-02 14:45:00+05:30,192.84,193.4,192.56,193.37,255656,0
2026-04-02 14:50:00+05:30,193.37,194.0,193.21,193.98,303823,0
2026-04-02 14:55:00+05:30,193.98,194.0,193.56,193.7,237905,0
2026-04-02 15:00:00+05:30,193.74,194.1,193.63,193.95,755002,0
2026-04-02 15:05:00+05:30,193.95,194.48,193.86,194.48,690584,0
2026-04-02 15:10:00+05:30,194.48,194.75,194.44,194.59,834152,0
2026-04-02 15:15:00+05:30,194.59,194.85,193.76,193.84,997935,0
2026-04-02 15:20:00+05:30,193.83,193.97,193.51,193.72,738900,0
2026-04-02 15:25:00+05:30,193.69,193.99,193.24,193.5,611899,0
2026-04-06 09:15:00+05:30,193.02,193.49,190.25,191.82,1634807,0
2026-04-06 09:20:00+05:30,191.68,192.55,191.44,192.32,882092,0
2026-04-06 09:25:00+05:30,192.39,193.06,192.0,192.51,531424,0
2026-04-06 09:30:00+05:30,192.53,193.68,192.15,193.54,836138,0
2026-04-06 09:35:00+05:30,193.55,195.27,193.5,194.78,1080841,0
2026-04-06 09:40:00+05:30,194.82,195.17,194.15,194.54,758616,0
2026-04-06 09:45:00+05:30,194.54,195.1,193.42,193.57,664940,0
2026-04-06 09:50:00+05:30,193.56,193.63,193.13,193.24,413020,0
2026-04-06 09:55:00+05:30,193.24,193.45,193.0,193.24,235718,0
2026-04-06 10:00:00+05:30,193.26,193.6,192.86,193.45,304851,0
2026-04-06 10:05:00+05:30,193.45,193.95,193.31,193.85,304303,0
2026-04-06 10:10:00+05:30,193.85,194.9,193.8,194.84,1351841,0
2026-04-06 10:15:00+05:30,194.84,195.05,194.4,194.7,442507,0
2026-04-06 10:20:00+05:30,194.7,194.95,194.5,194.58,236213,0
2026-04-06 10:25:00+05:30,194.58,194.8,194.1,194.76,372176,0
2026-04-06 10:30:00+05:30,194.7,194.86,194.3,194.69,184650,0
2026-04-06 10:35:00+05:30,194.69,195.02,194.32,195.0,500960,0
2026-04-06 10:40:00+05:30,194.98,195.23,194.55,194.96,451506,0
2026-04-06 10:45:00+05:30,194.96,195.09,194.52,194.73,224248,0
2026-04-06 10:50:00+05:30,194.73,194.85,194.05,194.13,331881,0
2026-04-06 10:55:00+05:30,194.18,194.3,193.95,194.02,259400,0
2026-04-06 11:00:00+05:30,194.02,194.17,193.7,193.75,326946,0
2026-04-06 11:05:00+05:30,193.75,194.0,193.51,193.87,404015,0
2026-04-06 11:10:00+05:30,193.87,194.19,193.67,194.16,210557,0
2026-04-06 11:15:00+05:30,194.16,194.24,193.83,194.13,203706,0
2026-04-06 11:20:00+05:30,194.16,194.49,194.02,194.17,162160,0
2026-04-06 11:25:00+05:30,194.19,194.45,194.09,194.25,198213,0
2026-04-06 11:30:00+05:30,194.3,194.32,194.01,194.13,77257,0
2026-04-06 11:35:00+05:30,194.13,194.44,194.02,194.14,124183,0
2026-04-06 11:40:00+05:30,194.18,194.25,193.86,194.19,132577,0
2026-04-06 11:45:00+05:30,194.21,194.35,194.02,194.31,72993,0
2026-04-06 11:50:00+05:30,194.31,194.75,194.21,194.58,201809,0
2026-04-06 11:55:00+05:30,194.58,194.9,194.51,194.69,332839,0
2026-04-06 12:00:00+05:30,194.69,194.75,194.09,194.43,417511,0
2026-04-06 12:05:00+05:30,194.43,194.44,194.21,194.33,73673,0
2026-04-06 12:10:00+05:30,194.33,194.33,194.03,194.3,130423,0
2026-04-06 12:15:00+05:30,194.33,194.46,194.14,194.28,266631,0
2026-04-06 12:20:00+05:30,194.28,195.05,194.25,194.78,497816,0
2026-04-06 12:25:00+05:30,194.78,195.09,194.75,194.8,307241,0
2026-04-06 12:30:00+05:30,194.85,194.89,194.24,194.3,329311,0
2026-04-06 12:35:00+05:30,194.3,194.43,194.0,194.31,266629,0
2026-04-06 12:40:00+05:30,194.38,194.6,194.2,194.58,150862,0
2026-04-06 12:45:00+05:30,194.58,194.95,194.55,194.93,199578,0
2026-04-06 12:50:00+05:30,194.93,195.22,194.74,194.94,234624,0
2026-04-06 12:55:00+05:30,194.94,195.6,194.87,195.48,402670,0
2026-04-06 13:00:00+05:30,195.48,195.6,195.0,195.11,421720,0
2026-04-06 13:05:00+05:30,195.13,195.83,195.1,195.79,301851,0
2026-04-06 13:10:00+05:30,195.79,196.05,195.77,195.97,576991,0
2026-04-06 13:15:00+05:30,195.97,196.04,195.55,195.64,405294,0
2026-04-06 13:20:00+05:30,195.64,195.75,195.47,195.71,169159,0
2026-04-06 13:25:00+05:30,195.71,196.0,195.66,195.89,209384,0
2026-04-06 13:30:00+05:30,195.89,195.96,195.76,195.89,153354,0
2026-04-06 13:35:00+05:30,195.89,195.99,195.31,195.36,275829,0
2026-04-06 13:40:00+05:30,195.36,195.54,195.0,195.1,403512,0
2026-04-06 13:45:00+05:30,195.17,195.3,194.8,195.15,358694,0
2026-04-06 13:50:00+05:30,195.15,195.48,195.13,195.28,134016,0
2026-04-06 13:55:00+05:30,195.28,195.48,195.18,195.44,112423,0
2026-04-06 14:00:00+05:30,195.42,195.65,195.22,195.64,141969,0
2026-04-06 14:05:00+05:30,195.63,195.78,195.3,195.36,137702,0
2026-04-06 14:10:00+05:30,195.37,195.75,195.35,195.72,163434,0
2026-04-06 14:15:00+05:30,195.73,195.95,195.27,195.92,756356,0
2026-04-06 14:20:00+05:30,195.89,196.0,195.69,195.79,304228,0
2026-04-06 14:25:00+05:30,195.8,195.8,195.41,195.72,173661,0
2026-04-06 14:30:00+05:30,195.72,196.0,195.65,195.98,230356,0
2026-04-06 14:35:00+05:30,195.99,196.15,195.73,195.99,375596,0
2026-04-06 14:40:00+05:30,196.0,196.11,195.75,195.86,184500,0
2026-04-06 14:45:00+05:30,195.94,196.1,195.78,196.02,284754,0
2026-04-06 14:50:00+05:30,196.05,196.47,196.01,196.41,942920,0
2026-04-06 14:55:00+05:30,196.41,196.5,196.0,196.44,408907,0
2026-04-06 15:00:00+05:30,196.44,196.65,196.2,196.44,406440,0
2026-04-06 15:05:00+05:30,196.45,196.49,196.2,196.27,272023,0
2026-04-06 15:10:00+05:30,196.32,196.4,196.06,196.11,428190,0
2026-04-06 15:15:00+05:30,196.2,196.2,195.82,196.0,510102,0
2026-04-06 15:20:00+05:30,195.96,196.1,195.8,196.02,542462,0
2026-04-06 15:25:00+05:30,196.02,196.08,195.6,195.6,585750,0
2026-04-07 09:15:00+05:30,195.6,196.56,193.28,196.16,1489640,0
2026-04-07 09:20:00+05:30,196.16,196.54,195.6,196.45,657804,0
2026-04-07 09:25:00+05:30,196.45,196.84,196.25,196.64,503334,0
2026-04-07 09:30:00+05:30,196.64,196.74,195.37,195.55,624929,0
2026-04-07 09:35:00+05:30,195.55,195.95,195.4,195.63,296414,0
2026-04-07 09:40:00+05:30,195.62,195.99,195.2,195.35,351340,0
2026-04-07 09:45:00+05:30,195.4,196.08,195.33,195.5,307336,0
2026-04-07 09:50:00+05:30,195.5,195.93,195.3,195.75,193406,0
2026-04-07 09:55:00+05:30,195.86,196.35,195.82,196.27,265053,0
2026-04-07 10:00:00+05:30,196.27,196.55,196.05,196.41,299398,0
2026-04-07 10:05:00+05:30,196.45,196.5,196.01,196.1,184741,0
2026-04-07 10:10:00+05:30,196.1,196.44,196.0,196.4,174280,0
2026-04-07 10:15:00+05:30,196.37,196.82,196.31,196.79,361672,0
2026-04-07 10:20:00+05:30,196.79,196.94,196.23,196.43,451805,0
2026-04-07 10:25:00+05:30,196.44,196.78,196.35,196.7,151371,0
2026-04-07 10:30:00+05:30,196.75,196.98,196.55,196.76,262279,0
2026-04-07 10:35:00+05:30,196.76,196.96,196.53,196.96,195549,0
2026-04-07 10:40:00+05:30,196.92,197.19,196.9,197.07,397862,0
2026-04-07 10:45:00+05:30,197.07,197.2,196.31,196.44,331643,0
2026-04-07 10:50:00+05:30,196.44,196.48,195.8,196.0,358175,0
2026-04-07 10:55:00+05:30,196.02,196.22,195.54,195.72,280359,0
2026-04-07 11:00:00+05:30,195.72,195.76,195.27,195.47,585415,0
2026-04-07 11:05:00+05:30,195.55,195.55,195.0,195.2,570751,0
2026-04-07 11:10:00+05:30,195.2,195.3,194.7,194.71,511048,0
2026-04-07 11:15:00+05:30,194.77,195.24,194.7,195.22,537347,0
2026-04-07 11:20:00+05:30,195.22,195.5,195.2,195.48,186220,0
2026-04-07 11:25:00+05:30,195.48,195.66,195.33,195.54,240361,0
2026-04-07 11:30:00+05:30,195.54,195.9,195.5,195.63,368524,0
2026-04-07 11:35:00+05:30,195.64,195.65,194.96,195.37,787117,0
2026-04-07 11:40:00+05:30,195.35,195.35,194.8,194.98,194103,0
2026-04-07 11:45:00+05:30,194.99,195.03,194.52,194.99,420807,0
2026-04-07 11:50:00+05:30,194.99,195.35,194.98,195.31,105136,0
2026-04-07 11:55:00+05:30,195.31,195.65,195.15,195.59,217601,0
2026-04-07 12:00:00+05:30,195.61,195.61,194.76,194.91,394721,0
2026-04-07 12:05:00+05:30,194.92,195.0,194.8,195.0,100993,0
2026-04-07 12:10:00+05:30,195.0,195.11,194.4,194.86,429588,0
2026-04-07 12:15:00+05:30,194.86,194.92,194.4,194.58,238428,0
2026-04-07 12:20:00+05:30,194.58,194.64,194.5,194.53,142986,0
2026-04-07 12:25:00+05:30,194.57,194.68,194.35,194.55,216544,0
2026-04-07 12:30:00+05:30,194.58,194.82,194.5,194.55,310422,0
2026-04-07 12:35:00+05:30,194.56,194.76,194.45,194.63,252469,0
2026-04-07 12:40:00+05:30,194.63,194.78,194.45,194.7,304735,0
2026-04-07 12:45:00+05:30,194.72,194.72,194.45,194.57,183908,0
2026-04-07 12:50:00+05:30,194.59,194.78,194.4,194.75,140666,0
2026-04-07 12:55:00+05:30,194.78,195.0,194.57,194.61,249849,0
2026-04-07 13:00:00+05:30,194.68,195.0,194.5,194.94,203896,0
2026-04-07 13:05:00+05:30,194.96,194.99,194.7,194.8,115407,0
2026-04-07 13:10:00+05:30,194.8,196.4,194.67,195.9,551334,0
2026-04-07 13:15:00+05:30,195.9,196.35,195.78,196.31,411722,0
2026-04-07 13:20:00+05:30,196.31,196.35,195.7,195.85,520903,0
2026-04-07 13:25:00+05:30,195.85,195.96,195.55,195.7,174435,0
2026-04-07 13:30:00+05:30,195.75,196.55,195.69,196.09,599548,0
2026-04-07 13:35:00+05:30,196.1,196.34,195.91,196.28,207687,0
2026-04-07 13:40:00+05:30,196.29,196.55,196.15,196.32,273305,0
2026-04-07 13:45:00+05:30,196.42,196.45,196.02,196.03,180560,0
2026-04-07 13:50:00+05:30,196.13,196.4,195.85,196.32,281816,0
2026-04-07 13:55:00+05:30,196.35,196.48,195.9,196.13,244932,0
2026-04-07 14:00:00+05:30,196.13,196.55,196.0,196.49,240145,0
2026-04-07 14:05:00+05:30,196.49,196.6,196.32,196.35,159440,0
2026-04-07 14:10:00+05:30,196.4,196.5,196.11,196.48,206529,0
2026-04-07 14:15:00+05:30,196.5,196.55,196.3,196.41,188192,0
2026-04-07 14:20:00+05:30,196.41,196.49,196.16,196.25,166914,0
2026-04-07 14:25:00+05:30,196.26,196.59,196.23,196.55,170891,0
2026-04-07 14:30:00+05:30,196.54,196.79,196.4,196.7,283670,0
2026-04-07 14:35:00+05:30,196.7,196.7,196.3,196.49,214125,0
2026-04-07 14:40:00+05:30,196.49,197.13,196.46,197.13,670535,0
2026-04-07 14:45:00+05:30,197.13,197.14,196.77,197.06,340183,0
2026-04-07 14:50:00+05:30,197.06,197.45,196.86,197.43,503527,0
2026-04-07 14:55:00+05:30,197.43,197.7,197.4,197.56,967721,0
2026-04-07 15:00:00+05:30,197.5,198.3,197.4,198.27,1743087,0
2026-04-07 15:05:00+05:30,198.24,198.35,198.06,198.21,1356788,0
2026-04-07 15:10:00+05:30,198.21,198.42,198.0,198.24,1336434,0
2026-04-07 15:15:00+05:30,198.24,198.4,198.04,198.23,1419715,0
2026-04-07 15:20:00+05:30,198.2,198.28,197.85,198.13,1428496,0
2026-04-07 15:25:00+05:30,198.16,198.23,197.7,197.9,1095917,0
2026-04-08 09:15:00+05:30,202.01,206.4,202.0,205.15,3516897,0
2026-04-08 09:20:00+05:30,205.15,205.47,204.03,204.23,1793589,0
2026-04-08 09:25:00+05:30,204.23,205.4,204.23,204.94,1820798,0
2026-04-08 09:30:00+05:30,204.94,205.2,204.56,204.56,904977,0
2026-04-08 09:35:00+05:30,204.61,204.79,204.25,204.34,693742,0
2026-04-08 09:40:00+05:30,204.37,204.4,203.75,204.07,665022,0
2026-04-08 09:45:00+05:30,204.1,204.29,203.6,203.75,668959,0
2026-04-08 09:50:00+05:30,203.74,204.13,203.6,203.67,570587,0
2026-04-08 09:55:00+05:30,203.67,203.85,203.26,203.39,558922,0
2026-04-08 10:00:00+05:30,203.39,203.68,203.22,203.6,398052,0
2026-04-08 10:05:00+05:30,203.61,204.18,203.6,203.9,347126,0
2026-04-08 10:10:00+05:30,203.94,204.25,203.85,204.1,273479,0
2026-04-08 10:15:00+05:30,204.11,204.29,203.8,203.83,447287,0
2026-04-08 10:20:00+05:30,203.85,203.99,203.5,203.84,279383,0
2026-04-08 10:25:00+05:30,203.84,205.0,203.81,204.57,1372680,0
2026-04-08 10:30:00+05:30,204.57,204.75,204.39,204.61,749001,0
2026-04-08 10:35:00+05:30,204.58,204.7,204.3,204.39,215990,0
2026-04-08 10:40:00+05:30,204.4,204.9,204.31,204.72,254454,0
2026-04-08 10:45:00+05:30,204.74,204.83,204.3,204.36,238527,0
2026-04-08 10:50:00+05:30,204.36,204.85,204.18,204.78,359779,0
2026-04-08 10:55:00+05:30,204.85,205.06,204.75,204.96,275459,0
2026-04-08 11:00:00+05:30,204.96,205.15,204.9,204.99,176370,0
2026-04-08 11:05:00+05:30,204.99,205.0,204.7,204.74,306124,0
2026-04-08 11:10:00+05:30,204.74,205.0,204.62,205.0,134485,0
2026-04-08 11:15:00+05:30,204.95,205.51,204.89,205.09,723617,0
2026-04-08 11:20:00+05:30,205.08,205.3,204.9,205.0,365037,0
2026-04-08 11:25:00+05:30,205.0,205.0,204.75,204.85,129701,0
2026-04-08 11:30:00+05:30,204.85,204.85,204.7,204.7,124822,0
2026-04-08 11:35:00+05:30,204.72,204.93,204.5,204.62,530862,0
2026-04-08 11:40:00+05:30,204.63,205.06,204.53,204.93,370744,0
2026-04-08 11:45:00+05:30,204.91,205.0,204.75,204.9,114211,0
2026-04-08 11:50:00+05:30,204.86,204.95,204.4,204.86,407985,0
2026-04-08 11:55:00+05:30,204.86,204.98,204.65,204.98,96271,0
2026-04-08 12:00:00+05:30,204.98,204.98,204.53,204.59,469343,0
2026-04-08 12:05:00+05:30,204.57,204.6,204.45,204.54,507749,0
2026-04-08 12:10:00+05:30,204.54,204.7,204.37,204.54,699079,0
2026-04-08 12:15:00+05:30,204.55,204.8,204.3,204.3,657478,0
2026-04-08 12:20:00+05:30,204.35,204.52,204.28,204.34,473753,0
2026-04-08 12:25:00+05:30,204.34,204.47,204.28,204.29,130310,0
2026-04-08 12:30:00+05:30,204.28,204.33,203.71,203.94,324397,0
2026-04-08 12:35:00+05:30,203.94,204.01,203.8,203.9,434043,0
2026-04-08 12:40:00+05:30,203.89,204.0,203.77,203.93,166641,0
2026-04-08 12:45:00+05:30,203.98,204.4,203.9,204.4,248645,0
2026-04-08 12:50:00+05:30,204.37,204.68,204.33,204.66,138475,0
2026-04-08 12:55:00+05:30,204.66,205.25,204.6,205.09,482541,0
2026-04-08 13:00:00+05:30,205.09,205.25,204.74,204.79,172335,0
2026-04-08 13:05:00+05:30,204.8,204.95,204.69,204.78,91375,0
2026-04-08 13:10:00+05:30,204.77,204.89,204.64,204.85,60687,0
2026-04-08 13:15:00+05:30,204.86,204.98,204.77,204.89,57780,0
2026-04-08 13:20:00+05:30,204.89,204.89,204.3,204.43,250494,0
2026-04-08 13:25:00+05:30,204.48,204.75,204.43,204.69,161122,0
2026-04-08 13:30:00+05:30,204.7,204.75,204.54,204.68,60183,0
2026-04-08 13:35:00+05:30,204.68,204.92,204.68,204.77,119194,0
2026-04-08 13:40:00+05:30,204.78,204.84,204.5,204.66,108396,0
2026-04-08 13:45:00+05:30,204.59,204.69,204.39,204.63,175308,0
2026-04-08 13:50:00+05:30,204.64,204.75,204.46,204.6,90803,0
2026-04-08 13:55:00+05:30,204.6,204.8,204.57,204.71,107881,0
2026-04-08 14:00:00+05:30,204.7,204.8,204.59,204.8,139021,0
2026-04-08 14:05:00+05:30,204.8,204.89,204.63,204.76,79327,0
2026-04-08 14:10:00+05:30,204.76,204.9,204.51,204.65,107572,0
2026-04-08 14:15:00+05:30,204.65,204.9,204.57,204.8,177576,0
2026-04-08 14:20:00+05:30,204.8,205.3,204.66,205.24,893186,0
2026-04-08 14:25:00+05:30,205.19,205.24,204.88,204.95,230025,0
2026-04-08 14:30:00+05:30,204.95,205.0,204.5,204.66,425389,0
2026-04-08 14:35:00+05:30,204.66,204.82,204.42,204.46,592015,0
2026-04-08 14:40:00+05:30,204.46,205.0,204.45,204.88,486695,0
2026-04-08 14:45:00+05:30,204.88,205.0,204.61,204.68,283681,0
2026-04-08 14:50:00+05:30,204.68,204.79,204.45,204.6,583051,0
2026-04-08 14:55:00+05:30,204.61,204.98,204.55,204.97,389701,0
2026-04-08 15:00:00+05:30,204.96,204.99,204.38,204.41,807527,0
2026-04-08 15:05:00+05:30,204.38,204.5,204.25,204.39,800382,0
2026-04-08 15:10:00+05:30,204.42,204.47,203.8,204.05,1508504,0
2026-04-08 15:15:00+05:30,204.05,204.25,203.83,204.0,1552018,0
2026-04-08 15:20:00+05:30,204.01,204.28,204.0,204.15,1110351,0
2026-04-08 15:25:00+05:30,204.14,204.5,203.95,204.25,771335,0
2026-04-09 09:15:00+05:30,204.51,207.5,204.06,207.34,2693692,0
2026-04-09 09:20:00+05:30,207.28,207.9,207.0,207.37,1446239,0
2026-04-09 09:25:00+05:30,207.32,208.19,207.2,208.06,1444552,0
2026-04-09 09:30:00+05:30,208.06,208.15,206.34,206.43,978168,0
2026-04-09 09:35:00+05:30,206.44,207.25,206.3,206.85,861960,0
2026-04-09 09:40:00+05:30,206.83,206.84,206.14,206.25,468709,0
2026-04-09 09:45:00+05:30,206.27,206.55,205.75,205.86,557049,0
2026-04-09 09:50:00+05:30,205.92,205.95,205.5,205.63,590013,0
2026-04-09 09:55:00+05:30,205.63,205.64,205.2,205.32,716188,0
2026-04-09 10:00:00+05:30,205.33,206.12,205.07,205.9,496426,0
2026-04-09 10:05:00+05:30,205.89,207.06,205.85,206.4,810549,0
2026-04-09 10:10:00+05:30,206.4,206.74,206.25,206.54,225868,0
2026-04-09 10:15:00+05:30,206.58,207.1,206.11,206.87,518697,0
2026-04-09 10:20:00+05:30,206.88,206.88,206.4,206.56,358325,0
2026-04-09 10:25:00+05:30,206.6,206.67,205.48,205.8,528341,0
2026-04-09 10:30:00+05:30,205.8,206.15,205.55,206.13,200772,0
2026-04-09 10:35:00+05:30,206.1,206.35,205.84,205.85,204258,0
2026-04-09 10:40:00+05:30,205.89,205.95,205.63,205.9,266388,0
2026-04-09 10:45:00+05:30,205.95,206.1,205.82,205.99,110666,0
2026-04-09 10:50:00+05:30,205.98,205.99,205.8,205.94,176760,0
2026-04-09 10:55:00+05:30,205.99,205.99,205.39,205.42,886212,0
2026-04-09 11:00:00+05:30,205.42,205.74,205.19,205.41,1379395,0
2026-04-09 11:05:00+05:30,205.41,205.66,205.19,205.39,945499,0
2026-04-09 11:10:00+05:30,205.39,205.41,205.01,205.14,691930,0
2026-04-09 11:15:00+05:30,205.15,205.37,204.85,205.12,746495,0
2026-04-09 11:20:00+05:30,205.16,205.37,205.0,205.25,654854,0
2026-04-09 11:25:00+05:30,205.24,205.4,205.07,205.11,261179,0
2026-04-09 11:30:00+05:30,205.15,205.5,205.1,205.2,722483,0
2026-04-09 11:35:00+05:30,205.2,205.35,205.15,205.25,101296,0
2026-04-09 11:40:00+05:30,205.25,205.5,205.2,205.46,159680,0
2026-04-09 11:45:00+05:30,205.49,205.6,205.33,205.59,162376,0
2026-04-09 11:50:00+05:30,205.58,205.7,205.38,205.6,197276,0
2026-04-09 11:55:00+05:30,205.6,205.7,205.28,205.37,175269,0
2026-04-09 12:00:00+05:30,205.38,205.63,205.25,205.52,181981,0
2026-04-09 12:05:00+05:30,205.54,206.1,205.34,205.92,470971,0
2026-04-09 12:10:00+05:30,205.94,206.13,205.83,206.03,338062,0
2026-04-09 12:15:00+05:30,206.06,206.26,206.0,206.17,209062,0
2026-04-09 12:20:00+05:30,206.2,206.26,206.07,206.17,258376,0
2026-04-09 12:25:00+05:30,206.17,206.5,206.16,206.41,275414,0
2026-04-09 12:30:00+05:30,206.48,206.5,206.2,206.26,202980,0
2026-04-09 12:35:00+05:30,206.23,206.27,205.6,205.94,186144,0
2026-04-09 12:40:00+05:30,205.96,206.15,205.81,205.82,168989,0
2026-04-09 12:45:00+05:30,205.85,205.93,205.31,205.4,229171,0
2026-04-09 12:50:00+05:30,205.4,205.81,205.39,205.69,234648,0
2026-04-09 12:55:00+05:30,205.71,205.9,205.71,205.87,118191,0
2026-04-09 13:00:00+05:30,205.83,206.0,205.72,205.91,194527,0
2026-04-09 13:05:00+05:30,205.89,206.07,205.7,206.0,177788,0
2026-04-09 13:10:00+05:30,206.02,206.02,205.6,205.81,128425,0
2026-04-09 13:15:00+05:30,205.85,205.85,205.18,205.32,250932,0
2026-04-09 13:20:00+05:30,205.32,205.34,204.85,205.2,475932,0
2026-04-09 13:25:00+05:30,205.2,205.31,205.0,205.19,180976,0
2026-04-09 13:30:00+05:30,205.19,205.45,204.82,205.27,344889,0
2026-04-09 13:35:00+05:30,205.26,205.44,205.09,205.28,150906,0
2026-04-09 13:40:00+05:30,205.29,205.37,205.0,205.05,112366,0
2026-04-09 13:45:00+05:30,205.05,205.25,204.81,204.89,392557,0
2026-04-09 13:50:00+05:30,204.88,205.28,204.85,205.22,222095,0
2026-04-09 13:55:00+05:30,205.25,205.41,205.13,205.18,139901,0
2026-04-09 14:00:00+05:30,205.24,205.49,205.1,205.44,124114,0
2026-04-09 14:05:00+05:30,205.45,205.89,205.15,205.6,711389,0
2026-04-09 14:10:00+05:30,205.6,205.61,205.19,205.29,146758,0
2026-04-09 14:15:00+05:30,205.29,205.41,205.0,205.0,220087,0
2026-04-09 14:20:00+05:30,205.05,205.14,204.6,204.89,302395,0
2026-04-09 14:25:00+05:30,204.92,204.95,204.68,204.84,185783,0
2026-04-09 14:30:00+05:30,204.87,204.94,204.55,204.88,377432,0
2026-04-09 14:35:00+05:30,204.88,205.3,204.87,205.19,249587,0
2026-04-09 14:40:00+05:30,205.24,205.5,205.18,205.25,212652,0
2026-04-09 14:45:00+05:30,205.28,205.47,205.2,205.23,285384,0
2026-04-09 14:50:00+05:30,205.23,205.49,205.19,205.31,336549,0
2026-04-09 14:55:00+05:30,205.39,205.44,205.08,205.27,211564,0
2026-04-09 15:00:00+05:30,205.29,205.49,205.0,205.41,950167,0
2026-04-09 15:05:00+05:30,205.37,205.8,205.13,205.51,979225,0
2026-04-09 15:10:00+05:30,205.51,205.63,205.08,205.18,1090227,0
2026-04-09 15:15:00+05:30,205.18,205.33,204.96,204.97,1157904,0
2026-04-09 15:20:00+05:30,204.97,205.18,204.75,205.04,1318037,0
2026-04-09 15:25:00+05:30,205.02,205.31,204.75,204.83,1581520,0
2026-04-10 09:15:00+05:30,207.98,209.0,207.04,208.1,2194194,0
2026-04-10 09:20:00+05:30,208.2,208.2,207.0,207.02,664028,0
2026-04-10 09:25:00+05:30,207.02,207.15,206.43,206.68,785253,0
2026-04-10 09:30:00+05:30,206.68,207.14,206.24,206.98,576798,0
2026-04-10 09:35:00+05:30,207.03,207.21,206.52,206.86,455637,0
2026-04-10 09:40:00+05:30,206.9,206.95,206.51,206.7,344005,0
2026-04-10 09:45:00+05:30,206.7,207.0,206.6,206.64,217777,0
2026-04-10 09:50:00+05:30,206.72,206.9,206.32,206.9,276289,0
2026-04-10 09:55:00+05:30,206.9,207.1,206.72,206.93,190456,0
2026-04-10 10:00:00+05:30,206.93,207.1,206.75,206.88,189269,0
2026-04-10 10:05:00+05:30,206.88,206.88,206.01,206.57,765656,0
2026-04-10 10:10:00+05:30,206.57,207.02,206.57,206.99,538004,0
2026-04-10 10:15:00+05:30,206.99,207.32,206.9,206.96,310218,0
2026-04-10 10:20:00+05:30,206.96,207.11,206.69,206.78,204370,0
2026-04-10 10:25:00+05:30,206.78,207.2,206.4,206.58,787566,0
2026-04-10 10:30:00+05:30,206.58,206.74,206.41,206.73,167590,0
2026-04-10 10:35:00+05:30,206.74,206.95,206.56,206.68,133310,0
2026-04-10 10:40:00+05:30,206.69,206.9,206.63,206.63,107181,0
2026-04-10 10:45:00+05:30,206.65,206.79,206.45,206.75,193175,0
2026-04-10 10:50:00+05:30,206.75,206.75,206.23,206.23,463076,0
2026-04-10 10:55:00+05:30,206.25,206.57,206.15,206.44,473063,0
2026-04-10 11:00:00+05:30,206.44,206.54,206.04,206.53,399614,0
2026-04-10 11:05:00+05:30,206.53,206.6,206.41,206.5,105808,0
2026-04-10 11:10:00+05:30,206.5,206.5,206.05,206.3,261853,0
2026-04-10 11:15:00+05:30,206.39,206.45,206.15,206.18,122473,0
2026-04-10 11:20:00+05:30,206.18,206.38,205.75,205.9,766825,0
2026-04-10 11:25:00+05:30,205.9,206.0,205.82,205.89,136177,0
2026-04-10 11:30:00+05:30,205.9,206.1,205.75,205.98,288441,0
2026-04-10 11:35:00+05:30,205.98,206.0,205.72,205.74,284575,0
2026-04-10 11:40:00+05:30,205.74,205.99,205.7,205.8,124168,0
2026-04-10 11:45:00+05:30,205.81,205.89,205.4,205.6,271792,0
2026-04-10 11:50:00+05:30,205.6,205.86,205.56,205.64,168530,0
2026-04-10 11:55:00+05:30,205.64,205.76,205.6,205.74,102407,0
2026-04-10 12:00:00+05:30,205.73,205.94,205.56,205.87,168194,0
2026-04-10 12:05:00+05:30,205.94,206.0,205.68,205.97,175053,0
2026-04-10 12:10:00+05:30,205.98,206.05,205.82,205.86,171000,0
2026-04-10 12:15:00+05:30,205.86,205.86,205.5,205.57,164306,0
2026-04-10 12:20:00+05:30,205.56,205.69,205.2,205.68,329951,0
2026-04-10 12:25:00+05:30,205.68,205.69,204.96,205.36,606621,0
2026-04-10 12:30:00+05:30,205.4,205.5,205.03,205.27,331011,0
2026-04-10 12:35:00+05:30,205.29,205.48,205.07,205.14,349380,0
2026-04-10 12:40:00+05:30,205.14,205.49,205.1,205.15,181171,0
2026-04-10 12:45:00+05:30,205.17,205.2,204.83,205.1,265375,0
2026-04-10 12:50:00+05:30,205.07,205.11,204.8,204.9,410875,0
2026-04-10 12:55:00+05:30,204.9,205.07,204.82,205.05,132507,0
2026-04-10 13:00:00+05:30,205.06,205.31,205.05,205.21,171293,0
2026-04-10 13:05:00+05:30,205.25,205.55,205.2,205.52,146242,0
2026-04-10 13:10:00+05:30,205.55,205.59,205.15,205.25,218048,0
2026-04-10 13:15:00+05:30,205.25,205.33,205.04,205.12,170350,0
2026-04-10 13:20:00+05:30,205.12,205.19,205.03,205.1,136930,0
2026-04-10 13:25:00+05:30,205.1,205.31,205.08,205.17,183708,0
2026-04-10 13:30:00+05:30,205.21,205.37,205.17,205.32,164581,0
2026-04-10 13:35:00+05:30,205.33,205.49,205.24,205.48,139571,0
2026-04-10 13:40:00+05:30,205.49,205.64,205.35,205.52,174399,0
2026-04-10 13:45:00+05:30,205.54,205.7,205.41,205.55,194834,0
2026-04-10 13:50:00+05:30,205.55,205.73,205.5,205.69,128882,0
2026-04-10 13:55:00+05:30,205.69,205.97,205.61,205.94,235247,0
2026-04-10 14:00:00+05:30,205.94,206.0,205.85,205.87,257169,0
2026-04-10 14:05:00+05:30,205.89,205.99,205.83,205.83,193970,0
2026-04-10 14:10:00+05:30,205.87,206.2,205.72,206.05,377174,0
2026-04-10 14:15:00+05:30,206.1,206.1,205.14,205.89,483527,0
2026-04-10 14:20:00+05:30,205.89,205.9,205.32,205.46,232513,0
2026-04-10 14:25:00+05:30,205.44,205.44,205.03,205.35,438286,0
2026-04-10 14:30:00+05:30,205.34,205.7,205.3,205.56,286967,0
2026-04-10 14:35:00+05:30,205.59,205.65,205.09,205.15,513601,0
2026-04-10 14:40:00+05:30,205.1,205.2,205.02,205.18,252794,0
2026-04-10 14:45:00+05:30,205.2,205.69,205.09,205.69,330849,0
2026-04-10 14:50:00+05:30,205.69,205.8,205.62,205.68,353233,0
2026-04-10 14:55:00+05:30,205.75,206.0,205.65,205.67,592129,0
2026-04-10 15:00:00+05:30,205.75,206.2,205.65,206.08,877490,0
2026-04-10 15:05:00+05:30,206.09,206.87,206.09,206.78,1021684,0
2026-04-10 15:10:00+05:30,206.81,207.0,206.7,206.95,1060102,0
2026-04-10 15:15:00+05:30,206.94,206.96,206.54,206.81,1121933,0
2026-04-10 15:20:00+05:30,206.79,206.85,206.6,206.7,732176,0
2026-04-10 15:25:00+05:30,206.7,207.0,206.54,206.85,838431,0
2026-04-13 09:15:00+05:30,203.7,204.14,201.65,202.0,2284205,0
2026-04-13 09:20:00+05:30,202.08,203.1,201.88,202.63,688113,0
2026-04-13 09:25:00+05:30,202.66,203.1,202.31,202.53,443589,0
2026-04-13 09:30:00+05:30,202.45,202.52,201.75,202.06,613425,0
2026-04-13 09:35:00+05:30,202.07,202.13,201.5,201.96,1009093,0
2026-04-13 09:40:00+05:30,201.94,202.93,201.94,202.54,1042913,0
2026-04-13 09:45:00+05:30,202.55,202.55,202.15,202.2,176354,0
2026-04-13 09:50:00+05:30,202.24,202.42,202.06,202.14,161013,0
2026-04-13 09:55:00+05:30,202.21,202.76,202.15,202.44,188068,0
2026-04-13 10:00:00+05:30,202.49,202.5,201.8,201.9,476123,0
2026-04-13 10:05:00+05:30,201.9,202.19,201.78,201.97,725067,0
2026-04-13 10:10:00+05:30,201.94,201.97,201.5,201.85,408530,0
2026-04-13 10:15:00+05:30,201.81,202.2,201.6,202.2,377217,0
2026-04-13 10:20:00+05:30,202.2,202.65,202.18,202.54,312025,0
2026-04-13 10:25:00+05:30,202.54,202.65,202.3,202.58,349251,0
2026-04-13 10:30:00+05:30,202.58,202.65,202.5,202.6,153714,0
2026-04-13 10:35:00+05:30,202.62,203.25,202.55,203.16,385164,0
2026-04-13 10:40:00+05:30,203.16,203.2,202.17,202.73,326821,0
2026-04-13 10:45:00+05:30,202.81,203.25,202.74,203.22,385202,0
2026-04-13 10:50:00+05:30,203.21,203.69,203.21,203.68,343863,0
2026-04-13 10:55:00+05:30,203.68,203.8,203.45,203.8,302643,0
2026-04-13 11:00:00+05:30,203.76,203.95,203.7,203.95,176126,0
2026-04-13 11:05:00+05:30,203.95,204.5,203.94,204.15,390611,0
2026-04-13 11:10:00+05:30,204.15,204.35,204.0,204.19,174040,0
2026-04-13 11:15:00+05:30,204.19,204.44,204.1,204.39,166449,0
2026-04-13 11:20:00+05:30,204.44,204.54,204.17,204.25,219440,0
2026-04-13 11:25:00+05:30,204.25,204.63,204.16,204.55,265710,0
2026-04-13 11:30:00+05:30,204.62,205.1,204.52,204.9,419863,0
2026-04-13 11:35:00+05:30,204.9,205.4,204.9,205.08,336663,0
2026-04-13 11:40:00+05:30,205.0,205.14,204.82,205.13,186169,0
2026-04-13 11:45:00+05:30,205.13,205.58,205.05,205.58,207958,0
2026-04-13 11:50:00+05:30,205.59,206.3,205.59,206.26,554663,0
2026-04-13 11:55:00+05:30,206.3,206.4,205.9,206.02,458545,0
2026-04-13 12:00:00+05:30,206.02,206.05,205.4,205.48,297508,0
2026-04-13 12:05:00+05:30,205.46,205.8,205.45,205.77,126906,0
2026-04-13 12:10:00+05:30,205.76,205.9,205.5,205.9,263833,0
2026-04-13 12:15:00+05:30,205.9,206.2,205.73,206.14,219809,0
2026-04-13 12:20:00+05:30,206.17,206.25,205.83,205.96,120442,0
2026-04-13 12:25:00+05:30,205.96,206.25,205.93,206.21,130134,0
2026-04-13 12:30:00+05:30,206.22,206.3,205.86,205.87,225594,0
2026-04-13 12:35:00+05:30,205.9,206.11,205.86,205.9,128436,0
2026-04-13 12:40:00+05:30,205.88,206.09,205.72,205.95,144916,0
2026-04-13 12:45:00+05:30,205.97,205.98,205.5,205.65,173585,0
2026-04-13 12:50:00+05:30,205.66,205.71,205.5,205.51,91508,0
2026-04-13 12:55:00+05:30,205.54,205.75,205.33,205.74,172172,0
2026-04-13 13:00:00+05:30,205.74,205.9,205.2,205.38,150402,0
2026-04-13 13:05:00+05:30,205.38,205.61,205.36,205.54,82048,0
2026-04-13 13:10:00+05:30,205.54,205.72,205.4,205.64,79469,0
2026-04-13 13:15:00+05:30,205.68,205.75,205.5,205.67,80659,0
2026-04-13 13:20:00+05:30,205.67,205.75,205.42,205.62,79241,0
2026-04-13 13:25:00+05:30,205.64,205.75,205.5,205.59,71673,0
2026-04-13 13:30:00+05:30,205.53,205.69,205.48,205.5,106739,0
2026-04-13 13:35:00+05:30,205.5,205.73,205.48,205.55,81710,0
2026-04-13 13:40:00+05:30,205.56,205.64,205.43,205.58,74463,0
2026-04-13 13:45:00+05:30,205.61,205.65,205.31,205.42,88182,0
2026-04-13 13:50:00+05:30,205.43,205.75,205.3,205.73,157459,0
2026-04-13 13:55:00+05:30,205.74,205.95,205.56,205.64,129024,0
2026-04-13 14:00:00+05:30,205.61,205.71,205.51,205.66,85769,0
2026-04-13 14:05:00+05:30,205.64,205.66,205.16,205.16,172436,0
2026-04-13 14:10:00+05:30,205.19,205.31,205.0,205.26,178883,0
2026-04-13 14:15:00+05:30,205.26,205.58,205.11,205.45,206371,0
2026-04-13 14:20:00+05:30,205.45,205.7,205.4,205.6,122304,0
2026-04-13 14:25:00+05:30,205.59,206.22,205.58,206.05,276068,0
2026-04-13 14:30:00+05:30,206.05,206.5,206.02,206.38,350845,0
2026-04-13 14:35:00+05:30,206.34,206.43,206.1,206.27,182139,0
2026-04-13 14:40:00+05:30,206.26,206.34,205.81,206.1,258806,0
2026-04-13 14:45:00+05:30,206.08,206.47,206.0,206.37,456445,0
2026-04-13 14:50:00+05:30,206.37,206.6,206.23,206.48,498980,0
2026-04-13 14:55:00+05:30,206.48,206.7,206.3,206.61,426530,0
2026-04-13 15:00:00+05:30,206.61,207.0,206.47,206.78,960289,0
2026-04-13 15:05:00+05:30,206.79,206.95,206.0,206.17,980625,0
2026-04-13 15:10:00+05:30,206.15,206.4,206.0,206.3,632984,0
2026-04-13 15:15:00+05:30,206.3,206.71,206.25,206.25,792903,0
2026-04-13 15:20:00+05:30,206.26,206.48,206.01,206.05,647232,0
2026-04-13 15:25:00+05:30,206.05,206.3,205.8,206.1,619157,0
2026-04-15 09:15:00+05:30,209.0,210.92,208.7,210.42,2891331,0
2026-04-15 09:20:00+05:30,210.42,211.15,210.33,210.86,1111730,0
2026-04-15 09:25:00+05:30,210.94,210.98,210.01,210.32,540485,0
2026-04-15 09:30:00+05:30,210.4,210.5,210.0,210.36,401895,0
2026-04-15 09:35:00+05:30,210.35,210.48,209.9,210.0,586584,0
2026-04-15 09:40:00+05:30,210.03,210.4,209.9,210.21,498194,0
2026-04-15 09:45:00+05:30,210.21,210.23,209.1,209.1,868116,0
2026-04-15 09:50:00+05:30,209.1,209.71,209.01,209.4,746993,0
2026-04-15 09:55:00+05:30,209.4,209.6,209.2,209.39,376527,0
2026-04-15 10:00:00+05:30,209.38,209.85,209.15,209.5,367731,0
2026-04-15 10:05:00+05:30,209.57,209.89,209.1,209.3,471749,0
2026-04-15 10:10:00+05:30,209.22,209.7,209.2,209.47,299580,0
2026-04-15 10:15:00+05:30,209.48,209.68,209.22,209.4,258998,0
2026-04-15 10:20:00+05:30,209.44,210.0,209.33,209.88,321361,0
2026-04-15 10:25:00+05:30,209.88,209.94,209.6,209.64,241770,0
2026-04-15 10:30:00+05:30,209.72,209.95,209.64,209.83,197620,0
2026-04-15 10:35:00+05:30,209.83,210.15,209.71,209.96,405611,0
2026-04-15 10:40:00+05:30,210.05,210.19,209.94,209.99,232881,0
2026-04-15 10:45:00+05:30,210.05,210.1,209.79,209.94,145808,0
2026-04-15 10:50:00+05:30,209.94,209.99,209.24,209.3,287272,0
2026-04-15 10:55:00+05:30,209.3,209.61,209.05,209.07,258292,0
2026-04-15 11:00:00+05:30,209.19,209.19,208.8,208.88,586554,0
2026-04-15 11:05:00+05:30,208.88,209.18,208.8,208.82,522204,0
2026-04-15 11:10:00+05:30,208.82,209.0,208.55,208.98,298059,0
2026-04-15 11:15:00+05:30,208.94,209.0,208.6,208.61,289386,0
2026-04-15 11:20:00+05:30,208.67,209.0,208.6,208.85,187244,0
2026-04-15 11:25:00+05:30,208.83,208.85,208.6,208.78,265746,0
2026-04-15 11:30:00+05:30,208.78,209.0,208.71,208.98,187225,0
2026-04-15 11:35:00+05:30,208.99,209.18,208.84,208.87,369592,0
2026-04-15 11:40:00+05:30,208.87,208.95,208.57,208.77,576154,0
2026-04-15 11:45:00+05:30,208.79,208.97,208.68,208.95,402116,0
2026-04-15 11:50:00+05:30,208.95,209.0,208.78,208.9,121729,0
2026-04-15 11:55:00+05:30,208.9,208.98,208.5,208.68,171244,0
2026-04-15 12:00:00+05:30,208.76,208.95,208.68,208.87,155838,0
2026-04-15 12:05:00+05:30,208.91,208.93,208.7,208.84,105667,0
2026-04-15 12:10:00+05:30,208.84,208.9,208.6,208.71,194003,0
2026-04-15 12:15:00+05:30,208.72,208.8,208.6,208.66,127643,0
2026-04-15 12:20:00+05:30,208.65,208.8,208.55,208.76,168052,0
2026-04-15 12:25:00+05:30,208.76,208.8,208.47,208.53,705224,0
2026-04-15 12:30:00+05:30,208.59,208.67,208.26,208.5,256368,0
2026-04-15 12:35:00+05:30,208.48,208.6,208.46,208.48,237363,0
2026-04-15 12:40:00+05:30,208.48,208.74,208.48,208.7,239505,0
2026-04-15 12:45:00+05:30,208.7,208.8,208.36,208.45,316494,0
2026-04-15 12:50:00+05:30,208.45,208.49,208.16,208.3,327655,0
2026-04-15 12:55:00+05:30,208.3,208.45,208.22,208.41,139590,0
2026-04-15 13:00:00+05:30,208.41,208.41,208.0,208.18,478566,0
2026-04-15 13:05:00+05:30,208.19,208.24,207.6,207.91,401864,0
2026-04-15 13:10:00+05:30,207.9,208.38,207.9,208.38,246768,0
2026-04-15 13:15:00+05:30,208.34,208.4,207.98,208.2,785997,0
2026-04-15 13:20:00+05:30,208.2,208.29,207.8,207.93,145670,0
2026-04-15 13:25:00+05:30,207.94,208.06,207.84,208.0,174654,0
2026-04-15 13:30:00+05:30,207.99,208.1,207.9,208.1,327996,0
2026-04-15 13:35:00+05:30,208.1,208.32,207.88,208.1,329611,0
2026-04-15 13:40:00+05:30,208.1,208.35,207.98,208.33,117434,0
2026-04-15 13:45:00+05:30,208.33,208.33,208.2,208.28,108572,0
2026-04-15 13:50:00+05:30,208.28,208.32,208.1,208.24,128631,0
2026-04-15 13:55:00+05:30,208.21,208.68,208.15,208.63,165724,0
2026-04-15 14:00:00+05:30,208.63,208.74,207.63,207.98,647085,0
2026-04-15 14:05:00+05:30,208.05,208.26,207.87,208.16,223742,0
2026-04-15 14:10:00+05:30,208.13,208.5,208.03,208.47,623874,0
2026-04-15 14:15:00+05:30,208.47,208.7,208.42,208.5,256379,0
2026-04-15 14:20:00+05:30,208.5,208.6,208.22,208.5,422269,0
2026-04-15 14:25:00+05:30,208.5,208.64,208.43,208.5,299656,0
2026-04-15 14:30:00+05:30,208.49,208.95,208.49,208.75,374752,0
2026-04-15 14:35:00+05:30,208.75,208.75,208.49,208.63,233902,0
2026-04-15 14:40:00+05:30,208.62,208.9,208.6,208.88,177602,0
2026-04-15 14:45:00+05:30,208.88,208.9,208.63,208.74,252742,0
2026-04-15 14:50:00+05:30,208.73,208.9,208.52,208.89,220388,0
2026-04-15 14:55:00+05:30,208.89,209.0,208.81,209.0,416033,0
2026-04-15 15:00:00+05:30,209.0,209.15,208.72,209.1,877608,0
2026-04-15 15:05:00+05:30,209.15,209.36,209.0,209.07,786867,0
2026-04-15 15:10:00+05:30,209.07,209.17,209.0,209.07,626213,0
2026-04-15 15:15:00+05:30,209.08,209.1,208.66,208.66,861071,0
2026-04-15 15:20:00+05:30,208.72,208.75,208.09,208.2,919362,0
2026-04-15 15:25:00+05:30,208.2,208.2,207.66,208.19,763386,0
2026-04-16 09:15:00+05:30,209.75,211.15,209.01,211.09,2109892,0
2026-04-16 09:20:00+05:30,211.15,211.3,210.3,210.47,1142041,0
2026-04-16 09:25:00+05:30,210.58,211.7,210.54,211.56,766835,0
2026-04-16 09:30:00+05:30,211.49,212.3,211.21,212.13,1221774,0
2026-04-16 09:35:00+05:30,212.13,212.54,211.8,212.42,747097,0
2026-04-16 09:40:00+05:30,212.48,212.92,212.05,212.19,848588,0
2026-04-16 09:45:00+05:30,212.17,212.39,211.7,212.05,500832,0
2026-04-16 09:50:00+05:30,212.08,212.17,211.57,212.0,448854,0
2026-04-16 09:55:00+05:30,212.04,212.05,211.0,211.15,591574,0
2026-04-16 10:00:00+05:30,211.13,211.58,211.0,211.55,348420,0
2026-04-16 10:05:00+05:30,211.54,211.66,211.1,211.44,249974,0
2026-04-16 10:10:00+05:30,211.44,211.59,211.08,211.24,248641,0
2026-04-16 10:15:00+05:30,211.27,211.42,211.0,211.01,262193,0
2026-04-16 10:20:00+05:30,211.03,211.1,210.65,210.81,496431,0
2026-04-16 10:25:00+05:30,210.77,211.36,210.7,211.3,240431,0
2026-04-16 10:30:00+05:30,211.29,211.89,211.22,211.7,261685,0
2026-04-16 10:35:00+05:30,211.7,212.0,211.07,211.11,600523,0
2026-04-16 10:40:00+05:30,211.15,211.34,211.08,211.25,155750,0
2026-04-16 10:45:00+05:30,211.25,211.39,211.12,211.22,132013,0
2026-04-16 10:50:00+05:30,211.22,211.39,210.81,210.86,250716,0
2026-04-16 10:55:00+05:30,210.88,210.95,210.6,210.74,334065,0
2026-04-16 11:00:00+05:30,210.8,211.0,210.23,210.34,698919,0
2026-04-16 11:05:00+05:30,210.34,210.42,210.1,210.29,380905,0
2026-04-16 11:10:00+05:30,210.27,210.48,210.0,210.42,591763,0
2026-04-16 11:15:00+05:30,210.42,210.48,209.87,210.06,439769,0
2026-04-16 11:20:00+05:30,210.06,210.47,210.03,210.33,246231,0
2026-04-16 11:25:00+05:30,210.34,210.34,209.68,209.86,372986,0
2026-04-16 11:30:00+05:30,209.91,209.97,209.77,209.88,121820,0
2026-04-16 11:35:00+05:30,209.89,209.95,209.65,209.8,167103,0
2026-04-16 11:40:00+05:30,209.8,209.93,209.65,209.79,144744,0
2026-04-16 11:45:00+05:30,209.8,209.85,209.47,209.73,411960,0
2026-04-16 11:50:00+05:30,209.73,209.87,209.5,209.6,192732,0
2026-04-16 11:55:00+05:30,209.6,209.66,209.21,209.47,229129,0
2026-04-16 12:00:00+05:30,209.46,209.53,209.06,209.15,262359,0
2026-04-16 12:05:00+05:30,209.15,209.58,209.05,209.39,346035,0
2026-04-16 12:10:00+05:30,209.39,209.68,209.31,209.65,153856,0
2026-04-16 12:15:00+05:30,209.65,209.98,209.45,209.8,330641,0
2026-04-16 12:20:00+05:30,209.88,210.0,209.75,209.75,172974,0
2026-04-16 12:25:00+05:30,209.79,210.0,209.7,209.94,212231,0
2026-04-16 12:30:00+05:30,209.94,210.2,209.8,209.95,215878,0
2026-04-16 12:35:00+05:30,209.95,210.0,209.53,210.0,205029,0
2026-04-16 12:40:00+05:30,210.0,210.1,209.79,209.9,130336,0
2026-04-16 12:45:00+05:30,209.9,210.09,209.67,209.7,83912,0
2026-04-16 12:50:00+05:30,209.78,210.15,209.6,209.95,135311,0
2026-04-16 12:55:00+05:30,209.96,210.06,209.83,210.05,92872,0
2026-04-16 13:00:00+05:30,210.06,210.1,209.8,209.99,101599,0
2026-04-16 13:05:00+05:30,209.99,210.1,209.63,209.74,129191,0
2026-04-16 13:10:00+05:30,209.74,209.85,209.64,209.75,99936,0
2026-04-16 13:15:00+05:30,209.76,209.8,209.54,209.78,134335,0
2026-04-16 13:20:00+05:30,209.78,209.78,209.27,209.36,329504,0
2026-04-16 13:25:00+05:30,209.43,209.52,209.2,209.37,206326,0
2026-04-16 13:30:00+05:30,209.36,209.5,209.25,209.46,85799,0
2026-04-16 13:35:00+05:30,209.46,209.5,209.34,209.5,113523,0
2026-04-16 13:40:00+05:30,209.5,209.9,209.43,209.84,174383,0
2026-04-16 13:45:00+05:30,209.9,210.0,209.77,209.94,175677,0
2026-04-16 13:50:00+05:30,209.98,210.38,209.95,210.22,381861,0
2026-04-16 13:55:00+05:30,210.23,210.3,210.02,210.14,154183,0
2026-04-16 14:00:00+05:30,210.14,210.21,209.71,209.74,263333,0
2026-04-16 14:05:00+05:30,209.77,210.1,209.72,210.0,169351,0
2026-04-16 14:10:00+05:30,209.99,210.1,209.92,210.05,106208,0
2026-04-16 14:15:00+05:30,210.07,210.1,209.9,209.99,131197,0
2026-04-16 14:20:00+05:30,209.99,210.02,209.83,209.99,94591,0
2026-04-16 14:25:00+05:30,209.99,210.25,209.92,210.2,169676,0
2026-04-16 14:30:00+05:30,210.2,210.69,210.14,210.68,573863,0
2026-04-16 14:35:00+05:30,210.65,210.88,210.6,210.79,385827,0
2026-04-16 14:40:00+05:30,210.79,210.9,210.55,210.78,241439,0
2026-04-16 14:45:00+05:30,210.78,210.91,210.67,210.85,231089,0
2026-04-16 14:50:00+05:30,210.84,210.95,210.76,210.95,206619,0
2026-04-16 14:55:00+05:30,210.95,210.95,210.58,210.81,411942,0
2026-04-16 15:00:00+05:30,210.9,211.1,210.37,210.64,741912,0
2026-04-16 15:05:00+05:30,210.65,210.85,210.52,210.79,453372,0
2026-04-16 15:10:00+05:30,210.75,210.92,210.63,210.81,507360,0
2026-04-16 15:15:00+05:30,210.81,210.88,210.6,210.76,496769,0
2026-04-16 15:20:00+05:30,210.76,210.8,210.5,210.62,590951,0
2026-04-16 15:25:00+05:30,210.62,210.72,210.32,210.7,586662,0
2026-04-17 09:15:00+05:30,210.69,211.7,208.5,210.04,2475423,0
2026-04-17 09:20:00+05:30,210.13,210.2,209.5,209.62,593347,0
2026-04-17 09:25:00+05:30,209.52,210.12,209.5,210.05,376166,0
2026-04-17 09:30:00+05:30,210.09,210.15,209.66,209.76,672234,0
2026-04-17 09:35:00+05:30,209.76,209.85,209.45,209.67,296792,0
2026-04-17 09:40:00+05:30,209.67,209.8,209.01,209.06,456772,0
2026-04-17 09:45:00+05:30,209.06,209.56,209.05,209.5,308640,0
2026-04-17 09:50:00+05:30,209.5,210.07,209.45,210.02,221683,0
2026-04-17 09:55:00+05:30,210.06,210.15,209.81,209.86,253316,0
2026-04-17 10:00:00+05:30,209.89,210.1,209.41,210.05,233268,0
2026-04-17 10:05:00+05:30,210.09,210.34,210.0,210.25,277375,0
2026-04-17 10:10:00+05:30,210.18,210.25,209.85,210.14,244292,0
2026-04-17 10:15:00+05:30,210.18,210.4,210.06,210.2,597029,0
2026-04-17 10:20:00+05:30,210.23,210.35,210.14,210.16,232160,0
2026-04-17 10:25:00+05:30,210.2,210.4,210.16,210.4,123490,0
2026-04-17 10:30:00+05:30,210.4,210.5,210.1,210.13,202129,0
2026-04-17 10:35:00+05:30,210.13,210.85,210.12,210.7,339050,0
2026-04-17 10:40:00+05:30,210.7,210.81,210.58,210.74,167798,0
2026-04-17 10:45:00+05:30,210.74,210.8,210.53,210.72,153145,0
2026-04-17 10:50:00+05:30,210.72,210.8,210.65,210.76,93714,0
2026-04-17 10:55:00+05:30,210.76,210.77,210.39,210.72,159508,0
2026-04-17 11:00:00+05:30,210.67,210.75,209.95,210.2,869814,0
2026-04-17 11:05:00+05:30,210.2,210.39,210.15,210.28,112530,0
2026-04-17 11:10:00+05:30,210.28,210.42,210.2,210.26,83862,0
2026-04-17 11:15:00+05:30,210.25,210.49,210.0,210.33,357414,0
2026-04-17 11:20:00+05:30,210.3,210.87,210.26,210.72,269372,0
2026-04-17 11:25:00+05:30,210.66,210.95,210.62,210.73,123341,0
2026-04-17 11:30:00+05:30,210.79,210.84,210.63,210.8,119247,0
2026-04-17 11:35:00+05:30,210.8,211.0,210.75,210.89,182575,0
2026-04-17 11:40:00+05:30,210.88,211.3,210.78,211.18,336596,0
2026-04-17 11:45:00+05:30,211.18,211.19,210.55,210.61,194649,0
2026-04-17 11:50:00+05:30,210.61,210.75,210.53,210.7,111147,0
2026-04-17 11:55:00+05:30,210.71,210.78,210.51,210.52,138413,0
2026-04-17 12:00:00+05:30,210.52,210.7,210.4,210.53,219218,0
2026-04-17 12:05:00+05:30,210.49,210.55,210.35,210.5,98700,0
2026-04-17 12:10:00+05:30,210.5,210.8,210.47,210.8,110222,0
2026-04-17 12:15:00+05:30,210.8,210.89,210.64,210.67,124995,0
2026-04-17 12:20:00+05:30,210.68,210.83,210.6,210.71,94586,0
2026-04-17 12:25:00+05:30,210.68,210.77,210.62,210.66,88707,0
2026-04-17 12:30:00+05:30,210.68,210.71,210.45,210.53,191842,0
2026-04-17 12:35:00+05:30,210.58,210.71,210.46,210.5,204643,0
2026-04-17 12:40:00+05:30,210.5,210.67,210.42,210.44,169291,0
2026-04-17 12:45:00+05:30,210.49,210.59,210.3,210.4,139378,0
2026-04-17 12:50:00+05:30,210.4,210.51,210.35,210.46,127193,0
2026-04-17 12:55:00+05:30,210.46,210.7,210.35,210.68,212494,0
2026-04-17 13:00:00+05:30,210.68,210.68,210.37,210.55,168157,0
2026-04-17 13:05:00+05:30,210.55,210.99,210.49,210.94,284131,0
2026-04-17 13:10:00+05:30,210.9,211.2,210.81,211.05,322878,0
2026-04-17 13:15:00+05:30,211.05,211.2,210.97,211.18,297006,0
2026-04-17 13:20:00+05:30,211.12,211.6,211.1,211.27,337318,0
2026-04-17 13:25:00+05:30,211.24,211.59,211.22,211.53,139045,0
2026-04-17 13:30:00+05:30,211.57,211.69,211.46,211.63,214374,0
2026-04-17 13:35:00+05:30,211.62,211.89,211.52,211.76,221847,0
2026-04-17 13:40:00+05:30,211.75,211.9,211.71,211.83,128235,0
2026-04-17 13:45:00+05:30,211.81,211.99,211.8,211.9,245047,0
2026-04-17 13:50:00+05:30,211.9,212.15,211.8,211.88,576540,0
2026-04-17 13:55:00+05:30,211.87,211.92,211.5,211.75,318319,0
2026-04-17 14:00:00+05:30,211.74,211.84,211.37,211.5,259550,0
2026-04-17 14:05:00+05:30,211.5,211.59,211.45,211.55,116104,0
2026-04-17 14:10:00+05:30,211.53,211.79,211.48,211.64,153521,0
2026-04-17 14:15:00+05:30,211.65,211.85,211.64,211.85,125886,0
2026-04-17 14:20:00+05:30,211.82,212.0,211.78,212.0,138873,0
2026-04-17 14:25:00+05:30,212.0,212.1,211.7,211.84,308734,0
2026-04-17 14:30:00+05:30,211.84,212.1,211.78,212.04,204299,0
2026-04-17 14:35:00+05:30,212.09,212.12,211.88,212.09,288030,0
2026-04-17 14:40:00+05:30,212.06,212.2,212.0,212.12,439547,0
2026-04-17 14:45:00+05:30,212.12,212.22,212.01,212.16,282524,0
2026-04-17 14:50:00+05:30,212.19,212.34,212.11,212.22,268324,0
2026-04-17 14:55:00+05:30,212.29,212.36,212.1,212.25,342523,0
2026-04-17 15:00:00+05:30,212.25,212.25,211.42,212.12,640106,0
2026-04-17 15:05:00+05:30,212.13,212.2,211.89,212.13,415684,0
2026-04-17 15:10:00+05:30,212.1,212.25,212.02,212.21,427342,0
2026-04-17 15:15:00+05:30,212.21,212.4,212.0,212.37,728744,0
2026-04-17 15:20:00+05:30,212.35,212.46,212.2,212.32,636619,0
2026-04-17 15:25:00+05:30,212.35,212.41,211.59,211.82,644185,0
2026-04-20 09:15:00+05:30,212.0,212.0,210.0,211.05,1177327,0
2026-04-20 09:20:00+05:30,211.05,212.43,210.91,212.3,994631,0
2026-04-20 09:25:00+05:30,212.3,212.35,211.2,211.3,533669,0
2026-04-20 09:30:00+05:30,211.3,211.6,211.0,211.05,335052,0
2026-04-20 09:35:00+05:30,211.05,211.2,210.4,210.5,429170,0
2026-04-20 09:40:00+05:30,210.43,210.5,210.0,210.09,399177,0
2026-04-20 09:45:00+05:30,210.02,210.2,209.8,210.18,391927,0
2026-04-20 09:50:00+05:30,210.11,210.9,210.03,210.85,212488,0
2026-04-20 09:55:00+05:30,210.85,210.94,210.63,210.7,171688,0
2026-04-20 10:00:00+05:30,210.76,211.43,210.62,211.08,279836,0
2026-04-20 10:05:00+05:30,211.08,211.5,211.0,211.42,215533,0
2026-04-20 10:10:00+05:30,211.42,211.5,211.1,211.2,111270,0
2026-04-20 10:15:00+05:30,211.2,211.5,211.05,211.5,139744,0
2026-04-20 10:20:00+05:30,211.5,211.57,211.35,211.35,103276,0
2026-04-20 10:25:00+05:30,211.35,211.44,211.2,211.39,100596,0
2026-04-20 10:30:00+05:30,211.39,211.75,211.39,211.6,217627,0
2026-04-20 10:35:00+05:30,211.57,211.68,211.3,211.45,124161,0
2026-04-20 10:40:00+05:30,211.44,211.6,211.39,211.52,85654,0
2026-04-20 10:45:00+05:30,211.52,211.85,211.48,211.8,164902,0
2026-04-20 10:50:00+05:30,211.79,211.83,210.93,211.15,508273,0
2026-04-20 10:55:00+05:30,211.15,211.15,210.39,210.63,699051,0
2026-04-20 11:00:00+05:30,210.7,210.7,209.86,209.96,1229946,0
2026-04-20 11:05:00+05:30,210.0,210.41,209.9,210.3,341845,0
2026-04-20 11:10:00+05:30,210.31,210.44,210.11,210.15,147907,0
2026-04-20 11:15:00+05:30,210.21,210.48,210.17,210.4,120534,0
2026-04-20 11:20:00+05:30,210.39,210.7,210.34,210.7,112808,0
2026-04-20 11:25:00+05:30,210.7,211.08,210.58,210.67,435630,0
2026-04-20 11:30:00+05:30,210.75,211.0,210.54,210.95,193540,0
2026-04-20 11:35:00+05:30,210.97,211.0,210.58,210.69,165889,0
2026-04-20 11:40:00+05:30,210.66,210.77,210.65,210.75,78239,0
2026-04-20 11:45:00+05:30,210.7,210.91,210.69,210.9,128954,0
2026-04-20 11:50:00+05:30,210.87,211.38,210.87,211.38,237280,0
2026-04-20 11:55:00+05:30,211.38,211.67,211.3,211.67,242185,0
2026-04-20 12:00:00+05:30,211.67,211.8,211.38,211.66,260673,0
2026-04-20 12:05:00+05:30,211.6,211.79,211.46,211.61,167521,0
2026-04-20 12:10:00+05:30,211.66,211.78,211.55,211.74,124309,0
2026-04-20 12:15:00+05:30,211.74,212.0,211.65,211.91,219290,0
2026-04-20 12:20:00+05:30,211.91,212.7,211.9,212.45,625216,0
2026-04-20 12:25:00+05:30,212.42,212.85,212.34,212.84,290200,0
2026-04-20 12:30:00+05:30,212.79,212.94,212.75,212.9,210506,0
2026-04-20 12:35:00+05:30,212.88,213.2,212.8,213.18,403489,0
2026-04-20 12:40:00+05:30,213.15,213.35,213.0,213.08,260100,0
2026-04-20 12:45:00+05:30,213.1,213.3,213.01,213.23,243524,0
2026-04-20 12:50:00+05:30,213.23,213.37,213.01,213.3,356439,0
2026-04-20 12:55:00+05:30,213.3,213.4,213.01,213.23,376110,0
2026-04-20 13:00:00+05:30,213.23,213.29,212.31,212.82,489443,0
2026-04-20 13:05:00+05:30,212.82,213.0,212.41,212.63,286193,0
2026-04-20 13:10:00+05:30,212.63,212.75,212.23,212.68,313041,0
2026-04-20 13:15:00+05:30,212.68,212.68,212.31,212.54,200503,0
2026-04-20 13:20:00+05:30,212.56,212.65,212.18,212.23,299586,0
2026-04-20 13:25:00+05:30,212.22,212.52,211.96,212.46,338342,0
2026-04-20 13:30:00+05:30,212.46,212.58,212.21,212.51,229372,0
2026-04-20 13:35:00+05:30,212.5,212.59,212.3,212.45,281230,0
2026-04-20 13:40:00+05:30,212.38,212.61,212.26,212.53,204253,0
2026-04-20 13:45:00+05:30,212.53,212.56,212.3,212.38,314879,0
2026-04-20 13:50:00+05:30,212.38,212.46,211.92,212.0,878484,0
2026-04-20 13:55:00+05:30,211.99,212.06,211.72,211.96,701268,0
2026-04-20 14:00:00+05:30,211.93,212.06,211.75,211.8,398074,0
2026-04-20 14:05:00+05:30,211.8,211.8,211.5,211.65,334981,0
2026-04-20 14:10:00+05:30,211.65,211.83,211.45,211.59,252143,0
2026-04-20 14:15:00+05:30,211.58,211.7,211.4,211.49,245450,0
2026-04-20 14:20:00+05:30,211.48,211.6,211.42,211.57,362515,0
2026-04-20 14:25:00+05:30,211.58,212.14,211.57,211.98,221144,0
2026-04-20 14:30:00+05:30,211.92,212.0,211.75,211.98,111497,0
2026-04-20 14:35:00+05:30,211.98,212.35,211.82,211.89,271134,0
2026-04-20 14:40:00+05:30,211.89,212.25,211.87,212.24,213326,0
2026-04-20 14:45:00+05:30,212.24,212.35,212.04,212.27,258354,0
2026-04-20 14:50:00+05:30,212.28,212.45,212.0,212.12,332051,0
2026-04-20 14:55:00+05:30,212.13,212.3,212.12,212.2,212070,0
2026-04-20 15:00:00+05:30,212.2,212.5,212.2,212.29,438188,0
2026-04-20 15:05:00+05:30,212.29,212.38,211.95,212.06,329656,0
2026-04-20 15:10:00+05:30,212.06,212.17,211.95,211.99,290386,0
2026-04-20 15:15:00+05:30,212.0,212.0,211.26,211.35,513906,0
2026-04-20 15:20:00+05:30,211.35,211.48,211.0,211.15,492487,0
2026-04-20 15:25:00+05:30,211.19,212.2,211.0,212.04,807188,0
2026-04-21 09:15:00+05:30,211.72,213.2,211.08,213.0,1402661,0
2026-04-21 09:20:00+05:30,213.01,214.0,212.82,214.0,872780,0
2026-04-21 09:25:00+05:30,214.0,214.49,213.2,213.26,923823,0
2026-04-21 09:30:00+05:30,213.2,213.4,212.72,213.4,570126,0
2026-04-21 09:35:00+05:30,213.37,213.47,212.79,213.11,385413,0
2026-04-21 09:40:00+05:30,213.09,213.2,212.67,213.09,285591,0
2026-04-21 09:45:00+05:30,213.12,213.55,213.1,213.32,271311,0
2026-04-21 09:50:00+05:30,213.36,213.37,212.8,213.04,223364,0
2026-04-21 09:55:00+05:30,213.05,213.1,212.9,213.08,147627,0
2026-04-21 10:00:00+05:30,213.08,213.3,212.92,213.3,156865,0
2026-04-21 10:05:00+05:30,213.26,213.35,212.92,213.04,179002,0
2026-04-21 10:10:00+05:30,213.02,213.15,212.87,212.96,117611,0
2026-04-21 10:15:00+05:30,212.99,213.04,212.72,212.72,142564,0
2026-04-21 10:20:00+05:30,212.72,212.84,212.52,212.7,198470,0
2026-04-21 10:25:00+05:30,212.7,212.78,212.5,212.6,124699,0
2026-04-21 10:30:00+05:30,212.6,212.94,212.59,212.92,126149,0
2026-04-21 10:35:00+05:30,212.92,213.04,212.73,212.97,129125,0
2026-04-21 10:40:00+05:30,212.97,213.0,212.58,212.71,153635,0
2026-04-21 10:45:00+05:30,212.69,212.95,212.69,212.8,101925,0
2026-04-21 10:50:00+05:30,212.78,212.9,212.7,212.72,75668,0
2026-04-21 10:55:00+05:30,212.73,212.89,212.59,212.6,90949,0
2026-04-21 11:00:00+05:30,212.6,212.8,212.55,212.77,149425,0
2026-04-21 11:05:00+05:30,212.7,212.9,212.67,212.7,87804,0
2026-04-21 11:10:00+05:30,212.71,212.81,212.56,212.75,102324,0
2026-04-21 11:15:00+05:30,212.77,212.88,212.5,212.85,416823,0
2026-04-21 11:20:00+05:30,212.85,213.0,212.5,212.81,364917,0
2026-04-21 11:25:00+05:30,212.81,212.85,212.69,212.79,64253,0
2026-04-21 11:30:00+05:30,212.81,212.91,212.35,212.45,452739,0
2026-04-21 11:35:00+05:30,212.43,212.64,212.3,212.5,495138,0
2026-04-21 11:40:00+05:30,212.48,212.54,212.0,212.38,531934,0
2026-04-21 11:45:00+05:30,212.33,212.48,212.29,212.4,58313,0
2026-04-21 11:50:00+05:30,212.4,212.66,212.38,212.59,426514,0
2026-04-21 11:55:00+05:30,212.6,212.75,212.6,212.72,50300,0
2026-04-21 12:00:00+05:30,212.72,212.84,212.52,212.8,93826,0
2026-04-21 12:05:00+05:30,212.81,212.99,212.74,212.82,183247,0
2026-04-21 12:10:00+05:30,212.85,212.95,212.77,212.89,141504,0
2026-04-21 12:15:00+05:30,212.85,212.9,212.7,212.78,52694,0
2026-04-21 12:20:00+05:30,212.78,212.78,212.6,212.74,82163,0
2026-04-21 12:25:00+05:30,212.76,212.9,212.62,212.85,98999,0
2026-04-21 12:30:00+05:30,212.84,212.9,212.47,212.48,187999,0
2026-04-21 12:35:00+05:30,212.47,212.77,212.41,212.6,83369,0
2026-04-21 12:40:00+05:30,212.63,212.66,212.25,212.25,102587,0
2026-04-21 12:45:00+05:30,212.29,212.29,211.8,211.99,631078,0
2026-04-21 12:50:00+05:30,211.99,212.0,211.65,211.69,151651,0
2026-04-21 12:55:00+05:30,211.67,212.32,211.6,212.29,169081,0
2026-04-21 13:00:00+05:30,212.29,212.38,211.81,211.88,195515,0
2026-04-21 13:05:00+05:30,211.94,212.1,211.88,211.98,117305,0
2026-04-21 13:10:00+05:30,211.98,212.05,211.9,212.0,114448,0
2026-04-21 13:15:00+05:30,212.0,212.25,211.94,212.11,158163,0
2026-04-21 13:20:00+05:30,212.14,212.28,211.96,211.96,98159,0
2026-04-21 13:25:00+05:30,212.0,212.24,211.9,211.97,136119,0
2026-04-21 13:30:00+05:30,212.0,212.17,211.84,212.08,170881,0
2026-04-21 13:35:00+05:30,212.1,212.18,211.84,211.9,70362,0
2026-04-21 13:40:00+05:30,211.9,212.07,211.55,211.77,233415,0
2026-04-21 13:45:00+05:30,211.75,211.95,211.65,211.86,94805,0
2026-04-21 13:50:00+05:30,211.9,212.21,211.84,212.14,83567,0
2026-04-21 13:55:00+05:30,212.18,212.37,212.13,212.17,94721,0
2026-04-21 14:00:00+05:30,212.18,212.25,211.93,212.0,107337,0
2026-04-21 14:05:00+05:30,212.0,212.1,211.81,211.89,62768,0
2026-04-21 14:10:00+05:30,211.89,212.0,211.82,211.97,48319,0
2026-04-21 14:15:00+05:30,212.0,212.0,211.81,211.87,88853,0
2026-04-21 14:20:00+05:30,211.91,212.07,211.8,211.94,137707,0
2026-04-21 14:25:00+05:30,211.99,212.07,211.8,212.04,87521,0
2026-04-21 14:30:00+05:30,212.04,212.04,211.84,211.89,91908,0
2026-04-21 14:35:00+05:30,211.84,211.96,211.74,211.75,99866,0
2026-04-21 14:40:00+05:30,211.75,211.9,211.65,211.79,134589,0
2026-04-21 14:45:00+05:30,211.8,212.0,211.77,211.95,81068,0
2026-04-21 14:50:00+05:30,212.0,212.24,211.95,212.1,245833,0
2026-04-21 14:55:00+05:30,212.14,212.2,212.05,212.09,83411,0
2026-04-21 15:00:00+05:30,212.1,212.2,212.0,212.02,323798,0
2026-04-21 15:05:00+05:30,212.02,212.19,212.0,212.19,308390,0
2026-04-21 15:10:00+05:30,212.18,212.2,212.0,212.01,328408,0
2026-04-21 15:15:00+05:30,212.01,212.2,211.95,212.15,707148,0
2026-04-21 15:20:00+05:30,212.16,212.2,211.91,211.97,385306,0
2026-04-21 15:25:00+05:30,211.98,212.0,211.6,211.6,478142,0
2026-04-22 09:15:00+05:30,211.0,213.11,210.51,211.98,2308611,0
2026-04-22 09:20:00+05:30,211.91,212.01,211.53,211.66,310285,0
2026-04-22 09:25:00+05:30,211.63,213.1,211.5,212.9,821633,0
2026-04-22 09:30:00+05:30,212.84,213.08,212.56,212.9,350962,0
2026-04-22 09:35:00+05:30,212.9,213.2,212.8,212.94,455080,0
2026-04-22 09:40:00+05:30,212.94,212.99,212.36,212.77,261867,0
2026-04-22 09:45:00+05:30,212.77,213.05,212.49,212.75,271108,0
2026-04-22 09:50:00+05:30,212.75,213.08,212.68,212.75,256353,0
2026-04-22 09:55:00+05:30,212.73,212.9,212.5,212.5,289997,0
2026-04-22 10:00:00+05:30,212.5,212.75,212.31,212.55,396710,0
2026-04-22 10:05:00+05:30,212.51,212.9,212.37,212.87,556308,0
2026-04-22 10:10:00+05:30,212.91,213.0,212.65,212.7,130403,0
2026-04-22 10:15:00+05:30,212.7,212.78,212.57,212.65,56911,0
2026-04-22 10:20:00+05:30,212.62,212.65,212.4,212.56,202400,0
2026-04-22 10:25:00+05:30,212.52,212.71,212.5,212.67,70795,0
2026-04-22 10:30:00+05:30,212.67,212.75,212.52,212.75,54780,0
2026-04-22 10:35:00+05:30,212.72,212.95,212.69,212.95,117532,0
2026-04-22 10:40:00+05:30,212.95,213.15,212.94,212.95,171125,0
2026-04-22 10:45:00+05:30,212.96,213.08,212.78,212.87,175749,0
2026-04-22 10:50:00+05:30,212.87,213.0,212.82,213.0,103113,0
2026-04-22 10:55:00+05:30,212.99,213.09,212.91,212.92,194149,0
2026-04-22 11:00:00+05:30,212.92,213.0,212.79,212.99,98630,0
2026-04-22 11:05:00+05:30,213.0,213.08,212.76,213.06,124745,0
2026-04-22 11:10:00+05:30,213.06,213.2,212.85,213.06,147038,0
2026-04-22 11:15:00+05:30,213.06,213.2,212.96,213.1,98470,0
2026-04-22 11:20:00+05:30,213.1,213.2,212.85,213.09,255073,0
2026-04-22 11:25:00+05:30,213.1,213.2,212.86,212.94,201943,0
2026-04-22 11:30:00+05:30,212.94,213.0,212.57,212.9,143603,0
2026-04-22 11:35:00+05:30,212.89,212.94,212.35,212.35,520106,0
2026-04-22 11:40:00+05:30,212.4,212.58,212.2,212.5,735319,0
2026-04-22 11:45:00+05:30,212.5,212.5,212.01,212.12,502663,0
2026-04-22 11:50:00+05:30,212.12,212.32,212.05,212.25,166163,0
2026-04-22 11:55:00+05:30,212.29,212.46,212.21,212.43,63822,0
2026-04-22 12:00:00+05:30,212.45,212.72,212.42,212.46,110275,0
2026-04-22 12:05:00+05:30,212.46,212.5,212.02,212.23,302688,0
2026-04-22 12:10:00+05:30,212.23,212.27,212.02,212.08,127478,0
2026-04-22 12:15:00+05:30,212.06,212.07,211.7,211.77,306925,0
2026-04-22 12:20:00+05:30,211.74,211.88,211.6,211.88,172661,0
2026-04-22 12:25:00+05:30,211.85,212.0,211.85,211.99,76351,0
2026-04-22 12:30:00+05:30,212.0,212.36,211.98,212.3,176020,0
2026-04-22 12:35:00+05:30,212.3,212.31,212.0,212.25,123984,0
2026-04-22 12:40:00+05:30,212.25,212.59,212.2,212.48,159085,0
2026-04-22 12:45:00+05:30,212.49,212.53,212.25,212.4,90234,0
2026-04-22 12:50:00+05:30,212.36,212.5,212.3,212.42,87239,0
2026-04-22 12:55:00+05:30,212.35,212.5,212.35,212.45,78144,0
2026-04-22 13:00:00+05:30,212.44,212.63,212.4,212.6,476298,0
2026-04-22 13:05:00+05:30,212.63,213.17,212.63,212.8,333948,0
2026-04-22 13:10:00+05:30,212.8,213.1,212.73,213.06,177020,0
2026-04-22 13:15:00+05:30,213.09,213.2,212.88,213.12,192564,0
2026-04-22 13:20:00+05:30,213.14,213.2,212.92,213.15,168433,0
2026-04-22 13:25:00+05:30,213.18,213.6,212.96,213.6,328622,0
2026-04-22 13:30:00+05:30,213.6,213.78,213.38,213.68,254305,0
2026-04-22 13:35:00+05:30,213.68,213.7,213.3,213.39,166716,0
2026-04-22 13:40:00+05:30,213.39,213.6,213.03,213.35,406468,0
2026-04-22 13:45:00+05:30,213.34,213.5,213.17,213.47,184882,0
2026-04-22 13:50:00+05:30,213.43,213.47,213.0,213.05,84884,0
2026-04-22 13:55:00+05:30,213.05,213.24,212.91,213.04,144776,0
2026-04-22 14:00:00+05:30,213.04,213.16,212.6,212.64,112747,0
2026-04-22 14:05:00+05:30,212.64,212.93,212.6,212.83,161608,0
2026-04-22 14:10:00+05:30,212.83,213.0,212.77,212.94,152681,0
2026-04-22 14:15:00+05:30,212.94,213.0,212.6,212.78,121913,0
2026-04-22 14:20:00+05:30,212.78,212.97,212.74,212.91,68007,0
2026-04-22 14:25:00+05:30,212.9,213.08,212.85,212.96,69544,0
2026-04-22 14:30:00+05:30,212.97,213.2,212.9,212.99,105200,0
2026-04-22 14:35:00+05:30,212.93,213.35,212.93,213.19,216348,0
2026-04-22 14:40:00+05:30,213.2,213.5,213.16,213.49,272269,0
2026-04-22 14:45:00+05:30,213.49,213.5,213.31,213.36,237140,0
2026-04-22 14:50:00+05:30,213.38,213.7,213.2,213.53,338897,0
2026-04-22 14:55:00+05:30,213.58,213.7,213.52,213.55,250679,0
2026-04-22 15:00:00+05:30,213.62,213.69,213.18,213.34,373563,0
2026-04-22 15:05:00+05:30,213.34,213.43,213.22,213.34,333015,0
2026-04-22 15:10:00+05:30,213.34,213.47,213.18,213.45,392343,0
2026-04-22 15:15:00+05:30,213.44,213.5,213.31,213.31,553323,0
2026-04-22 15:20:00+05:30,213.32,213.4,212.9,212.95,604409,0
2026-04-22 15:25:00+05:30,212.95,213.01,211.9,212.6,1087834,0
2026-04-23 09:15:00+05:30,213.04,213.1,210.85,212.17,1718406,0
2026-04-23 09:20:00+05:30,212.16,212.7,211.7,211.7,481103,0
2026-04-23 09:25:00+05:30,211.76,212.25,211.6,212.15,348900,0
2026-04-23 09:30:00+05:30,212.13,212.49,211.9,211.99,235731,0
2026-04-23 09:35:00+05:30,212.07,212.12,211.7,211.87,196653,0
2026-04-23 09:40:00+05:30,211.88,212.0,211.81,211.94,137320,0
2026-04-23 09:45:00+05:30,211.94,212.08,211.9,211.92,147057,0
2026-04-23 09:50:00+05:30,211.92,212.08,211.8,211.89,161775,0
2026-04-23 09:55:00+05:30,211.87,212.0,211.82,211.89,95394,0
2026-04-23 10:00:00+05:30,211.9,212.0,211.71,211.9,211022,0
2026-04-23 10:05:00+05:30,211.9,212.0,211.8,211.98,111901,0
2026-04-23 10:10:00+05:30,211.98,211.98,211.74,211.86,102993,0
2026-04-23 10:15:00+05:30,211.89,212.08,211.77,212.08,175644,0
2026-04-23 10:20:00+05:30,212.08,212.2,211.94,212.0,140522,0
2026-04-23 10:25:00+05:30,211.99,212.15,211.86,211.86,119753,0
2026-04-23 10:30:00+05:30,211.91,211.96,211.6,211.61,165659,0
2026-04-23 10:35:00+05:30,211.66,211.81,211.25,211.46,276662,0
2026-04-23 10:40:00+05:30,211.46,211.6,211.3,211.53,86858,0
2026-04-23 10:45:00+05:30,211.58,211.61,211.27,211.3,227255,0
2026-04-23 10:50:00+05:30,211.34,211.63,211.15,211.56,190179,0
2026-04-23 10:55:00+05:30,211.6,211.6,211.31,211.47,64261,0
2026-04-23 11:00:00+05:30,211.48,211.5,210.95,211.09,660456,0
2026-04-23 11:05:00+05:30,211.09,211.1,210.85,210.89,452940,0
2026-04-23 11:10:00+05:30,210.89,210.91,210.45,210.59,289047,0
2026-04-23 11:15:00+05:30,210.59,210.95,210.47,210.62,263984,0
2026-04-23 11:20:00+05:30,210.66,210.78,210.24,210.37,804719,0
2026-04-23 11:25:00+05:30,210.4,210.75,210.16,210.46,728855,0
2026-04-23 11:30:00+05:30,210.49,210.68,210.21,210.21,911258,0
2026-04-23 11:35:00+05:30,210.31,210.59,210.19,210.49,181185,0
2026-04-23 11:40:00+05:30,210.5,210.68,210.36,210.6,124239,0
2026-04-23 11:45:00+05:30,210.61,210.74,210.54,210.6,114961,0
2026-04-23 11:50:00+05:30,210.67,210.98,210.65,210.96,118842,0
2026-04-23 11:55:00+05:30,210.98,211.0,210.8,210.91,128868,0
2026-04-23 12:00:00+05:30,210.91,211.0,210.8,210.94,107398,0
2026-04-23 12:05:00+05:30,210.94,210.99,210.85,210.99,74424,0
2026-04-23 12:10:00+05:30,210.99,211.3,210.93,211.21,139568,0
2026-04-23 12:15:00+05:30,211.22,211.37,211.1,211.16,111150,0
2026-04-23 12:20:00+05:30,211.15,211.29,211.0,211.23,93708,0
2026-04-23 12:25:00+05:30,211.23,211.23,210.54,210.64,139708,0
2026-04-23 12:30:00+05:30,210.64,210.87,210.5,210.84,160313,0
2026-04-23 12:35:00+05:30,210.86,211.07,210.7,211.0,99913,0
2026-04-23 12:40:00+05:30,211.0,211.24,210.98,211.16,144649,0
2026-04-23 12:45:00+05:30,211.2,211.21,211.0,211.14,141918,0
2026-04-23 12:50:00+05:30,211.14,211.21,211.0,211.18,106482,0
2026-04-23 12:55:00+05:30,211.18,211.44,211.09,211.32,152997,0
2026-04-23 13:00:00+05:30,211.32,211.4,211.14,211.38,118697,0
2026-04-23 13:05:00+05:30,211.39,211.45,211.2,211.44,110151,0
2026-04-23 13:10:00+05:30,211.44,211.5,211.21,211.36,143534,0
2026-04-23 13:15:00+05:30,211.36,211.6,211.1,211.59,388541,0
2026-04-23 13:20:00+05:30,211.6,211.8,211.52,211.64,524758,0
2026-04-23 13:25:00+05:30,211.69,212.1,211.67,212.04,490466,0
2026-04-23 13:30:00+05:30,212.04,212.07,211.38,211.38,215056,0
2026-04-23 13:35:00+05:30,211.43,211.6,211.31,211.4,196150,0
2026-04-23 13:40:00+05:30,211.42,211.55,211.17,211.51,129928,0
2026-04-23 13:45:00+05:30,211.53,211.56,211.13,211.24,161310,0
2026-04-23 13:50:00+05:30,211.29,211.4,211.21,211.38,93526,0
2026-04-23 13:55:00+05:30,211.4,211.5,211.17,211.21,101723,0
2026-04-23 14:00:00+05:30,211.3,211.3,211.0,211.13,180083,0
2026-04-23 14:05:00+05:30,211.17,211.22,211.04,211.13,91806,0
2026-04-23 14:10:00+05:30,211.13,211.14,210.88,210.98,140334,0
2026-04-23 14:15:00+05:30,210.98,211.16,210.82,210.83,127032,0
2026-04-23 14:20:00+05:30,210.83,211.1,210.71,211.05,187797,0
2026-04-23 14:25:00+05:30,211.04,211.06,210.57,210.8,178317,0
2026-04-23 14:30:00+05:30,210.8,210.86,210.5,210.61,137046,0
2026-04-23 14:35:00+05:30,210.65,210.68,210.5,210.6,223743,0
2026-04-23 14:40:00+05:30,210.59,210.85,210.57,210.7,139022,0
2026-04-23 14:45:00+05:30,210.7,211.1,210.62,210.98,193254,0
2026-04-23 14:50:00+05:30,210.99,211.15,210.93,211.13,178728,0
2026-04-23 14:55:00+05:30,211.15,211.3,211.0,211.19,154880,0
2026-04-23 15:00:00+05:30,211.24,211.38,211.04,211.24,364241,0
2026-04-23 15:05:00+05:30,211.24,211.4,211.0,211.09,544922,0
2026-04-23 15:10:00+05:30,211.09,211.1,210.74,210.77,488786,0
2026-04-23 15:15:00+05:30,210.77,211.1,210.6,210.73,536591,0
2026-04-23 15:20:00+05:30,210.79,210.94,210.5,210.68,584149,0
2026-04-23 15:25:00+05:30,210.68,210.9,210.4,210.5,529152,0
2026-04-24 09:15:00+05:30,211.0,212.0,210.36,210.9,827963,0
2026-04-24 09:20:00+05:30,210.82,211.55,210.51,211.0,303006,0
2026-04-24 09:25:00+05:30,211.0,211.11,210.6,210.72,197666,0
2026-04-24 09:30:00+05:30,210.75,210.93,210.13,210.29,394631,0
2026-04-24 09:35:00+05:30,210.24,210.28,209.91,210.08,375560,0
2026-04-24 09:40:00+05:30,210.05,210.1,209.26,209.63,305091,0
2026-04-24 09:45:00+05:30,209.6,209.7,209.41,209.58,128826,0
2026-04-24 09:50:00+05:30,209.57,209.75,209.14,209.26,181281,0
2026-04-24 09:55:00+05:30,209.25,209.49,209.1,209.16,154593,0
2026-04-24 10:00:00+05:30,209.19,209.67,209.16,209.56,144863,0
2026-04-24 10:05:00+05:30,209.6,209.63,209.3,209.42,73108,0
2026-04-24 10:10:00+05:30,209.4,209.59,209.29,209.56,76776,0
2026-04-24 10:15:00+05:30,209.54,209.6,209.2,209.2,148899,0
2026-04-24 10:20:00+05:30,209.23,209.3,209.0,209.02,191301,0
2026-04-24 10:25:00+05:30,209.02,209.2,208.88,209.2,345455,0
2026-04-24 10:30:00+05:30,209.2,209.23,208.85,208.94,85316,0
2026-04-24 10:35:00+05:30,208.94,209.0,208.8,208.95,93638,0
2026-04-24 10:40:00+05:30,208.95,208.99,208.75,208.78,82060,0
2026-04-24 10:45:00+05:30,208.78,209.09,208.6,209.09,229259,0
2026-04-24 10:50:00+05:30,209.09,209.15,208.8,208.87,105989,0
2026-04-24 10:55:00+05:30,208.87,208.92,208.73,208.87,97830,0
2026-04-24 11:00:00+05:30,208.89,209.13,208.71,208.89,205606,0
2026-04-24 11:05:00+05:30,208.89,209.59,208.78,209.45,257533,0
2026-04-24 11:10:00+05:30,209.5,209.9,209.42,209.55,297859,0
2026-04-24 11:15:00+05:30,209.64,210.0,209.41,209.73,144127,0
2026-04-24 11:20:00+05:30,209.73,210.2,209.66,210.08,165518,0
2026-04-24 11:25:00+05:30,210.09,210.1,209.8,210.03,121638,0
2026-04-24 11:30:00+05:30,210.0,210.57,209.93,210.49,183447,0
2026-04-24 11:35:00+05:30,210.49,210.5,209.91,210.35,150314,0
2026-04-24 11:40:00+05:30,210.35,210.45,209.99,210.13,570559,0
2026-04-24 11:45:00+05:30,210.13,210.24,209.83,210.0,417354,0
2026-04-24 11:50:00+05:30,209.99,210.01,209.14,209.26,595212,0
2026-04-24 11:55:00+05:30,209.26,209.32,209.13,209.21,119718,0
2026-04-24 12:00:00+05:30,209.24,209.35,209.13,209.3,91484,0
2026-04-24 12:05:00+05:30,209.3,209.6,209.27,209.54,141833,0
2026-04-24 12:10:00+05:30,209.54,210.25,209.46,210.23,795635,0
2026-04-24 12:15:00+05:30,210.18,210.78,209.83,210.7,1260813,0
2026-04-24 12:20:00+05:30,210.73,210.95,210.3,210.34,431446,0
2026-04-24 12:25:00+05:30,210.34,210.34,210.09,210.23,176302,0
2026-04-24 12:30:00+05:30,210.29,210.59,210.22,210.49,115638,0
2026-04-24 12:35:00+05:30,210.49,210.55,210.23,210.5,116115,0
2026-04-24 12:40:00+05:30,210.5,210.6,210.16,210.19,116282,0
2026-04-24 12:45:00+05:30,210.19,210.82,210.15,210.61,172878,0
2026-04-24 12:50:00+05:30,210.54,210.8,210.5,210.57,119884,0
2026-04-24 12:55:00+05:30,210.5,210.84,210.49,210.77,236172,0
2026-04-24 13:00:00+05:30,210.75,210.85,210.45,210.54,210965,0
2026-04-24 13:05:00+05:30,210.6,210.69,210.52,210.56,54252,0
2026-04-24 13:10:00+05:30,210.56,210.66,210.19,210.33,184964,0
2026-04-24 13:15:00+05:30,210.33,210.42,210.13,210.34,101051,0
2026-04-24 13:20:00+05:30,210.4,210.4,210.05,210.18,519164,0
2026-04-24 13:25:00+05:30,210.2,210.2,209.83,210.0,203095,0
2026-04-24 13:30:00+05:30,210.09,210.21,209.75,209.84,218116,0
2026-04-24 13:35:00+05:30,209.84,209.99,209.61,209.69,107373,0
2026-04-24 13:40:00+05:30,209.69,209.93,209.45,209.82,232341,0
2026-04-24 13:45:00+05:30,209.82,210.11,209.76,210.02,136124,0
2026-04-24 13:50:00+05:30,210.03,210.35,209.96,210.2,159635,0
2026-04-24 13:55:00+05:30,210.2,210.28,209.81,209.89,114880,0
2026-04-24 14:00:00+05:30,209.91,210.0,209.81,209.84,151105,0
2026-04-24 14:05:00+05:30,209.85,209.99,209.55,209.94,353194,0
2026-04-24 14:10:00+05:30,209.94,210.15,209.49,210.15,486674,0
2026-04-24 14:15:00+05:30,210.15,210.27,209.85,210.1,100681,0
2026-04-24 14:20:00+05:30,210.13,210.25,209.92,210.0,180725,0
2026-04-24 14:25:00+05:30,210.0,210.11,209.78,210.0,206054,0
2026-04-24 14:30:00+05:30,209.99,210.27,209.9,210.23,198243,0
2026-04-24 14:35:00+05:30,210.23,210.67,210.14,210.52,1436447,0
2026-04-24 14:40:00+05:30,210.52,210.65,210.3,210.5,551167,0
2026-04-24 14:45:00+05:30,210.5,210.63,210.2,210.35,482491,0
2026-04-24 14:50:00+05:30,210.33,210.45,209.96,210.0,316005,0
2026-04-24 14:55:00+05:30,210.0,210.39,209.85,210.34,534125,0
2026-04-24 15:00:00+05:30,210.32,210.32,209.9,209.97,299151,0
2026-04-24 15:05:00+05:30,209.98,210.19,209.97,210.11,296383,0
2026-04-24 15:10:00+05:30,210.1,210.15,209.94,210.0,296354,0
2026-04-24 15:15:00+05:30,210.0,210.3,209.94,210.19,709579,0
2026-04-24 15:20:00+05:30,210.19,210.29,210.09,210.13,651015,0
2026-04-24 15:25:00+05:30,210.13,210.24,209.88,210.0,1332825,0
2026-04-27 09:15:00+05:30,211.0,213.5,210.93,213.08,1449949,0
2026-04-27 09:20:00+05:30,213.15,213.95,213.1,213.53,1011233,0
2026-04-27 09:25:00+05:30,213.53,214.0,213.42,213.96,941817,0
2026-04-27 09:30:00+05:30,213.96,214.2,213.37,213.44,820714,0
2026-04-27 09:35:00+05:30,213.44,213.79,213.26,213.39,362119,0
2026-04-27 09:40:00+05:30,213.34,213.55,213.1,213.52,246990,0
2026-04-27 09:45:00+05:30,213.48,213.9,213.48,213.8,239034,0
2026-04-27 09:50:00+05:30,213.79,214.05,213.75,213.86,570103,0
2026-04-27 09:55:00+05:30,213.86,214.0,213.75,213.79,186492,0
2026-04-27 10:00:00+05:30,213.79,213.8,213.55,213.65,134134,0
2026-04-27 10:05:00+05:30,213.6,213.88,213.52,213.78,166725,0
2026-04-27 10:10:00+05:30,213.71,213.81,213.5,213.55,202077,0
2026-04-27 10:15:00+05:30,213.55,214.15,213.52,214.13,530838,0
2026-04-27 10:20:00+05:30,214.13,214.3,213.9,214.2,472171,0
2026-04-27 10:25:00+05:30,214.2,214.45,213.87,214.4,522809,0
2026-04-27 10:30:00+05:30,214.4,214.47,213.81,213.91,272633,0
2026-04-27 10:35:00+05:30,213.91,213.94,213.55,213.9,228841,0
2026-04-27 10:40:00+05:30,213.85,214.75,213.77,214.69,522151,0
2026-04-27 10:45:00+05:30,214.75,214.9,214.6,214.8,373573,0
2026-04-27 10:50:00+05:30,214.78,214.84,214.45,214.5,155566,0
2026-04-27 10:55:00+05:30,214.5,214.52,214.14,214.32,202438,0
2026-04-27 11:00:00+05:30,214.33,214.38,214.15,214.29,88168,0
2026-04-27 11:05:00+05:30,214.29,214.58,214.26,214.51,433331,0
2026-04-27 11:10:00+05:30,214.51,214.78,214.46,214.5,616779,0
2026-04-27 11:15:00+05:30,214.5,214.8,214.43,214.75,276003,0
2026-04-27 11:20:00+05:30,214.75,215.0,214.49,214.86,585510,0
2026-04-27 11:25:00+05:30,214.83,214.87,214.59,214.65,99469,0
2026-04-27 11:30:00+05:30,214.65,214.67,213.64,213.78,276016,0
2026-04-27 11:35:00+05:30,213.78,213.82,213.4,213.51,675033,0
2026-04-27 11:40:00+05:30,213.54,213.6,212.81,212.89,1038231,0
2026-04-27 11:45:00+05:30,212.86,213.12,212.57,213.0,341084,0
2026-04-27 11:50:00+05:30,212.96,213.32,212.8,213.3,198368,0
2026-04-27 11:55:00+05:30,213.29,213.55,213.17,213.5,165066,0
2026-04-27 12:00:00+05:30,213.5,213.5,212.9,213.06,269904,0
2026-04-27 12:05:00+05:30,213.06,213.35,212.92,213.27,129129,0
2026-04-27 12:10:00+05:30,213.27,213.47,213.2,213.36,139372,0
2026-04-27 12:15:00+05:30,213.36,213.74,213.3,213.74,150091,0
2026-04-27 12:20:00+05:30,213.74,213.74,213.36,213.54,172305,0
2026-04-27 12:25:00+05:30,213.54,214.0,213.44,213.78,438461,0
2026-04-27 12:30:00+05:30,213.82,214.1,213.8,213.99,407199,0
2026-04-27 12:35:00+05:30,213.99,214.0,213.7,213.8,224233,0
2026-04-27 12:40:00+05:30,213.8,214.07,213.67,214.03,149105,0
2026-04-27 12:45:00+05:30,214.03,214.04,213.8,213.95,86334,0
2026-04-27 12:50:00+05:30,213.95,214.1,213.91,214.0,170720,0
2026-04-27 12:55:00+05:30,214.0,214.0,213.75,213.9,161350,0
2026-04-27 13:00:00+05:30,213.9,213.9,213.8,213.87,80353,0
2026-04-27 13:05:00+05:30,213.87,214.0,213.8,214.0,93073,0
2026-04-27 13:10:00+05:30,214.0,214.05,213.89,214.0,231954,0
2026-04-27 13:15:00+05:30,214.0,214.05,213.88,213.97,121967,0
2026-04-27 13:20:00+05:30,213.97,214.08,213.85,214.0,306496,0
2026-04-27 13:25:00+05:30,214.05,214.19,213.98,214.15,985991,0
2026-04-27 13:30:00+05:30,214.17,214.19,213.95,214.08,187264,0
2026-04-27 13:35:00+05:30,214.08,214.23,214.0,214.21,294437,0
2026-04-27 13:40:00+05:30,214.21,214.35,214.02,214.25,658659,0
2026-04-27 13:45:00+05:30,214.25,214.3,213.8,213.96,267520,0
2026-04-27 13:50:00+05:30,213.96,213.97,213.47,213.97,694016,0
2026-04-27 13:55:00+05:30,213.97,214.0,213.82,213.9,160752,0
2026-04-27 14:00:00+05:30,213.9,214.07,213.86,213.98,194371,0
2026-04-27 14:05:00+05:30,213.98,214.16,213.85,214.0,131436,0
2026-04-27 14:10:00+05:30,214.0,214.18,213.95,214.0,233178,0
2026-04-27 14:15:00+05:30,214.01,214.1,213.9,214.02,339455,0
2026-04-27 14:20:00+05:30,214.02,214.1,213.88,214.0,166232,0
2026-04-27 14:25:00+05:30,214.0,214.1,213.92,213.95,355165,0
2026-04-27 14:30:00+05:30,213.95,214.03,213.86,214.0,352405,0
2026-04-27 14:35:00+05:30,214.0,214.05,213.83,213.94,405973,0
2026-04-27 14:40:00+05:30,213.94,214.1,213.33,213.96,1272696,0
2026-04-27 14:45:00+05:30,213.96,214.05,213.85,213.99,326472,0
2026-04-27 14:50:00+05:30,213.99,214.07,213.78,214.0,685709,0
2026-04-27 14:55:00+05:30,214.0,214.08,213.79,213.96,569787,0
2026-04-27 15:00:00+05:30,213.96,214.04,213.52,213.96,1185056,0
2026-04-27 15:05:00+05:30,213.94,213.98,213.5,213.77,1206234,0
2026-04-27 15:10:00+05:30,213.7,213.79,213.0,213.19,1159564,0
2026-04-27 15:15:00+05:30,213.14,213.19,212.69,212.76,1451706,0
2026-04-27 15:20:00+05:30,212.76,213.1,212.56,213.0,1213539,0
2026-04-27 15:25:00+05:30,213.02,213.3,212.9,213.28,824654,0
2026-04-28 09:15:00+05:30,213.2,214.82,212.2,214.76,1522950,0
2026-04-28 09:20:00+05:30,214.76,216.1,214.73,215.26,1535344,0
2026-04-28 09:25:00+05:30,215.26,215.78,215.16,215.31,438479,0
2026-04-28 09:30:00+05:30,215.35,216.0,215.18,215.88,643318,0
2026-04-28 09:35:00+05:30,215.9,216.3,215.81,216.05,1005986,0
2026-04-28 09:40:00+05:30,216.12,216.97,216.0,216.96,958515,0
2026-04-28 09:45:00+05:30,216.97,217.42,216.86,216.95,1129002,0
2026-04-28 09:50:00+05:30,216.99,217.7,216.8,216.9,771938,0
2026-04-28 09:55:00+05:30,216.96,217.0,216.7,216.88,432223,0
2026-04-28 10:00:00+05:30,216.88,217.0,216.4,216.7,418920,0
2026-04-28 10:05:00+05:30,216.76,217.28,216.63,217.21,583873,0
2026-04-28 10:10:00+05:30,217.25,217.79,217.21,217.78,836961,0
2026-04-28 10:15:00+05:30,217.78,218.24,217.73,218.0,1308795,0
2026-04-28 10:20:00+05:30,218.03,218.03,217.58,217.65,452753,0
2026-04-28 10:25:00+05:30,217.72,217.72,217.31,217.5,317013,0
2026-04-28 10:30:00+05:30,217.5,217.7,217.15,217.32,302545,0
2026-04-28 10:35:00+05:30,217.35,217.5,216.95,217.28,423257,0
2026-04-28 10:40:00+05:30,217.28,217.38,216.25,216.41,635659,0
2026-04-28 10:45:00+05:30,216.48,216.65,216.34,216.37,264861,0
2026-04-28 10:50:00+05:30,216.47,216.75,216.39,216.66,238685,0
2026-04-28 10:55:00+05:30,216.66,216.85,216.54,216.81,202237,0
2026-04-28 11:00:00+05:30,216.85,216.92,216.47,216.75,275039,0
2026-04-28 11:05:00+05:30,216.75,216.87,216.11,216.2,283213,0
2026-04-28 11:10:00+05:30,216.24,216.65,216.08,216.5,328167,0
2026-04-28 11:15:00+05:30,216.5,216.5,216.31,216.39,252781,0
2026-04-28 11:20:00+05:30,216.47,217.0,216.39,216.74,337011,0
2026-04-28 11:25:00+05:30,216.78,216.78,216.3,216.52,747848,0
2026-04-28 11:30:00+05:30,216.53,216.95,216.3,216.81,525833,0
2026-04-28 11:35:00+05:30,216.81,216.97,216.59,216.75,194218,0
2026-04-28 11:40:00+05:30,216.82,216.89,216.23,216.34,695093,0
2026-04-28 11:45:00+05:30,216.39,216.59,216.1,216.2,345816,0
2026-04-28 11:50:00+05:30,216.22,216.7,216.18,216.61,212043,0
2026-04-28 11:55:00+05:30,216.67,216.7,216.32,216.43,322387,0
2026-04-28 12:00:00+05:30,216.4,216.58,216.3,216.45,149952,0
2026-04-28 12:05:00+05:30,216.45,216.5,215.95,216.06,714473,0
2026-04-28 12:10:00+05:30,216.13,216.44,216.05,216.34,115081,0
2026-04-28 12:15:00+05:30,216.34,216.58,216.0,216.08,521501,0
2026-04-28 12:20:00+05:30,216.15,216.21,215.8,216.1,410650,0
2026-04-28 12:25:00+05:30,216.1,216.3,215.94,216.08,189631,0
2026-04-28 12:30:00+05:30,216.16,216.16,215.9,215.98,162642,0
2026-04-28 12:35:00+05:30,216.01,216.35,215.95,216.27,180708,0
2026-04-28 12:40:00+05:30,216.3,216.64,216.2,216.54,232491,0
2026-04-28 12:45:00+05:30,216.54,216.63,215.86,216.06,546035,0
2026-04-28 12:50:00+05:30,216.15,216.21,215.95,216.02,143212,0
2026-04-28 12:55:00+05:30,216.04,216.19,215.81,215.85,282107,0
2026-04-28 13:00:00+05:30,215.86,216.0,215.6,215.61,196549,0
2026-04-28 13:05:00+05:30,215.64,216.0,215.56,215.89,194535,0
2026-04-28 13:10:00+05:30,215.86,215.98,215.72,215.74,147702,0
2026-04-28 13:15:00+05:30,215.74,215.89,215.68,215.7,138261,0
2026-04-28 13:20:00+05:30,215.76,215.86,215.62,215.8,146006,0
2026-04-28 13:25:00+05:30,215.8,215.85,215.49,215.55,541759,0
2026-04-28 13:30:00+05:30,215.6,215.75,215.25,215.25,607091,0
2026-04-28 13:35:00+05:30,215.31,215.35,215.02,215.2,419515,0
2026-04-28 13:40:00+05:30,215.19,215.36,215.05,215.15,278162,0
2026-04-28 13:45:00+05:30,215.18,215.6,215.05,215.25,695679,0
2026-04-28 13:50:00+05:30,215.33,215.49,215.15,215.32,127851,0
2026-04-28 13:55:00+05:30,215.32,215.45,215.1,215.28,354256,0
2026-04-28 14:00:00+05:30,215.25,215.45,215.11,215.28,620353,0
2026-04-28 14:05:00+05:30,215.28,215.37,215.1,215.21,561664,0
2026-04-28 14:10:00+05:30,215.21,215.3,214.85,214.85,343502,0
2026-04-28 14:15:00+05:30,214.9,215.02,214.57,214.95,818682,0
2026-04-28 14:20:00+05:30,214.96,215.0,214.72,214.95,111374,0
2026-04-28 14:25:00+05:30,214.95,215.1,214.84,215.06,187156,0
2026-04-28 14:30:00+05:30,215.1,215.7,214.97,215.17,517781,0
2026-04-28 14:35:00+05:30,215.15,215.4,215.15,215.29,160647,0
2026-04-28 14:40:00+05:30,215.33,215.5,215.29,215.45,190748,0
2026-04-28 14:45:00+05:30,215.45,215.7,215.35,215.61,234594,0
2026-04-28 14:50:00+05:30,215.64,215.68,215.38,215.6,259974,0
2026-04-28 14:55:00+05:30,215.65,215.87,215.5,215.6,341496,0
2026-04-28 15:00:00+05:30,215.6,215.68,215.1,215.1,517274,0
2026-04-28 15:05:00+05:30,215.12,215.15,214.85,214.89,413337,0
2026-04-28 15:10:00+05:30,214.88,215.11,214.81,215.04,592256,0
2026-04-28 15:15:00+05:30,215.04,215.1,214.85,214.94,628169,0
2026-04-28 15:20:00+05:30,214.94,215.0,214.7,214.75,771419,0
2026-04-28 15:25:00+05:30,214.75,216.0,214.73,215.58,1231363,0
2026-04-29 09:15:00+05:30,216.1,216.38,212.91,213.9,2731738,0
2026-04-29 09:20:00+05:30,213.9,213.96,211.63,211.76,1511845,0
2026-04-29 09:25:00+05:30,211.76,212.63,211.36,212.59,699638,0
2026-04-29 09:30:00+05:30,212.63,212.9,212.3,212.6,558092,0
2026-04-29 09:35:00+05:30,212.6,213.4,212.51,213.28,433649,0
2026-04-29 09:40:00+05:30,213.3,213.7,213.0,213.53,452762,0
2026-04-29 09:45:00+05:30,213.53,213.6,212.8,213.0,503666,0
2026-04-29 09:50:00+05:30,213.0,213.29,212.8,213.13,205220,0
2026-04-29 09:55:00+05:30,213.14,213.5,213.05,213.4,267017,0
2026-04-29 10:00:00+05:30,213.5,213.71,213.36,213.5,297845,0
2026-04-29 10:05:00+05:30,213.5,213.59,213.27,213.36,172995,0
2026-04-29 10:10:00+05:30,213.36,214.15,213.21,214.05,438315,0
2026-04-29 10:15:00+05:30,214.05,215.93,214.02,215.86,1941668,0
2026-04-29 10:20:00+05:30,215.88,216.26,215.63,215.9,637421,0
2026-04-29 10:25:00+05:30,215.9,216.2,215.85,216.1,280392,0
2026-04-29 10:30:00+05:30,216.1,216.2,215.95,216.09,297123,0
2026-04-29 10:35:00+05:30,216.09,216.18,215.87,216.0,219057,0
2026-04-29 10:40:00+05:30,216.03,216.25,215.97,216.24,260862,0
2026-04-29 10:45:00+05:30,216.24,216.5,215.9,216.23,490000,0
2026-04-29 10:50:00+05:30,216.23,216.4,216.11,216.26,200440,0
2026-04-29 10:55:00+05:30,216.3,216.66,215.9,215.97,639429,0
2026-04-29 11:00:00+05:30,216.0,216.3,215.8,215.88,461663,0
2026-04-29 11:05:00+05:30,215.82,215.95,215.67,215.75,449674,0
2026-04-29 11:10:00+05:30,215.75,215.75,215.39,215.55,447447,0
2026-04-29 11:15:00+05:30,215.55,215.8,215.34,215.4,1007909,0
2026-04-29 11:20:00+05:30,215.4,215.6,215.31,215.38,507054,0
2026-04-29 11:25:00+05:30,215.4,215.42,215.2,215.38,239414,0
2026-04-29 11:30:00+05:30,215.4,215.7,215.38,215.46,630073,0
2026-04-29 11:35:00+05:30,215.45,215.5,215.26,215.5,482151,0
2026-04-29 11:40:00+05:30,215.5,216.3,215.42,216.25,670941,0
2026-04-29 11:45:00+05:30,216.25,216.3,215.52,215.6,934053,0
2026-04-29 11:50:00+05:30,215.6,215.69,215.15,215.3,210861,0
2026-04-29 11:55:00+05:30,215.3,215.45,215.05,215.4,214203,0
2026-04-29 12:00:00+05:30,215.4,215.42,214.88,215.0,263775,0
2026-04-29 12:05:00+05:30,214.96,215.0,214.6,215.0,209194,0
2026-04-29 12:10:00+05:30,215.0,215.13,214.8,214.95,456308,0
2026-04-29 12:15:00+05:30,214.99,215.12,214.9,214.93,183091,0
2026-04-29 12:20:00+05:30,214.96,215.0,214.82,214.9,182003,0
2026-04-29 12:25:00+05:30,214.91,215.0,214.65,215.0,167580,0
2026-04-29 12:30:00+05:30,215.0,215.19,214.95,215.18,326047,0
2026-04-29 12:35:00+05:30,215.19,215.2,214.86,214.99,273114,0
2026-04-29 12:40:00+05:30,215.0,215.01,214.86,214.99,129983,0
2026-04-29 12:45:00+05:30,215.0,215.22,214.89,214.95,256358,0
2026-04-29 12:50:00+05:30,214.96,215.05,214.95,215.04,174708,0
2026-04-29 12:55:00+05:30,215.05,215.25,215.04,215.2,292575,0
2026-04-29 13:00:00+05:30,215.2,215.2,215.07,215.1,110140,0
2026-04-29 13:05:00+05:30,215.09,215.39,215.0,215.17,203177,0
2026-04-29 13:10:00+05:30,215.17,215.45,215.11,215.29,150484,0
2026-04-29 13:15:00+05:30,215.3,215.58,215.3,215.49,200151,0
2026-04-29 13:20:00+05:30,215.54,215.85,215.49,215.82,248831,0
2026-04-29 13:25:00+05:30,215.85,216.45,215.85,216.33,486981,0
2026-04-29 13:30:00+05:30,216.35,217.0,216.33,216.65,831426,0
2026-04-29 13:35:00+05:30,216.7,217.0,216.56,216.71,294502,0
2026-04-29 13:40:00+05:30,216.71,216.71,216.15,216.19,245867,0
2026-04-29 13:45:00+05:30,216.19,216.41,215.85,216.26,635464,0
2026-04-29 13:50:00+05:30,216.28,217.0,216.27,216.72,601362,0
2026-04-29 13:55:00+05:30,216.73,216.98,216.46,216.57,368078,0
2026-04-29 14:00:00+05:30,216.57,216.65,215.91,216.02,383716,0
2026-04-29 14:05:00+05:30,216.03,216.49,215.95,216.19,205197,0
2026-04-29 14:10:00+05:30,216.19,216.19,215.71,216.15,249929,0
2026-04-29 14:15:00+05:30,216.09,216.1,215.62,215.64,161204,0
2026-04-29 14:20:00+05:30,215.68,216.2,215.6,215.98,206732,0
2026-04-29 14:25:00+05:30,216.0,216.02,215.81,215.95,137662,0
2026-04-29 14:30:00+05:30,215.98,216.0,215.72,215.96,222675,0
2026-04-29 14:35:00+05:30,215.96,215.98,215.5,215.86,276461,0
2026-04-29 14:40:00+05:30,215.86,216.45,215.77,216.36,337843,0
2026-04-29 14:45:00+05:30,216.4,216.7,216.31,216.47,255146,0
2026-04-29 14:50:00+05:30,216.5,216.75,216.42,216.68,229398,0
2026-04-29 14:55:00+05:30,216.68,216.72,216.19,216.21,154567,0
2026-04-29 15:00:00+05:30,216.25,216.49,216.1,216.13,478498,0
2026-04-29 15:05:00+05:30,216.13,216.25,215.82,216.21,561264,0
2026-04-29 15:10:00+05:30,216.23,216.41,215.77,215.79,456325,0
2026-04-29 15:15:00+05:30,215.79,215.9,215.56,215.7,547186,0
2026-04-29 15:20:00+05:30,215.71,215.93,215.45,215.71,645556,0
2026-04-29 15:25:00+05:30,215.61,216.0,215.5,215.99,501864,0
2026-04-30 09:15:00+05:30,215.78,215.78,212.88,212.96,1441389,0
2026-04-30 09:20:00+05:30,212.91,212.96,212.0,212.24,957532,0
2026-04-30 09:25:00+05:30,212.26,213.0,212.1,212.51,531596,0
2026-04-30 09:30:00+05:30,212.4,212.8,212.35,212.58,302264,0
2026-04-30 09:35:00+05:30,212.58,212.6,211.6,212.2,622992,0
2026-04-30 09:40:00+05:30,212.21,213.0,212.0,212.81,346011,0
2026-04-30 09:45:00+05:30,212.82,212.9,212.4,212.63,234729,0
2026-04-30 09:50:00+05:30,212.68,212.73,212.27,212.47,172319,0
2026-04-30 09:55:00+05:30,212.44,212.9,212.17,212.31,255405,0
2026-04-30 10:00:00+05:30,212.29,212.29,211.75,211.97,455629,0
2026-04-30 10:05:00+05:30,211.96,212.66,211.96,212.35,250135,0
2026-04-30 10:10:00+05:30,212.34,212.45,211.7,211.93,312591,0
2026-04-30 10:15:00+05:30,211.93,211.96,211.5,211.8,716736,0
2026-04-30 10:20:00+05:30,211.8,211.99,211.5,211.75,186439,0
2026-04-30 10:25:00+05:30,211.75,211.75,211.27,211.53,290372,0
2026-04-30 10:30:00+05:30,211.51,211.72,211.15,211.43,310842,0
2026-04-30 10:35:00+05:30,211.43,211.57,211.3,211.57,100175,0
2026-04-30 10:40:00+05:30,211.57,211.7,211.36,211.6,137682,0
2026-04-30 10:45:00+05:30,211.57,211.64,211.33,211.45,110529,0
2026-04-30 10:50:00+05:30,211.48,211.49,210.86,211.13,724871,0
2026-04-30 10:55:00+05:30,211.17,211.17,210.6,210.6,390153,0
2026-04-30 11:00:00+05:30,210.67,211.16,210.6,211.09,185757,0
2026-04-30 11:05:00+05:30,211.14,211.5,211.09,211.5,138581,0
2026-04-30 11:10:00+05:30,211.45,211.54,211.0,211.0,120830,0
2026-04-30 11:15:00+05:30,211.02,211.35,210.91,211.31,116620,0
2026-04-30 11:20:00+05:30,211.31,211.33,211.02,211.12,90788,0
2026-04-30 11:25:00+05:30,211.1,211.7,211.1,211.68,122957,0
2026-04-30 11:30:00+05:30,211.68,212.03,211.4,211.51,223514,0
2026-04-30 11:35:00+05:30,211.51,211.6,211.05,211.2,388584,0
2026-04-30 11:40:00+05:30,211.22,211.22,210.78,210.8,189251,0
2026-04-30 11:45:00+05:30,210.8,211.1,210.75,210.87,309453,0
2026-04-30 11:50:00+05:30,210.9,211.0,210.5,210.61,244476,0
2026-04-30 11:55:00+05:30,210.59,210.77,210.3,210.65,238437,0
2026-04-30 12:00:00+05:30,210.65,210.75,210.51,210.71,99036,0
2026-04-30 12:05:00+05:30,210.7,211.0,210.66,210.77,328192,0
2026-04-30 12:10:00+05:30,210.75,211.0,210.75,210.98,210373,0
2026-04-30 12:15:00+05:30,211.0,211.2,210.64,210.65,246428,0
2026-04-30 12:20:00+05:30,210.63,211.37,210.5,211.29,270117,0
2026-04-30 12:25:00+05:30,211.29,211.34,210.8,211.0,440373,0
2026-04-30 12:30:00+05:30,211.0,211.35,210.9,210.98,249159,0
2026-04-30 12:35:00+05:30,210.98,211.0,210.74,210.99,107731,0
2026-04-30 12:40:00+05:30,210.99,211.19,210.83,211.19,156480,0
2026-04-30 12:45:00+05:30,211.19,211.27,210.83,210.97,206806,0
2026-04-30 12:50:00+05:30,210.97,211.0,210.82,211.0,77000,0
2026-04-30 12:55:00+05:30,211.0,211.02,210.8,211.0,128826,0
2026-04-30 13:00:00+05:30,211.0,211.02,210.9,210.94,86604,0
2026-04-30 13:05:00+05:30,210.94,210.94,210.17,210.46,598993,0
2026-04-30 13:10:00+05:30,210.45,210.5,210.15,210.29,274538,0
2026-04-30 13:15:00+05:30,210.29,210.3,210.1,210.21,181592,0
2026-04-30 13:20:00+05:30,210.18,210.48,210.1,210.12,286134,0
2026-04-30 13:25:00+05:30,210.13,210.33,210.0,210.3,554281,0
2026-04-30 13:30:00+05:30,210.3,210.68,210.19,210.4,367387,0
2026-04-30 13:35:00+05:30,210.41,210.71,210.03,210.19,511033,0
2026-04-30 13:40:00+05:30,210.15,210.75,210.0,210.75,179917,0
2026-04-30 13:45:00+05:30,210.7,211.3,210.7,211.2,313086,0
2026-04-30 13:50:00+05:30,211.12,211.31,210.93,211.18,241748,0
2026-04-30 13:55:00+05:30,211.11,211.45,211.11,211.45,165094,0
2026-04-30 14:00:00+05:30,211.45,211.5,211.22,211.26,131020,0
2026-04-30 14:05:00+05:30,211.26,211.3,211.0,211.28,175885,0
2026-04-30 14:10:00+05:30,211.28,211.33,210.94,211.0,187698,0
2026-04-30 14:15:00+05:30,211.04,211.25,210.6,210.62,248354,0
2026-04-30 14:20:00+05:30,210.64,210.88,210.5,210.76,169314,0
2026-04-30 14:25:00+05:30,210.76,211.19,210.56,211.13,186263,0
2026-04-30 14:30:00+05:30,211.17,211.4,211.13,211.4,191138,0
2026-04-30 14:35:00+05:30,211.4,211.45,211.03,211.35,179605,0
2026-04-30 14:40:00+05:30,211.35,211.75,211.33,211.72,355280,0
2026-04-30 14:45:00+05:30,211.72,211.9,211.24,211.26,298249,0
2026-04-30 14:50:00+05:30,211.26,211.47,211.17,211.37,212095,0
2026-04-30 14:55:00+05:30,211.4,211.87,211.36,211.79,288893,0
2026-04-30 15:00:00+05:30,211.79,211.79,211.4,211.49,631274,0
2026-04-30 15:05:00+05:30,211.47,211.47,211.23,211.25,504034,0
2026-04-30 15:10:00+05:30,211.25,211.34,211.0,211.32,612327,0
2026-04-30 15:15:00+05:30,211.32,211.58,211.09,211.4,1051042,0
2026-04-30 15:20:00+05:30,211.42,211.52,211.29,211.5,1214991,0
2026-04-30 15:25:00+05:30,211.51,211.7,210.93,211.4,737392,0
2026-05-04 09:15:00+05:30,212.55,214.1,212.33,213.81,1190697,0
2026-05-04 09:20:00+05:30,213.81,214.1,213.08,213.44,505440,0
2026-05-04 09:25:00+05:30,213.44,213.5,212.9,212.92,349867,0
2026-05-04 09:30:00+05:30,212.92,214.3,212.92,213.89,517615,0
2026-05-04 09:35:00+05:30,213.89,214.14,213.62,214.05,324409,0
2026-05-04 09:40:00+05:30,214.1,214.35,213.86,214.25,322319,0
2026-05-04 09:45:00+05:30,214.25,214.49,214.06,214.48,356156,0
2026-05-04 09:50:00+05:30,214.42,214.5,213.76,213.86,204998,0
2026-05-04 09:55:00+05:30,213.89,214.22,213.81,214.11,260556,0
2026-05-04 10:00:00+05:30,214.15,214.26,213.66,213.92,224381,0
2026-05-04 10:05:00+05:30,213.92,214.19,213.7,213.76,296748,0
2026-05-04 10:10:00+05:30,213.76,214.1,213.7,213.89,335658,0
2026-05-04 10:15:00+05:30,213.88,214.08,213.79,214.0,183894,0
2026-05-04 10:20:00+05:30,214.0,214.05,213.5,213.55,308933,0
2026-05-04 10:25:00+05:30,213.55,214.34,213.55,214.15,240374,0
2026-05-04 10:30:00+05:30,214.2,214.5,213.78,214.02,269228,0
2026-05-04 10:35:00+05:30,214.02,214.5,214.02,214.33,176521,0
2026-05-04 10:40:00+05:30,214.33,214.45,214.06,214.43,127726,0
2026-05-04 10:45:00+05:30,214.43,214.47,214.08,214.33,193255,0
2026-05-04 10:50:00+05:30,214.33,214.45,214.3,214.4,110338,0
2026-05-04 10:55:00+05:30,214.38,214.4,214.03,214.2,152012,0
2026-05-04 11:00:00+05:30,214.21,214.41,214.06,214.41,203258,0
2026-05-04 11:05:00+05:30,214.4,214.45,213.8,213.85,190417,0
2026-05-04 11:10:00+05:30,213.85,214.03,213.65,213.9,307097,0
2026-05-04 11:15:00+05:30,213.88,214.24,213.83,214.09,221136,0
2026-05-04 11:20:00+05:30,214.09,214.19,213.8,213.98,153562,0
2026-05-04 11:25:00+05:30,213.99,214.1,213.91,214.0,94790,0
2026-05-04 11:30:00+05:30,214.0,214.0,213.56,213.77,439894,0
2026-05-04 11:35:00+05:30,213.77,214.0,213.6,213.99,293397,0
2026-05-04 11:40:00+05:30,213.99,214.19,213.32,213.64,522665,0
2026-05-04 11:45:00+05:30,213.64,213.84,213.58,213.59,291013,0
2026-05-04 11:50:00+05:30,213.59,213.62,213.25,213.35,315457,0
2026-05-04 11:55:00+05:30,213.3,213.52,212.98,212.98,478032,0
2026-05-04 12:00:00+05:30,213.0,213.38,212.98,213.2,196019,0
2026-05-04 12:05:00+05:30,213.2,213.23,212.6,212.75,293870,0
2026-05-04 12:10:00+05:30,212.75,212.79,212.25,212.51,503451,0
2026-05-04 12:15:00+05:30,212.5,212.65,212.25,212.55,311316,0
2026-05-04 12:20:00+05:30,212.52,212.65,212.22,212.45,410890,0
2026-05-04 12:25:00+05:30,212.43,212.6,212.0,212.33,603930,0
2026-05-04 12:30:00+05:30,212.33,212.33,211.81,211.82,395255,0
2026-05-04 12:35:00+05:30,211.85,212.27,211.85,212.15,264200,0
2026-05-04 12:40:00+05:30,212.2,212.34,211.95,212.0,357163,0
2026-05-04 12:45:00+05:30,212.03,212.2,211.9,211.95,201649,0
2026-05-04 12:50:00+05:30,211.95,212.3,211.95,212.16,292876,0
2026-05-04 12:55:00+05:30,212.16,212.2,211.9,212.02,354503,0
2026-05-04 13:00:00+05:30,212.05,212.1,211.81,211.99,159207,0
2026-05-04 13:05:00+05:30,211.99,212.4,211.99,212.34,174933,0
2026-05-04 13:10:00+05:30,212.35,212.45,212.17,212.17,169573,0
2026-05-04 13:15:00+05:30,212.17,212.54,212.1,212.45,217352,0
2026-05-04 13:20:00+05:30,212.52,212.52,212.0,212.18,174399,0
2026-05-04 13:25:00+05:30,212.17,212.36,211.66,211.67,202535,0
2026-05-04 13:30:00+05:30,211.72,211.96,211.4,211.68,448575,0
2026-05-04 13:35:00+05:30,211.66,211.99,211.5,211.99,256112,0
2026-05-04 13:40:00+05:30,211.92,212.25,211.92,212.09,291665,0
2026-05-04 13:45:00+05:30,212.09,212.1,211.82,211.98,172214,0
2026-05-04 13:50:00+05:30,211.98,212.1,211.86,211.9,214680,0
2026-05-04 13:55:00+05:30,211.87,212.03,211.65,211.96,161305,0
2026-05-04 14:00:00+05:30,211.9,211.99,211.72,211.99,134657,0
2026-05-04 14:05:00+05:30,211.93,212.0,211.6,211.77,183359,0
2026-05-04 14:10:00+05:30,211.78,212.32,211.76,212.25,548721,0
2026-05-04 14:15:00+05:30,212.23,212.9,212.23,212.86,667225,0
2026-05-04 14:20:00+05:30,212.86,213.1,212.59,212.83,317597,0
2026-05-04 14:25:00+05:30,212.83,212.89,212.57,212.76,234402,0
2026-05-04 14:30:00+05:30,212.79,213.15,212.66,213.1,361614,0
2026-05-04 14:35:00+05:30,213.09,213.39,213.0,213.05,321070,0
2026-05-04 14:40:00+05:30,213.01,213.13,212.61,212.98,214843,0
2026-05-04 14:45:00+05:30,212.99,213.03,212.35,212.48,192544,0
2026-05-04 14:50:00+05:30,212.51,212.57,212.2,212.48,158681,0
2026-05-04 14:55:00+05:30,212.52,212.8,212.26,212.76,179353,0
2026-05-04 15:00:00+05:30,212.75,212.88,212.3,212.49,322239,0
2026-05-04 15:05:00+05:30,212.47,212.64,212.31,212.44,307476,0
2026-05-04 15:10:00+05:30,212.45,212.55,212.28,212.43,380778,0
2026-05-04 15:15:00+05:30,212.43,212.5,212.18,212.27,497833,0
2026-05-04 15:20:00+05:30,212.29,212.43,211.6,211.69,600579,0
2026-05-04 15:25:00+05:30,211.64,212.2,211.53,212.0,525998,0
2026-05-05 09:15:00+05:30,212.2,212.2,210.21,210.92,954826,0
2026-05-05 09:20:00+05:30,210.96,211.31,210.65,210.7,531211,0
2026-05-05 09:25:00+05:30,210.66,210.9,210.0,210.14,1135097,0
2026-05-05 09:30:00+05:30,210.14,210.84,210.0,210.27,553031,0
2026-05-05 09:35:00+05:30,210.18,210.64,210.18,210.27,345846,0
2026-05-05 09:40:00+05:30,210.25,210.75,210.0,210.57,336841,0
2026-05-05 09:45:00+05:30,210.55,210.9,210.47,210.83,202344,0
2026-05-05 09:50:00+05:30,210.83,211.5,210.53,211.49,560817,0
2026-05-05 09:55:00+05:30,211.5,211.9,211.34,211.86,984886,0
2026-05-05 10:00:00+05:30,211.87,212.18,211.3,211.5,357475,0
2026-05-05 10:05:00+05:30,211.52,211.52,211.15,211.39,161814,0
2026-05-05 10:10:00+05:30,211.39,211.55,211.3,211.52,517691,0
2026-05-05 10:15:00+05:30,211.52,211.79,211.3,211.76,431010,0
2026-05-05 10:20:00+05:30,211.75,212.1,211.44,211.79,231906,0
2026-05-05 10:25:00+05:30,211.79,212.0,211.5,211.6,215951,0
2026-05-05 10:30:00+05:30,211.6,211.81,211.5,211.72,90786,0
2026-05-05 10:35:00+05:30,211.73,211.74,211.36,211.4,104495,0
2026-05-05 10:40:00+05:30,211.4,211.8,211.32,211.58,150088,0
2026-05-05 10:45:00+05:30,211.64,211.84,211.58,211.77,80049,0
2026-05-05 10:50:00+05:30,211.77,211.95,211.41,211.42,135832,0
2026-05-05 10:55:00+05:30,211.43,211.45,211.01,211.06,268802,0
2026-05-05 11:00:00+05:30,211.06,211.44,211.0,211.41,134384,0
2026-05-05 11:05:00+05:30,211.33,211.5,211.12,211.15,134989,0
2026-05-05 11:10:00+05:30,211.25,211.75,211.17,211.49,166731,0
2026-05-05 11:15:00+05:30,211.6,211.9,211.39,211.4,157238,0
2026-05-05 11:20:00+05:30,211.4,211.47,211.05,211.1,129764,0
2026-05-05 11:25:00+05:30,211.1,211.7,211.08,211.33,139194,0
2026-05-05 11:30:00+05:30,211.33,211.56,211.3,211.44,90197,0
2026-05-05 11:35:00+05:30,211.4,211.58,211.3,211.31,84685,0
2026-05-05 11:40:00+05:30,211.3,211.33,210.5,210.52,488857,0
2026-05-05 11:45:00+05:30,210.51,210.62,210.01,210.2,493751,0
2026-05-05 11:50:00+05:30,210.2,210.22,209.52,209.69,415663,0
2026-05-05 11:55:00+05:30,209.69,209.81,209.45,209.75,251222,0
2026-05-05 12:00:00+05:30,209.73,210.0,209.67,209.98,138559,0
2026-05-05 12:05:00+05:30,209.98,210.1,209.94,210.09,301992,0
2026-05-05 12:10:00+05:30,210.09,210.75,210.05,210.71,264925,0
2026-05-05 12:15:00+05:30,210.74,210.88,210.53,210.72,142957,0
2026-05-05 12:20:00+05:30,210.72,210.95,210.69,210.75,135804,0
2026-05-05 12:25:00+05:30,210.8,210.95,210.35,210.53,242855,0
2026-05-05 12:30:00+05:30,210.5,210.85,210.47,210.59,199941,0
2026-05-05 12:35:00+05:30,210.59,211.55,210.13,211.5,1278542,0
2026-05-05 12:40:00+05:30,211.52,211.84,211.3,211.56,691790,0
2026-05-05 12:45:00+05:30,211.56,211.73,211.44,211.65,112685,0
2026-05-05 12:50:00+05:30,211.65,211.77,211.6,211.64,117846,0
2026-05-05 12:55:00+05:30,211.66,211.89,211.58,211.72,193427,0
2026-05-05 13:00:00+05:30,211.79,212.0,211.61,211.74,155760,0
2026-05-05 13:05:00+05:30,211.68,212.34,211.57,212.02,421144,0
2026-05-05 13:10:00+05:30,212.03,212.15,211.6,211.92,175228,0
2026-05-05 13:15:00+05:30,211.9,212.1,211.56,211.58,267712,0
2026-05-05 13:20:00+05:30,211.59,211.75,211.5,211.56,195287,0
2026-05-05 13:25:00+05:30,211.62,211.69,211.5,211.66,138823,0
2026-05-05 13:30:00+05:30,211.62,211.69,211.4,211.48,141031,0
2026-05-05 13:35:00+05:30,211.43,211.6,211.4,211.53,96212,0
2026-05-05 13:40:00+05:30,211.47,211.66,211.41,211.56,122813,0
2026-05-05 13:45:00+05:30,211.56,211.65,211.4,211.49,127720,0
2026-05-05 13:50:00+05:30,211.48,211.56,211.12,211.24,224257,0
2026-05-05 13:55:00+05:30,211.29,211.49,211.16,211.27,168066,0
2026-05-05 14:00:00+05:30,211.27,211.45,211.23,211.36,106028,0
2026-05-05 14:05:00+05:30,211.31,211.4,211.11,211.15,113795,0
2026-05-05 14:10:00+05:30,211.2,211.39,211.12,211.22,138759,0
2026-05-05 14:15:00+05:30,211.23,211.54,211.19,211.48,115964,0
2026-05-05 14:20:00+05:30,211.47,211.72,211.37,211.46,110529,0
2026-05-05 14:25:00+05:30,211.55,211.7,211.33,211.7,109353,0
2026-05-05 14:30:00+05:30,211.7,211.75,211.55,211.75,135987,0
2026-05-05 14:35:00+05:30,211.75,211.8,211.4,211.5,123990,0
2026-05-05 14:40:00+05:30,211.52,211.7,211.43,211.56,93800,0
2026-05-05 14:45:00+05:30,211.57,211.59,211.1,211.2,191085,0
2026-05-05 14:50:00+05:30,211.19,211.35,211.02,211.18,122733,0
2026-05-05 14:55:00+05:30,211.25,211.38,211.01,211.07,107094,0
2026-05-05 15:00:00+05:30,211.06,211.26,210.88,211.08,260009,0
2026-05-05 15:05:00+05:30,211.08,211.5,210.97,211.43,308043,0
2026-05-05 15:10:00+05:30,211.39,211.55,211.16,211.41,342615,0
2026-05-05 15:15:00+05:30,211.41,211.6,211.29,211.45,417878,0
2026-05-05 15:20:00+05:30,211.48,211.5,211.15,211.25,461902,0
2026-05-05 15:25:00+05:30,211.15,211.6,211.04,211.48,378532,0
2026-05-06 09:15:00+05:30,214.0,214.45,213.01,213.93,1269341,0
2026-05-06 09:20:00+05:30,213.93,214.09,213.3,213.66,430756,0
2026-05-06 09:25:00+05:30,213.7,214.14,213.6,213.6,315424,0
2026-05-06 09:30:00+05:30,213.6,213.95,213.53,213.75,247777,0
2026-05-06 09:35:00+05:30,213.79,213.97,213.7,213.76,170771,0
2026-05-06 09:40:00+05:30,213.76,213.76,213.36,213.48,325720,0
2026-05-06 09:45:00+05:30,213.48,213.66,213.44,213.64,154847,0
2026-05-06 09:50:00+05:30,213.64,213.78,213.4,213.6,154925,0
2026-05-06 09:55:00+05:30,213.6,213.79,213.45,213.75,120491,0
2026-05-06 10:00:00+05:30,213.75,213.76,213.5,213.5,70193,0
2026-05-06 10:05:00+05:30,213.54,213.56,213.11,213.26,185704,0
2026-05-06 10:10:00+05:30,213.3,213.61,213.3,213.6,141157,0
2026-05-06 10:15:00+05:30,213.6,213.68,213.42,213.62,128771,0
2026-05-06 10:20:00+05:30,213.62,213.67,213.5,213.5,36848,0
2026-05-06 10:25:00+05:30,213.58,213.58,213.35,213.46,196752,0
2026-05-06 10:30:00+05:30,213.46,213.65,213.3,213.5,101212,0
2026-05-06 10:35:00+05:30,213.5,213.5,213.27,213.35,65438,0
2026-05-06 10:40:00+05:30,213.35,213.38,213.0,213.3,148618,0
2026-05-06 10:45:00+05:30,213.28,213.33,213.07,213.15,214555,0
2026-05-06 10:50:00+05:30,213.15,213.26,213.0,213.01,136478,0
2026-05-06 10:55:00+05:30,213.05,213.21,213.0,213.17,96270,0
2026-05-06 11:00:00+05:30,213.18,213.39,213.02,213.02,152026,0
2026-05-06 11:05:00+05:30,213.06,213.11,212.9,212.9,140485,0
2026-05-06 11:10:00+05:30,212.96,212.96,212.53,212.7,200943,0
2026-05-06 11:15:00+05:30,212.7,212.93,212.69,212.69,280369,0
2026-05-06 11:20:00+05:30,212.7,212.84,212.43,212.43,137562,0
2026-05-06 11:25:00+05:30,212.48,212.97,212.42,212.85,165787,0
2026-05-06 11:30:00+05:30,212.9,212.92,212.76,212.87,51483,0
2026-05-06 11:35:00+05:30,212.92,212.92,212.5,212.77,179546,0
2026-05-06 11:40:00+05:30,212.83,212.91,212.58,212.58,163014,0
2026-05-06 11:45:00+05:30,212.64,212.89,212.6,212.86,263343,0
2026-05-06 11:50:00+05:30,212.86,213.94,212.8,213.84,1029493,0
2026-05-06 11:55:00+05:30,213.87,213.94,213.67,213.77,405915,0
2026-05-06 12:00:00+05:30,213.8,213.81,213.4,213.45,132083,0
2026-05-06 12:05:00+05:30,213.49,213.5,213.06,213.07,81727,0
2026-05-06 12:10:00+05:30,213.1,213.9,213.02,213.73,424898,0
2026-05-06 12:15:00+05:30,213.77,213.79,213.39,213.43,77750,0
2026-05-06 12:20:00+05:30,213.45,213.45,213.0,213.13,121663,0
2026-05-06 12:25:00+05:30,213.14,213.4,213.12,213.13,175629,0
2026-05-06 12:30:00+05:30,213.14,213.15,212.92,213.12,137737,0
2026-05-06 12:35:00+05:30,213.15,213.15,212.9,212.92,80330,0
2026-05-06 12:40:00+05:30,212.98,213.08,212.7,212.76,143928,0
2026-05-06 12:45:00+05:30,212.84,212.99,212.7,212.89,113919,0
2026-05-06 12:50:00+05:30,212.89,212.97,212.74,212.85,62088,0
2026-05-06 12:55:00+05:30,212.85,213.05,212.81,212.95,86478,0
2026-05-06 13:00:00+05:30,212.95,212.99,212.83,212.95,42379,0
2026-05-06 13:05:00+05:30,212.95,213.5,212.91,213.5,380266,0
2026-05-06 13:10:00+05:30,213.5,213.65,213.45,213.6,117065,0
2026-05-06 13:15:00+05:30,213.6,214.0,213.57,213.95,623103,0
2026-05-06 13:20:00+05:30,213.97,214.3,213.71,214.26,920457,0
2026-05-06 13:25:00+05:30,214.28,214.44,213.66,214.08,369706,0
2026-05-06 13:30:00+05:30,214.1,214.44,214.08,214.2,220017,0
2026-05-06 13:35:00+05:30,214.2,214.86,214.16,214.78,430030,0
2026-05-06 13:40:00+05:30,214.79,214.8,214.56,214.7,139156,0
2026-05-06 13:45:00+05:30,214.7,214.9,214.56,214.86,265604,0
2026-05-06 13:50:00+05:30,214.86,214.87,214.6,214.68,106950,0
2026-05-06 13:55:00+05:30,214.69,214.77,214.4,214.46,123354,0
2026-05-06 14:00:00+05:30,214.48,214.85,214.4,214.78,218402,0
2026-05-06 14:05:00+05:30,214.78,214.89,214.62,214.83,180860,0
2026-05-06 14:10:00+05:30,214.82,214.88,214.63,214.83,126777,0
2026-05-06 14:15:00+05:30,214.84,214.87,214.3,214.42,189416,0
2026-05-06 14:20:00+05:30,214.42,215.55,214.35,215.44,1008663,0
2026-05-06 14:25:00+05:30,215.5,216.18,215.49,216.07,853198,0
2026-05-06 14:30:00+05:30,216.08,216.35,215.85,216.05,453652,0
2026-05-06 14:35:00+05:30,216.1,216.46,215.76,215.98,694636,0
2026-05-06 14:40:00+05:30,215.98,216.28,215.8,216.13,409803,0
2026-05-06 14:45:00+05:30,216.14,216.54,215.98,216.43,628265,0
2026-05-06 14:50:00+05:30,216.43,216.73,216.22,216.27,595966,0
2026-05-06 14:55:00+05:30,216.3,216.4,216.05,216.12,449339,0
2026-05-06 15:00:00+05:30,216.18,216.18,215.8,215.94,620501,0
2026-05-06 15:05:00+05:30,215.93,216.1,215.6,215.65,785131,0
2026-05-06 15:10:00+05:30,215.69,215.78,215.41,215.44,860820,0
2026-05-06 15:15:00+05:30,215.42,215.46,215.06,215.34,845737,0
2026-05-06 15:20:00+05:30,215.34,215.52,215.06,215.39,880883,0
2026-05-06 15:25:00+05:30,215.39,215.43,214.8,215.23,1012832,0
2026-05-07 09:15:00+05:30,216.7,217.0,215.75,216.13,852999,0
2026-05-07 09:20:00+05:30,216.11,217.13,216.0,216.48,561340,0
2026-05-07 09:25:00+05:30,216.46,216.7,216.2,216.37,307908,0
2026-05-07 09:30:00+05:30,216.38,217.48,216.3,217.32,484034,0
2026-05-07 09:35:00+05:30,217.38,217.6,217.0,217.4,531355,0
2026-05-07 09:40:00+05:30,217.4,218.89,217.21,218.58,1164754,0
2026-05-07 09:45:00+05:30,218.61,219.2,218.21,218.21,1009162,0
2026-05-07 09:50:00+05:30,218.23,219.08,218.02,218.56,631182,0
2026-05-07 09:55:00+05:30,218.56,218.7,218.25,218.32,241064,0
2026-05-07 10:00:00+05:30,218.37,218.47,218.1,218.4,218825,0
2026-05-07 10:05:00+05:30,218.42,218.45,217.8,217.95,393274,0
2026-05-07 10:10:00+05:30,217.96,218.15,217.6,217.72,264766,0
2026-05-07 10:15:00+05:30,217.73,217.85,217.2,217.42,377050,0
2026-05-07 10:20:00+05:30,217.42,217.49,216.68,216.84,471417,0
2026-05-07 10:25:00+05:30,216.79,217.36,216.71,216.98,354136,0
2026-05-07 10:30:00+05:30,216.98,217.58,216.95,217.36,256882,0
2026-05-07 10:35:00+05:30,217.37,217.55,217.34,217.36,93613,0
2026-05-07 10:40:00+05:30,217.33,217.45,217.04,217.36,136782,0
2026-05-07 10:45:00+05:30,217.36,217.81,217.25,217.5,199919,0
2026-05-07 10:50:00+05:30,217.49,217.5,217.13,217.26,95176,0
2026-05-07 10:55:00+05:30,217.26,217.45,217.12,217.19,68607,0
2026-05-07 11:00:00+05:30,217.2,217.39,217.01,217.29,124131,0
2026-05-07 11:05:00+05:30,217.3,217.45,217.08,217.24,139984,0
2026-05-07 11:10:00+05:30,217.28,217.35,216.9,217.35,165827,0
2026-05-07 11:15:00+05:30,217.33,217.6,217.07,217.22,177208,0
2026-05-07 11:20:00+05:30,217.31,217.4,217.0,217.21,65493,0
2026-05-07 11:25:00+05:30,217.21,217.27,216.94,217.19,224119,0
2026-05-07 11:30:00+05:30,217.19,217.67,217.19,217.39,171987,0
2026-05-07 11:35:00+05:30,217.38,217.42,216.65,216.76,202427,0
2026-05-07 11:40:00+05:30,216.72,216.86,216.63,216.68,98959,0
2026-05-07 11:45:00+05:30,216.7,217.1,216.49,217.06,510584,0
2026-05-07 11:50:00+05:30,217.06,217.52,217.06,217.4,140477,0
2026-05-07 11:55:00+05:30,217.4,217.75,217.32,217.57,294116,0
2026-05-07 12:00:00+05:30,217.59,217.9,217.39,217.66,274105,0
2026-05-07 12:05:00+05:30,217.7,217.7,217.42,217.54,78692,0
2026-05-07 12:10:00+05:30,217.54,217.82,217.51,217.71,130719,0
2026-05-07 12:15:00+05:30,217.72,217.85,217.45,217.46,138345,0
2026-05-07 12:20:00+05:30,217.46,217.78,217.37,217.5,161217,0
2026-05-07 12:25:00+05:30,217.43,217.6,217.36,217.36,78518,0
2026-05-07 12:30:00+05:30,217.36,217.44,217.1,217.19,118874,0
2026-05-07 12:35:00+05:30,217.28,218.1,217.2,218.06,352680,0
2026-05-07 12:40:00+05:30,218.05,218.32,217.97,218.03,416285,0
2026-05-07 12:45:00+05:30,218.11,218.2,217.79,218.05,168553,0
2026-05-07 12:50:00+05:30,218.05,218.1,217.56,217.67,113641,0
2026-05-07 12:55:00+05:30,217.67,217.9,217.5,217.59,129305,0
2026-05-07 13:00:00+05:30,217.62,218.0,217.32,217.44,129309,0
2026-05-07 13:05:00+05:30,217.37,217.63,217.3,217.45,86140,0
2026-05-07 13:10:00+05:30,217.45,217.45,216.84,217.2,173783,0
2026-05-07 13:15:00+05:30,217.18,217.3,216.31,216.68,243317,0
2026-05-07 13:20:00+05:30,216.73,216.95,216.56,216.71,147921,0
2026-05-07 13:25:00+05:30,216.78,217.0,216.65,216.83,84906,0
2026-05-07 13:30:00+05:30,216.83,217.15,216.79,217.07,87960,0
2026-05-07 13:35:00+05:30,217.08,217.12,216.75,217.02,387567,0
2026-05-07 13:40:00+05:30,217.08,217.39,217.0,217.18,149431,0
2026-05-07 13:45:00+05:30,217.18,217.36,217.1,217.24,136403,0
2026-05-07 13:50:00+05:30,217.23,217.32,217.1,217.2,64444,0
2026-05-07 13:55:00+05:30,217.21,217.3,217.01,217.3,130394,0
2026-05-07 14:00:00+05:30,217.3,217.43,217.05,217.16,274898,0
2026-05-07 14:05:00+05:30,217.15,217.3,216.95,217.3,232815,0
2026-05-07 14:10:00+05:30,217.3,217.5,217.2,217.39,140506,0
2026-05-07 14:15:00+05:30,217.36,217.6,217.2,217.36,295502,0
2026-05-07 14:20:00+05:30,217.36,217.7,217.32,217.68,211399,0
2026-05-07 14:25:00+05:30,217.68,217.68,217.4,217.6,102891,0
2026-05-07 14:30:00+05:30,217.6,217.6,217.2,217.38,535337,0
2026-05-07 14:35:00+05:30,217.38,217.47,217.08,217.21,117057,0
2026-05-07 14:40:00+05:30,217.2,217.35,217.15,217.24,111741,0
2026-05-07 14:45:00+05:30,217.3,217.35,216.8,216.94,332532,0
2026-05-07 14:50:00+05:30,216.94,217.17,216.86,217.05,164390,0
2026-05-07 14:55:00+05:30,216.99,217.19,216.85,217.04,192763,0
2026-05-07 15:00:00+05:30,217.04,217.49,216.98,217.11,724355,0
2026-05-07 15:05:00+05:30,217.1,217.2,216.83,217.04,504180,0
2026-05-07 15:10:00+05:30,217.02,217.09,216.81,216.96,605225,0
2026-05-07 15:15:00+05:30,216.96,217.12,216.8,217.07,572119,0
2026-05-07 15:20:00+05:30,217.07,217.35,217.03,217.31,604844,0
2026-05-07 15:25:00+05:30,217.31,217.5,217.0,217.1,505137,0
2026-05-08 09:15:00+05:30,217.0,217.0,215.0,215.8,1720632,0
2026-05-08 09:20:00+05:30,215.8,216.11,215.0,215.18,774369,0
2026-05-08 09:25:00+05:30,215.11,215.86,215.0,215.8,275607,0
2026-05-08 09:30:00+05:30,215.83,215.83,215.2,215.67,487415,0
2026-05-08 09:35:00+05:30,215.63,215.73,215.31,215.63,385518,0
2026-05-08 09:40:00+05:30,215.63,215.63,215.09,215.12,418821,0
2026-05-08 09:45:00+05:30,215.12,215.38,214.7,215.27,1139120,0
2026-05-08 09:50:00+05:30,215.39,215.4,214.86,215.23,173615,0
2026-05-08 09:55:00+05:30,215.23,215.56,215.08,215.34,132792,0
2026-05-08 10:00:00+05:30,215.44,215.72,215.31,215.46,152425,0
2026-05-08 10:05:00+05:30,215.46,215.65,215.35,215.4,121510,0
2026-05-08 10:10:00+05:30,215.41,215.41,215.02,215.35,132334,0
2026-05-08 10:15:00+05:30,215.35,215.35,214.8,215.06,275755,0
2026-05-08 10:20:00+05:30,215.1,215.65,214.95,215.64,321230,0
2026-05-08 10:25:00+05:30,215.64,215.69,215.5,215.62,120463,0
2026-05-08 10:30:00+05:30,215.62,215.95,215.61,215.93,171178,0
2026-05-08 10:35:00+05:30,215.93,215.96,215.84,215.94,71157,0
2026-05-08 10:40:00+05:30,215.94,216.59,215.91,216.38,336477,0
2026-05-08 10:45:00+05:30,216.41,216.7,216.31,216.4,208020,0
2026-05-08 10:50:00+05:30,216.4,216.44,216.0,216.03,125303,0
2026-05-08 10:55:00+05:30,216.03,216.2,215.95,216.0,116922,0
2026-05-08 11:00:00+05:30,216.0,216.3,215.9,216.21,73195,0
2026-05-08 11:05:00+05:30,216.26,216.65,216.21,216.38,422388,0
2026-05-08 11:10:00+05:30,216.36,216.49,216.3,216.39,47604,0
2026-05-08 11:15:00+05:30,216.41,216.5,216.0,216.02,120965,0
2026-05-08 11:20:00+05:30,216.03,216.2,216.0,216.1,55193,0
2026-05-08 11:25:00+05:30,216.1,216.2,215.99,216.11,114107,0
2026-05-08 11:30:00+05:30,216.14,216.5,216.01,216.43,66266,0
2026-05-08 11:35:00+05:30,216.45,216.69,216.3,216.44,337615,0
2026-05-08 11:40:00+05:30,216.49,216.98,216.44,216.73,477064,0
2026-05-08 11:45:00+05:30,216.74,217.4,216.66,217.15,377096,0
2026-05-08 11:50:00+05:30,217.22,217.24,216.91,216.97,106707,0
2026-05-08 11:55:00+05:30,216.97,217.0,216.5,216.85,116957,0
2026-05-08 12:00:00+05:30,216.85,216.97,216.5,216.97,102510,0
2026-05-08 12:05:00+05:30,216.98,217.13,216.63,216.8,103170,0
2026-05-08 12:10:00+05:30,216.8,216.96,216.7,216.79,65110,0
2026-05-08 12:15:00+05:30,216.79,216.94,216.5,216.6,136647,0
2026-05-08 12:20:00+05:30,216.6,216.89,216.51,216.64,103697,0
2026-05-08 12:25:00+05:30,216.64,216.95,216.64,216.83,68949,0
2026-05-08 12:30:00+05:30,216.83,216.83,215.9,215.97,364002,0
2026-05-08 12:35:00+05:30,215.97,216.1,215.7,215.71,257768,0
2026-05-08 12:40:00+05:30,215.71,215.89,215.7,215.76,158984,0
2026-05-08 12:45:00+05:30,215.78,215.8,215.46,215.77,188818,0
2026-05-08 12:50:00+05:30,215.77,215.8,215.14,215.29,275063,0
2026-05-08 12:55:00+05:30,215.29,215.66,215.2,215.61,130050,0
2026-05-08 13:00:00+05:30,215.61,215.76,215.48,215.6,100191,0
2026-05-08 13:05:00+05:30,215.6,215.7,215.11,215.4,170806,0
2026-05-08 13:10:00+05:30,215.5,215.75,215.4,215.63,75673,0
2026-05-08 13:15:00+05:30,215.63,215.7,215.47,215.58,67561,0
2026-05-08 13:20:00+05:30,215.58,215.69,215.5,215.52,77258,0
2026-05-08 13:25:00+05:30,215.56,215.99,215.52,215.98,68815,0
2026-05-08 13:30:00+05:30,215.99,216.0,215.1,215.15,147077,0
2026-05-08 13:35:00+05:30,215.15,215.37,214.79,214.94,341125,0
2026-05-08 13:40:00+05:30,214.9,215.16,214.9,215.1,90709,0
2026-05-08 13:45:00+05:30,215.1,215.12,214.83,214.9,78532,0
2026-05-08 13:50:00+05:30,214.89,215.2,214.84,214.98,103287,0
2026-05-08 13:55:00+05:30,214.97,215.05,214.25,214.52,283806,0
2026-05-08 14:00:00+05:30,214.52,214.84,214.43,214.7,100931,0
2026-05-08 14:05:00+05:30,214.7,214.86,214.54,214.7,126596,0
2026-05-08 14:10:00+05:30,214.7,214.83,214.45,214.52,75135,0
2026-05-08 14:15:00+05:30,214.52,214.86,214.49,214.56,96647,0
2026-05-08 14:20:00+05:30,214.56,214.72,214.4,214.62,69296,0
2026-05-08 14:25:00+05:30,214.64,215.12,214.6,215.01,367335,0
2026-05-08 14:30:00+05:30,215.0,215.4,214.91,215.21,136499,0
2026-05-08 14:35:00+05:30,215.21,215.45,215.11,215.45,141073,0
2026-05-08 14:40:00+05:30,215.45,215.5,215.2,215.38,110821,0
2026-05-08 14:45:00+05:30,215.38,215.4,215.24,215.31,115889,0
2026-05-08 14:50:00+05:30,215.34,215.41,215.21,215.34,191398,0
2026-05-08 14:55:00+05:30,215.35,215.35,214.95,215.19,163830,0
2026-05-08 15:00:00+05:30,215.09,215.15,214.54,214.64,341687,0
2026-05-08 15:05:00+05:30,214.64,214.7,214.29,214.31,369810,0
2026-05-08 15:10:00+05:30,214.31,214.47,214.25,214.4,302893,0
2026-05-08 15:15:00+05:30,214.46,214.67,214.3,214.61,619396,0
2026-05-08 15:20:00+05:30,214.59,214.68,214.26,214.46,540998,0
2026-05-08 15:25:00+05:30,214.47,214.6,214.33,214.6,350376,0
2026-05-11 09:15:00+05:30,213.5,215.0,211.52,214.45,1120724,0
2026-05-11 09:20:00+05:30,214.44,214.45,213.61,214.0,634762,0
2026-05-11 09:25:00+05:30,214.0,214.23,213.65,214.23,191284,0
2026-05-11 09:30:00+05:30,214.23,214.62,213.92,214.11,448765,0
2026-05-11 09:35:00+05:30,214.18,214.24,213.28,213.41,488732,0
2026-05-11 09:40:00+05:30,213.41,213.6,213.06,213.4,402100,0
2026-05-11 09:45:00+05:30,213.4,213.51,213.02,213.5,244750,0
2026-05-11 09:50:00+05:30,213.49,214.23,213.44,214.05,176326,0
2026-05-11 09:55:00+05:30,214.05,214.14,213.7,213.89,132098,0
2026-05-11 10:00:00+05:30,213.88,214.04,213.64,213.89,136519,0
2026-05-11 10:05:00+05:30,213.89,213.9,213.5,213.68,99000,0
2026-05-11 10:10:00+05:30,213.68,213.85,213.33,213.47,222339,0
2026-05-11 10:15:00+05:30,213.47,213.59,212.62,212.88,544212,0
2026-05-11 10:20:00+05:30,212.87,213.45,212.71,213.38,276331,0
2026-05-11 10:25:00+05:30,213.38,213.38,212.81,212.99,238848,0
2026-05-11 10:30:00+05:30,212.99,213.04,212.65,212.77,138967,0
2026-05-11 10:35:00+05:30,212.77,212.94,212.6,212.86,185618,0
2026-05-11 10:40:00+05:30,212.85,213.15,212.8,213.15,104406,0
2026-05-11 10:45:00+05:30,213.16,213.3,212.86,213.24,224096,0
2026-05-11 10:50:00+05:30,213.25,213.8,213.2,213.71,173292,0
2026-05-11 10:55:00+05:30,213.75,214.15,213.56,213.88,228701,0
2026-05-11 11:00:00+05:30,213.89,213.95,213.63,213.93,105266,0
2026-05-11 11:05:00+05:30,213.91,213.99,213.89,213.97,79759,0
2026-05-11 11:10:00+05:30,213.97,214.0,213.64,213.9,196893,0
2026-05-11 11:15:00+05:30,213.9,213.95,213.58,213.69,170748,0
2026-05-11 11:20:00+05:30,213.67,213.88,213.55,213.79,118661,0
2026-05-11 11:25:00+05:30,213.79,213.88,213.3,213.64,187020,0
2026-05-11 11:30:00+05:30,213.59,213.99,213.47,213.52,275143,0
2026-05-11 11:35:00+05:30,213.58,213.58,213.21,213.4,122048,0
2026-05-11 11:40:00+05:30,213.4,213.91,213.38,213.88,125565,0
2026-05-11 11:45:00+05:30,213.88,213.88,213.21,213.22,324728,0
2026-05-11 11:50:00+05:30,213.29,213.37,213.07,213.25,127119,0
2026-05-11 11:55:00+05:30,213.25,213.27,213.01,213.27,125565,0
2026-05-11 12:00:00+05:30,213.27,213.45,213.04,213.09,106064,0
2026-05-11 12:05:00+05:30,213.06,213.2,212.96,213.15,193837,0
2026-05-11 12:10:00+05:30,213.15,213.5,213.1,213.25,117436,0
2026-05-11 12:15:00+05:30,213.25,213.3,212.94,213.02,141172,0
2026-05-11 12:20:00+05:30,213.07,213.24,212.8,213.21,176139,0
2026-05-11 12:25:00+05:30,213.25,213.26,213.12,213.26,65086,0
2026-05-11 12:30:00+05:30,213.27,213.31,213.01,213.2,109391,0
2026-05-11 12:35:00+05:30,213.2,213.37,212.84,213.11,135422,0
2026-05-11 12:40:00+05:30,213.11,213.6,213.07,213.45,109598,0
2026-05-11 12:45:00+05:30,213.46,213.48,213.1,213.25,59265,0
2026-05-11 12:50:00+05:30,213.25,213.33,213.13,213.3,56674,0
2026-05-11 12:55:00+05:30,213.31,213.32,213.19,213.26,56651,0
2026-05-11 13:00:00+05:30,213.24,213.3,213.09,213.15,73729,0
2026-05-11 13:05:00+05:30,213.11,213.25,212.81,213.25,183717,0
2026-05-11 13:10:00+05:30,213.21,213.29,213.05,213.28,64811,0
2026-05-11 13:15:00+05:30,213.24,213.29,212.92,213.0,68499,0
2026-05-11 13:20:00+05:30,213.0,213.18,213.0,213.11,46904,0
2026-05-11 13:25:00+05:30,213.11,213.14,212.98,213.09,90162,0
2026-05-11 13:30:00+05:30,213.1,213.23,213.06,213.2,46734,0
2026-05-11 13:35:00+05:30,213.2,213.75,213.0,213.1,310633,0
2026-05-11 13:40:00+05:30,213.1,213.34,212.91,213.24,94108,0
2026-05-11 13:45:00+05:30,213.24,213.74,213.21,213.56,118422,0
2026-05-11 13:50:00+05:30,213.53,213.59,213.4,213.48,92753,0
2026-05-11 13:55:00+05:30,213.5,213.5,213.19,213.3,97879,0
2026-05-11 14:00:00+05:30,213.29,213.4,213.12,213.32,51818,0
2026-05-11 14:05:00+05:30,213.33,213.44,213.29,213.33,80078,0
2026-05-11 14:10:00+05:30,213.35,213.44,213.12,213.2,77241,0
2026-05-11 14:15:00+05:30,213.2,213.3,213.01,213.06,96005,0
2026-05-11 14:20:00+05:30,213.1,213.18,213.0,213.03,51645,0
2026-05-11 14:25:00+05:30,213.05,213.49,212.97,213.17,286527,0
2026-05-11 14:30:00+05:30,213.17,213.45,213.01,213.36,351446,0
2026-05-11 14:35:00+05:30,213.39,213.45,213.15,213.23,146192,0
2026-05-11 14:40:00+05:30,213.23,213.25,213.02,213.21,242185,0
2026-05-11 14:45:00+05:30,213.2,213.24,212.81,212.92,417419,0
2026-05-11 14:50:00+05:30,212.91,213.18,212.91,213.01,233978,0
2026-05-11 14:55:00+05:30,213.01,213.03,212.64,212.66,414900,0
2026-05-11 15:00:00+05:30,212.7,212.73,211.8,212.02,626345,0
2026-05-11 15:05:00+05:30,212.09,212.28,211.95,212.17,357635,0
2026-05-11 15:10:00+05:30,212.18,212.25,211.87,212.08,397125,0
2026-05-11 15:15:00+05:30,212.08,212.3,211.94,212.02,607495,0
2026-05-11 15:20:00+05:30,212.02,212.15,211.7,211.86,476184,0
2026-05-11 15:25:00+05:30,211.85,212.3,211.81,212.0,396324,0
2026-05-12 09:15:00+05:30,212.0,213.38,211.73,213.25,741226,0
2026-05-12 09:20:00+05:30,213.25,213.26,212.5,212.67,464595,0
2026-05-12 09:25:00+05:30,212.72,213.1,212.21,212.25,453378,0
2026-05-12 09:30:00+05:30,212.21,212.89,211.9,212.75,468697,0
2026-05-12 09:35:00+05:30,212.75,213.24,212.61,213.0,469262,0
2026-05-12 09:40:00+05:30,213.0,213.25,212.75,213.2,396792,0
2026-05-12 09:45:00+05:30,213.2,214.15,213.16,213.6,740811,0
2026-05-12 09:50:00+05:30,213.6,213.6,213.2,213.26,389983,0
2026-05-12 09:55:00+05:30,213.3,213.3,212.58,212.94,489634,0
2026-05-12 10:00:00+05:30,212.94,213.1,212.7,212.93,226687,0
2026-05-12 10:05:00+05:30,213.0,213.0,212.81,212.96,153270,0
2026-05-12 10:10:00+05:30,212.96,213.35,212.84,213.17,232348,0
2026-05-12 10:15:00+05:30,213.17,213.86,213.15,213.71,277552,0
2026-05-12 10:20:00+05:30,213.74,214.0,213.31,213.7,735029,0
2026-05-12 10:25:00+05:30,213.74,213.8,213.28,213.53,247601,0
2026-05-12 10:30:00+05:30,213.54,213.54,213.15,213.3,796272,0
2026-05-12 10:35:00+05:30,213.3,213.9,213.28,213.85,262610,0
2026-05-12 10:40:00+05:30,213.89,216.1,213.85,216.02,1409435,0
2026-05-12 10:45:00+05:30,216.02,216.1,215.5,215.53,505975,0
2026-05-12 10:50:00+05:30,215.56,215.8,215.2,215.75,306839,0
2026-05-12 10:55:00+05:30,215.75,216.33,215.6,216.13,612926,0
2026-05-12 11:00:00+05:30,216.13,216.18,215.0,215.38,932901,0
2026-05-12 11:05:00+05:30,215.4,215.75,215.33,215.55,156556,0
2026-05-12 11:10:00+05:30,215.61,215.68,215.15,215.3,174634,0
2026-05-12 11:15:00+05:30,215.3,215.5,215.0,215.48,240827,0
2026-05-12 11:20:00+05:30,215.49,215.5,214.75,214.86,413466,0
2026-05-12 11:25:00+05:30,214.86,215.01,214.75,214.89,191699,0
2026-05-12 11:30:00+05:30,214.89,214.9,214.5,214.63,328789,0
2026-05-12 11:35:00+05:30,214.72,214.73,214.3,214.54,294168,0
2026-05-12 11:40:00+05:30,214.55,214.72,214.41,214.57,174789,0
2026-05-12 11:45:00+05:30,214.57,214.63,213.58,213.62,688291,0
2026-05-12 11:50:00+05:30,213.62,213.7,213.36,213.53,313362,0
2026-05-12 11:55:00+05:30,213.55,213.7,213.08,213.2,315892,0
2026-05-12 12:00:00+05:30,213.21,213.21,212.72,212.87,430734,0
2026-05-12 12:05:00+05:30,212.87,212.95,212.56,212.79,348667,0
2026-05-12 12:10:00+05:30,212.87,212.9,212.6,212.67,280886,0
2026-05-12 12:15:00+05:30,212.67,213.0,212.57,213.0,243675,0
2026-05-12 12:20:00+05:30,213.0,213.0,212.55,212.68,174959,0
2026-05-12 12:25:00+05:30,212.68,212.68,212.26,212.38,234445,0
2026-05-12 12:30:00+05:30,212.38,212.38,211.84,211.96,349736,0
2026-05-12 12:35:00+05:30,211.96,212.22,211.7,212.09,230318,0
2026-05-12 12:40:00+05:30,212.09,212.4,211.95,212.36,184252,0
2026-05-12 12:45:00+05:30,212.38,212.96,212.35,212.8,312066,0
2026-05-12 12:50:00+05:30,212.8,212.99,212.67,212.76,134117,0
2026-05-12 12:55:00+05:30,212.77,213.04,212.77,212.89,227500,0
2026-05-12 13:00:00+05:30,212.89,213.02,212.84,213.0,136790,0
2026-05-12 13:05:00+05:30,212.99,213.02,212.6,212.65,136535,0
2026-05-12 13:10:00+05:30,212.67,213.0,212.64,212.98,196796,0
2026-05-12 13:15:00+05:30,212.98,213.2,212.83,213.18,205836,0
2026-05-12 13:20:00+05:30,213.2,213.2,212.96,213.05,124612,0
2026-05-12 13:25:00+05:30,213.08,213.15,212.84,212.95,133134,0
2026-05-12 13:30:00+05:30,213.0,213.2,212.85,212.85,201689,0
2026-05-12 13:35:00+05:30,212.91,213.08,212.52,212.6,187500,0
2026-05-12 13:40:00+05:30,212.6,212.74,212.27,212.42,223803,0
2026-05-12 13:45:00+05:30,212.44,212.62,212.31,212.54,148361,0
2026-05-12 13:50:00+05:30,212.54,212.62,212.0,212.0,249565,0
2026-05-12 13:55:00+05:30,212.01,212.42,212.0,212.29,172254,0
2026-05-12 14:00:00+05:30,212.29,212.38,212.0,212.01,192382,0
2026-05-12 14:05:00+05:30,212.03,212.33,212.0,212.05,175337,0
2026-05-12 14:10:00+05:30,212.11,212.14,211.5,211.77,374384,0
2026-05-12 14:15:00+05:30,211.79,212.25,211.79,212.1,196836,0
2026-05-12 14:20:00+05:30,212.1,212.69,212.03,212.56,194532,0
2026-05-12 14:25:00+05:30,212.56,212.67,212.16,212.43,119748,0
2026-05-12 14:30:00+05:30,212.43,212.5,211.89,211.9,318942,0
2026-05-12 14:35:00+05:30,211.92,212.49,211.85,212.26,352403,0
2026-05-12 14:40:00+05:30,212.3,212.6,212.18,212.38,275643,0
2026-05-12 14:45:00+05:30,212.38,212.58,212.09,212.14,837434,0
2026-05-12 14:50:00+05:30,212.15,212.89,211.87,212.04,740532,0
2026-05-12 14:55:00+05:30,212.06,212.29,211.88,212.24,326743,0
2026-05-12 15:00:00+05:30,212.23,212.29,211.72,211.81,732565,0
2026-05-12 15:05:00+05:30,211.8,211.97,211.59,211.96,616583,0
2026-05-12 15:10:00+05:30,211.96,212.04,211.8,211.92,708703,0
2026-05-12 15:15:00+05:30,211.89,212.35,211.8,212.3,905258,0
2026-05-12 15:20:00+05:30,212.3,212.35,211.81,212.1,829418,0
2026-05-12 15:25:00+05:30,212.1,212.15,211.64,211.7,594623,0
2026-05-13 09:15:00+05:30,213.24,215.5,213.07,214.65,1238541,0
2026-05-13 09:20:00+05:30,214.65,215.9,214.56,215.41,902740,0
2026-05-13 09:25:00+05:30,215.43,215.45,214.45,214.46,731435,0
2026-05-13 09:30:00+05:30,214.51,215.2,214.45,214.74,500597,0
2026-05-13 09:35:00+05:30,214.79,214.82,213.7,214.15,693527,0
2026-05-13 09:40:00+05:30,214.15,214.39,213.55,213.81,555985,0
2026-05-13 09:45:00+05:30,213.83,214.5,213.81,214.49,243674,0
2026-05-13 09:50:00+05:30,214.5,215.6,214.49,215.3,662689,0
2026-05-13 09:55:00+05:30,215.27,215.54,214.7,214.96,273123,0
2026-05-13 10:00:00+05:30,214.91,215.5,214.82,215.35,267275,0
2026-05-13 10:05:00+05:30,215.4,215.55,215.12,215.44,240812,0
2026-05-13 10:10:00+05:30,215.5,215.7,215.1,215.53,335298,0
2026-05-13 10:15:00+05:30,215.6,216.2,215.52,216.02,568841,0
2026-05-13 10:20:00+05:30,216.02,216.79,215.95,216.76,1188667,0
2026-05-13 10:25:00+05:30,216.78,217.8,216.61,217.55,1444687,0
2026-05-13 10:30:00+05:30,217.53,218.0,217.4,217.87,674202,0
2026-05-13 10:35:00+05:30,217.87,218.0,217.5,217.51,597947,0
2026-05-13 10:40:00+05:30,217.6,218.25,217.43,218.1,750564,0
2026-05-13 10:45:00+05:30,218.1,218.19,217.46,217.5,369972,0
2026-05-13 10:50:00+05:30,217.59,218.34,217.5,217.98,773784,0
2026-05-13 10:55:00+05:30,217.98,218.0,216.8,216.83,378446,0
2026-05-13 11:00:00+05:30,216.8,217.45,216.74,217.3,254746,0
2026-05-13 11:05:00+05:30,217.34,217.72,217.15,217.5,681927,0
2026-05-13 11:10:00+05:30,217.5,217.51,216.29,216.47,1021400,0
2026-05-13 11:15:00+05:30,216.47,216.79,216.31,216.5,376302,0
2026-05-13 11:20:00+05:30,216.5,216.9,216.32,216.77,201540,0
2026-05-13 11:25:00+05:30,216.8,216.8,216.3,216.32,202761,0
2026-05-13 11:30:00+05:30,216.32,216.57,216.0,216.35,291318,0
2026-05-13 11:35:00+05:30,216.38,216.42,216.0,216.37,170853,0
2026-05-13 11:40:00+05:30,216.43,217.0,216.0,216.13,634738,0
2026-05-13 11:45:00+05:30,216.13,216.7,215.86,216.35,529835,0
2026-05-13 11:50:00+05:30,216.38,216.89,216.35,216.68,270941,0
2026-05-13 11:55:00+05:30,216.68,216.79,216.31,216.31,259427,0
2026-05-13 12:00:00+05:30,216.36,217.39,216.31,217.23,284170,0
2026-05-13 12:05:00+05:30,217.3,217.44,216.82,216.89,251685,0
2026-05-13 12:10:00+05:30,216.89,217.0,216.55,216.8,180530,0
2026-05-13 12:15:00+05:30,216.81,216.93,216.29,216.79,287947,0
2026-05-13 12:20:00+05:30,216.83,216.83,216.33,216.35,255339,0
2026-05-13 12:25:00+05:30,216.45,216.65,216.33,216.62,112045,0
2026-05-13 12:30:00+05:30,216.62,217.19,216.61,216.84,228513,0
2026-05-13 12:35:00+05:30,216.84,216.9,216.46,216.58,152207,0
2026-05-13 12:40:00+05:30,216.58,216.77,216.35,216.71,203643,0
2026-05-13 12:45:00+05:30,216.76,217.25,216.68,217.2,187952,0
2026-05-13 12:50:00+05:30,217.19,217.75,217.16,217.44,1077627,0
2026-05-13 12:55:00+05:30,217.48,217.84,217.26,217.84,751013,0
2026-05-13 13:00:00+05:30,217.85,218.0,217.58,217.68,344021,0
2026-05-13 13:05:00+05:30,217.68,218.0,217.58,217.66,189844,0
2026-05-13 13:10:00+05:30,217.66,218.2,217.66,218.2,701458,0
2026-05-13 13:15:00+05:30,218.2,218.2,217.48,217.6,225892,0
2026-05-13 13:20:00+05:30,217.6,217.72,217.22,217.3,270559,0
2026-05-13 13:25:00+05:30,217.3,217.45,216.99,217.25,321930,0
2026-05-13 13:30:00+05:30,217.27,217.65,217.25,217.55,145874,0
2026-05-13 13:35:00+05:30,217.59,217.65,217.33,217.5,97345,0
2026-05-13 13:40:00+05:30,217.5,217.74,217.2,217.3,160204,0
2026-05-13 13:45:00+05:30,217.3,217.5,217.2,217.37,129104,0
2026-05-13 13:50:00+05:30,217.39,217.5,217.26,217.37,214098,0
2026-05-13 13:55:00+05:30,217.38,217.55,217.1,217.45,485816,0
2026-05-13 14:00:00+05:30,217.45,217.64,216.97,217.4,800954,0
2026-05-13 14:05:00+05:30,217.4,217.51,217.3,217.5,283091,0
2026-05-13 14:10:00+05:30,217.5,217.75,217.41,217.67,357374,0
2026-05-13 14:15:00+05:30,217.68,217.75,217.38,217.55,271535,0
2026-05-13 14:20:00+05:30,217.57,218.7,217.31,218.63,995969,0
2026-05-13 14:25:00+05:30,218.6,219.0,218.37,218.61,947088,0
2026-05-13 14:30:00+05:30,218.61,220.19,218.56,219.95,3594442,0
2026-05-13 14:35:00+05:30,219.95,220.86,219.34,220.77,1402068,0
2026-05-13 14:40:00+05:30,220.8,220.91,220.01,220.11,956056,0
2026-05-13 14:45:00+05:30,220.1,220.5,219.88,220.38,883578,0
2026-05-13 14:50:00+05:30,220.35,220.62,220.01,220.39,927908,0
2026-05-13 14:55:00+05:30,220.4,220.67,219.9,220.05,882806,0
2026-05-13 15:00:00+05:30,220.05,220.06,219.02,219.48,1380557,0
2026-05-13 15:05:00+05:30,219.41,220.0,219.15,219.96,1267482,0
2026-05-13 15:10:00+05:30,219.96,220.18,219.66,219.94,1007921,0
2026-05-13 15:15:00+05:30,219.91,220.08,219.61,219.83,1263789,0
2026-05-13 15:20:00+05:30,219.83,220.0,219.52,219.95,1531025,0
2026-05-13 15:25:00+05:30,219.95,220.17,218.7,219.9,1925753,0
2026-05-14 09:15:00+05:30,222.3,222.3,219.02,220.27,3593277,0
2026-05-14 09:20:00+05:30,220.27,221.99,220.15,221.44,1680815,0
2026-05-14 09:25:00+05:30,221.39,222.1,221.05,221.83,1100351,0
2026-05-14 09:30:00+05:30,221.85,222.0,221.56,221.69,494813,0
2026-05-14 09:35:00+05:30,221.69,222.9,221.55,222.3,1077924,0
2026-05-14 09:40:00+05:30,222.29,222.59,221.81,222.17,865266,0
2026-05-14 09:45:00+05:30,222.17,222.87,221.71,222.1,1123880,0
2026-05-14 09:50:00+05:30,222.1,222.1,221.2,221.21,920616,0
2026-05-14 09:55:00+05:30,221.28,221.7,220.86,221.3,657861,0
2026-05-14 10:00:00+05:30,221.3,221.33,220.8,220.8,485681,0
2026-05-14 10:05:00+05:30,220.87,221.1,220.6,220.98,453450,0
2026-05-14 10:10:00+05:30,220.98,221.38,220.86,221.13,284400,0
2026-05-14 10:15:00+05:30,221.18,221.4,220.83,221.39,427422,0
2026-05-14 10:20:00+05:30,221.39,221.4,220.8,221.28,286515,0
2026-05-14 10:25:00+05:30,221.29,221.4,221.1,221.15,287397,0
2026-05-14 10:30:00+05:30,221.15,221.6,220.99,221.51,484343,0
2026-05-14 10:35:00+05:30,221.55,222.17,221.52,222.14,431066,0
2026-05-14 10:40:00+05:30,222.1,222.2,221.32,221.48,329546,0
2026-05-14 10:45:00+05:30,221.48,221.58,220.4,220.5,604755,0
2026-05-14 10:50:00+05:30,220.49,221.09,220.36,220.97,263399,0
2026-05-14 10:55:00+05:30,220.99,221.0,220.25,220.52,315047,0
2026-05-14 11:00:00+05:30,220.58,220.64,220.25,220.25,257410,0
2026-05-14 11:05:00+05:30,220.28,220.28,219.6,219.75,612335,0
2026-05-14 11:10:00+05:30,219.78,220.29,219.5,220.29,396505,0
2026-05-14 11:15:00+05:30,220.27,220.68,220.24,220.53,238688,0
2026-05-14 11:20:00+05:30,220.54,220.77,220.45,220.71,182805,0
2026-05-14 11:25:00+05:30,220.71,221.1,220.65,220.95,299747,0
2026-05-14 11:30:00+05:30,220.99,221.4,220.95,221.38,236390,0
2026-05-14 11:35:00+05:30,221.36,221.57,221.07,221.5,272812,0
2026-05-14 11:40:00+05:30,221.53,222.1,221.23,221.86,789407,0
2026-05-14 11:45:00+05:30,221.78,221.96,221.03,221.2,656846,0
2026-05-14 11:50:00+05:30,221.11,221.16,220.75,221.05,194760,0
2026-05-14 11:55:00+05:30,221.07,222.0,221.07,221.97,341346,0
2026-05-14 12:00:00+05:30,221.98,222.15,221.04,221.35,801303,0
2026-05-14 12:05:00+05:30,221.32,221.88,221.2,221.63,295171,0
2026-05-14 12:10:00+05:30,221.72,221.8,221.5,221.8,151875,0
2026-05-14 12:15:00+05:30,221.8,221.98,221.62,221.75,200849,0
2026-05-14 12:20:00+05:30,221.79,222.0,221.75,221.98,154129,0
2026-05-14 12:25:00+05:30,221.98,222.11,221.73,222.09,246050,0
2026-05-14 12:30:00+05:30,222.09,222.3,221.66,221.72,276829,0
2026-05-14 12:35:00+05:30,221.72,222.15,221.33,222.01,257323,0
2026-05-14 12:40:00+05:30,222.05,222.13,221.95,222.13,164078,0
2026-05-14 12:45:00+05:30,222.13,222.16,221.99,222.08,195802,0
2026-05-14 12:50:00+05:30,222.14,222.15,221.72,222.0,400438,0
2026-05-14 12:55:00+05:30,222.0,222.0,221.42,221.7,132459,0
2026-05-14 13:00:00+05:30,221.72,222.48,221.65,222.39,438925,0
2026-05-14 13:05:00+05:30,222.45,222.55,222.0,222.09,232729,0
2026-05-14 13:10:00+05:30,222.1,222.13,221.71,221.71,145893,0
2026-05-14 13:15:00+05:30,221.77,221.85,221.65,221.8,139632,0
2026-05-14 13:20:00+05:30,221.81,221.85,221.51,221.51,158535,0
2026-05-14 13:25:00+05:30,221.51,221.6,220.99,221.31,544946,0
2026-05-14 13:30:00+05:30,221.37,221.5,221.31,221.47,110320,0
2026-05-14 13:35:00+05:30,221.48,221.8,221.35,221.68,237595,0
2026-05-14 13:40:00+05:30,221.68,221.96,221.61,221.85,173724,0
2026-05-14 13:45:00+05:30,221.88,222.15,221.84,222.05,413790,0
2026-05-14 13:50:00+05:30,222.06,222.09,221.8,221.95,660025,0
2026-05-14 13:55:00+05:30,221.95,222.09,221.91,222.04,145816,0
2026-05-14 14:00:00+05:30,222.04,222.22,221.98,222.16,255591,0
2026-05-14 14:05:00+05:30,222.18,222.36,222.0,222.17,819637,0
2026-05-14 14:10:00+05:30,222.18,222.4,222.0,222.14,203241,0
2026-05-14 14:15:00+05:30,222.2,222.23,221.61,221.77,259078,0
2026-05-14 14:20:00+05:30,221.79,221.79,221.55,221.73,158623,0
2026-05-14 14:25:00+05:30,221.71,221.99,221.66,221.94,171061,0
2026-05-14 14:30:00+05:30,221.92,222.22,221.8,222.1,230862,0
2026-05-14 14:35:00+05:30,222.15,222.16,221.48,221.76,174081,0
2026-05-14 14:40:00+05:30,221.76,221.76,221.37,221.65,177301,0
2026-05-14 14:45:00+05:30,221.65,221.68,221.03,221.25,376611,0
2026-05-14 14:50:00+05:30,221.25,221.43,221.0,221.13,346156,0
2026-05-14 14:55:00+05:30,221.14,221.5,221.06,221.27,376777,0
2026-05-14 15:00:00+05:30,221.26,221.39,221.15,221.2,392980,0
2026-05-14 15:05:00+05:30,221.18,221.3,221.0,221.22,338448,0
2026-05-14 15:10:00+05:30,221.24,221.78,221.12,221.35,785766,0
2026-05-14 15:15:00+05:30,221.35,221.53,221.0,221.05,996055,0
2026-05-14 15:20:00+05:30,221.05,221.1,220.7,220.89,743965,0
2026-05-14 15:25:00+05:30,220.89,221.0,220.5,220.65,844757,0
